mechanism,T_offset,horizon,split,n,rate,win,mean,median,mean_z,mfe_gt_mae,p_hit_plus_first,delta_win_vs_unc,delta_win_vs_50,n_base,mean_mfe,mean_mae,unc_win,unc_mean,delta_mean_vs_unc
UNCOND_LONG,0,5,IS,2352,1.0,0.5195578231292517,0.44834183673469385,0.5,0.06975477416901976,0.5055272108843537,0.513646288209607,0.0,0.019557823129251695,,,,,,
gex_follow,0,5,IS,784,0.3333333333333333,0.5089285714285714,0.7480867346938775,0.75,0.09658564989588943,0.5153061224489796,0.5146579804560261,-0.010629251700680298,0.008928571428571397,2352.0,14.590561224489797,14.130420918367347,0.5195578231292517,0.44834183673469385,0.2997448979591837
gex_fade,0,5,IS,784,0.3333333333333333,0.48086734693877553,-0.7480867346938775,-0.75,-0.09658564989588943,0.47831632653061223,0.48534201954397393,-0.038690476190476164,-0.01913265306122447,2352.0,14.130420918367347,14.590561224489797,0.5195578231292517,0.44834183673469385,-1.1964285714285714
pc_follow,0,5,IS,462,0.19642857142857142,0.49134199134199136,-1.2121212121212122,0.0,0.03836057354063496,0.4653679653679654,0.465564738292011,-0.028215831787260337,-0.008658008658008642,2352.0,11.527056277056277,13.483766233766234,0.5195578231292517,0.44834183673469385,-1.660463048855906
pc_fade,0,5,IS,462,0.19642857142857142,0.48917748917748916,1.2121212121212122,0.0,-0.03836057354063496,0.525974025974026,0.5344352617079889,-0.03038033395176254,-0.010822510822510845,2352.0,13.483766233766234,11.527056277056277,0.5195578231292517,0.44834183673469385,0.7637793753865183
putz_follow,0,5,IS,270,0.11479591836734694,0.5259259259259259,0.16296296296296298,0.75,0.05866056177499245,0.5,0.5357142857142857,0.006368102796674213,0.025925925925925908,2352.0,10.74074074074074,10.97037037037037,0.5195578231292517,0.44834183673469385,-0.2853788737717309
putz_fade,0,5,IS,270,0.11479591836734694,0.4703703703703704,-0.16296296296296298,-0.75,-0.05866056177499245,0.48518518518518516,0.4642857142857143,-0.04918745275888131,-0.029629629629629617,2352.0,10.97037037037037,10.74074074074074,0.5195578231292517,0.44834183673469385,-0.6113047996976568
UNCOND_LONG,0,10,IS,2352,1.0,0.51828231292517,0.062181122448979595,0.75,0.06423036740428138,0.5063775510204082,0.5114539504441328,0.0,0.01828231292517002,,,,,,
gex_follow,0,10,IS,784,0.3333333333333333,0.5318877551020408,2.4129464285714284,2.0,0.12067127986923172,0.5293367346938775,0.5188284518828452,0.013605442176870763,0.03188775510204078,2352.0,20.54815051020408,18.730867346938776,0.51828231292517,0.062181122448979595,2.3507653061224487
gex_fade,0,10,IS,784,0.3333333333333333,0.4630102040816326,-2.4129464285714284,-2.0,-0.12067127986923172,0.46938775510204084,0.4811715481171548,-0.05527210884353739,-0.036989795918367374,2352.0,18.730867346938776,20.54815051020408,0.51828231292517,0.062181122448979595,-2.475127551020408
pc_follow,0,10,IS,462,0.19642857142857142,0.47619047619047616,-0.7597402597402597,-0.75,-0.08221421026121836,0.49134199134199136,0.47596153846153844,-0.042091836734693855,-0.023809523809523836,2352.0,16.254329004329005,17.7245670995671,0.51828231292517,0.062181122448979595,-0.8219213821892393
pc_fade,0,10,IS,462,0.19642857142857142,0.5173160173160173,0.7597402597402597,0.75,0.08221421026121836,0.5021645021645021,0.5240384615384616,-0.0009662956091527342,0.017316017316017285,2352.0,17.7245670995671,16.254329004329005,0.51828231292517,0.062181122448979595,0.6975591372912802
putz_follow,0,10,IS,270,0.11479591836734694,0.5296296296296297,-0.42592592592592593,1.0,0.07452009821450462,0.5037037037037037,0.5277777777777778,0.011347316704459653,0.029629629629629672,2352.0,14.47037037037037,14.731481481481481,0.51828231292517,0.062181122448979595,-0.48810704837490554
putz_fade,0,10,IS,270,0.11479591836734694,0.4666666666666667,0.42592592592592593,-1.0,-0.07452009821450462,0.4777777777777778,0.4722222222222222,-0.051615646258503345,-0.033333333333333326,2352.0,14.731481481481481,14.47037037037037,0.51828231292517,0.062181122448979595,0.3637448034769463
UNCOND_LONG,0,15,IS,2352,1.0,0.5284863945578231,0.7300170068027211,0.75,0.10792172064953269,0.5097789115646258,0.511554145899411,0.0,0.02848639455782309,,,,,,
gex_follow,0,15,IS,784,0.3333333333333333,0.5318877551020408,2.092474489795918,1.0,0.11896532755345925,0.5433673469387755,0.5230352303523035,0.003401360544217691,0.03188775510204078,2352.0,23.77997448979592,21.067283163265305,0.5284863945578231,0.7300170068027211,1.362457482993197
gex_fade,0,15,IS,784,0.3333333333333333,0.4655612244897959,-2.092474489795918,-1.0,-0.11896532755345925,0.4528061224489796,0.47696476964769646,-0.06292517006802717,-0.03443877551020408,2352.0,21.067283163265305,23.77997448979592,0.5284863945578231,0.7300170068027211,-2.8224914965986394
pc_follow,0,15,IS,462,0.19642857142857142,0.48268398268398266,-0.5909090909090909,-0.25,-0.015360398826867688,0.4935064935064935,0.48484848484848486,-0.04580241187384043,-0.01731601731601734,2352.0,18.808441558441558,20.198593073593074,0.5284863945578231,0.7300170068027211,-1.320926097711812
pc_fade,0,15,IS,462,0.19642857142857142,0.5086580086580087,0.5909090909090909,0.25,0.015360398826867688,0.5043290043290043,0.5151515151515151,-0.019828385899814394,0.008658008658008698,2352.0,20.198593073593074,18.808441558441558,0.5284863945578231,0.7300170068027211,-0.13910791589363014
putz_follow,0,15,IS,270,0.11479591836734694,0.5555555555555556,1.2037037037037037,1.75,0.2046447200929236,0.5222222222222223,0.5348837209302325,0.02706916099773249,0.05555555555555558,2352.0,16.462962962962962,16.483333333333334,0.5284863945578231,0.7300170068027211,0.47368669690098264
putz_fade,0,15,IS,270,0.11479591836734694,0.43333333333333335,-1.2037037037037037,-1.75,-0.2046447200929236,0.4740740740740741,0.46511627906976744,-0.09515306122448974,-0.06666666666666665,2352.0,16.483333333333334,16.462962962962962,0.5284863945578231,0.7300170068027211,-1.933720710506425
UNCOND_LONG,0,30,IS,2352,1.0,0.5276360544217688,0.9774659863945578,1.5,0.10107519398787607,0.5025510204081632,0.513347921225383,0.0,0.027636054421768752,,,,,,
gex_follow,0,30,IS,784,0.3333333333333333,0.5216836734693877,0.40561224489795916,1.375,0.047552909230013415,0.5446428571428571,0.5257595772787318,-0.005952380952381042,0.02168367346938771,2352.0,30.1546556122449,27.642857142857142,0.5276360544217688,0.9774659863945578,-0.5718537414965987
gex_fade,0,30,IS,784,0.3333333333333333,0.47831632653061223,-0.40561224489795916,-1.375,-0.047552909230013415,0.45153061224489793,0.47424042272126815,-0.04931972789115652,-0.021683673469387765,2352.0,27.642857142857142,30.1546556122449,0.5276360544217688,0.9774659863945578,-1.383078231292517
pc_follow,0,30,IS,462,0.19642857142857142,0.487012987012987,-1.1958874458874458,-0.5,-0.07295585242883286,0.4653679653679654,0.4854586129753915,-0.04062306740878174,-0.012987012987012991,2352.0,24.103896103896105,26.33874458874459,0.5276360544217688,0.9774659863945578,-2.1733534322820036
pc_fade,0,30,IS,462,0.19642857142857142,0.5064935064935064,1.1958874458874458,0.5,0.07295585242883286,0.5216450216450217,0.5145413870246085,-0.021142547928262312,0.00649350649350644,2352.0,26.33874458874459,24.103896103896105,0.5276360544217688,0.9774659863945578,0.21842145949288794
putz_follow,0,30,IS,270,0.11479591836734694,0.5333333333333333,1.7712962962962964,2.25,0.2003609930609057,0.5185185185185185,0.5303030303030303,0.005697278911564574,0.033333333333333326,2352.0,21.447222222222223,20.89537037037037,0.5276360544217688,0.9774659863945578,0.7938303099017385
putz_fade,0,30,IS,270,0.11479591836734694,0.46296296296296297,-1.7712962962962964,-2.25,-0.2003609930609057,0.4703703703703704,0.4696969696969697,-0.06467309145880579,-0.037037037037037035,2352.0,20.89537037037037,21.447222222222223,0.5276360544217688,0.9774659863945578,-2.748762282690854
UNCOND_LONG,0,45,IS,2352,1.0,0.5178571428571429,0.4573767006802721,1.0,0.061245447645273024,0.49447278911564624,0.5130548302872062,0.0,0.017857142857142905,,,,,,
gex_follow,0,45,IS,784,0.3333333333333333,0.5229591836734694,1.0411352040816326,1.625,0.07507725982356055,0.5382653061224489,0.526867627785059,0.005102040816326481,0.022959183673469385,2352.0,35.152423469387756,32.589285714285715,0.5178571428571429,0.4573767006802721,0.5837585034013606
gex_fade,0,45,IS,784,0.3333333333333333,0.4744897959183674,-1.0411352040816326,-1.625,-0.07507725982356055,0.4604591836734694,0.47313237221494103,-0.04336734693877553,-0.025510204081632626,2352.0,32.589285714285715,35.152423469387756,0.5178571428571429,0.4573767006802721,-1.4985119047619047
pc_follow,0,45,IS,462,0.19642857142857142,0.47619047619047616,-1.8728354978354977,-0.75,-0.12810973602496584,0.4653679653679654,0.48775055679287305,-0.04166666666666674,-0.023809523809523836,2352.0,27.71482683982684,30.40638528138528,0.5178571428571429,0.4573767006802721,-2.33021219851577
pc_fade,0,45,IS,462,0.19642857142857142,0.5238095238095238,1.8728354978354977,0.75,0.12810973602496584,0.5303030303030303,0.512249443207127,0.005952380952380931,0.023809523809523836,2352.0,30.40638528138528,27.71482683982684,0.5178571428571429,0.4573767006802721,1.4154587971552257
putz_follow,0,45,IS,270,0.11479591836734694,0.5370370370370371,2.8981481481481484,1.375,0.24107333856389762,0.4925925925925926,0.5340909090909091,0.019179894179894186,0.03703703703703709,2352.0,24.94351851851852,23.367592592592594,0.5178571428571429,0.4573767006802721,2.4407714474678763
putz_fade,0,45,IS,270,0.11479591836734694,0.45925925925925926,-2.8981481481481484,-1.375,-0.24107333856389762,0.4962962962962963,0.4659090909090909,-0.05859788359788365,-0.040740740740740744,2352.0,23.367592592592594,24.94351851851852,0.5178571428571429,0.4573767006802721,-3.3555248488284204
UNCOND_LONG,0,60,IS,2352,1.0,0.5284863945578231,1.2687074829931972,1.5,0.1343678011302582,0.4927721088435374,0.5130208333333334,0.0,0.02848639455782309,,,,,,
gex_follow,0,60,IS,784,0.3333333333333333,0.5089285714285714,0.7751913265306123,1.125,0.017325752187298968,0.5357142857142857,0.5261096605744126,-0.019557823129251695,0.008928571428571397,2352.0,38.400510204081634,35.9968112244898,0.5284863945578231,1.2687074829931972,-0.49351615646258495
gex_fade,0,60,IS,784,0.3333333333333333,0.48341836734693877,-0.7751913265306123,-1.125,-0.017325752187298968,0.4630102040816326,0.47389033942558745,-0.04506802721088432,-0.01658163265306123,2352.0,35.9968112244898,38.400510204081634,0.5284863945578231,1.2687074829931972,-2.0438988095238093
pc_follow,0,60,IS,462,0.19642857142857142,0.4935064935064935,-1.623917748917749,-0.25,-0.21323243556759686,0.4696969696969697,0.48775055679287305,-0.03497990105132959,-0.006493506493506496,2352.0,30.166666666666668,33.49891774891775,0.5284863945578231,1.2687074829931972,-2.8926252319109462
pc_fade,0,60,IS,462,0.19642857142857142,0.5021645021645021,1.623917748917749,0.25,0.21323243556759686,0.525974025974026,0.512249443207127,-0.026321892393320945,0.0021645021645021467,2352.0,33.49891774891775,30.166666666666668,0.5284863945578231,1.2687074829931972,0.35521026592455174
putz_follow,0,60,IS,270,0.11479591836734694,0.5518518518518518,3.3,2.25,0.3916736592709262,0.4925925925925926,0.5340909090909091,0.023365457294028724,0.051851851851851816,2352.0,27.33888888888889,25.571296296296296,0.5284863945578231,1.2687074829931972,2.0312925170068024
putz_fade,0,60,IS,270,0.11479591836734694,0.44074074074074077,-3.3,-2.25,-0.3916736592709262,0.5,0.4659090909090909,-0.08774565381708233,-0.059259259259259234,2352.0,25.571296296296296,27.33888888888889,0.5284863945578231,1.2687074829931972,-4.568707482993197
UNCOND_LONG,0,5,Validation,753,1.0,0.49269588313413015,-2.146746347941567,-0.25,-0.056159351789288596,0.49269588313413015,0.4974271012006861,0.0,-0.007304116865869847,,,,,,
gex_follow,0,5,Validation,635,0.8432934926958832,0.5307086614173229,2.915748031496063,3.75,0.09382632325774354,0.5448818897637795,0.5338809034907598,0.038012778283192716,0.03070866141732287,753.0,27.883070866141733,24.5755905511811,0.49269588313413015,-2.146746347941567,5.06249437943763
gex_fade,0,5,Validation,635,0.8432934926958832,0.46614173228346456,-2.915748031496063,-3.75,-0.09382632325774354,0.45511811023622045,0.46611909650924027,-0.026554150850665592,-0.03385826771653544,753.0,24.5755905511811,27.883070866141733,0.49269588313413015,-2.146746347941567,-0.7690016835544959
pc_follow,0,5,Validation,175,0.23240371845949534,0.6114285714285714,8.005714285714285,7.5,0.26943025922916797,0.5714285714285714,0.5703703703703704,0.11873268829444128,0.11142857142857143,753.0,35.037142857142854,27.482857142857142,0.49269588313413015,-2.146746347941567,10.152460633655853
pc_fade,0,5,Validation,175,0.23240371845949534,0.38285714285714284,-8.005714285714285,-7.5,-0.26943025922916797,0.4228571428571429,0.42962962962962964,-0.10983874027698731,-0.11714285714285716,753.0,27.482857142857142,35.037142857142854,0.49269588313413015,-2.146746347941567,-5.858967937772718
putz_follow,0,5,Validation,81,0.10756972111553785,0.5679012345679012,7.3580246913580245,9.75,0.3425528926239086,0.5925925925925926,0.5862068965517241,0.07520535143377105,0.0679012345679012,753.0,28.753086419753085,20.660493827160494,0.49269588313413015,-2.146746347941567,9.504771039299591
putz_fade,0,5,Validation,81,0.10756972111553785,0.43209876543209874,-7.3580246913580245,-9.75,-0.3425528926239086,0.4074074074074074,0.41379310344827586,-0.06059711770203141,-0.06790123456790126,753.0,20.660493827160494,28.753086419753085,0.49269588313413015,-2.146746347941567,-5.211278343416458
UNCOND_LONG,0,10,Validation,753,1.0,0.5112881806108898,-1.5879814077025232,1.0,-0.015440150058267252,0.4953519256308101,0.5,0.0,0.011288180610889764,,,,,,
gex_follow,0,10,Validation,635,0.8432934926958832,0.5574803149606299,3.7818897637795277,5.0,0.12143948646588394,0.5464566929133858,0.5321428571428571,0.04619213434974012,0.057480314960629886,753.0,36.33346456692913,32.43188976377953,0.5112881806108898,-1.5879814077025232,5.369871171482051
gex_fade,0,10,Validation,635,0.8432934926958832,0.4409448818897638,-3.7818897637795277,-5.0,-0.12143948646588394,0.45354330708661417,0.46785714285714286,-0.07034329872112599,-0.05905511811023623,753.0,32.43188976377953,36.33346456692913,0.5112881806108898,-1.5879814077025232,-2.1939083560770047
pc_follow,0,10,Validation,175,0.23240371845949534,0.6114285714285714,11.964285714285714,11.5,0.41254134924250896,0.6171428571428571,0.569620253164557,0.10014039081768167,0.11142857142857143,753.0,46.644285714285715,35.205714285714286,0.5112881806108898,-1.5879814077025232,13.552267121988237
pc_fade,0,10,Validation,175,0.23240371845949534,0.38285714285714284,-11.964285714285714,-11.5,-0.41254134924250896,0.38285714285714284,0.43037974683544306,-0.12843103775374692,-0.11714285714285716,753.0,35.205714285714286,46.644285714285715,0.5112881806108898,-1.5879814077025232,-10.37630430658319
putz_follow,0,10,Validation,81,0.10756972111553785,0.6049382716049383,3.802469135802469,7.75,0.1710105659960216,0.6172839506172839,0.5774647887323944,0.09365009099404853,0.1049382716049383,753.0,36.117283950617285,28.098765432098766,0.5112881806108898,-1.5879814077025232,5.3904505435049925
putz_fade,0,10,Validation,81,0.10756972111553785,0.3950617283950617,-3.802469135802469,-7.75,-0.1710105659960216,0.38271604938271603,0.4225352112676056,-0.11622645221582806,-0.1049382716049383,753.0,28.098765432098766,36.117283950617285,0.5112881806108898,-1.5879814077025232,-2.2144877280999458
UNCOND_LONG,0,15,Validation,753,1.0,0.5033200531208499,-1.4136786188579018,0.5,-0.016973095922455578,0.5112881806108898,0.5028409090909091,0.0,0.0033200531208499307,,,,,,
gex_follow,0,15,Validation,635,0.8432934926958832,0.5196850393700787,3.056692913385827,3.0,0.08557353389908905,0.5385826771653544,0.5329949238578681,0.016364986249228775,0.019685039370078705,753.0,43.07244094488189,38.38464566929134,0.5033200531208499,-1.4136786188579018,4.470371532243728
gex_fade,0,15,Validation,635,0.8432934926958832,0.47874015748031495,-3.056692913385827,-3.0,-0.08557353389908905,0.46141732283464565,0.467005076142132,-0.024579895640534977,-0.021259842519685046,753.0,38.38464566929134,43.07244094488189,0.5033200531208499,-1.4136786188579018,-1.6430142945279251
pc_follow,0,15,Validation,175,0.23240371845949534,0.5542857142857143,8.187142857142858,5.75,0.2861570805489317,0.6,0.5602409638554217,0.05096566116486434,0.05428571428571427,753.0,54.70285714285714,41.495714285714286,0.5033200531208499,-1.4136786188579018,9.60082147600076
pc_fade,0,15,Validation,175,0.23240371845949534,0.44571428571428573,-8.187142857142858,-5.75,-0.2861570805489317,0.4,0.4397590361445783,-0.0576057674065642,-0.05428571428571427,753.0,41.495714285714286,54.70285714285714,0.5033200531208499,-1.4136786188579018,-6.773464238284956
putz_follow,0,15,Validation,81,0.10756972111553785,0.5925925925925926,4.441358024691358,5.0,0.24451886472435463,0.5925925925925926,0.6,0.08927253947174263,0.09259259259259256,753.0,42.910493827160494,35.66358024691358,0.5033200531208499,-1.4136786188579018,5.85503664354926
putz_fade,0,15,Validation,81,0.10756972111553785,0.4074074074074074,-4.441358024691358,-5.0,-0.24451886472435463,0.4074074074074074,0.4,-0.09591264571344255,-0.09259259259259262,753.0,35.66358024691358,42.910493827160494,0.5033200531208499,-1.4136786188579018,-3.0276794058334566
UNCOND_LONG,0,30,Validation,753,1.0,0.49800796812749004,-1.8927622841965472,0.0,-0.030732838064455634,0.48339973439575035,0.4993141289437586,0.0,-0.0019920318725099584,,,,,,
gex_follow,0,30,Validation,635,0.8432934926958832,0.5165354330708661,2.2330708661417322,3.5,0.06082673611260541,0.521259842519685,0.5390879478827362,0.018527464943376093,0.016535433070866135,753.0,56.06181102362205,52.33149606299212,0.49800796812749004,-1.8927622841965472,4.12583315033828
gex_fade,0,30,Validation,635,0.8432934926958832,0.48031496062992124,-2.2330708661417322,-3.5,-0.06082673611260541,0.47716535433070867,0.4609120521172638,-0.017693007497568802,-0.01968503937007876,753.0,52.33149606299212,56.06181102362205,0.49800796812749004,-1.8927622841965472,-0.340308581945185
pc_follow,0,30,Validation,175,0.23240371845949534,0.52,4.7,4.0,0.19185072566681596,0.5314285714285715,0.5647058823529412,0.021992031872509976,0.020000000000000018,753.0,67.61714285714285,57.93714285714286,0.49800796812749004,-1.8927622841965472,6.592762284196548
pc_fade,0,30,Validation,175,0.23240371845949534,0.48,-4.7,-4.0,-0.19185072566681596,0.4685714285714286,0.43529411764705883,-0.01800796812749006,-0.020000000000000018,753.0,57.93714285714286,67.61714285714285,0.49800796812749004,-1.8927622841965472,-2.8072377158034527
putz_follow,0,30,Validation,81,0.10756972111553785,0.5555555555555556,4.657407407407407,5.75,0.2921369557471348,0.5679012345679012,0.5844155844155844,0.05754758742806554,0.05555555555555558,753.0,58.635802469135804,49.376543209876544,0.49800796812749004,-1.8927622841965472,6.550169691603955
putz_fade,0,30,Validation,81,0.10756972111553785,0.4444444444444444,-4.657407407407407,-5.75,-0.2921369557471348,0.43209876543209874,0.4155844155844156,-0.05356352368304562,-0.05555555555555558,753.0,49.376543209876544,58.635802469135804,0.49800796812749004,-1.8927622841965472,-2.76464512321086
UNCOND_LONG,0,45,Validation,753,1.0,0.4900398406374502,-2.638114209827357,-1.25,-0.07045405710641477,0.4754316069057105,0.49727520435967304,0.0,-0.009960159362549792,,,,,,
gex_follow,0,45,Validation,635,0.8432934926958832,0.5307086614173229,1.9728346456692913,4.5,0.043313805375213454,0.5275590551181102,0.5395799676898223,0.04066882077987266,0.03070866141732287,753.0,66.66968503937008,61.65944881889764,0.4900398406374502,-2.638114209827357,4.610948855496648
gex_fade,0,45,Validation,635,0.8432934926958832,0.46614173228346456,-1.9728346456692913,-4.5,-0.043313805375213454,0.47086614173228347,0.4604200323101777,-0.023898108353985648,-0.03385826771653544,753.0,61.65944881889764,66.66968503937008,0.4900398406374502,-2.638114209827357,0.6652795641580658
pc_follow,0,45,Validation,175,0.23240371845949534,0.5085714285714286,2.95,2.25,0.13039866966601216,0.5371428571428571,0.5614035087719298,0.018531587933978355,0.008571428571428563,753.0,77.90428571428572,67.84285714285714,0.4900398406374502,-2.638114209827357,5.588114209827357
pc_fade,0,45,Validation,175,0.23240371845949534,0.49142857142857144,-2.95,-2.25,-0.13039866966601216,0.46285714285714286,0.43859649122807015,0.0013887307911212288,-0.008571428571428563,753.0,67.84285714285714,77.90428571428572,0.4900398406374502,-2.638114209827357,-0.31188579017264306
putz_follow,0,45,Validation,81,0.10756972111553785,0.5308641975308642,5.037037037037037,3.0,0.2881206466479127,0.5555555555555556,0.5844155844155844,0.040824356893414016,0.030864197530864224,753.0,66.53703703703704,58.98148148148148,0.4900398406374502,-2.638114209827357,7.675151246864394
putz_fade,0,45,Validation,81,0.10756972111553785,0.4691358024691358,-5.037037037037037,-3.0,-0.2881206466479127,0.4444444444444444,0.4155844155844156,-0.02090403816831443,-0.030864197530864224,753.0,58.98148148148148,66.53703703703704,0.4900398406374502,-2.638114209827357,-2.39892282720968
UNCOND_LONG,0,60,Validation,753,1.0,0.4953519256308101,-2.5919654714475433,-1.0,-0.08800207327233502,0.48871181938911024,0.49795918367346936,0.0,-0.004648074369189903,,,,,,
gex_follow,0,60,Validation,635,0.8432934926958832,0.5118110236220472,1.4814960629921259,1.5,0.027721874778890297,0.5244094488188976,0.5403225806451613,0.016459097991237126,0.011811023622047223,753.0,72.86102362204724,68.62165354330709,0.4953519256308101,-2.5919654714475433,4.073461534439669
gex_fade,0,60,Validation,635,0.8432934926958832,0.48661417322834644,-1.4814960629921259,-1.5,-0.027721874778890297,0.4755905511811024,0.4596774193548387,-0.008737752402463661,-0.013385826771653564,753.0,68.62165354330709,72.86102362204724,0.4953519256308101,-2.5919654714475433,1.1104694084554174
pc_follow,0,60,Validation,175,0.23240371845949534,0.49714285714285716,2.087142857142857,0.0,0.11100300837702873,0.5257142857142857,0.5614035087719298,0.001790931512047067,-0.002857142857142836,753.0,84.67,76.38142857142857,0.4953519256308101,-2.5919654714475433,4.6791083285904005
pc_fade,0,60,Validation,175,0.23240371845949534,0.49714285714285716,-2.087142857142857,0.0,-0.11100300837702873,0.4742857142857143,0.43859649122807015,0.001790931512047067,-0.002857142857142836,753.0,76.38142857142857,84.67,0.4953519256308101,-2.5919654714475433,0.5048226143046861
putz_follow,0,60,Validation,81,0.10756972111553785,0.5802469135802469,11.898148148148149,12.0,0.5814921220949659,0.5308641975308642,0.5844155844155844,0.08489498794943684,0.08024691358024694,753.0,74.29629629629629,64.12345679012346,0.4953519256308101,-2.5919654714475433,14.490113619595693
putz_fade,0,60,Validation,81,0.10756972111553785,0.41975308641975306,-11.898148148148149,-12.0,-0.5814921220949659,0.4691358024691358,0.4155844155844156,-0.07559883921105703,-0.08024691358024694,753.0,64.12345679012346,74.29629629629629,0.4953519256308101,-2.5919654714475433,-9.306182676700605
UNCOND_LONG,0,5,OOS,400,1.0,0.49,1.92125,-1.875,0.01580596837740474,0.475,0.48863636363636365,0.0,-0.010000000000000009,,,,,,
gex_follow,0,5,OOS,375,0.9375,0.5173333333333333,-3.005333333333333,2.5,-0.047823407489582144,0.49066666666666664,0.45267489711934156,0.02733333333333332,0.01733333333333331,400.0,36.873333333333335,39.25266666666667,0.49,1.92125,-4.926583333333333
gex_fade,0,5,OOS,375,0.9375,0.4826666666666667,3.005333333333333,-2.5,0.047823407489582144,0.5066666666666667,0.5473251028806584,-0.007333333333333303,-0.01733333333333331,400.0,39.25266666666667,36.873333333333335,0.49,1.92125,1.0840833333333333
UNCOND_LONG,0,10,OOS,400,1.0,0.475,-0.13,-4.75,-0.009608623443132118,0.4775,0.47865853658536583,0.0,-0.025000000000000022,,,,,,
gex_follow,0,10,OOS,375,0.9375,0.48533333333333334,-1.8973333333333333,-2.0,-0.04913768287425002,0.5066666666666667,0.4788273615635179,0.010333333333333361,-0.014666666666666661,400.0,48.966,51.92666666666667,0.475,-0.13,-1.7673333333333332
gex_fade,0,10,OOS,375,0.9375,0.5146666666666667,1.8973333333333333,2.0,0.04913768287425002,0.49333333333333335,0.5211726384364821,0.03966666666666674,0.014666666666666717,400.0,51.92666666666667,48.966,0.475,-0.13,2.0273333333333334
UNCOND_LONG,0,15,OOS,400,1.0,0.5075,1.201875,1.75,0.012806515635027736,0.475,0.480225988700565,0.0,0.007499999999999951,,,,,,
gex_follow,0,15,OOS,375,0.9375,0.456,-4.882,-5.25,-0.12159177785548304,0.4666666666666667,0.46987951807228917,-0.051499999999999935,-0.043999999999999984,400.0,58.556,61.687333333333335,0.5075,1.201875,-6.083875
gex_fade,0,15,OOS,375,0.9375,0.544,4.882,5.25,0.12159177785548304,0.5333333333333333,0.5301204819277109,0.03650000000000009,0.04400000000000004,400.0,61.687333333333335,58.556,0.5075,1.201875,3.6801249999999994
UNCOND_LONG,0,30,OOS,400,1.0,0.5425,1.82125,5.25,0.009432554162398823,0.515,0.4779220779220779,0.0,0.04249999999999998,,,,,,
gex_follow,0,30,OOS,375,0.9375,0.456,-7.825333333333333,-9.25,-0.21420483944486607,0.432,0.4709141274238227,-0.08649999999999997,-0.043999999999999984,400.0,80.22533333333334,86.67133333333334,0.5425,1.82125,-9.646583333333332
gex_fade,0,30,OOS,375,0.9375,0.544,7.825333333333333,9.25,0.21420483944486607,0.56,0.5290858725761773,0.0015000000000000568,0.04400000000000004,400.0,86.67133333333334,80.22533333333334,0.5425,1.82125,6.004083333333333
UNCOND_LONG,0,45,OOS,400,1.0,0.5275,4.405,6.875,0.08883514114828465,0.5125,0.4731457800511509,0.0,0.02749999999999997,,,,,,
gex_follow,0,45,OOS,375,0.9375,0.47733333333333333,-5.585333333333334,-4.0,-0.1768638547236136,0.448,0.4713896457765668,-0.05016666666666664,-0.02266666666666667,400.0,92.892,100.41333333333333,0.5275,4.405,-9.990333333333334
gex_fade,0,45,OOS,375,0.9375,0.5226666666666666,5.585333333333334,4.0,0.1768638547236136,0.552,0.5286103542234333,-0.004833333333333356,0.022666666666666613,400.0,100.41333333333333,92.892,0.5275,4.405,1.1803333333333335
UNCOND_LONG,0,60,OOS,400,1.0,0.535,3.304375,13.25,0.04465183700026647,0.5075,0.4719387755102041,0.0,0.03500000000000003,,,,,,
gex_follow,0,60,OOS,375,0.9375,0.4613333333333333,-5.672,-12.5,-0.16873563766880387,0.448,0.47282608695652173,-0.07366666666666671,-0.03866666666666668,400.0,103.50933333333333,109.968,0.535,3.304375,-8.976374999999999
gex_fade,0,60,OOS,375,0.9375,0.5386666666666666,5.672,12.5,0.16873563766880387,0.552,0.5271739130434783,0.003666666666666596,0.03866666666666663,400.0,109.968,103.50933333333333,0.535,3.304375,2.367625
UNCOND_LONG,15,5,IS,2350,1.0,0.4765957446808511,-0.9134042553191489,-0.25,-0.09047920092526299,0.4825531914893617,0.4875066454013822,0.0,-0.023404255319148914,,,,,,
gex_follow,15,5,IS,782,0.33276595744680854,0.5115089514066496,0.5073529411764706,0.25,0.05832190183175363,0.5332480818414322,0.5283333333333333,0.03491320672579856,0.011508951406649648,2350.0,11.038363171355499,10.697890025575447,0.4765957446808511,-0.9134042553191489,1.4207571964956194
gex_fade,15,5,IS,782,0.33276595744680854,0.479539641943734,-0.5073529411764706,-0.25,-0.05832190183175363,0.4616368286445013,0.4716666666666667,0.0029438972628829108,-0.020460358056266004,2350.0,10.697890025575447,11.038363171355499,0.4765957446808511,-0.9134042553191489,0.40605131414267837
pc_follow,15,5,IS,460,0.19574468085106383,0.4826086956521739,0.11847826086956521,-0.25,-0.035627743424563034,0.5043478260869565,0.4888268156424581,0.006012950971322817,-0.017391304347826098,2350.0,9.694021739130434,9.523369565217392,0.4765957446808511,-0.9134042553191489,1.0318825161887142
pc_fade,15,5,IS,460,0.19574468085106383,0.5065217391304347,-0.11847826086956521,0.25,0.035627743424563034,0.48043478260869565,0.5111731843575419,0.02992599444958366,0.006521739130434745,2350.0,9.523369565217392,9.694021739130434,0.4765957446808511,-0.9134042553191489,0.7949259944495837
putz_follow,15,5,IS,270,0.1148936170212766,0.5333333333333333,-0.39537037037037037,0.5,-0.07627934621209917,0.5,0.4669811320754717,0.05673758865248224,0.033333333333333326,2350.0,7.571296296296296,8.437962962962963,0.4765957446808511,-0.9134042553191489,0.5180338849487786
putz_fade,15,5,IS,270,0.1148936170212766,0.45555555555555555,0.39537037037037037,-0.5,0.07627934621209917,0.48518518518518516,0.5330188679245284,-0.02104018912529554,-0.04444444444444445,2350.0,8.437962962962963,7.571296296296296,0.4765957446808511,-0.9134042553191489,1.3087746256895194
UNCOND_LONG,15,10,IS,2350,1.0,0.49319148936170215,-0.4208510638297872,0.0,-0.07713651737884515,0.4702127659574468,0.4918625678119349,0.0,-0.006808510638297849,,,,,,
gex_follow,15,10,IS,782,0.33276595744680854,0.489769820971867,-1.1652813299232736,0.0,-0.017048587405879268,0.5063938618925832,0.5172890733056709,-0.003421668389835153,-0.010230179028133002,2350.0,14.820332480818415,15.488171355498721,0.49319148936170215,-0.4208510638297872,-0.7444302660934864
gex_fade,15,10,IS,782,0.33276595744680854,0.49744245524296676,1.1652813299232736,0.0,0.017048587405879268,0.48721227621483376,0.4827109266943292,0.004250965881264612,-0.0025575447570332366,2350.0,15.488171355498721,14.820332480818415,0.49319148936170215,-0.4208510638297872,1.586132393753061
pc_follow,15,10,IS,460,0.19574468085106383,0.48695652173913045,-1.4342391304347826,0.0,-0.10370741737193213,0.48695652173913045,0.48394495412844035,-0.0062349676225716966,-0.013043478260869545,2350.0,12.945108695652173,14.334239130434783,0.49319148936170215,-0.4208510638297872,-1.0133880666049953
pc_fade,15,10,IS,460,0.19574468085106383,0.49782608695652175,1.4342391304347826,0.0,0.10370741737193213,0.4956521739130435,0.5160550458715596,0.0046345975948196005,-0.0021739130434782483,2350.0,14.334239130434783,12.945108695652173,0.49319148936170215,-0.4208510638297872,1.85509019426457
putz_follow,15,10,IS,270,0.1148936170212766,0.5,0.575925925925926,0.125,-0.08948412793041466,0.48518518518518516,0.492,0.006808510638297849,0.0,2350.0,11.11574074074074,11.714814814814815,0.49319148936170215,-0.4208510638297872,0.9967769897557132
putz_fade,15,10,IS,270,0.1148936170212766,0.4925925925925926,-0.575925925925926,-0.125,0.08948412793041466,0.4962962962962963,0.508,-0.0005988967691095692,-0.007407407407407418,2350.0,11.714814814814815,11.11574074074074,0.49319148936170215,-0.4208510638297872,-0.15507486209613874
UNCOND_LONG,15,15,IS,2350,1.0,0.5234042553191489,0.29138297872340424,0.75,-0.021530710826143013,0.48851063829787233,0.4917102966841187,0.0,0.023404255319148914,,,,,,
gex_follow,15,15,IS,782,0.33276595744680854,0.4731457800511509,-1.8487851662404091,-0.75,-0.06828804457706522,0.5012787723785166,0.5105540897097626,-0.05025847526799804,-0.026854219948849123,2350.0,17.65089514066496,19.016943734015346,0.5234042553191489,0.29138297872340424,-2.1401681449638135
gex_fade,15,15,IS,782,0.33276595744680854,0.5217391304347826,1.8487851662404091,0.75,0.06828804457706522,0.49872122762148335,0.4894459102902375,-0.0016651248843663202,0.021739130434782594,2350.0,19.016943734015346,17.65089514066496,0.5234042553191489,0.29138297872340424,1.5574021875170048
pc_follow,15,15,IS,460,0.19574468085106383,0.4956521739130435,-0.871195652173913,-0.125,-0.10134142938037564,0.5065217391304347,0.4822222222222222,-0.02775208140610541,-0.004347826086956497,2350.0,15.667934782608695,17.219565217391306,0.5234042553191489,0.29138297872340424,-1.1625786308973174
pc_fade,15,15,IS,460,0.19574468085106383,0.5,0.871195652173913,0.125,0.10134142938037564,0.4934782608695652,0.5177777777777778,-0.023404255319148914,0.0,2350.0,17.219565217391306,15.667934782608695,0.5234042553191489,0.29138297872340424,0.5798126734505088
putz_follow,15,15,IS,270,0.1148936170212766,0.5037037037037037,0.5342592592592592,0.25,-0.043576270197061756,0.4777777777777778,0.4904214559386973,-0.01970055161544526,0.0037037037037036535,2350.0,13.173148148148147,13.714814814814815,0.5234042553191489,0.29138297872340424,0.24287628053585497
putz_fade,15,15,IS,270,0.1148936170212766,0.48518518518518516,-0.5342592592592592,-0.25,0.043576270197061756,0.5185185185185185,0.5095785440613027,-0.03821907013396375,-0.014814814814814836,2350.0,13.714814814814815,13.173148148148147,0.5234042553191489,0.29138297872340424,-0.8256422379826635
UNCOND_LONG,15,30,IS,2350,1.0,0.5153191489361703,-0.2403191489361702,0.75,-0.08407379641497639,0.48851063829787233,0.49314481576692376,0.0,0.015319148936170257,,,,,,
gex_follow,15,30,IS,782,0.33276595744680854,0.4846547314578005,-1.17806905370844,-1.0,-0.0035435740242880675,0.48081841432225064,0.509020618556701,-0.030664417478369732,-0.015345268542199475,2350.0,24.228580562659847,25.955562659846546,0.5153191489361703,-0.2403191489361702,-0.9377499047722697
gex_fade,15,30,IS,782,0.33276595744680854,0.5115089514066496,1.17806905370844,1.0,0.0035435740242880675,0.5166240409207161,0.49097938144329895,-0.003810197529520609,0.011508951406649648,2350.0,25.955562659846546,24.228580562659847,0.5153191489361703,-0.2403191489361702,1.4183882026446102
pc_follow,15,30,IS,460,0.19574468085106383,0.4891304347826087,-1.4940217391304347,-0.375,-0.1487656556455749,0.48695652173913045,0.48148148148148145,-0.026188714153561554,-0.010869565217391297,2350.0,20.930434782608696,23.094565217391306,0.5153191489361703,-0.2403191489361702,-1.2537025901942644
pc_fade,15,30,IS,460,0.19574468085106383,0.5065217391304347,1.4940217391304347,0.375,0.1487656556455749,0.5108695652173914,0.5185185185185185,-0.008797409805735512,0.006521739130434745,2350.0,23.094565217391306,20.930434782608696,0.5153191489361703,-0.2403191489361702,1.734340888066605
putz_follow,15,30,IS,270,0.1148936170212766,0.5370370370370371,1.6611111111111112,1.0,0.05240775248681646,0.5185185185185185,0.4925373134328358,0.021717888100866833,0.03703703703703709,2350.0,18.430555555555557,18.038888888888888,0.5153191489361703,-0.2403191489361702,1.9014302600472814
putz_fade,15,30,IS,270,0.1148936170212766,0.45185185185185184,-1.6611111111111112,-1.0,-0.05240775248681646,0.4777777777777778,0.5074626865671642,-0.06346729708431842,-0.04814814814814816,2350.0,18.038888888888888,18.430555555555557,0.5153191489361703,-0.2403191489361702,-1.420791962174941
UNCOND_LONG,15,45,IS,2350,1.0,0.5259574468085106,0.5318085106382979,1.25,-0.0070875710389487175,0.48808510638297875,0.49249892841834547,0.0,0.025957446808510642,,,,,,
gex_follow,15,45,IS,782,0.33276595744680854,0.5115089514066496,-1.3248081841432224,0.75,0.00457722513641729,0.4846547314578005,0.5096525096525096,-0.014448495401860995,0.011508951406649648,2350.0,28.322890025575447,30.2576726342711,0.5259574468085106,0.5318085106382979,-1.8566166947815204
gex_fade,15,45,IS,782,0.33276595744680854,0.4859335038363171,1.3248081841432224,-0.75,-0.00457722513641729,0.5115089514066496,0.49034749034749037,-0.04002394297219353,-0.014066496163682884,2350.0,30.2576726342711,28.322890025575447,0.5259574468085106,0.5318085106382979,0.7929996735049245
pc_follow,15,45,IS,460,0.19574468085106383,0.5,-1.0402173913043478,0.125,-0.16239070508759695,0.47608695652173916,0.4826086956521739,-0.025957446808510642,0.0,2350.0,24.14782608695652,26.967934782608694,0.5259574468085106,0.5318085106382979,-1.5720259019426457
pc_fade,15,45,IS,460,0.19574468085106383,0.4956521739130435,1.0402173913043478,-0.125,0.16239070508759695,0.5173913043478261,0.5173913043478261,-0.03030527289546714,-0.004347826086956497,2350.0,26.967934782608694,24.14782608695652,0.5259574468085106,0.5318085106382979,0.5084088806660498
putz_follow,15,45,IS,270,0.1148936170212766,0.562962962962963,2.062962962962963,2.875,0.16369458706262968,0.5333333333333333,0.4925373134328358,0.037005516154452356,0.062962962962963,2350.0,21.794444444444444,20.90277777777778,0.5259574468085106,0.5318085106382979,1.531154452324665
putz_fade,15,45,IS,270,0.1148936170212766,0.43333333333333335,-2.062962962962963,-2.875,-0.16369458706262968,0.4666666666666667,0.5074626865671642,-0.0926241134751773,-0.06666666666666665,2350.0,20.90277777777778,21.794444444444444,0.5259574468085106,0.5318085106382979,-2.594771473601261
UNCOND_LONG,15,60,IS,2350,1.0,0.5348936170212766,0.23606382978723403,1.5,0.011352156039699171,0.4940425531914894,0.49249892841834547,0.0,0.03489361702127658,,,,,,
gex_follow,15,60,IS,782,0.33276595744680854,0.510230179028133,-1.155690537084399,0.75,-0.015453186659819023,0.49232736572890023,0.5096525096525096,-0.024663437993143633,0.010230179028132946,2350.0,32.09398976982097,33.410166240409204,0.5348936170212766,0.23606382978723403,-1.391754366871633
gex_fade,15,60,IS,782,0.33276595744680854,0.4859335038363171,1.155690537084399,-0.75,0.015453186659819023,0.5063938618925832,0.49034749034749037,-0.048960113184959464,-0.014066496163682884,2350.0,33.410166240409204,32.09398976982097,0.5348936170212766,0.23606382978723403,0.919626707297165
pc_follow,15,60,IS,460,0.19574468085106383,0.5282608695652173,-2.9521739130434783,2.125,-0.22222923331394065,0.48478260869565215,0.4826086956521739,-0.00663274745605924,0.02826086956521734,2350.0,26.50054347826087,30.58586956521739,0.5348936170212766,0.23606382978723403,-3.1882377428307125
pc_fade,15,60,IS,460,0.19574468085106383,0.4673913043478261,2.9521739130434783,-2.125,0.22222923331394065,0.508695652173913,0.5173913043478261,-0.06750231267345047,-0.03260869565217389,2350.0,30.58586956521739,26.50054347826087,0.5348936170212766,0.23606382978723403,2.716110083256244
putz_follow,15,60,IS,270,0.1148936170212766,0.5444444444444444,0.612037037037037,2.375,0.033921120664760974,0.5370370370370371,0.4925373134328358,0.009550827423167818,0.0444444444444444,2350.0,24.394444444444446,23.724074074074075,0.5348936170212766,0.23606382978723403,0.375973207249803
putz_fade,15,60,IS,270,0.1148936170212766,0.45555555555555555,-0.612037037037037,-2.375,-0.033921120664760974,0.46296296296296297,0.5074626865671642,-0.07933806146572103,-0.04444444444444445,2350.0,23.724074074074075,24.394444444444446,0.5348936170212766,0.23606382978723403,-0.8481008668242711
UNCOND_LONG,15,5,Validation,753,1.0,0.50199203187251,-1.2918326693227091,0.5,-0.07970653251016604,0.4847277556440903,0.48653198653198654,0.0,0.0019920318725099584,,,,,,
gex_follow,15,5,Validation,635,0.8432934926958832,0.494488188976378,-0.6783464566929134,-0.5,-0.015376137402727696,0.49921259842519683,0.49206349206349204,-0.007503842896131985,-0.005511811023622026,753.0,20.624015748031496,21.38740157480315,0.50199203187251,-1.2918326693227091,0.6134862126297957
gex_fade,15,5,Validation,635,0.8432934926958832,0.5023622047244094,0.6783464566929134,0.5,0.015376137402727696,0.494488188976378,0.5079365079365079,0.0003701728518994418,0.0023622047244094,753.0,21.38740157480315,20.624015748031496,0.50199203187251,-1.2918326693227091,1.9701791260156225
pc_follow,15,5,Validation,175,0.23240371845949534,0.4857142857142857,-3.0428571428571427,-1.25,-0.10108732535692222,0.42857142857142855,0.4027777777777778,-0.01627774615822425,-0.01428571428571429,753.0,21.66857142857143,27.77285714285714,0.50199203187251,-1.2918326693227091,-1.7510244735344336
pc_fade,15,5,Validation,175,0.23240371845949534,0.5085714285714286,3.0428571428571427,1.25,0.10108732535692222,0.5657142857142857,0.5972222222222222,0.006579396698918605,0.008571428571428563,753.0,27.77285714285714,21.66857142857143,0.50199203187251,-1.2918326693227091,4.334689812179851
putz_follow,15,5,Validation,81,0.10756972111553785,0.4691358024691358,0.10802469135802469,-1.25,0.02324363058346634,0.4567901234567901,0.4918032786885246,-0.03285622940337418,-0.030864197530864224,753.0,20.85185185185185,21.01851851851852,0.50199203187251,-1.2918326693227091,1.3998573606807339
putz_fade,15,5,Validation,81,0.10756972111553785,0.5185185185185185,-0.10802469135802469,1.25,-0.02324363058346634,0.5432098765432098,0.5081967213114754,0.01652648664600853,0.01851851851851849,753.0,21.01851851851852,20.85185185185185,0.50199203187251,-1.2918326693227091,1.1838079779646844
UNCOND_LONG,15,10,Validation,753,1.0,0.50066401062417,0.10823373173970784,0.25,-0.01767345936262734,0.4860557768924303,0.5020746887966805,0.0,0.0006640106241699861,,,,,,
gex_follow,15,10,Validation,635,0.8432934926958832,0.4881889763779528,-1.7251968503937007,-1.0,-0.052363276695337274,0.49606299212598426,0.49589490968801314,-0.01247503424621721,-0.011811023622047223,753.0,27.108661417322836,28.918897637795276,0.50066401062417,0.10823373173970784,-1.8334305821334085
gex_fade,15,10,Validation,635,0.8432934926958832,0.5118110236220472,1.7251968503937007,1.0,0.052363276695337274,0.5007874015748032,0.5041050903119869,0.011147012997877237,0.011811023622047223,753.0,28.918897637795276,27.108661417322836,0.50066401062417,0.10823373173970784,1.616963118653993
pc_follow,15,10,Validation,175,0.23240371845949534,0.5085714285714286,-4.16,0.25,-0.13752123683692968,0.48,0.4294117647058823,0.007907417947258577,0.008571428571428563,753.0,28.74142857142857,36.5,0.50066401062417,0.10823373173970784,-4.268233731739708
pc_fade,15,10,Validation,175,0.23240371845949534,0.49142857142857144,4.16,-0.25,0.13752123683692968,0.52,0.5705882352941176,-0.00923543919559855,-0.008571428571428563,753.0,36.5,28.74142857142857,0.50066401062417,0.10823373173970784,4.051766268260292
putz_follow,15,10,Validation,81,0.10756972111553785,0.49382716049382713,1.154320987654321,-1.25,0.1265560570406559,0.4691358024691358,0.5316455696202531,-0.006836850130342853,-0.006172839506172867,753.0,29.555555555555557,28.469135802469136,0.50066401062417,0.10823373173970784,1.0460872559146133
putz_fade,15,10,Validation,81,0.10756972111553785,0.5061728395061729,-1.154320987654321,1.25,-0.1265560570406559,0.5308641975308642,0.46835443037974683,0.005508828882002881,0.006172839506172867,753.0,28.469135802469136,29.555555555555557,0.50066401062417,0.10823373173970784,-1.2625547193940287
UNCOND_LONG,15,15,Validation,753,1.0,0.49933598937583,-0.4867197875166003,0.0,-0.032253452966637904,0.49933598937583,0.49931787175989084,0.0,-0.0006640106241699861,,,,,,
gex_follow,15,15,Validation,635,0.8432934926958832,0.5086614173228347,-0.8539370078740157,1.25,-0.023177453555880873,0.48976377952755906,0.5008103727714749,0.009325427947004639,0.008661417322834652,753.0,34.51062992125984,36.40629921259843,0.49933598937583,-0.4867197875166003,-0.36721722035741544
gex_fade,15,15,Validation,635,0.8432934926958832,0.48976377952755906,0.8539370078740157,-1.25,0.023177453555880873,0.510236220472441,0.4991896272285251,-0.009572209848270952,-0.010236220472440938,753.0,36.40629921259843,34.51062992125984,0.49933598937583,-0.4867197875166003,1.340656795390616
pc_follow,15,15,Validation,175,0.23240371845949534,0.5142857142857142,-3.492857142857143,2.25,-0.10050279360847958,0.46285714285714286,0.42441860465116277,0.014949724909884221,0.014285714285714235,753.0,37.15571428571429,44.60142857142857,0.49933598937583,-0.4867197875166003,-3.0061373553405426
pc_fade,15,15,Validation,175,0.23240371845949534,0.4857142857142857,3.492857142857143,-2.25,0.10050279360847958,0.5371428571428571,0.5755813953488372,-0.013621703661544304,-0.01428571428571429,753.0,44.60142857142857,37.15571428571429,0.49933598937583,-0.4867197875166003,3.979576930373743
putz_follow,15,15,Validation,81,0.10756972111553785,0.5185185185185185,0.2623456790123457,4.75,0.14391842368238625,0.49382716049382713,0.5375,0.019182529142688476,0.01851851851851849,753.0,37.72839506172839,37.07098765432099,0.49933598937583,-0.4867197875166003,0.749065466528946
putz_fade,15,15,Validation,81,0.10756972111553785,0.48148148148148145,-0.2623456790123457,-4.75,-0.14391842368238625,0.5061728395061729,0.4625,-0.01785450789434856,-0.018518518518518545,753.0,37.07098765432099,37.72839506172839,0.49933598937583,-0.4867197875166003,0.2243741085042546
UNCOND_LONG,15,30,Validation,753,1.0,0.5179282868525896,-1.2320717131474104,2.75,-0.06674070707989907,0.4754316069057105,0.4986413043478261,0.0,0.017928286852589626,,,,,,
gex_follow,15,30,Validation,635,0.8432934926958832,0.49291338582677163,-1.1141732283464567,-0.5,-0.05565852391426185,0.48976377952755906,0.5,-0.025014901025817993,-0.007086614173228367,753.0,48.565748031496064,49.786614173228344,0.5179282868525896,-1.2320717131474104,0.11789848480095366
gex_fade,15,30,Validation,635,0.8432934926958832,0.5055118110236221,1.1141732283464567,0.5,0.05565852391426185,0.510236220472441,0.5,-0.012416475828967544,0.005511811023622082,753.0,49.786614173228344,48.565748031496064,0.5179282868525896,-1.2320717131474104,2.3462449414938673
pc_follow,15,30,Validation,175,0.23240371845949534,0.4685714285714286,-5.242857142857143,-6.5,-0.19744522000451376,0.4514285714285714,0.42196531791907516,-0.04935685828116104,-0.03142857142857142,753.0,51.45428571428572,59.49857142857143,0.5179282868525896,-1.2320717131474104,-4.010785429709733
pc_fade,15,30,Validation,175,0.23240371845949534,0.5314285714285715,5.242857142857143,6.5,0.19744522000451376,0.5485714285714286,0.5780346820809249,0.013500284575981847,0.03142857142857147,753.0,59.49857142857143,51.45428571428572,0.5179282868525896,-1.2320717131474104,6.474928856004553
putz_follow,15,30,Validation,81,0.10756972111553785,0.48148148148148145,0.6419753086419753,-2.0,0.13223856994986322,0.5185185185185185,0.5375,-0.03644680537110817,-0.018518518518518545,753.0,49.41975308641975,49.67901234567901,0.5179282868525896,-1.2320717131474104,1.8740470217893856
putz_fade,15,30,Validation,81,0.10756972111553785,0.5185185185185185,-0.6419753086419753,2.0,-0.13223856994986322,0.48148148148148145,0.4625,0.0005902316659288642,0.01851851851851849,753.0,49.67901234567901,49.41975308641975,0.5179282868525896,-1.2320717131474104,0.5900964045054351
UNCOND_LONG,15,45,Validation,753,1.0,0.50199203187251,-1.1859229747675963,0.25,-0.08345429826983146,0.4847277556440903,0.4986413043478261,0.0,0.0019920318725099584,,,,,,
gex_follow,15,45,Validation,635,0.8432934926958832,0.5196850393700787,-1.605511811023622,2.75,-0.0462410996816369,0.47874015748031495,0.5,0.017693007497568747,0.019685039370078705,753.0,56.45314960629921,58.77007874015748,0.50199203187251,-1.1859229747675963,-0.4195888362560256
gex_fade,15,45,Validation,635,0.8432934926958832,0.47874015748031495,1.605511811023622,-2.75,0.0462410996816369,0.5196850393700787,0.5,-0.023251874392195004,-0.021259842519685046,753.0,58.77007874015748,56.45314960629921,0.50199203187251,-1.1859229747675963,2.7914347857912185
pc_follow,15,45,Validation,175,0.23240371845949534,0.52,-6.105714285714286,3.25,-0.21211273624330784,0.44571428571428573,0.42196531791907516,0.01800796812749006,0.020000000000000018,753.0,61.05142857142857,71.39571428571429,0.50199203187251,-1.1859229747675963,-4.91979131094669
pc_fade,15,45,Validation,175,0.23240371845949534,0.4742857142857143,6.105714285714286,-3.25,0.21211273624330784,0.5542857142857143,0.5780346820809249,-0.027706317586795648,-0.02571428571428569,753.0,71.39571428571429,61.05142857142857,0.50199203187251,-1.1859229747675963,7.291637260481882
putz_follow,15,45,Validation,81,0.10756972111553785,0.5061728395061729,7.503086419753086,2.5,0.3648840049520556,0.48148148148148145,0.5375,0.0041808076336629085,0.006172839506172867,753.0,58.50925925925926,55.80555555555556,0.50199203187251,-1.1859229747675963,8.689009394520683
putz_fade,15,45,Validation,81,0.10756972111553785,0.49382716049382713,-7.503086419753086,-2.5,-0.3648840049520556,0.5185185185185185,0.4625,-0.008164871378682825,-0.006172839506172867,753.0,55.80555555555556,58.50925925925926,0.50199203187251,-1.1859229747675963,-6.31716344498549
UNCOND_LONG,15,60,Validation,753,1.0,0.5086321381142098,-1.7619521912350598,2.0,-0.1130170690685007,0.4940239043824701,0.4986413043478261,0.0,0.00863213811420982,,,,,,
gex_follow,15,60,Validation,635,0.8432934926958832,0.5228346456692914,-1.6625984251968504,3.5,-0.05822447391355678,0.48503937007874015,0.5,0.014202507555081567,0.022834645669291387,753.0,63.06456692913386,65.66062992125984,0.5086321381142098,-1.7619521912350598,0.09935376603820933
gex_fade,15,60,Validation,635,0.8432934926958832,0.4755905511811024,1.6625984251968504,-3.5,0.05822447391355678,0.5133858267716536,0.5,-0.033041586933107436,-0.024409448818897617,753.0,65.66062992125984,63.06456692913386,0.5086321381142098,-1.7619521912350598,3.42455061643191
pc_follow,15,60,Validation,175,0.23240371845949534,0.49714285714285716,-8.097142857142858,-1.0,-0.2847011278357023,0.44571428571428573,0.42196531791907516,-0.011489280971352656,-0.002857142857142836,753.0,68.36428571428571,78.95857142857143,0.5086321381142098,-1.7619521912350598,-6.335190665907798
pc_fade,15,60,Validation,175,0.23240371845949534,0.5028571428571429,8.097142857142858,1.0,0.2847011278357023,0.5542857142857143,0.5780346820809249,-0.005774995257066928,0.0028571428571428914,753.0,78.95857142857143,68.36428571428571,0.5086321381142098,-1.7619521912350598,9.859095048377917
putz_follow,15,60,Validation,81,0.10756972111553785,0.49382716049382713,8.688271604938272,-0.75,0.4396951753870976,0.49382716049382713,0.5375,-0.014804977620382687,-0.006172839506172867,753.0,66.92283950617283,61.1820987654321,0.5086321381142098,-1.7619521912350598,10.450223796173333
putz_fade,15,60,Validation,81,0.10756972111553785,0.5061728395061729,-8.688271604938272,0.75,-0.4396951753870976,0.5061728395061729,0.4625,-0.0024592986080369528,0.006172839506172867,753.0,61.1820987654321,66.92283950617283,0.5086321381142098,-1.7619521912350598,-6.9263194137032125
UNCOND_LONG,15,5,OOS,400,1.0,0.535,1.97,2.625,0.02065418638637972,0.515,0.5130434782608696,0.0,0.03500000000000003,,,,,,
gex_follow,15,5,OOS,375,0.9375,0.4826666666666667,-2.3106666666666666,-1.0,-0.04397634945648603,0.504,0.5107692307692308,-0.05233333333333334,-0.01733333333333331,400.0,31.232,33.351333333333336,0.535,1.97,-4.280666666666667
gex_fade,15,5,OOS,375,0.9375,0.512,2.3106666666666666,1.0,0.04397634945648603,0.49333333333333335,0.48923076923076925,-0.02300000000000002,0.01200000000000001,400.0,33.351333333333336,31.232,0.535,1.97,0.3406666666666667
UNCOND_LONG,15,10,OOS,400,1.0,0.5125,2.27375,1.625,0.04439740746520189,0.5225,0.5,0.0,0.012499999999999956,,,,,,
gex_follow,15,10,OOS,375,0.9375,0.488,-2.296,-0.5,-0.05767428678403308,0.49866666666666665,0.5112359550561798,-0.024499999999999966,-0.01200000000000001,400.0,42.96066666666667,46.175333333333334,0.5125,2.27375,-4.56975
gex_fade,15,10,OOS,375,0.9375,0.5066666666666667,2.296,0.5,0.05767428678403308,0.5013333333333333,0.4887640449438202,-0.005833333333333246,0.00666666666666671,400.0,46.175333333333334,42.96066666666667,0.5125,2.27375,0.02224999999999966
UNCOND_LONG,15,15,OOS,400,1.0,0.5225,0.665,4.375,-0.014538081519899852,0.5175,0.4987146529562982,0.0,0.022499999999999964,,,,,,
gex_follow,15,15,OOS,375,0.9375,0.48533333333333334,-2.98,-2.75,-0.08071811857812523,0.48,0.5082417582417582,-0.037166666666666626,-0.014666666666666661,400.0,55.306666666666665,57.97266666666667,0.5225,0.665,-3.645
gex_fade,15,15,OOS,375,0.9375,0.512,2.98,2.75,0.08071811857812523,0.52,0.49175824175824173,-0.010499999999999954,0.01200000000000001,400.0,57.97266666666667,55.306666666666665,0.5225,0.665,2.315
UNCOND_LONG,15,30,OOS,400,1.0,0.5275,3.24875,5.875,0.08221881273335428,0.505,0.5012787723785166,0.0,0.02749999999999997,,,,,,
gex_follow,15,30,OOS,375,0.9375,0.52,-0.74,2.5,-0.003203156846933477,0.49866666666666665,0.505464480874317,-0.007499999999999951,0.020000000000000018,400.0,73.26533333333333,74.51133333333334,0.5275,3.24875,-3.9887499999999996
gex_fade,15,30,OOS,375,0.9375,0.48,0.74,-2.5,0.003203156846933477,0.5013333333333333,0.49453551912568305,-0.04749999999999999,-0.020000000000000018,400.0,74.51133333333334,73.26533333333333,0.5275,3.24875,-2.50875
UNCOND_LONG,15,45,OOS,400,1.0,0.54,2.148125,10.875,0.05234419642696108,0.4975,0.5,0.0,0.040000000000000036,,,,,,
gex_follow,15,45,OOS,375,0.9375,0.488,-0.8266666666666667,-6.0,-0.050242117348883765,0.49866666666666665,0.5068493150684932,-0.052000000000000046,-0.01200000000000001,400.0,86.578,85.94666666666667,0.54,2.148125,-2.9747916666666665
gex_fade,15,45,OOS,375,0.9375,0.512,0.8266666666666667,6.0,0.050242117348883765,0.5013333333333333,0.4931506849315068,-0.028000000000000025,0.01200000000000001,400.0,85.94666666666667,86.578,0.54,2.148125,-1.3214583333333332
UNCOND_LONG,15,60,OOS,400,1.0,0.5525,2.198125,12.5,0.07710853793171203,0.4925,0.4987146529562982,0.0,0.05249999999999999,,,,,,
gex_follow,15,60,OOS,375,0.9375,0.49333333333333335,1.172,-0.5,-0.03424600044498275,0.496,0.5082417582417582,-0.059166666666666645,-0.006666666666666654,400.0,96.42866666666667,93.732,0.5525,2.198125,-1.0261250000000002
gex_fade,15,60,OOS,375,0.9375,0.504,-1.172,0.5,0.03424600044498275,0.504,0.49175824175824173,-0.04849999999999999,0.0040000000000000036,400.0,93.732,96.42866666666667,0.5525,2.198125,-3.370125
UNCOND_LONG,30,5,IS,2352,1.0,0.49829931972789115,-0.0893920068027211,0.0,-0.006799071169095286,0.48554421768707484,0.4889589905362776,0.0,-0.0017006802721088454,,,,,,
gex_follow,30,5,IS,784,0.3333333333333333,0.5076530612244898,0.46205357142857145,0.25,0.0434322521867282,0.5063775510204082,0.5110410094637224,0.009353741496598678,0.007653061224489832,2352.0,10.505102040816327,10.10108418367347,0.49829931972789115,-0.0893920068027211,0.5514455782312926
gex_fade,30,5,IS,784,0.3333333333333333,0.48341836734693877,-0.46205357142857145,-0.25,-0.0434322521867282,0.4846938775510204,0.4889589905362776,-0.014880952380952384,-0.01658163265306123,2352.0,10.10108418367347,10.505102040816327,0.49829931972789115,-0.0893920068027211,-0.37266156462585037
pc_follow,30,5,IS,462,0.19642857142857142,0.5151515151515151,-0.20292207792207792,0.25,-0.0320364923824676,0.4935064935064935,0.506631299734748,0.016852195423623983,0.015151515151515138,2352.0,8.902056277056277,9.183982683982684,0.49829931972789115,-0.0893920068027211,-0.11353007111935683
pc_fade,30,5,IS,462,0.19642857142857142,0.474025974025974,0.20292207792207792,-0.25,0.0320364923824676,0.48484848484848486,0.493368700265252,-0.024273345701917137,-0.025974025974025983,2352.0,9.183982683982684,8.902056277056277,0.49829931972789115,-0.0893920068027211,0.29231408472479903
putz_follow,30,5,IS,270,0.11479591836734694,0.5222222222222223,0.4027777777777778,0.5,0.02379759081056724,0.4962962962962963,0.5,0.0239229024943311,0.022222222222222254,2352.0,7.652777777777778,6.9185185185185185,0.49829931972789115,-0.0893920068027211,0.49216978458049887
putz_fade,30,5,IS,270,0.11479591836734694,0.46296296296296297,-0.4027777777777778,-0.5,-0.02379759081056724,0.48148148148148145,0.5,-0.03533635676492819,-0.037037037037037035,2352.0,6.9185185185185185,7.652777777777778,0.49829931972789115,-0.0893920068027211,-0.3133857709750567
UNCOND_LONG,30,10,IS,2352,1.0,0.5106292517006803,-0.1725127551020408,0.25,-0.03171565462732558,0.4846938775510204,0.4875111507582516,0.0,0.010629251700680298,,,,,,
gex_follow,30,10,IS,784,0.3333333333333333,0.5255102040816326,0.5934311224489796,1.0,0.04505727327559103,0.5229591836734694,0.5219123505976095,0.014880952380952328,0.025510204081632626,2352.0,14.176020408163266,13.433992346938776,0.5106292517006803,-0.1725127551020408,0.7659438775510203
gex_fade,30,10,IS,784,0.3333333333333333,0.46683673469387754,-0.5934311224489796,-1.0,-0.04505727327559103,0.4732142857142857,0.47808764940239046,-0.043792517006802756,-0.03316326530612246,2352.0,13.433992346938776,14.176020408163266,0.5106292517006803,-0.1725127551020408,-0.42091836734693877
pc_follow,30,10,IS,462,0.19642857142857142,0.5324675324675324,-0.2602813852813853,1.0,0.007539140428888815,0.5238095238095238,0.5304740406320542,0.021838280766852125,0.03246753246753242,2352.0,11.96103896103896,12.537878787878787,0.5106292517006803,-0.1725127551020408,-0.08776863017934447
pc_fade,30,10,IS,462,0.19642857142857142,0.45670995670995673,0.2602813852813853,-1.0,-0.007539140428888815,0.4696969696969697,0.46952595936794583,-0.053919294990723565,-0.04329004329004327,2352.0,12.537878787878787,11.96103896103896,0.5106292517006803,-0.1725127551020408,0.4327941403834261
putz_follow,30,10,IS,270,0.11479591836734694,0.5185185185185185,0.9268518518518518,0.5,0.06308528292825469,0.4962962962962963,0.5038759689922481,0.007889266817838192,0.01851851851851849,2352.0,10.491666666666667,9.85462962962963,0.5106292517006803,-0.1725127551020408,1.0993646069538927
putz_fade,30,10,IS,270,0.11479591836734694,0.4666666666666667,-0.9268518518518518,-0.5,-0.06308528292825469,0.4888888888888889,0.49612403100775193,-0.043962585034013624,-0.033333333333333326,2352.0,9.85462962962963,10.491666666666667,0.5106292517006803,-0.1725127551020408,-0.754339096749811
UNCOND_LONG,30,15,IS,2352,1.0,0.5097789115646258,-0.5043579931972789,0.25,-0.07383578741874518,0.4885204081632653,0.48810038944180006,0.0,0.009778911564625847,,,,,,
gex_follow,30,15,IS,784,0.3333333333333333,0.5255102040816326,0.5612244897959183,1.0,0.05849296732771755,0.5267857142857143,0.5135834411384217,0.01573129251700678,0.025510204081632626,2352.0,17.257334183673468,16.301977040816325,0.5097789115646258,-0.5043579931972789,1.0655824829931972
gex_fade,30,15,IS,784,0.3333333333333333,0.46683673469387754,-0.5612244897959183,-1.0,-0.05849296732771755,0.47066326530612246,0.48641655886157825,-0.042942176870748305,-0.03316326530612246,2352.0,16.301977040816325,17.257334183673468,0.5097789115646258,-0.5043579931972789,-0.056866496598639404
pc_follow,30,15,IS,462,0.19642857142857142,0.5151515151515151,-0.8127705627705628,0.625,-0.06979440473851513,0.5043290043290043,0.5252747252747253,0.005372603586889291,0.015151515151515138,2352.0,14.221320346320347,15.354437229437229,0.5097789115646258,-0.5043579931972789,-0.3084125695732839
pc_fade,30,15,IS,462,0.19642857142857142,0.48268398268398266,0.8127705627705628,-0.625,0.06979440473851513,0.4935064935064935,0.4747252747252747,-0.027094928880643188,-0.01731601731601734,2352.0,15.354437229437229,14.221320346320347,0.5097789115646258,-0.5043579931972789,1.3171285559678418
putz_follow,30,15,IS,270,0.11479591836734694,0.5037037037037037,1.124074074074074,0.25,0.10387242718519313,0.5185185185185185,0.5131086142322098,-0.006075207860922194,0.0037037037037036535,2352.0,12.512962962962963,12.017592592592592,0.5097789115646258,-0.5043579931972789,1.628432067271353
putz_fade,30,15,IS,270,0.11479591836734694,0.4740740740740741,-1.124074074074074,-0.25,-0.10387242718519313,0.4740740740740741,0.4868913857677903,-0.035704837490551755,-0.025925925925925908,2352.0,12.017592592592592,12.512962962962963,0.5097789115646258,-0.5043579931972789,-0.6197160808767951
UNCOND_LONG,30,30,IS,2352,1.0,0.5259353741496599,0.24372874149659865,1.0,0.017064512245627793,0.4923469387755102,0.48905109489051096,0.0,0.02593537414965985,,,,,,
gex_follow,30,30,IS,784,0.3333333333333333,0.5012755102040817,0.48501275510204084,0.25,0.06981831612203974,0.5102040816326531,0.5102827763496144,-0.024659863945578175,0.0012755102040816757,2352.0,23.018176020408163,22.136479591836736,0.5259353741496599,0.24372874149659865,0.2412840136054422
gex_fade,30,30,IS,784,0.3333333333333333,0.4923469387755102,-0.48501275510204084,-0.25,-0.06981831612203974,0.4846938775510204,0.4897172236503856,-0.03358843537414963,-0.007653061224489777,2352.0,22.136479591836736,23.018176020408163,0.5259353741496599,0.24372874149659865,-0.7287414965986395
pc_follow,30,30,IS,462,0.19642857142857142,0.5108225108225108,-0.2418831168831169,0.5,-0.0822652706904944,0.48917748917748916,0.5185185185185185,-0.015112863327149006,0.010822510822510845,2352.0,19.055194805194805,20.808441558441558,0.5259353741496599,0.24372874149659865,-0.48561185837971554
pc_fade,30,30,IS,462,0.19642857142857142,0.487012987012987,0.2418831168831169,-0.5,0.0822652706904944,0.5021645021645021,0.48148148148148145,-0.03892238713667284,-0.012987012987012991,2352.0,20.808441558441558,19.055194805194805,0.5259353741496599,0.24372874149659865,-0.0018456246134817555
putz_follow,30,30,IS,270,0.11479591836734694,0.5481481481481482,1.525925925925926,1.25,0.22637350452624497,0.5259259259259259,0.5168539325842697,0.02221277399848831,0.04814814814814816,2352.0,17.158333333333335,15.882407407407408,0.5259353741496599,0.24372874149659865,1.2821971844293272
putz_fade,30,30,IS,270,0.11479591836734694,0.42962962962962964,-1.525925925925926,-1.25,-0.22637350452624497,0.4703703703703704,0.48314606741573035,-0.09630574452003021,-0.07037037037037036,2352.0,15.882407407407408,17.158333333333335,0.5259353741496599,0.24372874149659865,-1.7696546674225246
UNCOND_LONG,30,45,IS,2352,1.0,0.5314625850340136,-0.06462585034013606,1.25,0.0372239047650085,0.5025510204081632,0.4886021505376344,0.0,0.03146258503401356,,,,,,
gex_follow,30,45,IS,784,0.3333333333333333,0.4987244897959184,0.6922831632653061,0.0,0.05574313668449882,0.5076530612244898,0.5103092783505154,-0.03273809523809518,-0.0012755102040816202,2352.0,27.56345663265306,26.32876275510204,0.5314625850340136,-0.06462585034013606,0.7569090136054422
gex_fade,30,45,IS,784,0.3333333333333333,0.4923469387755102,-0.6922831632653061,0.0,-0.05574313668449882,0.4897959183673469,0.4896907216494845,-0.039115646258503334,-0.007653061224489777,2352.0,26.32876275510204,27.56345663265306,0.5314625850340136,-0.06462585034013606,-0.6276573129251701
pc_follow,30,45,IS,462,0.19642857142857142,0.5238095238095238,-2.08008658008658,1.25,-0.13605475086451352,0.49783549783549785,0.519650655021834,-0.007653061224489721,0.023809523809523836,2352.0,22.24404761904762,25.4512987012987,0.5314625850340136,-0.06462585034013606,-2.015460729746444
pc_fade,30,45,IS,462,0.19642857142857142,0.4675324675324675,2.08008658008658,-1.25,0.13605475086451352,0.5021645021645021,0.48034934497816595,-0.06393011750154604,-0.03246753246753248,2352.0,25.4512987012987,22.24404761904762,0.5314625850340136,-0.06462585034013606,2.144712430426716
putz_follow,30,45,IS,270,0.11479591836734694,0.5407407407407407,0.075,1.25,0.09193998845074702,0.5185185185185185,0.5168539325842697,0.009278155706727187,0.040740740740740744,2352.0,20.07962962962963,19.62037037037037,0.5314625850340136,-0.06462585034013606,0.13962585034013605
putz_fade,30,45,IS,270,0.11479591836734694,0.45555555555555555,-0.075,-1.25,-0.09193998845074702,0.4777777777777778,0.48314606741573035,-0.07590702947845801,-0.04444444444444445,2352.0,19.62037037037037,20.07962962962963,0.5314625850340136,-0.06462585034013606,-0.01037414965986394
UNCOND_LONG,30,60,IS,2352,1.0,0.5276360544217688,-0.42251275510204084,1.0,-0.05886739389302043,0.49829931972789115,0.488592337494619,0.0,0.027636054421768752,,,,,,
gex_follow,30,60,IS,784,0.3333333333333333,0.49744897959183676,0.48373724489795916,0.0,0.07517542944438857,0.5038265306122449,0.5103092783505154,-0.030187074829931992,-0.0025510204081632404,2352.0,31.086415816326532,29.12404336734694,0.5276360544217688,-0.42251275510204084,0.90625
gex_fade,30,60,IS,784,0.3333333333333333,0.4987244897959184,-0.48373724489795916,0.0,-0.07517542944438857,0.49107142857142855,0.4896907216494845,-0.028911564625850372,-0.0012755102040816202,2352.0,29.12404336734694,31.086415816326532,0.5276360544217688,-0.42251275510204084,-0.061224489795918324
pc_follow,30,60,IS,462,0.19642857142857142,0.512987012987013,-2.383116883116883,1.125,-0.1853172005812264,0.49134199134199136,0.519650655021834,-0.01464904143475576,0.012987012987012991,2352.0,24.982683982683984,28.32900432900433,0.5276360544217688,-0.42251275510204084,-1.960604128014842
pc_fade,30,60,IS,462,0.19642857142857142,0.48268398268398266,2.383116883116883,-1.125,0.1853172005812264,0.5043290043290043,0.48034934497816595,-0.04495207173778609,-0.01731601731601734,2352.0,28.32900432900433,24.982683982683984,0.5276360544217688,-0.42251275510204084,2.8056296382189236
putz_follow,30,60,IS,270,0.11479591836734694,0.5,-2.0935185185185183,0.125,-0.2189535682418629,0.5,0.5168539325842697,-0.027636054421768752,0.0,2352.0,22.528703703703705,23.55925925925926,0.5276360544217688,-0.42251275510204084,-1.6710057634164774
putz_fade,30,60,IS,270,0.11479591836734694,0.4962962962962963,2.0935185185185183,-0.125,0.2189535682418629,0.4962962962962963,0.48314606741573035,-0.03133975812547246,-0.003703703703703709,2352.0,23.55925925925926,22.528703703703705,0.5276360544217688,-0.42251275510204084,2.516031273620559
UNCOND_LONG,30,5,Validation,753,1.0,0.5179282868525896,-1.1344621513944224,0.75,-0.07418632759386463,0.47808764940239046,0.4794069192751236,0.0,0.017928286852589626,,,,,,
gex_follow,30,5,Validation,635,0.8432934926958832,0.49133858267716535,-0.3909448818897638,-0.25,-0.035695070560671664,0.5055118110236221,0.48330058939096265,-0.026589704175424278,-0.008661417322834652,753.0,19.538976377952757,20.110629921259843,0.5179282868525896,-1.1344621513944224,0.7435172695046586
gex_fade,30,5,Validation,635,0.8432934926958832,0.5055118110236221,0.3909448818897638,0.25,0.035695070560671664,0.49133858267716535,0.5166994106090373,-0.012416475828967544,0.005511811023622082,753.0,20.110629921259843,19.538976377952757,0.5179282868525896,-1.1344621513944224,1.5254070332841863
pc_follow,30,5,Validation,175,0.23240371845949534,0.5314285714285715,0.6871428571428572,2.25,0.05414589887072664,0.5542857142857143,0.5244755244755245,0.013500284575981847,0.03142857142857147,753.0,22.164285714285715,22.08,0.5179282868525896,-1.1344621513944224,1.8216050085372797
pc_fade,30,5,Validation,175,0.23240371845949534,0.4685714285714286,-0.6871428571428572,-2.25,-0.05414589887072664,0.44571428571428573,0.4755244755244755,-0.04935685828116104,-0.03142857142857142,753.0,22.08,22.164285714285715,0.5179282868525896,-1.1344621513944224,0.44731929425156525
putz_follow,30,5,Validation,81,0.10756972111553785,0.4691358024691358,-2.367283950617284,-2.75,-0.10903832825530414,0.48148148148148145,0.463768115942029,-0.04879248438345385,-0.030864197530864224,753.0,17.234567901234566,20.700617283950617,0.5179282868525896,-1.1344621513944224,-1.2328217992228616
putz_fade,30,5,Validation,81,0.10756972111553785,0.5308641975308642,2.367283950617284,2.75,0.10903832825530414,0.5185185185185185,0.5362318840579711,0.012935910678274598,0.030864197530864224,753.0,20.700617283950617,17.234567901234566,0.5179282868525896,-1.1344621513944224,3.5017461020117064
UNCOND_LONG,30,10,Validation,753,1.0,0.48738379814077026,-2.1842629482071714,-1.0,-0.11032252182096917,0.4820717131474104,0.48830811554332876,0.0,-0.012616201859229736,,,,,,
gex_follow,30,10,Validation,635,0.8432934926958832,0.5228346456692914,1.3244094488188976,1.25,0.0522557706928341,0.49763779527559054,0.49263502454991814,0.03545084752852112,0.022834645669291387,753.0,27.588188976377953,27.698818897637796,0.48738379814077026,-2.1842629482071714,3.5086723970260687
gex_fade,30,10,Validation,635,0.8432934926958832,0.47401574803149604,-1.3244094488188976,-1.25,-0.0522557706928341,0.5007874015748032,0.5073649754500819,-0.013368050109274221,-0.025984251968503957,753.0,27.698818897637796,27.588188976377953,0.48738379814077026,-2.1842629482071714,0.8598534993882738
pc_follow,30,10,Validation,175,0.23240371845949534,0.5314285714285715,1.81,3.25,0.06037685979782909,0.5257142857142857,0.5325443786982249,0.04404477328780121,0.03142857142857147,753.0,30.805714285714284,30.155714285714286,0.48738379814077026,-2.1842629482071714,3.9942629482071714
pc_fade,30,10,Validation,175,0.23240371845949534,0.4685714285714286,-1.81,-3.25,-0.06037685979782909,0.4685714285714286,0.46745562130177515,-0.01881236956934168,-0.03142857142857142,753.0,30.155714285714286,30.805714285714284,0.48738379814077026,-2.1842629482071714,0.3742629482071713
putz_follow,30,10,Validation,81,0.10756972111553785,0.4691358024691358,-0.4166666666666667,-4.75,-0.04846418433774649,0.41975308641975306,0.41975308641975306,-0.018247995671634487,-0.030864197530864224,753.0,24.47222222222222,27.296296296296298,0.48738379814077026,-2.1842629482071714,1.7675962815405046
putz_fade,30,10,Validation,81,0.10756972111553785,0.5308641975308642,0.4166666666666667,4.75,0.04846418433774649,0.5802469135802469,0.5802469135802469,0.04348039939009396,0.030864197530864224,753.0,27.296296296296298,24.47222222222222,0.48738379814077026,-2.1842629482071714,2.600929614873838
UNCOND_LONG,30,15,Validation,753,1.0,0.49800796812749004,-0.7689243027888446,0.0,-0.04045560029659771,0.47410358565737054,0.4899328859060403,0.0,-0.0019920318725099584,,,,,,
gex_follow,30,15,Validation,635,0.8432934926958832,0.510236220472441,-0.2543307086614173,1.0,-0.038055455172166935,0.5133858267716536,0.49122807017543857,0.012228252344950952,0.010236220472440993,753.0,33.51102362204725,33.64645669291338,0.49800796812749004,-0.7689243027888446,0.5145935941274273
gex_fade,30,15,Validation,635,0.8432934926958832,0.48503937007874015,0.2543307086614173,-1.0,0.038055455172166935,0.48503937007874015,0.5087719298245614,-0.01296859804874989,-0.01496062992125985,753.0,33.64645669291338,33.51102362204725,0.49800796812749004,-0.7689243027888446,1.0232550114502619
pc_follow,30,15,Validation,175,0.23240371845949534,0.49142857142857144,-1.8271428571428572,-0.75,-0.1139185781773153,0.5371428571428571,0.5287356321839081,-0.006579396698918605,-0.008571428571428563,753.0,36.14857142857143,37.864285714285714,0.49800796812749004,-0.7689243027888446,-1.0582185543540126
pc_fade,30,15,Validation,175,0.23240371845949534,0.5028571428571429,1.8271428571428572,0.75,0.1139185781773153,0.45714285714285713,0.47126436781609193,0.00484917472965285,0.0028571428571428914,753.0,37.864285714285714,36.14857142857143,0.49800796812749004,-0.7689243027888446,2.596067159931702
putz_follow,30,15,Validation,81,0.10756972111553785,0.5061728395061729,0.39814814814814814,1.25,-0.02450852304131698,0.4074074074074074,0.41975308641975306,0.008164871378682825,0.006172839506172867,753.0,30.24074074074074,32.32098765432099,0.49800796812749004,-0.7689243027888446,1.1670724509369927
putz_fade,30,15,Validation,81,0.10756972111553785,0.49382716049382713,-0.39814814814814814,-1.25,0.02450852304131698,0.5925925925925926,0.5802469135802469,-0.0041808076336629085,-0.006172839506172867,753.0,32.32098765432099,30.24074074074074,0.49800796812749004,-0.7689243027888446,0.37077615464069646
UNCOND_LONG,30,30,Validation,753,1.0,0.5192563081009296,-0.7227755644090306,2.5,-0.06236850725733968,0.49269588313413015,0.49132176234979974,0.0,0.019256308100929598,,,,,,
gex_follow,30,30,Validation,635,0.8432934926958832,0.537007874015748,-0.7456692913385827,3.25,-0.017674877962531355,0.525984251968504,0.4896988906497623,0.017751565914818412,0.03700787401574801,753.0,44.39212598425197,45.813779527559056,0.5192563081009296,-0.7227755644090306,-0.02289372692955216
gex_fade,30,30,Validation,635,0.8432934926958832,0.46141732283464565,0.7456692913385827,-3.25,0.017674877962531355,0.47086614173228347,0.5103011093502378,-0.05783898526628395,-0.03858267716535435,753.0,45.813779527559056,44.39212598425197,0.5192563081009296,-0.7227755644090306,1.4684448557476133
pc_follow,30,30,Validation,175,0.23240371845949534,0.52,-2.69,2.0,-0.11211541576909487,0.52,0.5314285714285715,0.00074369189907042,0.020000000000000018,753.0,49.03142857142857,53.32,0.5192563081009296,-0.7227755644090306,-1.9672244355909694
pc_fade,30,30,Validation,175,0.23240371845949534,0.48,2.69,-2.0,0.11211541576909487,0.4742857142857143,0.4685714285714286,-0.039256308100929616,-0.020000000000000018,753.0,53.32,49.03142857142857,0.5192563081009296,-0.7227755644090306,3.4127755644090305
putz_follow,30,30,Validation,81,0.10756972111553785,0.5185185185185185,7.2592592592592595,3.0,0.21170771729590546,0.49382716049382713,0.41975308641975306,-0.000737789582411108,0.01851851851851849,753.0,44.45987654320987,40.66358024691358,0.5192563081009296,-0.7227755644090306,7.98203482366829
putz_fade,30,30,Validation,81,0.10756972111553785,0.48148148148148145,-7.2592592592592595,-3.0,-0.21170771729590546,0.49382716049382713,0.5802469135802469,-0.03777482661944814,-0.018518518518518545,753.0,40.66358024691358,44.45987654320987,0.5192563081009296,-0.7227755644090306,-6.536483694850229
UNCOND_LONG,30,45,Validation,753,1.0,0.5232403718459495,-1.298804780876494,3.75,-0.10608481449248024,0.49800796812749004,0.4926372155287818,0.0,0.023240371845949515,,,,,,
gex_follow,30,45,Validation,635,0.8432934926958832,0.5275590551181102,-0.802755905511811,3.25,-0.03387360550297425,0.5244094488188976,0.49047619047619045,0.004318683272160673,0.027559055118110187,753.0,52.48897637795275,54.28897637795276,0.5232403718459495,-1.298804780876494,0.496048875364683
gex_fade,30,45,Validation,635,0.8432934926958832,0.47244094488188976,0.802755905511811,-3.25,0.03387360550297425,0.47401574803149604,0.5095238095238095,-0.05079942696405976,-0.027559055118110243,753.0,54.28897637795276,52.48897637795275,0.5232403718459495,-1.298804780876494,2.101560686388305
pc_follow,30,45,Validation,175,0.23240371845949534,0.5028571428571429,-4.6814285714285715,0.25,-0.19685414788417424,0.5142857142857142,0.5314285714285715,-0.020383228988806623,0.0028571428571428914,753.0,58.05714285714286,63.58857142857143,0.5232403718459495,-1.298804780876494,-3.3826237905520777
pc_fade,30,45,Validation,175,0.23240371845949534,0.49714285714285716,4.6814285714285715,-0.25,0.19685414788417424,0.4857142857142857,0.4685714285714286,-0.02609751470309235,-0.002857142857142836,753.0,63.58857142857143,58.05714285714286,0.5232403718459495,-1.298804780876494,5.980233352305065
putz_follow,30,45,Validation,81,0.10756972111553785,0.49382716049382713,8.444444444444445,-1.0,0.3021903330701513,0.5308641975308642,0.41975308641975306,-0.02941321135212238,-0.006172839506172867,753.0,54.01234567901235,46.385802469135804,0.5232403718459495,-1.298804780876494,9.74324922532094
putz_fade,30,45,Validation,81,0.10756972111553785,0.5061728395061729,-8.444444444444445,1.0,-0.3021903330701513,0.4691358024691358,0.5802469135802469,-0.017067532339776648,0.006172839506172867,753.0,46.385802469135804,54.01234567901235,0.5232403718459495,-1.298804780876494,-7.145639663567951
UNCOND_LONG,30,60,Validation,753,1.0,0.5166002656042497,-2.9833997343957503,3.75,-0.23548924136639862,0.50199203187251,0.4926372155287818,0.0,0.016600265604249653,,,,,,
gex_follow,30,60,Validation,635,0.8432934926958832,0.5070866141732283,-1.1133858267716537,2.5,0.013943338725187184,0.5149606299212598,0.49047619047619045,-0.009513651431021342,0.007086614173228312,753.0,58.537795275590554,60.310629921259846,0.5166002656042497,-2.9833997343957503,1.8700139076240967
gex_fade,30,60,Validation,635,0.8432934926958832,0.49133858267716535,1.1133858267716537,-2.5,-0.013943338725187184,0.48031496062992124,0.5095238095238095,-0.025261682927084306,-0.008661417322834652,753.0,60.310629921259846,58.537795275590554,0.5166002656042497,-2.9833997343957503,4.096785561167404
pc_follow,30,60,Validation,175,0.23240371845949534,0.4514285714285714,-5.498571428571428,-8.0,-0.18190428523198351,0.49142857142857144,0.5314285714285715,-0.06517169417567825,-0.0485714285714286,753.0,63.83714285714286,70.83571428571429,0.5166002656042497,-2.9833997343957503,-2.515171694175678
pc_fade,30,60,Validation,175,0.23240371845949534,0.5485714285714286,5.498571428571428,8.0,0.18190428523198351,0.5085714285714286,0.4685714285714286,0.031971162967178945,0.0485714285714286,753.0,70.83571428571429,63.83714285714286,0.5166002656042497,-2.9833997343957503,8.481971162967179
putz_follow,30,60,Validation,81,0.10756972111553785,0.5555555555555556,9.364197530864198,9.0,0.39606549528617213,0.5679012345679012,0.41975308641975306,0.03895528995130593,0.05555555555555558,753.0,60.72530864197531,50.92901234567901,0.5166002656042497,-2.9833997343957503,12.347597265259948
putz_fade,30,60,Validation,81,0.10756972111553785,0.4444444444444444,-9.364197530864198,-9.0,-0.39606549528617213,0.43209876543209874,0.5802469135802469,-0.07215582115980523,-0.05555555555555558,753.0,50.92901234567901,60.72530864197531,0.5166002656042497,-2.9833997343957503,-6.380797796468448
UNCOND_LONG,30,5,OOS,400,1.0,0.5075,1.866875,0.375,0.06642316093958762,0.5025,0.5032679738562091,0.0,0.007499999999999951,,,,,,
gex_follow,30,5,OOS,375,0.9375,0.49333333333333335,0.27466666666666667,-0.5,-0.016916628805295483,0.5146666666666667,0.5140845070422535,-0.014166666666666605,-0.006666666666666654,400.0,28.50733333333333,27.266,0.5075,1.866875,-1.5922083333333334
gex_fade,30,5,OOS,375,0.9375,0.5066666666666667,-0.27466666666666667,0.5,0.016916628805295483,0.48533333333333334,0.4859154929577465,-0.0008333333333332416,0.00666666666666671,400.0,27.266,28.50733333333333,0.5075,1.866875,-2.141541666666667
UNCOND_LONG,30,10,OOS,400,1.0,0.5225,2.77875,2.875,0.10390297760709251,0.505,0.5012987012987012,0.0,0.022499999999999964,,,,,,
gex_follow,30,10,OOS,375,0.9375,0.5093333333333333,0.874,1.0,0.0441040636531593,0.49066666666666664,0.5069252077562327,-0.01316666666666666,0.009333333333333305,400.0,39.67133333333334,37.866,0.5225,2.77875,-1.90475
gex_fade,30,10,OOS,375,0.9375,0.488,-0.874,-1.0,-0.0441040636531593,0.5093333333333333,0.4930747922437673,-0.034499999999999975,-0.01200000000000001,400.0,37.866,39.67133333333334,0.5225,2.77875,-3.65275
UNCOND_LONG,30,15,OOS,400,1.0,0.535,2.5425,2.125,0.10309771310822224,0.51,0.49743589743589745,0.0,0.03500000000000003,,,,,,
gex_follow,30,15,OOS,375,0.9375,0.49866666666666665,2.2626666666666666,-0.25,0.09578195374596732,0.504,0.5123287671232877,-0.036333333333333384,-0.001333333333333353,400.0,48.36666666666667,46.034,0.535,2.5425,-0.2798333333333334
gex_fade,30,15,OOS,375,0.9375,0.5013333333333333,-2.2626666666666666,0.25,-0.09578195374596732,0.49333333333333335,0.4876712328767123,-0.033666666666666734,0.0013333333333332975,400.0,46.034,48.36666666666667,0.535,2.5425,-4.805166666666667
UNCOND_LONG,30,30,OOS,400,1.0,0.56,1.441875,6.375,0.06829909899748524,0.525,0.494949494949495,0.0,0.06000000000000005,,,,,,
gex_follow,30,30,OOS,375,0.9375,0.5013333333333333,2.176,0.25,0.04712655126091124,0.49333333333333335,0.5121293800539084,-0.058666666666666756,0.0013333333333332975,400.0,66.886,62.812,0.56,1.441875,0.7341250000000001
gex_fade,30,30,OOS,375,0.9375,0.49866666666666665,-2.176,-0.25,-0.04712655126091124,0.5066666666666667,0.48787061994609165,-0.061333333333333406,-0.001333333333333353,400.0,62.812,66.886,0.56,1.441875,-3.617875
UNCOND_LONG,30,45,OOS,400,1.0,0.5675,1.491875,14.125,0.09374215425470905,0.5325,0.4949238578680203,0.0,0.0675,,,,,,
gex_follow,30,45,OOS,375,0.9375,0.5173333333333333,4.174666666666667,4.5,0.07248008577376372,0.52,0.5121951219512195,-0.05016666666666669,0.01733333333333331,400.0,79.044,72.53333333333333,0.5675,1.491875,2.6827916666666667
gex_fade,30,45,OOS,375,0.9375,0.4826666666666667,-4.174666666666667,-4.5,-0.07248008577376372,0.48,0.4878048780487805,-0.08483333333333332,-0.01733333333333331,400.0,72.53333333333333,79.044,0.5675,1.491875,-5.666541666666667
UNCOND_LONG,30,60,OOS,400,1.0,0.55,0.6125,11.5,0.033499294263828965,0.5375,0.4949238578680203,0.0,0.050000000000000044,,,,,,
gex_follow,30,60,OOS,375,0.9375,0.488,3.112,-1.5,0.048767378082768535,0.52,0.5121951219512195,-0.062000000000000055,-0.01200000000000001,400.0,90.392,80.13666666666667,0.55,0.6125,2.4995000000000003
gex_fade,30,60,OOS,375,0.9375,0.512,-3.112,1.5,-0.048767378082768535,0.48,0.4878048780487805,-0.038000000000000034,0.01200000000000001,400.0,80.13666666666667,90.392,0.55,0.6125,-3.7245
UNCOND_LONG,45,5,IS,2352,1.0,0.5131802721088435,0.4529124149659864,0.25,0.04667769138127632,0.5221088435374149,0.5283911671924291,0.0,0.013180272108843538,,,,,,
gex_follow,45,5,IS,784,0.3333333333333333,0.514030612244898,0.22704081632653061,0.25,0.030443181581435046,0.5,0.5117370892018779,0.0008503401360544505,0.014030612244897989,2352.0,8.869579081632653,8.954400510204081,0.5131802721088435,0.4529124149659864,-0.22587159863945577
gex_fade,45,5,IS,784,0.3333333333333333,0.46811224489795916,-0.22704081632653061,-0.25,-0.030443181581435046,0.4872448979591837,0.48826291079812206,-0.045068027210884376,-0.03188775510204084,2352.0,8.954400510204081,8.869579081632653,0.5131802721088435,0.4529124149659864,-0.679953231292517
pc_follow,45,5,IS,462,0.19642857142857142,0.5324675324675324,0.9918831168831169,0.375,0.10022385717183051,0.5411255411255411,0.5194805194805194,0.019287260358688885,0.03246753246753242,2352.0,8.28896103896104,7.636363636363637,0.5131802721088435,0.4529124149659864,0.5389707019171306
pc_fade,45,5,IS,462,0.19642857142857142,0.44805194805194803,-0.9918831168831169,-0.375,-0.10022385717183051,0.44372294372294374,0.4805194805194805,-0.0651283240568955,-0.051948051948051965,2352.0,7.636363636363637,8.28896103896104,0.5131802721088435,0.4529124149659864,-1.4447955318491033
putz_follow,45,5,IS,270,0.11479591836734694,0.5259259259259259,0.36944444444444446,0.5,0.1036278390626285,0.5222222222222223,0.5108225108225108,0.01274565381708237,0.025925925925925908,2352.0,6.662037037037037,6.4037037037037035,0.5131802721088435,0.4529124149659864,-0.08346797052154192
putz_fade,45,5,IS,270,0.11479591836734694,0.45555555555555555,-0.36944444444444446,-0.5,-0.1036278390626285,0.4703703703703704,0.48917748917748916,-0.05762471655328799,-0.04444444444444445,2352.0,6.4037037037037035,6.662037037037037,0.5131802721088435,0.4529124149659864,-0.8223568594104309
UNCOND_LONG,45,10,IS,2352,1.0,0.5212585034013606,0.7531887755102041,0.5,0.0796471767768189,0.5263605442176871,0.5278893351182508,0.0,0.021258503401360596,,,,,,
gex_follow,45,10,IS,784,0.3333333333333333,0.49489795918367346,-0.3638392857142857,0.0,-0.01162320138602814,0.4987244897959184,0.5040431266846361,-0.026360544217687132,-0.005102040816326536,2352.0,12.197066326530612,12.464285714285714,0.5212585034013606,0.7531887755102041,-1.1170280612244898
gex_fade,45,10,IS,784,0.3333333333333333,0.4987244897959184,0.3638392857142857,0.0,0.01162320138602814,0.49362244897959184,0.49595687331536387,-0.022534013605442216,-0.0012755102040816202,2352.0,12.464285714285714,12.197066326530612,0.5212585034013606,0.7531887755102041,-0.38934948979591844
pc_follow,45,10,IS,462,0.19642857142857142,0.5086580086580087,-0.04924242424242424,0.25,-0.04191939909680421,0.5086580086580087,0.5192743764172335,-0.012600494743351898,0.008658008658008698,2352.0,11.03517316017316,10.6991341991342,0.5212585034013606,0.7531887755102041,-0.8024311997526283
pc_fade,45,10,IS,462,0.19642857142857142,0.487012987012987,0.04924242424242424,-0.25,0.04191939909680421,0.48268398268398266,0.48072562358276644,-0.03424551638837359,-0.012987012987012991,2352.0,10.6991341991342,11.03517316017316,0.5212585034013606,0.7531887755102041,-0.7039463512677799
putz_follow,45,10,IS,270,0.11479591836734694,0.5444444444444444,0.5333333333333333,0.75,0.173347898341917,0.5296296296296297,0.5247148288973384,0.023185941043083802,0.0444444444444444,2352.0,9.362037037037037,9.161111111111111,0.5212585034013606,0.7531887755102041,-0.2198554421768708
putz_fade,45,10,IS,270,0.11479591836734694,0.43333333333333335,-0.5333333333333333,-0.75,-0.173347898341917,0.4666666666666667,0.4752851711026616,-0.08792517006802725,-0.06666666666666665,2352.0,9.161111111111111,9.362037037037037,0.5212585034013606,0.7531887755102041,-1.2865221088435375
UNCOND_LONG,45,15,IS,2352,1.0,0.532312925170068,0.7464923469387755,0.75,0.10243796226231362,0.5225340136054422,0.5273588970271434,0.0,0.03231292517006801,,,,,,
gex_follow,45,15,IS,784,0.3333333333333333,0.5114795918367347,-0.0784438775510204,0.5,-0.008110715087408304,0.48086734693877553,0.4987012987012987,-0.02083333333333326,0.011479591836734748,2352.0,14.863201530612244,15.374043367346939,0.532312925170068,0.7464923469387755,-0.824936224489796
gex_fade,45,15,IS,784,0.3333333333333333,0.48214285714285715,0.0784438775510204,-0.5,0.008110715087408304,0.5051020408163265,0.5012987012987012,-0.05017006802721086,-0.01785714285714285,2352.0,15.374043367346939,14.863201530612244,0.532312925170068,0.7464923469387755,-0.6680484693877551
pc_follow,45,15,IS,462,0.19642857142857142,0.5173160173160173,0.5925324675324676,0.5,-0.016252764905045125,0.5,0.513215859030837,-0.014996907854050723,0.017316017316017285,2352.0,13.35930735930736,13.345238095238095,0.532312925170068,0.7464923469387755,-0.15395987940630795
pc_fade,45,15,IS,462,0.19642857142857142,0.47835497835497837,-0.5925324675324676,-0.5,0.016252764905045125,0.49134199134199136,0.486784140969163,-0.05395794681508964,-0.021645021645021634,2352.0,13.345238095238095,13.35930735930736,0.532312925170068,0.7464923469387755,-1.339024814471243
putz_follow,45,15,IS,270,0.11479591836734694,0.5333333333333333,0.387037037037037,0.75,0.14986314253524738,0.5,0.5186567164179104,0.0010204081632653184,0.033333333333333326,2352.0,11.762962962962963,11.306481481481482,0.532312925170068,0.7464923469387755,-0.3594553099017385
putz_fade,45,15,IS,270,0.11479591836734694,0.46296296296296297,-0.387037037037037,-0.75,-0.14986314253524738,0.4888888888888889,0.48134328358208955,-0.06934996220710504,-0.037037037037037035,2352.0,11.306481481481482,11.762962962962963,0.532312925170068,0.7464923469387755,-1.1335293839758125
UNCOND_LONG,45,30,IS,2352,1.0,0.5365646258503401,0.43813775510204084,1.125,0.12940581768536907,0.5187074829931972,0.5265638389031705,0.0,0.03656462585034015,,,,,,
gex_follow,45,30,IS,784,0.3333333333333333,0.49489795918367346,0.1288265306122449,0.0,-0.008592279495889373,0.4961734693877551,0.49871134020618557,-0.041666666666666685,-0.005102040816326536,2352.0,21.11065051020408,20.995216836734695,0.5365646258503401,0.43813775510204084,-0.309311224489796
gex_fade,45,30,IS,784,0.3333333333333333,0.49744897959183676,-0.1288265306122449,0.0,0.008592279495889373,0.5,0.5012886597938144,-0.03911564625850339,-0.0025510204081632404,2352.0,20.995216836734695,21.11065051020408,0.5365646258503401,0.43813775510204084,-0.5669642857142857
pc_follow,45,30,IS,462,0.19642857142857142,0.5216450216450217,-1.2456709956709957,1.125,-0.0602383697959872,0.49134199134199136,0.5120350109409191,-0.01491960420531846,0.02164502164502169,2352.0,17.88474025974026,19.36525974025974,0.5365646258503401,0.43813775510204084,-1.6838087507730366
pc_fade,45,30,IS,462,0.19642857142857142,0.474025974025974,1.2456709956709957,-1.125,0.0602383697959872,0.5043290043290043,0.487964989059081,-0.06253865182436613,-0.025974025974025983,2352.0,19.36525974025974,17.88474025974026,0.5365646258503401,0.43813775510204084,0.8075332405689548
putz_follow,45,30,IS,270,0.11479591836734694,0.4925925925925926,-1.0638888888888889,0.0,-0.016295438967206366,0.5037037037037037,0.5186567164179104,-0.04397203325774757,-0.007407407407407418,2352.0,15.262037037037038,16.174074074074074,0.5365646258503401,0.43813775510204084,-1.5020266439909298
putz_fade,45,30,IS,270,0.11479591836734694,0.4962962962962963,1.0638888888888889,0.0,0.016295438967206366,0.4925925925925926,0.48134328358208955,-0.04026832955404386,-0.003703703703703709,2352.0,16.174074074074074,15.262037037037038,0.5365646258503401,0.43813775510204084,0.625751133786848
UNCOND_LONG,45,45,IS,2352,1.0,0.5327380952380952,0.08025085034013606,1.0,0.027733222923939357,0.5097789115646258,0.5268125268125268,0.0,0.03273809523809523,,,,,,
gex_follow,45,45,IS,784,0.3333333333333333,0.5102040816326531,-0.07971938775510204,0.5,0.004860786711028531,0.5051020408163265,0.49806451612903224,-0.02253401360544216,0.010204081632653073,2352.0,25.37436224489796,24.4671556122449,0.5327380952380952,0.08025085034013606,-0.15997023809523808
gex_fade,45,45,IS,784,0.3333333333333333,0.4872448979591837,0.07971938775510204,-0.5,-0.004860786711028531,0.49362244897959184,0.5019354838709678,-0.045493197278911546,-0.012755102040816313,2352.0,24.4671556122449,25.37436224489796,0.5327380952380952,0.08025085034013606,-0.0005314625850340177
pc_follow,45,45,IS,462,0.19642857142857142,0.525974025974026,-1.5487012987012987,0.5,-0.13443861236761878,0.512987012987013,0.5109649122807017,-0.00676406926406925,0.025974025974025983,2352.0,21.3771645021645,22.96482683982684,0.5327380952380952,0.08025085034013606,-1.6289521490414347
pc_fade,45,45,IS,462,0.19642857142857142,0.47186147186147187,1.5487012987012987,-0.5,0.13443861236761878,0.48484848484848486,0.48903508771929827,-0.06087662337662336,-0.02813852813852813,2352.0,22.96482683982684,21.3771645021645,0.5327380952380952,0.08025085034013606,1.4684504483611627
putz_follow,45,45,IS,270,0.11479591836734694,0.4777777777777778,-3.2324074074074076,-0.25,-0.36519778984129403,0.4777777777777778,0.5186567164179104,-0.05496031746031743,-0.0222222222222222,2352.0,18.09722222222222,20.858333333333334,0.5327380952380952,0.08025085034013606,-3.3126582577475436
putz_fade,45,45,IS,270,0.11479591836734694,0.5037037037037037,3.2324074074074076,0.25,0.36519778984129403,0.5185185185185185,0.48134328358208955,-0.02903439153439158,0.0037037037037036535,2352.0,20.858333333333334,18.09722222222222,0.5327380952380952,0.08025085034013606,3.1521565570672716
UNCOND_LONG,45,60,IS,2352,1.0,0.5403911564625851,0.5282738095238095,1.75,0.11182722963501376,0.5144557823129252,0.5266094420600859,0.0,0.040391156462585065,,,,,,
gex_follow,45,60,IS,784,0.3333333333333333,0.5051020408163265,0.0274234693877551,0.625,0.05297048726695189,0.5102040816326531,0.49806451612903224,-0.035289115646258584,0.005102040816326481,2352.0,28.818239795918366,27.931122448979593,0.5403911564625851,0.5282738095238095,-0.5008503401360545
gex_fade,45,60,IS,784,0.3333333333333333,0.4872448979591837,-0.0274234693877551,-0.625,-0.05297048726695189,0.48341836734693877,0.5019354838709678,-0.05314625850340138,-0.012755102040816313,2352.0,27.931122448979593,28.818239795918366,0.5403911564625851,0.5282738095238095,-0.5556972789115646
pc_follow,45,60,IS,462,0.19642857142857142,0.5238095238095238,-1.8587662337662338,1.5,-0.08627413600967852,0.5303030303030303,0.5109649122807017,-0.01658163265306123,0.023809523809523836,2352.0,24.469155844155843,26.760281385281385,0.5403911564625851,0.5282738095238095,-2.3870400432900434
pc_fade,45,60,IS,462,0.19642857142857142,0.461038961038961,1.8587662337662338,-1.5,0.08627413600967852,0.4675324675324675,0.48903508771929827,-0.07935219542362404,-0.038961038961038974,2352.0,26.760281385281385,24.469155844155843,0.5403911564625851,0.5282738095238095,1.3304924242424243
putz_follow,45,60,IS,270,0.11479591836734694,0.48148148148148145,-3.85,-1.125,-0.36904193415744374,0.45555555555555555,0.5168539325842697,-0.05890967498110361,-0.018518518518518545,2352.0,20.19814814814815,23.8,0.5403911564625851,0.5282738095238095,-4.37827380952381
putz_fade,45,60,IS,270,0.11479591836734694,0.5185185185185185,3.85,1.125,0.36904193415744374,0.5407407407407407,0.48314606741573035,-0.021872637944066575,0.01851851851851849,2352.0,23.8,20.19814814814815,0.5403911564625851,0.5282738095238095,3.3217261904761903
UNCOND_LONG,45,5,Validation,753,1.0,0.49269588313413015,-0.11752988047808766,-0.25,-0.01922611538700123,0.4767596281540505,0.48135593220338985,0.0,-0.007304116865869847,,,,,,
gex_follow,45,5,Validation,635,0.8432934926958832,0.510236220472441,-0.28228346456692915,0.5,-0.0002626212617839857,0.5023622047244094,0.5090543259557344,0.01754033733831084,0.010236220472440993,753.0,17.174015748031497,17.729527559055118,0.49269588313413015,-0.11752988047808766,-0.1647535840888415
gex_fade,45,5,Validation,635,0.8432934926958832,0.48503937007874015,0.28228346456692915,-0.5,0.0002626212617839857,0.48976377952755906,0.4909456740442656,-0.007656513055390002,-0.01496062992125985,753.0,17.729527559055118,17.174015748031497,0.49269588313413015,-0.11752988047808766,0.3998133450450168
pc_follow,45,5,Validation,175,0.23240371845949534,0.4857142857142857,-0.4157142857142857,-0.75,0.025567345471652965,0.52,0.5140845070422535,-0.006981597419844443,-0.01428571428571429,753.0,20.195714285714285,21.34285714285714,0.49269588313413015,-0.11752988047808766,-0.29818440523619805
pc_fade,45,5,Validation,175,0.23240371845949534,0.5142857142857142,0.4157142857142857,0.75,-0.025567345471652965,0.4685714285714286,0.4859154929577465,0.021589831151584082,0.014285714285714235,753.0,21.34285714285714,20.195714285714285,0.49269588313413015,-0.11752988047808766,0.5332441661923734
putz_follow,45,5,Validation,81,0.10756972111553785,0.5185185185185185,0.05555555555555555,0.5,0.006053200094801304,0.49382716049382713,0.4696969696969697,0.025822635384388337,0.01851851851851849,753.0,17.419753086419753,16.984567901234566,0.49269588313413015,-0.11752988047808766,0.1730854360336432
putz_fade,45,5,Validation,81,0.10756972111553785,0.48148148148148145,-0.05555555555555555,-0.5,-0.006053200094801304,0.48148148148148145,0.5303030303030303,-0.011214401652648698,-0.018518518518518545,753.0,16.984567901234566,17.419753086419753,0.49269588313413015,-0.11752988047808766,0.061974324922532104
UNCOND_LONG,45,10,Validation,753,1.0,0.5139442231075697,0.3887782204515272,0.5,-0.007466337766776345,0.4900398406374502,0.48756906077348067,0.0,0.013944223107569709,,,,,,
gex_follow,45,10,Validation,635,0.8432934926958832,0.5007874015748032,-0.8933070866141732,0.25,-0.011997752065855832,0.49763779527559054,0.5074135090609555,-0.013156821532766538,0.0007874015748031704,753.0,23.71496062992126,24.988976377952756,0.5139442231075697,0.3887782204515272,-1.2820853070657003
gex_fade,45,10,Validation,635,0.8432934926958832,0.49606299212598426,0.8933070866141732,-0.25,0.011997752065855832,0.5007874015748032,0.4925864909390445,-0.01788123098158545,-0.003937007874015741,753.0,24.988976377952756,23.71496062992126,0.5139442231075697,0.3887782204515272,0.504528866162646
pc_follow,45,10,Validation,175,0.23240371845949534,0.4857142857142857,-1.8071428571428572,-0.5,-0.012911472924185758,0.49714285714285716,0.514792899408284,-0.028229937393284,-0.01428571428571429,753.0,27.082857142857144,29.59857142857143,0.5139442231075697,0.3887782204515272,-2.1959210775943845
pc_fade,45,10,Validation,175,0.23240371845949534,0.5142857142857142,1.8071428571428572,0.5,0.012911472924185758,0.49714285714285716,0.48520710059171596,0.00034149117814452623,0.014285714285714235,753.0,29.59857142857143,27.082857142857144,0.5139442231075697,0.3887782204515272,1.4183646366913298
putz_follow,45,10,Validation,81,0.10756972111553785,0.5432098765432098,1.9228395061728396,3.0,0.12059376577800758,0.5308641975308642,0.4935064935064935,0.029265653435640138,0.043209876543209846,753.0,24.003086419753085,22.953703703703702,0.5139442231075697,0.3887782204515272,1.5340612857213123
putz_fade,45,10,Validation,81,0.10756972111553785,0.43209876543209874,-1.9228395061728396,-3.0,-0.12059376577800758,0.4567901234567901,0.5064935064935064,-0.08184545767547097,-0.06790123456790126,753.0,22.953703703703702,24.003086419753085,0.5139442231075697,0.3887782204515272,-2.311617726624367
UNCOND_LONG,45,15,Validation,753,1.0,0.5298804780876494,0.044820717131474105,2.0,-0.017418137714806187,0.4900398406374502,0.4939434724091521,0.0,0.029880478087649376,,,,,,
gex_follow,45,15,Validation,635,0.8432934926958832,0.49921259842519683,-0.5,0.0,0.01606169334122919,0.48976377952755906,0.5063897763578274,-0.030667879662452546,-0.0007874015748031704,753.0,29.656299212598427,31.22047244094488,0.5298804780876494,0.044820717131474105,-0.5448207171314741
gex_fade,45,15,Validation,635,0.8432934926958832,0.49606299212598426,0.5,0.0,-0.01606169334122919,0.5070866141732283,0.4936102236421725,-0.03381748596166512,-0.003937007874015741,753.0,31.22047244094488,29.656299212598427,0.5298804780876494,0.044820717131474105,0.4551792828685259
pc_follow,45,15,Validation,175,0.23240371845949534,0.49714285714285716,-0.8457142857142858,0.0,0.007720565334719782,0.49142857142857144,0.5174418604651163,-0.03273762094479221,-0.002857142857142836,753.0,33.575714285714284,36.59142857142857,0.5298804780876494,0.044820717131474105,-0.8905350028457598
pc_fade,45,15,Validation,175,0.23240371845949534,0.49714285714285716,0.8457142857142858,0.0,-0.007720565334719782,0.5028571428571429,0.48255813953488375,-0.03273762094479221,-0.002857142857142836,753.0,36.59142857142857,33.575714285714284,0.5298804780876494,0.044820717131474105,0.8008935685828117
putz_follow,45,15,Validation,81,0.10756972111553785,0.6049382716049383,6.817901234567901,7.0,0.2921039177794475,0.5679012345679012,0.4936708860759494,0.07505779351728892,0.1049382716049383,753.0,32.19753086419753,27.15740740740741,0.5298804780876494,0.044820717131474105,6.773080517436427
putz_fade,45,15,Validation,81,0.10756972111553785,0.38271604938271603,-6.817901234567901,-7.0,-0.2921039177794475,0.43209876543209874,0.5063291139240507,-0.14716442870493335,-0.11728395061728397,753.0,27.15740740740741,32.19753086419753,0.5298804780876494,0.044820717131474105,-6.862721951699375
UNCOND_LONG,45,30,Validation,753,1.0,0.5112881806108898,-0.5312084993359893,1.75,-0.06523183826722803,0.5033200531208499,0.4946524064171123,0.0,0.011288180610889764,,,,,,
gex_follow,45,30,Validation,635,0.8432934926958832,0.49921259842519683,-0.5570866141732284,0.0,0.0014983586852810103,0.4818897637795276,0.5079365079365079,-0.012075582185692935,-0.0007874015748031704,753.0,40.89724409448819,42.631889763779526,0.5112881806108898,-0.5312084993359893,-0.025878114837239008
gex_fade,45,30,Validation,635,0.8432934926958832,0.49763779527559054,0.5570866141732284,0.0,-0.0014983586852810103,0.5149606299212598,0.49206349206349204,-0.01365038533529922,-0.0023622047244094557,753.0,42.631889763779526,40.89724409448819,0.5112881806108898,-0.5312084993359893,1.0882951135092176
pc_follow,45,30,Validation,175,0.23240371845949534,0.49714285714285716,-2.837142857142857,0.0,-0.0807827376740567,0.49142857142857144,0.5144508670520231,-0.0141453234680326,-0.002857142857142836,753.0,45.91571428571429,49.44428571428571,0.5112881806108898,-0.5312084993359893,-2.305934357806868
pc_fade,45,30,Validation,175,0.23240371845949534,0.49714285714285716,2.837142857142857,0.0,0.0807827376740567,0.5085714285714286,0.48554913294797686,-0.0141453234680326,-0.002857142857142836,753.0,49.44428571428571,45.91571428571429,0.5112881806108898,-0.5312084993359893,3.3683513564788465
putz_follow,45,30,Validation,81,0.10756972111553785,0.5061728395061729,8.003086419753087,1.5,0.41102821750576696,0.5185185185185185,0.5,-0.005115341104716897,0.006172839506172867,753.0,44.25617283950617,36.45987654320987,0.5112881806108898,-0.5312084993359893,8.534294919089076
putz_fade,45,30,Validation,81,0.10756972111553785,0.48148148148148145,-8.003086419753087,-1.5,-0.41102821750576696,0.48148148148148145,0.5,-0.02980669912940831,-0.018518518518518545,753.0,36.45987654320987,44.25617283950617,0.5112881806108898,-0.5312084993359893,-7.471877920417098
UNCOND_LONG,45,45,Validation,753,1.0,0.5086321381142098,-2.2158034528552455,1.5,-0.19874072412185084,0.49800796812749004,0.4946524064171123,0.0,0.00863213811420982,,,,,,
gex_follow,45,45,Validation,635,0.8432934926958832,0.5007874015748032,-0.8677165354330708,0.75,0.043293625898627335,0.47086614173228347,0.5079365079365079,-0.00784473653940665,0.0007874015748031704,753.0,48.343307086614175,50.04803149606299,0.5086321381142098,-2.2158034528552455,1.3480869174221746
gex_fade,45,45,Validation,635,0.8432934926958832,0.49921259842519683,0.8677165354330708,-0.75,-0.043293625898627335,0.5291338582677165,0.49206349206349204,-0.00941953968901299,-0.0007874015748031704,753.0,50.04803149606299,48.343307086614175,0.5086321381142098,-2.2158034528552455,3.0835199882883164
pc_follow,45,45,Validation,175,0.23240371845949534,0.4742857142857143,-3.6542857142857144,-6.0,-0.06533099300733633,0.4342857142857143,0.5144508670520231,-0.03434642382849551,-0.02571428571428569,753.0,52.64714285714286,58.544285714285714,0.5086321381142098,-2.2158034528552455,-1.4384822614304689
pc_fade,45,45,Validation,175,0.23240371845949534,0.5257142857142857,3.6542857142857144,6.0,0.06533099300733633,0.5657142857142857,0.48554913294797686,0.01708214760007587,0.02571428571428569,753.0,58.544285714285714,52.64714285714286,0.5086321381142098,-2.2158034528552455,5.87008916714096
putz_follow,45,45,Validation,81,0.10756972111553785,0.5185185185185185,8.92283950617284,1.5,0.5025571385537264,0.5185185185185185,0.5,0.00988638040430867,0.01851851851851849,753.0,52.72222222222222,42.30246913580247,0.5086321381142098,-2.2158034528552455,11.138642959028086
putz_fade,45,45,Validation,81,0.10756972111553785,0.48148148148148145,-8.92283950617284,-1.5,-0.5025571385537264,0.48148148148148145,0.5,-0.027150656632728365,-0.018518518518518545,753.0,42.30246913580247,52.72222222222222,0.5086321381142098,-2.2158034528552455,-6.707036053317594
UNCOND_LONG,45,60,Validation,753,1.0,0.5219123505976095,-0.8944223107569721,3.25,-0.13613195303670356,0.50199203187251,0.4946524064171123,0.0,0.021912350597609542,,,,,,
gex_follow,45,60,Validation,635,0.8432934926958832,0.49291338582677163,-2.690157480314961,-0.5,-0.08527269072406866,0.47244094488188976,0.5079365079365079,-0.02899896477083791,-0.007086614173228367,753.0,53.672047244094486,56.89212598425197,0.5219123505976095,-0.8944223107569721,-1.7957351695579886
gex_fade,45,60,Validation,635,0.8432934926958832,0.5055118110236221,2.690157480314961,0.5,0.08527269072406866,0.525984251968504,0.49206349206349204,-0.01640053957398746,0.005511811023622082,753.0,56.89212598425197,53.672047244094486,0.5219123505976095,-0.8944223107569721,3.584579791071933
pc_follow,45,60,Validation,175,0.23240371845949534,0.4857142857142857,-7.257142857142857,-2.0,-0.27409439742969116,0.44,0.5144508670520231,-0.03619806488332383,-0.01428571428571429,753.0,58.044285714285714,67.12714285714286,0.5219123505976095,-0.8944223107569721,-6.362720546385885
pc_fade,45,60,Validation,175,0.23240371845949534,0.5085714285714286,7.257142857142857,2.0,0.27409439742969116,0.5542857142857143,0.48554913294797686,-0.013340922026180979,0.008571428571428563,753.0,67.12714285714286,58.044285714285714,0.5219123505976095,-0.8944223107569721,8.151565167899829
putz_follow,45,60,Validation,81,0.10756972111553785,0.5432098765432098,12.682098765432098,7.0,0.7874754311795296,0.5185185185185185,0.5,0.021297525945600304,0.043209876543209846,753.0,57.33641975308642,46.99074074074074,0.5219123505976095,-0.8944223107569721,13.57652107618907
putz_fade,45,60,Validation,81,0.10756972111553785,0.4567901234567901,-12.682098765432098,-7.0,-0.7874754311795296,0.48148148148148145,0.5,-0.06512222714081944,-0.0432098765432099,753.0,46.99074074074074,57.33641975308642,0.5219123505976095,-0.8944223107569721,-11.787676454675125
UNCOND_LONG,45,5,OOS,400,1.0,0.545,-0.4325,2.875,0.017876432059581875,0.485,0.46688741721854304,0.0,0.04500000000000004,,,,,,
gex_follow,45,5,OOS,375,0.9375,0.4613333333333333,1.0033333333333334,-3.0,0.011898941098913478,0.49866666666666665,0.4876325088339223,-0.08366666666666672,-0.03866666666666668,400.0,26.857333333333333,24.86466666666667,0.545,-0.4325,1.4358333333333335
gex_fade,45,5,OOS,375,0.9375,0.536,-1.0033333333333334,3.0,-0.011898941098913478,0.49866666666666665,0.5123674911660777,-0.009000000000000008,0.03600000000000003,400.0,24.86466666666667,26.857333333333333,0.545,-0.4325,-0.5708333333333334
UNCOND_LONG,45,10,OOS,400,1.0,0.5475,1.06125,4.75,0.05697081829302519,0.5125,0.4909560723514212,0.0,0.04749999999999999,,,,,,
gex_follow,45,10,OOS,375,0.9375,0.456,-1.6006666666666667,-3.75,-0.10338510806445604,0.4693333333333333,0.47790055248618785,-0.09149999999999997,-0.043999999999999984,400.0,37.63333333333333,38.04666666666667,0.5475,1.06125,-2.6619166666666665
gex_fade,45,10,OOS,375,0.9375,0.544,1.6006666666666667,3.75,0.10338510806445604,0.528,0.5220994475138122,-0.0034999999999999476,0.04400000000000004,400.0,38.04666666666667,37.63333333333333,0.5475,1.06125,0.5394166666666667
UNCOND_LONG,45,15,OOS,400,1.0,0.5175,-1.09875,3.25,-0.01991680553743618,0.51,0.4962025316455696,0.0,0.01749999999999996,,,,,,
gex_follow,45,15,OOS,375,0.9375,0.49333333333333335,-0.10666666666666667,0.0,-0.055854481176959285,0.4746666666666667,0.47297297297297297,-0.024166666666666614,-0.006666666666666654,400.0,45.443333333333335,45.052,0.5175,-1.09875,0.9920833333333332
gex_fade,45,15,OOS,375,0.9375,0.49866666666666665,0.10666666666666667,0.0,0.055854481176959285,0.5253333333333333,0.527027027027027,-0.018833333333333313,-0.001333333333333353,400.0,45.052,45.443333333333335,0.5175,-1.09875,1.2054166666666666
UNCOND_LONG,45,30,OOS,400,1.0,0.5325,-1.04875,3.875,0.006668638641845614,0.4975,0.494949494949495,0.0,0.03249999999999997,,,,,,
gex_follow,45,30,OOS,375,0.9375,0.5093333333333333,1.892,1.5,-0.01385941060236913,0.496,0.4743935309973046,-0.02316666666666667,0.009333333333333305,400.0,62.09733333333333,58.732,0.5325,-1.04875,2.94075
gex_fade,45,30,OOS,375,0.9375,0.49066666666666664,-1.892,-1.5,0.01385941060236913,0.5013333333333333,0.5256064690026954,-0.041833333333333333,-0.00933333333333336,400.0,58.732,62.09733333333333,0.5325,-1.04875,-0.8432499999999998
UNCOND_LONG,45,45,OOS,400,1.0,0.53,-1.928125,6.25,-0.06986941320936327,0.485,0.494949494949495,0.0,0.030000000000000027,,,,,,
gex_follow,45,45,OOS,375,0.9375,0.48,0.8293333333333334,-1.75,-0.035108550706190976,0.512,0.4743935309973046,-0.050000000000000044,-0.020000000000000018,400.0,75.66333333333333,68.63,0.53,-1.928125,2.7574583333333336
gex_fade,45,45,OOS,375,0.9375,0.52,-0.8293333333333334,1.75,0.035108550706190976,0.48533333333333334,0.5256064690026954,-0.010000000000000009,0.020000000000000018,400.0,68.63,75.66333333333333,0.53,-1.928125,1.0987916666666666
UNCOND_LONG,45,60,OOS,400,1.0,0.5525,-2.41,12.875,-0.049477090962636,0.4925,0.494949494949495,0.0,0.05249999999999999,,,,,,
gex_follow,45,60,OOS,375,0.9375,0.4693333333333333,1.0786666666666667,-8.25,-0.0594591749374663,0.5146666666666667,0.4743935309973046,-0.08316666666666667,-0.030666666666666675,400.0,83.58533333333334,76.132,0.5525,-2.41,3.488666666666667
gex_fade,45,60,OOS,375,0.9375,0.5306666666666666,-1.0786666666666667,8.25,0.0594591749374663,0.4826666666666667,0.5256064690026954,-0.02183333333333337,0.03066666666666662,400.0,76.132,83.58533333333334,0.5525,-2.41,1.3313333333333335
UNCOND_LONG,60,5,IS,2352,1.0,0.49787414965986393,-0.14965986394557823,0.0,0.008419677683037599,0.5085034013605442,0.5082051282051282,0.0,-0.0021258503401360707,,,,,,
gex_follow,60,5,IS,784,0.3333333333333333,0.514030612244898,0.6820790816326531,0.375,0.030778278066045436,0.5,0.48619631901840493,0.01615646258503406,0.014030612244897989,2352.0,8.794323979591837,8.237563775510203,0.49787414965986393,-0.14965986394557823,0.8317389455782314
gex_fade,60,5,IS,784,0.3333333333333333,0.45918367346938777,-0.6820790816326531,-0.375,-0.030778278066045436,0.49107142857142855,0.5138036809815951,-0.038690476190476164,-0.040816326530612235,2352.0,8.237563775510203,8.794323979591837,0.49787414965986393,-0.14965986394557823,-0.5324192176870748
pc_follow,60,5,IS,462,0.19642857142857142,0.49783549783549785,-0.5752164502164502,0.0,-0.03643909262392648,0.49567099567099565,0.4666666666666667,-3.865182436607606e-05,-0.0021645021645021467,2352.0,7.234848484848484,7.929112554112554,0.49787414965986393,-0.14965986394557823,-0.42555658627087195
pc_fade,60,5,IS,462,0.19642857142857142,0.47835497835497837,0.5752164502164502,0.0,0.03643909262392648,0.49134199134199136,0.5333333333333333,-0.019519171304885563,-0.021645021645021634,2352.0,7.929112554112554,7.234848484848484,0.49787414965986393,-0.14965986394557823,0.7248763141620285
putz_follow,60,5,IS,270,0.11479591836734694,0.4148148148148148,-1.9092592592592592,-1.0,-0.24714150472110769,0.43333333333333335,0.42857142857142855,-0.08305933484504913,-0.0851851851851852,2352.0,5.1342592592592595,7.037037037037037,0.49787414965986393,-0.14965986394557823,-1.759599395313681
putz_fade,60,5,IS,270,0.11479591836734694,0.5592592592592592,1.9092592592592592,1.0,0.24714150472110769,0.5592592592592592,0.5714285714285714,0.061385109599395304,0.059259259259259234,2352.0,7.037037037037037,5.1342592592592595,0.49787414965986393,-0.14965986394557823,2.0589191232048374
UNCOND_LONG,60,10,IS,2352,1.0,0.5072278911564626,-0.2919855442176871,0.25,0.01493006094676758,0.4953231292517007,0.5088183421516755,0.0,0.007227891156462607,,,,,,
gex_follow,60,10,IS,784,0.3333333333333333,0.5089285714285714,0.5089285714285714,0.5,0.0020807467594157235,0.5063775510204082,0.48148148148148145,0.00170068027210879,0.008928571428571397,2352.0,12.34343112244898,11.536670918367347,0.5072278911564626,-0.2919855442176871,0.8009141156462585
gex_fade,60,10,IS,784,0.3333333333333333,0.48214285714285715,-0.5089285714285714,-0.5,-0.0020807467594157235,0.47831632653061223,0.5185185185185185,-0.025085034013605456,-0.01785714285714285,2352.0,11.536670918367347,12.34343112244898,0.5072278911564626,-0.2919855442176871,-0.21694302721088432
pc_follow,60,10,IS,462,0.19642857142857142,0.5043290043290043,-0.9886363636363636,0.25,0.0026777005655179327,0.487012987012987,0.4711111111111111,-0.0028988868274583135,0.0043290043290042934,2352.0,9.842532467532468,11.445887445887445,0.5072278911564626,-0.2919855442176871,-0.6966508194186766
pc_fade,60,10,IS,462,0.19642857142857142,0.4805194805194805,0.9886363636363636,-0.25,-0.0026777005655179327,0.5021645021645021,0.5288888888888889,-0.026708410636982094,-0.019480519480519487,2352.0,11.445887445887445,9.842532467532468,0.5072278911564626,-0.2919855442176871,1.2806219078540506
putz_follow,60,10,IS,270,0.11479591836734694,0.4444444444444444,-1.9416666666666667,-0.75,-0.19764109918744083,0.4444444444444444,0.4461538461538462,-0.06278344671201819,-0.05555555555555558,2352.0,7.377777777777778,9.942592592592593,0.5072278911564626,-0.2919855442176871,-1.6496811224489796
putz_fade,60,10,IS,270,0.11479591836734694,0.5481481481481482,1.9416666666666667,0.75,0.19764109918744083,0.5370370370370371,0.5538461538461539,0.040920256991685555,0.04814814814814816,2352.0,9.942592592592593,7.377777777777778,0.5072278911564626,-0.2919855442176871,2.2336522108843537
UNCOND_LONG,60,15,IS,2352,1.0,0.5136054421768708,-0.3101615646258503,0.25,0.03404671467668689,0.4991496598639456,0.508182601205857,0.0,0.013605442176870763,,,,,,
gex_follow,60,15,IS,784,0.3333333333333333,0.49362244897959184,0.19642857142857142,0.0,-0.007714447137286669,0.514030612244898,0.4805699481865285,-0.01998299319727892,-0.0063775510204081565,2352.0,14.833864795918368,14.198022959183673,0.5136054421768708,-0.3101615646258503,0.5065901360544217
gex_fade,60,15,IS,784,0.3333333333333333,0.49362244897959184,-0.19642857142857142,0.0,0.007714447137286669,0.47959183673469385,0.5194300518134715,-0.01998299319727892,-0.0063775510204081565,2352.0,14.198022959183673,14.833864795918368,0.5136054421768708,-0.3101615646258503,0.11373299319727889
pc_follow,60,15,IS,462,0.19642857142857142,0.5043290043290043,-1.8511904761904763,0.25,-0.029158013362012885,0.49134199134199136,0.47921225382932164,-0.00927643784786647,0.0043290043290042934,2352.0,11.564935064935066,14.097943722943723,0.5136054421768708,-0.3101615646258503,-1.5410289115646258
pc_fade,60,15,IS,462,0.19642857142857142,0.48917748917748916,1.8511904761904763,-0.25,0.029158013362012885,0.5021645021645021,0.5207877461706784,-0.024427952999381608,-0.010822510822510845,2352.0,14.097943722943723,11.564935064935066,0.5136054421768708,-0.3101615646258503,2.1613520408163267
putz_follow,60,15,IS,270,0.11479591836734694,0.45925925925925926,-1.4564814814814815,-1.0,-0.1890006542559407,0.43333333333333335,0.4490566037735849,-0.05434618291761151,-0.040740740740740744,2352.0,9.423148148148147,11.856481481481481,0.5136054421768708,-0.3101615646258503,-1.146319916855631
putz_fade,60,15,IS,270,0.11479591836734694,0.5370370370370371,1.4564814814814815,1.0,0.1890006542559407,0.5444444444444444,0.5509433962264151,0.023431594860166327,0.03703703703703709,2352.0,11.856481481481481,9.423148148148147,0.5136054421768708,-0.3101615646258503,1.766643046107332
UNCOND_LONG,60,30,IS,2352,1.0,0.5102040816326531,-0.6680484693877551,0.5,-0.07534961366437609,0.4961734693877551,0.507950150408251,0.0,0.010204081632653073,,,,,,
gex_follow,60,30,IS,784,0.3333333333333333,0.5089285714285714,-0.01211734693877551,0.5,0.005792766137607452,0.4961734693877551,0.4792746113989637,-0.0012755102040816757,0.008928571428571397,2352.0,20.2828443877551,19.271045918367346,0.5102040816326531,-0.6680484693877551,0.6559311224489796
gex_fade,60,30,IS,784,0.3333333333333333,0.48214285714285715,0.01211734693877551,-0.5,-0.005792766137607452,0.4987244897959184,0.5207253886010362,-0.028061224489795922,-0.01785714285714285,2352.0,19.271045918367346,20.2828443877551,0.5102040816326531,-0.6680484693877551,0.6801658163265306
pc_follow,60,30,IS,462,0.19642857142857142,0.512987012987013,-2.154220779220779,0.5,-0.11889960993551137,0.47619047619047616,0.477124183006536,0.002782931354359919,0.012987012987012991,2352.0,16.06331168831169,19.244588744588743,0.5102040816326531,-0.6680484693877551,-1.486172309833024
pc_fade,60,30,IS,462,0.19642857142857142,0.4696969696969697,2.154220779220779,-0.5,0.11889960993551137,0.5216450216450217,0.5228758169934641,-0.04050711193568335,-0.030303030303030276,2352.0,19.244588744588743,16.06331168831169,0.5102040816326531,-0.6680484693877551,2.822269248608534
putz_follow,60,30,IS,270,0.11479591836734694,0.42592592592592593,-3.625,-1.25,-0.557657783373563,0.4074074074074074,0.449438202247191,-0.08427815570672714,-0.07407407407407407,2352.0,13.346296296296297,17.825,0.5102040816326531,-0.6680484693877551,-2.956951530612245
putz_fade,60,30,IS,270,0.11479591836734694,0.5592592592592592,3.625,1.25,0.557657783373563,0.5888888888888889,0.550561797752809,0.04905517762660616,0.059259259259259234,2352.0,17.825,13.346296296296297,0.5102040816326531,-0.6680484693877551,4.293048469387755
UNCOND_LONG,60,45,IS,2352,1.0,0.5314625850340136,-0.22002551020408162,1.0,0.019199089638662042,0.5034013605442177,0.5079638398622471,0.0,0.03146258503401356,,,,,,
gex_follow,60,45,IS,784,0.3333333333333333,0.5051020408163265,0.09502551020408163,0.25,0.04683947574694567,0.5025510204081632,0.4785992217898833,-0.026360544217687076,0.005102040816326481,2352.0,24.51530612244898,23.352359693877553,0.5314625850340136,-0.22002551020408162,0.31505102040816324
gex_fade,60,45,IS,784,0.3333333333333333,0.49107142857142855,-0.09502551020408163,-0.25,-0.04683947574694567,0.4897959183673469,0.5214007782101168,-0.04039115646258501,-0.008928571428571452,2352.0,23.352359693877553,24.51530612244898,0.5314625850340136,-0.22002551020408162,0.12499999999999999
pc_follow,60,45,IS,462,0.19642857142857142,0.5281385281385281,-2.4642857142857144,1.0,-0.054931328492594966,0.49134199134199136,0.477124183006536,-0.0033240568954854277,0.02813852813852813,2352.0,19.849025974025974,23.535714285714285,0.5314625850340136,-0.22002551020408162,-2.2442602040816326
pc_fade,60,45,IS,462,0.19642857142857142,0.4653679653679654,2.4642857142857144,-1.0,0.054931328492594966,0.49783549783549785,0.5228758169934641,-0.06609461966604818,-0.034632034632034625,2352.0,23.535714285714285,19.849025974025974,0.5314625850340136,-0.22002551020408162,2.684311224489796
putz_follow,60,45,IS,270,0.11479591836734694,0.42962962962962964,-4.242592592592593,-1.75,-0.5608262325833079,0.4185185185185185,0.449438202247191,-0.10183295540438392,-0.07037037037037036,2352.0,15.981481481481481,21.118518518518517,0.5314625850340136,-0.22002551020408162,-4.022567082388512
putz_fade,60,45,IS,270,0.11479591836734694,0.5666666666666667,4.242592592592593,1.75,0.5608262325833079,0.5777777777777777,0.550561797752809,0.035204081632653095,0.06666666666666665,2352.0,21.118518518518517,15.981481481481481,0.5314625850340136,-0.22002551020408162,4.462618102796674
UNCOND_LONG,60,60,IS,2352,1.0,0.5412414965986394,0.00233843537414966,1.5,0.07299607536335713,0.5123299319727891,0.5077519379844961,0.0,0.041241496598639404,,,,,,
gex_follow,60,60,IS,784,0.3333333333333333,0.4770408163265306,-0.28603316326530615,-1.0,-0.051536777399976946,0.5025510204081632,0.4785992217898833,-0.06420068027210879,-0.022959183673469385,2352.0,27.788903061224488,26.70344387755102,0.5412414965986394,0.00233843537414966,-0.28837159863945583
gex_fade,60,60,IS,784,0.3333333333333333,0.5229591836734694,0.28603316326530615,1.0,0.051536777399976946,0.49362244897959184,0.5214007782101168,-0.01828231292517002,0.022959183673469385,2352.0,26.70344387755102,27.788903061224488,0.5412414965986394,0.00233843537414966,0.28369472789115646
pc_follow,60,60,IS,462,0.19642857142857142,0.49567099567099565,-2.800324675324675,0.0,-0.16332127526416607,0.49134199134199136,0.477124183006536,-0.04557050092764375,-0.004329004329004349,2352.0,22.682900432900432,27.033549783549784,0.5412414965986394,0.00233843537414966,-2.8026631106988247
pc_fade,60,60,IS,462,0.19642857142857142,0.49783549783549785,2.800324675324675,0.0,0.16332127526416607,0.5064935064935064,0.5228758169934641,-0.04340599876314155,-0.0021645021645021467,2352.0,27.033549783549784,22.682900432900432,0.5412414965986394,0.00233843537414966,2.7979862399505255
putz_follow,60,60,IS,270,0.11479591836734694,0.5037037037037037,-3.6175925925925925,0.25,-0.3483621414368714,0.44814814814814813,0.449438202247191,-0.03753779289493575,0.0037037037037036535,2352.0,17.61574074074074,23.956481481481482,0.5412414965986394,0.00233843537414966,-3.619931027966742
putz_fade,60,60,IS,270,0.11479591836734694,0.4925925925925926,3.6175925925925925,-0.25,0.3483621414368714,0.5481481481481482,0.550561797752809,-0.04864890400604682,-0.007407407407407418,2352.0,23.956481481481482,17.61574074074074,0.5412414965986394,0.00233843537414966,3.615254157218443
UNCOND_LONG,60,5,Validation,753,1.0,0.50066401062417,-0.6915670650730412,0.25,-0.040802575414979746,0.5046480743691899,0.5128617363344051,0.0,0.0006640106241699861,,,,,,
gex_follow,60,5,Validation,635,0.8432934926958832,0.49763779527559054,-0.7448818897637796,0.0,-0.04272530136930607,0.49921259842519683,0.49423076923076925,-0.003026215348579442,-0.0023622047244094557,753.0,16.118503937007873,17.137007874015747,0.50066401062417,-0.6915670650730412,-0.05331482469073834
gex_fade,60,5,Validation,635,0.8432934926958832,0.49763779527559054,0.7448818897637796,0.0,0.04272530136930607,0.49921259842519683,0.5057692307692307,-0.003026215348579442,-0.0023622047244094557,753.0,17.137007874015747,16.118503937007873,0.50066401062417,-0.6915670650730412,1.4364489548368207
pc_follow,60,5,Validation,175,0.23240371845949534,0.46285714285714286,-1.8657142857142857,-1.25,-0.09021018353796807,0.4685714285714286,0.45652173913043476,-0.03780686776702713,-0.037142857142857144,753.0,17.404285714285713,20.675714285714285,0.50066401062417,-0.6915670650730412,-1.1741472206412444
pc_fade,60,5,Validation,175,0.23240371845949534,0.5314285714285715,1.8657142857142857,1.25,0.09021018353796807,0.5314285714285715,0.5434782608695652,0.030764560804401486,0.03142857142857147,753.0,20.675714285714285,17.404285714285713,0.50066401062417,-0.6915670650730412,2.557281350787327
putz_follow,60,5,Validation,81,0.10756972111553785,0.4691358024691358,-0.9783950617283951,-0.5,0.0034895710463017115,0.5308641975308642,0.5303030303030303,-0.03152820815503421,-0.030864197530864224,753.0,14.743827160493828,15.38888888888889,0.50066401062417,-0.6915670650730412,-0.28682799665535386
putz_fade,60,5,Validation,81,0.10756972111553785,0.5061728395061729,0.9783950617283951,0.5,-0.0034895710463017115,0.4691358024691358,0.4696969696969697,0.005508828882002881,0.006172839506172867,753.0,15.38888888888889,14.743827160493828,0.50066401062417,-0.6915670650730412,1.6699621268014364
UNCOND_LONG,60,10,Validation,753,1.0,0.5152722443559097,-1.199203187250996,1.0,-0.06806431577280551,0.4847277556440903,0.5136986301369864,0.0,0.015272244355909681,,,,,,
gex_follow,60,10,Validation,635,0.8432934926958832,0.5196850393700787,0.2929133858267717,1.0,0.01575794239821163,0.5228346456692914,0.5089430894308943,0.004412795014169024,0.019685039370078705,753.0,22.966141732283464,23.772834645669292,0.5152722443559097,-1.199203187250996,1.4921165730777677
gex_fade,60,10,Validation,635,0.8432934926958832,0.47716535433070867,-0.2929133858267717,-1.0,-0.01575794239821163,0.4755905511811024,0.49105691056910566,-0.03810689002520101,-0.02283464566929133,753.0,23.772834645669292,22.966141732283464,0.5152722443559097,-1.199203187250996,0.9062898014242244
pc_follow,60,10,Validation,175,0.23240371845949534,0.5085714285714286,0.6857142857142857,0.75,0.04417278315836577,0.5028571428571429,0.47953216374269003,-0.006700815784481118,0.008571428571428563,753.0,26.145714285714284,28.475714285714286,0.5152722443559097,-1.199203187250996,1.8849174729652818
pc_fade,60,10,Validation,175,0.23240371845949534,0.4857142857142857,-0.6857142857142857,-0.75,-0.04417278315836577,0.49714285714285716,0.52046783625731,-0.02955795864162397,-0.01428571428571429,753.0,28.475714285714286,26.145714285714284,0.5152722443559097,-1.199203187250996,0.5134889015367103
putz_follow,60,10,Validation,81,0.10756972111553785,0.4444444444444444,-2.0833333333333335,-2.25,-0.11676237746497371,0.4691358024691358,0.5384615384615384,-0.07082779991146526,-0.05555555555555558,753.0,20.515432098765434,22.685185185185187,0.5152722443559097,-1.199203187250996,-0.8841301460823374
putz_fade,60,10,Validation,81,0.10756972111553785,0.5555555555555556,2.0833333333333335,2.25,0.11676237746497371,0.5308641975308642,0.46153846153846156,0.0402833111996459,0.05555555555555558,753.0,22.685185185185187,20.515432098765434,0.5152722443559097,-1.199203187250996,3.2825365205843298
UNCOND_LONG,60,15,Validation,753,1.0,0.5285524568393094,-0.5859893758300133,2.25,-0.037046610599136214,0.48339973439575035,0.5106951871657754,0.0,0.028552456839309404,,,,,,
gex_follow,60,15,Validation,635,0.8432934926958832,0.49133858267716535,-0.0531496062992126,-0.5,-0.008316715175757189,0.5118110236220472,0.5063492063492063,-0.037213874162144056,-0.008661417322834652,753.0,27.925590551181102,28.31023622047244,0.5285524568393094,-0.5859893758300133,0.5328397695308007
gex_fade,60,15,Validation,635,0.8432934926958832,0.5070866141732283,0.0531496062992126,0.5,0.008316715175757189,0.48661417322834644,0.4936507936507937,-0.021465842666081092,0.007086614173228312,753.0,28.31023622047244,27.925590551181102,0.5285524568393094,-0.5859893758300133,0.6391389821292259
pc_follow,60,15,Validation,175,0.23240371845949534,0.4514285714285714,-1.95,-4.0,-0.05344766558642472,0.5028571428571429,0.4742857142857143,-0.077123885410738,-0.0485714285714286,753.0,31.33142857142857,33.621428571428574,0.5285524568393094,-0.5859893758300133,-1.3640106241699868
pc_fade,60,15,Validation,175,0.23240371845949534,0.5485714285714286,1.95,4.0,0.05344766558642472,0.49714285714285716,0.5257142857142857,0.020018971732119195,0.0485714285714286,753.0,33.621428571428574,31.33142857142857,0.5285524568393094,-0.5859893758300133,2.535989375830013
putz_follow,60,15,Validation,81,0.10756972111553785,0.5308641975308642,1.0987654320987654,1.0,0.1270127010805677,0.49382716049382713,0.5555555555555556,0.00231174069155482,0.030864197530864224,753.0,25.382716049382715,26.32716049382716,0.5285524568393094,-0.5859893758300133,1.6847548079287789
putz_fade,60,15,Validation,81,0.10756972111553785,0.4567901234567901,-1.0987654320987654,-1.0,-0.1270127010805677,0.5061728395061729,0.4444444444444444,-0.0717623333825193,-0.0432098765432099,753.0,26.32716049382716,25.382716049382715,0.5285524568393094,-0.5859893758300133,-0.5127760562687521
UNCOND_LONG,60,30,Validation,753,1.0,0.4900398406374502,-2.2705843293492696,-1.0,-0.17884977479593453,0.48871181938911024,0.5113788487282463,0.0,-0.009960159362549792,,,,,,
gex_follow,60,30,Validation,635,0.8432934926958832,0.49763779527559054,-0.3637795275590551,0.0,0.032898705578038506,0.510236220472441,0.5023847376788553,0.007597954638140336,-0.0023622047244094557,753.0,37.98425196850393,38.85944881889764,0.4900398406374502,-2.2705843293492696,1.9068048017902144
gex_fade,60,30,Validation,635,0.8432934926958832,0.49921259842519683,0.3637795275590551,0.0,-0.032898705578038506,0.48976377952755906,0.49761526232114467,0.009172757787746622,-0.0007874015748031704,753.0,38.85944881889764,37.98425196850393,0.4900398406374502,-2.2705843293492696,2.6343638569083248
pc_follow,60,30,Validation,175,0.23240371845949534,0.5028571428571429,-2.7671428571428573,1.5,-0.03324087982660781,0.5028571428571429,0.4682080924855491,0.012817302219692683,0.0028571428571428914,753.0,42.114285714285714,46.87285714285714,0.4900398406374502,-2.2705843293492696,-0.4965585277935878
pc_fade,60,30,Validation,175,0.23240371845949534,0.49714285714285716,2.7671428571428573,-1.5,0.03324087982660781,0.49714285714285716,0.5317919075144508,0.007103016505406956,-0.002857142857142836,753.0,46.87285714285714,42.114285714285714,0.4900398406374502,-2.2705843293492696,5.037727186492127
putz_follow,60,30,Validation,81,0.10756972111553785,0.5061728395061729,2.0185185185185186,0.75,0.2092649327887263,0.5432098765432098,0.5625,0.01613299886872266,0.006172839506172867,753.0,37.29320987654321,35.52160493827161,0.4900398406374502,-2.2705843293492696,4.289102847867788
putz_fade,60,30,Validation,81,0.10756972111553785,0.49382716049382713,-2.0185185185185186,-0.75,-0.2092649327887263,0.4567901234567901,0.4375,0.003787319856376925,-0.006172839506172867,753.0,35.52160493827161,37.29320987654321,0.4900398406374502,-2.2705843293492696,0.25206581083075097
UNCOND_LONG,60,45,Validation,753,1.0,0.50199203187251,-0.9492031872509961,0.25,-0.10717998385969081,0.48738379814077026,0.5113788487282463,0.0,0.0019920318725099584,,,,,,
gex_follow,60,45,Validation,635,0.8432934926958832,0.49606299212598426,-2.186220472440945,-0.75,-0.09805206125787126,0.5007874015748032,0.5023847376788553,-0.005929039746525699,-0.003937007874015741,753.0,44.63700787401575,46.98779527559055,0.50199203187251,-0.9492031872509961,-1.237017285189949
gex_fade,60,45,Validation,635,0.8432934926958832,0.5023622047244094,2.186220472440945,0.75,0.09805206125787126,0.49921259842519683,0.49761526232114467,0.0003701728518994418,0.0023622047244094,753.0,46.98779527559055,44.63700787401575,0.50199203187251,-0.9492031872509961,3.1354236596919414
pc_follow,60,45,Validation,175,0.23240371845949534,0.4742857142857143,-6.37,-4.5,-0.2563304959330701,0.5028571428571429,0.4682080924855491,-0.027706317586795648,-0.02571428571428569,753.0,49.36857142857143,57.36857142857143,0.50199203187251,-0.9492031872509961,-5.420796812749004
pc_fade,60,45,Validation,175,0.23240371845949534,0.52,6.37,4.5,0.2563304959330701,0.49714285714285716,0.5317919075144508,0.01800796812749006,0.020000000000000018,753.0,57.36857142857143,49.36857142857143,0.50199203187251,-0.9492031872509961,7.319203187250996
putz_follow,60,45,Validation,81,0.10756972111553785,0.5802469135802469,5.777777777777778,13.0,0.5449797795372828,0.49382716049382713,0.5625,0.07825488170773698,0.08024691358024694,753.0,43.72530864197531,42.10493827160494,0.50199203187251,-0.9492031872509961,6.7269809650287735
putz_fade,60,45,Validation,81,0.10756972111553785,0.41975308641975306,-5.777777777777778,-13.0,-0.5449797795372828,0.5061728395061729,0.4375,-0.0822389454527569,-0.08024691358024694,753.0,42.10493827160494,43.72530864197531,0.50199203187251,-0.9492031872509961,-4.828574590526782
UNCOND_LONG,60,60,Validation,753,1.0,0.5245683930942895,0.398074369189907,3.25,0.0012282939145311716,0.48738379814077026,0.5107238605898123,0.0,0.024568393094289487,,,,,,
gex_follow,60,60,Validation,635,0.8432934926958832,0.5070866141732283,-1.986220472440945,0.75,-0.07642899003752347,0.4881889763779528,0.5015923566878981,-0.017481778921061175,0.007086614173228312,753.0,49.56929133858268,52.088976377952754,0.5245683930942895,0.398074369189907,-2.384294841630852
gex_fade,60,60,Validation,635,0.8432934926958832,0.48976377952755906,1.986220472440945,-0.75,0.07642899003752347,0.510236220472441,0.4984076433121019,-0.034804613566730425,-0.010236220472440938,753.0,52.088976377952754,49.56929133858268,0.5245683930942895,0.398074369189907,1.588146103251038
pc_follow,60,60,Validation,175,0.23240371845949534,0.48,-9.234285714285715,-2.5,-0.33902229310621435,0.4857142857142857,0.4682080924855491,-0.044568393094289505,-0.020000000000000018,753.0,53.69857142857143,65.10285714285715,0.5245683930942895,0.398074369189907,-9.632360083475621
pc_fade,60,60,Validation,175,0.23240371845949534,0.52,9.234285714285715,2.5,0.33902229310621435,0.5085714285714286,0.5317919075144508,-0.004568393094289469,0.020000000000000018,753.0,65.10285714285715,53.69857142857143,0.5245683930942895,0.398074369189907,8.836211345095808
putz_follow,60,60,Validation,81,0.10756972111553785,0.5555555555555556,3.003086419753086,4.75,0.456196911736836,0.5185185185185185,0.5625,0.030987162461266093,0.05555555555555558,753.0,48.07716049382716,46.626543209876544,0.5245683930942895,0.398074369189907,2.6050120505631793
putz_fade,60,60,Validation,81,0.10756972111553785,0.43209876543209874,-3.003086419753086,-4.75,-0.456196911736836,0.48148148148148145,0.4375,-0.09246962766219075,-0.06790123456790126,753.0,46.626543209876544,48.07716049382716,0.5245683930942895,0.398074369189907,-3.401160788942993
UNCOND_LONG,60,5,OOS,400,1.0,0.5375,1.021875,1.875,0.0542399618249267,0.495,0.476038338658147,0.0,0.03749999999999998,,,,,,
gex_follow,60,5,OOS,375,0.9375,0.47733333333333333,-1.076,-1.5,-0.0619513432981038,0.496,0.488135593220339,-0.060166666666666646,-0.02266666666666667,400.0,23.997333333333334,24.684666666666665,0.5375,1.021875,-2.097875
gex_fade,60,5,OOS,375,0.9375,0.5226666666666666,1.076,1.5,0.0619513432981038,0.49866666666666665,0.511864406779661,-0.014833333333333365,0.022666666666666613,400.0,24.684666666666665,23.997333333333334,0.5375,1.021875,0.05412499999999998
UNCOND_LONG,60,10,OOS,400,1.0,0.5225,2.756875,2.25,0.14283573778296904,0.53,0.48412698412698413,0.0,0.022499999999999964,,,,,,
gex_follow,60,10,OOS,375,0.9375,0.5253333333333333,0.38866666666666666,1.25,-0.0065935174061246046,0.5013333333333333,0.4971751412429379,0.0028333333333333544,0.02533333333333332,400.0,33.65533333333333,34.442,0.5225,2.756875,-2.3682083333333335
gex_fade,60,10,OOS,375,0.9375,0.4746666666666667,-0.38866666666666666,-1.25,0.0065935174061246046,0.496,0.5028248587570622,-0.04783333333333328,-0.02533333333333332,400.0,34.442,33.65533333333333,0.5225,2.756875,-3.1455416666666665
UNCOND_LONG,60,15,OOS,400,1.0,0.505,0.048125,1.375,0.022327297381884124,0.5,0.4896907216494845,0.0,0.0050000000000000044,,,,,,
gex_follow,60,15,OOS,375,0.9375,0.5146666666666667,1.996,2.25,0.04026027922921447,0.5146666666666667,0.5013698630136987,0.009666666666666712,0.014666666666666717,400.0,41.15133333333333,39.478,0.505,0.048125,1.947875
gex_fade,60,15,OOS,375,0.9375,0.4826666666666667,-1.996,-2.25,-0.04026027922921447,0.48533333333333334,0.4986301369863014,-0.022333333333333316,-0.01733333333333331,400.0,39.478,41.15133333333333,0.505,0.048125,-2.044125
UNCOND_LONG,60,30,OOS,400,1.0,0.525,-0.83125,4.0,-0.05374238333052345,0.51,0.4910025706940874,0.0,0.025000000000000022,,,,,,
gex_follow,60,30,OOS,375,0.9375,0.4746666666666667,0.9333333333333333,-4.25,0.02769865993890449,0.52,0.4958904109589041,-0.05033333333333334,-0.02533333333333332,400.0,58.61666666666667,53.48866666666667,0.525,-0.83125,1.7645833333333334
gex_fade,60,30,OOS,375,0.9375,0.5253333333333333,-0.9333333333333333,4.25,-0.02769865993890449,0.48,0.5041095890410959,0.0003333333333332966,0.02533333333333332,400.0,53.48866666666667,58.61666666666667,0.525,-0.83125,-0.1020833333333333
UNCOND_LONG,60,45,OOS,400,1.0,0.5375,-1.313125,4.125,-0.03465328425352404,0.5,0.49226804123711343,0.0,0.03749999999999998,,,,,,
gex_follow,60,45,OOS,375,0.9375,0.48,1.1826666666666668,-2.5,-0.005427891567524171,0.49333333333333335,0.4945054945054945,-0.057499999999999996,-0.020000000000000018,400.0,68.134,63.20666666666666,0.5375,-1.313125,2.495791666666667
gex_fade,60,45,OOS,375,0.9375,0.5173333333333333,-1.1826666666666668,2.5,0.005427891567524171,0.5066666666666667,0.5054945054945055,-0.020166666666666666,0.01733333333333331,400.0,63.20666666666666,68.134,0.5375,-1.313125,0.13045833333333334
UNCOND_LONG,60,60,OOS,400,1.0,0.525,-2.634375,4.25,-0.1351012192636689,0.5,0.49226804123711343,0.0,0.025000000000000022,,,,,,
gex_follow,60,60,OOS,375,0.9375,0.4693333333333333,-0.8293333333333334,-6.25,-0.11253934037541169,0.48533333333333334,0.4945054945054945,-0.0556666666666667,-0.030666666666666675,400.0,75.17533333333333,71.80333333333333,0.525,-2.634375,1.8050416666666664
gex_fade,60,60,OOS,375,0.9375,0.5306666666666666,0.8293333333333334,6.25,0.11253934037541169,0.5146666666666667,0.5054945054945055,0.005666666666666598,0.03066666666666662,400.0,71.80333333333333,75.17533333333333,0.525,-2.634375,3.4637083333333334
UNCOND_LONG,75,5,IS,2352,1.0,0.4906462585034014,-0.12446853741496598,0.0,-0.04547684339119141,0.48341836734693877,0.4902887139107612,0.0,-0.009353741496598622,,,,,,
gex_follow,75,5,IS,784,0.3333333333333333,0.5102040816326531,0.1795280612244898,0.25,0.028801640276911074,0.4846938775510204,0.5099846390168971,0.019557823129251695,0.010204081632653073,2352.0,8.03826530612245,8.010204081632653,0.4906462585034014,-0.12446853741496598,0.3039965986394558
gex_fade,75,5,IS,784,0.3333333333333333,0.4770408163265306,-0.1795280612244898,-0.25,-0.028801640276911074,0.4961734693877551,0.49001536098310294,-0.013605442176870763,-0.022959183673469385,2352.0,8.010204081632653,8.03826530612245,0.4906462585034014,-0.12446853741496598,-0.05505952380952382
pc_follow,75,5,IS,462,0.19642857142857142,0.487012987012987,-0.09253246753246754,0.0,-0.027582212514285942,0.4696969696969697,0.48404255319148937,-0.0036332714904143693,-0.012987012987012991,2352.0,7.034632034632034,7.413419913419913,0.4906462585034014,-0.12446853741496598,0.03193606988249845
pc_fade,75,5,IS,462,0.19642857142857142,0.49567099567099565,0.09253246753246754,0.0,0.027582212514285942,0.5086580086580087,0.5159574468085106,0.005024737167594273,-0.004329004329004349,2352.0,7.413419913419913,7.034632034632034,0.4906462585034014,-0.12446853741496598,0.21700100494743352
putz_follow,75,5,IS,270,0.11479591836734694,0.46296296296296297,-1.2157407407407408,-0.5,-0.19271628110264996,0.42592592592592593,0.44642857142857145,-0.027683295540438413,-0.037037037037037035,2352.0,5.502777777777778,6.8805555555555555,0.4906462585034014,-0.12446853741496598,-1.091272203325775
putz_fade,75,5,IS,270,0.11479591836734694,0.5222222222222223,1.2157407407407408,0.5,0.19271628110264996,0.5407407407407407,0.5535714285714286,0.031575963718820876,0.022222222222222254,2352.0,6.8805555555555555,5.502777777777778,0.4906462585034014,-0.12446853741496598,1.3402092781557067
UNCOND_LONG,75,10,IS,2352,1.0,0.4965986394557823,-0.1680484693877551,0.0,-0.08308228503028448,0.48086734693877553,0.48304711580801407,0.0,-0.003401360544217691,,,,,,
gex_follow,75,10,IS,784,0.3333333333333333,0.5012755102040817,0.45822704081632654,0.25,0.08835421422468936,0.5114795918367347,0.5098554533508541,0.0046768707482993666,0.0012755102040816757,2352.0,11.500956632653061,11.161352040816327,0.4965986394557823,-0.1680484693877551,0.6262755102040817
gex_fade,75,10,IS,784,0.3333333333333333,0.4885204081632653,-0.45822704081632654,-0.25,-0.08835421422468936,0.48086734693877553,0.49014454664914586,-0.008078231292517002,-0.011479591836734693,2352.0,11.161352040816327,11.500956632653061,0.4965986394557823,-0.1680484693877551,-0.2901785714285714
pc_follow,75,10,IS,462,0.19642857142857142,0.512987012987013,0.2343073593073593,0.25,-0.043787016466919515,0.47835497835497837,0.4720357941834452,0.016388373531230682,0.012987012987012991,2352.0,10.098484848484848,10.466450216450216,0.4965986394557823,-0.1680484693877551,0.40235582869511444
pc_fade,75,10,IS,462,0.19642857142857142,0.47619047619047616,-0.2343073593073593,-0.25,0.043787016466919515,0.5064935064935064,0.5279642058165548,-0.020408163265306145,-0.023809523809523836,2352.0,10.466450216450216,10.098484848484848,0.4965986394557823,-0.1680484693877551,-0.06625888991960419
putz_follow,75,10,IS,270,0.11479591836734694,0.45555555555555555,-1.3425925925925926,-0.5,-0.30081598573245477,0.43703703703703706,0.4559386973180077,-0.04104308390022676,-0.04444444444444445,2352.0,7.697222222222222,9.800925925925926,0.4965986394557823,-0.1680484693877551,-1.1745441232048375
putz_fade,75,10,IS,270,0.11479591836734694,0.5296296296296297,1.3425925925925926,0.5,0.30081598573245477,0.5444444444444444,0.5440613026819924,0.03303099017384736,0.029629629629629672,2352.0,9.800925925925926,7.697222222222222,0.4965986394557823,-0.1680484693877551,1.5106410619803476
UNCOND_LONG,75,15,IS,2352,1.0,0.4927721088435374,-0.3640518707482993,0.0,-0.11537595893786223,0.47959183673469385,0.48320413436692505,0.0,-0.007227891156462607,,,,,,
gex_follow,75,15,IS,784,0.3333333333333333,0.4923469387755102,-0.21269132653061223,-0.125,0.01725332581753523,0.5012755102040817,0.5090439276485789,-0.0004251700680271697,-0.007653061224489777,2352.0,13.565369897959183,13.487563775510203,0.4927721088435374,-0.3640518707482993,0.15136054421768708
gex_fade,75,15,IS,784,0.3333333333333333,0.5,0.21269132653061223,0.125,-0.01725332581753523,0.49107142857142855,0.4909560723514212,0.007227891156462607,0.0,2352.0,13.487563775510203,13.565369897959183,0.4927721088435374,-0.3640518707482993,0.5767431972789115
pc_follow,75,15,IS,462,0.19642857142857142,0.47835497835497837,-0.3181818181818182,-0.5,-0.09806028696358408,0.48484848484848486,0.46710526315789475,-0.014417130488559027,-0.021645021645021634,2352.0,11.745670995670995,12.37987012987013,0.4927721088435374,-0.3640518707482993,0.045870052566481134
pc_fade,75,15,IS,462,0.19642857142857142,0.5108225108225108,0.3181818181818182,0.5,0.09806028696358408,0.5086580086580087,0.5328947368421053,0.01805040197897345,0.010822510822510845,2352.0,12.37987012987013,11.745670995670995,0.4927721088435374,-0.3640518707482993,0.6822336889301175
putz_follow,75,15,IS,270,0.11479591836734694,0.44074074074074077,-2.1731481481481483,-1.0,-0.4100388235080061,0.44814814814814813,0.458955223880597,-0.05203136810279663,-0.059259259259259234,2352.0,9.148148148148149,11.730555555555556,0.4927721088435374,-0.3640518707482993,-1.809096277399849
putz_fade,75,15,IS,270,0.11479591836734694,0.5481481481481482,2.1731481481481483,1.0,0.4100388235080061,0.5444444444444444,0.5410447761194029,0.05537603930461077,0.04814814814814816,2352.0,11.730555555555556,9.148148148148149,0.4927721088435374,-0.3640518707482993,2.5372000188964474
UNCOND_LONG,75,30,IS,2352,1.0,0.5093537414965986,0.08397108843537415,0.375,-0.02276666226363145,0.48767006802721086,0.48303993130098755,0.0,0.009353741496598622,,,,,,
gex_follow,75,30,IS,784,0.3333333333333333,0.49489795918367346,-0.1055484693877551,0.0,0.06201088393901279,0.49489795918367346,0.506426735218509,-0.014455782312925158,-0.005102040816326536,2352.0,18.965561224489797,18.84279336734694,0.5093537414965986,0.08397108843537415,-0.18951955782312924
gex_fade,75,30,IS,784,0.3333333333333333,0.4987244897959184,0.1055484693877551,0.0,-0.06201088393901279,0.49744897959183676,0.493573264781491,-0.010629251700680242,-0.0012755102040816202,2352.0,18.84279336734694,18.965561224489797,0.5093537414965986,0.08397108843537415,0.021577380952380945
pc_follow,75,30,IS,462,0.19642857142857142,0.5108225108225108,-0.6282467532467533,0.5,-0.02465030917541057,0.49134199134199136,0.4660831509846827,0.0014687693259122225,0.010822510822510845,2352.0,16.450216450216452,17.683982683982684,0.5093537414965986,0.08397108843537415,-0.7122178416821274
pc_fade,75,30,IS,462,0.19642857142857142,0.4805194805194805,0.6282467532467533,-0.5,0.02465030917541057,0.5043290043290043,0.5339168490153173,-0.02883426097711811,-0.019480519480519487,2352.0,17.683982683982684,16.450216450216452,0.5093537414965986,0.08397108843537415,0.5442756648113791
putz_follow,75,30,IS,270,0.11479591836734694,0.44814814814814813,-2.7907407407407407,-0.75,-0.40153325007274226,0.44814814814814813,0.458955223880597,-0.06120559334845049,-0.05185185185185187,2352.0,12.448148148148148,15.89074074074074,0.5093537414965986,0.08397108843537415,-2.874711829176115
putz_fade,75,30,IS,270,0.11479591836734694,0.5370370370370371,2.7907407407407407,0.75,0.40153325007274226,0.5444444444444444,0.5410447761194029,0.02768329554043847,0.03703703703703709,2352.0,15.89074074074074,12.448148148148148,0.5093537414965986,0.08397108843537415,2.7067696523053666
UNCOND_LONG,75,45,IS,2352,1.0,0.532312925170068,0.30633503401360546,1.0,0.039543662622433244,0.4965986394557823,0.48258064516129034,0.0,0.03231292517006801,,,,,,
gex_follow,75,45,IS,784,0.3333333333333333,0.4885204081632653,-0.48660714285714285,-0.625,-0.04890334825640652,0.4846938775510204,0.5057915057915058,-0.0437925170068027,-0.011479591836734693,2352.0,22.871173469387756,22.7796556122449,0.532312925170068,0.30633503401360546,-0.7929421768707483
gex_fade,75,45,IS,784,0.3333333333333333,0.5089285714285714,0.48660714285714285,0.625,0.04890334825640652,0.5102040816326531,0.4942084942084942,-0.02338435374149661,0.008928571428571397,2352.0,22.7796556122449,22.871173469387756,0.532312925170068,0.30633503401360546,0.1802721088435374
pc_follow,75,45,IS,462,0.19642857142857142,0.525974025974026,-0.9642857142857143,1.25,-0.1398369081620101,0.4935064935064935,0.46710526315789475,-0.006338899196042025,0.025974025974025983,2352.0,19.72943722943723,21.837662337662337,0.532312925170068,0.30633503401360546,-1.2706207482993197
pc_fade,75,45,IS,462,0.19642857142857142,0.4696969696969697,0.9642857142857143,-1.25,0.1398369081620101,0.5,0.5328947368421053,-0.06261595547309828,-0.030303030303030276,2352.0,21.837662337662337,19.72943722943723,0.532312925170068,0.30633503401360546,0.6579506802721089
putz_follow,75,45,IS,270,0.11479591836734694,0.4666666666666667,-2.1657407407407407,-0.75,-0.1620913196257394,0.46296296296296297,0.458955223880597,-0.06564625850340133,-0.033333333333333326,2352.0,14.727777777777778,19.182407407407407,0.532312925170068,0.30633503401360546,-2.4720757747543463
putz_fade,75,45,IS,270,0.11479591836734694,0.5296296296296297,2.1657407407407407,0.75,0.1620913196257394,0.5185185185185185,0.5410447761194029,-0.002683295540438335,0.029629629629629672,2352.0,19.182407407407407,14.727777777777778,0.532312925170068,0.30633503401360546,1.8594057067271352
UNCOND_LONG,75,60,IS,2352,1.0,0.5242346938775511,-0.09247448979591837,1.0,-0.026831203116296738,0.5063775510204082,0.48256564786913475,0.0,0.02423469387755106,,,,,,
gex_follow,75,60,IS,784,0.3333333333333333,0.475765306122449,-0.05739795918367347,-0.75,-0.0810622303129892,0.48214285714285715,0.5064432989690721,-0.04846938775510207,-0.024234693877551006,2352.0,26.254464285714285,25.911352040816325,0.5242346938775511,-0.09247448979591837,0.035076530612244895
gex_fade,75,60,IS,784,0.3333333333333333,0.5153061224489796,0.05739795918367347,0.75,0.0810622303129892,0.5153061224489796,0.49355670103092786,-0.008928571428571508,0.015306122448979553,2352.0,25.911352040816325,26.254464285714285,0.5242346938775511,-0.09247448979591837,0.14987244897959184
pc_follow,75,60,IS,462,0.19642857142857142,0.49134199134199136,-1.0643939393939394,0.0,-0.23126890535332098,0.5064935064935064,0.46813186813186813,-0.032892702535559704,-0.008658008658008642,2352.0,22.51461038961039,25.017316017316016,0.5242346938775511,-0.09247448979591837,-0.9719194495980211
pc_fade,75,60,IS,462,0.19642857142857142,0.49567099567099565,1.0643939393939394,0.0,0.23126890535332098,0.49134199134199136,0.5318681318681319,-0.02856369820655541,-0.004329004329004349,2352.0,25.017316017316016,22.51461038961039,0.5242346938775511,-0.09247448979591837,1.1568684291898579
putz_follow,75,60,IS,270,0.11479591836734694,0.4888888888888889,-1.4546296296296297,0.0,-0.10285337510387303,0.46296296296296297,0.458955223880597,-0.03534580498866219,-0.011111111111111127,2352.0,16.548148148148147,21.74074074074074,0.5242346938775511,-0.09247448979591837,-1.3621551398337113
putz_fade,75,60,IS,270,0.11479591836734694,0.4925925925925926,1.4546296296296297,0.0,0.10285337510387303,0.5296296296296297,0.5410447761194029,-0.03164210128495848,-0.007407407407407418,2352.0,21.74074074074074,16.548148148148147,0.5242346938775511,-0.09247448979591837,1.5471041194255482
UNCOND_LONG,75,5,Validation,753,1.0,0.47808764940239046,-0.5029880478087649,-0.75,-0.03879004218475052,0.49667994687915007,0.5098360655737705,0.0,-0.021912350597609542,,,,,,
gex_follow,75,5,Validation,635,0.8432934926958832,0.521259842519685,0.04409448818897638,1.0,0.019199242469219502,0.5118110236220472,0.5009596928982726,0.04317219311729459,0.021259842519685046,753.0,15.253149606299212,16.03228346456693,0.47808764940239046,-0.5029880478087649,0.5470825359977414
gex_fade,75,5,Validation,635,0.8432934926958832,0.4692913385826772,-0.04409448818897638,-1.0,-0.019199242469219502,0.48503937007874015,0.4990403071017274,-0.008796310819713271,-0.030708661417322813,753.0,16.03228346456693,15.253149606299212,0.47808764940239046,-0.5029880478087649,0.45889355961978856
pc_follow,75,5,Validation,175,0.23240371845949534,0.5428571428571428,-0.3985714285714286,1.0,0.0075872055950581265,0.5142857142857142,0.5106382978723404,0.06476949345475236,0.042857142857142816,753.0,17.132857142857144,18.09,0.47808764940239046,-0.5029880478087649,0.10441661923733636
pc_fade,75,5,Validation,175,0.23240371845949534,0.4514285714285714,0.3985714285714286,-1.0,-0.0075872055950581265,0.48,0.48936170212765956,-0.026659077973819056,-0.0485714285714286,753.0,18.09,17.132857142857144,0.47808764940239046,-0.5029880478087649,0.9015594763801935
putz_follow,75,5,Validation,81,0.10756972111553785,0.5185185185185185,2.1018518518518516,1.25,0.16803985227283846,0.6296296296296297,0.6290322580645161,0.04043086911612803,0.01851851851851849,753.0,17.191358024691358,13.697530864197532,0.47808764940239046,-0.5029880478087649,2.6048398996606164
putz_fade,75,5,Validation,81,0.10756972111553785,0.4691358024691358,-2.1018518518518516,-1.25,-0.16803985227283846,0.37037037037037035,0.3709677419354839,-0.008951846933254681,-0.030864197530864224,753.0,13.697530864197532,17.191358024691358,0.47808764940239046,-0.5029880478087649,-1.5988638040430867
UNCOND_LONG,75,10,Validation,753,1.0,0.4701195219123506,-1.5597609561752988,-1.5,-0.16398948318962706,0.4674634794156706,0.496513249651325,0.0,-0.029880478087649376,,,,,,
gex_follow,75,10,Validation,635,0.8432934926958832,0.5039370078740157,0.00905511811023622,0.5,0.04201251060399444,0.521259842519685,0.5057660626029654,0.03381748596166512,0.003937007874015741,753.0,21.226377952755904,21.7003937007874,0.4701195219123506,-1.5597609561752988,1.568816074285535
gex_fade,75,10,Validation,635,0.8432934926958832,0.48976377952755906,-0.00905511811023622,-0.5,-0.04201251060399444,0.47244094488188976,0.4942339373970346,0.019644257615208438,-0.010236220472440938,753.0,21.7003937007874,21.226377952755904,0.4701195219123506,-1.5597609561752988,1.5507058380650625
pc_follow,75,10,Validation,175,0.23240371845949534,0.4857142857142857,-2.0485714285714285,-2.0,-0.03710841204778254,0.5085714285714286,0.5209580838323353,0.015594763801935085,-0.01428571428571429,753.0,23.675714285714285,25.951428571428572,0.4701195219123506,-1.5597609561752988,-0.48881047239612974
pc_fade,75,10,Validation,175,0.23240371845949534,0.5085714285714286,2.0485714285714285,2.0,0.03710841204778254,0.49142857142857144,0.47904191616766467,0.03845190665907794,0.008571428571428563,753.0,25.951428571428572,23.675714285714285,0.4701195219123506,-1.5597609561752988,3.6083323847467272
putz_follow,75,10,Validation,81,0.10756972111553785,0.5308641975308642,0.7160493827160493,3.5,0.06838221567200473,0.49382716049382713,0.5921052631578947,0.0607446756185136,0.030864197530864224,753.0,22.669753086419753,19.70679012345679,0.4701195219123506,-1.5597609561752988,2.275810338891348
putz_fade,75,10,Validation,81,0.10756972111553785,0.4691358024691358,-0.7160493827160493,-3.5,-0.06838221567200473,0.48148148148148145,0.40789473684210525,-0.0009837194432148477,-0.030864197530864224,753.0,19.70679012345679,22.669753086419753,0.4701195219123506,-1.5597609561752988,0.8437115734592494
UNCOND_LONG,75,15,Validation,753,1.0,0.48339973439575035,-1.6832669322709164,-1.0,-0.1534674626068,0.46082337317397076,0.497289972899729,0.0,-0.016600265604249653,,,,,,
gex_follow,75,15,Validation,635,0.8432934926958832,0.5181102362204725,-0.3220472440944882,1.5,0.045921142913123825,0.5133858267716536,0.5024077046548957,0.03471050182472213,0.018110236220472475,753.0,25.62007874015748,26.400787401574803,0.48339973439575035,-1.6832669322709164,1.3612196881764282
gex_fade,75,15,Validation,635,0.8432934926958832,0.48031496062992124,0.3220472440944882,-1.5,-0.045921142913123825,0.4818897637795276,0.49759229534510435,-0.0030847737658291075,-0.01968503937007876,753.0,26.400787401574803,25.62007874015748,0.48339973439575035,-1.6832669322709164,2.0053141763654048
pc_follow,75,15,Validation,175,0.23240371845949534,0.5428571428571428,-0.8228571428571428,2.75,0.034316753267776556,0.5142857142857142,0.5116279069767442,0.05945740846139247,0.042857142857142816,753.0,28.06714285714286,31.06142857142857,0.48339973439575035,-1.6832669322709164,0.8604097894137736
pc_fade,75,15,Validation,175,0.23240371845949534,0.45714285714285713,0.8228571428571428,-2.75,-0.034316753267776556,0.4857142857142857,0.4883720930232558,-0.026256877252893218,-0.04285714285714287,753.0,31.06142857142857,28.06714285714286,0.48339973439575035,-1.6832669322709164,2.506124075128059
putz_follow,75,15,Validation,81,0.10756972111553785,0.5185185185185185,0.9104938271604939,2.75,0.06229409495342379,0.49382716049382713,0.5555555555555556,0.03511878412276814,0.01851851851851849,753.0,26.811728395061728,24.570987654320987,0.48339973439575035,-1.6832669322709164,2.5937607594314103
putz_fade,75,15,Validation,81,0.10756972111553785,0.48148148148148145,-0.9104938271604939,-2.75,-0.06229409495342379,0.5061728395061729,0.4444444444444444,-0.001918252914268892,-0.018518518518518545,753.0,24.570987654320987,26.811728395061728,0.48339973439575035,-1.6832669322709164,0.7727731051104225
UNCOND_LONG,75,30,Validation,753,1.0,0.5166002656042497,-0.3618857901726428,1.25,-0.06654686370724476,0.4634794156706507,0.49595687331536387,0.0,0.016600265604249653,,,,,,
gex_follow,75,30,Validation,635,0.8432934926958832,0.5086614173228347,-2.144488188976378,0.75,-0.08557827677221334,0.5086614173228347,0.5047923322683706,-0.007938848281415,0.008661417322834652,753.0,34.775590551181104,37.24251968503937,0.5166002656042497,-0.3618857901726428,-1.7826023988037352
gex_fade,75,30,Validation,635,0.8432934926958832,0.48976377952755906,2.144488188976378,-0.75,0.08557827677221334,0.4881889763779528,0.4952076677316294,-0.02683648607669059,-0.010236220472440938,753.0,37.24251968503937,34.775590551181104,0.5166002656042497,-0.3618857901726428,2.506373979149021
pc_follow,75,30,Validation,175,0.23240371845949534,0.49714285714285716,-4.425714285714286,-0.5,-0.17891826944889444,0.5085714285714286,0.52,-0.01945740846139249,-0.002857142857142836,753.0,38.392857142857146,44.27285714285714,0.5166002656042497,-0.3618857901726428,-4.063828495541643
pc_fade,75,30,Validation,175,0.23240371845949534,0.5028571428571429,4.425714285714286,0.5,0.17891826944889444,0.4857142857142857,0.48,-0.013743122747106762,0.0028571428571428914,753.0,44.27285714285714,38.392857142857146,0.5166002656042497,-0.3618857901726428,4.787600075886929
putz_follow,75,30,Validation,81,0.10756972111553785,0.5802469135802469,4.669753086419753,9.5,0.4209578972304449,0.5185185185185185,0.5555555555555556,0.06364664797599728,0.08024691358024694,753.0,35.93827160493827,32.098765432098766,0.5166002656042497,-0.3618857901726428,5.031638876592396
putz_fade,75,30,Validation,81,0.10756972111553785,0.41975308641975306,-4.669753086419753,-9.5,-0.4209578972304449,0.48148148148148145,0.4444444444444444,-0.09684717918449659,-0.08024691358024694,753.0,32.098765432098766,35.93827160493827,0.5166002656042497,-0.3618857901726428,-4.30786729624711
UNCOND_LONG,75,45,Validation,753,1.0,0.5365205843293492,0.9853917662682603,4.25,0.045295506768674984,0.4767596281540505,0.49527665317139,0.0,0.03652058432934924,,,,,,
gex_follow,75,45,Validation,635,0.8432934926958832,0.494488188976378,-1.9444881889763779,-1.0,-0.0342966707912811,0.5070866141732283,0.5056,-0.042032395352971264,-0.005511811023622026,753.0,41.054724409448816,43.55275590551181,0.5365205843293492,0.9853917662682603,-2.929879955244638
gex_fade,75,45,Validation,635,0.8432934926958832,0.5039370078740157,1.9444881889763779,1.0,0.0342966707912811,0.4881889763779528,0.4944,-0.032583576455333496,0.003937007874015741,753.0,43.55275590551181,41.054724409448816,0.5365205843293492,0.9853917662682603,0.9590964227081176
pc_follow,75,45,Validation,175,0.23240371845949534,0.48,-7.29,-2.0,-0.24463033791607114,0.5142857142857142,0.52,-0.056520584329349255,-0.020000000000000018,753.0,44.22857142857143,53.23285714285714,0.5365205843293492,0.9853917662682603,-8.27539176626826
pc_fade,75,45,Validation,175,0.23240371845949534,0.52,7.29,2.0,0.24463033791607114,0.48,0.48,-0.01652058432934922,0.020000000000000018,753.0,53.23285714285714,44.22857142857143,0.5365205843293492,0.9853917662682603,6.30460823373174
putz_follow,75,45,Validation,81,0.10756972111553785,0.5802469135802469,1.8950617283950617,5.75,0.306159310926253,0.5679012345679012,0.5555555555555556,0.0437263292508977,0.08024691358024694,753.0,40.848765432098766,38.26543209876543,0.5365205843293492,0.9853917662682603,0.9096699621268014
putz_fade,75,45,Validation,81,0.10756972111553785,0.41975308641975306,-1.8950617283950617,-5.75,-0.306159310926253,0.43209876543209874,0.4444444444444444,-0.11676749790959617,-0.08024691358024694,753.0,38.26543209876543,40.848765432098766,0.5365205843293492,0.9853917662682603,-2.880453494663322
UNCOND_LONG,75,60,Validation,753,1.0,0.5258964143426295,1.252988047808765,4.75,0.08908463936881075,0.4860557768924303,0.49527665317139,0.0,0.02589641434262946,,,,,,
gex_follow,75,60,Validation,635,0.8432934926958832,0.5007874015748032,-1.081496062992126,0.25,0.03892779468392581,0.5070866141732283,0.5056,-0.02510901276782629,0.0007874015748031704,753.0,46.32086614173228,48.91811023622047,0.5258964143426295,1.252988047808765,-2.334484110800891
gex_fade,75,60,Validation,635,0.8432934926958832,0.49921259842519683,1.081496062992126,-0.25,-0.03892779468392581,0.49291338582677163,0.4944,-0.02668381591743263,-0.0007874015748031704,753.0,48.91811023622047,46.32086614173228,0.5258964143426295,1.252988047808765,-0.17149198481663896
pc_follow,75,60,Validation,175,0.23240371845949534,0.5028571428571429,-3.145714285714286,0.25,-0.038153314539082286,0.5085714285714286,0.52,-0.023039271485486568,0.0028571428571428914,753.0,50.82857142857143,59.59,0.5258964143426295,1.252988047808765,-4.398702333523051
pc_fade,75,60,Validation,175,0.23240371845949534,0.49714285714285716,3.145714285714286,-0.25,0.038153314539082286,0.49142857142857144,0.48,-0.028753557199772295,-0.002857142857142836,753.0,59.59,50.82857142857143,0.5258964143426295,1.252988047808765,1.892726237905521
putz_follow,75,60,Validation,81,0.10756972111553785,0.5432098765432098,0.2191358024691358,4.5,0.2570288840570644,0.5679012345679012,0.5555555555555556,0.017313462200580387,0.043209876543209846,753.0,47.01543209876543,42.93518518518518,0.5258964143426295,1.252988047808765,-1.033852245339629
putz_fade,75,60,Validation,81,0.10756972111553785,0.4567901234567901,-0.2191358024691358,-4.5,-0.2570288840570644,0.43209876543209874,0.4444444444444444,-0.06910629088583936,-0.0432098765432099,753.0,42.93518518518518,47.01543209876543,0.5258964143426295,1.252988047808765,-1.4721238502779008
UNCOND_LONG,75,5,OOS,400,1.0,0.43,-4.03125,-3.0,-0.17953229709402124,0.4475,0.4341317365269461,0.0,-0.07,,,,,,
gex_follow,75,5,OOS,375,0.9375,0.5066666666666667,2.1646666666666667,0.5,0.0955626445646926,0.5093333333333333,0.5176848874598071,0.07666666666666672,0.00666666666666671,400.0,24.344666666666665,22.219333333333335,0.43,-4.03125,6.195916666666667
gex_fade,75,5,OOS,375,0.9375,0.48,-2.1646666666666667,-0.5,-0.0955626445646926,0.48533333333333334,0.48231511254019294,0.04999999999999999,-0.020000000000000018,400.0,22.219333333333335,24.344666666666665,0.43,-4.03125,1.8665833333333333
UNCOND_LONG,75,10,OOS,400,1.0,0.4675,-3.77875,-3.375,-0.204703521443253,0.4525,0.4281984334203655,0.0,-0.03249999999999997,,,,,,
gex_follow,75,10,OOS,375,0.9375,0.544,2.1586666666666665,3.5,0.1319732049443494,0.528,0.5153203342618384,0.07650000000000001,0.04400000000000004,400.0,34.370666666666665,31.39,0.4675,-3.77875,5.937416666666667
gex_fade,75,10,OOS,375,0.9375,0.456,-2.1586666666666665,-3.5,-0.1319732049443494,0.472,0.48467966573816157,-0.01150000000000001,-0.043999999999999984,400.0,31.39,34.370666666666665,0.4675,-3.77875,1.6200833333333335
UNCOND_LONG,75,15,OOS,400,1.0,0.5,-0.84125,0.25,-0.07144908992830074,0.4475,0.4282051282051282,0.0,0.0,,,,,,
gex_follow,75,15,OOS,375,0.9375,0.4613333333333333,-1.0806666666666667,-2.5,-0.029366596234066795,0.5226666666666666,0.5136612021857924,-0.03866666666666668,-0.03866666666666668,400.0,41.17333333333333,38.13133333333333,0.5,-0.84125,-0.2394166666666666
gex_fade,75,15,OOS,375,0.9375,0.5333333333333333,1.0806666666666667,2.5,0.029366596234066795,0.4746666666666667,0.48633879781420764,0.033333333333333326,0.033333333333333326,400.0,38.13133333333333,41.17333333333333,0.5,-0.84125,1.9219166666666667
UNCOND_LONG,75,30,OOS,400,1.0,0.51,-1.323125,0.5,-0.0542260889231833,0.455,0.43256997455470736,0.0,0.010000000000000009,,,,,,
gex_follow,75,30,OOS,375,0.9375,0.5013333333333333,-0.8313333333333334,0.25,-0.050053755091428835,0.5146666666666667,0.5094850948509485,-0.008666666666666711,0.0013333333333332975,400.0,53.81733333333333,51.10666666666667,0.51,-1.323125,0.49179166666666674
gex_fade,75,30,OOS,375,0.9375,0.49866666666666665,0.8313333333333334,-0.25,0.050053755091428835,0.48533333333333334,0.4905149051490515,-0.011333333333333362,-0.001333333333333353,400.0,51.10666666666667,53.81733333333333,0.51,-1.323125,2.1544583333333334
UNCOND_LONG,75,45,OOS,400,1.0,0.505,-2.644375,1.0,-0.17412922823030944,0.4675,0.43256997455470736,0.0,0.0050000000000000044,,,,,,
gex_follow,75,45,OOS,375,0.9375,0.47733333333333333,-2.8433333333333333,-2.25,-0.17038516761874734,0.5093333333333333,0.5094850948509485,-0.027666666666666673,-0.02266666666666667,400.0,62.55,61.69733333333333,0.505,-2.644375,-0.19895833333333313
gex_fade,75,45,OOS,375,0.9375,0.5226666666666666,2.8433333333333333,2.25,0.17038516761874734,0.49066666666666664,0.4905149051490515,0.01766666666666661,0.022666666666666613,400.0,61.69733333333333,62.55,0.505,-2.644375,5.487708333333334
UNCOND_LONG,75,60,OOS,400,1.0,0.525,-1.06,2.25,-0.0923474425580195,0.485,0.43112244897959184,0.0,0.025000000000000022,,,,,,
gex_follow,75,60,OOS,375,0.9375,0.47733333333333333,-3.26,-2.0,-0.1484046067098973,0.496,0.5081521739130435,-0.04766666666666669,-0.02266666666666667,400.0,69.50133333333333,68.16933333333333,0.525,-1.06,-2.1999999999999997
gex_fade,75,60,OOS,375,0.9375,0.52,3.26,2.0,0.1484046067098973,0.504,0.49184782608695654,-0.0050000000000000044,0.020000000000000018,400.0,68.16933333333333,69.50133333333333,0.525,-1.06,4.32
UNCOND_LONG,90,5,IS,2352,1.0,0.5025510204081632,-0.07759353741496598,0.25,0.019272021372566794,0.4995748299319728,0.5002498750624688,0.0,0.0025510204081632404,,,,,,
gex_follow,90,5,IS,784,0.3333333333333333,0.5293367346938775,0.3874362244897959,0.625,0.0715774816226443,0.5382653061224489,0.5576923076923077,0.0267857142857143,0.029336734693877542,2352.0,8.317283163265307,7.619579081632653,0.5025510204081632,-0.07759353741496598,0.4650297619047619
gex_fade,90,5,IS,784,0.3333333333333333,0.45918367346938777,-0.3874362244897959,-0.625,-0.0715774816226443,0.4477040816326531,0.4423076923076923,-0.043367346938775475,-0.040816326530612235,2352.0,7.619579081632653,8.317283163265307,0.5025510204081632,-0.07759353741496598,-0.3098426870748299
pc_follow,90,5,IS,462,0.19642857142857142,0.5562770562770563,0.4231601731601732,0.75,0.11593185096211624,0.5562770562770563,0.5583126550868487,0.05372603586889302,0.05627705627705626,2352.0,7.247294372294372,6.955627705627705,0.5025510204081632,-0.07759353741496598,0.5007537105751392
pc_fade,90,5,IS,462,0.19642857142857142,0.4264069264069264,-0.4231601731601732,-0.75,-0.11593185096211624,0.4264069264069264,0.44168734491315137,-0.07614409400123684,-0.0735930735930736,2352.0,6.955627705627705,7.247294372294372,0.5025510204081632,-0.07759353741496598,-0.3455666357452072
putz_follow,90,5,IS,270,0.11479591836734694,0.5481481481481482,0.36203703703703705,0.5,-0.01320429727353318,0.5222222222222223,0.5084745762711864,0.04559712773998492,0.04814814814814816,2352.0,6.282407407407407,6.1685185185185185,0.5025510204081632,-0.07759353741496598,0.43963057445200304
putz_fade,90,5,IS,270,0.11479591836734694,0.42962962962962964,-0.36203703703703705,-0.5,0.01320429727353318,0.45555555555555555,0.4915254237288136,-0.0729213907785336,-0.07037037037037036,2352.0,6.1685185185185185,6.282407407407407,0.5025510204081632,-0.07759353741496598,-0.28444349962207105
UNCOND_LONG,90,10,IS,2352,1.0,0.5365646258503401,0.32461734693877553,0.75,0.08285876476169425,0.5267857142857143,0.5118213660245184,0.0,0.03656462585034015,,,,,,
gex_follow,90,10,IS,784,0.3333333333333333,0.5063775510204082,0.28603316326530615,0.25,0.05215655379883363,0.5127551020408163,0.550326797385621,-0.030187074829931992,0.0063775510204081565,2352.0,11.198979591836734,10.357142857142858,0.5365646258503401,0.32461734693877553,-0.038584183673469385
gex_fade,90,10,IS,784,0.3333333333333333,0.47831632653061223,-0.28603316326530615,-0.25,-0.05215655379883363,0.47831632653061223,0.4496732026143791,-0.058248299319727914,-0.021683673469387765,2352.0,10.357142857142858,11.198979591836734,0.5365646258503401,0.32461734693877553,-0.6106505102040817
pc_follow,90,10,IS,462,0.19642857142857142,0.5303030303030303,0.31872294372294374,0.5,0.14754444550208648,0.525974025974026,0.5550660792951542,-0.006261595547309873,0.030303030303030276,2352.0,9.929112554112555,9.808441558441558,0.5365646258503401,0.32461734693877553,-0.005894403215831789
pc_fade,90,10,IS,462,0.19642857142857142,0.4393939393939394,-0.31872294372294374,-0.5,-0.14754444550208648,0.461038961038961,0.44493392070484583,-0.09717068645640076,-0.06060606060606061,2352.0,9.808441558441558,9.929112554112555,0.5365646258503401,0.32461734693877553,-0.6433402906617193
putz_follow,90,10,IS,270,0.11479591836734694,0.5111111111111111,0.3490740740740741,0.5,0.04151301480662604,0.5333333333333333,0.5192307692307693,-0.025453514739229077,0.011111111111111072,2352.0,8.524074074074074,8.162962962962963,0.5365646258503401,0.32461734693877553,0.02445672713529856
putz_fade,90,10,IS,270,0.11479591836734694,0.4666666666666667,-0.3490740740740741,-0.5,-0.04151301480662604,0.42592592592592593,0.4807692307692308,-0.06989795918367347,-0.033333333333333326,2352.0,8.162962962962963,8.524074074074074,0.5365646258503401,0.32461734693877553,-0.6736914210128496
UNCOND_LONG,90,15,IS,2352,1.0,0.5378401360544217,0.43579931972789115,0.75,0.0899877080905113,0.5340136054421769,0.5105467068445975,0.0,0.037840136054421714,,,,,,
gex_follow,90,15,IS,784,0.3333333333333333,0.5178571428571429,0.12595663265306123,0.75,0.05840752562789229,0.5191326530612245,0.5525291828793775,-0.01998299319727881,0.017857142857142905,2352.0,13.452168367346939,12.884566326530612,0.5378401360544217,0.43579931972789115,-0.3098426870748299
gex_fade,90,15,IS,784,0.3333333333333333,0.4770408163265306,-0.12595663265306123,-0.75,-0.05840752562789229,0.4732142857142857,0.4474708171206226,-0.0607993197278911,-0.022959183673469385,2352.0,12.884566326530612,13.452168367346939,0.5378401360544217,0.43579931972789115,-0.5617559523809523
pc_follow,90,15,IS,462,0.19642857142857142,0.5584415584415584,-0.30627705627705626,1.125,0.07932281394049508,0.5454545454545454,0.55119825708061,0.020601422387136692,0.058441558441558406,2352.0,11.741341991341992,12.119047619047619,0.5378401360544217,0.43579931972789115,-0.7420763760049474
pc_fade,90,15,IS,462,0.19642857142857142,0.43073593073593075,0.30627705627705626,-1.125,-0.07932281394049508,0.44805194805194803,0.44880174291938996,-0.10710420531849096,-0.06926406926406925,2352.0,12.119047619047619,11.741341991341992,0.5378401360544217,0.43579931972789115,-0.1295222634508349
putz_follow,90,15,IS,270,0.11479591836734694,0.4962962962962963,-0.6287037037037037,0.0,-0.006497134794322619,0.5259259259259259,0.5112781954887218,-0.04154383975812542,-0.003703703703703709,2352.0,9.815740740740742,9.827777777777778,0.5378401360544217,0.43579931972789115,-1.0645030234315949
putz_fade,90,15,IS,270,0.11479591836734694,0.4703703703703704,0.6287037037037037,0.0,0.006497134794322619,0.4444444444444444,0.48872180451127817,-0.06746976568405133,-0.029629629629629617,2352.0,9.827777777777778,9.815740740740742,0.5378401360544217,0.43579931972789115,0.1929043839758125
UNCOND_LONG,90,30,IS,2352,1.0,0.5357142857142857,0.6581632653061225,0.75,0.15281668005075202,0.5250850340136054,0.5094582975064489,0.0,0.0357142857142857,,,,,,
gex_follow,90,30,IS,784,0.3333333333333333,0.48596938775510207,-0.25510204081632654,-0.375,-0.04187137536536036,0.5102040816326531,0.5492227979274611,-0.04974489795918363,-0.014030612244897933,2352.0,18.573660714285715,18.051020408163264,0.5357142857142857,0.6581632653061225,-0.9132653061224489
gex_fade,90,30,IS,784,0.3333333333333333,0.5038265306122449,0.25510204081632654,0.375,0.04187137536536036,0.48341836734693877,0.45077720207253885,-0.03188775510204078,0.003826530612244916,2352.0,18.051020408163264,18.573660714285715,0.5357142857142857,0.6581632653061225,-0.4030612244897959
pc_follow,90,30,IS,462,0.19642857142857142,0.5064935064935064,-0.6423160173160173,0.5,-0.04750422216392221,0.525974025974026,0.5492341356673961,-0.02922077922077926,0.00649350649350644,2352.0,16.127705627705627,17.202380952380953,0.5357142857142857,0.6581632653061225,-1.3004792826221396
pc_fade,90,30,IS,462,0.19642857142857142,0.4805194805194805,0.6423160173160173,-0.5,0.04750422216392221,0.4653679653679654,0.45076586433260396,-0.055194805194805185,-0.019480519480519487,2352.0,17.202380952380953,16.127705627705627,0.5357142857142857,0.6581632653061225,-0.015847247990105173
putz_follow,90,30,IS,270,0.11479591836734694,0.5148148148148148,-0.003703703703703704,0.5,0.22794956102359384,0.48518518518518516,0.5168539325842697,-0.020899470899470862,0.014814814814814836,2352.0,13.227777777777778,13.978703703703705,0.5357142857142857,0.6581632653061225,-0.6618669690098261
putz_fade,90,30,IS,270,0.11479591836734694,0.4666666666666667,0.003703703703703704,-0.5,-0.22794956102359384,0.4962962962962963,0.48314606741573035,-0.06904761904761902,-0.033333333333333326,2352.0,13.978703703703705,13.227777777777778,0.5357142857142857,0.6581632653061225,-0.6544595616024188
UNCOND_LONG,90,45,IS,2352,1.0,0.5378401360544217,0.2593537414965986,1.25,0.07619422617497133,0.5174319727891157,0.5094664371772806,0.0,0.037840136054421714,,,,,,
gex_follow,90,45,IS,784,0.3333333333333333,0.49362244897959184,0.17410714285714285,-0.25,-0.07141617786192918,0.4961734693877551,0.5492227979274611,-0.04421768707482987,-0.0063775510204081565,2352.0,22.60841836734694,21.775191326530614,0.5378401360544217,0.2593537414965986,-0.08524659863945577
gex_fade,90,45,IS,784,0.3333333333333333,0.5012755102040817,-0.17410714285714285,0.25,0.07141617786192918,0.4961734693877551,0.45077720207253885,-0.03656462585034004,0.0012755102040816757,2352.0,21.775191326530614,22.60841836734694,0.5378401360544217,0.2593537414965986,-0.43346088435374147
pc_follow,90,45,IS,462,0.19642857142857142,0.5108225108225108,-0.7424242424242424,0.75,-0.15030315401405994,0.5108225108225108,0.5492341356673961,-0.02701762523191087,0.010822510822510845,2352.0,19.470238095238095,20.963203463203463,0.5378401360544217,0.2593537414965986,-1.001777983920841
pc_fade,90,45,IS,462,0.19642857142857142,0.47619047619047616,0.7424242424242424,-0.75,0.15030315401405994,0.48268398268398266,0.45076586433260396,-0.06164965986394555,-0.023809523809523836,2352.0,20.963203463203463,19.470238095238095,0.5378401360544217,0.2593537414965986,0.4830705009276438
putz_follow,90,45,IS,270,0.11479591836734694,0.5370370370370371,0.7074074074074074,1.125,0.27425389365684044,0.5185185185185185,0.5168539325842697,-0.0008030990173846231,0.03703703703703709,2352.0,15.77962962962963,17.05925925925926,0.5378401360544217,0.2593537414965986,0.44805366591080875
putz_fade,90,45,IS,270,0.11479591836734694,0.45185185185185184,-0.7074074074074074,-1.125,-0.27425389365684044,0.4777777777777778,0.48314606741573035,-0.08598828420256988,-0.04814814814814816,2352.0,17.05925925925926,15.77962962962963,0.5378401360544217,0.2593537414965986,-0.966761148904006
UNCOND_LONG,90,60,IS,2352,1.0,0.5480442176870748,0.6224489795918368,1.25,0.12652764732568253,0.5170068027210885,0.5088323998276605,0.0,0.048044217687074786,,,,,,
gex_follow,90,60,IS,784,0.3333333333333333,0.48596938775510207,-0.7330994897959183,-0.75,-0.14577020891209957,0.5051020408163265,0.5493506493506494,-0.06207482993197272,-0.014030612244897933,2352.0,25.197066326530614,24.536989795918366,0.5480442176870748,0.6224489795918368,-1.355548469387755
gex_fade,90,60,IS,784,0.3333333333333333,0.5102040816326531,0.7330994897959183,0.75,0.14577020891209957,0.4897959183673469,0.45064935064935063,-0.037840136054421714,0.010204081632653073,2352.0,24.536989795918366,25.197066326530614,0.5480442176870748,0.6224489795918368,0.11065051020408156
pc_follow,90,60,IS,462,0.19642857142857142,0.487012987012987,-2.378787878787879,-0.25,-0.26171383183142016,0.5043290043290043,0.5482456140350878,-0.06103123067408778,-0.012987012987012991,2352.0,21.51948051948052,23.728896103896105,0.5480442176870748,0.6224489795918368,-3.0012368583797158
pc_fade,90,60,IS,462,0.19642857142857142,0.5043290043290043,2.378787878787879,0.25,0.26171383183142016,0.487012987012987,0.4517543859649123,-0.04371521335807049,0.0043290043290042934,2352.0,23.728896103896105,21.51948051948052,0.5480442176870748,0.6224489795918368,1.756338899196042
putz_follow,90,60,IS,270,0.11479591836734694,0.5555555555555556,2.1,1.0,0.38301450701083845,0.5185185185185185,0.5168539325842697,0.007511337868480794,0.05555555555555558,2352.0,18.153703703703705,18.526851851851852,0.5480442176870748,0.6224489795918368,1.4775510204081632
putz_fade,90,60,IS,270,0.11479591836734694,0.43333333333333335,-2.1,-1.0,-0.38301450701083845,0.4777777777777778,0.48314606741573035,-0.11471088435374144,-0.06666666666666665,2352.0,18.526851851851852,18.153703703703705,0.5480442176870748,0.6224489795918368,-2.722448979591837
UNCOND_LONG,90,5,Validation,753,1.0,0.5338645418326693,0.601261620185923,1.25,0.06205417555227864,0.4860557768924303,0.508716323296355,0.0,0.03386454183266929,,,,,,
gex_follow,90,5,Validation,635,0.8432934926958832,0.48346456692913387,-0.3535433070866142,-0.5,-0.03624643184739922,0.4818897637795276,0.4822429906542056,-0.05039997490353543,-0.016535433070866135,753.0,14.494488188976378,15.013385826771653,0.5338645418326693,0.601261620185923,-0.9548049272725372
gex_fade,90,5,Validation,635,0.8432934926958832,0.510236220472441,0.3535433070866142,0.5,0.03624643184739922,0.5149606299212598,0.5177570093457944,-0.0236283213602283,0.010236220472440993,753.0,15.013385826771653,14.494488188976378,0.5338645418326693,0.601261620185923,-0.2477183130993088
pc_follow,90,5,Validation,175,0.23240371845949534,0.4685714285714286,-0.7471428571428571,-0.75,-0.1125378358303244,0.46285714285714286,0.4589041095890411,-0.06529311326124071,-0.03142857142857142,753.0,16.39,18.142857142857142,0.5338645418326693,0.601261620185923,-1.34840447732878
pc_fade,90,5,Validation,175,0.23240371845949534,0.5257142857142857,0.7471428571428571,0.75,0.1125378358303244,0.5314285714285715,0.541095890410959,-0.008150256118383603,0.02571428571428569,753.0,18.142857142857142,16.39,0.5338645418326693,0.601261620185923,0.1458812369569341
putz_follow,90,5,Validation,81,0.10756972111553785,0.5555555555555556,-0.18209876543209877,1.5,-0.0626440195977707,0.5061728395061729,0.4852941176470588,0.021691013722886288,0.05555555555555558,753.0,13.790123456790123,13.635802469135802,0.5338645418326693,0.601261620185923,-0.7833603856180218
putz_fade,90,5,Validation,81,0.10756972111553785,0.4444444444444444,0.18209876543209877,-1.5,0.0626440195977707,0.48148148148148145,0.5147058823529411,-0.08942009738822487,-0.05555555555555558,753.0,13.635802469135802,13.790123456790123,0.5338645418326693,0.601261620185923,-0.4191628547538242
UNCOND_LONG,90,10,Validation,753,1.0,0.5325365205843293,0.9023904382470119,1.75,0.08780426656354687,0.5152722443559097,0.5218579234972678,0.0,0.03253652058432932,,,,,,
gex_follow,90,10,Validation,635,0.8432934926958832,0.49133858267716535,-1.2826771653543307,-0.25,-0.0961313604463349,0.48503937007874015,0.4829821717990275,-0.04119793790716397,-0.008661417322834652,753.0,19.98937007874016,21.58267716535433,0.5325365205843293,0.9023904382470119,-2.185067603601343
gex_fade,90,10,Validation,635,0.8432934926958832,0.5007874015748032,1.2826771653543307,0.25,0.0961313604463349,0.5118110236220472,0.5170178282009724,-0.03174911900952615,0.0007874015748031704,753.0,21.58267716535433,19.98937007874016,0.5325365205843293,0.9023904382470119,0.3802867271073188
pc_follow,90,10,Validation,175,0.23240371845949534,0.49714285714285716,-3.47,0.0,-0.22820924965826406,0.48,0.4624277456647399,-0.035393663441472156,-0.002857142857142836,753.0,22.697142857142858,27.095714285714287,0.5325365205843293,0.9023904382470119,-4.372390438247012
pc_fade,90,10,Validation,175,0.23240371845949534,0.49714285714285716,3.47,0.0,0.22820924965826406,0.5085714285714286,0.5375722543352601,-0.035393663441472156,-0.002857142857142836,753.0,27.095714285714287,22.697142857142858,0.5325365205843293,0.9023904382470119,2.567609561752988
putz_follow,90,10,Validation,81,0.10756972111553785,0.5061728395061729,1.123456790123457,0.5,0.16035088510912826,0.5308641975308642,0.5,-0.026363681078156453,0.006172839506172867,753.0,19.811728395061728,18.34567901234568,0.5325365205843293,0.9023904382470119,0.22106635187644497
putz_fade,90,10,Validation,81,0.10756972111553785,0.4691358024691358,-1.123456790123457,-0.5,-0.16035088510912826,0.4691358024691358,0.5,-0.06340071811519354,-0.030864197530864224,753.0,18.34567901234568,19.811728395061728,0.5325365205843293,0.9023904382470119,-2.025847228370469
UNCOND_LONG,90,15,Validation,753,1.0,0.5312084993359893,1.3134130146082337,3.0,0.09425677340806886,0.5325365205843293,0.5254010695187166,0.0,0.031208499335989348,,,,,,
gex_follow,90,15,Validation,635,0.8432934926958832,0.48346456692913387,-1.8208661417322836,-1.75,-0.13435269156271656,0.4881889763779528,0.4857142857142857,-0.04774393240685548,-0.016535433070866135,753.0,24.195669291338582,26.27952755905512,0.5312084993359893,1.3134130146082337,-3.1342791563405172
gex_fade,90,15,Validation,635,0.8432934926958832,0.5133858267716536,1.8208661417322836,1.75,0.13435269156271656,0.5055118110236221,0.5142857142857142,-0.017822672564335784,0.013385826771653564,753.0,26.27952755905512,24.195669291338582,0.5312084993359893,1.3134130146082337,0.5074531271240499
pc_follow,90,15,Validation,175,0.23240371845949534,0.4514285714285714,-3.6,-4.0,-0.21181972595637197,0.49142857142857144,0.46551724137931033,-0.07977992790741795,-0.0485714285714286,753.0,27.604285714285716,32.13285714285714,0.5312084993359893,1.3134130146082337,-4.913413014608234
pc_fade,90,15,Validation,175,0.23240371845949534,0.5485714285714286,3.6,4.0,0.21181972595637197,0.5028571428571429,0.5344827586206896,0.01736292923543925,0.0485714285714286,753.0,32.13285714285714,27.604285714285716,0.5312084993359893,1.3134130146082337,2.286586985391766
putz_follow,90,15,Validation,81,0.10756972111553785,0.5061728395061729,3.75,1.25,0.36713965453626624,0.49382716049382713,0.49382716049382713,-0.02503565982981648,0.006172839506172867,753.0,24.40432098765432,21.79320987654321,0.5312084993359893,1.3134130146082337,2.4365869853917665
putz_fade,90,15,Validation,81,0.10756972111553785,0.48148148148148145,-3.75,-1.25,-0.36713965453626624,0.5061728395061729,0.5061728395061729,-0.04972701785450789,-0.018518518518518545,753.0,21.79320987654321,24.40432098765432,0.5312084993359893,1.3134130146082337,-5.0634130146082335
UNCOND_LONG,90,30,Validation,753,1.0,0.5272244355909694,2.6606905710491366,3.25,0.21068796212983845,0.5312084993359893,0.5260347129506008,0.0,0.02722443559096943,,,,,,
gex_follow,90,30,Validation,635,0.8432934926958832,0.49606299212598426,-1.6208661417322834,-0.25,-0.06593292391357083,0.4818897637795276,0.4865293185419968,-0.031161443464985172,-0.003937007874015741,753.0,32.406692913385825,34.89330708661417,0.5272244355909694,2.6606905710491366,-4.28155671278142
gex_fade,90,30,Validation,635,0.8432934926958832,0.5023622047244094,1.6208661417322834,0.25,0.06593292391357083,0.5181102362204725,0.5134706814580031,-0.02486223086656003,0.0023622047244094,753.0,34.89330708661417,32.406692913385825,0.5272244355909694,2.6606905710491366,-1.0398244293168533
pc_follow,90,30,Validation,175,0.23240371845949534,0.49714285714285716,-6.464285714285714,0.0,-0.29613687016628015,0.49714285714285716,0.46551724137931033,-0.030081578448112267,-0.002857142857142836,753.0,35.348571428571425,43.46714285714286,0.5272244355909694,2.6606905710491366,-9.124976285334851
pc_fade,90,30,Validation,175,0.23240371845949534,0.49714285714285716,6.464285714285714,0.0,0.29613687016628015,0.5028571428571429,0.5344827586206896,-0.030081578448112267,-0.002857142857142836,753.0,43.46714285714286,35.348571428571425,0.5272244355909694,2.6606905710491366,3.8035951432365778
putz_follow,90,30,Validation,81,0.10756972111553785,0.5185185185185185,0.9753086419753086,0.5,0.2243810266971641,0.5061728395061729,0.49382716049382713,-0.008705917072450942,0.01851851851851849,753.0,31.549382716049383,30.938271604938272,0.5272244355909694,2.6606905710491366,-1.6853819290738281
putz_fade,90,30,Validation,81,0.10756972111553785,0.48148148148148145,-0.9753086419753086,-0.5,-0.2243810266971641,0.49382716049382713,0.5061728395061729,-0.04574295410948798,-0.018518518518518545,753.0,30.938271604938272,31.549382716049383,0.5272244355909694,2.6606905710491366,-3.635999213024445
UNCOND_LONG,90,45,Validation,753,1.0,0.548472775564409,2.9282868525896415,5.0,0.26105405601887516,0.5205843293492696,0.5267379679144385,0.0,0.04847277556440899,,,,,,
gex_follow,90,45,Validation,635,0.8432934926958832,0.5007874015748032,-0.7578740157480315,0.25,0.002195070885728561,0.4755905511811024,0.4873015873015873,-0.04768537398960582,0.0007874015748031704,753.0,39.00511811023622,41.58700787401575,0.548472775564409,2.9282868525896415,-3.686160868337673
gex_fade,90,45,Validation,635,0.8432934926958832,0.49606299212598426,0.7578740157480315,-0.25,-0.002195070885728561,0.521259842519685,0.5126984126984127,-0.05240978343842473,-0.003937007874015741,753.0,41.58700787401575,39.00511811023622,0.548472775564409,2.9282868525896415,-2.17041283684161
pc_follow,90,45,Validation,175,0.23240371845949534,0.5142857142857142,-2.32,2.25,-0.07940897716695834,0.46285714285714286,0.46551724137931033,-0.03418706127869475,0.014285714285714235,753.0,43.51571428571429,51.52285714285714,0.548472775564409,2.9282868525896415,-5.248286852589642
pc_fade,90,45,Validation,175,0.23240371845949534,0.48,2.32,-2.25,0.07940897716695834,0.5314285714285715,0.5344827586206896,-0.068472775564409,-0.020000000000000018,753.0,51.52285714285714,43.51571428571429,0.548472775564409,2.9282868525896415,-0.6082868525896417
putz_follow,90,45,Validation,81,0.10756972111553785,0.4567901234567901,-0.7006172839506173,-3.5,0.19056437244269117,0.49382716049382713,0.4875,-0.09168265210761889,-0.0432098765432099,753.0,38.75925925925926,37.25308641975309,0.548472775564409,2.9282868525896415,-3.6289041365402586
putz_fade,90,45,Validation,81,0.10756972111553785,0.5308641975308642,0.7006172839506173,3.5,-0.19056437244269117,0.5061728395061729,0.5125,-0.017608578033544764,0.030864197530864224,753.0,37.25308641975309,38.75925925925926,0.548472775564409,2.9282868525896415,-2.2276695686390244
UNCOND_LONG,90,60,Validation,753,1.0,0.5577689243027888,3.958831341301461,6.5,0.3485415499374825,0.5232403718459495,0.5255376344086021,0.0,0.05776892430278879,,,,,,
gex_follow,90,60,Validation,635,0.8432934926958832,0.48661417322834644,-0.805511811023622,-1.25,0.0026433981007046928,0.47401574803149604,0.48562300319488816,-0.07115475107444236,-0.013385826771653564,753.0,44.02637795275591,46.05275590551181,0.5577689243027888,3.958831341301461,-4.7643431523250825
gex_fade,90,60,Validation,635,0.8432934926958832,0.5133858267716536,0.805511811023622,1.25,-0.0026433981007046928,0.5228346456692914,0.5143769968051118,-0.04438309753113523,0.013385826771653564,753.0,46.05275590551181,44.02637795275591,0.5577689243027888,3.958831341301461,-3.1533195302778387
pc_follow,90,60,Validation,175,0.23240371845949534,0.44,-5.864285714285714,-5.0,-0.2928966860286532,0.4514285714285714,0.4624277456647399,-0.11776892430278879,-0.06,753.0,49.107142857142854,56.94428571428571,0.5577689243027888,3.958831341301461,-9.823117055587176
pc_fade,90,60,Validation,175,0.23240371845949534,0.56,5.864285714285714,5.0,0.2928966860286532,0.5485714285714286,0.5375722543352601,0.00223107569721126,0.06000000000000005,753.0,56.94428571428571,49.107142857142854,0.5577689243027888,3.958831341301461,1.905454372984253
putz_follow,90,60,Validation,81,0.10756972111553785,0.5061728395061729,-0.5308641975308642,1.25,0.16462678282622728,0.5061728395061729,0.4875,-0.051596084796615926,0.006172839506172867,753.0,42.68827160493827,41.31481481481482,0.5577689243027888,3.958831341301461,-4.489695538832325
putz_fade,90,60,Validation,81,0.10756972111553785,0.49382716049382713,0.5308641975308642,-1.25,-0.16462678282622728,0.49382716049382713,0.5125,-0.06394176380896166,-0.006172839506172867,753.0,41.31481481481482,42.68827160493827,0.5577689243027888,3.958831341301461,-3.4279671437705965
UNCOND_LONG,90,5,OOS,400,1.0,0.4725,-2.84,-0.875,-0.10390899403265419,0.475,0.46855345911949686,0.0,-0.027500000000000024,,,,,,
gex_follow,90,5,OOS,375,0.9375,0.5253333333333333,1.868,1.25,0.0599167699524355,0.5413333333333333,0.5335570469798657,0.05283333333333334,0.02533333333333332,400.0,21.510666666666665,19.755333333333333,0.4725,-2.84,4.708
gex_fade,90,5,OOS,375,0.9375,0.4666666666666667,-1.868,-1.25,-0.0599167699524355,0.456,0.4664429530201342,-0.0058333333333333015,-0.033333333333333326,400.0,19.755333333333333,21.510666666666665,0.4725,-2.84,0.9719999999999998
UNCOND_LONG,90,10,OOS,400,1.0,0.52,0.57375,1.125,0.035842543137896594,0.46,0.47368421052631576,0.0,0.020000000000000018,,,,,,
gex_follow,90,10,OOS,375,0.9375,0.5146666666666667,-1.2546666666666666,0.75,-0.05872419003930573,0.5253333333333333,0.5168539325842697,-0.005333333333333301,0.014666666666666717,400.0,29.274,27.852,0.52,0.57375,-1.8284166666666666
gex_fade,90,10,OOS,375,0.9375,0.48533333333333334,1.2546666666666666,-0.75,0.05872419003930573,0.472,0.48314606741573035,-0.03466666666666668,-0.014666666666666661,400.0,27.852,29.274,0.52,0.57375,0.6809166666666666
UNCOND_LONG,90,15,OOS,400,1.0,0.545,-0.544375,2.125,0.021707319149094344,0.475,0.4728682170542636,0.0,0.04500000000000004,,,,,,
gex_follow,90,15,OOS,375,0.9375,0.496,0.2713333333333333,-0.5,-0.015638148949931766,0.5333333333333333,0.5179063360881543,-0.049000000000000044,-0.0040000000000000036,400.0,36.952666666666666,34.11666666666667,0.545,-0.544375,0.8157083333333334
gex_fade,90,15,OOS,375,0.9375,0.5013333333333333,-0.2713333333333333,0.5,0.015638148949931766,0.464,0.4820936639118457,-0.04366666666666674,0.0013333333333332975,400.0,34.11666666666667,36.952666666666666,0.545,-0.544375,0.27304166666666674
UNCOND_LONG,90,30,OOS,400,1.0,0.515,-1.865625,2.125,-0.06163023683166486,0.4975,0.47959183673469385,0.0,0.015000000000000013,,,,,,
gex_follow,90,30,OOS,375,0.9375,0.47733333333333333,-1.7406666666666666,-3.75,-0.15353497433602858,0.49066666666666664,0.5122615803814714,-0.03766666666666668,-0.02266666666666667,400.0,49.620666666666665,48.08133333333333,0.515,-1.865625,0.1249583333333335
gex_fade,90,30,OOS,375,0.9375,0.5226666666666666,1.7406666666666666,3.75,0.15353497433602858,0.5093333333333333,0.4877384196185286,0.0076666666666665995,0.022666666666666613,400.0,48.08133333333333,49.620666666666665,0.515,-1.865625,3.6062916666666665
UNCOND_LONG,90,45,OOS,400,1.0,0.5375,-0.28125,6.625,0.016203224541219273,0.4975,0.47959183673469385,0.0,0.03749999999999998,,,,,,
gex_follow,90,45,OOS,375,0.9375,0.44,-2.1573333333333333,-6.25,-0.12781711276883911,0.4826666666666667,0.5122615803814714,-0.09749999999999998,-0.06,400.0,57.90266666666667,56.471333333333334,0.5375,-0.28125,-1.8760833333333333
gex_fade,90,45,OOS,375,0.9375,0.5573333333333333,2.1573333333333333,6.25,0.12781711276883911,0.5173333333333333,0.4877384196185286,0.01983333333333337,0.05733333333333335,400.0,56.471333333333334,57.90266666666667,0.5375,-0.28125,2.4385833333333333
UNCOND_LONG,90,60,OOS,400,1.0,0.5525,-1.118125,7.5,-0.0026607598441862556,0.5125,0.47959183673469385,0.0,0.05249999999999999,,,,,,
gex_follow,90,60,OOS,375,0.9375,0.448,0.04066666666666666,-5.75,0.04731669105309098,0.472,0.5122615803814714,-0.10449999999999998,-0.05199999999999999,400.0,65.976,63.258,0.5525,-1.118125,1.1587916666666667
gex_fade,90,60,OOS,375,0.9375,0.552,-0.04066666666666666,5.75,-0.04731669105309098,0.528,0.4877384196185286,-0.0004999999999999449,0.052000000000000046,400.0,63.258,65.976,0.5525,-1.118125,1.0774583333333334
UNCOND_LONG,105,5,IS,2352,1.0,0.5072278911564626,0.028592687074829932,0.25,0.022366119940621456,0.5072278911564626,0.5217391304347826,0.0,0.007227891156462607,,,,,,
gex_follow,105,5,IS,784,0.3333333333333333,0.49362244897959184,0.08354591836734694,0.0,0.05626415454981067,0.5178571428571429,0.5426356589147286,-0.013605442176870763,-0.0063775510204081565,2352.0,7.196428571428571,6.8813775510204085,0.5072278911564626,0.028592687074829932,0.05495323129251701
gex_fade,105,5,IS,784,0.3333333333333333,0.47831632653061223,-0.08354591836734694,0.0,-0.05626415454981067,0.4642857142857143,0.4573643410852713,-0.028911564625850372,-0.021683673469387765,2352.0,6.8813775510204085,7.196428571428571,0.5072278911564626,0.028592687074829932,-0.11213860544217688
pc_follow,105,5,IS,462,0.19642857142857142,0.4653679653679654,-0.4226190476190476,-0.25,-0.021157636715309177,0.5,0.4909560723514212,-0.04185992578849723,-0.034632034632034625,2352.0,6.130411255411255,6.571969696969697,0.5072278911564626,0.028592687074829932,-0.45121173469387754
pc_fade,105,5,IS,462,0.19642857142857142,0.5021645021645021,0.4226190476190476,0.25,0.021157636715309177,0.48268398268398266,0.5090439276485789,-0.00506338899196046,0.0021645021645021467,2352.0,6.571969696969697,6.130411255411255,0.5072278911564626,0.028592687074829932,0.3940263605442177
putz_follow,105,5,IS,270,0.11479591836734694,0.5333333333333333,0.05462962962962963,0.375,0.0735986146422312,0.5555555555555556,0.5414847161572053,0.02610544217687072,0.033333333333333326,2352.0,5.511111111111111,5.362037037037037,0.5072278911564626,0.028592687074829932,0.0260369425547997
putz_fade,105,5,IS,270,0.11479591836734694,0.42962962962962964,-0.05462962962962963,-0.375,-0.0735986146422312,0.42962962962962964,0.4585152838427948,-0.07759826152683297,-0.07037037037037036,2352.0,5.362037037037037,5.511111111111111,0.5072278911564626,0.028592687074829932,-0.08322231670445956
UNCOND_LONG,105,10,IS,2352,1.0,0.5029761904761905,-0.15316751700680273,0.25,-0.00143666465391591,0.5131802721088435,0.5187307183781401,0.0,0.0029761904761904656,,,,,,
gex_follow,105,10,IS,784,0.3333333333333333,0.46938775510204084,-0.16071428571428573,-0.5,-0.0371366507985921,0.5,0.5243101182654402,-0.03358843537414963,-0.030612244897959162,2352.0,10.127869897959183,9.82844387755102,0.5029761904761905,-0.15316751700680273,-0.007546768707482998
gex_fade,105,10,IS,784,0.3333333333333333,0.5216836734693877,0.16071428571428573,0.5,0.0371366507985921,0.49362244897959184,0.4756898817345598,0.018707482993197244,0.02168367346938771,2352.0,9.82844387755102,10.127869897959183,0.5029761904761905,-0.15316751700680273,0.31388180272108845
pc_follow,105,10,IS,462,0.19642857142857142,0.48268398268398266,-0.3977272727272727,-0.25,-0.1282356584835195,0.4935064935064935,0.484304932735426,-0.020292207792207806,-0.01731601731601734,2352.0,8.70508658008658,9.12012987012987,0.5029761904761905,-0.15316751700680273,-0.24455975572046998
pc_fade,105,10,IS,462,0.19642857142857142,0.5021645021645021,0.3977272727272727,0.25,0.1282356584835195,0.5021645021645021,0.515695067264574,-0.0008116883116883189,0.0021645021645021467,2352.0,9.12012987012987,8.70508658008658,0.5029761904761905,-0.15316751700680273,0.5508947897340755
putz_follow,105,10,IS,270,0.11479591836734694,0.5555555555555556,0.19907407407407407,0.75,0.1311571876535283,0.5703703703703704,0.5478927203065134,0.052579365079365115,0.05555555555555558,2352.0,7.604629629629629,7.6194444444444445,0.5029761904761905,-0.15316751700680273,0.3522415910808768
putz_fade,105,10,IS,270,0.11479591836734694,0.4222222222222222,-0.19907407407407407,-0.75,-0.1311571876535283,0.4074074074074074,0.4521072796934866,-0.08075396825396824,-0.07777777777777778,2352.0,7.6194444444444445,7.604629629629629,0.5029761904761905,-0.15316751700680273,-0.04590655706727134
UNCOND_LONG,105,15,IS,2352,1.0,0.5280612244897959,0.218218537414966,0.5,0.07586227419213244,0.5123299319727891,0.5185825410544511,0.0,0.028061224489795866,,,,,,
gex_follow,105,15,IS,784,0.3333333333333333,0.4642857142857143,-0.35427295918367346,-0.75,-0.08975322822507194,0.4744897959183674,0.5200517464424321,-0.06377551020408156,-0.0357142857142857,2352.0,11.98469387755102,12.159119897959183,0.5280612244897959,0.218218537414966,-0.5724914965986394
gex_fade,105,15,IS,784,0.3333333333333333,0.5216836734693877,0.35427295918367346,0.75,0.08975322822507194,0.5191326530612245,0.4799482535575679,-0.0063775510204081565,0.02168367346938771,2352.0,12.159119897959183,11.98469387755102,0.5280612244897959,0.218218537414966,0.13605442176870747
pc_follow,105,15,IS,462,0.19642857142857142,0.4805194805194805,-0.30573593073593075,-0.25,-0.12331792994544848,0.47835497835497837,0.4868421052631579,-0.04754174397031535,-0.019480519480519487,2352.0,10.344155844155845,11.3241341991342,0.5280612244897959,0.218218537414966,-0.5239544681508967
pc_fade,105,15,IS,462,0.19642857142857142,0.5064935064935064,0.30573593073593075,0.25,0.12331792994544848,0.512987012987013,0.5131578947368421,-0.021567717996289426,0.00649350649350644,2352.0,11.3241341991342,10.344155844155845,0.5280612244897959,0.218218537414966,0.08751739332096475
putz_follow,105,15,IS,270,0.11479591836734694,0.5407407407407407,0.6148148148148148,0.625,0.23504584936657724,0.5296296296296297,0.5543071161048689,0.012679516250944878,0.040740740740740744,2352.0,9.391666666666667,8.881481481481481,0.5280612244897959,0.218218537414966,0.3965962773998488
putz_fade,105,15,IS,270,0.11479591836734694,0.44814814814814813,-0.6148148148148148,-0.625,-0.23504584936657724,0.44814814814814813,0.44569288389513106,-0.07991307634164774,-0.05185185185185187,2352.0,8.881481481481481,9.391666666666667,0.5280612244897959,0.218218537414966,-0.8330333522297808
UNCOND_LONG,105,30,IS,2352,1.0,0.5144557823129252,-0.1805909863945578,0.25,-0.014960261633034332,0.5114795918367347,0.5174946004319655,0.0,0.014455782312925214,,,,,,
gex_follow,105,30,IS,784,0.3333333333333333,0.4923469387755102,0.07493622448979592,0.0,-0.11172518224599687,0.4770408163265306,0.5188067444876784,-0.02210884353741499,-0.007653061224489777,2352.0,17.449936224489797,17.23565051020408,0.5144557823129252,-0.1805909863945578,0.2555272108843537
gex_fade,105,30,IS,784,0.3333333333333333,0.4923469387755102,-0.07493622448979592,0.0,0.11172518224599687,0.5165816326530612,0.48119325551232167,-0.02210884353741499,-0.007653061224489777,2352.0,17.23565051020408,17.449936224489797,0.5144557823129252,-0.1805909863945578,0.10565476190476189
pc_follow,105,30,IS,462,0.19642857142857142,0.4675324675324675,-0.40584415584415584,-0.5,-0.22347518265923916,0.4653679653679654,0.48237885462555063,-0.04692331478045769,-0.03246753246753248,2352.0,14.965367965367966,16.404761904761905,0.5144557823129252,-0.1805909863945578,-0.22525316944959803
pc_fade,105,30,IS,462,0.19642857142857142,0.5194805194805194,0.40584415584415584,0.5,0.22347518265923916,0.5238095238095238,0.5176211453744494,0.005024737167594218,0.01948051948051943,2352.0,16.404761904761905,14.965367965367966,0.5144557823129252,-0.1805909863945578,0.5864351422387136
putz_follow,105,30,IS,270,0.11479591836734694,0.5259259259259259,1.325925925925926,0.5,0.2831847008497513,0.5333333333333333,0.5526315789473685,0.011470143613000694,0.025925925925925908,2352.0,13.273148148148149,13.125925925925927,0.5144557823129252,-0.1805909863945578,1.5065169123204838
putz_fade,105,30,IS,270,0.11479591836734694,0.4703703703703704,-1.325925925925926,-0.5,-0.2831847008497513,0.45925925925925926,0.4473684210526316,-0.04408541194255483,-0.029629629629629617,2352.0,13.125925925925927,13.273148148148149,0.5144557823129252,-0.1805909863945578,-1.1453349395313681
UNCOND_LONG,105,45,IS,2352,1.0,0.5250850340136054,0.18250425170068027,0.75,0.03583727385959573,0.502125850340136,0.5171069727154612,0.0,0.0250850340136054,,,,,,
gex_follow,105,45,IS,784,0.3333333333333333,0.4846938775510204,-0.8322704081632653,-0.25,-0.17496849407125004,0.475765306122449,0.5194805194805194,-0.04039115646258501,-0.015306122448979609,2352.0,20.691326530612244,20.684311224489797,0.5250850340136054,0.18250425170068027,-1.0147746598639455
gex_fade,105,45,IS,784,0.3333333333333333,0.5063775510204082,0.8322704081632653,0.25,0.17496849407125004,0.5178571428571429,0.4805194805194805,-0.018707482993197244,0.0063775510204081565,2352.0,20.684311224489797,20.691326530612244,0.5250850340136054,0.18250425170068027,0.649766156462585
pc_follow,105,45,IS,462,0.19642857142857142,0.47835497835497837,-2.042207792207792,-0.375,-0.34595311120933214,0.44372294372294374,0.48237885462555063,-0.046730055658627034,-0.021645021645021634,2352.0,17.541666666666668,19.943722943722943,0.5250850340136054,0.18250425170068027,-2.224712043908472
pc_fade,105,45,IS,462,0.19642857142857142,0.5108225108225108,2.042207792207792,0.375,0.34595311120933214,0.5454545454545454,0.5176211453744494,-0.014262523191094556,0.010822510822510845,2352.0,19.943722943722943,17.541666666666668,0.5250850340136054,0.18250425170068027,1.8597035405071118
putz_follow,105,45,IS,270,0.11479591836734694,0.5333333333333333,2.7185185185185183,0.5,0.40211702745817807,0.5222222222222223,0.5526315789473685,0.008248299319727925,0.033333333333333326,2352.0,16.131481481481483,14.944444444444445,0.5250850340136054,0.18250425170068027,2.5360142668178383
putz_fade,105,45,IS,270,0.11479591836734694,0.45925925925925926,-2.7185185185185183,-0.5,-0.40211702745817807,0.4703703703703704,0.4473684210526316,-0.06582577475434614,-0.040740740740740744,2352.0,14.944444444444445,16.131481481481483,0.5250850340136054,0.18250425170068027,-2.9010227702191984
UNCOND_LONG,105,60,IS,2352,1.0,0.5238095238095238,0.23288690476190477,0.75,0.004984533158333616,0.5055272108843537,0.5173460537727667,0.0,0.023809523809523836,,,,,,
gex_follow,105,60,IS,784,0.3333333333333333,0.49107142857142855,-1.0404974489795917,-0.5,-0.22062978645240566,0.47959183673469385,0.5194805194805194,-0.03273809523809529,-0.008928571428571452,2352.0,23.465242346938776,23.878188775510203,0.5238095238095238,0.23288690476190477,-1.2733843537414966
gex_fade,105,60,IS,784,0.3333333333333333,0.5025510204081632,1.0404974489795917,0.5,0.22062978645240566,0.5165816326530612,0.4805194805194805,-0.021258503401360596,0.0025510204081632404,2352.0,23.878188775510203,23.465242346938776,0.5238095238095238,0.23288690476190477,0.807610544217687
pc_follow,105,60,IS,462,0.19642857142857142,0.48268398268398266,-1.7337662337662338,-0.5,-0.29865690149873725,0.45021645021645024,0.48237885462555063,-0.041125541125541176,-0.01731601731601734,2352.0,19.908008658008658,23.103896103896105,0.5238095238095238,0.23288690476190477,-1.9666531385281387
pc_fade,105,60,IS,462,0.19642857142857142,0.5043290043290043,1.7337662337662338,0.5,0.29865690149873725,0.5367965367965368,0.5176211453744494,-0.019480519480519543,0.0043290043290042934,2352.0,23.103896103896105,19.908008658008658,0.5238095238095238,0.23288690476190477,1.500879329004329
putz_follow,105,60,IS,270,0.11479591836734694,0.5222222222222223,3.337962962962963,0.875,0.3568458353176154,0.5185185185185185,0.553030303030303,-0.0015873015873015817,0.022222222222222254,2352.0,18.880555555555556,16.92037037037037,0.5238095238095238,0.23288690476190477,3.105076058201058
putz_fade,105,60,IS,270,0.11479591836734694,0.46296296296296297,-3.337962962962963,-0.875,-0.3568458353176154,0.4740740740740741,0.44696969696969696,-0.06084656084656087,-0.037037037037037035,2352.0,16.92037037037037,18.880555555555556,0.5238095238095238,0.23288690476190477,-3.5708498677248675
UNCOND_LONG,105,5,Validation,753,1.0,0.5205843293492696,0.6274900398406374,1.0,0.03160676871662735,0.4900398406374502,0.5149006622516556,0.0,0.02058432934926957,,,,,,
gex_follow,105,5,Validation,635,0.8432934926958832,0.525984251968504,0.4149606299212598,1.25,0.0752962744891471,0.5118110236220472,0.5059288537549407,0.005399922619234387,0.025984251968503957,753.0,13.19488188976378,13.051968503937008,0.5205843293492696,0.6274900398406374,-0.21252940991937763
gex_fade,105,5,Validation,635,0.8432934926958832,0.46614173228346456,-0.4149606299212598,-1.25,-0.0752962744891471,0.47716535433070867,0.49407114624505927,-0.05444259706580501,-0.03385826771653544,753.0,13.051968503937008,13.19488188976378,0.5205843293492696,0.6274900398406374,-1.0424506697618972
pc_follow,105,5,Validation,175,0.23240371845949534,0.48,-2.7457142857142856,-1.25,-0.07868928577495043,0.49714285714285716,0.4965034965034965,-0.04058432934926959,-0.020000000000000018,753.0,14.531428571428572,16.80857142857143,0.5205843293492696,0.6274900398406374,-3.373204325554923
pc_fade,105,5,Validation,175,0.23240371845949534,0.52,2.7457142857142856,1.25,0.07868928577495043,0.49142857142857144,0.5034965034965035,-0.0005843293492695523,0.020000000000000018,753.0,16.80857142857143,14.531428571428572,0.5205843293492696,0.6274900398406374,2.118224245873648
putz_follow,105,5,Validation,81,0.10756972111553785,0.5185185185185185,0.3333333333333333,0.75,0.00403949395514167,0.5432098765432098,0.5079365079365079,-0.0020658108307510803,0.01851851851851849,753.0,12.796296296296296,12.154320987654321,0.5205843293492696,0.6274900398406374,-0.29415670650730413
putz_fade,105,5,Validation,81,0.10756972111553785,0.48148148148148145,-0.3333333333333333,-0.75,-0.00403949395514167,0.4567901234567901,0.49206349206349204,-0.039102847867788115,-0.018518518518518545,753.0,12.154320987654321,12.796296296296296,0.5205843293492696,0.6274900398406374,-0.9608233731739708
UNCOND_LONG,105,10,Validation,753,1.0,0.5232403718459495,0.7549800796812749,1.0,0.04037634398444623,0.5086321381142098,0.5181058495821727,0.0,0.023240371845949515,,,,,,
gex_follow,105,10,Validation,635,0.8432934926958832,0.494488188976378,-0.6074803149606299,-0.25,-0.002646948046214888,0.525984251968504,0.5106732348111659,-0.02875218286957154,-0.005511811023622026,753.0,18.275984251968502,18.169291338582678,0.5232403718459495,0.7549800796812749,-1.362460394641905
gex_fade,105,10,Validation,635,0.8432934926958832,0.5007874015748032,0.6074803149606299,0.25,0.002646948046214888,0.47244094488188976,0.48932676518883417,-0.022452970271146344,0.0007874015748031704,753.0,18.169291338582678,18.275984251968502,0.5232403718459495,0.7549800796812749,-0.14749976472064497
pc_follow,105,10,Validation,175,0.23240371845949534,0.41714285714285715,-3.7471428571428573,-3.0,-0.12492059095993274,0.49714285714285716,0.5,-0.10609751470309237,-0.08285714285714285,753.0,19.444285714285716,23.53142857142857,0.5232403718459495,0.7549800796812749,-4.502122936824132
pc_fade,105,10,Validation,175,0.23240371845949534,0.5828571428571429,3.7471428571428573,3.0,0.12492059095993274,0.5028571428571429,0.5,0.05961677101119334,0.08285714285714285,753.0,23.53142857142857,19.444285714285716,0.5232403718459495,0.7549800796812749,2.9921627774615827
putz_follow,105,10,Validation,81,0.10756972111553785,0.5308641975308642,-1.4351851851851851,2.5,-0.07929035347545671,0.49382716049382713,0.4473684210526316,0.007623825684914709,0.030864197530864224,753.0,15.851851851851851,17.435185185185187,0.5232403718459495,0.7549800796812749,-2.19016526486646
putz_fade,105,10,Validation,81,0.10756972111553785,0.4567901234567901,1.4351851851851851,-2.5,0.07929035347545671,0.5061728395061729,0.5526315789473685,-0.06645024838915942,-0.0432098765432099,753.0,17.435185185185187,15.851851851851851,0.5232403718459495,0.7549800796812749,0.6802051055039102
UNCOND_LONG,105,15,Validation,753,1.0,0.5564409030544488,1.3386454183266931,3.5,0.12391325168461576,0.5112881806108898,0.5134408602150538,0.0,0.05644090305444882,,,,,,
gex_follow,105,15,Validation,635,0.8432934926958832,0.49921259842519683,0.1732283464566929,0.0,0.05979269627801746,0.525984251968504,0.5087440381558028,-0.05722830462925199,-0.0007874015748031704,753.0,22.17677165354331,22.137795275590552,0.5564409030544488,1.3386454183266931,-1.1654170718700003
gex_fade,105,15,Validation,635,0.8432934926958832,0.49291338582677163,-0.1732283464566929,0.0,-0.05979269627801746,0.4692913385826772,0.4912559618441971,-0.06352751722767719,-0.007086614173228367,753.0,22.137795275590552,22.17677165354331,0.5564409030544488,1.3386454183266931,-1.511873764783386
pc_follow,105,15,Validation,175,0.23240371845949534,0.4857142857142857,-2.902857142857143,-0.75,-0.09593459681007557,0.5085714285714286,0.5028901734104047,-0.07072661734016311,-0.01428571428571429,753.0,23.255714285714287,28.23,0.5564409030544488,1.3386454183266931,-4.241502561183836
pc_fade,105,15,Validation,175,0.23240371845949534,0.5142857142857142,2.902857142857143,0.75,0.09593459681007557,0.49142857142857144,0.49710982658959535,-0.042155188768734586,0.014285714285714235,753.0,28.23,23.255714285714287,0.5564409030544488,1.3386454183266931,1.5642117245304499
putz_follow,105,15,Validation,81,0.10756972111553785,0.6049382716049383,-2.8487654320987654,4.75,-0.15165793894429633,0.5061728395061729,0.44871794871794873,0.04849736855048947,0.1049382716049383,753.0,19.03395061728395,22.15432098765432,0.5564409030544488,1.3386454183266931,-4.187410850425459
putz_fade,105,15,Validation,81,0.10756972111553785,0.3950617283950617,2.8487654320987654,-4.75,0.15165793894429633,0.49382716049382713,0.5512820512820513,-0.16137917465938711,-0.1049382716049383,753.0,22.15432098765432,19.03395061728395,0.5564409030544488,1.3386454183266931,1.5101200137720723
UNCOND_LONG,105,30,Validation,753,1.0,0.5258964143426295,1.6062416998671978,2.25,0.1745492567454783,0.5285524568393094,0.5140562248995983,0.0,0.02589641434262946,,,,,,
gex_follow,105,30,Validation,635,0.8432934926958832,0.5165354330708661,1.036220472440945,1.0,0.12094738215516361,0.5322834645669291,0.5103011093502378,-0.009360981271763325,0.016535433070866135,753.0,31.49763779527559,30.964173228346457,0.5258964143426295,1.6062416998671978,-0.5700212274262528
gex_fade,105,30,Validation,635,0.8432934926958832,0.47874015748031495,-1.036220472440945,-1.0,-0.12094738215516361,0.46614173228346456,0.4896988906497623,-0.047156256862314505,-0.021259842519685046,753.0,30.964173228346457,31.49763779527559,0.5258964143426295,1.6062416998671978,-2.642462172308143
pc_follow,105,30,Validation,175,0.23240371845949534,0.5257142857142857,1.2414285714285713,2.0,0.12301862471141703,0.5142857142857142,0.5028901734104047,-0.00018212862834376953,0.02571428571428569,753.0,35.41571428571429,38.642857142857146,0.5258964143426295,1.6062416998671978,-0.36481312843862646
pc_fade,105,30,Validation,175,0.23240371845949534,0.4685714285714286,-1.2414285714285713,-2.0,-0.12301862471141703,0.4857142857142857,0.49710982658959535,-0.057324985771200876,-0.03142857142857142,753.0,38.642857142857146,35.41571428571429,0.5258964143426295,1.6062416998671978,-2.847670271295769
putz_follow,105,30,Validation,81,0.10756972111553785,0.48148148148148145,-4.5246913580246915,-2.0,-0.16149859336868091,0.5061728395061729,0.44871794871794873,-0.044414932861148004,-0.018518518518518545,753.0,27.401234567901234,31.40740740740741,0.5258964143426295,1.6062416998671978,-6.130933057891889
putz_fade,105,30,Validation,81,0.10756972111553785,0.5185185185185185,4.5246913580246915,2.0,0.16149859336868091,0.49382716049382713,0.5512820512820513,-0.007377895824110969,0.01851851851851849,753.0,31.40740740740741,27.401234567901234,0.5258964143426295,1.6062416998671978,2.9184496581574937
UNCOND_LONG,105,45,Validation,753,1.0,0.5431606905710491,2.636786188579017,5.5,0.2709545637386704,0.5365205843293492,0.5134048257372654,0.0,0.0431606905710491,,,,,,
gex_follow,105,45,Validation,635,0.8432934926958832,0.5322834645669291,0.9885826771653543,4.0,0.12082311602180032,0.5181102362204725,0.5111111111111111,-0.01087722600412,0.0322834645669291,753.0,37.69094488188976,36.70944881889764,0.5431606905710491,2.636786188579017,-1.6482035114136628
gex_fade,105,45,Validation,635,0.8432934926958832,0.4645669291338583,-0.9885826771653543,-4.0,-0.12082311602180032,0.4818897637795276,0.4888888888888889,-0.07859376143719082,-0.035433070866141725,753.0,36.70944881889764,37.69094488188976,0.5431606905710491,2.636786188579017,-3.6253688657443712
pc_follow,105,45,Validation,175,0.23240371845949534,0.5257142857142857,-2.302857142857143,3.25,-0.10901333728812966,0.5028571428571429,0.5028901734104047,-0.01744640485676341,0.02571428571428569,753.0,42.121428571428574,45.64857142857143,0.5431606905710491,2.636786188579017,-4.9396433314361605
pc_fade,105,45,Validation,175,0.23240371845949534,0.4685714285714286,2.302857142857143,-3.25,0.10901333728812966,0.49714285714285716,0.49710982658959535,-0.07458926199962052,-0.03142857142857142,753.0,45.64857142857143,42.121428571428574,0.5431606905710491,2.636786188579017,-0.3339290457218742
putz_follow,105,45,Validation,81,0.10756972111553785,0.48148148148148145,-4.354938271604938,-5.5,-0.1850026640259649,0.5061728395061729,0.44871794871794873,-0.061679209089567644,-0.018518518518518545,753.0,32.589506172839506,37.00308641975309,0.5431606905710491,2.636786188579017,-6.991724460183955
putz_fade,105,45,Validation,81,0.10756972111553785,0.5185185185185185,4.354938271604938,5.5,0.1850026640259649,0.49382716049382713,0.5512820512820513,-0.02464217205253061,0.01851851851851849,753.0,37.00308641975309,32.589506172839506,0.5431606905710491,2.636786188579017,1.7181520830259212
UNCOND_LONG,105,60,Validation,753,1.0,0.5152722443559097,0.9266268260292164,2.25,0.116900449080268,0.5152722443559097,0.5141318977119784,0.0,0.015272244355909681,,,,,,
gex_follow,105,60,Validation,635,0.8432934926958832,0.510236220472441,2.4543307086614172,1.25,0.2519535306394908,0.5086614173228347,0.5103668261562998,-0.005036023883468688,0.010236220472440993,753.0,43.02283464566929,41.323228346456695,0.5152722443559097,0.9266268260292164,1.527703882632201
gex_fade,105,60,Validation,635,0.8432934926958832,0.48661417322834644,-2.4543307086614172,-1.25,-0.2519535306394908,0.49133858267716535,0.48963317384370014,-0.028658071127563245,-0.013385826771653564,753.0,41.323228346456695,43.02283464566929,0.5152722443559097,0.9266268260292164,-3.3809575346906335
pc_follow,105,60,Validation,175,0.23240371845949534,0.49714285714285716,-0.26,0.0,0.11117859523359842,0.49142857142857144,0.5,-0.018129387213052517,-0.002857142857142836,753.0,48.65857142857143,51.23571428571429,0.5152722443559097,0.9266268260292164,-1.1866268260292165
pc_fade,105,60,Validation,175,0.23240371845949534,0.49142857142857144,0.26,0.0,-0.11117859523359842,0.5085714285714286,0.5,-0.023843672927338244,-0.008571428571428563,753.0,51.23571428571429,48.65857142857143,0.5152722443559097,0.9266268260292164,-0.6666268260292164
putz_follow,105,60,Validation,81,0.10756972111553785,0.5308641975308642,1.1851851851851851,6.25,-0.00013380797889777304,0.5061728395061729,0.45454545454545453,0.015591953174954543,0.030864197530864224,753.0,39.22530864197531,41.108024691358025,0.5152722443559097,0.9266268260292164,0.2585583591559687
putz_fade,105,60,Validation,81,0.10756972111553785,0.4691358024691358,-1.1851851851851851,-6.25,0.00013380797889777304,0.49382716049382713,0.5454545454545454,-0.046136441886773905,-0.030864197530864224,753.0,41.108024691358025,39.22530864197531,0.5152722443559097,0.9266268260292164,-2.1118120112144014
UNCOND_LONG,105,5,OOS,400,1.0,0.51,0.54125,1.125,0.0019468221716827916,0.4975,0.48024316109422494,0.0,0.010000000000000009,,,,,,
gex_follow,105,5,OOS,375,0.9375,0.45866666666666667,-1.2846666666666666,-1.75,-0.09824620142780147,0.488,0.4885245901639344,-0.05133333333333334,-0.04133333333333333,400.0,19.432666666666666,19.542,0.51,0.54125,-1.8259166666666666
gex_fade,105,5,OOS,375,0.9375,0.536,1.2846666666666666,1.75,0.09824620142780147,0.5093333333333333,0.5114754098360655,0.026000000000000023,0.03600000000000003,400.0,19.542,19.432666666666666,0.51,0.54125,0.7434166666666666
UNCOND_LONG,105,10,OOS,400,1.0,0.5075,-0.414375,0.625,-0.003359928296451655,0.5,0.49473684210526314,0.0,0.007499999999999951,,,,,,
gex_follow,105,10,OOS,375,0.9375,0.49333333333333335,-2.582666666666667,-0.5,-0.20615016569611064,0.49066666666666664,0.49859154929577465,-0.014166666666666605,-0.006666666666666654,400.0,27.040666666666667,28.176666666666666,0.5075,-0.414375,-2.1682916666666667
gex_fade,105,10,OOS,375,0.9375,0.5066666666666667,2.582666666666667,0.5,0.20615016569611064,0.5013333333333333,0.5014084507042254,-0.0008333333333332416,0.00666666666666671,400.0,28.176666666666666,27.040666666666667,0.5075,-0.414375,2.997041666666667
UNCOND_LONG,105,15,OOS,400,1.0,0.5,-1.365625,0.25,-0.06627578570757507,0.465,0.49489795918367346,0.0,0.0,,,,,,
gex_follow,105,15,OOS,375,0.9375,0.488,-2.0313333333333334,-1.75,-0.15941798870761076,0.5173333333333333,0.49591280653950953,-0.01200000000000001,-0.01200000000000001,400.0,33.018,34.234,0.5,-1.365625,-0.6657083333333333
gex_fade,105,15,OOS,375,0.9375,0.512,2.0313333333333334,1.75,0.15941798870761076,0.47733333333333333,0.5040871934604905,0.01200000000000001,0.01200000000000001,400.0,34.234,33.018,0.5,-1.365625,3.3969583333333335
UNCOND_LONG,105,30,OOS,400,1.0,0.5175,0.21875,2.0,0.024210710028570812,0.47,0.49363867684478374,0.0,0.01749999999999996,,,,,,
gex_follow,105,30,OOS,375,0.9375,0.47733333333333333,-2.448,-2.0,-0.13534687637622,0.48533333333333334,0.49728260869565216,-0.04016666666666663,-0.02266666666666667,400.0,44.51866666666667,46.56333333333333,0.5175,0.21875,-2.66675
gex_fade,105,30,OOS,375,0.9375,0.52,2.448,2.0,0.13534687637622,0.5146666666666667,0.5027173913043478,0.0025000000000000577,0.020000000000000018,400.0,46.56333333333333,44.51866666666667,0.5175,0.21875,2.22925
UNCOND_LONG,105,45,OOS,400,1.0,0.505,-0.618125,1.625,0.01865857677831091,0.4925,0.4936061381074169,0.0,0.0050000000000000044,,,,,,
gex_follow,105,45,OOS,375,0.9375,0.496,-0.25,-0.25,0.02592837291637314,0.496,0.4972677595628415,-0.009000000000000008,-0.0040000000000000036,400.0,54.260666666666665,54.79866666666667,0.505,-0.618125,0.36812500000000004
gex_fade,105,45,OOS,375,0.9375,0.5013333333333333,0.25,0.25,-0.02592837291637314,0.504,0.5027322404371585,-0.003666666666666707,0.0013333333333332975,400.0,54.79866666666667,54.260666666666665,0.505,-0.618125,0.868125
UNCOND_LONG,105,60,OOS,400,1.0,0.56,2.33875,11.625,0.19702477324770154,0.5275,0.4936061381074169,0.0,0.06000000000000005,,,,,,
gex_follow,105,60,OOS,375,0.9375,0.49066666666666664,-0.54,-1.0,0.024051883774679463,0.49066666666666664,0.4972677595628415,-0.06933333333333341,-0.00933333333333336,400.0,60.73466666666667,61.41266666666667,0.56,2.33875,-2.87875
gex_fade,105,60,OOS,375,0.9375,0.5066666666666667,0.54,1.0,-0.024051883774679463,0.5066666666666667,0.5027322404371585,-0.053333333333333344,0.00666666666666671,400.0,61.41266666666667,60.73466666666667,0.56,2.33875,-1.79875
UNCOND_LONG,120,5,IS,2352,1.0,0.4710884353741497,-0.43962585034013607,0.0,-0.07495645664477797,0.4642857142857143,0.47281795511221947,0.0,-0.028911564625850317,,,,,,
gex_follow,120,5,IS,784,0.3333333333333333,0.49744897959183676,0.4180484693877551,0.0,0.03617731438989175,0.5025510204081632,0.5170876671619614,0.026360544217687076,-0.0025510204081632404,2352.0,7.593112244897959,7.032844387755102,0.4710884353741497,-0.43962585034013607,0.8576743197278911
gex_fade,120,5,IS,784,0.3333333333333333,0.4872448979591837,-0.4180484693877551,0.0,-0.03617731438989175,0.4846938775510204,0.48291233283803864,0.016156462585034004,-0.012755102040816313,2352.0,7.032844387755102,7.593112244897959,0.4710884353741497,-0.43962585034013607,0.021577380952380987
pc_follow,120,5,IS,462,0.19642857142857142,0.48484848484848486,-0.13041125541125542,0.0,0.0011148290688757477,0.48484848484848486,0.4938875305623472,0.013760049474335179,-0.015151515151515138,2352.0,6.438311688311688,6.807359307359308,0.4710884353741497,-0.43962585034013607,0.30921459492888065
pc_fade,120,5,IS,462,0.19642857142857142,0.49134199134199136,0.13041125541125542,0.0,-0.0011148290688757477,0.5,0.5061124694376528,0.020253555967841674,-0.008658008658008642,2352.0,6.807359307359308,6.438311688311688,0.4710884353741497,-0.43962585034013607,0.5700371057513915
putz_follow,120,5,IS,270,0.11479591836734694,0.45555555555555555,-1.0092592592592593,-0.25,-0.1646554094238066,0.46296296296296297,0.4649122807017544,-0.015532879818594136,-0.04444444444444445,2352.0,4.737037037037037,5.792592592592593,0.4710884353741497,-0.43962585034013607,-0.5696334089191233
putz_fade,120,5,IS,270,0.11479591836734694,0.5148148148148148,1.0092592592592593,0.25,0.1646554094238066,0.5333333333333333,0.5350877192982456,0.04372637944066515,0.014814814814814836,2352.0,5.792592592592593,4.737037037037037,0.4710884353741497,-0.43962585034013607,1.4488851095993953
UNCOND_LONG,120,10,IS,2352,1.0,0.4825680272108844,-0.17017431972789115,0.0,-0.06524410456873121,0.46598639455782315,0.47125932426502853,0.0,-0.017431972789115624,,,,,,
gex_follow,120,10,IS,784,0.3333333333333333,0.47066326530612246,0.12659438775510204,-0.25,-0.017618253327887516,0.49744897959183676,0.5125164690382081,-0.011904761904761918,-0.029336734693877542,2352.0,10.11766581632653,9.618622448979592,0.4825680272108844,-0.17017431972789115,0.2967687074829932
gex_fade,120,10,IS,784,0.3333333333333333,0.5089285714285714,-0.12659438775510204,0.25,0.017618253327887516,0.4885204081632653,0.4874835309617918,0.02636054421768702,0.008928571428571397,2352.0,9.618622448979592,10.11766581632653,0.4825680272108844,-0.17017431972789115,0.043579931972789115
pc_follow,120,10,IS,462,0.19642857142857142,0.4805194805194805,-0.0010822510822510823,0.0,-0.024700653845292624,0.487012987012987,0.4922737306843267,-0.002048546691403863,-0.019480519480519487,2352.0,8.890151515151516,9.500541125541126,0.4825680272108844,-0.17017431972789115,0.16909206864564008
pc_fade,120,10,IS,462,0.19642857142857142,0.49783549783549785,0.0010822510822510823,0.0,0.024700653845292624,0.49783549783549785,0.5077262693156733,0.015267470624613477,-0.0021645021645021467,2352.0,9.500541125541126,8.890151515151516,0.4825680272108844,-0.17017431972789115,0.17125657081014223
putz_follow,120,10,IS,270,0.11479591836734694,0.45925925925925926,-0.8175925925925925,-0.25,-0.13069323277607392,0.4703703703703704,0.47191011235955055,-0.02330876795162512,-0.040740740740740744,2352.0,6.562037037037037,8.073148148148148,0.4825680272108844,-0.17017431972789115,-0.6474182728647013
putz_fade,120,10,IS,270,0.11479591836734694,0.5074074074074074,0.8175925925925925,0.25,0.13069323277607392,0.5222222222222223,0.5280898876404494,0.024839380196523042,0.007407407407407418,2352.0,8.073148148148148,6.562037037037037,0.4825680272108844,-0.17017431972789115,0.9877669123204837
UNCOND_LONG,120,15,IS,2352,1.0,0.4842687074829932,-0.4069940476190476,0.0,-0.09064395691846387,0.46471088435374147,0.47132384648555414,0.0,-0.01573129251700678,,,,,,
gex_follow,120,15,IS,784,0.3333333333333333,0.46938775510204084,0.4375,-0.25,-0.007682053411580821,0.49107142857142855,0.5090673575129534,-0.014880952380952384,-0.030612244897959162,2352.0,12.426658163265307,11.82876275510204,0.4842687074829932,-0.4069940476190476,0.8444940476190477
gex_fade,120,15,IS,784,0.3333333333333333,0.5127551020408163,-0.4375,0.25,0.007682053411580821,0.4987244897959184,0.49093264248704666,0.02848639455782309,0.012755102040816313,2352.0,11.82876275510204,12.426658163265307,0.4842687074829932,-0.4069940476190476,-0.030505952380952384
pc_follow,120,15,IS,462,0.19642857142857142,0.47619047619047616,-0.09253246753246754,-0.25,-0.08855657447301139,0.48268398268398266,0.4868995633187773,-0.008078231292517057,-0.023809523809523836,2352.0,10.729437229437229,11.659090909090908,0.4842687074829932,-0.4069940476190476,0.3144615800865801
pc_fade,120,15,IS,462,0.19642857142857142,0.5064935064935064,0.09253246753246754,0.25,0.08855657447301139,0.5043290043290043,0.5131004366812227,0.02222479901051322,0.00649350649350644,2352.0,11.659090909090908,10.729437229437229,0.4842687074829932,-0.4069940476190476,0.49952651515151514
putz_follow,120,15,IS,270,0.11479591836734694,0.4888888888888889,0.7138888888888889,0.0,0.059176395339321466,0.4962962962962963,0.4666666666666667,0.004620181405895651,-0.011111111111111127,2352.0,8.724074074074075,9.692592592592593,0.4842687074829932,-0.4069940476190476,1.1208829365079365
putz_fade,120,15,IS,270,0.11479591836734694,0.4888888888888889,-0.7138888888888889,0.0,-0.059176395339321466,0.4962962962962963,0.5333333333333333,0.004620181405895651,-0.011111111111111127,2352.0,9.692592592592593,8.724074074074075,0.4842687074829932,-0.4069940476190476,-0.3068948412698413
UNCOND_LONG,120,30,IS,2352,1.0,0.5097789115646258,-0.04389880952380952,0.25,-0.040584314271282326,0.47874149659863946,0.472258064516129,0.0,0.009778911564625847,,,,,,
gex_follow,120,30,IS,784,0.3333333333333333,0.48341836734693877,-0.46970663265306123,-0.25,-0.07128636570183908,0.48086734693877553,0.5083655083655083,-0.026360544217687076,-0.01658163265306123,2352.0,16.64158163265306,16.493622448979593,0.5097789115646258,-0.04389880952380952,-0.4258078231292517
gex_fade,120,30,IS,784,0.3333333333333333,0.5025510204081632,0.46970663265306123,0.25,0.07128636570183908,0.5127551020408163,0.49163449163449163,-0.007227891156462607,0.0025510204081632404,2352.0,16.493622448979593,16.64158163265306,0.5097789115646258,-0.04389880952380952,0.5136054421768708
pc_follow,120,30,IS,462,0.19642857142857142,0.4675324675324675,-1.728896103896104,-0.5,-0.22322527565900793,0.4523809523809524,0.4880174291938998,-0.042246444032158326,-0.03246753246753248,2352.0,14.1737012987013,16.26948051948052,0.5097789115646258,-0.04389880952380952,-1.6849972943722944
pc_fade,120,30,IS,462,0.19642857142857142,0.5238095238095238,1.728896103896104,0.5,0.22322527565900793,0.5346320346320347,0.5119825708061002,0.014030612244897989,0.023809523809523836,2352.0,16.26948051948052,14.1737012987013,0.5097789115646258,-0.04389880952380952,1.7727949134199135
putz_follow,120,30,IS,270,0.11479591836734694,0.5074074074074074,2.1064814814814814,0.375,0.16542791573961174,0.5148148148148148,0.4666666666666667,-0.0023715041572184292,0.007407407407407418,2352.0,12.558333333333334,12.194444444444445,0.5097789115646258,-0.04389880952380952,2.1503802910052907
putz_fade,120,30,IS,270,0.11479591836734694,0.46296296296296297,-2.1064814814814814,-0.375,-0.16542791573961174,0.4777777777777778,0.5333333333333333,-0.04681594860166288,-0.037037037037037035,2352.0,12.194444444444445,12.558333333333334,0.5097789115646258,-0.04389880952380952,-2.062582671957672
UNCOND_LONG,120,45,IS,2352,1.0,0.5106292517006803,0.006483843537414966,0.25,-0.06792867092732154,0.4825680272108844,0.4711206896551724,0.0,0.010629251700680298,,,,,,
gex_follow,120,45,IS,784,0.3333333333333333,0.48341836734693877,-0.6779336734693877,-0.5,-0.11449162043819297,0.48086734693877553,0.5077319587628866,-0.027210884353741527,-0.01658163265306123,2352.0,19.992028061224488,20.274872448979593,0.5106292517006803,0.006483843537414966,-0.6844175170068026
gex_fade,120,45,IS,784,0.3333333333333333,0.5089285714285714,0.6779336734693877,0.5,0.11449162043819297,0.514030612244898,0.49226804123711343,-0.001700680272108901,0.008928571428571397,2352.0,20.274872448979593,19.992028061224488,0.5106292517006803,0.006483843537414966,0.6714498299319728
pc_follow,120,45,IS,462,0.19642857142857142,0.48917748917748916,-1.4204545454545454,-0.25,-0.1662882938323647,0.461038961038961,0.4880174291938998,-0.021451762523191142,-0.010822510822510845,2352.0,17.043290043290042,19.886363636363637,0.5106292517006803,0.006483843537414966,-1.4269383889919605
pc_fade,120,45,IS,462,0.19642857142857142,0.5043290043290043,1.4204545454545454,0.25,0.1662882938323647,0.5324675324675324,0.5119825708061002,-0.006300247371676004,0.0043290043290042934,2352.0,19.886363636363637,17.043290043290042,0.5106292517006803,0.006483843537414966,1.4139707019171304
putz_follow,120,45,IS,270,0.11479591836734694,0.5111111111111111,2.725925925925926,0.5,0.1023507796871176,0.5111111111111111,0.4646840148698885,0.00048185941043077385,0.011111111111111072,2352.0,15.982407407407408,14.619444444444444,0.5106292517006803,0.006483843537414966,2.719442082388511
putz_fade,120,45,IS,270,0.11479591836734694,0.4703703703703704,-2.725925925925926,-0.5,-0.1023507796871176,0.4777777777777778,0.5353159851301115,-0.040258881330309915,-0.029629629629629617,2352.0,14.619444444444444,15.982407407407408,0.5106292517006803,0.006483843537414966,-2.7324097694633407
UNCOND_LONG,120,60,IS,2352,1.0,0.5178571428571429,0.1564625850340136,0.75,-0.022887595936569877,0.48299319727891155,0.47150259067357514,0.0,0.017857142857142905,,,,,,
gex_follow,120,60,IS,784,0.3333333333333333,0.47066326530612246,-0.6495535714285714,-1.25,-0.1470207744073025,0.4630102040816326,0.5070967741935484,-0.04719387755102045,-0.029336734693877542,2352.0,22.509566326530614,22.910076530612244,0.5178571428571429,0.1564625850340136,-0.806016156462585
gex_fade,120,60,IS,784,0.3333333333333333,0.5242346938775511,0.6495535714285714,1.25,0.1470207744073025,0.5293367346938775,0.49290322580645163,0.0063775510204081565,0.02423469387755106,2352.0,22.910076530612244,22.509566326530614,0.5178571428571429,0.1564625850340136,0.4930909863945578
pc_follow,120,60,IS,462,0.19642857142857142,0.47619047619047616,-1.1385281385281385,-0.5,-0.1712385330944996,0.42857142857142855,0.4880174291938998,-0.04166666666666674,-0.023809523809523836,2352.0,19.482683982683984,22.235930735930737,0.5178571428571429,0.1564625850340136,-1.294990723562152
pc_fade,120,60,IS,462,0.19642857142857142,0.5108225108225108,1.1385281385281385,0.5,0.1712385330944996,0.5627705627705628,0.5119825708061002,-0.00703463203463206,0.010822510822510845,2352.0,22.235930735930737,19.482683982683984,0.5178571428571429,0.1564625850340136,0.9820655534941249
putz_follow,120,60,IS,270,0.11479591836734694,0.5185185185185185,3.2953703703703705,0.875,0.01605692039955984,0.5,0.4664179104477612,0.000661375661375585,0.01851851851851849,2352.0,17.84722222222222,16.35,0.5178571428571429,0.1564625850340136,3.138907785336357
putz_fade,120,60,IS,270,0.11479591836734694,0.4703703703703704,-3.2953703703703705,-0.875,-0.01605692039955984,0.48518518518518516,0.5335820895522388,-0.04748677248677252,-0.029629629629629617,2352.0,16.35,17.84722222222222,0.5178571428571429,0.1564625850340136,-3.451832955404384
UNCOND_LONG,120,5,Validation,753,1.0,0.5112881806108898,0.6108897742363878,0.5,0.034902325891819574,0.4913678618857902,0.48932676518883417,0.0,0.011288180610889764,,,,,,
gex_follow,120,5,Validation,635,0.8432934926958832,0.49606299212598426,0.06929133858267716,0.0,-0.013251958264635079,0.48503937007874015,0.5078125,-0.015225188484905505,-0.003937007874015741,753.0,12.713779527559055,12.458267716535433,0.5112881806108898,0.6108897742363878,-0.5415984356537107
gex_fade,120,5,Validation,635,0.8432934926958832,0.49133858267716535,-0.06929133858267716,0.0,0.013251958264635079,0.510236220472441,0.4921875,-0.019949597933724417,-0.008661417322834652,753.0,12.458267716535433,12.713779527559055,0.5112881806108898,0.6108897742363878,-0.6801811128190649
pc_follow,120,5,Validation,175,0.23240371845949534,0.48,-0.8814285714285715,-0.5,-0.09596124667724723,0.44571428571428573,0.45985401459854014,-0.03128818061088978,-0.020000000000000018,753.0,15.454285714285714,16.287142857142857,0.5112881806108898,0.6108897742363878,-1.4923183456649594
pc_fade,120,5,Validation,175,0.23240371845949534,0.5085714285714286,0.8814285714285715,0.5,0.09596124667724723,0.5485714285714286,0.5401459854014599,-0.002716752039461201,0.008571428571428563,753.0,16.287142857142857,15.454285714285714,0.5112881806108898,0.6108897742363878,0.27053879719218366
putz_follow,120,5,Validation,81,0.10756972111553785,0.5185185185185185,-0.2623456790123457,1.0,0.08251298583513278,0.5432098765432098,0.5079365079365079,0.0072303379076287255,0.01851851851851849,753.0,12.601851851851851,12.166666666666666,0.5112881806108898,0.6108897742363878,-0.8732354532487334
putz_fade,120,5,Validation,81,0.10756972111553785,0.4691358024691358,0.2623456790123457,-1.0,-0.08251298583513278,0.4567901234567901,0.49206349206349204,-0.04215237814175399,-0.030864197530864224,753.0,12.166666666666666,12.601851851851851,0.5112881806108898,0.6108897742363878,-0.3485440952240421
UNCOND_LONG,120,10,Validation,753,1.0,0.5219123505976095,0.7682602921646746,1.75,0.04294050285210927,0.5046480743691899,0.49230769230769234,0.0,0.021912350597609542,,,,,,
gex_follow,120,10,Validation,635,0.8432934926958832,0.49921259842519683,-0.2992125984251969,0.0,-0.004418524708879393,0.48346456692913387,0.5008319467554077,-0.022699752172412713,-0.0007874015748031704,753.0,17.841338582677164,17.86023622047244,0.5219123505976095,0.7682602921646746,-1.0674728905898716
gex_fade,120,10,Validation,635,0.8432934926958832,0.49763779527559054,0.2992125984251969,0.0,0.004418524708879393,0.5118110236220472,0.49916805324459235,-0.024274555322018998,-0.0023622047244094557,753.0,17.86023622047244,17.841338582677164,0.5219123505976095,0.7682602921646746,-0.46904769373947774
pc_follow,120,10,Validation,175,0.23240371845949534,0.4857142857142857,-0.2057142857142857,-1.0,-0.020345367385842198,0.46285714285714286,0.48148148148148145,-0.03619806488332383,-0.01428571428571429,753.0,21.782857142857143,22.632857142857144,0.5219123505976095,0.7682602921646746,-0.9739745778789604
pc_fade,120,10,Validation,175,0.23240371845949534,0.5142857142857142,0.2057142857142857,1.0,0.020345367385842198,0.5371428571428571,0.5185185185185185,-0.007626636311895307,0.014285714285714235,753.0,22.632857142857144,21.782857142857143,0.5219123505976095,0.7682602921646746,-0.5625460064503889
putz_follow,120,10,Validation,81,0.10756972111553785,0.49382716049382713,-1.5246913580246915,0.0,0.030844522477975193,0.49382716049382713,0.48,-0.02808519010378241,-0.006172839506172867,753.0,16.580246913580247,17.703703703703702,0.5219123505976095,0.7682602921646746,-2.292951650189366
putz_fade,120,10,Validation,81,0.10756972111553785,0.49382716049382713,1.5246913580246915,0.0,-0.030844522477975193,0.49382716049382713,0.52,-0.02808519010378241,-0.006172839506172867,753.0,17.703703703703702,16.580246913580247,0.5219123505976095,0.7682602921646746,0.7564310658600168
UNCOND_LONG,120,15,Validation,753,1.0,0.5378486055776892,0.24867197875166003,2.25,0.03852006797229551,0.5086321381142098,0.49594594594594593,0.0,0.03784860557768921,,,,,,
gex_follow,120,15,Validation,635,0.8432934926958832,0.5039370078740157,0.8543307086614174,0.5,0.06615415877920787,0.48661417322834644,0.5024,-0.03391159770367347,0.003937007874015741,753.0,22.114566929133858,21.69527559055118,0.5378486055776892,0.24867197875166003,0.6056587299097573
gex_fade,120,15,Validation,635,0.8432934926958832,0.49133858267716535,-0.8543307086614174,-0.5,-0.06615415877920787,0.5118110236220472,0.4976,-0.04651002290052386,-0.008661417322834652,753.0,21.69527559055118,22.114566929133858,0.5378486055776892,0.24867197875166003,-1.1030026874130774
pc_follow,120,15,Validation,175,0.23240371845949534,0.5314285714285715,4.097142857142857,3.25,0.2410775893931271,0.49142857142857144,0.48255813953488375,-0.006420034149117737,0.03142857142857147,753.0,26.998571428571427,25.61857142857143,0.5378486055776892,0.24867197875166003,3.848470878391197
pc_fade,120,15,Validation,175,0.23240371845949534,0.46285714285714286,-4.097142857142857,-3.25,-0.2410775893931271,0.5085714285714286,0.5174418604651163,-0.07499146272054635,-0.037142857142857144,753.0,25.61857142857143,26.998571428571427,0.5378486055776892,0.24867197875166003,-4.345814835894517
putz_follow,120,15,Validation,81,0.10756972111553785,0.4444444444444444,-1.5524691358024691,-1.0,0.0021644537859139648,0.4444444444444444,0.47435897435897434,-0.09340416113324479,-0.05555555555555558,753.0,19.27469135802469,21.290123456790123,0.5378486055776892,0.24867197875166003,-1.8011411145541292
putz_fade,120,15,Validation,81,0.10756972111553785,0.5432098765432098,1.5524691358024691,1.0,-0.0021644537859139648,0.5555555555555556,0.5256410256410257,0.005361270965520637,0.043209876543209846,753.0,21.290123456790123,19.27469135802469,0.5378486055776892,0.24867197875166003,1.3037971570508091
UNCOND_LONG,120,30,Validation,753,1.0,0.5272244355909694,1.2792164674634794,2.75,0.13985836111546499,0.5285524568393094,0.49594594594594593,0.0,0.02722443559096943,,,,,,
gex_follow,120,30,Validation,635,0.8432934926958832,0.49606299212598426,0.8066929133858268,-0.5,0.08259786519777709,0.47244094488188976,0.5,-0.031161443464985172,-0.003937007874015741,753.0,30.537401574803148,29.965748031496062,0.5272244355909694,1.2792164674634794,-0.47252355407765256
gex_fade,120,30,Validation,635,0.8432934926958832,0.5023622047244094,-0.8066929133858268,0.5,-0.08259786519777709,0.525984251968504,0.5,-0.02486223086656003,0.0023622047244094,753.0,29.965748031496062,30.537401574803148,0.5272244355909694,1.2792164674634794,-2.0859093808493063
pc_follow,120,30,Validation,175,0.23240371845949534,0.48,0.5528571428571428,-3.0,0.005476115608390586,0.4742857142857143,0.4823529411764706,-0.04722443559096945,-0.020000000000000018,753.0,35.88428571428572,35.27,0.5272244355909694,1.2792164674634794,-0.7263593246063366
pc_fade,120,30,Validation,175,0.23240371845949534,0.5142857142857142,-0.5528571428571428,3.0,-0.005476115608390586,0.5257142857142857,0.5176470588235295,-0.012938721305255196,0.014285714285714235,753.0,35.27,35.88428571428572,0.5272244355909694,1.2792164674634794,-1.8320736103206223
putz_follow,120,30,Validation,81,0.10756972111553785,0.5185185185185185,-1.382716049382716,4.0,-0.018396093009791826,0.5061728395061729,0.4605263157894737,-0.008705917072450942,0.01851851851851849,753.0,27.358024691358025,29.040123456790123,0.5272244355909694,1.2792164674634794,-2.6619325168461954
putz_fade,120,30,Validation,81,0.10756972111553785,0.48148148148148145,1.382716049382716,-4.0,0.018396093009791826,0.49382716049382713,0.5394736842105263,-0.04574295410948798,-0.018518518518518545,753.0,29.040123456790123,27.358024691358025,0.5272244355909694,1.2792164674634794,0.10349958191923658
UNCOND_LONG,120,45,Validation,753,1.0,0.5112881806108898,-0.4309428950863214,1.5,-0.01951261738454876,0.50199203187251,0.49594594594594593,0.0,0.011288180610889764,,,,,,
gex_follow,120,45,Validation,635,0.8432934926958832,0.494488188976378,2.2724409448818896,-0.5,0.22230863164668432,0.48346456692913387,0.5,-0.01679999163451179,-0.005511811023622026,753.0,36.83149606299212,35.60314960629921,0.5112881806108898,-0.4309428950863214,2.703383839968211
gex_fade,120,45,Validation,635,0.8432934926958832,0.5039370078740157,-2.2724409448818896,0.5,-0.22230863164668432,0.5149606299212598,0.5,-0.007351172736874023,0.003937007874015741,753.0,35.60314960629921,36.83149606299212,0.5112881806108898,-0.4309428950863214,-1.8414980497955682
pc_follow,120,45,Validation,175,0.23240371845949534,0.49714285714285716,2.5957142857142856,-1.75,0.2431859428070748,0.4685714285714286,0.4823529411764706,-0.0141453234680326,-0.002857142857142836,753.0,43.54857142857143,41.75142857142857,0.5112881806108898,-0.4309428950863214,3.026657180800607
pc_fade,120,45,Validation,175,0.23240371845949534,0.5028571428571429,-2.5957142857142856,1.75,-0.2431859428070748,0.5314285714285715,0.5176470588235295,-0.008431037753746873,0.0028571428571428914,753.0,41.75142857142857,43.54857142857143,0.5112881806108898,-0.4309428950863214,-2.164771390627964
putz_follow,120,45,Validation,81,0.10756972111553785,0.5308641975308642,4.157407407407407,4.25,0.1724964803764276,0.5185185185185185,0.4605263157894737,0.01957601691997446,0.030864197530864224,753.0,35.76543209876543,34.20679012345679,0.5112881806108898,-0.4309428950863214,4.588350302493729
putz_fade,120,45,Validation,81,0.10756972111553785,0.4691358024691358,-4.157407407407407,-4.25,-0.1724964803764276,0.48148148148148145,0.5394736842105263,-0.04215237814175399,-0.030864197530864224,753.0,34.20679012345679,35.76543209876543,0.5112881806108898,-0.4309428950863214,-3.726464512321086
UNCOND_LONG,120,60,Validation,753,1.0,0.5325365205843293,-0.2782204515272244,4.0,0.00023311876732938418,0.49269588313413015,0.49594594594594593,0.0,0.03253652058432932,,,,,,
gex_follow,120,60,Validation,635,0.8432934926958832,0.5118110236220472,2.737007874015748,2.0,0.24298858102646703,0.4818897637795276,0.5,-0.020725496962282097,0.011811023622047223,753.0,41.568897637795274,40.178346456692914,0.5325365205843293,-0.2782204515272244,3.0152283255429726
gex_fade,120,60,Validation,635,0.8432934926958832,0.48661417322834644,-2.737007874015748,-2.0,-0.24298858102646703,0.5149606299212598,0.5,-0.045922347355982884,-0.013385826771653564,753.0,40.178346456692914,41.568897637795274,0.5325365205843293,-0.2782204515272244,-2.4587874224885233
pc_follow,120,60,Validation,175,0.23240371845949534,0.4857142857142857,1.73,-2.5,0.16743787526380344,0.4742857142857143,0.4823529411764706,-0.04682223487004361,-0.01428571428571429,753.0,49.06,48.12714285714286,0.5325365205843293,-0.2782204515272244,2.008220451527224
pc_fade,120,60,Validation,175,0.23240371845949534,0.5142857142857142,-1.73,2.5,-0.16743787526380344,0.5257142857142857,0.5176470588235295,-0.018250806298615085,0.014285714285714235,753.0,48.12714285714286,49.06,0.5325365205843293,-0.2782204515272244,-1.4517795484727756
putz_follow,120,60,Validation,81,0.10756972111553785,0.5308641975308642,6.5,6.0,0.3963675049109246,0.5061728395061729,0.4605263157894737,-0.0016723230534650968,0.030864197530864224,753.0,43.53395061728395,39.82716049382716,0.5325365205843293,-0.2782204515272244,6.778220451527225
putz_fade,120,60,Validation,81,0.10756972111553785,0.4691358024691358,-6.5,-6.0,-0.3963675049109246,0.48148148148148145,0.5394736842105263,-0.06340071811519354,-0.030864197530864224,753.0,39.82716049382716,43.53395061728395,0.5325365205843293,-0.2782204515272244,-6.221779548472775
UNCOND_LONG,120,5,OOS,400,1.0,0.485,-0.418125,-0.75,-0.03750658257593538,0.495,0.49693251533742333,0.0,-0.015000000000000013,,,,,,
gex_follow,120,5,OOS,375,0.9375,0.5093333333333333,-0.898,0.75,-0.041461093727730665,0.464,0.48355263157894735,0.024333333333333318,0.009333333333333305,400.0,17.616,18.798,0.485,-0.418125,-0.479875
gex_fade,120,5,OOS,375,0.9375,0.49066666666666664,0.898,-0.75,0.041461093727730665,0.5333333333333333,0.5164473684210527,0.005666666666666653,-0.00933333333333336,400.0,18.798,17.616,0.485,-0.418125,1.316125
UNCOND_LONG,120,10,OOS,400,1.0,0.51,1.079375,0.875,0.016484872113989257,0.4775,0.49473684210526314,0.0,0.010000000000000009,,,,,,
gex_follow,120,10,OOS,375,0.9375,0.456,-2.034,-3.0,-0.05959224592172174,0.48,0.48450704225352115,-0.05399999999999999,-0.043999999999999984,400.0,25.162,27.506,0.51,1.079375,-3.1133749999999996
gex_fade,120,10,OOS,375,0.9375,0.544,2.034,3.0,0.05959224592172174,0.5146666666666667,0.5154929577464789,0.03400000000000003,0.04400000000000004,400.0,27.506,25.162,0.51,1.079375,0.9546249999999998
UNCOND_LONG,120,15,OOS,400,1.0,0.5375,1.623125,2.375,0.08913007932648423,0.48,0.4961636828644501,0.0,0.03749999999999998,,,,,,
gex_follow,120,15,OOS,375,0.9375,0.456,-0.496,-3.0,0.0076351052730958035,0.488,0.48360655737704916,-0.08149999999999996,-0.043999999999999984,400.0,30.934666666666665,32.63666666666666,0.5375,1.623125,-2.119125
gex_fade,120,15,OOS,375,0.9375,0.536,0.496,3.0,-0.0076351052730958035,0.512,0.5163934426229508,-0.0014999999999999458,0.03600000000000003,400.0,32.63666666666666,30.934666666666665,0.5375,1.623125,-1.127125
UNCOND_LONG,120,30,OOS,400,1.0,0.5175,0.78625,2.125,0.0925810042805948,0.5175,0.49744897959183676,0.0,0.01749999999999996,,,,,,
gex_follow,120,30,OOS,375,0.9375,0.5173333333333333,1.702,2.5,0.16077329004646876,0.496,0.48501362397820164,-0.0001666666666666483,0.01733333333333331,400.0,44.82266666666667,43.134,0.5175,0.78625,0.91575
gex_fade,120,30,OOS,375,0.9375,0.48,-1.702,-2.5,-0.16077329004646876,0.504,0.5149863760217984,-0.03749999999999998,-0.020000000000000018,400.0,43.134,44.82266666666667,0.5175,0.78625,-2.48825
UNCOND_LONG,120,45,OOS,400,1.0,0.5725,3.743125,9.625,0.31426185601143525,0.525,0.49744897959183676,0.0,0.07250000000000001,,,,,,
gex_follow,120,45,OOS,375,0.9375,0.512,1.412,1.5,0.13063461208867527,0.496,0.48501362397820164,-0.0605,0.01200000000000001,400.0,52.867333333333335,51.18266666666667,0.5725,3.743125,-2.331125
gex_fade,120,45,OOS,375,0.9375,0.488,-1.412,-1.5,-0.13063461208867527,0.504,0.5149863760217984,-0.08450000000000002,-0.01200000000000001,400.0,51.18266666666667,52.867333333333335,0.5725,3.743125,-5.155125
UNCOND_LONG,120,60,OOS,400,1.0,0.56,2.7425,8.5,0.27841070825961367,0.5175,0.4961636828644501,0.0,0.06000000000000005,,,,,,
gex_follow,120,60,OOS,375,0.9375,0.496,1.1806666666666668,-0.25,0.09630090437941122,0.504,0.48501362397820164,-0.06400000000000006,-0.0040000000000000036,400.0,61.409333333333336,58.79,0.56,2.7425,-1.5618333333333334
gex_fade,120,60,OOS,375,0.9375,0.5013333333333333,-1.1806666666666668,0.25,-0.09630090437941122,0.496,0.5149863760217984,-0.058666666666666756,0.0013333333333332975,400.0,58.79,61.409333333333336,0.56,2.7425,-3.923166666666667
UNCOND_LONG,135,5,IS,2352,1.0,0.4846938775510204,0.06792091836734694,0.0,0.006235550280738178,0.49022108843537415,0.4997355896351137,0.0,-0.015306122448979609,,,,,,
gex_follow,135,5,IS,784,0.3333333333333333,0.5012755102040817,-0.16358418367346939,0.25,-0.0007908516924550361,0.4719387755102041,0.4936102236421725,0.016581632653061285,0.0012755102040816757,2352.0,6.24234693877551,6.451211734693878,0.4846938775510204,0.06792091836734694,-0.2315051020408163
gex_fade,135,5,IS,784,0.3333333333333333,0.4604591836734694,0.16358418367346939,-0.25,0.0007908516924550361,0.5051020408163265,0.5063897763578274,-0.024234693877551006,-0.039540816326530615,2352.0,6.451211734693878,6.24234693877551,0.4846938775510204,0.06792091836734694,0.09566326530612244
pc_follow,135,5,IS,462,0.19642857142857142,0.4805194805194805,-0.9572510822510822,0.0,-0.11434256126362526,0.45454545454545453,0.4596774193548387,-0.004174397031539878,-0.019480519480519487,2352.0,5.1314935064935066,6.321428571428571,0.4846938775510204,0.06792091836734694,-1.0251720006184293
pc_fade,135,5,IS,462,0.19642857142857142,0.487012987012987,0.9572510822510822,0.0,0.11434256126362526,0.5108225108225108,0.5403225806451613,0.0023191094619666175,-0.012987012987012991,2352.0,6.321428571428571,5.1314935064935066,0.4846938775510204,0.06792091836734694,0.8893301638837353
putz_follow,135,5,IS,270,0.11479591836734694,0.5407407407407407,0.7527777777777778,0.5,0.07410692365888952,0.5259259259259259,0.53125,0.05604686318972035,0.040740740740740744,2352.0,5.353703703703704,4.521296296296296,0.4846938775510204,0.06792091836734694,0.6848568594104308
putz_fade,135,5,IS,270,0.11479591836734694,0.42962962962962964,-0.7527777777777778,-0.5,-0.07410692365888952,0.43703703703703706,0.46875,-0.05506424792139075,-0.07037037037037036,2352.0,4.521296296296296,5.353703703703704,0.4846938775510204,0.06792091836734694,-0.8206986961451247
UNCOND_LONG,135,10,IS,2352,1.0,0.49489795918367346,0.10863095238095238,0.0,-0.0011691071880490305,0.49022108843537415,0.5035650623885918,0.0,-0.005102040816326536,,,,,,
gex_follow,135,10,IS,784,0.3333333333333333,0.49744897959183676,-0.5066964285714286,0.0,-0.01789500090978239,0.48341836734693877,0.48598130841121495,0.002551020408163296,-0.0025510204081632404,2352.0,8.763392857142858,9.274872448979592,0.49489795918367346,0.10863095238095238,-0.6153273809523809
gex_fade,135,10,IS,784,0.3333333333333333,0.49107142857142855,0.5066964285714286,0.0,0.01789500090978239,0.5051020408163265,0.514018691588785,-0.003826530612244916,-0.008928571428571452,2352.0,9.274872448979592,8.763392857142858,0.49489795918367346,0.10863095238095238,0.3980654761904762
pc_follow,135,10,IS,462,0.19642857142857142,0.5,-1.0216450216450217,0.125,-0.06262315648357845,0.46320346320346323,0.4659090909090909,0.005102040816326536,0.0,2352.0,7.43073593073593,8.85930735930736,0.49489795918367346,0.10863095238095238,-1.130275974025974
pc_fade,135,10,IS,462,0.19642857142857142,0.487012987012987,1.0216450216450217,-0.125,0.06262315648357845,0.5194805194805194,0.5340909090909091,-0.007884972170686455,-0.012987012987012991,2352.0,8.85930735930736,7.43073593073593,0.49489795918367346,0.10863095238095238,0.9130140692640694
putz_follow,135,10,IS,270,0.11479591836734694,0.5333333333333333,0.6268518518518519,0.625,0.029925841341411883,0.5296296296296297,0.539622641509434,0.03843537414965986,0.033333333333333326,2352.0,7.268518518518518,6.444444444444445,0.49489795918367346,0.10863095238095238,0.5182208994708994
putz_fade,135,10,IS,270,0.11479591836734694,0.4444444444444444,-0.6268518518518519,-0.625,-0.029925841341411883,0.45555555555555555,0.46037735849056605,-0.050453514739229044,-0.05555555555555558,2352.0,6.444444444444445,7.268518518518518,0.49489795918367346,0.10863095238095238,-0.7354828042328043
UNCOND_LONG,135,15,IS,2352,1.0,0.5212585034013606,0.35778061224489793,0.25,0.05368850056709678,0.49489795918367346,0.5017286084701815,0.0,0.021258503401360596,,,,,,
gex_follow,135,15,IS,784,0.3333333333333333,0.48214285714285715,-0.9100765306122449,-0.25,-0.06137959205617172,0.4923469387755102,0.4896640826873385,-0.039115646258503445,-0.01785714285714285,2352.0,10.762755102040817,11.549426020408163,0.5212585034013606,0.35778061224489793,-1.2678571428571428
gex_fade,135,15,IS,784,0.3333333333333333,0.5038265306122449,0.9100765306122449,0.25,0.06137959205617172,0.4987244897959184,0.5103359173126615,-0.01743197278911568,0.003826530612244916,2352.0,11.549426020408163,10.762755102040817,0.5212585034013606,0.35778061224489793,0.552295918367347
pc_follow,135,15,IS,462,0.19642857142857142,0.4696969696969697,-1.6488095238095237,-0.5,-0.13657670772493727,0.47835497835497837,0.474835886214442,-0.05156153370439087,-0.030303030303030276,2352.0,9.124458874458874,11.117965367965368,0.5212585034013606,0.35778061224489793,-2.0065901360544216
pc_fade,135,15,IS,462,0.19642857142857142,0.5216450216450217,1.6488095238095237,0.5,0.13657670772493727,0.512987012987013,0.5251641137855579,0.00038651824366109366,0.02164502164502169,2352.0,11.117965367965368,9.124458874458874,0.5212585034013606,0.35778061224489793,1.2910289115646258
putz_follow,135,15,IS,270,0.11479591836734694,0.5444444444444444,1.3972222222222221,0.75,0.12634136944690483,0.5333333333333333,0.5447761194029851,0.023185941043083802,0.0444444444444444,2352.0,8.797222222222222,7.593518518518518,0.5212585034013606,0.35778061224489793,1.0394416099773243
putz_fade,135,15,IS,270,0.11479591836734694,0.44814814814814813,-1.3972222222222221,-0.75,-0.12634136944690483,0.45185185185185184,0.4552238805970149,-0.07311035525321247,-0.05185185185185187,2352.0,7.593518518518518,8.797222222222222,0.5212585034013606,0.35778061224489793,-1.75500283446712
UNCOND_LONG,135,30,IS,2352,1.0,0.5267857142857143,0.40816326530612246,0.5,0.023766325554824646,0.5042517006802721,0.5012942191544435,0.0,0.0267857142857143,,,,,,
gex_follow,135,30,IS,784,0.3333333333333333,0.5,-1.1183035714285714,0.125,-0.11484545091306769,0.5,0.4844961240310077,-0.0267857142857143,0.0,2352.0,15.006696428571429,16.383609693877553,0.5267857142857143,0.40816326530612246,-1.5264668367346939
gex_fade,135,30,IS,784,0.3333333333333333,0.49362244897959184,1.1183035714285714,-0.125,0.11484545091306769,0.4961734693877551,0.5155038759689923,-0.03316326530612246,-0.0063775510204081565,2352.0,16.383609693877553,15.006696428571429,0.5267857142857143,0.40816326530612246,0.7101403061224489
pc_follow,135,30,IS,462,0.19642857142857142,0.5151515151515151,-1.3403679653679654,0.5,-0.09426486870859908,0.487012987012987,0.474835886214442,-0.011634199134199164,0.015151515151515138,2352.0,12.926948051948052,15.772727272727273,0.5267857142857143,0.40816326530612246,-1.7485312306740879
pc_fade,135,30,IS,462,0.19642857142857142,0.47619047619047616,1.3403679653679654,-0.5,0.09426486870859908,0.49783549783549785,0.5251641137855579,-0.05059523809523814,-0.023809523809523836,2352.0,15.772727272727273,12.926948051948052,0.5267857142857143,0.40816326530612246,0.932204700061843
putz_follow,135,30,IS,270,0.11479591836734694,0.5518518518518518,2.0166666666666666,1.125,0.08441044198062489,0.5481481481481482,0.550561797752809,0.025066137566137514,0.051851851851851816,2352.0,12.894444444444444,10.502777777777778,0.5267857142857143,0.40816326530612246,1.6085034013605441
putz_fade,135,30,IS,270,0.11479591836734694,0.44074074074074077,-2.0166666666666666,-1.125,-0.08441044198062489,0.4444444444444444,0.449438202247191,-0.08604497354497354,-0.059259259259259234,2352.0,10.502777777777778,12.894444444444444,0.5267857142857143,0.40816326530612246,-2.424829931972789
UNCOND_LONG,135,45,IS,2352,1.0,0.5327380952380952,0.5581420068027211,1.0,0.07386217700895052,0.5051020408163265,0.5012942191544435,0.0,0.03273809523809523,,,,,,
gex_follow,135,45,IS,784,0.3333333333333333,0.49489795918367346,-1.089923469387755,0.0,-0.1526666819170592,0.4987244897959184,0.48382923673997413,-0.03784013605442177,-0.005102040816326536,2352.0,17.989158163265305,19.542410714285715,0.5327380952380952,0.5581420068027211,-1.6480654761904763
gex_fade,135,45,IS,784,0.3333333333333333,0.4961734693877551,1.089923469387755,0.0,0.1526666819170592,0.49489795918367346,0.5161707632600259,-0.03656462585034015,-0.003826530612244916,2352.0,19.542410714285715,17.989158163265305,0.5327380952380952,0.5581420068027211,0.531781462585034
pc_follow,135,45,IS,462,0.19642857142857142,0.49567099567099565,-1.0584415584415585,0.0,-0.09026520632068094,0.48268398268398266,0.47368421052631576,-0.03706709956709958,-0.004329004329004349,2352.0,15.926948051948052,18.65530303030303,0.5327380952380952,0.5581420068027211,-1.6165835652442797
pc_fade,135,45,IS,462,0.19642857142857142,0.49783549783549785,1.0584415584415585,0.0,0.09026520632068094,0.5086580086580087,0.5263157894736842,-0.03490259740259738,-0.0021645021645021467,2352.0,18.65530303030303,15.926948051948052,0.5327380952380952,0.5581420068027211,0.5002995516388374
putz_follow,135,45,IS,270,0.11479591836734694,0.5592592592592592,2.5861111111111112,1.25,0.004510452868176489,0.5407407407407407,0.550561797752809,0.026521164021164,0.059259259259259234,2352.0,15.028703703703703,12.528703703703703,0.5327380952380952,0.5581420068027211,2.02796910430839
putz_fade,135,45,IS,270,0.11479591836734694,0.43703703703703706,-2.5861111111111112,-1.25,-0.004510452868176489,0.44814814814814813,0.449438202247191,-0.09570105820105818,-0.06296296296296294,2352.0,12.528703703703703,15.028703703703703,0.5327380952380952,0.5581420068027211,-3.1442531179138324
UNCOND_LONG,135,60,IS,2352,1.0,0.5255102040816326,0.6764455782312925,0.75,0.13092685440012378,0.5123299319727891,0.5010799136069114,0.0,0.025510204081632626,,,,,,
gex_follow,135,60,IS,784,0.3333333333333333,0.47831632653061223,-1.1010841836734695,-0.5,-0.11268254923451006,0.5038265306122449,0.48382923673997413,-0.04719387755102039,-0.021683673469387765,2352.0,20.78125,22.086734693877553,0.5255102040816326,0.6764455782312925,-1.7775297619047619
gex_fade,135,60,IS,784,0.3333333333333333,0.5127551020408163,1.1010841836734695,0.5,0.11268254923451006,0.48596938775510207,0.5161707632600259,-0.012755102040816313,0.012755102040816313,2352.0,22.086734693877553,20.78125,0.5255102040816326,0.6764455782312925,0.424638605442177
pc_follow,135,60,IS,462,0.19642857142857142,0.487012987012987,-1.87012987012987,-0.25,-0.12251401491598161,0.487012987012987,0.47368421052631576,-0.03849721706864562,-0.012987012987012991,2352.0,17.7521645021645,21.21969696969697,0.5255102040816326,0.6764455782312925,-2.5465754483611627
pc_fade,135,60,IS,462,0.19642857142857142,0.5021645021645021,1.87012987012987,0.25,0.12251401491598161,0.5043290043290043,0.5263157894736842,-0.02334570191713048,0.0021645021645021467,2352.0,21.21969696969697,17.7521645021645,0.5255102040816326,0.6764455782312925,1.1936842918985775
putz_follow,135,60,IS,270,0.11479591836734694,0.5148148148148148,2.6083333333333334,0.625,-0.10570005338806372,0.5333333333333333,0.550561797752809,-0.01069538926681779,0.014814814814814836,2352.0,17.09722222222222,14.24074074074074,0.5255102040816326,0.6764455782312925,1.931887755102041
putz_fade,135,60,IS,270,0.11479591836734694,0.4777777777777778,-2.6083333333333334,-0.625,0.10570005338806372,0.45555555555555555,0.449438202247191,-0.047732426303854825,-0.0222222222222222,2352.0,14.24074074074074,17.09722222222222,0.5255102040816326,0.6764455782312925,-3.2847789115646258
UNCOND_LONG,135,5,Validation,753,1.0,0.5391766268260292,0.7264276228419655,1.25,0.07273865082265336,0.5073041168658698,0.4919614147909968,0.0,0.03917662682602918,,,,,,
gex_follow,135,5,Validation,635,0.8432934926958832,0.48346456692913387,-0.09055118110236221,-0.25,-0.009402914064125458,0.4818897637795276,0.4780114722753346,-0.055712059896895316,-0.016535433070866135,753.0,11.790551181102362,12.37992125984252,0.5391766268260292,0.7264276228419655,-0.8169788039443278
gex_fade,135,5,Validation,635,0.8432934926958832,0.510236220472441,0.09055118110236221,0.25,0.009402914064125458,0.5118110236220472,0.5219885277246654,-0.02894040635358819,0.010236220472440993,753.0,12.37992125984252,11.790551181102362,0.5391766268260292,0.7264276228419655,-0.6358764417396032
pc_follow,135,5,Validation,175,0.23240371845949534,0.4742857142857143,-1.3342857142857143,-2.0,-0.11133944295276645,0.44571428571428573,0.45323741007194246,-0.06489091254031487,-0.02571428571428569,753.0,12.814285714285715,15.128571428571428,0.5391766268260292,0.7264276228419655,-2.06071333712768
pc_fade,135,5,Validation,175,0.23240371845949534,0.5257142857142857,1.3342857142857143,2.0,0.11133944295276645,0.5428571428571428,0.5467625899280576,-0.013462341111743492,0.02571428571428569,753.0,15.128571428571428,12.814285714285715,0.5391766268260292,0.7264276228419655,0.6078580914437488
putz_follow,135,5,Validation,81,0.10756972111553785,0.5308641975308642,1.7561728395061729,0.5,0.07727344890851576,0.5308641975308642,0.576271186440678,-0.008312429295164958,0.030864197530864224,753.0,12.083333333333334,9.814814814814815,0.5391766268260292,0.7264276228419655,1.0297452166642074
putz_fade,135,5,Validation,81,0.10756972111553785,0.4691358024691358,-1.7561728395061729,-0.5,-0.07727344890851576,0.4567901234567901,0.423728813559322,-0.0700408243568934,-0.030864197530864224,753.0,9.814814814814815,12.083333333333334,0.5391766268260292,0.7264276228419655,-2.482600462348138
UNCOND_LONG,135,10,Validation,753,1.0,0.5590969455511288,1.7798804780876494,3.0,0.1591231670178712,0.5219123505976095,0.502724795640327,0.0,0.059096945551128766,,,,,,
gex_follow,135,10,Validation,635,0.8432934926958832,0.48346456692913387,-0.1311023622047244,-0.25,0.02874495795949006,0.5118110236220472,0.49516129032258066,-0.0756323786219949,-0.016535433070866135,753.0,16.626377952755906,16.976377952755904,0.5590969455511288,1.7798804780876494,-1.9109828402923739
gex_fade,135,10,Validation,635,0.8432934926958832,0.5086614173228347,0.1311023622047244,0.25,-0.02874495795949006,0.4881889763779528,0.5048387096774194,-0.05043552822829411,0.008661417322834652,753.0,16.976377952755904,16.626377952755906,0.5590969455511288,1.7798804780876494,-1.6487781158829249
pc_follow,135,10,Validation,175,0.23240371845949534,0.48,-3.032857142857143,-2.25,-0.1940844638432642,0.48,0.47023809523809523,-0.07909694555112878,-0.020000000000000018,753.0,17.947142857142858,21.252857142857142,0.5590969455511288,1.7798804780876494,-4.812737620944793
pc_fade,135,10,Validation,175,0.23240371845949534,0.52,3.032857142857143,2.25,0.1940844638432642,0.52,0.5297619047619048,-0.03909694555112875,0.020000000000000018,753.0,21.252857142857142,17.947142857142858,0.5590969455511288,1.7798804780876494,1.2529766647694935
putz_follow,135,10,Validation,81,0.10756972111553785,0.48148148148148145,2.1666666666666665,-0.5,0.13703126614244643,0.4567901234567901,0.5375,-0.07761546406964731,-0.018518518518518545,753.0,17.46604938271605,15.601851851851851,0.5590969455511288,1.7798804780876494,0.38678618857901714
putz_fade,135,10,Validation,81,0.10756972111553785,0.5061728395061729,-2.1666666666666665,0.5,-0.13703126614244643,0.5432098765432098,0.4625,-0.0529241060449559,0.006172839506172867,753.0,15.601851851851851,17.46604938271605,0.5590969455511288,1.7798804780876494,-3.946547144754316
UNCOND_LONG,135,15,Validation,753,1.0,0.5351925630810093,1.046812749003984,2.25,0.09823314487607047,0.5351925630810093,0.5006729475100942,0.0,0.035192563081009265,,,,,,
gex_follow,135,15,Validation,635,0.8432934926958832,0.5007874015748032,-0.06181102362204725,0.25,0.02792010695214578,0.5070866141732283,0.4936102236421725,-0.034405161506206094,0.0007874015748031704,753.0,20.553937007874016,20.8248031496063,0.5351925630810093,1.046812749003984,-1.1086237726260313
gex_fade,135,15,Validation,635,0.8432934926958832,0.49763779527559054,0.06181102362204725,-0.25,-0.02792010695214578,0.48976377952755906,0.5063897763578274,-0.03755476780541872,-0.0023622047244094557,753.0,20.8248031496063,20.553937007874016,0.5351925630810093,1.046812749003984,-0.9850017253819368
pc_follow,135,15,Validation,175,0.23240371845949534,0.46285714285714286,-3.584285714285714,-3.0,-0.2332272645162587,0.46285714285714286,0.45930232558139533,-0.07233542022386641,-0.037142857142857144,753.0,21.458571428571428,26.12142857142857,0.5351925630810093,1.046812749003984,-4.631098463289698
pc_fade,135,15,Validation,175,0.23240371845949534,0.5371428571428571,3.584285714285714,3.0,0.2332272645162587,0.5314285714285715,0.5406976744186046,0.0019502940618478792,0.037142857142857144,753.0,26.12142857142857,21.458571428571428,0.5351925630810093,1.046812749003984,2.5374729652817303
putz_follow,135,15,Validation,81,0.10756972111553785,0.43209876543209874,0.24074074074074073,-1.75,0.010825372694447178,0.43209876543209874,0.5316455696202531,-0.10309379764891052,-0.06790123456790126,753.0,20.891975308641975,19.901234567901234,0.5351925630810093,1.046812749003984,-0.8060720082632433
putz_fade,135,15,Validation,81,0.10756972111553785,0.5679012345679012,-0.24074074074074073,1.75,-0.010825372694447178,0.5679012345679012,0.46835443037974683,0.03270867148689194,0.0679012345679012,753.0,19.901234567901234,20.891975308641975,0.5351925630810093,1.046812749003984,-1.2875534897447247
UNCOND_LONG,135,30,Validation,753,1.0,0.49667994687915007,-0.6633466135458167,-0.25,-0.07289090858576693,0.49933598937583,0.5,0.0,-0.0033200531208499307,,,,,,
gex_follow,135,30,Validation,635,0.8432934926958832,0.521259842519685,1.4039370078740157,1.75,0.17295543826601517,0.510236220472441,0.4943820224719101,0.024579895640534977,0.021259842519685046,753.0,28.99488188976378,28.611023622047245,0.49667994687915007,-0.6633466135458167,2.0672836214198322
gex_fade,135,30,Validation,635,0.8432934926958832,0.47874015748031495,-1.4039370078740157,-1.75,-0.17295543826601517,0.4881889763779528,0.5056179775280899,-0.017939789398835115,-0.021259842519685046,753.0,28.611023622047245,28.99488188976378,0.49667994687915007,-0.6633466135458167,-0.740590394328199
pc_follow,135,30,Validation,175,0.23240371845949534,0.5257142857142857,-1.5414285714285714,1.75,0.01706990956436901,0.5028571428571429,0.4619883040935672,0.02903433883513562,0.02571428571428569,753.0,31.935714285714287,35.90857142857143,0.49667994687915007,-0.6633466135458167,-0.8780819578827547
pc_fade,135,30,Validation,175,0.23240371845949534,0.4742857142857143,1.5414285714285714,-1.75,-0.01706990956436901,0.49714285714285716,0.5380116959064327,-0.02239423259343576,-0.02571428571428569,753.0,35.90857142857143,31.935714285714287,0.49667994687915007,-0.6633466135458167,2.204775184974388
putz_follow,135,30,Validation,81,0.10756972111553785,0.4691358024691358,5.780864197530864,-0.75,0.21731594049577682,0.4444444444444444,0.5316455696202531,-0.027544144410014293,-0.030864197530864224,753.0,30.941358024691358,26.574074074074073,0.49667994687915007,-0.6633466135458167,6.4442108110766805
putz_fade,135,30,Validation,81,0.10756972111553785,0.5308641975308642,-5.780864197530864,0.75,-0.21731594049577682,0.5555555555555556,0.46835443037974683,0.034184250651714154,0.030864197530864224,753.0,26.574074074074073,30.941358024691358,0.49667994687915007,-0.6633466135458167,-5.117517583985047
UNCOND_LONG,135,45,Validation,753,1.0,0.5086321381142098,-0.5106241699867198,1.0,-0.06070986563740174,0.4860557768924303,0.4993234100135318,0.0,0.00863213811420982,,,,,,
gex_follow,135,45,Validation,635,0.8432934926958832,0.5181102362204725,1.868503937007874,1.75,0.17903103391110362,0.5055118110236221,0.4943820224719101,0.009478098106262656,0.018110236220472475,753.0,34.834251968503935,34.145669291338585,0.5086321381142098,-0.5106241699867198,2.3791281069945938
gex_fade,135,45,Validation,635,0.8432934926958832,0.48031496062992124,-1.868503937007874,-1.75,-0.17903103391110362,0.49133858267716535,0.5056179775280899,-0.02831717748428858,-0.01968503937007876,753.0,34.145669291338585,34.834251968503935,0.5086321381142098,-0.5106241699867198,-1.3578797670211542
pc_follow,135,45,Validation,175,0.23240371845949534,0.48,-2.407142857142857,-1.5,-0.06987234965050655,0.48,0.4619883040935672,-0.028632138114209837,-0.020000000000000018,753.0,38.67857142857143,43.432857142857145,0.5086321381142098,-0.5106241699867198,-1.8965186871561373
pc_fade,135,45,Validation,175,0.23240371845949534,0.52,2.407142857142857,1.5,0.06987234965050655,0.52,0.5380116959064327,0.011367861885790198,0.020000000000000018,753.0,43.432857142857145,38.67857142857143,0.5086321381142098,-0.5106241699867198,2.917767027129577
putz_follow,135,45,Validation,81,0.10756972111553785,0.5679012345679012,8.123456790123457,3.0,0.4168077819380625,0.48148148148148145,0.5256410256410257,0.05926909645369138,0.0679012345679012,753.0,39.75925925925926,32.77160493827161,0.5086321381142098,-0.5106241699867198,8.634080960110177
putz_fade,135,45,Validation,81,0.10756972111553785,0.43209876543209874,-8.123456790123457,-3.0,-0.4168077819380625,0.5185185185185185,0.47435897435897434,-0.07653337268211108,-0.06790123456790126,753.0,32.77160493827161,39.75925925925926,0.5086321381142098,-0.5106241699867198,-7.612832620136738
UNCOND_LONG,135,60,Validation,753,1.0,0.5205843293492696,-0.30245683930942896,2.0,-0.03279561918516277,0.4820717131474104,0.49795918367346936,0.0,0.02058432934926957,,,,,,
gex_follow,135,60,Validation,635,0.8432934926958832,0.4881889763779528,1.1196850393700788,-1.25,0.1273663121335505,0.5007874015748032,0.4967741935483871,-0.03239535297131679,-0.011811023622047223,753.0,39.51496062992126,38.531496062992126,0.5205843293492696,-0.30245683930942896,1.4221418786795077
gex_fade,135,60,Validation,635,0.8432934926958832,0.5118110236220472,-1.1196850393700788,1.25,-0.1273663121335505,0.49763779527559054,0.5032258064516129,-0.008773305727222347,0.011811023622047223,753.0,38.531496062992126,39.51496062992126,0.5205843293492696,-0.30245683930942896,-0.8172282000606499
pc_follow,135,60,Validation,175,0.23240371845949534,0.44571428571428573,-2.3657142857142857,-6.5,-0.03937410154343477,0.48,0.4619883040935672,-0.07487004363498384,-0.05428571428571427,753.0,43.04,48.02142857142857,0.5205843293492696,-0.30245683930942896,-2.0632574464048568
pc_fade,135,60,Validation,175,0.23240371845949534,0.5542857142857143,2.3657142857142857,6.5,0.03937410154343477,0.52,0.5380116959064327,0.0337013849364447,0.05428571428571427,753.0,48.02142857142857,43.04,0.5205843293492696,-0.30245683930942896,2.6681711250237146
putz_follow,135,60,Validation,81,0.10756972111553785,0.5308641975308642,10.567901234567902,3.0,0.506437918767692,0.4691358024691358,0.5256410256410257,0.010279868181594654,0.030864197530864224,753.0,46.23456790123457,35.592592592592595,0.5205843293492696,-0.30245683930942896,10.87035807387733
putz_fade,135,60,Validation,81,0.10756972111553785,0.4691358024691358,-10.567901234567902,-3.0,-0.506437918767692,0.5308641975308642,0.47435897435897434,-0.051448526880133794,-0.030864197530864224,753.0,35.592592592592595,46.23456790123457,0.5205843293492696,-0.30245683930942896,-10.265444395258474
UNCOND_LONG,135,5,OOS,400,1.0,0.505,-0.303125,0.5,0.05141072653648138,0.5025,0.4716417910447761,0.0,0.0050000000000000044,,,,,,
gex_follow,135,5,OOS,375,0.9375,0.52,1.796,1.25,0.1303962172880006,0.5066666666666667,0.5239616613418531,0.015000000000000013,0.020000000000000018,400.0,18.865333333333332,17.753333333333334,0.505,-0.303125,2.099125
gex_fade,135,5,OOS,375,0.9375,0.47733333333333333,-1.796,-1.25,-0.1303962172880006,0.49066666666666664,0.476038338658147,-0.027666666666666673,-0.02266666666666667,400.0,17.753333333333334,18.865333333333332,0.505,-0.303125,-1.4928750000000002
UNCOND_LONG,135,10,OOS,400,1.0,0.5475,0.8475,2.75,0.15346342688122291,0.5125,0.4780361757105943,0.0,0.04749999999999999,,,,,,
gex_follow,135,10,OOS,375,0.9375,0.5066666666666667,1.858,0.75,0.12470857249590936,0.5146666666666667,0.511049723756906,-0.04083333333333328,0.00666666666666671,400.0,26.484,24.492,0.5475,0.8475,1.0105
gex_fade,135,10,OOS,375,0.9375,0.48,-1.858,-0.75,-0.12470857249590936,0.4826666666666667,0.4889502762430939,-0.0675,-0.020000000000000018,400.0,24.492,26.484,0.5475,0.8475,-2.7055000000000002
UNCOND_LONG,135,15,OOS,400,1.0,0.5025,-0.799375,0.625,0.00875719620647517,0.4975,0.47715736040609136,0.0,0.0024999999999999467,,,,,,
gex_follow,135,15,OOS,375,0.9375,0.5226666666666666,2.167333333333333,2.5,0.11864568800212927,0.5226666666666666,0.5176151761517616,0.020166666666666666,0.022666666666666613,400.0,32.95733333333333,29.487333333333332,0.5025,-0.799375,2.966708333333333
gex_fade,135,15,OOS,375,0.9375,0.4746666666666667,-2.167333333333333,-2.5,-0.11864568800212927,0.47733333333333333,0.4823848238482385,-0.027833333333333266,-0.02533333333333332,400.0,29.487333333333332,32.95733333333333,0.5025,-0.799375,-1.3679583333333332
UNCOND_LONG,135,30,OOS,400,1.0,0.5625,2.1575,6.625,0.23665498146274705,0.5225,0.4782608695652174,0.0,0.0625,,,,,,
gex_follow,135,30,OOS,375,0.9375,0.4826666666666667,1.8773333333333333,-2.75,0.0915241040872685,0.49333333333333335,0.5177111716621253,-0.07983333333333331,-0.01733333333333331,400.0,43.659333333333336,40.09866666666667,0.5625,2.1575,-0.2801666666666669
gex_fade,135,30,OOS,375,0.9375,0.5146666666666667,-1.8773333333333333,2.75,-0.0915241040872685,0.5066666666666667,0.4822888283378747,-0.04783333333333328,0.014666666666666717,400.0,40.09866666666667,43.659333333333336,0.5625,2.1575,-4.034833333333333
UNCOND_LONG,135,45,OOS,400,1.0,0.5425,1.156875,4.875,0.1926446298903607,0.52,0.4794871794871795,0.0,0.04249999999999998,,,,,,
gex_follow,135,45,OOS,375,0.9375,0.49866666666666665,1.646,0.0,0.09040675758799557,0.488,0.5163934426229508,-0.043833333333333335,-0.001333333333333353,400.0,53.42133333333334,49.05866666666667,0.5425,1.156875,0.4891249999999998
gex_fade,135,45,OOS,375,0.9375,0.49866666666666665,-1.646,0.0,-0.09040675758799557,0.5093333333333333,0.48360655737704916,-0.043833333333333335,-0.001333333333333353,400.0,49.05866666666667,53.42133333333334,0.5425,1.156875,-2.8028750000000002
UNCOND_LONG,135,60,OOS,400,1.0,0.51,-1.678125,2.5,0.04771129818589557,0.4975,0.4794871794871795,0.0,0.010000000000000009,,,,,,
gex_follow,135,60,OOS,375,0.9375,0.5146666666666667,4.464,1.75,0.17330537060221354,0.5333333333333333,0.5163934426229508,0.004666666666666708,0.014666666666666717,400.0,61.361333333333334,55.302,0.51,-1.678125,6.142125
gex_fade,135,60,OOS,375,0.9375,0.48533333333333334,-4.464,-1.75,-0.17330537060221354,0.464,0.48360655737704916,-0.02466666666666667,-0.014666666666666661,400.0,55.302,61.361333333333334,0.51,-1.678125,-2.7858750000000003
UNCOND_LONG,150,5,IS,2352,1.0,0.48214285714285715,-0.006590136054421769,0.0,-0.0019939101826818894,0.4766156462585034,0.48972431077694234,0.0,-0.01785714285714285,,,,,,
gex_follow,150,5,IS,784,0.3333333333333333,0.4961734693877551,-0.10618622448979592,0.0,-0.024264806043244602,0.49107142857142855,0.4901065449010654,0.014030612244897933,-0.003826530612244916,2352.0,6.379145408163265,6.479591836734694,0.48214285714285715,-0.006590136054421769,-0.09959608843537415
gex_fade,150,5,IS,784,0.3333333333333333,0.48086734693877553,0.10618622448979592,0.0,0.024264806043244602,0.4961734693877551,0.5098934550989346,-0.0012755102040816202,-0.01913265306122447,2352.0,6.479591836734694,6.379145408163265,0.48214285714285715,-0.006590136054421769,0.11277636054421769
pc_follow,150,5,IS,462,0.19642857142857142,0.49567099567099565,0.36634199134199136,0.0,0.04708754210370949,0.5043290043290043,0.5037783375314862,0.0135281385281385,-0.004329004329004349,2352.0,5.876082251082251,5.668290043290043,0.48214285714285715,-0.006590136054421769,0.3729321273964131
pc_fade,150,5,IS,462,0.19642857142857142,0.4653679653679654,-0.36634199134199136,0.0,-0.04708754210370949,0.474025974025974,0.49622166246851385,-0.016774891774891776,-0.034632034632034625,2352.0,5.668290043290043,5.876082251082251,0.48214285714285715,-0.006590136054421769,-0.3597518552875696
putz_follow,150,5,IS,270,0.11479591836734694,0.4703703703703704,0.7018518518518518,0.0,0.06543863534500016,0.48148148148148145,0.4892703862660944,-0.011772486772486768,-0.029629629629629617,2352.0,5.235185185185185,4.463888888888889,0.48214285714285715,-0.006590136054421769,0.7084419879062736
putz_fade,150,5,IS,270,0.11479591836734694,0.4888888888888889,-0.7018518518518518,0.0,-0.06543863534500016,0.5,0.5107296137339056,0.006746031746031722,-0.011111111111111127,2352.0,4.463888888888889,5.235185185185185,0.48214285714285715,-0.006590136054421769,-0.6952617157974301
UNCOND_LONG,150,10,IS,2352,1.0,0.48639455782312924,-0.024022108843537414,0.0,-0.028891283727152644,0.48086734693877553,0.48939929328621906,0.0,-0.013605442176870763,,,,,,
gex_follow,150,10,IS,784,0.3333333333333333,0.4770408163265306,-0.3877551020408163,-0.25,-0.08560403136313176,0.4897959183673469,0.5013368983957219,-0.009353741496598622,-0.022959183673469385,2352.0,8.86702806122449,9.034438775510203,0.48639455782312924,-0.024022108843537414,-0.3637329931972789
gex_fade,150,10,IS,784,0.3333333333333333,0.5025510204081632,0.3877551020408163,0.25,0.08560403136313176,0.4923469387755102,0.49866310160427807,0.016156462585034004,0.0025510204081632404,2352.0,9.034438775510203,8.86702806122449,0.48639455782312924,-0.024022108843537414,0.4117772108843537
pc_follow,150,10,IS,462,0.19642857142857142,0.4805194805194805,-0.23106060606060605,0.0,-0.032003332926947264,0.5,0.5078299776286354,-0.005875077303648724,-0.019480519480519487,2352.0,8.207251082251082,8.229978354978355,0.48639455782312924,-0.024022108843537414,-0.20703849721706863
pc_fade,150,10,IS,462,0.19642857142857142,0.49783549783549785,0.23106060606060605,0.0,0.032003332926947264,0.4805194805194805,0.49217002237136465,0.011440940012368617,-0.0021645021645021467,2352.0,8.229978354978355,8.207251082251082,0.48639455782312924,-0.024022108843537414,0.25508271490414347
putz_follow,150,10,IS,270,0.11479591836734694,0.5,0.8518518518518519,0.125,0.10734558497940093,0.4962962962962963,0.49049429657794674,0.013605442176870763,0.0,2352.0,6.92037037037037,5.939814814814815,0.48639455782312924,-0.024022108843537414,0.8758739606953893
putz_fade,150,10,IS,270,0.11479591836734694,0.4777777777777778,-0.8518518518518519,-0.125,-0.10734558497940093,0.48518518518518516,0.5095057034220533,-0.008616780045351435,-0.0222222222222222,2352.0,5.939814814814815,6.92037037037037,0.48639455782312924,-0.024022108843537414,-0.8278297430083145
UNCOND_LONG,150,15,IS,2352,1.0,0.5068027210884354,0.043473639455782316,0.25,-0.033235927893718153,0.48639455782312924,0.49285404937202254,0.0,0.006802721088435382,,,,,,
gex_follow,150,15,IS,784,0.3333333333333333,0.49362244897959184,-0.19993622448979592,0.0,-0.04870444307273998,0.5,0.5032509752925878,-0.013180272108843538,-0.0063775510204081565,2352.0,10.719706632653061,10.831313775510203,0.5068027210884354,0.043473639455782316,-0.24340986394557823
gex_fade,150,15,IS,784,0.3333333333333333,0.4923469387755102,0.19993622448979592,0.0,0.04870444307273998,0.49107142857142855,0.4967490247074122,-0.014455782312925158,-0.007653061224489777,2352.0,10.831313775510203,10.719706632653061,0.5068027210884354,0.043473639455782316,0.1564625850340136
pc_follow,150,15,IS,462,0.19642857142857142,0.512987012987013,0.2922077922077922,0.25,0.04041884412994428,0.5086580086580087,0.5054945054945055,0.00618429189857761,0.012987012987012991,2352.0,10.000541125541126,9.930735930735931,0.5068027210884354,0.043473639455782316,0.24873415275200988
pc_fade,150,15,IS,462,0.19642857142857142,0.474025974025974,-0.2922077922077922,-0.25,-0.04041884412994428,0.47619047619047616,0.4945054945054945,-0.032776747062461364,-0.025974025974025983,2352.0,9.930735930735931,10.000541125541126,0.5068027210884354,0.043473639455782316,-0.3356814316635745
putz_follow,150,15,IS,270,0.11479591836734694,0.48518518518518516,0.5962962962962963,0.0,-0.0028483070827112064,0.5148148148148148,0.4962121212121212,-0.021617535903250218,-0.014814814814814836,2352.0,8.32037037037037,7.185185185185185,0.5068027210884354,0.043473639455782316,0.552822656840514
putz_fade,150,15,IS,270,0.11479591836734694,0.4962962962962963,-0.5962962962962963,0.0,0.0028483070827112064,0.4777777777777778,0.5037878787878788,-0.01050642479213909,-0.003703703703703709,2352.0,7.185185185185185,8.32037037037037,0.5068027210884354,0.043473639455782316,-0.6397699357520786
UNCOND_LONG,150,30,IS,2352,1.0,0.5153061224489796,0.19345238095238096,0.5,0.013251492891855144,0.502125850340136,0.49181034482758623,0.0,0.015306122448979553,,,,,,
gex_follow,150,30,IS,784,0.3333333333333333,0.48596938775510207,-0.17155612244897958,-0.375,-0.09657294181169238,0.4846938775510204,0.5038759689922481,-0.029336734693877486,-0.014030612244897933,2352.0,14.77264030612245,15.04751275510204,0.5153061224489796,0.19345238095238096,-0.36500850340136054
gex_fade,150,30,IS,784,0.3333333333333333,0.5063775510204082,0.17155612244897958,0.375,0.09657294181169238,0.5102040816326531,0.49612403100775193,-0.008928571428571397,0.0063775510204081565,2352.0,15.04751275510204,14.77264030612245,0.5153061224489796,0.19345238095238096,-0.021896258503401378
pc_follow,150,30,IS,462,0.19642857142857142,0.48917748917748916,0.5741341991341992,-0.25,0.04639121063697675,0.49567099567099565,0.506578947368421,-0.026128633271490398,-0.010822510822510845,2352.0,13.951839826839826,13.946969696969697,0.5153061224489796,0.19345238095238096,0.38068181818181823
pc_fade,150,30,IS,462,0.19642857142857142,0.5021645021645021,-0.5741341991341992,0.25,-0.04639121063697675,0.49783549783549785,0.4934210526315789,-0.013141620284477407,0.0021645021645021467,2352.0,13.946969696969697,13.951839826839826,0.5153061224489796,0.19345238095238096,-0.7675865800865801
putz_follow,150,30,IS,270,0.11479591836734694,0.4925925925925926,1.1657407407407407,0.0,-0.10731612949767477,0.4666666666666667,0.49809885931558934,-0.02271352985638697,-0.007407407407407418,2352.0,11.209259259259259,10.308333333333334,0.5153061224489796,0.19345238095238096,0.9722883597883598
putz_fade,150,30,IS,270,0.11479591836734694,0.4962962962962963,-1.1657407407407407,0.0,0.10731612949767477,0.5296296296296297,0.5019011406844106,-0.019009826152683262,-0.003703703703703709,2352.0,10.308333333333334,11.209259259259259,0.5153061224489796,0.19345238095238096,-1.3591931216931217
UNCOND_LONG,150,45,IS,2352,1.0,0.5454931972789115,0.3117559523809524,1.0,0.07395582767908618,0.5097789115646258,0.4915766738660907,0.0,0.045493197278911546,,,,,,
gex_follow,150,45,IS,784,0.3333333333333333,0.48086734693877553,-0.18271683673469388,-0.25,-0.04215159404199813,0.4885204081632653,0.5032341526520052,-0.06462585034013602,-0.01913265306122447,2352.0,18.011798469387756,18.130739795918366,0.5454931972789115,0.3117559523809524,-0.4944727891156463
gex_fade,150,45,IS,784,0.3333333333333333,0.5076530612244898,0.18271683673469388,0.25,0.04215159404199813,0.5051020408163265,0.49676584734799484,-0.037840136054421714,0.007653061224489832,2352.0,18.130739795918366,18.011798469387756,0.5454931972789115,0.3117559523809524,-0.1290391156462585
pc_follow,150,45,IS,462,0.19642857142857142,0.5173160173160173,-0.23755411255411255,0.75,0.028105169820556733,0.487012987012987,0.5033112582781457,-0.02817717996289426,0.017316017316017285,2352.0,16.22943722943723,17.014069264069263,0.5454931972789115,0.3117559523809524,-0.549310064935065
pc_fade,150,45,IS,462,0.19642857142857142,0.4675324675324675,0.23755411255411255,-0.75,-0.028105169820556733,0.5086580086580087,0.4966887417218543,-0.07796072974644402,-0.03246753246753248,2352.0,17.014069264069263,16.22943722943723,0.5454931972789115,0.3117559523809524,-0.07420183982683984
putz_follow,150,45,IS,270,0.11479591836734694,0.4925925925925926,1.1879629629629629,-0.125,-0.24825791633094188,0.45185185185185184,0.49809885931558934,-0.052900604686318964,-0.007407407407407418,2352.0,13.559259259259258,12.452777777777778,0.5454931972789115,0.3117559523809524,0.8762070105820106
putz_fade,150,45,IS,270,0.11479591836734694,0.5,-1.1879629629629629,0.125,0.24825791633094188,0.5444444444444444,0.5019011406844106,-0.045493197278911546,0.0,2352.0,12.452777777777778,13.559259259259258,0.5454931972789115,0.3117559523809524,-1.4997189153439152
UNCOND_LONG,150,60,IS,2352,1.0,0.5348639455782312,0.23065476190476192,1.0,0.06579777651054758,0.5089285714285714,0.49178200692041524,0.0,0.03486394557823125,,,,,,
gex_follow,150,60,IS,784,0.3333333333333333,0.5012755102040817,0.6198979591836735,0.25,0.03699529286450334,0.4846938775510204,0.5019455252918288,-0.03358843537414957,0.0012755102040816757,2352.0,20.65720663265306,20.59438775510204,0.5348639455782312,0.23065476190476192,0.3892431972789116
gex_fade,150,60,IS,784,0.3333333333333333,0.4923469387755102,-0.6198979591836735,-0.25,-0.03699529286450334,0.5114795918367347,0.4980544747081712,-0.042517006802721025,-0.007653061224489777,2352.0,20.59438775510204,20.65720663265306,0.5348639455782312,0.23065476190476192,-0.8505527210884354
pc_follow,150,60,IS,462,0.19642857142857142,0.5346320346320347,0.20292207792207792,1.0,0.11356762793495116,0.48268398268398266,0.5033112582781457,-0.00023191094619656738,0.03463203463203468,2352.0,18.524891774891774,19.67748917748918,0.5348639455782312,0.23065476190476192,-0.027732683982683998
pc_fade,150,60,IS,462,0.19642857142857142,0.461038961038961,-0.20292207792207792,-1.0,-0.11356762793495116,0.512987012987013,0.4966887417218543,-0.07382498453927022,-0.038961038961038974,2352.0,19.67748917748918,18.524891774891774,0.5348639455782312,0.23065476190476192,-0.4335768398268398
putz_follow,150,60,IS,270,0.11479591836734694,0.4888888888888889,0.7435185185185185,-0.25,-0.26346137756643284,0.48518518518518516,0.49809885931558934,-0.045975056689342375,-0.011111111111111127,2352.0,15.337962962962964,14.352777777777778,0.5348639455782312,0.23065476190476192,0.5128637566137566
putz_fade,150,60,IS,270,0.11479591836734694,0.5037037037037037,-0.7435185185185185,0.25,0.26346137756643284,0.5148148148148148,0.5019011406844106,-0.031160241874527594,0.0037037037037036535,2352.0,14.352777777777778,15.337962962962964,0.5348639455782312,0.23065476190476192,-0.9741732804232803
UNCOND_LONG,150,5,Validation,753,1.0,0.4594953519256308,-1.3934262948207172,-1.5,-0.1615829544797702,0.4581673306772908,0.4722222222222222,0.0,-0.04050464807436921,,,,,,
gex_follow,150,5,Validation,635,0.8432934926958832,0.5023622047244094,0.6039370078740157,0.25,0.036323208379703785,0.5023622047244094,0.49725776965265084,0.04286685279877861,0.0023622047244094,753.0,12.19763779527559,12.079527559055117,0.4594953519256308,-1.3934262948207172,1.9973633026947328
gex_fade,150,5,Validation,635,0.8432934926958832,0.4818897637795276,-0.6039370078740157,-0.25,-0.036323208379703785,0.49291338582677163,0.5027422303473492,0.02239441185389679,-0.01811023622047242,753.0,12.079527559055117,12.19763779527559,0.4594953519256308,-1.3934262948207172,0.7894892869467015
pc_follow,150,5,Validation,175,0.23240371845949534,0.5771428571428572,0.6442857142857142,2.5,0.07425868120081654,0.5485714285714286,0.5668789808917197,0.11764750521722639,0.07714285714285718,753.0,14.82857142857143,14.4,0.4594953519256308,-1.3934262948207172,2.0377120091064316
pc_fade,150,5,Validation,175,0.23240371845949534,0.4057142857142857,-0.6442857142857142,-2.5,-0.07425868120081654,0.4514285714285714,0.43312101910828027,-0.0537810662113451,-0.0942857142857143,753.0,14.4,14.82857142857143,0.4594953519256308,-1.3934262948207172,0.749140580535003
putz_follow,150,5,Validation,81,0.10756972111553785,0.48148148148148145,0.23765432098765432,-1.25,-0.15982743396164048,0.4444444444444444,0.4647887323943662,0.021986129555850664,-0.018518518518518545,753.0,12.589506172839506,12.688271604938272,0.4594953519256308,-1.3934262948207172,1.6310806158083715
putz_fade,150,5,Validation,81,0.10756972111553785,0.5061728395061729,-0.23765432098765432,1.25,0.15982743396164048,0.5432098765432098,0.5352112676056338,0.046677487580542076,0.006172839506172867,753.0,12.688271604938272,12.589506172839506,0.4594953519256308,-1.3934262948207172,1.155771973833063
UNCOND_LONG,150,10,Validation,753,1.0,0.47941567065073043,-1.50398406374502,-0.5,-0.15057436069491045,0.4714475431606906,0.47761194029850745,0.0,-0.02058432934926957,,,,,,
gex_follow,150,10,Validation,635,0.8432934926958832,0.5244094488188976,1.8354330708661417,1.25,0.16148290163229753,0.5118110236220472,0.5064308681672026,0.04499377816816719,0.024409448818897617,753.0,17.579133858267717,16.542125984251967,0.47941567065073043,-1.50398406374502,3.3394171346111614
gex_fade,150,10,Validation,635,0.8432934926958832,0.46771653543307085,-1.8354330708661417,-1.25,-0.16148290163229753,0.4818897637795276,0.49356913183279744,-0.011699135217659584,-0.032283464566929154,753.0,16.542125984251967,17.579133858267717,0.47941567065073043,-1.50398406374502,-0.3314490071211218
pc_follow,150,10,Validation,175,0.23240371845949534,0.5885714285714285,3.137142857142857,4.5,0.27708167803549705,0.5714285714285714,0.5606936416184971,0.1091557579206981,0.08857142857142852,753.0,21.88,19.854285714285716,0.47941567065073043,-1.50398406374502,4.641126920887877
pc_fade,150,10,Validation,175,0.23240371845949534,0.4057142857142857,-3.137142857142857,-4.5,-0.27708167803549705,0.42857142857142855,0.4393063583815029,-0.07370138493644474,-0.0942857142857143,753.0,19.854285714285716,21.88,0.47941567065073043,-1.50398406374502,-1.633158793397837
putz_follow,150,10,Validation,81,0.10756972111553785,0.48148148148148145,2.506172839506173,-0.25,0.025070476629880163,0.5061728395061729,0.4810126582278481,0.002065810830751025,-0.018518518518518545,753.0,18.182098765432098,15.87962962962963,0.47941567065073043,-1.50398406374502,4.010156903251193
putz_fade,150,10,Validation,81,0.10756972111553785,0.5061728395061729,-2.506172839506173,0.25,-0.025070476629880163,0.49382716049382713,0.5189873417721519,0.026757168855442437,0.006172839506172867,753.0,15.87962962962963,18.182098765432098,0.47941567065073043,-1.50398406374502,-1.002188775761153
UNCOND_LONG,150,15,Validation,753,1.0,0.46613545816733065,-1.6849269588313414,-1.25,-0.17712917429895267,0.4594953519256308,0.4771505376344086,0.0,-0.03386454183266935,,,,,,
gex_follow,150,15,Validation,635,0.8432934926958832,0.5181102362204725,1.4586614173228347,1.25,0.14268857913928193,0.5228346456692914,0.5031948881789138,0.051974778053141824,0.018110236220472475,753.0,20.873228346456692,19.61023622047244,0.46613545816733065,-1.6849269588313414,3.143588376154176
gex_fade,150,15,Validation,635,0.8432934926958832,0.47086614173228347,-1.4586614173228347,-1.25,-0.14268857913928193,0.4692913385826772,0.4968051118210863,0.00473068356495282,-0.029133858267716528,753.0,19.61023622047244,20.873228346456692,0.46613545816733065,-1.6849269588313414,0.22626554150850664
pc_follow,150,15,Validation,175,0.23240371845949534,0.5428571428571428,2.02,2.25,0.24770504342787555,0.5714285714285714,0.5581395348837209,0.07672168468981216,0.042857142857142816,753.0,26.587142857142858,23.52,0.46613545816733065,-1.6849269588313414,3.7049269588313414
pc_fade,150,15,Validation,175,0.23240371845949534,0.44,-2.02,-2.25,-0.24770504342787555,0.4228571428571429,0.4418604651162791,-0.02613545816733065,-0.06,753.0,23.52,26.587142857142858,0.46613545816733065,-1.6849269588313414,-0.33507304116865866
putz_follow,150,15,Validation,81,0.10756972111553785,0.4691358024691358,5.558641975308642,-2.0,0.2413106291637494,0.5061728395061729,0.4875,0.0030003443018051246,-0.030864197530864224,753.0,23.52469135802469,18.02777777777778,0.46613545816733065,-1.6849269588313414,7.243568934139983
putz_fade,150,15,Validation,81,0.10756972111553785,0.5308641975308642,-5.558641975308642,2.0,-0.2413106291637494,0.49382716049382713,0.5125,0.06472873936353357,0.030864197530864224,753.0,18.02777777777778,23.52469135802469,0.46613545816733065,-1.6849269588313414,-3.8737150164773
UNCOND_LONG,150,30,Validation,753,1.0,0.50066401062417,-1.5322045152722443,0.25,-0.16964339804965725,0.4541832669322709,0.477792732166891,0.0,0.0006640106241699861,,,,,,
gex_follow,150,30,Validation,635,0.8432934926958832,0.5354330708661418,1.9232283464566928,2.25,0.16230016326530058,0.5181102362204725,0.5024,0.034769060241971794,0.03543307086614178,753.0,28.770866141732284,27.168503937007873,0.50066401062417,-1.5322045152722443,3.455432861728937
gex_fade,150,30,Validation,635,0.8432934926958832,0.46141732283464565,-1.9232283464566928,-2.25,-0.16230016326530058,0.4818897637795276,0.4976,-0.03924668778952434,-0.03858267716535435,753.0,27.168503937007873,28.770866141732284,0.50066401062417,-1.5322045152722443,-0.3910238311844485
pc_follow,150,30,Validation,175,0.23240371845949534,0.5428571428571428,1.1542857142857144,2.25,0.1582039849267304,0.5542857142857143,0.5581395348837209,0.04219313223297283,0.042857142857142816,753.0,35.48428571428571,33.48571428571429,0.50066401062417,-1.5322045152722443,2.6864902295579585
pc_fade,150,30,Validation,175,0.23240371845949534,0.4514285714285714,-1.1542857142857144,-2.25,-0.1582039849267304,0.44571428571428573,0.4418604651162791,-0.049235439195598585,-0.0485714285714286,753.0,33.48571428571429,35.48428571428571,0.50066401062417,-1.5322045152722443,0.37791880098652997
putz_follow,150,30,Validation,81,0.10756972111553785,0.6172839506172839,7.901234567901234,9.5,0.40737931900765595,0.5432098765432098,0.4875,0.11661993999311393,0.11728395061728392,753.0,34.675925925925924,25.901234567901234,0.50066401062417,-1.5322045152722443,9.433439083173479
putz_fade,150,30,Validation,81,0.10756972111553785,0.38271604938271603,-7.901234567901234,-9.5,-0.40737931900765595,0.4567901234567901,0.5125,-0.11794796124145396,-0.11728395061728397,753.0,25.901234567901234,34.675925925925924,0.50066401062417,-1.5322045152722443,-6.36903005262899
UNCOND_LONG,150,45,Validation,753,1.0,0.5033200531208499,-1.3240371845949535,0.5,-0.15506876699256858,0.47808764940239046,0.4777327935222672,0.0,0.0033200531208499307,,,,,,
gex_follow,150,45,Validation,635,0.8432934926958832,0.5055118110236221,1.1744094488188976,0.75,0.11491043086110803,0.521259842519685,0.5008025682182986,0.002191757902772151,0.005511811023622082,753.0,34.4748031496063,32.585826771653544,0.5033200531208499,-1.3240371845949535,2.498446633413851
gex_fade,150,45,Validation,635,0.8432934926958832,0.49291338582677163,-1.1744094488188976,-0.75,-0.11491043086110803,0.47874015748031495,0.49919743178170145,-0.010406667294078298,-0.007086614173228367,753.0,32.585826771653544,34.4748031496063,0.5033200531208499,-1.3240371845949535,0.14962773577605581
pc_follow,150,45,Validation,175,0.23240371845949534,0.49714285714285716,1.1957142857142857,0.0,0.19352482753861996,0.56,0.5581395348837209,-0.0061771959779927665,-0.002857142857142836,753.0,41.08714285714286,39.06857142857143,0.5033200531208499,-1.3240371845949535,2.519751470309239
pc_fade,150,45,Validation,175,0.23240371845949534,0.49714285714285716,-1.1957142857142857,0.0,-0.19352482753861996,0.44,0.4418604651162791,-0.0061771959779927665,-0.002857142857142836,753.0,39.06857142857143,41.08714285714286,0.5033200531208499,-1.3240371845949535,0.12832289888066772
putz_follow,150,45,Validation,81,0.10756972111553785,0.6049382716049383,10.345679012345679,5.5,0.5167514020111319,0.5679012345679012,0.4875,0.10161821848408836,0.1049382716049383,753.0,41.81481481481482,29.5,0.5033200531208499,-1.3240371845949535,11.669716196940632
putz_fade,150,45,Validation,81,0.10756972111553785,0.38271604938271603,-10.345679012345679,-5.5,-0.5167514020111319,0.43209876543209874,0.5125,-0.1206040037381339,-0.11728395061728397,753.0,29.5,41.81481481481482,0.5033200531208499,-1.3240371845949535,-9.021641827750726
UNCOND_LONG,150,60,Validation,753,1.0,0.5219123505976095,-0.9090305444887118,2.5,-0.029949303362754774,0.47808764940239046,0.4776725304465494,0.0,0.021912350597609542,,,,,,
gex_follow,150,60,Validation,635,0.8432934926958832,0.5354330708661418,1.2078740157480314,4.5,0.12017373894356391,0.5244094488188976,0.5024154589371981,0.013520720268532238,0.03543307086614178,753.0,39.428346456692914,37.47047244094488,0.5219123505976095,-0.9090305444887118,2.116904560236743
gex_fade,150,60,Validation,635,0.8432934926958832,0.4645669291338583,-1.2078740157480314,-4.5,-0.12017373894356391,0.4755905511811024,0.4975845410628019,-0.05734542146375127,-0.035433070866141725,753.0,37.47047244094488,39.428346456692914,0.5219123505976095,-0.9090305444887118,-0.29884347125931965
pc_follow,150,60,Validation,175,0.23240371845949534,0.5542857142857143,3.1271428571428572,7.25,0.3771494116067301,0.5657142857142857,0.5581395348837209,0.03237336368810473,0.05428571428571427,753.0,47.07142857142857,44.32,0.5219123505976095,-0.9090305444887118,4.036173401631569
pc_fade,150,60,Validation,175,0.23240371845949534,0.44571428571428573,-3.1271428571428572,-7.25,-0.3771494116067301,0.4342857142857143,0.4418604651162791,-0.07619806488332381,-0.05428571428571427,753.0,44.32,47.07142857142857,0.5219123505976095,-0.9090305444887118,-2.2181123126541453
putz_follow,150,60,Validation,81,0.10756972111553785,0.5432098765432098,12.885802469135802,8.5,0.7593580487918664,0.5555555555555556,0.4936708860759494,0.021297525945600304,0.043209876543209846,753.0,48.54012345679013,34.8179012345679,0.5219123505976095,-0.9090305444887118,13.794833013624514
putz_fade,150,60,Validation,81,0.10756972111553785,0.4444444444444444,-12.885802469135802,-8.5,-0.7593580487918664,0.4444444444444444,0.5063291139240507,-0.07746790615316512,-0.05555555555555558,753.0,34.8179012345679,48.54012345679013,0.5219123505976095,-0.9090305444887118,-11.97677192464709
UNCOND_LONG,150,5,OOS,400,1.0,0.5625,1.914375,3.25,0.16596828014438764,0.5275,0.5476190476190477,0.0,0.0625,,,,,,
gex_follow,150,5,OOS,375,0.9375,0.49066666666666664,-0.30533333333333335,-0.5,-0.039690585366847615,0.48,0.48742138364779874,-0.07183333333333336,-0.00933333333333336,400.0,16.192666666666668,17.459333333333333,0.5625,1.914375,-2.219708333333333
gex_fade,150,5,OOS,375,0.9375,0.5066666666666667,0.30533333333333335,0.5,0.039690585366847615,0.512,0.5125786163522013,-0.05583333333333329,0.00666666666666671,400.0,17.459333333333333,16.192666666666668,0.5625,1.914375,-1.6090416666666667
UNCOND_LONG,150,10,OOS,400,1.0,0.5575,1.140625,3.5,0.14086864240564004,0.5475,0.5529100529100529,0.0,0.057499999999999996,,,,,,
gex_follow,150,10,OOS,375,0.9375,0.48,-0.596,-1.5,-0.06416299606551946,0.48533333333333334,0.49295774647887325,-0.07750000000000001,-0.020000000000000018,400.0,23.179333333333332,23.976,0.5575,1.140625,-1.736625
gex_fade,150,10,OOS,375,0.9375,0.5173333333333333,0.596,1.5,0.06416299606551946,0.5146666666666667,0.5070422535211268,-0.040166666666666684,0.01733333333333331,400.0,23.976,23.179333333333332,0.5575,1.140625,-0.544625
UNCOND_LONG,150,15,OOS,400,1.0,0.5625,2.895625,4.5,0.22450330851367042,0.5525,0.5564102564102564,0.0,0.0625,,,,,,
gex_follow,150,15,OOS,375,0.9375,0.49066666666666664,-0.24933333333333332,-0.25,-0.019682869250509837,0.5093333333333333,0.4918032786885246,-0.07183333333333336,-0.00933333333333336,400.0,27.388,28.674666666666667,0.5625,2.895625,-3.1449583333333333
gex_fade,150,15,OOS,375,0.9375,0.504,0.24933333333333332,0.25,0.019682869250509837,0.49066666666666664,0.5081967213114754,-0.058499999999999996,0.0040000000000000036,400.0,28.674666666666667,27.388,0.5625,2.895625,-2.6462916666666665
UNCOND_LONG,150,30,OOS,400,1.0,0.56,1.895,5.0,0.18540425144486272,0.535,0.5524296675191815,0.0,0.06000000000000005,,,,,,
gex_follow,150,30,OOS,375,0.9375,0.4666666666666667,-0.4806666666666667,-2.5,-0.016266778328468703,0.48,0.4890710382513661,-0.09333333333333338,-0.033333333333333326,400.0,39.546,40.864666666666665,0.56,1.895,-2.3756666666666666
gex_fade,150,30,OOS,375,0.9375,0.5333333333333333,0.4806666666666667,2.5,0.016266778328468703,0.52,0.5109289617486339,-0.026666666666666727,0.033333333333333326,400.0,40.864666666666665,39.546,0.56,1.895,-1.4143333333333334
UNCOND_LONG,150,45,OOS,400,1.0,0.5075,-0.94,1.0,0.03551880954131812,0.515,0.5512820512820513,0.0,0.007499999999999951,,,,,,
gex_follow,150,45,OOS,375,0.9375,0.4746666666666667,2.3373333333333335,-1.5,0.0651313719690468,0.49066666666666664,0.4890710382513661,-0.03283333333333327,-0.02533333333333332,400.0,48.92466666666667,48.226,0.5075,-0.94,3.2773333333333334
gex_fade,150,45,OOS,375,0.9375,0.5226666666666666,-2.3373333333333335,1.5,-0.0651313719690468,0.5093333333333333,0.5109289617486339,0.015166666666666662,0.022666666666666613,400.0,48.226,48.92466666666667,0.5075,-0.94,-1.3973333333333335
UNCOND_LONG,150,60,OOS,400,1.0,0.51,0.740625,1.75,0.09674374560241347,0.5025,0.5512820512820513,0.0,0.010000000000000009,,,,,,
gex_follow,150,60,OOS,375,0.9375,0.5146666666666667,0.36333333333333334,0.75,-0.020835949008151857,0.5093333333333333,0.4890710382513661,0.004666666666666708,0.014666666666666717,400.0,55.79,53.864666666666665,0.51,0.740625,-0.37729166666666664
gex_fade,150,60,OOS,375,0.9375,0.4826666666666667,-0.36333333333333334,-0.75,0.020835949008151857,0.49066666666666664,0.5109289617486339,-0.02733333333333332,-0.01733333333333331,400.0,53.864666666666665,55.79,0.51,0.740625,-1.1039583333333334
UNCOND_LONG,165,5,IS,2337,1.0,0.47881899871630296,-0.0975609756097561,0.0,-0.010238866210863937,0.4771074026529739,0.4974385245901639,0.0,-0.021181001283697043,,,,,,
gex_follow,165,5,IS,777,0.3324775353016688,0.47876447876447875,-0.17117117117117117,0.0,-0.0443543095542099,0.4864864864864865,0.5023400936037441,-5.451995182420566e-05,-0.02123552123552125,2337.0,5.805019305019305,5.967181467181467,0.47881899871630296,-0.0975609756097561,-0.07361019556141507
gex_fade,165,5,IS,777,0.3324775353016688,0.48906048906048905,0.17117117117117117,0.0,0.0443543095542099,0.49034749034749037,0.49765990639625585,0.010241490344186088,-0.010939510939510955,2337.0,5.967181467181467,5.805019305019305,0.47881899871630296,-0.0975609756097561,0.2687321467809273
pc_follow,165,5,IS,457,0.19554985023534446,0.4923413566739606,-0.3134573304157549,0.0,-0.06204425310376512,0.48358862144420134,0.5128865979381443,0.01352235795765766,-0.007658643326039383,2337.0,5.290481400437637,5.710065645514224,0.47881899871630296,-0.0975609756097561,-0.2158963548059988
pc_fade,165,5,IS,457,0.19554985023534446,0.4638949671772429,0.3134573304157549,0.0,0.06204425310376512,0.487964989059081,0.48711340206185566,-0.014924031539060079,-0.03610503282275712,2337.0,5.710065645514224,5.290481400437637,0.47881899871630296,-0.0975609756097561,0.41101830602551104
putz_follow,165,5,IS,267,0.11424903722721438,0.45692883895131087,0.18164794007490637,0.0,-0.04700324293026399,0.449438202247191,0.47345132743362833,-0.02189015976499209,-0.04307116104868913,2337.0,4.107677902621723,4.25374531835206,0.47881899871630296,-0.0975609756097561,0.27920891568466244
putz_fade,165,5,IS,267,0.11424903722721438,0.4868913857677903,-0.18164794007490637,0.0,0.04700324293026399,0.5168539325842697,0.5265486725663717,0.008072387051487329,-0.013108614232209714,2337.0,4.25374531835206,4.107677902621723,0.47881899871630296,-0.0975609756097561,-0.08408696446515027
UNCOND_LONG,165,10,IS,2337,1.0,0.5010697475395807,-0.020004278990158324,0.25,0.014426259611767071,0.4843816859221224,0.5028927458834,0.0,0.0010697475395806677,,,,,,
gex_follow,165,10,IS,777,0.3324775353016688,0.4568854568854569,-0.01126126126126126,-0.5,-0.06823537542390735,0.47619047619047616,0.49395973154362416,-0.04418429065412377,-0.0431145431145431,2337.0,8.267374517374517,8.35971685971686,0.5010697475395807,-0.020004278990158324,0.008743017728897063
gex_fade,165,10,IS,777,0.3324775353016688,0.5276705276705277,0.01126126126126126,0.5,0.06823537542390735,0.5122265122265123,0.5060402684563758,0.02660078013094702,0.02767052767052769,2337.0,8.35971685971686,8.267374517374517,0.5010697475395807,-0.020004278990158324,0.03126554025141959
pc_follow,165,10,IS,457,0.19554985023534446,0.47921225382932164,0.27680525164113784,-0.25,0.0018298014365060885,0.4989059080962801,0.5241379310344828,-0.021857493710259024,-0.020787746170678356,2337.0,7.732494529540482,7.893326039387309,0.5010697475395807,-0.020004278990158324,0.29680953063129617
pc_fade,165,10,IS,457,0.19554985023534446,0.5032822757111597,-0.27680525164113784,0.25,-0.0018298014365060885,0.4814004376367615,0.47586206896551725,0.00221252817157902,0.003282275711159688,2337.0,7.893326039387309,7.732494529540482,0.5010697475395807,-0.020004278990158324,-0.2568009726509795
putz_follow,165,10,IS,267,0.11424903722721438,0.44569288389513106,0.2902621722846442,-0.5,-0.21565049294983812,0.45692883895131087,0.4669260700389105,-0.0553768636444496,-0.054307116104868935,2337.0,5.995318352059925,6.078651685393258,0.5010697475395807,-0.020004278990158324,0.3102664512748025
putz_fade,165,10,IS,267,0.11424903722721438,0.5468164794007491,-0.2902621722846442,0.5,0.21565049294983812,0.5243445692883895,0.5330739299610895,0.0457467318611684,0.04681647940074907,2337.0,6.078651685393258,5.995318352059925,0.5010697475395807,-0.020004278990158324,-0.27025789329448585
UNCOND_LONG,165,15,IS,2337,1.0,0.5139067180145486,0.10954214805305948,0.25,0.05184488716788925,0.49122807017543857,0.5043478260869565,0.0,0.01390671801454857,,,,,,
gex_follow,165,15,IS,777,0.3324775353016688,0.4839124839124839,0.0489060489060489,0.0,-0.03431264535138039,0.4697554697554698,0.4915254237288136,-0.029994234102064643,-0.016087516087516074,2337.0,10.099420849420849,10.236164736164737,0.5139067180145486,0.10954214805305948,-0.060636099147010576
gex_fade,165,15,IS,777,0.3324775353016688,0.4954954954954955,-0.0489060489060489,0.0,0.03431264535138039,0.5212355212355212,0.5084745762711864,-0.018411222519053083,-0.004504504504504514,2337.0,10.236164736164737,10.099420849420849,0.5139067180145486,0.10954214805305948,-0.1584481969591084
pc_follow,165,15,IS,457,0.19554985023534446,0.4923413566739606,0.3172866520787746,0.0,0.00781969200710401,0.48577680525164113,0.5279642058165548,-0.021565361340587952,-0.007658643326039383,2337.0,9.582056892778994,9.571663019693654,0.5139067180145486,0.10954214805305948,0.20774450402571512
pc_fade,165,15,IS,457,0.19554985023534446,0.47921225382932164,-0.3172866520787746,0.0,-0.00781969200710401,0.49671772428884026,0.4720357941834452,-0.034694464185226925,-0.020787746170678356,2337.0,9.571663019693654,9.582056892778994,0.5139067180145486,0.10954214805305948,-0.4268288001318341
putz_follow,165,15,IS,267,0.11424903722721438,0.46441947565543074,0.5337078651685393,-0.25,-0.14174188122697565,0.4606741573033708,0.4641509433962264,-0.04948724235911783,-0.035580524344569264,2337.0,7.564606741573034,7.527153558052435,0.5139067180145486,0.10954214805305948,0.4241657171154798
putz_fade,165,15,IS,267,0.11424903722721438,0.5168539325842697,-0.5337078651685393,0.25,0.14174188122697565,0.5243445692883895,0.5358490566037736,0.002947214569721135,0.016853932584269704,2337.0,7.527153558052435,7.564606741573034,0.5139067180145486,0.10954214805305948,-0.6432500132215988
UNCOND_LONG,165,30,IS,2337,1.0,0.5425759520753102,0.2685066324347454,0.75,0.11483298341329473,0.5091998288403937,0.5039096437880104,0.0,0.042575952075310175,,,,,,
gex_follow,165,30,IS,777,0.3324775353016688,0.4877734877734878,-0.029601029601029602,-0.25,0.0019852354485950193,0.4749034749034749,0.49022164276401564,-0.054802464301822396,-0.01222651222651222,2337.0,14.317889317889318,14.284105534105533,0.5425759520753102,0.2685066324347454,-0.298107662035775
gex_fade,165,30,IS,777,0.3324775353016688,0.5032175032175032,0.029601029601029602,0.25,-0.0019852354485950193,0.5186615186615187,0.5097783572359843,-0.03935844885780693,0.003217503217503248,2337.0,14.284105534105533,14.317889317889318,0.5425759520753102,0.2685066324347454,-0.23890560283371576
pc_follow,165,30,IS,457,0.19554985023534446,0.5032822757111597,-0.599015317286652,0.25,-0.03618017530702201,0.474835886214442,0.5234899328859061,-0.03929367636415049,0.003282275711159688,2337.0,12.722100656455142,13.63402625820569,0.5425759520753102,0.2685066324347454,-0.8675219497213974
pc_fade,165,30,IS,457,0.19554985023534446,0.49015317286652077,0.599015317286652,-0.25,0.03618017530702201,0.5142231947483589,0.47651006711409394,-0.052422779208789405,-0.00984682713347923,2337.0,13.63402625820569,12.722100656455142,0.5425759520753102,0.2685066324347454,0.33050868485190665
putz_follow,165,30,IS,267,0.11424903722721438,0.50187265917603,0.6039325842696629,0.25,-0.2840928877763262,0.4756554307116105,0.4679245283018868,-0.04070329289928021,0.0018726591760299671,2337.0,10.50749063670412,10.336142322097379,0.5425759520753102,0.2685066324347454,0.3354259518349175
putz_fade,165,30,IS,267,0.11424903722721438,0.4943820224719101,-0.6039325842696629,-0.25,0.2840928877763262,0.5131086142322098,0.5320754716981132,-0.048193929603400076,-0.005617977528089901,2337.0,10.336142322097379,10.50749063670412,0.5425759520753102,0.2685066324347454,-0.8724392167044083
UNCOND_LONG,165,45,IS,2337,1.0,0.5417201540436457,0.2248609328198545,0.75,0.11941513126222753,0.5139067180145486,0.5021834061135371,0.0,0.04172015404364571,,,,,,
gex_follow,165,45,IS,777,0.3324775353016688,0.5045045045045045,0.6177606177606177,0.25,0.04388786994676168,0.4929214929214929,0.48891786179921776,-0.03721564953914125,0.0045045045045044585,2337.0,17.528635778635778,17.2972972972973,0.5417201540436457,0.2248609328198545,0.3928996849407632
gex_fade,165,45,IS,777,0.3324775353016688,0.49163449163449163,-0.6177606177606177,-0.25,-0.04388786994676168,0.5019305019305019,0.5110821382007823,-0.050085662409154075,-0.008365508365508367,2337.0,17.2972972972973,17.528635778635778,0.5417201540436457,0.2248609328198545,-0.8426215505804723
pc_follow,165,45,IS,457,0.19554985023534446,0.5142231947483589,-0.34080962800875275,0.75,0.030805953125785424,0.5076586433260394,0.5258426966292135,-0.027496959295286838,0.01422319474835887,2337.0,15.545404814004376,16.866520787746172,0.5417201540436457,0.2248609328198545,-0.5656705608286072
pc_fade,165,45,IS,457,0.19554985023534446,0.47921225382932164,0.34080962800875275,-0.75,-0.030805953125785424,0.4923413566739606,0.47415730337078654,-0.06250790021432406,-0.020787746170678356,2337.0,16.866520787746172,15.545404814004376,0.5417201540436457,0.2248609328198545,0.11594869518889825
putz_follow,165,45,IS,267,0.11424903722721438,0.4756554307116105,0.24812734082397003,-0.25,-0.27724940824728406,0.47191011235955055,0.4732824427480916,-0.06606472333203522,-0.024344569288389517,2337.0,12.80243445692884,12.456928838951312,0.5417201540436457,0.2248609328198545,0.02326640800411553
putz_fade,165,45,IS,267,0.11424903722721438,0.5131086142322098,-0.24812734082397003,0.25,0.27724940824728406,0.5205992509363296,0.5267175572519084,-0.028611539811435938,0.01310861423220977,2337.0,12.456928838951312,12.80243445692884,0.5417201540436457,0.2248609328198545,-0.47298827364382456
UNCOND_LONG,165,60,IS,2337,1.0,0.5263157894736842,0.20400085579803168,0.75,0.058098662903974745,0.5190415062045357,0.5,0.0,0.02631578947368418,,,,,,
gex_follow,165,60,IS,777,0.3324775353016688,0.49935649935649934,1.0347490347490347,0.0,0.17700251985327672,0.5006435006435006,0.49078947368421055,-0.026959290117184842,-0.0006435006435006607,2337.0,20.33655083655084,19.666344916344915,0.5263157894736842,0.20400085579803168,0.830748178951003
gex_fade,165,60,IS,777,0.3324775353016688,0.4877734877734878,-1.0347490347490347,0.0,-0.17700251985327672,0.4929214929214929,0.5092105263157894,-0.0385423017001964,-0.01222651222651222,2337.0,19.666344916344915,20.33655083655084,0.5263157894736842,0.20400085579803168,-1.2387498905470664
pc_follow,165,60,IS,457,0.19554985023534446,0.5164113785557987,0.07330415754923414,0.75,0.15854906853985698,0.5076586433260394,0.5294117647058824,-0.00990441091788552,0.01641137855579866,2337.0,18.060722100656456,19.341903719912473,0.5263157894736842,0.20400085579803168,-0.13069669824879754
pc_fade,165,60,IS,457,0.19554985023534446,0.47702407002188185,-0.07330415754923414,-0.75,-0.15854906853985698,0.49015317286652077,0.47058823529411764,-0.04929171945180233,-0.022975929978118148,2337.0,19.341903719912473,18.060722100656456,0.5263157894736842,0.20400085579803168,-0.2773050133472658
putz_follow,165,60,IS,267,0.11424903722721438,0.5056179775280899,1.1647940074906367,0.25,-0.15534760051246002,0.4943820224719101,0.4728682170542636,-0.02069781194559428,0.005617977528089901,2337.0,14.932584269662922,14.160112359550562,0.5263157894736842,0.20400085579803168,0.9607931516926049
putz_fade,165,60,IS,267,0.11424903722721438,0.4794007490636704,-1.1647940074906367,-0.25,0.15534760051246002,0.48314606741573035,0.5271317829457365,-0.046915040410013764,-0.020599250936329583,2337.0,14.160112359550562,14.932584269662922,0.5263157894736842,0.20400085579803168,-1.3687948632886684
UNCOND_LONG,165,5,Validation,747,1.0,0.4979919678714859,0.2362784471218206,0.0,0.008675551688906272,0.500669344042838,0.4880382775119617,0.0,-0.002008032128514081,,,,,,
gex_follow,165,5,Validation,631,0.8447121820615796,0.5039619651347068,-0.49326465927099844,0.25,-0.027618600188856077,0.48019017432646594,0.4821763602251407,0.005969997263220894,0.003961965134706813,747.0,10.93026941362916,11.421156893819335,0.4979919678714859,0.2362784471218206,-0.729543106392819
gex_fade,165,5,Validation,631,0.8447121820615796,0.48811410459587956,0.49326465927099844,-0.25,0.027618600188856077,0.5118858954041204,0.5178236397748592,-0.009877863275606358,-0.011885895404120439,747.0,11.421156893819335,10.93026941362916,0.4979919678714859,0.2362784471218206,0.25698621214917783
pc_follow,165,5,Validation,174,0.23293172690763053,0.5,-0.33620689655172414,0.125,-0.028303202080861047,0.4540229885057471,0.43137254901960786,0.002008032128514081,0.0,747.0,13.182471264367816,13.922413793103448,0.4979919678714859,0.2362784471218206,-0.5724853436735448
pc_fade,165,5,Validation,174,0.23293172690763053,0.4942528735632184,0.33620689655172414,-0.125,0.028303202080861047,0.5402298850574713,0.5686274509803921,-0.003739094308267521,-0.005747126436781602,747.0,13.922413793103448,13.182471264367816,0.4979919678714859,0.2362784471218206,0.09992844942990353
putz_follow,165,5,Validation,80,0.107095046854083,0.55,2.740625,1.0,0.24324216506846047,0.55,0.5714285714285714,0.052008032128514126,0.050000000000000044,747.0,13.721875,11.378125,0.4979919678714859,0.2362784471218206,2.5043465528781796
putz_fade,165,5,Validation,80,0.107095046854083,0.4375,-2.740625,-1.0,-0.24324216506846047,0.4375,0.42857142857142855,-0.06049196787148592,-0.0625,747.0,11.378125,13.721875,0.4979919678714859,0.2362784471218206,-2.9769034471218205
UNCOND_LONG,165,10,Validation,747,1.0,0.5167336010709505,-0.1884203480589023,0.75,-0.04074010393589935,0.4979919678714859,0.49441340782122906,0.0,0.016733601070950455,,,,,,
gex_follow,165,10,Validation,631,0.8447121820615796,0.4643423137876387,-0.42828843106180664,-1.0,-0.021268854277193976,0.4659270998415214,0.4883720930232558,-0.05239128728331177,-0.03565768621236132,747.0,15.366877971473851,16.289619651347067,0.5167336010709505,-0.1884203480589023,-0.23986808300290435
gex_fade,165,10,Validation,631,0.8447121820615796,0.526148969889065,0.42828843106180664,1.0,0.021268854277193976,0.5277337559429477,0.5116279069767442,0.009415368818114556,0.02614896988906501,747.0,16.289619651347067,15.366877971473851,0.5167336010709505,-0.1884203480589023,0.6167087791207089
pc_follow,165,10,Validation,174,0.23293172690763053,0.4827586206896552,-0.8031609195402298,-0.25,-0.023870190669202707,0.4482758620689655,0.44642857142857145,-0.03397498038129526,-0.017241379310344807,747.0,18.30316091954023,20.25287356321839,0.5167336010709505,-0.1884203480589023,-0.6147405714813275
pc_fade,165,10,Validation,174,0.23293172690763053,0.5114942528735632,0.8031609195402298,0.25,0.023870190669202707,0.5517241379310345,0.5535714285714286,-0.00523934819738725,0.011494252873563204,747.0,20.25287356321839,18.30316091954023,0.5167336010709505,-0.1884203480589023,0.9915812675991321
putz_follow,165,10,Validation,80,0.107095046854083,0.5125,0.721875,0.75,0.05168966166098232,0.575,0.5316455696202531,-0.004233601070950499,0.012499999999999956,747.0,18.40625,15.984375,0.5167336010709505,-0.1884203480589023,0.9102953480589023
putz_fade,165,10,Validation,80,0.107095046854083,0.475,-0.721875,-0.75,-0.05168966166098232,0.425,0.46835443037974683,-0.04173360107095048,-0.025000000000000022,747.0,15.984375,18.40625,0.5167336010709505,-0.1884203480589023,-0.5334546519410978
UNCOND_LONG,165,15,Validation,747,1.0,0.5194109772423026,0.11914323962516733,1.25,-0.0019076249867991915,0.4979919678714859,0.4993215739484396,0.0,0.019410977242302563,,,,,,
gex_follow,165,15,Validation,631,0.8447121820615796,0.5007923930269413,0.3969889064976228,0.25,0.04435176593319442,0.49445324881141045,0.4887459807073955,-0.018618584215361222,0.0007923930269413404,747.0,18.984944532488115,19.38391442155309,0.5194109772423026,0.11914323962516733,0.2778456668724555
gex_fade,165,15,Validation,631,0.8447121820615796,0.49445324881141045,-0.3969889064976228,-0.25,-0.04435176593319442,0.5007923930269413,0.5112540192926045,-0.024957728430892112,-0.005546751188589549,747.0,19.38391442155309,18.984944532488115,0.5194109772423026,0.11914323962516733,-0.5161321461227901
pc_follow,165,15,Validation,174,0.23293172690763053,0.4942528735632184,-0.9511494252873564,-0.125,-0.06214036450007413,0.5,0.4437869822485207,-0.025158103679084165,-0.005747126436781602,747.0,22.100574712643677,24.04310344827586,0.5194109772423026,0.11914323962516733,-1.0702926649125237
pc_fade,165,15,Validation,174,0.23293172690763053,0.5,0.9511494252873564,0.125,0.06214036450007413,0.4942528735632184,0.5562130177514792,-0.019410977242302563,0.0,747.0,24.04310344827586,22.100574712643677,0.5194109772423026,0.11914323962516733,0.832006185662189
putz_follow,165,15,Validation,80,0.107095046854083,0.5125,2.353125,0.625,0.18111160450178998,0.5625,0.5375,-0.006910977242302607,0.012499999999999956,747.0,22.45625,18.98125,0.5194109772423026,0.11914323962516733,2.2339817603748324
putz_fade,165,15,Validation,80,0.107095046854083,0.4625,-2.353125,-0.625,-0.18111160450178998,0.4375,0.4625,-0.05691097724230254,-0.03749999999999998,747.0,18.98125,22.45625,0.5194109772423026,0.11914323962516733,-2.4722682396251674
UNCOND_LONG,165,30,Validation,747,1.0,0.5180722891566265,0.4103078982597055,1.5,0.023576752094406163,0.499330655957162,0.5,0.0,0.01807228915662651,,,,,,
gex_follow,165,30,Validation,631,0.8447121820615796,0.5023771790808241,-0.2836767036450079,0.25,0.013210156042159086,0.4849445324881141,0.4870967741935484,-0.015695110075802376,0.002377179080824132,747.0,26.29239302694136,26.989698890649763,0.5180722891566265,0.4103078982597055,-0.6939846019047133
gex_fade,165,30,Validation,631,0.8447121820615796,0.4976228209191759,0.2836767036450079,-0.25,-0.013210156042159086,0.5118858954041204,0.5129032258064516,-0.020449468237450585,-0.0023771790808240767,747.0,26.989698890649763,26.29239302694136,0.5180722891566265,0.4103078982597055,-0.12663119461469757
pc_follow,165,30,Validation,174,0.23293172690763053,0.5114942528735632,-0.6767241379310345,1.5,0.0203331928325659,0.4885057471264368,0.43859649122807015,-0.006578036283063304,0.011494252873563204,747.0,29.87787356321839,31.791666666666668,0.5180722891566265,0.4103078982597055,-1.08703203619074
pc_fade,165,30,Validation,174,0.23293172690763053,0.4885057471264368,0.6767241379310345,-1.5,-0.0203331928325659,0.5057471264367817,0.5614035087719298,-0.029566542030189713,-0.011494252873563204,747.0,31.791666666666668,29.87787356321839,0.5180722891566265,0.4103078982597055,0.266416239671329
putz_follow,165,30,Validation,80,0.107095046854083,0.525,5.078125,1.375,0.34527610383868323,0.525,0.5443037974683544,0.0069277108433735135,0.025000000000000022,747.0,31.5375,25.2375,0.5180722891566265,0.4103078982597055,4.667817101740295
putz_fade,165,30,Validation,80,0.107095046854083,0.475,-5.078125,-1.375,-0.34527610383868323,0.475,0.45569620253164556,-0.04307228915662653,-0.025000000000000022,747.0,25.2375,31.5375,0.5180722891566265,0.4103078982597055,-5.488432898259705
UNCOND_LONG,165,45,Validation,747,1.0,0.5194109772423026,0.6656626506024096,1.75,0.1172093300470589,0.5033467202141901,0.49931787175989084,0.0,0.019410977242302563,,,,,,
gex_follow,165,45,Validation,631,0.8447121820615796,0.5071315372424723,-0.3593502377179081,1.25,0.009058097820458357,0.49920760697305866,0.4846029173419773,-0.012279439999830277,0.007131537242472286,747.0,32.294374009508715,33.05229793977813,0.5194109772423026,0.6656626506024096,-1.0250128883203176
gex_fade,165,45,Validation,631,0.8447121820615796,0.4896988906497623,0.3593502377179081,-1.25,-0.009058097820458357,0.49920760697305866,0.5153970826580226,-0.029712086592540266,-0.010301109350237703,747.0,33.05229793977813,32.294374009508715,0.5194109772423026,0.6656626506024096,-0.3063124128845015
pc_follow,165,45,Validation,174,0.23293172690763053,0.5287356321839081,1.0057471264367817,3.375,0.17685943625494505,0.5057471264367817,0.43529411764705883,0.009324654941605504,0.028735632183908066,747.0,37.87643678160919,39.16522988505747,0.5194109772423026,0.6656626506024096,0.34008447583437207
pc_fade,165,45,Validation,174,0.23293172690763053,0.45977011494252873,-1.0057471264367817,-3.375,-0.17685943625494505,0.4942528735632184,0.5647058823529412,-0.059640862299773834,-0.04022988505747127,747.0,39.16522988505747,37.87643678160919,0.5194109772423026,0.6656626506024096,-1.6714097770391914
putz_follow,165,45,Validation,80,0.107095046854083,0.55,6.815625,5.625,0.5052980583828012,0.4875,0.5443037974683544,0.03058902275769748,0.050000000000000044,747.0,38.415625,32.090625,0.5194109772423026,0.6656626506024096,6.14996234939759
putz_fade,165,45,Validation,80,0.107095046854083,0.45,-6.815625,-5.625,-0.5052980583828012,0.5125,0.45569620253164556,-0.06941097724230255,-0.04999999999999999,747.0,32.090625,38.415625,0.5194109772423026,0.6656626506024096,-7.481287650602409
UNCOND_LONG,165,60,Validation,747,1.0,0.5381526104417671,1.5485274431057563,3.0,0.18147089231441818,0.5073627844712182,0.49863387978142076,0.0,0.0381526104417671,,,,,,
gex_follow,165,60,Validation,631,0.8447121820615796,0.4960380348652932,0.03565768621236133,-0.5,0.10959590130101389,0.48335974643423135,0.48538961038961037,-0.04211457557647391,-0.003961965134706813,747.0,37.628763866877975,38.64500792393027,0.5381526104417671,1.5485274431057563,-1.5128697568933949
gex_fade,165,60,Validation,631,0.8447121820615796,0.5023771790808241,-0.03565768621236133,0.5,-0.10959590130101389,0.5166402535657686,0.5146103896103896,-0.035775431360942966,0.002377179080824132,747.0,38.64500792393027,37.628763866877975,0.5381526104417671,1.5485274431057563,-1.5841851293181177
pc_follow,165,60,Validation,174,0.23293172690763053,0.46551724137931033,1.4238505747126438,-2.375,0.16191095370604694,0.4885057471264368,0.43529411764705883,-0.07263536906245677,-0.03448275862068967,747.0,44.4367816091954,45.46551724137931,0.5381526104417671,1.5485274431057563,-0.12467686839311254
pc_fade,165,60,Validation,174,0.23293172690763053,0.5344827586206896,-1.4238505747126438,2.375,-0.16191095370604694,0.5114942528735632,0.5647058823529412,-0.0036698518210774855,0.03448275862068961,747.0,45.46551724137931,44.4367816091954,0.5381526104417671,1.5485274431057563,-2.9723780178184
putz_follow,165,60,Validation,80,0.107095046854083,0.4875,4.43125,-1.375,0.19627934841967956,0.525,0.5384615384615384,-0.05065261044176711,-0.012500000000000011,747.0,43.8875,37.853125,0.5381526104417671,1.5485274431057563,2.882722556894244
putz_fade,165,60,Validation,80,0.107095046854083,0.5125,-4.43125,1.375,-0.19627934841967956,0.475,0.46153846153846156,-0.025652610441767143,0.012499999999999956,747.0,37.853125,43.8875,0.5381526104417671,1.5485274431057563,-5.979777443105757
UNCOND_LONG,165,5,OOS,397,1.0,0.5138539042821159,-1.1542821158690175,1.25,-0.030860686837019844,0.49370277078085645,0.49096385542168675,0.0,0.013853904282115859,,,,,,
gex_follow,165,5,OOS,372,0.9370277078085643,0.44623655913978494,-0.6014784946236559,-1.75,-0.11725624277939052,0.4838709677419355,0.49514563106796117,-0.06761734514233092,-0.05376344086021506,397.0,16.510752688172044,15.814516129032258,0.5138539042821159,-1.1542821158690175,0.5528036212453616
gex_fade,165,5,OOS,372,0.9370277078085643,0.5483870967741935,0.6014784946236559,1.75,0.11725624277939052,0.5134408602150538,0.5048543689320388,0.03453319249207765,0.048387096774193505,397.0,15.814516129032258,16.510752688172044,0.5138539042821159,-1.1542821158690175,1.7557606104926733
UNCOND_LONG,165,10,OOS,397,1.0,0.5012594458438288,0.6127204030226701,0.25,0.04808848517940066,0.49370277078085645,0.49604221635883905,0.0,0.0012594458438287548,,,,,,
gex_follow,165,10,OOS,372,0.9370277078085643,0.4838709677419355,-1.9495967741935485,-0.75,-0.12673480927489342,0.46774193548387094,0.4717514124293785,-0.017388478101893257,-0.016129032258064502,397.0,22.572580645161292,23.760752688172044,0.5012594458438288,0.6127204030226701,-2.5623171772162188
gex_fade,165,10,OOS,372,0.9370277078085643,0.510752688172043,1.9495967741935485,0.75,0.12673480927489342,0.5295698924731183,0.5282485875706214,0.009493242328214246,0.010752688172043001,397.0,23.760752688172044,22.572580645161292,0.5012594458438288,0.6127204030226701,1.3368763711708784
UNCOND_LONG,165,15,OOS,397,1.0,0.5163727959697733,-0.9716624685138538,0.75,-0.054629860501354856,0.4760705289672544,0.49742268041237114,0.0,0.016372795969773257,,,,,,
gex_follow,165,15,OOS,372,0.9370277078085643,0.47043010752688175,-0.13776881720430106,-1.125,0.004763681120952635,0.478494623655914,0.4738292011019284,-0.04594268844289151,-0.029569892473118253,397.0,28.250672043010752,28.830645161290324,0.5163727959697733,-0.9716624685138538,0.8338936513095527
gex_fade,165,15,OOS,372,0.9370277078085643,0.5241935483870968,0.13776881720430106,1.125,-0.004763681120952635,0.5188172043010753,0.5261707988980716,0.007820752417323495,0.024193548387096753,397.0,28.830645161290324,28.250672043010752,0.5163727959697733,-0.9716624685138538,1.109431285718155
UNCOND_LONG,165,30,OOS,397,1.0,0.4811083123425693,-3.788413098236776,-1.5,-0.22045390739008303,0.48866498740554154,0.4935400516795866,0.0,-0.01889168765743071,,,,,,
gex_follow,165,30,OOS,372,0.9370277078085643,0.5161290322580645,2.709005376344086,0.75,0.1017142672028449,0.45698924731182794,0.47107438016528924,0.03502071991549521,0.016129032258064502,397.0,40.207661290322584,38.94825268817204,0.4811083123425693,-3.788413098236776,6.497418474580861
gex_fade,165,30,OOS,372,0.9370277078085643,0.478494623655914,-2.709005376344086,-0.75,-0.1017142672028449,0.5403225806451613,0.5289256198347108,-0.002613688686655291,-0.021505376344086002,397.0,38.94825268817204,40.207661290322584,0.4811083123425693,-3.788413098236776,1.0794077218926899
UNCOND_LONG,165,45,OOS,397,1.0,0.49622166246851385,-2.243073047858942,-0.5,-0.17488137681097246,0.5037783375314862,0.4948186528497409,0.0,-0.0037783375314861534,,,,,,
gex_follow,165,45,OOS,372,0.9370277078085643,0.510752688172043,0.5423387096774194,1.0,0.021585619133799784,0.49193548387096775,0.4696132596685083,0.014531025703529155,0.010752688172043001,397.0,48.472446236559136,45.62231182795699,0.49622166246851385,-2.243073047858942,2.7854117575363615
gex_fade,165,45,OOS,372,0.9370277078085643,0.48655913978494625,-0.5423387096774194,-1.0,-0.021585619133799784,0.5080645161290323,0.5303867403314917,-0.009662522683567598,-0.013440860215053752,397.0,45.62231182795699,48.472446236559136,0.49622166246851385,-2.243073047858942,1.7007343381815225
UNCOND_LONG,165,60,OOS,397,1.0,0.5214105793450882,-2.8646095717884132,2.0,-0.1905391921894818,0.491183879093199,0.4921875,0.0,0.021410579345088165,,,,,,
gex_follow,165,60,OOS,372,0.9370277078085643,0.49193548387096775,2.6236559139784945,-1.25,0.17304254498206825,0.5134408602150538,0.46944444444444444,-0.029475095474120416,-0.008064516129032251,397.0,56.813844086021504,52.75403225806452,0.5214105793450882,-2.8646095717884132,5.488265485766908
gex_fade,165,60,OOS,372,0.9370277078085643,0.5053763440860215,-2.6236559139784945,1.25,-0.17304254498206825,0.48655913978494625,0.5305555555555556,-0.016034235259066665,0.005376344086021501,397.0,52.75403225806452,56.813844086021504,0.5214105793450882,-2.8646095717884132,0.24095365780991873
UNCOND_LONG,180,5,IS,2336,1.0,0.4948630136986301,0.015303938356164384,0.0,-0.002047531308073984,0.4910102739726027,0.4939455095862765,0.0,-0.0051369863013698835,,,,,,
gex_follow,180,5,IS,777,0.3326198630136986,0.5135135135135135,0.3185328185328185,0.25,0.07490015336070997,0.525096525096525,0.5490196078431373,0.01865049981488337,0.013513513513513487,2336.0,6.046975546975547,5.5,0.4948630136986301,0.015303938356164384,0.3032288801766541
gex_fade,180,5,IS,777,0.3326198630136986,0.46074646074646075,-0.3185328185328185,-0.25,-0.07490015336070997,0.46074646074646075,0.45098039215686275,-0.034116552952169366,-0.03925353925353925,2336.0,5.5,6.046975546975547,0.4948630136986301,0.015303938356164384,-0.3338367568889829
pc_follow,180,5,IS,457,0.1956335616438356,0.487964989059081,-0.5962800875273523,0.0,-0.053068074303030476,0.49015317286652077,0.5150753768844221,-0.0068980246395491385,-0.012035010940919022,2336.0,5.178884026258205,5.485229759299781,0.4948630136986301,0.015303938356164384,-0.6115840258835167
pc_fade,180,5,IS,457,0.1956335616438356,0.48358862144420134,0.5962800875273523,0.0,0.053068074303030476,0.49671772428884026,0.4849246231155779,-0.011274392254428778,-0.01641137855579866,2336.0,5.485229759299781,5.178884026258205,0.4948630136986301,0.015303938356164384,0.5809761491711879
putz_follow,180,5,IS,267,0.11429794520547945,0.44569288389513106,-0.17696629213483145,-0.25,-0.06679692774472067,0.45318352059925093,0.4484304932735426,-0.04917012980349905,-0.054307116104868935,2336.0,3.8258426966292136,4.24438202247191,0.4948630136986301,0.015303938356164384,-0.19227023049099584
putz_fade,180,5,IS,267,0.11429794520547945,0.50187265917603,0.17696629213483145,0.25,0.06679692774472067,0.5243445692883895,0.5515695067264574,0.007009645477399851,0.0018726591760299671,2336.0,4.24438202247191,3.8258426966292136,0.4948630136986301,0.015303938356164384,0.16166235377866706
UNCOND_LONG,180,10,IS,2336,1.0,0.5008561643835616,0.1560359589041096,0.25,0.01691515249236699,0.5029965753424658,0.4960035523978686,0.0,0.0008561643835616195,,,,,,
gex_follow,180,10,IS,777,0.3326198630136986,0.5083655083655083,-0.14897039897039896,0.25,0.06434687848126272,0.5225225225225225,0.549800796812749,0.007509343981946692,0.008365508365508312,2336.0,8.166023166023166,7.9330759330759335,0.5008561643835616,0.1560359589041096,-0.3050063578745086
gex_fade,180,10,IS,777,0.3326198630136986,0.46332046332046334,0.14897039897039896,-0.25,-0.06434687848126272,0.4543114543114543,0.450199203187251,-0.03753570106309828,-0.03667953667953666,2336.0,7.9330759330759335,8.166023166023166,0.5008561643835616,0.1560359589041096,-0.007065559933710636
pc_follow,180,10,IS,457,0.1956335616438356,0.49015317286652077,-0.7992341356673961,0.0,-0.07431194948050705,0.5142231947483589,0.5169300225733634,-0.01070299151704085,-0.00984682713347923,2336.0,6.894967177242888,7.920678336980306,0.5008561643835616,0.1560359589041096,-0.9552700945715057
pc_fade,180,10,IS,457,0.1956335616438356,0.4726477024070022,0.7992341356673961,0.0,0.07431194948050705,0.4617067833698031,0.48306997742663654,-0.028208461976559407,-0.027352297592997787,2336.0,7.920678336980306,6.894967177242888,0.5008561643835616,0.1560359589041096,0.6431981767632865
putz_follow,180,10,IS,267,0.11429794520547945,0.4419475655430712,-0.5074906367041199,-0.25,-0.1513893204064203,0.4606741573033708,0.43700787401574803,-0.058908598840490434,-0.058052434456928814,2336.0,5.418539325842697,6.1132958801498125,0.5008561643835616,0.1560359589041096,-0.6635265956082295
putz_fade,180,10,IS,267,0.11429794520547945,0.5205992509363296,0.5074906367041199,0.25,0.1513893204064203,0.49812734082397003,0.562992125984252,0.01974308655276802,0.02059925093632964,2336.0,6.1132958801498125,5.418539325842697,0.5008561643835616,0.1560359589041096,0.3514546778000103
UNCOND_LONG,180,15,IS,2336,1.0,0.521832191780822,0.1659888698630137,0.25,0.07306524145335042,0.5136986301369864,0.4954208460532054,0.0,0.021832191780821963,,,,,,
gex_follow,180,15,IS,777,0.3326198630136986,0.5070785070785071,-0.06917631917631918,0.25,0.03801113862938989,0.5212355212355212,0.546875,-0.014753684702314862,0.007078507078507101,2336.0,9.853603603603604,9.75836550836551,0.521832191780822,0.1659888698630137,-0.23516518903933287
gex_fade,180,15,IS,777,0.3326198630136986,0.47361647361647363,0.06917631917631918,-0.25,-0.03801113862938989,0.46332046332046334,0.453125,-0.04821571816434833,-0.026383526383526368,2336.0,9.75836550836551,9.853603603603604,0.521832191780822,0.1659888698630137,-0.09681255068669452
pc_follow,180,15,IS,457,0.1956335616438356,0.49671772428884026,-0.9261487964989059,0.0,-0.047834428489029544,0.5185995623632386,0.5167037861915368,-0.025114467491981707,-0.0032822757111597434,2336.0,8.314004376367615,9.683807439824946,0.521832191780822,0.1659888698630137,-1.0921376663619196
pc_fade,180,15,IS,457,0.1956335616438356,0.48358862144420134,0.9261487964989059,0.0,0.047834428489029544,0.4682713347921225,0.48329621380846327,-0.038243570336620625,-0.01641137855579866,2336.0,9.683807439824946,8.314004376367615,0.521832191780822,0.1659888698630137,0.7601599266358923
putz_follow,180,15,IS,267,0.11429794520547945,0.47191011235955055,0.09831460674157304,0.0,-0.11176349300395186,0.49063670411985016,0.44866920152091255,-0.049922079421271415,-0.02808988764044945,2336.0,6.836142322097379,7.549625468164794,0.521832191780822,0.1659888698630137,-0.06767426312144066
putz_fade,180,15,IS,267,0.11429794520547945,0.48314606741573035,-0.09831460674157304,0.0,0.11176349300395186,0.49063670411985016,0.5513307984790875,-0.03868612436509161,-0.01685393258426965,2336.0,7.549625468164794,6.836142322097379,0.521832191780822,0.1659888698630137,-0.26430347660458675
UNCOND_LONG,180,30,IS,2336,1.0,0.5355308219178082,0.12414383561643835,0.5,0.07979238330701253,0.4987157534246575,0.4936542669584245,0.0,0.03553082191780821,,,,,,
gex_follow,180,30,IS,777,0.3326198630136986,0.5006435006435006,0.5781853281853282,0.25,0.0818849964414011,0.5276705276705277,0.5456919060052219,-0.0348873212743076,0.0006435006435006052,2336.0,14.108429858429858,13.597490347490348,0.5355308219178082,0.12414383561643835,0.4540414925688898
gex_fade,180,30,IS,777,0.3326198630136986,0.49034749034749037,-0.5781853281853282,-0.25,-0.0818849964414011,0.45817245817245816,0.45430809399477806,-0.04518333157031784,-0.009652509652509633,2336.0,13.597490347490348,14.108429858429858,0.5355308219178082,0.12414383561643835,-0.7023291638017666
pc_follow,180,30,IS,457,0.1956335616438356,0.5207877461706784,-0.6679431072210066,0.75,0.02002818871790184,0.5010940919037199,0.515625,-0.014743075747129852,0.020787746170678356,2336.0,11.968818380743983,13.934354485776804,0.5355308219178082,0.12414383561643835,-0.792086942837445
pc_fade,180,30,IS,457,0.1956335616438356,0.47045951859956237,0.6679431072210066,-0.75,-0.02002818871790184,0.49015317286652077,0.484375,-0.06507130331824584,-0.029540481400437635,2336.0,13.934354485776804,11.968818380743983,0.5355308219178082,0.12414383561643835,0.5437992716045682
putz_follow,180,30,IS,267,0.11429794520547945,0.5056179775280899,-0.25749063670411987,0.25,-0.11153177243203877,0.4606741573033708,0.4461538461538462,-0.029912844389718307,0.005617977528089901,2336.0,9.902621722846442,10.463483146067416,0.5355308219178082,0.12414383561643835,-0.38163447232055825
putz_fade,180,30,IS,267,0.11429794520547945,0.4794007490636704,0.25749063670411987,-0.25,0.11153177243203877,0.5168539325842697,0.5538461538461539,-0.05613007285413779,-0.020599250936329583,2336.0,10.463483146067416,9.902621722846442,0.5355308219178082,0.12414383561643835,0.13334680108768152
UNCOND_LONG,180,45,IS,2336,1.0,0.5175513698630136,0.10124143835616438,0.5,0.02209836236226281,0.5021404109589042,0.49318081830180377,0.0,0.017551369863013644,,,,,,
gex_follow,180,45,IS,777,0.3326198630136986,0.5302445302445302,0.9951737451737451,1.0,0.20542043488525774,0.5302445302445302,0.545335085413929,0.012693160381516577,0.03024453024453022,2336.0,17.6994851994852,16.412805662805663,0.5175513698630136,0.10124143835616438,0.8939323068175807
gex_fade,180,45,IS,777,0.3326198630136986,0.4594594594594595,-0.9951737451737451,-1.0,-0.20542043488525774,0.46332046332046334,0.45466491458607095,-0.05809191040355416,-0.040540540540540515,2336.0,16.412805662805663,17.6994851994852,0.5175513698630136,0.10124143835616438,-1.0964151835299094
pc_follow,180,45,IS,457,0.1956335616438356,0.5207877461706784,-0.2538293216630197,0.5,0.11751542714506709,0.5142231947483589,0.5145413870246085,0.0032363763076647123,0.020787746170678356,2336.0,15.068927789934355,16.84846827133479,0.5175513698630136,0.10124143835616438,-0.3550707600191841
pc_fade,180,45,IS,457,0.1956335616438356,0.4682713347921225,0.2538293216630197,-0.5,-0.11751542714506709,0.4814004376367615,0.4854586129753915,-0.049280035070891126,-0.03172866520787748,2336.0,16.84846827133479,15.068927789934355,0.5175513698630136,0.10124143835616438,0.1525878833068553
putz_follow,180,45,IS,267,0.11429794520547945,0.5280898876404494,0.6591760299625468,0.5,-0.008487073918520521,0.49063670411985016,0.4461538461538462,0.010538517777435752,0.028089887640449396,2336.0,12.395131086142323,12.603932584269662,0.5175513698630136,0.10124143835616438,0.5579345916063824
putz_fade,180,45,IS,267,0.11429794520547945,0.47191011235955055,-0.6591760299625468,-0.5,0.008487073918520521,0.4943820224719101,0.5538461538461539,-0.045641257503463095,-0.02808988764044945,2336.0,12.603932584269662,12.395131086142323,0.5175513698630136,0.10124143835616438,-0.7604174683187112
UNCOND_LONG,180,60,IS,2336,1.0,0.5295376712328768,0.0681720890410959,0.75,0.04103737289285586,0.5008561643835616,0.4933920704845815,0.0,0.02953767123287676,,,,,,
gex_follow,180,60,IS,777,0.3326198630136986,0.5019305019305019,0.935971685971686,0.25,0.15464055178887093,0.5341055341055341,0.545335085413929,-0.027607169302374834,0.0019305019305019266,2336.0,20.37065637065637,18.703989703989706,0.5295376712328768,0.0681720890410959,0.8677995969305901
gex_fade,180,60,IS,777,0.3326198630136986,0.4877734877734878,-0.935971685971686,-0.25,-0.15464055178887093,0.4594594594594595,0.45466491458607095,-0.04176418345938898,-0.01222651222651222,2336.0,18.703989703989706,20.37065637065637,0.5295376712328768,0.0681720890410959,-1.004143775012782
pc_follow,180,60,IS,457,0.1956335616438356,0.5317286652078774,0.5175054704595186,1.0,0.13092356929021062,0.5098468271334792,0.5134529147982063,0.0021909939750006657,0.03172866520787743,2336.0,17.39551422319475,18.923413566739605,0.5295376712328768,0.0681720890410959,0.44933338141842266
pc_fade,180,60,IS,457,0.1956335616438356,0.4551422319474836,-0.5175054704595186,-1.0,-0.13092356929021062,0.48577680525164113,0.48654708520179374,-0.07439543928539316,-0.0448577680525164,2336.0,18.923413566739605,17.39551422319475,0.5295376712328768,0.0681720890410959,-0.5856775595006145
putz_follow,180,60,IS,267,0.11429794520547945,0.5468164794007491,0.33801498127340823,1.25,-0.09008983079048556,0.5131086142322098,0.4461538461538462,0.017278808167872306,0.04681647940074907,2336.0,14.26123595505618,14.543071161048688,0.5295376712328768,0.0681720890410959,0.26984289223231234
putz_fade,180,60,IS,267,0.11429794520547945,0.43820224719101125,-0.33801498127340823,-1.25,0.09008983079048556,0.47191011235955055,0.5538461538461539,-0.09133542404186551,-0.06179775280898875,2336.0,14.543071161048688,14.26123595505618,0.5295376712328768,0.0681720890410959,-0.40618707031450413
UNCOND_LONG,180,5,Validation,747,1.0,0.5100401606425703,0.46720214190093706,0.5,0.040227921576252906,0.4966532797858099,0.5078369905956113,0.0,0.010040160642570295,,,,,,
gex_follow,180,5,Validation,631,0.8447121820615796,0.4928684627575277,-0.24881141045958796,0.0,-0.0322186683166729,0.47702060221870046,0.4787430683918669,-0.01717169788504258,-0.007131537242472286,747.0,10.728605388272584,11.55784469096672,0.5100401606425703,0.46720214190093706,-0.716013552360525
gex_fade,180,5,Validation,631,0.8447121820615796,0.49920760697305866,0.24881141045958796,0.0,0.0322186683166729,0.5166402535657686,0.5212569316081331,-0.010832553669511635,-0.0007923930269413404,747.0,11.55784469096672,10.728605388272584,0.5100401606425703,0.46720214190093706,-0.2183907314413491
pc_follow,180,5,Validation,174,0.23293172690763053,0.5402298850574713,0.6192528735632183,1.0,0.05235260900885224,0.4885057471264368,0.4899328859060403,0.030189724414900976,0.04022988505747127,747.0,13.010057471264368,13.040229885057471,0.5100401606425703,0.46720214190093706,0.15205073166228128
pc_fade,180,5,Validation,174,0.23293172690763053,0.45977011494252873,-0.6192528735632183,-1.0,-0.05235260900885224,0.5057471264367817,0.5100671140939598,-0.050270045700041566,-0.04022988505747127,747.0,13.040229885057471,13.010057471264368,0.5100401606425703,0.46720214190093706,-1.0864550154641555
putz_follow,180,5,Validation,80,0.107095046854083,0.45,0.459375,-1.125,-0.03823929850519675,0.5,0.5277777777777778,-0.060040160642570284,-0.04999999999999999,747.0,11.959375,10.565625,0.5100401606425703,0.46720214190093706,-0.007827141900937085
putz_fade,180,5,Validation,80,0.107095046854083,0.5375,-0.459375,1.125,0.03823929850519675,0.4875,0.4722222222222222,0.027459839357429683,0.03749999999999998,747.0,10.565625,11.959375,0.5100401606425703,0.46720214190093706,-0.926577141900937
UNCOND_LONG,180,10,Validation,747,1.0,0.5194109772423026,0.31291834002677377,0.5,0.04521862258092879,0.500669344042838,0.5034387895460798,0.0,0.019410977242302563,,,,,,
gex_follow,180,10,Validation,631,0.8447121820615796,0.4786053882725832,-0.2880348652931854,-0.5,-0.007507643852740623,0.48335974643423135,0.4837662337662338,-0.040805588969719364,-0.0213946117274168,747.0,14.722266244057053,15.549128367670365,0.5194109772423026,0.31291834002677377,-0.6009532053199591
gex_fade,180,10,Validation,631,0.8447121820615796,0.5134706814580031,0.2880348652931854,0.5,0.007507643852740623,0.5118858954041204,0.5162337662337663,-0.005940295784299443,0.01347068145800312,747.0,15.549128367670365,14.722266244057053,0.5194109772423026,0.31291834002677377,-0.024883474733588373
pc_follow,180,10,Validation,174,0.23293172690763053,0.5172413793103449,1.9669540229885059,1.375,0.18849016818769426,0.5172413793103449,0.5058823529411764,-0.002169597931957701,0.017241379310344862,747.0,18.897988505747126,17.45689655172414,0.5194109772423026,0.31291834002677377,1.654035682961732
pc_fade,180,10,Validation,174,0.23293172690763053,0.4827586206896552,-1.9669540229885059,-1.375,-0.18849016818769426,0.4827586206896552,0.49411764705882355,-0.03665235655264737,-0.017241379310344807,747.0,17.45689655172414,18.897988505747126,0.5194109772423026,0.31291834002677377,-2.2798723630152797
putz_follow,180,10,Validation,80,0.107095046854083,0.575,1.009375,1.5,-0.002051160208698821,0.55,0.5384615384615384,0.05558902275769739,0.07499999999999996,747.0,15.74375,13.53125,0.5194109772423026,0.31291834002677377,0.6964566599732261
putz_fade,180,10,Validation,80,0.107095046854083,0.4125,-1.009375,-1.5,0.002051160208698821,0.425,0.46153846153846156,-0.10691097724230259,-0.08750000000000002,747.0,13.53125,15.74375,0.5194109772423026,0.31291834002677377,-1.3222933400267736
UNCOND_LONG,180,15,Validation,747,1.0,0.5381526104417671,0.29049531459170014,2.5,0.040885167795458935,0.499330655957162,0.5006747638326585,0.0,0.0381526104417671,,,,,,
gex_follow,180,15,Validation,631,0.8447121820615796,0.48019017432646594,-0.6854199683042789,-0.75,-0.04634394141728565,0.48177496038034867,0.48325358851674644,-0.057962436115301164,-0.019809825673534065,747.0,18.03050713153724,19.043185419968303,0.5381526104417671,0.29049531459170014,-0.975915282895979
gex_fade,180,15,Validation,631,0.8447121820615796,0.5134706814580031,0.6854199683042789,0.75,0.04634394141728565,0.5118858954041204,0.5167464114832536,-0.02468192898376398,0.01347068145800312,747.0,19.043185419968303,18.03050713153724,0.5381526104417671,0.29049531459170014,0.39492465371257873
pc_follow,180,15,Validation,174,0.23293172690763053,0.5,0.2916666666666667,0.375,0.06266198786618771,0.5229885057471264,0.5029239766081871,-0.0381526104417671,0.0,747.0,22.04022988505747,21.469827586206897,0.5381526104417671,0.29049531459170014,0.0011713520749665474
pc_fade,180,15,Validation,174,0.23293172690763053,0.4885057471264368,-0.2916666666666667,-0.375,-0.06266198786618771,0.47701149425287354,0.49707602339181284,-0.0496468633153303,-0.011494252873563204,747.0,21.469827586206897,22.04022988505747,0.5381526104417671,0.29049531459170014,-0.5821619812583668
putz_follow,180,15,Validation,80,0.107095046854083,0.4875,2.66875,-0.125,0.18089743515767273,0.5625,0.5316455696202531,-0.05065261044176711,-0.012500000000000011,747.0,20.025,16.8875,0.5381526104417671,0.29049531459170014,2.3782546854083
putz_fade,180,15,Validation,80,0.107095046854083,0.5,-2.66875,0.125,-0.18089743515767273,0.425,0.46835443037974683,-0.0381526104417671,0.0,747.0,16.8875,20.025,0.5381526104417671,0.29049531459170014,-2.9592453145917004
UNCOND_LONG,180,30,Validation,747,1.0,0.5314591700133868,0.5458500669344043,1.75,0.1386947283858248,0.5140562248995983,0.49864864864864866,0.0,0.03145917001338683,,,,,,
gex_follow,180,30,Validation,631,0.8447121820615796,0.4960380348652932,-0.7610935023771791,-0.25,-0.05401076766284325,0.4976228209191759,0.4832,-0.03542113514809364,-0.003961965134706813,747.0,25.887876386687797,27.165213946117273,0.5314591700133868,0.5458500669344043,-1.3069435693115834
gex_fade,180,30,Validation,631,0.8447121820615796,0.5023771790808241,0.7610935023771791,0.25,0.05401076766284325,0.5007923930269413,0.5168,-0.029081990932562696,0.002377179080824132,747.0,27.165213946117273,25.887876386687797,0.5314591700133868,0.5458500669344043,0.2152434354427748
pc_follow,180,30,Validation,174,0.23293172690763053,0.5517241379310345,1.9741379310344827,2.875,0.20650672252772775,0.5057471264367817,0.5029239766081871,0.020264967917647647,0.051724137931034475,747.0,32.456896551724135,31.43103448275862,0.5314591700133868,0.5458500669344043,1.4282878641000782
pc_fade,180,30,Validation,174,0.23293172690763053,0.4482758620689655,-1.9741379310344827,-2.875,-0.20650672252772775,0.4942528735632184,0.49707602339181284,-0.0831833079444213,-0.051724137931034475,747.0,31.43103448275862,32.456896551724135,0.5314591700133868,0.5458500669344043,-2.519987997968887
putz_follow,180,30,Validation,80,0.107095046854083,0.525,4.40625,1.0,0.35309039288707067,0.525,0.5316455696202531,-0.006459170013386806,0.025000000000000022,747.0,27.903125,25.784375,0.5314591700133868,0.5458500669344043,3.8603999330655956
putz_fade,180,30,Validation,80,0.107095046854083,0.475,-4.40625,-1.0,-0.35309039288707067,0.475,0.46835443037974683,-0.05645917001338685,-0.025000000000000022,747.0,25.784375,27.903125,0.5314591700133868,0.5458500669344043,-4.952100066934404
UNCOND_LONG,180,45,Validation,747,1.0,0.5341365461847389,1.428714859437751,3.25,0.2156386673953643,0.5113788487282463,0.49795918367346936,0.0,0.034136546184738936,,,,,,
gex_follow,180,45,Validation,631,0.8447121820615796,0.5007923930269413,-0.36608557844690964,0.25,0.051613622743645324,0.4976228209191759,0.48148148148148145,-0.033344153157797596,0.0007923930269413404,747.0,32.3161648177496,33.890649762282095,0.5341365461847389,1.428714859437751,-1.7948004378846607
gex_fade,180,45,Validation,631,0.8447121820615796,0.4960380348652932,0.36608557844690964,-0.25,-0.051613622743645324,0.5007923930269413,0.5185185185185185,-0.03809851131944575,-0.003961965134706813,747.0,33.890649762282095,32.3161648177496,0.5341365461847389,1.428714859437751,-1.0626292809908413
pc_follow,180,45,Validation,174,0.23293172690763053,0.4942528735632184,2.3922413793103448,-0.625,0.1831417804312319,0.5114942528735632,0.5029239766081871,-0.03988367262152054,-0.005747126436781602,747.0,40.72557471264368,38.916666666666664,0.5341365461847389,1.428714859437751,0.9635265198725937
pc_fade,180,45,Validation,174,0.23293172690763053,0.5057471264367817,-2.3922413793103448,0.625,-0.1831417804312319,0.4885057471264368,0.49707602339181284,-0.02838941974795728,0.005747126436781658,747.0,38.916666666666664,40.72557471264368,0.5341365461847389,1.428714859437751,-3.8209562387480958
putz_follow,180,45,Validation,80,0.107095046854083,0.45,2.021875,-5.75,0.022476190268734708,0.475,0.5256410256410257,-0.08413654618473893,-0.04999999999999999,747.0,34.221875,33.078125,0.5341365461847389,1.428714859437751,0.5931601405622491
putz_fade,180,45,Validation,80,0.107095046854083,0.55,-2.021875,5.75,-0.022476190268734708,0.525,0.47435897435897434,0.015863453815261108,0.050000000000000044,747.0,33.078125,34.221875,0.5341365461847389,1.428714859437751,-3.450589859437751
UNCOND_LONG,180,60,Validation,747,1.0,0.5475234270414994,1.6218206157965194,5.75,0.26969664690041684,0.5113788487282463,0.49795918367346936,0.0,0.047523427041499366,,,,,,
gex_follow,180,60,Validation,631,0.8447121820615796,0.48811410459587956,-0.6648177496038035,-1.75,0.0021860471584103456,0.49128367670364503,0.48148148148148145,-0.059409322445619805,-0.011885895404120439,747.0,37.64976228209192,39.01148969889065,0.5475234270414994,1.6218206157965194,-2.286638365400323
gex_fade,180,60,Validation,631,0.8447121820615796,0.5103011093502378,0.6648177496038035,1.75,-0.0021860471584103456,0.5071315372424723,0.5185185185185185,-0.03722231769126161,0.010301109350237758,747.0,39.01148969889065,37.64976228209192,0.5475234270414994,1.6218206157965194,-0.9570028661927159
pc_follow,180,60,Validation,174,0.23293172690763053,0.5,2.9051724137931036,-0.75,0.20391994616898376,0.4885057471264368,0.5029239766081871,-0.047523427041499366,0.0,747.0,47.45545977011494,44.85201149425287,0.5475234270414994,1.6218206157965194,1.2833517979965843
pc_fade,180,60,Validation,174,0.23293172690763053,0.5,-2.9051724137931036,0.75,-0.20391994616898376,0.5057471264367817,0.49707602339181284,-0.047523427041499366,0.0,747.0,44.85201149425287,47.45545977011494,0.5475234270414994,1.6218206157965194,-4.526993029589623
putz_follow,180,60,Validation,80,0.107095046854083,0.475,0.4125,-0.625,0.009261664600252883,0.4875,0.5256410256410257,-0.07252342704149939,-0.025000000000000022,747.0,38.1875,38.653125,0.5475234270414994,1.6218206157965194,-1.2093206157965195
putz_fade,180,60,Validation,80,0.107095046854083,0.5125,-0.4125,0.625,-0.009261664600252883,0.5125,0.47435897435897434,-0.03502342704149941,0.012499999999999956,747.0,38.653125,38.1875,0.5475234270414994,1.6218206157965194,-2.0343206157965192
UNCOND_LONG,180,5,OOS,397,1.0,0.5239294710327456,0.0025188916876574307,1.0,-0.02322278229364364,0.5037783375314862,0.46794871794871795,0.0,0.023929471032745564,,,,,,
gex_follow,180,5,OOS,372,0.9370277078085643,0.4838709677419355,0.28091397849462363,-0.5,0.03226334231117833,0.46774193548387094,0.5051194539249146,-0.040058503290810066,-0.016129032258064502,397.0,15.858870967741936,15.73252688172043,0.5239294710327456,0.0025188916876574307,0.2783950868069662
gex_fade,180,5,OOS,372,0.9370277078085643,0.510752688172043,-0.28091397849462363,0.5,-0.03226334231117833,0.521505376344086,0.4948805460750853,-0.013176782860702563,0.010752688172043001,397.0,15.73252688172043,15.858870967741936,0.5239294710327456,0.0025188916876574307,-0.2834328701822811
UNCOND_LONG,180,10,OOS,397,1.0,0.4634760705289673,-1.098866498740554,-1.5,-0.13410068173600764,0.44836272040302266,0.478494623655914,0.0,-0.03652392947103272,,,,,,
gex_follow,180,10,OOS,372,0.9370277078085643,0.5134408602150538,0.9173387096774194,0.875,0.01323577304354482,0.5,0.48424068767908307,0.049964789686086475,0.013440860215053752,397.0,23.108870967741936,22.620295698924732,0.4634760705289673,-1.098866498740554,2.0162052084179733
gex_fade,180,10,OOS,372,0.9370277078085643,0.478494623655914,-0.9173387096774194,-0.875,-0.01323577304354482,0.49193548387096775,0.5157593123209169,0.015018553126946721,-0.021505376344086002,397.0,22.620295698924732,23.108870967741936,0.4634760705289673,-1.098866498740554,0.18152778906313471
UNCOND_LONG,180,15,OOS,397,1.0,0.44584382871536526,-2.8387909319899243,-3.75,-0.18813132767600008,0.45591939546599497,0.48704663212435234,0.0,-0.054156171284634735,,,,,,
gex_follow,180,15,OOS,372,0.9370277078085643,0.543010752688172,2.8528225806451615,3.0,0.1258099731687258,0.5161290322580645,0.48760330578512395,0.09716692397280674,0.043010752688172005,397.0,28.89516129032258,26.81787634408602,0.44584382871536526,-2.8387909319899243,5.691613512635086
gex_fade,180,15,OOS,372,0.9370277078085643,0.45161290322580644,-2.8528225806451615,-3.0,-0.1258099731687258,0.4838709677419355,0.512396694214876,0.0057690745104411745,-0.04838709677419356,397.0,26.81787634408602,28.89516129032258,0.44584382871536526,-2.8387909319899243,-0.014031648655237206
UNCOND_LONG,180,30,OOS,397,1.0,0.5138539042821159,-1.2934508816120907,1.0,-0.13153533098160486,0.4433249370277078,0.4896907216494845,0.0,0.013853904282115859,,,,,,
gex_follow,180,30,OOS,372,0.9370277078085643,0.5026881720430108,0.6861559139784946,0.25,0.06281542989545251,0.5403225806451613,0.4876712328767123,-0.011165732239105108,0.0026881720430107503,397.0,40.034946236559136,36.26478494623656,0.5138539042821159,-1.2934508816120907,1.9796067955905854
gex_fade,180,30,OOS,372,0.9370277078085643,0.4946236559139785,-0.6861559139784946,-0.25,-0.06281542989545251,0.4489247311827957,0.5123287671232877,-0.01923024836813736,-0.005376344086021501,397.0,36.26478494623656,40.034946236559136,0.5138539042821159,-1.2934508816120907,0.607294967633596
UNCOND_LONG,180,45,OOS,397,1.0,0.5264483627204031,-1.9149874055415617,3.5,-0.15424043163318343,0.4659949622166247,0.48704663212435234,0.0,0.026448362720403074,,,,,,
gex_follow,180,45,OOS,372,0.9370277078085643,0.4946236559139785,2.76747311827957,-1.125,0.22190695921829676,0.5295698924731183,0.48760330578512395,-0.031824706806424574,-0.005376344086021501,397.0,49.62836021505376,44.67540322580645,0.5264483627204031,-1.9149874055415617,4.682460523821131
gex_fade,180,45,OOS,372,0.9370277078085643,0.5053763440860215,-2.76747311827957,1.125,-0.22190695921829676,0.47043010752688175,0.512396694214876,-0.021072018634381573,0.005376344086021501,397.0,44.67540322580645,49.62836021505376,0.5264483627204031,-1.9149874055415617,-0.8524857127380083
UNCOND_LONG,180,60,OOS,397,1.0,0.5365239294710328,2.6964735516372795,5.25,0.0025929756654902245,0.5037783375314862,0.4857142857142857,0.0,0.03652392947103278,,,,,,
gex_follow,180,60,OOS,372,0.9370277078085643,0.47580645161290325,-3.788306451612903,-3.5,-0.21077539033960063,0.4946236559139785,0.4889502762430939,-0.06071747785812953,-0.024193548387096753,397.0,56.49260752688172,56.258736559139784,0.5365239294710328,2.6964735516372795,-6.484780003250183
gex_fade,180,60,OOS,372,0.9370277078085643,0.521505376344086,3.788306451612903,3.5,0.21077539033960063,0.5053763440860215,0.511049723756906,-0.015018553126946776,0.021505376344086002,397.0,56.258736559139784,56.49260752688172,0.5365239294710328,2.6964735516372795,1.0918328999756235
UNCOND_LONG,195,5,IS,2336,1.0,0.4678938356164384,-0.1715539383561644,0.0,-0.05564872989582225,0.4593321917808219,0.47049769112365314,0.0,-0.03210616438356162,,,,,,
gex_follow,195,5,IS,777,0.3326198630136986,0.47104247104247104,-0.07046332046332046,0.0,-0.05886306602002724,0.4877734877734878,0.4984848484848485,0.0031486354260326643,-0.028957528957528955,2336.0,5.339446589446589,5.45978120978121,0.4678938356164384,-0.1715539383561644,0.10109061789284393
gex_fade,195,5,IS,777,0.3326198630136986,0.4954954954954955,0.07046332046332046,0.0,0.05886306602002724,0.4980694980694981,0.5015151515151515,0.027601659879057105,-0.004504504504504514,2336.0,5.45978120978121,5.339446589446589,0.4678938356164384,-0.1715539383561644,0.24201725881948485
pc_follow,195,5,IS,457,0.1956335616438356,0.4682713347921225,-0.33916849015317285,0.0,-0.09747663501570883,0.4682713347921225,0.46923076923076923,0.00037749917568413727,-0.03172866520787748,2336.0,4.87964989059081,5.322757111597374,0.4678938356164384,-0.1715539383561644,-0.16761455179700846
pc_fade,195,5,IS,457,0.1956335616438356,0.49452954048140046,0.33916849015317285,0.0,0.09747663501570883,0.5207877461706784,0.5307692307692308,0.026635704864962084,-0.005470459518599535,2336.0,5.322757111597374,4.87964989059081,0.4678938356164384,-0.1715539383561644,0.5107224285093372
putz_follow,195,5,IS,267,0.11429794520547945,0.41198501872659177,-0.8661048689138576,-0.5,-0.15796797045534156,0.41947565543071164,0.41517857142857145,-0.05590881688984661,-0.08801498127340823,2336.0,3.393258426966292,4.550561797752809,0.4678938356164384,-0.1715539383561644,-0.6945509305576932
putz_fade,195,5,IS,267,0.11429794520547945,0.550561797752809,0.8661048689138576,0.5,0.15796797045534156,0.5543071161048689,0.5848214285714286,0.08266796213637062,0.050561797752809,2336.0,4.550561797752809,3.393258426966292,0.4678938356164384,-0.1715539383561644,1.037658807270022
UNCOND_LONG,195,10,IS,2336,1.0,0.480736301369863,-0.1702696917808219,0.0,-0.07573458395834698,0.4743150684931507,0.47184035476718406,0.0,-0.019263698630136994,,,,,,
gex_follow,195,10,IS,777,0.3326198630136986,0.4967824967824968,0.0028957528957528956,0.0,-0.049685430510449366,0.4851994851994852,0.4940079893475366,0.0160461954126338,-0.0032175032175031926,2336.0,7.848455598455598,7.904440154440154,0.480736301369863,-0.1702696917808219,0.1731654446765748
gex_fade,195,10,IS,777,0.3326198630136986,0.4851994851994852,-0.0028957528957528956,0.0,0.049685430510449366,0.5070785070785071,0.5059920106524634,0.004463183829622186,-0.014800514800514808,2336.0,7.904440154440154,7.848455598455598,0.480736301369863,-0.1702696917808219,0.16737393888506902
pc_follow,195,10,IS,457,0.1956335616438356,0.5076586433260394,-0.044857768052516414,0.25,-0.02362122875736264,0.47702407002188185,0.4683257918552036,0.026922341956176377,0.007658643326039383,2336.0,7.138402625820569,7.705689277899343,0.480736301369863,-0.1702696917808219,0.1254119237283055
pc_fade,195,10,IS,457,0.1956335616438356,0.4573304157549234,0.044857768052516414,-0.25,0.02362122875736264,0.5076586433260394,0.5316742081447964,-0.023405885614939614,-0.04266958424507661,2336.0,7.705689277899343,7.138402625820569,0.480736301369863,-0.1702696917808219,0.2151274598333383
putz_follow,195,10,IS,267,0.11429794520547945,0.4868913857677903,-0.5374531835205992,0.0,-0.1308409970708184,0.4307116104868914,0.42063492063492064,0.00615508439792728,-0.013108614232209714,2336.0,5.068352059925093,6.435393258426966,0.480736301369863,-0.1702696917808219,-0.3671834917397773
putz_fade,195,10,IS,267,0.11429794520547945,0.49063670411985016,0.5374531835205992,0.0,0.1308409970708184,0.5318352059925093,0.5793650793650794,0.009900402749987158,-0.009363295880149836,2336.0,6.435393258426966,5.068352059925093,0.480736301369863,-0.1702696917808219,0.7077228753014211
UNCOND_LONG,195,15,IS,2336,1.0,0.5081335616438356,-0.04516267123287671,0.25,0.00409290981366774,0.4790239726027397,0.47303814116615517,0.0,0.008133561643835607,,,,,,
gex_follow,195,15,IS,777,0.3326198630136986,0.4929214929214929,0.6576576576576577,0.0,0.04748881841662467,0.4980694980694981,0.4901185770750988,-0.015212068722342709,-0.007078507078507101,2336.0,10.12033462033462,9.588803088803088,0.5081335616438356,-0.04516267123287671,0.7028203288905345
gex_fade,195,15,IS,777,0.3326198630136986,0.4929214929214929,-0.6576576576576577,0.0,-0.04748881841662467,0.4942084942084942,0.5098814229249012,-0.015212068722342709,-0.007078507078507101,2336.0,9.588803088803088,10.12033462033462,0.5081335616438356,-0.04516267123287671,-0.612494986424781
pc_follow,195,15,IS,457,0.1956335616438356,0.5382932166301969,0.2658643326039387,0.5,0.0607191739631579,0.5054704595185996,0.46756152125279643,0.030159654986361306,0.03829321663019691,2336.0,9.12691466083151,9.394967177242888,0.5081335616438356,-0.04516267123287671,0.3110270038368154
pc_fade,195,15,IS,457,0.1956335616438356,0.4485776805251641,-0.2658643326039387,-0.5,-0.0607191739631579,0.487964989059081,0.5324384787472036,-0.059555881118671494,-0.05142231947483589,2336.0,9.394967177242888,9.12691466083151,0.5081335616438356,-0.04516267123287671,-0.220701661371062
putz_follow,195,15,IS,267,0.11429794520547945,0.5056179775280899,-0.35767790262172283,0.25,0.005092296691349011,0.48314606741573035,0.42412451361867703,-0.002515584115745706,0.005617977528089901,2336.0,6.888576779026217,7.917602996254682,0.5081335616438356,-0.04516267123287671,-0.3125152313888461
putz_fade,195,15,IS,267,0.11429794520547945,0.4756554307116105,0.35767790262172283,-0.25,-0.005092296691349011,0.49063670411985016,0.5758754863813229,-0.032478130932225124,-0.024344569288389517,2336.0,7.917602996254682,6.888576779026217,0.5081335616438356,-0.04516267123287671,0.40284057385459954
UNCOND_LONG,195,30,IS,2336,1.0,0.5068493150684932,-0.06806506849315068,0.25,-0.054470213869250064,0.4841609589041096,0.47240618101545256,0.0,0.006849315068493178,,,,,,
gex_follow,195,30,IS,777,0.3326198630136986,0.510939510939511,1.0746460746460746,0.5,0.18543713633578285,0.5444015444015444,0.49066666666666664,0.004090195871017777,0.010939510939510955,2336.0,14.806306306306306,13.322393822393822,0.5068493150684932,-0.06806506849315068,1.1427111431392254
gex_fade,195,30,IS,777,0.3326198630136986,0.4839124839124839,-1.0746460746460746,-0.5,-0.18543713633578285,0.45045045045045046,0.5093333333333333,-0.022936831156009252,-0.016087516087516074,2336.0,13.322393822393822,14.806306306306306,0.5068493150684932,-0.06806506849315068,-1.006581006152924
pc_follow,195,30,IS,457,0.1956335616438356,0.5185995623632386,0.6799781181619255,0.5,0.160758970140313,0.5382932166301969,0.47072072072072074,0.011750247294745386,0.018599562363238564,2336.0,13.066192560175054,13.144420131291028,0.5068493150684932,-0.06806506849315068,0.7480431866550762
pc_fade,195,30,IS,457,0.1956335616438356,0.474835886214442,-0.6799781181619255,-0.5,-0.160758970140313,0.45951859956236324,0.5292792792792793,-0.032013428854051174,-0.025164113785557995,2336.0,13.144420131291028,13.066192560175054,0.5068493150684932,-0.06806506849315068,-0.6119130496687749
putz_follow,195,30,IS,267,0.11429794520547945,0.5468164794007491,0.5589887640449438,0.75,0.09798384099255861,0.48314606741573035,0.4280155642023346,0.03996716433225589,0.04681647940074907,2336.0,10.101123595505618,10.627340823970037,0.5068493150684932,-0.06806506849315068,0.6270538325380944
putz_fade,195,30,IS,267,0.11429794520547945,0.44569288389513106,-0.5589887640449438,-0.75,-0.09798384099255861,0.49812734082397003,0.5719844357976653,-0.061156431173362114,-0.054307116104868935,2336.0,10.627340823970037,10.101123595505618,0.5068493150684932,-0.06806506849315068,-0.4909236955517931
UNCOND_LONG,195,45,IS,2336,1.0,0.5209760273972602,-0.10113441780821918,0.5,-0.02986003575505621,0.4850171232876712,0.47116237799467614,0.0,0.020976027397260233,,,,,,
gex_follow,195,45,IS,777,0.3326198630136986,0.510939510939511,1.0154440154440154,0.5,0.12987852600470978,0.5225225225225225,0.4912751677852349,-0.010036516457749278,0.010939510939510955,2336.0,17.78281853281853,16.147683397683398,0.5209760273972602,-0.10113441780821918,1.1165784332522346
gex_fade,195,45,IS,777,0.3326198630136986,0.47876447876447875,-1.0154440154440154,-0.5,-0.12987852600470978,0.46846846846846846,0.508724832214765,-0.04221154863278148,-0.02123552123552125,2336.0,16.147683397683398,17.78281853281853,0.5209760273972602,-0.10113441780821918,-0.9143095976357962
pc_follow,195,45,IS,457,0.1956335616438356,0.5404814004376368,1.451312910284464,1.25,0.16534240862535896,0.5251641137855579,0.46924829157175396,0.019505373040376583,0.040481400437636816,2336.0,15.789387308533916,15.634573304157549,0.5209760273972602,-0.10113441780821918,1.5524473280926832
pc_fade,195,45,IS,457,0.1956335616438356,0.45076586433260396,-1.451312910284464,-1.25,-0.16534240862535896,0.4726477024070022,0.530751708428246,-0.07021016306465627,-0.04923413566739604,2336.0,15.634573304157549,15.789387308533916,0.5209760273972602,-0.10113441780821918,-1.3501784924762448
putz_follow,195,45,IS,267,0.11429794520547945,0.5205992509363296,0.23782771535580524,0.5,0.029112937233777003,0.5093632958801498,0.42745098039215684,-0.0003767764609305946,0.02059925093632964,2336.0,12.30243445692884,12.82865168539326,0.5209760273972602,-0.10113441780821918,0.3389621331640244
putz_fade,195,45,IS,267,0.11429794520547945,0.47191011235955055,-0.23782771535580524,-0.5,-0.029112937233777003,0.4794007490636704,0.5725490196078431,-0.049065915037709684,-0.02808988764044945,2336.0,12.82865168539326,12.30243445692884,0.5209760273972602,-0.10113441780821918,-0.13669329754758608
UNCOND_LONG,195,60,IS,2336,1.0,0.5355308219178082,-0.1488655821917808,0.75,-0.01475486303859886,0.4961472602739726,0.47108540925266906,0.0,0.03553082191780821,,,,,,
gex_follow,195,60,IS,777,0.3326198630136986,0.4954954954954955,1.5521235521235521,0.0,0.12530223418082287,0.5160875160875161,0.49259757738896365,-0.04003532642231272,-0.004504504504504514,2336.0,20.693050193050194,18.405727155727156,0.5355308219178082,-0.1488655821917808,1.700989134315333
gex_fade,195,60,IS,777,0.3326198630136986,0.4954954954954955,-1.5521235521235521,0.0,-0.12530223418082287,0.4749034749034749,0.5074024226110363,-0.04003532642231272,-0.004504504504504514,2336.0,18.405727155727156,20.693050193050194,0.5355308219178082,-0.1488655821917808,-1.4032579699317713
pc_follow,195,60,IS,457,0.1956335616438356,0.5273522975929978,1.8063457330415755,0.75,0.07503848777391924,0.5273522975929978,0.4680365296803653,-0.008178524324810366,0.027352297592997843,2336.0,18.822210065645514,17.61925601750547,0.5355308219178082,-0.1488655821917808,1.9552113152333563
pc_fade,195,60,IS,457,0.1956335616438356,0.4638949671772429,-1.8063457330415755,-0.75,-0.07503848777391924,0.4573304157549234,0.5319634703196348,-0.07163585474056533,-0.03610503282275712,2336.0,17.61925601750547,18.822210065645514,0.5355308219178082,-0.1488655821917808,-1.6574801508497947
putz_follow,195,60,IS,267,0.11429794520547945,0.5243445692883895,1.303370786516854,0.25,0.22206775777293153,0.5131086142322098,0.42745098039215684,-0.011186252629418747,0.02434456928838946,2336.0,15.294007490636703,14.50187265917603,0.5355308219178082,-0.1488655821917808,1.4522363687086348
putz_fade,195,60,IS,267,0.11429794520547945,0.4681647940074906,-1.303370786516854,-0.25,-0.22206775777293153,0.4794007490636704,0.5725490196078431,-0.0673660279103176,-0.031835205992509386,2336.0,14.50187265917603,15.294007490636703,0.5355308219178082,-0.1488655821917808,-1.1545052043250732
UNCOND_LONG,195,5,Validation,747,1.0,0.5153949129852744,-0.32630522088353414,0.5,0.008965268277434572,0.464524765729585,0.4645669291338583,0.0,0.0153949129852744,,,,,,
gex_follow,195,5,Validation,631,0.8447121820615796,0.4896988906497623,0.599445324881141,0.0,0.042633799767326404,0.5039619651347068,0.4860335195530726,-0.025696022335512103,-0.010301109350237703,747.0,10.850633914421554,10.62202852614897,0.5153949129852744,-0.32630522088353414,0.9257505457646751
gex_fade,195,5,Validation,631,0.8447121820615796,0.4976228209191759,-0.599445324881141,0.0,-0.042633799767326404,0.4928684627575277,0.5139664804469274,-0.017772092066098477,-0.0023771790808240767,747.0,10.62202852614897,10.850633914421554,0.5153949129852744,-0.32630522088353414,-0.27314010399760685
pc_follow,195,5,Validation,174,0.23293172690763053,0.5287356321839081,2.3706896551724137,0.75,0.18378565842159178,0.5287356321839081,0.4966887417218543,0.013340719198633666,0.028735632183908066,747.0,13.808908045977011,12.344827586206897,0.5153949129852744,-0.32630522088353414,2.696994876055948
pc_fade,195,5,Validation,174,0.23293172690763053,0.46551724137931033,-2.3706896551724137,-0.75,-0.18378565842159178,0.47126436781609193,0.5033112582781457,-0.04987767160596407,-0.03448275862068967,747.0,12.344827586206897,13.808908045977011,0.5153949129852744,-0.32630522088353414,-2.0443844342888795
putz_follow,195,5,Validation,80,0.107095046854083,0.4375,-2.896875,-1.375,-0.20443855926635218,0.4375,0.4375,-0.0778949129852744,-0.0625,747.0,8.8375,11.925,0.5153949129852744,-0.32630522088353414,-2.570569779116466
putz_fade,195,5,Validation,80,0.107095046854083,0.55,2.896875,1.375,0.20443855926635218,0.55,0.5625,0.034605087014725644,0.050000000000000044,747.0,11.925,8.8375,0.5153949129852744,-0.32630522088353414,3.2231802208835343
UNCOND_LONG,195,10,Validation,747,1.0,0.5327978580990629,0.2359437751004016,1.25,0.08311087249783941,0.499330655957162,0.47295423023578365,0.0,0.03279785809906288,,,,,,
gex_follow,195,10,Validation,631,0.8447121820615796,0.5166402535657686,1.002377179080824,0.5,0.11659326240213151,0.508716323296355,0.4967213114754098,-0.01615760453329429,0.016640253565768592,747.0,15.603011093502378,14.509904912836767,0.5327978580990629,0.2359437751004016,0.7664334039804224
gex_fade,195,10,Validation,631,0.8447121820615796,0.4786053882725832,-1.002377179080824,-0.5,-0.11659326240213151,0.4896988906497623,0.5032786885245901,-0.05419246982647968,-0.0213946117274168,747.0,14.509904912836767,15.603011093502378,0.5327978580990629,0.2359437751004016,-1.2383209541812257
pc_follow,195,10,Validation,174,0.23293172690763053,0.5517241379310345,3.310344827586207,4.0,0.304930301973742,0.5344827586206896,0.5176470588235295,0.018926279831971593,0.051724137931034475,747.0,19.70977011494253,16.257183908045977,0.5327978580990629,0.2359437751004016,3.0744010524858054
pc_fade,195,10,Validation,174,0.23293172690763053,0.4425287356321839,-3.310344827586207,-4.0,-0.304930301973742,0.45977011494252873,0.4823529411764706,-0.09026912246687896,-0.05747126436781608,747.0,16.257183908045977,19.70977011494253,0.5327978580990629,0.2359437751004016,-3.5462886026866083
putz_follow,195,10,Validation,80,0.107095046854083,0.4625,-0.965625,-1.25,-0.12840725706027264,0.425,0.4230769230769231,-0.07029785809906286,-0.03749999999999998,747.0,13.171875,16.39375,0.5327978580990629,0.2359437751004016,-1.2015687751004016
putz_fade,195,10,Validation,80,0.107095046854083,0.5375,0.965625,1.25,0.12840725706027264,0.5625,0.5769230769230769,0.004702141900937096,0.03749999999999998,747.0,16.39375,13.171875,0.5327978580990629,0.2359437751004016,0.7296812248995983
UNCOND_LONG,195,15,Validation,747,1.0,0.5327978580990629,0.27342704149933067,2.0,0.09321335790898265,0.5073627844712182,0.4713114754098361,0.0,0.03279785809906288,,,,,,
gex_follow,195,15,Validation,631,0.8447121820615796,0.5055467511885895,-0.08438985736925515,0.5,-0.001204952968866272,0.5150554675118859,0.4967637540453074,-0.02725110691047339,0.005546751188589494,747.0,18.661648177496037,18.41838351822504,0.5327978580990629,0.27342704149933067,-0.3578168988685858
gex_fade,195,15,Validation,631,0.8447121820615796,0.49128367670364503,0.08438985736925515,-0.5,0.001204952968866272,0.48177496038034867,0.5032362459546925,-0.04151418139541785,-0.008716323296354966,747.0,18.41838351822504,18.661648177496037,0.5327978580990629,0.27342704149933067,-0.18903718413007553
pc_follow,195,15,Validation,174,0.23293172690763053,0.5402298850574713,1.6479885057471264,4.5,0.12264336236344742,0.5632183908045977,0.5146198830409356,0.007432026958408389,0.04022988505747127,747.0,23.163793103448278,20.362068965517242,0.5327978580990629,0.27342704149933067,1.3745614642477957
pc_fade,195,15,Validation,174,0.23293172690763053,0.45977011494252873,-1.6479885057471264,-4.5,-0.12264336236344742,0.4367816091954023,0.4853801169590643,-0.07302774315653415,-0.04022988505747127,747.0,20.362068965517242,23.163793103448278,0.5327978580990629,0.27342704149933067,-1.9214155472464571
putz_follow,195,15,Validation,80,0.107095046854083,0.525,1.690625,2.0,0.0842065299737352,0.4375,0.4177215189873418,-0.00779785809906286,0.025000000000000022,747.0,17.675,19.6625,0.5327978580990629,0.27342704149933067,1.4171979585006693
putz_fade,195,15,Validation,80,0.107095046854083,0.475,-1.690625,-2.0,-0.0842065299737352,0.55,0.5822784810126582,-0.057797858099062904,-0.025000000000000022,747.0,19.6625,17.675,0.5327978580990629,0.27342704149933067,-1.9640520414993308
UNCOND_LONG,195,30,Validation,747,1.0,0.5448460508701473,1.1562918340026773,3.5,0.18508762811384002,0.5127175368139224,0.4649859943977591,0.0,0.04484605087014726,,,,,,
gex_follow,195,30,Validation,631,0.8447121820615796,0.5150554675118859,0.31061806656101426,2.5,0.08658111587152419,0.5039619651347068,0.5008291873963516,-0.029790583358261347,0.015055467511885912,747.0,27.148969889064976,27.036846275752772,0.5448460508701473,1.1562918340026773,-0.845673767441663
gex_fade,195,30,Validation,631,0.8447121820615796,0.48019017432646594,-0.31061806656101426,-2.5,-0.08658111587152419,0.49445324881141045,0.49917081260364843,-0.06465587654368132,-0.019809825673534065,747.0,27.036846275752772,27.148969889064976,0.5448460508701473,1.1562918340026773,-1.4669099005636916
pc_follow,195,30,Validation,174,0.23293172690763053,0.5057471264367817,2.0660919540229883,2.125,0.11293352116497418,0.5057471264367817,0.5207100591715976,-0.0390989244333656,0.005747126436781658,747.0,33.15373563218391,30.45977011494253,0.5448460508701473,1.1562918340026773,0.909800120020311
pc_fade,195,30,Validation,174,0.23293172690763053,0.4885057471264368,-2.0660919540229883,-2.125,-0.11293352116497418,0.4942528735632184,0.47928994082840237,-0.05634030374371046,-0.011494252873563204,747.0,30.45977011494253,33.15373563218391,0.5448460508701473,1.1562918340026773,-3.222383788025666
putz_follow,195,30,Validation,80,0.107095046854083,0.55,-0.69375,2.375,-0.22784771002173657,0.4875,0.41333333333333333,0.005153949129852786,0.050000000000000044,747.0,26.6875,29.2,0.5448460508701473,1.1562918340026773,-1.8500418340026772
putz_fade,195,30,Validation,80,0.107095046854083,0.45,0.69375,-2.375,0.22784771002173657,0.5125,0.5866666666666667,-0.09484605087014725,-0.04999999999999999,747.0,29.2,26.6875,0.5448460508701473,1.1562918340026773,-0.46254183400267734
UNCOND_LONG,195,45,Validation,747,1.0,0.5555555555555556,1.3493975903614457,5.5,0.25582241178599646,0.5100401606425703,0.46403385049365303,0.0,0.05555555555555558,,,,,,
gex_follow,195,45,Validation,631,0.8447121820615796,0.48811410459587956,0.011885895404120444,-1.0,0.012504840577823759,0.5071315372424723,0.4983277591973244,-0.06744145095967602,-0.011885895404120439,747.0,33.31339144215531,33.0364500792393,0.5555555555555556,1.3493975903614457,-1.3375116949573251
gex_fade,195,45,Validation,631,0.8447121820615796,0.5103011093502378,-0.011885895404120444,1.0,-0.012504840577823759,0.4896988906497623,0.5016722408026756,-0.04525444620531782,0.010301109350237758,747.0,33.0364500792393,33.31339144215531,0.5555555555555556,1.3493975903614457,-1.3612834857655662
pc_follow,195,45,Validation,174,0.23293172690763053,0.5172413793103449,2.579022988505747,2.0,0.10503891241446452,0.5229885057471264,0.5207100591715976,-0.03831417624521072,0.017241379310344862,747.0,40.91379310344828,37.20977011494253,0.5555555555555556,1.3493975903614457,1.2296253981443015
pc_fade,195,45,Validation,174,0.23293172690763053,0.4827586206896552,-2.579022988505747,-2.0,-0.10503891241446452,0.47701149425287354,0.47928994082840237,-0.07279693486590039,-0.017241379310344807,747.0,37.20977011494253,40.91379310344828,0.5555555555555556,1.3493975903614457,-3.928420578867193
putz_follow,195,45,Validation,80,0.107095046854083,0.5,-2.303125,-0.5,-0.1396624927306082,0.4625,0.41333333333333333,-0.05555555555555558,0.0,747.0,31.490625,36.753125,0.5555555555555556,1.3493975903614457,-3.6525225903614458
putz_fade,195,45,Validation,80,0.107095046854083,0.5,2.303125,0.5,0.1396624927306082,0.5375,0.5866666666666667,-0.05555555555555558,0.0,747.0,36.753125,31.490625,0.5555555555555556,1.3493975903614457,0.9537274096385544
UNCOND_LONG,195,60,Validation,747,1.0,0.5394912985274432,1.1910977242302543,5.0,0.2642872647634148,0.5234270414993306,0.4646892655367232,0.0,0.03949129852744315,,,,,,
gex_follow,195,60,Validation,631,0.8447121820615796,0.4960380348652932,-0.23019017432646594,-0.25,-0.02908544956862702,0.5103011093502378,0.4991624790619765,-0.043453263662149966,-0.003961965134706813,747.0,38.52852614896989,38.32171156893819,0.5394912985274432,1.1910977242302543,-1.42128789855672
gex_fade,195,60,Validation,631,0.8447121820615796,0.5007923930269413,0.23019017432646594,0.25,0.02908544956862702,0.4865293185419968,0.5008375209380235,-0.03869890550050181,0.0007923930269413404,747.0,38.32171156893819,38.52852614896989,0.5394912985274432,1.1910977242302543,-0.9609075499037883
pc_follow,195,60,Validation,174,0.23293172690763053,0.5344827586206896,1.7658045977011494,3.25,0.06353198220925622,0.5344827586206896,0.5207100591715976,-0.00500853990675354,0.03448275862068961,747.0,46.89942528735632,43.502873563218394,0.5394912985274432,1.1910977242302543,0.5747068734708951
pc_fade,195,60,Validation,174,0.23293172690763053,0.46551724137931033,-1.7658045977011494,-3.25,-0.06353198220925622,0.46551724137931033,0.47928994082840237,-0.07397405714813282,-0.03448275862068967,747.0,43.502873563218394,46.89942528735632,0.5394912985274432,1.1910977242302543,-2.9569023219314037
putz_follow,195,60,Validation,80,0.107095046854083,0.5375,0.38125,2.25,0.14164041010260914,0.525,0.41333333333333333,-0.001991298527443175,0.03749999999999998,747.0,37.503125,41.0125,0.5394912985274432,1.1910977242302543,-0.8098477242302543
putz_fade,195,60,Validation,80,0.107095046854083,0.4625,-0.38125,-2.25,-0.14164041010260914,0.475,0.5866666666666667,-0.07699129852744313,-0.03749999999999998,747.0,41.0125,37.503125,0.5394912985274432,1.1910977242302543,-1.5723477242302542
UNCOND_LONG,195,5,OOS,397,1.0,0.5516372795969773,1.2109571788413098,2.0,0.1326870954026626,0.5239294710327456,0.518840579710145,0.0,0.05163727959697728,,,,,,
gex_follow,195,5,OOS,372,0.9370277078085643,0.5080645161290323,-0.4798387096774194,0.75,0.0226044612114344,0.5026881720430108,0.5046439628482973,-0.04357276346794503,0.008064516129032251,397.0,15.974462365591398,15.968413978494624,0.5516372795969773,1.2109571788413098,-1.6907958885187293
gex_fade,195,5,OOS,372,0.9370277078085643,0.48118279569892475,0.4798387096774194,-0.75,-0.0226044612114344,0.489247311827957,0.4953560371517028,-0.07045448389805253,-0.018817204301075252,397.0,15.968413978494624,15.974462365591398,0.5516372795969773,1.2109571788413098,-0.7311184691638904
UNCOND_LONG,195,10,OOS,397,1.0,0.5239294710327456,0.8576826196473551,1.25,0.1423227164168246,0.5239294710327456,0.5246753246753246,0.0,0.023929471032745564,,,,,,
gex_follow,195,10,OOS,372,0.9370277078085643,0.5026881720430108,-0.34543010752688175,0.5,0.03960905038467674,0.5053763440860215,0.49166666666666664,-0.021241298989734814,0.0026881720430107503,397.0,21.99260752688172,22.518817204301076,0.5239294710327456,0.8576826196473551,-1.2031127271742368
gex_fade,195,10,OOS,372,0.9370277078085643,0.49193548387096775,0.34543010752688175,-0.5,-0.03960905038467674,0.4946236559139785,0.5083333333333333,-0.031993987161777815,-0.008064516129032251,397.0,22.518817204301076,21.99260752688172,0.5239294710327456,0.8576826196473551,-0.5122525121204734
UNCOND_LONG,195,15,OOS,397,1.0,0.5491183879093199,1.522670025188917,2.75,0.07837318188314087,0.5188916876574308,0.5230769230769231,0.0,0.04911838790931988,,,,,,
gex_follow,195,15,OOS,372,0.9370277078085643,0.47043010752688175,-2.140456989247312,-1.75,-0.06565188813913313,0.5080645161290323,0.4972677595628415,-0.07868828038243814,-0.029569892473118253,397.0,27.059139784946236,27.853494623655912,0.5491183879093199,1.522670025188917,-3.663127014436229
gex_fade,195,15,OOS,372,0.9370277078085643,0.5268817204301075,2.140456989247312,1.75,0.06565188813913313,0.48655913978494625,0.5027322404371585,-0.02223666747921238,0.026881720430107503,397.0,27.853494623655912,27.059139784946236,0.5491183879093199,1.522670025188917,0.6177869640583951
UNCOND_LONG,195,30,OOS,397,1.0,0.5365239294710328,0.9011335012594458,4.0,0.0436407494442027,0.5113350125944585,0.5231958762886598,0.0,0.03652392947103278,,,,,,
gex_follow,195,30,OOS,372,0.9370277078085643,0.46774193548387094,-0.05913978494623656,-4.0,0.09690373485650211,0.5026881720430108,0.49725274725274726,-0.06878199398716184,-0.03225806451612906,397.0,38.211021505376344,38.75067204301075,0.5365239294710328,0.9011335012594458,-0.9602732862056824
gex_fade,195,30,OOS,372,0.9370277078085643,0.532258064516129,0.05913978494623656,4.0,-0.09690373485650211,0.49193548387096775,0.5027472527472527,-0.004265864954903775,0.032258064516129004,397.0,38.75067204301075,38.211021505376344,0.5365239294710328,0.9011335012594458,-0.8419937163132092
UNCOND_LONG,195,45,OOS,397,1.0,0.5440806045340051,5.512594458438287,4.5,0.14778049611969277,0.5214105793450882,0.5219638242894057,0.0,0.044080604534005086,,,,,,
gex_follow,195,45,OOS,372,0.9370277078085643,0.46236559139784944,-6.61491935483871,-4.0,-0.3669352903747726,0.478494623655914,0.4986225895316804,-0.08171501313615565,-0.03763440860215056,397.0,46.170698924731184,51.575940860215056,0.5440806045340051,5.512594458438287,-12.127513813276998
gex_fade,195,45,OOS,372,0.9370277078085643,0.5376344086021505,6.61491935483871,4.0,0.3669352903747726,0.5188172043010753,0.5013774104683195,-0.006446195931854581,0.037634408602150504,397.0,51.575940860215056,46.170698924731184,0.5440806045340051,5.512594458438287,1.1023248964004226
UNCOND_LONG,195,60,OOS,397,1.0,0.5465994962216625,7.107682619647355,5.75,0.2359460595397406,0.5415617128463476,0.522077922077922,0.0,0.046599496221662484,,,,,,
gex_follow,195,60,OOS,372,0.9370277078085643,0.46236559139784944,-9.147849462365592,-4.875,-0.5066488316780764,0.46774193548387094,0.4986149584487535,-0.08423390482381304,-0.03763440860215056,397.0,51.594086021505376,59.10215053763441,0.5465994962216625,7.107682619647355,-16.255532082012948
gex_fade,195,60,OOS,372,0.9370277078085643,0.5349462365591398,9.147849462365592,4.875,0.5066488316780764,0.532258064516129,0.5013850415512465,-0.01165325966252273,0.034946236559139754,397.0,59.10215053763441,51.594086021505376,0.5465994962216625,7.107682619647355,2.0401668427182367
UNCOND_LONG,210,5,IS,2335,1.0,0.4753747323340471,-0.07419700214132763,0.0,-0.028951779296793705,0.48865096359743043,0.5070835368832438,0.0,-0.02462526766595291,,,,,,
gex_follow,210,5,IS,776,0.3323340471092077,0.5012886597938144,0.2980025773195876,0.25,0.04764608468766483,0.5064432989690721,0.5247813411078717,0.02591392745976734,0.0012886597938144284,2335.0,6.400128865979381,5.949420103092783,0.4753747323340471,-0.07419700214132763,0.37219957946091525
gex_fade,210,5,IS,776,0.3323340471092077,0.48195876288659795,-0.2980025773195876,-0.25,-0.04764608468766483,0.48195876288659795,0.4752186588921283,0.006584030552550857,-0.018041237113402053,2335.0,5.949420103092783,6.400128865979381,0.4753747323340471,-0.07419700214132763,-0.22380557517826
pc_follow,210,5,IS,456,0.19528907922912206,0.506578947368421,0.015350877192982455,0.25,0.04599210715505905,0.506578947368421,0.5217391304347826,0.031204215034373928,0.006578947368421018,2335.0,5.670504385964913,5.645285087719298,0.4753747323340471,-0.07419700214132763,0.08954787933431008
pc_fade,210,5,IS,456,0.19528907922912206,0.4758771929824561,-0.015350877192982455,-0.25,-0.04599210715505905,0.48026315789473684,0.4782608695652174,0.000502460648409031,-0.02412280701754388,2335.0,5.645285087719298,5.670504385964913,0.4753747323340471,-0.07419700214132763,0.05884612494834517
putz_follow,210,5,IS,267,0.11434689507494647,0.5243445692883895,0.7312734082397003,0.25,0.12420352535846775,0.5430711610486891,0.5541125541125541,0.04896983695434237,0.02434456928838946,2335.0,5.067415730337078,3.9082397003745317,0.4753747323340471,-0.07419700214132763,0.805470410381028
putz_fade,210,5,IS,267,0.11434689507494647,0.4419475655430712,-0.7312734082397003,-0.25,-0.12420352535846775,0.4232209737827715,0.4458874458874459,-0.033427166790975904,-0.058052434456928814,2335.0,3.9082397003745317,5.067415730337078,0.4753747323340471,-0.07419700214132763,-0.6570764060983727
UNCOND_LONG,210,10,IS,2335,1.0,0.4865096359743041,-0.17248394004282655,0.0,-0.0755209885417573,0.47922912205567453,0.5044326241134752,0.0,-0.013490364025695922,,,,,,
gex_follow,210,10,IS,776,0.3323340471092077,0.509020618556701,0.358569587628866,0.25,0.07012363768353994,0.509020618556701,0.5199468085106383,0.02251098258239692,0.009020618556700999,2335.0,8.830541237113403,8.012242268041238,0.4865096359743041,-0.17248394004282655,0.5310535276716926
gex_fade,210,10,IS,776,0.3323340471092077,0.47164948453608246,-0.358569587628866,-0.25,-0.07012363768353994,0.47680412371134023,0.4800531914893617,-0.014860151438221614,-0.028350515463917536,2335.0,8.012242268041238,8.830541237113403,0.4865096359743041,-0.17248394004282655,-0.18608564758603943
pc_follow,210,10,IS,456,0.19528907922912206,0.5285087719298246,0.3442982456140351,0.25,0.051826347726636884,0.506578947368421,0.5136363636363637,0.04199913595552052,0.028508771929824595,2335.0,7.896929824561403,7.75109649122807,0.4865096359743041,-0.17248394004282655,0.5167821856568616
pc_fade,210,10,IS,456,0.19528907922912206,0.45614035087719296,-0.3442982456140351,-0.25,-0.051826347726636884,0.4692982456140351,0.4863636363636364,-0.03036928509711112,-0.04385964912280704,2335.0,7.75109649122807,7.896929824561403,0.4865096359743041,-0.17248394004282655,-0.17181430557120855
putz_follow,210,10,IS,267,0.11434689507494647,0.4681647940074906,0.7162921348314607,0.0,0.04170400770264808,0.550561797752809,0.53125,-0.018344841966813463,-0.031835205992509386,2335.0,6.572097378277154,5.381086142322097,0.4865096359743041,-0.17248394004282655,0.8887760748742872
putz_fade,210,10,IS,267,0.11434689507494647,0.49063670411985016,-0.7162921348314607,0.0,-0.04170400770264808,0.41947565543071164,0.46875,0.004127068145546087,-0.009363295880149836,2335.0,5.381086142322097,6.572097378277154,0.4865096359743041,-0.17248394004282655,-0.5438081947886342
UNCOND_LONG,210,15,IS,2335,1.0,0.5002141327623126,-0.003426124197002141,0.25,-0.05913977045762999,0.48522483940042827,0.5028571428571429,0.0,0.00021413276231263545,,,,,,
gex_follow,210,15,IS,776,0.3323340471092077,0.5064432989690721,0.3643685567010309,0.25,0.14583741199611494,0.49871134020618557,0.5238726790450928,0.006229166206759507,0.006443298969072142,2335.0,10.552190721649485,9.664948453608247,0.5002141327623126,-0.003426124197002141,0.3677946808980331
gex_fade,210,15,IS,776,0.3323340471092077,0.4832474226804124,-0.3643685567010309,-0.25,-0.14583741199611494,0.4896907216494845,0.4761273209549072,-0.01696671008190026,-0.016752577319587625,2335.0,9.664948453608247,10.552190721649485,0.5002141327623126,-0.003426124197002141,-0.36094243250402874
pc_follow,210,15,IS,456,0.19528907922912206,0.5197368421052632,0.3371710526315789,0.5,0.12043624137849482,0.5109649122807017,0.5135135135135135,0.01952270934295053,0.019736842105263164,2335.0,9.627741228070175,9.443530701754385,0.5002141327623126,-0.003426124197002141,0.3405971768285811
pc_fade,210,15,IS,456,0.19528907922912206,0.46710526315789475,-0.3371710526315789,-0.5,-0.12043624137849482,0.47149122807017546,0.4864864864864865,-0.03310886960441789,-0.032894736842105254,2335.0,9.443530701754385,9.627741228070175,0.5002141327623126,-0.003426124197002141,-0.33374492843457676
putz_follow,210,15,IS,267,0.11434689507494647,0.5131086142322098,0.9222846441947565,0.25,0.11708925816788278,0.5318352059925093,0.5254901960784314,0.012894481469897134,0.01310861423220977,2335.0,7.823033707865169,6.765917602996255,0.5002141327623126,-0.003426124197002141,0.9257107683917587
putz_fade,210,15,IS,267,0.11434689507494647,0.449438202247191,-0.9222846441947565,-0.25,-0.11708925816788278,0.4307116104868914,0.4745098039215686,-0.05077593051512164,-0.050561797752809,2335.0,6.765917602996255,7.823033707865169,0.5002141327623126,-0.003426124197002141,-0.9188585199977544
UNCOND_LONG,210,30,IS,2335,1.0,0.5139186295503212,-0.0367237687366167,0.25,-0.03095449033562945,0.49336188436830836,0.503742844561867,0.0,0.013918629550321193,,,,,,
gex_follow,210,30,IS,776,0.3323340471092077,0.5154639175257731,0.30573453608247425,0.5,0.1073992676711527,0.49742268041237114,0.5237467018469657,0.0015452879754519477,0.015463917525773141,2335.0,14.22938144329897,13.567654639175258,0.5139186295503212,-0.0367237687366167,0.34245830481909095
gex_fade,210,30,IS,776,0.3323340471092077,0.47680412371134023,-0.30573453608247425,-0.5,-0.1073992676711527,0.4948453608247423,0.4762532981530343,-0.03711450583898096,-0.023195876288659767,2335.0,13.567654639175258,14.22938144329897,0.5139186295503212,-0.0367237687366167,-0.26901076734585755
pc_follow,210,30,IS,456,0.19528907922912206,0.5350877192982456,1.1112938596491229,1.125,0.1055790071643868,0.5153508771929824,0.5133928571428571,0.02116908974792442,0.03508771929824561,2335.0,12.959429824561404,12.853618421052632,0.5139186295503212,-0.0367237687366167,1.1480176283857395
pc_fade,210,30,IS,456,0.19528907922912206,0.45614035087719296,-1.1112938596491229,-1.125,-0.1055790071643868,0.47149122807017546,0.48660714285714285,-0.057778278673128236,-0.04385964912280704,2335.0,12.853618421052632,12.959429824561404,0.5139186295503212,-0.0367237687366167,-1.0745700909125062
putz_follow,210,30,IS,267,0.11434689507494647,0.5131086142322098,0.601123595505618,0.25,0.04814657963735921,0.5131086142322098,0.5294117647058824,-0.0008100153181114234,0.01310861423220977,2335.0,10.55430711610487,10.07865168539326,0.5139186295503212,-0.0367237687366167,0.6378473642422346
putz_fade,210,30,IS,267,0.11434689507494647,0.4794007490636704,-0.601123595505618,-0.25,-0.04814657963735921,0.47191011235955055,0.47058823529411764,-0.034517880486650776,-0.020599250936329583,2335.0,10.07865168539326,10.55430711610487,0.5139186295503212,-0.0367237687366167,-0.5643998267690014
UNCOND_LONG,210,45,IS,2335,1.0,0.507066381156317,-0.050107066381156314,0.25,-0.013058461123976866,0.4929336188436831,0.5037494486104984,0.0,0.00706638115631697,,,,,,
gex_follow,210,45,IS,776,0.3323340471092077,0.5025773195876289,0.7396907216494846,0.25,0.09685126457424782,0.5025773195876289,0.523117569352708,-0.004489061568688113,0.002577319587628857,2335.0,17.622100515463917,16.2632087628866,0.507066381156317,-0.050107066381156314,0.7897977880306409
gex_fade,210,45,IS,776,0.3323340471092077,0.4884020618556701,-0.7396907216494846,-0.25,-0.09685126457424782,0.49226804123711343,0.47688243064729197,-0.01866431930064688,-0.011597938144329911,2335.0,16.2632087628866,17.622100515463917,0.507066381156317,-0.050107066381156314,-0.6895836552683282
pc_follow,210,45,IS,456,0.19528907922912206,0.5,1.2911184210526316,0.125,-0.0011336637658464273,0.5131578947368421,0.5123042505592841,-0.00706638115631697,0.0,2335.0,16.359649122807017,15.186951754385966,0.507066381156317,-0.050107066381156314,1.3412254874337879
pc_fade,210,45,IS,456,0.19528907922912206,0.4758771929824561,-1.2911184210526316,-0.125,0.0011336637658464273,0.48026315789473684,0.48769574944071586,-0.03118918817386085,-0.02412280701754388,2335.0,15.186951754385966,16.359649122807017,0.507066381156317,-0.050107066381156314,-1.2410113546714754
putz_follow,210,45,IS,267,0.11434689507494647,0.48314606741573035,1.6666666666666667,0.0,0.22816762473708202,0.4943820224719101,0.5294117647058824,-0.02392031374058662,-0.01685393258426965,2335.0,13.865168539325843,12.176029962546817,0.507066381156317,-0.050107066381156314,1.716773733047823
putz_fade,210,45,IS,267,0.11434689507494647,0.49063670411985016,-1.6666666666666667,0.0,-0.22816762473708202,0.4794007490636704,0.47058823529411764,-0.016429677036466805,-0.009363295880149836,2335.0,12.176029962546817,13.865168539325843,0.507066381156317,-0.050107066381156314,-1.6165596002855105
UNCOND_LONG,210,60,IS,2335,1.0,0.5211991434689508,-0.4173447537473233,0.5,-0.022990618114772775,0.4925053533190578,0.5053428317008014,0.0,0.0211991434689508,,,,,,
gex_follow,210,60,IS,776,0.3323340471092077,0.47164948453608246,0.6114690721649485,-0.75,-0.1043875978981795,0.4896907216494845,0.5193591455273698,-0.049549658932868335,-0.028350515463917536,2335.0,20.423646907216494,19.111469072164947,0.5211991434689508,-0.4173447537473233,1.0288138259122719
gex_fade,210,60,IS,776,0.3323340471092077,0.520618556701031,-0.6114690721649485,0.75,0.1043875978981795,0.5038659793814433,0.48064085447263016,-0.0005805867679198329,0.020618556701030966,2335.0,19.111469072164947,20.423646907216494,0.5211991434689508,-0.4173447537473233,-0.19412431841762517
pc_follow,210,60,IS,456,0.19528907922912206,0.5043859649122807,1.843201754385965,0.375,-0.12371539106306163,0.48903508771929827,0.5112107623318386,-0.016813178556670083,0.004385964912280715,2335.0,18.754934210526315,17.75109649122807,0.5211991434689508,-0.4173447537473233,2.260546508133288
pc_fade,210,60,IS,456,0.19528907922912206,0.4868421052631579,-1.843201754385965,-0.375,0.12371539106306163,0.5,0.48878923766816146,-0.03435703820579289,-0.01315789473684209,2335.0,17.75109649122807,18.754934210526315,0.5211991434689508,-0.4173447537473233,-1.4258570006386415
putz_follow,210,60,IS,267,0.11434689507494647,0.5543071161048689,2.2808988764044944,1.5,0.4079860341826688,0.5205992509363296,0.5294117647058824,0.03310797263591814,0.054307116104868935,2335.0,15.797752808988765,13.77996254681648,0.5211991434689508,-0.4173447537473233,2.6982436301518176
putz_fade,210,60,IS,267,0.11434689507494647,0.4307116104868914,-2.2808988764044944,-1.5,-0.4079860341826688,0.4606741573033708,0.47058823529411764,-0.09048753298205942,-0.06928838951310862,2335.0,13.77996254681648,15.797752808988765,0.5211991434689508,-0.4173447537473233,-1.863554122657171
UNCOND_LONG,210,5,Validation,747,1.0,0.5113788487282463,-0.4541499330655957,0.5,-0.04894435415389168,0.4819277108433735,0.4687022900763359,0.0,0.011378848728246349,,,,,,
gex_follow,210,5,Validation,631,0.8447121820615796,0.5388272583201268,0.6675911251980983,1.5,0.08134412450439057,0.5277337559429477,0.5226860254083484,0.02744840959188044,0.03882725832012679,747.0,12.095483359746435,11.68026941362916,0.5113788487282463,-0.4541499330655957,1.121741058263694
gex_fade,210,5,Validation,631,0.8447121820615796,0.4548335974643423,-0.6675911251980983,-1.5,-0.08134412450439057,0.4675118858954041,0.47731397459165154,-0.05654525126390403,-0.04516640253565768,747.0,11.68026941362916,12.095483359746435,0.5113788487282463,-0.4541499330655957,-0.21344119213250257
pc_follow,210,5,Validation,174,0.23293172690763053,0.5172413793103449,0.45545977011494254,1.5,-0.01035994122848153,0.5517241379310345,0.535031847133758,0.005862530582098513,0.017241379310344862,747.0,14.647988505747126,13.482758620689655,0.5113788487282463,-0.4541499330655957,0.9096097031805382
pc_fade,210,5,Validation,174,0.23293172690763053,0.46551724137931033,-0.45545977011494254,-1.5,0.01035994122848153,0.4425287356321839,0.46496815286624205,-0.04586160734893602,-0.03448275862068967,747.0,13.482758620689655,14.647988505747126,0.5113788487282463,-0.4541499330655957,-0.0013098370493468403
putz_follow,210,5,Validation,80,0.107095046854083,0.4625,-2.5375,-1.125,-0.3191389559590768,0.525,0.5405405405405406,-0.04887884872824633,-0.03749999999999998,747.0,11.54375,12.790625,0.5113788487282463,-0.4541499330655957,-2.0833500669344045
putz_fade,210,5,Validation,80,0.107095046854083,0.5375,2.5375,1.125,0.3191389559590768,0.475,0.4594594594594595,0.02612115127175363,0.03749999999999998,747.0,12.790625,11.54375,0.5113788487282463,-0.4541499330655957,2.9916499330655957
UNCOND_LONG,210,10,Validation,747,1.0,0.5341365461847389,0.7195448460508701,1.5,0.070628085507507,0.5020080321285141,0.476123595505618,0.0,0.034136546184738936,,,,,,
gex_follow,210,10,Validation,631,0.8447121820615796,0.5213946117274167,0.002377179080824089,1.0,0.036979557153852774,0.5103011093502378,0.5274542429284526,-0.01274193445732219,0.021394611727416746,747.0,16.320126782884312,16.132725832012678,0.5341365461847389,0.7195448460508701,-0.717167666970046
gex_fade,210,10,Validation,631,0.8447121820615796,0.4706814580031696,-0.002377179080824089,-1.0,-0.036979557153852774,0.48335974643423135,0.47254575707154745,-0.06345508818156936,-0.029318541996830427,747.0,16.132725832012678,16.320126782884312,0.5341365461847389,0.7195448460508701,-0.7219220251316942
pc_follow,210,10,Validation,174,0.23293172690763053,0.47701149425287354,-1.4410919540229885,-1.5,-0.16171072375156087,0.5114942528735632,0.5357142857142857,-0.0571250519318654,-0.022988505747126464,747.0,19.067528735632184,19.307471264367816,0.5341365461847389,0.7195448460508701,-2.1606368000738585
pc_fade,210,10,Validation,174,0.23293172690763053,0.5114942528735632,1.4410919540229885,1.5,0.16171072375156087,0.4827586206896552,0.4642857142857143,-0.022642293311175732,0.011494252873563204,747.0,19.307471264367816,19.067528735632184,0.5341365461847389,0.7195448460508701,0.7215471079721184
putz_follow,210,10,Validation,80,0.107095046854083,0.45,-0.125,-2.25,-0.10986709503694048,0.4875,0.5384615384615384,-0.08413654618473893,-0.04999999999999999,747.0,17.14375,17.703125,0.5341365461847389,0.7195448460508701,-0.8445448460508701
putz_fade,210,10,Validation,80,0.107095046854083,0.55,0.125,2.25,0.10986709503694048,0.5125,0.46153846153846156,0.015863453815261108,0.050000000000000044,747.0,17.703125,17.14375,0.5341365461847389,0.7195448460508701,-0.5945448460508701
UNCOND_LONG,210,15,Validation,747,1.0,0.5314591700133868,0.8597724230254351,1.75,0.09750908765709879,0.5060240963855421,0.47280334728033474,0.0,0.03145917001338683,,,,,,
gex_follow,210,15,Validation,631,0.8447121820615796,0.5277337559429477,0.4100633914421553,1.5,0.07558484919123021,0.5150554675118859,0.5289256198347108,-0.003725414070439137,0.02773375594294769,747.0,19.624009508716323,19.39619651347068,0.5314591700133868,0.8597724230254351,-0.4497090315832798
gex_fade,210,15,Validation,631,0.8447121820615796,0.46909667194928684,-0.4100633914421553,-1.5,-0.07558484919123021,0.4754358161648177,0.47107438016528924,-0.06236249806409999,-0.030903328050713164,747.0,19.39619651347068,19.624009508716323,0.5314591700133868,0.8597724230254351,-1.2698358144675903
pc_follow,210,15,Validation,174,0.23293172690763053,0.47701149425287354,0.3922413793103448,-1.125,-0.014949431148316868,0.47701149425287354,0.5357142857142857,-0.05444767576051329,-0.022988505747126464,747.0,22.945402298850574,23.011494252873565,0.5314591700133868,0.8597724230254351,-0.4675310437150903
pc_fade,210,15,Validation,174,0.23293172690763053,0.5114942528735632,-0.3922413793103448,1.125,0.014949431148316868,0.5114942528735632,0.4642857142857143,-0.019964917139823624,0.011494252873563204,747.0,23.011494252873565,22.945402298850574,0.5314591700133868,0.8597724230254351,-1.2520138023357799
putz_follow,210,15,Validation,80,0.107095046854083,0.5125,-2.440625,1.375,-0.29560095392758134,0.4875,0.5324675324675324,-0.018959170013386872,0.012499999999999956,747.0,19.8875,22.7875,0.5314591700133868,0.8597724230254351,-3.300397423025435
putz_fade,210,15,Validation,80,0.107095046854083,0.4875,2.440625,-1.375,0.29560095392758134,0.5125,0.4675324675324675,-0.04395917001338684,-0.012500000000000011,747.0,22.7875,19.8875,0.5314591700133868,0.8597724230254351,1.5808525769745647
UNCOND_LONG,210,30,Validation,747,1.0,0.5475234270414994,1.0528781793842035,3.25,0.16702304621091146,0.4966532797858099,0.469187675070028,0.0,0.047523427041499366,,,,,,
gex_follow,210,30,Validation,631,0.8447121820615796,0.5118858954041204,0.11133122028526149,1.25,-0.019762731755158778,0.5213946117274167,0.5282392026578073,-0.03563753163737893,0.011885895404120439,747.0,27.667987321711568,27.066164817749605,0.5475234270414994,1.0528781793842035,-0.941546959098942
gex_fade,210,30,Validation,631,0.8447121820615796,0.4786053882725832,-0.11133122028526149,-1.25,0.019762731755158778,0.47702060221870046,0.4717607973421927,-0.06891803876891617,-0.0213946117274168,747.0,27.066164817749605,27.667987321711568,0.5475234270414994,1.0528781793842035,-1.164209399669465
pc_follow,210,30,Validation,174,0.23293172690763053,0.5114942528735632,0.9051724137931034,1.5,-0.03758702971199488,0.5402298850574713,0.5389221556886228,-0.03602917416793616,0.011494252873563204,747.0,33.122126436781606,31.278735632183906,0.5475234270414994,1.0528781793842035,-0.14770576559110005
pc_fade,210,30,Validation,174,0.23293172690763053,0.4827586206896552,-0.9051724137931034,-1.5,0.03758702971199488,0.4540229885057471,0.46107784431137727,-0.06476480635184417,-0.017241379310344807,747.0,31.278735632183906,33.122126436781606,0.5475234270414994,1.0528781793842035,-1.958050593177307
putz_follow,210,30,Validation,80,0.107095046854083,0.5,-4.05,0.5,-0.17630032512621105,0.4625,0.5324675324675324,-0.047523427041499366,0.0,747.0,25.584375,32.534375,0.5475234270414994,1.0528781793842035,-5.102878179384203
putz_fade,210,30,Validation,80,0.107095046854083,0.475,4.05,-0.5,0.17630032512621105,0.5375,0.4675324675324675,-0.07252342704149939,-0.025000000000000022,747.0,32.534375,25.584375,0.5475234270414994,1.0528781793842035,2.9971218206157966
UNCOND_LONG,210,45,Validation,747,1.0,0.5448460508701473,0.8945783132530121,4.5,0.18133666751923985,0.5127175368139224,0.4684431977559607,0.0,0.04484605087014726,,,,,,
gex_follow,210,45,Validation,631,0.8447121820615796,0.5023771790808241,-0.13074484944532488,0.25,-0.05073447878123302,0.5150554675118859,0.5274542429284526,-0.042468871789323126,0.002377179080824132,747.0,33.63074484944533,33.16798732171157,0.5448460508701473,0.8945783132530121,-1.025323162698337
gex_fade,210,45,Validation,631,0.8447121820615796,0.49445324881141045,0.13074484944532488,-0.25,0.05073447878123302,0.48177496038034867,0.47254575707154745,-0.05039280205873681,-0.005546751188589549,747.0,33.16798732171157,33.63074484944533,0.5448460508701473,0.8945783132530121,-0.7638334638076871
pc_follow,210,45,Validation,174,0.23293172690763053,0.5229885057471264,0.09195402298850575,4.875,-0.051459555645097285,0.5574712643678161,0.5389221556886228,-0.02185754512302085,0.02298850574712641,747.0,39.52442528735632,38.66954022988506,0.5448460508701473,0.8945783132530121,-0.8026242902645063
pc_fade,210,45,Validation,174,0.23293172690763053,0.47701149425287354,-0.09195402298850575,-4.875,0.051459555645097285,0.4425287356321839,0.46107784431137727,-0.06783455661727372,-0.022988505747126464,747.0,38.66954022988506,39.52442528735632,0.5448460508701473,0.8945783132530121,-0.9865323362415178
putz_follow,210,45,Validation,80,0.107095046854083,0.5625,-1.365625,5.75,0.09442091658277052,0.55,0.5324675324675324,0.017653949129852742,0.0625,747.0,32.4625,37.415625,0.5448460508701473,0.8945783132530121,-2.260203313253012
putz_fade,210,45,Validation,80,0.107095046854083,0.4375,1.365625,-5.75,-0.09442091658277052,0.45,0.4675324675324675,-0.10734605087014726,-0.0625,747.0,37.415625,32.4625,0.5448460508701473,0.8945783132530121,0.471046686746988
UNCOND_LONG,210,60,Validation,747,1.0,0.5327978580990629,1.7259036144578312,3.25,0.30155561637375383,0.5140562248995983,0.4659090909090909,0.0,0.03279785809906288,,,,,,
gex_follow,210,60,Validation,631,0.8447121820615796,0.4960380348652932,-0.48415213946117275,-0.75,-0.10042326508221183,0.5071315372424723,0.5269360269360269,-0.036759823233769695,-0.003961965134706813,747.0,39.15451664025357,39.902931854199686,0.5327978580990629,1.7259036144578312,-2.210055753919004
gex_fade,210,60,Validation,631,0.8447121820615796,0.5023771790808241,0.48415213946117275,0.75,0.10042326508221183,0.48811410459587956,0.4730639730639731,-0.03042067901823875,0.002377179080824132,747.0,39.902931854199686,39.15451664025357,0.5327978580990629,1.7259036144578312,-1.2417514749966585
pc_follow,210,60,Validation,174,0.23293172690763053,0.5172413793103449,0.35344827586206895,0.75,-0.03768729037291193,0.5459770114942529,0.5426829268292683,-0.01555647878871802,0.017241379310344862,747.0,46.639367816091955,47.60919540229885,0.5327978580990629,1.7259036144578312,-1.3724553385957623
pc_fade,210,60,Validation,174,0.23293172690763053,0.4827586206896552,-0.35344827586206895,-0.75,0.03768729037291193,0.4482758620689655,0.4573170731707317,-0.05003923740940769,-0.017241379310344807,747.0,47.60919540229885,46.639367816091955,0.5327978580990629,1.7259036144578312,-2.0793518903199004
putz_follow,210,60,Validation,80,0.107095046854083,0.4625,-3.375,-2.25,-0.047758493310800974,0.525,0.5324675324675324,-0.07029785809906286,-0.03749999999999998,747.0,37.184375,42.290625,0.5327978580990629,1.7259036144578312,-5.100903614457831
putz_fade,210,60,Validation,80,0.107095046854083,0.5375,3.375,2.25,0.047758493310800974,0.475,0.4675324675324675,0.004702141900937096,0.03749999999999998,747.0,42.290625,37.184375,0.5327978580990629,1.7259036144578312,1.6490963855421688
UNCOND_LONG,210,5,OOS,397,1.0,0.5188916876574308,-0.5119647355163728,1.0,-0.00550318580866711,0.5340050377833753,0.5217391304347826,0.0,0.018891687657430767,,,,,,
gex_follow,210,5,OOS,372,0.9370277078085643,0.5268817204301075,0.7325268817204301,1.5,0.055215640330108236,0.521505376344086,0.5325077399380805,0.007990032772676736,0.026881720430107503,397.0,17.231854838709676,15.590725806451612,0.5188916876574308,-0.5119647355163728,1.244491617236803
gex_fade,210,5,OOS,372,0.9370277078085643,0.4650537634408602,-0.7325268817204301,-1.5,-0.055215640330108236,0.47580645161290325,0.4674922600619195,-0.053837924216570576,-0.03494623655913981,397.0,15.590725806451612,17.231854838709676,0.5188916876574308,-0.5119647355163728,-0.22056214620405734
UNCOND_LONG,210,10,OOS,397,1.0,0.5138539042821159,-0.5377833753148614,0.75,0.022317951513051205,0.49622166246851385,0.5303430079155673,0.0,0.013853904282115859,,,,,,
gex_follow,210,10,OOS,372,0.9370277078085643,0.543010752688172,2.034274193548387,2.375,0.1311550782385479,0.5295698924731183,0.5224719101123596,0.029156848406056146,0.043010752688172005,397.0,23.670026881720432,21.838037634408604,0.5138539042821159,-0.5377833753148614,2.5720575688632485
gex_fade,210,10,OOS,372,0.9370277078085643,0.45161290322580644,-2.034274193548387,-2.375,-0.1311550782385479,0.47043010752688175,0.47752808988764045,-0.06224100105630942,-0.04838709677419356,397.0,21.838037634408604,23.670026881720432,0.5138539042821159,-0.5377833753148614,-1.4964908182335255
UNCOND_LONG,210,15,OOS,397,1.0,0.49370277078085645,-0.6574307304785895,-0.25,-0.040168907135664074,0.49622166246851385,0.5366492146596858,0.0,-0.006297229219143552,,,,,,
gex_follow,210,15,OOS,372,0.9370277078085643,0.5268817204301075,2.111559139784946,1.75,0.18272966890348621,0.521505376344086,0.5194444444444445,0.033178949649251055,0.026881720430107503,397.0,28.1875,25.815188172043012,0.49370277078085645,-0.6574307304785895,2.7689898702635354
gex_fade,210,15,OOS,372,0.9370277078085643,0.4731182795698925,-2.111559139784946,-1.75,-0.18272966890348621,0.478494623655914,0.48055555555555557,-0.02058449121096395,-0.026881720430107503,397.0,25.815188172043012,28.1875,0.49370277078085645,-0.6574307304785895,-1.4541284093063567
UNCOND_LONG,210,30,OOS,397,1.0,0.5642317380352645,3.954030226700252,5.0,0.07081223560163717,0.48866498740554154,0.5380577427821522,0.0,0.0642317380352645,,,,,,
gex_follow,210,30,OOS,372,0.9370277078085643,0.47580645161290325,-4.444220430107527,-2.0,-0.27189926519118296,0.5080645161290323,0.5167597765363129,-0.08842528642236125,-0.024193548387096753,397.0,38.605510752688176,41.061155913978496,0.5642317380352645,3.954030226700252,-8.398250656807779
gex_fade,210,30,OOS,372,0.9370277078085643,0.5188172043010753,4.444220430107527,2.0,0.27189926519118296,0.49193548387096775,0.48324022346368717,-0.045414533734189244,0.018817204301075252,397.0,41.061155913978496,38.605510752688176,0.5642317380352645,3.954030226700252,0.49019020340727515
UNCOND_LONG,210,45,OOS,397,1.0,0.5591939546599496,5.54911838790932,4.25,0.13838155952874534,0.5264483627204031,0.5368421052631579,0.0,0.05919395465994959,,,,,,
gex_follow,210,45,OOS,372,0.9370277078085643,0.45698924731182794,-6.977150537634409,-3.125,-0.42385216766895584,0.4838709677419355,0.5154061624649859,-0.10220470734812165,-0.04301075268817206,397.0,45.41599462365591,50.19018817204301,0.5591939546599496,5.54911838790932,-12.526268925543729
gex_fade,210,45,OOS,372,0.9370277078085643,0.5403225806451613,6.977150537634409,3.125,0.42385216766895584,0.5161290322580645,0.484593837535014,-0.018871374014788334,0.040322580645161255,397.0,50.19018817204301,45.41599462365591,0.5591939546599496,5.54911838790932,1.4280321497250892
UNCOND_LONG,210,60,OOS,397,1.0,0.5617128463476071,8.712846347607053,6.75,0.2212569559119945,0.5289672544080605,0.5396825396825397,0.0,0.0617128463476071,,,,,,
gex_follow,210,60,OOS,372,0.9370277078085643,0.4650537634408602,-9.96774193548387,-2.625,-0.4829401397248022,0.489247311827957,0.5154929577464789,-0.09665908290674691,-0.03494623655913981,397.0,52.00336021505376,57.83064516129032,0.5617128463476071,8.712846347607053,-18.680588283090923
gex_fade,210,60,OOS,372,0.9370277078085643,0.5295698924731183,9.96774193548387,2.625,0.4829401397248022,0.5053763440860215,0.48450704225352115,-0.032142953874488844,0.029569892473118253,397.0,57.83064516129032,52.00336021505376,0.5617128463476071,8.712846347607053,1.2548955878768169
UNCOND_LONG,225,5,IS,2336,1.0,0.4850171232876712,-0.05254708904109589,0.0,0.0023055683232904908,0.4914383561643836,0.49800399201596807,0.0,-0.014982876712328785,,,,,,
gex_follow,225,5,IS,777,0.3326198630136986,0.4942084942084942,-0.15186615186615188,0.0,-0.01581490187755821,0.5083655083655083,0.5350609756097561,0.009191370920823005,-0.00579150579150578,2336.0,5.7792792792792795,5.477799227799228,0.4850171232876712,-0.05254708904109589,-0.09931906282505598
gex_fade,225,5,IS,777,0.3326198630136986,0.4826254826254826,0.15186615186615188,0.0,0.01581490187755821,0.47361647361647363,0.4649390243902439,-0.00239164066218861,-0.017374517374517395,2336.0,5.477799227799228,5.7792792792792795,0.4850171232876712,-0.05254708904109589,0.20441324090724777
pc_follow,225,5,IS,457,0.1956335616438356,0.45951859956236324,-0.3150984682713348,-0.25,-0.11995963902350118,0.5098468271334792,0.5155440414507773,-0.025498523725307976,-0.04048140043763676,2336.0,5.173413566739606,5.055798687089715,0.4850171232876712,-0.05254708904109589,-0.2625513792302389
pc_fade,225,5,IS,457,0.1956335616438356,0.5010940919037199,0.3150984682713348,0.25,0.11995963902350118,0.4726477024070022,0.4844559585492228,0.01607696861604868,0.001094091903719896,2336.0,5.055798687089715,5.173413566739606,0.4850171232876712,-0.05254708904109589,0.3676455573124307
putz_follow,225,5,IS,267,0.11429794520547945,0.4756554307116105,-0.5280898876404494,-0.25,-0.057968284887394896,0.48314606741573035,0.48497854077253216,-0.009361692576060732,-0.024344569288389517,2336.0,3.844569288389513,4.444756554307116,0.4850171232876712,-0.05254708904109589,-0.4755427985993535
putz_fade,225,5,IS,267,0.11429794520547945,0.5093632958801498,0.5280898876404494,0.25,0.057968284887394896,0.4943820224719101,0.5150214592274678,0.02434617259247862,0.009363295880149836,2336.0,4.444756554307116,3.844569288389513,0.4850171232876712,-0.05254708904109589,0.5806369766815452
UNCOND_LONG,225,10,IS,2336,1.0,0.5059931506849316,-0.09075342465753425,0.25,0.0008896420213512421,0.4828767123287671,0.5006663705019991,0.0,0.0059931506849315586,,,,,,
gex_follow,225,10,IS,777,0.3326198630136986,0.48906048906048905,-0.09845559845559845,0.0,-0.010427045850506722,0.49034749034749037,0.5254691689008043,-0.016932661624442513,-0.010939510939510955,2336.0,7.839124839124839,7.8304375804375805,0.5059931506849316,-0.09075342465753425,-0.007702173798064205
gex_fade,225,10,IS,777,0.3326198630136986,0.4967824967824968,0.09845559845559845,0.0,0.010427045850506722,0.49034749034749037,0.4745308310991957,-0.009210653902434751,-0.0032175032175031926,2336.0,7.8304375804375805,7.839124839124839,0.5059931506849316,-0.09075342465753425,0.1892090231131327
pc_follow,225,10,IS,457,0.1956335616438356,0.49015317286652077,0.2800875273522976,0.0,-0.05811237444994577,0.45951859956236324,0.5034168564920274,-0.01583997781841079,-0.00984682713347923,2336.0,7.156455142231947,7.3429978118161925,0.5059931506849316,-0.09075342465753425,0.3708409520098318
pc_fade,225,10,IS,457,0.1956335616438356,0.4923413566739606,-0.2800875273522976,0.0,0.05811237444994577,0.5207877461706784,0.49658314350797267,-0.013651794010970941,-0.007658643326039383,2336.0,7.3429978118161925,7.156455142231947,0.5059931506849316,-0.09075342465753425,-0.18933410269476333
putz_follow,225,10,IS,267,0.11429794520547945,0.4868913857677903,-0.9260299625468165,0.0,-0.10242027452700296,0.49063670411985016,0.48846153846153845,-0.019101764917141273,-0.013108614232209714,2336.0,5.4110486891385765,6.282771535580524,0.5059931506849316,-0.09075342465753425,-0.8352765378892822
putz_fade,225,10,IS,267,0.11429794520547945,0.48314606741573035,0.9260299625468165,0.0,0.10242027452700296,0.4756554307116105,0.5115384615384615,-0.022847083269201207,-0.01685393258426965,2336.0,6.282771535580524,5.4110486891385765,0.5059931506849316,-0.09075342465753425,1.0167833872043508
UNCOND_LONG,225,15,IS,2336,1.0,0.5179794520547946,-0.06324914383561644,0.25,0.017263872806382047,0.5004280821917808,0.5004378283712785,0.0,0.017979452054794565,,,,,,
gex_follow,225,15,IS,777,0.3326198630136986,0.4826254826254826,0.010617760617760617,0.0,-0.019832731717074573,0.48906048906048905,0.526246719160105,-0.03535396942931196,-0.017374517374517395,2336.0,9.593307593307593,9.62902187902188,0.5179794520547946,-0.06324914383561644,0.07386690445337707
gex_fade,225,15,IS,777,0.3326198630136986,0.4942084942084942,-0.010617760617760617,0.0,0.019832731717074573,0.4980694980694981,0.473753280839895,-0.023770957846300345,-0.00579150579150578,2336.0,9.62902187902188,9.593307593307593,0.5179794520547946,-0.06324914383561644,0.05263138321785583
pc_follow,225,15,IS,457,0.1956335616438356,0.5054704595185996,0.8938730853391685,0.25,-0.006661306261168948,0.47702407002188185,0.5067264573991032,-0.012508992536194974,0.005470459518599591,2336.0,8.918490153172867,8.73960612691466,0.5179794520547946,-0.06324914383561644,0.957122229174785
pc_fade,225,15,IS,457,0.1956335616438356,0.47702407002188185,-0.8938730853391685,-0.25,0.006661306261168948,0.5076586433260394,0.49327354260089684,-0.04095538203291271,-0.022975929978118148,2336.0,8.73960612691466,8.918490153172867,0.5179794520547946,-0.06324914383561644,-0.8306239415035521
putz_follow,225,15,IS,267,0.11429794520547945,0.4943820224719101,-0.3352059925093633,0.0,-0.09301597324217872,0.49063670411985016,0.49236641221374045,-0.023597429582884466,-0.005617977528089901,2336.0,6.686329588014981,7.580524344569288,0.5179794520547946,-0.06324914383561644,-0.2719568486737468
putz_fade,225,15,IS,267,0.11429794520547945,0.48314606741573035,0.3352059925093633,0.0,0.09301597324217872,0.49812734082397003,0.5076335877862596,-0.03483338463906421,-0.01685393258426965,2336.0,7.580524344569288,6.686329588014981,0.5179794520547946,-0.06324914383561644,0.39845513634497975
UNCOND_LONG,225,30,IS,2336,1.0,0.514554794520548,-0.07898116438356165,0.5,0.03347553574262133,0.5042808219178082,0.4997794441993824,0.0,0.014554794520547976,,,,,,
gex_follow,225,30,IS,777,0.3326198630136986,0.4980694980694981,0.4510939510939511,0.0,-0.05105503465485192,0.4942084942084942,0.5277044854881267,-0.016485296451049902,-0.0019305019305019266,2336.0,14.216216216216216,13.275740025740026,0.514554794520548,-0.07898116438356165,0.5300751154775127
gex_fade,225,30,IS,777,0.3326198630136986,0.4967824967824968,-0.4510939510939511,0.0,0.05105503465485192,0.5006435006435006,0.47229551451187335,-0.017772297738051168,-0.0032175032175031926,2336.0,13.275740025740026,14.216216216216216,0.514554794520548,-0.07898116438356165,-0.3721127867103895
pc_follow,225,30,IS,457,0.1956335616438356,0.49015317286652077,1.0853391684901532,0.0,-0.11744096577387109,0.4726477024070022,0.5056179775280899,-0.024401621654027206,-0.00984682713347923,2336.0,13.520787746170678,12.13129102844639,0.514554794520548,-0.07898116438356165,1.1643203328737148
pc_fade,225,30,IS,457,0.1956335616438356,0.49452954048140046,-1.0853391684901532,0.0,0.11744096577387109,0.5164113785557987,0.4943820224719101,-0.02002525403914751,-0.005470459518599535,2336.0,12.13129102844639,13.520787746170678,0.514554794520548,-0.07898116438356165,-1.0063580041065916
putz_follow,225,30,IS,267,0.11429794520547945,0.48314606741573035,0.7303370786516854,-0.25,0.08250886535843042,0.5093632958801498,0.49236641221374045,-0.031408727104817624,-0.01685393258426965,2336.0,10.567415730337078,10.213483146067416,0.514554794520548,-0.07898116438356165,0.809318243035247
putz_fade,225,30,IS,267,0.11429794520547945,0.5056179775280899,-0.7303370786516854,0.25,-0.08250886535843042,0.4794007490636704,0.5076335877862596,-0.008936816992458074,0.005617977528089901,2336.0,10.213483146067416,10.567415730337078,0.514554794520548,-0.07898116438356165,-0.6513559142681238
UNCOND_LONG,225,45,IS,2336,1.0,0.5231164383561644,-0.4639340753424658,0.5,0.025684664469852757,0.502568493150685,0.4993288590604027,0.0,0.023116438356164393,,,,,,
gex_follow,225,45,IS,777,0.3326198630136986,0.4800514800514801,0.3767696267696268,-0.75,-0.25682149470700866,0.49163449163449163,0.526595744680851,-0.04306495830468432,-0.019948519948519927,2336.0,17.47940797940798,16.6010296010296,0.5231164383561644,-0.4639340753424658,0.8407037021120926
gex_fade,225,45,IS,777,0.3326198630136986,0.5148005148005148,-0.3767696267696268,0.75,0.25682149470700866,0.5045045045045045,0.4734042553191489,-0.008315923555649585,0.014800514800514808,2336.0,16.6010296010296,17.47940797940798,0.5231164383561644,-0.4639340753424658,0.087164448572839
pc_follow,225,45,IS,457,0.1956335616438356,0.5098468271334792,1.7275711159737417,0.25,-0.22371434746793492,0.47921225382932164,0.504524886877828,-0.013269611222685218,0.009846827133479175,2336.0,16.40864332603939,15.139496717724288,0.5231164383561644,-0.4639340753424658,2.1915051913162076
pc_fade,225,45,IS,457,0.1956335616438356,0.4814004376367615,-1.7275711159737417,-0.25,0.22371434746793492,0.5120350109409191,0.49547511312217196,-0.0417160007194029,-0.01859956236323851,2336.0,15.139496717724288,16.40864332603939,0.5231164383561644,-0.4639340753424658,-1.2636370406312758
putz_follow,225,45,IS,267,0.11429794520547945,0.5243445692883895,1.344569288389513,0.5,0.2716842655648358,0.5355805243445693,0.49224806201550386,0.0012281309322250689,0.02434456928838946,2336.0,13.014044943820224,12.285580524344569,0.5231164383561644,-0.4639340753424658,1.8085033637319787
putz_fade,225,45,IS,267,0.11429794520547945,0.46441947565543074,-1.344569288389513,-0.5,-0.2716842655648358,0.4606741573033708,0.5077519379844961,-0.05869696270073366,-0.035580524344569264,2336.0,12.285580524344569,13.014044943820224,0.5231164383561644,-0.4639340753424658,-0.8806352130470473
UNCOND_LONG,225,60,IS,2336,1.0,0.5483732876712328,-0.253638698630137,1.0,0.1506230930592487,0.5162671232876712,0.500903342366757,0.0,0.048373287671232834,,,,,,
gex_follow,225,60,IS,777,0.3326198630136986,0.47876447876447875,0.11036036036036036,-0.5,-0.35887327100898464,0.4774774774774775,0.5241286863270778,-0.06960880890675408,-0.02123552123552125,2336.0,20.914092664092664,20.167953667953668,0.5483732876712328,-0.253638698630137,0.36399905899049734
gex_fade,225,60,IS,777,0.3326198630136986,0.5173745173745173,-0.11036036036036036,0.5,0.35887327100898464,0.5186615186615187,0.47587131367292224,-0.030998770296715494,0.01737451737451734,2336.0,20.167953667953668,20.914092664092664,0.5483732876712328,-0.253638698630137,0.14327833826977665
pc_follow,225,60,IS,457,0.1956335616438356,0.5361050328227571,2.673413566739606,0.75,-0.15993033479860352,0.48577680525164113,0.502283105022831,-0.012268254848475713,0.03610503282275712,2336.0,20.085886214442013,18.13621444201313,0.5483732876712328,-0.253638698630137,2.927052265369743
pc_fade,225,60,IS,457,0.1956335616438356,0.45295404814004375,-2.673413566739606,-0.75,0.15993033479860352,0.5076586433260394,0.4977168949771689,-0.09541923953118908,-0.04704595185995625,2336.0,18.13621444201313,20.085886214442013,0.5483732876712328,-0.253638698630137,-2.419774868109469
putz_follow,225,60,IS,267,0.11429794520547945,0.5468164794007491,1.1395131086142323,0.75,0.16850526073671887,0.5243445692883895,0.4900398406374502,-0.0015568082704837671,0.04681647940074907,2336.0,15.346441947565543,14.760299625468164,0.5483732876712328,-0.253638698630137,1.3931518072443692
putz_fade,225,60,IS,267,0.11429794520547945,0.449438202247191,-1.1395131086142323,-0.75,-0.16850526073671887,0.4681647940074906,0.5099601593625498,-0.09893508542404184,-0.050561797752809,2336.0,14.760299625468164,15.346441947565543,0.5483732876712328,-0.253638698630137,-0.8858744099840953
UNCOND_LONG,225,5,Validation,747,1.0,0.48460508701472554,-0.7479919678714859,-0.5,-0.09710807317467629,0.48058902275769744,0.470873786407767,0.0,-0.015394912985274456,,,,,,
gex_follow,225,5,Validation,631,0.8447121820615796,0.46909667194928684,-0.7408874801901744,-0.75,-0.1350066086873767,0.4659270998415214,0.4595103578154426,-0.015508415065438708,-0.030903328050713164,747.0,10.165213946117275,11.00554675118859,0.48460508701472554,-0.7479919678714859,0.007104487681311555
gex_fade,225,5,Validation,631,0.8447121820615796,0.5293185419968305,0.7408874801901744,0.75,0.1350066086873767,0.5277337559429477,0.5404896421845574,0.04471345498210494,0.029318541996830483,747.0,11.00554675118859,10.165213946117275,0.48460508701472554,-0.7479919678714859,1.4888794480616603
pc_follow,225,5,Validation,174,0.23293172690763053,0.5689655172413793,1.9827586206896552,2.875,0.11953545543388691,0.5344827586206896,0.5277777777777778,0.0843604302266538,0.06896551724137934,747.0,12.739942528735632,11.505747126436782,0.48460508701472554,-0.7479919678714859,2.730750588561141
pc_fade,225,5,Validation,174,0.23293172690763053,0.43103448275862066,-1.9827586206896552,-2.875,-0.11953545543388691,0.45977011494252873,0.4722222222222222,-0.05357060425610488,-0.06896551724137934,747.0,11.505747126436782,12.739942528735632,0.48460508701472554,-0.7479919678714859,-1.2347666528181693
putz_follow,225,5,Validation,80,0.107095046854083,0.5375,-0.99375,0.875,-0.14878642522350216,0.5,0.5932203389830508,0.052894912985274434,0.03749999999999998,747.0,10.4125,10.809375,0.48460508701472554,-0.7479919678714859,-0.2457580321285141
putz_fade,225,5,Validation,80,0.107095046854083,0.4625,0.99375,-0.875,0.14878642522350216,0.475,0.4067796610169492,-0.022105087014725522,-0.03749999999999998,747.0,10.809375,10.4125,0.48460508701472554,-0.7479919678714859,1.7417419678714858
UNCOND_LONG,225,10,Validation,747,1.0,0.5060240963855421,-0.7105087014725568,0.5,-0.06779644765153021,0.47657295850066933,0.47994467496542187,0.0,0.0060240963855421326,,,,,,
gex_follow,225,10,Validation,631,0.8447121820615796,0.5007923930269413,0.6600633914421553,0.25,0.011254031045351531,0.4849445324881141,0.460655737704918,-0.005231703358600792,0.0007923930269413404,747.0,14.792789223454834,14.921949286846276,0.5060240963855421,-0.7105087014725568,1.370572092914712
gex_fade,225,10,Validation,631,0.8447121820615796,0.4928684627575277,-0.6600633914421553,-0.25,-0.011254031045351531,0.5118858954041204,0.5393442622950819,-0.013155633628014418,-0.007131537242472286,747.0,14.921949286846276,14.792789223454834,0.5060240963855421,-0.7105087014725568,0.050445310030401536
pc_follow,225,10,Validation,174,0.23293172690763053,0.5402298850574713,2.836206896551724,2.0,0.17414010754976586,0.5574712643678161,0.5209580838323353,0.03420578867192914,0.04022988505747127,747.0,19.12787356321839,16.201149425287355,0.5060240963855421,-0.7105087014725568,3.546715598024281
pc_fade,225,10,Validation,174,0.23293172690763053,0.4540229885057471,-2.836206896551724,-2.0,-0.17414010754976586,0.4367816091954023,0.47904191616766467,-0.052001107879795005,-0.04597701149425287,747.0,16.201149425287355,19.12787356321839,0.5060240963855421,-0.7105087014725568,-2.1256981950791674
putz_follow,225,10,Validation,80,0.107095046854083,0.55,-0.846875,2.25,-0.041727493342669106,0.5375,0.5789473684210527,0.04397590361445791,0.050000000000000044,747.0,14.140625,14.584375,0.5060240963855421,-0.7105087014725568,-0.1363662985274432
putz_fade,225,10,Validation,80,0.107095046854083,0.45,0.846875,-2.25,0.041727493342669106,0.45,0.42105263157894735,-0.05602409638554212,-0.04999999999999999,747.0,14.584375,14.140625,0.5060240963855421,-0.7105087014725568,1.557383701472557
UNCOND_LONG,225,15,Validation,747,1.0,0.5301204819277109,0.18440428380187415,1.5,0.05138877375393283,0.4779116465863454,0.4828532235939643,0.0,0.030120481927710885,,,,,,
gex_follow,225,15,Validation,631,0.8447121820615796,0.47702060221870046,-0.2904120443740095,-1.0,-0.11389281513521816,0.49445324881141045,0.4634146341463415,-0.05309987970901042,-0.022979397781299538,747.0,18.712361331220286,18.753961965134707,0.5301204819277109,0.18440428380187415,-0.4748163281758837
gex_fade,225,15,Validation,631,0.8447121820615796,0.5150554675118859,0.2904120443740095,1.0,0.11389281513521816,0.5039619651347068,0.5365853658536586,-0.015065014415824973,0.015055467511885912,747.0,18.753961965134707,18.712361331220286,0.5301204819277109,0.18440428380187415,0.10600776057213537
pc_follow,225,15,Validation,174,0.23293172690763053,0.47701149425287354,0.5,-1.375,-0.044093293108617176,0.5689655172413793,0.5269461077844312,-0.05310898767483735,-0.022988505747126464,747.0,24.232758620689655,20.895114942528735,0.5301204819277109,0.18440428380187415,0.3155957161981259
pc_fade,225,15,Validation,174,0.23293172690763053,0.5172413793103449,-0.5,1.375,0.044093293108617176,0.43103448275862066,0.47305389221556887,-0.012879102617366023,0.017241379310344862,747.0,20.895114942528735,24.232758620689655,0.5301204819277109,0.18440428380187415,-0.6844042838018741
putz_follow,225,15,Validation,80,0.107095046854083,0.5875,-1.634375,6.75,0.07441805232558714,0.5625,0.5844155844155844,0.05737951807228914,0.08750000000000002,747.0,18.409375,20.303125,0.5301204819277109,0.18440428380187415,-1.8187792838018741
putz_fade,225,15,Validation,80,0.107095046854083,0.4125,1.634375,-6.75,-0.07441805232558714,0.4375,0.4155844155844156,-0.11762048192771091,-0.08750000000000002,747.0,20.303125,18.409375,0.5301204819277109,0.18440428380187415,1.4499707161981257
UNCOND_LONG,225,30,Validation,747,1.0,0.5140562248995983,0.02610441767068273,1.0,0.07173554621859157,0.49129852744310576,0.4828532235939643,0.0,0.014056224899598346,,,,,,
gex_follow,225,30,Validation,631,0.8447121820615796,0.4849445324881141,-0.5324881141045958,-1.0,-0.13339128652102764,0.4960380348652932,0.46416938110749184,-0.029111692411484258,-0.015055467511885912,747.0,26.507527733755943,26.643423137876386,0.5140562248995983,0.02610441767068273,-0.5585925317752786
gex_fade,225,30,Validation,631,0.8447121820615796,0.5118858954041204,0.5324881141045958,1.0,0.13339128652102764,0.49920760697305866,0.5358306188925082,-0.0021703294954779073,0.011885895404120439,747.0,26.643423137876386,26.507527733755943,0.5140562248995983,0.02610441767068273,0.5063836964339131
pc_follow,225,30,Validation,174,0.23293172690763053,0.4942528735632184,-0.3132183908045977,-0.625,-0.048606655884483554,0.4885057471264368,0.5269461077844312,-0.01980335133637995,-0.005747126436781602,747.0,32.25431034482759,31.1566091954023,0.5140562248995983,0.02610441767068273,-0.3393228084752804
pc_fade,225,30,Validation,174,0.23293172690763053,0.5057471264367817,0.3132183908045977,0.625,0.048606655884483554,0.5114942528735632,0.47305389221556887,-0.008309098462816689,0.005747126436781658,747.0,31.1566091954023,32.25431034482759,0.5140562248995983,0.02610441767068273,0.28711397313391496
putz_follow,225,30,Validation,80,0.107095046854083,0.575,1.05,5.125,0.3653538787608682,0.5375,0.5844155844155844,0.06094377510040161,0.07499999999999996,747.0,27.90625,26.796875,0.5140562248995983,0.02610441767068273,1.0238955823293172
putz_fade,225,30,Validation,80,0.107095046854083,0.4125,-1.05,-5.125,-0.3653538787608682,0.4625,0.4155844155844156,-0.10155622489959837,-0.08750000000000002,747.0,26.796875,27.90625,0.5140562248995983,0.02610441767068273,-1.0761044176706829
UNCOND_LONG,225,45,Validation,747,1.0,0.5194109772423026,0.857429718875502,1.75,0.19287528019617448,0.4886211512717537,0.48132780082987553,0.0,0.019410977242302563,,,,,,
gex_follow,225,45,Validation,631,0.8447121820615796,0.5007923930269413,-0.8858954041204438,0.25,-0.18621702220998385,0.48177496038034867,0.4663382594417077,-0.018618584215361222,0.0007923930269413404,747.0,33.06576862123613,34.38034865293186,0.5194109772423026,0.857429718875502,-1.7433251229959459
gex_fade,225,45,Validation,631,0.8447121820615796,0.49445324881141045,0.8858954041204438,-0.25,0.18621702220998385,0.5134706814580031,0.5336617405582923,-0.024957728430892112,-0.005546751188589549,747.0,34.38034865293186,33.06576862123613,0.5194109772423026,0.857429718875502,0.028465685244941752
pc_follow,225,45,Validation,174,0.23293172690763053,0.5114942528735632,-0.05172413793103448,0.875,-0.03929896303597065,0.4885057471264368,0.5304878048780488,-0.007916724368739358,0.011494252873563204,747.0,40.55172413793103,41.28448275862069,0.5194109772423026,0.857429718875502,-0.9091538568065365
pc_fade,225,45,Validation,174,0.23293172690763053,0.4885057471264368,0.05172413793103448,-0.875,0.03929896303597065,0.5114942528735632,0.4695121951219512,-0.030905230115865767,-0.011494252873563204,747.0,41.28448275862069,40.55172413793103,0.5194109772423026,0.857429718875502,-0.8057055809444675
putz_follow,225,45,Validation,80,0.107095046854083,0.5,-0.959375,0.125,0.21025131902192057,0.5875,0.5844155844155844,-0.019410977242302563,0.0,747.0,33.7,33.190625,0.5194109772423026,0.857429718875502,-1.816804718875502
putz_fade,225,45,Validation,80,0.107095046854083,0.4875,0.959375,-0.125,-0.21025131902192057,0.4125,0.4155844155844156,-0.031910977242302574,-0.012500000000000011,747.0,33.190625,33.7,0.5194109772423026,0.857429718875502,0.10194528112449797
UNCOND_LONG,225,60,Validation,747,1.0,0.49129852744310576,-1.6348728246318607,-0.75,-0.06342865156912761,0.48460508701472554,0.4776536312849162,0.0,-0.00870147255689424,,,,,,
gex_follow,225,60,Validation,631,0.8447121820615796,0.4849445324881141,0.04041204437400951,-1.5,-0.18033007495784714,0.48811410459587956,0.46677740863787376,-0.006353994954991671,-0.015055467511885912,747.0,39.73177496038035,41.13827258320127,0.49129852744310576,-1.6348728246318607,1.6752848690058701
gex_fade,225,60,Validation,631,0.8447121820615796,0.5103011093502378,-0.04041204437400951,1.5,0.18033007495784714,0.508716323296355,0.5332225913621262,0.019002581907132,0.010301109350237758,747.0,41.13827258320127,39.73177496038035,0.49129852744310576,-1.6348728246318607,1.5944607802578512
pc_follow,225,60,Validation,174,0.23293172690763053,0.5057471264367817,5.352011494252873,0.875,0.25290876183076555,0.4942528735632184,0.5246913580246914,0.014448598993675899,0.005747126436781658,747.0,50.86494252873563,48.47270114942529,0.49129852744310576,-1.6348728246318607,6.986884318884734
pc_fade,225,60,Validation,174,0.23293172690763053,0.4827586206896552,-5.352011494252873,-0.875,-0.25290876183076555,0.5057471264367817,0.47530864197530864,-0.008539906753450566,-0.017241379310344807,747.0,48.47270114942529,50.86494252873563,0.49129852744310576,-1.6348728246318607,-3.7171386696210127
putz_follow,225,60,Validation,80,0.107095046854083,0.5125,3.90625,2.0,0.4958417603252386,0.575,0.5789473684210527,0.021201472556894196,0.012499999999999956,747.0,39.128125,37.04375,0.49129852744310576,-1.6348728246318607,5.541122824631861
putz_fade,225,60,Validation,80,0.107095046854083,0.4875,-3.90625,-2.0,-0.4958417603252386,0.425,0.42105263157894735,-0.0037985274431057703,-0.012500000000000011,747.0,37.04375,39.128125,0.49129852744310576,-1.6348728246318607,-2.2713771753681393
UNCOND_LONG,225,5,OOS,397,1.0,0.4659949622166247,-0.43261964735516373,-1.25,-0.10053359800515722,0.46851385390428213,0.4595375722543353,0.0,-0.034005037783375325,,,,,,
gex_follow,225,5,OOS,372,0.9370277078085643,0.48118279569892475,-1.206989247311828,-0.75,-0.09107884207557558,0.48655913978494625,0.49390243902439024,0.015187833482300073,-0.018817204301075252,397.0,16.046370967741936,16.272849462365592,0.4659949622166247,-0.43261964735516373,-0.7743695999566642
gex_fade,225,5,OOS,372,0.9370277078085643,0.510752688172043,1.206989247311828,0.75,0.09107884207557558,0.5134408602150538,0.5060975609756098,0.044757725955418326,0.010752688172043001,397.0,16.272849462365592,16.046370967741936,0.4659949622166247,-0.43261964735516373,1.6396088946669918
UNCOND_LONG,225,10,OOS,397,1.0,0.5062972292191436,2.783375314861461,0.75,0.041545497111499935,0.473551637279597,0.4738219895287958,0.0,0.006297229219143552,,,,,,
gex_follow,225,10,OOS,372,0.9370277078085643,0.4946236559139785,-4.223118279569892,-0.5,-0.24533589168997327,0.47580645161290325,0.49303621169916434,-0.011673573305165053,-0.005376344086021501,397.0,21.224462365591396,24.275537634408604,0.5062972292191436,2.783375314861461,-7.006493594431353
gex_fade,225,10,OOS,372,0.9370277078085643,0.5026881720430108,4.223118279569892,0.5,0.24533589168997327,0.5134408602150538,0.5069637883008357,-0.0036090571761328016,0.0026881720430107503,397.0,24.275537634408604,21.224462365591396,0.5062972292191436,2.783375314861461,1.4397429647084312
UNCOND_LONG,225,15,OOS,397,1.0,0.5516372795969773,4.576826196473552,3.5,0.14077110160931258,0.48866498740554154,0.4740932642487047,0.0,0.05163727959697728,,,,,,
gex_follow,225,15,OOS,372,0.9370277078085643,0.4435483870967742,-6.540994623655914,-3.75,-0.4124519811892486,0.47580645161290325,0.494475138121547,-0.1080888925002031,-0.05645161290322581,397.0,25.491935483870968,31.393817204301076,0.5516372795969773,4.576826196473552,-11.117820820129467
gex_fade,225,15,OOS,372,0.9370277078085643,0.553763440860215,6.540994623655914,3.75,0.4124519811892486,0.521505376344086,0.505524861878453,0.0021261612632377247,0.053763440860215006,397.0,31.393817204301076,25.491935483870968,0.5516372795969773,4.576826196473552,1.9641684271823623
UNCOND_LONG,225,30,OOS,397,1.0,0.5188916876574308,6.17191435768262,1.75,0.1870688654475628,0.5113350125944585,0.4779220779220779,0.0,0.018891687657430767,,,,,,
gex_follow,225,30,OOS,372,0.9370277078085643,0.4543010752688172,-9.073924731182796,-4.0,-0.5655210915139466,0.4489247311827957,0.49171270718232046,-0.06459061238861358,-0.04569892473118281,397.0,34.39247311827957,44.174731182795696,0.5188916876574308,6.17191435768262,-15.245839088865416
gex_fade,225,30,OOS,372,0.9370277078085643,0.543010752688172,9.073924731182796,4.0,0.5655210915139466,0.5510752688172043,0.5082872928176796,0.024119065030741238,0.043010752688172005,397.0,44.174731182795696,34.39247311827957,0.5188916876574308,6.17191435768262,2.9020103735001763
UNCOND_LONG,225,45,OOS,397,1.0,0.5465994962216625,9.335642317380353,6.0,0.26512878179673327,0.5188916876574308,0.4776902887139108,0.0,0.046599496221662484,,,,,,
gex_follow,225,45,OOS,372,0.9370277078085643,0.45161290322580644,-12.064516129032258,-4.875,-0.5806973465493336,0.44086021505376344,0.4972067039106145,-0.09498659299585605,-0.04838709677419356,397.0,42.78293010752688,53.395161290322584,0.5465994962216625,9.335642317380353,-21.40015844641261
gex_fade,225,45,OOS,372,0.9370277078085643,0.5456989247311828,12.064516129032258,4.875,0.5806973465493336,0.5564516129032258,0.5027932960893855,-0.0009005714904797291,0.045698924731182755,397.0,53.395161290322584,42.78293010752688,0.5465994962216625,9.335642317380353,2.728873811651905
UNCOND_LONG,225,60,OOS,397,1.0,0.5617128463476071,7.828715365239295,5.5,0.17417455015162844,0.5163727959697733,0.47493403693931396,0.0,0.0617128463476071,,,,,,
gex_follow,225,60,OOS,372,0.9370277078085643,0.43548387096774194,-11.581989247311828,-5.0,-0.6154694077691598,0.4435483870967742,0.49719101123595505,-0.12622897537986516,-0.06451612903225806,397.0,48.90524193548387,60.34543010752688,0.5617128463476071,7.828715365239295,-19.410704612551122
gex_fade,225,60,OOS,372,0.9370277078085643,0.5645161290322581,11.581989247311828,5.0,0.6154694077691598,0.553763440860215,0.5028089887640449,0.0028032826846510206,0.06451612903225812,397.0,60.34543010752688,48.90524193548387,0.5617128463476071,7.828715365239295,3.7532738820725333
UNCOND_LONG,240,5,IS,2336,1.0,0.4700342465753425,-0.08133561643835617,0.0,-0.03142189657764817,0.4601883561643836,0.46965959546127284,0.0,-0.029965753424657515,,,,,,
gex_follow,240,5,IS,777,0.3326198630136986,0.4942084942084942,0.35263835263835264,0.0,0.020076264423436463,0.510939510939511,0.52,0.024174247633151735,-0.00579150579150578,2336.0,6.074002574002574,5.231981981981982,0.4700342465753425,-0.08133561643835617,0.4339739690767088
gex_fade,240,5,IS,777,0.3326198630136986,0.47876447876447875,-0.35263835263835264,0.0,-0.020076264423436463,0.4749034749034749,0.48,0.008730232189136267,-0.02123552123552125,2336.0,5.231981981981982,6.074002574002574,0.4700342465753425,-0.08133561643835617,-0.27130273619999645
pc_follow,240,5,IS,457,0.1956335616438356,0.4726477024070022,0.41466083150984684,0.0,-0.013268294784206516,0.4573304157549234,0.4925373134328358,0.002613455831659728,-0.027352297592997787,2336.0,5.309628008752735,4.965536105032823,0.4700342465753425,-0.08133561643835617,0.495996447948203
pc_fade,240,5,IS,457,0.1956335616438356,0.49452954048140046,-0.41466083150984684,0.0,0.013268294784206516,0.5164113785557987,0.5074626865671642,0.02449529390605798,-0.005470459518599535,2336.0,4.965536105032823,5.309628008752735,0.4700342465753425,-0.08133561643835617,-0.33332521507149065
putz_follow,240,5,IS,267,0.11429794520547945,0.550561797752809,0.47659176029962547,0.25,0.17327023935618546,0.5205992509363296,0.5598290598290598,0.08052755117746652,0.050561797752809,2336.0,4.428838951310861,3.808988764044944,0.4700342465753425,-0.08133561643835617,0.5579273767379817
putz_fade,240,5,IS,267,0.11429794520547945,0.41947565543071164,-0.47659176029962547,-0.25,-0.17327023935618546,0.449438202247191,0.44017094017094016,-0.05055859114463085,-0.08052434456928836,2336.0,3.808988764044944,4.428838951310861,0.4700342465753425,-0.08133561643835617,-0.3952561438612693
UNCOND_LONG,240,10,IS,2336,1.0,0.4918664383561644,0.10059931506849315,0.0,-0.0023475896344786356,0.480736301369863,0.47363796133567665,0.0,-0.008133561643835607,,,,,,
gex_follow,240,10,IS,777,0.3326198630136986,0.4877734877734878,0.08108108108108109,0.0,-0.061260748360427324,0.48906048906048905,0.5185185185185185,-0.004092950582676613,-0.01222651222651222,2336.0,8.254504504504505,7.539253539253539,0.4918664383561644,0.10059931506849315,-0.019518233987412065
gex_fade,240,10,IS,777,0.3326198630136986,0.4942084942084942,-0.08108108108108109,0.0,0.061260748360427324,0.4967824967824968,0.48148148148148145,0.0023420558523298274,-0.00579150579150578,2336.0,7.539253539253539,8.254504504504505,0.4918664383561644,0.10059931506849315,-0.18168039614957424
pc_follow,240,10,IS,457,0.1956335616438356,0.4638949671772429,0.4179431072210066,-0.25,-0.10035968895495544,0.4617067833698031,0.4854586129753915,-0.027971471178921514,-0.03610503282275712,2336.0,7.549781181619256,7.063457330415755,0.4918664383561644,0.10059931506849315,0.3173437921525134
pc_fade,240,10,IS,457,0.1956335616438356,0.5076586433260394,-0.4179431072210066,0.25,0.10035968895495544,0.5185995623632386,0.5145413870246085,0.01579220496987499,0.007658643326039383,2336.0,7.063457330415755,7.549781181619256,0.4918664383561644,0.10059931506849315,-0.5185424222894998
putz_follow,240,10,IS,267,0.11429794520547945,0.5730337078651685,1.3352059925093633,0.75,0.3140131939043352,0.5767790262172284,0.5680933852140078,0.0811672695090041,0.0730337078651685,2336.0,6.4588014981273405,4.964419475655431,0.4918664383561644,0.10059931506849315,1.2346066774408702
putz_fade,240,10,IS,267,0.11429794520547945,0.3970037453183521,-1.3352059925093633,-0.75,-0.3140131939043352,0.3970037453183521,0.43190661478599224,-0.0948626930378123,-0.10299625468164791,2336.0,4.964419475655431,6.4588014981273405,0.4918664383561644,0.10059931506849315,-1.4358053075778565
UNCOND_LONG,240,15,IS,2336,1.0,0.4982876712328767,-0.02632705479452055,0.0,0.014957644984905974,0.4931506849315068,0.47469458987783597,0.0,-0.0017123287671232945,,,,,,
gex_follow,240,15,IS,777,0.3326198630136986,0.49034749034749037,0.45366795366795365,0.0,-0.03470919755792565,0.4826254826254826,0.5117801047120419,-0.007940180885386339,-0.009652509652509633,2336.0,10.160231660231661,9.214607464607464,0.4982876712328767,-0.02632705479452055,0.4799950084624742
gex_fade,240,15,IS,777,0.3326198630136986,0.48906048906048905,-0.45366795366795365,0.0,0.03470919755792565,0.4980694980694981,0.4882198952879581,-0.00922718217238766,-0.010939510939510955,2336.0,9.214607464607464,10.160231660231661,0.4982876712328767,-0.02632705479452055,-0.4273408988734331
pc_follow,240,15,IS,457,0.1956335616438356,0.4638949671772429,0.18654266958424506,-0.25,-0.11812593967196643,0.45295404814004375,0.48344370860927155,-0.03439270405563383,-0.03610503282275712,2336.0,9.23468271334792,8.660831509846828,0.4982876712328767,-0.02632705479452055,0.2128697243787656
pc_fade,240,15,IS,457,0.1956335616438356,0.5207877461706784,-0.18654266958424506,0.25,0.11812593967196643,0.5273522975929978,0.5165562913907285,0.02250007493780165,0.020787746170678356,2336.0,8.660831509846828,9.23468271334792,0.4982876712328767,-0.02632705479452055,-0.16021561478972451
putz_follow,240,15,IS,267,0.11429794520547945,0.5580524344569289,1.0411985018726593,0.5,0.1818445963653809,0.5617977528089888,0.5632183908045977,0.059764763224052164,0.05805243445692887,2336.0,7.855805243445693,6.383895131086143,0.4982876712328767,-0.02632705479452055,1.0675255566671797
putz_fade,240,15,IS,267,0.11429794520547945,0.4232209737827715,-1.0411985018726593,-0.5,-0.1818445963653809,0.4307116104868914,0.4367816091954023,-0.07506669745010519,-0.07677902621722849,2336.0,6.383895131086143,7.855805243445693,0.4982876712328767,-0.02632705479452055,-1.0148714470781388
UNCOND_LONG,240,30,IS,2336,1.0,0.5021404109589042,-0.4112799657534247,0.25,0.004329149507893803,0.495291095890411,0.47614840989399293,0.0,0.0021404109589041598,,,,,,
gex_follow,240,30,IS,777,0.3326198630136986,0.48133848133848134,0.37934362934362936,-0.25,-0.23136016424728445,0.4864864864864865,0.5099601593625498,-0.02080192962042282,-0.01866151866151866,2336.0,14.19015444015444,13.534105534105533,0.5021404109589042,-0.4112799657534247,0.790623595097054
gex_fade,240,30,IS,777,0.3326198630136986,0.5070785070785071,-0.37934362934362936,0.25,0.23136016424728445,0.5122265122265123,0.4900398406374502,0.004938096119602942,0.007078507078507101,2336.0,13.534105534105533,14.19015444015444,0.5021404109589042,-0.4112799657534247,0.03193633640979532
pc_follow,240,30,IS,457,0.1956335616438356,0.48577680525164113,0.8287746170678337,-0.25,-0.22154658836056124,0.4551422319474836,0.48558758314855877,-0.01636360570726303,-0.01422319474835887,2336.0,12.818927789934355,12.820021881838075,0.5021404109589042,-0.4112799657534247,1.2400545828212584
pc_fade,240,30,IS,457,0.1956335616438356,0.5010940919037199,-0.8287746170678337,0.25,0.22154658836056124,0.5404814004376368,0.5144124168514412,-0.0010463190551842638,0.001094091903719896,2336.0,12.820021881838075,12.818927789934355,0.5021404109589042,-0.4112799657534247,-0.41749465131440905
putz_follow,240,30,IS,267,0.11429794520547945,0.5243445692883895,1.655430711610487,0.75,0.39615642839792914,0.5655430711610487,0.5653846153846154,0.022204158329485302,0.02434456928838946,2336.0,11.065543071161049,9.125468164794007,0.5021404109589042,-0.4112799657534247,2.0667106773639117
putz_fade,240,30,IS,267,0.11429794520547945,0.45692883895131087,-1.655430711610487,-0.75,-0.39615642839792914,0.4232209737827715,0.4346153846153846,-0.04521157200759329,-0.04307116104868913,2336.0,9.125468164794007,11.065543071161049,0.5021404109589042,-0.4112799657534247,-1.2441507458570622
UNCOND_LONG,240,45,IS,2336,1.0,0.523972602739726,-0.2009845890410959,0.75,0.1487273330731979,0.495291095890411,0.47701918786256137,0.0,0.023972602739726012,,,,,,
gex_follow,240,45,IS,777,0.3326198630136986,0.4967824967824968,0.11293436293436293,0.0,-0.33666111713949853,0.4774774774774775,0.5067204301075269,-0.027190105957229205,-0.0032175032175031926,2336.0,18.382882882882882,17.62033462033462,0.523972602739726,-0.2009845890410959,0.3139189519754588
gex_fade,240,45,IS,777,0.3326198630136986,0.4980694980694981,-0.11293436293436293,0.0,0.33666111713949853,0.51994851994852,0.4932795698924731,-0.02590310467022794,-0.0019305019305019266,2336.0,17.62033462033462,18.382882882882882,0.523972602739726,-0.2009845890410959,0.08805022610673297
pc_follow,240,45,IS,457,0.1956335616438356,0.5229759299781181,1.774617067833698,0.75,-0.13153603243811596,0.4726477024070022,0.48314606741573035,-0.0009966727616078641,0.022975929978118148,2336.0,17.015317286652078,16.329868708971553,0.523972602739726,-0.2009845890410959,1.975601656874794
pc_fade,240,45,IS,457,0.1956335616438356,0.4660831509846827,-1.774617067833698,-0.75,0.13153603243811596,0.5273522975929978,0.5168539325842697,-0.057889451755043286,-0.033916849015317274,2336.0,16.329868708971553,17.015317286652078,0.523972602739726,-0.2009845890410959,-1.5736324787926022
putz_follow,240,45,IS,267,0.11429794520547945,0.5280898876404494,1.450374531835206,0.75,0.3029174819617541,0.5655430711610487,0.562015503875969,0.004117284900723384,0.028089887640449396,2336.0,13.834269662921349,12.126404494382022,0.523972602739726,-0.2009845890410959,1.6513591208763019
putz_fade,240,45,IS,267,0.11429794520547945,0.4606741573033708,-1.450374531835206,-0.75,-0.3029174819617541,0.4344569288389513,0.437984496124031,-0.06329844543635521,-0.0393258426966292,2336.0,12.126404494382022,13.834269662921349,0.523972602739726,-0.2009845890410959,-1.24938994279411
UNCOND_LONG,240,60,IS,2336,1.0,0.5393835616438356,0.17904537671232876,1.0,0.2398220993044689,0.4922945205479452,0.4779874213836478,0.0,0.03938356164383561,,,,,,
gex_follow,240,60,IS,777,0.3326198630136986,0.49034749034749037,0.21267696267696268,-0.25,-0.27859920152820006,0.47619047619047616,0.5054054054054054,-0.04903607129634524,-0.009652509652509633,2336.0,21.34942084942085,20.283462033462033,0.5393835616438356,0.17904537671232876,0.03363158596463392
gex_fade,240,60,IS,777,0.3326198630136986,0.5070785070785071,-0.21267696267696268,0.25,0.27859920152820006,0.5212355212355212,0.4945945945945946,-0.032305054565328506,0.007078507078507101,2336.0,20.283462033462033,21.34942084942085,0.5393835616438356,0.17904537671232876,-0.39172233938929146
pc_follow,240,60,IS,457,0.1956335616438356,0.5339168490153173,1.2800875273522976,1.0,-0.08101009753510202,0.4814004376367615,0.48299319727891155,-0.005466712628518278,0.03391684901531733,2336.0,19.570021881838073,18.655908096280086,0.5393835616438356,0.17904537671232876,1.1010421506399688
pc_fade,240,60,IS,457,0.1956335616438356,0.4660831509846827,-1.2800875273522976,-1.0,0.08101009753510202,0.5164113785557987,0.5170068027210885,-0.07330041065915288,-0.033916849015317274,2336.0,18.655908096280086,19.570021881838073,0.5393835616438356,0.17904537671232876,-1.4591329040646264
putz_follow,240,60,IS,267,0.11429794520547945,0.4943820224719101,0.5168539325842697,0.0,0.18730839075116154,0.5131086142322098,0.5603112840466926,-0.04500153917192551,-0.005617977528089901,2336.0,15.5,14.345505617977528,0.5393835616438356,0.17904537671232876,0.3378085558719409
putz_fade,240,60,IS,267,0.11429794520547945,0.49812734082397003,-0.5168539325842697,0.0,-0.18730839075116154,0.4756554307116105,0.4396887159533074,-0.041256220819865574,-0.0018726591760299671,2336.0,14.345505617977528,15.5,0.5393835616438356,0.17904537671232876,-0.6958993092965985
UNCOND_LONG,240,5,Validation,747,1.0,0.5234270414993306,-0.5020080321285141,0.75,-0.05249813668650442,0.4939759036144578,0.4896988906497623,0.0,0.023427041499330614,,,,,,
gex_follow,240,5,Validation,631,0.8447121820615796,0.5055467511885895,0.4215530903328051,0.25,0.07607626777175817,0.5324881141045958,0.5075757575757576,-0.01788029031074112,0.005546751188589494,747.0,10.93581616481775,10.518621236133121,0.5234270414993306,-0.5020080321285141,0.9235611224613192
gex_fade,240,5,Validation,631,0.8447121820615796,0.4849445324881141,-0.4215530903328051,-0.25,-0.07607626777175817,0.4611727416798732,0.49242424242424243,-0.038482509011216526,-0.015055467511885912,747.0,10.518621236133121,10.93581616481775,0.5234270414993306,-0.5020080321285141,0.080454941795709
pc_follow,240,5,Validation,174,0.23293172690763053,0.5344827586206896,-0.33477011494252873,1.125,0.04332372793857898,0.5057471264367817,0.46835443037974683,0.011055717121358999,0.03448275862068961,747.0,12.693965517241379,13.458333333333334,0.5234270414993306,-0.5020080321285141,0.16723791718598535
pc_fade,240,5,Validation,174,0.23293172690763053,0.46551724137931033,0.33477011494252873,-1.125,-0.04332372793857898,0.4942528735632184,0.5316455696202531,-0.05790980012002028,-0.03448275862068967,747.0,13.458333333333334,12.693965517241379,0.5234270414993306,-0.5020080321285141,0.8367781470710428
putz_follow,240,5,Validation,80,0.107095046854083,0.5125,-0.375,0.625,0.0014380033738589314,0.5,0.47619047619047616,-0.010927041499330659,0.012499999999999956,747.0,10.3125,11.140625,0.5234270414993306,-0.5020080321285141,0.12700803212851408
putz_fade,240,5,Validation,80,0.107095046854083,0.4625,0.375,-0.625,-0.0014380033738589314,0.475,0.5238095238095238,-0.06092704149933059,-0.03749999999999998,747.0,11.140625,10.3125,0.5234270414993306,-0.5020080321285141,0.8770080321285141
UNCOND_LONG,240,10,Validation,747,1.0,0.5261044176706827,0.44912985274431055,0.75,0.08222363826954093,0.5073627844712182,0.4916897506925208,0.0,0.026104417670682722,,,,,,
gex_follow,240,10,Validation,631,0.8447121820615796,0.5198098256735341,-0.06576862123613313,0.75,0.04097498162382659,0.5166402535657686,0.5221674876847291,-0.0062945919971486575,0.019809825673534065,747.0,15.261093502377179,14.956814580031695,0.5261044176706827,0.44912985274431055,-0.5148984739804436
gex_fade,240,10,Validation,631,0.8447121820615796,0.4706814580031696,0.06576862123613313,-0.75,-0.04097498162382659,0.48177496038034867,0.47783251231527096,-0.05542295966751315,-0.029318541996830427,747.0,14.956814580031695,15.261093502377179,0.5261044176706827,0.44912985274431055,-0.3833612315081774
pc_follow,240,10,Validation,174,0.23293172690763053,0.5172413793103449,-1.1436781609195403,0.375,-0.02018430064637026,0.47701149425287354,0.5,-0.00886303836033786,0.017241379310344862,747.0,17.426724137931036,18.689655172413794,0.5261044176706827,0.44912985274431055,-1.592808013663851
pc_fade,240,10,Validation,174,0.23293172690763053,0.47126436781609193,1.1436781609195403,-0.375,0.02018430064637026,0.5229885057471264,0.5,-0.05484004985459079,-0.028735632183908066,747.0,18.689655172413794,17.426724137931036,0.5261044176706827,0.44912985274431055,0.6945483081752297
putz_follow,240,10,Validation,80,0.107095046854083,0.5625,2.01875,3.375,0.27668417484952845,0.575,0.48717948717948717,0.03639558232931728,0.0625,747.0,15.434375,14.6,0.5261044176706827,0.44912985274431055,1.5696201472556892
putz_fade,240,10,Validation,80,0.107095046854083,0.4375,-2.01875,-3.375,-0.27668417484952845,0.425,0.5128205128205128,-0.08860441767068272,-0.0625,747.0,14.6,15.434375,0.5261044176706827,0.44912985274431055,-2.46787985274431
UNCOND_LONG,240,15,Validation,747,1.0,0.500669344042838,-0.15629183400267738,0.25,0.009671584887161428,0.5020080321285141,0.49591280653950953,0.0,0.0006693440428380271,,,,,,
gex_follow,240,15,Validation,631,0.8447121820615796,0.5309033280507132,-0.24762282091917592,1.25,-0.0089525005141625,0.5166402535657686,0.5218093699515347,0.030233984007875137,0.030903328050713164,747.0,18.484548335974644,18.160459587955625,0.500669344042838,-0.15629183400267738,-0.09133098691649855
gex_fade,240,15,Validation,631,0.8447121820615796,0.4611727416798732,0.24762282091917592,-1.25,0.0089525005141625,0.48019017432646594,0.4781906300484653,-0.03949660236296482,-0.03882725832012679,747.0,18.160459587955625,18.484548335974644,0.500669344042838,-0.15629183400267738,0.4039146549218533
pc_follow,240,15,Validation,174,0.23293172690763053,0.5517241379310345,-0.8362068965517241,3.0,-0.02648971347048436,0.46551724137931033,0.5,0.05105479388819645,0.051724137931034475,747.0,21.104885057471265,22.176724137931036,0.500669344042838,-0.15629183400267738,-0.6799150625490467
pc_fade,240,15,Validation,174,0.23293172690763053,0.4482758620689655,0.8362068965517241,-3.0,0.02648971347048436,0.5344827586206896,0.5,-0.0523934819738725,-0.051724137931034475,747.0,22.176724137931036,21.104885057471265,0.500669344042838,-0.15629183400267738,0.9924987305544015
putz_follow,240,15,Validation,80,0.107095046854083,0.5,2.646875,0.5,0.3456436176024507,0.55,0.4936708860759494,-0.0006693440428380271,0.0,747.0,18.225,16.490625,0.500669344042838,-0.15629183400267738,2.8031668340026776
putz_fade,240,15,Validation,80,0.107095046854083,0.4875,-2.646875,-0.5,-0.3456436176024507,0.45,0.5063291139240507,-0.013169344042838038,-0.012500000000000011,747.0,16.490625,18.225,0.500669344042838,-0.15629183400267738,-2.4905831659973225
UNCOND_LONG,240,30,Validation,747,1.0,0.5046854082998661,0.6750334672021419,0.5,0.12164287853567926,0.48460508701472554,0.49379310344827587,0.0,0.004685408299866078,,,,,,
gex_follow,240,30,Validation,631,0.8447121820615796,0.49920760697305866,-0.6010301109350238,0.0,-0.05478862950486068,0.5118858954041204,0.5236541598694943,-0.005477801326807419,-0.0007923930269413404,747.0,26.68740095087163,27.509112519809825,0.5046854082998661,0.6750334672021419,-1.2760635781371656
gex_fade,240,30,Validation,631,0.8447121820615796,0.49445324881141045,0.6010301109350238,0.0,0.05478862950486068,0.4849445324881141,0.4763458401305057,-0.010232159488455628,-0.005546751188589549,747.0,27.509112519809825,26.68740095087163,0.5046854082998661,0.6750334672021419,-0.07400335626711807
pc_follow,240,30,Validation,174,0.23293172690763053,0.47701149425287354,-0.5747126436781609,-0.75,-0.015433295715775088,0.4540229885057471,0.5029585798816568,-0.027673914046992543,-0.022988505747126464,747.0,31.320402298850574,34.28735632183908,0.5046854082998661,0.6750334672021419,-1.2497461108803027
pc_fade,240,30,Validation,174,0.23293172690763053,0.5114942528735632,0.5747126436781609,0.75,0.015433295715775088,0.5344827586206896,0.4970414201183432,0.006808844573697126,0.011494252873563204,747.0,34.28735632183908,31.320402298850574,0.5046854082998661,0.6750334672021419,-0.10032082352398097
putz_follow,240,30,Validation,80,0.107095046854083,0.45,0.6375,-2.125,0.19654538016951745,0.4375,0.5,-0.05468540829986607,-0.04999999999999999,747.0,25.69375,25.346875,0.5046854082998661,0.6750334672021419,-0.0375334672021419
putz_fade,240,30,Validation,80,0.107095046854083,0.5125,-0.6375,2.125,-0.19654538016951745,0.5625,0.5,0.007814591700133877,0.012499999999999956,747.0,25.346875,25.69375,0.5046854082998661,0.6750334672021419,-1.3125334672021418
UNCOND_LONG,240,45,Validation,747,1.0,0.49531459170013387,-1.8172690763052208,-0.5,-0.12834362267263685,0.46987951807228917,0.49159663865546216,0.0,-0.004685408299866134,,,,,,
gex_follow,240,45,Validation,631,0.8447121820615796,0.5039619651347068,0.3252773375594295,0.5,-0.04174868399971971,0.5198098256735341,0.5215231788079471,0.008647373434572947,0.003961965134706813,747.0,34.426703645007926,35.14500792393027,0.49531459170013387,-1.8172690763052208,2.1425464138646504
gex_fade,240,45,Validation,631,0.8447121820615796,0.4960380348652932,-0.3252773375594295,-0.5,0.04174868399971971,0.4786053882725832,0.478476821192053,0.0007234431651593209,-0.003961965134706813,747.0,35.14500792393027,34.426703645007926,0.49531459170013387,-1.8172690763052208,1.4919917387457913
pc_follow,240,45,Validation,174,0.23293172690763053,0.5057471264367817,4.829022988505747,0.875,0.3111687436508777,0.47126436781609193,0.5059523809523809,0.010432534736647792,0.005747126436781658,747.0,43.008620689655174,42.27442528735632,0.49531459170013387,-1.8172690763052208,6.646292064810968
pc_fade,240,45,Validation,174,0.23293172690763053,0.4942528735632184,-4.829022988505747,-0.875,-0.3111687436508777,0.5229885057471264,0.49404761904761907,-0.0010617181369154682,-0.005747126436781602,747.0,42.27442528735632,43.008620689655174,0.49531459170013387,-1.8172690763052208,-3.011753912200526
putz_follow,240,45,Validation,80,0.107095046854083,0.55,5.503125,1.875,0.4841388246538202,0.4625,0.5066666666666667,0.05468540829986618,0.050000000000000044,747.0,33.24375,29.534375,0.49531459170013387,-1.8172690763052208,7.32039407630522
putz_fade,240,45,Validation,80,0.107095046854083,0.45,-5.503125,-1.875,-0.4841388246538202,0.5375,0.49333333333333335,-0.045314591700133855,-0.04999999999999999,747.0,29.534375,33.24375,0.49531459170013387,-1.8172690763052208,-3.685855923694779
UNCOND_LONG,240,60,Validation,747,1.0,0.5261044176706827,-0.9153279785809906,1.75,-0.08264735457852863,0.4819277108433735,0.4901685393258427,0.0,0.026104417670682722,,,,,,
gex_follow,240,60,Validation,631,0.8447121820615796,0.5039619651347068,-1.338351822503962,0.25,-0.2473561786441731,0.5198098256735341,0.5232558139534884,-0.02214245253597591,0.003961965134706813,747.0,38.664025356576865,40.50792393026941,0.5261044176706827,-0.9153279785809906,-0.4230238439229713
gex_fade,240,60,Validation,631,0.8447121820615796,0.49445324881141045,1.338351822503962,-0.25,0.2473561786441731,0.47702060221870046,0.47674418604651164,-0.03165116885927227,-0.005546751188589549,747.0,40.50792393026941,38.664025356576865,0.5261044176706827,-0.9153279785809906,2.2536798010849526
pc_follow,240,60,Validation,174,0.23293172690763053,0.4885057471264368,1.7772988505747127,-0.25,0.10471597215383922,0.5,0.5059523809523809,-0.03759867054424593,-0.011494252873563204,747.0,47.935344827586206,48.172413793103445,0.5261044176706827,-0.9153279785809906,2.6926268291557034
pc_fade,240,60,Validation,174,0.23293172690763053,0.5114942528735632,-1.7772988505747127,0.25,-0.10471597215383922,0.5,0.49404761904761907,-0.014610164797119518,0.011494252873563204,747.0,48.172413793103445,47.935344827586206,0.5261044176706827,-0.9153279785809906,-0.8619708719937221
putz_follow,240,60,Validation,80,0.107095046854083,0.525,5.621875,3.625,0.43141663241802536,0.45,0.5,-0.0011044176706827002,0.025000000000000022,747.0,37.696875,35.01875,0.5261044176706827,-0.9153279785809906,6.537202978580991
putz_fade,240,60,Validation,80,0.107095046854083,0.4625,-5.621875,-3.625,-0.43141663241802536,0.55,0.5,-0.0636044176706827,-0.03749999999999998,747.0,35.01875,37.696875,0.5261044176706827,-0.9153279785809906,-4.706547021419009
UNCOND_LONG,240,5,OOS,397,1.0,0.48866498740554154,1.7298488664987406,-0.25,0.014580898396173882,0.49622166246851385,0.5148809523809523,0.0,-0.01133501259445846,,,,,,
gex_follow,240,5,OOS,372,0.9370277078085643,0.4946236559139785,-1.8091397849462365,0.0,-0.05010337544177516,0.5188172043010753,0.5254777070063694,0.0059586685084369595,-0.005376344086021501,397.0,15.339381720430108,16.711021505376344,0.48866498740554154,1.7298488664987406,-3.538988651444977
gex_fade,240,5,OOS,372,0.9370277078085643,0.4946236559139785,1.8091397849462365,0.0,0.05010337544177516,0.4731182795698925,0.4745222929936306,0.0059586685084369595,-0.005376344086021501,397.0,16.711021505376344,15.339381720430108,0.48866498740554154,1.7298488664987406,0.07929091844749592
UNCOND_LONG,240,10,OOS,397,1.0,0.5214105793450882,2.256926952141058,1.0,0.06258762015887111,0.5113350125944585,0.5303430079155673,0.0,0.021410579345088165,,,,,,
gex_follow,240,10,OOS,372,0.9370277078085643,0.49731182795698925,-2.4213709677419355,0.0,-0.09547223304411072,0.5080645161290323,0.5126760563380282,-0.024098751388098916,-0.0026881720430107503,397.0,20.936155913978496,24.109543010752688,0.5214105793450882,2.256926952141058,-4.6782979198829935
gex_fade,240,10,OOS,372,0.9370277078085643,0.49731182795698925,2.4213709677419355,0.0,0.09547223304411072,0.489247311827957,0.48732394366197185,-0.024098751388098916,-0.0026881720430107503,397.0,24.109543010752688,20.936155913978496,0.5214105793450882,2.256926952141058,0.1644440156008775
UNCOND_LONG,240,15,OOS,397,1.0,0.5113350125944585,1.6007556675062973,0.5,0.00840975115996946,0.5012594458438288,0.5335051546391752,0.0,0.01133501259445846,,,,,,
gex_follow,240,15,OOS,372,0.9370277078085643,0.489247311827957,-2.516801075268817,-0.375,-0.14086858287634013,0.489247311827957,0.5082417582417582,-0.02208770076650146,-0.010752688172043001,397.0,25.15793010752688,29.284274193548388,0.5113350125944585,1.6007556675062973,-4.117556742775115
gex_fade,240,15,OOS,372,0.9370277078085643,0.5053763440860215,2.516801075268817,0.375,0.14086858287634013,0.5080645161290323,0.49175824175824173,-0.0059586685084369595,0.005376344086021501,397.0,29.284274193548388,25.15793010752688,0.5113350125944585,1.6007556675062973,0.9160454077625197
UNCOND_LONG,240,30,OOS,397,1.0,0.5113350125944585,4.76448362720403,1.25,0.0828701619179631,0.5062972292191436,0.535064935064935,0.0,0.01133501259445846,,,,,,
gex_follow,240,30,OOS,372,0.9370277078085643,0.489247311827957,-5.50739247311828,-0.875,-0.14290188215859226,0.48655913978494625,0.5069252077562327,-0.02208770076650146,-0.010752688172043001,397.0,35.586021505376344,40.42204301075269,0.5113350125944585,4.76448362720403,-10.27187610032231
gex_fade,240,30,OOS,372,0.9370277078085643,0.5080645161290323,5.50739247311828,0.875,0.14290188215859226,0.510752688172043,0.4930747922437673,-0.003270496465426209,0.008064516129032251,397.0,40.42204301075269,35.586021505376344,0.5113350125944585,4.76448362720403,0.7429088459142497
UNCOND_LONG,240,45,OOS,397,1.0,0.5289672544080605,3.2575566750629723,3.25,-0.0040967693689255725,0.491183879093199,0.5326370757180157,0.0,0.028967254408060472,,,,,,
gex_follow,240,45,OOS,372,0.9370277078085643,0.47580645161290325,-5.024865591397849,-2.75,-0.20055009317332242,0.489247311827957,0.5041782729805014,-0.053160802795157225,-0.024193548387096753,397.0,42.799731182795696,48.32728494623656,0.5289672544080605,3.2575566750629723,-8.282422266460822
gex_fade,240,45,OOS,372,0.9370277078085643,0.5241935483870968,5.024865591397849,2.75,0.20055009317332242,0.5080645161290323,0.4958217270194986,-0.004773706020963719,0.024193548387096753,397.0,48.32728494623656,42.799731182795696,0.5289672544080605,3.2575566750629723,1.7673089163348767
UNCOND_LONG,240,60,OOS,397,1.0,0.5440806045340051,4.678211586901763,7.25,-0.02095927252220704,0.4987405541561713,0.5340314136125655,0.0,0.044080604534005086,,,,,,
gex_follow,240,60,OOS,372,0.9370277078085643,0.48118279569892475,-6.301075268817204,-1.75,-0.23170893050380648,0.4838709677419355,0.5027932960893855,-0.06289780883508034,-0.018817204301075252,397.0,47.81989247311828,55.80174731182796,0.5440806045340051,4.678211586901763,-10.979286855718968
gex_fade,240,60,OOS,372,0.9370277078085643,0.5161290322580645,6.301075268817204,1.75,0.23170893050380648,0.5134408602150538,0.4972067039106145,-0.027951572275940584,0.016129032258064502,397.0,55.80174731182796,47.81989247311828,0.5440806045340051,4.678211586901763,1.6228636819154412
UNCOND_LONG,255,5,IS,2336,1.0,0.4944349315068493,-0.037778253424657536,0.0,-0.004320545241997625,0.4875856164383562,0.5027541311967952,0.0,-0.005565068493150693,,,,,,
gex_follow,255,5,IS,777,0.3326198630136986,0.47619047619047616,0.11808236808236808,0.0,0.019041446440958072,0.4942084942084942,0.5015479876160991,-0.018244455316373143,-0.023809523809523836,2336.0,5.453024453024453,5.498069498069498,0.4944349315068493,-0.037778253424657536,0.15586062150702562
gex_fade,255,5,IS,777,0.3326198630136986,0.49034749034749037,-0.11808236808236808,0.0,-0.019041446440958072,0.4800514800514801,0.4984520123839009,-0.00408744115935894,-0.009652509652509633,2336.0,5.498069498069498,5.453024453024453,0.4944349315068493,-0.037778253424657536,-0.08030411465771053
pc_follow,255,5,IS,457,0.1956335616438356,0.4682713347921225,-0.012035010940919038,-0.25,-0.06651022875740736,0.4660831509846827,0.48586118251928023,-0.02616359671472679,-0.03172866520787748,2336.0,5.017505470459518,5.417396061269146,0.4944349315068493,-0.037778253424657536,0.0257432424837385
pc_fade,255,5,IS,457,0.1956335616438356,0.5010940919037199,0.012035010940919038,0.25,0.06651022875740736,0.5076586433260394,0.5141388174807198,0.006659160396870589,0.001094091903719896,2336.0,5.417396061269146,5.017505470459518,0.4944349315068493,-0.037778253424657536,0.04981326436557657
putz_follow,255,5,IS,267,0.11429794520547945,0.5243445692883895,0.4934456928838951,0.25,0.10828057560412373,0.50187265917603,0.5064935064935064,0.029909637781540155,0.02434456928838946,2336.0,4.320224719101123,4.02621722846442,0.4944349315068493,-0.037778253424657536,0.5312239463085526
putz_fade,255,5,IS,267,0.11429794520547945,0.44569288389513106,-0.4934456928838951,-0.25,-0.10828057560412373,0.47191011235955055,0.4935064935064935,-0.04874204761171824,-0.054307116104868935,2336.0,4.02621722846442,4.320224719101123,0.4944349315068493,-0.037778253424657536,-0.4556674394592376
UNCOND_LONG,255,10,IS,2336,1.0,0.4854452054794521,-0.21607448630136986,0.0,-0.020940789554761065,0.4888698630136986,0.4973142345568487,0.0,-0.01455479452054792,,,,,,
gex_follow,255,10,IS,777,0.3326198630136986,0.5135135135135135,0.323037323037323,0.25,-0.03784356265336622,0.49935649935649934,0.48721399730820997,0.028068308034061407,0.013513513513513487,2336.0,7.6444658944658945,7.626447876447877,0.4854452054794521,-0.21607448630136986,0.5391118093386928
gex_fade,255,10,IS,777,0.3326198630136986,0.4697554697554698,-0.323037323037323,-0.25,0.03784356265336622,0.4839124839124839,0.5127860026917901,-0.0156897357239823,-0.03024453024453022,2336.0,7.626447876447877,7.6444658944658945,0.4854452054794521,-0.21607448630136986,-0.10696283673595317
pc_follow,255,10,IS,457,0.1956335616438356,0.49452954048140046,0.19146608315098468,0.0,-0.14732154595401017,0.47702407002188185,0.48072562358276644,0.009084335001948385,-0.005470459518599535,2336.0,7.133479212253829,7.453501094091903,0.4854452054794521,-0.21607448630136986,0.4075405694523545
pc_fade,255,10,IS,457,0.1956335616438356,0.474835886214442,-0.19146608315098468,0.0,0.14732154595401017,0.5054704595185996,0.5192743764172335,-0.010609319265010075,-0.025164113785557995,2336.0,7.453501094091903,7.133479212253829,0.4854452054794521,-0.21607448630136986,0.024608403150385177
putz_follow,255,10,IS,267,0.11429794520547945,0.5205992509363296,0.2799625468164794,0.25,0.14867725888612188,0.5093632958801498,0.4980237154150198,0.03515404545687756,0.02059925093632964,2336.0,6.022471910112359,5.606741573033708,0.4854452054794521,-0.21607448630136986,0.4960370331178493
putz_fade,255,10,IS,267,0.11429794520547945,0.45318352059925093,-0.2799625468164794,-0.25,-0.14867725888612188,0.46441947565543074,0.5019762845849802,-0.03226168488020115,-0.04681647940074907,2336.0,5.606741573033708,6.022471910112359,0.4854452054794521,-0.21607448630136986,-0.06388806051510956
UNCOND_LONG,255,15,IS,2336,1.0,0.4965753424657534,-0.3897688356164384,0.0,-0.011299524752894783,0.4850171232876712,0.4977738201246661,0.0,-0.003424657534246589,,,,,,
gex_follow,255,15,IS,777,0.3326198630136986,0.4800514800514801,-0.07368082368082368,0.0,-0.19576985267559643,0.4954954954954955,0.48874172185430464,-0.016523862414273338,-0.019948519948519927,2336.0,9.677606177606178,9.9501287001287,0.4965753424657534,-0.3897688356164384,0.3160880119356147
gex_fade,255,15,IS,777,0.3326198630136986,0.4929214929214929,0.07368082368082368,0.0,0.19576985267559643,0.4877734877734878,0.5112582781456954,-0.0036538495442605123,-0.007078507078507101,2336.0,9.9501287001287,9.677606177606178,0.4965753424657534,-0.3897688356164384,0.46344965929726206
pc_follow,255,15,IS,457,0.1956335616438356,0.5054704595185996,0.6597374179431073,0.25,-0.10161388227907146,0.4989059080962801,0.4898876404494382,0.00889511705284618,0.005470459518599591,2336.0,8.988512035010942,9.321115973741794,0.4965753424657534,-0.3897688356164384,1.0495062535595456
pc_fade,255,15,IS,457,0.1956335616438356,0.47045951859956237,-0.6597374179431073,-0.25,0.10161388227907146,0.49452954048140046,0.5101123595505618,-0.026115823866191046,-0.029540481400437635,2336.0,9.321115973741794,8.988512035010942,0.4965753424657534,-0.3897688356164384,-0.26996858232666887
putz_follow,255,15,IS,267,0.11429794520547945,0.5243445692883895,0.6020599250936329,0.25,0.19063552379867954,0.5430711610486891,0.4980392156862745,0.02776922682263605,0.02434456928838946,2336.0,7.325842696629214,6.898876404494382,0.4965753424657534,-0.3897688356164384,0.9918287607100713
putz_fade,255,15,IS,267,0.11429794520547945,0.44569288389513106,-0.6020599250936329,-0.25,-0.19063552379867954,0.43820224719101125,0.5019607843137255,-0.050882458570622346,-0.054307116104868935,2336.0,6.898876404494382,7.325842696629214,0.4965753424657534,-0.3897688356164384,-0.21229108947719455
UNCOND_LONG,255,30,IS,2336,1.0,0.5235445205479452,-0.1794734589041096,0.5,0.13786127917654548,0.4897260273972603,0.49682971014492755,0.0,0.023544520547945202,,,,,,
gex_follow,255,30,IS,777,0.3326198630136986,0.4967824967824968,-0.3400900900900901,0.0,-0.322856523374961,0.4980694980694981,0.48921832884097033,-0.026762023765448395,-0.0032175032175031926,2336.0,14.972972972972974,14.966859716859718,0.5235445205479452,-0.1794734589041096,-0.16061663118598052
gex_fade,255,30,IS,777,0.3326198630136986,0.4954954954954955,0.3400900900900901,0.0,0.322856523374961,0.4954954954954955,0.5107816711590296,-0.028049025052449716,-0.004504504504504514,2336.0,14.966859716859718,14.972972972972974,0.5235445205479452,-0.1794734589041096,0.5195635489941997
pc_follow,255,30,IS,457,0.1956335616438356,0.5361050328227571,1.6055798687089715,0.75,-0.01363051575185111,0.5032822757111597,0.4908256880733945,0.012560512274811919,0.03610503282275712,2336.0,14.445842450765864,13.5109409190372,0.5235445205479452,-0.1794734589041096,1.785053327613081
pc_fade,255,30,IS,457,0.1956335616438356,0.45076586433260396,-1.6055798687089715,-0.75,0.01363051575185111,0.49015317286652077,0.5091743119266054,-0.07277865621534124,-0.04923413566739604,2336.0,13.5109409190372,14.445842450765864,0.5235445205479452,-0.1794734589041096,-1.426106409804862
putz_follow,255,30,IS,267,0.11429794520547945,0.5168539325842697,0.3970037453183521,0.25,0.11148041131438459,0.50187265917603,0.49206349206349204,-0.006690587963675498,0.016853932584269704,2336.0,10.787453183520599,10.51685393258427,0.5235445205479452,-0.1794734589041096,0.5764772042224617
putz_fade,255,30,IS,267,0.11429794520547945,0.4606741573033708,-0.3970037453183521,-0.25,-0.11148041131438459,0.49063670411985016,0.5079365079365079,-0.0628703632445744,-0.0393258426966292,2336.0,10.51685393258427,10.787453183520599,0.5235445205479452,-0.1794734589041096,-0.2175302864142425
UNCOND_LONG,255,45,IS,2336,1.0,0.5393835616438356,0.20055650684931506,0.75,0.22421758647233192,0.4957191780821918,0.49568378009995456,0.0,0.03938356164383561,,,,,,
gex_follow,255,45,IS,777,0.3326198630136986,0.4877734877734878,-0.24034749034749034,-0.25,-0.27293871936690256,0.47361647361647363,0.48783783783783785,-0.05161007387034783,-0.01222651222651222,2336.0,18.35907335907336,18.162483912483914,0.5393835616438356,0.20055650684931506,-0.4409039971968054
gex_fade,255,45,IS,777,0.3326198630136986,0.5006435006435006,0.24034749034749034,0.25,0.27293871936690256,0.5160875160875161,0.5121621621621621,-0.038740061000335,0.0006435006435006052,2336.0,18.162483912483914,18.35907335907336,0.5393835616438356,0.20055650684931506,0.03979098349817528
pc_follow,255,45,IS,457,0.1956335616438356,0.5295404814004376,1.1110503282275712,1.0,0.012039578144185884,0.5098468271334792,0.4896551724137931,-0.009843080243397972,0.029540481400437635,2336.0,17.323851203501093,16.35010940919037,0.5393835616438356,0.20055650684931506,0.9104938213782562
pc_fade,255,45,IS,457,0.1956335616438356,0.4551422319474836,-1.1110503282275712,-1.0,-0.012039578144185884,0.48577680525164113,0.5103448275862069,-0.08424132969635201,-0.0448577680525164,2336.0,16.35010940919037,17.323851203501093,0.5393835616438356,0.20055650684931506,-1.3116068350768864
putz_follow,255,45,IS,267,0.11429794520547945,0.4756554307116105,-0.5365168539325843,-0.25,-0.042957321244219054,0.49812734082397003,0.4900398406374502,-0.06372813093222512,-0.024344569288389517,2336.0,12.7687265917603,13.29868913857678,0.5393835616438356,0.20055650684931506,-0.7370733607818993
putz_fade,255,45,IS,267,0.11429794520547945,0.5093632958801498,0.5365168539325843,0.25,0.042957321244219054,0.4943820224719101,0.5099601593625498,-0.03002026576368577,0.009363295880149836,2336.0,13.29868913857678,12.7687265917603,0.5393835616438356,0.20055650684931506,0.3359603470832693
UNCOND_LONG,255,60,IS,2336,1.0,0.5483732876712328,0.3285530821917808,1.0,0.2800768343650455,0.5004280821917808,0.4947271893626777,0.0,0.048373287671232834,,,,,,
gex_follow,255,60,IS,777,0.3326198630136986,0.5070785070785071,-0.5434362934362934,0.25,-0.1576121649200668,0.4774774774774775,0.4877384196185286,-0.04129478059272573,0.007078507078507101,2336.0,20.888996138996138,20.916988416988417,0.5483732876712328,0.3285530821917808,-0.8719893756280742
gex_fade,255,60,IS,777,0.3326198630136986,0.49034749034749037,0.5434362934362934,-0.25,0.1576121649200668,0.5096525096525096,0.5122615803814714,-0.05802579732374247,-0.009652509652509633,2336.0,20.916988416988417,20.888996138996138,0.5483732876712328,0.3285530821917808,0.2148832112445126
pc_follow,255,60,IS,457,0.1956335616438356,0.5404814004376368,0.5678336980306345,1.25,0.18695992946955545,0.5010940919037199,0.4906976744186046,-0.007891887233596018,0.040481400437636816,2336.0,19.61433260393873,18.98304157549234,0.5483732876712328,0.3285530821917808,0.23928061583885374
pc_fade,255,60,IS,457,0.1956335616438356,0.45951859956236324,-0.5678336980306345,-1.25,-0.18695992946955545,0.49015317286652077,0.5093023255813953,-0.0888546881088696,-0.04048140043763676,2336.0,18.98304157549234,19.61433260393873,0.5483732876712328,0.3285530821917808,-0.8963867802224154
putz_follow,255,60,IS,267,0.11429794520547945,0.49812734082397003,0.13670411985018727,0.0,0.0617905893989643,0.4794007490636704,0.483739837398374,-0.0502459468472628,-0.0018726591760299671,2336.0,14.631086142322097,15.070224719101123,0.5483732876712328,0.3285530821917808,-0.19184896234159354
putz_fade,255,60,IS,267,0.11429794520547945,0.49812734082397003,-0.13670411985018727,0.0,-0.0617905893989643,0.5093632958801498,0.516260162601626,-0.0502459468472628,-0.0018726591760299671,2336.0,15.070224719101123,14.631086142322097,0.5483732876712328,0.3285530821917808,-0.4652572020419681
UNCOND_LONG,255,5,Validation,747,1.0,0.5220883534136547,0.8517402945113789,0.5,0.10253334594863071,0.4926372155287818,0.5023328149300156,0.0,0.02208835341365467,,,,,,
gex_follow,255,5,Validation,631,0.8447121820615796,0.49920760697305866,-0.29358161648177494,0.0,-0.02688968360009296,0.5055467511885895,0.4888888888888889,-0.02288074644059601,-0.0007923930269413404,747.0,10.433835182250396,10.78446909667195,0.5220883534136547,0.8517402945113789,-1.1453219109931538
gex_fade,255,5,Validation,631,0.8447121820615796,0.4865293185419968,0.29358161648177494,0.0,0.02688968360009296,0.48177496038034867,0.5111111111111111,-0.035559034871657846,-0.013470681458003175,747.0,10.78446909667195,10.433835182250396,0.5220883534136547,0.8517402945113789,-0.558158678029604
pc_follow,255,5,Validation,174,0.23293172690763053,0.4885057471264368,-1.4698275862068966,-0.125,-0.12055679194422941,0.47126436781609193,0.4533333333333333,-0.033582606287217875,-0.011494252873563204,747.0,12.373563218390805,14.416666666666666,0.5220883534136547,0.8517402945113789,-2.3215678807182756
pc_fade,255,5,Validation,174,0.23293172690763053,0.5,1.4698275862068966,0.125,0.12055679194422941,0.5114942528735632,0.5466666666666666,-0.02208835341365467,0.0,747.0,14.416666666666666,12.373563218390805,0.5220883534136547,0.8517402945113789,0.6180872916955177
putz_follow,255,5,Validation,80,0.107095046854083,0.4875,0.10625,-1.25,0.014865727375221094,0.4625,0.4931506849315068,-0.03458835341365468,-0.012500000000000011,747.0,11.16875,10.359375,0.5220883534136547,0.8517402945113789,-0.7454902945113789
putz_fade,255,5,Validation,80,0.107095046854083,0.5125,-0.10625,1.25,-0.014865727375221094,0.5375,0.5068493150684932,-0.009588353413654715,0.012499999999999956,747.0,10.359375,11.16875,0.5220883534136547,0.8517402945113789,-0.9579902945113788
UNCOND_LONG,255,10,Validation,747,1.0,0.535475234270415,0.8299866131191432,1.0,0.10244428026200775,0.5087014725568942,0.5191780821917809,0.0,0.03547523427041499,,,,,,
gex_follow,255,10,Validation,631,0.8447121820615796,0.5055467511885895,-0.16204437400950872,0.25,-0.022019837473906113,0.5245641838351822,0.4975609756097561,-0.029928483081825497,0.005546751188589494,747.0,14.323692551505546,14.74445324881141,0.535475234270415,0.8299866131191432,-0.9920309871286519
gex_fade,255,10,Validation,631,0.8447121820615796,0.4928684627575277,0.16204437400950872,-0.25,0.022019837473906113,0.47385103011093505,0.5024390243902439,-0.042606771512887276,-0.007131537242472286,747.0,14.74445324881141,14.323692551505546,0.535475234270415,0.8299866131191432,-0.6679422391096346
pc_follow,255,10,Validation,174,0.23293172690763053,0.47701149425287354,-0.37212643678160917,-0.875,-0.08111632648024349,0.5114942528735632,0.4642857142857143,-0.058463740017541455,-0.022988505747126464,747.0,17.237068965517242,19.070402298850574,0.535475234270415,0.8299866131191432,-1.2021130499007524
pc_fade,255,10,Validation,174,0.23293172690763053,0.5229885057471264,0.37212643678160917,0.875,0.08111632648024349,0.4885057471264368,0.5357142857142857,-0.012486728523288582,0.02298850574712641,747.0,19.070402298850574,17.237068965517242,0.535475234270415,0.8299866131191432,-0.45786017633753406
putz_follow,255,10,Validation,80,0.107095046854083,0.4375,-2.06875,-4.75,-0.1703714438866682,0.4625,0.4810126582278481,-0.09797523427041499,-0.0625,747.0,14.4375,15.35,0.535475234270415,0.8299866131191432,-2.8987366131191434
putz_fade,255,10,Validation,80,0.107095046854083,0.5625,2.06875,4.75,0.1703714438866682,0.5375,0.5189873417721519,0.02702476572958501,0.0625,747.0,15.35,14.4375,0.535475234270415,0.8299866131191432,1.2387633868808567
UNCOND_LONG,255,15,Validation,747,1.0,0.5167336010709505,0.8497322623828648,1.25,0.10449595422434713,0.5087014725568942,0.5152777777777777,0.0,0.016733601070950455,,,,,,
gex_follow,255,15,Validation,631,0.8447121820615796,0.4928684627575277,-0.384310618066561,-0.25,-0.03714033463426603,0.508716323296355,0.5008210180623974,-0.02386513831342274,-0.007131537242472286,747.0,18.996038034865293,19.770602218700475,0.5167336010709505,0.8497322623828648,-1.234042880449426
gex_fade,255,15,Validation,631,0.8447121820615796,0.5023771790808241,0.384310618066561,0.25,0.03714033463426603,0.4896988906497623,0.49917898193760263,-0.014356421990126322,0.002377179080824132,747.0,19.770602218700475,18.996038034865293,0.5167336010709505,0.8497322623828648,-0.4654216443163038
pc_follow,255,15,Validation,174,0.23293172690763053,0.46551724137931033,0.22126436781609196,-1.375,-0.0009451796260304398,0.47701149425287354,0.4666666666666667,-0.05121635969164012,-0.03448275862068967,747.0,22.563218390804597,24.7183908045977,0.5167336010709505,0.8497322623828648,-0.6284678945667729
pc_fade,255,15,Validation,174,0.23293172690763053,0.5287356321839081,-0.22126436781609196,1.375,0.0009451796260304398,0.5229885057471264,0.5333333333333333,0.012002031112957612,0.028735632183908066,747.0,24.7183908045977,22.563218390804597,0.5167336010709505,0.8497322623828648,-1.0709966301989569
putz_follow,255,15,Validation,80,0.107095046854083,0.4375,-2.115625,-5.25,-0.15330385045130496,0.4625,0.4805194805194805,-0.07923360107095045,-0.0625,747.0,17.065625,19.8625,0.5167336010709505,0.8497322623828648,-2.965357262382865
putz_fade,255,15,Validation,80,0.107095046854083,0.5625,2.115625,5.25,0.15330385045130496,0.5375,0.5194805194805194,0.045766398929049545,0.0625,747.0,19.8625,17.065625,0.5167336010709505,0.8497322623828648,1.2658927376171354
UNCOND_LONG,255,30,Validation,747,1.0,0.5220883534136547,-1.642570281124498,1.5,-0.14003702305793392,0.5087014725568942,0.5098591549295775,0.0,0.02208835341365467,,,,,,
gex_follow,255,30,Validation,631,0.8447121820615796,0.4960380348652932,0.5419968304278923,0.0,-0.022361822056002727,0.49445324881141045,0.4983388704318937,-0.026050318548361484,-0.003961965134706813,747.0,28.11648177496038,29.148969889064976,0.5220883534136547,-1.642570281124498,2.1845671115523904
gex_fade,255,30,Validation,631,0.8447121820615796,0.49920760697305866,-0.5419968304278923,0.0,0.022361822056002727,0.5055467511885895,0.5016611295681063,-0.02288074644059601,-0.0007923930269413404,747.0,29.148969889064976,28.11648177496038,0.5220883534136547,-1.642570281124498,1.1005734506966056
pc_follow,255,30,Validation,174,0.23293172690763053,0.4942528735632184,5.625,-0.125,0.35120461108903384,0.45977011494252873,0.4691358024691358,-0.027835479850436273,-0.005747126436781602,747.0,35.73994252873563,34.831896551724135,0.5220883534136547,-1.642570281124498,7.267570281124498
pc_fade,255,30,Validation,174,0.23293172690763053,0.5,-5.625,0.125,-0.35120461108903384,0.5402298850574713,0.5308641975308642,-0.02208835341365467,0.0,747.0,34.831896551724135,35.73994252873563,0.5220883534136547,-1.642570281124498,-3.982429718875502
putz_follow,255,30,Validation,80,0.107095046854083,0.5125,2.75,0.625,0.17505271603494532,0.4625,0.47368421052631576,-0.009588353413654715,0.012499999999999956,747.0,26.196875,26.1,0.5220883534136547,-1.642570281124498,4.392570281124498
putz_fade,255,30,Validation,80,0.107095046854083,0.4875,-2.75,-0.625,-0.17505271603494532,0.5375,0.5263157894736842,-0.03458835341365468,-0.012500000000000011,747.0,26.1,26.196875,0.5220883534136547,-1.642570281124498,-1.107429718875502
UNCOND_LONG,255,45,Validation,747,1.0,0.5247657295850067,-0.7406291834002677,2.25,-0.0874999736183316,0.5194109772423026,0.5078459343794579,0.0,0.02476572958500667,,,,,,
gex_follow,255,45,Validation,631,0.8447121820615796,0.508716323296355,-1.1216323296354993,1.0,-0.2175368068725485,0.4865293185419968,0.4957841483979764,-0.016049406288651702,0.008716323296354966,747.0,33.188589540412046,35.31537242472266,0.5247657295850067,-0.7406291834002677,-0.38100314623523157
gex_fade,255,45,Validation,631,0.8447121820615796,0.48811410459587956,1.1216323296354993,-1.0,0.2175368068725485,0.508716323296355,0.5042158516020236,-0.03665162498912711,-0.011885895404120439,747.0,35.31537242472266,33.188589540412046,0.5247657295850067,-0.7406291834002677,1.862261513035767
pc_follow,255,45,Validation,174,0.23293172690763053,0.4885057471264368,2.5732758620689653,-2.375,0.1232008908709805,0.4540229885057471,0.4620253164556962,-0.03625998245856987,-0.011494252873563204,747.0,41.94827586206897,42.10344827586207,0.5247657295850067,-0.7406291834002677,3.313905045469233
pc_fade,255,45,Validation,174,0.23293172690763053,0.5114942528735632,-2.5732758620689653,2.375,-0.1232008908709805,0.5459770114942529,0.5379746835443038,-0.013271476711443464,0.011494252873563204,747.0,42.10344827586207,41.94827586206897,0.5247657295850067,-0.7406291834002677,-1.8326466786686977
putz_follow,255,45,Validation,80,0.107095046854083,0.5125,2.86875,1.625,0.14637192027455218,0.475,0.48,-0.012265729585006713,0.012499999999999956,747.0,31.53125,32.221875,0.5247657295850067,-0.7406291834002677,3.6093791834002675
putz_fade,255,45,Validation,80,0.107095046854083,0.4625,-2.86875,-1.625,-0.14637192027455218,0.5125,0.52,-0.062265729585006646,-0.03749999999999998,747.0,32.221875,31.53125,0.5247657295850067,-0.7406291834002677,-2.1281208165997323
UNCOND_LONG,255,60,Validation,747,1.0,0.5394912985274432,1.6626506024096386,4.0,0.2523143528544043,0.5220883534136547,0.5071633237822349,0.0,0.03949129852744315,,,,,,
gex_follow,255,60,Validation,631,0.8447121820615796,0.5103011093502378,-1.6806656101426307,1.5,-0.3094442445037841,0.4896988906497623,0.49322033898305084,-0.029190189177205395,0.010301109350237758,747.0,38.870839936608554,41.46553090332805,0.5394912985274432,1.6626506024096386,-3.3433162125522693
gex_fade,255,60,Validation,631,0.8447121820615796,0.48811410459587956,1.6806656101426307,-1.5,0.3094442445037841,0.5103011093502378,0.5067796610169492,-0.05137719393156359,-0.011885895404120439,747.0,41.46553090332805,38.870839936608554,0.5394912985274432,1.6626506024096386,0.01801500773299214
pc_follow,255,60,Validation,174,0.23293172690763053,0.4942528735632184,-0.728448275862069,-0.75,-0.294094176416055,0.4425287356321839,0.4620253164556962,-0.045238424964224755,-0.005747126436781602,747.0,49.19396551724138,49.80890804597701,0.5394912985274432,1.6626506024096386,-2.3910988782717073
pc_fade,255,60,Validation,174,0.23293172690763053,0.5057471264367817,0.728448275862069,0.75,0.294094176416055,0.5574712643678161,0.5379746835443038,-0.033744172090661495,0.005747126436781658,747.0,49.80890804597701,49.19396551724138,0.5394912985274432,1.6626506024096386,-0.9342023265475696
putz_follow,255,60,Validation,80,0.107095046854083,0.575,4.546875,5.25,0.28638374053318055,0.45,0.47297297297297297,0.0355087014725568,0.07499999999999996,747.0,35.66875,35.1,0.5394912985274432,1.6626506024096386,2.884224397590361
putz_fade,255,60,Validation,80,0.107095046854083,0.425,-4.546875,-5.25,-0.28638374053318055,0.55,0.527027027027027,-0.11449129852744316,-0.07500000000000001,747.0,35.1,35.66875,0.5394912985274432,1.6626506024096386,-6.209525602409639
UNCOND_LONG,255,5,OOS,397,1.0,0.5617128463476071,1.2141057934508817,2.0,0.07160553119915873,0.5239294710327456,0.5151515151515151,0.0,0.0617128463476071,,,,,,
gex_follow,255,5,OOS,372,0.9370277078085643,0.47580645161290325,-0.9200268817204301,-0.75,-0.04346275281841085,0.48655913978494625,0.4630225080385852,-0.08590639473470385,-0.024193548387096753,397.0,14.73991935483871,15.669354838709678,0.5617128463476071,1.2141057934508817,-2.134132675171312
gex_fade,255,5,OOS,372,0.9370277078085643,0.521505376344086,0.9200268817204301,0.75,0.04346275281841085,0.5080645161290323,0.5369774919614148,-0.040207470003521095,0.021505376344086002,397.0,15.669354838709678,14.73991935483871,0.5617128463476071,1.2141057934508817,-0.29407891173045153
UNCOND_LONG,255,10,OOS,397,1.0,0.5062972292191436,1.2040302267002518,0.25,0.023911595386991207,0.5138539042821159,0.5254691689008043,0.0,0.006297229219143552,,,,,,
gex_follow,255,10,OOS,372,0.9370277078085643,0.5026881720430108,-1.2143817204301075,0.375,0.01596484342400336,0.47580645161290325,0.4584527220630373,-0.0036090571761328016,0.0026881720430107503,397.0,20.073252688172044,21.72043010752688,0.5062972292191436,1.2040302267002518,-2.4184119471303593
gex_fade,255,10,OOS,372,0.9370277078085643,0.4946236559139785,1.2143817204301075,-0.375,-0.01596484342400336,0.510752688172043,0.5415472779369628,-0.011673573305165053,-0.005376344086021501,397.0,21.72043010752688,20.073252688172044,0.5062972292191436,1.2040302267002518,0.010351493729855665
UNCOND_LONG,255,15,OOS,397,1.0,0.5062972292191436,3.1838790931989926,0.5,0.058728623023956504,0.48866498740554154,0.5248041775456919,0.0,0.006297229219143552,,,,,,
gex_follow,255,15,OOS,372,0.9370277078085643,0.4838709677419355,-2.96505376344086,-0.5,0.0003378288159973038,0.4946236559139785,0.46089385474860334,-0.022426261477208054,-0.016129032258064502,397.0,25.408602150537636,27.114919354838708,0.5062972292191436,3.1838790931989926,-6.148932856639853
gex_fade,255,15,OOS,372,0.9370277078085643,0.5080645161290323,2.96505376344086,0.5,-0.0003378288159973038,0.5026881720430108,0.5391061452513967,0.001767286909888699,0.008064516129032251,397.0,27.114919354838708,25.408602150537636,0.5062972292191436,3.1838790931989926,-0.21882532975813263
UNCOND_LONG,255,30,OOS,397,1.0,0.5440806045340051,1.6769521410579344,3.5,0.015607313836118903,0.5088161209068011,0.5251989389920424,0.0,0.044080604534005086,,,,,,
gex_follow,255,30,OOS,372,0.9370277078085643,0.5134408602150538,-2.48252688172043,1.125,-0.05728208778807645,0.5080645161290323,0.45454545454545453,-0.030639744318951334,0.013440860215053752,397.0,35.78629032258065,37.79502688172043,0.5440806045340051,1.6769521410579344,-4.159479022778364
gex_fade,255,30,OOS,372,0.9370277078085643,0.48655913978494625,2.48252688172043,-1.125,0.05728208778807645,0.49193548387096775,0.5454545454545454,-0.05752146474905884,-0.013440860215053752,397.0,37.79502688172043,35.78629032258065,0.5440806045340051,1.6769521410579344,0.8055747406624956
UNCOND_LONG,255,45,OOS,397,1.0,0.5239294710327456,3.097607052896725,2.75,0.005232127897779309,0.5037783375314862,0.5251989389920424,0.0,0.023929471032745564,,,,,,
gex_follow,255,45,OOS,372,0.9370277078085643,0.5026881720430108,-3.758736559139785,0.25,-0.08472702606664696,0.48655913978494625,0.45454545454545453,-0.021241298989734814,0.0026881720430107503,397.0,42.111559139784944,46.20564516129032,0.5239294710327456,3.097607052896725,-6.85634361203651
gex_fade,255,45,OOS,372,0.9370277078085643,0.489247311827957,3.758736559139785,-0.25,0.08472702606664696,0.510752688172043,0.5454545454545454,-0.034682159204788565,-0.010752688172043001,397.0,46.20564516129032,42.111559139784944,0.5239294710327456,3.097607052896725,0.6611295062430598
UNCOND_LONG,255,60,OOS,397,1.0,0.49622166246851385,1.029596977329975,-0.5,-0.1110213173205859,0.5188916876574308,0.523936170212766,0.0,-0.0037783375314861534,,,,,,
gex_follow,255,60,OOS,372,0.9370277078085643,0.5053763440860215,-2.8669354838709675,0.75,-0.1613853165933435,0.4838709677419355,0.452991452991453,0.009154681617507654,0.005376344086021501,397.0,47.688844086021504,52.221774193548384,0.49622166246851385,1.029596977329975,-3.8965324612009424
gex_fade,255,60,OOS,372,0.9370277078085643,0.4946236559139785,2.8669354838709675,-0.75,0.1613853165933435,0.5134408602150538,0.5470085470085471,-0.0015980065545353472,-0.005376344086021501,397.0,52.221774193548384,47.688844086021504,0.49622166246851385,1.029596977329975,1.8373385065409926
UNCOND_LONG,270,5,IS,2336,1.0,0.488013698630137,0.1972388698630137,0.0,0.06382866546317247,0.4914383561643836,0.49831487722676937,0.0,-0.011986301369863006,,,,,,
gex_follow,270,5,IS,777,0.3326198630136986,0.4980694980694981,0.1653796653796654,0.0,0.04688835837904244,0.5070785070785071,0.5102040816326531,0.01005579943936108,-0.0019305019305019266,2336.0,7.075933075933076,6.554054054054054,0.488013698630137,0.1972388698630137,-0.03185920448334831
gex_fade,270,5,IS,777,0.3326198630136986,0.47619047619047616,-0.1653796653796654,0.0,-0.04688835837904244,0.4800514800514801,0.4897959183673469,-0.01182322243966083,-0.023809523809523836,2336.0,6.554054054054054,7.075933075933076,0.488013698630137,0.1972388698630137,-0.36261853524267906
pc_follow,270,5,IS,457,0.1956335616438356,0.5054704595185996,1.0776805251641137,0.25,0.15844827833725064,0.5098468271334792,0.4987714987714988,0.017456760888462597,0.005470459518599591,2336.0,6.884026258205689,5.429431072210066,0.488013698630137,0.1972388698630137,0.8804416553011001
pc_fade,270,5,IS,457,0.1956335616438356,0.4617067833698031,-1.0776805251641137,-0.25,-0.15844827833725064,0.47045951859956237,0.5012285012285013,-0.026306915260333907,-0.03829321663019691,2336.0,5.429431072210066,6.884026258205689,0.488013698630137,0.1972388698630137,-1.2749193950271274
putz_follow,270,5,IS,267,0.11429794520547945,0.42696629213483145,-0.41198501872659177,-0.5,-0.15372023736993495,0.47191011235955055,0.49794238683127573,-0.061047406495305545,-0.07303370786516855,2336.0,4.373595505617978,4.951310861423221,0.488013698630137,0.1972388698630137,-0.6092238885896055
putz_fade,270,5,IS,267,0.11429794520547945,0.5393258426966292,0.41198501872659177,0.5,0.15372023736993495,0.49812734082397003,0.5020576131687243,0.051312144066492205,0.0393258426966292,2336.0,4.951310861423221,4.373595505617978,0.488013698630137,0.1972388698630137,0.21474614886357807
UNCOND_LONG,270,10,IS,2336,1.0,0.5154109589041096,0.16673801369863014,0.25,0.09351872258685465,0.5012842465753424,0.49774774774774777,0.0,0.015410958904109595,,,,,,
gex_follow,270,10,IS,777,0.3326198630136986,0.5238095238095238,0.20752895752895753,0.5,0.0323908567616635,0.5122265122265123,0.5157318741450069,0.00839856490541424,0.023809523809523836,2336.0,9.678249678249678,9.034427284427284,0.5154109589041096,0.16673801369863014,0.040790943830327386
gex_fade,270,10,IS,777,0.3326198630136986,0.4646074646074646,-0.20752895752895753,-0.5,-0.0323908567616635,0.4749034749034749,0.4842681258549932,-0.05080349429664499,-0.035392535392535396,2336.0,9.034427284427284,9.678249678249678,0.5154109589041096,0.16673801369863014,-0.3742669712275877
pc_follow,270,10,IS,457,0.1956335616438356,0.5448577680525164,1.3057986870897156,0.75,0.16445359608878524,0.5076586433260394,0.5034642032332564,0.029446809148406805,0.0448577680525164,2336.0,9.293216630196936,7.820021881838074,0.5154109589041096,0.16673801369863014,1.1390606733910855
pc_fade,270,10,IS,457,0.1956335616438356,0.43982494529540483,-1.3057986870897156,-0.75,-0.16445359608878524,0.4814004376367615,0.49653579676674364,-0.07558601360870476,-0.060175054704595166,2336.0,7.820021881838074,9.293216630196936,0.5154109589041096,0.16673801369863014,-1.4725367007883456
putz_follow,270,10,IS,267,0.11429794520547945,0.48314606741573035,-0.38857677902621723,0.0,-0.14998307392231325,0.4419475655430712,0.49609375,-0.032264891488379244,-0.01685393258426965,2336.0,6.265917602996255,7.0767790262172285,0.5154109589041096,0.16673801369863014,-0.5553147927248474
putz_fade,270,10,IS,267,0.11429794520547945,0.49812734082397003,0.38857677902621723,0.0,0.14998307392231325,0.5430711610486891,0.50390625,-0.017283618080139562,-0.0018726591760299671,2336.0,7.0767790262172285,6.265917602996255,0.5154109589041096,0.16673801369863014,0.2218387653275871
UNCOND_LONG,270,15,IS,2336,1.0,0.5158390410958904,0.21339897260273974,0.25,0.1249886999361448,0.514554794520548,0.4988774135608442,0.0,0.015839041095890405,,,,,,
gex_follow,270,15,IS,777,0.3326198630136986,0.4980694980694981,-0.2767052767052767,0.0,-0.10189147923918075,0.5057915057915058,0.5157750342935528,-0.01776954302639233,-0.0019305019305019266,2336.0,11.329150579150578,10.922458172458173,0.5158390410958904,0.21339897260273974,-0.49010424930801644
gex_fade,270,15,IS,777,0.3326198630136986,0.4839124839124839,0.2767052767052767,0.0,0.10189147923918075,0.4826254826254826,0.4842249657064472,-0.03192655718340648,-0.016087516087516074,2336.0,10.922458172458173,11.329150579150578,0.5158390410958904,0.21339897260273974,0.06330630410253699
pc_follow,270,15,IS,457,0.1956335616438356,0.5164113785557987,0.9431072210065645,0.5,0.08589434344526423,0.4989059080962801,0.503448275862069,0.0005723374599082565,0.01641137855579866,2336.0,10.87800875273523,9.521334792122538,0.5158390410958904,0.21339897260273974,0.7297082484038248
pc_fade,270,15,IS,457,0.1956335616438356,0.4726477024070022,-0.9431072210065645,-0.5,-0.08589434344526423,0.48577680525164113,0.496551724137931,-0.04319133868888819,-0.027352297592997787,2336.0,9.521334792122538,10.87800875273523,0.5158390410958904,0.21339897260273974,-1.1565061936093042
putz_follow,270,15,IS,267,0.11429794520547945,0.49063670411985016,-0.1694756554307116,-0.25,-0.06332847419276315,0.4756554307116105,0.5019455252918288,-0.02520233697604024,-0.009363295880149836,2336.0,7.788389513108614,8.311797752808989,0.5158390410958904,0.21339897260273974,-0.38287462803345135
putz_fade,270,15,IS,267,0.11429794520547945,0.50187265917603,0.1694756554307116,0.25,0.06332847419276315,0.5093632958801498,0.4980544747081712,-0.013966381919860438,0.0018726591760299671,2336.0,8.311797752808989,7.788389513108614,0.5158390410958904,0.21339897260273974,-0.04392331717202813
UNCOND_LONG,270,30,IS,2336,1.0,0.5368150684931506,0.5934289383561644,0.75,0.20947548787305337,0.5132705479452054,0.4981851179673321,0.0,0.03681506849315064,,,,,,
gex_follow,270,30,IS,777,0.3326198630136986,0.4942084942084942,-0.17696267696267695,0.0,-0.08700454144993221,0.5019305019305019,0.5131034482758621,-0.04260657428465642,-0.00579150579150578,2336.0,15.493243243243244,15.032818532818533,0.5368150684931506,0.5934289383561644,-0.7703916153188414
gex_fade,270,30,IS,777,0.3326198630136986,0.4980694980694981,0.17696267696267695,0.0,0.08700454144993221,0.48906048906048905,0.4868965517241379,-0.038745570423652564,-0.0019305019305019266,2336.0,15.032818532818533,15.493243243243244,0.5368150684931506,0.5934289383561644,-0.4164662613934874
pc_follow,270,30,IS,457,0.1956335616438356,0.5142231947483589,0.4485776805251641,0.5,0.12202852258383877,0.5207877461706784,0.5,-0.02259187374479177,0.01422319474835887,2336.0,14.50437636761488,13.38676148796499,0.5368150684931506,0.5934289383561644,-0.14485125783100028
pc_fade,270,30,IS,457,0.1956335616438356,0.4660831509846827,-0.4485776805251641,-0.5,-0.12202852258383877,0.474835886214442,0.5,-0.07073191750846791,-0.033916849015317274,2336.0,13.38676148796499,14.50437636761488,0.5368150684931506,0.5934289383561644,-1.0420066188813286
putz_follow,270,30,IS,267,0.11429794520547945,0.47191011235955055,-1.1029962546816479,-0.5,-0.20968661446488795,0.4681647940074906,0.49603174603174605,-0.06490495613360009,-0.02808988764044945,2336.0,10.24438202247191,11.764981273408239,0.5368150684931506,0.5934289383561644,-1.6964251930378123
putz_fade,270,30,IS,267,0.11429794520547945,0.5093632958801498,1.1029962546816479,0.5,0.20968661446488795,0.5168539325842697,0.503968253968254,-0.027451772613000802,0.009363295880149836,2336.0,11.764981273408239,10.24438202247191,0.5368150684931506,0.5934289383561644,0.5095673163254835
UNCOND_LONG,270,45,IS,2336,1.0,0.5398116438356164,0.7214255136986302,0.75,0.2633870372366831,0.5171232876712328,0.49725526075022874,0.0,0.03981164383561642,,,,,,
gex_follow,270,45,IS,777,0.3326198630136986,0.5045045045045045,-0.4800514800514801,0.25,0.012099099152940539,0.5019305019305019,0.5124653739612188,-0.03530713933111196,0.0045045045045044585,2336.0,18.38159588159588,18.396718146718147,0.5398116438356164,0.7214255136986302,-1.2014769937501102
gex_fade,270,45,IS,777,0.3326198630136986,0.48906048906048905,0.4800514800514801,-0.25,-0.012099099152940539,0.4929214929214929,0.48753462603878117,-0.05075115477512737,-0.010939510939510955,2336.0,18.396718146718147,18.38159588159588,0.5398116438356164,0.7214255136986302,-0.2413740336471501
pc_follow,270,45,IS,457,0.1956335616438356,0.5470459518599562,-0.09463894967177243,1.25,0.26043545675824,0.5164113785557987,0.4976635514018692,0.007234308024339775,0.04704595185995619,2336.0,17.10120350109409,16.828227571115974,0.5398116438356164,0.7214255136986302,-0.8160644633704026
pc_fade,270,45,IS,457,0.1956335616438356,0.44638949671772427,0.09463894967177243,-1.25,-0.26043545675824,0.48358862144420134,0.5023364485981309,-0.09342214711789215,-0.053610503282275734,2336.0,16.828227571115974,17.10120350109409,0.5398116438356164,0.7214255136986302,-0.6267865640268577
putz_follow,270,45,IS,267,0.11429794520547945,0.4868913857677903,-0.4297752808988764,-0.25,-0.09044506621659405,0.45318352059925093,0.49193548387096775,-0.05292025806782613,-0.013108614232209714,2336.0,12.543071161048688,13.869850187265918,0.5398116438356164,0.7214255136986302,-1.1512007945975067
putz_fade,270,45,IS,267,0.11429794520547945,0.5131086142322098,0.4297752808988764,0.25,0.09044506621659405,0.5280898876404494,0.5080645161290323,-0.026703029603406647,0.01310861423220977,2336.0,13.869850187265918,12.543071161048688,0.5398116438356164,0.7214255136986302,-0.2916502327997538
UNCOND_LONG,270,60,IS,2336,1.0,0.5445205479452054,1.3980094178082192,1.0,0.3201935547962203,0.5128424657534246,0.4960991280403855,0.0,0.044520547945205435,,,,,,
gex_follow,270,60,IS,777,0.3326198630136986,0.5057915057915058,-0.8497425997425997,0.25,0.08187978540925643,0.4980694980694981,0.5139275766016713,-0.038729042153699655,0.00579150579150578,2336.0,21.018661518661517,21.095881595881597,0.5445205479452054,1.3980094178082192,-2.2477520175508188
gex_fade,270,60,IS,777,0.3326198630136986,0.48133848133848134,0.8497425997425997,-0.25,-0.08187978540925643,0.49935649935649934,0.4860724233983287,-0.0631820666067241,-0.01866151866151866,2336.0,21.095881595881597,21.018661518661517,0.5445205479452054,1.3980094178082192,-0.5482668180656195
pc_follow,270,60,IS,457,0.1956335616438356,0.5470459518599562,-0.40536105032822756,1.5,0.36493967704180047,0.5076586433260394,0.4953051643192488,0.0025254039147507568,0.04704595185995619,2336.0,19.804157549234137,19.957877461706783,0.5445205479452054,1.3980094178082192,-1.8033704681364466
pc_fade,270,60,IS,457,0.1956335616438356,0.43982494529540483,0.40536105032822756,-1.5,-0.36493967704180047,0.49015317286652077,0.5046948356807511,-0.1046956026498006,-0.060175054704595166,2336.0,19.957877461706783,19.804157549234137,0.5445205479452054,1.3980094178082192,-0.9926483674799916
putz_follow,270,60,IS,267,0.11429794520547945,0.4943820224719101,2.411985018726592,0.0,0.017323479770871755,0.449438202247191,0.4898785425101215,-0.05013852547329534,-0.005617977528089901,2336.0,15.138576779026216,15.357677902621722,0.5445205479452054,1.3980094178082192,1.0139756009183727
putz_fade,270,60,IS,267,0.11429794520547945,0.4868913857677903,-2.411985018726592,0.0,-0.017323479770871755,0.5468164794007491,0.5101214574898786,-0.05762916217741515,-0.013108614232209714,2336.0,15.357677902621722,15.138576779026216,0.5445205479452054,1.3980094178082192,-3.809994436534811
UNCOND_LONG,270,5,Validation,747,1.0,0.4779116465863454,-1.4046184738955823,-0.5,-0.15310401981220656,0.4738955823293173,0.4906832298136646,0.0,-0.022088353413654616,,,,,,
gex_follow,270,5,Validation,631,0.8447121820615796,0.4896988906497623,0.05071315372424723,-0.25,-0.0445997744844854,0.48177496038034867,0.48256880733944957,0.011787244063416913,-0.010301109350237703,747.0,12.710776545166402,13.057448494453249,0.4779116465863454,-1.4046184738955823,1.4553316276198296
gex_fade,270,5,Validation,631,0.8447121820615796,0.5023771790808241,-0.05071315372424723,0.25,0.0445997744844854,0.5118858954041204,0.5174311926605505,0.024465532494478748,0.002377179080824132,747.0,13.057448494453249,12.710776545166402,0.4779116465863454,-1.4046184738955823,1.353905320171335
pc_follow,270,5,Validation,174,0.23293172690763053,0.5,1.528735632183908,0.25,-0.01721215496043737,0.46551724137931033,0.4444444444444444,0.022088353413654616,0.0,747.0,16.487068965517242,15.357758620689655,0.4779116465863454,-1.4046184738955823,2.9333541060794905
pc_fade,270,5,Validation,174,0.23293172690763053,0.4942528735632184,-1.528735632183908,-0.25,0.01721215496043737,0.5229885057471264,0.5555555555555556,0.016341226976873013,-0.005747126436781602,747.0,15.357758620689655,16.487068965517242,0.4779116465863454,-1.4046184738955823,-0.12411715828832581
putz_follow,270,5,Validation,80,0.107095046854083,0.5875,0.73125,2.25,0.19422987996978253,0.575,0.5735294117647058,0.10958835341365464,0.08750000000000002,747.0,11.859375,12.075,0.4779116465863454,-1.4046184738955823,2.135868473895582
putz_fade,270,5,Validation,80,0.107095046854083,0.4,-0.73125,-2.25,-0.19422987996978253,0.425,0.4264705882352941,-0.07791164658634536,-0.09999999999999998,747.0,12.075,11.859375,0.4779116465863454,-1.4046184738955823,0.6733684738955823
UNCOND_LONG,270,10,Validation,747,1.0,0.5033467202141901,-2.2051539491298526,0.25,-0.22082190262669504,0.48058902275769744,0.4978601997146933,0.0,0.0033467202141901353,,,,,,
gex_follow,270,10,Validation,631,0.8447121820615796,0.48811410459587956,0.1327258320126783,-0.25,-0.06802621102287548,0.4754358161648177,0.4873096446700508,-0.015232615618310574,-0.011885895404120439,747.0,16.966323296354993,17.742472266244057,0.5033467202141901,-2.2051539491298526,2.337879781142531
gex_fade,270,10,Validation,631,0.8447121820615796,0.5055467511885895,-0.1327258320126783,0.25,0.06802621102287548,0.5198098256735341,0.5126903553299492,0.0022000309743993585,0.005546751188589494,747.0,17.742472266244057,16.966323296354993,0.5033467202141901,-2.2051539491298526,2.072428117117174
pc_follow,270,10,Validation,174,0.23293172690763053,0.5114942528735632,3.6135057471264367,0.875,0.15353741620436934,0.47701149425287354,0.45962732919254656,0.008147532659373069,0.011494252873563204,747.0,22.051724137931036,20.436781609195403,0.5033467202141901,-2.2051539491298526,5.818659696256289
pc_fade,270,10,Validation,174,0.23293172690763053,0.4827586206896552,-3.6135057471264367,-0.875,-0.15353741620436934,0.5229885057471264,0.5403726708074534,-0.020588099524534942,-0.017241379310344807,747.0,20.436781609195403,22.051724137931036,0.5033467202141901,-2.2051539491298526,-1.408351797996584
putz_follow,270,10,Validation,80,0.107095046854083,0.6,5.35625,2.5,0.5400077886688898,0.575,0.5789473684210527,0.09665327978580984,0.09999999999999998,747.0,18.01875,14.596875,0.5033467202141901,-2.2051539491298526,7.561403949129852
putz_fade,270,10,Validation,80,0.107095046854083,0.3875,-5.35625,-2.5,-0.5400077886688898,0.4125,0.42105263157894735,-0.11584672021419012,-0.11249999999999999,747.0,14.596875,18.01875,0.5033467202141901,-2.2051539491298526,-3.1510960508701475
UNCOND_LONG,270,15,Validation,747,1.0,0.5033467202141901,-2.5097054886211514,0.25,-0.2083377090705657,0.47523427041499333,0.4893917963224894,0.0,0.0033467202141901353,,,,,,
gex_follow,270,15,Validation,631,0.8447121820615796,0.49445324881141045,0.9270998415213946,-0.5,-0.02214202009017001,0.49920760697305866,0.490787269681742,-0.008893471402779685,-0.005546751188589549,747.0,20.75633914421553,20.75594294770206,0.5033467202141901,-2.5097054886211514,3.436805330142546
gex_fade,270,15,Validation,631,0.8447121820615796,0.5039619651347068,-0.9270998415213946,0.5,0.02214202009017001,0.4960380348652932,0.509212730318258,0.0006152449205166777,0.003961965134706813,747.0,20.75594294770206,20.75633914421553,0.5033467202141901,-2.5097054886211514,1.582605647099757
pc_follow,270,15,Validation,174,0.23293172690763053,0.5057471264367817,5.433908045977011,0.75,0.22511739303544567,0.5229885057471264,0.4691358024691358,0.0024004062225915224,0.005747126436781658,747.0,27.936781609195403,23.239942528735632,0.5033467202141901,-2.5097054886211514,7.943613534598162
pc_fade,270,15,Validation,174,0.23293172690763053,0.4942528735632184,-5.433908045977011,-0.75,-0.22511739303544567,0.47701149425287354,0.5308641975308642,-0.009093846650971737,-0.005747126436781602,747.0,23.239942528735632,27.936781609195403,0.5033467202141901,-2.5097054886211514,-2.92420255735586
putz_follow,270,15,Validation,80,0.107095046854083,0.6,4.728125,3.875,0.37457465468187884,0.6,0.5789473684210527,0.09665327978580984,0.09999999999999998,747.0,21.4875,16.296875,0.5033467202141901,-2.5097054886211514,7.237830488621151
putz_fade,270,15,Validation,80,0.107095046854083,0.4,-4.728125,-3.875,-0.37457465468187884,0.3875,0.42105263157894735,-0.10334672021419011,-0.09999999999999998,747.0,16.296875,21.4875,0.5033467202141901,-2.5097054886211514,-2.218419511378849
UNCOND_LONG,270,30,Validation,747,1.0,0.4966532797858099,-1.607764390896921,0.0,-0.15731479502756177,0.47121820615796517,0.492176386913229,0.0,-0.00334672021419008,,,,,,
gex_follow,270,30,Validation,631,0.8447121820615796,0.5055467511885895,-0.7365293185419969,0.5,-0.1964350985765351,0.4754358161648177,0.4856661045531197,0.008893471402779574,0.005546751188589494,747.0,27.845087163232964,28.898573692551505,0.4966532797858099,-1.607764390896921,0.8712350723549241
gex_fade,270,30,Validation,631,0.8447121820615796,0.49128367670364503,0.7365293185419969,-0.5,0.1964350985765351,0.5229793977812995,0.5143338954468802,-0.005369603082164887,-0.008716323296354966,747.0,28.898573692551505,27.845087163232964,0.4966532797858099,-1.607764390896921,2.344293709438918
pc_follow,270,30,Validation,174,0.23293172690763053,0.5114942528735632,2.382183908045977,1.0,-0.047665497832697634,0.47701149425287354,0.4625,0.014840973087753284,0.011494252873563204,747.0,36.939655172413794,33.60057471264368,0.4966532797858099,-1.607764390896921,3.989948298942898
pc_fade,270,30,Validation,174,0.23293172690763053,0.4885057471264368,-2.382183908045977,-1.0,0.047665497832697634,0.5229885057471264,0.5375,-0.008147532659373125,-0.011494252873563204,747.0,33.60057471264368,36.939655172413794,0.4966532797858099,-1.607764390896921,-0.774419517149056
putz_follow,270,30,Validation,80,0.107095046854083,0.575,4.846875,6.75,0.3093040757636099,0.6,0.5866666666666667,0.07834672021419004,0.07499999999999996,747.0,28.74375,24.5625,0.4966532797858099,-1.607764390896921,6.45463939089692
putz_fade,270,30,Validation,80,0.107095046854083,0.425,-4.846875,-6.75,-0.3093040757636099,0.4,0.41333333333333333,-0.07165327978580993,-0.07500000000000001,747.0,24.5625,28.74375,0.4966532797858099,-1.607764390896921,-3.239110609103079
UNCOND_LONG,270,45,Validation,747,1.0,0.5113788487282463,0.7955153949129853,1.25,0.09790969178945279,0.48058902275769744,0.492816091954023,0.0,0.011378848728246349,,,,,,
gex_follow,270,45,Validation,631,0.8447121820615796,0.5071315372424723,-1.2955625990491284,0.75,-0.21115353642158288,0.48177496038034867,0.48293515358361777,-0.0042473114857740635,0.007131537242472286,747.0,34.379556259904916,36.27496038034865,0.5113788487282463,0.7955153949129853,-2.091077993962114
gex_fade,270,45,Validation,631,0.8447121820615796,0.4896988906497623,1.2955625990491284,-0.75,0.21115353642158288,0.5166402535657686,0.5170648464163823,-0.021679958078484052,-0.010301109350237703,747.0,36.27496038034865,34.379556259904916,0.5113788487282463,0.7955153949129853,0.5000472041361431
pc_follow,270,45,Validation,174,0.23293172690763053,0.5057471264367817,-0.9195402298850575,0.875,-0.21543570898942077,0.4942528735632184,0.44871794871794873,-0.005631722291464691,0.005747126436781658,747.0,44.757183908045974,43.14224137931034,0.5113788487282463,0.7955153949129853,-1.7150556247980426
pc_fade,270,45,Validation,174,0.23293172690763053,0.4885057471264368,0.9195402298850575,-0.875,0.21543570898942077,0.5057471264367817,0.5512820512820513,-0.022873101601809553,-0.011494252873563204,747.0,43.14224137931034,44.757183908045974,0.5113788487282463,0.7955153949129853,0.12402483497207217
putz_follow,270,45,Validation,80,0.107095046854083,0.5625,6.525,5.125,0.46920572171246605,0.6125,0.5945945945945946,0.05112115127175365,0.0625,747.0,34.5,28.228125,0.5113788487282463,0.7955153949129853,5.729484605087015
putz_fade,270,45,Validation,80,0.107095046854083,0.4375,-6.525,-5.125,-0.46920572171246605,0.3875,0.40540540540540543,-0.07387884872824635,-0.0625,747.0,28.228125,34.5,0.5113788487282463,0.7955153949129853,-7.320515394912985
UNCOND_LONG,270,60,Validation,747,1.0,0.5301204819277109,1.3601070950468541,3.0,0.17802754870108214,0.4979919678714859,0.4905933429811867,0.0,0.030120481927710885,,,,,,
gex_follow,270,60,Validation,631,0.8447121820615796,0.4896988906497623,-2.042393026941363,-1.5,-0.24899995644798656,0.48335974643423135,0.4845360824742268,-0.04042159127794859,-0.010301109350237703,747.0,39.579239302694134,41.37282091917591,0.5301204819277109,1.3601070950468541,-3.402500121988217
gex_fade,270,60,Validation,631,0.8447121820615796,0.5103011093502378,2.042393026941363,1.5,0.24899995644798656,0.5166402535657686,0.5154639175257731,-0.019819372577473127,0.010301109350237758,747.0,41.37282091917591,39.579239302694134,0.5301204819277109,1.3601070950468541,0.6822859318945089
pc_follow,270,60,Validation,174,0.23293172690763053,0.47126436781609193,-3.5086206896551726,-5.375,-0.3275401480259143,0.47126436781609193,0.44516129032258067,-0.05885611411161895,-0.028735632183908066,747.0,50.0948275862069,49.48275862068966,0.5301204819277109,1.3601070950468541,-4.868727784702027
pc_fade,270,60,Validation,174,0.23293172690763053,0.5287356321839081,3.5086206896551726,5.375,0.3275401480259143,0.5287356321839081,0.5548387096774193,-0.0013848497438028184,0.028735632183908066,747.0,49.48275862068966,50.0948275862069,0.5301204819277109,1.3601070950468541,2.1485135946083185
putz_follow,270,60,Validation,80,0.107095046854083,0.575,6.390625,4.125,0.3901123283965333,0.575,0.5972222222222222,0.04487951807228907,0.07499999999999996,747.0,39.359375,32.478125,0.5301204819277109,1.3601070950468541,5.030517904953146
putz_fade,270,60,Validation,80,0.107095046854083,0.425,-6.390625,-4.125,-0.3901123283965333,0.425,0.4027777777777778,-0.1051204819277109,-0.07500000000000001,747.0,32.478125,39.359375,0.5301204819277109,1.3601070950468541,-7.750732095046854
UNCOND_LONG,270,5,OOS,397,1.0,0.5062972292191436,-1.9596977329974812,0.5,-0.0722661902261176,0.5012594458438288,0.5273775216138329,0.0,0.006297229219143552,,,,,,
gex_follow,270,5,OOS,372,0.9370277078085643,0.5188172043010753,1.0685483870967742,1.25,-0.016895480649815567,0.4838709677419355,0.4723926380368098,0.0125199750819317,0.018817204301075252,397.0,16.629032258064516,16.126344086021504,0.5062972292191436,-1.9596977329974812,3.0282461200942556
gex_fade,270,5,OOS,372,0.9370277078085643,0.47580645161290325,-1.0685483870967742,-1.25,0.016895480649815567,0.5134408602150538,0.5276073619631901,-0.030490777606240305,-0.024193548387096753,397.0,16.126344086021504,16.629032258064516,0.5062972292191436,-1.9596977329974812,0.8911493459007069
UNCOND_LONG,270,10,OOS,397,1.0,0.5012594458438288,-0.8583123425692695,0.5,0.011640108815858766,0.49622166246851385,0.52,0.0,0.0012594458438287548,,,,,,
gex_follow,270,10,OOS,372,0.9370277078085643,0.510752688172043,-0.04838709677419355,0.75,-0.08308074576618547,0.489247311827957,0.49572649572649574,0.009493242328214246,0.010752688172043001,397.0,22.616935483870968,21.29771505376344,0.5012594458438288,-0.8583123425692695,0.809925245795076
gex_fade,270,10,OOS,372,0.9370277078085643,0.48655913978494625,0.04838709677419355,-0.75,0.08308074576618547,0.5053763440860215,0.5042735042735043,-0.014700306058882506,-0.013440860215053752,397.0,21.29771505376344,22.616935483870968,0.5012594458438288,-0.8583123425692695,0.906699439343463
UNCOND_LONG,270,15,OOS,397,1.0,0.5214105793450882,-1.470403022670025,1.0,0.0035090072483010743,0.4811083123425693,0.5052083333333334,0.0,0.021410579345088165,,,,,,
gex_follow,270,15,OOS,372,0.9370277078085643,0.521505376344086,0.5154569892473119,1.25,-0.021980796896187083,0.5,0.5013927576601671,9.4796998997837e-05,0.021505376344086002,397.0,26.979166666666668,25.538978494623656,0.5214105793450882,-1.470403022670025,1.985860011917337
gex_fade,270,15,OOS,372,0.9370277078085643,0.47580645161290325,-0.5154569892473119,-1.25,0.021980796896187083,0.49731182795698925,0.4986072423398329,-0.04560412773218492,-0.024193548387096753,397.0,25.538978494623656,26.979166666666668,0.5214105793450882,-1.470403022670025,0.9549460334227132
UNCOND_LONG,270,30,OOS,397,1.0,0.5062972292191436,-0.04974811083123426,0.5,-0.017436125735999196,0.4836272040302267,0.5065274151436031,0.0,0.006297229219143552,,,,,,
gex_follow,270,30,OOS,372,0.9370277078085643,0.5026881720430108,-0.760752688172043,0.25,-0.07662429339828744,0.5026881720430108,0.49162011173184356,-0.0036090571761328016,0.0026881720430107503,397.0,36.07392473118279,35.92943548387097,0.5062972292191436,-0.04974811083123426,-0.7110045773408087
gex_fade,270,30,OOS,372,0.9370277078085643,0.49731182795698925,0.760752688172043,-0.25,0.07662429339828744,0.4946236559139785,0.5083798882681564,-0.008985401262154302,-0.0026881720430107503,397.0,35.92943548387097,36.07392473118279,0.5062972292191436,-0.04974811083123426,0.8105007990032773
UNCOND_LONG,270,45,OOS,397,1.0,0.491183879093199,-2.117758186397985,-0.75,-0.17454349132740615,0.48614609571788414,0.5078534031413613,0.0,-0.008816120906801006,,,,,,
gex_follow,270,45,OOS,372,0.9370277078085643,0.521505376344086,0.1310483870967742,2.125,-0.09860387725503322,0.5080645161290323,0.49019607843137253,0.03032149725088701,0.021505376344086002,397.0,42.891129032258064,43.469086021505376,0.491183879093199,-2.117758186397985,2.248806573494759
gex_fade,270,45,OOS,372,0.9370277078085643,0.4731182795698925,-0.1310483870967742,-2.125,0.09860387725503322,0.489247311827957,0.5098039215686274,-0.018065599523306497,-0.026881720430107503,397.0,43.469086021505376,42.891129032258064,0.491183879093199,-2.117758186397985,1.9867097993012106
UNCOND_LONG,270,60,OOS,397,1.0,0.491183879093199,-3.665617128463476,-0.5,-0.24460785423620846,0.46851385390428213,0.5039787798408488,0.0,-0.008816120906801006,,,,,,
gex_follow,270,60,OOS,372,0.9370277078085643,0.5026881720430108,2.413978494623656,0.5,0.06356703341785988,0.5080645161290323,0.48725212464589235,0.011504292949811756,0.0026881720430107503,397.0,50.538978494623656,50.01881720430107,0.491183879093199,-3.665617128463476,6.0795956230871315
gex_fade,270,60,OOS,372,0.9370277078085643,0.4946236559139785,-2.413978494623656,-0.5,-0.06356703341785988,0.48655913978494625,0.5127478753541076,0.0034397768207795054,-0.005376344086021501,397.0,50.01881720430107,50.538978494623656,0.491183879093199,-3.665617128463476,1.25163863383982
UNCOND_LONG,285,5,IS,2336,1.0,0.4965753424657534,-0.005244006849315069,0.0,-0.013601161939095045,0.4888698630136986,0.5012481278082875,0.0,-0.003424657534246589,,,,,,
gex_follow,285,5,IS,777,0.3326198630136986,0.4929214929214929,0.15186615186615188,0.0,-0.008776259810740906,0.4967824967824968,0.506006006006006,-0.0036538495442605123,-0.007078507078507101,2336.0,5.994851994851995,5.806628056628057,0.4965753424657534,-0.005244006849315069,0.15711015871546694
gex_fade,285,5,IS,777,0.3326198630136986,0.48133848133848134,-0.15186615186615188,0.0,0.008776259810740906,0.462033462033462,0.493993993993994,-0.015236861127272072,-0.01866151866151866,2336.0,5.806628056628057,5.994851994851995,0.4965753424657534,-0.005244006849315069,-0.14662214501683682
pc_follow,285,5,IS,457,0.1956335616438356,0.5010940919037199,0.2335886214442013,0.25,0.028984354031034356,0.49452954048140046,0.5025641025641026,0.004518749437966485,0.001094091903719896,2336.0,5.480853391684901,5.320568927789934,0.4965753424657534,-0.005244006849315069,0.23883262829351637
pc_fade,285,5,IS,457,0.1956335616438356,0.4682713347921225,-0.2335886214442013,-0.25,-0.028984354031034356,0.45951859956236324,0.49743589743589745,-0.028304007673630893,-0.03172866520787748,2336.0,5.320568927789934,5.480853391684901,0.4965753424657534,-0.005244006849315069,-0.22834461459488625
putz_follow,285,5,IS,267,0.11429794520547945,0.5243445692883895,0.14138576779026218,0.25,-0.022884647085645707,0.5131086142322098,0.49137931034482757,0.02776922682263605,0.02434456928838946,2336.0,4.389513108614232,4.429775280898877,0.4965753424657534,-0.005244006849315069,0.14662977463957724
putz_fade,285,5,IS,267,0.11429794520547945,0.43820224719101125,-0.14138576779026218,-0.25,0.022884647085645707,0.4681647940074906,0.5086206896551724,-0.05837309527474216,-0.06179775280898875,2336.0,4.429775280898877,4.389513108614232,0.4965753424657534,-0.005244006849315069,-0.13614176094094713
UNCOND_LONG,285,10,IS,2336,1.0,0.5042808219178082,0.10498715753424658,0.25,0.019109249557390937,0.5008561643835616,0.5035460992907801,0.0,0.0042808219178082085,,,,,,
gex_follow,285,10,IS,777,0.3326198630136986,0.5122265122265123,0.10617760617760617,0.25,-0.020988918116124786,0.5186615186615187,0.513262599469496,0.007945690308704068,0.012226512226512276,2336.0,8.50900900900901,8.244208494208495,0.5042808219178082,0.10498715753424658,0.0011904486433595984
gex_fade,285,10,IS,777,0.3326198630136986,0.4594594594594595,-0.10617760617760617,-0.25,0.020988918116124786,0.4723294723294723,0.48673740053050396,-0.044821362458348724,-0.040540540540540515,2336.0,8.244208494208495,8.50900900900901,0.5042808219178082,0.10498715753424658,-0.21116476371185275
pc_follow,285,10,IS,457,0.1956335616438356,0.5251641137855579,0.06291028446389496,0.25,0.03543311625669604,0.5361050328227571,0.5133928571428571,0.02088329186774973,0.02516411378555794,2336.0,7.738512035010941,7.684354485776805,0.5042808219178082,0.10498715753424658,-0.042076873070351614
pc_fade,285,10,IS,457,0.1956335616438356,0.43326039387308535,-0.06291028446389496,-0.25,-0.03543311625669604,0.45295404814004375,0.48660714285714285,-0.07102042804472286,-0.06673960612691465,2336.0,7.684354485776805,7.738512035010941,0.5042808219178082,0.10498715753424658,-0.16789744199814155
putz_follow,285,10,IS,267,0.11429794520547945,0.49812734082397003,-0.45131086142322097,0.0,-0.09563252337939364,0.4868913857677903,0.490272373540856,-0.006153481093838176,-0.0018726591760299671,2336.0,5.942883895131086,6.3155430711610485,0.5042808219178082,0.10498715753424658,-0.5562980189574676
putz_fade,285,10,IS,267,0.11429794520547945,0.4756554307116105,0.45131086142322097,0.0,0.09563252337939364,0.4943820224719101,0.5097276264591439,-0.028625391206197726,-0.024344569288389517,2336.0,6.3155430711610485,5.942883895131086,0.5042808219178082,0.10498715753424658,0.3463237038889744
UNCOND_LONG,285,15,IS,2336,1.0,0.5278253424657534,0.3760702054794521,0.5,0.07174000615738552,0.5017123287671232,0.5065963060686016,0.0,0.02782534246575341,,,,,,
gex_follow,285,15,IS,777,0.3326198630136986,0.49935649935649934,0.11615186615186615,0.0,0.005546155592375012,0.525096525096525,0.5118110236220472,-0.02846884310925407,-0.0006435006435006607,2336.0,10.681145431145431,10.36036036036036,0.5278253424657534,0.3760702054794521,-0.2599183393275859
gex_fade,285,15,IS,777,0.3326198630136986,0.4877734877734878,-0.11615186615186615,0.0,-0.005546155592375012,0.4671814671814672,0.4881889763779528,-0.04005185469226563,-0.01222651222651222,2336.0,10.36036036036036,10.681145431145431,0.5278253424657534,0.3760702054794521,-0.49222207163131826
pc_follow,285,15,IS,457,0.1956335616438356,0.5164113785557987,-0.4764770240700219,0.5,0.05592797435382977,0.5426695842450766,0.5154867256637168,-0.01141396390995475,0.01641137855579866,2336.0,9.404814004376368,9.76586433260394,0.5278253424657534,0.3760702054794521,-0.852547229549474
pc_fade,285,15,IS,457,0.1956335616438356,0.47045951859956237,0.4764770240700219,-0.5,-0.05592797435382977,0.45295404814004375,0.48451327433628316,-0.057365823866191046,-0.029540481400437635,2336.0,9.76586433260394,9.404814004376368,0.5278253424657534,0.3760702054794521,0.10040681859056982
putz_follow,285,15,IS,267,0.11429794520547945,0.48314606741573035,-0.9325842696629213,-0.25,-0.22825051309207056,0.49063670411985016,0.49230769230769234,-0.04467927505002306,-0.01685393258426965,2336.0,7.046816479400749,7.956928838951311,0.5278253424657534,0.3760702054794521,-1.3086544751423734
putz_fade,285,15,IS,267,0.11429794520547945,0.5093632958801498,0.9325842696629213,0.25,0.22825051309207056,0.49063670411985016,0.5076923076923077,-0.018462046585603575,0.009363295880149836,2336.0,7.956928838951311,7.046816479400749,0.5278253424657534,0.3760702054794521,0.5565140641834692
UNCOND_LONG,285,30,IS,2336,1.0,0.521404109589041,0.5040667808219178,0.5,0.12498233930955545,0.5115582191780822,0.5070796460176992,0.0,0.021404109589041043,,,,,,
gex_follow,285,30,IS,777,0.3326198630136986,0.49935649935649934,-0.18693693693693694,0.0,0.08686917375038776,0.49935649935649934,0.5138339920948617,-0.022047610232541703,-0.0006435006435006607,2336.0,14.74099099099099,14.692406692406692,0.521404109589041,0.5040667808219178,-0.6910037177588547
gex_fade,285,30,IS,777,0.3326198630136986,0.4826254826254826,0.18693693693693694,0.0,-0.08686917375038776,0.4929214929214929,0.48616600790513836,-0.03877862696355844,-0.017374517374517395,2336.0,14.692406692406692,14.74099099099099,0.521404109589041,0.5040667808219178,-0.3171298438849809
pc_follow,285,30,IS,457,0.1956335616438356,0.5076586433260394,-1.0196936542669583,0.25,0.13290360540319238,0.4989059080962801,0.5133928571428571,-0.01374546626300166,0.007658643326039383,2336.0,12.959518599562363,14.284463894967177,0.521404109589041,0.5040667808219178,-1.5237604350888763
pc_fade,285,30,IS,457,0.1956335616438356,0.47702407002188185,1.0196936542669583,-0.25,-0.13290360540319238,0.487964989059081,0.48660714285714285,-0.04438003956715919,-0.022975929978118148,2336.0,14.284463894967177,12.959518599562363,0.521404109589041,0.5040667808219178,0.5156268734450405
putz_follow,285,30,IS,267,0.11429794520547945,0.49063670411985016,-0.25936329588014984,0.0,-0.17318992074374379,0.5168539325842697,0.49034749034749037,-0.030767405469190878,-0.009363295880149836,2336.0,10.264981273408239,11.0561797752809,0.521404109589041,0.5040667808219178,-0.7634300767020676
putz_fade,285,30,IS,267,0.11429794520547945,0.49812734082397003,0.25936329588014984,0.0,0.17318992074374379,0.4794007490636704,0.5096525096525096,-0.02327676876507101,-0.0018726591760299671,2336.0,11.0561797752809,10.264981273408239,0.521404109589041,0.5040667808219178,-0.24470348494176797
UNCOND_LONG,285,45,IS,2336,1.0,0.53125,1.1806506849315068,0.75,0.16854067463873795,0.5154109589041096,0.5066666666666667,0.0,0.03125,,,,,,
gex_follow,285,45,IS,777,0.3326198630136986,0.5122265122265123,-0.5566280566280566,0.5,0.1456486637314388,0.5057915057915058,0.5145502645502645,-0.019023487773487724,0.012226512226512276,2336.0,17.933397683397683,18.047940797940797,0.53125,1.1806506849315068,-1.7372787415595634
gex_fade,285,45,IS,777,0.3326198630136986,0.4723294723294723,0.5566280566280566,-0.5,-0.1456486637314388,0.48906048906048905,0.48544973544973546,-0.05892052767052769,-0.02767052767052769,2336.0,18.047940797940797,17.933397683397683,0.53125,1.1806506849315068,-0.6240226283034502
pc_follow,285,45,IS,457,0.1956335616438356,0.5448577680525164,-1.3304157549234135,1.0,0.22493403143278912,0.5032822757111597,0.5123042505592841,0.0136077680525164,0.0448577680525164,2336.0,16.079868708971553,18.15754923413567,0.53125,1.1806506849315068,-2.51106643985492
pc_fade,285,45,IS,457,0.1956335616438356,0.44638949671772427,1.3304157549234135,-1.0,-0.22493403143278912,0.4923413566739606,0.48769574944071586,-0.08486050328227573,-0.053610503282275734,2336.0,18.15754923413567,16.079868708971553,0.53125,1.1806506849315068,0.14976506999190664
putz_follow,285,45,IS,267,0.11429794520547945,0.49812734082397003,2.5823970037453186,0.0,-0.050253535377083776,0.5056179775280899,0.48627450980392156,-0.03312265917602997,-0.0018726591760299671,2336.0,13.512172284644194,12.95131086142322,0.53125,1.1806506849315068,1.4017463188138117
putz_fade,285,45,IS,267,0.11429794520547945,0.4794007490636704,-2.5823970037453186,0.0,0.050253535377083776,0.49063670411985016,0.5137254901960784,-0.05184925093632958,-0.020599250936329583,2336.0,12.95131086142322,13.512172284644194,0.53125,1.1806506849315068,-3.763047688676825
UNCOND_LONG,285,60,IS,2336,1.0,0.5278253424657534,0.7610231164383562,0.75,0.0068397125836692765,0.5068493150684932,0.5073627844712182,0.0,0.02782534246575341,,,,,,
gex_follow,285,60,IS,777,0.3326198630136986,0.49163449163449163,-1.6232303732303732,0.0,-0.14534068721315024,0.49935649935649934,0.5139442231075697,-0.03619085083126178,-0.008365508365508367,2336.0,21.273809523809526,21.614221364221365,0.5278253424657534,0.7610231164383562,-2.3842534896687293
gex_fade,285,60,IS,777,0.3326198630136986,0.4929214929214929,1.6232303732303732,0.0,0.14534068721315024,0.4929214929214929,0.4860557768924303,-0.03490384954426051,-0.007078507078507101,2336.0,21.614221364221365,21.273809523809526,0.5278253424657534,0.7610231164383562,0.862207256792017
pc_follow,285,60,IS,457,0.1956335616438356,0.5120350109409191,-1.6843544857768054,0.25,0.20760950085511415,0.5164113785557987,0.5135135135135135,-0.015790331524834333,0.012035010940919078,2336.0,19.48687089715536,21.033369803063458,0.5278253424657534,0.7610231164383562,-2.4453776022151614
pc_fade,285,60,IS,457,0.1956335616438356,0.4726477024070022,1.6843544857768054,-0.25,-0.20760950085511415,0.47921225382932164,0.4864864864864865,-0.0551776400587512,-0.027352297592997787,2336.0,21.033369803063458,19.48687089715536,0.5278253424657534,0.7610231164383562,0.9233313693384492
putz_follow,285,60,IS,267,0.11429794520547945,0.550561797752809,4.271535580524344,1.5,0.35873761377359675,0.5280898876404494,0.484251968503937,0.02273645528705559,0.050561797752809,2336.0,16.957865168539325,15.209737827715356,0.5278253424657534,0.7610231164383562,3.510512464085988
putz_fade,285,60,IS,267,0.11429794520547945,0.43820224719101125,-4.271535580524344,-1.5,-0.35873761377359675,0.47191011235955055,0.515748031496063,-0.08962309527474216,-0.06179775280898875,2336.0,15.209737827715356,16.957865168539325,0.5278253424657534,0.7610231164383562,-5.032558696962701
UNCOND_LONG,285,5,Validation,747,1.0,0.499330655957162,0.2570281124497992,0.0,0.005282214684742654,0.46184738955823296,0.47310126582278483,0.0,-0.0006693440428380271,,,,,,
gex_follow,285,5,Validation,631,0.8447121820615796,0.4976228209191759,-0.3284469096671949,0.0,-0.03534799791836483,0.49920760697305866,0.5037593984962406,-0.0017078350379860496,-0.0023771790808240767,747.0,10.568938193343898,11.123613312202853,0.499330655957162,0.2570281124497992,-0.5854750221169941
gex_fade,285,5,Validation,631,0.8447121820615796,0.49445324881141045,0.3284469096671949,0.0,0.03534799791836483,0.4865293185419968,0.49624060150375937,-0.004877407145751522,-0.005546751188589549,747.0,11.123613312202853,10.568938193343898,0.499330655957162,0.2570281124497992,0.07141879721739575
pc_follow,285,5,Validation,174,0.23293172690763053,0.4885057471264368,-1.9137931034482758,-0.375,-0.11940010989432467,0.46551724137931033,0.461038961038961,-0.010824908830725177,-0.011494252873563204,747.0,12.175287356321839,14.26580459770115,0.499330655957162,0.2570281124497992,-2.170821215898075
pc_fade,285,5,Validation,174,0.23293172690763053,0.5114942528735632,1.9137931034482758,0.375,0.11940010989432467,0.5344827586206896,0.538961038961039,0.012163596916401231,0.011494252873563204,747.0,14.26580459770115,12.175287356321839,0.499330655957162,0.2570281124497992,1.6567649909984765
putz_follow,285,5,Validation,80,0.107095046854083,0.4625,-0.75625,-1.375,-0.17539020662689003,0.5,0.5070422535211268,-0.03683065595716195,-0.03749999999999998,747.0,10.565625,10.24375,0.499330655957162,0.2570281124497992,-1.0132781124497992
putz_fade,285,5,Validation,80,0.107095046854083,0.525,0.75625,1.375,0.17539020662689003,0.4875,0.49295774647887325,0.02566934404283805,0.025000000000000022,747.0,10.24375,10.565625,0.499330655957162,0.2570281124497992,0.4992218875502008
UNCOND_LONG,285,10,Validation,747,1.0,0.48460508701472554,-0.02677376171352075,-0.25,-0.01510096522394571,0.48058902275769744,0.47066848567530695,0.0,-0.015394912985274456,,,,,,
gex_follow,285,10,Validation,631,0.8447121820615796,0.4960380348652932,-0.2654516640253566,0.0,-0.010723606563732202,0.49445324881141045,0.5088852988691438,0.011432947850567643,-0.003961965134706813,747.0,15.257527733755943,15.85974643423138,0.48460508701472554,-0.02677376171352075,-0.23867790231183583
gex_fade,285,10,Validation,631,0.8447121820615796,0.4960380348652932,0.2654516640253566,0.0,0.010723606563732202,0.4976228209191759,0.4911147011308562,0.011432947850567643,-0.003961965134706813,747.0,15.85974643423138,15.257527733755943,0.48460508701472554,-0.02677376171352075,0.29222542573887733
pc_follow,285,10,Validation,174,0.23293172690763053,0.47126436781609193,-0.7528735632183908,-0.875,-0.04691766995158525,0.47126436781609193,0.47093023255813954,-0.01334071919863361,-0.028735632183908066,747.0,18.488505747126435,20.11637931034483,0.48460508701472554,-0.02677376171352075,-0.7260998015048701
pc_fade,285,10,Validation,174,0.23293172690763053,0.5172413793103449,0.7528735632183908,0.875,0.04691766995158525,0.5229885057471264,0.5290697674418605,0.03263629229561932,0.017241379310344862,747.0,20.11637931034483,18.488505747126435,0.48460508701472554,-0.02677376171352075,0.7796473249319116
putz_follow,285,10,Validation,80,0.107095046854083,0.525,-0.85625,2.625,-0.21037906348315003,0.5125,0.5189873417721519,0.04039491298527448,0.025000000000000022,747.0,14.346875,15.809375,0.48460508701472554,-0.02677376171352075,-0.8294762382864792
putz_fade,285,10,Validation,80,0.107095046854083,0.4625,0.85625,-2.625,0.21037906348315003,0.475,0.4810126582278481,-0.022105087014725522,-0.03749999999999998,747.0,15.809375,14.346875,0.48460508701472554,-0.02677376171352075,0.8830237617135207
UNCOND_LONG,285,15,Validation,747,1.0,0.5073627844712182,0.8821954484605087,0.5,0.04918399400399231,0.4966532797858099,0.4689189189189189,0.0,0.007362784471218187,,,,,,
gex_follow,285,15,Validation,631,0.8447121820615796,0.4849445324881141,-1.6731378763866878,-0.5,-0.13539946483073761,0.46909667194928684,0.5112179487179487,-0.0224182519831041,-0.015055467511885912,747.0,18.576069730586372,20.136687797147385,0.5073627844712182,0.8821954484605087,-2.5553333248471963
gex_fade,285,15,Validation,631,0.8447121820615796,0.5134706814580031,1.6731378763866878,0.5,0.13539946483073761,0.5245641838351822,0.48878205128205127,0.006107896986784933,0.01347068145800312,747.0,20.136687797147385,18.576069730586372,0.5073627844712182,0.8821954484605087,0.7909424279261791
pc_follow,285,15,Validation,174,0.23293172690763053,0.47126436781609193,-3.0517241379310347,-2.125,-0.2723021070429999,0.4482758620689655,0.47093023255813954,-0.03609841665512625,-0.028735632183908066,747.0,21.863505747126435,24.977011494252874,0.5073627844712182,0.8821954484605087,-3.9339195863915433
pc_fade,285,15,Validation,174,0.23293172690763053,0.5229885057471264,3.0517241379310347,2.125,0.2723021070429999,0.5402298850574713,0.5290697674418605,0.015625721275908222,0.02298850574712641,747.0,24.977011494252874,21.863505747126435,0.5073627844712182,0.8821954484605087,2.169528689470526
putz_follow,285,15,Validation,80,0.107095046854083,0.5375,0.1375,1.0,-0.10365513487725994,0.55,0.5189873417721519,0.03013721552878179,0.03749999999999998,747.0,18.225,19.184375,0.5073627844712182,0.8821954484605087,-0.7446954484605086
putz_fade,285,15,Validation,80,0.107095046854083,0.4625,-0.1375,-1.0,0.10365513487725994,0.45,0.4810126582278481,-0.044862784471218164,-0.03749999999999998,747.0,19.184375,18.225,0.5073627844712182,0.8821954484605087,-1.0196954484605087
UNCOND_LONG,285,30,Validation,747,1.0,0.5435073627844712,3.285475234270415,3.5,0.21764132183889953,0.5127175368139224,0.46866485013623976,0.0,0.043507362784471204,,,,,,
gex_follow,285,30,Validation,631,0.8447121820615796,0.47385103011093505,-2.2321711568938194,-1.75,-0.12721024665501435,0.48177496038034867,0.5129032258064516,-0.06965633267353616,-0.026148969889064955,747.0,27.18660855784469,30.19096671949287,0.5435073627844712,3.285475234270415,-5.517646391164234
gex_fade,285,30,Validation,631,0.8447121820615796,0.5213946117274167,2.2321711568938194,1.75,0.12721024665501435,0.5134706814580031,0.4870967741935484,-0.02211275105705446,0.021394611727416746,747.0,30.19096671949287,27.18660855784469,0.5435073627844712,3.285475234270415,-1.0533040773765956
pc_follow,285,30,Validation,174,0.23293172690763053,0.46551724137931033,-6.353448275862069,-4.0,-0.3699426587176768,0.45977011494252873,0.47093023255813954,-0.07799012140516087,-0.03448275862068967,747.0,32.2169540229885,38.69971264367816,0.5435073627844712,3.285475234270415,-9.638923510132484
pc_fade,285,30,Validation,174,0.23293172690763053,0.5344827586206896,6.353448275862069,4.0,0.3699426587176768,0.5344827586206896,0.5290697674418605,-0.009024604163781591,0.03448275862068961,747.0,38.69971264367816,32.2169540229885,0.5435073627844712,3.285475234270415,3.0679730415916544
putz_follow,285,30,Validation,80,0.107095046854083,0.55,1.815625,3.125,0.08872275072164224,0.575,0.5189873417721519,0.00649263721552884,0.050000000000000044,747.0,25.63125,24.453125,0.5435073627844712,3.285475234270415,-1.469850234270415
putz_fade,285,30,Validation,80,0.107095046854083,0.45,-1.815625,-3.125,-0.08872275072164224,0.425,0.4810126582278481,-0.09350736278447119,-0.04999999999999999,747.0,24.453125,25.63125,0.5435073627844712,3.285475234270415,-5.101100234270415
UNCOND_LONG,285,45,Validation,747,1.0,0.5488621151271754,3.8500669344042837,4.5,0.30099616390404355,0.5394912985274432,0.46565934065934067,0.0,0.04886211512717542,,,,,,
gex_follow,285,45,Validation,631,0.8447121820615796,0.4928684627575277,-2.979001584786054,-0.75,-0.17653685540106206,0.4960380348652932,0.5138211382113821,-0.055993652369647706,-0.007131537242472286,747.0,33.25633914421553,36.76267828843106,0.5488621151271754,3.8500669344042837,-6.829068519190338
gex_fade,285,45,Validation,631,0.8447121820615796,0.5039619651347068,2.979001584786054,0.75,0.17653685540106206,0.5039619651347068,0.4861788617886179,-0.04490014999246861,0.003961965134706813,747.0,36.76267828843106,33.25633914421553,0.5488621151271754,3.8500669344042837,-0.8710653496182297
pc_follow,285,45,Validation,174,0.23293172690763053,0.4540229885057471,-8.942528735632184,-4.75,-0.5593062323068286,0.4540229885057471,0.4764705882352941,-0.0948391266214283,-0.04597701149425287,747.0,38.57327586206897,48.02155172413793,0.5488621151271754,3.8500669344042837,-12.792595670036468
pc_fade,285,45,Validation,174,0.23293172690763053,0.5459770114942529,8.942528735632184,4.75,0.5593062323068286,0.5459770114942529,0.5235294117647059,-0.002885103632922492,0.04597701149425293,747.0,48.02155172413793,38.57327586206897,0.5488621151271754,3.8500669344042837,5.0924618012279
putz_follow,285,45,Validation,80,0.107095046854083,0.525,1.68125,1.125,0.04121166585258731,0.575,0.5064935064935064,-0.0238621151271754,0.025000000000000022,747.0,30.846875,30.146875,0.5488621151271754,3.8500669344042837,-2.168816934404284
putz_fade,285,45,Validation,80,0.107095046854083,0.475,-1.68125,-1.125,-0.04121166585258731,0.425,0.4935064935064935,-0.07386211512717544,-0.025000000000000022,747.0,30.146875,30.846875,0.5488621151271754,3.8500669344042837,-5.531316934404284
UNCOND_LONG,285,60,Validation,747,1.0,0.5475234270414994,2.9876171352074965,4.75,0.28657016351892184,0.5220883534136547,0.46482758620689657,0.0,0.047523427041499366,,,,,,
gex_follow,285,60,Validation,631,0.8447121820615796,0.47702060221870046,-3.618462757527734,-2.25,-0.2572994462970906,0.4960380348652932,0.5147058823529411,-0.0705028248227989,-0.022979397781299538,747.0,39.531695721077654,43.48256735340729,0.5475234270414994,2.9876171352074965,-6.606079892735231
gex_fade,285,60,Validation,631,0.8447121820615796,0.5166402535657686,3.618462757527734,2.25,0.2572994462970906,0.5023771790808241,0.4852941176470588,-0.030883173475730774,0.016640253565768592,747.0,43.48256735340729,39.531695721077654,0.5475234270414994,2.9876171352074965,0.6308456223202374
pc_follow,285,60,Validation,174,0.23293172690763053,0.42528735632183906,-10.261494252873563,-10.25,-0.7622438953720588,0.4425287356321839,0.4764705882352941,-0.1222360707196603,-0.07471264367816094,747.0,47.535919540229884,59.14080459770115,0.5475234270414994,2.9876171352074965,-13.24911138808106
pc_fade,285,60,Validation,174,0.23293172690763053,0.5632183908045977,10.261494252873563,10.25,0.7622438953720588,0.5574712643678161,0.5235294117647059,0.015694963763098313,0.06321839080459768,747.0,59.14080459770115,47.535919540229884,0.5475234270414994,2.9876171352074965,7.273877117666066
putz_follow,285,60,Validation,80,0.107095046854083,0.5125,2.30625,1.875,0.3068541684086497,0.5125,0.5131578947368421,-0.03502342704149941,0.012499999999999956,747.0,36.5625,35.515625,0.5475234270414994,2.9876171352074965,-0.6813671352074966
putz_fade,285,60,Validation,80,0.107095046854083,0.475,-2.30625,-1.875,-0.3068541684086497,0.4875,0.4868421052631579,-0.07252342704149939,-0.025000000000000022,747.0,35.515625,36.5625,0.5475234270414994,2.9876171352074965,-5.293867135207496
UNCOND_LONG,285,5,OOS,397,1.0,0.5188916876574308,0.1977329974811083,1.25,-0.05970189773208365,0.5012594458438288,0.4599406528189911,0.0,0.018891687657430767,,,,,,
gex_follow,285,5,OOS,372,0.9370277078085643,0.44623655913978494,-1.4334677419354838,-2.0,-0.10319152372986073,0.4381720430107527,0.46984126984126984,-0.07265512851764583,-0.05376344086021506,397.0,13.90255376344086,15.51008064516129,0.5188916876574308,0.1977329974811083,-1.6312007394165922
gex_fade,285,5,OOS,372,0.9370277078085643,0.5403225806451613,1.4334677419354838,2.0,0.10319152372986073,0.553763440860215,0.5301587301587302,0.021430892987730488,0.040322580645161255,397.0,15.51008064516129,13.90255376344086,0.5188916876574308,0.1977329974811083,1.2357347444543754
UNCOND_LONG,285,10,OOS,397,1.0,0.5264483627204031,1.5541561712846348,1.0,0.008914299054324025,0.5113350125944585,0.4661458333333333,0.0,0.026448362720403074,,,,,,
gex_follow,285,10,OOS,372,0.9370277078085643,0.46236559139784944,-0.8756720430107527,-1.0,-0.08125584840678371,0.43548387096774194,0.475,-0.06408277132255363,-0.03763440860215056,397.0,18.405913978494624,20.780913978494624,0.5264483627204031,1.5541561712846348,-2.4298282142953873
gex_fade,285,10,OOS,372,0.9370277078085643,0.5376344086021505,0.8756720430107527,1.0,0.08125584840678371,0.5510752688172043,0.525,0.01118604588174743,0.037634408602150504,397.0,20.780913978494624,18.405913978494624,0.5264483627204031,1.5541561712846348,-0.678484128273882
UNCOND_LONG,285,15,OOS,397,1.0,0.4836272040302267,1.3759445843828715,-0.5,-0.05135380009285218,0.5138539042821159,0.46770025839793283,0.0,-0.016372795969773313,,,,,,
gex_follow,285,15,OOS,372,0.9370277078085643,0.5,-1.2365591397849462,0.125,-0.09315603259825349,0.46774193548387094,0.47527472527472525,0.016372795969773313,0.0,397.0,23.334005376344088,25.565860215053764,0.4836272040302267,1.3759445843828715,-2.6125037241678175
gex_fade,285,15,OOS,372,0.9370277078085643,0.4946236559139785,1.2365591397849462,-0.125,0.09315603259825349,0.5241935483870968,0.5247252747252747,0.010996451883751812,-0.005376344086021501,397.0,25.565860215053764,23.334005376344088,0.4836272040302267,1.3759445843828715,-0.13938544459792523
UNCOND_LONG,285,30,OOS,397,1.0,0.49370277078085645,-0.6920654911838791,-0.25,-0.2149379792313482,0.4987405541561713,0.46875,0.0,-0.006297229219143552,,,,,,
gex_follow,285,30,OOS,372,0.9370277078085643,0.489247311827957,-0.34475806451612906,-1.125,-0.009289010269549364,0.48118279569892475,0.47645429362880887,-0.004455458952899449,-0.010752688172043001,397.0,32.597446236559136,35.63709677419355,0.49370277078085645,-0.6920654911838791,0.34730742666775
gex_fade,285,30,OOS,372,0.9370277078085643,0.5053763440860215,0.34475806451612906,1.125,0.009289010269549364,0.5161290322580645,0.5235457063711911,0.011673573305165053,0.005376344086021501,397.0,35.63709677419355,32.597446236559136,0.49370277078085645,-0.6920654911838791,1.036823555700008
UNCOND_LONG,285,45,OOS,397,1.0,0.5037783375314862,-2.2399244332493704,1.0,-0.3093960546075103,0.48614609571788414,0.46981627296587924,0.0,0.0037783375314861534,,,,,,
gex_follow,285,45,OOS,372,0.9370277078085643,0.5053763440860215,1.9381720430107527,0.875,0.14421510447503513,0.48118279569892475,0.4748603351955307,0.0015980065545353472,0.005376344086021501,397.0,41.90725806451613,43.22715053763441,0.5037783375314862,-2.2399244332493704,4.178096476260123
gex_fade,285,45,OOS,372,0.9370277078085643,0.49193548387096775,-1.9381720430107527,-0.875,-0.14421510447503513,0.5161290322580645,0.5251396648044693,-0.011842853660518404,-0.008064516129032251,397.0,43.22715053763441,41.90725806451613,0.5037783375314862,-2.2399244332493704,0.30175239023861766
UNCOND_LONG,285,60,OOS,397,1.0,0.5037783375314862,-3.084382871536524,0.5,-0.2736762376284497,0.49370277078085645,0.46965699208443273,0.0,0.0037783375314861534,,,,,,
gex_follow,285,60,OOS,372,0.9370277078085643,0.48118279569892475,2.8245967741935485,-1.875,0.04665215546894128,0.4731182795698925,0.4747191011235955,-0.022595541832561405,-0.018817204301075252,397.0,49.90725806451613,50.166666666666664,0.5037783375314862,-3.084382871536524,5.9089796457300725
gex_fade,285,60,OOS,372,0.9370277078085643,0.5188172043010753,-2.8245967741935485,1.875,-0.04665215546894128,0.5241935483870968,0.5252808988764045,0.015038866769589099,0.018817204301075252,397.0,50.166666666666664,49.90725806451613,0.5037783375314862,-3.084382871536524,0.25978609734297553
UNCOND_LONG,300,5,IS,2336,1.0,0.488013698630137,-0.00684931506849315,0.0,-0.047271748684043595,0.4961472602739726,0.5131775236200895,0.0,-0.011986301369863006,,,,,,
gex_follow,300,5,IS,777,0.3326198630136986,0.5083655083655083,-0.05566280566280566,0.25,0.036916520594076414,0.49935649935649934,0.5007564296520424,0.020351809735371318,0.008365508365508312,2336.0,5.838803088803089,6.065958815958816,0.488013698630137,-0.00684931506849315,-0.04881349059431251
gex_fade,300,5,IS,777,0.3326198630136986,0.46589446589446587,0.05566280566280566,-0.25,-0.036916520594076414,0.4851994851994852,0.49924357034795763,-0.022119232735671124,-0.03410553410553413,2336.0,6.065958815958816,5.838803088803089,0.488013698630137,-0.00684931506849315,0.0625121207312988
pc_follow,300,5,IS,457,0.1956335616438356,0.4617067833698031,-0.9529540481400438,-0.25,-0.10949856191663929,0.4726477024070022,0.48621553884711777,-0.026306915260333907,-0.03829321663019691,2336.0,5.130743982494529,6.079321663019694,0.488013698630137,-0.00684931506849315,-0.9461047330715506
pc_fade,300,5,IS,457,0.1956335616438356,0.5207877461706784,0.9529540481400438,0.25,0.10949856191663929,0.5054704595185996,0.5137844611528822,0.03277404754054136,0.020787746170678356,2336.0,6.079321663019694,5.130743982494529,0.488013698630137,-0.00684931506849315,0.959803363208537
putz_follow,300,5,IS,267,0.11429794520547945,0.44569288389513106,0.7153558052434457,0.0,-0.06936932287555612,0.4756554307116105,0.5041666666666667,-0.04232081473500593,-0.054307116104868935,2336.0,4.916666666666667,4.357677902621723,0.488013698630137,-0.00684931506849315,0.7222051203119388
putz_fade,300,5,IS,267,0.11429794520547945,0.49812734082397003,-0.7153558052434457,0.0,0.06936932287555612,0.5056179775280899,0.49583333333333335,0.010113642193833039,-0.0018726591760299671,2336.0,4.357677902621723,4.916666666666667,0.488013698630137,-0.00684931506849315,-0.7085064901749525
UNCOND_LONG,300,10,IS,2336,1.0,0.4974315068493151,-0.06956335616438356,0.0,-0.055491042351057604,0.4837328767123288,0.513070447496677,0.0,-0.002568493150684914,,,,,,
gex_follow,300,10,IS,777,0.3326198630136986,0.5225225225225225,0.11872586872586872,0.5,0.10584971047262248,0.5212355212355212,0.5052910052910053,0.02509101567320743,0.022522522522522515,2336.0,8.378056628056628,8.41956241956242,0.4974315068493151,-0.06956335616438356,0.1882892248902523
gex_fade,300,10,IS,777,0.3326198630136986,0.46332046332046334,-0.11872586872586872,-0.5,-0.10584971047262248,0.46332046332046334,0.4947089947089947,-0.03411104352885175,-0.03667953667953666,2336.0,8.41956241956242,8.378056628056628,0.4974315068493151,-0.06956335616438356,-0.04916251256148517
pc_follow,300,10,IS,457,0.1956335616438356,0.5185995623632386,-0.8265864332603938,0.25,-0.05541821632041344,0.47045951859956237,0.5033860045146726,0.02116805551392348,0.018599562363238564,2336.0,6.927789934354486,8.12910284463895,0.4974315068493151,-0.06956335616438356,-0.7570230770960102
pc_fade,300,10,IS,457,0.1956335616438356,0.4638949671772429,0.8265864332603938,-0.25,0.05541821632041344,0.4923413566739606,0.4966139954853273,-0.03353653967207221,-0.03610503282275712,2336.0,8.12910284463895,6.927789934354486,0.4974315068493151,-0.06956335616438356,0.8961497894247774
putz_follow,300,10,IS,267,0.11429794520547945,0.550561797752809,0.9250936329588015,0.5,-0.014583142584054621,0.5093632958801498,0.49615384615384617,0.053130290903493915,0.050561797752809,2336.0,6.586142322097379,5.853932584269663,0.4974315068493151,-0.06956335616438356,0.9946569891231851
putz_fade,300,10,IS,267,0.11429794520547945,0.43820224719101125,-0.9250936329588015,-0.5,0.014583142584054621,0.46441947565543074,0.5038461538461538,-0.059229259658303834,-0.06179775280898875,2336.0,5.853932584269663,6.586142322097379,0.4974315068493151,-0.06956335616438356,-0.855530276794418
UNCOND_LONG,300,15,IS,2336,1.0,0.5136986301369864,0.12371575342465753,0.25,0.048334898855405775,0.4978595890410959,0.5144230769230769,0.0,0.013698630136986356,,,,,,
gex_follow,300,15,IS,777,0.3326198630136986,0.5135135135135135,-0.2982625482625483,0.5,0.08433747467382549,0.5173745173745173,0.5052219321148825,-0.0001851166234728696,0.013513513513513487,2336.0,10.3005148005148,10.52863577863578,0.5136986301369864,0.12371575342465753,-0.4219783016872058
gex_fade,300,15,IS,777,0.3326198630136986,0.4671814671814672,0.2982625482625483,-0.5,-0.08433747467382549,0.462033462033462,0.49477806788511747,-0.046517162955519165,-0.03281853281853281,2336.0,10.52863577863578,10.3005148005148,0.5136986301369864,0.12371575342465753,0.17454679483789076
pc_follow,300,15,IS,457,0.1956335616438356,0.5054704595185996,-0.5470459518599562,0.25,0.05898796366026802,0.4682713347921225,0.5055679287305123,-0.008228170618386765,0.005470459518599591,2336.0,8.956236323851204,10.26477024070022,0.5136986301369864,0.12371575342465753,-0.6707617052846138
pc_fade,300,15,IS,457,0.1956335616438356,0.47045951859956237,0.5470459518599562,-0.25,-0.05898796366026802,0.5076586433260394,0.49443207126948774,-0.04323911153742399,-0.029540481400437635,2336.0,10.26477024070022,8.956236323851204,0.5136986301369864,0.12371575342465753,0.4233301984352987
putz_follow,300,15,IS,267,0.11429794520547945,0.5243445692883895,0.697565543071161,0.5,0.0463917988434066,0.5168539325842697,0.5019011406844106,0.010645939151403105,0.02434456928838946,2336.0,7.9588014981273405,7.178838951310861,0.5136986301369864,0.12371575342465753,0.5738497896465035
putz_fade,300,15,IS,267,0.11429794520547945,0.4606741573033708,-0.697565543071161,-0.5,-0.0463917988434066,0.45692883895131087,0.49809885931558934,-0.053024472833615555,-0.0393258426966292,2336.0,7.178838951310861,7.9588014981273405,0.5136986301369864,0.12371575342465753,-0.8212812964958186
UNCOND_LONG,300,30,IS,2336,1.0,0.5321061643835616,0.8002996575342466,0.5,0.08999429577787604,0.5077054794520548,0.5142857142857142,0.0,0.03210616438356162,,,,,,
gex_follow,300,30,IS,777,0.3326198630136986,0.5135135135135135,-0.667953667953668,0.5,0.13490179762895835,0.510939510939511,0.506578947368421,-0.018592650870048133,0.013513513513513487,2336.0,14.50836550836551,15.147039897039898,0.5321061643835616,0.8002996575342466,-1.4682533254879147
gex_fade,300,30,IS,777,0.3326198630136986,0.47104247104247104,0.667953667953668,-0.5,-0.13490179762895835,0.47876447876447875,0.4934210526315789,-0.061063693341090575,-0.028957528957528955,2336.0,15.147039897039898,14.50836550836551,0.5321061643835616,0.8002996575342466,-0.13234598958057864
pc_follow,300,30,IS,457,0.1956335616438356,0.5229759299781181,-0.8577680525164114,0.75,0.14353023611994045,0.49671772428884026,0.5077605321507761,-0.009130234405443471,0.022975929978118148,2336.0,13.135120350109409,15.200765864332604,0.5321061643835616,0.8002996575342466,-1.658067710050658
pc_fade,300,30,IS,457,0.1956335616438356,0.4660831509846827,0.8577680525164114,-0.75,-0.14353023611994045,0.49452954048140046,0.49223946784922396,-0.0660230133988789,-0.033916849015317274,2336.0,15.200765864332604,13.135120350109409,0.5321061643835616,0.8002996575342466,0.05746839498216483
putz_follow,300,30,IS,267,0.11429794520547945,0.5093632958801498,3.539325842696629,0.25,0.19840160440468738,0.5318352059925093,0.5,-0.022742868503411784,0.009363295880149836,2336.0,12.045880149812733,9.491573033707866,0.5321061643835616,0.8002996575342466,2.7390261851623827
putz_fade,300,30,IS,267,0.11429794520547945,0.4756554307116105,-3.539325842696629,-0.25,-0.19840160440468738,0.4606741573033708,0.5,-0.05645073367195114,-0.024344569288389517,2336.0,9.491573033707866,12.045880149812733,0.5321061643835616,0.8002996575342466,-4.339625500230876
UNCOND_LONG,300,45,IS,2336,1.0,0.5102739726027398,0.3806720890410959,0.25,-0.07272951182799679,0.5077054794520548,0.5134776844896155,0.0,0.010273972602739767,,,,,,
gex_follow,300,45,IS,777,0.3326198630136986,0.4800514800514801,-1.7345559845559846,-0.5,-0.1558064547926216,0.48906048906048905,0.5026525198938993,-0.030222492551259694,-0.019948519948519927,2336.0,18.36936936936937,19.26061776061776,0.5102739726027398,0.3806720890410959,-2.1152280735970805
gex_fade,300,45,IS,777,0.3326198630136986,0.5122265122265123,1.7345559845559846,0.5,0.1558064547926216,0.5032175032175032,0.4973474801061008,0.001952539623772509,0.012226512226512276,2336.0,19.26061776061776,18.36936936936937,0.5102739726027398,0.3806720890410959,1.3538838955148886
pc_follow,300,45,IS,457,0.1956335616438356,0.5229759299781181,-1.211706783369803,1.0,0.11528373005800267,0.487964989059081,0.5033557046979866,0.012701957375378381,0.022975929978118148,2336.0,16.994529540481402,18.461706783369802,0.5102739726027398,0.3806720890410959,-1.592378872410899
pc_fade,300,45,IS,457,0.1956335616438356,0.4617067833698031,1.211706783369803,-1.0,-0.11528373005800267,0.5054704595185996,0.4966442953020134,-0.04856718923293668,-0.03829321663019691,2336.0,18.461706783369802,16.994529540481402,0.5102739726027398,0.3806720890410959,0.831034694328707
putz_follow,300,45,IS,267,0.11429794520547945,0.5880149812734082,5.228464419475656,2.25,0.563046114702953,0.5393258426966292,0.4980694980694981,0.07774100867066847,0.08801498127340823,2336.0,16.147940074906366,11.932584269662922,0.5102739726027398,0.3806720890410959,4.84779233043456
putz_fade,300,45,IS,267,0.11429794520547945,0.40074906367041196,-5.228464419475656,-2.25,-0.563046114702953,0.45318352059925093,0.5019305019305019,-0.1095249089323278,-0.09925093632958804,2336.0,11.932584269662922,16.147940074906366,0.5102739726027398,0.3806720890410959,-5.609136508516752
UNCOND_LONG,300,60,IS,2336,1.0,0.5196917808219178,0.456763698630137,0.5,-0.009607159182330417,0.5051369863013698,0.513537505548158,0.0,0.019691780821917804,,,,,,
gex_follow,300,60,IS,777,0.3326198630136986,0.46332046332046334,-1.414092664092664,-1.0,-0.17062873595204348,0.4851994851994852,0.50199203187251,-0.056371317501454465,-0.03667953667953666,2336.0,20.75900900900901,22.18018018018018,0.5196917808219178,0.456763698630137,-1.870856362722801
gex_fade,300,60,IS,777,0.3326198630136986,0.528957528957529,1.414092664092664,1.0,0.17062873595204348,0.5083655083655083,0.49800796812749004,0.009265748135611207,0.02895752895752901,2336.0,22.18018018018018,20.75900900900901,0.5196917808219178,0.456763698630137,0.9573289654625271
pc_follow,300,60,IS,457,0.1956335616438356,0.49015317286652077,-1.0333698030634573,-0.25,0.07283080741607773,0.5010940919037199,0.503370786516854,-0.029538607955397034,-0.00984682713347923,2336.0,19.28172866520788,21.239606126914662,0.5196917808219178,0.456763698630137,-1.4901335016935944
pc_fade,300,60,IS,457,0.1956335616438356,0.5010940919037199,1.0333698030634573,0.25,-0.07283080741607773,0.49015317286652077,0.4966292134831461,-0.018597688918197908,0.001094091903719896,2336.0,21.239606126914662,19.28172866520788,0.5196917808219178,0.456763698630137,0.5766061044333203
putz_follow,300,60,IS,267,0.11429794520547945,0.6179775280898876,5.706928838951311,2.25,0.6068241517620354,0.5617977528089888,0.4980544747081712,0.09828574726796979,0.1179775280898876,2336.0,18.79868913857678,13.832397003745319,0.5196917808219178,0.456763698630137,5.250165140321173
putz_fade,300,60,IS,267,0.11429794520547945,0.37453183520599254,-5.706928838951311,-2.25,-0.6068241517620354,0.4307116104868914,0.5019455252918288,-0.14515994561592527,-0.12546816479400746,2336.0,13.832397003745319,18.79868913857678,0.5196917808219178,0.456763698630137,-6.163692537581448
UNCOND_LONG,300,5,Validation,747,1.0,0.5073627844712182,0.06358768406961178,0.5,0.013617754125285179,0.47925033467202144,0.49606299212598426,0.0,0.007362784471218187,,,,,,
gex_follow,300,5,Validation,631,0.8447121820615796,0.5023771790808241,-0.28288431061806657,0.25,-0.03889292075546454,0.508716323296355,0.4972067039106145,-0.0049856053903940545,0.002377179080824132,747.0,12.23811410459588,12.183042789223455,0.5073627844712182,0.06358768406961178,-0.34647199468767836
gex_fade,300,5,Validation,631,0.8447121820615796,0.4865293185419968,0.28288431061806657,-0.25,0.03889292075546454,0.48177496038034867,0.5027932960893855,-0.020833465929221362,-0.013470681458003175,747.0,12.183042789223455,12.23811410459588,0.5073627844712182,0.06358768406961178,0.21929662654845478
pc_follow,300,5,Validation,174,0.23293172690763053,0.5,-0.8017241379310345,0.125,-0.08726931088519412,0.4827586206896552,0.49019607843137253,-0.007362784471218187,0.0,747.0,14.705459770114942,15.547413793103448,0.5073627844712182,0.06358768406961178,-0.8653118220006463
pc_fade,300,5,Validation,174,0.23293172690763053,0.47701149425287354,0.8017241379310345,-0.125,0.08726931088519412,0.5057471264367817,0.5098039215686274,-0.03035129021834465,-0.022988505747126464,747.0,15.547413793103448,14.705459770114942,0.5073627844712182,0.06358768406961178,0.7381364538614227
putz_follow,300,5,Validation,80,0.107095046854083,0.5875,1.2125,2.5,0.20005987175264822,0.6,0.6268656716417911,0.08013721552878184,0.08750000000000002,747.0,11.3,10.959375,0.5073627844712182,0.06358768406961178,1.1489123159303882
putz_fade,300,5,Validation,80,0.107095046854083,0.4125,-1.2125,-2.5,-0.20005987175264822,0.3875,0.373134328358209,-0.09486278447121821,-0.08750000000000002,747.0,10.959375,11.3,0.5073627844712182,0.06358768406961178,-1.2760876840696116
UNCOND_LONG,300,10,Validation,747,1.0,0.5461847389558233,1.8878848728246318,2.0,0.1347189283117657,0.499330655957162,0.5097493036211699,0.0,0.04618473895582331,,,,,,
gex_follow,300,10,Validation,631,0.8447121820615796,0.49128367670364503,-0.4837559429477021,-0.5,-0.040648428518077595,0.5055467511885895,0.49337748344370863,-0.05490106225217828,-0.008716323296354966,747.0,16.66283676703645,17.217908082408876,0.5461847389558233,1.8878848728246318,-2.371640815772334
gex_fade,300,10,Validation,631,0.8447121820615796,0.5071315372424723,0.4837559429477021,0.5,0.040648428518077595,0.49128367670364503,0.5066225165562914,-0.03905320171335103,0.007131537242472286,747.0,17.217908082408876,16.66283676703645,0.5461847389558233,1.8878848728246318,-1.4041289298769297
pc_follow,300,10,Validation,174,0.23293172690763053,0.5057471264367817,-2.435344827586207,0.25,-0.10239005948400522,0.5287356321839081,0.47904191616766467,-0.040437612519041655,0.005747126436781658,747.0,20.129310344827587,22.485632183908045,0.5461847389558233,1.8878848728246318,-4.323229700410838
pc_fade,300,10,Validation,174,0.23293172690763053,0.4942528735632184,2.435344827586207,-0.25,0.10239005948400522,0.47126436781609193,0.5209580838323353,-0.051931865392604915,-0.005747126436781602,747.0,22.485632183908045,20.129310344827587,0.5461847389558233,1.8878848728246318,0.547459954761575
putz_follow,300,10,Validation,80,0.107095046854083,0.6,0.653125,2.125,0.09887452105671982,0.6,0.6363636363636364,0.053815261044176665,0.09999999999999998,747.0,14.5625,13.71875,0.5461847389558233,1.8878848728246318,-1.2347598728246318
putz_fade,300,10,Validation,80,0.107095046854083,0.4,-0.653125,-2.125,-0.09887452105671982,0.4,0.36363636363636365,-0.1461847389558233,-0.09999999999999998,747.0,13.71875,14.5625,0.5461847389558233,1.8878848728246318,-2.541009872824632
UNCOND_LONG,300,15,Validation,747,1.0,0.536813922356091,2.4186746987951806,2.25,0.15692121720015637,0.5220883534136547,0.5156889495225102,0.0,0.036813922356091044,,,,,,
gex_follow,300,15,Validation,631,0.8447121820615796,0.4896988906497623,-0.562202852614897,-0.5,0.0020785037314513845,0.4960380348652932,0.4935275080906149,-0.04711503170632875,-0.010301109350237703,747.0,20.573692551505548,21.44770206022187,0.536813922356091,2.4186746987951806,-2.9808775514100776
gex_fade,300,15,Validation,631,0.8447121820615796,0.508716323296355,0.562202852614897,0.5,-0.0020785037314513845,0.49920760697305866,0.5064724919093851,-0.028097599059736078,0.008716323296354966,747.0,21.44770206022187,20.573692551505548,0.536813922356091,2.4186746987951806,-1.8564718461802836
pc_follow,300,15,Validation,174,0.23293172690763053,0.45977011494252873,-3.329022988505747,-1.75,-0.11430044586587793,0.5057471264367817,0.46745562130177515,-0.07704380741356232,-0.04022988505747127,747.0,25.346264367816094,28.469827586206897,0.536813922356091,2.4186746987951806,-5.747697687300928
pc_fade,300,15,Validation,174,0.23293172690763053,0.5402298850574713,3.329022988505747,1.75,0.11430044586587793,0.4885057471264368,0.5325443786982249,0.0034159627013802263,0.04022988505747127,747.0,28.469827586206897,25.346264367816094,0.536813922356091,2.4186746987951806,0.9103482897105666
putz_follow,300,15,Validation,80,0.107095046854083,0.55,1.70625,2.625,0.17013870375967843,0.575,0.6363636363636364,0.013186077643909,0.050000000000000044,747.0,18.3375,16.746875,0.536813922356091,2.4186746987951806,-0.7124246987951806
putz_fade,300,15,Validation,80,0.107095046854083,0.45,-1.70625,-2.625,-0.17013870375967843,0.4125,0.36363636363636365,-0.08681392235609103,-0.04999999999999999,747.0,16.746875,18.3375,0.536813922356091,2.4186746987951806,-4.124924698795181
UNCOND_LONG,300,30,Validation,747,1.0,0.535475234270415,2.9832663989290493,3.25,0.23822662191114788,0.5314591700133868,0.5163043478260869,0.0,0.03547523427041499,,,,,,
gex_follow,300,30,Validation,631,0.8447121820615796,0.5071315372424723,-1.3090332805071316,0.75,-0.022148650714771043,0.5182250396196514,0.49356913183279744,-0.028343697027942705,0.007131537242472286,747.0,28.59786053882726,29.53011093502377,0.535475234270415,2.9832663989290493,-4.292299679436181
gex_fade,300,30,Validation,631,0.8447121820615796,0.49128367670364503,1.3090332805071316,-0.75,0.022148650714771043,0.48019017432646594,0.5064308681672026,-0.04419155756676996,-0.008716323296354966,747.0,29.53011093502377,28.59786053882726,0.535475234270415,2.9832663989290493,-1.6742331184219177
pc_follow,300,30,Validation,174,0.23293172690763053,0.47126436781609193,-5.918103448275862,-2.75,-0.2611729361841598,0.45977011494252873,0.47368421052631576,-0.06421086645432306,-0.028735632183908066,747.0,33.73132183908046,39.41522988505747,0.535475234270415,2.9832663989290493,-8.901369847204911
pc_fade,300,30,Validation,174,0.23293172690763053,0.5287356321839081,5.918103448275862,2.75,0.2611729361841598,0.5402298850574713,0.5263157894736842,-0.006739602086506924,0.028735632183908066,747.0,39.41522988505747,33.73132183908046,0.535475234270415,2.9832663989290493,2.9348370493468128
putz_follow,300,30,Validation,80,0.107095046854083,0.4625,1.571875,-2.75,0.09321512429478432,0.5,0.6282051282051282,-0.07297523427041497,-0.03749999999999998,747.0,25.175,24.615625,0.535475234270415,2.9832663989290493,-1.4113913989290494
putz_fade,300,30,Validation,80,0.107095046854083,0.5375,-1.571875,2.75,-0.09321512429478432,0.5,0.3717948717948718,0.0020247657295849875,0.03749999999999998,747.0,24.615625,25.175,0.535475234270415,2.9832663989290493,-4.555141398929049
UNCOND_LONG,300,45,Validation,747,1.0,0.5314591700133868,2.1208165997322626,2.5,0.22448081596756608,0.5167336010709505,0.5156462585034014,0.0,0.03145917001338683,,,,,,
gex_follow,300,45,Validation,631,0.8447121820615796,0.4754358161648177,-1.9484944532488113,-2.25,-0.09132389349569577,0.4896988906497623,0.49356913183279744,-0.0560233538485691,-0.024564183835182274,747.0,35.718304278922346,37.41679873217116,0.5314591700133868,2.1208165997322626,-4.069311052981074
gex_fade,300,45,Validation,631,0.8447121820615796,0.5245641838351822,1.9484944532488113,2.25,0.09132389349569577,0.5071315372424723,0.5064308681672026,-0.00689498617820461,0.02456418383518222,747.0,37.41679873217116,35.718304278922346,0.5314591700133868,2.1208165997322626,-0.17232214648345123
pc_follow,300,45,Validation,174,0.23293172690763053,0.43103448275862066,-7.237068965517241,-10.75,-0.4036386581720921,0.42528735632183906,0.47368421052631576,-0.10042468725476617,-0.06896551724137934,747.0,43.331896551724135,51.96120689655172,0.5314591700133868,2.1208165997322626,-9.357885565249504
pc_fade,300,45,Validation,174,0.23293172690763053,0.5689655172413793,7.237068965517241,10.75,0.4036386581720921,0.5747126436781609,0.5263157894736842,0.03750634722799251,0.06896551724137934,747.0,51.96120689655172,43.331896551724135,0.5314591700133868,2.1208165997322626,5.1162523657849786
putz_follow,300,45,Validation,80,0.107095046854083,0.5375,2.196875,1.25,0.3460955863064043,0.5125,0.6282051282051282,0.00604082998661315,0.03749999999999998,747.0,31.571875,30.953125,0.5314591700133868,2.1208165997322626,0.07605840026773736
putz_fade,300,45,Validation,80,0.107095046854083,0.4625,-2.196875,-1.25,-0.3460955863064043,0.475,0.3717948717948718,-0.0689591700133868,-0.03749999999999998,747.0,30.953125,31.571875,0.5314591700133868,2.1208165997322626,-4.317691599732262
UNCOND_LONG,300,60,Validation,747,1.0,0.5274431057563588,2.035475234270415,2.75,0.2555654864568665,0.5180722891566265,0.5149863760217984,0.0,0.027443105756358777,,,,,,
gex_follow,300,60,Validation,631,0.8447121820615796,0.48335974643423135,-1.7809033280507132,-1.25,-0.1185679538884048,0.48811410459587956,0.4943639291465378,-0.044083359322127424,-0.016640253565768648,747.0,40.12361331220285,42.496830427892235,0.5274431057563588,2.035475234270415,-3.816378562321128
gex_fade,300,60,Validation,631,0.8447121820615796,0.5150554675118859,1.7809033280507132,1.25,0.1185679538884048,0.5118858954041204,0.5056360708534622,-0.012387638244472865,0.015055467511885912,747.0,42.496830427892235,40.12361331220285,0.5274431057563588,2.035475234270415,-0.2545719062197018
pc_follow,300,60,Validation,174,0.23293172690763053,0.4425287356321839,-9.01580459770115,-6.0,-0.6345374021589537,0.41954022988505746,0.47368421052631576,-0.08491437012417485,-0.05747126436781608,747.0,48.44396551724138,58.40229885057471,0.5274431057563588,2.035475234270415,-11.051279831971565
pc_fade,300,60,Validation,174,0.23293172690763053,0.5574712643678161,9.01580459770115,6.0,0.6345374021589537,0.5804597701149425,0.5263157894736842,0.030028158611457356,0.05747126436781613,747.0,58.40229885057471,48.44396551724138,0.5274431057563588,2.035475234270415,6.9803293634307355
putz_follow,300,60,Validation,80,0.107095046854083,0.5875,0.771875,4.625,0.3991372900714901,0.475,0.6282051282051282,0.060056894243641246,0.08750000000000002,747.0,36.4,35.390625,0.5274431057563588,2.035475234270415,-1.263600234270415
putz_fade,300,60,Validation,80,0.107095046854083,0.4125,-0.771875,-4.625,-0.3991372900714901,0.5125,0.3717948717948718,-0.1149431057563588,-0.08750000000000002,747.0,35.390625,36.4,0.5274431057563588,2.035475234270415,-2.807350234270415
UNCOND_LONG,300,5,OOS,397,1.0,0.5188916876574308,-0.2865239294710327,0.5,0.04795952224675665,0.48614609571788414,0.5087209302325582,0.0,0.018891687657430767,,,,,,
gex_follow,300,5,OOS,372,0.9370277078085643,0.510752688172043,0.9543010752688172,0.5,0.02021692036128598,0.5134408602150538,0.4953560371517028,-0.008138999485387766,0.010752688172043001,397.0,14.78763440860215,13.713709677419354,0.5188916876574308,-0.2865239294710327,1.24082500473985
gex_fade,300,5,OOS,372,0.9370277078085643,0.4838709677419355,-0.9543010752688172,-0.5,-0.02021692036128598,0.48118279569892475,0.5046439628482973,-0.03502071991549527,-0.016129032258064502,397.0,13.713709677419354,14.78763440860215,0.5188916876574308,-0.2865239294710327,-0.6677771457977846
UNCOND_LONG,300,10,OOS,397,1.0,0.48866498740554154,-0.16750629722921914,-0.25,-0.01268152838386928,0.48866498740554154,0.4934725848563969,0.0,-0.01133501259445846,,,,,,
gex_follow,300,10,OOS,372,0.9370277078085643,0.521505376344086,-0.5477150537634409,0.875,-0.0045059001342182495,0.5188172043010753,0.5041782729805014,0.03284038893854446,0.021505376344086002,397.0,19.965725806451612,19.769489247311828,0.48866498740554154,-0.16750629722921914,-0.3802087565342217
gex_fade,300,10,OOS,372,0.9370277078085643,0.47043010752688175,0.5477150537634409,-0.875,0.0045059001342182495,0.48118279569892475,0.4958217270194986,-0.018234879878659793,-0.029569892473118253,397.0,19.769489247311828,19.965725806451612,0.48866498740554154,-0.16750629722921914,0.71522135099266
UNCOND_LONG,300,15,OOS,397,1.0,0.44080604534005036,-2.0963476070528966,-2.5,-0.17049299154008474,0.48866498740554154,0.4895833333333333,0.0,-0.059193954659949644,,,,,,
gex_follow,300,15,OOS,372,0.9370277078085643,0.5403225806451613,0.9005376344086021,1.75,0.08943072493004119,0.5053763440860215,0.5097493036211699,0.0995165353051109,0.040322580645161255,397.0,24.601478494623656,24.313172043010752,0.44080604534005036,-2.0963476070528966,2.9968852414614986
gex_fade,300,15,OOS,372,0.9370277078085643,0.4543010752688172,-0.9005376344086021,-1.75,-0.08943072493004119,0.4946236559139785,0.49025069637883006,0.013495029928766833,-0.04569892473118281,397.0,24.313172043010752,24.601478494623656,0.44080604534005036,-2.0963476070528966,1.1958099726442946
UNCOND_LONG,300,30,OOS,397,1.0,0.48866498740554154,-3.6442065491183877,-1.0,-0.2872258517739359,0.47103274559193953,0.4856396866840731,0.0,-0.01133501259445846,,,,,,
gex_follow,300,30,OOS,372,0.9370277078085643,0.5349462365591398,3.183467741935484,2.375,0.2537256997795042,0.5161290322580645,0.5083798882681564,0.046281249153598214,0.034946236559139754,397.0,36.01075268817204,34.141129032258064,0.48866498740554154,-3.6442065491183877,6.827674291053872
gex_fade,300,30,OOS,372,0.9370277078085643,0.4650537634408602,-3.183467741935484,-2.375,-0.2537256997795042,0.4838709677419355,0.49162011173184356,-0.02361122396468135,-0.03494623655913981,397.0,34.141129032258064,36.01075268817204,0.48866498740554154,-3.6442065491183877,0.4607388071829037
UNCOND_LONG,300,45,OOS,397,1.0,0.5012594458438288,-4.488664987405541,0.25,-0.24934814498487362,0.491183879093199,0.4881889763779528,0.0,0.0012594458438287548,,,,,,
gex_follow,300,45,OOS,372,0.9370277078085643,0.5053763440860215,4.06989247311828,0.375,0.1613328075808322,0.5,0.5056179775280899,0.004116898242192746,0.005376344086021501,397.0,45.0255376344086,42.339381720430104,0.5012594458438288,-4.488664987405541,8.558557460523822
gex_fade,300,45,OOS,372,0.9370277078085643,0.4946236559139785,-4.06989247311828,-0.375,-0.1613328075808322,0.49731182795698925,0.4943820224719101,-0.006635789929850255,-0.005376344086021501,397.0,42.339381720430104,45.0255376344086,0.5012594458438288,-4.488664987405541,0.41877251428726137
UNCOND_LONG,300,60,OOS,397,1.0,0.49370277078085645,-5.866498740554156,-1.5,-0.354228880687512,0.47103274559193953,0.49076517150395776,0.0,-0.006297229219143552,,,,,,
gex_follow,300,60,OOS,372,0.9370277078085643,0.5349462365591398,5.28494623655914,4.0,0.231660419828465,0.5080645161290323,0.5028248587570622,0.041243465778283306,0.034946236559139754,397.0,52.311155913978496,48.321236559139784,0.49370277078085645,-5.866498740554156,11.151444977113297
gex_fade,300,60,OOS,372,0.9370277078085643,0.4650537634408602,-5.28494623655914,-4.0,-0.231660419828465,0.49193548387096775,0.4971751412429379,-0.028649007339996257,-0.03494623655913981,397.0,48.321236559139784,52.311155913978496,0.49370277078085645,-5.866498740554156,0.5815525039950158
UNCOND_LONG,315,5,IS,2336,1.0,0.4948630136986301,0.02482876712328767,0.0,-0.029878665771173166,0.4910102739726027,0.49607458292443574,0.0,-0.0051369863013698835,,,,,,
gex_follow,315,5,IS,777,0.3326198630136986,0.5032175032175032,-0.1406048906048906,0.25,0.06687859380930655,0.5186615186615187,0.5282738095238095,0.008354489518873132,0.003217503217503248,2336.0,6.032818532818533,6.055019305019305,0.4948630136986301,0.02482876712328767,-0.16543365772817825
gex_fade,315,5,IS,777,0.3326198630136986,0.462033462033462,0.1406048906048906,-0.25,-0.06687859380930655,0.4543114543114543,0.47172619047619047,-0.0328295516651681,-0.03796653796653798,2336.0,6.055019305019305,6.032818532818533,0.4948630136986301,0.02482876712328767,0.11577612348160292
pc_follow,315,5,IS,457,0.1956335616438356,0.5164113785557987,-0.3227571115973742,0.25,0.05120101110527645,0.5273522975929978,0.5297029702970297,0.021548364857168545,0.01641137855579866,2336.0,5.936542669584245,5.703501094091903,0.4948630136986301,0.02482876712328767,-0.3475858787206619
pc_fade,315,5,IS,457,0.1956335616438356,0.4551422319474836,0.3227571115973742,-0.25,-0.05120101110527645,0.45295404814004375,0.47029702970297027,-0.03972078175114652,-0.0448577680525164,2336.0,5.703501094091903,5.936542669584245,0.4948630136986301,0.02482876712328767,0.2979283444740865
putz_follow,315,5,IS,267,0.11429794520547945,0.49063670411985016,0.8885767790262172,0.0,0.030459833839210207,0.4943820224719101,0.5208333333333334,-0.004226309578779952,-0.009363295880149836,2336.0,4.921348314606742,4.119850187265918,0.4948630136986301,0.02482876712328767,0.8637480119029296
putz_fade,315,5,IS,267,0.11429794520547945,0.48314606741573035,-0.8885767790262172,0.0,-0.030459833839210207,0.48314606741573035,0.4791666666666667,-0.011716946282899765,-0.01685393258426965,2336.0,4.119850187265918,4.921348314606742,0.4948630136986301,0.02482876712328767,-0.9134055461495049
UNCOND_LONG,315,10,IS,2336,1.0,0.4987157534246575,0.363548801369863,0.0,0.022106900656292994,0.4940068493150685,0.4946808510638298,0.0,-0.0012842465753424848,,,,,,
gex_follow,315,10,IS,777,0.3326198630136986,0.4929214929214929,-0.47554697554697556,0.0,0.044011353264394995,0.5006435006435006,0.5199468085106383,-0.005794260503164617,-0.007078507078507101,2336.0,8.337837837837839,8.775096525096526,0.4987157534246575,0.363548801369863,-0.8390957769168386
gex_fade,315,10,IS,777,0.3326198630136986,0.4877734877734878,0.47554697554697556,0.0,-0.044011353264394995,0.4826254826254826,0.4800531914893617,-0.010942265651169736,-0.01222651222651222,2336.0,8.775096525096526,8.337837837837839,0.4987157534246575,0.363548801369863,0.11199817417711255
pc_follow,315,10,IS,457,0.1956335616438356,0.49452954048140046,-0.7510940919037199,0.0,-0.026316224512336193,0.49452954048140046,0.5212527964205816,-0.0041862129432570505,-0.005470459518599535,2336.0,7.901531728665208,8.707330415754923,0.4987157534246575,0.363548801369863,-1.114642893273583
pc_fade,315,10,IS,457,0.1956335616438356,0.487964989059081,0.7510940919037199,0.0,0.026316224512336193,0.487964989059081,0.47874720357941836,-0.010750764365576537,-0.012035010940919022,2336.0,8.707330415754923,7.901531728665208,0.4987157534246575,0.363548801369863,0.3875452905338569
putz_follow,315,10,IS,267,0.11429794520547945,0.5318352059925093,2.6198501872659175,0.5,0.2149136127763817,0.5056179775280899,0.5152671755725191,0.033119452567851815,0.03183520599250933,2336.0,7.344569288389513,5.335205992509363,0.4987157534246575,0.363548801369863,2.2563013858960543
putz_fade,315,10,IS,267,0.11429794520547945,0.42696629213483145,-2.6198501872659175,-0.5,-0.2149136127763817,0.4794007490636704,0.4847328244274809,-0.07174946128982607,-0.07303370786516855,2336.0,5.335205992509363,7.344569288389513,0.4987157534246575,0.363548801369863,-2.9833989886357806
UNCOND_LONG,315,15,IS,2336,1.0,0.5085616438356164,0.6727311643835616,0.25,0.05121851839668816,0.4961472602739726,0.49256993006993005,0.0,0.008561643835616417,,,,,,
gex_follow,315,15,IS,777,0.3326198630136986,0.5019305019305019,-0.3584298584298584,0.25,0.05658725277295305,0.5122265122265123,0.5196850393700787,-0.00663114190511449,0.0019305019305019266,2336.0,10.492599742599742,10.666988416988417,0.5085616438356164,0.6727311643835616,-1.03116102281342
gex_fade,315,15,IS,777,0.3326198630136986,0.4877734877734878,0.3584298584298584,-0.25,-0.05658725277295305,0.4697554697554698,0.48031496062992124,-0.020788156062128638,-0.01222651222651222,2336.0,10.666988416988417,10.492599742599742,0.5085616438356164,0.6727311643835616,-0.3143013059537032
pc_follow,315,15,IS,457,0.1956335616438356,0.5185995623632386,-0.32439824945295404,0.25,0.08099491670260227,0.5032822757111597,0.5177777777777778,0.010037918527622147,0.018599562363238564,2336.0,9.953501094091903,10.574398249452955,0.5085616438356164,0.6727311643835616,-0.9971294138365157
pc_fade,315,15,IS,457,0.1956335616438356,0.4638949671772429,0.32439824945295404,-0.25,-0.08099491670260227,0.474835886214442,0.4822222222222222,-0.04466667665837354,-0.03610503282275712,2336.0,10.574398249452955,9.953501094091903,0.5085616438356164,0.6727311643835616,-0.3483329149306076
putz_follow,315,15,IS,267,0.11429794520547945,0.5393258426966292,2.847378277153558,0.5,0.15596268867402704,0.5393258426966292,0.5134099616858238,0.03076419886101278,0.0393258426966292,2336.0,9.117041198501873,6.355805243445693,0.5085616438356164,0.6727311643835616,2.1746471127699962
putz_fade,315,15,IS,267,0.11429794520547945,0.4344569288389513,-2.847378277153558,-0.5,-0.15596268867402704,0.4419475655430712,0.48659003831417624,-0.0741047149966651,-0.06554307116104868,2336.0,6.355805243445693,9.117041198501873,0.5085616438356164,0.6727311643835616,-3.5201094415371195
UNCOND_LONG,315,30,IS,2336,1.0,0.5021404109589042,0.253103595890411,0.25,-0.09817268971344865,0.4858732876712329,0.49318081830180377,0.0,0.0021404109589041598,,,,,,
gex_follow,315,30,IS,777,0.3326198630136986,0.4723294723294723,-1.425032175032175,-0.75,-0.23212585183814954,0.49163449163449163,0.5165125495376486,-0.02981093862943185,-0.02767052767052769,2336.0,15.32979407979408,15.8503861003861,0.5021404109589042,0.253103595890411,-1.678135770922586
gex_fade,315,30,IS,777,0.3326198630136986,0.5276705276705277,1.425032175032175,0.75,0.23212585183814954,0.5006435006435006,0.48348745046235136,0.02553011671162353,0.02767052767052769,2336.0,15.8503861003861,15.32979407979408,0.5021404109589042,0.253103595890411,1.1719285791417642
pc_follow,315,30,IS,457,0.1956335616438356,0.5098468271334792,-0.6783369803063457,0.5,0.06747612560324802,0.5098468271334792,0.5167037861915368,0.007706416174575015,0.009846827133479175,2336.0,14.706236323851204,14.799234135667396,0.5021404109589042,0.253103595890411,-0.9314405761967567
pc_fade,315,30,IS,457,0.1956335616438356,0.48358862144420134,0.6783369803063457,-0.5,-0.06747612560324802,0.47921225382932164,0.48329621380846327,-0.01855178951470282,-0.01641137855579866,2336.0,14.799234135667396,14.706236323851204,0.5021404109589042,0.253103595890411,0.4252333844159347
putz_follow,315,30,IS,267,0.11429794520547945,0.5880149812734082,4.536516853932584,2.25,0.5211418635483817,0.5655430711610487,0.5155038759689923,0.08587457031450407,0.08801498127340823,2336.0,13.901685393258427,9.44569288389513,0.5021404109589042,0.253103595890411,4.283413258042173
putz_fade,315,30,IS,267,0.11429794520547945,0.4044943820224719,-4.536516853932584,-2.25,-0.5211418635483817,0.41198501872659177,0.4844961240310077,-0.09764602893643226,-0.0955056179775281,2336.0,9.44569288389513,13.901685393258427,0.5021404109589042,0.253103595890411,-4.789620449822995
UNCOND_LONG,315,45,IS,2336,1.0,0.5141267123287672,0.3291952054794521,0.5,-0.049107535522833756,0.4914383561643836,0.49248452696728556,0.0,0.014126712328767166,,,,,,
gex_follow,315,45,IS,777,0.3326198630136986,0.4555984555984556,-1.1045688545688546,-1.0,-0.2489208597133622,0.4864864864864865,0.5165562913907285,-0.05852825673031159,-0.044401544401544424,2336.0,18.20817245817246,19.283462033462033,0.5141267123287672,0.3291952054794521,-1.4337640600483066
gex_fade,315,45,IS,777,0.3326198630136986,0.5341055341055341,1.1045688545688546,1.0,0.2489208597133622,0.5070785070785071,0.48344370860927155,0.01997882177676691,0.034105534105534074,2336.0,19.283462033462033,18.20817245817246,0.5141267123287672,0.3291952054794521,0.7753736490894025
pc_follow,315,45,IS,457,0.1956335616438356,0.4923413566739606,-0.5,0.0,0.011191920372818858,0.5207877461706784,0.515625,-0.02178535565480655,-0.007658643326039383,2336.0,17.445295404814004,17.98140043763676,0.5141267123287672,0.3291952054794521,-0.829195205479452
pc_fade,315,45,IS,457,0.1956335616438356,0.49452954048140046,0.5,0.0,-0.011191920372818858,0.4682713347921225,0.484375,-0.0195971718473667,-0.005470459518599535,2336.0,17.98140043763676,17.445295404814004,0.5141267123287672,0.3291952054794521,0.17080479452054792
putz_follow,315,45,IS,267,0.11429794520547945,0.5917602996254682,5.01498127340824,1.75,0.5647319732230177,0.5617977528089888,0.515625,0.077633587296701,0.09176029962546817,2336.0,17.030898876404493,11.624531835205993,0.5141267123287672,0.3291952054794521,4.685786067928787
putz_fade,315,45,IS,267,0.11429794520547945,0.40074906367041196,-5.01498127340824,-1.75,-0.5647319732230177,0.42696629213483145,0.484375,-0.1133776486583552,-0.09925093632958804,2336.0,11.624531835205993,17.030898876404493,0.5141267123287672,0.3291952054794521,-5.344176478887692
UNCOND_LONG,315,60,IS,2336,1.0,0.5342465753424658,0.7595248287671232,1.0,0.031025372422612635,0.5012842465753424,0.4917814304753443,0.0,0.03424657534246578,,,,,,
gex_follow,315,60,IS,777,0.3326198630136986,0.4877734877734878,-1.3404118404118404,-0.5,-0.20049089044344942,0.4697554697554698,0.516,-0.046473087568978,-0.01222651222651222,2336.0,21.38867438867439,22.812741312741313,0.5342465753424658,0.7595248287671232,-2.0999366691789634
gex_fade,315,60,IS,777,0.3326198630136986,0.5070785070785071,1.3404118404118404,0.5,0.20049089044344942,0.5238095238095238,0.484,-0.027168068263958678,0.007078507078507101,2336.0,22.812741312741313,21.38867438867439,0.5342465753424658,0.7595248287671232,0.5808870116447171
pc_follow,315,60,IS,457,0.1956335616438356,0.5207877461706784,-2.090262582056893,0.5,-0.18348337506302237,0.49671772428884026,0.5146726862302483,-0.013458829171787423,0.020787746170678356,2336.0,20.48030634573304,21.944201312910284,0.5342465753424658,0.7595248287671232,-2.849787410824016
pc_fade,315,60,IS,457,0.1956335616438356,0.4682713347921225,2.090262582056893,-0.5,0.18348337506302237,0.49452954048140046,0.4853273137697517,-0.06597524055034326,-0.03172866520787748,2336.0,21.944201312910284,20.48030634573304,0.5342465753424658,0.7595248287671232,1.3307377532897697
putz_follow,315,60,IS,267,0.11429794520547945,0.5543071161048689,3.635767790262172,1.25,0.1647920597237413,0.5580524344569289,0.515748031496063,0.020060540762403156,0.054307116104868935,2336.0,19.54868913857678,14.154494382022472,0.5342465753424658,0.7595248287671232,2.876242961495049
putz_fade,315,60,IS,267,0.11429794520547945,0.43820224719101125,-3.635767790262172,-1.25,-0.1647920597237413,0.4344569288389513,0.484251968503937,-0.09604432815145453,-0.06179775280898875,2336.0,14.154494382022472,19.54868913857678,0.5342465753424658,0.7595248287671232,-4.395292619029295
UNCOND_LONG,315,5,Validation,747,1.0,0.5087014725568942,-0.5435073627844712,0.25,-0.018841015862364696,0.47925033467202144,0.4845201238390093,0.0,0.00870147255689424,,,,,,
gex_follow,315,5,Validation,631,0.8447121820615796,0.5277337559429477,1.309825673534073,1.0,0.11606342327816216,0.5483359746434231,0.5259259259259259,0.01903228338605345,0.02773375594294769,747.0,12.276545166402535,11.13391442155309,0.5087014725568942,-0.5435073627844712,1.8533330363185443
gex_fade,315,5,Validation,631,0.8447121820615796,0.4659270998415214,-1.309825673534073,-1.0,-0.11606342327816216,0.44532488114104596,0.4740740740740741,-0.04277437271537282,-0.03407290015847858,747.0,11.13391442155309,12.276545166402535,0.5087014725568942,-0.5435073627844712,-0.7663183107496018
pc_follow,315,5,Validation,174,0.23293172690763053,0.5057471264367817,0.07902298850574713,0.25,-0.016867712432687965,0.4942528735632184,0.4967741935483871,-0.002954346120112583,0.005747126436781658,747.0,15.452586206896552,15.185344827586206,0.5087014725568942,-0.5435073627844712,0.6225303512902183
pc_fade,315,5,Validation,174,0.23293172690763053,0.4942528735632184,-0.07902298850574713,-0.25,0.016867712432687965,0.4942528735632184,0.5032258064516129,-0.014448598993675843,-0.005747126436781602,747.0,15.185344827586206,15.452586206896552,0.5087014725568942,-0.5435073627844712,0.4644843742787241
putz_follow,315,5,Validation,80,0.107095046854083,0.5125,-0.853125,0.375,-0.1500632340416717,0.45,0.4225352112676056,0.0037985274431057148,0.012499999999999956,747.0,9.359375,10.578125,0.5087014725568942,-0.5435073627844712,-0.3096176372155288
putz_fade,315,5,Validation,80,0.107095046854083,0.4875,0.853125,-0.375,0.1500632340416717,0.5375,0.5774647887323944,-0.021201472556894252,-0.012500000000000011,747.0,10.578125,9.359375,0.5087014725568942,-0.5435073627844712,1.3966323627844712
UNCOND_LONG,315,10,Validation,747,1.0,0.5113788487282463,0.5210843373493976,0.5,0.0790026425377614,0.5153949129852744,0.48005502063273725,0.0,0.011378848728246349,,,,,,
gex_follow,315,10,Validation,631,0.8447121820615796,0.5134706814580031,0.599445324881141,0.5,0.12286118479218266,0.5134706814580031,0.5277777777777778,0.0020918327297567707,0.01347068145800312,747.0,17.08557844690967,15.725435816164818,0.5113788487282463,0.5210843373493976,0.07836098753174336
gex_fade,315,10,Validation,631,0.8447121820615796,0.4786053882725832,-0.599445324881141,-0.5,-0.12286118479218266,0.48019017432646594,0.4722222222222222,-0.03277346045566315,-0.0213946117274168,747.0,15.725435816164818,17.08557844690967,0.5113788487282463,0.5210843373493976,-1.1205296622305387
pc_follow,315,10,Validation,174,0.23293172690763053,0.5057471264367817,-0.7988505747126436,0.25,0.0777359507531718,0.47701149425287354,0.49707602339181284,-0.005631722291464691,0.005747126436781658,747.0,21.238505747126435,21.19396551724138,0.5113788487282463,0.5210843373493976,-1.3199349120620414
pc_fade,315,10,Validation,174,0.23293172690763053,0.4885057471264368,0.7988505747126436,-0.25,-0.0777359507531718,0.5172413793103449,0.5029239766081871,-0.022873101601809553,-0.011494252873563204,747.0,21.19396551724138,21.238505747126435,0.5113788487282463,0.5210843373493976,0.277766237363246
putz_follow,315,10,Validation,80,0.107095046854083,0.55,-0.209375,1.375,-0.07596475162359341,0.475,0.46153846153846156,0.038621151271753695,0.050000000000000044,747.0,13.35625,15.040625,0.5113788487282463,0.5210843373493976,-0.7304593373493976
putz_fade,315,10,Validation,80,0.107095046854083,0.4375,0.209375,-1.375,0.07596475162359341,0.5125,0.5384615384615384,-0.07387884872824635,-0.0625,747.0,15.040625,13.35625,0.5113788487282463,0.5210843373493976,-0.31170933734939765
UNCOND_LONG,315,15,Validation,747,1.0,0.5341365461847389,0.5816599732262383,1.5,0.09161414865120207,0.5113788487282463,0.4782016348773842,0.0,0.034136546184738936,,,,,,
gex_follow,315,15,Validation,631,0.8447121820615796,0.5007923930269413,-0.7642630744849446,0.25,-0.004038596401656688,0.5039619651347068,0.5266558966074314,-0.033344153157797596,0.0007923930269413404,747.0,20.307052297939777,19.833597464342315,0.5341365461847389,0.5816599732262383,-1.345923047711183
gex_fade,315,15,Validation,631,0.8447121820615796,0.4960380348652932,0.7642630744849446,-0.25,0.004038596401656688,0.49445324881141045,0.47334410339256866,-0.03809851131944575,-0.003961965134706813,747.0,19.833597464342315,20.307052297939777,0.5341365461847389,0.5816599732262383,0.18260310125870627
pc_follow,315,15,Validation,174,0.23293172690763053,0.4885057471264368,-2.6149425287356323,-0.25,-0.1337644594644787,0.47701149425287354,0.49707602339181284,-0.04563079905830214,-0.011494252873563204,747.0,24.721264367816094,25.636494252873565,0.5341365461847389,0.5816599732262383,-3.1966025019618707
pc_fade,315,15,Validation,174,0.23293172690763053,0.5114942528735632,2.6149425287356323,0.25,0.1337644594644787,0.5229885057471264,0.5029239766081871,-0.022642293311175732,0.011494252873563204,747.0,25.636494252873565,24.721264367816094,0.5341365461847389,0.5816599732262383,2.033282555509394
putz_follow,315,15,Validation,80,0.107095046854083,0.45,-0.1125,-1.75,-0.09670084525478335,0.475,0.44871794871794873,-0.08413654618473893,-0.04999999999999999,747.0,16.534375,18.034375,0.5341365461847389,0.5816599732262383,-0.6941599732262383
putz_fade,315,15,Validation,80,0.107095046854083,0.5375,0.1125,1.75,0.09670084525478335,0.525,0.5512820512820513,0.0033634538152610416,0.03749999999999998,747.0,18.034375,16.534375,0.5341365461847389,0.5816599732262383,-0.4691599732262383
UNCOND_LONG,315,30,Validation,747,1.0,0.5408299866131191,-0.28078982597054886,3.0,0.07857423636234002,0.5127175368139224,0.4786795048143054,0.0,0.040829986613119096,,,,,,
gex_follow,315,30,Validation,631,0.8447121820615796,0.4532488114104596,-1.4037242472266245,-2.75,-0.0672128982792788,0.4928684627575277,0.5236541598694943,-0.08758117520265951,-0.046751188589540416,747.0,28.870047543581617,29.647385103011093,0.5408299866131191,-0.28078982597054886,-1.1229344212560757
gex_fade,315,30,Validation,631,0.8447121820615796,0.5435816164817749,1.4037242472266245,2.75,0.0672128982792788,0.5055467511885895,0.4763458401305057,0.002751629868655847,0.04358161648177494,747.0,29.647385103011093,28.870047543581617,0.5408299866131191,-0.28078982597054886,1.6845140731971733
pc_follow,315,30,Validation,174,0.23293172690763053,0.4367816091954023,-3.9339080459770117,-3.75,-0.2724965169715547,0.45977011494252873,0.4911242603550296,-0.10404837741771678,-0.06321839080459768,747.0,36.50143678160919,40.32471264367816,0.5408299866131191,-0.28078982597054886,-3.653118220006463
pc_fade,315,30,Validation,174,0.23293172690763053,0.5574712643678161,3.9339080459770117,3.75,0.2724965169715547,0.5402298850574713,0.5088757396449705,0.016641277754697037,0.05747126436781613,747.0,40.32471264367816,36.50143678160919,0.5408299866131191,-0.28078982597054886,4.2146978719475605
putz_follow,315,30,Validation,80,0.107095046854083,0.5625,0.5125,4.625,0.14989949268485023,0.525,0.45454545454545453,0.021670013386880904,0.0625,747.0,24.709375,26.24375,0.5408299866131191,-0.28078982597054886,0.7932898259705488
putz_fade,315,30,Validation,80,0.107095046854083,0.425,-0.5125,-4.625,-0.14989949268485023,0.4625,0.5454545454545454,-0.1158299866131191,-0.07500000000000001,747.0,26.24375,24.709375,0.5408299866131191,-0.28078982597054886,-0.2317101740294511
UNCOND_LONG,315,45,Validation,747,1.0,0.5327978580990629,-0.36613119143239625,2.75,0.11195785612330927,0.5261044176706827,0.47717842323651455,0.0,0.03279785809906288,,,,,,
gex_follow,315,45,Validation,631,0.8447121820615796,0.4754358161648177,-1.236133122028526,-1.5,-0.1096764538830818,0.4722662440570523,0.5254515599343186,-0.057362041934245156,-0.024564183835182274,747.0,34.22226624405705,35.724247226624406,0.5327978580990629,-0.36613119143239625,-0.8700019305961298
gex_fade,315,45,Validation,631,0.8447121820615796,0.5229793977812995,1.236133122028526,1.5,0.1096764538830818,0.5245641838351822,0.4745484400656814,-0.009818460317763344,0.022979397781299538,747.0,35.724247226624406,34.22226624405705,0.5327978580990629,-0.36613119143239625,1.6022643134609225
pc_follow,315,45,Validation,174,0.23293172690763053,0.43103448275862066,-5.712643678160919,-6.125,-0.5216195260082587,0.4482758620689655,0.49404761904761907,-0.10176337534044222,-0.06896551724137934,747.0,43.44971264367816,48.06609195402299,0.5327978580990629,-0.36613119143239625,-5.346512486728523
pc_fade,315,45,Validation,174,0.23293172690763053,0.5632183908045977,5.712643678160919,6.125,0.5216195260082587,0.5459770114942529,0.5059523809523809,0.030420532705534797,0.06321839080459768,747.0,48.06609195402299,43.44971264367816,0.5327978580990629,-0.36613119143239625,6.078774869593316
putz_follow,315,45,Validation,80,0.107095046854083,0.5875,-0.9125,6.5,0.2256702595241181,0.55,0.4605263157894737,0.05470214190093714,0.08750000000000002,747.0,31.009375,32.003125,0.5327978580990629,-0.36613119143239625,-0.5463688085676037
putz_fade,315,45,Validation,80,0.107095046854083,0.4125,0.9125,-6.5,-0.2256702595241181,0.45,0.5394736842105263,-0.1202978580990629,-0.08750000000000002,747.0,32.003125,31.009375,0.5327978580990629,-0.36613119143239625,1.2786311914323962
UNCOND_LONG,315,60,Validation,747,1.0,0.5207496653279786,-1.5468540829986612,2.25,0.062383168778935134,0.5301204819277109,0.47572815533980584,0.0,0.020749665327978617,,,,,,
gex_follow,315,60,Validation,631,0.8447121820615796,0.49445324881141045,0.04041204437400951,-0.25,0.008698257621998787,0.48019017432646594,0.5271828665568369,-0.026296416516568166,-0.005546751188589549,747.0,39.86053882725832,41.03407290015848,0.5207496653279786,-1.5468540829986612,1.5872661273726707
gex_fade,315,60,Validation,631,0.8447121820615796,0.5007923930269413,-0.04041204437400951,0.25,-0.008698257621998787,0.5198098256735341,0.4728171334431631,-0.019957272301037277,0.0007923930269413404,747.0,41.03407290015848,39.86053882725832,0.5207496653279786,-1.5468540829986612,1.5064420386246518
pc_follow,315,60,Validation,174,0.23293172690763053,0.46551724137931033,-1.7485632183908046,-3.625,-0.20634548541845252,0.4540229885057471,0.49404761904761907,-0.055232423948668286,-0.03448275862068967,747.0,49.241379310344826,54.44252873563219,0.5207496653279786,-1.5468540829986612,-0.2017091353921434
pc_fade,315,60,Validation,174,0.23293172690763053,0.5344827586206896,1.7485632183908046,3.625,0.20634548541845252,0.5459770114942529,0.5059523809523809,0.013733093292710996,0.03448275862068961,747.0,54.44252873563219,49.241379310344826,0.5207496653279786,-1.5468540829986612,3.295417301389466
putz_follow,315,60,Validation,80,0.107095046854083,0.5375,-0.65,2.375,0.19437079644302654,0.5375,0.4605263157894737,0.01675033467202136,0.03749999999999998,747.0,38.265625,37.340625,0.5207496653279786,-1.5468540829986612,0.8968540829986612
putz_fade,315,60,Validation,80,0.107095046854083,0.4625,0.65,-2.375,-0.19437079644302654,0.4625,0.5394736842105263,-0.058249665327978595,-0.03749999999999998,747.0,37.340625,38.265625,0.5207496653279786,-1.5468540829986612,2.1968540829986614
UNCOND_LONG,315,5,OOS,397,1.0,0.5188916876574308,1.2159949622166246,1.0,0.06582252665273357,0.5138539042821159,0.49693251533742333,0.0,0.018891687657430767,,,,,,
gex_follow,315,5,OOS,372,0.9370277078085643,0.47580645161290325,-1.7405913978494623,-0.75,-0.1279698096996006,0.4731182795698925,0.49019607843137253,-0.04308523604452752,-0.024193548387096753,397.0,13.16263440860215,15.104166666666666,0.5188916876574308,1.2159949622166246,-2.956586360066087
gex_fade,315,5,OOS,372,0.9370277078085643,0.5161290322580645,1.7405913978494623,0.75,0.1279698096996006,0.5188172043010753,0.5098039215686274,-0.002762655399366265,0.016129032258064502,397.0,15.104166666666666,13.16263440860215,0.5188916876574308,1.2159949622166246,0.5245964356328376
UNCOND_LONG,315,10,OOS,397,1.0,0.5516372795969773,0.10012594458438287,2.75,0.05602794486082468,0.5214105793450882,0.49606299212598426,0.0,0.05163727959697728,,,,,,
gex_follow,315,10,OOS,372,0.9370277078085643,0.5134408602150538,0.6075268817204301,1.0,0.036196578313309455,0.5026881720430108,0.5070028011204482,-0.03819641938192353,0.013440860215053752,397.0,19.84005376344086,20.86760752688172,0.5516372795969773,0.10012594458438287,0.5074009371360473
gex_fade,315,10,OOS,372,0.9370277078085643,0.478494623655914,-0.6075268817204301,-1.0,-0.036196578313309455,0.49193548387096775,0.49299719887955185,-0.07314265594106328,-0.021505376344086002,397.0,20.86760752688172,19.84005376344086,0.5516372795969773,0.10012594458438287,-0.707652826304813
UNCOND_LONG,315,15,OOS,397,1.0,0.5617128463476071,-1.6177581863979849,3.25,-0.1129117567220011,0.5289672544080605,0.4987146529562982,0.0,0.0617128463476071,,,,,,
gex_follow,315,15,OOS,372,0.9370277078085643,0.5161290322580645,2.3071236559139785,1.375,0.17879663973455065,0.5,0.5027472527472527,-0.045583814089542596,0.016129032258064502,397.0,26.288978494623656,25.083333333333332,0.5617128463476071,-1.6177581863979849,3.9248818423119634
gex_fade,315,15,OOS,372,0.9370277078085643,0.48118279569892475,-2.3071236559139785,-1.375,-0.17879663973455065,0.4946236559139785,0.49725274725274726,-0.08053005064868235,-0.018817204301075252,397.0,25.083333333333332,26.288978494623656,0.5617128463476071,-1.6177581863979849,-0.6893654695159936
UNCOND_LONG,315,30,OOS,397,1.0,0.5012594458438288,-2.4622166246851385,0.25,-0.07107420922515006,0.5289672544080605,0.49870801033591733,0.0,0.0012594458438287548,,,,,,
gex_follow,315,30,OOS,372,0.9370277078085643,0.5241935483870968,3.193548387096774,1.625,0.059249407981933844,0.5161290322580645,0.5027624309392266,0.022934102543267998,0.024193548387096753,397.0,37.68279569892473,35.79032258064516,0.5012594458438288,-2.4622166246851385,5.655765011781913
gex_fade,315,30,OOS,372,0.9370277078085643,0.47580645161290325,-3.193548387096774,-1.625,-0.059249407981933844,0.478494623655914,0.4972375690607735,-0.025452994230925508,-0.024193548387096753,397.0,35.79032258064516,37.68279569892473,0.5012594458438288,-2.4622166246851385,-0.7313317624116356
UNCOND_LONG,315,45,OOS,397,1.0,0.48866498740554154,-3.8400503778337534,-1.25,-0.17183024619448983,0.5037783375314862,0.5012987012987012,0.0,-0.01133501259445846,,,,,,
gex_follow,315,45,OOS,372,0.9370277078085643,0.5188172043010753,4.408602150537634,1.875,0.11388534031173517,0.5295698924731183,0.5013850415512465,0.030152216895533712,0.018817204301075252,397.0,46.63575268817204,42.73185483870968,0.48866498740554154,-3.8400503778337534,8.248652528371387
gex_fade,315,45,OOS,372,0.9370277078085643,0.47580645161290325,-4.408602150537634,-1.875,-0.11388534031173517,0.4650537634408602,0.4986149584487535,-0.012858535792638293,-0.024193548387096753,397.0,42.73185483870968,46.63575268817204,0.48866498740554154,-3.8400503778337534,-0.5685517727038807
UNCOND_LONG,315,60,OOS,397,1.0,0.473551637279597,-5.574307304785894,-2.5,-0.31030208695093003,0.49622166246851385,0.5,0.0,-0.026448362720403018,,,,,,
gex_follow,315,60,OOS,372,0.9370277078085643,0.543010752688172,5.838037634408602,3.5,0.0619789741503131,0.521505376344086,0.5013850415512465,0.06945911540857502,0.043010752688172005,397.0,53.913978494623656,48.991263440860216,0.473551637279597,-5.574307304785894,11.412344939194497
gex_fade,315,60,OOS,372,0.9370277078085643,0.45698924731182794,-5.838037634408602,-3.5,-0.0619789741503131,0.478494623655914,0.4986149584487535,-0.016562389967769042,-0.04301075268817206,397.0,48.991263440860216,53.913978494623656,0.473551637279597,-5.574307304785894,-0.2637303296227076
