session,condition,T_offset,horizon,frac,IS_n,IS_p,IS_delta,IS_already,IS_share_pre,Validation_n,Validation_p,Validation_delta,Validation_already,Validation_share_pre,OOS_n,OOS_p,OOS_delta,OOS_already,OOS_share_pre,y2025,y2025_n,y2026,y2026_n,y2025_delta,y2026_delta,regime,tier,score
ASIA,fast_and_expanded,180,45,0.25,497,0.4949698189134809,0.23414164185493735,1.0,0.03707979760216555,133,0.3007518796992481,0.17672087194731012,1.0,0.03108612499340544,156,0.5384615384615384,0.2245929253228523,1.0,0.02941896898245184,0.45,80,0.631578947368421,76,0.2234375,0.17351443123938876,HIGH,strong,0.23414164185493735
ASIA,high_local_vol,30,45,0.25,725,0.48137931034482756,0.22422304568035079,0.33379310344827584,0.05075336582057884,134,0.39552238805970147,0.2895792356049211,0.5,0.02785418296950347,171,0.5380116959064327,0.24674955998410264,0.47368421052631576,0.02302067980454665,0.5454545454545454,88,0.5301204819277109,83,0.2730810045985143,0.20753983676642057,HIGH,strong,0.22422304568035079
ASIA,high_local_vol,15,45,0.25,742,0.4582210242587601,0.21497778101551684,0.31266846361185985,0.046451677737901285,159,0.4339622641509434,0.30605528740675736,0.4591194968553459,0.023957432252302766,192,0.5729166666666666,0.2549555016181229,0.3802083333333333,0.02335139083453459,0.580952380952381,105,0.5632183908045977,87,0.30468778951269226,0.1761216166110493,HIGH,strong,0.21497778101551684
ASIA,fast_and_expanded,120,45,0.25,513,0.5009746588693957,0.2138954959940545,0.8654970760233918,0.03784663642150989,134,0.40298507462686567,0.2066026456862972,0.9552238805970149,0.022729227264546306,151,0.6158940397350994,0.22269015623995375,0.9271523178807947,0.021968195697553625,0.4880952380952381,84,0.7761194029850746,67,0.19237539373726142,0.22128069330765532,HIGH,strong,0.2138954959940545
ASIA,vol_expansion_high,180,45,0.25,715,0.4727272727272727,0.21189909566872916,0.7132867132867133,0.038143058515698366,169,0.3076923076923077,0.18366129994036973,0.8047337278106509,0.028426162287865268,198,0.5303030303030303,0.21643441716434414,0.7929292929292929,0.02787517270343901,0.4326923076923077,104,0.6382978723404256,94,0.2061298076923077,0.1802333562113933,HIGH,strong,0.21189909566872916
ASIA,strong_and_persistent,120,45,0.25,362,0.4889502762430939,0.20187111336775265,0.7624309392265194,0.024915087898320462,194,0.31443298969072164,0.11805056075015316,0.7628865979381443,0.02016658408261976,196,0.49489795918367346,0.10169407568852784,0.8010204081632653,0.022891650023145887,0.3805309734513274,113,0.6506024096385542,83,0.08481112909335076,0.09576369996113487,HIGH,strong,0.20187111336775265
ASIA,fast_and_expanded,90,45,0.25,423,0.475177304964539,0.1972419674716292,0.8486997635933806,0.03359605261349307,128,0.4453125,0.279937822997416,0.875,0.020411137801990317,153,0.5751633986928104,0.19166825306174246,0.8758169934640523,0.020853786502963136,0.4634146341463415,82,0.704225352112676,71,0.15213058745373448,0.20099954566106315,HIGH,strong,0.1972419674716292
ASIA,fast_and_expanded,180,30,0.25,497,0.3561368209255533,0.19668893896458237,1.0,0.046757290795623414,133,0.23308270676691728,0.15168735792970797,1.0,0.03655636999130268,156,0.38461538461538464,0.15347183230394912,1.0,0.03595442937458918,0.3375,80,0.4342105263157895,76,0.17343750000000002,0.09227504244482176,HIGH,strong,0.19668893896458237
ASIA,high_local_vol,30,30,0.25,725,0.3724137931034483,0.19644007184582277,0.33379310344827584,0.06572831578969507,134,0.27611940298507465,0.2102279301168576,0.5,0.036937115845819615,171,0.391812865497076,0.19278373928348377,0.47368421052631576,0.029818903573561092,0.375,88,0.40963855421686746,83,0.19990272373540857,0.17092887679751262,HIGH,strong,0.19644007184582277
ASIA,fast_and_expanded,15,45,0.25,532,0.43609022556390975,0.1928469823206665,0.47368421052631576,0.04317334192244575,166,0.39759036144578314,0.2696833847015971,0.4759036144578313,0.023903993651760127,158,0.5506329113924051,0.2326717463438614,0.4873417721518987,0.022089272409943548,0.5591397849462365,93,0.5384615384615384,65,0.2828751935065478,0.15136476426799006,HIGH,strong,0.1928469823206665
ASIA,vol_expansion_high,90,45,0.25,600,0.4666666666666667,0.18873132917375685,0.5983333333333334,0.033713637001188276,171,0.4152046783625731,0.2498300013599891,0.6549707602339181,0.02064694743712947,202,0.5742574257425742,0.19076228011150625,0.6633663366336634,0.021748243510382556,0.45132743362831856,113,0.7303370786516854,89,0.14004338693571156,0.22711127220007254,HIGH,strong,0.18873132917375685
ASIA,fast_and_expanded,120,30,0.25,513,0.3937621832358674,0.18630085475543065,0.8654970760233918,0.04473637629703525,134,0.30597014925373134,0.17547919318137992,0.9552238805970149,0.026957874187830817,151,0.5364238410596026,0.23059859834115604,0.9271523178807947,0.025712836092692072,0.40476190476190477,84,0.7014925373134329,67,0.19075412266073746,0.2434280211844006,HIGH,strong,0.18630085475543065
ASIA,vol_expansion_high,120,45,0.25,747,0.4725568942436412,0.18547773136829998,0.5943775100401606,0.04596966161370591,173,0.4046242774566474,0.20824184851607894,0.7398843930635838,0.022217863761499528,194,0.6082474226804123,0.2150435391852667,0.7216494845360825,0.021573453178595013,0.4528301886792453,106,0.7954545454545454,88,0.15711034432126864,0.24061583577712609,HIGH,strong,0.18547773136829998
ASIA,vol_expansion_high,15,45,0.25,742,0.42183288409703507,0.1785896408537918,0.33962264150943394,0.04148968998710006,218,0.3669724770642202,0.23906550032003415,0.3623853211009174,0.025255034147783396,227,0.5066079295154186,0.18864676446687484,0.3392070484581498,0.023363369797516305,0.4846153846153846,130,0.5360824742268041,97,0.20835079317569588,0.14898570003325573,HIGH,strong,0.1785896408537918
ASIA,fast_and_expanded,30,45,0.25,529,0.43478260869565216,0.1776263440311754,0.5841209829867675,0.04335392949028474,157,0.3248407643312102,0.2188976118764298,0.5031847133757962,0.02537770070515451,161,0.4782608695652174,0.18699873364288733,0.577639751552795,0.022471782328419683,0.4943820224719101,89,0.4583333333333333,72,0.222008481615879,0.135752688172043,HIGH,strong,0.1776263440311754
ASIA,high_local_vol,15,30,0.25,742,0.33153638814016173,0.17624550403571831,0.31266846361185985,0.06060290636020378,159,0.3710691823899371,0.27287796791965285,0.4591194968553459,0.02667975474359027,192,0.4739583333333333,0.22638551779935273,0.3802083333333333,0.026641537718545605,0.47619047619047616,105,0.47126436781609193,87,0.26218269408930883,0.16803856136447903,HIGH,strong,0.17624550403571831
ASIA,vol_expansion_high,180,30,0.25,715,0.3356643356643357,0.17621645370336472,0.7132867132867133,0.04919256578247423,169,0.23076923076923078,0.14937388193202147,0.8047337278106509,0.03355412676508127,198,0.398989898989899,0.1678463466784635,0.7929292929292929,0.03372608978803714,0.33653846153846156,104,0.46808510638297873,94,0.17247596153846156,0.126149622512011,HIGH,strong,0.17621645370336472
ASIA,vol_expansion_low,180,45,0.25,694,0.08501440922190202,-0.17581376783664154,0.027377521613832854,0.04973588505285331,373,0.04289544235924933,-0.08113556539268865,0.03753351206434316,0.027105075562963182,85,0.07058823529411765,-0.2432803778445685,0.047058823529411764,0.028146982213693845,0.06779661016949153,59,0.07692307692307693,26,-0.1587658898305085,-0.38114143920595533,LOW,strong,0.17581376783664154
ASIA,fast_and_expanded,180,20,0.25,497,0.2857142857142857,0.16957911198748893,1.0,0.057367253679508075,133,0.18045112781954886,0.13006353092032405,1.0,0.04517308276809998,156,0.28205128205128205,0.12146734044544263,1.0,0.04124680896632371,0.225,80,0.34210526315789475,76,0.11953125,0.09049235993208832,HIGH,strong,0.16957911198748893
ASIA,vol_expansion_low,120,45,0.25,726,0.11983471074380166,-0.1672444521315396,0.0013774104683195593,0.04460240192401364,375,0.09866666666666667,-0.09771576227390182,0.0,0.022546448691600218,77,0.11688311688311688,-0.27632076661202876,0.0,0.02174106270425305,0.08,50,0.18518518518518517,27,-0.21571984435797664,-0.36965352449223415,LOW,strong,0.1672444521315396
ASIA,fast_and_expanded,60,45,0.25,479,0.3903966597077244,0.16653128489895339,0.7118997912317327,0.043305231253716485,135,0.34814814814814815,0.2292850990525409,0.7333333333333333,0.02250589839338669,148,0.4594594594594595,0.1827604303332459,0.777027027027027,0.02305449142284004,0.44871794871794873,78,0.4714285714285714,70,0.19969071136386313,0.1488479262672811,HIGH,strong,0.16653128489895339
ASIA,fast_and_expanded,15,30,0.25,532,0.32142857142857145,0.16613768732412804,0.47368421052631576,0.0538065205051403,166,0.3373493975903614,0.2391581831200772,0.4759036144578313,0.026864985999724814,158,0.4620253164556962,0.21445250092171564,0.4873417721518987,0.02532739804161617,0.46236559139784944,93,0.46153846153846156,65,0.24835780929668214,0.15831265508684866,HIGH,strong,0.16613768732412804
ASIA,fast_and_expanded,120,20,0.25,513,0.3157894736842105,0.16565298596810496,0.8654970760233918,0.05146123544333392,134,0.26119402985074625,0.16171082571637932,0.9552238805970149,0.029665543756459644,151,0.46357615894039733,0.21600334340641675,0.9271523178807947,0.030349385083185146,0.35714285714285715,84,0.5970149253731343,67,0.19371873262923847,0.2099181511795859,HIGH,strong,0.16565298596810496
ASIA,vol_expansion_high,120,30,0.25,747,0.3708165997322624,0.1633552712518256,0.5943775100401606,0.05497740022917375,173,0.30057803468208094,0.17008707860972952,0.7398843930635838,0.026268340299827452,194,0.520618556701031,0.2147933139825844,0.7216494845360825,0.02517016809530942,0.36792452830188677,106,0.7045454545454546,88,0.15391674620071946,0.24648093841642232,HIGH,strong,0.1633552712518256
ASIA,vol_expansion_high,30,45,0.25,725,0.41793103448275865,0.16077476981828187,0.4262068965517241,0.04085981182783699,207,0.2995169082125604,0.19357375575778002,0.38164251207729466,0.02791636790186044,224,0.45982142857142855,0.16855929264909847,0.41517857142857145,0.022573939706750323,0.453125,128,0.46875,96,0.1807514591439689,0.1461693548387097,HIGH,strong,0.16077476981828187
ASIA,strong_and_persistent,120,30,0.25,362,0.3674033149171271,0.1599419864366903,0.7624309392265194,0.030500990776212378,194,0.22164948453608246,0.09115852846373104,0.7628865979381443,0.023953689840890757,196,0.413265306122449,0.10744006340400242,0.8010204081632653,0.0267079671431075,0.30973451327433627,113,0.5542168674698795,83,0.09572673117316896,0.09615235134084726,HIGH,strong,0.1599419864366903
ASIA,high_local_vol,60,45,0.25,685,0.38248175182481753,0.1586163770160465,0.33138686131386863,0.05738981908677422,136,0.4264705882352941,0.30760753913968686,0.4117647058823529,0.024913561906555273,162,0.5493827160493827,0.27268368692316913,0.5802469135802469,0.026387617641982674,0.5340909090909091,88,0.5675675675675675,74,0.28506367173682345,0.24498692240627723,HIGH,strong,0.1586163770160465
ASIA,fast_and_expanded,90,30,0.25,423,0.30260047281323876,0.15682622437307994,0.8486997635933806,0.04546343646165105,128,0.328125,0.24156169250645995,0.875,0.028448536122306967,153,0.38562091503267976,0.17688305095500986,0.8758169934640523,0.02712577394307132,0.3048780487804878,82,0.4788732394366197,71,0.13367182309955394,0.2079054975011358,HIGH,strong,0.15682622437307994
ASIA,high_local_vol,30,20,0.25,725,0.2717241379310345,0.15346979724591014,0.33379310344827584,0.08580474398290099,134,0.23134328358208955,0.18224767634694744,0.5,0.04446019309034053,171,0.28654970760233917,0.14820019303923238,0.47368421052631576,0.03607991072428025,0.2840909090909091,88,0.2891566265060241,83,0.1634683409975239,0.1214146910221531,HIGH,strong,0.15346979724591014
ASIA,high_local_vol,180,45,0.25,733,0.41336971350613916,0.1525415364475956,0.4665757162346521,0.05484125689812427,103,0.3592233009708738,0.2351922932189358,0.5533980582524272,0.02731879154773742,151,0.5960264900662252,0.2821578769275391,0.7350993377483444,0.028817047844105693,0.5070422535211268,71,0.675,80,0.28047975352112675,0.21693548387096778,HIGH,strong,0.1525415364475956
ASIA,vol_expansion_low,90,45,0.25,582,0.12886597938144329,-0.14906935811146654,0.0,0.03595177767435201,368,0.07065217391304347,-0.09472250308954051,0.0,0.021746753842582508,72,0.125,-0.25849514563106796,0.0,0.023020090731530114,0.13043478260869565,46,0.11538461538461539,26,-0.18084926408391136,-0.38784119106699744,LOW,strong,0.14906935811146654
ASIA,fast_and_expanded,30,30,0.25,529,0.32325141776937616,0.14727769651175063,0.5841209829867675,0.055811464885331216,157,0.2356687898089172,0.16977731694070014,0.5031847133757962,0.03394731587005567,161,0.36024844720496896,0.16121932099137673,0.577639751552795,0.029109198789503944,0.3707865168539326,89,0.3472222222222222,72,0.19568924058934117,0.10851254480286737,HIGH,strong,0.14727769651175063
ASIA,vol_expansion_high,15,30,0.25,742,0.3018867924528302,0.14659590834838676,0.33962264150943394,0.05267021365592979,218,0.2981651376146789,0.19997392314439466,0.3623853211009174,0.028771562219433555,227,0.4185022026431718,0.1709293871091912,0.3392070484581498,0.026650032834102378,0.4,130,0.44329896907216493,97,0.18599221789883272,0.14007316262055203,HIGH,strong,0.14659590834838676
ASIA,strong_and_persistent,120,20,0.25,362,0.2955801104972376,0.14544362278113204,0.7624309392265194,0.03431065246852367,194,0.17525773195876287,0.07577452782439595,0.7628865979381443,0.026921065660330753,196,0.3520408163265306,0.10446800079255003,0.8010204081632653,0.0317881910841105,0.26548672566371684,113,0.46987951807228917,83,0.10206260115009816,0.0827827438787408,HIGH,strong,0.14544362278113204
ASIA,vol_expansion_high,180,20,0.25,715,0.2601398601398601,0.14400468641306335,0.7132867132867133,0.059774322367421216,169,0.1834319526627219,0.13304435576349707,0.8047337278106509,0.040980265650633445,198,0.2828282828282828,0.1222443412224434,0.7929292929292929,0.03955779814085537,0.22115384615384615,104,0.35106382978723405,94,0.11568509615384615,0.09945092656142762,HIGH,strong,0.14400468641306335
ASIA,strong_and_persistent,180,45,0.25,314,0.40445859872611467,0.14363042166757112,1.0,0.023212001404243097,194,0.22164948453608246,0.09761847678414448,1.0,0.025733650857152644,186,0.45698924731182794,0.1431206341731418,1.0,0.027881235038186312,0.34285714285714286,105,0.6049382716049383,81,0.11629464285714286,0.14687375547590603,HIGH,strong,0.14363042166757112
ASIA,vol_expansion_high,90,30,0.25,600,0.28833333333333333,0.1425590848931745,0.5983333333333334,0.046329196972270295,171,0.2982456140350877,0.21168230654154765,0.6549707602339181,0.02871223076630815,202,0.3465346534653465,0.13779678938767662,0.6633663366336634,0.02927444874498894,0.2831858407079646,113,0.42696629213483145,89,0.11197961502703074,0.15599855019934755,HIGH,strong,0.1425590848931745
ASIA,vol_expansion_high,60,45,0.25,667,0.36431784107946025,0.14045246627068922,0.5112443778110944,0.04401924180809713,184,0.33695652173913043,0.2180934726435232,0.5380434782608695,0.02415363954752836,207,0.463768115942029,0.1870690868158154,0.5555555555555556,0.024076849978587053,0.43103448275862066,116,0.5054945054945055,91,0.18200724540453506,0.18291386033321516,HIGH,strong,0.14045246627068922
ASIA,vol_expansion_high,120,20,0.25,747,0.29049531459170014,0.1403588268755946,0.5943775100401606,0.06478680432159548,173,0.24277456647398843,0.1432913623396215,0.7398843930635838,0.029921957900465247,194,0.44329896907216493,0.19572615353818434,0.7216494845360825,0.029351156391487974,0.3018867924528302,106,0.6136363636363636,88,0.1384626679392115,0.22653958944281527,HIGH,strong,0.1403588268755946
ASIA,fast_and_expanded,120,15,0.25,513,0.2553606237816764,0.13616135171616228,0.8654970760233918,0.060697382945572004,134,0.23880597014925373,0.15611863164796175,0.9552238805970149,0.03231535360895092,151,0.37748344370860926,0.1735999485629782,0.9271523178807947,0.033720950909569884,0.3333333333333333,84,0.43283582089552236,67,0.1815823605706874,0.14251324025036105,HIGH,strong,0.13616135171616228
ASIA,fast_and_expanded,180,15,0.25,497,0.22132796780684105,0.13613044281874015,1.0,0.06687237418080168,133,0.17293233082706766,0.13029667191233898,1.0,0.050402759765316725,156,0.21794871794871795,0.09386112670784204,1.0,0.04897277916570264,0.175,80,0.2631578947368421,76,0.09296874999999999,0.0696095076400679,HIGH,strong,0.13613044281874015
ASIA,strong_dir_move,180,45,0.25,715,0.3958041958041958,0.13497601874565224,1.0,0.0382655695105759,212,0.2169811320754717,0.09295012432353372,1.0,0.026836754034185693,195,0.4461538461538462,0.13228523301516004,1.0,0.028052341634462904,0.33636363636363636,110,0.5882352941176471,85,0.10980113636363636,0.13017077798861482,HIGH,strong,0.13497601874565224
ASIA,fast_move,180,45,0.25,715,0.3958041958041958,0.13497601874565224,1.0,0.0382655695105759,212,0.2169811320754717,0.09295012432353372,1.0,0.026836754034185693,195,0.4461538461538462,0.13228523301516004,1.0,0.028052341634462904,0.33636363636363636,110,0.5882352941176471,85,0.10980113636363636,0.13017077798861482,HIGH,strong,0.13497601874565224
ASIA,strong_dir_move,120,45,0.25,747,0.42168674698795183,0.1346075841126106,0.7242302543507363,0.03889428730501588,219,0.3150684931506849,0.11868606421011643,0.7488584474885844,0.021784952730707123,203,0.4975369458128079,0.10433306231766226,0.8029556650246306,0.022504891858691395,0.3898305084745763,118,0.6470588235294118,85,0.09411066411659963,0.09222011385199247,HIGH,strong,0.1346075841126106
ASIA,fast_move,120,45,0.25,747,0.42168674698795183,0.1346075841126106,0.7242302543507363,0.03889428730501588,219,0.3150684931506849,0.11868606421011643,0.7488584474885844,0.021784952730707123,203,0.4975369458128079,0.10433306231766226,0.8029556650246306,0.022504891858691395,0.3898305084745763,118,0.6470588235294118,85,0.09411066411659963,0.09222011385199247,HIGH,strong,0.1346075841126106
ASIA,low_local_vol,15,45,0.25,1127,0.11002661934338953,-0.13321662389985373,0.00709849157054126,0.04420847083571196,541,0.04621072088724584,-0.08169625585694021,0.0036968576709796672,0.0300026414034047,161,0.049689440993788817,-0.2682717240547549,0.012422360248447204,0.03170790245976385,0.034482758620689655,116,0.08888888888888889,45,-0.24178183281899907,-0.29820788530465947,LOW,strong,0.13321662389985373
ASIA,vol_expansion_low,120,30,0.25,726,0.07713498622589532,-0.13032634225454146,0.0013774104683195593,0.0542320002475552,375,0.056,-0.07449095607235143,0.0,0.02742388350577677,77,0.05194805194805195,-0.2538771907703946,0.0,0.024461500927605438,0.06,50,0.037037037037037035,27,-0.1540077821011673,-0.4210274790919952,LOW,strong,0.13032634225454146
ASIA,strong_and_persistent,60,45,0.25,295,0.3525423728813559,0.1286769980725849,0.6,0.031929398115297755,152,0.23026315789473684,0.11140010879912961,0.5328947368421053,0.02325558281786955,160,0.375,0.09830097087378642,0.63125,0.023512894131869858,0.358695652173913,92,0.39705882352941174,68,0.10966841481982742,0.07447817836812143,HIGH,strong,0.1286769980725849
ASIA,strong_dir_move,15,45,0.25,744,0.3709677419354839,0.12772449869224062,0.3387096774193548,0.04579037674561838,228,0.29385964912280704,0.165952672378621,0.34649122807017546,0.025360620821596742,196,0.4642857142857143,0.1463245492371706,0.39285714285714285,0.025104372816179294,0.453781512605042,119,0.4805194805194805,77,0.17751692116535328,0.09342270632593214,HIGH,strong,0.12772449869224062
ASIA,fast_move,15,45,0.25,744,0.3709677419354839,0.12772449869224062,0.3387096774193548,0.04579037674561838,228,0.29385964912280704,0.165952672378621,0.34649122807017546,0.025360620821596742,196,0.4642857142857143,0.1463245492371706,0.39285714285714285,0.025104372816179294,0.453781512605042,119,0.4805194805194805,77,0.17751692116535328,0.09342270632593214,HIGH,strong,0.12772449869224062
ASIA,high_local_vol,180,30,0.25,733,0.286493860845839,0.12704597888486804,0.4665757162346521,0.06909456200687346,103,0.27184466019417475,0.19044931135696544,0.5533980582524272,0.03279656719060351,151,0.47019867549668876,0.23905512318525324,0.7350993377483444,0.03490419507014488,0.4225352112676056,71,0.5125,80,0.2584727112676056,0.17056451612903223,HIGH,strong,0.12704597888486804
ASIA,vol_expansion_low,180,30,0.25,694,0.03314121037463977,-0.1263066715863312,0.027377521613832854,0.0648822992047666,373,0.01876675603217158,-0.06262859280503773,0.03753351206434316,0.0346059786379785,85,0.03529411764705882,-0.1958494346643767,0.047058823529411764,0.036233598973093036,0.03389830508474576,59,0.038461538461538464,26,-0.13016419491525424,-0.3034739454094293,LOW,strong,0.1263066715863312
ASIA,strong_dir_move,30,45,0.25,725,0.3820689655172414,0.12491270085276462,0.42758620689655175,0.0448244368413085,213,0.24413145539906103,0.13818830294428067,0.37089201877934275,0.027891080297524747,192,0.4114583333333333,0.12019619741100324,0.484375,0.022446067212761794,0.42201834862385323,109,0.39759036144578314,83,0.14964480776782213,0.07500971628449282,HIGH,strong,0.12491270085276462
ASIA,fast_move,30,45,0.25,725,0.3820689655172414,0.12491270085276462,0.42758620689655175,0.0448244368413085,213,0.24413145539906103,0.13818830294428067,0.37089201877934275,0.027891080297524747,192,0.4114583333333333,0.12019619741100324,0.484375,0.022446067212761794,0.42201834862385323,109,0.39759036144578314,83,0.14964480776782213,0.07500971628449282,HIGH,strong,0.12491270085276462
ASIA,vol_expansion_high,30,30,0.25,725,0.3006896551724138,0.12471593391478827,0.4262068965517241,0.053589479603152794,207,0.20772946859903382,0.14183799573081676,0.38164251207729466,0.03646578167848091,224,0.32589285714285715,0.12686373092926492,0.41517857142857145,0.029191349571559493,0.296875,128,0.3645833333333333,96,0.12177772373540857,0.12587365591397848,HIGH,strong,0.12471593391478827
ASIA,fast_and_expanded,60,30,0.25,479,0.2797494780793319,0.12421658669738395,0.7118997912317327,0.05516417781899331,135,0.2814814814814815,0.19233419465977608,0.7333333333333333,0.026529511861900945,148,0.3310810810810811,0.12962477040146944,0.777027027027027,0.028049502862747048,0.3076923076923077,78,0.35714285714285715,70,0.1248129302604011,0.12488479262672811,HIGH,strong,0.12421658669738395
ASIA,strong_and_persistent,180,30,0.25,314,0.28343949044585987,0.12399160848488891,1.0,0.02976499293386827,194,0.16494845360824742,0.08355310477103811,1.0,0.030771974961782224,186,0.3225806451612903,0.0914370928498548,1.0,0.0342609944007239,0.24761904761904763,105,0.41975308641975306,81,0.08355654761904763,0.07781760254878534,HIGH,strong,0.12399160848488891
ASIA,high_local_vol,60,30,0.25,685,0.2773722627737226,0.12183937139177464,0.33138686131386863,0.0739296499441001,136,0.35294117647058826,0.26379388964888284,0.4117647058823529,0.03075579937066964,162,0.41975308641975306,0.21829677574014142,0.5802469135802469,0.0309821120279339,0.38636363636363635,88,0.4594594594594595,74,0.20348425893172975,0.22720139494333044,HIGH,strong,0.12183937139177464
ASIA,high_local_vol,120,45,0.25,783,0.4086845466155811,0.12160538374023988,0.37037037037037035,0.05746894791377829,109,0.3853211009174312,0.18893867197686273,0.45871559633027525,0.024366023636036786,143,0.6573426573426573,0.26413877384751167,0.7132867132867133,0.022107805190302213,0.56,75,0.7647058823529411,68,0.2642801556420234,0.2098671726755218,HIGH,strong,0.12160538374023988
ASIA,low_local_vol,30,45,0.25,1271,0.13768686073957515,-0.11946940392490163,0.04720692368214005,0.0431533628230041,596,0.04194630872483222,-0.06399684372994816,0.018456375838926176,0.029421656033910667,219,0.1141552511415525,-0.17710688478077757,0.045662100456621,0.02667937989266437,0.12418300653594772,153,0.09090909090909091,66,-0.1481905343200834,-0.2316715542521994,LOW,strong,0.11946940392490163
ASIA,high_local_vol,15,20,0.25,742,0.21428571428571427,0.11808782147765197,0.31266846361185985,0.08177654009739928,159,0.2830188679245283,0.2119594363999805,0.4591194968553459,0.031374503322042176,192,0.3802083333333333,0.1836063915857605,0.3802083333333333,0.031139969067092484,0.38095238095238093,105,0.3793103448275862,87,0.21363720585510468,0.13414905450500555,HIGH,strong,0.11808782147765197
ASIA,fast_and_expanded,15,20,0.25,532,0.21428571428571427,0.11808782147765197,0.47368421052631576,0.06716172404286462,166,0.25903614457831325,0.18797671305376545,0.4759036144578313,0.03218706228412213,158,0.3670886075949367,0.1704866658473639,0.4873417721518987,0.029820218889899924,0.34408602150537637,93,0.4,65,0.17677084640810012,0.1548387096774194,HIGH,strong,0.11808782147765197
ASIA,strong_dir_move,90,45,0.25,601,0.39600665557404324,0.11807131808113341,0.6988352745424293,0.034200313935330066,209,0.31100478468899523,0.14563010768641124,0.6842105263157895,0.020647023572691842,189,0.49206349206349204,0.10856834643242408,0.7724867724867724,0.020582211613747497,0.38181818181818183,110,0.6455696202531646,79,0.07053413512557483,0.1423438138015517,HIGH,strong,0.11807131808113341
ASIA,fast_move,90,45,0.25,601,0.39600665557404324,0.11807131808113341,0.6988352745424293,0.034200313935330066,209,0.31100478468899523,0.14563010768641124,0.6842105263157895,0.020647023572691842,189,0.49206349206349204,0.10856834643242408,0.7724867724867724,0.020582211613747497,0.38181818181818183,110,0.6455696202531646,79,0.07053413512557483,0.1423438138015517,HIGH,strong,0.11807131808113341
ASIA,vol_expansion_high,120,15,0.25,747,0.23694779116465864,0.11774851909914454,0.5943775100401606,0.07478207911591143,173,0.2254335260115607,0.14274618751026869,0.7398843930635838,0.032803550126975396,194,0.36082474226804123,0.15694124712241017,0.7216494845360825,0.03260185279292057,0.2830188679245283,106,0.45454545454545453,88,0.1312678951618824,0.16422287390029322,HIGH,strong,0.11774851909914454
ASIA,strong_dir_move,120,30,0.25,747,0.32396251673360105,0.11650118825316427,0.7242302543507363,0.04638110300111205,219,0.228310502283105,0.09781954621075359,0.7488584474885844,0.02555717333235145,203,0.41379310344827586,0.10796786072982928,0.8029556650246306,0.026367159965448108,0.3135593220338983,118,0.5529411764705883,85,0.099551539932731,0.09487666034155601,HIGH,strong,0.11650118825316427
ASIA,fast_move,120,30,0.25,747,0.32396251673360105,0.11650118825316427,0.7242302543507363,0.04638110300111205,219,0.228310502283105,0.09781954621075359,0.7488584474885844,0.02555717333235145,203,0.41379310344827586,0.10796786072982928,0.8029556650246306,0.026367159965448108,0.3135593220338983,118,0.5529411764705883,85,0.099551539932731,0.09487666034155601,HIGH,strong,0.11650118825316427
ASIA,strong_dir_move,60,45,0.25,667,0.3403298350824588,0.11646446027368776,0.553223388305847,0.04807573630361535,198,0.25252525252525254,0.1336622034296453,0.5151515151515151,0.023695397655561983,188,0.3829787234042553,0.10627969427804174,0.6276595744680851,0.025826839884936167,0.3584905660377358,106,0.4146341463414634,82,0.10946332868365022,0.09205350118017308,HIGH,strong,0.11646446027368776
ASIA,fast_move,60,45,0.25,667,0.3403298350824588,0.11646446027368776,0.553223388305847,0.04807573630361535,198,0.25252525252525254,0.1336622034296453,0.5151515151515151,0.023695397655561983,188,0.3829787234042553,0.10627969427804174,0.6276595744680851,0.025826839884936167,0.3584905660377358,106,0.4146341463414634,82,0.10946332868365022,0.09205350118017308,HIGH,strong,0.11646446027368776
ASIA,high_local_vol,30,15,0.25,725,0.2,0.11553261379633976,0.33379310344827584,0.10380786363409795,134,0.23134328358208955,0.1848316556751128,0.5,0.04603453943693229,171,0.23976608187134502,0.1256884119684324,0.47368421052631576,0.03871193624515509,0.23863636363636365,88,0.24096385542168675,83,0.14136009904492397,0.099028371550719,HIGH,strong,0.11553261379633976
ASIA,strong_dir_move,180,30,0.25,715,0.2727272727272727,0.11327939076630175,1.0,0.048024394251865485,212,0.1650943396226415,0.08369899078543219,1.0,0.032338342106695464,195,0.31794871794871793,0.08680516563728241,1.0,0.034363713960419845,0.24545454545454545,110,0.4117647058823529,85,0.08139204545454545,0.0698292220113852,HIGH,strong,0.11327939076630175
ASIA,fast_move,180,30,0.25,715,0.2727272727272727,0.11327939076630175,1.0,0.048024394251865485,212,0.1650943396226415,0.08369899078543219,1.0,0.032338342106695464,195,0.31794871794871793,0.08680516563728241,1.0,0.034363713960419845,0.24545454545454545,110,0.4117647058823529,85,0.08139204545454545,0.0698292220113852,HIGH,strong,0.11327939076630175
ASIA,high_local_vol,120,30,0.25,783,0.3205619412515964,0.11310061277115965,0.37037037037037035,0.06869283350194587,109,0.3211009174311927,0.19060996135884126,0.45871559633027525,0.028745546108360675,143,0.5664335664335665,0.2606083237151199,0.7132867132867133,0.02525528778495377,0.48,75,0.6617647058823529,68,0.26599221789883265,0.20370018975332066,HIGH,strong,0.11310061277115965
ASIA,fast_and_expanded,120,10,0.25,513,0.18323586744639375,0.11226225507150749,0.8654970760233918,0.07649757509425156,134,0.17164179104477612,0.122546183809634,0.9552238805970149,0.04103854582837833,151,0.31125827814569534,0.15591847232045264,0.9271523178807947,0.03828453936901651,0.2857142857142857,84,0.34328358208955223,67,0.17287381878821567,0.11747713047664901,HIGH,strong,0.11226225507150749
ASIA,strong_and_persistent,15,45,0.25,397,0.35516372795969775,0.1119204847164545,0.3954659949622166,0.04374774533467004,162,0.2654320987654321,0.13752512202124606,0.35802469135802467,0.02440900322895414,152,0.4407894736842105,0.1228283086356668,0.3815789473684211,0.02609501217752366,0.4222222222222222,90,0.46774193548387094,62,0.1459576307825335,0.08064516129032256,HIGH,strong,0.1119204847164545
ASIA,fast_and_expanded,60,20,0.25,479,0.22755741127348644,0.11180014457282351,0.7118997912317327,0.06889277960143016,135,0.21481481481481482,0.15021533161068046,0.7333333333333333,0.032411906292956684,148,0.2972972972972973,0.13710312254001575,0.777027027027027,0.033389599805040596,0.2948717948717949,78,0.3,70,0.15090292327646415,0.1129032258064516,HIGH,strong,0.11180014457282351
ASIA,fast_and_expanded,90,20,0.25,423,0.20094562647754138,0.11132566051043985,0.8486997635933806,0.05979564717747604,128,0.2109375,0.16830184108527133,0.875,0.038598687402397094,153,0.30718954248366015,0.1591312900564757,0.8758169934640523,0.03471753677315446,0.25609756097560976,82,0.36619718309859156,71,0.13936604346588213,0.16619718309859155,HIGH,strong,0.11132566051043985
ASIA,vol_expansion_high,180,15,0.25,715,0.1944055944055944,0.1092080694174935,0.7132867132867133,0.06958460482817921,169,0.16568047337278108,0.1230448144580524,0.8047337278106509,0.045831456803037324,198,0.21717171717171718,0.09308412593084127,0.7929292929292929,0.04712955704068108,0.17307692307692307,104,0.26595744680851063,94,0.09104567307692307,0.07240905971173645,HIGH,strong,0.1092080694174935
ASIA,fast_and_expanded,30,20,0.25,529,0.22684310018903592,0.10858875950391156,0.5841209829867675,0.07118167084521251,157,0.1910828025477707,0.1419871953126286,0.5031847133757962,0.0412276680661763,161,0.2670807453416149,0.12873123077850812,0.577639751552795,0.03474741490104101,0.2696629213483146,89,0.2638888888888889,72,0.14904035325492937,0.09614695340501792,HIGH,strong,0.10858875950391156
ASIA,strong_and_persistent,120,15,0.25,362,0.2265193370165746,0.10732006495106049,0.7624309392265194,0.039879582365833346,194,0.15463917525773196,0.07195183675643997,0.7628865979381443,0.030550197248893043,196,0.2857142857142857,0.08183079056865464,0.8010204081632653,0.03512754526806846,0.23893805309734514,113,0.3493975903614458,83,0.08718708033469924,0.05907500971628449,HIGH,strong,0.10732006495106049
ASIA,vol_expansion_high,15,20,0.25,742,0.20350404312668463,0.10730615031862233,0.33962264150943394,0.06763721234780881,218,0.22935779816513763,0.15829836664058983,0.3623853211009174,0.03366654812286282,227,0.33480176211453744,0.13819982036696463,0.3392070484581498,0.030948376736576404,0.3153846153846154,130,0.36082474226804123,97,0.14806944028733912,0.1156634519454606,HIGH,strong,0.10730615031862233
ASIA,high_local_vol,60,20,0.25,685,0.22189781021897811,0.10614054351831519,0.33138686131386863,0.0921539826407027,136,0.2647058823529412,0.20010639914880682,0.4117647058823529,0.03726925083046415,162,0.36419753086419754,0.20400335610691597,0.5802469135802469,0.03489077228992203,0.3522727272727273,88,0.3783783783783784,74,0.20830385567739657,0.19128160418483,HIGH,strong,0.10614054351831519
ASIA,strong_dir_move,30,30,0.25,725,0.28,0.1040262787423745,0.42758620689655175,0.05633548077554229,213,0.17370892018779344,0.10781744731957638,0.37089201877934275,0.036395864053363584,192,0.3072916666666667,0.10826254045307446,0.484375,0.029173471902748938,0.3119266055045872,109,0.30120481927710846,83,0.13682932923999575,0.06249514185775362,HIGH,strong,0.1040262787423745
ASIA,fast_move,30,30,0.25,725,0.28,0.1040262787423745,0.42758620689655175,0.05633548077554229,213,0.17370892018779344,0.10781744731957638,0.37089201877934275,0.036395864053363584,192,0.3072916666666667,0.10826254045307446,0.484375,0.029173471902748938,0.3119266055045872,109,0.30120481927710846,83,0.13682932923999575,0.06249514185775362,HIGH,strong,0.1040262787423745
ASIA,low_local_vol,15,30,0.25,1127,0.05146406388642413,-0.10382682021801928,0.00709849157054126,0.0573581460552163,541,0.025878003696857672,-0.07231321077342656,0.0036968576709796672,0.03537581198314599,161,0.024844720496894408,-0.22272809503708618,0.012422360248447204,0.03920686429263996,0.017241379310344827,116,0.044444444444444446,45,-0.19676640279082247,-0.25878136200716845,LOW,strong,0.10382682021801928
ASIA,strong_and_persistent,180,20,0.25,314,0.2197452229299363,0.10361004920313954,1.0,0.03558024538348756,194,0.11855670103092783,0.06816910413170302,1.0,0.03726174472515732,186,0.23655913978494625,0.07597519817910683,1.0,0.03947288387359662,0.17142857142857143,105,0.32098765432098764,81,0.06595982142857143,0.06937475109518121,HIGH,strong,0.10361004920313954
ASIA,low_local_vol,30,30,0.25,1271,0.07238394964594808,-0.10358977161167746,0.04720692368214005,0.053985893415987335,596,0.018456375838926176,-0.047435097029290885,0.018456375838926176,0.03986010318072734,219,0.0547945205479452,-0.14423460566564703,0.045662100456621,0.03332305493522976,0.058823529411764705,153,0.045454545454545456,66,-0.11627374685282672,-0.19325513196480937,LOW,strong,0.10358977161167746
ASIA,vol_expansion_high,60,30,0.25,667,0.25787106446776614,0.10233817308581816,0.5112443778110944,0.05665855919745619,184,0.2717391304347826,0.18259184361307718,0.5380434782608695,0.027944333869904695,207,0.33816425120772947,0.13670794052811783,0.5555555555555556,0.028555346586056046,0.3017241379310345,116,0.38461538461538464,91,0.11884476049912787,0.1523573200992556,HIGH,strong,0.10233817308581816
ASIA,strong_dir_move,120,20,0.25,747,0.25167336010709507,0.10153687239098952,0.7242302543507363,0.05440134606845741,219,0.1872146118721461,0.08773140773777918,0.7488584474885844,0.028556882461146328,203,0.35467980295566504,0.10710698742168445,0.8029556650246306,0.03136425149847172,0.2711864406779661,118,0.47058823529411764,85,0.10776231616434742,0.08349146110056926,HIGH,strong,0.10153687239098952
ASIA,fast_move,120,20,0.25,747,0.25167336010709507,0.10153687239098952,0.7242302543507363,0.05440134606845741,219,0.1872146118721461,0.08773140773777918,0.7488584474885844,0.028556882461146328,203,0.35467980295566504,0.10710698742168445,0.8029556650246306,0.03136425149847172,0.2711864406779661,118,0.47058823529411764,85,0.10776231616434742,0.08349146110056926,HIGH,strong,0.10153687239098952
ASIA,vol_expansion_low,120,20,0.25,726,0.049586776859504134,-0.10054971085660142,0.0013774104683195593,0.0655552910947877,375,0.037333333333333336,-0.06214987080103359,0.0,0.03187430342568767,77,0.05194805194805195,-0.19562476358592862,0.0,0.029133006914422728,0.06,50,0.037037037037037035,27,-0.10342412451361868,-0.35005973715651134,LOW,strong,0.10054971085660142
ASIA,high_local_vol,180,20,0.25,733,0.2155525238744884,0.09941735014769162,0.4665757162346521,0.08930345536939463,103,0.2524271844660194,0.2020395875667946,0.5533980582524272,0.03945058930229134,151,0.3576158940397351,0.19703195243389568,0.7350993377483444,0.040853466927902496,0.29577464788732394,71,0.4125,80,0.19030589788732394,0.16088709677419355,HIGH,strong,0.09941735014769162
ASIA,vol_expansion_low,180,20,0.25,694,0.01729106628242075,-0.09884410744437602,0.027377521613832854,0.08158671959867146,373,0.005361930294906166,-0.04502566660431864,0.03753351206434316,0.04269915935135866,85,0.023529411764705882,-0.13705452984113353,0.047058823529411764,0.042468644985742925,0.01694915254237288,59,0.038461538461538464,26,-0.08851959745762712,-0.21315136476426796,LOW,strong,0.09884410744437602
ASIA,strong_dir_move,180,20,0.25,715,0.213986013986014,0.09785084025921723,1.0,0.05933301684683077,212,0.12264150943396226,0.07225391253473745,1.0,0.03937014244434619,195,0.23076923076923078,0.07018528916339137,1.0,0.03946793021209453,0.16363636363636364,110,0.3176470588235294,85,0.058167613636363635,0.06603415559772297,HIGH,strong,0.09785084025921723
ASIA,fast_move,180,20,0.25,715,0.213986013986014,0.09785084025921723,1.0,0.05933301684683077,212,0.12264150943396226,0.07225391253473745,1.0,0.03937014244434619,195,0.23076923076923078,0.07018528916339137,1.0,0.03946793021209453,0.16363636363636364,110,0.3176470588235294,85,0.058167613636363635,0.06603415559772297,HIGH,strong,0.09785084025921723
ASIA,weak_dir_move,90,45,0.25,582,0.18041237113402062,-0.09752296635888921,0.0,0.03536479543199035,295,0.08813559322033898,-0.077239083782245,0.0,0.022069011274032935,88,0.2840909090909091,-0.09940423654015884,0.0,0.02304822379718455,0.24242424242424243,66,0.4090909090909091,22,-0.06885980426836458,-0.09413489736070374,LOW,strong,0.09752296635888921
ASIA,slow_move,90,45,0.25,582,0.18041237113402062,-0.09752296635888921,0.0,0.03536479543199035,295,0.08813559322033898,-0.077239083782245,0.0,0.022069011274032935,88,0.2840909090909091,-0.09940423654015884,0.0,0.02304822379718455,0.24242424242424243,66,0.4090909090909091,22,-0.06885980426836458,-0.09413489736070374,LOW,strong,0.09752296635888921
ASIA,fast_and_expanded,15,15,0.25,532,0.16729323308270677,0.09720619689397567,0.47368421052631576,0.0804852366370396,166,0.21686746987951808,0.16001992465987983,0.4759036144578313,0.03625204950718871,158,0.27848101265822783,0.14013149809512104,0.4873417721518987,0.03406751439975193,0.24731182795698925,93,0.3230769230769231,65,0.13447136103091922,0.14243176178660052,HIGH,strong,0.09720619689397567
ASIA,strong_and_persistent,90,45,0.25,272,0.375,0.09706466250709017,0.7058823529411765,0.02550396685743608,172,0.29069767441860467,0.12532299741602068,0.6976744186046512,0.020012713372097778,165,0.47878787878787876,0.0952927331568108,0.7878787878787878,0.020209965216852126,0.3655913978494624,93,0.625,72,0.054307351156855366,0.12177419354838714,HIGH,strong,0.09706466250709017
ASIA,fast_and_expanded,180,10,0.25,497,0.14688128772635814,0.09642912209094642,1.0,0.08128989577463368,133,0.15037593984962405,0.12195216723980493,1.0,0.060560263179788645,156,0.16025641025641027,0.06779898933183606,1.0,0.0576468575723813,0.125,80,0.19736842105263158,76,0.0625,0.05543293718166384,HIGH,strong,0.09642912209094642
ASIA,strong_and_persistent,30,45,0.25,348,0.35344827586206895,0.09629201119759218,0.47413793103448276,0.036602789928701134,168,0.21428571428571427,0.10834256183093391,0.375,0.027955313110299487,146,0.3835616438356164,0.09229950791328634,0.5205479452054794,0.02302450262322829,0.3875,80,0.3787878787878788,66,0.1151264591439689,0.05620723362658847,HIGH,strong,0.09629201119759218
ASIA,strong_dir_move,15,30,0.25,744,0.2513440860215054,0.09605320191706196,0.3387096774193548,0.05942888054709428,228,0.25,0.15180878552971577,0.34649122807017546,0.028790688161761863,196,0.37755102040816324,0.12997820487418266,0.39285714285714285,0.028581253771581466,0.36134453781512604,119,0.4025974025974026,77,0.14733675571395874,0.09937159614578972,HIGH,strong,0.09605320191706196
ASIA,fast_move,15,30,0.25,744,0.2513440860215054,0.09605320191706196,0.3387096774193548,0.05942888054709428,228,0.25,0.15180878552971577,0.34649122807017546,0.028790688161761863,196,0.37755102040816324,0.12997820487418266,0.39285714285714285,0.028581253771581466,0.36134453781512604,119,0.4025974025974026,77,0.14733675571395874,0.09937159614578972,HIGH,strong,0.09605320191706196
ASIA,vol_expansion_high,90,20,0.25,600,0.185,0.09538003403289846,0.5983333333333334,0.06035334969502338,171,0.18128654970760233,0.13865089079287365,0.6549707602339181,0.038479885837617404,202,0.27722772277227725,0.1291694703450928,0.6633663366336634,0.03737156164615141,0.23008849557522124,113,0.33707865168539325,89,0.11335697806549361,0.13707865168539324,HIGH,strong,0.09538003403289846
ASIA,high_local_vol,15,15,0.25,742,0.16442048517520216,0.09433344898647106,0.31266846361185985,0.0970260237775294,159,0.2578616352201258,0.20101409000048753,0.4591194968553459,0.036301091808293336,192,0.28125,0.1429004854368932,0.3802083333333333,0.03595701140771307,0.26666666666666666,105,0.2988505747126437,87,0.15382619974059664,0.11820541342232113,HIGH,strong,0.09433344898647106
ASIA,strong_and_persistent,15,30,0.25,397,0.24937027707808565,0.09407939297364223,0.3954659949622166,0.05498484122721766,162,0.2222222222222222,0.12403100775193797,0.35802469135802467,0.02792260373244258,152,0.35526315789473684,0.10769034236075625,0.3815789473684211,0.02924240459967367,0.3333333333333333,90,0.3870967741935484,62,0.11932555123216601,0.08387096774193548,HIGH,strong,0.09407939297364223
ASIA,high_local_vol,60,15,0.25,685,0.18686131386861313,0.09405152294561465,0.33138686131386863,0.10449340039070058,136,0.25,0.19444444444444445,0.4117647058823529,0.04303639231461185,162,0.3148148148148148,0.1861740381157857,0.5802469135802469,0.03794284788223155,0.3181818181818182,88,0.3108108108108108,74,0.20145030067209055,0.16242371403661726,HIGH,strong,0.09405152294561465
ASIA,vol_expansion_high,30,20,0.25,725,0.2110344827586207,0.09278014207349633,0.4262068965517241,0.06788661334530362,207,0.1642512077294686,0.1151556004943265,0.38164251207729466,0.043140038472837705,224,0.23660714285714285,0.09825762829403606,0.41517857142857145,0.03547552283861094,0.21875,128,0.2604166666666667,96,0.09812743190661478,0.0926747311827957,HIGH,strong,0.09278014207349633
ASIA,strong_and_persistent,120,10,0.25,362,0.16298342541436464,0.09200981303947837,0.7624309392265194,0.05084634182547302,194,0.10824742268041238,0.059151815445270255,0.7628865979381443,0.03843044984888247,196,0.22959183673469388,0.07425203090945118,0.8010204081632653,0.04064893238858693,0.19469026548672566,113,0.27710843373493976,83,0.08184979856065562,0.051301982122036544,HIGH,strong,0.09200981303947837
ASIA,vol_expansion_high,60,20,0.25,667,0.20689655172413793,0.091139285023475,0.5112443778110944,0.06966546123267628,184,0.20652173913043478,0.14192225592630042,0.5380434782608695,0.034152284474335784,207,0.2898550724637681,0.12966089770648656,0.5555555555555556,0.034018194864144216,0.27586206896551724,116,0.3076923076923077,91,0.1318931973701865,0.12059553349875932,HIGH,strong,0.091139285023475
ASIA,fast_and_expanded,30,15,0.25,529,0.17391304347826086,0.08944565727460062,0.5841209829867675,0.08515437743725071,157,0.1910828025477707,0.14457117464079397,0.5031847133757962,0.04325850921843397,161,0.21739130434782608,0.10331363444491345,0.577639751552795,0.03797108437921304,0.21348314606741572,89,0.2222222222222222,72,0.11620688147597603,0.08028673835125447,HIGH,strong,0.08944565727460062
ASIA,weak_dir_move,180,45,0.25,694,0.17146974063400577,-0.08935843642453778,0.0,0.04960531387088815,286,0.07692307692307693,-0.047107930828861055,0.0,0.026230504914086877,97,0.1958762886597938,-0.11799232447889232,0.0,0.024220986138717843,0.1323529411764706,68,0.3448275862068966,29,-0.09420955882352941,-0.11323692992213569,LOW,strong,0.08935843642453778
ASIA,slow_move,180,45,0.25,694,0.17146974063400577,-0.08935843642453778,0.0,0.04960531387088815,286,0.07692307692307693,-0.047107930828861055,0.0,0.026230504914086877,97,0.1958762886597938,-0.11799232447889232,0.0,0.024220986138717843,0.1323529411764706,68,0.3448275862068966,29,-0.09420955882352941,-0.11323692992213569,LOW,strong,0.08935843642453778
ASIA,vol_expansion_low,90,30,0.25,582,0.05670103092783505,-0.08907321751232378,0.0,0.050148443605961004,368,0.019021739130434784,-0.06754156836310526,0.0,0.0312473791249179,72,0.041666666666666664,-0.16707119741100324,0.0,0.03328484849657761,0.043478260869565216,46,0.038461538461538464,26,-0.12772796481136864,-0.23250620347394543,LOW,strong,0.08907321751232378
ASIA,high_local_vol,120,15,0.25,783,0.2081736909323116,0.08897441886679751,0.37037037037037035,0.09340822168097691,109,0.28440366972477066,0.20171633122347865,0.45871559633027525,0.035981899529048775,143,0.4125874125874126,0.20870391744178154,0.7132867132867133,0.032839038356911474,0.38666666666666666,75,0.4411764705882353,68,0.23491569390402076,0.15085388994307397,HIGH,strong,0.08897441886679751
ASIA,strong_dir_move,90,30,0.25,601,0.23460898502495842,0.0888347365847996,0.6988352745424293,0.04742531885023142,209,0.20095693779904306,0.11439363030550301,0.6842105263157895,0.028857080080407053,189,0.32275132275132273,0.11401345867365284,0.7724867724867724,0.027596484485402924,0.23636363636363636,110,0.4430379746835443,79,0.0651574106827025,0.17207023274806038,HIGH,strong,0.0888347365847996
ASIA,fast_move,90,30,0.25,601,0.23460898502495842,0.0888347365847996,0.6988352745424293,0.04742531885023142,209,0.20095693779904306,0.11439363030550301,0.6842105263157895,0.028857080080407053,189,0.32275132275132273,0.11401345867365284,0.7724867724867724,0.027596484485402924,0.23636363636363636,110,0.4430379746835443,79,0.0651574106827025,0.17207023274806038,HIGH,strong,0.0888347365847996
ASIA,fast_and_expanded,60,15,0.25,479,0.18162839248434237,0.0888186015613439,0.7118997912317327,0.07619315825027448,135,0.1925925925925926,0.13703703703703704,0.7333333333333333,0.03690925401491149,148,0.2635135135135135,0.13487273681448436,0.777027027027027,0.03706974938969336,0.2692307692307692,78,0.2571428571428571,70,0.1524992517210416,0.10875576036866358,HIGH,strong,0.0888186015613439
ASIA,vol_expansion_high,15,15,0.25,742,0.15768194070080863,0.08759490451207752,0.33962264150943394,0.07986800673172156,218,0.19724770642201836,0.1404001612023801,0.3623853211009174,0.038569192625716196,227,0.23788546255506607,0.09953594799195928,0.3392070484581498,0.035631135482458914,0.2153846153846154,130,0.26804123711340205,97,0.10254414845854536,0.08739607582307948,HIGH,strong,0.08759490451207752
ASIA,vol_expansion_low,120,15,0.25,726,0.03168044077134986,-0.08751883129416424,0.0013774104683195593,0.07857486052236662,375,0.029333333333333333,-0.05335400516795866,0.0,0.03706424463881249,77,0.05194805194805195,-0.15193544319757912,0.0,0.03499779364566574,0.06,50,0.037037037037037035,27,-0.0917509727626459,-0.2532855436081243,LOW,strong,0.08751883129416424
ASIA,high_local_vol,120,20,0.25,783,0.23754789272030652,0.08741140500420097,0.37037037037037035,0.08188679682212195,109,0.29357798165137616,0.19409477751700924,0.45871559633027525,0.03310847879078586,143,0.48951048951048953,0.24193767397650895,0.7132867132867133,0.029139330227329736,0.4,75,0.5882352941176471,68,0.23657587548638134,0.2011385199240987,HIGH,strong,0.08741140500420097
ASIA,vol_expansion_high,120,10,0.25,747,0.15796519410977242,0.08699158173488615,0.5943775100401606,0.09150326066945648,173,0.16184971098265896,0.11275410374751685,0.7398843930635838,0.041685125248480386,194,0.29381443298969073,0.13847462716444803,0.7216494845360825,0.03863017217664966,0.2358490566037736,106,0.36363636363636365,88,0.12300858967770355,0.13782991202346043,HIGH,strong,0.08699158173488615
ASIA,fast_and_expanded,90,15,0.25,423,0.1536643026004728,0.08673293561238432,0.8486997635933806,0.07067510972200951,128,0.1875,0.15132428940568476,0.875,0.04627378482830463,153,0.24836601307189543,0.14399708103306047,0.8758169934640523,0.04016131987712053,0.23170731707317074,82,0.2676056338028169,71,0.14610420423270382,0.13212176283507493,HIGH,strong,0.08673293561238432
ASIA,high_local_vol,180,15,0.25,733,0.17053206002728513,0.08533453503918423,0.4665757162346521,0.1026128428169115,103,0.23300970873786409,0.1903740498231354,0.5533980582524272,0.04523693115461516,151,0.271523178807947,0.1474355875670711,0.7350993377483444,0.04747071554482111,0.22535211267605634,71,0.3125,80,0.14332086267605634,0.11895161290322581,HIGH,strong,0.08533453503918423
ASIA,low_local_vol,60,45,0.25,1276,0.13871473354231975,-0.08515064126645128,0.11128526645768025,0.0458197411746922,638,0.05329153605015674,-0.06557151304545049,0.07210031347962383,0.027783660945128616,250,0.1,-0.17669902912621357,0.096,0.028107581644646114,0.10059171597633136,169,0.09876543209876543,81,-0.14843552137775423,-0.2238152130625249,LOW,strong,0.08515064126645128
ASIA,weak_dir_move,15,45,0.25,721,0.15811373092926492,-0.08512951231397833,0.0,0.05021460725754351,276,0.050724637681159424,-0.07718233906302663,0.0,0.029646404963146522,96,0.16666666666666666,-0.15129449838187706,0.0,0.02625440139792858,0.11666666666666667,60,0.25,36,-0.15959792477302207,-0.13709677419354838,LOW,strong,0.08512951231397833
ASIA,slow_move,15,45,0.25,721,0.15811373092926492,-0.08512951231397833,0.0,0.05021460725754351,276,0.050724637681159424,-0.07718233906302663,0.0,0.029646404963146522,96,0.16666666666666666,-0.15129449838187706,0.0,0.02625440139792858,0.11666666666666667,60,0.25,36,-0.15959792477302207,-0.13709677419354838,LOW,strong,0.08512951231397833
ASIA,strong_dir_move,120,15,0.25,747,0.2034805890227577,0.0842813169572436,0.7242302543507363,0.06276847650927668,219,0.1598173515981735,0.07713001309688151,0.7488584474885844,0.03220780839844876,203,0.2857142857142857,0.08183079056865464,0.8029556650246306,0.034694763888771,0.2457627118644068,118,0.3411764705882353,85,0.09401173910176089,0.05085388994307399,HIGH,strong,0.0842813169572436
ASIA,fast_move,120,15,0.25,747,0.2034805890227577,0.0842813169572436,0.7242302543507363,0.06276847650927668,219,0.1598173515981735,0.07713001309688151,0.7488584474885844,0.03220780839844876,203,0.2857142857142857,0.08183079056865464,0.8029556650246306,0.034694763888771,0.2457627118644068,118,0.3411764705882353,85,0.09401173910176089,0.05085388994307399,HIGH,strong,0.0842813169572436
ASIA,strong_and_persistent,180,15,0.25,314,0.16878980891719744,0.08359228392909654,1.0,0.04055001336937198,194,0.10824742268041238,0.0656117637656837,1.0,0.04214780492965935,186,0.1827956989247312,0.05870810768385527,1.0,0.047178979627029986,0.13333333333333333,105,0.24691358024691357,81,0.05130208333333333,0.05336519315013938,HIGH,strong,0.08359228392909654
ASIA,strong_and_persistent,30,30,0.25,348,0.25862068965517243,0.0826469683975469,0.47413793103448276,0.047837565667257824,168,0.16071428571428573,0.09482281284606867,0.375,0.03538147246068105,146,0.3082191780821918,0.10919005186859956,0.5205479452054794,0.030229619532563288,0.3125,80,0.30303030303030304,66,0.13740272373540857,0.0643206256109482,HIGH,strong,0.0826469683975469
ASIA,strong_dir_move,60,30,0.25,667,0.2368815592203898,0.08134866783844183,0.553223388305847,0.060001283314887494,198,0.20202020202020202,0.11287291519849658,0.5151515151515151,0.02885939819926441,188,0.2765957446808511,0.07513943400123943,0.6276595744680851,0.03162593509385881,0.24528301886792453,106,0.3170731707317073,82,0.062403641436017926,0.08481510621557828,HIGH,strong,0.08134866783844183
ASIA,fast_move,60,30,0.25,667,0.2368815592203898,0.08134866783844183,0.553223388305847,0.060001283314887494,198,0.20202020202020202,0.11287291519849658,0.5151515151515151,0.02885939819926441,188,0.2765957446808511,0.07513943400123943,0.6276595744680851,0.03162593509385881,0.24528301886792453,106,0.3170731707317073,82,0.062403641436017926,0.08481510621557828,HIGH,strong,0.08134866783844183
ASIA,weak_dir_move,30,45,0.25,705,0.17588652482269504,-0.08126973984178174,0.0,0.04702389231985807,292,0.0273972602739726,-0.07854589218080776,0.0,0.027345827283230317,98,0.17346938775510204,-0.11779274816722804,0.0,0.028367735204340074,0.15873015873015872,63,0.2,35,-0.11364338212587238,-0.1225806451612903,LOW,strong,0.08126973984178174
ASIA,slow_move,30,45,0.25,705,0.17588652482269504,-0.08126973984178174,0.0,0.04702389231985807,292,0.0273972602739726,-0.07854589218080776,0.0,0.027345827283230317,98,0.17346938775510204,-0.11779274816722804,0.0,0.028367735204340074,0.15873015873015872,63,0.2,35,-0.11364338212587238,-0.1225806451612903,LOW,strong,0.08126973984178174
LONDON,low_local_vol,15,45,0.25,794,0.3148614609571788,-0.32796598187026405,0.041561712846347604,0.02506590084349837,200,0.425,-0.295,0.055,0.01679361554810109,250,0.332,-0.15710411622276027,0.04,0.018719491748053364,0.37857142857142856,140,0.2727272727272727,110,-0.1583935519733185,-0.13752913752913754,LOW,strong,0.32796598187026405
LONDON,low_local_vol,15,30,0.25,794,0.21788413098236775,-0.3180826049843682,0.041561712846347604,0.03103141618109144,200,0.325,-0.29564516129032253,0.055,0.020282300673607038,250,0.232,-0.13119612590799032,0.04,0.02203164260155957,0.2785714285714286,140,0.17272727272727273,110,-0.13387993329627568,-0.10932400932400932,LOW,strong,0.3180826049843682
LONDON,quiet_wait,30,45,0.25,505,0.31683168316831684,-0.30391520479848816,0.0,0.030115356451506623,110,0.38181818181818183,-0.34592375366568917,0.0,0.01858781424548739,144,0.3055555555555556,-0.20049771320957754,0.0,0.017903570193876384,0.352112676056338,71,0.2602739726027397,73,-0.1965254562393819,-0.1756234632946962,LOW,strong,0.30391520479848816
LONDON,low_local_vol,90,45,0.25,794,0.21536523929471033,-0.3027070498619162,0.26700251889168763,0.028617827281977138,180,0.24444444444444444,-0.36329749103942655,0.3333333333333333,0.017278613871269735,222,0.20270270270270271,-0.2064982658202997,0.2702702702702703,0.02065689349682389,0.2231404958677686,121,0.1782178217821782,101,-0.20098401775090843,-0.20639756283320643,LOW,strong,0.3027070498619162
LONDON,low_local_vol,30,30,0.25,795,0.17861635220125785,-0.30063675983193716,0.10943396226415095,0.0347381508809972,187,0.19786096256684493,-0.3595583922718647,0.1657754010695187,0.025080623144553803,246,0.13008130081300814,-0.1701608299375972,0.10569105691056911,0.024136692000104928,0.17164179104477612,134,0.08035714285714286,112,-0.19022591323537952,-0.11836080586080584,LOW,strong,0.30063675983193716
LONDON,low_local_vol,60,45,0.25,796,0.28266331658291455,-0.29693867346683667,0.17964824120603015,0.028210408706851216,187,0.40641711229946526,-0.32003450060376054,0.17647058823529413,0.017917520616091153,235,0.3574468085106383,-0.17524084282108082,0.14468085106382977,0.016929696974528695,0.2992125984251969,127,0.42592592592592593,108,-0.22997028095223504,-0.1125356125356125,LOW,strong,0.29693867346683667
LONDON,low_local_vol,60,30,0.25,796,0.1771356783919598,-0.2967449186229656,0.17964824120603015,0.033803841307672326,187,0.3155080213903743,-0.31416939796446436,0.17647058823529413,0.020382643060914103,235,0.24680851063829787,-0.16723507289681108,0.14468085106382977,0.019741015349102754,0.2047244094488189,127,0.2962962962962963,108,-0.21550905358620057,-0.10754985754985757,LOW,strong,0.2967449186229656
LONDON,low_local_vol,30,45,0.25,795,0.32452830188679244,-0.29621858608001256,0.10943396226415095,0.027404572907417664,187,0.37433155080213903,-0.35341038468173197,0.1657754010695187,0.018520762926113314,246,0.3333333333333333,-0.1727199354317998,0.10569105691056911,0.016903924969955724,0.34328358208955223,134,0.32142857142857145,112,-0.20535455020616766,-0.11446886446886445,LOW,strong,0.29621858608001256
LONDON,quiet_wait,90,45,0.25,499,0.22244488977955912,-0.2956273993770674,0.0,0.034202195831657685,101,0.27722772277227725,-0.33051421271159376,0.0,0.020609304316925797,115,0.28695652173913044,-0.12224444678387197,0.0,0.01908782977337828,0.29850746268656714,67,0.2708333333333333,48,-0.1256170509321099,-0.11378205128205132,LOW,strong,0.2956273993770674
LONDON,low_local_vol,15,20,0.25,794,0.12846347607052896,-0.2948213472142943,0.041561712846347604,0.037055567886590715,200,0.22,-0.2896774193548387,0.055,0.024070220433130573,250,0.152,-0.11192251815980628,0.04,0.02717622628663667,0.18571428571428572,140,0.10909090909090909,110,-0.11389660922734851,-0.09603729603729604,LOW,strong,0.2948213472142943
LONDON,low_local_vol,120,45,0.25,791,0.20101137800252844,-0.2935629124816118,0.2920353982300885,0.030387021296844684,189,0.19047619047619047,-0.35791090629800304,0.3544973544973545,0.018956293845224678,222,0.22072072072072071,-0.15216063521148268,0.3063063063063063,0.020740216404125655,0.25396825396825395,126,0.17708333333333334,96,-0.13902785498116238,-0.16266025641025642,LOW,strong,0.2935629124816118
LONDON,quiet_wait,15,45,0.25,474,0.35654008438818563,-0.28628735843925723,0.0,0.02804552290500888,111,0.42342342342342343,-0.29657657657657654,0.0,0.020473970711742038,141,0.3049645390070922,-0.1841395772156681,0.0,0.01992564442377681,0.3924050632911392,79,0.1935483870967742,62,-0.14455991725360784,-0.21670802315963605,LOW,strong,0.28628735843925723
LONDON,quiet_wait,30,30,0.25,505,0.19405940594059407,-0.285193706092601,0.0,0.03850026307485723,110,0.23636363636363636,-0.3210557184750733,0.0,0.024429485316794265,144,0.125,-0.17524213075060535,0.0,0.026118715778823774,0.18309859154929578,71,0.0684931506849315,73,-0.17876911273085985,-0.1302247980330172,LOW,strong,0.285193706092601
LONDON,vol_expansion_low,15,45,0.25,794,0.36397984886649876,-0.2788475939609441,0.0,0.027758139817718384,177,0.4293785310734463,-0.29062146892655366,0.0,0.01885345446390281,217,0.2995391705069124,-0.18956494571584787,0.0,0.01983945876141742,0.3629032258064516,124,0.21505376344086022,93,-0.17406175473829544,-0.19520264681555002,LOW,strong,0.2788475939609441
LONDON,quiet_wait,60,45,0.25,492,0.3008130081300813,-0.2787889819196699,0.0,0.0317803516506391,94,0.3617021276595745,-0.3647494852436513,0.0,0.019400423858250665,142,0.39436619718309857,-0.13832145414862057,0.0,0.01634728790391986,0.36,75,0.43283582089552236,67,-0.16918287937743193,-0.10562571756601608,LOW,strong,0.2787889819196699
LONDON,quiet_wait,15,30,0.25,474,0.25738396624472576,-0.2785827697220102,0.0,0.03584960878761887,111,0.3153153153153153,-0.30532984597500723,0.0,0.025690843506371894,141,0.20567375886524822,-0.1575223670427421,0.0,0.024248528255384844,0.25316455696202533,79,0.14516129032258066,62,-0.15928680490567892,-0.1368899917287014,LOW,strong,0.2785827697220102
LONDON,vol_expansion_low,90,45,0.25,794,0.24055415617128464,-0.2775181329853419,0.11460957178841309,0.03255197444832349,170,0.2823529411764706,-0.3253889943074004,0.1588235294117647,0.019349968360935426,201,0.24875621890547264,-0.16044474961752977,0.14925373134328357,0.019945819402369523,0.27350427350427353,117,0.21428571428571427,84,-0.1506202401144035,-0.17032967032967036,LOW,strong,0.2775181329853419
LONDON,quiet_wait,120,45,0.25,500,0.22,-0.2745742904841403,0.0,0.037868882728657405,88,0.22727272727272727,-0.3211143695014662,0.0,0.022019750040329446,113,0.24778761061946902,-0.12509374531273437,0.0,0.020112781360503366,0.2903225806451613,62,0.19607843137254902,51,-0.10267352830425502,-0.14366515837104074,LOW,strong,0.2745742904841403
LONDON,vol_expansion_high,90,45,0.25,819,0.7912087912087912,0.27313650205216466,0.8095238095238095,0.03125613257831809,331,0.7885196374622356,0.18077770197836462,0.824773413897281,0.017244608118152736,89,0.7191011235955056,0.3099001550725032,0.8539325842696629,0.01925746656412714,0.7096774193548387,62,0.7407407407407407,27,0.2855529057361617,0.35612535612535606,HIGH,strong,0.27313650205216466
LONDON,vol_expansion_low,15,30,0.25,794,0.26448362720403024,-0.2714831087627057,0.0,0.03447536071719916,177,0.3107344632768362,-0.30991069801348636,0.0,0.023640597408408594,217,0.1889400921658986,-0.17425603374209173,0.0,0.023698735434723863,0.22580645161290322,124,0.13978494623655913,93,-0.18664491025480104,-0.14226633581472292,LOW,strong,0.2714831087627057
LONDON,vol_expansion_low,30,30,0.25,795,0.21257861635220127,-0.2666744956809938,0.011320754716981131,0.03758831503517692,172,0.2441860465116279,-0.31323330832708174,0.011627906976744186,0.026729353485779643,216,0.14814814814814814,-0.1520939826024572,0.004629629629629629,0.02461426883126476,0.1885245901639344,122,0.09574468085106383,94,-0.17334311411622122,-0.10297326786688488,LOW,strong,0.2666744956809938
LONDON,vol_expansion_low,30,45,0.25,795,0.35471698113207545,-0.26602990683472955,0.011320754716981131,0.02968392854724025,172,0.4011627906976744,-0.3265791447861966,0.011627906976744186,0.020096477686614326,216,0.3148148148148148,-0.1912384539503183,0.004629629629629629,0.01743559831368702,0.3442622950819672,122,0.2765957446808511,94,-0.2043758372137527,-0.15930169121658483,LOW,strong,0.26602990683472955
LONDON,vol_expansion_low,120,45,0.25,791,0.23135271807838179,-0.2632215724057585,0.15423514538558786,0.03714318152259253,163,0.20245398773006135,-0.34593310904413216,0.1656441717791411,0.022231204963674964,193,0.22797927461139897,-0.14490208132080443,0.16062176165803108,0.02028587893951777,0.26548672566371684,113,0.175,80,-0.1275093832856995,-0.16474358974358977,LOW,strong,0.2632215724057585
LONDON,low_local_vol,120,30,0.25,791,0.12010113780025285,-0.2613679773917338,0.2920353982300885,0.03657643790295936,189,0.12169312169312169,-0.30798429766171703,0.3544973544973545,0.0233016587304813,222,0.11261261261261261,-0.1488885980411404,0.3063063063063063,0.02488195267120769,0.12698412698412698,126,0.09375,96,-0.12204311036995863,-0.18830128205128205,LOW,strong,0.2613679773917338
LONDON,low_local_vol,90,30,0.25,794,0.13602015113350127,-0.26073930046600013,0.26700251889168763,0.035565118234571244,180,0.11666666666666667,-0.34397849462365593,0.3333333333333333,0.02070528294092265,222,0.10810810810810811,-0.18729140763039065,0.2702702702702703,0.02549104380207394,0.11570247933884298,121,0.09900990099009901,101,-0.20336366852107918,-0.15740035542015737,LOW,strong,0.26073930046600013
LONDON,vol_expansion_high,90,30,0.25,819,0.6556776556776557,0.25891820407815425,0.8095238095238095,0.03847992804540212,331,0.6555891238670695,0.1949439625767469,0.824773413897281,0.02123824813003653,89,0.6404494382022472,0.34504992246374844,0.8539325842696629,0.02248867738290666,0.6774193548387096,62,0.5555555555555556,27,0.3583532069787875,0.2991452991452992,HIGH,strong,0.25891820407815425
LONDON,vol_expansion_low,60,45,0.25,796,0.32160804020100503,-0.2579939498487462,0.05025125628140704,0.031984957467033386,173,0.4393063583815029,-0.2871452545217229,0.05202312138728324,0.017296769532386933,212,0.4056603773584906,-0.12702727397322855,0.05188679245283019,0.016202584491218548,0.3898305084745763,118,0.425531914893617,94,-0.13935237090285563,-0.11292962356792141,LOW,strong,0.2579939498487462
LONDON,vol_expansion_high,120,45,0.25,815,0.7521472392638037,0.2575729487796634,0.8478527607361963,0.03777439942966045,344,0.7790697674418605,0.230682670667667,0.8575581395348837,0.019176785607143868,90,0.6333333333333333,0.2604519774011299,0.9,0.018948930308723445,0.6129032258064516,62,0.6785714285714286,28,0.2199071168570353,0.33882783882783885,HIGH,strong,0.2575729487796634
LONDON,quiet_wait,120,30,0.25,500,0.124,-0.2574691151919866,0.0,0.047167726992447576,88,0.14772727272727273,-0.281950146627566,0.0,0.027004803938156286,113,0.1592920353982301,-0.10220917525552295,0.0,0.023717168821007925,0.1774193548387097,62,0.13725490196078433,51,-0.07160788251537592,-0.14479638009049772,LOW,strong,0.2574691151919866
LONDON,low_local_vol,30,20,0.25,795,0.1018867924528302,-0.257449307132232,0.10943396226415095,0.044543030966434444,187,0.11229946524064172,-0.2902811799206486,0.1657754010695187,0.030578774695805645,246,0.08536585365853659,-0.118023976849938,0.10569105691056911,0.02926497653921756,0.11940298507462686,134,0.044642857142857144,112,-0.12962425227945873,-0.08356227106227104,LOW,strong,0.257449307132232
LONDON,low_local_vol,60,20,0.25,796,0.11306532663316583,-0.25716684583781263,0.17964824120603015,0.040478524708795274,187,0.20320855614973263,-0.3232430567534932,0.17647058823529413,0.023498560614601625,235,0.17446808510638298,-0.15482973571686157,0.14468085106382977,0.022691245934442928,0.14173228346456693,127,0.21296296296296297,108,-0.189007016146328,-0.11396011396011396,LOW,strong,0.25716684583781263
LONDON,quiet_wait,60,30,0.25,492,0.21747967479674796,-0.2564009222181774,0.0,0.03973668708648864,94,0.26595744680851063,-0.36371997254632804,0.0,0.021568896418655985,142,0.2746478873239437,-0.13939569621116527,0.0,0.018981439585684337,0.26666666666666666,75,0.2835820895522388,67,-0.1535667963683528,-0.12026406429391506,LOW,strong,0.2564009222181774
LONDON,vol_expansion_high,120,30,0.25,815,0.6368098159509202,0.2553407007589336,0.8478527607361963,0.044808607271722894,344,0.6453488372093024,0.21567141785446364,0.8575581395348837,0.022844687628595872,90,0.5,0.23849878934624696,0.9,0.022148192584673244,0.41935483870967744,62,0.6785714285714286,28,0.17032760135559183,0.39652014652014655,HIGH,strong,0.2553407007589336
LONDON,fast_and_expanded,90,45,0.25,591,0.7732656514382402,0.2551933622816137,1.0,0.030406387474442458,245,0.7714285714285715,0.16368663594470045,1.0,0.016899686358168325,68,0.7205882352941176,0.3113872667711152,1.0,0.019080488760461638,0.6808510638297872,47,0.8095238095238095,21,0.2567265502111102,0.4249084249084249,HIGH,strong,0.2551933622816137
LONDON,quiet_wait,90,30,0.25,499,0.14228456913827656,-0.25447488246122485,0.0,0.04283980350287325,101,0.1782178217821782,-0.28242733950814436,0.0,0.024527303948970056,115,0.17391304347826086,-0.1214864722602379,0.0,0.023210465175824795,0.16417910447761194,67,0.1875,48,-0.1548870433823102,-0.06891025641025639,LOW,strong,0.25447488246122485
LONDON,quiet_wait,15,20,0.25,474,0.17088607594936708,-0.2523987473354562,0.0,0.042974126862821246,111,0.25225225225225223,-0.25742516710258645,0.0,0.030028597315070023,141,0.14893617021276595,-0.11498634794704032,0.0,0.029515699670237407,0.17721518987341772,79,0.11290322580645161,62,-0.12239570506821651,-0.09222497932175351,LOW,strong,0.2523987473354562
LONDON,vol_expansion_low,15,20,0.25,794,0.1712846347607053,-0.252000188524118,0.0,0.04148881781771005,177,0.23728813559322035,-0.2723892837616183,0.0,0.02792129782025626,217,0.1336405529953917,-0.13028196516441456,0.0,0.02898752071211719,0.1532258064516129,124,0.10752688172043011,93,-0.14638508849002133,-0.09760132340777501,LOW,strong,0.252000188524118
LONDON,low_local_vol,15,15,0.25,794,0.08564231738035265,-0.2494928177547825,0.041561712846347604,0.043255106418737005,200,0.135,-0.265,0.055,0.02785049752923009,250,0.096,-0.0904406779661017,0.04,0.03155063364827413,0.1357142857142857,140,0.045454545454545456,110,-0.0821845469705392,-0.08916083916083915,LOW,strong,0.2494928177547825
LONDON,quiet_wait,30,20,0.25,505,0.11089108910891089,-0.24844501047615136,0.0,0.04991091546569911,110,0.10909090909090909,-0.29348973607038126,0.0,0.031784948556541875,144,0.05555555555555555,-0.14783427495291904,0.0,0.03160888666705676,0.08450704225352113,71,0.0273972602739726,73,-0.16452019510056448,-0.10080786793115559,LOW,strong,0.24844501047615136
LONDON,vol_expansion_low,60,30,0.25,796,0.22738693467336685,-0.2464936623415585,0.05025125628140704,0.03929417692518709,173,0.3468208092485549,-0.28285661010628377,0.05202312138728324,0.019300448948318765,212,0.28773584905660377,-0.12630773447850518,0.05188679245283019,0.01896629358260538,0.2796610169491525,118,0.2978723404255319,94,-0.14057244608586694,-0.10597381342062195,LOW,strong,0.2464936623415585
LONDON,vol_expansion_low,90,30,0.25,794,0.15239294710327456,-0.24436650449622688,0.11460957178841309,0.041254440980915054,170,0.17058823529411765,-0.2900569259962049,0.1588235294117647,0.02284747454117291,201,0.13432835820895522,-0.16107115752954354,0.14925373134328357,0.025196751820358434,0.1452991452991453,117,0.11904761904761904,84,-0.17376700256077685,-0.13736263736263735,LOW,strong,0.24436650449622688
LONDON,vol_expansion_low,120,30,0.25,791,0.1390644753476612,-0.24240463984432542,0.15423514538558786,0.04584066053967252,163,0.13496932515337423,-0.2947080942014645,0.1656441717791411,0.026735964470569425,193,0.12953367875647667,-0.13196753189727636,0.16062176165803108,0.024424825970327812,0.13274336283185842,113,0.125,80,-0.11628387452222719,-0.15705128205128205,LOW,strong,0.24240463984432542
LONDON,vol_expansion_low,30,20,0.25,795,0.1169811320754717,-0.24235496750959054,0.011320754716981131,0.04935102317821911,172,0.12790697674418605,-0.2746736684171043,0.011627906976744186,0.034140367549102886,216,0.09722222222222222,-0.10616760828625237,0.004629629629629629,0.02962349642895285,0.12295081967213115,122,0.06382978723404255,94,-0.12607641768195446,-0.06437534097108565,LOW,strong,0.24235496750959054
LONDON,fast_and_expanded,120,30,0.25,584,0.6164383561643836,0.23496924097239696,1.0,0.04051553520522518,238,0.6428571428571429,0.21317972350230419,1.0,0.02148145571035865,69,0.5217391304347826,0.26023791978102956,1.0,0.02152243636606163,0.4583333333333333,48,0.6666666666666666,21,0.2093060959792477,0.3846153846153846,HIGH,strong,0.23496924097239696
LONDON,fast_and_expanded,120,45,0.25,584,0.7294520547945206,0.23487776431038032,1.0,0.03485623956973863,238,0.7773109243697479,0.2289238275955544,1.0,0.01825350243118144,69,0.6666666666666666,0.29378531073446323,1.0,0.018331227776671826,0.6666666666666666,48,0.6666666666666666,21,0.2736705577172503,0.32692307692307687,HIGH,strong,0.23487776431038032
LONDON,fast_and_expanded,90,30,0.25,591,0.6311336717428088,0.23437422014330733,1.0,0.03775366214519658,245,0.6448979591836734,0.18425279789335086,1.0,0.020858412227510448,68,0.6617647058823529,0.36636519014385416,1.0,0.02192100319286914,0.6382978723404256,47,0.7142857142857143,21,0.3192317244805034,0.4578754578754579,HIGH,strong,0.23437422014330733
LONDON,vol_expansion_high,120,20,0.25,815,0.5030674846625767,0.22886047297643308,0.8478527607361963,0.05416316285825096,344,0.4883720930232558,0.1851462865716429,0.8575581395348837,0.028694486095469564,90,0.43333333333333335,0.2541565778853915,0.9,0.026168862956388757,0.3387096774193548,62,0.6428571428571429,28,0.17917660348939374,0.43131868131868134,HIGH,strong,0.22886047297643308
LONDON,quiet_wait,15,15,0.25,474,0.10970464135021098,-0.2254304937849242,0.0,0.0524813712327184,111,0.18018018018018017,-0.21981981981981985,0.0,0.034418923025186635,141,0.10638297872340426,-0.08005769924269744,0.0,0.033041422770246735,0.13924050632911392,79,0.06451612903225806,62,-0.07865832635571099,-0.07009925558312655,LOW,strong,0.2254304937849242
LONDON,vol_expansion_high,90,20,0.25,819,0.5128205128205128,0.22407934123762951,0.8095238095238095,0.047368644818236605,331,0.4954682779456193,0.17675860052626446,0.824773413897281,0.025840974925481194,89,0.42696629213483145,0.23326169165056995,0.8539325842696629,0.02705601409223919,0.43548387096774194,62,0.4074074074074074,27,0.23704029120120498,0.22150997150997148,HIGH,strong,0.22407934123762951
LONDON,quiet_wait,60,20,0.25,492,0.15040650406504066,-0.21982566840593779,0.0,0.04743095800663686,94,0.20212765957446807,-0.32432395332875774,0.0,0.02516649478864152,142,0.2112676056338028,-0.11803021518944173,0.0,0.022113169100372174,0.22666666666666666,75,0.19402985074626866,67,-0.10407263294422828,-0.13289322617680827,LOW,strong,0.21982566840593779
LONDON,vol_expansion_low,15,15,0.25,794,0.11586901763224182,-0.21926611750289332,0.0,0.04975703622229535,177,0.1751412429378531,-0.22485875706214692,0.0,0.03212667589982942,217,0.08755760368663594,-0.09888307427946576,0.0,0.03276374772911689,0.12096774193548387,124,0.043010752688172046,93,-0.09693109074934103,-0.09160463192721256,LOW,strong,0.21926611750289332
LONDON,vol_expansion_low,60,20,0.25,796,0.15452261306532664,-0.2157095594056518,0.05025125628140704,0.046739625174099214,173,0.24277456647398843,-0.2836770464292374,0.05202312138728324,0.022100450177211996,212,0.21226415094339623,-0.11703366987984831,0.05188679245283019,0.02213976220354736,0.22033898305084745,118,0.20212765957446807,94,-0.11040031656004748,-0.12479541734860886,LOW,strong,0.2157095594056518
LONDON,low_local_vol,60,15,0.25,796,0.07412060301507538,-0.21443661091527288,0.17964824120603015,0.047542159839184306,187,0.1443850267379679,-0.2917440055200966,0.17647058823529413,0.025644483004804056,235,0.1276595744680851,-0.13868425119777447,0.14468085106382977,0.024773404174718308,0.11811023622047244,127,0.1388888888888889,108,-0.16593645638653143,-0.09829059829059827,LOW,strong,0.21443661091527288
LONDON,low_local_vol,30,15,0.25,795,0.061635220125786164,-0.213883452073384,0.10943396226415095,0.05154013545050722,187,0.06951871657754011,-0.2504812834224599,0.1657754010695187,0.0355229669594414,246,0.06910569105691057,-0.10764975688497806,0.10569105691056911,0.03308010115550649,0.08955223880597014,134,0.044642857142857144,112,-0.12445554329519716,-0.07074175824175824,LOW,strong,0.213883452073384
LONDON,low_local_vol,120,20,0.25,791,0.0606826801517067,-0.2135243315344369,0.2920353982300885,0.0462246565916543,189,0.0582010582010582,-0.2450247482505547,0.3544973544973545,0.02782738410480614,222,0.04504504504504504,-0.13413171040289684,0.3063063063063063,0.03109109922470687,0.03968253968253968,126,0.052083333333333336,96,-0.1198505342474214,-0.1594551282051282,LOW,strong,0.2135243315344369
LONDON,quiet_wait,120,20,0.25,500,0.064,-0.21020701168614359,0.0,0.05813068962230855,88,0.07954545454545454,-0.22368035190615837,0.0,0.033702208456545785,113,0.07079646017699115,-0.10838029527095075,0.0,0.027938257612949734,0.08064516129032258,62,0.058823529411764705,51,-0.0788879126396385,-0.15271493212669685,LOW,strong,0.21020701168614359
LONDON,fast_and_expanded,120,20,0.25,584,0.4828767123287671,0.20866970064262352,1.0,0.050287834293777374,238,0.4789915966386555,0.17576579018704258,1.0,0.027610597172782848,69,0.43478260869565216,0.25560585324771024,1.0,0.026163253364938806,0.3541666666666667,48,0.6190476190476191,21,0.1946335927367056,0.4075091575091575,HIGH,strong,0.20866970064262352
LONDON,low_local_vol,90,20,0.25,794,0.0818639798488665,-0.20687719173401675,0.26700251889168763,0.0430018335959793,180,0.05,-0.26870967741935486,0.3333333333333333,0.02451130860189699,222,0.05405405405405406,-0.13965054643020744,0.2702702702702703,0.030044373776364475,0.04132231404958678,121,0.06930693069306931,101,-0.15712126571695018,-0.11659050520436659,LOW,strong,0.20687719173401675
LONDON,quiet_wait,30,15,0.25,505,0.07128712871287128,-0.20423154348629885,0.0,0.05732467972546071,110,0.06363636363636363,-0.25636363636363635,0.0,0.0365187764797977,144,0.034722222222222224,-0.14203322571966642,0.0,0.03603249399235478,0.056338028169014086,71,0.0136986301369863,73,-0.1576697539321532,-0.10168598524762909,LOW,strong,0.20423154348629885
LONDON,fast_and_expanded,90,20,0.25,591,0.49238578680203043,0.20364461521914717,1.0,0.047278420392536706,245,0.4897959183673469,0.17108624094799207,1.0,0.025599336138451115,68,0.45588235294117646,0.262177752456915,1.0,0.02611847369743648,0.425531914893617,47,0.5238095238095238,21,0.22708833512708007,0.33791208791208793,HIGH,strong,0.20364461521914717
LONDON,vol_expansion_low,90,20,0.25,794,0.08564231738035265,-0.2030988542025306,0.11460957178841309,0.04988986781499545,170,0.08823529411764706,-0.23047438330170777,0.1588235294117647,0.02814257840135238,201,0.07960199004975124,-0.11410261043451025,0.14925373134328357,0.03013765036808072,0.08547008547008547,117,0.07142857142857142,84,-0.11297349429645148,-0.11446886446886448,LOW,strong,0.2030988542025306
LONDON,vol_expansion_low,30,15,0.25,795,0.07421383647798742,-0.20130483572118274,0.011320754716981131,0.05772330263858079,172,0.0755813953488372,-0.2444186046511628,0.011627906976744186,0.03989010699358983,216,0.0787037037037037,-0.09805174423818493,0.004629629629629629,0.0335435912572894,0.09836065573770492,122,0.05319148936170213,94,-0.11564712636346239,-0.06219312602291326,LOW,strong,0.20130483572118274
LONDON,vol_expansion_low,120,20,0.25,791,0.07458912768647281,-0.1996178839996708,0.15423514538558786,0.05576603231679818,163,0.0736196319018405,-0.2296061745497724,0.1656441717791411,0.03245606284789734,193,0.05699481865284974,-0.12218193679509215,0.16062176165803108,0.030980989088711622,0.05309734513274336,113,0.0625,80,-0.10643572879721772,-0.14903846153846154,LOW,strong,0.1996178839996708
LONDON,quiet_wait,90,20,0.25,499,0.09418837675350701,-0.19455279482937626,0.0,0.05186099620563352,101,0.09900990099009901,-0.21969977642925584,0.0,0.030612045090233936,115,0.10434782608695652,-0.08935677439730498,0.0,0.028622077912316315,0.1044776119402985,67,0.10416666666666667,48,-0.09396596782623845,-0.08173076923076923,LOW,strong,0.19455279482937626
LONDON,vol_expansion_high,120,15,0.25,815,0.3950920245398773,0.1914192365599107,0.8478527607361963,0.06425701963738098,344,0.39244186046511625,0.15373218304576142,0.8575581395348837,0.032574150974359534,90,0.32222222222222224,0.19147161689534573,0.9,0.02844828060737375,0.27419354838709675,62,0.42857142857142855,28,0.15746203087736912,0.2747252747252747,HIGH,strong,0.1914192365599107
LONDON,vol_expansion_high,90,15,0.25,819,0.4017094017094017,0.18484193182988365,0.8095238095238095,0.054365831517740174,331,0.41389728096676737,0.15970373257967058,0.824773413897281,0.02990634944194244,89,0.3146067415730337,0.17659221372799738,0.8539325842696629,0.03176653608990487,0.3064516129032258,62,0.3333333333333333,27,0.17026484247521026,0.1923076923076923,HIGH,strong,0.18484193182988365
LONDON,quiet_wait,60,15,0.25,492,0.10569105691056911,-0.18286615701977915,0.0,0.05713469661619983,94,0.1595744680851064,-0.27655456417295815,0.0,0.028001867334687906,142,0.1619718309859155,-0.10437199467994407,0.0,0.02496367928819755,0.17333333333333334,75,0.14925373134328357,67,-0.11071335927367054,-0.0879257558362036,LOW,strong,0.18286615701977915
LONDON,vol_expansion_low,60,15,0.25,796,0.11055276381909548,-0.1780044501112528,0.05025125628140704,0.055359894210780726,173,0.18497109826589594,-0.25115793399216857,0.05202312138728324,0.024623785843218535,212,0.1650943396226415,-0.10124948604321807,0.05188679245283019,0.02452602605854668,0.17796610169491525,118,0.14893617021276595,94,-0.10608059091208863,-0.08824331696672122,LOW,strong,0.1780044501112528
LONDON,strong_dir_move,90,45,0.25,819,0.6935286935286935,0.175456404372067,1.0,0.0317353478438665,312,0.7243589743589743,0.11661703887510333,1.0,0.01685349029836338,115,0.5739130434782609,0.16471207495525847,1.0,0.019972374063734886,0.5753424657534246,73,0.5714285714285714,42,0.1512179521347476,0.18681318681318676,HIGH,strong,0.175456404372067
LONDON,fast_move,90,45,0.25,819,0.6935286935286935,0.175456404372067,1.0,0.0317353478438665,312,0.7243589743589743,0.11661703887510333,1.0,0.01685349029836338,115,0.5739130434782609,0.16471207495525847,1.0,0.019972374063734886,0.5753424657534246,73,0.5714285714285714,42,0.1512179521347476,0.18681318681318676,HIGH,strong,0.175456404372067
LONDON,fast_and_expanded,120,15,0.25,584,0.3767123287671233,0.1730395407871567,1.0,0.060172657441722406,238,0.37815126050420167,0.13944158308484683,1.0,0.03161197955668313,69,0.30434782608695654,0.17359722076008002,1.0,0.028750252876984253,0.2708333333333333,48,0.38095238095238093,21,0.1541018158236057,0.22710622710622708,HIGH,strong,0.1730395407871567
LONDON,fast_and_expanded,90,15,0.25,591,0.3840947546531303,0.16722728477361223,1.0,0.05362726546399258,245,0.4,0.14580645161290323,1.0,0.02954857397650673,68,0.3382352941176471,0.20022076627261076,1.0,0.029630319253804136,0.2978723404255319,47,0.42857142857142855,21,0.16168556999751635,0.2875457875457875,HIGH,strong,0.16722728477361223
LONDON,low_local_vol,120,15,0.25,791,0.03666245259165613,-0.16701033538831048,0.2920353982300885,0.052947169318808884,189,0.037037037037037035,-0.2016726403823178,0.3544973544973545,0.03157017367408688,222,0.03153153153153153,-0.09921907379534499,0.3063063063063063,0.035861511508963655,0.031746031746031744,126,0.03125,96,-0.08498548576369588,-0.12259615384615385,LOW,strong,0.16701033538831048
LONDON,strong_dir_move,30,20,0.25,820,0.524390243902439,0.1650541443173768,0.9829268292682927,0.04684032832155367,321,0.5202492211838006,0.11766857602251024,0.9781931464174455,0.024475514577107844,90,0.4222222222222222,0.21883239171374763,0.9666666666666667,0.026153713627170526,0.48333333333333334,60,0.3,30,0.23430609597924773,0.1717948717948718,HIGH,strong,0.1650541443173768
LONDON,fast_move,30,20,0.25,820,0.524390243902439,0.1650541443173768,0.9829268292682927,0.04684032832155367,321,0.5202492211838006,0.11766857602251024,0.9781931464174455,0.024475514577107844,90,0.4222222222222222,0.21883239171374763,0.9666666666666667,0.026153713627170526,0.48333333333333334,60,0.3,30,0.23430609597924773,0.1717948717948718,HIGH,strong,0.1650541443173768
LONDON,strong_dir_move,30,30,0.25,820,0.6439024390243903,0.16464932699119522,0.9829268292682927,0.03813813162474441,321,0.6791277258566978,0.12170837101798815,0.9781931464174455,0.020561468959956912,90,0.5666666666666667,0.2664245359160613,0.9666666666666667,0.0221957133414604,0.6333333333333333,60,0.43333333333333335,30,0.27146562905317767,0.23461538461538464,HIGH,strong,0.16464932699119522
LONDON,fast_move,30,30,0.25,820,0.6439024390243903,0.16464932699119522,0.9829268292682927,0.03813813162474441,321,0.6791277258566978,0.12170837101798815,0.9781931464174455,0.020561468959956912,90,0.5666666666666667,0.2664245359160613,0.9666666666666667,0.0221957133414604,0.6333333333333333,60,0.43333333333333335,30,0.27146562905317767,0.23461538461538464,HIGH,strong,0.16464932699119522
LONDON,low_local_vol,15,10,0.25,794,0.05289672544080604,-0.16456689202281144,0.041561712846347604,0.05392535426721493,200,0.05,-0.22741935483870968,0.055,0.034702257137723846,250,0.052,-0.06180145278450363,0.04,0.03903640679369871,0.08571428571428572,140,0.00909090909090909,110,-0.04658143413007226,-0.07424242424242423,LOW,strong,0.16456689202281144
LONDON,quiet_wait,120,15,0.25,500,0.04,-0.1636727879799666,0.0,0.06630560858698457,88,0.056818181818181816,-0.18189149560117301,0.0,0.03838410687331938,113,0.04424778761061947,-0.08650281771625705,0.0,0.03315216179417895,0.04838709677419355,62,0.0392156862745098,51,-0.06834442073553408,-0.11463046757164405,LOW,strong,0.1636727879799666
LONDON,strong_dir_move,15,30,0.25,818,0.6980440097799511,0.16207727381321513,0.6894865525672371,0.035950658027677496,279,0.7455197132616488,0.12487455197132624,0.6702508960573477,0.018967368637754247,94,0.6170212765957447,0.25382515068775435,0.5957446808510638,0.018532928403231206,0.6333333333333333,60,0.5882352941176471,34,0.22088197146562905,0.30618401206636503,HIGH,strong,0.16207727381321513
LONDON,fast_move,15,30,0.25,818,0.6980440097799511,0.16207727381321513,0.6894865525672371,0.035950658027677496,279,0.7455197132616488,0.12487455197132624,0.6702508960573477,0.018967368637754247,94,0.6170212765957447,0.25382515068775435,0.5957446808510638,0.018532928403231206,0.6333333333333333,60,0.5882352941176471,34,0.22088197146562905,0.30618401206636503,HIGH,strong,0.16207727381321513
LONDON,strong_dir_move,120,45,0.25,815,0.656441717791411,0.16186742730727077,1.0,0.034370402509152964,304,0.6907894736842105,0.142402376910017,1.0,0.01858579063263141,115,0.6,0.22711864406779658,1.0,0.017725978694146913,0.6125,80,0.5714285714285714,35,0.2195038910505837,0.23168498168498164,HIGH,strong,0.16186742730727077
LONDON,fast_move,120,45,0.25,815,0.656441717791411,0.16186742730727077,1.0,0.034370402509152964,304,0.6907894736842105,0.142402376910017,1.0,0.01858579063263141,115,0.6,0.22711864406779658,1.0,0.017725978694146913,0.6125,80,0.5714285714285714,35,0.2195038910505837,0.23168498168498164,HIGH,strong,0.16186742730727077
LONDON,vol_expansion_low,90,15,0.25,794,0.055415617128463476,-0.16145185275105461,0.11460957178841309,0.058535692644143676,170,0.06470588235294118,-0.18948766603415562,0.1588235294117647,0.03151487443415925,201,0.04477611940298507,-0.09323840844205125,0.14925373134328357,0.034220036156051035,0.042735042735042736,117,0.047619047619047616,84,-0.09345172769297282,-0.09340659340659341,LOW,strong,0.16145185275105461
LONDON,low_local_vol,60,10,0.25,796,0.04271356783919598,-0.15877896947423686,0.17964824120603015,0.056927199333178406,187,0.10160427807486631,-0.23129894773158527,0.17647058823529413,0.030878602845700775,235,0.04680851063829787,-0.1105764772551646,0.14468085106382977,0.03055410802157312,0.047244094488188976,127,0.046296296296296294,108,-0.12785318177640245,-0.0819088319088319,LOW,strong,0.15877896947423686
LONDON,vol_expansion_low,120,15,0.25,791,0.045512010113780026,-0.15816077786618657,0.15423514538558786,0.0634536096284981,163,0.049079754601226995,-0.18962992281812785,0.1656441717791411,0.03668158465818254,193,0.04145077720207254,-0.08929982812480397,0.16062176165803108,0.03579871719414811,0.035398230088495575,113,0.05,80,-0.08133328742123205,-0.10384615384615385,LOW,strong,0.15816077786618657
LONDON,low_local_vol,90,15,0.25,794,0.060453400503778336,-0.15641406937573973,0.26700251889168763,0.049741014159370385,180,0.03888888888888889,-0.2153046594982079,0.3333333333333333,0.02788945002945623,222,0.04054054054054054,-0.09747398730449577,0.2702702702702703,0.034244117302979826,0.03305785123966942,121,0.04950495049504951,101,-0.10312891918834613,-0.09152069053059152,LOW,strong,0.15641406937573973
LONDON,quiet_wait,30,10,0.25,505,0.03762376237623762,-0.15615217123372088,0.0,0.06817867785059435,110,0.02727272727272727,-0.20369501466275658,0.0,0.04233201669314504,144,0.006944444444444444,-0.08022262577347322,0.0,0.04346925400309016,0.014084507042253521,71,0.0,73,-0.10264701046747411,-0.038461538461538464,LOW,strong,0.15615217123372088
LONDON,strong_dir_move,90,30,0.25,819,0.5506715506715507,0.15391209907204928,1.0,0.03951570351852391,312,0.6057692307692307,0.14512406947890816,1.0,0.020634447203726564,115,0.48695652173913045,0.1915570060006317,1.0,0.02342077575848487,0.4931506849315068,73,0.47619047619047616,42,0.17408453707158467,0.21978021978021978,HIGH,strong,0.15391209907204928
LONDON,fast_move,90,30,0.25,819,0.5506715506715507,0.15391209907204928,1.0,0.03951570351852391,312,0.6057692307692307,0.14512406947890816,1.0,0.020634447203726564,115,0.48695652173913045,0.1915570060006317,1.0,0.02342077575848487,0.4931506849315068,73,0.47619047619047616,42,0.17408453707158467,0.21978021978021978,HIGH,strong,0.15391209907204928
LONDON,strong_dir_move,120,30,0.25,815,0.5349693251533743,0.15350020996138763,1.0,0.04058555347764681,304,0.5592105263157895,0.12953310696095077,1.0,0.02193021872870465,115,0.45217391304347826,0.19067270238972522,1.0,0.020993695594615936,0.425,80,0.5142857142857142,35,0.17597276264591438,0.2322344322344322,HIGH,strong,0.15350020996138763
LONDON,fast_move,120,30,0.25,815,0.5349693251533743,0.15350020996138763,1.0,0.04058555347764681,304,0.5592105263157895,0.12953310696095077,1.0,0.02193021872870465,115,0.45217391304347826,0.19067270238972522,1.0,0.020993695594615936,0.425,80,0.5142857142857142,35,0.17597276264591438,0.2322344322344322,HIGH,strong,0.15350020996138763
LONDON,quiet_wait,90,15,0.25,499,0.06412825651302605,-0.15273921336649204,0.0,0.061067277063277414,101,0.07920792079207921,-0.17498562759501757,0.0,0.034766272886095954,115,0.06086956521739131,-0.077144962627645,0.0,0.03336215163887798,0.05970149253731343,67,0.0625,48,-0.07648527789070211,-0.07852564102564102,LOW,strong,0.15273921336649204
LONDON,strong_dir_move,15,20,0.25,818,0.5745721271393643,0.15128730385454103,0.6894865525672371,0.04273056616593693,279,0.6200716845878136,0.11039426523297491,0.6702508960573477,0.022664563632615813,94,0.46808510638297873,0.20416258822317246,0.5957446808510638,0.021886643951554728,0.48333333333333334,60,0.4411764705882353,34,0.1837224383916991,0.23604826546003016,HIGH,strong,0.15128730385454103
LONDON,fast_move,15,20,0.25,818,0.5745721271393643,0.15128730385454103,0.6894865525672371,0.04273056616593693,279,0.6200716845878136,0.11039426523297491,0.6702508960573477,0.022664563632615813,94,0.46808510638297873,0.20416258822317246,0.5957446808510638,0.021886643951554728,0.48333333333333334,60,0.4411764705882353,34,0.1837224383916991,0.23604826546003016,HIGH,strong,0.15128730385454103
LONDON,strong_dir_move,15,45,0.25,818,0.793398533007335,0.15057109017989212,0.6894865525672371,0.030147347578487235,279,0.8351254480286738,0.11512544802867386,0.6702508960573477,0.016642366156547406,94,0.7659574468085106,0.27685333058575035,0.5957446808510638,0.015756596477873044,0.7666666666666667,60,0.7647058823529411,34,0.22970168612191966,0.3544494720965309,HIGH,strong,0.15057109017989212
LONDON,fast_move,15,45,0.25,818,0.793398533007335,0.15057109017989212,0.6894865525672371,0.030147347578487235,279,0.8351254480286738,0.11512544802867386,0.6702508960573477,0.016642366156547406,94,0.7659574468085106,0.27685333058575035,0.5957446808510638,0.015756596477873044,0.7666666666666667,60,0.7647058823529411,34,0.22970168612191966,0.3544494720965309,HIGH,strong,0.15057109017989212
LONDON,strong_dir_move,60,45,0.25,820,0.7292682926829268,0.1496663026331756,1.0,0.034777137377018166,284,0.8274647887323944,0.10101317582916858,1.0,0.016337739863598814,92,0.7391304347826086,0.2064427834508895,1.0,0.015543580358432502,0.75,64,0.7142857142857143,28,0.22081712062256809,0.17582417582417587,HIGH,strong,0.1496663026331756
LONDON,fast_move,60,45,0.25,820,0.7292682926829268,0.1496663026331756,1.0,0.034777137377018166,284,0.8274647887323944,0.10101317582916858,1.0,0.016337739863598814,92,0.7391304347826086,0.2064427834508895,1.0,0.015543580358432502,0.75,64,0.7142857142857143,28,0.22081712062256809,0.17582417582417587,HIGH,strong,0.1496663026331756
LONDON,strong_dir_move,60,30,0.25,820,0.6231707317073171,0.14929013469239172,1.0,0.04217867412041727,284,0.7429577464788732,0.11328032712403457,1.0,0.019391729906057104,92,0.6086956521739131,0.19465206863880413,1.0,0.01939320458978838,0.640625,64,0.5357142857142857,28,0.22039153696498054,0.13186813186813184,HIGH,strong,0.14929013469239172
LONDON,fast_move,60,30,0.25,820,0.6231707317073171,0.14929013469239172,1.0,0.04217867412041727,284,0.7429577464788732,0.11328032712403457,1.0,0.019391729906057104,92,0.6086956521739131,0.19465206863880413,1.0,0.01939320458978838,0.640625,64,0.5357142857142857,28,0.22039153696498054,0.13186813186813184,HIGH,strong,0.14929013469239172
LONDON,strong_dir_move,30,45,0.25,820,0.7695121951219512,0.14876530715514624,0.9829268292682927,0.030946372654153873,321,0.8473520249221184,0.11961008943824736,0.9781931464174455,0.015143955158080985,90,0.7555555555555555,0.2495022867904224,0.9666666666666667,0.017229470165828827,0.8166666666666667,60,0.6333333333333333,30,0.26802853437094676,0.1974358974358974,HIGH,strong,0.14876530715514624
LONDON,fast_move,30,45,0.25,820,0.7695121951219512,0.14876530715514624,0.9829268292682927,0.030946372654153873,321,0.8473520249221184,0.11961008943824736,0.9781931464174455,0.015143955158080985,90,0.7555555555555555,0.2495022867904224,0.9666666666666667,0.017229470165828827,0.8166666666666667,60,0.6333333333333333,30,0.26802853437094676,0.1974358974358974,HIGH,strong,0.14876530715514624
LONDON,quiet_wait,15,10,0.25,474,0.07172995780590717,-0.1457336596577103,0.0,0.06740804556427225,111,0.10810810810810811,-0.16931124673060155,0.0,0.041527589449897095,141,0.05673758865248227,-0.05706386413202136,0.0,0.04080600740777773,0.08860759493670886,79,0.016129032258064516,62,-0.04368812490764912,-0.06720430107526881,LOW,strong,0.1457336596577103
LONDON,vol_expansion_high,90,10,0.25,819,0.2844932844932845,0.14490043031796251,0.8095238095238095,0.06692851520799138,331,0.29003021148036257,0.12615924373842707,0.824773413897281,0.0357421189697495,89,0.2247191011235955,0.1472372609298909,0.8539325842696629,0.03721485627293544,0.20967741935483872,62,0.25925925925925924,27,0.13963850884900214,0.1695156695156695,HIGH,strong,0.14490043031796251
LONDON,strong_and_persistent,120,45,0.25,377,0.6392572944297082,0.144683003945568,1.0,0.023906376719640562,278,0.6834532374100719,0.1350661406358784,1.0,0.018978034511030698,111,0.6036036036036037,0.23072224767140026,1.0,0.01776839754059392,0.618421052631579,76,0.5714285714285714,35,0.22542494368216265,0.23168498168498164,HIGH,strong,0.144683003945568
LONDON,weak_dir_move,90,45,0.25,799,0.3742177722152691,-0.14385451694135742,0.0,0.033284205844820086,213,0.47417840375586856,-0.13356353172800245,0.0,0.01845463198314428,153,0.35294117647058826,-0.05625979205241416,0.0,0.019372686873097265,0.3548387096774194,93,0.35,60,-0.06928580394125766,-0.03461538461538466,LOW,strong,0.14385451694135742
LONDON,slow_move,90,45,0.25,799,0.3742177722152691,-0.14385451694135742,0.0,0.033284205844820086,213,0.47417840375586856,-0.13356353172800245,0.0,0.01845463198314428,153,0.35294117647058826,-0.05625979205241416,0.0,0.019372686873097265,0.3548387096774194,93,0.35,60,-0.06928580394125766,-0.03461538461538466,LOW,strong,0.14385451694135742
LONDON,vol_expansion_high,120,10,0.25,815,0.27116564417177913,0.14345278941384926,0.8478527607361963,0.07846610108678312,344,0.26453488372093026,0.11485746436609154,0.8575581395348837,0.03924625378571717,90,0.17777777777777778,0.10271724509012645,0.9,0.03380111391112759,0.14516129032258066,62,0.25,28,0.08290448098405925,0.15384615384615385,HIGH,strong,0.14345278941384926
LONDON,strong_dir_move,120,20,0.25,815,0.41595092024539876,0.14174390855925517,1.0,0.05027213568568324,304,0.4144736842105263,0.11124787775891343,1.0,0.02742807059030565,115,0.3391304347826087,0.15995367933466678,1.0,0.025510098915312758,0.2875,80,0.45714285714285713,35,0.1279669260700389,0.2456043956043956,HIGH,strong,0.14174390855925517
LONDON,fast_move,120,20,0.25,815,0.41595092024539876,0.14174390855925517,1.0,0.05027213568568324,304,0.4144736842105263,0.11124787775891343,1.0,0.02742807059030565,115,0.3391304347826087,0.15995367933466678,1.0,0.025510098915312758,0.2875,80,0.45714285714285713,35,0.1279669260700389,0.2456043956043956,HIGH,strong,0.14174390855925517
LONDON,weak_dir_move,30,45,0.25,803,0.4794520547945205,-0.14129483317228447,0.0,0.030618140797565044,207,0.5990338164251208,-0.12870811905875024,0.0,0.01844991821260329,178,0.39325842696629215,-0.11279484179884097,0.0,0.01707745433060568,0.44680851063829785,94,0.3333333333333333,84,-0.10182962165742204,-0.10256410256410259,LOW,strong,0.14129483317228447
LONDON,slow_move,30,45,0.25,803,0.4794520547945205,-0.14129483317228447,0.0,0.030618140797565044,207,0.5990338164251208,-0.12870811905875024,0.0,0.01844991821260329,178,0.39325842696629215,-0.11279484179884097,0.0,0.01707745433060568,0.44680851063829785,94,0.3333333333333333,84,-0.10182962165742204,-0.10256410256410259,LOW,strong,0.14129483317228447
LONDON,strong_and_persistent,15,30,0.25,588,0.6768707482993197,0.14090401233258376,0.7193877551020408,0.03225375693765925,237,0.729957805907173,0.10931264461685042,0.7046413502109705,0.018677306315819042,86,0.5930232558139535,0.2298271299059632,0.5930232558139535,0.018124476582877094,0.6037735849056604,53,0.5757575757575758,33,0.1913222230379561,0.29370629370629375,HIGH,strong,0.14090401233258376
LONDON,vol_expansion_low,15,10,0.25,794,0.07682619647355164,-0.14063742099006582,0.0,0.06322691852225969,177,0.1016949152542373,-0.17572443958447237,0.0,0.03929820724202128,217,0.05069124423963134,-0.06311020854487229,0.0,0.040394013369453946,0.08064516129032258,124,0.010752688172043012,93,-0.0516505585540354,-0.07258064516129031,LOW,strong,0.14063742099006582
LONDON,strong_dir_move,60,20,0.25,820,0.5097560975609756,0.13952392508999717,1.0,0.04961232885900356,284,0.6443661971830986,0.11791458427987278,1.0,0.02256255190542147,92,0.5108695652173914,0.1815717443941468,1.0,0.025238663716869114,0.53125,64,0.4642857142857143,28,0.20051070038910507,0.13736263736263737,HIGH,strong,0.13952392508999717
LONDON,fast_move,60,20,0.25,820,0.5097560975609756,0.13952392508999717,1.0,0.04961232885900356,284,0.6443661971830986,0.11791458427987278,1.0,0.02256255190542147,92,0.5108695652173914,0.1815717443941468,1.0,0.025238663716869114,0.53125,64,0.4642857142857143,28,0.20051070038910507,0.13736263736263737,HIGH,strong,0.13952392508999717
LONDON,quiet_wait,60,10,0.25,492,0.06300813008130081,-0.138484407232132,0.0,0.06962537785835489,94,0.10638297872340426,-0.22652024708304735,0.0,0.033239053796254595,142,0.08450704225352113,-0.07287794563994135,0.0,0.031900768121875735,0.08,75,0.08955223880597014,67,-0.09509727626459143,-0.03865288939915805,LOW,strong,0.138484407232132
LONDON,strong_and_persistent,120,30,0.25,377,0.519893899204244,0.13842478401225738,1.0,0.028431989316413005,278,0.5539568345323741,0.12427941517753538,1.0,0.022278658606835887,111,0.45045045045045046,0.18894923979669742,1.0,0.02097136578420068,0.42105263157894735,76,0.5142857142857142,35,0.17202539422486174,0.2322344322344322,HIGH,strong,0.13842478401225738
LONDON,fast_and_expanded,90,10,0.25,591,0.27749576988155666,0.1379029157062347,1.0,0.06533537405054689,245,0.27755102040816326,0.11368005266622777,1.0,0.035919427660393174,68,0.25,0.1725181598062954,1.0,0.03435851800381271,0.2127659574468085,47,0.3333333333333333,21,0.14272704694097194,0.24358974358974356,HIGH,strong,0.1379029157062347
LONDON,strong_and_persistent,30,30,0.25,431,0.6148491879350348,0.1355960759018398,0.9907192575406032,0.03179330531469575,259,0.6602316602316602,0.10281230539295061,0.972972972972973,0.019808609842231942,76,0.5394736842105263,0.23923155345992098,0.9868421052631579,0.022221086275077306,0.58,50,0.46153846153846156,26,0.21813229571984433,0.2628205128205129,HIGH,strong,0.1355960759018398
LONDON,vol_expansion_low,60,10,0.25,796,0.06658291457286432,-0.1349096227405685,0.05025125628140704,0.06691463568925271,173,0.11560693641618497,-0.21729628939026663,0.05202312138728324,0.030141454179394733,212,0.08490566037735849,-0.07247932751610399,0.05188679245283019,0.030370884365334843,0.0847457627118644,118,0.0851063829787234,94,-0.09035151355272703,-0.04309874522640479,LOW,strong,0.1349096227405685
LONDON,strong_and_persistent,30,20,0.25,431,0.494199535962877,0.13486343637781478,0.9907192575406032,0.03975774883754633,259,0.5057915057915058,0.10321086063021545,0.972972972972973,0.023915549092762542,76,0.4342105263157895,0.2308206958073149,0.9868421052631579,0.0259331870991825,0.48,50,0.34615384615384615,26,0.23097276264591438,0.21794871794871795,HIGH,strong,0.13486343637781478
LONDON,fast_and_expanded,120,10,0.25,584,0.261986301369863,0.13427344661193313,1.0,0.07412373829019804,238,0.2689075630252101,0.11923014367037135,1.0,0.03883220471934041,69,0.15942028985507245,0.08435975716742111,1.0,0.03380026451331069,0.125,48,0.23809523809523808,21,0.0627431906614786,0.14194139194139194,HIGH,strong,0.13427344661193313
LONDON,weak_dir_move,120,45,0.25,791,0.36030341340075855,-0.1342708770833817,0.0,0.0402186102722774,201,0.417910447761194,-0.1304766490129995,0.0,0.02271396933914788,149,0.2751677852348993,-0.09771357069730408,0.0,0.022591744144104087,0.3048780487804878,82,0.23880597014925373,67,-0.08811806016892854,-0.10093761959433603,LOW,strong,0.1342708770833817
LONDON,slow_move,120,45,0.25,791,0.36030341340075855,-0.1342708770833817,0.0,0.0402186102722774,201,0.417910447761194,-0.1304766490129995,0.0,0.02271396933914788,149,0.2751677852348993,-0.09771357069730408,0.0,0.022591744144104087,0.3048780487804878,82,0.23880597014925373,67,-0.08811806016892854,-0.10093761959433603,LOW,strong,0.1342708770833817
LONDON,weak_dir_move,30,30,0.25,803,0.34620174346201743,-0.1330513685711776,0.0,0.03873437463482332,207,0.4444444444444444,-0.11297491039426522,0.0,0.023850559361332062,178,0.1853932584269663,-0.11484887232363905,0.0,0.0249947828379825,0.26595744680851063,94,0.09523809523809523,84,-0.095910257471645,-0.10347985347985347,LOW,strong,0.1330513685711776
LONDON,slow_move,30,30,0.25,803,0.34620174346201743,-0.1330513685711776,0.0,0.03873437463482332,207,0.4444444444444444,-0.11297491039426522,0.0,0.023850559361332062,178,0.1853932584269663,-0.11484887232363905,0.0,0.0249947828379825,0.26595744680851063,94,0.09523809523809523,84,-0.095910257471645,-0.10347985347985347,LOW,strong,0.1330513685711776
LONDON,strong_dir_move,30,15,0.25,820,0.40853658536585363,0.1330179131666835,0.9829268292682927,0.05457565270754744,321,0.4143302180685358,0.09433021806853581,0.9781931464174455,0.028004962391084992,90,0.36666666666666664,0.189911218724778,0.9666666666666667,0.02904443054784845,0.4166666666666667,60,0.26666666666666666,30,0.20265888456549938,0.15128205128205127,HIGH,strong,0.1330179131666835
LONDON,fast_move,30,15,0.25,820,0.40853658536585363,0.1330179131666835,0.9829268292682927,0.05457565270754744,321,0.4143302180685358,0.09433021806853581,0.9781931464174455,0.028004962391084992,90,0.36666666666666664,0.189911218724778,0.9666666666666667,0.02904443054784845,0.4166666666666667,60,0.26666666666666666,30,0.20265888456549938,0.15128205128205127,HIGH,strong,0.1330179131666835
LONDON,strong_and_persistent,15,45,0.25,588,0.7755102040816326,0.13268276125418976,0.7193877551020408,0.026812482011607762,237,0.8270042194092827,0.10700421940928273,0.7046413502109705,0.016422016764646347,86,0.7558139534883721,0.2667098372656118,0.5930232558139535,0.01526719140743737,0.7547169811320755,53,0.7575757575757576,33,0.21775200058732846,0.3473193473193473,HIGH,strong,0.13268276125418976
LONDON,strong_and_persistent,90,45,0.25,398,0.6482412060301508,0.13016891687352428,1.0,0.023782204010488583,288,0.7118055555555556,0.10406362007168457,1.0,0.01697113606239826,110,0.5727272727272728,0.16352630420427033,1.0,0.020096062951047575,0.5797101449275363,69,0.5609756097560976,41,0.15558563130885922,0.17636022514071298,HIGH,strong,0.13016891687352428
LONDON,strong_dir_move,90,20,0.25,819,0.4188034188034188,0.13006224722053555,1.0,0.049189994007405174,312,0.44871794871794873,0.13000827129859388,1.0,0.02540773411471216,115,0.3130434782608696,0.1193388777766081,1.0,0.027592641448297994,0.3150684931506849,73,0.30952380952380953,42,0.11662491338414796,0.12362637362637363,HIGH,strong,0.13006224722053555
LONDON,fast_move,90,20,0.25,819,0.4188034188034188,0.13006224722053555,1.0,0.049189994007405174,312,0.44871794871794873,0.13000827129859388,1.0,0.02540773411471216,115,0.3130434782608696,0.1193388777766081,1.0,0.027592641448297994,0.3150684931506849,73,0.30952380952380953,42,0.11662491338414796,0.12362637362637363,HIGH,strong,0.13006224722053555
LONDON,strong_dir_move,15,15,0.25,818,0.46454767726161367,0.1294125421264785,0.6894865525672371,0.04928958364998405,279,0.5017921146953405,0.10179211469534044,0.6702508960573477,0.026304497323318767,94,0.3723404255319149,0.18589974756581318,0.5957446808510638,0.025649324347474065,0.36666666666666664,60,0.38235294117647056,34,0.14876783398184174,0.24773755656108595,HIGH,strong,0.1294125421264785
LONDON,fast_move,15,15,0.25,818,0.46454767726161367,0.1294125421264785,0.6894865525672371,0.04928958364998405,279,0.5017921146953405,0.10179211469534044,0.6702508960573477,0.026304497323318767,94,0.3723404255319149,0.18589974756581318,0.5957446808510638,0.025649324347474065,0.36666666666666664,60,0.38235294117647056,34,0.14876783398184174,0.24773755656108595,HIGH,strong,0.1294125421264785
LONDON,weak_dir_move,30,20,0.25,803,0.23038605230386053,-0.1289500472812017,0.0,0.04933764230635631,207,0.2898550724637681,-0.1127255726975222,0.0,0.029357383489382893,178,0.11235955056179775,-0.09103027994667684,0.0,0.03075779479677188,0.1702127659574468,94,0.047619047619047616,84,-0.0788144713966388,-0.08058608058608058,LOW,strong,0.1289500472812017
LONDON,slow_move,30,20,0.25,803,0.23038605230386053,-0.1289500472812017,0.0,0.04933764230635631,207,0.2898550724637681,-0.1127255726975222,0.0,0.029357383489382893,178,0.11235955056179775,-0.09103027994667684,0.0,0.03075779479677188,0.1702127659574468,94,0.047619047619047616,84,-0.0788144713966388,-0.08058608058608058,LOW,strong,0.1289500472812017
LONDON,weak_dir_move,120,30,0.25,791,0.2528445006321112,-0.1286246145598754,0.0,0.04886221486917725,201,0.2935323383084577,-0.136145081046381,0.0,0.027143666251167906,149,0.18120805369127516,-0.08029315696247788,0.0,0.026456965761874267,0.17073170731707318,82,0.19402985074626866,67,-0.07829553003701242,-0.08802143130501339,LOW,strong,0.1286246145598754
LONDON,slow_move,120,30,0.25,791,0.2528445006321112,-0.1286246145598754,0.0,0.04886221486917725,201,0.2935323383084577,-0.136145081046381,0.0,0.027143666251167906,149,0.18120805369127516,-0.08029315696247788,0.0,0.026456965761874267,0.17073170731707318,82,0.19402985074626866,67,-0.07829553003701242,-0.08802143130501339,LOW,strong,0.1286246145598754
LONDON,strong_and_persistent,30,45,0.25,431,0.7470997679814385,0.12635288001463352,0.9907192575406032,0.02600006928710504,259,0.8301158301158301,0.10237389463195912,0.972972972972973,0.014882650331960389,76,0.7236842105263158,0.2176309417611827,0.9868421052631579,0.016846004569639576,0.78,50,0.6153846153846154,26,0.23136186770428013,0.17948717948717952,HIGH,strong,0.12635288001463352
LONDON,strong_and_persistent,120,20,0.25,377,0.4005305039787798,0.12632349229263623,1.0,0.03415769741261511,278,0.41007194244604317,0.10684613599443027,1.0,0.027753804758667937,111,0.3333333333333333,0.15415657788539142,1.0,0.025582698206153637,0.27631578947368424,76,0.45714285714285713,35,0.11678271554372316,0.2456043956043956,HIGH,strong,0.12632349229263623
LONDON,strong_dir_move,60,15,0.25,820,0.41097560975609754,0.12241839582574926,1.0,0.05759572398111989,284,0.5387323943661971,0.10260336210813259,1.0,0.02526709656228478,92,0.42391304347826086,0.1575692178124013,1.0,0.02758357709414277,0.453125,64,0.35714285714285715,28,0.16907830739299612,0.11996336996336998,HIGH,strong,0.12241839582574926
LONDON,fast_move,60,15,0.25,820,0.41097560975609754,0.12241839582574926,1.0,0.05759572398111989,284,0.5387323943661971,0.10260336210813259,1.0,0.02526709656228478,92,0.42391304347826086,0.1575692178124013,1.0,0.02758357709414277,0.453125,64,0.35714285714285715,28,0.16907830739299612,0.11996336996336998,HIGH,strong,0.12241839582574926
LONDON,weak_dir_move,60,45,0.25,796,0.457286432160804,-0.12231555788894721,0.0,0.03351117437368688,228,0.6271929824561403,-0.0992586304470855,0.0,0.018605359642860017,182,0.45054945054945056,-0.08213820078226858,0.0,0.01716910217037012,0.4326923076923077,104,0.47435897435897434,78,-0.0964905716851242,-0.0641025641025641,LOW,strong,0.12231555788894721
LONDON,slow_move,60,45,0.25,796,0.457286432160804,-0.12231555788894721,0.0,0.03351117437368688,228,0.6271929824561403,-0.0992586304470855,0.0,0.018605359642860017,182,0.45054945054945056,-0.08213820078226858,0.0,0.01716910217037012,0.4326923076923077,104,0.47435897435897434,78,-0.0964905716851242,-0.0641025641025641,LOW,strong,0.12231555788894721
LONDON,strong_and_persistent,15,20,0.25,588,0.5408163265306123,0.11753150324578898,0.7193877551020408,0.03877998803395851,237,0.6033755274261603,0.09369810807132162,0.7046413502109705,0.022523420356659413,86,0.4418604651162791,0.1779379469564728,0.5930232558139535,0.02162430884515453,0.4528301886792453,53,0.42424242424242425,33,0.15321929373761106,0.21911421911421913,HIGH,strong,0.11753150324578898
LONDON,weak_dir_move,15,30,0.25,795,0.4188679245283019,-0.11709881143843404,0.0,0.03539334340339934,238,0.5210084033613446,-0.09963675792897797,0.0,0.021730843319094067,176,0.2727272727272727,-0.09046885318071762,0.0,0.02631171114557429,0.35185185185185186,108,0.14705882352941177,68,-0.0605995100158524,-0.13499245852187028,LOW,strong,0.11709881143843404
LONDON,slow_move,15,30,0.25,795,0.4188679245283019,-0.11709881143843404,0.0,0.03539334340339934,238,0.5210084033613446,-0.09963675792897797,0.0,0.021730843319094067,176,0.2727272727272727,-0.09046885318071762,0.0,0.02631171114557429,0.35185185185185186,108,0.14705882352941177,68,-0.0605995100158524,-0.13499245852187028,LOW,strong,0.11709881143843404
LONDON,low_local_vol,120,10,0.25,791,0.012642225031605562,-0.11507062972632431,0.2920353982300885,0.06628351929883224,189,0.0,-0.14967741935483872,0.3544973544973545,0.04058612738788176,222,0.013513513513513514,-0.061547019174137824,0.3063063063063063,0.04285760637428318,0.015873015873015872,126,0.010416666666666666,96,-0.04638379346550553,-0.08573717948717949,LOW,strong,0.11507062972632431
LONDON,strong_and_persistent,120,15,0.25,377,0.3183023872679045,0.1146295992879379,1.0,0.04119559180602708,278,0.3273381294964029,0.08862845207704806,1.0,0.03146874117882642,111,0.23423423423423423,0.10348362890735771,1.0,0.028926150819376113,0.19736842105263158,76,0.3142857142857143,35,0.08063690354290395,0.16043956043956042,HIGH,strong,0.1146295992879379
LONDON,strong_dir_move,30,10,0.25,820,0.3073170731707317,0.11354113956077319,0.9829268292682927,0.06555768023435792,321,0.29906542056074764,0.06809767862526378,0.9781931464174455,0.03319942613502484,90,0.23333333333333334,0.14616626311541567,0.9666666666666667,0.03476766623093289,0.2833333333333333,60,0.13333333333333333,30,0.1666018158236057,0.09487179487179487,HIGH,strong,0.11354113956077319
LONDON,fast_move,30,10,0.25,820,0.3073170731707317,0.11354113956077319,0.9829268292682927,0.06555768023435792,321,0.29906542056074764,0.06809767862526378,0.9781931464174455,0.03319942613502484,90,0.23333333333333334,0.14616626311541567,0.9666666666666667,0.03476766623093289,0.2833333333333333,60,0.13333333333333333,30,0.1666018158236057,0.09487179487179487,HIGH,strong,0.11354113956077319
LONDON,weak_dir_move,90,30,0.25,799,0.28410513141426785,-0.11265432018523358,0.0,0.04134095206761309,213,0.3004694835680751,-0.16017567772224744,0.0,0.022809709593971352,153,0.2222222222222222,-0.07317729351627655,0.0,0.023724175711395026,0.23655913978494625,93,0.2,60,-0.08250700807497591,-0.056410256410256376,LOW,strong,0.11265432018523358
LONDON,slow_move,90,30,0.25,799,0.28410513141426785,-0.11265432018523358,0.0,0.04134095206761309,213,0.3004694835680751,-0.16017567772224744,0.0,0.022809709593971352,153,0.2222222222222222,-0.07317729351627655,0.0,0.023724175711395026,0.23655913978494625,93,0.2,60,-0.08250700807497591,-0.056410256410256376,LOW,strong,0.11265432018523358
LONDON,vol_expansion_low,90,10,0.25,794,0.027707808564231738,-0.11188504561109022,0.11460957178841309,0.0710831562859095,170,0.023529411764705882,-0.1403415559772296,0.1588235294117647,0.03544266759828642,201,0.014925373134328358,-0.06255646705937624,0.14925373134328357,0.04220567036896906,0.008547008547008548,117,0.023809523809523808,84,-0.06149190195882803,-0.06593406593406594,LOW,strong,0.11188504561109022
LONDON,low_local_vol,90,10,0.25,794,0.027707808564231738,-0.11188504561109022,0.26700251889168763,0.06090526804767765,180,0.005555555555555556,-0.15831541218637993,0.3333333333333333,0.03339955783748912,222,0.018018018018018018,-0.05946382217568659,0.2702702702702703,0.0419425214060964,0.01652892561983471,121,0.019801980198019802,101,-0.053509984886001866,-0.06994160954556994,LOW,strong,0.11188504561109022
LONDON,strong_dir_move,120,15,0.25,815,0.31533742331288345,0.11166463533291685,1.0,0.059762948825795956,304,0.3223684210526316,0.08365874363327674,1.0,0.031270033395667286,115,0.24347826086956523,0.11272765554268871,1.0,0.028947583200761247,0.2125,80,0.3142857142857143,35,0.09576848249027237,0.16043956043956042,HIGH,strong,0.11166463533291685
LONDON,fast_move,120,15,0.25,815,0.31533742331288345,0.11166463533291685,1.0,0.059762948825795956,304,0.3223684210526316,0.08365874363327674,1.0,0.031270033395667286,115,0.24347826086956523,0.11272765554268871,1.0,0.028947583200761247,0.2125,80,0.3142857142857143,35,0.09576848249027237,0.16043956043956042,HIGH,strong,0.11166463533291685
LONDON,quiet_wait,90,10,0.25,499,0.028056112224448898,-0.11153674195087307,0.0,0.07456511399316104,101,0.039603960396039604,-0.12426700734589588,0.0,0.03960218057970208,115,0.017391304347826087,-0.06009053584587852,0.0,0.04256244143122258,0.014925373134328358,67,0.020833333333333332,48,-0.05511353737150822,-0.06891025641025642,LOW,strong,0.11153674195087307
LONDON,weak_dir_move,15,20,0.25,795,0.3119496855345912,-0.11133513775023213,0.0,0.04160962196804533,238,0.4327731092436975,-0.07690431011114118,0.0,0.02575675087482705,176,0.19886363636363635,-0.06505888179616992,0.0,0.03176785116484335,0.25,108,0.11764705882352941,68,-0.04961089494163423,-0.08748114630467571,LOW,strong,0.11133513775023213
LONDON,slow_move,15,20,0.25,795,0.3119496855345912,-0.11133513775023213,0.0,0.04160962196804533,238,0.4327731092436975,-0.07690431011114118,0.0,0.02575675087482705,176,0.19886363636363635,-0.06505888179616992,0.0,0.03176785116484335,0.25,108,0.11764705882352941,68,-0.04961089494163423,-0.08748114630467571,LOW,strong,0.11133513775023213
LONDON,weak_dir_move,120,20,0.25,791,0.16308470290771176,-0.11112230877843182,0.0,0.05988196059754266,201,0.1791044776119403,-0.12412132883967261,0.0,0.033243433393875324,149,0.09395973154362416,-0.08521702390431773,0.0,0.031276930216122566,0.08536585365853659,82,0.1044776119402985,67,-0.07416722027142449,-0.10706084959816303,LOW,strong,0.11112230877843182
LONDON,slow_move,120,20,0.25,791,0.16308470290771176,-0.11112230877843182,0.0,0.05988196059754266,201,0.1791044776119403,-0.12412132883967261,0.0,0.033243433393875324,149,0.09395973154362416,-0.08521702390431773,0.0,0.031276930216122566,0.08536585365853659,82,0.1044776119402985,67,-0.07416722027142449,-0.10706084959816303,LOW,strong,0.11112230877843182
LONDON,weak_dir_move,60,30,0.25,796,0.3630653266331658,-0.11081527038175953,0.0,0.04115364987134922,228,0.5394736842105263,-0.09020373514431235,0.0,0.021727305922493702,182,0.32967032967032966,-0.08437325386477929,0.0,0.02016892024868153,0.33653846153846156,104,0.32051282051282054,78,-0.0836950014965579,-0.08333333333333331,LOW,strong,0.11081527038175953
LONDON,slow_move,60,30,0.25,796,0.3630653266331658,-0.11081527038175953,0.0,0.04115364987134922,228,0.5394736842105263,-0.09020373514431235,0.0,0.021727305922493702,182,0.32967032967032966,-0.08437325386477929,0.0,0.02016892024868153,0.33653846153846156,104,0.32051282051282054,78,-0.0836950014965579,-0.08333333333333331,LOW,strong,0.11081527038175953
LONDON,quiet_wait,120,10,0.25,500,0.018,-0.10971285475792987,0.0,0.08231666235948738,88,0.0,-0.14967741935483872,0.0,0.04779803952909351,113,0.008849557522123894,-0.06621097516552744,0.0,0.0425980412438238,0.016129032258064516,62,0.0,51,-0.046127777080456886,-0.09615384615384616,LOW,strong,0.10971285475792987
LONDON,weak_dir_move,15,45,0.25,795,0.5333333333333333,-0.10949410949410954,0.0,0.02892549525123507,238,0.634453781512605,-0.08554621848739496,0.0,0.017930998029307952,176,0.375,-0.11410411622276029,0.0,0.022084755604126403,0.48148148148148145,108,0.20588235294117646,68,-0.05548349906326561,-0.20437405731523378,LOW,strong,0.10949410949410954
LONDON,slow_move,15,45,0.25,795,0.5333333333333333,-0.10949410949410954,0.0,0.02892549525123507,238,0.634453781512605,-0.08554621848739496,0.0,0.017930998029307952,176,0.375,-0.11410411622276029,0.0,0.022084755604126403,0.48148148148148145,108,0.20588235294117646,68,-0.05548349906326561,-0.20437405731523378,LOW,strong,0.10949410949410954
LONDON,strong_and_persistent,60,20,0.25,420,0.4785714285714286,0.10833925610045014,1.0,0.03654320486661833,244,0.6434426229508197,0.11699101004759382,1.0,0.02185348259349243,86,0.5,0.17070217917675545,1.0,0.02567328794310252,0.5172413793103449,58,0.4642857142857143,28,0.18650207969944993,0.13736263736263737,HIGH,strong,0.10833925610045014
LONDON,strong_and_persistent,90,30,0.25,398,0.5050251256281407,0.10826567402863929,1.0,0.02914029661211495,288,0.59375,0.13310483870967743,1.0,0.020861562469899397,110,0.4909090909090909,0.19550957517059214,1.0,0.02347470141507817,0.5072463768115942,69,0.4634146341463415,41,0.18818022895167208,0.2070043777360851,HIGH,strong,0.10826567402863929
LONDON,vol_expansion_low,120,10,0.25,791,0.020227560050568902,-0.10748529470736097,0.15423514538558786,0.07898012367026226,163,0.006134969325153374,-0.14354245002968535,0.1656441717791411,0.04466227801057557,193,0.015544041450777202,-0.059516491236874136,0.16062176165803108,0.044699113881093454,0.017699115044247787,113,0.0125,80,-0.044557694294273614,-0.08365384615384616,LOW,strong,0.10748529470736097
LONDON,weak_dir_move,30,15,0.25,803,0.16936488169364883,-0.10615379050552132,0.0,0.05724399817888601,207,0.19806763285024154,-0.12193236714975847,0.0,0.033590742049063434,178,0.0898876404494382,-0.08686780749245043,0.0,0.03541333718833719,0.13829787234042554,94,0.03571428571428571,84,-0.07570990976074177,-0.07967032967032968,LOW,strong,0.10615379050552132
LONDON,slow_move,30,15,0.25,803,0.16936488169364883,-0.10615379050552132,0.0,0.05724399817888601,207,0.19806763285024154,-0.12193236714975847,0.0,0.033590742049063434,178,0.0898876404494382,-0.08686780749245043,0.0,0.03541333718833719,0.13829787234042554,94,0.03571428571428571,84,-0.07570990976074177,-0.07967032967032968,LOW,strong,0.10615379050552132
LONDON,strong_and_persistent,60,15,0.25,420,0.3904761904761905,0.1019189765458422,1.0,0.04174817568743641,244,0.5450819672131147,0.1089529349550502,1.0,0.02457502380160631,86,0.4069767441860465,0.14063291852018694,1.0,0.028053204553471073,0.43103448275862066,58,0.35714285714285715,28,0.14698779015161678,0.11996336996336998,HIGH,strong,0.1019189765458422
LONDON,strong_dir_move,90,15,0.25,819,0.31868131868131866,0.10181384880180058,1.0,0.05645395898684663,312,0.36217948717948717,0.10798593879239038,1.0,0.029352648668285877,115,0.23478260869565218,0.09676808085061586,1.0,0.03210722636970568,0.2328767123287671,73,0.23809523809523808,42,0.09668994190075156,0.09706959706959706,HIGH,strong,0.10181384880180058
LONDON,fast_move,90,15,0.25,819,0.31868131868131866,0.10181384880180058,1.0,0.05645395898684663,312,0.36217948717948717,0.10798593879239038,1.0,0.029352648668285877,115,0.23478260869565218,0.09676808085061586,1.0,0.03210722636970568,0.2328767123287671,73,0.23809523809523808,42,0.09668994190075156,0.09706959706959706,HIGH,strong,0.10181384880180058
LONDON,strong_and_persistent,90,20,0.25,398,0.38944723618090454,0.10070606459802128,1.0,0.034677139396348027,288,0.4270833333333333,0.10837365591397846,1.0,0.025725744939463304,110,0.3181818181818182,0.12447721769755668,1.0,0.027724717458346454,0.3188405797101449,69,0.3170731707317073,41,0.12039699994360795,0.13117573483427142,HIGH,strong,0.10070606459802128
LONDON,strong_and_persistent,15,15,0.25,588,0.43537414965986393,0.10023901452472878,0.7193877551020408,0.04508105404912682,237,0.47257383966244726,0.07257383966244724,0.7046413502109705,0.02625825548893411,86,0.3372093023255814,0.15076862435947969,0.5930232558139535,0.025632992568482962,0.32075471698113206,53,0.36363636363636365,33,0.10285588429630715,0.22902097902097904,HIGH,strong,0.10023901452472878
LONDON,strong_and_persistent,60,30,0.25,420,0.5738095238095238,0.09992892679459842,1.0,0.03033619237616408,244,0.7295081967213115,0.09983077736647283,1.0,0.019079465767609452,86,0.5930232558139535,0.1789796722788446,1.0,0.019573206022468023,0.6206896551724138,58,0.5357142857142857,28,0.20045619213739435,0.13186813186813184,HIGH,strong,0.09992892679459842
LONDON,strong_dir_move,15,10,0.25,818,0.31662591687041564,0.09916229940679816,0.6894865525672371,0.06127109956449772,279,0.35842293906810035,0.08100358422939069,0.6702508960573477,0.03220318902329724,94,0.2553191489361702,0.14151769615166657,0.5957446808510638,0.031181861268139276,0.26666666666666666,60,0.23529411764705882,34,0.13437094682230868,0.1519607843137255,HIGH,strong,0.09916229940679816
LONDON,fast_move,15,10,0.25,818,0.31662591687041564,0.09916229940679816,0.6894865525672371,0.06127109956449772,279,0.35842293906810035,0.08100358422939069,0.6702508960573477,0.03220318902329724,94,0.2553191489361702,0.14151769615166657,0.5957446808510638,0.031181861268139276,0.26666666666666666,60,0.23529411764705882,34,0.13437094682230868,0.1519607843137255,HIGH,strong,0.09916229940679816
LONDON,strong_and_persistent,60,45,0.25,420,0.6785714285714286,0.09896943852167739,1.0,0.026213540958535383,244,0.8155737704918032,0.08912215758857744,1.0,0.016279152762795242,86,0.7325581395348837,0.19987048820316455,1.0,0.015737458909201113,0.7413793103448276,58,0.7142857142857143,28,0.2121964309673957,0.17582417582417587,HIGH,strong,0.09896943852167739
LONDON,weak_dir_move,15,15,0.25,795,0.23647798742138365,-0.0986571477137515,0.0,0.05003061436971629,238,0.3403361344537815,-0.0596638655462185,0.0,0.029649643560713212,176,0.13636363636363635,-0.050077041602465344,0.0,0.03593433000095314,0.18518518518518517,108,0.058823529411764705,68,-0.03271364749963973,-0.0757918552036199,LOW,strong,0.0986571477137515
LONDON,slow_move,15,15,0.25,795,0.23647798742138365,-0.0986571477137515,0.0,0.05003061436971629,238,0.3403361344537815,-0.0596638655462185,0.0,0.029649643560713212,176,0.13636363636363635,-0.050077041602465344,0.0,0.03593433000095314,0.18518518518518517,108,0.058823529411764705,68,-0.03271364749963973,-0.0757918552036199,LOW,strong,0.0986571477137515
LONDON,strong_and_persistent,30,15,0.25,431,0.37354988399071926,0.09803121179154911,0.9907192575406032,0.04594674995301679,259,0.4092664092664093,0.08926640926640927,0.972972972972973,0.027201925310848904,76,0.3684210526315789,0.1916656046896903,0.9868421052631579,0.028063837524244396,0.4,50,0.3076923076923077,26,0.18599221789883272,0.19230769230769232,HIGH,strong,0.09803121179154911
LONDON,strong_and_persistent,90,15,0.25,398,0.31155778894472363,0.09469031906520556,1.0,0.03913642335079542,288,0.3506944444444444,0.09650089605734763,1.0,0.029733627205103627,110,0.23636363636363636,0.09834910851860004,1.0,0.03220157561643049,0.2318840579710145,69,0.24390243902439024,41,0.09569728754299894,0.10287679799874921,HIGH,strong,0.09469031906520556
LONDON,strong_and_persistent,15,10,0.25,588,0.30952380952380953,0.09206019206019206,0.7193877551020408,0.055105902941571,237,0.3459915611814346,0.06857220634272493,0.7046413502109705,0.03210065270261779,86,0.23255813953488372,0.11875668675038009,0.5930232558139535,0.03060196528435479,0.22641509433962265,53,0.24242424242424243,33,0.09411937449526467,0.15909090909090912,HIGH,strong,0.09206019206019206
LONDON,weak_dir_move,60,20,0.25,796,0.28015075376884424,-0.09008141870213421,0.0,0.04838793034915687,228,0.4298245614035088,-0.09662705149971706,0.0,0.025713364645536106,182,0.25824175824175827,-0.07105606258148628,0.0,0.023132269405167747,0.2692307692307692,104,0.24358974358974358,78,-0.061508530380125714,-0.08333333333333334,LOW,strong,0.09008141870213421
LONDON,slow_move,60,20,0.25,796,0.28015075376884424,-0.09008141870213421,0.0,0.04838793034915687,228,0.4298245614035088,-0.09662705149971706,0.0,0.025713364645536106,182,0.25824175824175827,-0.07105606258148628,0.0,0.023132269405167747,0.2692307692307692,104,0.24358974358974358,78,-0.061508530380125714,-0.08333333333333334,LOW,strong,0.09008141870213421
LONDON,weak_dir_move,120,15,0.25,791,0.11378002528445007,-0.08989276269551653,0.0,0.06852918157981548,201,0.13930348258706468,-0.09940619483229016,0.0,0.037913270197092244,149,0.0738255033557047,-0.056925101971171815,0.0,0.036018554741401525,0.06097560975609756,82,0.08955223880597014,67,-0.05575590775363007,-0.06429391504018371,LOW,strong,0.08989276269551653
LONDON,slow_move,120,15,0.25,791,0.11378002528445007,-0.08989276269551653,0.0,0.06852918157981548,201,0.13930348258706468,-0.09940619483229016,0.0,0.037913270197092244,149,0.0738255033557047,-0.056925101971171815,0.0,0.036018554741401525,0.06097560975609756,82,0.08955223880597014,67,-0.05575590775363007,-0.06429391504018371,LOW,strong,0.08989276269551653
LONDON,strong_and_persistent,30,10,0.25,431,0.27842227378190254,0.08464634017194403,0.9907192575406032,0.054273539124573486,259,0.30115830115830117,0.0701905592228173,0.972972972972973,0.03210925266065663,76,0.25,0.16283292978208233,0.9868421052631579,0.033562897967505785,0.3,50,0.15384615384615385,26,0.18326848249027236,0.11538461538461539,HIGH,strong,0.08464634017194403
LONDON,weak_dir_move,30,10,0.25,803,0.1095890410958904,-0.0841868925140681,0.0,0.06811884388161028,207,0.14009661835748793,-0.09087112357799593,0.0,0.039370284113035545,178,0.016853932584269662,-0.070313137633648,0.0,0.04342210160989706,0.031914893617021274,94,0.0,84,-0.08481662389270636,-0.038461538461538464,LOW,strong,0.0841868925140681
LONDON,slow_move,30,10,0.25,803,0.1095890410958904,-0.0841868925140681,0.0,0.06811884388161028,207,0.14009661835748793,-0.09087112357799593,0.0,0.039370284113035545,178,0.016853932584269662,-0.070313137633648,0.0,0.04342210160989706,0.031914893617021274,94,0.0,84,-0.08481662389270636,-0.038461538461538464,LOW,strong,0.0841868925140681
LONDON,weak_dir_move,60,15,0.25,796,0.20477386934673367,-0.08378334458361461,0.0,0.0574876828573021,228,0.34649122807017546,-0.08963780418788908,0.0,0.028290542397590008,182,0.2032967032967033,-0.06304712236915627,0.0,0.02608771872725193,0.21153846153846154,104,0.19230769230769232,78,-0.07250823106854234,-0.04487179487179485,LOW,strong,0.08378334458361461
LONDON,slow_move,60,15,0.25,796,0.20477386934673367,-0.08378334458361461,0.0,0.0574876828573021,228,0.34649122807017546,-0.08963780418788908,0.0,0.028290542397590008,182,0.2032967032967033,-0.06304712236915627,0.0,0.02608771872725193,0.21153846153846154,104,0.19230769230769232,78,-0.07250823106854234,-0.04487179487179485,LOW,strong,0.08378334458361461
LONDON,strong_dir_move,90,10,0.25,819,0.221001221001221,0.08140836682589903,1.0,0.06871065721109972,312,0.2467948717948718,0.08292390405293631,1.0,0.03582243015185753,115,0.1565217391304348,0.07903989893673019,1.0,0.039868470864013954,0.1506849315068493,73,0.16666666666666666,42,0.08064602100101273,0.07692307692307691,HIGH,strong,0.08140836682589903
LONDON,fast_move,90,10,0.25,819,0.221001221001221,0.08140836682589903,1.0,0.06871065721109972,312,0.2467948717948718,0.08292390405293631,1.0,0.03582243015185753,115,0.1565217391304348,0.07903989893673019,1.0,0.039868470864013954,0.1506849315068493,73,0.16666666666666666,42,0.08064602100101273,0.07692307692307691,HIGH,strong,0.08140836682589903
LONDON,weak_dir_move,90,20,0.25,799,0.20775969962453067,-0.08098147195835259,0.0,0.049523678638975145,213,0.19718309859154928,-0.12152657882780557,0.0,0.02833045239466657,153,0.1437908496732026,-0.04991375081105889,0.0,0.029866069076942448,0.15053763440860216,93,0.13333333333333333,60,-0.0479059453579348,-0.05256410256410257,LOW,strong,0.08098147195835259
LONDON,slow_move,90,20,0.25,799,0.20775969962453067,-0.08098147195835259,0.0,0.049523678638975145,213,0.19718309859154928,-0.12152657882780557,0.0,0.02833045239466657,153,0.1437908496732026,-0.04991375081105889,0.0,0.029866069076942448,0.15053763440860216,93,0.13333333333333333,60,-0.0479059453579348,-0.05256410256410257,LOW,strong,0.08098147195835259
NY_AM,low_local_vol,60,10,0.25,797,0.24592220828105396,-0.2990053279508301,0.6386449184441656,0.027363619173611343,262,0.22519083969465647,-0.30969288123557603,0.6145038167938931,0.013548008464484089,130,0.18461538461538463,-0.3202389843166542,0.5615384615384615,0.017022818929900693,0.175,80,0.2,50,-0.31916342412451365,-0.3225806451612903,LOW,strong,0.2990053279508301
NY_AM,low_local_vol,30,10,0.25,797,0.37766624843161856,-0.29756158918230025,0.5683814303638645,0.017621547935186894,295,0.41694915254237286,-0.23808960714754968,0.49830508474576274,0.010427670185558485,133,0.3458646616541353,-0.3046207752390686,0.5338345864661654,0.015586421204283406,0.4125,80,0.24528301886792453,53,-0.25286964980544746,-0.38052343274497874,LOW,strong,0.29756158918230025
NY_AM,low_local_vol,15,10,0.25,796,0.41708542713567837,-0.2947719526321491,0.47361809045226133,0.019878756458207473,291,0.3951890034364261,-0.27793761155065405,0.41237113402061853,0.010976545427653379,134,0.4626865671641791,-0.28003187943776264,0.4925373134328358,0.009845462072126917,0.475,80,0.4444444444444444,54,-0.26819066147859927,-0.29749103942652333,LOW,strong,0.2947719526321491
NY_AM,low_local_vol,90,15,0.25,793,0.30138713745271123,-0.2947027127968728,0.6784363177805801,0.022113750311040816,267,0.26217228464419473,-0.31534709520076654,0.6441947565543071,0.012303233864583122,133,0.24812030075187969,-0.3125593108986057,0.6766917293233082,0.012808136142494283,0.24096385542168675,83,0.26,50,-0.3154563780413483,-0.30774193548387097,LOW,strong,0.2947027127968728
NY_AM,low_local_vol,90,10,0.25,793,0.17402269861286254,-0.2943633246816466,0.6784363177805801,0.02654012074706288,267,0.11610486891385768,-0.3154196788897599,0.6441947565543071,0.014723822741966618,133,0.12781954887218044,-0.2848018103511205,0.6766917293233082,0.015391876945855629,0.12048192771084337,83,0.14,50,-0.27251418123857296,-0.30516129032258066,LOW,strong,0.2943633246816466
NY_AM,high_local_vol,60,10,0.25,821,0.833130328867235,0.288202792635351,0.8099878197320342,0.022702743960950598,233,0.8669527896995708,0.3320690687693383,0.8154506437768241,0.011817803018108905,142,0.8309859154929577,0.3261315465609189,0.8591549295774648,0.014189174993489302,0.8505747126436781,87,0.8,55,0.3564112885191645,0.2774193548387097,HIGH,strong,0.288202792635351
NY_AM,high_local_vol,90,10,0.25,818,0.7506112469437652,0.2822252236492561,0.812958435207824,0.022846903142636252,234,0.7606837606837606,0.32915921288014305,0.8504273504273504,0.012459562927579593,146,0.684931506849315,0.2723101476260141,0.910958904109589,0.012921846603489771,0.6373626373626373,91,0.7636363636363637,55,0.24436652841322098,0.318475073313783,HIGH,strong,0.2822252236492561
NY_AM,low_local_vol,90,20,0.25,793,0.4060529634300126,-0.27947116302589414,0.6784363177805801,0.019104640552488016,267,0.36704119850187267,-0.2944575095084633,0.6441947565543071,0.010804033189744806,133,0.3533834586466165,-0.28982042484852916,0.6766917293233082,0.010551328972706723,0.37349397590361444,83,0.32,50,-0.2763114715672027,-0.312258064516129,LOW,strong,0.27947116302589414
NY_AM,low_local_vol,60,15,0.25,797,0.39397741530740277,-0.27848635280853923,0.6386449184441656,0.022468061560830966,262,0.33969465648854963,-0.31922007219362086,0.6145038167938931,0.011837041356235868,130,0.34615384615384615,-0.30190440627333837,0.5615384615384615,0.013556943878424016,0.35,80,0.34,50,-0.28424124513618676,-0.3309677419354839,LOW,strong,0.27848635280853923
NY_AM,low_local_vol,60,20,0.25,797,0.4968632371392723,-0.26048665934105897,0.6386449184441656,0.01778422435763868,262,0.44274809160305345,-0.30660591356490524,0.6145038167938931,0.009833441463337443,130,0.4230769230769231,-0.31235997012696043,0.5615384615384615,0.012277814728205695,0.4125,80,0.44,50,-0.3112354085603113,-0.3148387096774194,LOW,strong,0.26048665934105897
NY_AM,high_local_vol,90,15,0.25,818,0.8557457212713936,0.25965587102180954,0.812958435207824,0.01889293901407904,234,0.8803418803418803,0.30282250049691906,0.8504273504273504,0.010049554481558013,146,0.863013698630137,0.3023340869796516,0.910958904109589,0.010553943112090585,0.8461538461538461,91,0.8909090909090909,55,0.2897336126908111,0.3231671554252199,HIGH,strong,0.25965587102180954
NY_AM,high_local_vol,30,10,0.25,821,0.9305724725943971,0.2553446349804783,0.7697929354445798,0.018330146836496555,225,0.9333333333333333,0.2782945736434108,0.7911111111111111,0.009558384872921566,146,0.9041095890410958,0.2536241521478919,0.8493150684931506,0.012380104640659096,0.9318181818181818,88,0.8620689655172413,58,0.26644853201273433,0.23626251390433806,HIGH,strong,0.2553446349804783
NY_AM,low_local_vol,15,15,0.25,796,0.5665829145728644,-0.24850829604073432,0.47361809045226133,0.015714575429654244,291,0.5807560137457045,-0.2267375263059751,0.41237113402061853,0.009100235536017296,134,0.6119402985074627,-0.22786552673525573,0.4925373134328358,0.007655161993883109,0.6125,80,0.6111111111111112,54,-0.23185797665369645,-0.2211469534050179,LOW,strong,0.24850829604073432
NY_AM,high_local_vol,60,15,0.25,821,0.9171741778319124,0.24471040971597036,0.8099878197320342,0.018289048956035746,233,0.944206008583691,0.2852912799015205,0.8154506437768241,0.009584712350373325,142,0.9154929577464789,0.26743470531929436,0.8591549295774648,0.012093014500506523,0.896551724137931,87,0.9454545454545454,55,0.2623104790017443,0.2744868035190615,HIGH,strong,0.24471040971597036
NY_AM,quiet_wait,30,10,0.25,471,0.4309978768577495,-0.24422996075616932,0.03397027600849257,0.01977063046667213,193,0.45595854922279794,-0.1990802104671246,0.0051813471502590676,0.01117450556663003,83,0.37349397590361444,-0.2769914609895895,0.024096385542168676,0.01736634152246948,0.41304347826086957,46,0.32432432432432434,37,-0.25232617154457787,-0.3014821272885789,LOW,strong,0.24422996075616932
NY_AM,vol_expansion_low,30,10,0.25,797,0.4316185696361355,-0.24360926797778332,0.42910915934755334,0.018979604626456724,300,0.4766666666666667,-0.17837209302325585,0.36,0.011296510762600754,129,0.37209302325581395,-0.27839241363739,0.37209302325581395,0.015704999052703738,0.4155844155844156,77,0.3076923076923077,52,-0.24978523422103183,-0.31811414392059556,LOW,strong,0.24360926797778332
NY_AM,low_local_vol,30,15,0.25,797,0.548306148055207,-0.2429117475537408,0.5683814303638645,0.014459141275426596,295,0.535593220338983,-0.22151272281347179,0.49830508474576274,0.008651827274537054,133,0.45112781954887216,-0.2770275202569531,0.5338345864661654,0.013329189085505018,0.4625,80,0.4339622641509434,53,-0.2690175097276264,-0.28861838101034687,LOW,strong,0.2429117475537408
NY_AM,low_local_vol,90,30,0.25,793,0.5611601513240857,-0.23958860075578114,0.6784363177805801,0.015558976517939853,267,0.49812734082397003,-0.2706065093052289,0.6441947565543071,0.00910239418101281,133,0.5037593984962406,-0.26080370829987587,0.6766917293233082,0.00876392281560703,0.5060240963855421,83,0.5,50,-0.256621818011345,-0.26774193548387093,LOW,strong,0.23958860075578114
NY_AM,vol_expansion_low,60,10,0.25,797,0.3074027603513174,-0.23752477588056664,0.4918444165621079,0.027898058231911545,272,0.2867647058823529,-0.2481190150478796,0.5036764705882353,0.013562494286130237,137,0.26277372262773724,-0.2420806463043016,0.41605839416058393,0.017617527501689954,0.2988505747126437,87,0.2,50,-0.19531284941186994,-0.3225806451612903,LOW,strong,0.23752477588056664
NY_AM,vol_expansion_low,90,15,0.25,793,0.3619167717528373,-0.23417307849674673,0.5573770491803278,0.022429552650960787,286,0.3741258741258741,-0.20339350571908715,0.5629370629370629,0.011893159141172045,141,0.3191489361702128,-0.24153067548027263,0.5673758865248227,0.012218277994125584,0.3448275862068966,87,0.2777777777777778,54,-0.21159264725613847,-0.2899641577060932,LOW,strong,0.23417307849674673
NY_AM,fast_and_expanded,90,10,0.25,584,0.7003424657534246,0.2319564424589155,1.0,0.022718062259011226,169,0.650887573964497,0.21936302616087944,1.0,0.013556936252766584,107,0.6635514018691588,0.2509300426458579,1.0,0.013683571358924111,0.6923076923076923,65,0.6190476190476191,42,0.29931158335827596,0.1738863287250384,HIGH,strong,0.2319564424589155
NY_AM,vol_expansion_low,90,10,0.25,793,0.23707440100882723,-0.2313116222856819,0.5573770491803278,0.026200670900927252,286,0.2202797202797203,-0.2112448275238973,0.5629370629370629,0.014225066247446476,141,0.1773049645390071,-0.23531639468429386,0.5673758865248227,0.01462787262435551,0.1724137931034483,87,0.18518518518518517,54,-0.22058231584596805,-0.2599761051373955,LOW,strong,0.2313116222856819
NY_AM,vol_expansion_high,60,10,0.25,821,0.7758830694275274,0.23095553319564333,0.9147381242387332,0.020635145117528602,240,0.8083333333333333,0.27344961240310084,0.9125,0.011079337598165167,153,0.7516339869281046,0.24677961799606574,0.9411764705882353,0.012263741467074112,0.7526881720430108,93,0.75,60,0.2585247479184971,0.22741935483870968,HIGH,strong,0.23095553319564333
NY_AM,high_local_vol,90,20,0.25,818,0.9156479217603912,0.23012379530448446,0.812958435207824,0.016150810531625762,234,0.9188034188034188,0.2573047107930828,0.8504273504273504,0.008914209111440278,146,0.8972602739726028,0.2540563904774571,0.910958904109589,0.009312828436177761,0.8901098901098901,91,0.9090909090909091,55,0.2403044426390729,0.2768328445747801,HIGH,strong,0.23012379530448446
NY_AM,vol_expansion_low,90,20,0.25,793,0.45649432534678436,-0.2290298011091224,0.5573770491803278,0.01972099803140299,286,0.44755244755244755,-0.2139462604578884,0.5629370629370629,0.010553637369728417,141,0.41134751773049644,-0.23185636576464924,0.5673758865248227,0.009828483621170357,0.45977011494252873,87,0.3333333333333333,54,-0.19003533252828841,-0.29892473118279567,LOW,strong,0.2290298011091224
NY_AM,quiet_wait,60,10,0.25,477,0.31865828092243187,-0.2262692553094522,0.1509433962264151,0.029937311869263145,160,0.28125,-0.2536337209302325,0.15625,0.014361379776315042,92,0.2608695652173913,-0.24398480371464754,0.13043478260869565,0.01930834894239093,0.32075471698113206,53,0.1794871794871795,39,-0.17340870714338158,-0.3430934656741108,LOW,strong,0.2262692553094522
NY_AM,vol_expansion_high,90,10,0.25,818,0.6907090464547677,0.2223230231602586,0.9290953545232273,0.023391508767414033,249,0.6827309236947792,0.25120637589116157,0.9317269076305221,0.013305204076004908,135,0.674074074074074,0.2614527148507731,0.9777777777777777,0.013801888737066349,0.691358024691358,81,0.6481481481481481,54,0.29836191574194165,0.20298685782556747,HIGH,strong,0.2223230231602586
NY_AM,vol_expansion_low,60,15,0.25,797,0.45294855708908405,-0.21951521102685795,0.4918444165621079,0.023348812075068975,272,0.4007352941176471,-0.2581794345645234,0.5036764705882353,0.012040390969127294,137,0.4306569343065693,-0.2174013181206152,0.41605839416058393,0.014036200387846668,0.45977011494252873,87,0.38,50,-0.174471130193658,-0.2909677419354839,LOW,strong,0.21951521102685795
NY_AM,fast_and_expanded,60,10,0.25,581,0.7641996557659209,0.2192721195340368,1.0,0.021062702840132917,173,0.7745664739884393,0.23968275305820674,1.0,0.01123458891788417,113,0.7610619469026548,0.256207577970616,1.0,0.011073081826441712,0.7692307692307693,65,0.75,48,0.27506734510625563,0.22741935483870968,HIGH,strong,0.2192721195340368
NY_AM,low_local_vol,60,30,0.25,797,0.6260978670012547,-0.21738039386831054,0.6386449184441656,0.01402004388432042,262,0.5725190839694656,-0.2569382803716197,0.6145038167938931,0.008650476619505427,130,0.5692307692307692,-0.2584391336818521,0.5615384615384615,0.009665143567843173,0.5375,80,0.62,50,-0.28740272373540854,-0.21225806451612905,LOW,strong,0.21738039386831054
NY_AM,fast_and_expanded,90,15,0.25,584,0.8116438356164384,0.21555398536685433,1.0,0.01893863263390116,169,0.7810650887573964,0.20354570891243517,1.0,0.01061074101174657,107,0.7757009345794392,0.21502132292895382,1.0,0.011173818018386673,0.8,65,0.7380952380952381,42,0.243579766536965,0.17035330261136716,HIGH,strong,0.21555398536685433
NY_AM,vol_expansion_high,90,15,0.25,818,0.8092909535452323,0.21320110329564823,0.9290953545232273,0.019504739985263746,249,0.8072289156626506,0.22970953581768938,0.9317269076305221,0.010737504956983375,135,0.8,0.23932038834951463,0.9777777777777777,0.011374044891235996,0.8148148148148148,81,0.7777777777777778,54,0.25839458135177973,0.21003584229390682,HIGH,strong,0.21320110329564823
NY_AM,quiet_wait,60,15,0.25,477,0.4612159329140461,-0.21124783520189588,0.1509433962264151,0.025814582256326952,160,0.41875,-0.24016472868217048,0.15625,0.012607065632217463,92,0.45652173913043476,-0.19153651329674976,0.13043478260869565,0.015039140220888548,0.5283018867924528,53,0.358974358974359,39,-0.10593935834373391,-0.31199338296112494,LOW,strong,0.21124783520189588
NY_AM,vol_expansion_low,15,10,0.25,796,0.5012562814070352,-0.21060109836079233,0.28266331658291455,0.021468287687851837,322,0.48757763975155277,-0.18554897523552738,0.2515527950310559,0.011857687018510497,154,0.6103896103896104,-0.13232883621233138,0.33766233766233766,0.00922566476437024,0.6391752577319587,97,0.5614035087719298,57,-0.10401540374664053,-0.18053197509903796,LOW,strong,0.21060109836079233
NY_AM,high_local_vol,15,10,0.25,820,0.9219512195121952,0.21009383974436768,0.7012195121951219,0.01881870137468002,203,0.9802955665024631,0.3071689515153829,0.6945812807881774,0.00949094005799376,138,0.9492753623188406,0.20655691571689883,0.7246376811594203,0.008871857750517203,0.9146341463414634,82,1.0,56,0.1714434848628642,0.25806451612903225,HIGH,strong,0.21009383974436768
NY_AM,low_local_vol,30,20,0.25,797,0.6398996235884568,-0.2068277997752549,0.5683814303638645,0.013012598585394724,295,0.6508474576271186,-0.1786099067139667,0.49830508474576274,0.007728454801985407,133,0.518796992481203,-0.2676107745090882,0.5338345864661654,0.011810202922290205,0.5,80,0.5471698113207547,53,-0.2782101167315175,-0.25283018867924534,LOW,strong,0.2068277997752549
NY_AM,vol_expansion_high,30,10,0.25,821,0.881851400730816,0.20662356311689722,0.8855054811205847,0.018027230693119966,214,0.8738317757009346,0.2187930160110121,0.9158878504672897,0.009533979382909456,149,0.8523489932885906,0.20186355639538667,0.9261744966442953,0.011318510932866524,0.8505747126436781,87,0.8548387096774194,62,0.18520506283823068,0.2290322580645161,HIGH,strong,0.20662356311689722
NY_AM,vol_expansion_high,60,15,0.25,821,0.8745432399512789,0.20207947183533692,0.9147381242387332,0.016616792669291322,240,0.8958333333333334,0.23691860465116288,0.9125,0.009041530824557926,153,0.8496732026143791,0.20161495018719455,0.9411764705882353,0.010204195344134807,0.8279569892473119,93,0.8833333333333333,60,0.19371574411112513,0.21236559139784938,HIGH,strong,0.20207947183533692
NY_AM,high_local_vol,60,20,0.25,821,0.9585870889159561,0.20123719243562488,0.8099878197320342,0.01612544580454481,233,0.9871244635193133,0.23777045835135457,0.8154506437768241,0.008070871011326138,142,0.971830985915493,0.2363940927116095,0.8591549295774648,0.010704053884184656,0.9655172413793104,87,0.9818181818181818,55,0.24178183281899912,0.22697947214076242,HIGH,strong,0.20123719243562488
NY_AM,vol_expansion_low,30,15,0.25,797,0.5909661229611042,-0.20025177264784366,0.42910915934755334,0.015635026596434246,300,0.5966666666666667,-0.16043927648578815,0.36,0.009282032671458584,129,0.4806201550387597,-0.24753518476706554,0.37209302325581395,0.01364044559340393,0.5064935064935064,77,0.4423076923076923,52,-0.22502400323411997,-0.280272952853598,LOW,strong,0.20025177264784366
NY_AM,quiet_wait,90,15,0.25,461,0.39913232104121477,-0.1969575292083693,0.2386117136659436,0.021947070952280892,168,0.3630952380952381,-0.21442414174972318,0.25595238095238093,0.012835831175220485,88,0.32954545454545453,-0.23113415710503088,0.3068181818181818,0.012769556546512628,0.40384615384615385,52,0.2222222222222222,36,-0.1525740796168812,-0.34551971326164876,LOW,strong,0.1969575292083693
NY_AM,fast_and_expanded,30,10,0.25,578,0.8719723183391004,0.19674448072518158,1.0,0.0176968800252079,161,0.8571428571428571,0.20210409745293456,1.0,0.00930160649854653,112,0.8303571428571429,0.17987170596393898,1.0,0.01116817184636377,0.8208955223880597,67,0.8444444444444444,45,0.1555258725826123,0.21863799283154117,HIGH,strong,0.19674448072518158
NY_AM,vol_expansion_low,60,20,0.25,797,0.562107904642409,-0.19524199183792224,0.4918444165621079,0.018513390013074324,272,0.5036764705882353,-0.2456775345797234,0.5036764705882353,0.010114821136779625,137,0.49635036496350365,-0.23908652824037985,0.41605839416058393,0.012514311943347678,0.5172413793103449,87,0.46,50,-0.2064940292499664,-0.2948387096774194,LOW,strong,0.19524199183792224
NY_AM,quiet_wait,30,15,0.25,471,0.5966029723991507,-0.19461492320979712,0.03397027600849257,0.01629038523317823,193,0.5751295336787565,-0.1819764094736983,0.0051813471502590676,0.009038740167613494,83,0.46987951807228917,-0.2582758217335361,0.024096385542168676,0.015927448993794023,0.5217391304347826,46,0.40540540540540543,37,-0.20977837929284382,-0.31717523975588485,LOW,strong,0.19461492320979712
NY_AM,vol_expansion_high,90,20,0.25,818,0.8789731051344744,0.19344897867856758,0.9290953545232273,0.01658013974023347,249,0.8393574297188755,0.17785872170853956,0.9317269076305221,0.009597786206688065,135,0.8814814814814815,0.23827759798633585,0.9777777777777777,0.009841753858003567,0.8888888888888888,81,0.8703703703703703,54,0.2390834414180717,0.23811230585424137,HIGH,strong,0.19344897867856758
NY_AM,fast_and_expanded,60,15,0.25,581,0.8657487091222031,0.19328494100626115,1.0,0.016881330108890782,173,0.8728323699421965,0.213917641260026,1.0,0.009156549591544999,113,0.8584070796460177,0.2103488272188332,1.0,0.009257621277003353,0.8461538461538461,65,0.875,48,0.2119126010176594,0.20403225806451608,HIGH,strong,0.19328494100626115
NY_AM,quiet_wait,90,20,0.25,461,0.4924078091106291,-0.19311631734527768,0.2386117136659436,0.019381637031100782,168,0.44047619047619047,-0.22102251753414548,0.25595238095238093,0.011347617537319174,88,0.4318181818181818,-0.21138570167696386,0.3068181818181818,0.010113279630991824,0.5576923076923077,52,0.25,36,-0.09211313977850943,-0.382258064516129,LOW,strong,0.19311631734527768
NY_AM,quiet_wait,90,10,0.25,461,0.27765726681127983,-0.1907287564832293,0.2386117136659436,0.0254662009732867,168,0.24404761904761904,-0.18747692875599856,0.25595238095238093,0.014957670013467787,88,0.2159090909090909,-0.19671226831421004,0.3068181818181818,0.015502158535109488,0.25,52,0.16666666666666666,36,-0.14299610894941633,-0.27849462365591404,LOW,strong,0.1907287564832293
NY_AM,fast_and_expanded,90,20,0.25,584,0.875,0.18947587354409323,1.0,0.016117370958088694,169,0.8106508875739645,0.14915217956362858,1.0,0.009480068041096648,107,0.8691588785046729,0.2259549950095272,1.0,0.009646799717277114,0.8769230769230769,65,0.8571428571428571,42,0.22711762945225977,0.2248847926267281,HIGH,strong,0.18947587354409323
NY_AM,vol_expansion_low,15,15,0.25,796,0.628140703517588,-0.1869505070960107,0.28266331658291455,0.017117222904530393,322,0.6490683229813664,-0.1584252170703132,0.2515527950310559,0.00983555972012855,154,0.7207792207792207,-0.11902660446349766,0.33766233766233766,0.007328506249400208,0.7216494845360825,97,0.7192982456140351,57,-0.12270849211761403,-0.11295981890209394,LOW,strong,0.1869505070960107
NY_AM,low_local_vol,90,45,0.25,793,0.6847414880201765,-0.1863067648916371,0.6784363177805801,0.013028339047440258,267,0.6741573033707865,-0.19147577156461404,0.6441947565543071,0.007646570112129902,133,0.6390977443609023,-0.20798963427987438,0.6766917293233082,0.007278570885674925,0.6385542168674698,83,0.64,50,-0.20969481036988424,-0.20516129032258068,LOW,strong,0.1863067648916371
NY_AM,low_local_vol,15,20,0.25,796,0.6934673366834171,-0.18630049084560452,0.47361809045226133,0.013537546912970141,291,0.6872852233676976,-0.18093183089586828,0.41237113402061853,0.007954649094535799,134,0.7238805970149254,-0.1644689175481815,0.4925373134328358,0.0065858870470589985,0.725,80,0.7222222222222222,54,-0.16605058365758762,-0.1616487455197133,LOW,strong,0.18630049084560452
NY_AM,quiet_wait,60,20,0.25,477,0.5744234800838575,-0.18292641639647378,0.1509433962264151,0.020404696119134907,160,0.5125,-0.23685400516795874,0.15625,0.010366251416701383,92,0.5108695652173914,-0.22456732798649215,0.13043478260869565,0.013732399287722382,0.5471698113207547,53,0.46153846153846156,39,-0.17656559723955656,-0.29330024813895783,LOW,strong,0.18292641639647378
NY_AM,vol_expansion_low,90,30,0.25,793,0.617906683480454,-0.18284206859941288,0.5573770491803278,0.01581142316257542,286,0.5699300699300699,-0.19880378019912903,0.5629370629370629,0.008829270323075069,141,0.5673758865248227,-0.19718722027129376,0.5673758865248227,0.008336931841939841,0.5747126436781609,87,0.5555555555555556,54,-0.18793327071872623,-0.21218637992831535,LOW,strong,0.18284206859941288
NY_AM,high_local_vol,30,15,0.25,821,0.9719853836784409,0.18076748806949305,0.7697929354445798,0.015313421533979896,225,0.9777777777777777,0.22067183462532292,0.7911111111111111,0.007767468748015129,146,0.9452054794520548,0.21705013964622955,0.8493150684931506,0.010305596753318146,0.9659090909090909,88,0.9137931034482759,58,0.23439158118146453,0.19121245828698563,HIGH,strong,0.18076748806949305
NY_AM,quiet_wait,30,20,0.25,471,0.6709129511677282,-0.17581447219598345,0.03397027600849257,0.014519421904715678,193,0.6476683937823834,-0.1817889705587019,0.0051813471502590676,0.007876278067014544,83,0.5542168674698795,-0.23219089952041172,0.024096385542168676,0.01388264035952561,0.5869565217391305,46,0.5135135135135135,37,-0.19125359499238703,-0.28648648648648656,LOW,strong,0.17581447219598345
NY_AM,vol_expansion_low,30,20,0.25,797,0.6775407779171895,-0.16918664544652218,0.42910915934755334,0.01391311830612254,300,0.6833333333333333,-0.14612403100775195,0.36,0.008193276573524684,129,0.5658914728682171,-0.22051629412207419,0.37209302325581395,0.011875866045407645,0.5584415584415584,77,0.5769230769230769,52,-0.21976855828995912,-0.22307692307692317,LOW,strong,0.16918664544652218
NY_AM,high_local_vol,90,30,0.25,818,0.9657701711491442,0.16502141906927736,0.812958435207824,0.013500933790287916,234,0.9658119658119658,0.1970781156827669,0.8504273504273504,0.0074316591636503174,146,0.9657534246575342,0.20119031786141772,0.910958904109589,0.007385766986494437,0.9560439560439561,91,0.9818181818181818,55,0.19339804164706897,0.21407624633431088,HIGH,strong,0.16502141906927736
NY_AM,vol_expansion_high,60,20,0.25,821,0.9220462850182704,0.1646963885379391,0.9147381242387332,0.014816787527583601,240,0.9416666666666667,0.19231266149870796,0.9125,0.0077716731248191175,153,0.934640522875817,0.1992036296719335,0.9411764705882353,0.0089266703296504,0.9139784946236559,93,0.9666666666666667,60,0.1902430860633446,0.21182795698924728,HIGH,strong,0.1646963885379391
NY_AM,vol_expansion_high,15,10,0.25,820,0.874390243902439,0.16253286413461154,0.8609756097560975,0.01842112412300485,219,0.8812785388127854,0.20815192382570524,0.8538812785388128,0.009510798344419829,143,0.9020979020979021,0.15937945549596033,0.8391608391608392,0.009134704291770225,0.8823529411764706,85,0.9310344827586207,58,0.13916227969787132,0.1890989988876529,HIGH,strong,0.16253286413461154
NY_AM,fast_and_expanded,60,20,0.25,581,0.9156626506024096,0.15831275412207835,1.0,0.014953865402400086,173,0.9190751445086706,0.16972113934071187,1.0,0.00788334440934944,113,0.9380530973451328,0.20261620414124926,1.0,0.00831335286240262,0.9230769230769231,65,0.9583333333333334,48,0.19934151451661186,0.20349462365591398,HIGH,strong,0.15831275412207835
NY_AM,low_local_vol,30,30,0.25,797,0.7503136762860728,-0.15523727648940355,0.5683814303638645,0.010870385122074996,295,0.7728813559322034,-0.13409538825384304,0.49830508474576274,0.006539800875424267,133,0.7368421052631579,-0.1660705160960655,0.5338345864661654,0.009464680397740843,0.7375,80,0.7358490566037735,53,-0.17300583657587543,-0.1544735240413878,LOW,strong,0.15523727648940355
NY_AM,high_local_vol,15,15,0.25,820,0.9670731707317073,0.1519819601181086,0.7012195121951219,0.015780208114182858,203,1.0,0.19250645994832039,0.6945812807881774,0.007770835433396908,138,0.9927536231884058,0.15294779794568736,0.7246376811594203,0.006950983907847293,0.9878048780487805,82,1.0,56,0.14344690139508398,0.16774193548387095,HIGH,strong,0.1519819601181086
NY_AM,vol_expansion_high,30,15,0.25,821,0.9427527405602923,0.1515348449513445,0.8855054811205847,0.014920043034477738,214,0.9345794392523364,0.1774734960998816,0.9158878504672897,0.00752198672819129,149,0.912751677852349,0.18459633804652376,0.9261744966442953,0.009510752825219801,0.896551724137931,87,0.9354838709677419,62,0.16503421441030464,0.2129032258064516,HIGH,strong,0.1515348449513445
NY_AM,vol_expansion_low,60,30,0.25,797,0.6925972396486826,-0.15088102122088265,0.4918444165621079,0.01476400835952672,272,0.625,-0.2044573643410853,0.5036764705882353,0.008804265942626562,137,0.6423357664233577,-0.18533413648926367,0.41605839416058393,0.010212024047752332,0.6551724137931034,87,0.62,50,-0.1697303099423051,-0.21225806451612905,LOW,strong,0.15088102122088265
NY_AM,quiet_wait,90,30,0.25,461,0.6507592190889371,-0.14998953299092976,0.2386117136659436,0.015590975070920124,168,0.5535714285714286,-0.21516242155777032,0.25595238095238093,0.009493210352807186,88,0.6022727272727273,-0.1622903795233892,0.3068181818181818,0.008518486944299426,0.6346153846153846,52,0.5555555555555556,36,-0.12803052978150253,-0.21218637992831535,LOW,strong,0.14998953299092976
NY_AM,high_local_vol,60,30,0.25,821,0.9878197320341048,0.14434147116453955,0.8099878197320342,0.013656992608310497,233,1.0,0.1705426356589147,0.8154506437768241,0.007092649226222548,142,0.9929577464788732,0.16528784356625192,0.8591549295774648,0.008691063508642374,0.9885057471264368,87,1.0,55,0.16360302339102828,0.16774193548387095,HIGH,strong,0.14434147116453955
NY_AM,low_local_vol,60,45,0.25,797,0.7691342534504392,-0.14390922481043034,0.6386449184441656,0.011743483543264004,262,0.7442748091603053,-0.1588259660334932,0.6145038167938931,0.007087806195778716,130,0.676923076923077,-0.20414488424197164,0.5615384615384615,0.007915306961902372,0.6125,80,0.78,50,-0.25131322957198443,-0.12967741935483867,LOW,strong,0.14390922481043034
NY_AM,fast_and_expanded,30,15,0.25,578,0.9342560553633218,0.14303815975437395,1.0,0.014591430556261678,161,0.9254658385093167,0.1683598953568619,1.0,0.007233137814028629,112,0.8928571428571429,0.16470180305131765,1.0,0.009251203352748746,0.8656716417910447,67,0.9333333333333333,45,0.1341541320634183,0.21075268817204307,HIGH,strong,0.14303815975437395
NY_AM,vol_expansion_low,15,20,0.25,796,0.7374371859296482,-0.14233064159937336,0.28266331658291455,0.01486151077453946,322,0.7329192546583851,-0.13529779960518074,0.2515527950310559,0.008732364189787067,154,0.7922077922077922,-0.0961417223553146,0.33766233766233766,0.0065911989457227696,0.8041237113402062,97,0.7719298245614035,57,-0.08692687231738139,-0.11194114318053205,LOW,strong,0.14233064159937336
NY_AM,strong_dir_move,90,10,0.25,818,0.6075794621026895,0.13919343880818041,1.0,0.02352268990145895,240,0.5375,0.10597545219638238,1.0,0.0138238417554149,158,0.569620253164557,0.15699889394125605,1.0,0.013674665626023343,0.57,100,0.5689655172413793,58,0.17700389105058362,0.12380422691879867,HIGH,strong,0.13919343880818041
NY_AM,fast_move,90,10,0.25,818,0.6075794621026895,0.13919343880818041,1.0,0.02352268990145895,240,0.5375,0.10597545219638238,1.0,0.0138238417554149,158,0.569620253164557,0.15699889394125605,1.0,0.013674665626023343,0.57,100,0.5689655172413793,58,0.17700389105058362,0.12380422691879867,HIGH,strong,0.13919343880818041
NY_AM,vol_expansion_low,90,45,0.25,793,0.7326607818411097,-0.13838747107070393,0.5573770491803278,0.01317885811077875,286,0.7272727272727273,-0.13836034766267324,0.5629370629370629,0.00751675044666299,141,0.7092198581560284,-0.13786752048474826,0.5673758865248227,0.007069591897073319,0.7011494252873564,87,0.7222222222222222,54,-0.14709960194999772,-0.12293906810035848,LOW,strong,0.13838747107070393
NY_AM,high_local_vol,30,20,0.25,821,0.9841656516443362,0.13743822828062457,0.7697929354445798,0.013723263800298851,225,0.9911111111111112,0.16165374677002586,0.7911111111111111,0.006968549658826569,146,0.9726027397260274,0.18619497273573615,0.8493150684931506,0.009296599301904804,0.9886363636363636,88,0.9482758620689655,58,0.21042624690484613,0.14827586206896548,HIGH,strong,0.13743822828062457
NY_AM,fast_and_expanded,15,10,0.25,575,0.8486956521739131,0.1368382724060856,1.0,0.018702386834842186,156,0.8525641025641025,0.17943748757702238,1.0,0.009421726899480506,97,0.8865979381443299,0.1438794915423881,1.0,0.009258001688438535,0.8620689655172413,58,0.9230769230769231,39,0.11887830403864208,0.18114143920595538,HIGH,strong,0.1368382724060856
NY_AM,vol_expansion_high,90,30,0.25,818,0.9364303178484108,0.13568156576854395,0.9290953545232273,0.013666254662136538,249,0.9156626506024096,0.14692880047321066,0.9317269076305221,0.008026881803314673,135,0.9481481481481482,0.18358504135203169,0.9777777777777777,0.007779717744724535,0.9506172839506173,81,0.9444444444444444,54,0.18797136955373017,0.1767025089605735,HIGH,strong,0.13568156576854395
NY_AM,quiet_wait,90,45,0.25,461,0.7418655097613883,-0.12918274315042533,0.2386117136659436,0.012891163459797144,168,0.7142857142857143,-0.15134736064968624,0.25595238095238093,0.008029859368335881,88,0.75,-0.09708737864077666,0.3068181818181818,0.007045567354905264,0.75,52,0.75,36,-0.09824902723735407,-0.0951612903225807,LOW,strong,0.12918274315042533
NY_AM,vol_expansion_high,15,15,0.25,820,0.9439024390243902,0.1288112284107915,0.8609756097560975,0.015175138256974979,219,0.954337899543379,0.14684435949169938,0.8538812785388128,0.007574147348013762,143,0.965034965034965,0.1252291397922466,0.8391608391608392,0.007229511569171544,0.9764705882352941,85,0.9482758620689655,58,0.1321126115815976,0.11601779755283648,HIGH,strong,0.1288112284107915
NY_AM,quiet_wait,30,30,0.25,471,0.7770700636942676,-0.1284808890812088,0.03397027600849257,0.012186145940435166,193,0.7616580310880829,-0.14531871309796351,0.0051813471502590676,0.006958388174709731,83,0.7228915662650602,-0.1800210550941631,0.024096385542168676,0.010898843446724829,0.7608695652173914,46,0.6756756756756757,37,-0.14963627135848412,-0.21464690496948569,LOW,strong,0.1284808890812088
NY_AM,strong_dir_move,30,10,0.25,821,0.8026796589524969,0.12745182133857813,1.0,0.01677641409077852,249,0.7710843373493976,0.1160455776594751,1.0,0.00913429054457948,149,0.785234899328859,0.1347494624356551,1.0,0.011554898735253755,0.7608695652173914,92,0.8245614035087719,57,0.09549991541194391,0.19875495189586867,HIGH,strong,0.12745182133857813
NY_AM,fast_move,30,10,0.25,821,0.8026796589524969,0.12745182133857813,1.0,0.01677641409077852,249,0.7710843373493976,0.1160455776594751,1.0,0.00913429054457948,149,0.785234899328859,0.1347494624356551,1.0,0.011554898735253755,0.7608695652173914,92,0.8245614035087719,57,0.09549991541194391,0.19875495189586867,HIGH,strong,0.12745182133857813
NY_AM,fast_and_expanded,90,30,0.25,584,0.928082191780822,0.12733343970095512,1.0,0.013261393220222009,169,0.8994082840236687,0.13067443389446975,1.0,0.00788808720742057,107,0.9439252336448598,0.1793621268487433,1.0,0.007669661917125635,0.9384615384615385,65,0.9523809523809523,42,0.17581562406465134,0.1846390168970814,HIGH,strong,0.12733343970095512
NY_AM,quiet_wait,60,30,0.25,477,0.7169811320754716,-0.12649712879409358,0.1509433962264151,0.015926712767375537,160,0.63125,-0.19820736434108532,0.15625,0.009083164462469312,92,0.6521739130434783,-0.17549598986914305,0.13043478260869565,0.011351119201812043,0.6792452830188679,53,0.6153846153846154,39,-0.14565744071654063,-0.21687344913151363,LOW,strong,0.12649712879409358
NY_AM,vol_expansion_high,60,30,0.25,821,0.9695493300852619,0.12607106921569666,0.9147381242387332,0.012312745108024537,240,0.9791666666666666,0.14970930232558133,0.9125,0.006645077176519342,153,0.9607843137254902,0.1331144108128689,0.9411764705882353,0.007218227243461974,0.946236559139785,93,0.9833333333333333,60,0.12133383540437648,0.15107526881720423,HIGH,strong,0.12607106921569666
NY_AM,strong_dir_move,90,15,0.25,818,0.7212713936430318,0.12518154339344778,1.0,0.01954747833321378,240,0.6791666666666667,0.10164728682170543,1.0,0.010855484955596729,158,0.7025316455696202,0.1418520339191348,1.0,0.01118231740738433,0.68,100,0.7413793103448276,58,0.12357976653696501,0.17363737486095665,HIGH,strong,0.12518154339344778
NY_AM,fast_move,90,15,0.25,818,0.7212713936430318,0.12518154339344778,1.0,0.01954747833321378,240,0.6791666666666667,0.10164728682170543,1.0,0.010855484955596729,158,0.7025316455696202,0.1418520339191348,1.0,0.01118231740738433,0.68,100,0.7413793103448276,58,0.12357976653696501,0.17363737486095665,HIGH,strong,0.12518154339344778
NY_AM,low_local_vol,15,30,0.25,796,0.8052763819095478,-0.1250718767969199,0.47361809045226133,0.011367515055385672,291,0.8144329896907216,-0.10804763046431709,0.41237113402061853,0.006273722180177813,134,0.7985074626865671,-0.12139544993479212,0.4925373134328358,0.005540684949350167,0.775,80,0.8333333333333334,54,-0.13550583657587545,-0.10215053763440851,LOW,strong,0.1250718767969199
NY_AM,vol_expansion_low,30,30,0.25,797,0.7816813048933501,-0.12386964788212629,0.42910915934755334,0.011661430336969564,300,0.7933333333333333,-0.11364341085271312,0.36,0.0069712786479565825,129,0.7286821705426356,-0.17423045081658772,0.37209302325581395,0.00935414077808979,0.7402597402597403,77,0.7115384615384616,52,-0.1702460963161352,-0.17878411910669978,LOW,strong,0.12386964788212629
NY_AM,fast_and_expanded,15,15,0.25,575,0.9356521739130435,0.12056096329944477,1.0,0.015434707797139402,156,0.9423076923076923,0.13481415225601268,1.0,0.007385202180828399,97,0.9587628865979382,0.11895706135521977,1.0,0.007213227127957571,0.9655172413793104,58,0.9487179487179487,39,0.12115926472561389,0.11645988420181963,HIGH,strong,0.12056096329944477
NY_AM,vol_expansion_high,30,20,0.25,821,0.9671132764920828,0.12038585312837113,0.8855054811205847,0.013315266037616806,214,0.9626168224299065,0.13315945808882124,0.9158878504672897,0.006632360116295426,149,0.9463087248322147,0.15990095784192349,0.9261744966442953,0.008476900023805441,0.9425287356321839,87,0.9516129032258065,62,0.16431861890066635,0.15161290322580645,HIGH,strong,0.12038585312837113
NY_AM,fast_and_expanded,60,30,0.25,581,0.9621342512908778,0.11865599042131258,1.0,0.012360321570806581,173,0.9710982658959537,0.14164090155486841,1.0,0.0066072104415915095,113,0.9734513274336283,0.14578142452100695,1.0,0.006965009417125285,0.9692307692307692,65,0.9791666666666666,48,0.1443280454953607,0.14690860215053758,HIGH,strong,0.11865599042131258
NY_AM,high_local_vol,90,45,0.25,818,0.9865525672371638,0.11550431432535013,0.812958435207824,0.011425132940932945,234,0.9957264957264957,0.1300934207910952,0.8504273504273504,0.0060253390861272245,146,0.9794520547945206,0.13236467615374392,0.910958904109589,0.0064766140619421314,0.978021978021978,91,0.9818181818181818,55,0.12977295078462392,0.13665689149560112,HIGH,strong,0.11550431432535013
NY_AM,fast_and_expanded,30,20,0.25,578,0.9602076124567474,0.1134801890930357,1.0,0.012994989032252336,161,0.9565217391304348,0.1270643747893495,1.0,0.006424487897198986,112,0.9285714285714286,0.14216366158113736,1.0,0.008215599390106246,0.9253731343283582,67,0.9333333333333333,45,0.1471630175968407,0.1333333333333333,HIGH,strong,0.1134801890930357
NY_AM,strong_dir_move,60,10,0.25,821,0.6577344701583435,0.11280693392645946,1.0,0.021314002919257315,255,0.6470588235294118,0.11217510259917929,1.0,0.012251511977552485,158,0.6265822784810127,0.12172790954897383,1.0,0.01098583211389701,0.5760869565217391,92,0.696969696969697,66,0.0819235323972255,0.1743890518084067,HIGH,strong,0.11280693392645946
NY_AM,fast_move,60,10,0.25,821,0.6577344701583435,0.11280693392645946,1.0,0.021314002919257315,255,0.6470588235294118,0.11217510259917929,1.0,0.012251511977552485,158,0.6265822784810127,0.12172790954897383,1.0,0.01098583211389701,0.5760869565217391,92,0.696969696969697,66,0.0819235323972255,0.1743890518084067,HIGH,strong,0.11280693392645946
NY_AM,strong_dir_move,90,20,0.25,818,0.7982885085574573,0.11276438210155049,1.0,0.016687850050546946,240,0.7541666666666667,0.0926679586563307,1.0,0.00959824339473931,158,0.7848101265822784,0.14160624308713277,1.0,0.009758771058451483,0.76,100,0.8275862068965517,58,0.11019455252918287,0.19532814238042273,HIGH,strong,0.11276438210155049
NY_AM,fast_move,90,20,0.25,818,0.7982885085574573,0.11276438210155049,1.0,0.016687850050546946,240,0.7541666666666667,0.0926679586563307,1.0,0.00959824339473931,158,0.7848101265822784,0.14160624308713277,1.0,0.009758771058451483,0.76,100,0.8275862068965517,58,0.11019455252918287,0.19532814238042273,HIGH,strong,0.11276438210155049
NY_AM,high_local_vol,15,20,0.25,820,0.9890243902439024,0.10925656271488082,0.7012195121951219,0.013627689310271373,203,1.0,0.13178294573643412,0.6945812807881774,0.006798116680406365,138,0.9927536231884058,0.10440410862529892,0.7246376811594203,0.006375037373470167,0.9878048780487805,82,1.0,56,0.09675429439119287,0.11612903225806448,HIGH,strong,0.10925656271488082
NY_AM,strong_and_persistent,90,15,0.25,470,0.7021276595744681,0.10603780932488405,1.0,0.017538498858553308,204,0.6862745098039216,0.1087551299589603,1.0,0.010857303551462057,128,0.6796875,0.11900788834951459,1.0,0.011041721543989507,0.6282051282051282,78,0.76,50,0.07178489474209315,0.19225806451612903,HIGH,strong,0.10603780932488405
NY_AM,vol_expansion_low,15,30,0.25,796,0.8266331658291457,-0.10371509287732195,0.28266331658291455,0.012168911188189014,322,0.8322981366459627,-0.09018248350907598,0.2515527950310559,0.007127233741035008,154,0.8246753246753247,-0.09522758794603459,0.33766233766233766,0.005670420150809258,0.8144329896907216,97,0.8421052631578947,57,-0.09607284688515383,-0.09337860780984719,LOW,strong,0.10371509287732195
NY_AM,strong_dir_move,60,15,0.25,821,0.7758830694275274,0.10341930131158539,1.0,0.01749464042757127,255,0.7803921568627451,0.12147742818057461,1.0,0.009870464314063732,158,0.7658227848101266,0.11776453238294204,1.0,0.009123243205088324,0.7065217391304348,92,0.8484848484848485,66,0.07228049399424807,0.1775171065493646,HIGH,strong,0.10341930131158539
NY_AM,fast_move,60,15,0.25,821,0.7758830694275274,0.10341930131158539,1.0,0.01749464042757127,255,0.7803921568627451,0.12147742818057461,1.0,0.009870464314063732,158,0.7658227848101266,0.11776453238294204,1.0,0.009123243205088324,0.7065217391304348,92,0.8484848484848485,66,0.07228049399424807,0.1775171065493646,HIGH,strong,0.10341930131158539
NY_AM,strong_and_persistent,90,10,0.25,470,0.5680851063829787,0.09969908308846959,1.0,0.02128365132894959,204,0.5490196078431373,0.1174950600395197,1.0,0.01376410142447852,128,0.546875,0.13425364077669905,1.0,0.013430616294042751,0.5256410256410257,78,0.58,50,0.13264491669160933,0.1348387096774193,HIGH,strong,0.09969908308846959
NY_AM,strong_dir_move,30,15,0.25,821,0.8903775883069428,0.09915969269799496,1.0,0.013956906039278629,249,0.8714859437751004,0.11438000062264553,1.0,0.007112401168500845,149,0.8322147651006712,0.10405942529484591,1.0,0.00978796574054965,0.7934782608695652,92,0.8947368421052632,57,0.061960751141938775,0.17215619694397288,HIGH,strong,0.09915969269799496
NY_AM,fast_move,30,15,0.25,821,0.8903775883069428,0.09915969269799496,1.0,0.013956906039278629,249,0.8714859437751004,0.11438000062264553,1.0,0.007112401168500845,149,0.8322147651006712,0.10405942529484591,1.0,0.00978796574054965,0.7934782608695652,92,0.8947368421052632,57,0.061960751141938775,0.17215619694397288,HIGH,strong,0.09915969269799496
NY_AM,vol_expansion_high,15,20,0.25,820,0.9768292682926829,0.0970614407636613,0.8609756097560975,0.012855714837357849,219,0.9908675799086758,0.12265052564510992,0.8538812785388128,0.006516649919374647,143,0.972027972027972,0.08367845746486513,0.8391608391608392,0.006451180453139847,0.9882352941176471,85,0.9482758620689655,58,0.0971847104600595,0.06440489432703,HIGH,strong,0.0970614407636613
NY_AM,vol_expansion_low,60,45,0.25,797,0.8193224592220828,-0.09372101903878671,0.4918444165621079,0.012472912344647978,272,0.7757352941176471,-0.12736548107615142,0.5036764705882353,0.007239316236860409,137,0.7372262773722628,-0.14384168379278583,0.41605839416058393,0.008343274361692932,0.735632183908046,87,0.74,50,-0.1281810456639385,-0.1696774193548387,LOW,strong,0.09372101903878671
NY_AM,strong_and_persistent,90,20,0.25,470,0.7787234042553192,0.0931992777994124,1.0,0.014983388156956434,204,0.7450980392156863,0.08359933120535035,1.0,0.00978435732940479,128,0.7734375,0.13023361650485432,1.0,0.009562665339893929,0.7307692307692307,78,0.84,50,0.08096378329841358,0.207741935483871,HIGH,strong,0.0931992777994124
NY_AM,low_local_vol,30,45,0.25,797,0.8531994981179423,-0.09253372474866917,0.5683814303638645,0.009153934009204225,295,0.8542372881355932,-0.08762317698068589,0.49830508474576274,0.005702061977183781,133,0.8195488721804511,-0.12219870063508287,0.5338345864661654,0.008326577052161329,0.8375,80,0.7924528301886793,53,-0.1119163424124513,-0.13657942787583688,LOW,strong,0.09253372474866917
NY_AM,vol_expansion_high,90,45,0.25,818,0.9621026894865525,0.09105443657473888,0.9290953545232273,0.011536031428490445,249,0.9598393574297188,0.09420628249431828,0.9317269076305221,0.0065723939281643745,135,0.9703703703703703,0.12328299172959367,0.9777777777777777,0.006838600655794821,0.9629629629629629,81,0.9814814814814815,54,0.11471393572560884,0.13632019115890082,HIGH,strong,0.09105443657473888
NY_AM,fast_and_expanded,15,20,0.25,575,0.9704347826086956,0.09066695507967404,1.0,0.013074467785598414,156,0.9871794871794872,0.11896243291592135,1.0,0.006261061174470315,97,0.9690721649484536,0.08072265038534676,1.0,0.006323305313762391,0.9827586206896551,58,0.9487179487179487,39,0.09170803703206754,0.06484698097601316,HIGH,strong,0.09066695507967404
NY_AM,high_local_vol,30,30,0.25,821,0.9951278928136419,0.08957694003816552,0.7697929354445798,0.012038025275519846,225,1.0,0.09302325581395354,0.7911111111111111,0.006073929789757076,146,0.9931506849315068,0.09023806357228348,0.8493150684931506,0.00761586414823377,1.0,88,0.9827586206896551,58,0.08949416342412453,0.0924360400444938,HIGH,strong,0.08957694003816552
NY_AM,high_local_vol,60,45,0.25,821,0.9987819732034104,0.08573849494254093,0.8099878197320342,0.011593757644134214,233,1.0,0.0968992248062015,0.8154506437768241,0.005999024581066151,142,1.0,0.1189320388349514,0.8591549295774648,0.007411935730193712,1.0,87,1.0,55,0.13618677042801552,0.0903225806451613,HIGH,strong,0.08573849494254093
NY_AM,fast_and_expanded,90,45,0.25,584,0.9554794520547946,0.08443119914298092,1.0,0.011114760830301516,169,0.9467455621301775,0.08111248719477693,1.0,0.0066627014144828405,107,0.9626168224299065,0.11552944378912988,1.0,0.006733108817551243,0.9538461538461539,65,0.9761904761904762,42,0.10559712660879983,0.13102918586789547,HIGH,strong,0.08443119914298092
NY_AM,low_local_vol,15,45,0.25,796,0.8731155778894473,-0.08335208380209502,0.47361809045226133,0.009928337858920257,291,0.8797250859106529,-0.075055275846453,0.41237113402061853,0.005393237955432599,134,0.8582089552238806,-0.09082017098971162,0.4925373134328358,0.004908317486716267,0.85,80,0.8703703703703703,54,-0.09552529182879377,-0.084468339307049,LOW,strong,0.08335208380209502
NY_AM,strong_and_persistent,30,10,0.25,501,0.7584830339321357,0.08325519631821687,1.0,0.01703818950470492,188,0.7340425531914894,0.07900379350156683,1.0,0.009061512132760166,128,0.78125,0.13076456310679607,1.0,0.011367691892338824,0.7692307692307693,78,0.8,50,0.10386111942532184,0.17419354838709677,HIGH,strong,0.08325519631821687
NY_AM,vol_expansion_high,30,30,0.25,821,0.9878197320341048,0.08226877925862841,0.8855054811205847,0.011658681701595331,214,0.985981308411215,0.07900456422516855,0.9158878504672897,0.005850119783361071,149,0.9932885906040269,0.09037596924480351,0.9261744966442953,0.007165126492252995,0.9885057471264368,87,1.0,62,0.07799991055056132,0.10967741935483866,HIGH,strong,0.08226877925862841
NY_AM,weak_dir_move,30,10,0.25,797,0.5934755332496863,-0.08175230436423253,0.033877038895859475,0.019344612900682137,286,0.5699300699300699,-0.08510868975985264,0.02097902097902098,0.010654324302538258,135,0.5333333333333333,-0.1171521035598706,0.05925925925925926,0.016142787197723284,0.5853658536585366,82,0.4528301886792453,53,-0.08000379614691089,-0.17297626293365798,LOW,strong,0.08175230436423253
NY_AM,slow_move,30,10,0.25,797,0.5934755332496863,-0.08175230436423253,0.033877038895859475,0.019344612900682137,286,0.5699300699300699,-0.08510868975985264,0.02097902097902098,0.010654324302538258,135,0.5333333333333333,-0.1171521035598706,0.05925925925925926,0.016142787197723284,0.5853658536585366,82,0.4528301886792453,53,-0.08000379614691089,-0.17297626293365798,LOW,strong,0.08175230436423253
NY_AM,quiet_wait,30,45,0.25,471,0.8641188959660298,-0.08161432690058168,0.03397027600849257,0.010351868086178675,193,0.8497409326424871,-0.09211953247379201,0.0051813471502590676,0.006129139499132282,83,0.8313253012048193,-0.11042227161071472,0.024096385542168676,0.008868249316851552,0.8695652173913043,46,0.7837837837837838,37,-0.079851125021147,-0.1452484742807324,LOW,strong,0.08161432690058168
NY_AM,strong_dir_move,30,20,0.25,821,0.928136419001218,0.08140899563750637,1.0,0.012316189303424924,249,0.9196787148594378,0.09022135051835245,1.0,0.006233170816485704,149,0.87248322147651,0.08607545448621878,1.0,0.008818071635970134,0.8478260869565217,92,0.9122807017543859,57,0.06961597022500421,0.11228070175438587,HIGH,strong,0.08140899563750637
NY_AM,fast_move,30,20,0.25,821,0.928136419001218,0.08140899563750637,1.0,0.012316189303424924,249,0.9196787148594378,0.09022135051835245,1.0,0.006233170816485704,149,0.87248322147651,0.08607545448621878,1.0,0.008818071635970134,0.8478260869565217,92,0.9122807017543859,57,0.06961597022500421,0.11228070175438587,HIGH,strong,0.08140899563750637
NY_AM,vol_expansion_low,30,45,0.25,797,0.8644918444165621,-0.0812413784500493,0.42910915934755334,0.009953655812176242,300,0.8633333333333333,-0.07852713178294579,0.36,0.00616219565226505,129,0.8217054263565892,-0.12004214645894484,0.37209302325581395,0.007785097283688887,0.8441558441558441,77,0.7884615384615384,52,-0.10526049825660722,-0.14057071960297773,LOW,strong,0.0812413784500493
NY_AM,quiet_wait,60,45,0.25,477,0.8322851153039832,-0.08075836295688632,0.1509433962264151,0.01356174610856119,160,0.7875,-0.11560077519379852,0.15625,0.007664905447684979,92,0.7391304347826086,-0.14193752638243995,0.13043478260869565,0.00888065123901807,0.7358490566037735,53,0.7435897435897436,39,-0.12796417296821094,-0.1660876757650951,LOW,strong,0.08075836295688632
NY_AM,strong_dir_move,60,20,0.25,821,0.8380024360535931,0.0806525395732619,1.0,0.015548699505047614,255,0.8470588235294118,0.09770481836145306,1.0,0.0082711150527165,158,0.8607594936708861,0.1253226004670026,1.0,0.008163728902606603,0.8043478260869565,92,0.9393939393939394,66,0.08061241752664527,0.18455522971652005,HIGH,strong,0.0806525395732619
NY_AM,fast_move,60,20,0.25,821,0.8380024360535931,0.0806525395732619,1.0,0.015548699505047614,255,0.8470588235294118,0.09770481836145306,1.0,0.0082711150527165,158,0.8607594936708861,0.1253226004670026,1.0,0.008163728902606603,0.8043478260869565,92,0.9393939393939394,66,0.08061241752664527,0.18455522971652005,HIGH,strong,0.0806525395732619
NY_PM,high_local_vol,90,45,0.25,794,0.760705289672544,0.2637018650150098,0.5667506297229219,0.014992287370741236,289,0.7231833910034602,0.20644978993250973,0.6089965397923875,0.006952756040108404,137,0.7153284671532847,0.2871168802515215,0.5620437956204379,0.00696709977855707,0.7578947368421053,95,0.6190476190476191,42,0.28016194331983807,0.2723809523809524,HIGH,strong,0.2637018650150098
NY_PM,high_local_vol,60,45,0.25,795,0.7119496855345911,0.24813812236542626,0.4817610062893082,0.016196815870179716,271,0.7527675276752768,0.22398573383324194,0.5498154981549815,0.007764664936348061,140,0.7214285714285714,0.28314141777617846,0.45,0.006627489600648801,0.711340206185567,97,0.7441860465116279,43,0.24575316165115407,0.3508527131782946,HIGH,strong,0.24813812236542626
NY_PM,high_local_vol,30,45,0.25,795,0.690566037735849,0.2476905563494562,0.3559748427672956,0.014262719741740358,277,0.776173285198556,0.2527462436992254,0.36823104693140796,0.006593346238958185,150,0.66,0.2368261964735517,0.32666666666666666,0.007012675426411169,0.6923076923076923,104,0.5869565217391305,46,0.21457489878542507,0.2536231884057972,HIGH,strong,0.2476905563494562
NY_PM,high_local_vol,90,30,0.25,794,0.5856423173803527,0.24274848176391428,0.5667506297229219,0.01906777640713294,289,0.5709342560553633,0.20681109675148113,0.6089965397923875,0.008886633713678675,137,0.583941605839416,0.26656125319457974,0.5620437956204379,0.00886112567269848,0.6210526315789474,95,0.5,42,0.27287449392712554,0.23333333333333334,HIGH,strong,0.24274848176391428
NY_PM,high_local_vol,120,45,0.25,794,0.7518891687657431,0.23647820986163348,0.6183879093198993,0.015191922052251387,284,0.7147887323943662,0.2275062692082886,0.6443661971830986,0.008337266480201935,134,0.6044776119402985,0.22412496710402646,0.6567164179104478,0.009179856759131605,0.6666666666666666,93,0.4634146341463415,41,0.24966261808367068,0.14341463414634148,HIGH,strong,0.23647820986163348
NY_PM,high_local_vol,120,30,0.25,794,0.6209068010075567,0.23392049963769368,0.6183879093198993,0.017885163574358376,284,0.5915492957746479,0.2207326960423855,0.6443661971830986,0.00977026792397863,134,0.5298507462686567,0.23262152712507989,0.6567164179104478,0.011221329181955345,0.5913978494623656,93,0.3902439024390244,41,0.255365460798398,0.15691056910569107,HIGH,strong,0.23392049963769368
NY_PM,high_local_vol,60,30,0.25,795,0.5471698113207547,0.22468587127792816,0.4817610062893082,0.019994028541219865,271,0.6051660516605166,0.23301076384257818,0.5498154981549815,0.00942518629334306,140,0.5571428571428572,0.2397625044980209,0.45,0.008185252637705696,0.5670103092783505,97,0.5348837209302325,43,0.22288075462248008,0.2615503875968992,HIGH,strong,0.22468587127792816
NY_PM,high_local_vol,15,45,0.25,803,0.6986301369863014,0.22320640817274207,0.22914072229140722,0.015615900800417989,284,0.7605633802816901,0.2479471784224604,0.22887323943661972,0.007800212586907087,144,0.6944444444444444,0.2494444444444444,0.19444444444444445,0.007183560289523295,0.7272727272727273,99,0.6222222222222222,45,0.2552727272727273,0.2222222222222222,HIGH,strong,0.22320640817274207
NY_PM,high_local_vol,30,30,0.25,795,0.519496855345912,0.22167914032665648,0.3559748427672956,0.017507670936267757,277,0.5992779783393501,0.2472030118065523,0.36823104693140796,0.008309225497104385,150,0.52,0.22025188916876576,0.32666666666666666,0.00858019120239346,0.5673076923076923,104,0.41304347826086957,46,0.21912955465587042,0.19304347826086957,HIGH,strong,0.22167914032665648
NY_PM,vol_expansion_high,90,45,0.25,794,0.716624685138539,0.21962126048100483,0.760705289672544,0.013189385205055706,295,0.6983050847457627,0.18157148367481224,0.7457627118644068,0.006605490252816591,142,0.6690140845070423,0.24080249760527905,0.7253521126760564,0.006825366142816397,0.7216494845360825,97,0.5555555555555556,45,0.24391669101381525,0.2088888888888889,HIGH,strong,0.21962126048100483
NY_PM,vol_expansion_high,120,30,0.25,794,0.6020151133501259,0.2150288119802629,0.7959697732997482,0.01605553900246365,297,0.569023569023569,0.1982069692913066,0.8047138047138047,0.0100745622886547,137,0.5328467153284672,0.23561749618489036,0.7664233576642335,0.010181588299990904,0.6082474226804123,97,0.35,40,0.2722150340164447,0.11666666666666664,HIGH,strong,0.2150288119802629
NY_PM,low_local_vol,15,45,0.25,874,0.2608695652173913,-0.21455416359616802,0.009153318077803204,0.014648844747073515,237,0.24472573839662448,-0.26789046346260525,0.008438818565400843,0.007645466801172672,160,0.23125,-0.21375,0.025,0.007357493047618244,0.19767441860465115,86,0.2702702702702703,74,-0.2743255813953488,-0.12972972972972974,LOW,strong,0.21455416359616802
NY_PM,quiet_wait,60,45,0.25,480,0.25,-0.2138115631691649,0.0,0.018051124831384536,126,0.2777777777777778,-0.25100401606425704,0.0,0.008272188241526366,84,0.2619047619047619,-0.17638239174763104,0.0,0.008477050964162814,0.3111111111111111,45,0.20512820512820512,39,-0.15447593342330185,-0.1882051282051282,LOW,strong,0.2138115631691649
NY_PM,vol_expansion_low,60,45,0.25,771,0.2503242542153048,-0.2134873089538601,0.010376134889753566,0.017107414021981116,212,0.2971698113207547,-0.23161198252128012,0.02358490566037736,0.008150891391343732,137,0.24087591240875914,-0.19741124124363382,0.0,0.007752846765326872,0.2948717948717949,78,0.1694915254237288,59,-0.17071524966261808,-0.2238418079096045,LOW,strong,0.2134873089538601
NY_PM,fast_and_expanded,120,30,0.25,562,0.599644128113879,0.212657826744016,1.0,0.015524809629211144,220,0.5681818181818182,0.19736521844955585,1.0,0.009856116724387007,94,0.5425531914893617,0.24532397234578485,1.0,0.01057735371194557,0.6029411764705882,68,0.38461538461538464,26,0.2669087878066206,0.1512820512820513,HIGH,strong,0.212657826744016
NY_PM,vol_expansion_low,90,45,0.25,771,0.2853437094682231,-0.21165971518931115,0.055771725032425425,0.015965548411517545,188,0.2978723404255319,-0.21886126064541855,0.015957446808510637,0.0076375323775223665,141,0.18439716312056736,-0.24381442378119583,0.0851063829787234,0.008833417595881203,0.20253164556962025,79,0.16129032258064516,62,-0.27520114795264694,-0.18537634408602152,LOW,strong,0.21165971518931115
NY_PM,fast_and_expanded,120,45,0.25,562,0.7259786476868327,0.21056768878272314,1.0,0.013029876134418207,220,0.6772727272727272,0.1899902640866496,1.0,0.008152707719354505,94,0.6276595744680851,0.24730692963181305,1.0,0.008728355138318069,0.6911764705882353,68,0.46153846153846156,26,0.27417242200523934,0.14153846153846156,HIGH,strong,0.21056768878272314
NY_PM,fast_and_expanded,90,45,0.25,561,0.7058823529411765,0.2088789282836423,1.0,0.013048578611473766,201,0.6965174129353234,0.17978381186437298,1.0,0.00626502355960008,98,0.6836734693877551,0.2554618824859919,1.0,0.006786851214814668,0.7352941176470589,68,0.5666666666666667,30,0.25756132412479166,0.21999999999999997,HIGH,strong,0.2088789282836423
NY_PM,fast_and_expanded,60,45,0.25,551,0.6715063520871143,0.2076947889179494,0.969147005444646,0.014179126432047095,213,0.7183098591549296,0.1895280653128948,0.9530516431924883,0.007910050128407974,91,0.6813186813186813,0.24303152766628838,0.9560439560439561,0.0069424067263721195,0.696969696969697,66,0.64,25,0.23138265243528405,0.2466666666666667,HIGH,strong,0.2076947889179494
NY_PM,vol_expansion_high,120,45,0.25,794,0.7229219143576826,0.207510955453573,0.7959697732997482,0.013547844041250558,297,0.6767676767676768,0.18948521358159914,0.8047138047138047,0.008473019897839768,137,0.6423357664233577,0.26198312158708564,0.7664233576642335,0.008257269242466354,0.7010309278350515,97,0.5,40,0.28402687925205555,0.18,HIGH,strong,0.207510955453573
NY_PM,high_local_vol,120,20,0.25,794,0.47732997481108314,0.20549778303026123,0.6183879093198993,0.022075669429138946,284,0.4119718309859155,0.17234666364990478,0.6443661971830986,0.012318272212119952,134,0.43283582089552236,0.20361667731869618,0.6567164179104478,0.013562104038395655,0.4838709677419355,93,0.3170731707317073,41,0.2247616560010448,0.13707317073170733,HIGH,strong,0.20549778303026123
NY_PM,vol_expansion_high,60,45,0.25,794,0.6687657430730478,0.20495417990388293,0.672544080604534,0.014232499474728879,296,0.706081081081081,0.1772992872390462,0.6858108108108109,0.007697707883474606,142,0.6619718309859155,0.22368467733352254,0.6126760563380281,0.007477977136361337,0.6875,96,0.6086956521739131,46,0.22191295546558704,0.21536231884057977,HIGH,strong,0.20495417990388293
NY_PM,low_local_vol,30,45,0.25,911,0.23929747530186607,-0.20357800608452675,0.07793633369923161,0.014937545655660286,249,0.3172690763052209,-0.20615796519410973,0.04417670682730924,0.007588896804624617,164,0.21341463414634146,-0.20975916938010689,0.07926829268292683,0.007687399569451755,0.24444444444444444,90,0.17567567567567569,74,-0.23328834907782278,-0.15765765765765763,LOW,strong,0.20357800608452675
NY_PM,vol_expansion_high,90,30,0.25,794,0.5440806045340051,0.2011867689175667,0.760705289672544,0.0167857594547366,295,0.5423728813559322,0.17824972205205003,0.7457627118644068,0.008369820054698222,142,0.5140845070422535,0.19670415439741723,0.7253521126760564,0.008634599023915985,0.5567010309278351,97,0.4222222222222222,45,0.2085228932760132,0.15555555555555556,HIGH,strong,0.2011867689175667
NY_PM,low_local_vol,60,45,0.25,1008,0.2648809523809524,-0.1989306107882125,0.1884920634920635,0.015787286170694328,268,0.2835820895522388,-0.24519970428979604,0.17537313432835822,0.008061148628347795,173,0.24855491329479767,-0.18973224035759528,0.13872832369942195,0.008067432627259986,0.27835051546391754,97,0.21052631578947367,76,-0.18723652907049543,-0.18280701754385964,LOW,strong,0.1989306107882125
NY_PM,high_local_vol,90,20,0.25,794,0.41309823677581864,0.1973448121182844,0.5667506297229219,0.023921685897286177,289,0.3633217993079585,0.15582514602817268,0.6089965397923875,0.011679284055689108,137,0.45985401459854014,0.2583426795859457,0.5620437956204379,0.011035233267397073,0.4842105263157895,95,0.40476190476190477,42,0.26153846153846155,0.2380952380952381,HIGH,strong,0.1973448121182844
NY_PM,quiet_wait,90,45,0.25,466,0.30042918454935624,-0.19657424010817798,0.0,0.015367866213610198,123,0.3089430894308943,-0.20779051164005613,0.0,0.008106377349433204,79,0.189873417721519,-0.2383381691802442,0.0,0.008368157365513385,0.1951219512195122,41,0.18421052631578946,38,-0.282610842302755,-0.16245614035087722,LOW,strong,0.19657424010817798
NY_PM,low_local_vol,90,45,0.25,1043,0.30393096836049854,-0.19307245629703568,0.2722914669223394,0.013738092605510697,279,0.3154121863799283,-0.20132141469102216,0.24731182795698925,0.007512463071004853,189,0.2275132275132275,-0.2006983593885357,0.26455026455026454,0.00881090098778203,0.26851851851851855,108,0.1728395061728395,81,-0.20921427500374867,-0.17382716049382718,LOW,strong,0.19307245629703568
NY_PM,low_local_vol,120,45,0.25,1065,0.32300469483568073,-0.19240626406842887,0.3314553990610329,0.013756717266432227,281,0.25622775800711745,-0.2310547051789602,0.3736654804270463,0.008164700275253858,195,0.23076923076923078,-0.14958341406704123,0.3076923076923077,0.010273624107767183,0.22935779816513763,109,0.23255813953488372,86,-0.18764625041785832,-0.08744186046511629,LOW,strong,0.19240626406842887
NY_PM,vol_expansion_low,120,45,0.25,771,0.32555123216601817,-0.18985972673809143,0.0907911802853437,0.014072222406374736,192,0.2552083333333333,-0.23207412985274434,0.125,0.007913949403088613,145,0.16551724137931034,-0.21483540345696167,0.1310344827586207,0.011755241301932654,0.1375,80,0.2,65,-0.27950404858299593,-0.12,LOW,strong,0.18985972673809143
NY_PM,fast_and_expanded,60,30,0.25,551,0.5117967332123412,0.18931279316951466,0.969147005444646,0.017064254768014354,213,0.5586854460093896,0.1865301581914512,0.9530516431924883,0.009489120047591774,91,0.5494505494505495,0.23207019680571322,0.9560439560439561,0.008171168790902494,0.5757575757575758,66,0.48,25,0.23162802110170538,0.20666666666666667,HIGH,strong,0.18931279316951466
NY_PM,fast_and_expanded,120,20,0.25,562,0.4608540925266904,0.1890219007458685,1.0,0.01892802787320105,220,0.39545454545454545,0.15582937811853473,1.0,0.01196367247630962,94,0.43617021276595747,0.20695106918913128,1.0,0.012444254828959283,0.4852941176470588,68,0.3076923076923077,26,0.22618480590616813,0.12769230769230772,HIGH,strong,0.1890219007458685
NY_PM,quiet_wait,120,30,0.25,467,0.19914346895074947,-0.18784283241911354,0.0,0.01739592801255263,123,0.13821138211382114,-0.23260521761844125,0.0,0.009389700072844676,80,0.075,-0.2222292191435768,0.0,0.014512677187347129,0.07142857142857142,42,0.07894736842105263,38,-0.26460381723539617,-0.1543859649122807,LOW,strong,0.18784283241911354
NY_PM,vol_expansion_low,120,30,0.25,771,0.19974059662775617,-0.18724570474210683,0.0907911802853437,0.017045914721271167,192,0.15625,-0.2145665997322624,0.125,0.00955845146985295,145,0.10344827586206896,-0.19378094328150786,0.1310344827586207,0.013808751472133616,0.1,80,0.1076923076923077,65,-0.2360323886639676,-0.12564102564102564,LOW,strong,0.18724570474210683
NY_PM,quiet_wait,60,30,0.25,480,0.13541666666666666,-0.1870672733761599,0.0,0.02245341024301386,126,0.16666666666666666,-0.20548862115127178,0.0,0.010163819780605172,84,0.2261904761904762,-0.09118987645436008,0.0,0.009524087041417358,0.28888888888888886,45,0.15384615384615385,39,-0.055240665766981556,-0.11948717948717946,LOW,strong,0.1870672733761599
NY_PM,vol_expansion_high,120,20,0.25,794,0.45843828715365237,0.18660609537283046,0.7959697732997482,0.019354253020166974,297,0.3939393939393939,0.1543142266033832,0.8047138047138047,0.012349631752182235,137,0.4306569343065693,0.20143779072974313,0.7664233576642335,0.011948789537257498,0.5051546391752577,97,0.25,40,0.24604532743436702,0.07,HIGH,strong,0.18660609537283046
NY_PM,fast_and_expanded,90,30,0.25,561,0.5294117647058824,0.18651792908944398,1.0,0.01679795424550174,201,0.527363184079602,0.16324002477571986,1.0,0.008023415915644117,98,0.5612244897959183,0.24384413715108205,1.0,0.00801912609204091,0.5882352941176471,68,0.5,30,0.2400571564658252,0.23333333333333334,HIGH,strong,0.18651792908944398
NY_PM,quiet_wait,120,45,0.25,467,0.3297644539614561,-0.1856465049426535,0.0,0.014078861094789907,123,0.21951219512195122,-0.2677702680641264,0.0,0.007726489939681892,80,0.175,-0.20535264483627202,0.0,0.012323084039626874,0.14285714285714285,42,0.21052631578947367,38,-0.2741469057258531,-0.10947368421052633,LOW,strong,0.1856465049426535
NY_PM,high_local_vol,15,30,0.25,803,0.5292652552926526,0.1856211874960424,0.22914072229140722,0.019243935731440412,284,0.5598591549295775,0.20527748162280457,0.22887323943661972,0.009991339045043904,144,0.5555555555555556,0.2080555555555556,0.19444444444444445,0.008898653500289035,0.5252525252525253,99,0.6222222222222222,45,0.1932525252525253,0.24888888888888888,HIGH,strong,0.1856211874960424
NY_PM,quiet_wait,30,45,0.25,474,0.25738396624472576,-0.18549151514166706,0.0,0.015975478562212216,121,0.33884297520661155,-0.18458406629271906,0.0,0.0071525942942041966,79,0.20253164556962025,-0.2206421579568281,0.0,0.009832475136002003,0.22,50,0.1724137931034483,29,-0.2577327935222672,-0.16091954022988503,LOW,strong,0.18549151514166706
NY_PM,vol_expansion_high,30,45,0.25,795,0.6276729559748427,0.18479747458844992,0.5371069182389937,0.014658304113799125,274,0.6934306569343066,0.170003615434976,0.5328467153284672,0.006630035194550356,134,0.5746268656716418,0.15145306214519344,0.5149253731343284,0.007300705782391769,0.6153846153846154,91,0.4883720930232558,43,0.1376518218623482,0.15503875968992248,HIGH,strong,0.18479747458844992
NY_PM,low_local_vol,60,30,0.25,1008,0.14285714285714285,-0.1796267971856837,0.1884920634920635,0.01958255371863952,268,0.15298507462686567,-0.21917021319107277,0.17537313432835822,0.00982130593295926,173,0.16184971098265896,-0.1555306416621773,0.13872832369942195,0.009361726921215145,0.17525773195876287,97,0.14473684210526316,76,-0.16887182269710754,-0.12859649122807015,LOW,strong,0.1796267971856837
NY_PM,high_local_vol,120,15,0.25,794,0.3879093198992443,0.17900521031020322,0.6183879093198993,0.02597348357080121,284,0.3415492957746479,0.14610083526594642,0.6443661971830986,0.013812007762324056,134,0.34328358208955223,0.16192338057821723,0.6567164179104478,0.01556059626465921,0.3655913978494624,93,0.2926829268292683,41,0.16316224805189153,0.1460162601626016,HIGH,strong,0.17900521031020322
NY_PM,vol_expansion_high,15,45,0.25,803,0.6525529265255293,0.17712919771197,0.2901618929016189,0.01422856012598103,285,0.6842105263157895,0.17159432445655975,0.2912280701754386,0.008065703761086196,131,0.6183206106870229,0.17332061068702292,0.2900763358778626,0.007044380362020535,0.6704545454545454,88,0.5116279069767442,43,0.19845454545454544,0.11162790697674418,HIGH,strong,0.17712919771197
NY_PM,low_local_vol,120,30,0.25,1065,0.2112676056338028,-0.1757186957360602,0.3314553990610329,0.01673029652324981,281,0.1601423487544484,-0.21067425097781398,0.3736654804270463,0.010048067690869668,195,0.15384615384615385,-0.14338306529742295,0.3076923076923077,0.012170176771194183,0.1559633027522936,109,0.1511627906976744,86,-0.18006908591167403,-0.08217054263565893,LOW,strong,0.1757186957360602
NY_PM,vol_expansion_high,60,30,0.25,794,0.49748110831234255,0.174997168269516,0.672544080604534,0.017553801439865718,296,0.5371621621621622,0.16500687434422373,0.6858108108108109,0.009217134125752941,142,0.5140845070422535,0.19670415439741723,0.6126760563380281,0.009134291833973567,0.5625,96,0.41304347826086957,46,0.21837044534412958,0.13971014492753625,HIGH,strong,0.174997168269516
NY_PM,quiet_wait,15,45,0.25,467,0.3019271948608137,-0.1734965339527456,0.0,0.014985529220943315,134,0.35074626865671643,-0.1618699332025133,0.0,0.007098833648300365,72,0.2361111111111111,-0.2088888888888889,0.0,0.008610999715707434,0.23076923076923078,39,0.24242424242424243,33,-0.2412307692307692,-0.1575757575757576,LOW,strong,0.1734965339527456
NY_PM,high_local_vol,60,20,0.25,795,0.3836477987421384,0.17336942615113196,0.4817610062893082,0.02469249798185707,271,0.42435424354243545,0.18874514046345287,0.5498154981549815,0.011958828191949168,140,0.4142857142857143,0.19010435408420298,0.45,0.009988453531079996,0.422680412371134,97,0.3953488372093023,43,0.179765432614049,0.20201550387596898,HIGH,strong,0.17336942615113196
NY_PM,vol_expansion_low,60,30,0.25,771,0.14915693904020752,-0.17332700100261902,0.010376134889753566,0.02136091516474271,212,0.1650943396226415,-0.20706094819529694,0.02358490566037736,0.009991843365629176,137,0.16058394160583941,-0.15679641103899686,0.0,0.008947480228804459,0.19230769230769232,78,0.11864406779661017,59,-0.1518218623481781,-0.15468926553672313,LOW,strong,0.17332700100261902
NY_PM,low_local_vol,15,30,0.25,874,0.17048054919908467,-0.1731635185975255,0.009153318077803204,0.018084781548783253,237,0.14767932489451477,-0.20690234841225816,0.008438818565400843,0.009382633034603316,160,0.1875,-0.15999999999999998,0.025,0.008813457099437974,0.13953488372093023,86,0.24324324324324326,74,-0.1924651162790698,-0.1300900900900901,LOW,strong,0.1731635185975255
NY_PM,fast_and_expanded,30,45,0.25,575,0.6156521739130435,0.17277669252665068,0.7426086956521739,0.014484324550043653,190,0.6894736842105263,0.16604664271119574,0.7684210526315789,0.006493208283364388,90,0.6,0.17682619647355163,0.7666666666666667,0.00716602512815352,0.6825396825396826,63,0.4074074074074074,27,0.20480688901741534,0.07407407407407407,HIGH,strong,0.17277669252665068
NY_PM,fast_and_expanded,120,15,0.25,562,0.3807829181494662,0.1718788085604251,1.0,0.021750778543352233,220,0.32727272727272727,0.1318242667640258,1.0,0.013549600150199041,94,0.32978723404255317,0.14842703253121817,1.0,0.014662120399806553,0.36764705882352944,68,0.23076923076923078,26,0.1652179090259586,0.08410256410256411,HIGH,strong,0.1718788085604251
NY_PM,vol_expansion_low,30,45,0.25,771,0.2723735408560311,-0.17050194053036172,0.0,0.015581996534183813,213,0.3474178403755869,-0.17600920112374374,0.0,0.007310791974396095,129,0.24031007751937986,-0.1828637260070685,0.0,0.008906122146756809,0.2702702702702703,74,0.2,55,-0.20746252325199693,-0.1333333333333333,LOW,strong,0.17050194053036172
NY_PM,low_local_vol,90,30,0.25,1043,0.1725790987535954,-0.17031473686284299,0.2722914669223394,0.017986671855000153,279,0.16487455197132617,-0.199248607332556,0.24731182795698925,0.009694245464133435,189,0.13756613756613756,-0.1798142150786987,0.26455026455026454,0.010416895816282594,0.1574074074074074,108,0.1111111111111111,81,-0.19077073024441446,-0.15555555555555556,LOW,strong,0.17031473686284299
NY_PM,vol_expansion_high,90,20,0.25,794,0.38287153652392947,0.16711811186639522,0.760705289672544,0.020328533521439447,295,0.3423728813559322,0.13487622807614638,0.7457627118644068,0.011030577734151954,142,0.38028169014084506,0.1787703551282506,0.7253521126760564,0.01085390455549834,0.4020618556701031,97,0.3333333333333333,45,0.17938979089277518,0.16666666666666666,HIGH,strong,0.16711811186639522
NY_PM,vol_expansion_low,15,45,0.25,779,0.30937098844672656,-0.16605274036683276,0.0,0.014822875553349846,237,0.3037974683544304,-0.20881873350479935,0.0,0.0076832299361342124,125,0.216,-0.229,0.0,0.008477324469596564,0.22857142857142856,70,0.2,55,-0.2434285714285714,-0.2,LOW,strong,0.16605274036683276
NY_PM,vol_expansion_high,120,15,0.25,794,0.37405541561712846,0.16515130602808736,0.7959697732997482,0.022304886567743636,297,0.3265993265993266,0.13115086609062515,0.8047138047138047,0.013775892690377668,137,0.35036496350364965,0.16900476199231465,0.7664233576642335,0.014090407488857646,0.41237113402061853,97,0.2,40,0.2099419842230477,0.053333333333333344,HIGH,strong,0.16515130602808736
NY_PM,low_local_vol,30,30,0.25,911,0.132821075740944,-0.16499663927831146,0.07793633369923161,0.018735130099401465,249,0.17670682730923695,-0.1753681392235609,0.04417670682730924,0.009791045457479833,164,0.10975609756097561,-0.18999201327025866,0.07926829268292683,0.009023975150784385,0.1,90,0.12162162162162163,74,-0.24817813765182187,-0.09837837837837837,LOW,strong,0.16499663927831146
NY_PM,vol_expansion_low,90,30,0.25,771,0.17898832684824903,-0.16390550876818935,0.055771725032425425,0.020558261271006815,188,0.14893617021276595,-0.21518698909111622,0.015957446808510637,0.009814955013908744,141,0.1276595744680851,-0.18972077817675118,0.0851063829787234,0.01037587675669914,0.12658227848101267,79,0.12903225806451613,62,-0.2215958591708092,-0.13763440860215054,LOW,strong,0.16390550876818935
NY_PM,fast_and_expanded,15,45,0.25,576,0.6388888888888888,0.16346516007532952,0.4045138888888889,0.013926959489116751,206,0.6601941747572816,0.14757797289805186,0.4029126213592233,0.008545180369615154,92,0.6086956521739131,0.16369565217391308,0.41304347826086957,0.00684580151027985,0.6721311475409836,61,0.4838709677419355,31,0.2001311475409836,0.08387096774193548,HIGH,strong,0.16346516007532952
NY_PM,fast_and_expanded,60,20,0.25,551,0.3720508166969147,0.16177244410590827,0.969147005444646,0.02101273550398081,213,0.39436619718309857,0.15875709410411598,0.9530516431924883,0.012217610350103712,91,0.43956043956043955,0.21537907935892822,0.9560439560439561,0.009573423131657939,0.45454545454545453,66,0.4,25,0.21163047478836952,0.2066666666666667,HIGH,strong,0.16177244410590827
NY_PM,high_local_vol,15,20,0.25,803,0.39227895392278955,0.16134675053295905,0.22914072229140722,0.02303800875671331,284,0.39436619718309857,0.16461852122028317,0.22887323943661972,0.012704593777648846,144,0.4444444444444444,0.20444444444444443,0.19444444444444445,0.010586405841585163,0.42424242424242425,99,0.4888888888888889,45,0.18424242424242426,0.24888888888888888,HIGH,strong,0.16134675053295905
NY_PM,high_local_vol,90,15,0.25,794,0.3035264483627204,0.15755042096546015,0.5667506297229219,0.02751410835581923,289,0.24567474048442905,0.10511249148844512,0.6089965397923875,0.013464619108840926,137,0.39416058394160586,0.225394840868558,0.5620437956204379,0.012691751878548619,0.42105263157894735,95,0.3333333333333333,42,0.23481781376518215,0.1933333333333333,HIGH,strong,0.15755042096546015
NY_PM,quiet_wait,90,30,0.25,466,0.18669527896995708,-0.1561985566464813,0.0,0.02029087258725744,123,0.15447154471544716,-0.209651614588435,0.0,0.010551504198999997,79,0.13924050632911392,-0.17813984631572236,0.0,0.009662915243167989,0.14634146341463414,41,0.13157894736842105,38,-0.20183667423718774,-0.13508771929824562,LOW,strong,0.1561985566464813
NY_PM,vol_expansion_low,120,20,0.25,771,0.11673151750972763,-0.15510067427109428,0.0907911802853437,0.021358217936953368,192,0.109375,-0.13025016733601072,0.125,0.011714683025656092,145,0.04827586206896552,-0.18094328150786065,0.1310344827586207,0.01580306977869522,0.025,80,0.07692307692307693,65,-0.2341093117408907,-0.10307692307692307,LOW,strong,0.15510067427109428
NY_PM,vol_expansion_high,15,30,0.25,803,0.49813200498132004,0.15448793718470988,0.2901618929016189,0.017498881895162657,285,0.5298245614035088,0.17524288809673583,0.2912280701754386,0.00988499878496947,131,0.5114503816793893,0.1639503816793893,0.2900763358778626,0.008686258860420215,0.5227272727272727,88,0.4883720930232558,43,0.1907272727272727,0.11503875968992244,HIGH,strong,0.15448793718470988
NY_PM,fast_and_expanded,90,20,0.25,561,0.3689839572192513,0.15323053256171706,1.0,0.020729199770129377,201,0.31840796019900497,0.11091130691921916,1.0,0.010254964661217296,98,0.41836734693877553,0.21685601192618106,1.0,0.010094217906238899,0.39705882352941174,68,0.4666666666666667,30,0.17438675875208381,0.30000000000000004,HIGH,strong,0.15323053256171706
NY_PM,fast_and_expanded,30,30,0.25,575,0.4504347826086956,0.15261706758944016,0.7426086956521739,0.01770705372639952,190,0.48947368421052634,0.1373987176777285,0.7684210526315789,0.008231751492378538,90,0.5,0.20025188916876574,0.7666666666666667,0.008905862450860594,0.5714285714285714,63,0.3333333333333333,27,0.22325043377674952,0.11333333333333331,HIGH,strong,0.15261706758944016
NY_PM,quiet_wait,120,20,0.25,467,0.11991434689507495,-0.15191784488574694,0.0,0.021936290379992465,123,0.08943089430894309,-0.15019427302706762,0.0,0.01126023993136685,80,0.025,-0.2042191435768262,0.0,0.016777743986823655,0.0,42,0.05263157894736842,38,-0.2591093117408907,-0.12736842105263158,LOW,strong,0.15191784488574694
NY_PM,high_local_vol,30,20,0.25,795,0.34088050314465407,0.15089334011512903,0.3559748427672956,0.021279954384799998,277,0.40794223826714804,0.19375214455898204,0.36823104693140796,0.010080238058185424,150,0.37333333333333335,0.18189756507136862,0.32666666666666666,0.01071480161351737,0.375,104,0.3695652173913043,46,0.17257085020242915,0.19623188405797098,HIGH,strong,0.15089334011512903
NY_PM,vol_expansion_high,30,30,0.25,795,0.4477987421383648,0.14998102711910932,0.5371069182389937,0.01821962496610005,274,0.5,0.14792503346720215,0.5328467153284672,0.00826949162222865,134,0.4552238805970149,0.15547576976578065,0.5149253731343284,0.009322801819748235,0.5164835164835165,91,0.32558139534883723,43,0.16830537883169466,0.10558139534883723,HIGH,strong,0.14998102711910932
NY_PM,low_local_vol,120,20,0.25,1065,0.12582159624413145,-0.14601059553669046,0.3314553990610329,0.020412649547776912,281,0.09608540925266904,-0.14353975808334168,0.3736654804270463,0.012206126703575185,195,0.1076923076923077,-0.12152683588451849,0.3076923076923077,0.01426508775478013,0.10091743119266056,109,0.11627906976744186,86,-0.15819188054823013,-0.06372093023255813,LOW,strong,0.14601059553669046
NY_PM,fast_and_expanded,15,30,0.25,576,0.4895833333333333,0.14593926553672315,0.4045138888888889,0.01724211290383508,206,0.5194174757281553,0.1648358024213824,0.4029126213592233,0.010225929887874843,92,0.4891304347826087,0.14163043478260873,0.41304347826086957,0.00855852313767531,0.5081967213114754,61,0.45161290322580644,31,0.1761967213114754,0.07827956989247309,HIGH,strong,0.14593926553672315
NY_PM,quiet_wait,30,30,0.25,474,0.1540084388185654,-0.14380927620069006,0.0,0.020273630698688587,121,0.21487603305785125,-0.1371989334749466,0.0,0.008950507451991375,79,0.13924050632911392,-0.16050760450212034,0.0,0.01189846618043474,0.14,50,0.13793103448275862,29,-0.20817813765182186,-0.08206896551724138,LOW,strong,0.14380927620069006
NY_PM,vol_expansion_high,60,20,0.25,794,0.3526448362720403,0.14236646368103387,0.672544080604534,0.021321197421825065,296,0.38513513513513514,0.14952603205615256,0.6858108108108109,0.011619897472276871,142,0.39436619718309857,0.17018483698158723,0.6126760563380281,0.010845300609335173,0.4270833333333333,96,0.32608695652173914,46,0.1841683535762483,0.1327536231884058,HIGH,strong,0.14236646368103387
NY_PM,quiet_wait,60,20,0.25,480,0.06875,-0.14152837259100642,0.0,0.028363937499059667,126,0.10317460317460317,-0.13243449990437942,0.0,0.012823795031297507,84,0.11904761904761904,-0.10513374115389229,0.0,0.012476936516403433,0.17777777777777778,45,0.05128205128205128,39,-0.06513720197930722,-0.14205128205128204,LOW,strong,0.14152837259100642
NY_PM,quiet_wait,15,30,0.25,467,0.20556745182012848,-0.1380766159764817,0.0,0.01868770310049941,134,0.2462686567164179,-0.10831301659035503,0.0,0.008447603229240354,72,0.18055555555555555,-0.16694444444444442,0.0,0.009926121448730394,0.15384615384615385,39,0.21212121212121213,33,-0.17815384615384616,-0.16121212121212122,LOW,strong,0.1380766159764817
NY_PM,low_local_vol,15,20,0.25,874,0.09382151029748284,-0.13711069309234766,0.009153318077803204,0.02248115552868133,237,0.05907172995780591,-0.1706759460050095,0.008438818565400843,0.011194931866010756,160,0.075,-0.16499999999999998,0.025,0.01082622972219754,0.06976744186046512,86,0.08108108108108109,74,-0.17023255813953486,-0.1589189189189189,LOW,strong,0.13711069309234766
NY_PM,vol_expansion_low,15,30,0.25,779,0.20667522464698332,-0.13696884314962685,0.0,0.01841148898186876,237,0.20675105485232068,-0.14783061845445225,0.0,0.009225502043250315,125,0.16,-0.18749999999999997,0.0,0.01006972161582987,0.14285714285714285,70,0.18181818181818182,55,-0.18914285714285717,-0.19151515151515153,LOW,strong,0.13696884314962685
NY_PM,strong_dir_move,90,45,0.25,794,0.6322418136020151,0.13523838894448093,1.0,0.013647207325402262,279,0.6236559139784946,0.10692231290754417,1.0,0.0067689534844510586,132,0.5833333333333334,0.15512174643157017,1.0,0.00752858203692387,0.6666666666666666,87,0.4222222222222222,45,0.1889338731443994,0.07555555555555554,HIGH,strong,0.13523838894448093
NY_PM,fast_move,90,45,0.25,794,0.6322418136020151,0.13523838894448093,1.0,0.013647207325402262,279,0.6236559139784946,0.10692231290754417,1.0,0.0067689534844510586,132,0.5833333333333334,0.15512174643157017,1.0,0.00752858203692387,0.6666666666666666,87,0.4222222222222222,45,0.1889338731443994,0.07555555555555554,HIGH,strong,0.13523838894448093
NY_PM,fast_and_expanded,120,10,0.25,562,0.2669039145907473,0.1337703529469117,1.0,0.02720892479626514,220,0.25,0.11479250334672023,1.0,0.015908295881910416,94,0.24468085106382978,0.12377405005627311,1.0,0.016450515686812345,0.2647058823529412,68,0.19230769230769232,26,0.12300547749464158,0.10564102564102565,HIGH,strong,0.1337703529469117
NY_PM,vol_expansion_high,90,15,0.25,794,0.2795969773299748,0.13362094993271453,0.760705289672544,0.02323115963021524,295,0.22372881355932203,0.0831665645633381,0.7457627118644068,0.012949933768530862,142,0.31690140845070425,0.14813566537765638,0.7253521126760564,0.012474381383981223,0.35051546391752575,97,0.24444444444444444,45,0.16428064610376056,0.10444444444444442,HIGH,strong,0.13362094993271453
NY_PM,low_local_vol,60,20,0.25,1008,0.07738095238095238,-0.13289742021005405,0.1884920634920635,0.023901428378989176,268,0.08208955223880597,-0.1535195508401766,0.17537313432835822,0.012015916005574943,173,0.08670520231213873,-0.13747615788937262,0.13872832369942195,0.011719327428549333,0.09278350515463918,97,0.07894736842105263,76,-0.15013147460244583,-0.1143859649122807,LOW,strong,0.13289742021005405
NY_PM,vol_expansion_low,30,30,0.25,771,0.16601815823605706,-0.1317995567831984,0.0,0.01940528428132951,213,0.20187793427230047,-0.15019703226049738,0.0,0.00945819317919598,129,0.13953488372093023,-0.16021322711030403,0.0,0.01073860428177621,0.13513513513513514,74,0.14545454545454545,55,-0.21304300251668673,-0.07454545454545455,LOW,strong,0.1317995567831984
NY_PM,low_local_vol,90,20,0.25,1043,0.08437200383509108,-0.13138142082244317,0.2722914669223394,0.022026787759351556,279,0.07526881720430108,-0.13222783607548472,0.24731182795698925,0.012162188402716111,189,0.031746031746031744,-0.16976530326656272,0.26455026455026454,0.013726964169982866,0.027777777777777776,108,0.037037037037037035,81,-0.19489428699955014,-0.12962962962962962,LOW,strong,0.13138142082244317
NY_PM,vol_expansion_low,60,20,0.25,771,0.07911802853437094,-0.13116034405663549,0.010376134889753566,0.026745645640273236,212,0.08490566037735849,-0.1507034427016241,0.02358490566037736,0.012294892150335182,137,0.08029197080291971,-0.14388938939859164,0.0,0.011613351518120566,0.10256410256410256,78,0.05084745762711865,59,-0.14035087719298245,-0.14248587570621468,LOW,strong,0.13116034405663549
NY_PM,vol_expansion_low,120,15,0.25,771,0.07911802853437094,-0.12978608105467015,0.0907911802853437,0.024690263291234717,192,0.08333333333333333,-0.11211512717536813,0.125,0.013278120388854406,145,0.027586206896551724,-0.15377399461478328,0.1310344827586207,0.01818765845676604,0.0125,80,0.046153846153846156,65,-0.18992914979757083,-0.10051282051282051,LOW,strong,0.12978608105467015
NY_PM,strong_dir_move,120,30,0.25,794,0.5163727959697733,0.12938649459991025,1.0,0.016591494156873367,291,0.4845360824742268,0.11371948274196442,1.0,0.009879945278115036,126,0.4444444444444444,0.1472152253008676,1.0,0.010443209577412634,0.4827586206896552,87,0.358974358974359,39,0.14672623202568758,0.12564102564102564,HIGH,strong,0.12938649459991025
NY_PM,fast_move,120,30,0.25,794,0.5163727959697733,0.12938649459991025,1.0,0.016591494156873367,291,0.4845360824742268,0.11371948274196442,1.0,0.009879945278115036,126,0.4444444444444444,0.1472152253008676,1.0,0.010443209577412634,0.4827586206896552,87,0.358974358974359,39,0.14672623202568758,0.12564102564102564,HIGH,strong,0.12938649459991025
NY_PM,vol_expansion_high,15,20,0.25,803,0.35990037359900373,0.12896817020917323,0.2901618929016189,0.021152258313591066,285,0.35789473684210527,0.12814706087928987,0.2912280701754386,0.012584784301778734,131,0.3969465648854962,0.1569465648854962,0.2900763358778626,0.010498317784669909,0.42045454545454547,88,0.3488372093023256,43,0.18045454545454548,0.1088372093023256,HIGH,strong,0.12896817020917323
NY_PM,quiet_wait,120,15,0.25,467,0.08137044967880086,-0.12753365991024024,0.0,0.025049075248793313,123,0.08130081300813008,-0.11414764750057138,0.0,0.012926813684336453,80,0.0125,-0.168860201511335,0.0,0.018976656312868257,0.0,42,0.02631578947368421,38,-0.20242914979757085,-0.12035087719298246,LOW,strong,0.12753365991024024
NY_PM,strong_and_persistent,60,45,0.25,428,0.5911214953271028,0.1273099321579379,0.9345794392523364,0.011169142746192472,259,0.637065637065637,0.10828384322360218,0.9111969111969112,0.008084016293537758,99,0.5858585858585859,0.1475714322061929,0.9090909090909091,0.006823675068884295,0.6029411764705882,68,0.5483870967741935,31,0.13735413193617524,0.1550537634408602,HIGH,strong,0.1273099321579379
NY_PM,strong_and_persistent,90,45,0.25,447,0.6241610738255033,0.12715764916796912,1.0,0.010777348475916682,252,0.6111111111111112,0.0943775100401607,1.0,0.006834773907849973,125,0.568,0.13978841309823675,1.0,0.0075648738595003396,0.6547619047619048,84,0.3902439024390244,41,0.17702911123963755,0.043577235772357725,HIGH,strong,0.12715764916796912
NY_PM,fast_and_expanded,60,15,0.25,551,0.27404718693284935,0.12715211198638254,0.969147005444646,0.02437915565926892,213,0.28169014084507044,0.11703150630691783,0.9530516431924883,0.013742635118370776,91,0.25274725274725274,0.11672710161375147,0.9560439560439561,0.011555969786505135,0.25757575757575757,66,0.24,25,0.11587535271745797,0.11333333333333331,HIGH,strong,0.12715211198638254
NY_PM,high_local_vol,60,15,0.25,795,0.2729559748427673,0.12606089989630048,0.4817610062893082,0.028665965050984638,271,0.3025830258302583,0.1379243912921057,0.5498154981549815,0.013442346543818534,140,0.25,0.11397984886649873,0.45,0.012171516672990648,0.24742268041237114,97,0.2558139534883721,43,0.10572227555407154,0.12914728682170543,HIGH,strong,0.12606089989630048
NY_PM,fast_and_expanded,15,20,0.25,576,0.3559027777777778,0.12497057438794729,0.4045138888888889,0.02080732557346769,206,0.36893203883495146,0.13918436287213606,0.4029126213592233,0.012945837121859682,92,0.391304347826087,0.15130434782608698,0.41304347826086957,0.009961550560647207,0.4262295081967213,61,0.3225806451612903,31,0.1862295081967213,0.08258064516129032,HIGH,strong,0.12497057438794729
NY_PM,strong_and_persistent,120,30,0.25,411,0.5109489051094891,0.12396260373962609,1.0,0.012398687028194758,255,0.4588235294117647,0.0880069296795023,1.0,0.009942265652885132,110,0.43636363636363634,0.13913441722005954,1.0,0.009778968334505396,0.47368421052631576,76,0.35294117647058826,34,0.13765182186234814,0.11960784313725492,HIGH,strong,0.12396260373962609
NY_PM,vol_expansion_high,120,10,0.25,794,0.25566750629722923,0.12253394465339362,0.7959697732997482,0.027977946036109612,297,0.25925925925925924,0.12405176260597947,0.8047138047138047,0.016476050226764745,137,0.25547445255474455,0.13456765154718786,0.7664233576642335,0.01573039361028306,0.29896907216494845,97,0.15,40,0.15726866730664885,0.06333333333333332,HIGH,strong,0.12253394465339362
NY_PM,strong_dir_move,60,45,0.25,795,0.5861635220125786,0.12235195884341371,0.9182389937106918,0.014417136672973712,295,0.6542372881355932,0.1254554942935584,0.9050847457627119,0.007902449192658903,119,0.6050420168067226,0.1667548631543297,0.907563025210084,0.0069441823038230415,0.6341463414634146,82,0.5405405405405406,37,0.16855929692900168,0.14720720720720726,HIGH,strong,0.12235195884341371
NY_PM,fast_move,60,45,0.25,795,0.5861635220125786,0.12235195884341371,0.9182389937106918,0.014417136672973712,295,0.6542372881355932,0.1254554942935584,0.9050847457627119,0.007902449192658903,119,0.6050420168067226,0.1667548631543297,0.907563025210084,0.0069441823038230415,0.6341463414634146,82,0.5405405405405406,37,0.16855929692900168,0.14720720720720726,HIGH,strong,0.12235195884341371
NY_PM,high_local_vol,120,10,0.25,794,0.2531486146095718,0.12001505296573617,0.6183879093198993,0.032306182867729474,284,0.25704225352112675,0.12183475686784698,0.6443661971830986,0.016603285686374297,134,0.2537313432835821,0.13282454227602541,0.6567164179104478,0.017215237402796697,0.26881720430107525,93,0.21951219512195122,41,0.12711679944277565,0.13284552845528455,HIGH,strong,0.12001505296573617
NY_PM,vol_expansion_low,90,20,0.25,771,0.0959792477302205,-0.11977417692731375,0.055771725032425425,0.025138656932832543,188,0.06914893617021277,-0.13834771710957305,0.015957446808510637,0.011818312275791004,141,0.0425531914893617,-0.15895814352323276,0.0851063829787234,0.013021918392209274,0.05063291139240506,79,0.03225806451612903,62,-0.17203915338492287,-0.13440860215053763,LOW,strong,0.11977417692731375
NY_PM,high_local_vol,30,15,0.25,795,0.25157232704402516,0.1193515311518557,0.3559748427672956,0.02469074525433763,277,0.2851985559566787,0.14329761887501874,0.36823104693140796,0.011698576633071528,150,0.30666666666666664,0.15805205709487824,0.32666666666666666,0.01231975708770207,0.28846153846153844,104,0.34782608695652173,46,0.14271255060728744,0.1944927536231884,HIGH,strong,0.1193515311518557
NY_PM,strong_dir_move,120,45,0.25,794,0.6347607052896725,0.11934974638556295,1.0,0.0137738156419062,291,0.584192439862543,0.09690997667646534,1.0,0.008121500610234167,126,0.5238095238095238,0.14345687897325182,1.0,0.008723523418242255,0.5747126436781609,87,0.41025641025641024,39,0.15770859509516494,0.09025641025641024,HIGH,strong,0.11934974638556295
NY_PM,fast_move,120,45,0.25,794,0.6347607052896725,0.11934974638556295,1.0,0.0137738156419062,291,0.584192439862543,0.09690997667646534,1.0,0.008121500610234167,126,0.5238095238095238,0.14345687897325182,1.0,0.008723523418242255,0.5747126436781609,87,0.41025641025641024,39,0.15770859509516494,0.09025641025641024,HIGH,strong,0.11934974638556295
NY_PM,high_local_vol,15,15,0.25,803,0.2752179327521793,0.11716708529455219,0.22914072229140722,0.0269851589730641,284,0.2746478873239437,0.11926940126816679,0.22887323943661972,0.014799322958588386,144,0.3333333333333333,0.1633333333333333,0.19444444444444445,0.012005412276707327,0.32323232323232326,99,0.35555555555555557,45,0.13923232323232326,0.2088888888888889,HIGH,strong,0.11716708529455219
NY_PM,fast_and_expanded,90,15,0.25,561,0.2620320855614973,0.11605605816423706,1.0,0.023446202001074716,201,0.22885572139303484,0.0882934723970509,1.0,0.012066903215941135,98,0.3469387755102041,0.1781730324371562,1.0,0.011752602384034742,0.3382352941176471,68,0.36666666666666664,30,0.1520004763038819,0.22666666666666663,HIGH,strong,0.11605605816423706
NY_PM,strong_dir_move,90,30,0.25,794,0.45843828715365237,0.11554445153721399,1.0,0.017655158556928206,279,0.46236559139784944,0.09824243209396727,1.0,0.008760245557304504,132,0.4772727272727273,0.15989237462789102,1.0,0.008837130167832469,0.5402298850574713,87,0.35555555555555557,45,0.1920517474056494,0.0888888888888889,HIGH,strong,0.11554445153721399
NY_PM,fast_move,90,30,0.25,794,0.45843828715365237,0.11554445153721399,1.0,0.017655158556928206,279,0.46236559139784944,0.09824243209396727,1.0,0.008760245557304504,132,0.4772727272727273,0.15989237462789102,1.0,0.008837130167832469,0.5402298850574713,87,0.35555555555555557,45,0.1920517474056494,0.0888888888888889,HIGH,strong,0.11554445153721399
NY_PM,low_local_vol,120,15,0.25,1065,0.09389671361502347,-0.11500739597401763,0.3314553990610329,0.023556628432036292,281,0.08185053380782918,-0.11359792670087228,0.3736654804270463,0.013956192078907421,195,0.07179487179487179,-0.10956532971646321,0.3076923076923077,0.01660402504725145,0.07339449541284404,109,0.06976744186046512,86,-0.1290346543847268,-0.07689922480620155,LOW,strong,0.11500739597401763
NY_PM,quiet_wait,15,20,0.25,467,0.11777301927194861,-0.1131591841178819,0.0,0.022963795787631684,134,0.11194029850746269,-0.1178073774553527,0.0,0.010544765396792647,72,0.06944444444444445,-0.17055555555555554,0.0,0.011834169877232946,0.05128205128205128,39,0.09090909090909091,33,-0.18871794871794872,-0.14909090909090908,LOW,strong,0.1131591841178819
NY_PM,strong_and_persistent,120,45,0.25,411,0.6277372262773723,0.11232626737326268,1.0,0.010520516006887916,255,0.5686274509803921,0.08134498779431448,1.0,0.00812897616007733,110,0.5181818181818182,0.13782917334554617,1.0,0.008236236483429523,0.5657894736842105,76,0.4117647058823529,34,0.14878542510121456,0.09176470588235291,HIGH,strong,0.11232626737326268
NY_PM,strong_dir_move,120,20,0.25,794,0.38413098236775817,0.11229879058693626,1.0,0.01987983211129463,291,0.32989690721649484,0.09027173988048412,1.0,0.01199437722764289,126,0.35714285714285715,0.12792371356603097,1.0,0.01255875573215335,0.39080459770114945,87,0.28205128205128205,39,0.13169528596025876,0.10205128205128206,HIGH,strong,0.11229879058693626
NY_PM,fast_move,120,20,0.25,794,0.38413098236775817,0.11229879058693626,1.0,0.01987983211129463,291,0.32989690721649484,0.09027173988048412,1.0,0.01199437722764289,126,0.35714285714285715,0.12792371356603097,1.0,0.01255875573215335,0.39080459770114945,87,0.28205128205128205,39,0.13169528596025876,0.10205128205128206,HIGH,strong,0.11229879058693626
NY_PM,quiet_wait,30,20,0.25,474,0.07805907172995781,-0.11192809129956723,0.0,0.023915974825812154,121,0.05785123966942149,-0.1563388540387445,0.0,0.011286993771734768,79,0.0759493670886076,-0.11548640117335714,0.0,0.014445530565510147,0.04,50,0.13793103448275862,29,-0.16242914979757084,-0.03540229885057472,LOW,strong,0.11192809129956723
NY_PM,vol_expansion_low,15,20,0.25,779,0.11938382541720154,-0.11154837797262897,0.0,0.022762291811324383,237,0.10126582278481013,-0.12848185317800526,0.0,0.010961239056021066,125,0.064,-0.176,0.0,0.012181237718913452,0.05714285714285714,70,0.07272727272727272,55,-0.18285714285714286,-0.16727272727272727,LOW,strong,0.11154837797262897
NY_PM,low_local_vol,30,20,0.25,911,0.0801317233809001,-0.10985543964862493,0.07793633369923161,0.02227842753755451,249,0.08032128514056225,-0.13386880856760375,0.04417670682730924,0.0122022181586743,164,0.04878048780487805,-0.1426552804570867,0.07926829268292683,0.011067627541566484,0.011111111111111112,90,0.0945945945945946,74,-0.19131803868645975,-0.07873873873873874,LOW,strong,0.10985543964862493
NY_PM,fast_and_expanded,30,20,0.25,575,0.2991304347826087,0.10914327175308366,0.7426086956521739,0.021008968338313682,190,0.3473684210526316,0.1331783273444656,0.7684210526315789,0.009893228887488838,90,0.32222222222222224,0.1307864539602575,0.7666666666666667,0.011164315001292086,0.3333333333333333,63,0.2962962962962963,27,0.13090418353576247,0.12296296296296294,HIGH,strong,0.10914327175308366
NY_PM,strong_dir_move,60,30,0.25,795,0.43144654088050316,0.10896260083767662,0.9182389937106918,0.017295136594787708,295,0.488135593220339,0.11598030540240056,0.9050847457627119,0.009615218532434465,119,0.453781512605042,0.13640115996020574,0.907563025210084,0.008168574534055242,0.5,82,0.35135135135135137,37,0.15587044534412958,0.07801801801801805,HIGH,strong,0.10896260083767662
NY_PM,fast_move,60,30,0.25,795,0.43144654088050316,0.10896260083767662,0.9182389937106918,0.017295136594787708,295,0.488135593220339,0.11598030540240056,0.9050847457627119,0.009615218532434465,119,0.453781512605042,0.13640115996020574,0.907563025210084,0.008168574534055242,0.5,82,0.35135135135135137,37,0.15587044534412958,0.07801801801801805,HIGH,strong,0.10896260083767662
NY_PM,vol_expansion_high,60,15,0.25,794,0.25566750629722923,0.10877243135076242,0.672544080604534,0.024452025541824407,296,0.28716216216216217,0.12250352762400957,0.6858108108108109,0.013176489090432342,142,0.2323943661971831,0.09637421506368182,0.6126760563380281,0.01310801891653627,0.25,96,0.1956521739130435,46,0.1082995951417004,0.06898550724637681,HIGH,strong,0.10877243135076242
NY_PM,quiet_wait,60,15,0.25,480,0.041666666666666664,-0.10522840827980015,0.0,0.03261714647447125,126,0.07142857142857142,-0.09323006310958118,0.0,0.01444933230142568,84,0.05952380952380952,-0.07649634160969175,0.0,0.015989655751806664,0.06666666666666667,45,0.05128205128205128,39,-0.07503373819163293,-0.0753846153846154,LOW,strong,0.10522840827980015
NY_PM,strong_and_persistent,120,15,0.25,411,0.31386861313868614,0.10496450354964504,1.0,0.017999640346069053,255,0.24705882352941178,0.051610363020710315,1.0,0.013431032245098557,110,0.2636363636363636,0.08227616212502861,1.0,0.014196230425313783,0.2894736842105263,76,0.20588235294117646,34,0.08704453441295548,0.05921568627450979,HIGH,strong,0.10496450354964504
NY_PM,strong_dir_move,120,15,0.25,794,0.3136020151133501,0.10469790552430902,1.0,0.022937139868459463,291,0.27835051546391754,0.08290205495521608,1.0,0.013409547821578103,126,0.2698412698412698,0.08848106832993483,1.0,0.014808464430053543,0.28735632183908044,87,0.23076923076923078,39,0.0849271720415096,0.08410256410256411,HIGH,strong,0.10469790552430902
NY_PM,fast_move,120,15,0.25,794,0.3136020151133501,0.10469790552430902,1.0,0.022937139868459463,291,0.27835051546391754,0.08290205495521608,1.0,0.013409547821578103,126,0.2698412698412698,0.08848106832993483,1.0,0.014808464430053543,0.28735632183908044,87,0.23076923076923078,39,0.0849271720415096,0.08410256410256411,HIGH,strong,0.10469790552430902
NY_PM,strong_and_persistent,90,30,0.25,447,0.44742729306487694,0.10453345744843856,1.0,0.013864877410687083,252,0.4523809523809524,0.08825779307707021,1.0,0.008598918043487974,125,0.456,0.13861964735516374,1.0,0.008914858240699743,0.5238095238095238,84,0.3170731707317073,41,0.17563138615770196,0.05040650406504066,HIGH,strong,0.10453345744843856
NY_PM,vol_expansion_high,30,20,0.25,795,0.2943396226415094,0.10435245961198439,0.5371069182389937,0.02201933904057086,274,0.33941605839416056,0.12522596468599456,0.5328467153284672,0.010099976242630291,134,0.31343283582089554,0.1219970675589308,0.5149253731343284,0.0114835873836792,0.31868131868131866,91,0.3023255813953488,43,0.11625216888374781,0.12899224806201548,HIGH,strong,0.10435245961198439
NY_PM,quiet_wait,90,20,0.25,466,0.11158798283261803,-0.10416544182491622,0.0,0.02501681961134097,123,0.06504065040650407,-0.14245600287328175,0.0,0.012745371827759032,79,0.0379746835443038,-0.16353665146829066,0.0,0.012132639649677202,0.07317073170731707,41,0.0,38,-0.14950133307001084,-0.16666666666666666,LOW,strong,0.10416544182491622
NY_PM,high_local_vol,90,10,0.25,794,0.18387909319899245,0.10168731237707465,0.5667506297229219,0.03384045238229731,289,0.15916955017301038,0.07349351268974398,0.6089965397923875,0.016210623195346652,137,0.26277372262773724,0.1544613800584677,0.5620437956204379,0.014828351259307695,0.28421052631578947,95,0.21428571428571427,42,0.15870445344129555,0.13428571428571429,HIGH,strong,0.10168731237707465
NY_PM,low_local_vol,90,15,0.25,1043,0.045062320230105465,-0.1009137071671548,0.2722914669223394,0.025009647148712608,279,0.05017921146953405,-0.09038303752644988,0.24731182795698925,0.013731589328485571,189,0.021164021164021163,-0.1476017219090267,0.26455026455026454,0.015857836507937192,0.018518518518518517,108,0.024691358024691357,81,-0.16771629929524667,-0.11530864197530866,LOW,strong,0.1009137071671548
NY_PM,strong_and_persistent,60,30,0.25,428,0.4205607476635514,0.09807680762072485,0.9345794392523364,0.013149134566262046,259,0.4555984555984556,0.08344316778051714,0.9111969111969112,0.009902756946093265,99,0.40404040404040403,0.08666005139556776,0.9090909090909091,0.008203453832959355,0.4411764705882353,68,0.3225806451612903,31,0.09704691593236486,0.049247311827957,HIGH,strong,0.09807680762072485
NY_PM,strong_and_persistent,120,20,0.25,411,0.36982968369829683,0.09799749191747492,1.0,0.015065805107283607,255,0.2901960784313726,0.050570911095361853,1.0,0.012008981080337235,110,0.33636363636363636,0.10714449278681018,1.0,0.011898225194365609,0.3684210526315789,76,0.2647058823529412,34,0.10931174089068824,0.08470588235294119,HIGH,strong,0.09799749191747492
NY_PM,vol_expansion_low,90,15,0.25,771,0.04928664072632944,-0.09668938667093083,0.055771725032425425,0.02947124225108374,188,0.047872340425531915,-0.09268990857045202,0.015957446808510637,0.013496919808534421,141,0.0425531914893617,-0.12621255158368616,0.0851063829787234,0.015201521415558349,0.05063291139240506,79,0.03225806451612903,62,-0.13560190642136014,-0.10774193548387098,LOW,strong,0.09668938667093083
NY_PM,vol_expansion_low,30,20,0.25,771,0.0933852140077821,-0.09660194902174293,0.0,0.023026930802183675,213,0.08450704225352113,-0.12968305145464487,0.0,0.011793253323716541,129,0.05426356589147287,-0.13717220237049188,0.0,0.012939402380166169,0.02702702702702703,74,0.09090909090909091,55,-0.17540212277054382,-0.08242424242424243,LOW,strong,0.09660194902174293
NY_PM,low_local_vol,60,15,0.25,1008,0.050595238095238096,-0.09629983685122871,0.1884920634920635,0.027720459620166674,268,0.048507462686567165,-0.11615117185158544,0.17537313432835822,0.013444574701038103,173,0.057803468208092484,-0.07821668292540879,0.13872832369942195,0.014348787761639866,0.061855670103092786,97,0.05263157894736842,76,-0.07984473475520681,-0.07403508771929826,LOW,strong,0.09629983685122871
NY_PM,quiet_wait,90,15,0.25,466,0.05150214592274678,-0.09447388147451348,0.0,0.02869486196392768,123,0.04878048780487805,-0.09178176119110588,0.0,0.014434060267744795,79,0.0379746835443038,-0.13079105952874406,0.0,0.014537550682990967,0.07317073170731707,41,0.0,38,-0.11306408610644812,-0.14,LOW,strong,0.09447388147451348
NY_PM,low_local_vol,15,15,0.25,874,0.06407322654462243,-0.0939776209130047,0.009153318077803204,0.025875802892180822,237,0.029535864978902954,-0.12584262107687394,0.008438818565400843,0.012499107120506689,160,0.05625,-0.11375000000000002,0.025,0.012276176620281038,0.05813953488372093,86,0.05405405405405406,74,-0.12586046511627907,-0.09261261261261261,LOW,strong,0.0939776209130047
NY_PM,vol_expansion_low,60,15,0.25,771,0.05317769130998703,-0.09371738363647977,0.010376134889753566,0.03147332482457174,212,0.05188679245283019,-0.11277184208532241,0.02358490566037736,0.01381433446022022,137,0.043795620437956206,-0.09222453069554506,0.0,0.01448518931285299,0.038461538461538464,78,0.05084745762711865,59,-0.10323886639676114,-0.07581920903954803,LOW,strong,0.09371738363647977
NY_PM,vol_expansion_high,90,10,0.25,794,0.17506297229219145,0.09287119147027365,0.760705289672544,0.028729873882916205,295,0.14915254237288136,0.06347650488961497,0.7457627118644068,0.01563763008082218,142,0.20422535211267606,0.09591300954340654,0.7253521126760564,0.014742127567999997,0.23711340206185566,97,0.13333333333333333,45,0.11160732918736174,0.05333333333333333,HIGH,strong,0.09287119147027365
NY_PM,strong_dir_move,15,45,0.25,803,0.5666251556662516,0.09120142685269228,0.2901618929016189,0.014255127865719924,287,0.6132404181184669,0.10062421625923712,0.289198606271777,0.008262465184292966,136,0.5514705882352942,0.10647058823529415,0.27941176470588236,0.00698222069950085,0.6136363636363636,88,0.4375,48,0.14163636363636367,0.03749999999999998,HIGH,strong,0.09120142685269228
NY_PM,fast_move,15,45,0.25,803,0.5666251556662516,0.09120142685269228,0.2901618929016189,0.014255127865719924,287,0.6132404181184669,0.10062421625923712,0.289198606271777,0.008262465184292966,136,0.5514705882352942,0.10647058823529415,0.27941176470588236,0.00698222069950085,0.6136363636363636,88,0.4375,48,0.14163636363636367,0.03749999999999998,HIGH,strong,0.09120142685269228
NY_PM,vol_expansion_high,15,15,0.25,803,0.24906600249066002,0.0910151550330329,0.2901618929016189,0.024393001598012522,285,0.24210526315789474,0.08672677710211785,0.2912280701754386,0.014770805078626702,131,0.2824427480916031,0.11244274809160307,0.2900763358778626,0.01203142750532902,0.3068181818181818,88,0.23255813953488372,43,0.12281818181818183,0.08589147286821705,HIGH,strong,0.0910151550330329
NY_PM,fast_and_expanded,90,10,0.25,561,0.17290552584670232,0.09071374502478452,1.0,0.029143725427594924,201,0.13432835820895522,0.04865232072568883,1.0,0.014624867442949531,98,0.22448979591836735,0.11617745334909782,1.0,0.014338470257859462,0.23529411764705882,68,0.2,30,0.1097880447725649,0.12000000000000001,HIGH,strong,0.09071374502478452
NY_PM,fast_and_expanded,60,10,0.25,551,0.17785843920145192,0.09049227217789732,0.969147005444646,0.028335046298194166,213,0.17370892018779344,0.0826781303618229,0.9530516431924883,0.016720296687025085,91,0.15384615384615385,0.06568494477814378,0.9560439560439561,0.01378041257532113,0.16666666666666666,66,0.12,25,0.06545209176788123,0.05333333333333333,HIGH,strong,0.09049227217789732
NY_PM,weak_dir_move,120,30,0.25,772,0.2966321243523316,-0.0903541770175314,0.0,0.01750376619683386,226,0.26548672566371684,-0.10532987406854555,0.0,0.009970312042043348,138,0.2028985507246377,-0.09433066841893911,0.0,0.013090121408319237,0.21052631578947367,76,0.1935483870967742,62,-0.12550607287449395,-0.03978494623655915,LOW,strong,0.0903541770175314
NY_PM,slow_move,120,30,0.25,772,0.2966321243523316,-0.0903541770175314,0.0,0.01750376619683386,226,0.26548672566371684,-0.10532987406854555,0.0,0.009970312042043348,138,0.2028985507246377,-0.09433066841893911,0.0,0.013090121408319237,0.21052631578947367,76,0.1935483870967742,62,-0.12550607287449395,-0.03978494623655915,LOW,strong,0.0903541770175314
NY_PM,strong_dir_move,60,20,0.25,795,0.30062893081761005,0.09035055822660362,0.9182389937106918,0.02140226005826522,295,0.3254237288135593,0.08981462573457671,0.9050847457627119,0.012118830347194324,119,0.36134453781512604,0.1371631776136147,0.907563025210084,0.009514588446494365,0.3902439024390244,82,0.2972972972972973,37,0.1473289226819394,0.10396396396396398,HIGH,strong,0.09035055822660362
NY_PM,fast_move,60,20,0.25,795,0.30062893081761005,0.09035055822660362,0.9182389937106918,0.02140226005826522,295,0.3254237288135593,0.08981462573457671,0.9050847457627119,0.012118830347194324,119,0.36134453781512604,0.1371631776136147,0.907563025210084,0.009514588446494365,0.3902439024390244,82,0.2972972972972973,37,0.1473289226819394,0.10396396396396398,HIGH,strong,0.09035055822660362
NY_PM,weak_dir_move,60,45,0.25,771,0.3735408560311284,-0.09027070713803648,0.0,0.017880721745531215,232,0.41810344827586204,-0.11067834556617279,0.0,0.008280395003499638,134,0.373134328358209,-0.06515282529418398,0.0,0.008249980989805884,0.4050632911392405,79,0.32727272727272727,55,-0.060523753395172464,-0.06606060606060604,LOW,strong,0.09027070713803648
NY_PM,slow_move,60,45,0.25,771,0.3735408560311284,-0.09027070713803648,0.0,0.017880721745531215,232,0.41810344827586204,-0.11067834556617279,0.0,0.008280395003499638,134,0.373134328358209,-0.06515282529418398,0.0,0.008249980989805884,0.4050632911392405,79,0.32727272727272727,55,-0.060523753395172464,-0.06606060606060604,LOW,strong,0.09027070713803648
NY_PM,vol_expansion_low,120,10,0.25,771,0.04409857328145266,-0.08903498836238294,0.0907911802853437,0.030880695648107442,192,0.03125,-0.10395749665327977,0.125,0.016076047681446274,145,0.013793103448275862,-0.10711369755928081,0.1310344827586207,0.021720664846119453,0.0,80,0.03076923076923077,65,-0.1417004048582996,-0.0558974358974359,LOW,strong,0.08903498836238294
NY_PM,quiet_wait,120,10,0.25,467,0.044967880085653104,-0.0881656815581825,0.0,0.030952130046644506,123,0.032520325203252036,-0.10268717145002773,0.0,0.015394687970426221,80,0.0,-0.12090680100755667,0.0,0.02340792113039495,0.0,42,0.0,38,-0.1417004048582996,-0.08666666666666667,LOW,strong,0.0881656815581825
NY_PM,quiet_wait,30,15,0.25,474,0.04430379746835443,-0.08791699842381502,0.0,0.02757748529074485,121,0.049586776859504134,-0.09231416022215583,0.0,0.013225521055487103,79,0.0379746835443038,-0.1106399260274846,0.0,0.016116881141399628,0.02,50,0.06896551724137931,29,-0.125748987854251,-0.08436781609195401,LOW,strong,0.08791699842381502
NY_PM,strong_dir_move,30,30,0.25,795,0.3849056603773585,0.08708794535810305,0.5974842767295597,0.01870816196167279,256,0.4296875,0.07761253346720215,0.6015625,0.008533235592989515,127,0.4251968503937008,0.12544873956246655,0.6062992125984252,0.009000721133681678,0.5119047619047619,84,0.2558139534883721,43,0.16372662425294,0.0358139534883721,HIGH,strong,0.08708794535810305
NY_PM,fast_move,30,30,0.25,795,0.3849056603773585,0.08708794535810305,0.5974842767295597,0.01870816196167279,256,0.4296875,0.07761253346720215,0.6015625,0.008533235592989515,127,0.4251968503937008,0.12544873956246655,0.6062992125984252,0.009000721133681678,0.5119047619047619,84,0.2558139534883721,43,0.16372662425294,0.0358139534883721,HIGH,strong,0.08708794535810305
NY_PM,fast_and_expanded,30,15,0.25,575,0.21739130434782608,0.08517050845565663,0.7426086956521739,0.0244270133527606,190,0.23684210526315788,0.09494116818149792,0.7684210526315789,0.011343885982562167,90,0.28888888888888886,0.14027427931710046,0.7666666666666667,0.013066102492076721,0.2857142857142857,63,0.2962962962962963,27,0.1399652978600347,0.14296296296296296,HIGH,strong,0.08517050845565663
NY_PM,high_local_vol,15,10,0.25,803,0.1780821917808219,0.08486185279777106,0.22914072229140722,0.03342506555255072,284,0.15845070422535212,0.07212932308325384,0.22887323943661972,0.018371011226108104,144,0.25,0.14250000000000002,0.19444444444444445,0.014513528253277674,0.24242424242424243,99,0.26666666666666666,45,0.12242424242424244,0.18,HIGH,strong,0.08486185279777106
NY_PM,strong_dir_move,120,10,0.25,794,0.21788413098236775,0.08475056933853214,1.0,0.027732750109581334,291,0.19931271477663232,0.06410521812335254,1.0,0.015806827632390275,126,0.19047619047619047,0.0695693894686338,1.0,0.01683218825842091,0.20689655172413793,87,0.15384615384615385,39,0.06519614686583833,0.06717948717948719,HIGH,strong,0.08475056933853214
NY_PM,fast_move,120,10,0.25,794,0.21788413098236775,0.08475056933853214,1.0,0.027732750109581334,291,0.19931271477663232,0.06410521812335254,1.0,0.015806827632390275,126,0.19047619047619047,0.0695693894686338,1.0,0.01683218825842091,0.20689655172413793,87,0.15384615384615385,39,0.06519614686583833,0.06717948717948719,HIGH,strong,0.08475056933853214
NY_PM,strong_and_persistent,60,15,0.25,428,0.23130841121495327,0.08441333626848646,0.9345794392523364,0.019235846438154413,259,0.21235521235521235,0.04769657781705974,0.9111969111969112,0.01402491019029421,99,0.20202020202020202,0.06600005088670075,0.9090909090909091,0.011388316534172669,0.20588235294117646,68,0.1935483870967742,31,0.06418194808287686,0.06688172043010751,HIGH,strong,0.08441333626848646
NY_PM,strong_dir_move,90,20,0.25,794,0.29974811083123426,0.08399468617370001,1.0,0.02253629603847574,279,0.26523297491039427,0.05773632163060846,1.0,0.011205462498257407,132,0.3484848484848485,0.14697351347225404,1.0,0.011038564411517328,0.367816091954023,87,0.3111111111111111,45,0.14514402717669506,0.14444444444444446,HIGH,strong,0.08399468617370001
NY_PM,fast_move,90,20,0.25,794,0.29974811083123426,0.08399468617370001,1.0,0.02253629603847574,279,0.26523297491039427,0.05773632163060846,1.0,0.011205462498257407,132,0.3484848484848485,0.14697351347225404,1.0,0.011038564411517328,0.367816091954023,87,0.3111111111111111,45,0.14514402717669506,0.14444444444444446,HIGH,strong,0.08399468617370001
NY_PM,high_local_vol,60,10,0.25,795,0.1710691823899371,0.0837030153663825,0.4817610062893082,0.03444977508726957,271,0.16974169741697417,0.07871090759100363,0.5498154981549815,0.016308220629324334,140,0.17142857142857143,0.08326736236056136,0.45,0.014405766503781704,0.18556701030927836,97,0.13953488372093023,43,0.08435243541049293,0.07286821705426356,HIGH,strong,0.0837030153663825
NY_PM,low_local_vol,120,10,0.25,1065,0.04976525821596244,-0.08336830342787316,0.3314553990610329,0.02866319346517128,281,0.046263345195729534,-0.08894415145755025,0.3736654804270463,0.016748213776614597,195,0.046153846153846156,-0.07475295485371052,0.3076923076923077,0.02020657640781828,0.045871559633027525,109,0.046511627906976744,86,-0.09582884522527207,-0.040155038759689926,LOW,strong,0.08336830342787316
NY_PM,weak_dir_move,90,45,0.25,771,0.41374837872892345,-0.08325504592861077,0.0,0.015752613883930285,230,0.43478260869565216,-0.08195099237529829,0.0,0.007576557292197108,135,0.32592592592592595,-0.10228566097583724,0.0,0.008625317282034823,0.3670886075949367,79,0.26785714285714285,56,-0.1106441859273305,-0.07880952380952383,LOW,strong,0.08325504592861077
NY_PM,slow_move,90,45,0.25,771,0.41374837872892345,-0.08325504592861077,0.0,0.015752613883930285,230,0.43478260869565216,-0.08195099237529829,0.0,0.007576557292197108,135,0.32592592592592595,-0.10228566097583724,0.0,0.008625317282034823,0.3670886075949367,79,0.26785714285714285,56,-0.1106441859273305,-0.07880952380952383,LOW,strong,0.08325504592861077
NY_PM,vol_expansion_high,30,15,0.25,795,0.21257861635220127,0.08035782046003181,0.5371069182389937,0.025575534211272545,274,0.24452554744525548,0.10262461036359552,0.5328467153284672,0.011762797196976245,134,0.2537313432835821,0.1051167337117937,0.5149253731343284,0.013275604840694514,0.24175824175824176,91,0.27906976744186046,43,0.09600925390399076,0.12573643410852714,HIGH,strong,0.08035782046003181
ASIA,low_local_vol,90,45,0.25,1195,0.1899581589958159,-0.08797717849709394,0.1606694560669456,0.03160712409584735,658,0.12613981762917933,-0.03923485937340465,0.12917933130699089,0.022489941575590283,262,0.2366412213740458,-0.14685392425702215,0.17938931297709923,0.021547805526453724,0.20689655172413793,174,0.29545454545454547,88,-0.10438749496846908,-0.2077712609970674,LOW,soft,0.08797717849709394
ASIA,low_local_vol,180,45,0.25,1368,0.179093567251462,-0.08173460980708155,0.3084795321637427,0.038121326653038724,671,0.08792846497764531,-0.03610254277429267,0.27123695976154993,0.02680140701015466,260,0.15,-0.16386861313868614,0.3730769230769231,0.025376702061586844,0.11891891891891893,185,0.22666666666666666,75,-0.10764358108108107,-0.2313978494623656,LOW,soft,0.08173460980708155
ASIA,high_local_vol,30,10,0.25,725,0.13379310344827586,0.0798278289292707,0.33379310344827584,0.14019645247203416,134,0.16417910447761194,0.13187936287554475,0.5,0.05310755741994035,171,0.17543859649122806,0.09534150911258728,0.47368421052631576,0.047513087664707666,0.18181818181818182,88,0.1686746987951807,83,0.11177927131234525,0.07190050524679362,HIGH,soft,0.0798278289292707
ASIA,low_local_vol,30,20,0.25,1271,0.03855232100708104,-0.07970201967804333,0.04720692368214005,0.07083400068568958,596,0.008389261744966443,-0.040706345490175676,0.018456375838926176,0.04718637675012193,219,0.0273972602739726,-0.11095225428913419,0.045662100456621,0.04172711354241867,0.026143790849673203,153,0.030303030303030304,66,-0.09447877724371201,-0.13743890518084068,LOW,soft,0.07970201967804333
ASIA,strong_dir_move,180,15,0.25,715,0.16363636363636364,0.07843883864826273,1.0,0.06934029732857042,212,0.11320754716981132,0.07057188825508265,1.0,0.04464175123499649,195,0.1794871794871795,0.055399588246303574,1.0,0.046838857920616886,0.12727272727272726,110,0.24705882352941178,85,0.04524147727272726,0.05351043643263759,HIGH,soft,0.07843883864826273
ASIA,fast_move,180,15,0.25,715,0.16363636363636364,0.07843883864826273,1.0,0.06934029732857042,212,0.11320754716981132,0.07057188825508265,1.0,0.04464175123499649,195,0.1794871794871795,0.055399588246303574,1.0,0.046838857920616886,0.12727272727272726,110,0.24705882352941178,85,0.04524147727272726,0.05351043643263759,HIGH,soft,0.07843883864826273
ASIA,strong_and_persistent,180,10,0.25,314,0.12738853503184713,0.07693636939643542,1.0,0.050763838922317214,194,0.09278350515463918,0.06435973254482005,1.0,0.051249212951834065,186,0.13440860215053763,0.04195118122596342,1.0,0.056128131597174405,0.09523809523809523,105,0.18518518518518517,81,0.03273809523809523,0.04324970131421743,HIGH,soft,0.07693636939643542
ASIA,high_local_vol,60,10,0.25,685,0.14014598540145987,0.07640299713016971,0.33138686131386863,0.12676712262394585,136,0.20588235294117646,0.16453868369053046,0.4117647058823529,0.055529565640840314,162,0.25308641975308643,0.1511446721802709,0.5802469135802469,0.04641452542695109,0.26136363636363635,88,0.24324324324324326,74,0.16797842235585425,0.12711421098517872,HIGH,soft,0.07640299713016971
ASIA,weak_dir_move,120,45,0.25,726,0.21074380165289255,-0.07633536122244869,0.0,0.049650606040147656,259,0.11196911196911197,-0.08441331697145651,0.0,0.02352883281459832,104,0.25961538461538464,-0.133588498879761,0.0,0.021782206177862837,0.2,70,0.38235294117647056,34,-0.09571984435797665,-0.17248576850094877,LOW,soft,0.07633536122244869
ASIA,slow_move,120,45,0.25,726,0.21074380165289255,-0.07633536122244869,0.0,0.049650606040147656,259,0.11196911196911197,-0.08441331697145651,0.0,0.02352883281459832,104,0.25961538461538464,-0.133588498879761,0.0,0.021782206177862837,0.2,70,0.38235294117647056,34,-0.09571984435797665,-0.17248576850094877,LOW,soft,0.07633536122244869
ASIA,strong_and_persistent,15,20,0.25,397,0.1712846347607053,0.07508674195264299,0.3954659949622166,0.06674477504527601,162,0.16666666666666666,0.09560723514211886,0.35802469135802467,0.03310468370929242,152,0.2631578947368421,0.06655595298926928,0.3815789473684211,0.03381768560293246,0.2222222222222222,90,0.3225806451612903,62,0.05490704712494596,0.07741935483870968,HIGH,soft,0.07508674195264299
ASIA,low_local_vol,90,30,0.25,1195,0.07112970711297072,-0.0746445413271881,0.1606694560669456,0.04431599382710755,658,0.05167173252279635,-0.034891574970743695,0.12917933130699089,0.03201661595463032,262,0.08778625954198473,-0.12095160453568517,0.17938931297709923,0.030661485545916016,0.08045977011494253,174,0.10227272727272728,88,-0.09074645556599133,-0.1686950146627566,LOW,soft,0.0746445413271881
ASIA,vol_expansion_high,60,15,0.25,667,0.1664167916041979,0.07360700068119942,0.5112443778110944,0.07808919876291526,184,0.1793478260869565,0.12379227053140096,0.5380434782608695,0.038588454038548166,207,0.25120772946859904,0.12256695276956991,0.5555555555555556,0.03812871589046349,0.25,116,0.25274725274725274,91,0.13326848249027237,0.1043601559730592,HIGH,soft,0.07360700068119942
ASIA,strong_dir_move,30,20,0.25,725,0.1917241379310345,0.07346979724591013,0.42758620689655175,0.07203906924521729,213,0.14084507042253522,0.0917494631873931,0.37089201877934275,0.04382444271333668,192,0.22395833333333334,0.08560881877022655,0.484375,0.03460508094027345,0.22018348623853212,109,0.2289156626506024,83,0.0995609181451469,0.06117372716673142,HIGH,soft,0.07346979724591013
ASIA,fast_move,30,20,0.25,725,0.1917241379310345,0.07346979724591013,0.42758620689655175,0.07203906924521729,213,0.14084507042253522,0.0917494631873931,0.37089201877934275,0.04382444271333668,192,0.22395833333333334,0.08560881877022655,0.484375,0.03460508094027345,0.22018348623853212,109,0.2289156626506024,83,0.0995609181451469,0.06117372716673142,HIGH,soft,0.07346979724591013
ASIA,fast_and_expanded,15,10,0.25,532,0.11278195488721804,0.07247045694860146,0.47368421052631576,0.0978420742649715,166,0.19879518072289157,0.14711559415958408,0.4759036144578313,0.043630327587343413,158,0.21518987341772153,0.12052967924296425,0.4873417721518987,0.040790044114669355,0.20430107526881722,93,0.23076923076923078,65,0.12648006359566547,0.10818858560794047,HIGH,soft,0.07247045694860146
ASIA,weak_dir_move,90,30,0.25,582,0.07388316151202749,-0.07189108692813133,0.0,0.05041256996720989,295,0.03389830508474576,-0.052665002408794286,0.0,0.03184903581298945,88,0.13636363636363635,-0.07237422771403354,0.0,0.03345686490594744,0.12121212121212122,66,0.18181818181818182,22,-0.04999410446881264,-0.08914956011730207,LOW,soft,0.07189108692813133
ASIA,slow_move,90,30,0.25,582,0.07388316151202749,-0.07189108692813133,0.0,0.05041256996720989,295,0.03389830508474576,-0.052665002408794286,0.0,0.03184903581298945,88,0.13636363636363635,-0.07237422771403354,0.0,0.03345686490594744,0.12121212121212122,66,0.18181818181818182,22,-0.04999410446881264,-0.08914956011730207,LOW,soft,0.07189108692813133
ASIA,strong_and_persistent,30,20,0.25,348,0.1896551724137931,0.07140083172866873,0.47413793103448276,0.058685531234584885,168,0.125,0.07590439276485789,0.375,0.042510187336136145,146,0.22602739726027396,0.08767788269716717,0.5205479452054794,0.0354649897073092,0.225,80,0.22727272727272727,66,0.10437743190661479,0.059530791788856285,HIGH,soft,0.07140083172866873
ASIA,vol_expansion_high,30,15,0.25,725,0.15586206896551724,0.071394682761857,0.4262068965517241,0.08136509273180005,207,0.15942028985507245,0.1129086619480957,0.38164251207729466,0.04494482759884707,224,0.19642857142857142,0.0823509015256588,0.41517857142857145,0.03898934909879348,0.1796875,128,0.21875,96,0.08241123540856031,0.07681451612903226,HIGH,soft,0.071394682761857
ASIA,low_local_vol,15,20,0.25,1127,0.024844720496894408,-0.07135317231116789,0.00709849157054126,0.07388029502448117,541,0.012939001848428836,-0.05812042967611897,0.0036968576709796672,0.041729976387621236,161,0.012422360248447204,-0.1841795814991256,0.012422360248447204,0.04574293053580738,0.008620689655172414,116,0.022222222222222223,45,-0.15869448544210385,-0.2229390681003584,LOW,soft,0.07135317231116789
ASIA,vol_expansion_high,180,10,0.25,715,0.12167832167832168,0.07122615604290997,0.7132867132867133,0.08404511949156956,169,0.1301775147928994,0.10175374218308028,0.8047337278106509,0.05594632361050114,198,0.16161616161616163,0.06915874069158742,0.7929292929292929,0.055865289631323964,0.1346153846153846,104,0.19148936170212766,94,0.07211538461538461,0.049553877831159915,HIGH,soft,0.07122615604290997
ASIA,vol_expansion_low,180,15,0.25,694,0.01440922190201729,-0.07078830308608361,0.027377521613832854,0.09631641809734048,373,0.002680965147453083,-0.0399546937672756,0.03753351206434316,0.051461093229676215,85,0.011764705882352941,-0.11232288535852297,0.047058823529411764,0.046762829067537565,0.0,59,0.038461538461538464,26,-0.08203125,-0.15508684863523572,LOW,soft,0.07078830308608361
ASIA,fast_and_expanded,60,10,0.25,479,0.1336116910229645,0.06986870275167434,0.7118997912317327,0.09259178058325476,135,0.15555555555555556,0.11421188630490955,0.7333333333333333,0.04542018585924962,148,0.22297297297297297,0.12103122540015744,0.777027027027027,0.04410266474603336,0.21794871794871795,78,0.22857142857142856,70,0.12456350394093585,0.11244239631336404,HIGH,soft,0.06986870275167434
ASIA,vol_expansion_high,90,15,0.25,600,0.13666666666666666,0.06973529967857817,0.5983333333333334,0.0714562052219357,171,0.15789473684210525,0.12171902624779002,0.6549707602339181,0.045981371862316836,202,0.20297029702970298,0.09860136499086804,0.6633663366336634,0.04321190321979559,0.17699115044247787,113,0.23595505617977527,89,0.09138803760201095,0.10047118521203333,HIGH,soft,0.06973529967857817
ASIA,strong_dir_move,15,20,0.25,744,0.16532258064516128,0.06912468783709898,0.3387096774193548,0.07438128281028138,228,0.19298245614035087,0.12192302461580307,0.34649122807017546,0.033712829713943786,196,0.29591836734693877,0.09931642559936596,0.39285714285714285,0.03295694394192391,0.2689075630252101,119,0.33766233766233766,77,0.10159238792793382,0.09250104733975703,HIGH,soft,0.06912468783709898
ASIA,fast_move,15,20,0.25,744,0.16532258064516128,0.06912468783709898,0.3387096774193548,0.07438128281028138,228,0.19298245614035087,0.12192302461580307,0.34649122807017546,0.033712829713943786,196,0.29591836734693877,0.09931642559936596,0.39285714285714285,0.03295694394192391,0.2689075630252101,119,0.33766233766233766,77,0.10159238792793382,0.09250104733975703,HIGH,soft,0.06912468783709898
ASIA,weak_dir_move,180,30,0.25,694,0.09077809798270893,-0.06866978397826203,0.0,0.06523557491718446,286,0.04195804195804196,-0.03943730687916735,0.0,0.03343642032024836,97,0.15463917525773196,-0.07650437705370355,0.0,0.029169517952431227,0.08823529411764706,68,0.3103448275862069,29,-0.07582720588235294,-0.03159065628476082,LOW,soft,0.06866978397826203
ASIA,slow_move,180,30,0.25,694,0.09077809798270893,-0.06866978397826203,0.0,0.06523557491718446,286,0.04195804195804196,-0.03943730687916735,0.0,0.03343642032024836,97,0.15463917525773196,-0.07650437705370355,0.0,0.029169517952431227,0.08823529411764706,68,0.3103448275862069,29,-0.07582720588235294,-0.03159065628476082,LOW,soft,0.06866978397826203
ASIA,weak_dir_move,30,30,0.25,705,0.10780141843971631,-0.06817230281790922,0.0,0.05983899471352929,292,0.0136986301369863,-0.05219284273123076,0.0,0.035325200794471025,98,0.10204081632653061,-0.09698830988706161,0.0,0.034961347253955215,0.06349206349206349,63,0.17142857142857143,35,-0.11160521277252794,-0.06728110599078341,LOW,soft,0.06817230281790922
ASIA,slow_move,30,30,0.25,705,0.10780141843971631,-0.06817230281790922,0.0,0.05983899471352929,292,0.0136986301369863,-0.05219284273123076,0.0,0.035325200794471025,98,0.10204081632653061,-0.09698830988706161,0.0,0.034961347253955215,0.06349206349206349,63,0.17142857142857143,35,-0.11160521277252794,-0.06728110599078341,LOW,soft,0.06817230281790922
ASIA,low_local_vol,180,30,0.25,1368,0.09137426900584796,-0.068073612955123,0.3084795321637427,0.05003308528063918,671,0.05216095380029806,-0.029234395036911248,0.27123695976154993,0.0334301362995697,260,0.09230769230769231,-0.1388358600037432,0.3730769230769231,0.03164631179299592,0.06486486486486487,185,0.16,75,-0.09919763513513513,-0.18193548387096772,LOW,soft,0.068073612955123
ASIA,low_local_vol,120,45,0.25,1415,0.21978798586572437,-0.06729117700961687,0.1773851590106007,0.038124785375220877,665,0.16541353383458646,-0.030968895105982025,0.17142857142857143,0.022217350977664203,269,0.2527881040892193,-0.1404157794059263,0.22676579925650558,0.0235418354719537,0.18681318681318682,182,0.39080459770114945,87,-0.10890665754478984,-0.16403411197626988,LOW,soft,0.06729117700961687
ASIA,strong_dir_move,60,20,0.25,667,0.18290854572713644,0.06715127902647351,0.553223388305847,0.0739779990668253,198,0.15656565656565657,0.09196617336152221,0.5151515151515151,0.03413148956262086,188,0.2393617021276596,0.07916752737037802,0.6276595744680851,0.03789835270161822,0.2169811320754717,106,0.2682926829268293,82,0.07301226048014098,0.08119590873328089,HIGH,soft,0.06715127902647351
ASIA,fast_move,60,20,0.25,667,0.18290854572713644,0.06715127902647351,0.553223388305847,0.0739779990668253,198,0.15656565656565657,0.09196617336152221,0.5151515151515151,0.03413148956262086,188,0.2393617021276596,0.07916752737037802,0.6276595744680851,0.03789835270161822,0.2169811320754717,106,0.2682926829268293,82,0.07301226048014098,0.08119590873328089,HIGH,soft,0.06715127902647351
ASIA,strong_dir_move,120,10,0.25,747,0.13788487282463185,0.06691126044974559,0.7242302543507363,0.07808967886065586,219,0.1141552511415525,0.06505964390641039,0.7488584474885844,0.04068474163712965,203,0.2315270935960591,0.0761872877708164,0.8029556650246306,0.04016336480682401,0.2033898305084746,118,0.27058823529411763,85,0.09054936358240455,0.04478178368121441,HIGH,soft,0.06691126044974559
ASIA,fast_move,120,10,0.25,747,0.13788487282463185,0.06691126044974559,0.7242302543507363,0.07808967886065586,219,0.1141552511415525,0.06505964390641039,0.7488584474885844,0.04068474163712965,203,0.2315270935960591,0.0761872877708164,0.8029556650246306,0.04016336480682401,0.2033898305084746,118,0.27058823529411763,85,0.09054936358240455,0.04478178368121441,HIGH,soft,0.06691126044974559
ASIA,weak_dir_move,60,45,0.25,653,0.15773353751914243,-0.0661318372896286,0.0,0.05056567571620262,295,0.07457627118644068,-0.04428677790916655,0.0,0.030230252331780838,94,0.1595744680851064,-0.11712456104110719,0.0,0.029722272099665457,0.14492753623188406,69,0.2,25,-0.10409970112220154,-0.1225806451612903,LOW,soft,0.0661318372896286
ASIA,slow_move,60,45,0.25,653,0.15773353751914243,-0.0661318372896286,0.0,0.05056567571620262,295,0.07457627118644068,-0.04428677790916655,0.0,0.030230252331780838,94,0.1595744680851064,-0.11712456104110719,0.0,0.029722272099665457,0.14492753623188406,69,0.2,25,-0.10409970112220154,-0.1225806451612903,LOW,soft,0.0661318372896286
ASIA,low_local_vol,60,30,0.25,1276,0.09012539184952978,-0.0654074995324182,0.11128526645768025,0.05720011133946094,638,0.032915360501567396,-0.056231926320138036,0.07210031347962383,0.033238303091397824,250,0.06,-0.14145631067961165,0.096,0.03321511424030413,0.07692307692307693,169,0.024691358024691357,81,-0.10595630050882968,-0.20756670649143769,LOW,soft,0.0654074995324182
ASIA,strong_dir_move,90,20,0.25,601,0.15474209650582363,0.0651221305387221,0.6988352745424293,0.06296247264351286,209,0.1291866028708134,0.08655094395608473,0.6842105263157895,0.03789795319535764,189,0.25396825396825395,0.1059100015410695,0.7724867724867724,0.03538742980426328,0.2,110,0.3291139240506329,79,0.08326848249027238,0.12911392405063288,HIGH,soft,0.0651221305387221
ASIA,fast_move,90,20,0.25,601,0.15474209650582363,0.0651221305387221,0.6988352745424293,0.06296247264351286,209,0.1291866028708134,0.08655094395608473,0.6842105263157895,0.03789795319535764,189,0.25396825396825395,0.1059100015410695,0.7724867724867724,0.03538742980426328,0.2,110,0.3291139240506329,79,0.08326848249027238,0.12911392405063288,HIGH,soft,0.0651221305387221
ASIA,high_local_vol,120,10,0.25,783,0.13537675606641125,0.06440314369152499,0.37037037037037035,0.11665868623152885,109,0.22935779816513763,0.1802621909299955,0.45871559633027525,0.04450407168769463,143,0.34965034965034963,0.19431054382510693,0.7132867132867133,0.039026817384595264,0.32,75,0.38235294117647056,68,0.20715953307392998,0.15654648956356734,HIGH,soft,0.06440314369152499
ASIA,fast_and_expanded,30,10,0.25,529,0.11720226843100189,0.06323699391199672,0.5841209829867675,0.10689981559139265,157,0.1337579617834395,0.10145822018137231,0.5031847133757962,0.048775696957783124,161,0.16770186335403728,0.0876047759753965,0.577639751552795,0.045739096220012807,0.15730337078651685,89,0.18055555555555555,72,0.08726446028068027,0.08378136200716846,HIGH,soft,0.06323699391199672
ASIA,low_local_vol,120,30,0.25,1415,0.14487632508833923,-0.06258500339209755,0.1773851590106007,0.04627779304436285,665,0.09924812030075188,-0.031242835771599545,0.17142857142857143,0.02668419215522213,269,0.16728624535315986,-0.13853899736528671,0.22676579925650558,0.027764401004052763,0.1043956043956044,182,0.2988505747126437,87,-0.1096121777055629,-0.15921394141638856,LOW,soft,0.06258500339209755
ASIA,vol_expansion_high,15,10,0.25,742,0.10107816711590296,0.06076666917728638,0.33962264150943394,0.09947323117659355,218,0.17889908256880735,0.12721949600549987,0.3623853211009174,0.046580180083776304,227,0.16299559471365638,0.0683354005388991,0.3392070484581498,0.0431224169977594,0.15384615384615385,130,0.17525773195876287,97,0.0760251421730021,0.05267708679747256,HIGH,soft,0.06076666917728638
ASIA,weak_dir_move,120,30,0.25,726,0.14738292011019283,-0.060078408370243946,0.0,0.05909670788854095,259,0.07335907335907337,-0.05713188271327806,0.0,0.028926770209329142,104,0.19230769230769232,-0.11351755041075426,0.0,0.024837843754147933,0.15714285714285714,70,0.2647058823529412,34,-0.056864924958310165,-0.19335863377609108,LOW,soft,0.060078408370243946
ASIA,slow_move,120,30,0.25,726,0.14738292011019283,-0.060078408370243946,0.0,0.05909670788854095,259,0.07335907335907337,-0.05713188271327806,0.0,0.028926770209329142,104,0.19230769230769232,-0.11351755041075426,0.0,0.024837843754147933,0.15714285714285714,70,0.2647058823529412,34,-0.056864924958310165,-0.19335863377609108,LOW,soft,0.060078408370243946
ASIA,low_local_vol,30,15,0.25,1271,0.024390243902439025,-0.06007714230122122,0.04720692368214005,0.08577151341707444,596,0.006711409395973154,-0.03980021851100359,0.018456375838926176,0.053363395706855415,219,0.0228310502283105,-0.09124661967460213,0.045662100456621,0.04968571967018119,0.0196078431372549,153,0.030303030303030304,66,-0.07766842145418479,-0.11163245356793744,LOW,soft,0.06007714230122122
ASIA,strong_dir_move,30,15,0.25,725,0.14344827586206896,0.05898088965840871,0.42758620689655175,0.08708852441814921,213,0.14084507042253522,0.09433344251555847,0.37089201877934275,0.04705611284423185,192,0.18229166666666666,0.06821399676375403,0.484375,0.03809575857734412,0.1743119266055046,109,0.1927710843373494,83,0.0770356620140649,0.050835600466381664,HIGH,soft,0.05898088965840871
ASIA,fast_move,30,15,0.25,725,0.14344827586206896,0.05898088965840871,0.42758620689655175,0.08708852441814921,213,0.14084507042253522,0.09433344251555847,0.37089201877934275,0.04705611284423185,192,0.18229166666666666,0.06821399676375403,0.484375,0.03809575857734412,0.1743119266055046,109,0.1927710843373494,83,0.0770356620140649,0.050835600466381664,HIGH,soft,0.05898088965840871
ASIA,strong_and_persistent,15,15,0.25,397,0.12846347607052896,0.05837643988179786,0.3954659949622166,0.0798393028224163,162,0.14814814814814814,0.09130060292850989,0.35802469135802467,0.03691464953246057,152,0.21052631578947367,0.07217680122636688,0.3815789473684211,0.03825832534545301,0.18888888888888888,90,0.24193548387096775,62,0.07604842196281884,0.06129032258064518,HIGH,soft,0.05837643988179786
ASIA,strong_and_persistent,60,30,0.25,295,0.2135593220338983,0.05802643065195032,0.6,0.03954786233916759,152,0.18421052631578946,0.09506323949408403,0.5328947368421053,0.027592604613166285,160,0.26875,0.06729368932038834,0.63125,0.029235497432233117,0.25,92,0.29411764705882354,68,0.0671206225680934,0.0618595825426945,HIGH,soft,0.05802643065195032
ASIA,strong_dir_move,180,10,0.25,715,0.1076923076923077,0.05724014205689599,1.0,0.08494289332885137,212,0.09433962264150944,0.06591585003169032,1.0,0.05380319952369271,195,0.13333333333333333,0.040875912408759124,1.0,0.055789368860398376,0.09090909090909091,110,0.18823529411764706,85,0.02840909090909091,0.04629981024667931,HIGH,soft,0.05724014205689599
ASIA,fast_move,180,10,0.25,715,0.1076923076923077,0.05724014205689599,1.0,0.08494289332885137,212,0.09433962264150944,0.06591585003169032,1.0,0.05380319952369271,195,0.13333333333333333,0.040875912408759124,1.0,0.055789368860398376,0.09090909090909091,110,0.18823529411764706,85,0.02840909090909091,0.04629981024667931,HIGH,soft,0.05724014205689599
ASIA,low_local_vol,60,20,0.25,1276,0.05877742946708464,-0.05697983723357829,0.11128526645768025,0.07053193419606513,638,0.0219435736677116,-0.04265590953642276,0.07210031347962383,0.040536557640935056,250,0.028,-0.13219417475728157,0.096,0.042060154114216014,0.03550295857988166,169,0.012345679012345678,81,-0.10846591301544907,-0.17475109518120271,LOW,soft,0.05697983723357829
ASIA,weak_dir_move,15,30,0.25,721,0.09847434119278779,-0.056816542911655624,0.0,0.06403275667481856,276,0.028985507246376812,-0.06920570722390743,0.0,0.03421789137929335,96,0.11458333333333333,-0.13298948220064727,0.0,0.031137305388464168,0.08333333333333333,60,0.16666666666666666,36,-0.13067444876783396,-0.13655913978494624,LOW,soft,0.056816542911655624
ASIA,slow_move,15,30,0.25,721,0.09847434119278779,-0.056816542911655624,0.0,0.06403275667481856,276,0.028985507246376812,-0.06920570722390743,0.0,0.03421789137929335,96,0.11458333333333333,-0.13298948220064727,0.0,0.031137305388464168,0.08333333333333333,60,0.16666666666666666,36,-0.13067444876783396,-0.13655913978494624,LOW,soft,0.056816542911655624
ASIA,high_local_vol,15,10,0.25,742,0.09703504043126684,0.05672354249265026,0.31266846361185985,0.12196008179081645,159,0.23270440251572327,0.1810248159524158,0.4591194968553459,0.04424981676152956,192,0.19270833333333334,0.09804813915857606,0.3802083333333333,0.04302639421806518,0.19047619047619047,105,0.19540229885057472,87,0.11265517880303871,0.07282165368928441,HIGH,soft,0.05672354249265026
ASIA,strong_dir_move,15,15,0.25,744,0.12634408602150538,0.05625704983277427,0.3387096774193548,0.08915541293065803,228,0.16228070175438597,0.10543315653474772,0.34649122807017546,0.03743176010996116,196,0.22448979591836735,0.08614028135526056,0.39285714285714285,0.03723996482781935,0.19327731092436976,119,0.2727272727272727,77,0.08043684399829971,0.09208211143695014,HIGH,soft,0.05625704983277427
ASIA,fast_move,15,15,0.25,744,0.12634408602150538,0.05625704983277427,0.3387096774193548,0.08915541293065803,228,0.16228070175438597,0.10543315653474772,0.34649122807017546,0.03743176010996116,196,0.22448979591836735,0.08614028135526056,0.39285714285714285,0.03723996482781935,0.19327731092436976,119,0.2727272727272727,77,0.08043684399829971,0.09208211143695014,HIGH,soft,0.05625704983277427
ASIA,high_local_vol,180,10,0.25,733,0.10641200545702592,0.05595983982161421,0.4665757162346521,0.1261035527369247,103,0.20388349514563106,0.17545972253581194,0.5533980582524272,0.053059578843549345,151,0.2052980132450331,0.1128405923204589,0.7350993377483444,0.05808157532347502,0.18309859154929578,71,0.225,80,0.12059859154929578,0.08306451612903226,HIGH,soft,0.05595983982161421
ASIA,vol_expansion_low,90,20,0.25,582,0.03608247422680412,-0.05353749174029741,0.0,0.0712787281537456,368,0.0,-0.04263565891472868,0.0,0.043204500684483664,72,0.013888888888888888,-0.13416936353829556,0.0,0.04246941997862577,0.021739130434782608,46,0.0,26,-0.09499238707494502,-0.2,LOW,soft,0.05353749174029741
ASIA,low_local_vol,180,20,0.25,1368,0.06286549707602339,-0.05326967665077338,0.3084795321637427,0.060893314641588814,671,0.019374068554396422,-0.031013528344828383,0.27123695976154993,0.041257262523275565,260,0.046153846153846156,-0.11443009545199326,0.3730769230769231,0.037533809467509775,0.032432432432432434,185,0.08,75,-0.07303631756756757,-0.1716129032258064,LOW,soft,0.05326967665077338
ASIA,vol_expansion_high,60,10,0.25,667,0.11694152923538231,0.053198540964092156,0.5112443778110944,0.09689404075913507,184,0.14673913043478262,0.10539546118413662,0.5380434782608695,0.04948667823977466,207,0.19806763285024154,0.09612588527742601,0.5555555555555556,0.04741816465656456,0.19827586206896552,116,0.1978021978021978,91,0.10489064806118342,0.08167316554413327,HIGH,soft,0.053198540964092156
ASIA,vol_expansion_low,120,10,0.25,726,0.01790633608815427,-0.053067276286731996,0.0013774104683195593,0.09975496033349765,375,0.008,-0.04109560723514212,0.0,0.045668307667485586,77,0.03896103896103896,-0.11637876686420374,0.0,0.04549082383219981,0.04,50,0.037037037037037035,27,-0.07284046692607005,-0.18876941457586618,LOW,soft,0.053067276286731996
ASIA,strong_and_persistent,90,30,0.25,272,0.19852941176470587,0.05275516332454705,0.7058823529411765,0.035452575663947196,172,0.1744186046511628,0.08785529715762275,0.6976744186046512,0.02856370259040595,165,0.3090909090909091,0.10035304501323919,0.7878787878787878,0.026717863949018945,0.23655913978494625,93,0.4027777777777778,72,0.0653529141040124,0.1318100358422939,HIGH,soft,0.05275516332454705
ASIA,strong_dir_move,60,15,0.25,667,0.1454272863568216,0.05261749543382312,0.553223388305847,0.08377650530700798,198,0.1414141414141414,0.08585858585858586,0.5151515151515151,0.03984687543262521,188,0.2074468085106383,0.07880603181160917,0.6276595744680851,0.042252183012558495,0.19811320754716982,106,0.21951219512195122,82,0.0813816900374422,0.07112509834775768,HIGH,soft,0.05261749543382312
ASIA,fast_move,60,15,0.25,667,0.1454272863568216,0.05261749543382312,0.553223388305847,0.08377650530700798,198,0.1414141414141414,0.08585858585858586,0.5151515151515151,0.03984687543262521,188,0.2074468085106383,0.07880603181160917,0.6276595744680851,0.042252183012558495,0.19811320754716982,106,0.21951219512195122,82,0.0813816900374422,0.07112509834775768,HIGH,soft,0.05261749543382312
ASIA,low_local_vol,15,15,0.25,1127,0.018633540372670808,-0.0514534958160603,0.00709849157054126,0.08829773288412536,541,0.005545286506469501,-0.05130225871316874,0.0036968576709796672,0.049094339336747,161,0.006211180124223602,-0.13213833443888318,0.012422360248447204,0.0515188663363963,0.0,116,0.022222222222222223,45,-0.11284046692607004,-0.15842293906810034,LOW,soft,0.0514534958160603
ASIA,strong_dir_move,90,15,0.25,601,0.11813643926788686,0.05120507227979837,0.6988352745424293,0.07397511959978156,209,0.11483253588516747,0.07865682529085222,0.6842105263157895,0.046311749955680964,189,0.20634920634920634,0.10198027431037139,0.7724867724867724,0.042853342482714676,0.18181818181818182,110,0.24050632911392406,79,0.0962150689777149,0.10502245814618211,HIGH,soft,0.05120507227979837
ASIA,fast_move,90,15,0.25,601,0.11813643926788686,0.05120507227979837,0.6988352745424293,0.07397511959978156,209,0.11483253588516747,0.07865682529085222,0.6842105263157895,0.046311749955680964,189,0.20634920634920634,0.10198027431037139,0.7724867724867724,0.042853342482714676,0.18181818181818182,110,0.24050632911392406,79,0.0962150689777149,0.10502245814618211,HIGH,soft,0.05120507227979837
ASIA,low_local_vol,90,20,0.25,1195,0.038493723849372385,-0.05112624211772915,0.1606694560669456,0.06161701565855641,658,0.0121580547112462,-0.03047760420348248,0.12917933130699089,0.04270419281489704,262,0.030534351145038167,-0.11752390128214629,0.17938931297709923,0.04113744261633838,0.028735632183908046,174,0.03409090909090909,88,-0.08799588532581959,-0.16590909090909092,LOW,soft,0.05112624211772915
ASIA,vol_expansion_high,30,10,0.25,725,0.10482758620689656,0.0508623116878914,0.4262068965517241,0.10464664880560982,207,0.1111111111111111,0.07881136950904392,0.38164251207729466,0.05075591298236207,224,0.13392857142857142,0.05383148404993064,0.41517857142857145,0.04680373396178478,0.125,128,0.14583333333333334,96,0.05496108949416342,0.04905913978494625,HIGH,soft,0.0508623116878914
ASIA,strong_and_persistent,30,15,0.25,348,0.13505747126436782,0.05059008506070757,0.47413793103448276,0.07047314942985738,168,0.125,0.07848837209302326,0.375,0.04597907229766504,146,0.17123287671232876,0.05715520680941613,0.5205479452054794,0.03871793844754836,0.1625,80,0.18181818181818182,66,0.06522373540856032,0.03988269794721408,HIGH,soft,0.05059008506070757
ASIA,low_local_vol,60,15,0.25,1276,0.04231974921630094,-0.05049004170669753,0.11128526645768025,0.080911157589639,638,0.014106583072100314,-0.041448972483455235,0.07210031347962383,0.046146853318790634,250,0.008,-0.12064077669902912,0.096,0.0483297568401302,0.011834319526627219,169,0.0,81,-0.1048971979831004,-0.14838709677419354,LOW,soft,0.05049004170669753
ASIA,low_local_vol,120,15,0.25,1415,0.06996466431095406,-0.04923460775456004,0.1773851590106007,0.06521127291882928,665,0.04962406015037594,-0.033063278350916055,0.17142857142857143,0.03604425158709463,269,0.09293680297397769,-0.11094669217165337,0.22676579925650558,0.03682872431802388,0.054945054945054944,182,0.1724137931034483,87,-0.09680591781759096,-0.11790878754171302,LOW,soft,0.04923460775456004
ASIA,fast_and_expanded,90,10,0.25,423,0.08983451536643026,0.04842782222973146,0.8486997635933806,0.08957871457807999,128,0.1328125,0.10697270671834626,0.875,0.058753647151340876,153,0.1568627450980392,0.08890158004949553,0.8758169934640523,0.05212533674188387,0.12195121951219512,82,0.19718309859154928,71,0.07136756192464648,0.10040890504316219,HIGH,soft,0.04842782222973146
ASIA,weak_dir_move,90,20,0.25,582,0.041237113402061855,-0.04838285256503968,0.0,0.07088178628102505,295,0.003389830508474576,-0.0392458284062541,0.0,0.04294496148323254,88,0.056818181818181816,-0.09124007060900263,0.0,0.04549243065763733,0.045454545454545456,66,0.09090909090909091,22,-0.07127697205518217,-0.1090909090909091,LOW,soft,0.04838285256503968
ASIA,slow_move,90,20,0.25,582,0.041237113402061855,-0.04838285256503968,0.0,0.07088178628102505,295,0.003389830508474576,-0.0392458284062541,0.0,0.04294496148323254,88,0.056818181818181816,-0.09124007060900263,0.0,0.04549243065763733,0.045454545454545456,66,0.09090909090909091,22,-0.07127697205518217,-0.1090909090909091,LOW,soft,0.04838285256503968
ASIA,low_local_vol,120,20,0.25,1415,0.10176678445229682,-0.048369703263808725,0.1773851590106007,0.05516650207514787,665,0.06766917293233082,-0.0318140312020361,0.17142857142857143,0.031104904397080045,269,0.11895910780669144,-0.12861370772728914,0.22676579925650558,0.03279268843227041,0.06593406593406594,182,0.22988505747126436,87,-0.09749005857955274,-0.157211716722284,LOW,soft,0.048369703263808725
ASIA,weak_dir_move,60,30,0.25,653,0.10872894333843798,-0.04680394804351,0.0,0.06494015421217006,295,0.04406779661016949,-0.04507949021153594,0.0,0.03608104027299167,94,0.13829787234042554,-0.06315843833918611,0.0,0.03496513136411424,0.13043478260869565,69,0.16,25,-0.052444594823210955,-0.07225806451612904,LOW,soft,0.04680394804351
ASIA,slow_move,60,30,0.25,653,0.10872894333843798,-0.04680394804351,0.0,0.06494015421217006,295,0.04406779661016949,-0.04507949021153594,0.0,0.03608104027299167,94,0.13829787234042554,-0.06315843833918611,0.0,0.03496513136411424,0.13043478260869565,69,0.16,25,-0.052444594823210955,-0.07225806451612904,LOW,soft,0.04680394804351
ASIA,weak_dir_move,15,20,0.25,721,0.049930651872399444,-0.04626724093566286,0.0,0.08548174344976932,276,0.025362318840579712,-0.04569711268396809,0.0,0.04145226254265133,96,0.10416666666666667,-0.09243527508090614,0.0,0.034932363081269076,0.08333333333333333,60,0.1388888888888889,36,-0.08398184176394292,-0.10627240143369174,LOW,soft,0.04626724093566286
ASIA,slow_move,15,20,0.25,721,0.049930651872399444,-0.04626724093566286,0.0,0.08548174344976932,276,0.025362318840579712,-0.04569711268396809,0.0,0.04145226254265133,96,0.10416666666666667,-0.09243527508090614,0.0,0.034932363081269076,0.08333333333333333,60,0.1388888888888889,36,-0.08398184176394292,-0.10627240143369174,LOW,soft,0.04626724093566286
ASIA,vol_expansion_low,180,10,0.25,694,0.004322766570605188,-0.04612939906480652,0.027377521613832854,0.12278137138741531,373,0.0,-0.028423772609819122,0.03753351206434316,0.06298420933369354,85,0.011764705882352941,-0.08069271504222127,0.047058823529411764,0.058094411747763884,0.0,59,0.038461538461538464,26,-0.0625,-0.10347394540942928,LOW,soft,0.04612939906480652
ASIA,weak_dir_move,30,20,0.25,705,0.07234042553191489,-0.04591391515320947,0.0,0.07938364960957921,292,0.003424657534246575,-0.045670949700895545,0.0,0.04228047881095523,98,0.07142857142857142,-0.06692094313453537,0.0,0.04574026707097261,0.047619047619047616,63,0.11428571428571428,35,-0.0730035204743376,-0.0534562211981567,LOW,soft,0.04591391515320947
ASIA,slow_move,30,20,0.25,705,0.07234042553191489,-0.04591391515320947,0.0,0.07938364960957921,292,0.003424657534246575,-0.045670949700895545,0.0,0.04228047881095523,98,0.07142857142857142,-0.06692094313453537,0.0,0.04574026707097261,0.047619047619047616,63,0.11428571428571428,35,-0.0730035204743376,-0.0534562211981567,LOW,soft,0.04591391515320947
ASIA,low_local_vol,180,15,0.25,1368,0.039473684210526314,-0.04572384077757459,0.3084795321637427,0.07201701442321432,671,0.013412816691505217,-0.029222842223223466,0.27123695976154993,0.04859745945614354,260,0.038461538461538464,-0.08562605277933745,0.3730769230769231,0.043310599526346874,0.02702702702702703,185,0.06666666666666667,75,-0.05500422297297297,-0.12688172043010754,LOW,soft,0.04572384077757459
ASIA,weak_dir_move,120,20,0.25,726,0.1046831955922865,-0.045453292123819045,0.0,0.07080900799218727,259,0.05791505791505792,-0.04156814621930901,0.0,0.033236134319527946,104,0.125,-0.12257281553398058,0.0,0.028357340990229126,0.07142857142857142,70,0.23529411764705882,34,-0.09199555308504725,-0.15180265654648956,LOW,soft,0.045453292123819045
ASIA,slow_move,120,20,0.25,726,0.1046831955922865,-0.045453292123819045,0.0,0.07080900799218727,259,0.05791505791505792,-0.04156814621930901,0.0,0.033236134319527946,104,0.125,-0.12257281553398058,0.0,0.028357340990229126,0.07142857142857142,70,0.23529411764705882,34,-0.09199555308504725,-0.15180265654648956,LOW,soft,0.045453292123819045
ASIA,weak_dir_move,120,15,0.25,726,0.0743801652892562,-0.0448191067762579,0.0,0.08321426889754456,259,0.05791505791505792,-0.024772280586234076,0.0,0.03848194628526106,104,0.125,-0.07888349514563106,0.0,0.03194387039678167,0.07142857142857142,70,0.23529411764705882,34,-0.08032240133407448,-0.05502846299810249,LOW,soft,0.0448191067762579
ASIA,slow_move,120,15,0.25,726,0.0743801652892562,-0.0448191067762579,0.0,0.08321426889754456,259,0.05791505791505792,-0.024772280586234076,0.0,0.03848194628526106,104,0.125,-0.07888349514563106,0.0,0.03194387039678167,0.07142857142857142,70,0.23529411764705882,34,-0.08032240133407448,-0.05502846299810249,LOW,soft,0.0448191067762579
ASIA,weak_dir_move,30,15,0.25,705,0.03971631205673759,-0.044751074146922656,0.0,0.0981444177061624,292,0.003424657534246575,-0.04308697037273017,0.0,0.04682172507955765,98,0.05102040816326531,-0.06305726173964732,0.0,0.054418723730753474,0.031746031746031744,63,0.08571428571428572,35,-0.06553023284540795,-0.05622119815668203,LOW,soft,0.044751074146922656
ASIA,slow_move,30,15,0.25,705,0.03971631205673759,-0.044751074146922656,0.0,0.0981444177061624,292,0.003424657534246575,-0.04308697037273017,0.0,0.04682172507955765,98,0.05102040816326531,-0.06305726173964732,0.0,0.054418723730753474,0.031746031746031744,63,0.08571428571428572,35,-0.06553023284540795,-0.05622119815668203,LOW,soft,0.044751074146922656
ASIA,strong_and_persistent,60,20,0.25,295,0.15932203389830507,0.04356476719764214,0.6,0.04735403682850373,152,0.14473684210526316,0.0801373589011288,0.5328947368421053,0.0325518458239884,160,0.23125,0.07105582524271845,0.63125,0.03378835533036968,0.21739130434782608,92,0.25,68,0.07342243275249535,0.06290322580645161,HIGH,soft,0.04356476719764214
ASIA,strong_and_persistent,15,10,0.25,397,0.08312342569269521,0.042811927754078626,0.3954659949622166,0.09519584713015403,162,0.13580246913580246,0.08412288257249498,0.35802469135802467,0.04344077099786435,152,0.1513157894736842,0.05665559529892693,0.3815789473684211,0.04707409185539558,0.15555555555555556,90,0.14516129032258066,62,0.0777345438824038,0.02258064516129034,HIGH,soft,0.042811927754078626
ASIA,strong_dir_move,30,10,0.25,725,0.09655172413793103,0.042586449618925874,0.42758620689655175,0.10947550527358729,213,0.09859154929577464,0.06629180769370746,0.37089201877934275,0.05435664129918765,192,0.140625,0.06052791262135922,0.484375,0.04678785382401241,0.12844036697247707,109,0.1566265060240964,83,0.058401456466640495,0.059852312475709296,HIGH,soft,0.042586449618925874
ASIA,fast_move,30,10,0.25,725,0.09655172413793103,0.042586449618925874,0.42758620689655175,0.10947550527358729,213,0.09859154929577464,0.06629180769370746,0.37089201877934275,0.05435664129918765,192,0.140625,0.06052791262135922,0.484375,0.04678785382401241,0.12844036697247707,109,0.1566265060240964,83,0.058401456466640495,0.059852312475709296,HIGH,soft,0.042586449618925874
ASIA,low_local_vol,30,10,0.25,1271,0.011801730920535013,-0.042163543598470146,0.04720692368214005,0.11064256735208383,596,0.0050335570469798654,-0.027266184555087315,0.018456375838926176,0.06525207231345712,219,0.0136986301369863,-0.06639845724165448,0.045662100456621,0.057583222108895084,0.013071895424836602,153,0.015151515151515152,66,-0.05696701508099997,-0.08162267839687194,LOW,soft,0.042163543598470146
ASIA,strong_dir_move,15,10,0.25,744,0.08198924731182795,0.04167774937321137,0.3387096774193548,0.10966605976894597,228,0.14912280701754385,0.09744322045423637,0.34649122807017546,0.04388364217401027,196,0.17346938775510204,0.07880919358034476,0.39285714285714285,0.04513474748844747,0.15966386554621848,119,0.19480519480519481,77,0.08184285387306672,0.0722245496439045,HIGH,soft,0.04167774937321137
ASIA,fast_move,15,10,0.25,744,0.08198924731182795,0.04167774937321137,0.3387096774193548,0.10966605976894597,228,0.14912280701754385,0.09744322045423637,0.34649122807017546,0.04388364217401027,196,0.17346938775510204,0.07880919358034476,0.39285714285714285,0.04513474748844747,0.15966386554621848,119,0.19480519480519481,77,0.08184285387306672,0.0722245496439045,HIGH,soft,0.04167774937321137
ASIA,low_local_vol,60,10,0.25,1276,0.022727272727272728,-0.04101571554401743,0.11128526645768025,0.1050341215652916,638,0.006269592476489028,-0.03507407677415697,0.07210031347962383,0.05449487571444742,250,0.004,-0.09794174757281553,0.096,0.05802741493395501,0.005917159763313609,169,0.0,81,-0.08746805424446849,-0.11612903225806452,LOW,soft,0.04101571554401743
ASIA,strong_dir_move,60,10,0.25,667,0.10344827586206896,0.03970528759077881,0.553223388305847,0.10253056907071621,198,0.1111111111111111,0.0697674418604651,0.5151515151515151,0.048145070336562276,188,0.17553191489361702,0.0735901673208015,0.6276595744680851,0.05025629336012737,0.16037735849056603,106,0.1951219512195122,82,0.06699214448278393,0.07899291896144768,HIGH,soft,0.03970528759077881
ASIA,fast_move,60,10,0.25,667,0.10344827586206896,0.03970528759077881,0.553223388305847,0.10253056907071621,198,0.1111111111111111,0.0697674418604651,0.5151515151515151,0.048145070336562276,188,0.17553191489361702,0.0735901673208015,0.6276595744680851,0.05025629336012737,0.16037735849056603,106,0.1951219512195122,82,0.06699214448278393,0.07899291896144768,HIGH,soft,0.03970528759077881
ASIA,vol_expansion_low,90,15,0.25,582,0.027491408934707903,-0.03943995805338059,0.0,0.08934812667055667,368,0.0,-0.03617571059431524,0.0,0.0515050999233875,72,0.0,-0.10436893203883495,0.0,0.05447020532056964,0.0,46,0.0,26,-0.08560311284046693,-0.13548387096774195,LOW,soft,0.03943995805338059
ASIA,low_local_vol,90,15,0.25,1195,0.027615062761506277,-0.039316304226582215,0.1606694560669456,0.07363422109542433,658,0.007598784194528876,-0.028576926399786366,0.12917933130699089,0.051607811539117074,262,0.007633587786259542,-0.0967353442525754,0.17938931297709923,0.05039753729058272,0.011494252873563218,174,0.0,88,-0.07410885996690371,-0.13548387096774195,LOW,soft,0.039316304226582215
ASIA,weak_dir_move,60,15,0.25,653,0.055130168453292494,-0.03767962246970598,0.0,0.0923370116060852,295,0.023728813559322035,-0.03182674199623352,0.0,0.0513282993487338,94,0.0425531914893617,-0.08608758520966742,0.0,0.04978198318553987,0.028985507246376812,69,0.08,25,-0.08774601026335081,-0.06838709677419354,LOW,soft,0.03767962246970598
ASIA,slow_move,60,15,0.25,653,0.055130168453292494,-0.03767962246970598,0.0,0.0923370116060852,295,0.023728813559322035,-0.03182674199623352,0.0,0.0513282993487338,94,0.0425531914893617,-0.08608758520966742,0.0,0.04978198318553987,0.028985507246376812,69,0.08,25,-0.08774601026335081,-0.06838709677419354,LOW,soft,0.03767962246970598
ASIA,vol_expansion_high,90,10,0.25,600,0.07833333333333334,0.03692664019663453,0.5983333333333334,0.09026550898464061,171,0.11695906432748537,0.09111927104583163,0.6549707602339181,0.05747202304524442,202,0.12871287128712872,0.06075170623858503,0.6633663366336634,0.05633854912041602,0.09734513274336283,113,0.16853932584269662,89,0.04676147515581419,0.07176513229430953,HIGH,soft,0.03692664019663453
ASIA,weak_dir_move,60,20,0.25,653,0.07963246554364471,-0.036124801157018216,0.0,0.07929700598640885,295,0.02711864406779661,-0.03748083913633775,0.0,0.04504246247697125,94,0.06382978723404255,-0.09636438752323902,0.0,0.04402681169027235,0.043478260869565216,69,0.12,25,-0.10049061072576551,-0.0670967741935484,LOW,soft,0.036124801157018216
ASIA,slow_move,60,20,0.25,653,0.07963246554364471,-0.036124801157018216,0.0,0.07929700598640885,295,0.02711864406779661,-0.03748083913633775,0.0,0.04504246247697125,94,0.06382978723404255,-0.09636438752323902,0.0,0.04402681169027235,0.043478260869565216,69,0.12,25,-0.10049061072576551,-0.0670967741935484,LOW,soft,0.036124801157018216
ASIA,weak_dir_move,90,15,0.25,582,0.030927835051546393,-0.0360035319365421,0.0,0.08636035318185163,295,0.0,-0.03617571059431524,0.0,0.05177313590180094,88,0.022727272727272728,-0.08164165931156223,0.0,0.05310555496908032,0.015151515151515152,66,0.045454545454545456,22,-0.07045159768895178,-0.09002932551319649,LOW,soft,0.0360035319365421
ASIA,slow_move,90,15,0.25,582,0.030927835051546393,-0.0360035319365421,0.0,0.08636035318185163,295,0.0,-0.03617571059431524,0.0,0.05177313590180094,88,0.022727272727272728,-0.08164165931156223,0.0,0.05310555496908032,0.015151515151515152,66,0.045454545454545456,22,-0.07045159768895178,-0.09002932551319649,LOW,soft,0.0360035319365421
ASIA,low_local_vol,120,10,0.25,1415,0.0353356890459364,-0.03563792332894987,0.1773851590106007,0.08163619693678956,665,0.019548872180451128,-0.029546735054690992,0.17142857142857143,0.04471669787356564,269,0.05204460966542751,-0.1032951961598152,0.22676579925650558,0.04553339169508717,0.027472527472527472,182,0.10344827586206896,87,-0.08536793945354257,-0.12235817575083426,LOW,soft,0.03563792332894987
ASIA,weak_dir_move,15,15,0.25,721,0.036061026352288486,-0.03402600983644262,0.0,0.10362924597927914,276,0.010869565217391304,-0.04597798000224694,0.0,0.04928888734813995,96,0.041666666666666664,-0.09668284789644013,0.0,0.03867513372848835,0.05,60,0.027777777777777776,36,-0.06284046692607004,-0.1528673835125448,LOW,soft,0.03402600983644262
ASIA,slow_move,15,15,0.25,721,0.036061026352288486,-0.03402600983644262,0.0,0.10362924597927914,276,0.010869565217391304,-0.04597798000224694,0.0,0.04928888734813995,96,0.041666666666666664,-0.09668284789644013,0.0,0.03867513372848835,0.05,60,0.027777777777777776,36,-0.06284046692607004,-0.1528673835125448,LOW,soft,0.03402600983644262
ASIA,weak_dir_move,120,10,0.25,726,0.03994490358126722,-0.031028708793619048,0.0,0.10593116571117715,259,0.02702702702702703,-0.022068580208115092,0.0,0.04717528713688475,104,0.08653846153846154,-0.06880134428678117,0.0,0.04022948983633759,0.04285714285714286,70,0.17647058823529413,34,-0.06998332406892718,-0.04933586337760909,LOW,soft,0.031028708793619048
ASIA,slow_move,120,10,0.25,726,0.03994490358126722,-0.031028708793619048,0.0,0.10593116571117715,259,0.02702702702702703,-0.022068580208115092,0.0,0.04717528713688475,104,0.08653846153846154,-0.06880134428678117,0.0,0.04022948983633759,0.04285714285714286,70,0.17647058823529413,34,-0.06998332406892718,-0.04933586337760909,LOW,soft,0.031028708793619048
ASIA,low_local_vol,15,10,0.25,1127,0.009760425909494233,-0.03055107202912235,0.00709849157054126,0.11618832314081294,541,0.005545286506469501,-0.04613430005683799,0.0036968576709796672,0.059846682030640745,161,0.006211180124223602,-0.08844901405053368,0.012422360248447204,0.06295588523840927,0.0,116,0.022222222222222223,45,-0.07782101167315175,-0.10035842293906809,LOW,soft,0.03055107202912235
ASIA,weak_dir_move,180,10,0.25,694,0.020172910662824207,-0.030279254972587502,0.0,0.12064419054817975,286,0.0034965034965034965,-0.024927269113315626,0.0,0.06153483761282876,97,0.061855670103092786,-0.03060175082148142,0.0,0.04869081210867733,0.029411764705882353,68,0.13793103448275862,29,-0.03308823529411765,-0.004004449388209125,LOW,soft,0.030279254972587502
ASIA,slow_move,180,10,0.25,694,0.020172910662824207,-0.030279254972587502,0.0,0.12064419054817975,286,0.0034965034965034965,-0.024927269113315626,0.0,0.06153483761282876,97,0.061855670103092786,-0.03060175082148142,0.0,0.04869081210867733,0.029411764705882353,68,0.13793103448275862,29,-0.03308823529411765,-0.004004449388209125,LOW,soft,0.030279254972587502
LONDON,low_local_vol,30,10,0.25,795,0.033962264150943396,-0.15981366945901512,0.10943396226415095,0.06185659153961124,187,0.0374331550802139,-0.19353458685526997,0.1657754010695187,0.042469846585505906,246,0.032520325203252036,-0.05464674501466563,0.10569105691056911,0.03893288780096223,0.05223880597014925,134,0.008928571428571428,112,-0.06449271153957838,-0.029532967032967036,LOW,soft,0.15981366945901512
LONDON,vol_expansion_low,30,10,0.25,795,0.04025157232704402,-0.1535243612829145,0.011320754716981131,0.06886591029523254,172,0.03488372093023256,-0.1960840210052513,0.011627906976744186,0.0461516049846701,216,0.027777777777777776,-0.05938929244013989,0.004629629629629629,0.04006469659614595,0.040983606557377046,122,0.010638297872340425,94,-0.07574791095235059,-0.027823240589198037,LOW,soft,0.1535243612829145
LONDON,strong_dir_move,60,10,0.25,820,0.30121951219512194,0.0997269748816891,1.0,0.07005739695560326,284,0.4471830985915493,0.11427987278509771,1.0,0.030351596383263485,92,0.2826086956521739,0.12522370775871142,1.0,0.030747425294793164,0.34375,64,0.14285714285714285,28,0.16865272373540857,0.014652014652014655,HIGH,soft,0.0997269748816891
LONDON,fast_move,60,10,0.25,820,0.30121951219512194,0.0997269748816891,1.0,0.07005739695560326,284,0.4471830985915493,0.11427987278509771,1.0,0.030351596383263485,92,0.2826086956521739,0.12522370775871142,1.0,0.030747425294793164,0.34375,64,0.14285714285714285,28,0.16865272373540857,0.014652014652014655,HIGH,soft,0.0997269748816891
LONDON,strong_dir_move,120,10,0.25,815,0.21226993865030674,0.08455708389237687,1.0,0.07277344355116128,304,0.22697368421052633,0.07729626485568761,1.0,0.03881291432716109,115,0.13043478260869565,0.05537424992104431,1.0,0.03406819435557536,0.0875,80,0.22857142857142856,35,0.025243190661478593,0.1324175824175824,HIGH,soft,0.08455708389237687
LONDON,fast_move,120,10,0.25,815,0.21226993865030674,0.08455708389237687,1.0,0.07277344355116128,304,0.22697368421052633,0.07729626485568761,1.0,0.03881291432716109,115,0.13043478260869565,0.05537424992104431,1.0,0.03406819435557536,0.0875,80,0.22857142857142856,35,0.025243190661478593,0.1324175824175824,HIGH,soft,0.08455708389237687
LONDON,strong_and_persistent,120,10,0.25,377,0.21220159151193635,0.08448873675400648,1.0,0.04956777971874124,278,0.2302158273381295,0.08053840798329079,1.0,0.03924911699358225,111,0.12612612612612611,0.05106559343847478,1.0,0.0335430683257251,0.07894736842105263,76,0.22857142857142856,35,0.016690559082531226,0.1324175824175824,HIGH,soft,0.08448873675400648
LONDON,strong_and_persistent,60,10,0.25,420,0.28095238095238095,0.07945984363894812,1.0,0.04973459689174715,244,0.44672131147540983,0.11381808566895824,1.0,0.02972853975204086,86,0.26744186046511625,0.11005687257165378,1.0,0.031015406521874487,0.3275862068965517,58,0.14285714285714285,28,0.15248893063196028,0.014652014652014655,HIGH,soft,0.07945984363894812
LONDON,strong_and_persistent,90,10,0.25,398,0.21608040201005024,0.07648754783472828,1.0,0.0486000536057441,288,0.23958333333333334,0.07571236559139785,1.0,0.03605623611509803,110,0.16363636363636364,0.08615452344265903,1.0,0.03952752327705968,0.15942028985507245,69,0.17073170731707318,41,0.08938137934923587,0.08098811757348344,HIGH,soft,0.07648754783472828
LONDON,weak_dir_move,60,10,0.25,796,0.13316582914572864,-0.0683267081677042,0.0,0.07157414878587634,228,0.2631578947368421,-0.0697453310696095,0.0,0.032777710141611446,182,0.11538461538461539,-0.042000372508847084,0.0,0.032962693094695766,0.11538461538461539,104,0.11538461538461539,78,-0.05971266087997604,-0.012820512820512803,LOW,soft,0.0683267081677042
LONDON,slow_move,60,10,0.25,796,0.13316582914572864,-0.0683267081677042,0.0,0.07157414878587634,228,0.2631578947368421,-0.0697453310696095,0.0,0.032777710141611446,182,0.11538461538461539,-0.042000372508847084,0.0,0.032962693094695766,0.11538461538461539,104,0.11538461538461539,78,-0.05971266087997604,-0.012820512820512803,LOW,soft,0.0683267081677042
LONDON,weak_dir_move,15,10,0.25,795,0.1509433962264151,-0.06652022123720239,0.0,0.06316512995463952,238,0.22268907563025211,-0.05473027920845755,0.0,0.03582170338193891,176,0.056818181818181816,-0.05698327096632181,0.0,0.04419845750791638,0.08333333333333333,108,0.014705882352941176,68,-0.04896238651102465,-0.06862745098039215,LOW,soft,0.06652022123720239
LONDON,slow_move,15,10,0.25,795,0.1509433962264151,-0.06652022123720239,0.0,0.06316512995463952,238,0.22268907563025211,-0.05473027920845755,0.0,0.03582170338193891,176,0.056818181818181816,-0.05698327096632181,0.0,0.04419845750791638,0.08333333333333333,108,0.014705882352941176,68,-0.04896238651102465,-0.06862745098039215,LOW,soft,0.06652022123720239
LONDON,weak_dir_move,120,10,0.25,791,0.06700379266750948,-0.06070906209042039,0.0,0.08481170769752117,201,0.07462686567164178,-0.07505055368319694,0.0,0.04634042257434708,149,0.03355704697986577,-0.041503485707785566,0.0,0.04476757861404219,0.024390243902439025,82,0.04477611940298507,67,-0.037866565436082376,-0.05137772675086109,LOW,soft,0.06070906209042039
LONDON,slow_move,120,10,0.25,791,0.06700379266750948,-0.06070906209042039,0.0,0.08481170769752117,201,0.07462686567164178,-0.07505055368319694,0.0,0.04634042257434708,149,0.03355704697986577,-0.041503485707785566,0.0,0.04476757861404219,0.024390243902439025,82,0.04477611940298507,67,-0.037866565436082376,-0.05137772675086109,LOW,soft,0.06070906209042039
LONDON,weak_dir_move,90,15,0.25,799,0.15894868585732166,-0.05791878402219641,0.0,0.05737575857078588,213,0.15023474178403756,-0.10395880660305923,0.0,0.03230203326842858,153,0.08496732026143791,-0.053047207583598405,0.0,0.03587843431609493,0.0967741935483871,93,0.06666666666666667,60,-0.03941257687962846,-0.07435897435897436,LOW,soft,0.05791878402219641
LONDON,slow_move,90,15,0.25,799,0.15894868585732166,-0.05791878402219641,0.0,0.05737575857078588,213,0.15023474178403756,-0.10395880660305923,0.0,0.03230203326842858,153,0.08496732026143791,-0.053047207583598405,0.0,0.03587843431609493,0.0967741935483871,93,0.06666666666666667,60,-0.03941257687962846,-0.07435897435897436,LOW,soft,0.05791878402219641
LONDON,weak_dir_move,90,10,0.25,799,0.09011264080100125,-0.04948021337432072,0.0,0.07117815811744845,213,0.09389671361502347,-0.06997425412691202,0.0,0.037212688023785044,153,0.0392156862745098,-0.0382661539191948,0.0,0.04416649444342384,0.043010752688172046,93,0.03333333333333333,60,-0.02702815781766453,-0.05641025641025641,LOW,soft,0.04948021337432072
LONDON,slow_move,90,10,0.25,799,0.09011264080100125,-0.04948021337432072,0.0,0.07117815811744845,213,0.09389671361502347,-0.06997425412691202,0.0,0.037212688023785044,153,0.0392156862745098,-0.0382661539191948,0.0,0.04416649444342384,0.043010752688172046,93,0.03333333333333333,60,-0.02702815781766453,-0.05641025641025641,LOW,soft,0.04948021337432072
NY_AM,quiet_wait,15,30,0.25,477,0.8176100628930818,-0.11273819581338584,0.0,0.013265729697156153,198,0.8080808080808081,-0.11439981207423067,0.0,0.007307752001362534,87,0.8505747126436781,-0.06932819997768114,0.0,0.005710809026414563,0.9090909090909091,55,0.75,32,-0.0014149274849664106,-0.18548387096774188,LOW,soft,0.11273819581338584
NY_AM,quiet_wait,15,45,0.25,477,0.870020964360587,-0.08644669733095534,0.0,0.0116018210755759,198,0.8737373737373737,-0.0810429880197322,0.0,0.00622734400793279,87,0.8850574712643678,-0.06397165494922441,0.0,0.004952073911708885,0.9272727272727272,55,0.8125,32,-0.018252564556066497,-0.14233870967741935,LOW,soft,0.08644669733095534
NY_AM,fast_and_expanded,30,30,0.25,578,0.9826989619377162,0.07714800916223985,1.0,0.011520325874680685,161,0.9813664596273292,0.0743897154412827,1.0,0.005721603103462596,112,0.9910714285714286,0.08815880721220526,1.0,0.007076443607018669,0.9850746268656716,67,1.0,45,0.07456879028979613,0.10967741935483866,HIGH,soft,0.07714800916223985
NY_AM,vol_expansion_high,60,45,0.25,821,0.9866017052375152,0.07355822697664571,0.9147381242387332,0.010347549662164737,240,0.9875,0.08439922480620154,0.9125,0.005616555355777586,153,0.9803921568627451,0.09932419569769646,0.9411764705882353,0.0062403706792109655,0.967741935483871,93,1.0,60,0.10392870591188652,0.0903225806451613,HIGH,soft,0.07355822697664571
NY_AM,strong_dir_move,15,15,0.25,820,0.8878048780487805,0.07271366743518182,1.0,0.014823620343842102,229,0.9301310043668122,0.12263746431513256,1.0,0.007685505472667626,138,0.8985507246376812,0.058744899394962746,1.0,0.007375415741827798,0.8928571428571429,84,0.9074074074074074,54,0.04849916620344641,0.07514934289127839,HIGH,soft,0.07271366743518182
NY_AM,fast_move,15,15,0.25,820,0.8878048780487805,0.07271366743518182,1.0,0.014823620343842102,229,0.9301310043668122,0.12263746431513256,1.0,0.007685505472667626,138,0.8985507246376812,0.058744899394962746,1.0,0.007375415741827798,0.8928571428571429,84,0.9074074074074074,54,0.04849916620344641,0.07514934289127839,HIGH,soft,0.07271366743518182
NY_AM,strong_dir_move,15,10,0.25,820,0.7829268292682927,0.07106944950046523,1.0,0.017980970631210763,229,0.7860262008733624,0.11289958588628224,1.0,0.010101590640976054,138,0.8188405797101449,0.07612213310820315,1.0,0.009317413482332391,0.7976190476190477,84,0.8518518518518519,54,0.054428386140448426,0.10991636798088411,HIGH,soft,0.07106944950046523
NY_AM,fast_move,15,10,0.25,820,0.7829268292682927,0.07106944950046523,1.0,0.017980970631210763,229,0.7860262008733624,0.11289958588628224,1.0,0.010101590640976054,138,0.8188405797101449,0.07612213310820315,1.0,0.009317413482332391,0.7976190476190477,84,0.8518518518518519,54,0.054428386140448426,0.10991636798088411,HIGH,soft,0.07106944950046523
NY_AM,strong_dir_move,90,30,0.25,818,0.871638141809291,0.07088938972942416,1.0,0.013763780298319837,240,0.8708333333333333,0.10209948320413442,1.0,0.007791886013071997,158,0.8860759493670886,0.12151284257097206,1.0,0.007833447538602507,0.88,100,0.896551724137931,58,0.11735408560311289,0.12880978865406012,HIGH,soft,0.07088938972942416
NY_AM,fast_move,90,30,0.25,818,0.871638141809291,0.07088938972942416,1.0,0.013763780298319837,240,0.8708333333333333,0.10209948320413442,1.0,0.007791886013071997,158,0.8860759493670886,0.12151284257097206,1.0,0.007833447538602507,0.88,100,0.896551724137931,58,0.11735408560311289,0.12880978865406012,HIGH,soft,0.07088938972942416
NY_AM,vol_expansion_low,15,45,0.25,796,0.8869346733668342,-0.06953298832470811,0.28266331658291455,0.010684570267887602,322,0.8975155279503105,-0.05726483380679537,0.2515527950310559,0.005974159222553991,154,0.8831168831168831,-0.06591224309670918,0.33766233766233766,0.0048683870705144424,0.8865979381443299,97,0.8771929824561403,57,-0.05892735368446389,-0.07764572722127905,LOW,soft,0.06953298832470811
NY_AM,weak_dir_move,60,10,0.25,798,0.47619047619047616,-0.0687370600414079,0.17167919799498746,0.027784684852216714,274,0.4708029197080292,-0.06408080122220333,0.17518248175182483,0.01354838077399864,132,0.3787878787878788,-0.12606649014416005,0.13636363636363635,0.01953357587663504,0.4230769230769231,78,0.3148148148148148,54,-0.07108650104759057,-0.2077658303464755,LOW,soft,0.0687370600414079
NY_AM,slow_move,60,10,0.25,798,0.47619047619047616,-0.0687370600414079,0.17167919799498746,0.027784684852216714,274,0.4708029197080292,-0.06408080122220333,0.17518248175182483,0.01354838077399864,132,0.3787878787878788,-0.12606649014416005,0.13636363636363635,0.01953357587663504,0.4230769230769231,78,0.3148148148148148,54,-0.07108650104759057,-0.2077658303464755,LOW,soft,0.0687370600414079
NY_AM,high_local_vol,15,30,0.25,820,0.998780487804878,0.0684322290984104,0.7012195121951219,0.01120428441085953,203,1.0,0.07751937984496127,0.6945812807881774,0.005470118010754778,138,1.0,0.08009708737864074,0.7246376811594203,0.005633089940178399,1.0,82,1.0,56,0.08949416342412453,0.06451612903225812,HIGH,soft,0.0684322290984104
NY_AM,fast_and_expanded,60,45,0.25,581,0.9810671256454389,0.06802364738456934,1.0,0.010494387031538188,173,0.9826589595375722,0.07955818434377371,1.0,0.005489980056286953,113,0.9911504424778761,0.1100824813128275,1.0,0.006015335407659248,0.9846153846153847,65,1.0,48,0.1208021550434002,0.0903225806451613,HIGH,soft,0.06802364738456934
NY_AM,strong_and_persistent,30,15,0.25,501,0.8582834331337326,0.06706553752478472,1.0,0.014143702628908475,188,0.8351063829787234,0.07800043982626859,1.0,0.0071496391658130605,128,0.828125,0.09996966019417475,1.0,0.009622082118674592,0.7948717948717948,78,0.88,50,0.06335428514416841,0.15741935483870972,HIGH,soft,0.06706553752478472
NY_AM,strong_and_persistent,15,10,0.25,583,0.7787307032590052,0.0668733234911777,1.0,0.016929724563130084,171,0.7777777777777778,0.10465116279069764,1.0,0.009124046959757144,114,0.8070175438596491,0.06429909725770733,1.0,0.00941875720088315,0.7761194029850746,67,0.851063829787234,47,0.0329287415064754,0.1091283459162663,HIGH,soft,0.0668733234911777
NY_AM,vol_expansion_high,15,30,0.25,820,0.9963414634146341,0.0659932047081665,0.8609756097560975,0.010762683347077412,219,0.9908675799086758,0.06838695975363707,0.8538812785388128,0.005196565109057071,143,1.0,0.08009708737864074,0.8391608391608392,0.005543558893057514,1.0,85,1.0,58,0.08949416342412453,0.06451612903225812,HIGH,soft,0.0659932047081665
NY_AM,strong_and_persistent,15,15,0.25,583,0.8799313893653516,0.06484017875175296,1.0,0.014143209006277701,171,0.9239766081871345,0.11648306813545484,1.0,0.006898912964426354,114,0.8947368421052632,0.05493101686254476,1.0,0.007384418551232197,0.8805970149253731,67,0.9148936170212766,47,0.03623903827167663,0.08263555250514754,HIGH,soft,0.06484017875175296
NY_AM,weak_dir_move,60,15,0.25,798,0.6077694235588973,-0.0646943445570447,0.17167919799498746,0.023401728291118164,274,0.5948905109489051,-0.06402421773326539,0.17518248175182483,0.011801689934261894,132,0.5606060606060606,-0.08745219182112396,0.13636363636363635,0.015554323491722675,0.6025641025641025,78,0.5,54,-0.031677142572084205,-0.17096774193548392,LOW,soft,0.0646943445570447
NY_AM,slow_move,60,15,0.25,798,0.6077694235588973,-0.0646943445570447,0.17167919799498746,0.023401728291118164,274,0.5948905109489051,-0.06402421773326539,0.17518248175182483,0.011801689934261894,132,0.5606060606060606,-0.08745219182112396,0.13636363636363635,0.015554323491722675,0.6025641025641025,78,0.5,54,-0.031677142572084205,-0.17096774193548392,LOW,soft,0.0646943445570447
NY_AM,fast_and_expanded,15,30,0.25,575,0.9947826086956522,0.06443434998918451,1.0,0.010723137199438293,156,0.9871794871794872,0.06469886702444849,1.0,0.005015297123620392,97,1.0,0.08009708737864074,1.0,0.005575953125237137,1.0,58,1.0,39,0.08949416342412453,0.06451612903225812,HIGH,soft,0.06443434998918451
NY_AM,strong_and_persistent,60,10,0.25,476,0.6092436974789915,0.06431616124710748,1.0,0.019769220118814154,202,0.6237623762376238,0.08887865530739125,1.0,0.01261634362510763,127,0.6141732283464567,0.10931885941441788,1.0,0.011003390277149428,0.5616438356164384,73,0.6851851851851852,54,0.06748041149192474,0.1626045400238949,HIGH,soft,0.06431616124710748
NY_AM,weak_dir_move,90,10,0.25,793,0.4047919293820933,-0.06359409391241583,0.2572509457755359,0.025922433536850382,269,0.379182156133829,-0.0523423916697886,0.26394052044609667,0.014263593942228682,124,0.29838709677419356,-0.1142342624491074,0.33064516129032256,0.015960903148953248,0.2638888888888889,72,0.34615384615384615,52,-0.12910722006052744,-0.09900744416873453,LOW,soft,0.06359409391241583
NY_AM,slow_move,90,10,0.25,793,0.4047919293820933,-0.06359409391241583,0.2572509457755359,0.025922433536850382,269,0.379182156133829,-0.0523423916697886,0.26394052044609667,0.014263593942228682,124,0.29838709677419356,-0.1142342624491074,0.33064516129032256,0.015960903148953248,0.2638888888888889,72,0.34615384615384615,52,-0.12910722006052744,-0.09900744416873453,LOW,soft,0.06359409391241583
NY_AM,strong_and_persistent,60,15,0.25,476,0.7352941176470589,0.06283034953111688,1.0,0.016551411373337096,202,0.7524752475247525,0.09356051884258199,1.0,0.010153090360557351,127,0.7559055118110236,0.1078472593838391,1.0,0.009103083081553906,0.7123287671232876,73,0.8148148148148148,54,0.0780875219871009,0.14384707287933085,HIGH,soft,0.06283034953111688
NY_AM,weak_dir_move,90,20,0.25,793,0.6229508196721312,-0.0625733067837756,0.2572509457755359,0.01956608605231254,269,0.5985130111524164,-0.06298569685791955,0.26394052044609667,0.010569351783419976,124,0.5161290322580645,-0.12707485123708118,0.33064516129032256,0.010607671647790204,0.5833333333333334,72,0.4230769230769231,52,-0.06647211413748377,-0.2091811414392059,LOW,soft,0.0625733067837756
NY_AM,slow_move,90,20,0.25,793,0.6229508196721312,-0.0625733067837756,0.2572509457755359,0.01956608605231254,269,0.5985130111524164,-0.06298569685791955,0.26394052044609667,0.010569351783419976,124,0.5161290322580645,-0.12707485123708118,0.33064516129032256,0.010607671647790204,0.5833333333333334,72,0.4230769230769231,52,-0.06647211413748377,-0.2091811414392059,LOW,soft,0.0625733067837756
NY_AM,strong_dir_move,60,30,0.25,821,0.902557856272838,0.05907959540327279,1.0,0.012848615945618204,255,0.9176470588235294,0.08818969448244407,1.0,0.006997044863344258,158,0.8987341772151899,0.07106427430256856,1.0,0.006805313228626614,0.8586956521739131,92,0.9545454545454546,66,0.033792928438504566,0.12228739002932554,HIGH,soft,0.05907959540327279
NY_AM,fast_move,60,30,0.25,821,0.902557856272838,0.05907959540327279,1.0,0.012848615945618204,255,0.9176470588235294,0.08818969448244407,1.0,0.006997044863344258,158,0.8987341772151899,0.07106427430256856,1.0,0.006805313228626614,0.8586956521739131,92,0.9545454545454546,66,0.033792928438504566,0.12228739002932554,HIGH,soft,0.05907959540327279
NY_AM,weak_dir_move,90,15,0.25,793,0.5372005044136192,-0.058889345835964835,0.2572509457755359,0.022144616757250386,269,0.5055762081784386,-0.07194317166652264,0.26394052044609667,0.01201717951525537,124,0.4274193548387097,-0.13326025681177572,0.33064516129032256,0.012895003914652092,0.4444444444444444,72,0.40384615384615385,52,-0.11197578901859062,-0.16389578163771712,LOW,soft,0.058889345835964835
NY_AM,slow_move,90,15,0.25,793,0.5372005044136192,-0.058889345835964835,0.2572509457755359,0.022144616757250386,269,0.5055762081784386,-0.07194317166652264,0.26394052044609667,0.01201717951525537,124,0.4274193548387097,-0.13326025681177572,0.33064516129032256,0.012895003914652092,0.4444444444444444,72,0.40384615384615385,52,-0.11197578901859062,-0.16389578163771712,LOW,soft,0.058889345835964835
NY_AM,weak_dir_move,30,15,0.25,797,0.7327478042659975,-0.05847009134295034,0.033877038895859475,0.015995726469736217,286,0.6643356643356644,-0.09277027881679045,0.02097902097902098,0.008799479914321682,135,0.6370370370370371,-0.09111830276878818,0.05925925925925926,0.014160389985609234,0.6951219512195121,82,0.5471698113207547,53,-0.03639555850811427,-0.17541083384053557,LOW,soft,0.05847009134295034
NY_AM,slow_move,30,15,0.25,797,0.7327478042659975,-0.05847009134295034,0.033877038895859475,0.015995726469736217,286,0.6643356643356644,-0.09277027881679045,0.02097902097902098,0.008799479914321682,135,0.6370370370370371,-0.09111830276878818,0.05925925925925926,0.014160389985609234,0.6951219512195121,82,0.5471698113207547,53,-0.03639555850811427,-0.17541083384053557,LOW,soft,0.05847009134295034
NY_AM,weak_dir_move,30,20,0.25,797,0.7892095357590966,-0.05751788760461507,0.033877038895859475,0.014294047161815478,286,0.7342657342657343,-0.09519163007535103,0.02097902097902098,0.00761374916468327,135,0.7037037037037037,-0.08270406328658753,0.05925925925925926,0.012582461866472966,0.7317073170731707,82,0.660377358490566,53,-0.046502799658346805,-0.13962264150943404,LOW,soft,0.05751788760461507
NY_AM,slow_move,30,20,0.25,797,0.7892095357590966,-0.05751788760461507,0.033877038895859475,0.014294047161815478,286,0.7342657342657343,-0.09519163007535103,0.02097902097902098,0.00761374916468327,135,0.7037037037037037,-0.08270406328658753,0.05925925925925926,0.012582461866472966,0.7317073170731707,82,0.660377358490566,53,-0.046502799658346805,-0.13962264150943404,LOW,soft,0.05751788760461507
NY_AM,strong_dir_move,15,20,0.25,820,0.9365853658536586,0.056817538324636985,1.0,0.012587529047766562,229,0.9650655021834061,0.09684844791984026,1.0,0.006662877976550042,138,0.9420289855072463,0.053679470944139496,1.0,0.006384293044886603,0.9404761904761905,84,0.9444444444444444,54,0.04942560681860286,0.0605734767025089,HIGH,soft,0.056817538324636985
NY_AM,fast_move,15,20,0.25,820,0.9365853658536586,0.056817538324636985,1.0,0.012587529047766562,229,0.9650655021834061,0.09684844791984026,1.0,0.006662877976550042,138,0.9420289855072463,0.053679470944139496,1.0,0.006384293044886603,0.9404761904761905,84,0.9444444444444444,54,0.04942560681860286,0.0605734767025089,HIGH,soft,0.056817538324636985
NY_AM,strong_and_persistent,60,20,0.25,476,0.8130252100840336,0.05567531360370237,1.0,0.014547268610493928,202,0.8217821782178217,0.07242817304986304,1.0,0.008453735372367769,127,0.8503937007874016,0.11495680758351812,1.0,0.008095770458565221,0.7945205479452054,73,0.9259259259259259,54,0.07078513938489417,0.17108721624850654,HIGH,soft,0.05567531360370237
NY_AM,strong_dir_move,90,45,0.25,818,0.9266503667481663,0.05560211383635261,1.0,0.011724049143987485,240,0.9291666666666667,0.06353359173126616,1.0,0.006609045617681624,158,0.9113924050632911,0.06430502642251446,1.0,0.00677660804241696,0.91,100,0.9137931034482759,58,0.06175097276264596,0.06863181312569522,HIGH,soft,0.05560211383635261
NY_AM,fast_move,90,45,0.25,818,0.9266503667481663,0.05560211383635261,1.0,0.011724049143987485,240,0.9291666666666667,0.06353359173126616,1.0,0.006609045617681624,158,0.9113924050632911,0.06430502642251446,1.0,0.00677660804241696,0.91,100,0.9137931034482759,58,0.06175097276264596,0.06863181312569522,HIGH,soft,0.05560211383635261
NY_AM,strong_and_persistent,30,20,0.25,501,0.9021956087824351,0.05546818541872345,1.0,0.012379070638050237,188,0.8936170212765957,0.0641596569355104,1.0,0.006189367851997986,128,0.875,0.08859223300970875,1.0,0.008591806464121386,0.8589743589743589,78,0.9,50,0.0807642422428414,0.09999999999999998,HIGH,soft,0.05546818541872345
NY_AM,strong_dir_move,30,30,0.25,821,0.9598051157125457,0.054254162937069306,1.0,0.010843459853730012,249,0.963855421686747,0.056878677500700525,1.0,0.005482317659981357,149,0.9731543624161074,0.07024174105688408,1.0,0.00730689482243932,0.9782608695652174,92,0.9649122807017544,57,0.06775503298934193,0.07458970005659304,HIGH,soft,0.054254162937069306
NY_AM,fast_move,30,30,0.25,821,0.9598051157125457,0.054254162937069306,1.0,0.010843459853730012,249,0.963855421686747,0.056878677500700525,1.0,0.005482317659981357,149,0.9731543624161074,0.07024174105688408,1.0,0.00730689482243932,0.9782608695652174,92,0.9649122807017544,57,0.06775503298934193,0.07458970005659304,HIGH,soft,0.054254162937069306
NY_AM,weak_dir_move,60,20,0.25,798,0.7042606516290727,-0.053089244851258544,0.17167919799498746,0.019259660309976702,274,0.6861313868613139,-0.06322261830664477,0.17518248175182483,0.0097612439657254,132,0.6212121212121212,-0.11422477199176229,0.13636363636363635,0.013729553508000392,0.6410256410256411,78,0.5925925925925926,54,-0.08270976753467019,-0.16224611708482684,LOW,soft,0.053089244851258544
NY_AM,slow_move,60,20,0.25,798,0.7042606516290727,-0.053089244851258544,0.17167919799498746,0.019259660309976702,274,0.6861313868613139,-0.06322261830664477,0.17518248175182483,0.0097612439657254,132,0.6212121212121212,-0.11422477199176229,0.13636363636363635,0.013729553508000392,0.6410256410256411,78,0.5925925925925926,54,-0.08270976753467019,-0.16224611708482684,LOW,soft,0.053089244851258544
NY_AM,high_local_vol,30,45,0.25,821,0.997563946406821,0.05183072354020957,0.7697929354445798,0.010343494905718932,225,1.0,0.05813953488372092,0.7911111111111111,0.005177111442030707,146,1.0,0.058252427184465994,0.8493150684931506,0.006091886498238665,1.0,88,1.0,58,0.05058365758754868,0.07096774193548383,HIGH,soft,0.05183072354020957
NY_AM,strong_and_persistent,15,20,0.25,583,0.9313893653516295,0.05162153782260792,1.0,0.011985721221348737,171,0.9590643274853801,0.09084727322181418,1.0,0.0058281922385559366,114,0.9298245614035088,0.04147504684040193,1.0,0.0063481255412467675,0.9253731343283582,67,0.9361702127659575,47,0.03432255067077061,0.052299245024021945,HIGH,soft,0.05162153782260792
NY_AM,strong_and_persistent,90,30,0.25,470,0.8489361702127659,0.04818741813289906,1.0,0.012382453415041326,204,0.8578431372549019,0.08910928712570299,1.0,0.008106476969610761,128,0.875,0.1104368932038835,1.0,0.007601733379007044,0.8589743589743589,78,0.9,50,0.0963284445774718,0.1322580645161291,HIGH,soft,0.04818741813289906
NY_AM,vol_expansion_high,30,45,0.25,821,0.9939098660170523,0.0481766431504409,0.8855054811205847,0.010141047859601411,214,1.0,0.05813953488372092,0.9158878504672897,0.004990566530683834,149,1.0,0.058252427184465994,0.9261744966442953,0.006002415759006467,1.0,87,1.0,62,0.05058365758754868,0.07096774193548383,HIGH,soft,0.0481766431504409
NY_AM,fast_and_expanded,30,45,0.25,578,0.9913494809688581,0.045616258102246676,1.0,0.010042145997669765,161,1.0,0.05813953488372092,1.0,0.0048000602920901065,112,1.0,0.058252427184465994,1.0,0.005761443667816404,1.0,67,1.0,45,0.05058365758754868,0.07096774193548383,HIGH,soft,0.045616258102246676
NY_AM,strong_dir_move,15,30,0.25,820,0.975609756097561,0.04526149739109331,1.0,0.010284130640382732,229,0.982532751091703,0.06005213093666428,1.0,0.0054213881282422285,138,0.9782608695652174,0.05835795694385815,1.0,0.005674561244734018,0.9761904761904762,84,0.9814814814814815,54,0.06568463961460069,0.04599761051373963,HIGH,soft,0.04526149739109331
NY_AM,fast_move,15,30,0.25,820,0.975609756097561,0.04526149739109331,1.0,0.010284130640382732,229,0.982532751091703,0.06005213093666428,1.0,0.0054213881282422285,138,0.9782608695652174,0.05835795694385815,1.0,0.005674561244734018,0.9761904761904762,84,0.9814814814814815,54,0.06568463961460069,0.04599761051373963,HIGH,soft,0.04526149739109331
NY_AM,weak_dir_move,30,30,0.25,797,0.8619824341279799,-0.043568518647496446,0.033877038895859475,0.012189878170706447,286,0.8356643356643356,-0.07131240852171083,0.02097902097902098,0.006560128813452371,135,0.8222222222222222,-0.08069039913700116,0.05925925925925926,0.009870926903622044,0.8536585365853658,82,0.7735849056603774,53,-0.05684729999050964,-0.11673767498478393,LOW,soft,0.043568518647496446
NY_AM,slow_move,30,30,0.25,797,0.8619824341279799,-0.043568518647496446,0.033877038895859475,0.012189878170706447,286,0.8356643356643356,-0.07131240852171083,0.02097902097902098,0.006560128813452371,135,0.8222222222222222,-0.08069039913700116,0.05925925925925926,0.009870926903622044,0.8536585365853658,82,0.7735849056603774,53,-0.05684729999050964,-0.11673767498478393,LOW,soft,0.043568518647496446
NY_AM,high_local_vol,15,45,0.25,820,1.0,0.04353233830845771,0.7012195121951219,0.009804242566172591,203,1.0,0.0452196382428941,0.6945812807881774,0.004840964722940295,138,1.0,0.050970873786407744,0.7246376811594203,0.004907216649381643,1.0,82,1.0,56,0.054474708171206254,0.04516129032258065,HIGH,soft,0.04353233830845771
NY_AM,vol_expansion_high,15,45,0.25,820,0.998780487804878,0.042312826113335755,0.8609756097560975,0.009385927092456964,219,1.0,0.0452196382428941,0.8538812785388128,0.004435022828455406,143,1.0,0.050970873786407744,0.8391608391608392,0.004789133990487398,1.0,85,1.0,58,0.054474708171206254,0.04516129032258065,HIGH,soft,0.042312826113335755
NY_AM,fast_and_expanded,15,45,0.25,575,0.9982608695652174,0.04179320787367513,1.0,0.009298988271666326,156,1.0,0.0452196382428941,1.0,0.00434043899911682,97,1.0,0.050970873786407744,1.0,0.004913860295677279,1.0,58,1.0,39,0.054474708171206254,0.04516129032258065,HIGH,soft,0.04179320787367513
NY_AM,strong_and_persistent,90,45,0.25,470,0.9106382978723404,0.03959004496052676,1.0,0.01072950699205453,204,0.9215686274509803,0.0559355525155798,1.0,0.006876693730551922,128,0.8984375,0.051350121359223344,1.0,0.006563761846640623,0.8846153846153846,78,0.92,50,0.03636635737803051,0.07483870967741935,HIGH,soft,0.03959004496052676
NY_AM,strong_and_persistent,15,30,0.25,583,0.9691252144082333,0.03877695570176565,1.0,0.00984801033412742,171,0.9824561403508771,0.059975520195838405,1.0,0.004662706228868059,114,0.9736842105263158,0.05378129790495656,1.0,0.005595955639087973,0.9701492537313433,67,0.9787234042553191,47,0.05964341715546784,0.043239533287577236,HIGH,soft,0.03877695570176565
NY_AM,strong_and_persistent,30,30,0.25,501,0.9441117764471058,0.038560823671629385,1.0,0.010782773509426911,188,0.9521276595744681,0.04515091538842164,1.0,0.005522286602439913,128,0.96875,0.06583737864077666,1.0,0.007227510409070504,0.9743589743589743,78,0.96,50,0.06385313778309887,0.06967741935483862,HIGH,soft,0.038560823671629385
NY_AM,strong_dir_move,30,45,0.25,821,0.9817295980511571,0.03599637518454568,1.0,0.009454166421102615,249,0.9879518072289156,0.046091342112636546,1.0,0.004575932304590536,149,0.9932885906040269,0.05154101778849285,1.0,0.006088242888574315,1.0,92,0.9824561403508771,57,0.05058365758754868,0.05342388228636097,HIGH,soft,0.03599637518454568
NY_AM,fast_move,30,45,0.25,821,0.9817295980511571,0.03599637518454568,1.0,0.009454166421102615,249,0.9879518072289156,0.046091342112636546,1.0,0.004575932304590536,149,0.9932885906040269,0.05154101778849285,1.0,0.006088242888574315,1.0,92,0.9824561403508771,57,0.05058365758754868,0.05342388228636097,HIGH,soft,0.03599637518454568
NY_AM,weak_dir_move,90,30,0.25,793,0.7654476670870114,-0.03530108499285545,0.2572509457755359,0.015881204942051894,269,0.6951672862453532,-0.07356656388384575,0.26394052044609667,0.008758567994946847,124,0.6693548387096774,-0.09520826808643912,0.33064516129032256,0.008857696985015874,0.6666666666666666,72,0.6730769230769231,52,-0.09597924773022048,-0.0946650124069478,LOW,soft,0.03530108499285545
NY_AM,slow_move,90,30,0.25,793,0.7654476670870114,-0.03530108499285545,0.2572509457755359,0.015881204942051894,269,0.6951672862453532,-0.07356656388384575,0.26394052044609667,0.008758567994946847,124,0.6693548387096774,-0.09520826808643912,0.33064516129032256,0.008857696985015874,0.6666666666666666,72,0.6730769230769231,52,-0.09597924773022048,-0.0946650124069478,LOW,soft,0.03530108499285545
NY_AM,weak_dir_move,90,45,0.25,793,0.8360655737704918,-0.034982679141321804,0.2572509457755359,0.013521632421332586,269,0.8178438661710037,-0.04778920876439685,0.26394052044609667,0.007445425969209991,124,0.7903225806451613,-0.0567647979956154,0.33064516129032256,0.007478817123444201,0.7777777777777778,72,0.8076923076923077,52,-0.07047124945957628,-0.037468982630272984,LOW,soft,0.034982679141321804
NY_AM,slow_move,90,45,0.25,793,0.8360655737704918,-0.034982679141321804,0.2572509457755359,0.013521632421332586,269,0.8178438661710037,-0.04778920876439685,0.26394052044609667,0.007445425969209991,124,0.7903225806451613,-0.0567647979956154,0.33064516129032256,0.007478817123444201,0.7777777777777778,72,0.8076923076923077,52,-0.07047124945957628,-0.037468982630272984,LOW,soft,0.034982679141321804
NY_AM,weak_dir_move,15,45,0.25,796,0.9221105527638191,-0.034357108927723146,0.0,0.010883276882739637,271,0.9077490774907749,-0.047031284266330964,0.0,0.005835617031617129,137,0.9124087591240876,-0.03662036708950467,0.0,0.005734074950834863,0.9325842696629213,89,0.875,48,-0.012941022165872451,-0.07983870967741935,LOW,soft,0.034357108927723146
NY_AM,slow_move,15,45,0.25,796,0.9221105527638191,-0.034357108927723146,0.0,0.010883276882739637,271,0.9077490774907749,-0.047031284266330964,0.0,0.005835617031617129,137,0.9124087591240876,-0.03662036708950467,0.0,0.005734074950834863,0.9325842696629213,89,0.875,48,-0.012941022165872451,-0.07983870967741935,LOW,soft,0.034357108927723146
NY_AM,weak_dir_move,60,30,0.25,798,0.8107769423558897,-0.032701318513675526,0.17167919799498746,0.015534829473868266,274,0.7737226277372263,-0.05573473660385897,0.17518248175182483,0.008452745183958055,132,0.7348484848484849,-0.09282141806413646,0.13636363636363635,0.011066088923502727,0.7564102564102564,78,0.7037037037037037,54,-0.06849246732515213,-0.12855436081242533,LOW,soft,0.032701318513675526
NY_AM,slow_move,60,30,0.25,798,0.8107769423558897,-0.032701318513675526,0.17167919799498746,0.015534829473868266,274,0.7737226277372263,-0.05573473660385897,0.17518248175182483,0.008452745183958055,132,0.7348484848484849,-0.09282141806413646,0.13636363636363635,0.011066088923502727,0.7564102564102564,78,0.7037037037037037,54,-0.06849246732515213,-0.12855436081242533,LOW,soft,0.032701318513675526
NY_AM,strong_and_persistent,60,30,0.25,476,0.8760504201680672,0.03257215929850199,1.0,0.012439316622200308,202,0.905940594059406,0.07648322971832067,1.0,0.007177075784222684,127,0.8818897637795275,0.05421986086690622,1.0,0.006997366240327768,0.8356164383561644,73,0.9444444444444444,54,0.010713714620755876,0.11218637992831537,HIGH,soft,0.03257215929850199
NY_AM,strong_dir_move,15,45,0.25,820,0.9878048780487805,0.031337216357238185,1.0,0.008876181118694043,229,0.9956331877729258,0.040852826015819854,1.0,0.004491465335388802,138,0.9927536231884058,0.04372449697481351,1.0,0.004967580181344934,0.9880952380952381,84,1.0,54,0.04256994626644439,0.04516129032258065,HIGH,soft,0.031337216357238185
NY_AM,fast_move,15,45,0.25,820,0.9878048780487805,0.031337216357238185,1.0,0.008876181118694043,229,0.9956331877729258,0.040852826015819854,1.0,0.004491465335388802,138,0.9927536231884058,0.04372449697481351,1.0,0.004967580181344934,0.9880952380952381,84,1.0,54,0.04256994626644439,0.04516129032258065,HIGH,soft,0.031337216357238185
NY_PM,strong_and_persistent,15,45,0.25,651,0.5668202764976958,0.09139654768413652,0.30568356374807987,0.013211303593630876,252,0.6031746031746031,0.0905584013153734,0.32142857142857145,0.008103124381879,120,0.5416666666666666,0.09666666666666662,0.275,0.0069288784786062,0.6025641025641025,78,0.42857142857142855,42,0.13056410256410256,0.028571428571428525,HIGH,soft,0.09139654768413652
NY_PM,weak_dir_move,120,45,0.25,772,0.43134715025906734,-0.08406380864504226,0.0,0.014344640088154335,226,0.3938053097345133,-0.09347715345156438,0.0,0.008024786131430678,138,0.2971014492753623,-0.08325119556090971,0.0,0.011278480707607499,0.3026315789473684,76,0.2903225806451613,62,-0.11437246963562753,-0.029677419354838697,LOW,soft,0.08406380864504226
NY_PM,slow_move,120,45,0.25,772,0.43134715025906734,-0.08406380864504226,0.0,0.014344640088154335,226,0.3938053097345133,-0.09347715345156438,0.0,0.008024786131430678,138,0.2971014492753623,-0.08325119556090971,0.0,0.011278480707607499,0.3026315789473684,76,0.2903225806451613,62,-0.11437246963562753,-0.029677419354838697,LOW,soft,0.08406380864504226
NY_PM,strong_dir_move,15,30,0.25,803,0.4259028642590286,0.08225879646241846,0.2901618929016189,0.01731975400130248,287,0.43902439024390244,0.08444271693712951,0.289198606271777,0.010329253288867279,136,0.4338235294117647,0.08632352941176474,0.27941176470588236,0.008664967591662426,0.45454545454545453,88,0.3958333333333333,48,0.12254545454545451,0.022499999999999964,HIGH,soft,0.08225879646241846
NY_PM,fast_move,15,30,0.25,803,0.4259028642590286,0.08225879646241846,0.2901618929016189,0.01731975400130248,287,0.43902439024390244,0.08444271693712951,0.289198606271777,0.010329253288867279,136,0.4338235294117647,0.08632352941176474,0.27941176470588236,0.008664967591662426,0.45454545454545453,88,0.3958333333333333,48,0.12254545454545451,0.022499999999999964,HIGH,soft,0.08225879646241846
NY_PM,strong_and_persistent,15,30,0.25,651,0.4254992319508449,0.08185516415423472,0.30568356374807987,0.01597890054650684,252,0.42063492063492064,0.06605324732814771,0.32142857142857145,0.01025624646037579,120,0.4083333333333333,0.06083333333333335,0.275,0.008700736774865818,0.4230769230769231,78,0.38095238095238093,42,0.09107692307692306,0.007619047619047581,HIGH,soft,0.08185516415423472
NY_PM,fast_and_expanded,15,15,0.25,576,0.2378472222222222,0.07979637476459508,0.4045138888888889,0.02374812868926458,206,0.22815533980582525,0.07277685375004836,0.4029126213592233,0.015363740491688411,92,0.2717391304347826,0.10173913043478258,0.41304347826086957,0.01143064744847282,0.29508196721311475,61,0.22580645161290322,31,0.11108196721311475,0.07913978494623655,HIGH,soft,0.07979637476459508
NY_PM,weak_dir_move,120,20,0.25,772,0.19300518134715025,-0.07882701043367166,0.0,0.021689529968051017,226,0.15486725663716813,-0.08475791069884259,0.0,0.012045465903768017,138,0.13768115942028986,-0.09153798415653633,0.0,0.01528508764180129,0.13157894736842105,76,0.14516129032258066,62,-0.12753036437246965,-0.03483870967741934,LOW,soft,0.07882701043367166
NY_PM,slow_move,120,20,0.25,772,0.19300518134715025,-0.07882701043367166,0.0,0.021689529968051017,226,0.15486725663716813,-0.08475791069884259,0.0,0.012045465903768017,138,0.13768115942028986,-0.09153798415653633,0.0,0.01528508764180129,0.13157894736842105,76,0.14516129032258066,62,-0.12753036437246965,-0.03483870967741934,LOW,soft,0.07882701043367166
NY_PM,high_local_vol,30,10,0.25,795,0.15471698113207547,0.07769515828226801,0.3559748427672956,0.03021524939024316,277,0.1444043321299639,0.07746992784616202,0.36823104693140796,0.014941999883930945,150,0.22666666666666666,0.12842989084802686,0.32666666666666666,0.014121869552950835,0.19230769230769232,104,0.30434782608695654,46,0.10323886639676115,0.1910144927536232,HIGH,soft,0.07769515828226801
NY_PM,low_local_vol,30,15,0.25,911,0.054884742041712405,-0.07733605385045705,0.07793633369923161,0.025210390765880643,249,0.04819277108433735,-0.09370816599732261,0.04417670682730924,0.014048925675707553,164,0.042682926829268296,-0.1059316827425201,0.07926829268292683,0.012484229380967958,0.011111111111111112,90,0.08108108108108109,74,-0.1346378767431399,-0.07225225225225224,LOW,soft,0.07733605385045705
NY_PM,vol_expansion_low,30,15,0.25,771,0.055771725032425425,-0.07644907085974403,0.0,0.026143226120113217,213,0.06572769953051644,-0.07617323755114352,0.0,0.013563468654840934,129,0.031007751937984496,-0.11760685763380391,0.0,0.01428429978423588,0.013513513513513514,74,0.05454545454545454,55,-0.13223547434073749,-0.09878787878787879,LOW,soft,0.07644907085974403
NY_PM,vol_expansion_low,15,15,0.25,779,0.0821566110397946,-0.07589423641783252,0.0,0.02660525528527073,237,0.06329113924050633,-0.09208734681527056,0.0,0.012126141936303767,125,0.048,-0.12200000000000001,0.0,0.013935658768935393,0.05714285714285714,70,0.03636363636363636,55,-0.12685714285714286,-0.1103030303030303,LOW,soft,0.07589423641783252
NY_PM,strong_and_persistent,30,30,0.25,522,0.3735632183908046,0.07574550337154912,0.657088122605364,0.01620537194252272,214,0.43457943925233644,0.08250447271953859,0.6261682242990654,0.008332373434347439,114,0.4298245614035088,0.13007645057227452,0.6052631578947368,0.009067244593292549,0.527027027027027,74,0.25,40,0.1788488893752051,0.03,HIGH,soft,0.07574550337154912
NY_PM,weak_dir_move,60,20,0.25,771,0.13488975356679636,-0.07538861902421007,0.0,0.028334695531432814,232,0.1853448275862069,-0.05026427549277568,0.0,0.013227667179572338,134,0.208955223880597,-0.015226136320914324,0.0,0.011581557383698982,0.24050632911392406,79,0.16363636363636364,55,-0.0024086506431609533,-0.029696969696969694,LOW,soft,0.07538861902421007
NY_PM,slow_move,60,20,0.25,771,0.13488975356679636,-0.07538861902421007,0.0,0.028334695531432814,232,0.1853448275862069,-0.05026427549277568,0.0,0.013227667179572338,134,0.208955223880597,-0.015226136320914324,0.0,0.011581557383698982,0.24050632911392406,79,0.16363636363636364,55,-0.0024086506431609533,-0.029696969696969694,LOW,soft,0.07538861902421007
NY_PM,strong_and_persistent,60,20,0.25,428,0.2850467289719626,0.07476835638095616,0.9345794392523364,0.016692812951216784,259,0.3127413127413127,0.07713220966233014,0.9111969111969112,0.012454015937069553,99,0.31313131313131315,0.08894995292980182,0.9090909090909091,0.009483248826189075,0.3382352941176471,68,0.25806451612903225,31,0.09532031436056207,0.06473118279569892,HIGH,soft,0.07476835638095616
NY_PM,strong_dir_move,15,20,0.25,803,0.30510585305105853,0.07417364966122802,0.2901618929016189,0.02083013543179788,287,0.3170731707317073,0.08732549476889193,0.289198606271777,0.01293592627540267,136,0.33088235294117646,0.09088235294117647,0.27941176470588236,0.010388020128425289,0.375,88,0.25,48,0.135,0.010000000000000009,HIGH,soft,0.07417364966122802
NY_PM,fast_move,15,20,0.25,803,0.30510585305105853,0.07417364966122802,0.2901618929016189,0.02083013543179788,287,0.3170731707317073,0.08732549476889193,0.289198606271777,0.01293592627540267,136,0.33088235294117646,0.09088235294117647,0.27941176470588236,0.010388020128425289,0.375,88,0.25,48,0.135,0.010000000000000009,HIGH,soft,0.07417364966122802
NY_PM,vol_expansion_high,60,10,0.25,794,0.16120906801007556,0.07384290098652097,0.672544080604534,0.028923920958669014,296,0.16891891891891891,0.07788812909294837,0.6858108108108109,0.015898809695602773,142,0.14788732394366197,0.059726114875651895,0.6126760563380281,0.015603614269177597,0.17708333333333334,96,0.08695652173913043,46,0.07586875843454792,0.020289855072463767,HIGH,soft,0.07384290098652097
NY_PM,strong_and_persistent,120,10,0.25,411,0.20681265206812652,0.07367909042429091,1.0,0.02151008785070963,255,0.16470588235294117,0.0294983856996614,1.0,0.016041435124305062,110,0.17272727272727273,0.05182047171971606,1.0,0.015942303152198682,0.19736842105263158,76,0.11764705882352941,34,0.05566801619433198,0.03098039215686274,HIGH,soft,0.07367909042429091
NY_PM,strong_dir_move,60,15,0.25,795,0.22012578616352202,0.07323071121705521,0.9182389937106918,0.024905614893381427,295,0.22372881355932203,0.05907017902116943,0.9050847457627119,0.013697381196414582,119,0.21008403361344538,0.07406388247994411,0.907563025210084,0.011513435463330791,0.21951219512195122,82,0.1891891891891892,37,0.07781179026365162,0.06252252252252252,HIGH,soft,0.07323071121705521
NY_PM,fast_move,60,15,0.25,795,0.22012578616352202,0.07323071121705521,0.9182389937106918,0.024905614893381427,295,0.22372881355932203,0.05907017902116943,0.9050847457627119,0.013697381196414582,119,0.21008403361344538,0.07406388247994411,0.907563025210084,0.011513435463330791,0.21951219512195122,82,0.1891891891891892,37,0.07781179026365162,0.06252252252252252,HIGH,soft,0.07323071121705521
NY_PM,strong_and_persistent,90,20,0.25,447,0.28859060402684567,0.07283717936931142,1.0,0.017208712438888496,252,0.25396825396825395,0.046471600688468145,1.0,0.011083448453465762,125,0.336,0.13448866498740555,1.0,0.011168282610670162,0.36904761904761907,84,0.2682926829268293,41,0.14637555427029114,0.10162601626016263,HIGH,soft,0.07283717936931142
NY_PM,quiet_wait,15,15,0.25,467,0.08565310492505353,-0.0723977425325736,0.0,0.026518570552581146,134,0.07462686567164178,-0.08075162038413511,0.0,0.011501943246669942,72,0.05555555555555555,-0.11444444444444446,0.0,0.013773277938940636,0.05128205128205128,39,0.06060606060606061,33,-0.13271794871794873,-0.08606060606060606,LOW,soft,0.0723977425325736
NY_PM,quiet_wait,60,10,0.25,480,0.016666666666666666,-0.07069950035688793,0.0,0.04041528215658688,126,0.03968253968253968,-0.05134825014343086,0.0,0.016555220779576173,84,0.03571428571428571,-0.05244692335372436,0.0,0.018484977511760266,0.044444444444444446,45,0.02564102564102564,39,-0.05677013045434098,-0.041025641025641026,LOW,soft,0.07069950035688793
NY_PM,weak_dir_move,120,15,0.25,772,0.13860103626943004,-0.07030307331961105,0.0,0.02502447788934098,226,0.12831858407079647,-0.067129876437905,0.0,0.014272783153036681,138,0.12318840579710146,-0.058171795714233546,0.0,0.017391908248391826,0.11842105263157894,76,0.12903225806451613,62,-0.0840080971659919,-0.017634408602150542,LOW,soft,0.07030307331961105
NY_PM,slow_move,120,15,0.25,772,0.13860103626943004,-0.07030307331961105,0.0,0.02502447788934098,226,0.12831858407079647,-0.067129876437905,0.0,0.014272783153036681,138,0.12318840579710146,-0.058171795714233546,0.0,0.017391908248391826,0.11842105263157894,76,0.12903225806451613,62,-0.0840080971659919,-0.017634408602150542,LOW,soft,0.07030307331961105
NY_PM,vol_expansion_high,15,10,0.25,803,0.16313823163138233,0.06991789264833148,0.2901618929016189,0.030092515609548478,285,0.14385964912280702,0.05753826798070874,0.2912280701754386,0.017798537697529097,131,0.1984732824427481,0.09097328244274809,0.2900763358778626,0.014756475684416692,0.20454545454545456,88,0.18604651162790697,43,0.08454545454545456,0.0993798449612403,HIGH,soft,0.06991789264833148
NY_PM,weak_dir_move,30,45,0.25,771,0.3735408560311284,-0.06933462535526441,0.0,0.015316325201697623,232,0.46551724137931033,-0.05790980012002028,0.0,0.007239978793540717,142,0.3591549295774648,-0.06401887394898353,0.0,0.008614659533831693,0.37777777777777777,90,0.3269230769230769,52,-0.09995501574448945,-0.0064102564102563875,LOW,soft,0.06933462535526441
NY_PM,slow_move,30,45,0.25,771,0.3735408560311284,-0.06933462535526441,0.0,0.015316325201697623,232,0.46551724137931033,-0.05790980012002028,0.0,0.007239978793540717,142,0.3591549295774648,-0.06401887394898353,0.0,0.008614659533831693,0.37777777777777777,90,0.3269230769230769,52,-0.09995501574448945,-0.0064102564102563875,LOW,soft,0.06933462535526441
NY_PM,strong_and_persistent,60,10,0.25,428,0.15654205607476634,0.06917588905121175,0.9345794392523364,0.02252794385010272,259,0.13127413127413126,0.04024334144816072,0.9111969111969112,0.01686631164648788,99,0.13131313131313133,0.04315192224512125,0.9090909090909091,0.013328222032731343,0.14705882352941177,68,0.0967741935483871,31,0.04584424863062635,0.03010752688172043,HIGH,soft,0.06917588905121175
NY_PM,strong_dir_move,30,20,0.25,795,0.2578616352201258,0.06787447219060075,0.5974842767295597,0.021930675301879685,256,0.30078125,0.086591156291834,0.6015625,0.010227954941422254,127,0.28346456692913385,0.09202879866716912,0.6062992125984252,0.011105174674703611,0.32142857142857145,84,0.20930232558139536,43,0.11899942163100061,0.03596899224806202,HIGH,soft,0.06787447219060075
NY_PM,fast_move,30,20,0.25,795,0.2578616352201258,0.06787447219060075,0.5974842767295597,0.021930675301879685,256,0.30078125,0.086591156291834,0.6015625,0.010227954941422254,127,0.28346456692913385,0.09202879866716912,0.6062992125984252,0.011105174674703611,0.32142857142857145,84,0.20930232558139536,43,0.11899942163100061,0.03596899224806202,HIGH,soft,0.06787447219060075
NY_PM,low_local_vol,15,10,0.25,874,0.02631578947368421,-0.06690454950936664,0.009153318077803204,0.031227699085930753,237,0.012658227848101266,-0.07366315329399702,0.008438818565400843,0.015768076323339084,160,0.025,-0.08249999999999999,0.025,0.014766215789105313,0.03488372093023256,86,0.013513513513513514,74,-0.08511627906976743,-0.07315315315315316,LOW,soft,0.06690454950936664
NY_PM,fast_and_expanded,15,10,0.25,576,0.1597222222222222,0.06650188323917136,0.4045138888888889,0.03005220118627471,206,0.1407766990291262,0.054455317887027926,0.4029126213592233,0.018260674414263746,92,0.18478260869565216,0.07728260869565216,0.41304347826086957,0.014289899718907165,0.19672131147540983,61,0.16129032258064516,31,0.07672131147540984,0.07462365591397849,HIGH,soft,0.06650188323917136
NY_PM,weak_dir_move,90,30,0.25,771,0.2814526588845655,-0.06144117673187288,0.0,0.020674054694031965,230,0.3,-0.06412315930388218,0.0,0.009484829777434112,135,0.22962962962962963,-0.08775072301520664,0.0,0.010366120498067377,0.27848101265822783,79,0.16071428571428573,56,-0.06969712499359404,-0.10595238095238094,LOW,soft,0.06144117673187288
NY_PM,slow_move,90,30,0.25,771,0.2814526588845655,-0.06144117673187288,0.0,0.020674054694031965,230,0.3,-0.06412315930388218,0.0,0.009484829777434112,135,0.22962962962962963,-0.08775072301520664,0.0,0.010366120498067377,0.27848101265822783,79,0.16071428571428573,56,-0.06969712499359404,-0.10595238095238094,LOW,soft,0.06144117673187288
NY_PM,vol_expansion_low,90,10,0.25,771,0.020752269779507133,-0.061439511042410674,0.055771725032425425,0.03673563529878527,188,0.026595744680851064,-0.059080292802415335,0.015957446808510637,0.017107977038232424,141,0.02127659574468085,-0.08703574682458867,0.0851063829787234,0.018362804123565887,0.02531645569620253,79,0.016129032258064516,62,-0.10018961717829139,-0.06387096774193549,LOW,soft,0.061439511042410674
NY_PM,vol_expansion_low,60,10,0.25,771,0.02594033722438392,-0.061425829799170675,0.010376134889753566,0.038366811999646075,212,0.0330188679245283,-0.05801192190144224,0.02358490566037736,0.01596289339961187,137,0.021897810218978103,-0.06626339884903197,0.0,0.017063606334081265,0.02564102564102564,78,0.01694915254237288,59,-0.07557354925775978,-0.04971751412429379,LOW,soft,0.061425829799170675
NY_PM,strong_and_persistent,30,15,0.25,522,0.19348659003831417,0.06126579414614472,0.657088122605364,0.022183626062466124,214,0.17757009345794392,0.035669156376283956,0.6261682242990654,0.011557452507985292,114,0.22807017543859648,0.07945556586680808,0.6052631578947368,0.013210306465063737,0.24324324324324326,74,0.2,40,0.09749425538899226,0.04666666666666669,HIGH,soft,0.06126579414614472
NY_PM,quiet_wait,90,10,0.25,466,0.02145922746781116,-0.06073255335410664,0.0,0.03587226044087962,123,0.032520325203252036,-0.05315571228001436,0.0,0.018445039582426957,79,0.02531645569620253,-0.082995886873067,0.0,0.01774736292676022,0.04878048780487805,41,0.0,38,-0.07672558506961587,-0.08,LOW,soft,0.06073255335410664
NY_PM,low_local_vol,60,10,0.25,1008,0.026785714285714284,-0.06058045273784031,0.1884920634920635,0.033362293213776414,268,0.022388059701492536,-0.06864273012447801,0.17537313432835822,0.015523639724169572,173,0.028901734104046242,-0.05925947496396383,0.13872832369942195,0.017029242347388986,0.041237113402061855,97,0.013157894736842105,76,-0.05997746149672357,-0.05350877192982456,LOW,soft,0.06058045273784031
NY_PM,strong_dir_move,90,15,0.25,794,0.20654911838790932,0.06057309099064906,1.0,0.02520626854956886,279,0.1935483870967742,0.05298613810079025,1.0,0.012945111288389797,132,0.2803030303030303,0.11153728722998241,1.0,0.013119867727175568,0.2988505747126437,87,0.24444444444444444,45,0.11261575689887851,0.10444444444444442,HIGH,soft,0.06057309099064906
NY_PM,fast_move,90,15,0.25,794,0.20654911838790932,0.06057309099064906,1.0,0.02520626854956886,279,0.1935483870967742,0.05298613810079025,1.0,0.012945111288389797,132,0.2803030303030303,0.11153728722998241,1.0,0.013119867727175568,0.2988505747126437,87,0.24444444444444444,45,0.11261575689887851,0.10444444444444442,HIGH,soft,0.06057309099064906
NY_PM,quiet_wait,30,10,0.25,474,0.016877637130801686,-0.06014418571900576,0.0,0.03399184491387328,121,0.01652892561983471,-0.05040547866396716,0.0,0.015642426503406463,79,0.02531645569620253,-0.07292032012243727,0.0,0.020807830944933683,0.02,50,0.034482758620689655,29,-0.06906882591093116,-0.07885057471264367,LOW,soft,0.06014418571900576
NY_PM,low_local_vol,90,10,0.25,1043,0.023010546500479387,-0.05918123432143842,0.2722914669223394,0.03097815432572538,279,0.03225806451612903,-0.053417972967137364,0.24731182795698925,0.017035442861017557,189,0.010582010582010581,-0.09773033198725894,0.26455026455026454,0.01924917913505116,0.009259259259259259,108,0.012345679012345678,81,-0.11624681361523466,-0.06765432098765432,LOW,soft,0.05918123432143842
NY_PM,strong_and_persistent,30,20,0.25,522,0.24904214559386972,0.05905498256434469,0.657088122605364,0.01938049925497798,214,0.29906542056074764,0.08487532685258165,0.6261682242990654,0.010066289714776959,114,0.2719298245614035,0.08049405629943879,0.6052631578947368,0.011231720120614215,0.3108108108108108,74,0.2,40,0.10838166101323995,0.026666666666666672,HIGH,soft,0.05905498256434469
NY_PM,weak_dir_move,120,10,0.25,772,0.07512953367875648,-0.05800402796507913,0.0,0.031163445783413873,226,0.084070796460177,-0.05113670019310278,0.0,0.017128279174909753,138,0.07246376811594203,-0.04844303289161464,0.0,0.021680832132105095,0.07894736842105263,76,0.06451612903225806,62,-0.06275303643724697,-0.022150537634408607,LOW,soft,0.05800402796507913
NY_PM,slow_move,120,10,0.25,772,0.07512953367875648,-0.05800402796507913,0.0,0.031163445783413873,226,0.084070796460177,-0.05113670019310278,0.0,0.017128279174909753,138,0.07246376811594203,-0.04844303289161464,0.0,0.021680832132105095,0.07894736842105263,76,0.06451612903225806,62,-0.06275303643724697,-0.022150537634408607,LOW,soft,0.05800402796507913
NY_PM,weak_dir_move,30,30,0.25,771,0.23994811932555124,-0.05786959569370423,0.0,0.019403601374297773,232,0.33189655172413796,-0.020178414808659895,0.0,0.009307567670564029,142,0.23943661971830985,-0.060311491112924415,0.0,0.010997735331837873,0.25555555555555554,90,0.21153846153846154,52,-0.09262258209626634,-0.008461538461538465,LOW,soft,0.05786959569370423
NY_PM,slow_move,30,30,0.25,771,0.23994811932555124,-0.05786959569370423,0.0,0.019403601374297773,232,0.33189655172413796,-0.020178414808659895,0.0,0.009307567670564029,142,0.23943661971830985,-0.060311491112924415,0.0,0.010997735331837873,0.25555555555555554,90,0.21153846153846154,52,-0.09262258209626634,-0.008461538461538465,LOW,soft,0.05786959569370423
NY_PM,strong_dir_move,60,10,0.25,795,0.14465408805031446,0.057287921026759864,0.9182389937106918,0.029318697620270503,295,0.13898305084745763,0.047952261021487086,0.9050847457627119,0.016723531269657598,119,0.12605042016806722,0.03788921110005715,0.907563025210084,0.013636158839855105,0.14634146341463414,82,0.08108108108108109,37,0.045126888515848715,0.01441441441441442,HIGH,soft,0.057287921026759864
NY_PM,fast_move,60,10,0.25,795,0.14465408805031446,0.057287921026759864,0.9182389937106918,0.029318697620270503,295,0.13898305084745763,0.047952261021487086,0.9050847457627119,0.016723531269657598,119,0.12605042016806722,0.03788921110005715,0.907563025210084,0.013636158839855105,0.14634146341463414,82,0.08108108108108109,37,0.045126888515848715,0.01441441441441442,HIGH,soft,0.057287921026759864
NY_PM,vol_expansion_low,15,10,0.25,779,0.03594351732991014,-0.05727682165314071,0.0,0.032355759327409646,237,0.04219409282700422,-0.04412728831509406,0.0,0.015268006202842632,125,0.024,-0.08349999999999999,0.0,0.017128967798586123,0.02857142857142857,70,0.01818181818181818,55,-0.09142857142857143,-0.06848484848484848,LOW,soft,0.05727682165314071
NY_PM,strong_dir_move,30,15,0.25,795,0.18867924528301888,0.05645844939084943,0.5974842767295597,0.025003614042622156,256,0.19921875,0.05731781291834004,0.6015625,0.011655685953544857,127,0.2440944881889764,0.09547987861718799,0.6062992125984252,0.0129450858298679,0.2619047619047619,84,0.20930232558139536,43,0.11615577405051092,0.05596899224806204,HIGH,soft,0.05645844939084943
NY_PM,fast_move,30,15,0.25,795,0.18867924528301888,0.05645844939084943,0.5974842767295597,0.025003614042622156,256,0.19921875,0.05731781291834004,0.6015625,0.011655685953544857,127,0.2440944881889764,0.09547987861718799,0.6062992125984252,0.0129450858298679,0.2619047619047619,84,0.20930232558139536,43,0.11615577405051092,0.05596899224806204,HIGH,soft,0.05645844939084943
NY_PM,vol_expansion_high,30,10,0.25,795,0.12955974842767295,0.052537925577865505,0.5371069182389937,0.030903517545270865,274,0.11678832116788321,0.049853916884081334,0.5328467153284672,0.015106185627054212,134,0.19402985074626866,0.09579307492762887,0.5149253731343284,0.015153300192580424,0.16483516483516483,91,0.2558139534883721,43,0.07576633892423366,0.14248062015503876,HIGH,soft,0.052537925577865505
NY_PM,vol_expansion_low,30,10,0.25,771,0.02464332036316472,-0.05237850248664273,0.0,0.032700783612059435,213,0.014084507042253521,-0.05284989724154835,0.0,0.01689947640815207,129,0.023255813953488372,-0.07498096186515142,0.0,0.018917329721455677,0.013513513513513514,74,0.03636363636363636,55,-0.07555531239741765,-0.07696969696969697,LOW,soft,0.05237850248664273
NY_PM,quiet_wait,15,10,0.25,467,0.042826552462526764,-0.050393786520524085,0.0,0.03310243056373243,134,0.05223880597014925,-0.03408257517194903,0.0,0.015073509622343034,72,0.027777777777777776,-0.07972222222222222,0.0,0.016513752159605197,0.02564102564102564,39,0.030303030303030304,33,-0.09435897435897436,-0.056363636363636366,LOW,soft,0.050393786520524085
NY_PM,strong_dir_move,90,10,0.25,794,0.13224181360201512,0.050050032780097314,1.0,0.031230498887898937,279,0.10752688172043011,0.021850844237163713,1.0,0.015519599044183983,132,0.18181818181818182,0.0735058392489123,1.0,0.01588575755881826,0.20689655172413793,87,0.13333333333333333,45,0.08139047884964401,0.05333333333333333,HIGH,soft,0.050050032780097314
NY_PM,fast_move,90,10,0.25,794,0.13224181360201512,0.050050032780097314,1.0,0.031230498887898937,279,0.10752688172043011,0.021850844237163713,1.0,0.015519599044183983,132,0.18181818181818182,0.0735058392489123,1.0,0.01588575755881826,0.20689655172413793,87,0.13333333333333333,45,0.08139047884964401,0.05333333333333333,HIGH,soft,0.050050032780097314
NY_PM,fast_and_expanded,30,10,0.25,575,0.12695652173913044,0.04993469888932299,0.7426086956521739,0.02949319810810407,190,0.12105263157894737,0.054118227295145496,0.7684210526315789,0.014443875916143713,90,0.23333333333333334,0.13509655751469354,0.7666666666666667,0.014816358099355477,0.2222222222222222,63,0.25925925925925924,27,0.13315339631129103,0.1459259259259259,HIGH,soft,0.04993469888932299
NY_PM,weak_dir_move,15,45,0.25,779,0.42618741976893454,-0.04923630904462478,0.0,0.01519700869937571,226,0.43805309734513276,-0.07456310451409698,0.0,0.007526569901748251,126,0.3968253968253968,-0.0481746031746032,0.0,0.008323269241312386,0.3972602739726027,73,0.39622641509433965,53,-0.07473972602739726,-0.0037735849056603765,LOW,soft,0.04923630904462478
NY_PM,slow_move,15,45,0.25,779,0.42618741976893454,-0.04923630904462478,0.0,0.01519700869937571,226,0.43805309734513276,-0.07456310451409698,0.0,0.007526569901748251,126,0.3968253968253968,-0.0481746031746032,0.0,0.008323269241312386,0.3972602739726027,73,0.39622641509433965,53,-0.07473972602739726,-0.0037735849056603765,LOW,soft,0.04923630904462478
NY_PM,weak_dir_move,30,20,0.25,771,0.14137483787289234,-0.04861232515663269,0.0,0.023133040688168696,232,0.16810344827586207,-0.046086645432303924,0.0,0.011804502034704583,142,0.14084507042253522,-0.050590697839429516,0.0,0.013327692532002673,0.12222222222222222,90,0.17307692307692307,52,-0.08020692757534863,-0.0002564102564102666,LOW,soft,0.04861232515663269
NY_PM,slow_move,30,20,0.25,771,0.14137483787289234,-0.04861232515663269,0.0,0.023133040688168696,232,0.16810344827586207,-0.046086645432303924,0.0,0.011804502034704583,142,0.14084507042253522,-0.050590697839429516,0.0,0.013327692532002673,0.12222222222222222,90,0.17307692307692307,52,-0.08020692757534863,-0.0002564102564102666,LOW,soft,0.04861232515663269
NY_PM,low_local_vol,30,10,0.25,911,0.02854006586169045,-0.048481756988117,0.07793633369923161,0.030816041193972004,249,0.020080321285140562,-0.04685408299866131,0.04417670682730924,0.017219919949841032,164,0.018292682926829267,-0.07994409289181052,0.07926829268292683,0.016167989271176856,0.011111111111111112,90,0.02702702702702703,74,-0.07795771479982005,-0.0863063063063063,LOW,soft,0.048481756988117
NY_PM,strong_and_persistent,90,10,0.25,447,0.12751677852348994,0.04532499770157214,1.0,0.0238516339252054,252,0.09523809523809523,0.009562057754828837,1.0,0.015535072947093595,125,0.176,0.06768765743073046,1.0,0.01609577053955005,0.20238095238095238,84,0.12195121951219512,41,0.07687487950645847,0.04195121951219512,HIGH,soft,0.04532499770157214
NY_PM,weak_dir_move,30,15,0.25,771,0.08690012970168612,-0.04532066619048333,0.0,0.02682187332547185,232,0.11206896551724138,-0.02983197156441858,0.0,0.01398560628393898,142,0.09154929577464789,-0.05706531379714051,0.0,0.015038339809996495,0.07777777777777778,90,0.11538461538461539,52,-0.06797121007647322,-0.03794871794871793,LOW,soft,0.04532066619048333
NY_PM,slow_move,30,15,0.25,771,0.08690012970168612,-0.04532066619048333,0.0,0.02682187332547185,232,0.11206896551724138,-0.02983197156441858,0.0,0.01398560628393898,142,0.09154929577464789,-0.05706531379714051,0.0,0.015038339809996495,0.07777777777777778,90,0.11538461538461539,52,-0.06797121007647322,-0.03794871794871793,LOW,soft,0.04532066619048333
NY_PM,strong_dir_move,15,15,0.25,803,0.20298879202988793,0.0449379445722608,0.2901618929016189,0.023882531872402104,287,0.20557491289198607,0.050196426836209174,0.289198606271777,0.015016468654253174,136,0.22794117647058823,0.05794117647058822,0.27941176470588236,0.011943427275018072,0.26136363636363635,88,0.16666666666666666,48,0.07736363636363636,0.01999999999999999,HIGH,soft,0.0449379445722608
NY_PM,fast_move,15,15,0.25,803,0.20298879202988793,0.0449379445722608,0.2901618929016189,0.023882531872402104,287,0.20557491289198607,0.050196426836209174,0.289198606271777,0.015016468654253174,136,0.22794117647058823,0.05794117647058822,0.27941176470588236,0.011943427275018072,0.26136363636363635,88,0.16666666666666666,48,0.07736363636363636,0.01999999999999999,HIGH,soft,0.0449379445722608
NY_PM,strong_and_persistent,15,15,0.25,651,0.2012288786482335,0.04317803119060637,0.30568356374807987,0.02206741951926355,252,0.20634920634920634,0.050970720293429445,0.32142857142857145,0.014699778815608591,120,0.2,0.03,0.275,0.011464075130731721,0.21794871794871795,78,0.16666666666666666,42,0.033948717948717955,0.01999999999999999,HIGH,soft,0.04317803119060637
NY_PM,weak_dir_move,15,30,0.25,779,0.3029525032092426,-0.04069156458736756,0.0,0.018915371705368524,226,0.29646017699115046,-0.05812149631562247,0.0,0.00902915404027529,126,0.31746031746031744,-0.030039682539682533,0.0,0.009865299490585516,0.2876712328767123,73,0.3584905660377358,53,-0.044328767123287705,-0.014842767295597525,LOW,soft,0.04069156458736756
NY_PM,slow_move,15,30,0.25,779,0.3029525032092426,-0.04069156458736756,0.0,0.018915371705368524,226,0.29646017699115046,-0.05812149631562247,0.0,0.00902915404027529,126,0.31746031746031744,-0.030039682539682533,0.0,0.009865299490585516,0.2876712328767123,73,0.3584905660377358,53,-0.044328767123287705,-0.014842767295597525,LOW,soft,0.04069156458736756
NY_PM,strong_and_persistent,90,15,0.25,447,0.18568232662192394,0.03970629922466368,1.0,0.019645278758379427,252,0.18253968253968253,0.041977433543698595,1.0,0.012798423286202737,125,0.264,0.09523425692695214,1.0,0.013285708849029867,0.2976190476190476,84,0.1951219512195122,41,0.11138422980528243,0.05512195121951219,HIGH,soft,0.03970629922466368
NY_PM,weak_dir_move,90,20,0.25,771,0.17639429312581065,-0.0393591315317236,0.0,0.02523682741446177,230,0.1608695652173913,-0.04662708806239452,0.0,0.011749070163885177,135,0.1111111111111111,-0.09040022390148336,0.0,0.013248359778008773,0.16455696202531644,79,0.03571428571428571,56,-0.05811510275201148,-0.13095238095238093,LOW,soft,0.0393591315317236
NY_PM,slow_move,90,20,0.25,771,0.17639429312581065,-0.0393591315317236,0.0,0.02523682741446177,230,0.1608695652173913,-0.04662708806239452,0.0,0.011749070163885177,135,0.1111111111111111,-0.09040022390148336,0.0,0.013248359778008773,0.16455696202531644,79,0.03571428571428571,56,-0.05811510275201148,-0.13095238095238093,LOW,soft,0.0393591315317236
NY_PM,strong_dir_move,15,10,0.25,803,0.1320049813200498,0.038784642336998965,0.2901618929016189,0.029814811605823853,287,0.11846689895470383,0.03214551781260555,0.289198606271777,0.018088940586895894,136,0.15441176470588236,0.04691176470588236,0.27941176470588236,0.014786992424045797,0.18181818181818182,88,0.10416666666666667,48,0.06181818181818183,0.0175,HIGH,soft,0.038784642336998965
NY_PM,fast_move,15,10,0.25,803,0.1320049813200498,0.038784642336998965,0.2901618929016189,0.029814811605823853,287,0.11846689895470383,0.03214551781260555,0.289198606271777,0.018088940586895894,136,0.15441176470588236,0.04691176470588236,0.27941176470588236,0.014786992424045797,0.18181818181818182,88,0.10416666666666667,48,0.06181818181818183,0.0175,HIGH,soft,0.038784642336998965
NY_PM,strong_and_persistent,15,10,0.25,651,0.12903225806451613,0.03581191908146528,0.30568356374807987,0.027984903666501977,252,0.12698412698412698,0.0406627458420287,0.32142857142857145,0.017551923380457222,120,0.14166666666666666,0.034166666666666665,0.275,0.013811089898343972,0.15384615384615385,78,0.11904761904761904,42,0.03384615384615386,0.03238095238095237,HIGH,soft,0.03581191908146528
NY_PM,weak_dir_move,90,15,0.25,771,0.11024643320363164,-0.03572959419362862,0.0,0.028571849368015805,230,0.11304347826086956,-0.02751877073511437,0.0,0.013499453407398217,135,0.0962962962962963,-0.07246944677675157,0.0,0.015295505191689995,0.13924050632911392,79,0.03571428571428571,56,-0.046994311484651274,-0.1042857142857143,LOW,soft,0.03572959419362862
NY_PM,slow_move,90,15,0.25,771,0.11024643320363164,-0.03572959419362862,0.0,0.028571849368015805,230,0.11304347826086956,-0.02751877073511437,0.0,0.013499453407398217,135,0.0962962962962963,-0.07246944677675157,0.0,0.015295505191689995,0.13924050632911392,79,0.03571428571428571,56,-0.046994311484651274,-0.1042857142857143,LOW,soft,0.03572959419362862
NY_PM,weak_dir_move,90,10,0.25,771,0.04928664072632944,-0.03290514009558836,0.0,0.035268168677696804,230,0.07391304347826087,-0.011762994005005523,0.0,0.017332324898013104,135,0.05185185185185185,-0.056460490717417676,0.0,0.0180149337613329,0.0759493670886076,79,0.017857142857142856,56,-0.04955670578588632,-0.062142857142857146,LOW,soft,0.03290514009558836
NY_PM,slow_move,90,10,0.25,771,0.04928664072632944,-0.03290514009558836,0.0,0.035268168677696804,230,0.07391304347826087,-0.011762994005005523,0.0,0.017332324898013104,135,0.05185185185185185,-0.056460490717417676,0.0,0.0180149337613329,0.0759493670886076,79,0.017857142857142856,56,-0.04955670578588632,-0.062142857142857146,LOW,soft,0.03290514009558836
