session_date,year,split,direction,bias,profile,signal_ts,entry_ts,exit_ts,entry,stop,target,risk,exit_price,pnl_points,pnl_R,exit_reason,ambiguous_bar,gap_through_stop,blocked,open_930,entry_vs_930,mae,mfe,mae_R,mfe_R,minutes_held,sweep_level,sweep_extreme,ref_high,ref_low,sep_param,target_R_param,conf_tf,close_tol
2010-09-20,2010,IS,-1,bear,C,2010-09-20 09:59:00-04:00,2010-09-20 10:00:00-04:00,2010-09-20 10:04:00-04:00,1962.5,1965.5,1956.5,3.0,1965.5,-3.25,-1.0833333333333333,stop,False,False,False,1960.0,-2.5,7.25,1.5,2.4166666666666665,0.5,4,1964.5,1965.25,1965.25,1963.75,40.0,2.0,1m,0.0
2010-10-18,2010,IS,-1,bear,C,2010-10-18 08:36:00-04:00,2010-10-18 08:37:00-04:00,2010-10-18 09:15:00-04:00,2095.5,2098.0,2090.5,2.5,2090.5,4.75,1.9,target,False,False,False,2096.25,0.75,2.25,5.0,0.9,2.0,38,2096.75,2097.75,2097.5,2096.75,40.0,2.0,1m,0.0
2011-01-31,2011,IS,1,bull,A,2011-01-31 08:00:00-05:00,2011-01-31 08:01:00-05:00,2011-01-31 16:00:00-05:00,2275.5,2248.25,2330.0,27.25,2280.0,4.25,0.1559633027522936,time_exit,False,False,False,2271.25,4.25,20.75,10.5,0.7614678899082569,0.3853211009174312,479,2264.5,2248.5,2271.0,2270.5,40.0,2.0,1m,0.0
2011-03-14,2011,IS,1,bull,C,2011-03-14 11:22:00-04:00,2011-03-14 11:23:00-04:00,2011-03-14 11:33:00-04:00,2278.25,2273.0,2288.75,5.25,2273.0,-5.5,-1.0476190476190477,stop,False,False,False,2284.0,-5.75,5.25,0.0,1.0,0.0,10,2275.0,2273.25,2276.75,2273.25,40.0,2.0,1m,0.0
2011-03-15,2011,IS,1,bull,B,2011-03-15 08:12:00-04:00,2011-03-15 08:13:00-04:00,2011-03-15 08:34:00-04:00,2231.0,2220.0,2253.0,11.0,2220.0,-11.25,-1.0227272727272727,stop,False,False,False,2221.25,9.75,11.0,0.5,1.0,0.045454545454545456,21,2225.25,2220.25,2229.0,2227.5,40.0,2.0,1m,0.0
2011-03-28,2011,IS,1,bull,C,2011-03-28 11:55:00-04:00,2011-03-28 11:56:00-04:00,2011-03-28 14:02:00-04:00,2316.0,2312.75,2322.5,3.25,2312.75,-3.5,-1.0769230769230769,stop,False,False,False,2324.75,-8.75,3.5,2.25,1.0769230769230769,0.6923076923076923,126,2313.75,2313.0,2314.25,2313.0,40.0,2.0,1m,0.0
2011-04-04,2011,IS,1,bull,C,2011-04-04 09:54:00-04:00,2011-04-04 09:55:00-04:00,2011-04-04 09:58:00-04:00,2338.75,2335.5,2345.25,3.25,2335.5,-3.5,-1.0769230769230769,stop,False,False,False,2345.75,-7.0,3.25,0.0,1.0,0.0,3,2336.25,2335.75,2336.75,2335.75,40.0,2.0,1m,0.0
2011-04-11,2011,IS,1,bull,B,2011-04-11 08:31:00-04:00,2011-04-11 08:32:00-04:00,2011-04-11 09:43:00-04:00,2325.5,2319.75,2337.0,5.75,2319.75,-6.0,-1.0434782608695652,stop,False,False,False,2326.25,-0.75,5.75,6.0,1.0,1.0434782608695652,71,2322.0,2320.0,2324.5,2323.5,40.0,2.0,1m,0.0
2011-05-02,2011,IS,1,bull,C,2011-05-02 09:58:00-04:00,2011-05-02 09:59:00-04:00,2011-05-02 10:09:00-04:00,2405.25,2402.0,2411.75,3.25,2402.0,-3.5,-1.0769230769230769,stop,False,False,False,2409.0,-3.75,3.5,3.25,1.0769230769230769,1.0,10,2403.5,2402.25,2404.0,2402.25,40.0,2.0,1m,0.0
2011-05-06,2011,IS,1,bull,C,2011-05-06 14:39:00-04:00,2011-05-06 14:40:00-04:00,2011-05-06 15:11:00-04:00,2376.25,2372.5,2383.75,3.75,2383.75,7.25,1.9333333333333333,target,False,False,False,2395.5,-19.25,1.25,8.5,0.3333333333333333,2.2666666666666666,31,2373.25,2372.75,2374.0,2372.75,40.0,2.0,1m,0.0
2011-05-09,2011,IS,1,bull,C,2011-05-09 09:45:00-04:00,2011-05-09 09:46:00-04:00,2011-05-09 10:22:00-04:00,2380.5,2375.25,2391.0,5.25,2375.25,-5.5,-1.0476190476190477,stop,False,False,False,2382.5,-2.0,5.75,5.5,1.0952380952380953,1.0476190476190477,36,2378.0,2375.5,2378.25,2375.5,40.0,2.0,1m,0.0
2011-05-24,2011,IS,1,bull,C,2011-05-24 13:26:00-04:00,2011-05-24 13:27:00-04:00,2011-05-24 13:34:00-04:00,2307.25,2303.75,2314.25,3.5,2303.75,-3.75,-1.0714285714285714,stop,False,False,False,2321.25,-14.0,4.5,0.0,1.2857142857142858,0.0,7,2304.25,2304.0,2305.75,2304.0,40.0,2.0,1m,0.0
2011-05-30,2011,IS,1,bull,B,2011-05-30 08:01:00-04:00,2011-05-30 08:02:00-04:00,2011-05-30 11:29:00-04:00,2336.25,2330.5,2347.75,5.75,2333.0,-3.5,-0.6086956521739131,time_exit,False,False,False,2335.75,0.5,4.25,0.75,0.7391304347826086,0.13043478260869565,207,2331.25,2330.75,2335.25,2335.0,40.0,2.0,1m,0.0
2011-07-25,2011,IS,-1,bear,C,2011-07-25 10:35:00-04:00,2011-07-25 10:36:00-04:00,2011-07-25 10:42:00-04:00,2415.25,2420.5,2404.75,5.25,2420.5,-5.5,-1.0476190476190477,stop,False,False,False,2406.75,-8.5,7.25,0.0,1.380952380952381,0.0,6,2417.75,2420.25,2418.0,2416.5,40.0,2.0,1m,0.0
2011-08-01,2011,IS,-1,bear,B,2011-08-01 08:54:00-04:00,2011-08-01 08:55:00-04:00,2011-08-01 10:00:00-04:00,2383.25,2395.25,2359.25,12.0,2359.25,23.75,1.9791666666666667,target,False,False,False,2388.0,4.75,10.75,26.0,0.8958333333333334,2.1666666666666665,65,2394.0,2395.0,2385.5,2385.0,40.0,2.0,1m,0.0
2011-08-08,2011,IS,-1,bear,B,2011-08-08 08:32:00-04:00,2011-08-08 08:33:00-04:00,2011-08-08 14:25:00-04:00,2137.25,2171.0,2069.75,33.75,2069.75,67.25,1.9925925925925927,target,False,False,False,2124.25,-13.0,24.5,77.5,0.725925925925926,2.2962962962962963,352,2156.0,2170.75,2141.0,2138.75,40.0,2.0,1m,0.0
2011-08-22,2011,IS,-1,bear,C,2011-08-22 09:34:00-04:00,2011-08-22 09:35:00-04:00,2011-08-22 10:10:00-04:00,2077.25,2085.75,2060.25,8.5,2060.25,16.75,1.9705882352941178,target,False,False,False,2083.5,6.25,3.5,17.5,0.4117647058823529,2.0588235294117645,35,2080.75,2085.5,2085.5,2082.0,40.0,2.0,1m,0.0
2011-09-05,2011,IS,1,bull,C,2011-09-05 08:25:00-04:00,2011-09-05 08:26:00-04:00,2011-09-05 09:39:00-04:00,2132.5,2129.25,2139.0,3.25,2129.25,-3.5,-1.0769230769230769,stop,False,False,False,2134.5,-2.0,5.0,3.0,1.5384615384615385,0.9230769230769231,73,2130.75,2129.5,2130.25,2129.75,40.0,2.0,1m,0.0
2011-09-12,2011,IS,1,bull,C,2011-09-12 08:25:00-04:00,2011-09-12 08:26:00-04:00,2011-09-12 09:45:00-04:00,2128.25,2116.75,2151.25,11.5,2151.25,22.75,1.9782608695652173,target,False,False,False,2135.25,-7.0,2.5,25.5,0.21739130434782608,2.217391304347826,79,2125.25,2117.0,2126.0,2124.75,40.0,2.0,1m,0.0
2011-09-19,2011,IS,1,bull,B,2011-09-19 11:13:00-04:00,2011-09-19 11:14:00-04:00,2011-09-19 15:21:00-04:00,2277.75,2263.75,2305.75,14.0,2305.75,27.75,1.9821428571428572,target,False,False,False,2273.25,4.5,2.5,31.75,0.17857142857142858,2.267857142857143,247,2272.75,2264.0,2275.25,2274.0,40.0,2.0,1m,0.0
2011-09-26,2011,IS,1,bull,B,2011-09-26 08:01:00-04:00,2011-09-26 08:02:00-04:00,2011-09-26 10:13:00-04:00,2223.75,2168.0,2335.25,55.75,2168.0,-56.0,-1.0044843049327354,stop,False,False,False,2211.75,12.0,56.0,1.75,1.0044843049327354,0.03139013452914798,131,2187.25,2168.25,2222.75,2221.0,40.0,2.0,1m,0.0
2011-10-03,2011,IS,1,bull,B,2011-10-03 08:00:00-04:00,2011-10-03 08:01:00-04:00,2011-10-03 13:15:00-04:00,2125.75,2101.75,2173.75,24.0,2101.75,-24.25,-1.0104166666666667,stop,False,False,False,2114.75,11.0,27.75,22.25,1.15625,0.9270833333333334,314,2113.0,2102.0,2124.25,2123.25,40.0,2.0,1m,0.0
2011-10-17,2011,IS,1,bull,C,2011-10-17 08:12:00-04:00,2011-10-17 08:13:00-04:00,2011-10-17 08:19:00-04:00,2362.5,2358.25,2371.0,4.25,2358.25,-4.5,-1.0588235294117647,stop,False,False,False,2354.75,7.75,4.25,0.0,1.0,0.0,6,2359.0,2358.5,2360.25,2358.5,40.0,2.0,1m,0.0
2011-10-31,2011,IS,1,bull,B,2011-10-31 08:00:00-04:00,2011-10-31 08:01:00-04:00,2011-10-31 08:38:00-04:00,2379.0,2373.0,2391.0,6.0,2373.0,-6.25,-1.0416666666666667,stop,False,False,False,2376.5,2.5,6.75,0.0,1.125,0.0,37,2376.5,2373.25,2375.5,2375.0,40.0,2.0,1m,0.0
2011-11-28,2011,IS,-1,bear,C,2011-11-28 09:09:00-05:00,2011-11-28 09:10:00-05:00,2011-11-28 09:30:00-05:00,2202.25,2205.75,2195.25,3.5,2205.75,-3.75,-1.0714285714285714,stop,False,False,False,2202.5,0.25,4.75,1.25,1.3571428571428572,0.35714285714285715,20,2204.75,2205.5,2205.5,2204.0,40.0,2.0,1m,0.0
2011-12-05,2011,IS,-1,bear,C,2011-12-05 08:58:00-05:00,2011-12-05 08:59:00-05:00,2011-12-05 09:00:00-05:00,2333.25,2336.0,2327.75,2.75,2336.0,-3.0,-1.0909090909090908,stop,False,False,False,2337.75,4.5,3.0,0.0,1.0909090909090908,0.0,1,2335.25,2335.75,2335.75,2334.5,40.0,2.0,1m,0.0
2012-01-16,2012,IS,-1,bear,C,2012-01-16 10:12:00-05:00,2012-01-16 10:13:00-05:00,2012-01-16 11:05:00-05:00,2377.25,2380.25,2371.25,3.0,2380.25,-3.25,-1.0833333333333333,stop,False,False,False,2376.25,-1.0,4.25,3.75,1.4166666666666667,1.25,52,2377.75,2380.0,2379.25,2378.5,40.0,2.0,1m,0.0
2012-01-17,2012,IS,-1,bear,C,2012-01-17 11:20:00-05:00,2012-01-17 11:21:00-05:00,2012-01-17 14:39:00-05:00,2398.0,2401.25,2391.5,3.25,2391.5,6.25,1.9230769230769231,target,False,False,False,2390.5,-7.5,2.75,6.5,0.8461538461538461,2.0,198,2400.75,2401.0,2401.0,2400.0,40.0,2.0,1m,0.0
2012-01-23,2012,IS,1,bull,C,2012-01-23 12:34:00-05:00,2012-01-23 12:35:00-05:00,2012-01-23 15:15:00-05:00,2428.0,2424.25,2435.5,3.75,2435.5,7.25,1.9333333333333333,target,False,False,False,2435.25,-7.25,2.5,7.5,0.6666666666666666,2.0,160,2425.5,2424.5,2426.5,2424.5,40.0,2.0,1m,0.0
2012-05-14,2012,IS,1,bull,C,2012-05-14 10:30:00-04:00,2012-05-14 10:31:00-04:00,2012-05-14 10:44:00-04:00,2587.0,2583.25,2594.5,3.75,2594.5,7.25,1.9333333333333333,target,False,False,False,2589.5,-2.5,1.75,7.5,0.4666666666666667,2.0,13,2584.75,2583.5,2585.0,2583.5,40.0,2.0,1m,0.0
2012-06-11,2012,IS,1,bull,C,2012-06-11 09:36:00-04:00,2012-06-11 09:37:00-04:00,2012-06-11 09:40:00-04:00,2566.0,2561.5,2575.0,4.5,2561.5,-4.75,-1.0555555555555556,stop,False,False,False,2571.25,-5.25,5.25,0.0,1.1666666666666667,0.0,3,2564.75,2561.75,2564.5,2561.75,40.0,2.0,1m,0.0
2012-07-02,2012,IS,1,bull,B,2012-07-02 09:18:00-04:00,2012-07-02 09:19:00-04:00,2012-07-02 10:08:00-04:00,2615.0,2600.25,2644.5,14.75,2600.25,-15.0,-1.0169491525423728,stop,False,False,False,2614.5,0.5,15.25,5.25,1.0338983050847457,0.3559322033898305,49,2601.0,2600.5,2613.75,2613.0,40.0,2.0,1m,0.0
2012-07-05,2012,IS,1,bull,C,2012-07-05 10:31:00-04:00,2012-07-05 10:32:00-04:00,2012-07-05 11:00:00-04:00,2636.0,2630.75,2646.5,5.25,2646.5,10.25,1.9523809523809523,target,False,False,False,2637.0,-1.0,1.75,10.75,0.3333333333333333,2.0476190476190474,28,2631.75,2631.0,2633.25,2631.0,40.0,2.0,1m,0.0
2012-07-09,2012,IS,1,bull,B,2012-07-09 08:02:00-04:00,2012-07-09 08:03:00-04:00,2012-07-09 10:00:00-04:00,2604.5,2596.25,2621.0,8.25,2596.25,-8.5,-1.0303030303030303,stop,False,False,False,2606.0,-1.5,10.5,11.0,1.2727272727272727,1.3333333333333333,117,2600.75,2596.5,2603.5,2602.0,40.0,2.0,1m,0.0
2012-07-16,2012,IS,1,bull,B,2012-07-16 08:33:00-04:00,2012-07-16 08:34:00-04:00,2012-07-16 09:43:00-04:00,2573.5,2567.5,2585.5,6.0,2567.5,-6.25,-1.0416666666666667,stop,False,False,False,2574.0,-0.5,6.75,4.75,1.125,0.7916666666666666,69,2569.5,2567.75,2572.0,2571.5,40.0,2.0,1m,0.0
2012-07-23,2012,IS,1,bull,C,2012-07-23 13:56:00-04:00,2012-07-23 13:57:00-04:00,2012-07-23 16:00:00-04:00,2579.75,2543.0,2653.25,36.75,2582.5,2.5,0.06802721088435375,time_exit,False,False,False,2563.75,16.0,4.75,11.25,0.1292517006802721,0.30612244897959184,123,2577.5,2543.25,2577.5,2576.0,40.0,2.0,1m,0.0
2012-07-30,2012,IS,1,bull,C,2012-07-30 11:24:00-04:00,2012-07-30 11:25:00-04:00,2012-07-30 11:41:00-04:00,2636.75,2632.0,2646.25,4.75,2632.0,-5.0,-1.0526315789473684,stop,False,False,False,2645.5,-8.75,5.25,0.5,1.105263157894737,0.10526315789473684,16,2633.75,2632.25,2635.25,2632.25,40.0,2.0,1m,0.0
2012-08-13,2012,IS,1,bull,B,2012-08-13 09:40:00-04:00,2012-08-13 09:41:00-04:00,2012-08-13 10:25:00-04:00,2725.0,2711.75,2751.5,13.25,2711.75,-13.5,-1.0188679245283019,stop,False,False,False,2719.25,5.75,13.5,0.0,1.0188679245283019,0.0,44,2712.25,2712.0,2722.5,2721.5,40.0,2.0,1m,0.0
2012-08-20,2012,IS,1,bull,B,2012-08-20 08:05:00-04:00,2012-08-20 08:06:00-04:00,2012-08-20 09:36:00-04:00,2779.5,2773.5,2791.5,6.0,2773.5,-6.25,-1.0416666666666667,stop,False,False,False,2777.0,2.5,6.0,0.5,1.0,0.08333333333333333,90,2774.5,2773.75,2778.0,2777.25,40.0,2.0,1m,0.0
2012-08-21,2012,IS,-1,bear,C,2012-08-21 11:07:00-04:00,2012-08-21 11:08:00-04:00,2012-08-21 13:47:00-04:00,2790.0,2802.75,2764.5,12.75,2764.5,25.25,1.9803921568627452,target,False,False,False,2792.25,2.25,1.0,26.25,0.0784313725490196,2.0588235294117645,159,2789.75,2802.5,2792.75,2791.25,40.0,2.0,1m,0.0
2012-08-22,2012,IS,-1,bear,C,2012-08-22 14:09:00-04:00,2012-08-22 14:10:00-04:00,2012-08-22 14:45:00-04:00,2775.5,2781.5,2763.5,6.0,2781.5,-6.25,-1.0416666666666667,stop,False,False,False,2765.75,-9.75,8.0,6.0,1.3333333333333333,1.0,35,2777.25,2781.25,2781.25,2778.25,40.0,2.0,1m,0.0
2012-08-23,2012,IS,-1,bear,A,2012-08-23 08:00:00-04:00,2012-08-23 08:01:00-04:00,2012-08-23 16:00:00-04:00,2779.0,2792.25,2752.5,13.25,2762.0,16.75,1.2641509433962264,time_exit,False,False,False,2771.75,-7.25,2.75,25.0,0.20754716981132076,1.8867924528301887,479,2789.75,2792.0,2789.25,2789.0,40.0,2.0,1m,0.0
2012-08-24,2012,IS,-1,bear,B,2012-08-24 08:10:00-04:00,2012-08-24 08:11:00-04:00,2012-08-24 10:39:00-04:00,2756.5,2768.0,2733.5,11.5,2768.0,-11.75,-1.0217391304347827,stop,False,False,False,2754.75,-1.75,12.25,6.0,1.065217391304348,0.5217391304347826,148,2763.75,2767.75,2758.5,2758.25,40.0,2.0,1m,0.0
2012-08-27,2012,IS,-1,bear,A,2012-08-27 09:43:00-04:00,2012-08-27 09:44:00-04:00,2012-08-27 11:16:00-04:00,2781.5,2789.25,2766.0,7.75,2789.25,-8.0,-1.032258064516129,stop,False,False,False,2791.25,9.75,9.0,3.75,1.1612903225806452,0.4838709677419355,92,2785.25,2789.0,2785.0,2784.75,40.0,2.0,1m,0.0
2012-08-28,2012,IS,-1,bear,B,2012-08-28 08:07:00-04:00,2012-08-28 08:08:00-04:00,2012-08-28 12:18:00-04:00,2781.0,2789.5,2764.0,8.5,2789.5,-8.75,-1.0294117647058822,stop,False,False,False,2780.25,-0.75,8.75,10.0,1.0294117647058822,1.1764705882352942,250,2785.0,2789.25,2782.75,2782.25,40.0,2.0,1m,0.0
2012-08-29,2012,IS,-1,bear,B,2012-08-29 08:00:00-04:00,2012-08-29 08:01:00-04:00,2012-08-29 09:36:00-04:00,2779.5,2788.5,2761.5,9.0,2788.5,-9.25,-1.0277777777777777,stop,False,False,False,2783.5,4.0,9.25,0.0,1.0277777777777777,0.0,95,2786.75,2788.25,2781.0,2780.75,40.0,2.0,1m,0.0
2012-08-31,2012,IS,-1,bear,C,2012-08-31 09:13:00-04:00,2012-08-31 09:14:00-04:00,2012-08-31 10:01:00-04:00,2774.0,2781.75,2758.5,7.75,2758.5,15.25,1.967741935483871,target,False,False,False,2775.0,1.0,6.75,16.0,0.8709677419354839,2.064516129032258,47,2780.25,2781.5,2781.5,2775.25,40.0,2.0,1m,0.0
2012-09-04,2012,IS,1,bull,C,2012-09-04 08:30:00-04:00,2012-09-04 08:31:00-04:00,2012-09-04 08:59:00-04:00,2769.5,2767.5,2773.5,2.0,2767.5,-2.25,-1.125,stop,False,False,False,2768.5,1.0,2.25,1.5,1.125,0.75,28,2768.0,2767.75,2768.5,2767.75,40.0,2.0,1m,0.0
2012-09-18,2012,IS,1,bull,B,2012-09-18 08:00:00-04:00,2012-09-18 08:01:00-04:00,2012-09-18 16:00:00-04:00,2846.75,2838.0,2864.25,8.75,2852.75,5.75,0.6571428571428571,time_exit,False,False,False,2843.25,3.5,4.75,7.5,0.5428571428571428,0.8571428571428571,479,2843.5,2838.25,2845.25,2844.5,40.0,2.0,1m,0.0
2012-09-19,2012,IS,1,bull,C,2012-09-19 09:53:00-04:00,2012-09-19 09:54:00-04:00,2012-09-19 10:33:00-04:00,2852.25,2845.75,2865.25,6.5,2845.75,-6.75,-1.0384615384615385,stop,False,False,False,2853.75,-1.5,7.5,4.25,1.1538461538461537,0.6538461538461539,39,2851.0,2846.0,2850.0,2848.25,40.0,2.0,1m,0.0
2012-09-25,2012,IS,1,bull,B,2012-09-25 08:01:00-04:00,2012-09-25 08:02:00-04:00,2012-09-25 12:39:00-04:00,2845.75,2837.75,2861.75,8.0,2837.75,-8.25,-1.03125,stop,False,False,False,2846.75,-1.0,10.0,7.25,1.25,0.90625,277,2838.25,2838.0,2844.0,2843.5,40.0,2.0,1m,0.0
2012-09-27,2012,IS,-1,bear,B,2012-09-27 08:02:00-04:00,2012-09-27 08:03:00-04:00,2012-09-27 10:33:00-04:00,2783.75,2789.25,2772.75,5.5,2789.25,-5.75,-1.0454545454545454,stop,False,False,False,2782.25,-1.5,5.75,5.75,1.0454545454545454,1.0454545454545454,150,2786.25,2789.0,2785.5,2785.25,40.0,2.0,1m,0.0
2012-09-28,2012,IS,-1,bear,B,2012-09-28 08:00:00-04:00,2012-09-28 08:01:00-04:00,2012-09-28 16:00:00-04:00,2806.25,2819.5,2779.75,13.25,2791.75,14.25,1.0754716981132075,time_exit,False,False,False,2806.0,-0.25,7.5,17.5,0.5660377358490566,1.320754716981132,479,2817.0,2819.25,2808.0,2807.5,40.0,2.0,1m,0.0
2012-10-01,2012,IS,-1,bear,C,2012-10-01 08:54:00-04:00,2012-10-01 08:55:00-04:00,2012-10-01 09:30:00-04:00,2808.5,2810.75,2804.0,2.25,2804.0,4.25,1.8888888888888888,target,False,False,False,2805.0,-3.5,1.5,5.0,0.6666666666666666,2.2222222222222223,35,2810.0,2810.5,2810.5,2809.5,40.0,2.0,1m,0.0
2012-10-02,2012,IS,-1,bear,C,2012-10-02 09:36:00-04:00,2012-10-02 09:37:00-04:00,2012-10-02 10:03:00-04:00,2802.0,2808.0,2790.0,6.0,2790.0,11.75,1.9583333333333333,target,False,False,False,2800.0,-2.0,1.25,12.25,0.20833333333333334,2.0416666666666665,26,2804.5,2807.75,2807.75,2804.75,40.0,2.0,1m,0.0
2012-10-03,2012,IS,-1,bear,C,2012-10-03 08:42:00-04:00,2012-10-03 08:43:00-04:00,2012-10-03 08:58:00-04:00,2799.0,2803.0,2791.0,4.0,2803.0,-4.25,-1.0625,stop,False,False,False,2802.25,3.25,4.0,1.5,1.0,0.375,15,2802.25,2802.75,2802.75,2800.5,40.0,2.0,1m,0.0
2012-10-04,2012,IS,-1,bear,B,2012-10-04 08:04:00-04:00,2012-10-04 08:05:00-04:00,2012-10-04 15:17:00-04:00,2819.5,2827.0,2804.5,7.5,2827.0,-7.75,-1.0333333333333334,stop,False,False,False,2817.0,-2.5,9.0,11.75,1.2,1.5666666666666667,432,2825.75,2826.75,2821.25,2820.75,40.0,2.0,1m,0.0
2012-10-17,2012,IS,-1,bear,C,2012-10-17 13:46:00-04:00,2012-10-17 13:47:00-04:00,2012-10-17 14:37:00-04:00,2764.5,2770.0,2753.5,5.5,2770.0,-5.75,-1.0454545454545454,stop,False,False,False,2756.75,-7.75,6.0,1.25,1.0909090909090908,0.22727272727272727,50,2768.75,2769.75,2769.75,2767.5,40.0,2.0,1m,0.0
2012-10-31,2012,IS,-1,bear,A,2012-10-31 09:40:00-04:00,2012-10-31 09:41:00-04:00,2012-10-31 16:00:00-04:00,2651.75,2662.5,2630.25,10.75,2640.5,11.0,1.0232558139534884,time_exit,False,False,False,2657.0,5.25,6.75,20.0,0.627906976744186,1.8604651162790697,379,2657.0,2662.25,2653.5,2653.0,40.0,2.0,1m,0.0
2012-11-02,2012,IS,-1,bear,A,2012-11-02 08:04:00-04:00,2012-11-02 08:05:00-04:00,2012-11-02 08:30:00-04:00,2683.5,2689.25,2672.0,5.75,2689.25,-6.0,-1.0434782608695652,stop,False,False,False,2692.5,9.0,9.5,4.25,1.6521739130434783,0.7391304347826086,25,2688.75,2689.0,2684.75,2684.5,40.0,2.0,1m,0.0
2012-11-09,2012,IS,1,bull,C,2012-11-09 08:30:00-05:00,2012-11-09 08:31:00-05:00,2012-11-09 10:07:00-05:00,2564.5,2556.0,2581.5,8.5,2581.5,16.75,1.9705882352941178,target,False,False,False,2569.75,-5.25,1.5,17.75,0.17647058823529413,2.088235294117647,96,2562.25,2556.25,2560.75,2560.25,40.0,2.0,1m,0.0
2012-11-20,2012,IS,1,bull,B,2012-11-20 08:01:00-05:00,2012-11-20 08:02:00-05:00,2012-11-20 13:10:00-05:00,2586.0,2579.75,2598.5,6.25,2579.75,-6.5,-1.04,stop,False,False,False,2592.0,-6.0,8.5,10.75,1.36,1.72,308,2583.0,2580.0,2584.5,2583.75,40.0,2.0,1m,0.0
2012-11-23,2012,IS,1,bull,B,2012-11-23 08:01:00-05:00,2012-11-23 08:02:00-05:00,2012-11-23 11:13:00-05:00,2607.5,2596.0,2630.5,11.5,2630.5,22.75,1.9782608695652173,target,False,False,False,2614.0,-6.5,1.25,23.0,0.10869565217391304,2.0,191,2600.0,2596.25,2606.0,2605.5,40.0,2.0,1m,0.0
2012-11-26,2012,IS,1,bull,B,2012-11-26 08:00:00-05:00,2012-11-26 08:01:00-05:00,2012-11-26 12:49:00-05:00,2628.75,2622.75,2640.75,6.0,2640.75,11.75,1.9583333333333333,target,False,False,False,2632.5,-3.75,5.25,12.5,0.875,2.0833333333333335,288,2624.75,2623.0,2627.0,2626.5,40.0,2.0,1m,0.0
2012-11-28,2012,IS,1,bull,C,2012-11-28 08:25:00-05:00,2012-11-28 08:26:00-05:00,2012-11-28 08:54:00-05:00,2634.0,2631.75,2638.5,2.25,2631.75,-2.5,-1.1111111111111112,stop,False,False,False,2628.5,5.5,2.25,1.5,1.0,0.6666666666666666,28,2632.5,2632.0,2632.75,2632.0,40.0,2.0,1m,0.0
2012-12-03,2012,IS,1,bull,C,2012-12-03 13:49:00-05:00,2012-12-03 13:50:00-05:00,2012-12-03 14:50:00-05:00,2678.0,2673.25,2687.5,4.75,2673.25,-5.0,-1.0526315789473684,gap_through_stop,False,True,False,2696.25,-18.25,4.5,2.25,0.9473684210526315,0.47368421052631576,60,2675.75,2673.5,2676.0,2675.25,40.0,2.0,1m,0.0
2012-12-05,2012,IS,-1,bear,B,2012-12-05 08:01:00-05:00,2012-12-05 08:02:00-05:00,2012-12-05 09:58:00-05:00,2668.0,2679.5,2645.0,11.5,2645.0,22.75,1.9782608695652173,target,False,False,False,2663.25,-4.75,1.5,24.75,0.13043478260869565,2.152173913043478,116,2678.5,2679.25,2669.5,2669.0,40.0,2.0,1m,0.0
2012-12-06,2012,IS,-1,bear,B,2012-12-06 08:00:00-05:00,2012-12-06 08:01:00-05:00,2012-12-06 09:54:00-05:00,2633.5,2641.5,2617.5,8.0,2641.5,-8.25,-1.03125,stop,False,False,False,2630.25,-3.25,9.25,11.0,1.15625,1.375,113,2641.0,2641.25,2636.5,2636.0,40.0,2.0,1m,0.0
2012-12-07,2012,IS,-1,bear,C,2012-12-07 09:48:00-05:00,2012-12-07 09:49:00-05:00,2012-12-07 16:00:00-05:00,2653.75,2673.5,2614.25,19.75,2638.75,14.75,0.7468354430379747,time_exit,False,False,False,2668.0,14.25,4.75,24.25,0.24050632911392406,1.2278481012658229,371,2657.0,2673.25,2661.25,2659.75,40.0,2.0,1m,0.0
2012-12-10,2012,IS,-1,bear,C,2012-12-10 14:39:00-05:00,2012-12-10 14:40:00-05:00,2012-12-10 14:53:00-05:00,2638.0,2644.5,2625.0,6.5,2644.5,-6.75,-1.0384615384615385,stop,False,False,False,2631.75,-6.25,7.5,0.0,1.1538461538461537,0.0,13,2643.25,2644.25,2644.25,2640.5,40.0,2.0,1m,0.0
2012-12-17,2012,IS,-1,bear,C,2012-12-17 10:00:00-05:00,2012-12-17 10:01:00-05:00,2012-12-17 11:10:00-05:00,2632.75,2639.25,2619.75,6.5,2639.25,-6.75,-1.0384615384615385,stop,False,False,False,2626.25,-6.5,6.75,8.25,1.0384615384615385,1.2692307692307692,69,2638.5,2639.0,2639.0,2634.0,40.0,2.0,1m,0.0
2013-01-08,2013,IS,1,bull,B,2013-01-08 08:01:00-05:00,2013-01-08 08:02:00-05:00,2013-01-08 10:14:00-05:00,2716.75,2708.0,2734.25,8.75,2708.0,-9.0,-1.0285714285714285,stop,False,False,False,2717.75,-1.0,8.75,8.0,1.0,0.9142857142857143,132,2713.75,2708.25,2715.5,2715.0,40.0,2.0,1m,0.0
2013-01-11,2013,IS,-1,bear,A,2013-01-11 08:01:00-05:00,2013-01-11 08:02:00-05:00,2013-01-11 16:00:00-05:00,2734.75,2744.75,2714.75,10.0,2742.75,-8.25,-0.825,time_exit,False,False,False,2737.75,3.0,9.25,2.5,0.925,0.25,478,2743.5,2744.5,2737.25,2737.0,40.0,2.0,1m,0.0
2013-05-17,2013,IS,-1,bear,C,2013-05-17 08:14:00-04:00,2013-05-17 08:15:00-04:00,2013-05-17 08:42:00-04:00,3005.75,3008.25,3000.75,2.5,3008.25,-2.75,-1.1,stop,False,False,False,3012.75,7.0,2.75,0.0,1.1,0.0,27,3007.25,3008.0,3007.5,3007.0,40.0,2.0,1m,0.0
2013-06-05,2013,IS,1,bull,C,2013-06-05 08:20:00-04:00,2013-06-05 08:21:00-04:00,2013-06-05 09:30:00-04:00,2967.5,2960.0,2982.5,7.5,2960.0,-7.75,-1.0333333333333334,stop,False,False,False,2963.5,4.0,8.75,1.5,1.1666666666666667,0.2,69,2961.0,2960.25,2964.25,2960.25,40.0,2.0,1m,0.0
2013-06-14,2013,IS,1,bull,B,2013-06-14 08:33:00-04:00,2013-06-14 08:34:00-04:00,2013-06-14 10:38:00-04:00,2957.5,2950.5,2971.5,7.0,2950.5,-7.25,-1.0357142857142858,stop,False,False,False,2957.25,0.25,7.5,4.25,1.0714285714285714,0.6071428571428571,124,2952.0,2950.75,2956.25,2955.75,40.0,2.0,1m,0.0
2013-06-19,2013,IS,1,bull,B,2013-06-19 08:00:00-04:00,2013-06-19 08:01:00-04:00,2013-06-19 09:50:00-04:00,2993.75,2986.0,3009.25,7.75,2986.0,-8.0,-1.032258064516129,stop,False,False,False,2992.0,1.75,8.25,2.0,1.064516129032258,0.25806451612903225,109,2987.0,2986.25,2990.25,2989.75,40.0,2.0,1m,0.0
2013-06-20,2013,IS,1,bull,C,2013-06-20 09:45:00-04:00,2013-06-20 09:46:00-04:00,2013-06-20 10:11:00-04:00,2926.25,2921.5,2935.75,4.75,2921.5,-5.0,-1.0526315789473684,stop,False,False,False,2923.5,2.75,5.25,5.75,1.105263157894737,1.2105263157894737,25,2922.5,2921.75,2924.5,2921.75,40.0,2.0,1m,0.0
2013-07-05,2013,IS,-1,bear,B,2013-07-05 08:01:00-04:00,2013-07-05 08:02:00-04:00,2013-07-05 08:34:00-04:00,2959.75,2970.0,2939.25,10.25,2970.0,-10.5,-1.024390243902439,stop,False,False,False,2952.25,-7.5,11.5,3.0,1.1219512195121952,0.2926829268292683,32,2968.0,2969.75,2961.75,2961.25,40.0,2.0,1m,0.0
2013-07-31,2013,IS,-1,bear,B,2013-07-31 08:21:00-04:00,2013-07-31 08:22:00-04:00,2013-07-31 08:49:00-04:00,3084.25,3089.0,3074.75,4.75,3089.0,-5.0,-1.0526315789473684,stop,False,False,False,3087.0,2.75,5.25,2.25,1.105263157894737,0.47368421052631576,27,3088.0,3088.75,3085.75,3085.25,40.0,2.0,1m,0.0
2013-09-16,2013,IS,1,bull,C,2013-09-16 09:16:00-04:00,2013-09-16 09:17:00-04:00,2013-09-16 09:36:00-04:00,3198.5,3193.5,3208.5,5.0,3193.5,-5.25,-1.05,stop,False,False,False,3198.5,0.0,5.25,1.25,1.05,0.25,19,3196.75,3193.75,3197.0,3196.25,40.0,2.0,1m,0.0
2013-09-18,2013,IS,1,bull,C,2013-09-18 12:02:00-04:00,2013-09-18 12:03:00-04:00,2013-09-18 13:24:00-04:00,3185.25,3183.0,3189.75,2.25,3189.75,4.25,1.8888888888888888,target,False,False,False,3190.0,-4.75,1.5,4.5,0.6666666666666666,2.0,81,3183.75,3183.25,3184.25,3183.25,40.0,2.0,1m,0.0
2013-09-24,2013,IS,1,bull,C,2013-09-24 10:23:00-04:00,2013-09-24 10:24:00-04:00,2013-09-24 10:35:00-04:00,3208.25,3202.5,3219.75,5.75,3219.75,11.25,1.9565217391304348,target,False,False,False,3220.0,-11.75,1.75,13.25,0.30434782608695654,2.3043478260869565,11,3206.0,3202.75,3205.25,3202.75,40.0,2.0,1m,0.0
2013-09-25,2013,IS,1,bull,C,2013-09-25 09:38:00-04:00,2013-09-25 09:39:00-04:00,2013-09-25 09:50:00-04:00,3206.5,3203.0,3213.5,3.5,3203.0,-3.75,-1.0714285714285714,stop,False,False,False,3215.25,-8.75,5.0,5.75,1.4285714285714286,1.6428571428571428,11,3205.25,3203.25,3205.25,3203.25,40.0,2.0,1m,0.0
2013-09-27,2013,IS,1,bull,C,2013-09-27 08:06:00-04:00,2013-09-27 08:07:00-04:00,2013-09-27 08:19:00-04:00,3215.0,3212.5,3220.0,2.5,3212.5,-2.75,-1.1,stop,False,False,False,3209.0,6.0,2.5,0.0,1.0,0.0,12,3213.0,3212.75,3213.25,3212.75,40.0,2.0,1m,0.0
2013-09-30,2013,IS,1,bull,A,2013-09-30 10:20:00-04:00,2013-09-30 10:21:00-04:00,2013-09-30 16:00:00-04:00,3209.0,3200.0,3227.0,9.0,3213.0,3.75,0.4166666666666667,time_exit,False,False,False,3189.5,19.5,4.5,14.25,0.5,1.5833333333333333,339,3203.0,3200.25,3207.25,3207.0,40.0,2.0,1m,0.0
2013-10-01,2013,IS,1,bull,C,2013-10-01 08:20:00-04:00,2013-10-01 08:21:00-04:00,2013-10-01 09:30:00-04:00,3217.75,3213.5,3226.25,4.25,3213.5,-4.5,-1.0588235294117647,stop,False,False,False,3214.5,3.25,4.75,4.25,1.1176470588235294,1.0,69,3214.75,3213.75,3216.0,3213.75,40.0,2.0,1m,0.0
2014-02-24,2014,IS,-1,bear,B,2014-02-24 09:10:00-05:00,2014-02-24 09:11:00-05:00,2014-02-24 09:34:00-05:00,3671.5,3676.75,3661.0,5.25,3676.75,-5.5,-1.0476190476190477,stop,False,False,False,3672.25,0.75,5.75,2.0,1.0952380952380953,0.38095238095238093,23,3673.5,3676.5,3673.0,3672.75,40.0,2.0,1m,0.0
2014-02-26,2014,IS,-1,bear,B,2014-02-26 08:01:00-05:00,2014-02-26 08:02:00-05:00,2014-02-26 10:36:00-05:00,3692.25,3700.25,3676.25,8.0,3700.25,-8.25,-1.03125,stop,False,False,False,3691.0,-1.25,8.5,14.0,1.0625,1.75,154,3698.75,3700.0,3693.75,3693.5,40.0,2.0,1m,0.0
2014-03-03,2014,IS,-1,bear,C,2014-03-03 10:01:00-05:00,2014-03-03 10:02:00-05:00,2014-03-03 10:17:00-05:00,3672.0,3680.0,3656.0,8.0,3656.0,15.75,1.96875,target,False,False,False,3662.25,-9.75,4.5,17.5,0.5625,2.1875,15,3678.0,3679.75,3679.75,3674.75,40.0,2.0,1m,0.0
2014-03-06,2014,IS,1,bull,C,2014-03-06 14:02:00-05:00,2014-03-06 14:03:00-05:00,2014-03-06 16:00:00-05:00,3715.25,3709.0,3727.75,6.25,3722.0,6.5,1.04,time_exit,False,False,False,3733.75,-18.5,1.25,10.5,0.2,1.68,117,3712.5,3709.25,3711.75,3709.25,40.0,2.0,1m,0.0
2014-03-11,2014,IS,1,bull,B,2014-03-11 08:04:00-04:00,2014-03-11 08:05:00-04:00,2014-03-11 09:21:00-04:00,3708.5,3703.5,3718.5,5.0,3718.5,9.75,1.95,target,False,False,False,3716.75,-8.25,1.25,10.0,0.25,2.0,76,3705.25,3703.75,3707.5,3707.25,40.0,2.0,1m,0.0
2014-03-12,2014,IS,1,bull,C,2014-03-12 08:50:00-04:00,2014-03-12 08:51:00-04:00,2014-03-12 08:55:00-04:00,3675.5,3672.0,3682.5,3.5,3672.0,-3.75,-1.0714285714285714,stop,False,False,False,3675.5,0.0,3.5,0.0,1.0,0.0,4,3674.25,3672.25,3673.5,3673.0,40.0,2.0,1m,0.0
2014-03-14,2014,IS,1,bull,C,2014-03-14 08:46:00-04:00,2014-03-14 08:47:00-04:00,2014-03-14 08:50:00-04:00,3645.25,3640.0,3655.75,5.25,3640.0,-5.5,-1.0476190476190477,stop,False,False,False,3634.5,10.75,5.75,0.0,1.0952380952380953,0.0,3,3641.25,3640.25,3643.0,3640.25,40.0,2.0,1m,0.0
2014-04-07,2014,IS,1,bull,C,2014-04-07 09:32:00-04:00,2014-04-07 09:33:00-04:00,2014-04-07 09:44:00-04:00,3515.0,3504.0,3537.0,11.0,3504.0,-11.25,-1.0227272727272727,stop,False,False,False,3512.0,3.0,14.5,6.75,1.3181818181818181,0.6136363636363636,11,3505.5,3504.25,3513.5,3504.25,40.0,2.0,1m,0.0
2014-04-28,2014,IS,-1,bear,C,2014-04-28 10:03:00-04:00,2014-04-28 10:04:00-04:00,2014-04-28 10:13:00-04:00,3539.5,3548.25,3522.0,8.75,3548.25,-9.0,-1.0285714285714285,stop,False,False,False,3541.25,1.75,12.75,2.0,1.457142857142857,0.22857142857142856,9,3547.5,3548.0,3548.0,3542.0,40.0,2.0,1m,0.0
2014-04-29,2014,IS,-1,bear,C,2014-04-29 09:57:00-04:00,2014-04-29 09:58:00-04:00,2014-04-29 10:10:00-04:00,3553.25,3560.25,3539.25,7.0,3539.25,13.75,1.9642857142857142,target,False,False,False,3547.5,-5.75,1.5,14.25,0.21428571428571427,2.0357142857142856,12,3559.25,3560.0,3560.0,3555.5,40.0,2.0,1m,0.0
2014-04-30,2014,IS,-1,bear,C,2014-04-30 10:34:00-04:00,2014-04-30 10:35:00-04:00,2014-04-30 10:52:00-04:00,3560.75,3567.5,3547.25,6.75,3567.5,-7.0,-1.037037037037037,stop,False,False,False,3549.25,-11.5,8.0,1.0,1.1851851851851851,0.14814814814814814,17,3565.25,3567.25,3567.25,3564.5,40.0,2.0,1m,0.0
2014-05-01,2014,IS,-1,bear,A,2014-05-01 09:33:00-04:00,2014-05-01 09:34:00-04:00,2014-05-01 09:37:00-04:00,3573.25,3579.75,3560.25,6.5,3579.75,-6.75,-1.0384615384615385,stop,False,False,False,3579.75,6.5,8.25,2.75,1.2692307692307692,0.4230769230769231,3,3577.75,3579.5,3575.0,3574.5,40.0,2.0,1m,0.0
2014-05-02,2014,IS,-1,bear,C,2014-05-02 08:33:00-04:00,2014-05-02 08:34:00-04:00,2014-05-02 10:50:00-04:00,3593.25,3604.75,3570.25,11.5,3570.25,22.75,1.9782608695652173,target,False,False,False,3596.0,2.75,10.5,23.75,0.9130434782608695,2.0652173913043477,136,3592.25,3604.5,3602.0,3596.25,40.0,2.0,1m,0.0
2014-05-05,2014,IS,-1,bear,C,2014-05-05 10:27:00-04:00,2014-05-05 10:28:00-04:00,2014-05-05 10:37:00-04:00,3579.5,3585.25,3568.0,5.75,3585.25,-6.0,-1.0434782608695652,stop,False,False,False,3557.0,-22.5,5.75,0.25,1.0,0.043478260869565216,9,3584.25,3585.0,3585.0,3582.25,40.0,2.0,1m,0.0
2014-05-06,2014,IS,-1,bear,B,2014-05-06 08:17:00-04:00,2014-05-06 08:18:00-04:00,2014-05-06 13:44:00-04:00,3589.25,3604.0,3559.75,14.75,3559.75,29.25,1.9830508474576272,target,False,False,False,3592.0,2.75,3.75,30.5,0.2542372881355932,2.0677966101694913,326,3597.25,3603.75,3593.25,3591.25,40.0,2.0,1m,0.0
2014-05-07,2014,IS,-1,bear,C,2014-05-07 09:08:00-04:00,2014-05-07 09:09:00-04:00,2014-05-07 09:46:00-04:00,3557.75,3566.75,3539.75,9.0,3539.75,17.75,1.9722222222222223,target,False,False,False,3558.0,0.25,3.25,19.25,0.3611111111111111,2.138888888888889,37,3558.75,3566.5,3560.75,3560.25,40.0,2.0,1m,0.0
2014-05-09,2014,IS,-1,bear,A,2014-05-09 08:00:00-04:00,2014-05-09 08:01:00-04:00,2014-05-09 16:00:00-04:00,3523.0,3580.0,3409.0,57.0,3549.5,-26.75,-0.4692982456140351,time_exit,False,False,False,3533.5,10.5,29.25,12.5,0.5131578947368421,0.21929824561403508,479,3566.5,3579.75,3536.5,3536.25,40.0,2.0,1m,0.0
2014-05-12,2014,IS,-1,bear,C,2014-05-12 09:14:00-04:00,2014-05-12 09:15:00-04:00,2014-05-12 09:24:00-04:00,3567.25,3570.25,3561.25,3.0,3570.25,-3.25,-1.0833333333333333,stop,False,False,False,3570.75,3.5,4.5,0.0,1.5,0.0,9,3569.75,3570.0,3570.0,3569.0,40.0,2.0,1m,0.0
2014-06-16,2014,IS,-1,bear,C,2014-06-16 11:05:00-04:00,2014-06-16 11:06:00-04:00,2014-06-16 13:07:00-04:00,3765.0,3773.0,3749.0,8.0,3773.0,-8.25,-1.03125,stop,False,False,False,3763.0,-2.0,8.75,10.5,1.09375,1.3125,121,3771.0,3772.75,3772.75,3770.0,40.0,2.0,1m,0.0
2014-06-18,2014,IS,-1,bear,C,2014-06-18 14:41:00-04:00,2014-06-18 14:42:00-04:00,2014-06-18 14:46:00-04:00,3776.25,3780.75,3767.25,4.5,3780.75,-4.75,-1.0555555555555556,stop,False,False,False,3777.75,1.5,4.5,0.0,1.0,0.0,4,3779.75,3780.5,3780.5,3778.25,40.0,2.0,1m,0.0
2014-06-19,2014,IS,-1,bear,B,2014-06-19 09:48:00-04:00,2014-06-19 09:49:00-04:00,2014-06-19 12:57:00-04:00,3795.5,3803.5,3779.5,8.0,3779.5,15.75,1.96875,target,False,False,False,3799.5,4.0,3.5,16.5,0.4375,2.0625,188,3800.25,3803.25,3797.75,3797.25,40.0,2.0,1m,0.0
2014-06-20,2014,IS,-1,bear,C,2014-06-20 08:54:00-04:00,2014-06-20 08:55:00-04:00,2014-06-20 09:28:00-04:00,3792.5,3796.5,3784.5,4.0,3796.5,-4.25,-1.0625,stop,False,False,False,3793.0,0.5,4.5,0.75,1.125,0.1875,33,3793.75,3796.25,3795.0,3794.25,40.0,2.0,1m,0.0
2014-06-25,2014,IS,-1,bear,B,2014-06-25 08:00:00-04:00,2014-06-25 08:01:00-04:00,2014-06-25 09:44:00-04:00,3791.25,3796.0,3781.75,4.75,3796.0,-5.0,-1.0526315789473684,stop,False,False,False,3783.75,-7.5,5.75,8.25,1.2105263157894737,1.736842105263158,103,3795.0,3795.75,3793.0,3792.5,40.0,2.0,1m,0.0
2014-07-28,2014,IS,1,bull,C,2014-07-28 11:26:00-04:00,2014-07-28 11:27:00-04:00,2014-07-28 13:36:00-04:00,3952.75,3945.75,3966.75,7.0,3966.75,13.75,1.9642857142857142,target,False,False,False,3961.25,-8.5,6.75,14.25,0.9642857142857143,2.0357142857142856,129,3946.5,3946.0,3950.0,3946.0,40.0,2.0,1m,0.0
2014-07-29,2014,IS,1,bull,B,2014-07-29 08:00:00-04:00,2014-07-29 08:01:00-04:00,2014-07-29 11:35:00-04:00,3967.25,3950.0,4001.75,17.25,3950.0,-17.5,-1.0144927536231885,stop,False,False,False,3968.25,-1.0,17.75,10.25,1.0289855072463767,0.5942028985507246,214,3953.75,3950.25,3966.25,3966.0,40.0,2.0,1m,0.0
2014-07-30,2014,IS,1,bull,A,2014-07-30 08:00:00-04:00,2014-07-30 08:01:00-04:00,2014-07-30 16:00:00-04:00,3970.5,3948.25,4015.0,22.25,3968.75,-2.0,-0.0898876404494382,time_exit,False,False,False,3974.5,-4.0,17.25,12.5,0.7752808988764045,0.5617977528089888,479,3949.5,3948.5,3960.0,3959.75,40.0,2.0,1m,0.0
2014-07-31,2014,IS,1,bull,C,2014-07-31 09:34:00-04:00,2014-07-31 09:35:00-04:00,2014-07-31 09:57:00-04:00,3936.75,3930.0,3950.25,6.75,3930.0,-7.0,-1.037037037037037,stop,False,False,False,3936.5,0.25,8.75,5.25,1.2962962962962963,0.7777777777777778,22,3931.0,3930.25,3934.5,3930.25,40.0,2.0,1m,0.0
2014-08-01,2014,IS,1,bull,C,2014-08-01 12:03:00-04:00,2014-08-01 12:04:00-04:00,2014-08-01 12:49:00-04:00,3859.0,3852.25,3872.5,6.75,3852.25,-7.0,-1.037037037037037,stop,False,False,False,3879.75,-20.75,8.5,5.25,1.2592592592592593,0.7777777777777778,45,3853.5,3852.5,3856.5,3852.5,40.0,2.0,1m,0.0
2014-08-04,2014,IS,1,bull,C,2014-08-04 10:48:00-04:00,2014-08-04 10:49:00-04:00,2014-08-04 10:57:00-04:00,3877.5,3872.25,3888.0,5.25,3872.25,-5.5,-1.0476190476190477,stop,False,False,False,3883.0,-5.5,6.25,0.75,1.1904761904761905,0.14285714285714285,8,3873.0,3872.5,3874.5,3872.5,40.0,2.0,1m,0.0
2014-08-05,2014,IS,1,bull,C,2014-08-05 09:34:00-04:00,2014-08-05 09:35:00-04:00,2014-08-05 09:48:00-04:00,3885.5,3879.25,3898.0,6.25,3879.25,-6.5,-1.04,stop,False,False,False,3884.0,1.5,6.25,7.5,1.0,1.2,13,3885.5,3879.5,3883.75,3882.75,40.0,2.0,1m,0.0
2014-08-06,2014,IS,1,bull,C,2014-08-06 09:33:00-04:00,2014-08-06 09:34:00-04:00,2014-08-06 10:04:00-04:00,3850.5,3841.75,3868.0,8.75,3868.0,17.25,1.9714285714285715,target,False,False,False,3845.25,5.25,4.5,17.75,0.5142857142857142,2.0285714285714285,30,3845.25,3842.0,3846.5,3842.0,40.0,2.0,1m,0.0
2014-08-07,2014,IS,1,bull,B,2014-08-07 08:00:00-04:00,2014-08-07 08:01:00-04:00,2014-08-07 11:54:00-04:00,3874.5,3862.75,3898.0,11.75,3862.75,-12.0,-1.0212765957446808,stop,False,False,False,3884.25,-9.75,11.75,18.0,1.0,1.5319148936170213,233,3865.75,3863.0,3872.0,3871.0,40.0,2.0,1m,0.0
2014-08-08,2014,IS,1,bull,B,2014-08-08 08:00:00-04:00,2014-08-08 08:01:00-04:00,2014-08-08 16:00:00-04:00,3863.0,3826.25,3936.5,36.75,3882.25,19.0,0.5170068027210885,time_exit,False,False,False,3861.75,1.25,18.75,23.75,0.5102040816326531,0.6462585034013606,479,3828.25,3826.5,3861.25,3860.25,40.0,2.0,1m,0.0
2014-08-12,2014,IS,-1,bear,B,2014-08-12 09:02:00-04:00,2014-08-12 09:03:00-04:00,2014-08-12 16:00:00-04:00,3901.0,3917.5,3868.0,16.5,3903.5,-2.75,-0.16666666666666666,time_exit,False,False,False,3902.25,1.25,13.0,17.75,0.7878787878787878,1.0757575757575757,417,3912.75,3917.25,3906.25,3904.5,40.0,2.0,1m,0.0
2014-08-13,2014,IS,-1,bear,C,2014-08-13 09:40:00-04:00,2014-08-13 09:41:00-04:00,2014-08-13 10:06:00-04:00,3921.0,3927.0,3909.0,6.0,3927.0,-6.25,-1.0416666666666667,stop,False,False,False,3919.5,-1.5,6.5,3.25,1.0833333333333333,0.5416666666666666,25,3925.25,3926.75,3926.75,3922.75,40.0,2.0,1m,0.0
2014-08-14,2014,IS,1,bull,B,2014-08-14 08:05:00-04:00,2014-08-14 08:06:00-04:00,2014-08-14 16:00:00-04:00,3954.0,3939.25,3983.5,14.75,3965.75,11.5,0.7796610169491526,time_exit,False,False,False,3950.0,4.0,10.5,12.5,0.711864406779661,0.847457627118644,474,3942.25,3939.5,3952.5,3952.0,40.0,2.0,1m,0.0
2014-08-15,2014,IS,1,bull,C,2014-08-15 11:00:00-04:00,2014-08-15 11:01:00-04:00,2014-08-15 11:52:00-04:00,3970.0,3958.0,3994.0,12.0,3958.0,-12.25,-1.0208333333333333,stop,False,False,False,3987.25,-17.25,14.75,8.25,1.2291666666666667,0.6875,51,3966.25,3958.25,3967.25,3963.5,40.0,2.0,1m,0.0
2014-08-27,2014,IS,1,bull,C,2014-08-27 09:01:00-04:00,2014-08-27 09:02:00-04:00,2014-08-27 09:37:00-04:00,4073.0,4070.0,4079.0,3.0,4070.0,-3.25,-1.0833333333333333,stop,False,False,False,4072.5,0.5,4.0,1.75,1.3333333333333333,0.5833333333333334,35,4071.75,4070.25,4071.75,4071.5,40.0,2.0,1m,0.0
2014-08-29,2014,IS,1,bull,C,2014-08-29 10:22:00-04:00,2014-08-29 10:23:00-04:00,2014-08-29 11:34:00-04:00,4068.25,4061.75,4081.25,6.5,4081.25,12.75,1.9615384615384615,target,False,False,False,4077.0,-8.75,4.5,13.25,0.6923076923076923,2.0384615384615383,71,4067.0,4062.0,4066.5,4064.5,40.0,2.0,1m,0.0
2014-09-29,2014,IS,1,bull,C,2014-09-29 09:45:00-04:00,2014-09-29 09:46:00-04:00,2014-09-29 09:48:00-04:00,4019.5,4014.75,4029.0,4.75,4014.75,-5.0,-1.0526315789473684,stop,False,False,False,4002.75,16.75,11.0,0.0,2.3157894736842106,0.0,2,4015.25,4015.0,4017.25,4015.0,40.0,2.0,1m,0.0
2014-09-30,2014,IS,1,bull,C,2014-09-30 09:54:00-04:00,2014-09-30 09:55:00-04:00,2014-09-30 10:00:00-04:00,4037.75,4031.75,4049.75,6.0,4031.75,-6.25,-1.0416666666666667,stop,False,False,False,4048.5,-10.75,12.25,0.5,2.0416666666666665,0.08333333333333333,5,4032.25,4032.0,4034.75,4032.0,40.0,2.0,1m,0.0
2014-10-01,2014,IS,1,bull,C,2014-10-01 08:26:00-04:00,2014-10-01 08:27:00-04:00,2014-10-01 08:48:00-04:00,4033.5,4027.75,4045.0,5.75,4027.75,-6.0,-1.0434782608695652,stop,False,False,False,4033.75,-0.25,5.75,1.0,1.0,0.17391304347826086,21,4029.5,4028.0,4032.25,4028.0,40.0,2.0,1m,0.0
2014-12-10,2014,IS,1,bull,A,2014-12-10 08:33:00-05:00,2014-12-10 08:34:00-05:00,2014-12-10 16:00:00-05:00,4290.25,4216.5,4437.75,73.75,4227.25,-63.25,-0.8576271186440678,time_exit,False,False,False,4288.25,2.0,71.25,8.0,0.9661016949152542,0.10847457627118644,446,4259.0,4216.75,4289.0,4288.5,40.0,2.0,1m,0.0
2015-01-19,2015,IS,1,bull,B,2015-01-19 08:11:00-05:00,2015-01-19 08:12:00-05:00,2015-01-19 12:59:00-05:00,4126.5,4112.75,4154.0,13.75,4127.25,0.5,0.03636363636363636,time_exit,False,False,False,4144.75,-18.25,4.25,22.0,0.3090909090909091,1.6,287,4124.25,4113.0,4125.5,4125.0,40.0,2.0,1m,0.0
2015-01-20,2015,IS,1,bull,C,2015-01-20 09:58:00-05:00,2015-01-20 09:59:00-05:00,2015-01-20 10:41:00-05:00,4131.5,4122.5,4149.5,9.0,4122.5,-9.25,-1.0277777777777777,stop,False,False,False,4156.0,-24.5,13.5,13.25,1.5,1.4722222222222223,42,4123.5,4122.75,4128.0,4122.75,40.0,2.0,1m,0.0
2015-01-21,2015,IS,1,bull,C,2015-01-21 09:37:00-05:00,2015-01-21 09:38:00-05:00,2015-01-21 10:54:00-05:00,4164.25,4147.25,4198.25,17.0,4198.25,33.75,1.9852941176470589,target,False,False,False,4152.0,12.25,12.0,37.5,0.7058823529411765,2.2058823529411766,76,4149.0,4147.5,4153.0,4147.5,40.0,2.0,1m,0.0
2015-01-22,2015,IS,-1,bear,C,2015-01-22 08:53:00-05:00,2015-01-22 08:54:00-05:00,2015-01-22 10:55:00-05:00,4196.75,4220.75,4148.75,24.0,4220.75,-24.25,-1.0104166666666667,stop,False,False,False,4202.0,5.25,28.75,32.25,1.1979166666666667,1.34375,121,4203.0,4220.5,4213.75,4208.5,40.0,2.0,1m,0.0
2015-01-23,2015,IS,1,bull,C,2015-01-23 09:16:00-05:00,2015-01-23 09:17:00-05:00,2015-01-23 09:30:00-05:00,4261.75,4256.5,4272.25,5.25,4256.5,-5.5,-1.0476190476190477,stop,False,False,False,4263.5,-1.75,7.0,3.25,1.3333333333333333,0.6190476190476191,13,4257.5,4256.75,4259.75,4256.75,40.0,2.0,1m,0.0
2015-01-29,2015,IS,1,bull,C,2015-01-29 09:57:00-05:00,2015-01-29 09:58:00-05:00,2015-01-29 10:38:00-05:00,4118.25,4107.75,4139.25,10.5,4107.75,-10.75,-1.0238095238095237,stop,False,False,False,4132.25,-14.0,10.5,8.75,1.0,0.8333333333333334,40,4111.25,4108.0,4113.0,4108.0,40.0,2.0,1m,0.0
2015-02-02,2015,IS,1,bull,C,2015-02-02 09:47:00-05:00,2015-02-02 09:48:00-05:00,2015-02-02 09:51:00-05:00,4130.75,4119.25,4153.75,11.5,4119.25,-11.75,-1.0217391304347827,stop,False,False,False,4151.25,-20.5,15.75,3.0,1.3695652173913044,0.2608695652173913,3,4129.25,4119.5,4125.75,4119.5,40.0,2.0,1m,0.0
2015-02-09,2015,IS,1,bull,B,2015-02-09 08:00:00-05:00,2015-02-09 08:01:00-05:00,2015-02-09 08:49:00-05:00,4213.0,4201.75,4235.5,11.25,4201.75,-11.5,-1.0222222222222221,stop,False,False,False,4208.25,4.75,11.5,0.75,1.0222222222222221,0.06666666666666667,48,4204.5,4202.0,4211.5,4210.5,40.0,2.0,1m,0.0
2015-02-18,2015,IS,1,bull,B,2015-02-18 08:00:00-05:00,2015-02-18 08:01:00-05:00,2015-02-18 08:22:00-05:00,4384.25,4380.5,4391.75,3.75,4380.5,-4.0,-1.0666666666666667,stop,False,False,False,4380.0,4.25,3.75,0.0,1.0,0.0,21,4381.75,4380.75,4382.0,4381.25,40.0,2.0,1m,0.0
2015-02-19,2015,IS,-1,bear,B,2015-02-19 08:12:00-05:00,2015-02-19 08:13:00-05:00,2015-02-19 09:57:00-05:00,4386.75,4401.0,4358.25,14.25,4401.0,-14.5,-1.0175438596491229,stop,False,False,False,4388.25,1.5,15.25,1.5,1.0701754385964912,0.10526315789473684,104,4391.25,4400.75,4389.75,4389.0,40.0,2.0,1m,0.0
2015-03-05,2015,IS,1,bull,C,2015-03-05 13:16:00-05:00,2015-03-05 13:17:00-05:00,2015-03-05 16:00:00-05:00,4442.25,4432.5,4461.75,9.75,4450.5,8.0,0.8205128205128205,time_exit,False,False,False,4455.0,-12.75,5.75,15.0,0.5897435897435898,1.5384615384615385,163,4440.5,4432.75,4439.25,4437.5,40.0,2.0,1m,0.0
2015-03-09,2015,IS,1,bull,B,2015-03-09 08:01:00-04:00,2015-03-09 08:02:00-04:00,2015-03-09 09:45:00-04:00,4410.5,4396.0,4439.5,14.5,4396.0,-14.75,-1.0172413793103448,stop,False,False,False,4409.75,0.75,16.75,3.25,1.1551724137931034,0.22413793103448276,103,4398.25,4396.25,4409.25,4408.5,40.0,2.0,1m,0.0
2015-03-11,2015,IS,1,bull,C,2015-03-11 09:42:00-04:00,2015-03-11 09:43:00-04:00,2015-03-11 10:33:00-04:00,4334.25,4325.75,4351.25,8.5,4325.75,-8.75,-1.0294117647058822,stop,False,False,False,4337.5,-3.25,8.75,8.75,1.0294117647058822,1.0294117647058822,50,4328.5,4326.0,4330.75,4326.0,40.0,2.0,1m,0.0
2015-03-12,2015,IS,1,bull,C,2015-03-12 09:33:00-04:00,2015-03-12 09:34:00-04:00,2015-03-12 09:45:00-04:00,4309.25,4304.25,4319.25,5.0,4319.25,9.75,1.95,target,False,False,False,4302.75,6.5,2.0,10.5,0.4,2.1,11,4304.75,4304.5,4305.5,4304.5,40.0,2.0,1m,0.0
2015-03-13,2015,IS,1,bull,C,2015-03-13 08:03:00-04:00,2015-03-13 08:04:00-04:00,2015-03-13 08:15:00-04:00,4322.25,4318.75,4329.25,3.5,4318.75,-3.75,-1.0714285714285714,stop,False,False,False,4324.5,-2.25,3.5,1.5,1.0,0.42857142857142855,11,4319.75,4319.0,4320.25,4319.0,40.0,2.0,1m,0.0
2015-03-17,2015,IS,1,bull,B,2015-03-17 08:03:00-04:00,2015-03-17 08:04:00-04:00,2015-03-17 11:19:00-04:00,4350.0,4342.25,4365.5,7.75,4342.25,-8.0,-1.032258064516129,stop,False,False,False,4351.75,-1.75,8.0,11.0,1.032258064516129,1.4193548387096775,195,4345.25,4342.5,4347.75,4347.25,40.0,2.0,1m,0.0
2015-03-18,2015,IS,1,bull,C,2015-03-18 08:18:00-04:00,2015-03-18 08:19:00-04:00,2015-03-18 09:18:00-04:00,4355.5,4353.0,4360.5,2.5,4360.5,4.75,1.9,target,False,False,False,4359.0,-3.5,2.25,5.0,0.9,2.0,59,4353.5,4353.25,4354.25,4353.25,40.0,2.0,1m,0.0
2015-03-19,2015,IS,1,bull,B,2015-03-19 08:01:00-04:00,2015-03-19 08:02:00-04:00,2015-03-19 08:52:00-04:00,4421.25,4412.75,4438.25,8.5,4412.75,-8.75,-1.0294117647058822,stop,False,False,False,4418.25,3.0,8.5,0.0,1.0,0.0,50,4413.5,4413.0,4419.75,4418.5,40.0,2.0,1m,0.0
2015-03-27,2015,IS,1,bull,B,2015-03-27 08:22:00-04:00,2015-03-27 08:23:00-04:00,2015-03-27 16:00:00-04:00,4311.75,4297.0,4341.25,14.75,4323.75,11.75,0.7966101694915254,time_exit,False,False,False,4305.5,6.25,13.0,21.75,0.8813559322033898,1.4745762711864407,457,4305.75,4297.25,4310.5,4309.25,40.0,2.0,1m,0.0
2015-03-31,2015,IS,1,bull,C,2015-03-31 09:57:00-04:00,2015-03-31 09:58:00-04:00,2015-03-31 15:14:00-04:00,4355.25,4344.5,4376.75,10.75,4344.5,-11.0,-1.0232558139534884,stop,False,False,False,4362.0,-6.75,12.75,15.5,1.186046511627907,1.441860465116279,316,4347.25,4344.75,4354.0,4344.75,40.0,2.0,1m,0.0
2015-04-03,2015,IS,1,bull,C,2015-04-03 08:32:00-04:00,2015-04-03 08:33:00-04:00,2015-04-03 08:54:00-04:00,4302.75,4283.25,4341.75,19.5,4283.25,-19.75,-1.0128205128205128,stop,False,False,False,,,22.25,0.0,1.141025641025641,0.0,21,4288.5,4283.5,4299.0,4283.5,40.0,2.0,1m,0.0
2015-04-22,2015,IS,-1,bear,B,2015-04-22 10:02:00-04:00,2015-04-22 10:03:00-04:00,2015-04-22 13:46:00-04:00,4417.75,4446.5,4360.25,28.75,4446.5,-29.0,-1.008695652173913,stop,False,False,False,4439.75,22.0,30.0,7.0,1.0434782608695652,0.24347826086956523,223,4437.0,4446.25,4422.5,4420.25,40.0,2.0,1m,0.0
2015-04-29,2015,IS,1,bull,C,2015-04-29 08:21:00-04:00,2015-04-29 08:22:00-04:00,2015-04-29 08:36:00-04:00,4500.5,4494.0,4513.5,6.5,4494.0,-6.75,-1.0384615384615385,stop,False,False,False,4485.25,15.25,6.5,6.0,1.0,0.9230769230769231,14,4499.75,4494.25,4497.0,4496.25,40.0,2.0,1m,0.0
2015-04-30,2015,IS,1,bull,C,2015-04-30 09:12:00-04:00,2015-04-30 09:13:00-04:00,2015-04-30 09:30:00-04:00,4456.25,4450.75,4467.25,5.5,4450.75,-5.75,-1.0454545454545454,stop,False,False,False,4455.25,1.0,5.75,2.5,1.0454545454545454,0.45454545454545453,17,4452.0,4451.0,4454.25,4451.0,40.0,2.0,1m,0.0
2015-05-01,2015,IS,1,bull,B,2015-05-01 09:06:00-04:00,2015-05-01 09:07:00-04:00,2015-05-01 10:20:00-04:00,4423.5,4409.5,4451.5,14.0,4451.5,27.75,1.9821428571428572,target,False,False,False,4427.0,-3.5,1.75,28.25,0.125,2.017857142857143,73,4410.0,4409.75,4421.0,4420.75,40.0,2.0,1m,0.0
2015-05-04,2015,IS,1,bull,B,2015-05-04 08:02:00-04:00,2015-05-04 08:03:00-04:00,2015-05-04 16:00:00-04:00,4482.0,4456.75,4532.5,25.25,4474.25,-8.0,-0.31683168316831684,time_exit,False,False,False,4482.0,0.0,9.5,21.5,0.37623762376237624,0.8514851485148515,477,4460.25,4457.0,4480.0,4479.25,40.0,2.0,1m,0.0
2015-05-06,2015,IS,1,bull,B,2015-05-06 08:00:00-04:00,2015-05-06 08:01:00-04:00,2015-05-06 09:40:00-04:00,4416.5,4395.25,4459.0,21.25,4395.25,-21.5,-1.011764705882353,stop,False,False,False,4409.75,6.75,21.75,6.0,1.0235294117647058,0.2823529411764706,99,4405.25,4395.5,4415.0,4414.25,40.0,2.0,1m,0.0
2015-05-07,2015,IS,1,bull,B,2015-05-07 08:00:00-04:00,2015-05-07 08:01:00-04:00,2015-05-07 16:00:00-04:00,4370.0,4332.25,4445.5,37.75,4397.25,27.0,0.7152317880794702,time_exit,False,False,False,4370.75,-0.75,11.0,39.25,0.2913907284768212,1.0397350993377483,479,4367.5,4332.5,4365.25,4364.5,40.0,2.0,1m,0.0
2015-05-11,2015,IS,1,bull,B,2015-05-11 08:07:00-04:00,2015-05-11 08:08:00-04:00,2015-05-11 10:30:00-04:00,4454.25,4442.75,4477.25,11.5,4442.75,-11.75,-1.0217391304347827,stop,False,False,False,4455.25,-1.0,12.0,10.25,1.0434782608695652,0.8913043478260869,142,4445.75,4443.0,4453.25,4453.0,40.0,2.0,1m,0.0
2015-05-12,2015,IS,1,bull,C,2015-05-12 09:52:00-04:00,2015-05-12 09:53:00-04:00,2015-05-12 13:09:00-04:00,4392.5,4374.25,4429.0,18.25,4429.0,36.25,1.9863013698630136,target,False,False,False,4409.0,-16.5,11.0,36.5,0.6027397260273972,2.0,196,4387.25,4374.5,4379.5,4374.5,40.0,2.0,1m,0.0
2015-05-14,2015,IS,1,bull,B,2015-05-14 08:00:00-04:00,2015-05-14 08:01:00-04:00,2015-05-14 16:00:00-04:00,4456.5,4412.5,4544.5,44.0,4488.75,32.0,0.7272727272727273,time_exit,False,False,False,4460.0,-3.5,12.5,36.25,0.2840909090909091,0.8238636363636364,479,4419.25,4412.75,4454.5,4453.75,40.0,2.0,1m,0.0
2015-05-15,2015,IS,1,bull,C,2015-05-15 09:44:00-04:00,2015-05-15 09:45:00-04:00,2015-05-15 10:00:00-04:00,4492.25,4487.0,4502.75,5.25,4487.0,-5.5,-1.0476190476190477,stop,False,False,False,4501.25,-9.0,7.0,5.5,1.3333333333333333,1.0476190476190477,15,4488.0,4487.25,4491.0,4487.25,40.0,2.0,1m,0.0
2015-05-19,2015,IS,1,bull,C,2015-05-19 10:13:00-04:00,2015-05-19 10:14:00-04:00,2015-05-19 11:09:00-04:00,4510.75,4502.5,4527.25,8.25,4502.5,-8.5,-1.0303030303030303,stop,False,False,False,4514.0,-3.25,8.5,3.5,1.0303030303030303,0.42424242424242425,55,4506.5,4502.75,4508.25,4502.75,40.0,2.0,1m,0.0
2015-05-20,2015,IS,1,bull,C,2015-05-20 10:17:00-04:00,2015-05-20 10:18:00-04:00,2015-05-20 14:28:00-04:00,4498.25,4482.0,4530.75,16.25,4530.75,32.25,1.9846153846153847,target,False,False,False,4506.75,-8.5,3.75,33.25,0.23076923076923078,2.046153846153846,250,4496.75,4482.25,4495.75,4494.0,40.0,2.0,1m,0.0
2015-05-28,2015,IS,1,bull,C,2015-05-28 10:10:00-04:00,2015-05-28 10:11:00-04:00,2015-05-28 10:36:00-04:00,4531.75,4522.25,4550.75,9.5,4522.25,-9.75,-1.0263157894736843,stop,False,False,False,4537.5,-5.75,10.0,3.25,1.0526315789473684,0.34210526315789475,25,4531.25,4522.5,4528.5,4527.5,40.0,2.0,1m,0.0
2015-05-29,2015,IS,1,bull,C,2015-05-29 11:43:00-04:00,2015-05-29 11:44:00-04:00,2015-05-29 12:39:00-04:00,4517.75,4511.75,4529.75,6.0,4529.75,11.75,1.9583333333333333,target,False,False,False,4532.25,-14.5,3.0,12.75,0.5,2.125,55,4514.0,4512.0,4516.0,4512.0,40.0,2.0,1m,0.0
2015-06-01,2015,IS,1,bull,B,2015-06-01 08:00:00-04:00,2015-06-01 08:01:00-04:00,2015-06-01 09:47:00-04:00,4536.25,4506.25,4596.25,30.0,4506.25,-30.25,-1.0083333333333333,stop,False,False,False,4532.75,3.5,30.25,0.0,1.0083333333333333,0.0,106,4512.25,4506.5,4534.75,4533.75,40.0,2.0,1m,0.0
2015-06-03,2015,IS,1,bull,B,2015-06-03 10:21:00-04:00,2015-06-03 10:22:00-04:00,2015-06-03 16:00:00-04:00,4539.5,4501.0,4616.5,38.5,4521.5,-18.25,-0.474025974025974,time_exit,False,False,False,4529.75,9.75,28.5,0.25,0.7402597402597403,0.006493506493506494,338,4501.75,4501.25,4538.25,4536.75,40.0,2.0,1m,0.0
2015-06-04,2015,IS,1,bull,C,2015-06-04 14:21:00-04:00,2015-06-04 14:22:00-04:00,2015-06-04 14:35:00-04:00,4487.25,4480.25,4501.25,7.0,4480.25,-7.25,-1.0357142857142858,stop,False,False,False,4496.5,-9.25,9.25,0.0,1.3214285714285714,0.0,13,4481.75,4480.5,4485.75,4480.5,40.0,2.0,1m,0.0
2015-06-05,2015,IS,1,bull,C,2015-06-05 08:36:00-04:00,2015-06-05 08:37:00-04:00,2015-06-05 09:35:00-04:00,4482.25,4467.0,4512.75,15.25,4467.0,-15.5,-1.0163934426229508,stop,False,False,False,4482.25,0.0,19.75,7.5,1.2950819672131149,0.4918032786885246,58,4481.0,4467.25,4480.75,4475.5,40.0,2.0,1m,0.0
2015-06-08,2015,IS,1,bull,C,2015-06-08 09:33:00-04:00,2015-06-08 09:34:00-04:00,2015-06-08 09:43:00-04:00,4472.25,4465.5,4485.75,6.75,4465.5,-7.0,-1.037037037037037,stop,False,False,False,4474.25,-2.0,7.0,6.25,1.037037037037037,0.9259259259259259,9,4468.75,4465.75,4470.5,4465.75,40.0,2.0,1m,0.0
2015-06-17,2015,IS,1,bull,C,2015-06-17 11:31:00-04:00,2015-06-17 11:32:00-04:00,2015-06-17 11:45:00-04:00,4452.0,4447.5,4461.0,4.5,4447.5,-4.75,-1.0555555555555556,stop,False,False,False,4456.5,-4.5,5.0,0.0,1.1111111111111112,0.0,13,4448.0,4447.75,4449.75,4447.75,40.0,2.0,1m,0.0
2015-06-18,2015,IS,1,bull,B,2015-06-18 08:03:00-04:00,2015-06-18 08:04:00-04:00,2015-06-18 11:09:00-04:00,4468.5,4439.75,4526.0,28.75,4526.0,57.25,1.991304347826087,target,False,False,False,4478.0,-9.5,2.25,57.75,0.0782608695652174,2.008695652173913,185,4442.75,4440.0,4467.0,4466.5,40.0,2.0,1m,0.0
2015-06-19,2015,IS,1,bull,C,2015-06-19 11:27:00-04:00,2015-06-19 11:28:00-04:00,2015-06-19 12:00:00-04:00,4524.25,4510.5,4551.75,13.75,4510.5,-14.0,-1.018181818181818,stop,False,False,False,4530.75,-6.5,14.75,0.0,1.0727272727272728,0.0,32,4523.5,4510.75,4521.75,4521.0,40.0,2.0,1m,0.0
2015-06-24,2015,IS,-1,bear,C,2015-06-24 11:10:00-04:00,2015-06-24 11:11:00-04:00,2015-06-24 15:50:00-04:00,4542.25,4555.5,4515.75,13.25,4515.75,26.25,1.9811320754716981,target,False,False,False,4536.5,-5.75,3.5,26.5,0.2641509433962264,2.0,279,4545.75,4555.25,4546.5,4544.75,40.0,2.0,1m,0.0
2015-06-26,2015,IS,-1,bear,C,2015-06-26 10:05:00-04:00,2015-06-26 10:06:00-04:00,2015-06-26 10:55:00-04:00,4507.75,4516.5,4490.25,8.75,4490.25,17.25,1.9714285714285715,target,False,False,False,4506.5,-1.25,2.5,17.5,0.2857142857142857,2.0,49,4515.75,4516.25,4516.25,4509.75,40.0,2.0,1m,0.0
2015-06-29,2015,IS,-1,bear,C,2015-06-29 10:29:00-04:00,2015-06-29 10:30:00-04:00,2015-06-29 12:39:00-04:00,4431.0,4441.0,4411.0,10.0,4411.0,19.75,1.975,target,False,False,False,4426.0,-5.0,8.5,20.75,0.85,2.075,129,4438.75,4440.75,4440.75,4432.5,40.0,2.0,1m,0.0
2015-07-09,2015,IS,-1,bear,C,2015-07-09 09:31:00-04:00,2015-07-09 09:32:00-04:00,2015-07-09 10:20:00-04:00,4401.0,4408.25,4386.5,7.25,4386.5,14.25,1.9655172413793103,target,False,False,False,4403.25,2.25,6.25,14.75,0.8620689655172413,2.0344827586206895,48,4399.0,4408.0,4408.0,4403.25,40.0,2.0,1m,0.0
2015-07-10,2015,IS,-1,bear,C,2015-07-10 09:34:00-04:00,2015-07-10 09:35:00-04:00,2015-07-10 11:01:00-04:00,4396.75,4402.75,4384.75,6.0,4402.75,-6.25,-1.0416666666666667,stop,False,False,False,4401.75,5.0,8.75,11.5,1.4583333333333333,1.9166666666666667,86,4399.75,4402.5,4402.5,4398.5,40.0,2.0,1m,0.0
2015-07-22,2015,IS,1,bull,B,2015-07-22 09:32:00-04:00,2015-07-22 09:33:00-04:00,2015-07-22 10:05:00-04:00,4614.0,4604.25,4633.5,9.75,4633.5,19.25,1.9743589743589745,target,False,False,False,4595.5,18.5,4.25,20.25,0.4358974358974359,2.076923076923077,32,4605.75,4604.5,4607.25,4606.0,40.0,2.0,1m,0.0
2015-07-23,2015,IS,1,bull,C,2015-07-23 09:48:00-04:00,2015-07-23 09:49:00-04:00,2015-07-23 10:29:00-04:00,4617.5,4611.0,4630.5,6.5,4630.5,12.75,1.9615384615384615,target,False,False,False,4618.75,-1.25,5.5,14.75,0.8461538461538461,2.269230769230769,40,4612.5,4611.25,4615.0,4611.25,40.0,2.0,1m,0.0
2015-07-24,2015,IS,1,bull,C,2015-07-24 10:51:00-04:00,2015-07-24 10:52:00-04:00,2015-07-24 11:15:00-04:00,4599.25,4590.5,4616.75,8.75,4590.5,-9.0,-1.0285714285714285,stop,False,False,False,4621.25,-22.0,8.75,2.5,1.0,0.2857142857142857,23,4596.5,4590.75,4597.75,4595.75,40.0,2.0,1m,0.0
2015-07-27,2015,IS,1,bull,C,2015-07-27 08:18:00-04:00,2015-07-27 08:19:00-04:00,2015-07-27 09:21:00-04:00,4528.75,4525.0,4536.25,3.75,4525.0,-4.0,-1.0666666666666667,stop,False,False,False,4526.0,2.75,5.0,6.0,1.3333333333333333,1.6,62,4526.0,4525.25,4527.5,4525.25,40.0,2.0,1m,0.0
2015-07-28,2015,IS,1,bull,C,2015-07-28 09:37:00-04:00,2015-07-28 09:38:00-04:00,2015-07-28 09:40:00-04:00,4522.75,4511.25,4545.75,11.5,4511.25,-11.75,-1.0217391304347827,stop,False,False,False,4533.25,-10.5,11.5,0.0,1.0,0.0,2,4512.75,4511.5,4517.25,4511.5,40.0,2.0,1m,0.0
2015-07-29,2015,IS,1,bull,B,2015-07-29 08:00:00-04:00,2015-07-29 08:01:00-04:00,2015-07-29 10:00:00-04:00,4570.75,4548.25,4615.75,22.5,4548.25,-22.75,-1.011111111111111,stop,False,False,False,4562.25,8.5,23.5,0.0,1.0444444444444445,0.0,119,4548.75,4548.5,4567.75,4567.25,40.0,2.0,1m,0.0
2015-07-30,2015,IS,1,bull,B,2015-07-30 11:37:00-04:00,2015-07-30 11:38:00-04:00,2015-07-30 16:00:00-04:00,4571.0,4556.25,4600.5,14.75,4590.25,19.0,1.2881355932203389,time_exit,False,False,False,4558.75,12.25,2.0,27.75,0.13559322033898305,1.88135593220339,262,4559.25,4556.5,4569.5,4569.25,40.0,2.0,1m,0.0
2015-07-31,2015,IS,1,bull,B,2015-07-31 08:02:00-04:00,2015-07-31 08:03:00-04:00,2015-07-31 08:18:00-04:00,4589.25,4584.75,4598.25,4.5,4584.75,-4.75,-1.0555555555555556,stop,False,False,False,4605.0,-15.75,5.0,0.0,1.1111111111111112,0.0,15,4587.25,4585.0,4588.0,4587.5,40.0,2.0,1m,0.0
2015-08-03,2015,IS,1,bull,A,2015-08-03 08:00:00-04:00,2015-08-03 08:01:00-04:00,2015-08-03 09:56:00-04:00,4582.5,4574.25,4599.0,8.25,4599.0,16.25,1.9696969696969697,target,False,False,False,4586.5,-4.0,2.25,16.75,0.2727272727272727,2.0303030303030303,115,4576.25,4574.5,4577.0,4576.75,40.0,2.0,1m,0.0
2015-08-04,2015,IS,1,bull,C,2015-08-04 09:43:00-04:00,2015-08-04 09:44:00-04:00,2015-08-04 10:52:00-04:00,4565.25,4552.25,4591.25,13.0,4552.25,-13.25,-1.0192307692307692,stop,False,False,False,4568.75,-3.5,14.25,12.0,1.0961538461538463,0.9230769230769231,68,4555.75,4552.5,4556.75,4552.5,40.0,2.0,1m,0.0
2015-08-06,2015,IS,1,bull,B,2015-08-06 09:31:00-04:00,2015-08-06 09:32:00-04:00,2015-08-06 09:36:00-04:00,4608.5,4586.5,4652.5,22.0,4586.5,-22.25,-1.0113636363636365,stop,False,False,False,4602.0,6.5,22.5,0.0,1.0227272727272727,0.0,4,4587.25,4586.75,4605.25,4604.0,40.0,2.0,1m,0.0
2015-08-07,2015,IS,1,bull,C,2015-08-07 08:54:00-04:00,2015-08-07 08:55:00-04:00,2015-08-07 09:30:00-04:00,4522.0,4510.0,4546.0,12.0,4510.0,-12.25,-1.0208333333333333,stop,False,False,False,4512.25,9.75,12.25,6.0,1.0208333333333333,0.5,35,4513.75,4510.25,4519.75,4510.25,40.0,2.0,1m,0.0
2015-08-11,2015,IS,1,bull,B,2015-08-11 09:43:00-04:00,2015-08-11 09:44:00-04:00,2015-08-11 09:54:00-04:00,4559.0,4548.25,4580.5,10.75,4548.25,-11.0,-1.0232558139534884,stop,False,False,False,4545.75,13.25,12.5,4.25,1.1627906976744187,0.3953488372093023,10,4553.25,4548.5,4556.75,4556.25,40.0,2.0,1m,0.0
2015-08-12,2015,IS,1,bull,B,2015-08-12 08:02:00-04:00,2015-08-12 08:03:00-04:00,2015-08-12 09:50:00-04:00,4478.75,4454.0,4528.25,24.75,4454.0,-25.0,-1.0101010101010102,stop,False,False,False,4480.0,-1.25,27.75,3.75,1.121212121212121,0.15151515151515152,107,4474.75,4454.25,4477.25,4475.75,40.0,2.0,1m,0.0
2015-08-13,2015,IS,1,bull,C,2015-08-13 09:52:00-04:00,2015-08-13 09:53:00-04:00,2015-08-13 10:00:00-04:00,4524.5,4514.0,4545.5,10.5,4514.0,-10.75,-1.0238095238095237,stop,False,False,False,4530.5,-6.0,11.25,1.25,1.0714285714285714,0.11904761904761904,7,4516.0,4514.25,4521.5,4514.25,40.0,2.0,1m,0.0
2015-08-14,2015,IS,1,bull,C,2015-08-14 08:32:00-04:00,2015-08-14 08:33:00-04:00,2015-08-14 09:35:00-04:00,4506.0,4501.25,4515.5,4.75,4515.5,9.25,1.9473684210526316,target,False,False,False,4509.0,-3.0,4.0,10.75,0.8421052631578947,2.263157894736842,62,4502.0,4501.5,4504.75,4501.5,40.0,2.0,1m,0.0
2015-08-17,2015,IS,1,bull,B,2015-08-17 08:01:00-04:00,2015-08-17 08:02:00-04:00,2015-08-17 08:08:00-04:00,4530.5,4523.5,4544.5,7.0,4523.5,-7.25,-1.0357142857142858,stop,False,False,False,4514.75,15.75,7.0,0.0,1.0,0.0,6,4524.25,4523.75,4529.0,4528.75,40.0,2.0,1m,0.0
2015-08-18,2015,IS,1,bull,C,2015-08-18 08:29:00-04:00,2015-08-18 08:30:00-04:00,2015-08-18 08:41:00-04:00,4549.5,4546.5,4555.5,3.0,4555.5,5.75,1.9166666666666667,target,False,False,False,4557.25,-7.75,1.5,7.0,0.5,2.3333333333333335,11,4547.75,4546.75,4548.5,4546.75,40.0,2.0,1m,0.0
2015-08-19,2015,IS,1,bull,C,2015-08-19 14:04:00-04:00,2015-08-19 14:05:00-04:00,2015-08-19 14:11:00-04:00,4525.75,4517.5,4542.25,8.25,4542.25,16.25,1.9696969696969697,target,False,False,False,4526.25,-0.5,3.25,16.75,0.3939393939393939,2.0303030303030303,6,4518.75,4517.75,4524.0,4517.75,40.0,2.0,1m,0.0
2015-09-10,2015,IS,-1,bear,B,2015-09-10 08:00:00-04:00,2015-09-10 08:01:00-04:00,2015-09-10 13:28:00-04:00,4251.0,4309.0,4135.0,58.0,4309.0,-58.25,-1.0043103448275863,stop,False,False,False,4247.5,-3.5,61.5,24.5,1.0603448275862069,0.4224137931034483,327,4265.0,4308.75,4253.75,4252.25,40.0,2.0,1m,0.0
2015-09-16,2015,IS,-1,bear,A,2015-09-16 09:43:00-04:00,2015-09-16 09:44:00-04:00,2015-09-16 11:28:00-04:00,4343.0,4364.25,4300.5,21.25,4364.25,-21.5,-1.011764705882353,stop,False,False,False,4351.0,8.0,21.75,8.0,1.0235294117647058,0.3764705882352941,104,4346.5,4364.0,4344.75,4344.5,40.0,2.0,1m,0.0
2015-09-24,2015,IS,1,bull,C,2015-09-24 09:58:00-04:00,2015-09-24 09:59:00-04:00,2015-09-24 10:05:00-04:00,4211.75,4204.5,4226.25,7.25,4204.5,-7.5,-1.0344827586206897,stop,False,False,False,4223.25,-11.5,7.5,4.75,1.0344827586206897,0.6551724137931034,6,4206.0,4204.75,4210.5,4204.75,40.0,2.0,1m,0.0
2015-09-25,2015,IS,1,bull,C,2015-09-25 14:35:00-04:00,2015-09-25 14:36:00-04:00,2015-09-25 14:41:00-04:00,4237.75,4225.5,4262.25,12.25,4225.5,-12.5,-1.0204081632653061,stop,False,False,False,4294.0,-56.25,15.5,1.0,1.2653061224489797,0.08163265306122448,5,4230.0,4225.75,4233.0,4225.75,40.0,2.0,1m,0.0
2015-12-04,2015,IS,-1,bear,B,2015-12-04 08:01:00-05:00,2015-12-04 08:02:00-05:00,2015-12-04 09:40:00-05:00,4614.75,4636.0,4572.25,21.25,4636.0,-21.5,-1.011764705882353,stop,False,False,False,4620.25,5.5,24.5,11.75,1.1529411764705881,0.5529411764705883,98,4625.0,4635.75,4617.0,4616.25,40.0,2.0,1m,0.0
2015-12-07,2015,IS,-1,bear,A,2015-12-07 09:32:00-05:00,2015-12-07 09:33:00-05:00,2015-12-07 11:29:00-05:00,4707.25,4724.25,4673.25,17.0,4673.25,33.75,1.9852941176470589,target,False,False,False,4718.25,11.0,13.75,36.25,0.8088235294117647,2.1323529411764706,116,4723.25,4724.0,4708.75,4708.5,40.0,2.0,1m,0.0
2015-12-08,2015,IS,-1,bear,C,2015-12-08 11:23:00-05:00,2015-12-08 11:24:00-05:00,2015-12-08 14:10:00-05:00,4695.5,4706.0,4674.5,10.5,4706.0,-10.75,-1.0238095238095237,stop,False,False,False,4644.0,-51.5,11.75,18.5,1.119047619047619,1.7619047619047619,166,4704.0,4705.75,4705.75,4701.0,40.0,2.0,1m,0.0
2015-12-09,2015,IS,-1,bear,B,2015-12-09 08:03:00-05:00,2015-12-09 08:04:00-05:00,2015-12-09 12:40:00-05:00,4673.0,4707.75,4603.5,34.75,4603.5,69.25,1.9928057553956835,target,False,False,False,4672.0,-1.0,26.25,73.75,0.7553956834532374,2.1223021582733814,276,4703.25,4707.5,4675.5,4674.5,40.0,2.0,1m,0.0
2015-12-10,2015,IS,-1,bear,B,2015-12-10 08:16:00-05:00,2015-12-10 08:17:00-05:00,2015-12-10 09:46:00-05:00,4626.25,4646.5,4585.75,20.25,4646.5,-20.5,-1.0123456790123457,stop,False,False,False,4632.5,6.25,20.25,7.0,1.0,0.345679012345679,89,4636.25,4646.25,4629.5,4628.25,40.0,2.0,1m,0.0
2015-12-14,2015,IS,-1,bear,B,2015-12-14 08:08:00-05:00,2015-12-14 08:09:00-05:00,2015-12-14 16:00:00-05:00,4518.75,4573.25,4409.75,54.5,4565.25,-46.75,-0.8577981651376146,time_exit,False,False,False,4536.25,17.5,48.5,47.5,0.8899082568807339,0.8715596330275229,471,4551.25,4573.0,4523.5,4521.0,40.0,2.0,1m,0.0
2015-12-16,2015,IS,-1,bear,C,2015-12-16 09:32:00-05:00,2015-12-16 09:33:00-05:00,2015-12-16 09:48:00-05:00,4628.0,4634.75,4614.5,6.75,4614.5,13.25,1.962962962962963,target,False,False,False,4625.5,-2.5,3.5,14.25,0.5185185185185185,2.111111111111111,15,4633.5,4634.5,4634.5,4629.75,40.0,2.0,1m,0.0
2015-12-17,2015,IS,-1,bear,C,2015-12-17 09:03:00-05:00,2015-12-17 09:04:00-05:00,2015-12-17 09:30:00-05:00,4680.25,4684.0,4672.75,3.75,4672.75,7.25,1.9333333333333333,target,False,False,False,4680.75,0.5,3.25,9.25,0.8666666666666667,2.466666666666667,26,4683.25,4683.75,4683.75,4682.0,40.0,2.0,1m,0.0
2015-12-18,2015,IS,-1,bear,C,2015-12-18 09:26:00-05:00,2015-12-18 09:27:00-05:00,2015-12-18 10:09:00-05:00,4578.25,4588.5,4557.75,10.25,4557.75,20.25,1.975609756097561,target,False,False,False,4573.5,-4.75,8.5,24.0,0.8292682926829268,2.341463414634146,42,4582.75,4588.25,4588.25,4585.25,40.0,2.0,1m,0.0
2015-12-22,2015,IS,-1,bear,A,2015-12-22 08:00:00-05:00,2015-12-22 08:01:00-05:00,2015-12-22 09:19:00-05:00,4566.5,4576.75,4546.0,10.25,4576.75,-10.5,-1.024390243902439,stop,False,False,False,4576.5,10.0,11.25,6.0,1.0975609756097562,0.5853658536585366,78,4571.75,4576.5,4569.0,4568.75,40.0,2.0,1m,0.0
2015-12-23,2015,IS,-1,bear,C,2015-12-23 10:07:00-05:00,2015-12-23 10:08:00-05:00,2015-12-23 10:24:00-05:00,4612.0,4616.0,4604.0,4.0,4604.0,7.75,1.9375,target,False,False,False,4606.0,-6.0,1.25,8.0,0.3125,2.0,16,4613.0,4615.75,4615.0,4613.25,40.0,2.0,1m,0.0
2015-12-24,2015,IS,-1,bear,C,2015-12-24 10:08:00-05:00,2015-12-24 10:09:00-05:00,2015-12-24 10:09:00-05:00,4614.25,4616.75,4609.25,2.5,4616.75,-2.75,-1.1,stop,False,False,False,4615.75,1.5,2.75,0.0,1.1,0.0,0,4615.75,4616.5,4616.5,4615.5,40.0,2.0,1m,0.0
2015-12-29,2015,IS,-1,bear,C,2015-12-29 09:06:00-05:00,2015-12-29 09:07:00-05:00,2015-12-29 09:35:00-05:00,4642.0,4649.25,4627.5,7.25,4649.25,-7.5,-1.0344827586206897,stop,False,False,False,4642.25,0.25,7.5,3.25,1.0344827586206897,0.4482758620689655,28,4644.5,4649.0,4645.0,4644.75,40.0,2.0,1m,0.0
2016-01-05,2016,IS,1,bull,C,2016-01-05 12:24:00-05:00,2016-01-05 12:25:00-05:00,2016-01-05 13:49:00-05:00,4468.25,4457.0,4490.75,11.25,4490.75,22.25,1.9777777777777779,target,False,False,False,4508.75,-40.5,11.0,24.25,0.9777777777777777,2.1555555555555554,84,4466.0,4457.25,4460.0,4457.25,40.0,2.0,1m,0.0
2016-01-06,2016,IS,1,bull,C,2016-01-06 08:16:00-05:00,2016-01-06 08:17:00-05:00,2016-01-06 09:30:00-05:00,4391.5,4386.25,4402.0,5.25,4402.0,10.25,1.9523809523809523,target,False,False,False,4401.5,-10.0,5.0,17.75,0.9523809523809523,3.380952380952381,73,4388.25,4386.5,4389.5,4386.5,40.0,2.0,1m,0.0
2016-01-07,2016,IS,1,bull,C,2016-01-07 14:36:00-05:00,2016-01-07 14:37:00-05:00,2016-01-07 16:00:00-05:00,4314.0,4293.0,4356.0,21.0,4296.0,-18.25,-0.8690476190476191,time_exit,False,False,False,4341.75,-27.75,18.25,19.75,0.8690476190476191,0.9404761904761905,83,4297.25,4293.25,4302.5,4293.25,40.0,2.0,1m,0.0
2016-01-21,2016,IS,1,bull,B,2016-01-21 08:00:00-05:00,2016-01-21 08:01:00-05:00,2016-01-21 16:00:00-05:00,4132.5,4085.5,4226.5,47.0,4131.25,-1.5,-0.031914893617021274,time_exit,False,False,False,4145.0,-12.5,44.25,59.75,0.9414893617021277,1.2712765957446808,479,4110.75,4085.75,4127.5,4125.25,40.0,2.0,1m,0.0
2016-01-25,2016,IS,1,bull,B,2016-01-25 09:39:00-05:00,2016-01-25 09:40:00-05:00,2016-01-25 15:10:00-05:00,4244.75,4218.25,4297.75,26.5,4218.25,-26.75,-1.009433962264151,stop,False,False,False,4238.5,6.25,28.25,15.0,1.0660377358490567,0.5660377358490566,330,4231.75,4218.5,4243.0,4242.0,40.0,2.0,1m,0.0
2016-01-26,2016,IS,1,bull,B,2016-01-26 08:21:00-05:00,2016-01-26 08:22:00-05:00,2016-01-26 16:00:00-05:00,4194.75,4132.75,4318.75,62.0,4226.25,31.25,0.5040322580645161,time_exit,False,False,False,4204.75,-10.0,26.5,49.0,0.4274193548387097,0.7903225806451613,458,4169.5,4133.0,4191.0,4189.75,40.0,2.0,1m,0.0
2016-01-27,2016,IS,1,bull,B,2016-01-27 08:11:00-05:00,2016-01-27 08:12:00-05:00,2016-01-27 10:01:00-05:00,4202.0,4177.25,4251.5,24.75,4177.25,-25.0,-1.0101010101010102,stop,False,False,False,4200.5,1.5,26.25,9.0,1.0606060606060606,0.36363636363636365,109,4181.25,4177.5,4200.5,4199.0,40.0,2.0,1m,0.0
2016-01-28,2016,IS,1,bull,C,2016-01-28 10:23:00-05:00,2016-01-28 10:24:00-05:00,2016-01-28 10:31:00-05:00,4135.5,4117.0,4172.5,18.5,4117.0,-18.75,-1.0135135135135136,stop,False,False,False,4185.5,-50.0,22.0,2.75,1.1891891891891893,0.14864864864864866,7,4126.0,4117.25,4128.25,4117.25,40.0,2.0,1m,0.0
2016-02-01,2016,IS,1,bull,C,2016-02-01 10:06:00-05:00,2016-02-01 10:07:00-05:00,2016-02-01 10:43:00-05:00,4239.0,4229.75,4257.5,9.25,4257.5,18.25,1.972972972972973,target,False,False,False,4245.0,-6.0,3.75,19.0,0.40540540540540543,2.054054054054054,36,4230.75,4230.0,4234.0,4230.0,40.0,2.0,1m,0.0
2016-02-02,2016,IS,1,bull,B,2016-02-02 08:00:00-05:00,2016-02-02 08:01:00-05:00,2016-02-02 09:40:00-05:00,4267.5,4234.0,4334.5,33.5,4234.0,-33.75,-1.007462686567164,stop,False,False,False,4258.75,8.75,33.75,0.5,1.007462686567164,0.014925373134328358,99,4260.25,4234.25,4264.5,4263.75,40.0,2.0,1m,0.0
2016-02-03,2016,IS,1,bull,A,2016-02-03 08:00:00-05:00,2016-02-03 08:01:00-05:00,2016-02-03 10:02:00-05:00,4187.25,4157.0,4247.75,30.25,4157.0,-30.5,-1.0082644628099173,stop,False,False,False,4210.25,-23.0,31.0,27.75,1.024793388429752,0.9173553719008265,121,4170.75,4157.25,4176.5,4175.25,40.0,2.0,1m,0.0
2016-02-04,2016,IS,1,bull,C,2016-02-04 09:32:00-05:00,2016-02-04 09:33:00-05:00,2016-02-04 09:33:00-05:00,4164.0,4155.5,4181.0,8.5,4155.5,-8.75,-1.0294117647058822,stop,False,False,False,4152.0,12.0,11.25,0.0,1.3235294117647058,0.0,0,4157.75,4155.75,4160.75,4155.75,40.0,2.0,1m,0.0
2016-02-05,2016,IS,1,bull,C,2016-02-05 09:15:00-05:00,2016-02-05 09:16:00-05:00,2016-02-05 09:33:00-05:00,4161.5,4135.75,4213.0,25.75,4135.75,-26.0,-1.0097087378640777,stop,False,False,False,4148.75,12.75,30.5,0.0,1.1844660194174756,0.0,17,4138.5,4136.0,4156.0,4136.0,40.0,2.0,1m,0.0
2016-02-12,2016,IS,1,bull,B,2016-02-12 08:29:00-05:00,2016-02-12 08:30:00-05:00,2016-02-12 16:00:00-05:00,3994.5,3952.75,4078.0,41.75,4013.0,18.25,0.437125748502994,time_exit,False,False,False,3999.0,-4.5,33.75,23.0,0.8083832335329342,0.5508982035928144,450,3954.5,3953.0,3994.0,3992.75,40.0,2.0,1m,0.0
2016-02-16,2016,IS,1,bull,B,2016-02-16 09:11:00-05:00,2016-02-16 09:12:00-05:00,2016-02-16 09:45:00-05:00,4072.5,4064.0,4089.5,8.5,4089.5,16.75,1.9705882352941178,target,False,False,False,4071.75,0.75,2.0,20.5,0.23529411764705882,2.411764705882353,33,4069.5,4064.25,4071.75,4070.25,40.0,2.0,1m,0.0
2016-02-17,2016,IS,1,bull,B,2016-02-17 09:00:00-05:00,2016-02-17 09:01:00-05:00,2016-02-17 16:00:00-05:00,4141.0,4068.0,4287.0,73.0,4196.75,55.5,0.7602739726027398,time_exit,False,False,False,4136.25,4.75,18.0,63.0,0.2465753424657534,0.863013698630137,419,4075.0,4068.25,4140.0,4138.25,40.0,2.0,1m,0.0
2016-02-18,2016,IS,1,bull,B,2016-02-18 08:08:00-05:00,2016-02-18 08:09:00-05:00,2016-02-18 10:00:00-05:00,4219.5,4182.0,4294.5,37.5,4182.0,-37.75,-1.0066666666666666,stop,False,False,False,4210.25,9.25,39.25,0.0,1.0466666666666666,0.0,111,4201.0,4182.25,4217.0,4216.0,40.0,2.0,1m,0.0
2016-02-19,2016,IS,1,bull,C,2016-02-19 08:52:00-05:00,2016-02-19 08:53:00-05:00,2016-02-19 08:59:00-05:00,4134.0,4129.25,4143.5,4.75,4129.25,-5.0,-1.0526315789473684,stop,False,False,False,4132.25,1.75,5.5,0.0,1.1578947368421053,0.0,6,4129.75,4129.5,4132.75,4129.5,40.0,2.0,1m,0.0
2016-02-23,2016,IS,-1,bear,C,2016-02-23 09:37:00-05:00,2016-02-23 09:38:00-05:00,2016-02-23 10:10:00-05:00,4208.5,4216.75,4192.0,8.25,4192.0,16.25,1.9696969696969697,target,False,False,False,4204.5,-4.0,7.5,18.0,0.9090909090909091,2.1818181818181817,32,4213.75,4216.5,4216.5,4210.0,40.0,2.0,1m,0.0
2016-02-24,2016,IS,-1,bear,B,2016-02-24 08:37:00-05:00,2016-02-24 08:38:00-05:00,2016-02-24 14:13:00-05:00,4105.0,4168.75,3977.5,63.75,4168.75,-64.0,-1.003921568627451,stop,False,False,False,4113.0,8.0,63.75,20.25,1.0,0.3176470588235294,335,4167.0,4168.5,4109.25,4107.75,40.0,2.0,1m,0.0
2016-02-25,2016,IS,1,bull,B,2016-02-25 08:30:00-05:00,2016-02-25 08:31:00-05:00,2016-02-25 09:44:00-05:00,4213.75,4186.25,4268.75,27.5,4186.25,-27.75,-1.009090909090909,stop,False,False,False,4208.25,5.5,28.5,4.25,1.0363636363636364,0.15454545454545454,73,4201.25,4186.5,4212.25,4210.75,40.0,2.0,1m,0.0
2016-02-26,2016,IS,1,bull,C,2016-02-26 10:30:00-05:00,2016-02-26 10:31:00-05:00,2016-02-26 11:30:00-05:00,4248.0,4239.5,4265.0,8.5,4239.5,-8.75,-1.0294117647058822,stop,False,False,False,4270.0,-22.0,8.75,11.0,1.0294117647058822,1.2941176470588236,59,4240.75,4239.75,4245.5,4239.75,40.0,2.0,1m,0.0
2016-02-29,2016,IS,1,bull,B,2016-02-29 08:00:00-05:00,2016-02-29 08:01:00-05:00,2016-02-29 16:00:00-05:00,4217.5,4184.25,4284.0,33.25,4198.75,-19.0,-0.5714285714285714,time_exit,False,False,False,4230.25,-12.75,19.5,45.75,0.5864661654135338,1.3759398496240602,479,4198.5,4184.5,4216.5,4215.75,40.0,2.0,1m,0.0
2016-03-01,2016,IS,1,bull,A,2016-03-01 08:00:00-05:00,2016-03-01 08:01:00-05:00,2016-03-01 16:00:00-05:00,4232.5,4180.0,4337.5,52.5,4332.0,99.25,1.8904761904761904,time_exit,False,False,False,4236.5,-4.0,8.5,99.75,0.1619047619047619,1.9,479,4184.5,4180.25,4196.25,4194.5,40.0,2.0,1m,0.0
2016-03-04,2016,IS,1,bull,B,2016-03-04 08:30:00-05:00,2016-03-04 08:31:00-05:00,2016-03-04 09:35:00-05:00,4344.0,4313.5,4405.0,30.5,4313.5,-30.75,-1.0081967213114753,stop,False,False,False,4330.25,13.75,35.75,8.75,1.1721311475409837,0.28688524590163933,64,4318.0,4313.75,4337.25,4336.75,40.0,2.0,1m,0.0
2016-03-07,2016,IS,1,bull,C,2016-03-07 10:17:00-05:00,2016-03-07 10:18:00-05:00,2016-03-07 10:22:00-05:00,4300.5,4293.75,4314.0,6.75,4293.75,-7.0,-1.037037037037037,stop,False,False,False,4303.5,-3.0,8.25,1.25,1.2222222222222223,0.18518518518518517,4,4296.0,4294.0,4299.25,4294.0,40.0,2.0,1m,0.0
2016-03-08,2016,IS,1,bull,B,2016-03-08 08:42:00-05:00,2016-03-08 08:43:00-05:00,2016-03-08 16:00:00-05:00,4285.5,4251.25,4354.0,34.25,4263.75,-22.0,-0.6423357664233577,time_exit,False,False,False,4270.5,15.0,29.0,23.25,0.8467153284671532,0.6788321167883211,437,4271.0,4251.5,4282.75,4281.5,40.0,2.0,1m,0.0
2016-03-09,2016,IS,1,bull,C,2016-03-09 10:03:00-05:00,2016-03-09 10:04:00-05:00,2016-03-09 10:37:00-05:00,4270.75,4262.25,4287.75,8.5,4287.75,16.75,1.9705882352941178,target,False,False,False,4281.25,-10.5,7.25,18.25,0.8529411764705882,2.1470588235294117,33,4263.0,4262.5,4269.0,4262.5,40.0,2.0,1m,0.0
2016-03-21,2016,IS,1,bull,B,2016-03-21 09:37:00-04:00,2016-03-21 09:38:00-04:00,2016-03-21 16:00:00-04:00,4403.75,4376.5,4458.25,27.25,4417.0,13.0,0.47706422018348627,time_exit,False,False,False,4391.25,12.5,14.75,17.5,0.5412844036697247,0.6422018348623854,382,4379.0,4376.75,4401.5,4399.75,40.0,2.0,1m,0.0
2016-04-01,2016,IS,1,bull,B,2016-04-01 08:00:00-04:00,2016-04-01 08:01:00-04:00,2016-04-01 08:56:00-04:00,4459.25,4448.0,4481.75,11.25,4448.0,-11.5,-1.0222222222222221,stop,False,False,False,4450.5,8.75,13.5,8.0,1.2,0.7111111111111111,55,4456.5,4448.25,4456.5,4455.75,40.0,2.0,1m,0.0
2016-04-18,2016,IS,1,bull,B,2016-04-18 08:31:00-04:00,2016-04-18 08:32:00-04:00,2016-04-18 16:00:00-04:00,4524.75,4500.75,4572.75,24.0,4559.5,34.5,1.4375,time_exit,False,False,False,4522.5,2.25,5.5,36.5,0.22916666666666666,1.5208333333333333,448,4504.0,4501.0,4523.5,4523.25,40.0,2.0,1m,0.0
2016-04-19,2016,IS,1,bull,C,2016-04-19 10:13:00-04:00,2016-04-19 10:14:00-04:00,2016-04-19 11:18:00-04:00,4545.25,4539.0,4557.75,6.25,4539.0,-6.5,-1.04,stop,False,False,False,4568.25,-23.0,6.25,7.75,1.0,1.24,64,4544.25,4539.25,4544.0,4540.75,40.0,2.0,1m,0.0
2016-04-20,2016,IS,-1,bear,C,2016-04-20 10:01:00-04:00,2016-04-20 10:02:00-04:00,2016-04-20 11:15:00-04:00,4536.5,4544.5,4520.5,8.0,4544.5,-8.25,-1.03125,stop,False,False,False,4531.0,-5.5,8.75,15.25,1.09375,1.90625,73,4538.0,4544.25,4544.25,4538.25,40.0,2.0,1m,0.0
2016-04-21,2016,IS,-1,bear,C,2016-04-21 11:05:00-04:00,2016-04-21 11:06:00-04:00,2016-04-21 11:56:00-04:00,4543.75,4550.0,4531.25,6.25,4531.25,12.25,1.96,target,False,False,False,4532.5,-11.25,5.0,12.75,0.8,2.04,50,4549.5,4549.75,4549.75,4545.75,40.0,2.0,1m,0.0
2016-04-22,2016,IS,-1,bear,B,2016-04-22 08:07:00-04:00,2016-04-22 08:08:00-04:00,2016-04-22 10:12:00-04:00,4491.75,4502.0,4471.25,10.25,4471.25,20.25,1.975609756097561,target,False,False,False,4477.0,-14.75,5.25,23.5,0.5121951219512195,2.292682926829268,124,4498.0,4501.75,4495.0,4493.5,40.0,2.0,1m,0.0
2016-04-25,2016,IS,1,bull,B,2016-04-25 08:00:00-04:00,2016-04-25 08:01:00-04:00,2016-04-25 16:00:00-04:00,4458.75,4435.75,4504.75,23.0,4466.75,7.75,0.33695652173913043,time_exit,False,False,False,4452.0,6.75,13.75,8.75,0.5978260869565217,0.3804347826086957,479,4454.25,4436.0,4457.0,4455.5,40.0,2.0,1m,0.0
2016-04-26,2016,IS,1,bull,C,2016-04-26 09:37:00-04:00,2016-04-26 09:38:00-04:00,2016-04-26 09:42:00-04:00,4475.75,4466.25,4494.75,9.5,4466.25,-9.75,-1.0263157894736843,stop,False,False,False,4476.75,-1.0,9.75,0.0,1.0263157894736843,0.0,4,4467.5,4466.5,4472.5,4466.5,40.0,2.0,1m,0.0
2016-04-27,2016,IS,-1,bear,B,2016-04-27 09:25:00-04:00,2016-04-27 09:26:00-04:00,2016-04-27 09:36:00-04:00,4401.75,4417.0,4371.25,15.25,4417.0,-15.5,-1.0163934426229508,stop,False,False,False,4399.0,-2.75,16.75,4.0,1.098360655737705,0.26229508196721313,10,4413.75,4416.75,4403.5,4403.0,40.0,2.0,1m,0.0
2016-04-28,2016,IS,1,bull,B,2016-04-28 08:00:00-04:00,2016-04-28 08:01:00-04:00,2016-04-28 14:48:00-04:00,4408.75,4392.0,4442.25,16.75,4392.0,-17.0,-1.0149253731343284,stop,False,False,False,4413.75,-5.0,17.25,31.5,1.0298507462686568,1.8805970149253732,407,4401.75,4392.25,4406.25,4405.5,40.0,2.0,1m,0.0
2016-04-29,2016,IS,1,bull,C,2016-04-29 08:08:00-04:00,2016-04-29 08:09:00-04:00,2016-04-29 08:38:00-04:00,4368.75,4364.75,4376.75,4.0,4364.75,-4.25,-1.0625,stop,False,False,False,4352.0,16.75,5.0,4.25,1.25,1.0625,29,4365.5,4365.0,4366.5,4365.0,40.0,2.0,1m,0.0
2016-05-05,2016,IS,1,bull,C,2016-05-05 10:02:00-04:00,2016-05-05 10:03:00-04:00,2016-05-05 13:15:00-04:00,4311.25,4302.0,4329.75,9.25,4302.0,-9.5,-1.027027027027027,stop,False,False,False,4319.0,-7.75,9.5,17.0,1.027027027027027,1.837837837837838,192,4308.25,4302.25,4306.5,4302.25,40.0,2.0,1m,0.0
2016-05-06,2016,IS,1,bull,B,2016-05-06 08:00:00-04:00,2016-05-06 08:01:00-04:00,2016-05-06 08:30:00-04:00,4293.0,4283.5,4312.0,9.5,4283.5,-9.75,-1.0263157894736843,stop,False,False,False,4279.75,13.25,16.25,1.75,1.7105263157894737,0.18421052631578946,29,4287.25,4283.75,4288.75,4288.0,40.0,2.0,1m,0.0
2016-05-09,2016,IS,1,bull,B,2016-05-09 08:14:00-04:00,2016-05-09 08:15:00-04:00,2016-05-09 16:00:00-04:00,4340.75,4317.75,4386.75,23.0,4335.25,-5.75,-0.25,time_exit,False,False,False,4325.25,15.5,18.0,15.75,0.782608695652174,0.6847826086956522,465,4325.25,4318.0,4339.5,4339.0,40.0,2.0,1m,0.0
2016-05-10,2016,IS,-1,bear,B,2016-05-10 08:00:00-04:00,2016-05-10 08:01:00-04:00,2016-05-10 10:34:00-04:00,4343.5,4365.25,4300.0,21.75,4365.25,-22.0,-1.0114942528735633,stop,False,False,False,4351.5,8.0,23.5,0.0,1.0804597701149425,0.0,153,4348.5,4365.0,4346.0,4345.25,40.0,2.0,1m,0.0
2016-05-11,2016,IS,1,bull,B,2016-05-11 08:00:00-04:00,2016-05-11 08:01:00-04:00,2016-05-11 13:23:00-04:00,4386.25,4375.0,4408.75,11.25,4375.0,-11.5,-1.0222222222222221,stop,False,False,False,4389.25,-3.0,11.5,16.75,1.0222222222222221,1.488888888888889,322,4384.0,4375.25,4383.5,4383.0,40.0,2.0,1m,0.0
2016-05-12,2016,IS,1,bull,A,2016-05-12 08:00:00-04:00,2016-05-12 08:01:00-04:00,2016-05-12 09:59:00-04:00,4378.5,4346.0,4443.5,32.5,4346.0,-32.75,-1.0076923076923077,stop,False,False,False,4369.25,9.25,35.75,0.75,1.1,0.023076923076923078,118,4350.75,4346.25,4358.75,4358.5,40.0,2.0,1m,0.0
2016-05-13,2016,IS,1,bull,B,2016-05-13 08:00:00-04:00,2016-05-13 08:01:00-04:00,2016-05-13 11:26:00-04:00,4321.75,4303.5,4358.25,18.25,4358.25,36.25,1.9863013698630136,target,False,False,False,4335.5,-13.75,2.25,38.75,0.1232876712328767,2.1232876712328768,205,4317.25,4303.75,4320.5,4318.75,40.0,2.0,1m,0.0
2016-05-17,2016,IS,1,bull,C,2016-05-17 09:29:00-04:00,2016-05-17 09:30:00-04:00,2016-05-17 09:33:00-04:00,4374.5,4369.5,4384.5,5.0,4384.5,9.75,1.95,target,False,False,False,4373.5,1.0,3.5,10.25,0.7,2.05,3,4370.25,4369.75,4372.5,4369.75,40.0,2.0,1m,0.0
2016-05-18,2016,IS,1,bull,B,2016-05-18 08:00:00-04:00,2016-05-18 08:01:00-04:00,2016-05-18 08:32:00-04:00,4316.0,4310.75,4326.5,5.25,4310.75,-5.5,-1.0476190476190477,stop,False,False,False,4313.5,2.5,5.5,0.25,1.0476190476190477,0.047619047619047616,31,4313.75,4311.0,4315.0,4314.0,40.0,2.0,1m,0.0
2016-05-19,2016,IS,1,bull,B,2016-05-19 08:00:00-04:00,2016-05-19 08:01:00-04:00,2016-05-19 09:52:00-04:00,4328.0,4312.75,4358.5,15.25,4312.75,-15.5,-1.0163934426229508,stop,False,False,False,4318.25,9.75,17.75,1.5,1.1639344262295082,0.09836065573770492,111,4320.25,4313.0,4326.25,4325.5,40.0,2.0,1m,0.0
2016-05-23,2016,IS,1,bull,B,2016-05-23 09:32:00-04:00,2016-05-23 09:33:00-04:00,2016-05-23 16:00:00-04:00,4370.5,4348.0,4415.5,22.5,4352.75,-18.0,-0.8,time_exit,False,False,False,4364.5,6.0,20.0,11.0,0.8888888888888888,0.4888888888888889,387,4353.25,4348.25,4369.0,4367.25,40.0,2.0,1m,0.0
2016-05-24,2016,IS,1,bull,B,2016-05-24 08:02:00-04:00,2016-05-24 08:03:00-04:00,2016-05-24 12:59:00-04:00,4373.5,4341.5,4437.5,32.0,4437.5,63.75,1.9921875,target,False,False,False,4378.75,-5.25,1.5,64.25,0.046875,2.0078125,296,4350.25,4341.75,4371.75,4371.0,40.0,2.0,1m,0.0
2016-05-27,2016,IS,1,bull,B,2016-05-27 08:00:00-04:00,2016-05-27 08:01:00-04:00,2016-05-27 16:00:00-04:00,4501.0,4490.0,4523.0,11.0,4511.5,10.25,0.9318181818181818,time_exit,False,False,False,4491.75,9.25,10.75,12.0,0.9772727272727273,1.0909090909090908,479,4491.0,4490.25,4499.5,4499.25,40.0,2.0,1m,0.0
2016-06-08,2016,IS,-1,bear,C,2016-06-08 08:09:00-04:00,2016-06-08 08:10:00-04:00,2016-06-08 08:42:00-04:00,4521.25,4523.75,4516.25,2.5,4523.75,-2.75,-1.1,stop,False,False,False,4521.0,-0.25,2.5,0.5,1.0,0.2,32,4523.25,4523.5,4523.5,4522.75,40.0,2.0,1m,0.0
2016-06-10,2016,IS,1,bull,C,2016-06-10 10:33:00-04:00,2016-06-10 10:34:00-04:00,2016-06-10 10:40:00-04:00,4472.25,4467.0,4482.75,5.25,4467.0,-5.5,-1.0476190476190477,stop,False,False,False,4464.75,7.5,6.25,0.25,1.1904761904761905,0.047619047619047616,6,4468.25,4467.25,4469.5,4467.25,40.0,2.0,1m,0.0
2016-06-13,2016,IS,-1,bear,B,2016-06-13 08:00:00-04:00,2016-06-13 08:01:00-04:00,2016-06-13 10:01:00-04:00,4437.0,4452.25,4406.5,15.25,4452.25,-15.5,-1.0163934426229508,stop,False,False,False,4429.75,-7.25,15.25,11.25,1.0,0.7377049180327869,120,4451.25,4452.0,4439.5,4439.0,40.0,2.0,1m,0.0
2016-06-14,2016,IS,-1,bear,B,2016-06-14 08:00:00-04:00,2016-06-14 08:01:00-04:00,2016-06-14 09:35:00-04:00,4403.75,4423.0,4365.25,19.25,4423.0,-19.5,-1.0129870129870129,stop,False,False,False,4407.0,3.25,19.75,3.0,1.025974025974026,0.15584415584415584,94,4422.25,4422.75,4405.5,4405.0,40.0,2.0,1m,0.0
2016-06-20,2016,IS,-1,bear,C,2016-06-20 09:33:00-04:00,2016-06-20 09:34:00-04:00,2016-06-20 09:39:00-04:00,4415.75,4423.0,4401.25,7.25,4423.0,-7.5,-1.0344827586206897,stop,False,False,False,4415.75,-0.0,7.75,0.0,1.0689655172413792,0.0,5,4420.5,4422.75,4422.75,4419.25,40.0,2.0,1m,0.0
2016-06-22,2016,IS,-1,bear,C,2016-06-22 12:24:00-04:00,2016-06-22 12:25:00-04:00,2016-06-22 13:54:00-04:00,4405.25,4413.0,4389.75,7.75,4413.0,-8.0,-1.032258064516129,stop,False,False,False,4409.25,4.0,8.75,13.0,1.1290322580645162,1.6774193548387097,89,4412.5,4412.75,4412.75,4409.75,40.0,2.0,1m,0.0
2016-06-29,2016,IS,-1,bear,C,2016-06-29 08:57:00-04:00,2016-06-29 08:58:00-04:00,2016-06-29 09:31:00-04:00,4312.75,4316.75,4304.75,4.0,4316.75,-4.25,-1.0625,stop,False,False,False,4312.25,-0.5,5.25,3.5,1.3125,0.875,33,4315.75,4316.5,4316.5,4314.25,40.0,2.0,1m,0.0
2016-07-04,2016,IS,-1,bear,B,2016-07-04 08:02:00-04:00,2016-07-04 08:03:00-04:00,2016-07-04 12:59:00-04:00,4435.75,4451.75,4403.75,16.0,4440.25,-4.75,-0.296875,time_exit,False,False,False,4437.75,2.0,5.5,6.75,0.34375,0.421875,296,4444.0,4451.5,4437.5,4437.0,40.0,2.0,1m,0.0
2016-07-06,2016,IS,-1,bear,B,2016-07-06 09:37:00-04:00,2016-07-06 09:38:00-04:00,2016-07-06 11:00:00-04:00,4368.25,4409.25,4286.25,41.0,4409.25,-41.25,-1.0060975609756098,stop,False,False,False,4380.75,12.5,41.75,1.25,1.0182926829268293,0.03048780487804878,82,4407.75,4409.0,4372.25,4372.0,40.0,2.0,1m,0.0
2016-07-07,2016,IS,-1,bear,A,2016-07-07 08:00:00-04:00,2016-07-07 08:01:00-04:00,2016-07-07 08:54:00-04:00,4433.0,4442.5,4414.0,9.5,4442.5,-9.75,-1.0263157894736843,stop,False,False,False,4441.75,8.75,10.0,0.5,1.0526315789473684,0.05263157894736842,53,4440.5,4442.25,4439.5,4439.25,40.0,2.0,1m,0.0
2016-07-11,2016,IS,-1,bear,B,2016-07-11 08:00:00-04:00,2016-07-11 08:01:00-04:00,2016-07-11 09:34:00-04:00,4538.25,4545.25,4524.25,7.0,4545.25,-7.25,-1.0357142857142858,stop,False,False,False,4535.5,-2.75,7.75,3.0,1.1071428571428572,0.42857142857142855,93,4544.5,4545.0,4541.0,4540.5,40.0,2.0,1m,0.0
2016-08-12,2016,IS,-1,bear,B,2016-08-12 08:18:00-04:00,2016-08-12 08:19:00-04:00,2016-08-12 09:30:00-04:00,4800.25,4805.5,4789.75,5.25,4789.75,10.25,1.9523809523809523,target,False,False,False,4792.0,-8.25,1.0,13.25,0.19047619047619047,2.5238095238095237,71,4804.75,4805.25,4802.0,4801.75,40.0,2.0,1m,0.0
2016-08-15,2016,IS,-1,bear,C,2016-08-15 09:41:00-04:00,2016-08-15 09:42:00-04:00,2016-08-15 09:45:00-04:00,4816.25,4821.5,4805.75,5.25,4821.5,-5.5,-1.0476190476190477,stop,False,False,False,4809.5,-6.75,5.75,0.25,1.0952380952380953,0.047619047619047616,3,4818.5,4821.25,4819.5,4818.25,40.0,2.0,1m,0.0
2016-10-10,2016,IS,1,bull,B,2016-10-10 08:20:00-04:00,2016-10-10 08:21:00-04:00,2016-10-10 16:00:00-04:00,4880.0,4862.0,4916.0,18.0,4890.25,10.0,0.5555555555555556,time_exit,False,False,False,4884.0,-4.0,1.75,21.5,0.09722222222222222,1.1944444444444444,459,4864.5,4862.25,4878.5,4877.5,40.0,2.0,1m,0.0
2016-10-19,2016,IS,-1,bear,C,2016-10-19 09:55:00-04:00,2016-10-19 09:56:00-04:00,2016-10-19 10:27:00-04:00,4828.75,4835.0,4816.25,6.25,4835.0,-6.5,-1.04,stop,False,False,False,4830.0,1.25,8.5,4.5,1.36,0.72,31,4833.25,4834.75,4834.75,4831.0,40.0,2.0,1m,0.0
2016-10-20,2016,IS,-1,bear,A,2016-10-20 08:00:00-04:00,2016-10-20 08:01:00-04:00,2016-10-20 09:38:00-04:00,4835.5,4844.25,4818.0,8.75,4818.0,17.25,1.9714285714285715,target,False,False,False,4825.5,-10.0,1.25,19.0,0.14285714285714285,2.1714285714285713,97,4840.25,4844.0,4838.0,4837.5,40.0,2.0,1m,0.0
2016-10-27,2016,IS,1,bull,B,2016-10-27 08:09:00-04:00,2016-10-27 08:10:00-04:00,2016-10-27 10:39:00-04:00,4871.25,4842.25,4929.25,29.0,4842.25,-29.25,-1.0086206896551724,stop,False,False,False,4876.0,-4.75,31.25,9.0,1.0775862068965518,0.3103448275862069,149,4846.5,4842.5,4869.25,4868.5,40.0,2.0,1m,0.0
2016-10-28,2016,IS,1,bull,B,2016-10-28 08:02:00-04:00,2016-10-28 08:03:00-04:00,2016-10-28 14:09:00-04:00,4818.5,4788.25,4879.0,30.25,4788.25,-30.5,-1.0082644628099173,stop,False,False,False,4816.5,2.0,32.0,24.75,1.0578512396694215,0.8181818181818182,366,4813.0,4788.5,4817.25,4816.0,40.0,2.0,1m,0.0
2016-11-02,2016,IS,1,bull,C,2016-11-02 14:25:00-04:00,2016-11-02 14:26:00-04:00,2016-11-02 16:00:00-04:00,4744.75,4710.25,4813.75,34.5,4720.75,-24.25,-0.7028985507246377,time_exit,False,False,False,4757.75,-13.0,25.5,0.0,0.7391304347826086,0.0,94,4737.5,4710.5,4733.0,4729.75,40.0,2.0,1m,0.0
2016-11-14,2016,IS,1,bull,C,2016-11-14 09:35:00-05:00,2016-11-14 09:36:00-05:00,2016-11-14 09:39:00-05:00,4737.5,4726.0,4760.5,11.5,4726.0,-11.75,-1.0217391304347827,stop,False,False,False,4747.25,-9.75,11.5,4.0,1.0,0.34782608695652173,3,4733.5,4726.25,4736.0,4726.25,40.0,2.0,1m,0.0
2016-11-16,2016,IS,1,bull,C,2016-11-16 09:31:00-05:00,2016-11-16 09:32:00-05:00,2016-11-16 09:35:00-05:00,4746.25,4743.0,4752.75,3.25,4752.75,6.25,1.9230769230769231,target,False,False,False,4742.0,4.25,1.75,8.0,0.5384615384615384,2.4615384615384617,3,4743.5,4743.25,4744.75,4743.25,40.0,2.0,1m,0.0
2016-11-17,2016,IS,-1,bear,B,2016-11-17 08:00:00-05:00,2016-11-17 08:01:00-05:00,2016-11-17 11:11:00-05:00,4790.75,4804.0,4764.25,13.25,4804.0,-13.5,-1.0188679245283019,stop,False,False,False,4788.75,-2.0,16.0,12.75,1.2075471698113207,0.9622641509433962,190,4799.75,4803.75,4792.75,4792.25,40.0,2.0,1m,0.0
2016-11-18,2016,IS,1,bull,B,2016-11-18 09:32:00-05:00,2016-11-18 09:33:00-05:00,2016-11-18 10:20:00-05:00,4837.0,4815.5,4880.0,21.5,4815.5,-21.75,-1.0116279069767442,stop,False,False,False,4829.25,7.75,22.5,3.5,1.0465116279069768,0.16279069767441862,47,4821.5,4815.75,4835.0,4833.75,40.0,2.0,1m,0.0
2016-11-23,2016,IS,1,bull,B,2016-11-23 08:00:00-05:00,2016-11-23 08:01:00-05:00,2016-11-23 08:31:00-05:00,4875.0,4867.25,4890.5,7.75,4867.25,-8.0,-1.032258064516129,stop,False,False,False,4856.25,18.75,8.25,0.25,1.064516129032258,0.03225806451612903,30,4873.75,4867.5,4872.25,4872.0,40.0,2.0,1m,0.0
2016-11-25,2016,IS,1,bull,B,2016-11-25 08:09:00-05:00,2016-11-25 08:10:00-05:00,2016-11-25 09:34:00-05:00,4860.25,4853.0,4874.75,7.25,4853.0,-7.5,-1.0344827586206897,stop,False,False,False,4857.25,3.0,7.75,1.25,1.0689655172413792,0.1724137931034483,84,4856.0,4853.25,4859.0,4858.25,40.0,2.0,1m,0.0
2016-11-28,2016,IS,1,bull,B,2016-11-28 08:01:00-05:00,2016-11-28 08:02:00-05:00,2016-11-28 16:00:00-05:00,4863.5,4842.5,4905.5,21.0,4857.5,-6.25,-0.2976190476190476,time_exit,False,False,False,4861.5,2.0,11.75,16.25,0.5595238095238095,0.7738095238095238,478,4856.5,4842.75,4862.0,4861.5,40.0,2.0,1m,0.0
2016-11-29,2016,IS,1,bull,C,2016-11-29 10:10:00-05:00,2016-11-29 10:11:00-05:00,2016-11-29 10:44:00-05:00,4861.5,4854.0,4876.5,7.5,4876.5,14.75,1.9666666666666666,target,False,False,False,4861.0,0.5,2.0,16.25,0.26666666666666666,2.1666666666666665,33,4856.25,4854.25,4859.5,4854.25,40.0,2.0,1m,0.0
2016-11-30,2016,IS,-1,bear,B,2016-11-30 08:15:00-05:00,2016-11-30 08:16:00-05:00,2016-11-30 10:16:00-05:00,4876.25,4885.75,4857.25,9.5,4857.25,18.75,1.9736842105263157,target,False,False,False,4878.0,1.75,7.0,20.5,0.7368421052631579,2.1578947368421053,120,4878.75,4885.5,4878.25,4877.5,40.0,2.0,1m,0.0
2016-12-02,2016,IS,-1,bear,C,2016-12-02 09:49:00-05:00,2016-12-02 09:50:00-05:00,2016-12-02 16:00:00-05:00,4735.25,4759.25,4687.25,24.0,4739.0,-4.0,-0.16666666666666666,time_exit,False,False,False,4735.25,-0.0,22.75,15.25,0.9479166666666666,0.6354166666666666,370,4736.5,4759.0,4749.0,4743.25,40.0,2.0,1m,0.0
2016-12-05,2016,IS,-1,bear,C,2016-12-05 10:00:00-05:00,2016-12-05 10:01:00-05:00,2016-12-05 10:01:00-05:00,4773.5,4777.75,4765.0,4.25,4777.75,-4.5,-1.0588235294117647,stop,False,False,False,4765.0,-8.5,4.25,0.0,1.0,0.0,0,4776.75,4777.5,4777.5,4775.0,40.0,2.0,1m,0.0
2016-12-06,2016,IS,-1,bear,C,2016-12-06 08:49:00-05:00,2016-12-06 08:50:00-05:00,2016-12-06 09:04:00-05:00,4788.25,4791.5,4781.75,3.25,4791.5,-3.5,-1.0769230769230769,stop,False,False,False,4787.75,-0.5,3.5,0.75,1.0769230769230769,0.23076923076923078,14,4790.25,4791.25,4790.75,4790.0,40.0,2.0,1m,0.0
2016-12-07,2016,IS,-1,bear,B,2016-12-07 08:00:00-05:00,2016-12-07 08:01:00-05:00,2016-12-07 12:00:00-05:00,4783.5,4795.5,4759.5,12.0,4795.5,-12.25,-1.0208333333333333,stop,False,False,False,4778.0,-5.5,13.5,20.0,1.125,1.6666666666666667,239,4791.0,4795.25,4786.25,4785.75,40.0,2.0,1m,0.0
2016-12-08,2016,IS,-1,bear,C,2016-12-08 09:11:00-05:00,2016-12-08 09:12:00-05:00,2016-12-08 09:32:00-05:00,4850.0,4854.5,4841.0,4.5,4841.0,8.75,1.9444444444444444,target,False,False,False,4850.25,0.25,3.5,9.25,0.7777777777777778,2.0555555555555554,20,4854.0,4854.25,4854.25,4851.5,40.0,2.0,1m,0.0
2016-12-09,2016,IS,-1,bear,C,2016-12-09 08:18:00-05:00,2016-12-09 08:19:00-05:00,2016-12-09 08:23:00-05:00,4869.25,4871.75,4864.25,2.5,4871.75,-2.75,-1.1,stop,False,False,False,4875.0,5.75,2.5,0.0,1.0,0.0,4,4871.25,4871.5,4871.5,4870.5,40.0,2.0,1m,0.0
2016-12-15,2016,IS,1,bull,C,2016-12-15 08:09:00-05:00,2016-12-15 08:10:00-05:00,2016-12-15 09:08:00-05:00,4922.75,4918.0,4932.25,4.75,4932.25,9.25,1.9473684210526316,target,False,False,False,4929.25,-6.5,4.5,10.25,0.9473684210526315,2.1578947368421053,58,4921.25,4918.25,4920.5,4919.0,40.0,2.0,1m,0.0
2016-12-16,2016,IS,-1,bear,C,2016-12-16 08:43:00-05:00,2016-12-16 08:44:00-05:00,2016-12-16 09:33:00-05:00,4944.25,4948.0,4936.75,3.75,4948.0,-4.0,-1.0666666666666667,stop,False,False,False,4941.5,-2.75,3.75,4.5,1.0,1.2,49,4945.75,4947.75,4947.75,4945.5,40.0,2.0,1m,0.0
2016-12-19,2016,IS,-1,bear,B,2016-12-19 08:00:00-05:00,2016-12-19 08:01:00-05:00,2016-12-19 09:42:00-05:00,4921.0,4925.75,4911.5,4.75,4925.75,-5.0,-1.0526315789473684,stop,False,False,False,4920.5,-0.5,5.75,8.5,1.2105263157894737,1.7894736842105263,101,4924.25,4925.5,4923.25,4922.75,40.0,2.0,1m,0.0
2016-12-20,2016,IS,-1,bear,C,2016-12-20 08:02:00-05:00,2016-12-20 08:03:00-05:00,2016-12-20 08:10:00-05:00,4947.25,4950.5,4940.75,3.25,4950.5,-3.5,-1.0769230769230769,stop,False,False,False,4949.5,2.25,3.5,0.5,1.0769230769230769,0.15384615384615385,7,4949.75,4950.25,4950.25,4948.5,40.0,2.0,1m,0.0
2016-12-21,2016,IS,-1,bear,B,2016-12-21 08:05:00-05:00,2016-12-21 08:06:00-05:00,2016-12-21 16:00:00-05:00,4952.5,4960.25,4937.0,7.75,4950.0,2.25,0.2903225806451613,time_exit,False,False,False,4955.25,2.75,7.25,13.25,0.9354838709677419,1.7096774193548387,474,4959.0,4960.0,4954.5,4953.75,40.0,2.0,1m,0.0
2016-12-22,2016,IS,-1,bear,C,2016-12-22 08:47:00-05:00,2016-12-22 08:48:00-05:00,2016-12-22 09:35:00-05:00,4948.5,4953.25,4939.0,4.75,4939.0,9.25,1.9473684210526316,target,False,False,False,4950.75,2.25,4.5,14.0,0.9473684210526315,2.9473684210526314,47,4949.25,4953.0,4950.25,4949.75,40.0,2.0,1m,0.0
2016-12-23,2016,IS,-1,bear,B,2016-12-23 08:04:00-05:00,2016-12-23 08:05:00-05:00,2016-12-23 09:54:00-05:00,4929.25,4938.5,4910.75,9.25,4938.5,-9.5,-1.027027027027027,stop,False,False,False,4929.25,-0.0,9.5,3.75,1.027027027027027,0.40540540540540543,109,4937.0,4938.25,4930.75,4930.5,40.0,2.0,1m,0.0
2016-12-28,2016,IS,-1,bear,C,2016-12-28 08:42:00-05:00,2016-12-28 08:43:00-05:00,2016-12-28 08:51:00-05:00,4977.5,4979.5,4973.5,2.0,4973.5,3.75,1.875,target,False,False,False,4975.0,-2.5,1.0,4.75,0.5,2.375,8,4977.75,4979.25,4979.0,4978.75,40.0,2.0,1m,0.0
2016-12-29,2016,IS,-1,bear,C,2016-12-29 09:46:00-05:00,2016-12-29 09:47:00-05:00,2016-12-29 12:11:00-05:00,4919.75,4929.0,4901.25,9.25,4901.25,18.25,1.972972972972973,target,False,False,False,4922.25,2.5,7.75,18.5,0.8378378378378378,2.0,144,4927.75,4928.75,4928.75,4921.75,40.0,2.0,1m,0.0
2017-01-03,2017,IS,-1,bear,C,2017-01-03 10:49:00-05:00,2017-01-03 10:50:00-05:00,2017-01-03 11:01:00-05:00,4903.75,4909.5,4892.25,5.75,4892.25,11.25,1.9565217391304348,target,False,False,False,4898.0,-5.75,3.0,14.25,0.5217391304347826,2.4782608695652173,11,4908.0,4909.25,4909.25,4905.0,40.0,2.0,1m,0.0
2017-01-04,2017,IS,-1,bear,C,2017-01-04 08:17:00-05:00,2017-01-04 08:18:00-05:00,2017-01-04 08:20:00-05:00,4915.75,4918.25,4910.75,2.5,4918.25,-2.75,-1.1,stop,False,False,False,4912.0,-3.75,2.5,0.0,1.0,0.0,2,4917.75,4918.0,4918.0,4917.25,40.0,2.0,1m,0.0
2017-03-22,2017,IS,-1,bear,C,2017-03-22 09:10:00-04:00,2017-03-22 09:11:00-04:00,2017-03-22 09:30:00-04:00,5334.5,5338.0,5327.5,3.5,5338.0,-3.75,-1.0714285714285714,stop,False,False,False,5336.75,2.25,3.75,1.75,1.0714285714285714,0.5,19,5337.0,5337.75,5337.75,5337.0,40.0,2.0,1m,0.0
2017-03-23,2017,IS,-1,bear,A,2017-03-23 08:00:00-04:00,2017-03-23 08:01:00-04:00,2017-03-23 09:30:00-04:00,5371.0,5378.75,5355.5,7.75,5355.5,15.25,1.967741935483871,target,False,False,False,5362.25,-8.75,3.75,16.75,0.4838709677419355,2.161290322580645,89,5376.25,5378.5,5374.0,5373.5,40.0,2.0,1m,0.0
2017-03-24,2017,IS,-1,bear,C,2017-03-24 13:56:00-04:00,2017-03-24 13:57:00-04:00,2017-03-24 16:00:00-04:00,5373.25,5395.25,5329.25,22.0,5367.25,5.75,0.26136363636363635,time_exit,False,False,False,5373.5,0.25,9.25,25.75,0.42045454545454547,1.1704545454545454,123,5374.5,5395.0,5375.75,5374.75,40.0,2.0,1m,0.0
2017-03-28,2017,IS,-1,bear,B,2017-03-28 08:00:00-04:00,2017-03-28 08:01:00-04:00,2017-03-28 11:49:00-04:00,5375.5,5393.25,5340.0,17.75,5393.25,-18.0,-1.0140845070422535,stop,False,False,False,5374.5,-1.0,19.25,12.0,1.0845070422535212,0.676056338028169,228,5391.75,5393.0,5377.75,5376.75,40.0,2.0,1m,0.0
2017-03-29,2017,IS,-1,bear,B,2017-03-29 08:02:00-04:00,2017-03-29 08:03:00-04:00,2017-03-29 09:41:00-04:00,5405.5,5419.0,5378.5,13.5,5419.0,-13.75,-1.0185185185185186,stop,False,False,False,5411.75,6.25,13.5,0.0,1.0,0.0,98,5414.75,5418.75,5408.5,5407.0,40.0,2.0,1m,0.0
2017-04-06,2017,IS,-1,bear,C,2017-04-06 09:33:00-04:00,2017-04-06 09:34:00-04:00,2017-04-06 09:38:00-04:00,5421.5,5429.75,5405.0,8.25,5429.75,-8.5,-1.0303030303030303,stop,False,False,False,5425.5,4.0,9.0,0.0,1.0909090909090908,0.0,4,5425.0,5429.5,5426.5,5424.0,40.0,2.0,1m,0.0
2017-04-07,2017,IS,1,bull,A,2017-04-07 08:00:00-04:00,2017-04-07 08:01:00-04:00,2017-04-07 16:00:00-04:00,5422.5,5382.5,5502.5,40.0,5419.25,-3.5,-0.0875,time_exit,False,False,False,5419.5,3.0,22.5,13.5,0.5625,0.3375,479,5390.0,5382.75,5411.75,5410.5,40.0,2.0,1m,0.0
2017-04-10,2017,IS,1,bull,B,2017-04-10 09:31:00-04:00,2017-04-10 09:32:00-04:00,2017-04-10 11:41:00-04:00,5430.0,5415.5,5459.0,14.5,5415.5,-14.75,-1.0172413793103448,stop,False,False,False,5424.75,5.25,15.75,13.75,1.0862068965517242,0.9482758620689655,129,5417.0,5415.75,5426.75,5426.0,40.0,2.0,1m,0.0
2017-04-11,2017,IS,1,bull,C,2017-04-11 09:31:00-04:00,2017-04-11 09:32:00-04:00,2017-04-11 09:40:00-04:00,5419.0,5410.0,5437.0,9.0,5410.0,-9.25,-1.0277777777777777,stop,False,False,False,5414.75,4.25,14.5,5.5,1.6111111111111112,0.6111111111111112,8,5411.25,5410.25,5415.75,5410.25,40.0,2.0,1m,0.0
2017-04-12,2017,IS,1,bull,C,2017-04-12 10:13:00-04:00,2017-04-12 10:14:00-04:00,2017-04-12 10:45:00-04:00,5392.0,5385.25,5405.5,6.75,5385.25,-7.0,-1.037037037037037,stop,False,False,False,5396.5,-4.5,9.75,7.25,1.4444444444444444,1.0740740740740742,31,5386.25,5385.5,5390.25,5385.5,40.0,2.0,1m,0.0
2017-06-09,2017,IS,-1,bear,C,2017-06-09 10:47:00-04:00,2017-06-09 10:48:00-04:00,2017-06-09 11:18:00-04:00,5899.5,5904.25,5890.0,4.75,5890.0,9.25,1.9473684210526316,target,False,False,False,5900.75,1.25,2.5,10.25,0.5263157894736842,2.1578947368421053,30,5903.25,5904.0,5904.0,5900.75,40.0,2.0,1m,0.0
2017-06-13,2017,IS,-1,bear,C,2017-06-13 10:47:00-04:00,2017-06-13 10:48:00-04:00,2017-06-13 15:37:00-04:00,5737.75,5768.25,5676.75,30.5,5768.25,-30.75,-1.0081967213114753,stop,False,False,False,5746.5,8.75,30.75,21.75,1.0081967213114753,0.7131147540983607,289,5739.5,5768.0,5757.0,5755.0,40.0,2.0,1m,0.0
2017-06-14,2017,IS,-1,bear,C,2017-06-14 09:31:00-04:00,2017-06-14 09:32:00-04:00,2017-06-14 09:39:00-04:00,5773.75,5779.25,5762.75,5.5,5762.75,10.75,1.9545454545454546,target,False,False,False,5781.75,8.0,4.75,12.5,0.8636363636363636,2.272727272727273,7,5777.0,5779.0,5779.0,5775.75,40.0,2.0,1m,0.0
2017-06-16,2017,IS,1,bull,C,2017-06-16 09:13:00-04:00,2017-06-16 09:14:00-04:00,2017-06-16 09:31:00-04:00,5705.5,5691.25,5734.0,14.25,5691.25,-14.5,-1.0175438596491229,stop,False,False,False,5706.75,-1.25,15.25,4.0,1.0701754385964912,0.2807017543859649,17,5703.25,5691.5,5703.5,5701.75,40.0,2.0,1m,0.0
2017-06-20,2017,IS,1,bull,C,2017-06-20 08:43:00-04:00,2017-06-20 08:44:00-04:00,2017-06-20 08:48:00-04:00,5769.5,5766.0,5776.5,3.5,5766.0,-3.75,-1.0714285714285714,stop,False,False,False,5770.25,-0.75,5.0,0.0,1.4285714285714286,0.0,4,5766.75,5766.25,5768.0,5766.25,40.0,2.0,1m,0.0
2017-06-21,2017,IS,1,bull,B,2017-06-21 08:02:00-04:00,2017-06-21 08:03:00-04:00,2017-06-21 10:42:00-04:00,5722.75,5698.75,5770.75,24.0,5770.75,47.75,1.9895833333333333,target,False,False,False,5743.5,-20.75,1.0,51.5,0.041666666666666664,2.1458333333333335,159,5714.0,5699.0,5720.75,5720.0,40.0,2.0,1m,0.0
2017-06-22,2017,IS,1,bull,B,2017-06-22 08:36:00-04:00,2017-06-22 08:37:00-04:00,2017-06-22 09:37:00-04:00,5795.75,5780.5,5826.25,15.25,5780.5,-15.5,-1.0163934426229508,stop,False,False,False,5795.0,0.75,20.5,4.0,1.3442622950819672,0.26229508196721313,60,5787.25,5780.75,5794.25,5793.75,40.0,2.0,1m,0.0
2017-06-23,2017,IS,1,bull,C,2017-06-23 10:23:00-04:00,2017-06-23 10:24:00-04:00,2017-06-23 11:55:00-04:00,5781.75,5773.25,5798.75,8.5,5798.75,16.75,1.9705882352941178,target,False,False,False,5779.25,2.5,1.25,17.25,0.14705882352941177,2.0294117647058822,91,5775.0,5773.5,5778.5,5773.5,40.0,2.0,1m,0.0
2017-06-26,2017,IS,1,bull,C,2017-06-26 12:39:00-04:00,2017-06-26 12:40:00-04:00,2017-06-26 13:10:00-04:00,5802.5,5793.5,5820.5,9.0,5793.5,-9.25,-1.0277777777777777,stop,False,False,False,5839.75,-37.25,9.0,3.75,1.0,0.4166666666666667,30,5795.25,5793.75,5801.25,5793.75,40.0,2.0,1m,0.0
2017-06-27,2017,IS,1,bull,C,2017-06-27 09:40:00-04:00,2017-06-27 09:41:00-04:00,2017-06-27 12:35:00-04:00,5751.25,5734.5,5784.75,16.75,5734.5,-17.0,-1.0149253731343284,stop,False,False,False,5759.0,-7.75,18.0,13.75,1.0746268656716418,0.8208955223880597,174,5743.75,5734.75,5748.5,5739.25,40.0,2.0,1m,0.0
2017-06-28,2017,IS,1,bull,B,2017-06-28 08:00:00-04:00,2017-06-28 08:01:00-04:00,2017-06-28 15:04:00-04:00,5672.25,5631.75,5753.25,40.5,5753.25,80.75,1.9938271604938271,target,False,False,False,5695.25,-23.0,9.75,81.25,0.24074074074074073,2.006172839506173,423,5650.0,5632.0,5670.5,5668.5,40.0,2.0,1m,0.0
2017-07-07,2017,IS,-1,bear,C,2017-07-07 09:17:00-04:00,2017-07-07 09:18:00-04:00,2017-07-07 09:40:00-04:00,5613.0,5635.75,5567.5,22.75,5635.75,-23.0,-1.010989010989011,stop,False,False,False,5619.0,6.0,23.25,0.75,1.021978021978022,0.03296703296703297,22,5614.25,5635.5,5619.25,5618.0,40.0,2.0,1m,0.0
2017-07-10,2017,IS,-1,bear,C,2017-07-10 11:02:00-04:00,2017-07-10 11:03:00-04:00,2017-07-10 11:08:00-04:00,5681.5,5687.75,5669.0,6.25,5687.75,-6.5,-1.04,stop,False,False,False,5664.0,-17.5,6.25,0.0,1.0,0.0,5,5685.75,5687.5,5687.5,5684.25,40.0,2.0,1m,0.0
2017-07-11,2017,IS,-1,bear,C,2017-07-11 11:15:00-04:00,2017-07-11 11:16:00-04:00,2017-07-11 11:23:00-04:00,5698.75,5705.25,5685.75,6.5,5685.75,12.75,1.9615384615384615,target,False,False,False,5688.0,-10.75,2.25,16.75,0.34615384615384615,2.576923076923077,7,5704.25,5705.0,5705.0,5702.5,40.0,2.0,1m,0.0
2017-07-13,2017,IS,-1,bear,B,2017-07-13 08:44:00-04:00,2017-07-13 08:45:00-04:00,2017-07-13 16:00:00-04:00,5792.0,5812.25,5751.5,20.25,5794.5,-2.75,-0.13580246913580246,time_exit,False,False,False,5786.75,-5.25,16.5,14.75,0.8148148148148148,0.7283950617283951,435,5806.25,5812.0,5795.5,5794.5,40.0,2.0,1m,0.0
2017-07-14,2017,IS,-1,bear,C,2017-07-14 10:07:00-04:00,2017-07-14 10:08:00-04:00,2017-07-14 13:30:00-04:00,5801.75,5831.0,5743.25,29.25,5831.0,-29.5,-1.0085470085470085,stop,False,False,False,5818.5,16.75,30.75,0.0,1.0512820512820513,0.0,202,5805.25,5830.75,5811.25,5807.25,40.0,2.0,1m,0.0
2017-07-17,2017,IS,-1,bear,C,2017-07-17 10:15:00-04:00,2017-07-17 10:16:00-04:00,2017-07-17 10:24:00-04:00,5855.25,5859.75,5846.25,4.5,5859.75,-4.75,-1.0555555555555556,stop,False,False,False,5845.75,-9.5,6.25,2.5,1.3888888888888888,0.5555555555555556,8,5858.75,5859.5,5859.5,5856.75,40.0,2.0,1m,0.0
2017-07-18,2017,IS,-1,bear,B,2017-07-18 08:16:00-04:00,2017-07-18 08:17:00-04:00,2017-07-18 11:32:00-04:00,5843.0,5862.75,5803.5,19.75,5862.75,-20.0,-1.0126582278481013,stop,False,False,False,5836.5,-6.5,24.5,22.75,1.240506329113924,1.1518987341772151,195,5858.5,5862.5,5847.75,5845.75,40.0,2.0,1m,0.0
2017-07-25,2017,IS,-1,bear,C,2017-07-25 08:21:00-04:00,2017-07-25 08:22:00-04:00,2017-07-25 08:48:00-04:00,5939.0,5943.0,5931.0,4.0,5931.0,7.75,1.9375,target,False,False,False,5928.5,-10.5,1.25,9.0,0.3125,2.25,26,5941.0,5942.75,5942.75,5941.75,40.0,2.0,1m,0.0
2017-07-26,2017,IS,-1,bear,C,2017-07-26 11:25:00-04:00,2017-07-26 11:26:00-04:00,2017-07-26 16:00:00-04:00,5937.75,5954.75,5903.75,17.0,5951.0,-13.5,-0.7941176470588235,time_exit,False,False,False,5946.25,8.5,14.0,1.25,0.8235294117647058,0.07352941176470588,274,5941.5,5954.5,5944.25,5943.0,40.0,2.0,1m,0.0
2017-07-31,2017,IS,1,bull,C,2017-07-31 10:09:00-04:00,2017-07-31 10:10:00-04:00,2017-07-31 10:25:00-04:00,5901.5,5888.75,5927.0,12.75,5888.75,-13.0,-1.0196078431372548,stop,False,False,False,5923.0,-21.5,14.0,1.0,1.0980392156862746,0.0784313725490196,15,5897.25,5889.0,5898.0,5889.0,40.0,2.0,1m,0.0
2017-08-03,2017,IS,-1,bear,C,2017-08-03 09:19:00-04:00,2017-08-03 09:20:00-04:00,2017-08-03 09:35:00-04:00,5918.25,5924.75,5905.25,6.5,5905.25,12.75,1.9615384615384615,target,False,False,False,5919.25,1.0,2.0,16.0,0.3076923076923077,2.4615384615384617,15,5920.0,5924.5,5922.75,5922.25,40.0,2.0,1m,0.0
2017-08-04,2017,IS,-1,bear,C,2017-08-04 08:41:00-04:00,2017-08-04 08:42:00-04:00,2017-08-04 09:42:00-04:00,5893.5,5904.0,5872.5,10.5,5904.0,-10.75,-1.0238095238095237,stop,False,False,False,5899.0,5.5,13.5,4.0,1.2857142857142858,0.38095238095238093,60,5901.5,5903.75,5903.75,5896.0,40.0,2.0,1m,0.0
2017-08-07,2017,IS,-1,bear,B,2017-08-07 09:41:00-04:00,2017-08-07 09:42:00-04:00,2017-08-07 11:10:00-04:00,5900.25,5921.75,5857.25,21.5,5921.75,-21.75,-1.0116279069767442,stop,False,False,False,5908.25,8.0,23.5,0.0,1.0930232558139534,0.0,88,5921.0,5921.5,5904.75,5903.75,40.0,2.0,1m,0.0
2017-08-23,2017,IS,1,bull,C,2017-08-23 08:38:00-04:00,2017-08-23 08:39:00-04:00,2017-08-23 08:40:00-04:00,5856.25,5852.75,5863.25,3.5,5852.75,-3.75,-1.0714285714285714,stop,False,False,False,5846.25,10.0,3.75,0.0,1.0714285714285714,0.0,1,5855.5,5853.0,5854.5,5853.0,40.0,2.0,1m,0.0
2017-08-24,2017,IS,1,bull,A,2017-08-24 08:00:00-04:00,2017-08-24 08:01:00-04:00,2017-08-24 10:08:00-04:00,5865.5,5828.75,5939.0,36.75,5828.75,-37.0,-1.0068027210884354,stop,False,False,False,5868.25,-2.75,38.0,8.75,1.034013605442177,0.23809523809523808,127,5841.5,5829.0,5845.5,5845.0,40.0,2.0,1m,0.0
2017-08-25,2017,IS,1,bull,B,2017-08-25 09:55:00-04:00,2017-08-25 09:56:00-04:00,2017-08-25 11:00:00-04:00,5867.25,5831.75,5938.25,35.5,5831.75,-35.75,-1.0070422535211268,stop,False,False,False,5857.75,9.5,35.75,6.75,1.0070422535211268,0.19014084507042253,64,5833.25,5832.0,5865.75,5865.0,40.0,2.0,1m,0.0
2017-08-28,2017,IS,1,bull,A,2017-08-28 08:00:00-04:00,2017-08-28 08:01:00-04:00,2017-08-28 16:00:00-04:00,5827.75,5805.25,5872.75,22.5,5841.0,13.0,0.5777777777777777,time_exit,False,False,False,5842.25,-14.5,4.5,28.25,0.2,1.2555555555555555,479,5816.5,5805.5,5817.5,5817.0,40.0,2.0,1m,0.0
2017-08-29,2017,IS,1,bull,A,2017-08-29 09:34:00-04:00,2017-08-29 09:35:00-04:00,2017-08-29 11:08:00-04:00,5809.25,5788.0,5851.75,21.25,5851.75,42.25,1.988235294117647,target,False,False,False,5791.75,17.5,3.5,43.5,0.16470588235294117,2.0470588235294116,93,5801.25,5788.25,5805.75,5805.5,40.0,2.0,1m,0.0
2017-08-30,2017,IS,1,bull,C,2017-08-30 08:55:00-04:00,2017-08-30 08:56:00-04:00,2017-08-30 09:37:00-04:00,5869.0,5862.25,5882.5,6.75,5882.5,13.25,1.962962962962963,target,False,False,False,5870.75,-1.75,5.0,15.0,0.7407407407407407,2.2222222222222223,41,5865.25,5862.5,5866.75,5862.5,40.0,2.0,1m,0.0
2017-09-01,2017,IS,-1,bear,C,2017-09-01 08:53:00-04:00,2017-09-01 08:54:00-04:00,2017-09-01 09:33:00-04:00,6004.25,6012.75,5987.25,8.5,6012.75,-8.75,-1.0294117647058822,stop,False,False,False,6003.0,-1.25,9.25,2.0,1.088235294117647,0.23529411764705882,39,6009.75,6012.5,6012.5,6006.25,40.0,2.0,1m,0.0
2017-09-04,2017,IS,-1,bear,C,2017-09-04 08:19:00-04:00,2017-09-04 08:20:00-04:00,2017-09-04 08:50:00-04:00,5970.75,5973.25,5965.75,2.5,5965.75,4.75,1.9,target,False,False,False,5966.25,-4.5,1.0,5.0,0.4,2.0,30,5972.75,5973.0,5973.0,5972.25,40.0,2.0,1m,0.0
2017-09-05,2017,IS,-1,bear,B,2017-09-05 08:05:00-04:00,2017-09-05 08:06:00-04:00,2017-09-05 09:38:00-04:00,5978.5,5985.0,5965.5,6.5,5965.5,12.75,1.9615384615384615,target,False,False,False,5969.75,-8.75,3.25,14.75,0.5,2.269230769230769,92,5981.75,5984.75,5979.5,5979.25,40.0,2.0,1m,0.0
2017-09-06,2017,IS,-1,bear,C,2017-09-06 09:34:00-04:00,2017-09-06 09:35:00-04:00,2017-09-06 10:45:00-04:00,5947.0,5961.75,5917.5,14.75,5917.5,29.25,1.9830508474576272,target,False,False,False,5950.5,3.5,7.5,31.5,0.5084745762711864,2.135593220338983,70,5957.75,5961.5,5961.5,5954.5,40.0,2.0,1m,0.0
2017-09-07,2017,IS,-1,bear,C,2017-09-07 09:31:00-04:00,2017-09-07 09:32:00-04:00,2017-09-07 09:35:00-04:00,5960.0,5964.25,5951.5,4.25,5951.5,8.25,1.9411764705882353,target,False,False,False,5963.5,3.5,2.75,10.5,0.6470588235294118,2.4705882352941178,3,5963.5,5964.0,5964.0,5962.0,40.0,2.0,1m,0.0
2017-09-12,2017,IS,1,bull,C,2017-09-12 12:27:00-04:00,2017-09-12 12:28:00-04:00,2017-09-12 14:35:00-04:00,5994.75,5988.5,6007.25,6.25,5988.5,-6.5,-1.04,stop,False,False,False,6005.75,-11.0,6.75,12.0,1.08,1.92,127,5989.5,5988.75,5993.5,5988.75,40.0,2.0,1m,0.0
2017-09-13,2017,IS,1,bull,C,2017-09-13 08:41:00-04:00,2017-09-13 08:42:00-04:00,2017-09-13 09:31:00-04:00,5991.5,5987.5,5999.5,4.0,5987.5,-4.25,-1.0625,stop,False,False,False,5992.5,-1.0,5.0,4.5,1.25,1.125,49,5989.0,5987.75,5989.0,5987.75,40.0,2.0,1m,0.0
2017-09-14,2017,IS,1,bull,B,2017-09-14 11:16:00-04:00,2017-09-14 11:17:00-04:00,2017-09-14 11:29:00-04:00,6004.5,5999.25,6015.0,5.25,5999.25,-5.5,-1.0476190476190477,stop,False,False,False,5986.25,18.25,5.25,0.0,1.0,0.0,12,6001.0,5999.5,6002.0,6001.0,40.0,2.0,1m,0.0
2017-09-15,2017,IS,1,bull,A,2017-09-15 09:28:00-04:00,2017-09-15 09:29:00-04:00,2017-09-15 16:00:00-04:00,5974.75,5947.75,6028.75,27.0,5991.75,16.75,0.6203703703703703,time_exit,False,False,False,5972.5,2.25,13.5,41.0,0.5,1.5185185185185186,391,5968.75,5948.0,5970.25,5969.75,40.0,2.0,1m,0.0
2017-09-18,2017,IS,1,bull,C,2017-09-18 08:59:00-04:00,2017-09-18 09:00:00-04:00,2017-09-18 09:31:00-04:00,5998.75,5995.0,6006.25,3.75,5995.0,-4.0,-1.0666666666666667,stop,False,False,False,5998.25,0.5,5.75,4.0,1.5333333333333334,1.0666666666666667,31,5996.5,5995.25,5996.75,5996.0,40.0,2.0,1m,0.0
2017-09-19,2017,IS,1,bull,B,2017-09-19 08:01:00-04:00,2017-09-19 08:02:00-04:00,2017-09-19 09:41:00-04:00,5994.5,5978.75,6026.0,15.75,5978.75,-16.0,-1.0158730158730158,stop,False,False,False,5995.25,-0.75,17.25,4.0,1.0952380952380953,0.25396825396825395,99,5984.75,5979.0,5993.5,5992.0,40.0,2.0,1m,0.0
2017-09-20,2017,IS,1,bull,C,2017-09-20 09:37:00-04:00,2017-09-20 09:38:00-04:00,2017-09-20 09:57:00-04:00,5993.0,5986.25,6006.5,6.75,5986.25,-7.0,-1.037037037037037,stop,False,False,False,5993.0,0.0,7.5,7.5,1.1111111111111112,1.1111111111111112,19,5987.75,5986.5,5991.25,5986.5,40.0,2.0,1m,0.0
2017-09-21,2017,IS,1,bull,B,2017-09-21 08:02:00-04:00,2017-09-21 08:03:00-04:00,2017-09-21 09:30:00-04:00,5976.5,5963.5,6002.5,13.0,5963.5,-13.25,-1.0192307692307692,stop,False,False,False,5972.75,3.75,13.5,2.75,1.0384615384615385,0.21153846153846154,87,5968.0,5963.75,5975.5,5975.25,40.0,2.0,1m,0.0
2017-09-22,2017,IS,1,bull,A,2017-09-22 08:00:00-04:00,2017-09-22 08:01:00-04:00,2017-09-22 16:00:00-04:00,5926.0,5910.75,5956.5,15.25,5936.0,9.75,0.639344262295082,time_exit,False,False,False,5921.25,4.75,10.5,17.25,0.6885245901639344,1.1311475409836065,479,5919.25,5911.0,5919.75,5919.25,40.0,2.0,1m,0.0
2017-09-28,2017,IS,-1,bear,B,2017-09-28 08:03:00-04:00,2017-09-28 08:04:00-04:00,2017-09-28 16:00:00-04:00,5921.5,5948.5,5867.5,27.0,5936.5,-15.25,-0.5648148148148148,time_exit,False,False,False,5925.5,4.0,21.75,10.25,0.8055555555555556,0.37962962962962965,476,5947.25,5948.25,5924.75,5923.5,40.0,2.0,1m,0.0
2017-09-29,2017,IS,-1,bear,C,2017-09-29 09:30:00-04:00,2017-09-29 09:31:00-04:00,2017-09-29 09:32:00-04:00,5944.75,5949.75,5934.75,5.0,5949.75,-5.25,-1.05,stop,False,False,False,5948.5,3.75,7.0,0.0,1.4,0.0,1,5948.75,5949.5,5949.5,5947.75,40.0,2.0,1m,0.0
2017-10-02,2017,IS,1,bull,C,2017-10-02 14:30:00-04:00,2017-10-02 14:31:00-04:00,2017-10-02 16:00:00-04:00,5989.0,5958.25,6050.5,30.75,5984.75,-4.5,-0.14634146341463414,time_exit,False,False,False,5990.0,-1.0,12.5,0.0,0.4065040650406504,0.0,89,5982.25,5958.5,5978.5,5977.0,40.0,2.0,1m,0.0
2017-10-04,2017,IS,1,bull,C,2017-10-04 09:12:00-04:00,2017-10-04 09:13:00-04:00,2017-10-04 09:43:00-04:00,5989.0,5983.75,5999.5,5.25,5983.75,-5.5,-1.0476190476190477,stop,False,False,False,5986.0,3.0,6.0,7.75,1.1428571428571428,1.4761904761904763,30,5987.75,5984.0,5987.75,5987.25,40.0,2.0,1m,0.0
2017-10-05,2017,IS,-1,bear,C,2017-10-05 08:06:00-04:00,2017-10-05 08:07:00-04:00,2017-10-05 08:10:00-04:00,6016.0,6018.5,6011.0,2.5,6018.5,-2.75,-1.1,stop,False,False,False,6024.0,8.0,3.5,0.0,1.4,0.0,3,6017.5,6018.25,6018.25,6017.25,40.0,2.0,1m,0.0
2017-11-03,2017,IS,1,bull,B,2017-11-03 08:18:00-04:00,2017-11-03 08:19:00-04:00,2017-11-03 09:44:00-04:00,6259.0,6244.25,6288.5,14.75,6244.25,-15.0,-1.0169491525423728,stop,False,False,False,6258.5,0.5,16.0,16.0,1.0847457627118644,1.0847457627118644,85,6248.5,6244.5,6258.0,6257.75,40.0,2.0,1m,0.0
2017-11-13,2017,IS,1,bull,C,2017-11-13 09:30:00-05:00,2017-11-13 09:31:00-05:00,2017-11-13 09:37:00-05:00,6291.75,6286.25,6302.75,5.5,6286.25,-5.75,-1.0454545454545454,stop,False,False,False,6286.5,5.25,6.25,2.25,1.1363636363636365,0.4090909090909091,6,6287.5,6286.5,6288.5,6286.5,40.0,2.0,1m,0.0
2017-11-14,2017,IS,1,bull,B,2017-11-14 08:25:00-05:00,2017-11-14 08:26:00-05:00,2017-11-14 08:58:00-05:00,6309.5,6300.0,6328.5,9.5,6300.0,-9.75,-1.0263157894736843,stop,False,False,False,6293.75,15.75,10.75,2.0,1.131578947368421,0.21052631578947367,32,6305.0,6300.25,6307.5,6307.0,40.0,2.0,1m,0.0
2017-11-15,2017,IS,1,bull,B,2017-11-15 08:01:00-05:00,2017-11-15 08:02:00-05:00,2017-11-15 09:35:00-05:00,6276.0,6256.0,6316.0,20.0,6256.0,-20.25,-1.0125,stop,False,False,False,6267.75,8.25,21.5,2.75,1.075,0.1375,93,6270.25,6256.25,6274.75,6273.5,40.0,2.0,1m,0.0
2017-11-20,2017,IS,-1,bear,C,2017-11-20 09:54:00-05:00,2017-11-20 09:55:00-05:00,2017-11-20 09:56:00-05:00,6316.75,6320.75,6308.75,4.0,6320.75,-4.25,-1.0625,stop,False,False,False,6324.0,7.25,4.25,0.0,1.0625,0.0,1,6319.5,6320.5,6320.5,6318.5,40.0,2.0,1m,0.0
2017-11-21,2017,IS,-1,bear,C,2017-11-21 08:18:00-05:00,2017-11-21 08:19:00-05:00,2017-11-21 08:46:00-05:00,6342.75,6348.25,6331.75,5.5,6348.25,-5.75,-1.0454545454545454,stop,False,False,False,6342.0,-0.75,5.75,0.0,1.0454545454545454,0.0,27,6344.0,6348.0,6347.25,6345.75,40.0,2.0,1m,0.0
2017-12-01,2017,IS,1,bull,C,2017-12-01 13:01:00-05:00,2017-12-01 13:02:00-05:00,2017-12-01 16:00:00-05:00,6327.5,6299.75,6383.0,27.75,6339.5,11.75,0.42342342342342343,time_exit,False,False,False,6325.25,2.25,13.5,17.0,0.4864864864864865,0.6126126126126126,178,6310.0,6300.0,6325.75,6300.0,40.0,2.0,1m,0.0
2017-12-04,2017,IS,1,bull,B,2017-12-04 08:01:00-05:00,2017-12-04 08:02:00-05:00,2017-12-04 09:35:00-05:00,6375.5,6363.0,6400.5,12.5,6363.0,-12.75,-1.02,stop,False,False,False,6378.25,-2.75,13.25,9.5,1.06,0.76,93,6368.5,6363.25,6373.5,6371.75,40.0,2.0,1m,0.0
2017-12-05,2017,IS,1,bull,B,2017-12-05 08:00:00-05:00,2017-12-05 08:01:00-05:00,2017-12-05 16:00:00-05:00,6272.25,6231.5,6353.75,40.75,6267.25,-5.25,-0.12883435582822086,time_exit,False,False,False,6262.0,10.25,33.5,67.5,0.8220858895705522,1.656441717791411,479,6255.5,6231.75,6268.5,6267.25,40.0,2.0,1m,0.0
2017-12-06,2017,IS,1,bull,B,2017-12-06 08:10:00-05:00,2017-12-06 08:11:00-05:00,2017-12-06 16:00:00-05:00,6258.0,6232.25,6309.5,25.75,6295.75,37.5,1.4563106796116505,time_exit,False,False,False,6246.25,11.75,20.25,49.0,0.7864077669902912,1.9029126213592233,469,6237.25,6232.5,6254.75,6252.75,40.0,2.0,1m,0.0
2017-12-07,2017,IS,1,bull,C,2017-12-07 09:33:00-05:00,2017-12-07 09:34:00-05:00,2017-12-07 10:08:00-05:00,6304.0,6293.5,6325.0,10.5,6293.5,-10.75,-1.0238095238095237,stop,False,False,False,6295.0,9.0,10.75,12.25,1.0238095238095237,1.1666666666666667,34,6295.75,6293.75,6296.75,6293.75,40.0,2.0,1m,0.0
2017-12-11,2017,IS,1,bull,C,2017-12-11 08:05:00-05:00,2017-12-11 08:06:00-05:00,2017-12-11 08:20:00-05:00,6366.0,6360.5,6377.0,5.5,6360.5,-5.75,-1.0454545454545454,stop,False,False,False,6366.0,0.0,5.5,5.5,1.0,1.0,14,6361.0,6360.75,6363.25,6360.75,40.0,2.0,1m,0.0
2017-12-12,2017,IS,1,bull,C,2017-12-12 08:41:00-05:00,2017-12-12 08:42:00-05:00,2017-12-12 08:42:00-05:00,6414.0,6411.75,6418.5,2.25,6411.75,-2.5,-1.1111111111111112,stop,False,False,False,6408.5,5.5,2.5,0.0,1.1111111111111112,0.0,0,6412.25,6412.0,6412.75,6412.0,40.0,2.0,1m,0.0
2017-12-13,2017,IS,1,bull,A,2017-12-13 08:00:00-05:00,2017-12-13 08:01:00-05:00,2017-12-13 16:00:00-05:00,6405.5,6382.75,6451.0,22.75,6416.0,10.25,0.45054945054945056,time_exit,False,False,False,6429.5,-24.0,2.5,32.25,0.10989010989010989,1.4175824175824177,479,6390.0,6383.0,6400.0,6399.5,40.0,2.0,1m,0.0
2017-12-14,2017,IS,-1,bear,C,2017-12-14 09:27:00-05:00,2017-12-14 09:28:00-05:00,2017-12-14 09:34:00-05:00,6427.0,6430.75,6419.5,3.75,6430.75,-4.0,-1.0666666666666667,stop,False,False,False,6427.5,0.5,5.75,5.25,1.5333333333333334,1.4,6,6429.5,6430.5,6430.5,6428.25,40.0,2.0,1m,0.0
2017-12-15,2017,IS,-1,bear,C,2017-12-15 08:25:00-05:00,2017-12-15 08:26:00-05:00,2017-12-15 09:28:00-05:00,6427.0,6430.5,6420.0,3.5,6430.5,-3.75,-1.0714285714285714,stop,False,False,False,6433.5,6.5,9.75,6.5,2.7857142857142856,1.8571428571428572,62,6429.0,6430.25,6429.5,6429.0,40.0,2.0,1m,0.0
2017-12-22,2017,IS,1,bull,C,2017-12-22 09:07:00-05:00,2017-12-22 09:08:00-05:00,2017-12-22 09:28:00-05:00,6490.5,6487.75,6496.0,2.75,6487.75,-3.0,-1.0909090909090908,gap_through_stop,False,True,False,6482.25,8.25,2.5,2.75,0.9090909090909091,1.0,20,6489.25,6488.0,6489.25,6489.0,40.0,2.0,1m,0.0
2017-12-26,2017,IS,1,bull,C,2017-12-26 08:22:00-05:00,2017-12-26 08:23:00-05:00,2017-12-26 08:36:00-05:00,6448.0,6445.5,6453.0,2.5,6453.0,4.75,1.9,target,False,False,False,6457.75,-9.75,1.5,5.5,0.6,2.2,13,6446.25,6445.75,6447.0,6445.75,40.0,2.0,1m,0.0
2017-12-27,2017,IS,1,bull,C,2017-12-27 09:37:00-05:00,2017-12-27 09:38:00-05:00,2017-12-27 11:59:00-05:00,6461.75,6452.5,6480.25,9.25,6452.5,-9.5,-1.027027027027027,stop,False,False,False,6459.25,2.5,11.5,13.75,1.2432432432432432,1.4864864864864864,141,6453.5,6452.75,6458.75,6452.75,40.0,2.0,1m,0.0
2017-12-28,2017,IS,1,bull,C,2017-12-28 11:08:00-05:00,2017-12-28 11:09:00-05:00,2017-12-28 11:31:00-05:00,6454.25,6449.25,6464.25,5.0,6449.25,-5.25,-1.05,stop,False,False,False,6467.0,-12.75,6.0,2.5,1.2,0.5,22,6451.25,6449.5,6452.75,6449.5,40.0,2.0,1m,0.0
2018-01-02,2018,IS,1,bull,B,2018-01-02 08:00:00-05:00,2018-01-02 08:01:00-05:00,2018-01-02 11:16:00-05:00,6434.5,6397.5,6508.5,37.0,6508.5,73.75,1.9932432432432432,target,False,False,False,6440.5,-6.0,8.25,74.25,0.22297297297297297,2.0067567567567566,195,6401.5,6397.75,6428.75,6428.25,40.0,2.0,1m,0.0
2018-02-02,2018,IS,1,bull,C,2018-02-02 10:40:00-05:00,2018-02-02 10:41:00-05:00,2018-02-02 11:19:00-05:00,6859.25,6843.0,6891.75,16.25,6843.0,-16.5,-1.0153846153846153,stop,False,False,False,6881.25,-22.0,18.25,6.5,1.123076923076923,0.4,38,6844.5,6843.25,6856.25,6843.25,40.0,2.0,1m,0.0
2018-02-07,2018,IS,1,bull,B,2018-02-07 08:11:00-05:00,2018-02-07 08:12:00-05:00,2018-02-07 16:00:00-05:00,6638.25,6564.75,6785.25,73.5,6579.25,-59.25,-0.8061224489795918,time_exit,False,False,False,6645.5,-7.25,58.75,79.5,0.7993197278911565,1.0816326530612246,468,6580.75,6565.0,6635.75,6633.0,40.0,2.0,1m,0.0
2018-02-08,2018,IS,1,bull,A,2018-02-08 08:00:00-05:00,2018-02-08 08:01:00-05:00,2018-02-08 10:54:00-05:00,6585.75,6490.0,6777.25,95.75,6490.0,-96.0,-1.0026109660574412,stop,False,False,False,6598.25,-12.5,98.75,32.75,1.031331592689295,0.34203655352480417,173,6532.0,6490.25,6570.5,6569.25,40.0,2.0,1m,0.0
2018-02-13,2018,IS,1,bull,B,2018-02-13 08:00:00-05:00,2018-02-13 08:01:00-05:00,2018-02-13 09:02:00-05:00,6511.25,6476.25,6581.25,35.0,6476.25,-35.25,-1.0071428571428571,stop,False,False,False,6486.75,24.5,35.5,3.5,1.0142857142857142,0.1,61,6505.5,6476.5,6508.25,6506.5,40.0,2.0,1m,0.0
2018-02-14,2018,IS,1,bull,C,2018-02-14 09:43:00-05:00,2018-02-14 09:44:00-05:00,2018-02-14 16:00:00-05:00,6556.75,6456.0,6758.25,100.75,6680.75,123.75,1.228287841191067,time_exit,False,False,False,6520.0,36.75,17.5,133.25,0.17369727047146402,1.3225806451612903,376,6552.0,6456.25,6544.75,6534.5,40.0,2.0,1m,0.0
2018-02-15,2018,IS,1,bull,C,2018-02-15 11:05:00-05:00,2018-02-15 11:06:00-05:00,2018-02-15 11:29:00-05:00,6690.5,6669.5,6732.5,21.0,6732.5,41.75,1.9880952380952381,target,False,False,False,6738.25,-47.75,2.0,45.25,0.09523809523809523,2.1547619047619047,23,6674.5,6669.75,6683.0,6669.75,40.0,2.0,1m,0.0
2018-02-16,2018,IS,1,bull,C,2018-02-16 08:31:00-05:00,2018-02-16 08:32:00-05:00,2018-02-16 08:42:00-05:00,6819.0,6808.5,6840.0,10.5,6808.5,-10.75,-1.0238095238095237,stop,False,False,False,6783.75,35.25,14.25,2.25,1.3571428571428572,0.21428571428571427,10,6815.25,6808.75,6813.0,6808.75,40.0,2.0,1m,0.0
2018-02-19,2018,IS,1,bull,C,2018-02-19 09:42:00-05:00,2018-02-19 09:43:00-05:00,2018-02-19 10:06:00-05:00,6787.25,6780.75,6800.25,6.5,6780.75,-6.75,-1.0384615384615385,stop,False,False,False,6806.0,-18.75,9.75,5.25,1.5,0.8076923076923077,23,6782.25,6781.0,6785.75,6781.0,40.0,2.0,1m,0.0
2018-02-22,2018,IS,-1,bear,C,2018-02-22 13:13:00-05:00,2018-02-22 13:14:00-05:00,2018-02-22 16:00:00-05:00,6776.25,6831.75,6665.25,55.5,6767.25,8.75,0.15765765765765766,time_exit,False,False,False,6794.5,18.25,23.5,29.25,0.42342342342342343,0.527027027027027,166,6783.0,6831.5,6799.0,6794.25,40.0,2.0,1m,0.0
2018-02-27,2018,IS,1,bull,B,2018-02-27 08:01:00-05:00,2018-02-27 08:02:00-05:00,2018-02-27 09:53:00-05:00,6992.25,6977.0,7022.75,15.25,6977.0,-15.5,-1.0163934426229508,stop,False,False,False,6996.25,-4.0,15.75,8.25,1.0327868852459017,0.5409836065573771,111,6987.25,6977.25,6991.0,6988.5,40.0,2.0,1m,0.0
2018-02-28,2018,IS,1,bull,A,2018-02-28 08:00:00-05:00,2018-02-28 08:01:00-05:00,2018-02-28 11:48:00-05:00,6930.75,6893.0,7006.25,37.75,6893.0,-38.0,-1.0066225165562914,stop,False,False,False,6945.25,-14.5,37.75,32.75,1.0,0.8675496688741722,227,6904.0,6893.25,6909.5,6907.25,40.0,2.0,1m,0.0
2018-03-01,2018,IS,1,bull,A,2018-03-01 08:37:00-05:00,2018-03-01 08:38:00-05:00,2018-03-01 09:42:00-05:00,6862.25,6840.75,6905.25,21.5,6840.75,-21.75,-1.0116279069767442,stop,False,False,False,6865.25,-3.0,27.0,27.0,1.255813953488372,1.255813953488372,64,6857.75,6841.0,6861.25,6860.0,40.0,2.0,1m,0.0
2018-03-02,2018,IS,1,bull,C,2018-03-02 08:08:00-05:00,2018-03-02 08:09:00-05:00,2018-03-02 08:27:00-05:00,6685.25,6673.5,6708.75,11.75,6673.5,-12.0,-1.0212765957446808,stop,False,False,False,6672.5,12.75,17.25,2.25,1.4680851063829787,0.19148936170212766,18,6675.0,6673.75,6680.25,6673.75,40.0,2.0,1m,0.0
2018-03-05,2018,IS,1,bull,B,2018-03-05 08:00:00-05:00,2018-03-05 08:01:00-05:00,2018-03-05 16:00:00-05:00,6796.75,6742.25,6905.75,54.5,6884.75,87.75,1.610091743119266,time_exit,False,False,False,6781.5,15.25,43.5,107.75,0.7981651376146789,1.9770642201834863,479,6763.75,6742.5,6792.75,6790.5,40.0,2.0,1m,0.0
2018-03-06,2018,IS,1,bull,C,2018-03-06 11:33:00-05:00,2018-03-06 11:34:00-05:00,2018-03-06 11:40:00-05:00,6885.25,6874.75,6906.25,10.5,6874.75,-10.75,-1.0238095238095237,stop,False,False,False,6918.0,-32.75,11.75,4.0,1.119047619047619,0.38095238095238093,6,6877.0,6875.0,6883.0,6875.0,40.0,2.0,1m,0.0
2018-03-15,2018,IS,1,bull,A,2018-03-15 08:50:00-04:00,2018-03-15 08:51:00-04:00,2018-03-15 16:00:00-04:00,7068.0,7027.0,7150.0,41.0,7055.25,-13.0,-0.3170731707317073,time_exit,False,False,False,7071.25,-3.25,35.5,32.0,0.8658536585365854,0.7804878048780488,429,7036.5,7027.25,7066.25,7065.75,40.0,2.0,1m,0.0
2018-03-16,2018,IS,1,bull,B,2018-03-16 08:11:00-04:00,2018-03-16 08:12:00-04:00,2018-03-16 11:43:00-04:00,7065.0,7051.25,7092.5,13.75,7051.25,-14.0,-1.018181818181818,stop,False,False,False,7067.5,-2.5,16.25,19.75,1.1818181818181819,1.4363636363636363,211,7055.25,7051.5,7063.5,7062.5,40.0,2.0,1m,0.0
2018-03-20,2018,IS,1,bull,B,2018-03-20 08:03:00-04:00,2018-03-20 08:04:00-04:00,2018-03-20 11:48:00-04:00,6926.25,6874.75,7029.25,51.5,6874.75,-51.75,-1.0048543689320388,stop,False,False,False,6884.25,42.0,55.0,0.0,1.0679611650485437,0.0,224,6881.25,6875.0,6924.5,6923.0,40.0,2.0,1m,0.0
2018-03-21,2018,IS,1,bull,C,2018-03-21 09:31:00-04:00,2018-03-21 09:32:00-04:00,2018-03-21 09:36:00-04:00,6890.25,6880.0,6910.75,10.25,6880.0,-10.5,-1.024390243902439,stop,False,False,False,6887.25,3.0,11.5,3.75,1.1219512195121952,0.36585365853658536,4,6881.5,6880.25,6887.5,6880.25,40.0,2.0,1m,0.0
2018-03-22,2018,IS,1,bull,C,2018-03-22 09:37:00-04:00,2018-03-22 09:38:00-04:00,2018-03-22 10:47:00-04:00,6793.75,6765.25,6850.75,28.5,6765.25,-28.75,-1.0087719298245614,stop,False,False,False,6779.75,14.0,30.75,30.25,1.0789473684210527,1.0614035087719298,69,6790.5,6765.5,6788.25,6782.25,40.0,2.0,1m,0.0
2018-03-28,2018,IS,1,bull,B,2018-03-28 08:00:00-04:00,2018-03-28 08:01:00-04:00,2018-03-28 09:05:00-04:00,6570.0,6485.0,6740.0,85.0,6485.0,-85.25,-1.0029411764705882,stop,False,False,False,6512.0,58.0,87.5,9.75,1.0294117647058822,0.11470588235294117,64,6527.75,6485.25,6562.75,6558.75,40.0,2.0,1m,0.0
2018-03-29,2018,IS,1,bull,C,2018-03-29 10:02:00-04:00,2018-03-29 10:03:00-04:00,2018-03-29 10:44:00-04:00,6469.5,6443.5,6521.5,26.0,6521.5,51.75,1.9903846153846154,target,False,False,False,6505.5,-36.0,8.25,55.75,0.3173076923076923,2.144230769230769,41,6469.0,6443.75,6458.75,6446.5,40.0,2.0,1m,0.0
2018-04-05,2018,IS,1,bull,C,2018-04-05 13:49:00-04:00,2018-04-05 13:50:00-04:00,2018-04-05 15:08:00-04:00,6580.25,6558.75,6623.25,21.5,6623.25,42.75,1.9883720930232558,target,False,False,False,6636.0,-55.75,3.75,44.0,0.1744186046511628,2.046511627906977,78,6574.0,6559.0,6573.5,6568.25,40.0,2.0,1m,0.0
2018-04-09,2018,IS,-1,bear,B,2018-04-09 08:06:00-04:00,2018-04-09 08:07:00-04:00,2018-04-09 09:50:00-04:00,6498.25,6527.5,6439.75,29.25,6527.5,-29.5,-1.0085470085470085,stop,False,False,False,6494.75,-3.5,30.5,15.75,1.0427350427350428,0.5384615384615384,103,6518.5,6527.25,6505.0,6501.75,40.0,2.0,1m,0.0
2018-04-10,2018,IS,-1,bear,A,2018-04-10 08:00:00-04:00,2018-04-10 08:01:00-04:00,2018-04-10 14:11:00-04:00,6590.5,6623.75,6524.0,33.25,6623.75,-33.5,-1.0075187969924813,stop,False,False,False,6585.0,-5.5,35.0,48.5,1.0526315789473684,1.4586466165413534,370,6618.0,6623.5,6598.5,6595.25,40.0,2.0,1m,0.0
2018-04-11,2018,IS,-1,bear,C,2018-04-11 10:51:00-04:00,2018-04-11 10:52:00-04:00,2018-04-11 11:53:00-04:00,6622.5,6644.0,6579.5,21.5,6644.0,-21.75,-1.0116279069767442,stop,False,False,False,6590.0,-32.5,25.25,26.75,1.1744186046511629,1.244186046511628,61,6627.5,6643.75,6630.75,6627.0,40.0,2.0,1m,0.0
2018-04-12,2018,IS,-1,bear,C,2018-04-12 09:13:00-04:00,2018-04-12 09:14:00-04:00,2018-04-12 09:22:00-04:00,6635.5,6641.25,6624.0,5.75,6641.25,-6.0,-1.0434782608695652,stop,False,False,False,6632.75,-2.75,6.0,0.25,1.0434782608695652,0.043478260869565216,8,6638.75,6641.0,6639.5,6637.0,40.0,2.0,1m,0.0
2018-04-13,2018,IS,1,bull,C,2018-04-13 10:48:00-04:00,2018-04-13 10:49:00-04:00,2018-04-13 10:59:00-04:00,6659.5,6644.25,6690.0,15.25,6644.25,-15.5,-1.0163934426229508,stop,False,False,False,6702.5,-43.0,17.5,4.5,1.1475409836065573,0.29508196721311475,10,6645.5,6644.5,6654.75,6644.5,40.0,2.0,1m,0.0
2018-04-16,2018,IS,1,bull,B,2018-04-16 08:01:00-04:00,2018-04-16 08:02:00-04:00,2018-04-16 11:15:00-04:00,6676.5,6642.0,6745.5,34.5,6642.0,-34.75,-1.0072463768115942,stop,False,False,False,6681.75,-5.25,37.25,19.25,1.0797101449275361,0.5579710144927537,193,6651.5,6642.25,6675.25,6674.5,40.0,2.0,1m,0.0
2018-04-18,2018,IS,1,bull,C,2018-04-18 09:48:00-04:00,2018-04-18 09:49:00-04:00,2018-04-18 10:01:00-04:00,6824.25,6813.25,6846.25,11.0,6813.25,-11.25,-1.0227272727272727,stop,False,False,False,6831.25,-7.0,11.75,4.0,1.0681818181818181,0.36363636363636365,12,6816.5,6813.5,6822.25,6813.5,40.0,2.0,1m,0.0
2018-04-23,2018,IS,-1,bear,C,2018-04-23 11:32:00-04:00,2018-04-23 11:33:00-04:00,2018-04-23 12:20:00-04:00,6716.0,6728.25,6691.5,12.25,6691.5,24.25,1.9795918367346939,target,False,False,False,6701.5,-14.5,3.25,26.75,0.2653061224489796,2.183673469387755,47,6720.0,6728.0,6726.0,6722.25,40.0,2.0,1m,0.0
2018-04-25,2018,IS,-1,bear,C,2018-04-25 11:07:00-04:00,2018-04-25 11:08:00-04:00,2018-04-25 11:13:00-04:00,6532.25,6539.75,6517.25,7.5,6539.75,-7.75,-1.0333333333333334,stop,False,False,False,6524.75,-7.5,12.75,5.5,1.7,0.7333333333333333,5,6538.75,6539.5,6539.5,6533.75,40.0,2.0,1m,0.0
2018-04-26,2018,IS,-1,bear,C,2018-04-26 09:06:00-04:00,2018-04-26 09:07:00-04:00,2018-04-26 09:10:00-04:00,6611.25,6615.0,6603.75,3.75,6603.75,7.25,1.9333333333333333,target,False,False,False,6604.75,-6.5,1.0,8.25,0.26666666666666666,2.2,3,6612.5,6614.75,6614.75,6612.75,40.0,2.0,1m,0.0
2018-04-27,2018,IS,-1,bear,A,2018-04-27 09:32:00-04:00,2018-04-27 09:33:00-04:00,2018-04-27 09:41:00-04:00,6740.0,6754.75,6710.5,14.75,6710.5,29.25,1.9830508474576272,target,False,False,False,6754.0,14.0,2.25,31.75,0.15254237288135594,2.152542372881356,8,6749.0,6754.5,6742.0,6741.5,40.0,2.0,1m,0.0
2018-04-30,2018,IS,-1,bear,B,2018-04-30 08:01:00-04:00,2018-04-30 08:02:00-04:00,2018-04-30 10:03:00-04:00,6696.5,6712.75,6664.0,16.25,6712.75,-16.5,-1.0153846153846153,stop,False,False,False,6676.0,-20.5,18.5,24.75,1.1384615384615384,1.523076923076923,121,6703.0,6712.5,6700.5,6699.0,40.0,2.0,1m,0.0
2018-05-01,2018,IS,-1,bear,B,2018-05-01 08:06:00-04:00,2018-05-01 08:07:00-04:00,2018-05-01 10:21:00-04:00,6599.75,6628.25,6542.75,28.5,6628.25,-28.75,-1.0087719298245614,stop,False,False,False,6595.0,-4.75,33.0,21.0,1.1578947368421053,0.7368421052631579,134,6623.5,6628.0,6603.75,6602.0,40.0,2.0,1m,0.0
2018-05-02,2018,IS,-1,bear,B,2018-05-02 08:00:00-04:00,2018-05-02 08:01:00-04:00,2018-05-02 11:44:00-04:00,6706.75,6729.75,6660.75,23.0,6660.75,45.75,1.9891304347826086,target,False,False,False,6700.75,-6.0,7.5,49.25,0.32608695652173914,2.141304347826087,223,6723.5,6729.5,6709.75,6709.25,40.0,2.0,1m,0.0
2018-05-03,2018,IS,-1,bear,B,2018-05-03 08:02:00-04:00,2018-05-03 08:03:00-04:00,2018-05-03 13:34:00-04:00,6603.0,6651.5,6506.0,48.5,6651.5,-48.75,-1.0051546391752577,stop,False,False,False,6614.75,11.75,51.0,65.0,1.0515463917525774,1.3402061855670102,331,6641.5,6651.25,6609.5,6607.0,40.0,2.0,1m,0.0
2018-05-04,2018,IS,1,bull,C,2018-05-04 08:24:00-04:00,2018-05-04 08:25:00-04:00,2018-05-04 08:31:00-04:00,6638.25,6631.75,6651.25,6.5,6651.25,12.75,1.9615384615384615,target,False,False,False,6616.0,22.25,4.25,17.5,0.6538461538461539,2.6923076923076925,6,6632.5,6632.0,6636.25,6632.0,40.0,2.0,1m,0.0
2018-05-08,2018,IS,-1,bear,B,2018-05-08 08:00:00-04:00,2018-05-08 08:01:00-04:00,2018-05-08 16:00:00-04:00,6799.75,6837.75,6723.75,38.0,6817.0,-17.5,-0.4605263157894737,time_exit,False,False,False,6813.25,13.5,36.5,28.75,0.9605263157894737,0.756578947368421,479,6834.5,6837.5,6803.0,6801.0,40.0,2.0,1m,0.0
2018-05-17,2018,IS,1,bull,C,2018-05-17 08:27:00-04:00,2018-05-17 08:28:00-04:00,2018-05-17 08:32:00-04:00,6908.75,6904.75,6916.75,4.0,6904.75,-4.25,-1.0625,stop,False,False,False,6912.25,-3.5,5.75,3.5,1.4375,0.875,4,6906.75,6905.0,6907.0,6905.75,40.0,2.0,1m,0.0
2018-05-18,2018,IS,1,bull,C,2018-05-18 08:23:00-04:00,2018-05-18 08:24:00-04:00,2018-05-18 08:31:00-04:00,6897.5,6888.75,6915.0,8.75,6888.75,-9.0,-1.0285714285714285,stop,False,False,False,6885.25,12.25,10.0,0.0,1.1428571428571428,0.0,7,6895.0,6889.0,6895.0,6892.75,40.0,2.0,1m,0.0
2018-05-21,2018,IS,1,bull,C,2018-05-21 11:48:00-04:00,2018-05-21 11:49:00-04:00,2018-05-21 16:00:00-04:00,6898.75,6881.25,6933.75,17.5,6912.0,13.0,0.7428571428571429,time_exit,False,False,False,6926.25,-27.5,15.75,28.25,0.9,1.6142857142857143,251,6898.75,6881.5,6892.75,6889.25,40.0,2.0,1m,0.0
2018-05-22,2018,IS,1,bull,C,2018-05-22 10:32:00-04:00,2018-05-22 10:33:00-04:00,2018-05-22 12:31:00-04:00,6913.5,6905.5,6929.5,8.0,6905.5,-8.25,-1.03125,stop,False,False,False,6942.5,-29.0,10.0,13.75,1.25,1.71875,118,6908.75,6905.75,6912.0,6905.75,40.0,2.0,1m,0.0
2018-05-24,2018,IS,1,bull,C,2018-05-24 10:05:00-04:00,2018-05-24 10:06:00-04:00,2018-05-24 10:25:00-04:00,6935.5,6914.5,6977.5,21.0,6914.5,-21.25,-1.0119047619047619,stop,False,False,False,6957.75,-22.25,24.75,0.25,1.1785714285714286,0.011904761904761904,19,6925.25,6914.75,6930.5,6914.75,40.0,2.0,1m,0.0
2018-05-28,2018,IS,1,bull,B,2018-05-28 08:00:00-04:00,2018-05-28 08:01:00-04:00,2018-05-28 08:43:00-04:00,6985.5,6972.0,7012.5,13.5,6972.0,-13.75,-1.0185185185185186,stop,False,False,False,6973.75,11.75,14.5,1.75,1.0740740740740742,0.12962962962962962,42,6979.25,6972.25,6984.5,6984.0,40.0,2.0,1m,0.0
2018-05-29,2018,IS,1,bull,C,2018-05-29 12:21:00-04:00,2018-05-29 12:22:00-04:00,2018-05-29 15:21:00-04:00,6910.0,6894.0,6942.0,16.0,6894.0,-16.25,-1.015625,stop,False,False,False,6930.25,-20.25,16.75,25.75,1.046875,1.609375,179,6895.0,6894.25,6905.75,6894.25,40.0,2.0,1m,0.0
2018-05-31,2018,IS,1,bull,C,2018-05-31 09:12:00-04:00,2018-05-31 09:13:00-04:00,2018-05-31 10:49:00-04:00,6981.75,6967.25,7010.75,14.5,6967.25,-14.75,-1.0172413793103448,stop,False,False,False,6980.5,1.25,18.75,18.0,1.293103448275862,1.2413793103448276,96,6970.5,6967.5,6976.5,6967.5,40.0,2.0,1m,0.0
2018-06-01,2018,IS,-1,bear,C,2018-06-01 08:30:00-04:00,2018-06-01 08:31:00-04:00,2018-06-01 08:50:00-04:00,6999.25,7010.25,6977.25,11.0,7010.25,-11.25,-1.0227272727272727,stop,False,False,False,7010.0,10.75,12.5,6.25,1.1363636363636365,0.5681818181818182,19,7009.5,7010.0,7010.0,7005.5,40.0,2.0,1m,0.0
2018-06-18,2018,IS,1,bull,C,2018-06-18 08:02:00-04:00,2018-06-18 08:03:00-04:00,2018-06-18 08:23:00-04:00,7222.5,7219.0,7229.5,3.5,7219.0,-3.75,-1.0714285714285714,stop,False,False,False,7231.75,-9.25,4.25,1.5,1.2142857142857142,0.42857142857142855,20,7220.5,7219.25,7221.25,7219.25,40.0,2.0,1m,0.0
2018-06-19,2018,IS,1,bull,C,2018-06-19 10:33:00-04:00,2018-06-19 10:34:00-04:00,2018-06-19 10:40:00-04:00,7172.0,7161.25,7193.5,10.75,7161.25,-11.0,-1.0232558139534884,stop,False,False,False,7178.25,-6.25,12.5,0.5,1.1627906976744187,0.046511627906976744,6,7162.0,7161.5,7167.75,7161.5,40.0,2.0,1m,0.0
2018-06-22,2018,IS,-1,bear,C,2018-06-22 08:34:00-04:00,2018-06-22 08:35:00-04:00,2018-06-22 09:30:00-04:00,7267.5,7271.75,7259.0,4.25,7259.0,8.25,1.9411764705882353,target,False,False,False,7266.75,-0.75,3.25,9.5,0.7647058823529411,2.235294117647059,55,7270.0,7271.5,7271.5,7269.0,40.0,2.0,1m,0.0
2018-06-26,2018,IS,-1,bear,B,2018-06-26 09:34:00-04:00,2018-06-26 09:35:00-04:00,2018-06-26 09:41:00-04:00,7072.0,7087.75,7040.5,15.75,7087.75,-16.0,-1.0158730158730158,stop,False,False,False,7085.0,13.0,25.25,10.75,1.6031746031746033,0.6825396825396826,6,7080.0,7087.5,7076.5,7075.5,40.0,2.0,1m,0.0
2018-06-27,2018,IS,-1,bear,C,2018-06-27 09:31:00-04:00,2018-06-27 09:32:00-04:00,2018-06-27 09:32:00-04:00,7114.0,7121.75,7098.5,7.75,7121.75,-8.0,-1.032258064516129,stop,False,False,False,7118.0,4.0,10.5,0.0,1.3548387096774193,0.0,0,7119.5,7121.5,7121.5,7118.0,40.0,2.0,1m,0.0
2018-06-28,2018,IS,1,bull,C,2018-06-28 08:12:00-04:00,2018-06-28 08:13:00-04:00,2018-06-28 08:13:00-04:00,6993.5,6988.5,7003.5,5.0,6988.5,-5.25,-1.05,stop,False,False,False,6983.0,10.5,6.5,0.0,1.3,0.0,0,6991.25,6988.75,6992.75,6988.75,40.0,2.0,1m,0.0
2018-07-02,2018,IS,1,bull,C,2018-07-02 09:35:00-04:00,2018-07-02 09:36:00-04:00,2018-07-02 10:30:00-04:00,7009.0,6987.25,7052.5,21.75,7052.5,43.25,1.9885057471264367,target,False,False,False,7001.75,7.25,1.5,46.75,0.06896551724137931,2.1494252873563218,54,6992.25,6987.5,7004.5,6987.5,40.0,2.0,1m,0.0
2018-07-03,2018,IS,1,bull,C,2018-07-03 10:00:00-04:00,2018-07-03 10:01:00-04:00,2018-07-03 10:03:00-04:00,7105.5,7093.0,7130.5,12.5,7093.0,-12.75,-1.02,stop,False,False,False,7143.5,-38.0,12.75,2.25,1.02,0.18,2,7096.5,7093.25,7102.5,7093.25,40.0,2.0,1m,0.0
2018-07-05,2018,IS,-1,bear,C,2018-07-05 08:01:00-04:00,2018-07-05 08:02:00-04:00,2018-07-05 08:15:00-04:00,7085.0,7088.75,7077.5,3.75,7088.75,-4.0,-1.0666666666666667,stop,False,False,False,7079.0,-6.0,6.0,2.25,1.6,0.6,13,7087.25,7088.5,7088.5,7086.25,40.0,2.0,1m,0.0
2018-07-10,2018,IS,1,bull,C,2018-07-10 09:36:00-04:00,2018-07-10 09:37:00-04:00,2018-07-10 09:49:00-04:00,7304.0,7292.5,7327.0,11.5,7292.5,-11.75,-1.0217391304347827,stop,False,False,False,7305.25,-1.25,13.0,3.0,1.1304347826086956,0.2608695652173913,12,7297.75,7292.75,7297.5,7292.75,40.0,2.0,1m,0.0
2018-07-11,2018,IS,-1,bear,C,2018-07-11 09:39:00-04:00,2018-07-11 09:40:00-04:00,2018-07-11 10:01:00-04:00,7264.0,7273.25,7245.5,9.25,7273.25,-9.5,-1.027027027027027,stop,False,False,False,7244.25,-19.75,14.5,11.0,1.5675675675675675,1.1891891891891893,21,7272.75,7273.0,7273.0,7267.0,40.0,2.0,1m,0.0
2018-07-17,2018,IS,1,bull,A,2018-07-17 09:41:00-04:00,2018-07-17 09:42:00-04:00,2018-07-17 10:45:00-04:00,7328.5,7310.75,7364.0,17.75,7364.0,35.25,1.9859154929577465,target,False,False,False,7296.5,32.0,2.0,35.75,0.11267605633802817,2.0140845070422535,63,7316.0,7311.0,7326.5,7326.0,40.0,2.0,1m,0.0
2018-07-27,2018,IS,1,bull,C,2018-07-27 09:46:00-04:00,2018-07-27 09:47:00-04:00,2018-07-27 09:57:00-04:00,7428.25,7415.25,7454.25,13.0,7415.25,-13.25,-1.0192307692307692,stop,False,False,False,7453.25,-25.0,16.0,3.75,1.2307692307692308,0.28846153846153844,10,7427.0,7415.5,7426.25,7423.0,40.0,2.0,1m,0.0
2018-07-30,2018,IS,1,bull,A,2018-07-30 08:00:00-04:00,2018-07-30 08:01:00-04:00,2018-07-30 09:38:00-04:00,7288.25,7259.75,7345.25,28.5,7259.75,-28.75,-1.0087719298245614,stop,False,False,False,7306.0,-17.75,28.75,21.0,1.0087719298245614,0.7368421052631579,97,7263.5,7260.0,7263.75,7263.25,40.0,2.0,1m,0.0
2018-07-31,2018,IS,1,bull,C,2018-07-31 10:22:00-04:00,2018-07-31 10:23:00-04:00,2018-07-31 11:04:00-04:00,7202.5,7189.0,7229.5,13.5,7229.5,26.75,1.9814814814814814,target,False,False,False,7226.25,-23.75,4.75,28.5,0.35185185185185186,2.111111111111111,41,7191.0,7189.25,7198.5,7189.25,40.0,2.0,1m,0.0
2018-08-01,2018,IS,1,bull,C,2018-08-01 14:13:00-04:00,2018-08-01 14:14:00-04:00,2018-08-01 14:30:00-04:00,7258.5,7247.75,7280.0,10.75,7280.0,21.25,1.9767441860465116,target,False,False,False,7270.75,-12.25,3.0,24.25,0.27906976744186046,2.255813953488372,16,7248.25,7248.0,7255.25,7248.0,40.0,2.0,1m,0.0
2018-08-02,2018,IS,1,bull,C,2018-08-02 08:08:00-04:00,2018-08-02 08:09:00-04:00,2018-08-02 09:35:00-04:00,7224.0,7214.0,7244.0,10.0,7244.0,19.75,1.975,target,False,False,False,7228.5,-4.5,5.0,22.25,0.5,2.225,86,7215.75,7214.25,7221.0,7214.25,40.0,2.0,1m,0.0
2018-08-06,2018,IS,1,bull,B,2018-08-06 08:03:00-04:00,2018-08-06 08:04:00-04:00,2018-08-06 09:00:00-04:00,7408.75,7393.75,7438.75,15.0,7393.75,-15.25,-1.0166666666666666,stop,False,False,False,7399.25,9.5,16.0,0.75,1.0666666666666667,0.05,56,7403.25,7394.0,7408.25,7406.75,40.0,2.0,1m,0.0
2018-08-08,2018,IS,1,bull,B,2018-08-08 10:10:00-04:00,2018-08-08 10:11:00-04:00,2018-08-08 10:19:00-04:00,7475.5,7463.75,7499.0,11.75,7463.75,-12.0,-1.0212765957446808,stop,False,False,False,7463.25,12.25,13.25,0.0,1.127659574468085,0.0,8,7468.75,7464.0,7474.0,7472.5,40.0,2.0,1m,0.0
2018-08-10,2018,IS,1,bull,C,2018-08-10 09:08:00-04:00,2018-08-10 09:09:00-04:00,2018-08-10 09:45:00-04:00,7427.25,7417.75,7446.25,9.5,7446.25,18.75,1.9736842105263157,target,False,False,False,7423.75,3.5,8.0,19.5,0.8421052631578947,2.0526315789473686,36,7424.25,7418.0,7422.75,7418.0,40.0,2.0,1m,0.0
2018-08-14,2018,IS,1,bull,C,2018-08-14 09:59:00-04:00,2018-08-14 10:00:00-04:00,2018-08-14 10:04:00-04:00,7419.75,7409.25,7440.75,10.5,7409.25,-10.75,-1.0238095238095237,stop,False,False,False,7437.0,-17.25,18.5,1.0,1.7619047619047619,0.09523809523809523,4,7419.0,7409.5,7417.25,7413.0,40.0,2.0,1m,0.0
2018-08-17,2018,IS,1,bull,B,2018-08-17 09:38:00-04:00,2018-08-17 09:39:00-04:00,2018-08-17 09:45:00-04:00,7378.5,7364.0,7407.5,14.5,7364.0,-14.75,-1.0172413793103448,stop,False,False,False,7366.5,12.0,15.5,3.75,1.0689655172413792,0.25862068965517243,6,7368.5,7364.25,7374.5,7372.25,40.0,2.0,1m,0.0
2018-08-20,2018,IS,1,bull,C,2018-08-20 13:29:00-04:00,2018-08-20 13:30:00-04:00,2018-08-20 16:00:00-04:00,7386.25,7351.25,7456.25,35.0,7380.75,-5.75,-0.16428571428571428,time_exit,False,False,False,7405.25,-19.0,7.5,11.0,0.21428571428571427,0.3142857142857143,150,7386.0,7351.5,7381.5,7379.5,40.0,2.0,1m,0.0
2018-08-22,2018,IS,1,bull,A,2018-08-22 08:00:00-04:00,2018-08-22 08:01:00-04:00,2018-08-22 16:00:00-04:00,7393.5,7351.75,7477.0,41.75,7435.5,41.75,1.0,time_exit,False,False,False,7390.75,2.75,14.75,51.25,0.3532934131736527,1.2275449101796407,479,7369.0,7352.0,7381.25,7379.75,40.0,2.0,1m,0.0
2018-08-23,2018,IS,1,bull,B,2018-08-23 08:00:00-04:00,2018-08-23 08:01:00-04:00,2018-08-23 09:42:00-04:00,7428.5,7416.0,7453.5,12.5,7453.5,24.75,1.98,target,False,False,False,7422.75,5.75,10.5,25.5,0.84,2.04,101,7417.0,7416.25,7427.25,7425.75,40.0,2.0,1m,0.0
2018-09-24,2018,IS,-1,bear,C,2018-09-24 10:38:00-04:00,2018-09-24 10:39:00-04:00,2018-09-24 11:19:00-04:00,7529.75,7543.25,7502.75,13.5,7543.25,-13.75,-1.0185185185185186,stop,False,False,False,7505.75,-24.0,16.25,12.75,1.2037037037037037,0.9444444444444444,40,7540.5,7543.0,7543.0,7535.25,40.0,2.0,1m,0.0
2018-09-26,2018,IS,-1,bear,B,2018-09-26 08:04:00-04:00,2018-09-26 08:05:00-04:00,2018-09-26 11:01:00-04:00,7605.25,7629.25,7557.25,24.0,7629.25,-24.25,-1.0104166666666667,stop,False,False,False,7596.5,-8.75,25.5,12.5,1.0625,0.5208333333333334,176,7624.75,7629.0,7607.25,7606.5,40.0,2.0,1m,0.0
2018-09-27,2018,IS,-1,bear,C,2018-09-27 08:20:00-04:00,2018-09-27 08:21:00-04:00,2018-09-27 08:51:00-04:00,7612.25,7618.5,7599.75,6.25,7618.5,-6.5,-1.04,stop,False,False,False,7626.25,14.0,7.75,6.0,1.24,0.96,30,7615.5,7618.25,7618.25,7614.25,40.0,2.0,1m,0.0
2018-10-02,2018,IS,-1,bear,C,2018-10-02 10:05:00-04:00,2018-10-02 10:06:00-04:00,2018-10-02 10:35:00-04:00,7668.0,7683.0,7638.0,15.0,7683.0,-15.25,-1.0166666666666666,stop,False,False,False,7661.75,-6.25,16.5,7.25,1.1,0.48333333333333334,29,7677.75,7682.75,7682.75,7672.25,40.0,2.0,1m,0.0
2018-10-03,2018,IS,-1,bear,C,2018-10-03 08:22:00-04:00,2018-10-03 08:23:00-04:00,2018-10-03 08:40:00-04:00,7680.75,7684.0,7674.25,3.25,7684.0,-3.5,-1.0769230769230769,stop,False,False,False,7685.0,4.25,4.25,3.0,1.3076923076923077,0.9230769230769231,17,7682.5,7683.75,7683.5,7682.25,40.0,2.0,1m,0.0
2018-10-05,2018,IS,1,bull,B,2018-10-05 08:00:00-04:00,2018-10-05 08:01:00-04:00,2018-10-05 08:38:00-04:00,7504.75,7479.25,7555.75,25.5,7479.25,-25.75,-1.0098039215686274,stop,False,False,False,7510.0,-5.25,26.0,21.75,1.0196078431372548,0.8529411764705882,37,7502.75,7479.5,7503.25,7500.75,40.0,2.0,1m,0.0
2018-10-08,2018,IS,1,bull,B,2018-10-08 09:53:00-04:00,2018-10-08 09:54:00-04:00,2018-10-08 11:01:00-04:00,7423.0,7386.75,7495.5,36.25,7386.75,-36.5,-1.006896551724138,stop,False,False,False,7386.5,36.5,36.25,16.0,1.0,0.4413793103448276,67,7412.75,7387.0,7421.5,7420.0,40.0,2.0,1m,0.0
2018-10-10,2018,IS,-1,bear,B,2018-10-10 08:00:00-04:00,2018-10-10 08:01:00-04:00,2018-10-10 09:56:00-04:00,7361.25,7412.25,7259.25,51.0,7259.25,101.75,1.9950980392156863,target,False,False,False,7353.25,-8.0,8.25,102.5,0.16176470588235295,2.0098039215686274,115,7410.75,7412.0,7369.25,7367.5,40.0,2.0,1m,0.0
2018-10-17,2018,IS,-1,bear,B,2018-10-17 08:02:00-04:00,2018-10-17 08:03:00-04:00,2018-10-17 16:00:00-04:00,7315.0,7368.75,7207.5,53.75,7297.0,17.75,0.3302325581395349,time_exit,False,False,False,7330.75,15.75,20.0,93.5,0.37209302325581395,1.7395348837209301,477,7349.5,7368.5,7318.75,7316.75,40.0,2.0,1m,0.0
2018-10-19,2018,IS,-1,bear,C,2018-10-19 11:23:00-04:00,2018-10-19 11:24:00-04:00,2018-10-19 16:00:00-04:00,7193.0,7244.5,7090.0,51.5,7119.25,73.5,1.4271844660194175,time_exit,False,False,False,7175.0,-18.0,1.25,100.25,0.024271844660194174,1.9466019417475728,276,7196.0,7244.25,7208.5,7204.25,40.0,2.0,1m,0.0
2018-10-22,2018,IS,-1,bear,C,2018-10-22 09:37:00-04:00,2018-10-22 09:38:00-04:00,2018-10-22 09:52:00-04:00,7162.75,7183.25,7121.75,20.5,7121.75,40.75,1.9878048780487805,target,False,False,False,7160.5,-2.25,1.5,45.75,0.07317073170731707,2.231707317073171,14,7176.75,7183.0,7183.0,7165.75,40.0,2.0,1m,0.0
2018-10-24,2018,IS,-1,bear,A,2018-10-24 08:00:00-04:00,2018-10-24 08:01:00-04:00,2018-10-24 09:49:00-04:00,7143.75,7175.25,7080.75,31.5,7080.75,62.75,1.992063492063492,target,False,False,False,7121.0,-22.75,5.0,63.5,0.15873015873015872,2.015873015873016,108,7164.0,7175.0,7157.0,7153.25,40.0,2.0,1m,0.0
2018-10-26,2018,IS,-1,bear,C,2018-10-26 12:22:00-04:00,2018-10-26 12:23:00-04:00,2018-10-26 12:31:00-04:00,6881.75,6905.5,6834.25,23.75,6905.5,-24.0,-1.0105263157894737,stop,False,False,False,6791.5,-90.25,27.75,3.5,1.168421052631579,0.14736842105263157,8,6900.0,6905.25,6905.25,6884.0,40.0,2.0,1m,0.0
2018-10-29,2018,IS,1,bull,C,2018-10-29 11:23:00-04:00,2018-10-29 11:24:00-04:00,2018-10-29 11:56:00-04:00,6883.25,6868.75,6912.25,14.5,6868.75,-14.75,-1.0172413793103448,stop,False,False,False,6952.5,-69.25,19.75,23.75,1.3620689655172413,1.6379310344827587,32,6880.0,6869.0,6878.5,6869.0,40.0,2.0,1m,0.0
2018-11-01,2018,IS,-1,bear,B,2018-11-01 08:13:00-04:00,2018-11-01 08:14:00-04:00,2018-11-01 09:49:00-04:00,6993.75,7016.0,6949.25,22.25,6949.25,44.25,1.9887640449438202,target,False,False,False,6990.25,-3.5,19.75,45.25,0.8876404494382022,2.033707865168539,95,7008.0,7015.75,6998.75,6996.5,40.0,2.0,1m,0.0
2018-11-05,2018,IS,-1,bear,B,2018-11-05 08:03:00-05:00,2018-11-05 08:04:00-05:00,2018-11-05 10:02:00-05:00,6964.5,6998.75,6896.0,34.25,6896.0,68.25,1.9927007299270072,target,False,False,False,6969.75,5.25,7.5,71.5,0.21897810218978103,2.0875912408759123,118,6978.0,6998.5,6974.25,6968.0,40.0,2.0,1m,0.0
2018-11-06,2018,IS,-1,bear,C,2018-11-06 11:02:00-05:00,2018-11-06 11:03:00-05:00,2018-11-06 16:00:00-05:00,6967.5,7035.0,6832.5,67.5,6995.75,-28.5,-0.4222222222222222,time_exit,False,False,False,6941.0,-26.5,38.5,35.25,0.5703703703703704,0.5222222222222223,297,6969.5,7034.75,6981.25,6976.25,40.0,2.0,1m,0.0
2018-11-08,2018,IS,-1,bear,A,2018-11-08 08:00:00-05:00,2018-11-08 08:01:00-05:00,2018-11-08 16:00:00-05:00,7185.25,7231.25,7093.25,46.0,7168.25,16.75,0.3641304347826087,time_exit,False,False,False,7179.5,-5.75,17.25,53.25,0.375,1.1576086956521738,479,7225.0,7231.0,7201.0,7197.25,40.0,2.0,1m,0.0
2018-11-30,2018,IS,-1,bear,C,2018-11-30 09:01:00-05:00,2018-11-30 09:02:00-05:00,2018-11-30 09:33:00-05:00,6908.25,6917.75,6889.25,9.5,6889.25,18.75,1.9736842105263157,target,False,False,False,6906.75,-1.5,5.75,23.5,0.6052631578947368,2.473684210526316,31,6914.5,6917.5,6917.5,6910.5,40.0,2.0,1m,0.0
2018-12-07,2018,IS,1,bull,C,2018-12-07 10:18:00-05:00,2018-12-07 10:19:00-05:00,2018-12-07 10:24:00-05:00,6774.5,6756.0,6811.5,18.5,6756.0,-18.75,-1.0135135135135136,stop,False,False,False,6811.25,-36.75,26.25,1.25,1.4189189189189189,0.06756756756756757,5,6764.5,6756.25,6769.25,6756.25,40.0,2.0,1m,0.0
2018-12-13,2018,IS,-1,bear,B,2018-12-13 09:55:00-05:00,2018-12-13 09:56:00-05:00,2018-12-13 10:13:00-05:00,6780.5,6838.0,6665.5,57.5,6838.0,-57.75,-1.0043478260869565,stop,False,False,False,6807.0,26.5,58.0,0.0,1.008695652173913,0.0,17,6815.0,6837.75,6787.25,6783.5,40.0,2.0,1m,0.0
2018-12-19,2018,IS,1,bull,C,2018-12-19 14:15:00-05:00,2018-12-19 14:16:00-05:00,2018-12-19 14:31:00-05:00,6468.25,6438.25,6528.25,30.0,6528.25,59.75,1.9916666666666667,target,False,False,False,6506.0,-37.75,11.25,61.25,0.375,2.0416666666666665,15,6458.5,6438.5,6455.0,6438.5,40.0,2.0,1m,0.0
2018-12-28,2018,IS,-1,bear,A,2018-12-28 09:33:00-05:00,2018-12-28 09:34:00-05:00,2018-12-28 09:47:00-05:00,6312.25,6347.75,6241.25,35.5,6347.75,-35.75,-1.0070422535211268,stop,False,False,False,6339.5,27.25,36.5,27.25,1.028169014084507,0.7676056338028169,13,6333.0,6347.5,6318.25,6315.5,40.0,2.0,1m,0.0
2018-12-31,2018,IS,-1,bear,C,2018-12-31 09:44:00-05:00,2018-12-31 09:45:00-05:00,2018-12-31 09:52:00-05:00,6362.25,6375.25,6336.25,13.0,6336.25,25.75,1.9807692307692308,target,False,False,False,6355.75,-6.5,6.25,30.5,0.4807692307692308,2.3461538461538463,7,6372.75,6375.0,6375.0,6363.75,40.0,2.0,1m,0.0
2019-01-02,2019,IS,-1,bear,A,2019-01-02 08:00:00-05:00,2019-01-02 08:01:00-05:00,2019-01-02 13:05:00-05:00,6201.25,6386.5,5830.75,185.25,6386.5,-185.5,-1.001349527665317,stop,False,False,False,6210.25,9.0,193.0,15.0,1.0418353576248314,0.08097165991902834,304,6376.75,6386.25,6260.75,6254.5,40.0,2.0,1m,0.0
2019-01-03,2019,IS,-1,bear,C,2019-01-03 08:16:00-05:00,2019-01-03 08:17:00-05:00,2019-01-03 08:18:00-05:00,6252.0,6259.25,6237.5,7.25,6259.25,-7.5,-1.0344827586206897,stop,False,False,False,6277.75,25.75,15.5,0.0,2.1379310344827585,0.0,1,6254.0,6259.0,6259.0,6255.0,40.0,2.0,1m,0.0
2019-01-07,2019,IS,-1,bear,A,2019-01-07 08:00:00-05:00,2019-01-07 08:01:00-05:00,2019-01-07 11:44:00-05:00,6432.75,6495.75,6306.75,63.0,6495.75,-63.25,-1.003968253968254,stop,False,False,False,6441.25,8.5,65.75,17.75,1.0436507936507937,0.28174603174603174,223,6462.0,6495.5,6455.0,6453.75,40.0,2.0,1m,0.0
2019-01-08,2019,IS,-1,bear,C,2019-01-08 09:48:00-05:00,2019-01-08 09:49:00-05:00,2019-01-08 10:14:00-05:00,6550.75,6561.0,6530.25,10.25,6530.25,20.25,1.975609756097561,target,False,False,False,6564.5,13.75,8.25,26.75,0.8048780487804879,2.6097560975609757,25,6557.75,6560.75,6560.75,6555.5,40.0,2.0,1m,0.0
2019-01-09,2019,IS,-1,bear,C,2019-01-09 09:57:00-05:00,2019-01-09 09:58:00-05:00,2019-01-09 10:00:00-05:00,6604.25,6613.5,6585.75,9.25,6613.5,-9.5,-1.027027027027027,stop,False,False,False,6584.75,-19.5,10.5,3.75,1.135135135135135,0.40540540540540543,2,6609.5,6613.25,6613.25,6607.5,40.0,2.0,1m,0.0
2019-01-10,2019,IS,-1,bear,C,2019-01-10 11:07:00-05:00,2019-01-10 11:08:00-05:00,2019-01-10 11:25:00-05:00,6599.75,6606.0,6587.25,6.25,6587.25,12.25,1.96,target,False,False,False,6563.75,-36.0,5.25,16.75,0.84,2.68,17,6604.5,6605.75,6605.75,6601.25,40.0,2.0,1m,0.0
2019-01-11,2019,IS,-1,bear,B,2019-01-11 08:00:00-05:00,2019-01-11 08:01:00-05:00,2019-01-11 16:00:00-05:00,6597.75,6632.75,6527.75,35.0,6613.0,-15.5,-0.44285714285714284,time_exit,False,False,False,6594.0,-3.75,18.75,25.75,0.5357142857142857,0.7357142857142858,479,6631.75,6632.5,6605.75,6603.5,40.0,2.0,1m,0.0
2019-01-17,2019,IS,1,bull,B,2019-01-17 08:00:00-05:00,2019-01-17 08:01:00-05:00,2019-01-17 14:39:00-05:00,6644.25,6612.0,6708.75,32.25,6708.75,64.25,1.9922480620155039,target,False,False,False,6655.25,-11.0,2.25,65.5,0.06976744186046512,2.0310077519379846,398,6640.5,6612.25,6643.0,6642.0,40.0,2.0,1m,0.0
2019-01-21,2019,IS,1,bull,B,2019-01-21 08:08:00-05:00,2019-01-21 08:09:00-05:00,2019-01-21 09:36:00-05:00,6766.0,6746.5,6805.0,19.5,6746.5,-19.75,-1.0128205128205128,stop,False,False,False,6768.25,-2.25,21.75,5.75,1.1153846153846154,0.2948717948717949,87,6756.75,6746.75,6765.25,6763.75,40.0,2.0,1m,0.0
2019-01-22,2019,IS,1,bull,B,2019-01-22 08:00:00-05:00,2019-01-22 08:01:00-05:00,2019-01-22 09:50:00-05:00,6741.75,6721.0,6783.25,20.75,6721.0,-21.0,-1.0120481927710843,stop,False,False,False,6744.75,-3.0,24.75,7.0,1.1927710843373494,0.3373493975903614,109,6722.75,6721.25,6740.25,6738.5,40.0,2.0,1m,0.0
2019-01-23,2019,IS,1,bull,B,2019-01-23 08:01:00-05:00,2019-01-23 08:02:00-05:00,2019-01-23 11:26:00-05:00,6690.0,6638.0,6794.0,52.0,6638.0,-52.25,-1.0048076923076923,stop,False,False,False,6692.75,-2.75,55.75,34.25,1.0721153846153846,0.6586538461538461,204,6640.0,6638.25,6688.75,6686.5,40.0,2.0,1m,0.0
2019-01-28,2019,IS,1,bull,C,2019-01-28 08:40:00-05:00,2019-01-28 08:41:00-05:00,2019-01-28 09:01:00-05:00,6747.0,6741.75,6757.5,5.25,6741.75,-5.5,-1.0476190476190477,stop,False,False,False,6700.5,46.5,13.25,6.5,2.5238095238095237,1.2380952380952381,20,6743.25,6742.0,6745.5,6742.0,40.0,2.0,1m,0.0
2019-02-04,2019,IS,1,bull,A,2019-02-04 08:00:00-05:00,2019-02-04 08:01:00-05:00,2019-02-04 11:03:00-05:00,6884.5,6858.0,6937.5,26.5,6937.5,52.75,1.990566037735849,target,False,False,False,6881.0,3.5,15.5,55.0,0.5849056603773585,2.0754716981132075,182,6860.5,6858.25,6879.25,6878.25,40.0,2.0,1m,0.0
2019-02-08,2019,IS,1,bull,C,2019-02-08 10:05:00-05:00,2019-02-08 10:06:00-05:00,2019-02-08 10:22:00-05:00,6857.5,6841.25,6890.0,16.25,6841.25,-16.5,-1.0153846153846153,stop,False,False,False,6848.75,8.75,16.5,11.5,1.0153846153846153,0.7076923076923077,16,6843.0,6841.5,6851.0,6841.5,40.0,2.0,1m,0.0
2019-02-15,2019,IS,-1,bear,C,2019-02-15 08:06:00-05:00,2019-02-15 08:07:00-05:00,2019-02-15 08:38:00-05:00,7041.5,7046.75,7031.0,5.25,7046.75,-5.5,-1.0476190476190477,stop,False,False,False,7083.0,41.5,6.5,8.5,1.2380952380952381,1.619047619047619,31,7043.5,7046.5,7045.5,7043.75,40.0,2.0,1m,0.0
2019-02-19,2019,IS,1,bull,C,2019-02-19 08:37:00-05:00,2019-02-19 08:38:00-05:00,2019-02-19 09:03:00-05:00,7043.75,7038.25,7054.75,5.5,7038.25,-5.75,-1.0454545454545454,stop,False,False,False,7035.75,8.0,6.5,1.75,1.1818181818181819,0.3181818181818182,25,7039.5,7038.5,7041.75,7038.5,40.0,2.0,1m,0.0
2019-02-20,2019,IS,1,bull,B,2019-02-20 08:00:00-05:00,2019-02-20 08:01:00-05:00,2019-02-20 10:30:00-05:00,7071.0,7057.0,7099.0,14.0,7099.0,27.75,1.9821428571428572,target,False,False,False,7077.75,-6.75,6.75,30.25,0.48214285714285715,2.1607142857142856,149,7060.0,7057.25,7068.5,7066.75,40.0,2.0,1m,0.0
2019-02-21,2019,IS,-1,bear,A,2019-02-21 08:00:00-05:00,2019-02-21 08:01:00-05:00,2019-02-21 16:00:00-05:00,7064.0,7114.0,6964.0,50.0,7042.5,21.25,0.425,time_exit,False,False,False,7049.25,-14.75,8.0,59.0,0.16,1.18,479,7105.0,7113.75,7099.5,7097.0,40.0,2.0,1m,0.0
2019-02-22,2019,IS,-1,bear,C,2019-02-22 10:05:00-05:00,2019-02-22 10:06:00-05:00,2019-02-22 10:49:00-05:00,7075.75,7082.75,7061.75,7.0,7082.75,-7.25,-1.0357142857142858,stop,False,False,False,7057.5,-18.25,7.75,12.75,1.1071428571428572,1.8214285714285714,43,7079.0,7082.5,7082.5,7078.0,40.0,2.0,1m,0.0
2019-02-27,2019,IS,1,bull,C,2019-02-27 11:36:00-05:00,2019-02-27 11:37:00-05:00,2019-02-27 13:23:00-05:00,7095.75,7085.75,7115.75,10.0,7115.75,19.75,1.975,target,False,False,False,7095.5,0.25,2.75,24.0,0.275,2.4,106,7089.0,7086.0,7094.5,7086.0,40.0,2.0,1m,0.0
2019-02-28,2019,IS,1,bull,B,2019-02-28 08:00:00-05:00,2019-02-28 08:01:00-05:00,2019-02-28 16:00:00-05:00,7101.25,7072.25,7159.25,29.0,7104.75,3.25,0.11206896551724138,time_exit,False,False,False,7099.5,1.75,16.75,29.5,0.5775862068965517,1.0172413793103448,479,7096.5,7072.5,7099.5,7098.75,40.0,2.0,1m,0.0
2019-03-05,2019,IS,-1,bear,B,2019-03-05 09:45:00-05:00,2019-03-05 09:46:00-05:00,2019-03-05 11:37:00-05:00,7140.5,7169.5,7082.5,29.0,7169.5,-29.25,-1.0086206896551724,stop,False,False,False,7157.75,17.25,32.25,16.25,1.1120689655172413,0.5603448275862069,111,7150.75,7169.25,7143.75,7142.5,40.0,2.0,1m,0.0
2019-03-06,2019,IS,-1,bear,B,2019-03-06 08:00:00-05:00,2019-03-06 08:01:00-05:00,2019-03-06 09:05:00-05:00,7147.5,7166.25,7110.0,18.75,7166.25,-19.0,-1.0133333333333334,stop,False,False,False,7165.25,17.75,19.25,1.25,1.0266666666666666,0.06666666666666667,64,7159.5,7166.0,7150.25,7149.0,40.0,2.0,1m,0.0
2019-03-07,2019,IS,-1,bear,C,2019-03-07 08:17:00-05:00,2019-03-07 08:18:00-05:00,2019-03-07 08:22:00-05:00,7112.25,7119.25,7098.25,7.0,7119.25,-7.25,-1.0357142857142858,stop,False,False,False,7098.25,-14.0,7.0,1.25,1.0,0.17857142857142858,4,7112.5,7119.0,7115.75,7114.5,40.0,2.0,1m,0.0
2019-03-12,2019,IS,1,bull,B,2019-03-12 08:00:00-04:00,2019-03-12 08:01:00-04:00,2019-03-12 10:35:00-04:00,7201.75,7187.75,7229.75,14.0,7229.75,27.75,1.9821428571428572,target,False,False,False,7208.25,-6.5,9.75,28.0,0.6964285714285714,2.0,154,7193.0,7188.0,7195.25,7194.25,40.0,2.0,1m,0.0
2019-03-26,2019,IS,1,bull,C,2019-03-26 14:37:00-04:00,2019-03-26 14:38:00-04:00,2019-03-26 15:30:00-04:00,7355.0,7345.25,7374.5,9.75,7345.25,-10.0,-1.0256410256410255,stop,False,False,False,7400.75,-45.75,14.5,16.25,1.4871794871794872,1.6666666666666667,52,7352.5,7345.5,7348.25,7345.5,40.0,2.0,1m,0.0
2019-03-27,2019,IS,1,bull,B,2019-03-27 08:00:00-04:00,2019-03-27 08:01:00-04:00,2019-03-27 10:43:00-04:00,7380.25,7359.25,7422.25,21.0,7359.25,-21.25,-1.0119047619047619,stop,False,False,False,7386.5,-6.25,26.5,24.5,1.2619047619047619,1.1666666666666667,162,7364.5,7359.5,7375.75,7374.25,40.0,2.0,1m,0.0
2019-04-08,2019,IS,1,bull,B,2019-04-08 11:25:00-04:00,2019-04-08 11:26:00-04:00,2019-04-08 16:00:00-04:00,7600.25,7585.25,7630.25,15.0,7624.0,23.5,1.5666666666666667,time_exit,False,False,False,7591.5,8.75,13.0,29.0,0.8666666666666667,1.9333333333333333,274,7588.0,7585.5,7598.0,7597.25,40.0,2.0,1m,0.0
2019-04-22,2019,IS,1,bull,C,2019-04-22 09:38:00-04:00,2019-04-22 09:39:00-04:00,2019-04-22 11:31:00-04:00,7687.0,7669.5,7722.0,17.5,7722.0,34.75,1.9857142857142858,target,False,False,False,7675.75,11.25,4.5,36.25,0.2571428571428571,2.0714285714285716,112,7682.75,7669.75,7679.5,7672.5,40.0,2.0,1m,0.0
2019-04-29,2019,IS,1,bull,C,2019-04-29 10:09:00-04:00,2019-04-29 10:10:00-04:00,2019-04-29 10:35:00-04:00,7834.75,7827.0,7850.25,7.75,7850.25,15.25,1.967741935483871,target,False,False,False,7838.75,-4.0,1.0,16.0,0.12903225806451613,2.064516129032258,25,7827.5,7827.25,7832.5,7827.25,40.0,2.0,1m,0.0
2019-04-30,2019,IS,1,bull,C,2019-04-30 09:33:00-04:00,2019-04-30 09:34:00-04:00,2019-04-30 10:27:00-04:00,7802.5,7776.25,7855.0,26.25,7776.25,-26.5,-1.0095238095238095,stop,False,False,False,7791.25,11.25,26.5,4.25,1.0095238095238095,0.1619047619047619,53,7779.0,7776.5,7793.0,7776.5,40.0,2.0,1m,0.0
2019-05-01,2019,IS,1,bull,C,2019-05-01 09:41:00-04:00,2019-05-01 09:42:00-04:00,2019-05-01 09:44:00-04:00,7845.75,7838.25,7860.75,7.5,7838.25,-7.75,-1.0333333333333334,stop,False,False,False,7844.5,1.25,11.0,2.0,1.4666666666666666,0.26666666666666666,2,7839.0,7838.5,7844.0,7838.5,40.0,2.0,1m,0.0
2019-05-02,2019,IS,1,bull,A,2019-05-02 08:00:00-04:00,2019-05-02 08:01:00-04:00,2019-05-02 11:29:00-04:00,7776.75,7731.75,7866.75,45.0,7731.75,-45.25,-1.0055555555555555,stop,False,False,False,7765.5,11.25,46.25,28.25,1.0277777777777777,0.6277777777777778,208,7736.0,7732.0,7766.25,7765.75,40.0,2.0,1m,0.0
2019-05-07,2019,IS,1,bull,C,2019-05-07 08:07:00-04:00,2019-05-07 08:08:00-04:00,2019-05-07 08:36:00-04:00,7732.0,7724.75,7746.5,7.25,7746.5,14.25,1.9655172413793103,target,False,False,False,7720.0,12.0,1.25,14.5,0.1724137931034483,2.0,28,7726.5,7725.0,7729.0,7725.0,40.0,2.0,1m,0.0
2019-05-08,2019,IS,1,bull,C,2019-05-08 08:49:00-04:00,2019-05-08 08:50:00-04:00,2019-05-08 09:40:00-04:00,7640.5,7603.75,7714.0,36.75,7603.75,-37.0,-1.0068027210884354,stop,False,False,False,7629.25,11.25,40.5,10.5,1.1020408163265305,0.2857142857142857,50,7605.0,7604.0,7610.25,7604.0,40.0,2.0,1m,0.0
2019-05-10,2019,IS,1,bull,C,2019-05-10 09:03:00-04:00,2019-05-10 09:04:00-04:00,2019-05-10 10:12:00-04:00,7554.0,7524.75,7612.5,29.25,7524.75,-29.5,-1.0085470085470085,stop,False,False,False,7563.0,-9.0,29.5,34.25,1.0085470085470085,1.170940170940171,68,7532.5,7525.0,7550.0,7525.0,40.0,2.0,1m,0.0
2019-05-28,2019,IS,1,bull,B,2019-05-28 08:02:00-04:00,2019-05-28 08:03:00-04:00,2019-05-28 15:35:00-04:00,7328.75,7291.0,7404.25,37.75,7291.0,-38.0,-1.0066225165562914,stop,False,False,False,7329.0,-0.25,37.75,43.0,1.0,1.1390728476821192,452,7311.5,7291.25,7326.75,7324.25,40.0,2.0,1m,0.0
2019-05-29,2019,IS,1,bull,C,2019-05-29 09:41:00-04:00,2019-05-29 09:42:00-04:00,2019-05-29 10:14:00-04:00,7222.75,7212.25,7243.75,10.5,7243.75,20.75,1.9761904761904763,target,False,False,False,7240.0,-17.25,6.0,22.0,0.5714285714285714,2.0952380952380953,32,7218.25,7212.5,7221.0,7212.5,40.0,2.0,1m,0.0
2019-07-02,2019,IS,-1,bear,C,2019-07-02 10:44:00-04:00,2019-07-02 10:45:00-04:00,2019-07-02 12:36:00-04:00,7796.0,7809.25,7769.5,13.25,7769.5,26.25,1.9811320754716981,target,False,False,False,7790.25,-5.75,9.75,26.75,0.7358490566037735,2.018867924528302,111,7799.25,7809.0,7805.75,7804.0,40.0,2.0,1m,0.0
2019-08-01,2019,IS,1,bull,C,2019-08-01 14:13:00-04:00,2019-08-01 14:14:00-04:00,2019-08-01 14:23:00-04:00,7831.5,7805.25,7884.0,26.25,7805.25,-26.5,-1.0095238095238095,stop,False,False,False,7871.0,-39.5,34.0,15.0,1.2952380952380953,0.5714285714285714,9,7819.5,7805.5,7821.75,7805.5,40.0,2.0,1m,0.0
2019-08-27,2019,IS,1,bull,B,2019-08-27 08:04:00-04:00,2019-08-27 08:05:00-04:00,2019-08-27 12:43:00-04:00,7609.0,7547.5,7732.0,61.5,7547.5,-61.75,-1.0040650406504066,stop,False,False,False,7634.0,-25.0,61.75,39.5,1.0040650406504066,0.6422764227642277,278,7567.75,7547.75,7607.75,7605.0,40.0,2.0,1m,0.0
2019-08-28,2019,IS,1,bull,C,2019-08-28 08:16:00-04:00,2019-08-28 08:17:00-04:00,2019-08-28 09:32:00-04:00,7536.25,7521.5,7565.75,14.75,7521.5,-15.0,-1.0169491525423728,stop,False,False,False,7541.5,-5.25,20.25,28.5,1.3728813559322033,1.9322033898305084,75,7536.0,7521.75,7534.0,7524.25,40.0,2.0,1m,0.0
2019-09-02,2019,IS,1,bull,C,2019-09-02 11:59:00-04:00,2019-09-02 12:00:00-04:00,2019-09-02 12:59:00-04:00,7628.5,7580.5,7724.5,48.0,7612.25,-16.5,-0.34375,time_exit,False,False,False,7662.0,-33.5,20.25,4.5,0.421875,0.09375,59,7593.0,7580.75,7619.5,7580.75,40.0,2.0,1m,0.0
2019-09-03,2019,IS,1,bull,B,2019-09-03 08:01:00-04:00,2019-09-03 08:02:00-04:00,2019-09-03 13:44:00-04:00,7632.75,7593.0,7712.25,39.75,7593.0,-40.0,-1.0062893081761006,stop,False,False,False,7638.25,-5.5,40.5,44.0,1.0188679245283019,1.1069182389937107,342,7605.0,7593.25,7628.75,7626.25,40.0,2.0,1m,0.0
2019-09-10,2019,IS,1,bull,C,2019-09-10 10:28:00-04:00,2019-09-10 10:29:00-04:00,2019-09-10 16:00:00-04:00,7784.5,7744.0,7865.5,40.5,7818.5,33.75,0.8333333333333334,time_exit,False,False,False,7796.75,-12.25,33.0,34.75,0.8148148148148148,0.8580246913580247,331,7781.75,7744.25,7770.5,7764.25,40.0,2.0,1m,0.0
2019-09-12,2019,IS,-1,bear,C,2019-09-12 10:14:00-04:00,2019-09-12 10:15:00-04:00,2019-09-12 16:00:00-04:00,7952.75,7983.0,7892.25,30.25,7920.5,32.0,1.0578512396694215,time_exit,False,False,False,7937.25,-15.5,27.75,37.0,0.9173553719008265,1.2231404958677685,345,7962.0,7982.75,7982.75,7965.25,40.0,2.0,1m,0.0
2019-09-17,2019,IS,1,bull,B,2019-09-17 09:31:00-04:00,2019-09-17 09:32:00-04:00,2019-09-17 16:00:00-04:00,7882.5,7850.5,7946.5,32.0,7914.5,31.75,0.9921875,time_exit,False,False,False,7879.25,3.25,20.0,35.25,0.625,1.1015625,388,7860.75,7850.75,7880.5,7880.0,40.0,2.0,1m,0.0
2019-09-18,2019,IS,1,bull,C,2019-09-18 09:39:00-04:00,2019-09-18 09:40:00-04:00,2019-09-18 09:45:00-04:00,7898.25,7885.5,7923.75,12.75,7885.5,-13.0,-1.0196078431372548,stop,False,False,False,7901.25,-3.0,13.75,0.0,1.0784313725490196,0.0,5,7887.25,7885.75,7894.75,7885.75,40.0,2.0,1m,0.0
2019-09-19,2019,IS,1,bull,B,2019-09-19 08:04:00-04:00,2019-09-19 08:05:00-04:00,2019-09-19 16:00:00-04:00,7902.25,7852.25,8002.25,50.0,7923.75,21.25,0.425,time_exit,False,False,False,7925.0,-22.75,4.25,71.5,0.085,1.43,475,7870.0,7852.5,7900.75,7899.0,40.0,2.0,1m,0.0
2019-09-20,2019,IS,1,bull,C,2019-09-20 10:59:00-04:00,2019-09-20 11:00:00-04:00,2019-09-20 11:02:00-04:00,7916.75,7911.0,7928.25,5.75,7911.0,-6.0,-1.0434782608695652,stop,False,False,False,7934.75,-18.0,6.5,0.0,1.1304347826086956,0.0,2,7913.25,7911.25,7913.75,7911.25,40.0,2.0,1m,0.0
2019-09-23,2019,IS,1,bull,C,2019-09-23 10:16:00-04:00,2019-09-23 10:17:00-04:00,2019-09-23 10:23:00-04:00,7820.0,7813.25,7833.5,6.75,7833.5,13.25,1.962962962962963,target,False,False,False,7833.75,-13.75,3.25,16.5,0.48148148148148145,2.4444444444444446,6,7814.0,7813.5,7818.25,7813.5,40.0,2.0,1m,0.0
2019-09-24,2019,IS,1,bull,B,2019-09-24 08:00:00-04:00,2019-09-24 08:01:00-04:00,2019-09-24 10:15:00-04:00,7881.0,7862.5,7918.0,18.5,7862.5,-18.75,-1.0135135135135136,stop,False,False,False,7877.0,4.0,24.0,13.0,1.2972972972972974,0.7027027027027027,134,7865.25,7862.75,7879.25,7878.75,40.0,2.0,1m,0.0
2019-09-25,2019,IS,1,bull,C,2019-09-25 10:04:00-04:00,2019-09-25 10:05:00-04:00,2019-09-25 11:15:00-04:00,7696.75,7662.75,7764.75,34.0,7764.75,67.75,1.9926470588235294,target,False,False,False,7727.25,-30.5,10.5,69.75,0.3088235294117647,2.051470588235294,70,7683.25,7663.0,7688.5,7663.0,40.0,2.0,1m,0.0
2019-09-27,2019,IS,1,bull,C,2019-09-27 10:28:00-04:00,2019-09-27 10:29:00-04:00,2019-09-27 11:02:00-04:00,7764.25,7752.0,7788.75,12.25,7788.75,24.25,1.9795918367346939,target,False,False,False,7805.25,-41.0,10.0,25.5,0.8163265306122449,2.0816326530612246,33,7753.5,7752.25,7762.75,7752.25,40.0,2.0,1m,0.0
2019-10-04,2019,IS,1,bull,B,2019-10-04 08:00:00-04:00,2019-10-04 08:01:00-04:00,2019-10-04 08:30:00-04:00,7640.5,7623.75,7674.0,16.75,7674.0,33.25,1.9850746268656716,target,False,False,False,7687.75,-47.25,11.5,39.5,0.6865671641791045,2.3582089552238807,29,7638.25,7624.0,7638.25,7637.5,40.0,2.0,1m,0.0
2019-10-08,2019,IS,1,bull,C,2019-10-08 09:45:00-04:00,2019-10-08 09:46:00-04:00,2019-10-08 09:49:00-04:00,7676.25,7662.25,7704.25,14.0,7662.25,-14.25,-1.0178571428571428,stop,False,False,False,7685.5,-9.25,17.5,0.0,1.25,0.0,3,7665.5,7662.5,7673.25,7662.5,40.0,2.0,1m,0.0
2019-10-09,2019,IS,1,bull,A,2019-10-09 08:00:00-04:00,2019-10-09 08:01:00-04:00,2019-10-09 16:00:00-04:00,7702.5,7604.25,7899.0,98.25,7701.0,-1.75,-0.017811704834605598,time_exit,False,False,False,7684.25,18.25,40.75,29.5,0.41475826972010177,0.30025445292620867,479,7613.5,7604.5,7628.5,7625.75,40.0,2.0,1m,0.0
2019-10-10,2019,IS,1,bull,A,2019-10-10 08:01:00-04:00,2019-10-10 08:02:00-04:00,2019-10-10 16:00:00-04:00,7691.25,7583.0,7907.75,108.25,7754.5,63.0,0.581986143187067,time_exit,False,False,False,7696.5,-5.25,6.25,95.0,0.057736720554272515,0.8775981524249422,478,7604.5,7583.25,7688.0,7686.75,40.0,2.0,1m,0.0
2019-10-15,2019,IS,-1,bear,B,2019-10-15 08:00:00-04:00,2019-10-15 08:01:00-04:00,2019-10-15 10:11:00-04:00,7873.25,7908.5,7802.75,35.25,7908.5,-35.5,-1.0070921985815602,stop,False,False,False,7875.75,2.5,37.5,2.75,1.0638297872340425,0.07801418439716312,130,7882.25,7908.25,7876.75,7874.0,40.0,2.0,1m,0.0
2019-10-18,2019,IS,-1,bear,B,2019-10-18 08:02:00-04:00,2019-10-18 08:03:00-04:00,2019-10-18 09:26:00-04:00,7952.25,7957.75,7941.25,5.5,7941.25,10.75,1.9545454545454546,target,False,False,False,7943.0,-9.25,5.0,11.75,0.9090909090909091,2.1363636363636362,83,7954.5,7957.5,7954.25,7953.5,40.0,2.0,1m,0.0
2019-10-21,2019,IS,-1,bear,B,2019-10-21 10:03:00-04:00,2019-10-21 10:04:00-04:00,2019-10-21 10:18:00-04:00,7904.0,7913.75,7884.5,9.75,7913.75,-10.0,-1.0256410256410255,stop,False,False,False,7914.25,10.25,10.25,10.5,1.0512820512820513,1.0769230769230769,14,7910.0,7913.5,7908.25,7906.5,40.0,2.0,1m,0.0
2019-10-22,2019,IS,-1,bear,C,2019-10-22 09:35:00-04:00,2019-10-22 09:36:00-04:00,2019-10-22 09:42:00-04:00,7972.75,7985.0,7948.25,12.25,7985.0,-12.5,-1.0204081632653061,stop,False,False,False,7972.75,-0.0,12.25,2.0,1.0,0.16326530612244897,6,7979.25,7984.75,7983.5,7979.25,40.0,2.0,1m,0.0
2019-10-23,2019,IS,-1,bear,B,2019-10-23 08:05:00-04:00,2019-10-23 08:06:00-04:00,2019-10-23 09:30:00-04:00,7846.75,7872.25,7795.75,25.5,7872.25,-25.75,-1.0098039215686274,stop,False,False,False,7864.5,17.75,27.25,0.0,1.0686274509803921,0.0,84,7860.75,7872.0,7851.25,7848.25,40.0,2.0,1m,0.0
2019-10-25,2019,IS,-1,bear,B,2019-10-25 08:00:00-04:00,2019-10-25 08:01:00-04:00,2019-10-25 09:31:00-04:00,7933.5,7946.75,7907.0,13.25,7946.75,-13.5,-1.0188679245283019,stop,False,False,False,7930.5,-3.0,14.25,12.5,1.0754716981132075,0.9433962264150944,90,7938.5,7946.5,7943.5,7940.5,40.0,2.0,1m,0.0
2019-10-30,2019,IS,1,bull,A,2019-10-30 08:00:00-04:00,2019-10-30 08:01:00-04:00,2019-10-30 09:38:00-04:00,8068.0,8046.0,8112.0,22.0,8046.0,-22.25,-1.0113636363636365,stop,False,False,False,8068.0,0.0,24.75,7.25,1.125,0.32954545454545453,97,8050.75,8046.25,8052.0,8051.75,40.0,2.0,1m,0.0
2019-10-31,2019,IS,-1,bear,B,2019-10-31 09:31:00-04:00,2019-10-31 09:32:00-04:00,2019-10-31 16:00:00-04:00,8091.75,8139.25,7996.75,47.5,8090.75,0.75,0.015789473684210527,time_exit,False,False,False,8113.0,21.25,25.75,45.75,0.5421052631578948,0.9631578947368421,388,8133.5,8139.0,8096.75,8093.25,40.0,2.0,1m,0.0
2019-11-01,2019,IS,-1,bear,B,2019-11-01 08:01:00-04:00,2019-11-01 08:02:00-04:00,2019-11-01 08:31:00-04:00,8095.75,8125.0,8037.25,29.25,8125.0,-29.5,-1.0085470085470085,stop,False,False,False,8127.25,31.5,31.25,1.5,1.0683760683760684,0.05128205128205128,29,8121.75,8124.75,8098.25,8097.0,40.0,2.0,1m,0.0
2019-11-14,2019,IS,1,bull,C,2019-11-14 09:00:00-05:00,2019-11-14 09:01:00-05:00,2019-11-14 10:04:00-05:00,8246.0,8237.25,8263.5,8.75,8263.5,17.25,1.9714285714285715,target,False,False,False,8242.0,4.0,8.25,18.25,0.9428571428571428,2.085714285714286,63,8244.0,8237.5,8244.0,8242.75,40.0,2.0,1m,0.0
2019-11-22,2019,IS,1,bull,C,2019-11-22 12:21:00-05:00,2019-11-22 12:22:00-05:00,2019-11-22 16:00:00-05:00,8267.75,8233.0,8337.25,34.75,8277.5,9.5,0.2733812949640288,time_exit,False,False,False,8292.5,-24.75,8.0,10.5,0.2302158273381295,0.302158273381295,218,8266.0,8233.25,8265.0,8263.5,40.0,2.0,1m,0.0
2019-11-29,2019,IS,1,bull,B,2019-11-29 08:45:00-05:00,2019-11-29 08:46:00-05:00,2019-11-29 12:56:00-05:00,8436.5,8408.25,8493.0,28.25,8408.25,-28.5,-1.008849557522124,stop,False,False,False,8429.5,7.0,30.0,4.0,1.0619469026548674,0.1415929203539823,250,8414.5,8408.5,8435.5,8435.0,40.0,2.0,1m,0.0
2019-12-04,2019,IS,1,bull,B,2019-12-04 08:00:00-05:00,2019-12-04 08:01:00-05:00,2019-12-04 16:00:00-05:00,8303.25,8220.25,8469.25,83.0,8298.0,-5.5,-0.06626506024096386,time_exit,False,False,False,8301.0,2.25,21.25,16.0,0.2560240963855422,0.1927710843373494,479,8241.5,8220.5,8300.0,8299.0,40.0,2.0,1m,0.0
2019-12-05,2019,IS,1,bull,C,2019-12-05 10:18:00-05:00,2019-12-05 10:19:00-05:00,2019-12-05 16:00:00-05:00,8288.75,8273.0,8320.25,15.75,8312.25,23.25,1.4761904761904763,time_exit,False,False,False,8327.25,-38.5,8.5,27.75,0.5396825396825397,1.7619047619047619,341,8285.25,8273.25,8277.5,8274.25,40.0,2.0,1m,0.0
2019-12-09,2019,IS,1,bull,C,2019-12-09 14:34:00-05:00,2019-12-09 14:35:00-05:00,2019-12-09 15:52:00-05:00,8382.5,8372.25,8403.0,10.25,8372.25,-10.5,-1.024390243902439,stop,False,False,False,8388.0,-5.5,11.25,3.75,1.0975609756097562,0.36585365853658536,77,8380.5,8372.5,8379.25,8378.0,40.0,2.0,1m,0.0
2019-12-12,2019,IS,1,bull,C,2019-12-12 09:36:00-05:00,2019-12-12 09:37:00-05:00,2019-12-12 16:00:00-05:00,8420.0,8380.75,8498.5,39.25,8466.75,46.5,1.1847133757961783,time_exit,False,False,False,8392.25,27.75,17.75,77.0,0.45222929936305734,1.9617834394904459,383,8402.0,8381.0,8411.75,8381.0,40.0,2.0,1m,0.0
2019-12-31,2019,IS,1,bull,C,2019-12-31 08:01:00-05:00,2019-12-31 08:02:00-05:00,2019-12-31 08:42:00-05:00,8727.25,8718.0,8745.75,9.25,8718.0,-9.5,-1.027027027027027,stop,False,False,False,8709.0,18.25,10.5,5.5,1.135135135135135,0.5945945945945946,40,8719.5,8718.25,8724.75,8718.25,40.0,2.0,1m,0.0
2020-01-07,2020,IS,1,bull,C,2020-01-07 09:50:00-05:00,2020-01-07 09:51:00-05:00,2020-01-07 10:00:00-05:00,8844.5,8834.25,8865.0,10.25,8865.0,20.25,1.975609756097561,target,False,False,False,8867.0,-22.5,5.5,25.25,0.5365853658536586,2.4634146341463414,9,8846.25,8834.5,8842.25,8836.0,40.0,2.0,1m,0.0
2020-01-21,2020,IS,1,bull,B,2020-01-21 08:07:00-05:00,2020-01-21 08:08:00-05:00,2020-01-21 16:00:00-05:00,9143.5,9114.5,9201.5,29.0,9179.5,35.75,1.2327586206896552,time_exit,False,False,False,9153.75,-10.25,4.0,56.25,0.13793103448275862,1.9396551724137931,472,9121.0,9114.75,9141.25,9140.25,40.0,2.0,1m,0.0
2020-01-22,2020,IS,-1,bear,B,2020-01-22 08:00:00-05:00,2020-01-22 08:01:00-05:00,2020-01-22 09:30:00-05:00,9232.75,9240.25,9217.75,7.5,9217.75,14.75,1.9666666666666666,target,False,False,False,9223.25,-9.5,2.75,17.25,0.36666666666666664,2.3,89,9235.5,9240.0,9238.0,9237.75,40.0,2.0,1m,0.0
2020-01-23,2020,IS,-1,bear,B,2020-01-23 08:12:00-05:00,2020-01-23 08:13:00-05:00,2020-01-23 09:35:00-05:00,9192.25,9211.0,9154.75,18.75,9154.75,37.25,1.9866666666666666,target,False,False,False,9193.0,0.75,11.0,40.5,0.5866666666666667,2.16,82,9209.25,9210.75,9195.25,9194.0,40.0,2.0,1m,0.0
2020-01-24,2020,IS,1,bull,C,2020-01-24 11:05:00-05:00,2020-01-24 11:06:00-05:00,2020-01-24 11:18:00-05:00,9251.5,9228.25,9298.0,23.25,9228.25,-23.5,-1.010752688172043,stop,False,False,False,9273.0,-21.5,26.5,4.25,1.1397849462365592,0.1827956989247312,12,9249.75,9228.5,9247.75,9243.75,40.0,2.0,1m,0.0
2020-01-29,2020,IS,-1,bear,B,2020-01-29 08:01:00-05:00,2020-01-29 08:02:00-05:00,2020-01-29 09:36:00-05:00,9142.5,9157.25,9113.0,14.75,9157.25,-15.0,-1.0169491525423728,stop,False,False,False,9149.0,6.5,16.25,6.75,1.1016949152542372,0.4576271186440678,94,9151.25,9157.0,9146.75,9145.0,40.0,2.0,1m,0.0
2020-01-31,2020,IS,-1,bear,A,2020-01-31 08:00:00-05:00,2020-01-31 08:01:00-05:00,2020-01-31 11:07:00-05:00,9182.5,9249.0,9049.5,66.5,9049.5,132.75,1.9962406015037595,target,False,False,False,9181.5,-1.0,18.5,134.0,0.2781954887218045,2.0150375939849625,186,9240.0,9248.75,9228.5,9225.0,40.0,2.0,1m,0.0
2020-02-04,2020,IS,-1,bear,C,2020-02-04 08:49:00-05:00,2020-02-04 08:50:00-05:00,2020-02-04 08:58:00-05:00,9253.5,9260.25,9240.0,6.75,9260.25,-7.0,-1.037037037037037,stop,False,False,False,9258.0,4.5,9.25,0.0,1.3703703703703705,0.0,8,9258.0,9260.0,9260.0,9255.0,40.0,2.0,1m,0.0
2020-03-25,2020,IS,1,bull,C,2020-03-25 10:15:00-04:00,2020-03-25 10:16:00-04:00,2020-03-25 10:41:00-04:00,7412.0,7371.25,7493.5,40.75,7493.5,81.25,1.9938650306748467,target,False,False,False,7555.25,-143.25,16.0,86.75,0.39263803680981596,2.128834355828221,25,7377.0,7371.5,7394.5,7371.5,40.0,2.0,1m,0.0
2020-03-26,2020,IS,-1,bear,C,2020-03-26 09:51:00-04:00,2020-03-26 09:52:00-04:00,2020-03-26 09:59:00-04:00,7558.5,7638.5,7398.5,80.0,7638.5,-80.25,-1.003125,stop,False,False,False,7527.25,-31.25,84.5,11.75,1.05625,0.146875,7,7549.5,7638.25,7590.0,7572.25,40.0,2.0,1m,0.0
2020-03-27,2020,IS,1,bull,C,2020-03-27 08:06:00-04:00,2020-03-27 08:07:00-04:00,2020-03-27 08:15:00-04:00,7641.0,7624.75,7673.5,16.25,7624.75,-16.5,-1.0153846153846153,stop,False,False,False,7654.75,-13.75,20.25,12.25,1.2461538461538462,0.7538461538461538,8,7626.0,7625.0,7640.0,7625.0,40.0,2.0,1m,0.0
2020-03-30,2020,IS,1,bull,A,2020-03-30 08:02:00-04:00,2020-03-30 08:03:00-04:00,2020-03-30 16:00:00-04:00,7606.0,7364.75,8088.5,241.25,7866.75,260.5,1.0797927461139896,time_exit,False,False,False,7660.5,-54.5,21.25,278.0,0.08808290155440414,1.1523316062176165,477,7551.25,7365.0,7601.25,7594.0,40.0,2.0,1m,0.0
2020-03-31,2020,IS,1,bull,B,2020-03-31 10:06:00-04:00,2020-03-31 10:07:00-04:00,2020-03-31 13:21:00-04:00,7877.25,7811.75,8008.25,65.5,7811.75,-65.75,-1.0038167938931297,stop,False,False,False,7844.75,32.5,66.25,117.75,1.0114503816793894,1.797709923664122,194,7815.0,7812.0,7867.5,7862.25,40.0,2.0,1m,0.0
2020-04-02,2020,IS,-1,bear,C,2020-04-02 10:43:00-04:00,2020-04-02 10:44:00-04:00,2020-04-02 11:49:00-04:00,7554.75,7597.5,7469.25,42.75,7597.5,-43.0,-1.0058479532163742,stop,False,False,False,7432.0,-122.75,44.5,29.75,1.04093567251462,0.695906432748538,65,7596.5,7597.25,7597.25,7557.0,40.0,2.0,1m,0.0
2020-04-03,2020,IS,-1,bear,C,2020-04-03 09:47:00-04:00,2020-04-03 09:48:00-04:00,2020-04-03 10:31:00-04:00,7625.5,7660.5,7555.5,35.0,7555.5,69.75,1.9928571428571429,target,False,False,False,7593.0,-32.5,23.0,78.0,0.6571428571428571,2.2285714285714286,43,7651.5,7660.25,7660.25,7635.0,40.0,2.0,1m,0.0
2020-04-06,2020,IS,-1,bear,B,2020-04-06 08:01:00-04:00,2020-04-06 08:02:00-04:00,2020-04-06 10:37:00-04:00,7801.75,7870.25,7664.75,68.5,7870.25,-68.75,-1.0036496350364963,stop,False,False,False,7798.0,-3.75,70.25,51.75,1.0255474452554745,0.7554744525547445,155,7816.5,7870.0,7811.5,7804.0,40.0,2.0,1m,0.0
2020-04-09,2020,IS,1,bull,B,2020-04-09 08:30:00-04:00,2020-04-09 08:31:00-04:00,2020-04-09 08:57:00-04:00,8167.25,8119.0,8263.75,48.25,8263.75,96.25,1.994818652849741,target,False,False,False,8284.5,-117.25,3.25,106.25,0.06735751295336788,2.2020725388601035,26,8135.25,8119.25,8146.0,8139.0,40.0,2.0,1m,0.0
2020-04-15,2020,IS,1,bull,C,2020-04-15 09:33:00-04:00,2020-04-15 09:34:00-04:00,2020-04-15 09:44:00-04:00,8552.5,8502.75,8652.0,49.75,8502.75,-50.0,-1.0050251256281406,stop,False,False,False,8543.25,9.25,53.0,14.5,1.065326633165829,0.2914572864321608,10,8555.5,8503.0,8548.0,8536.5,40.0,2.0,1m,0.0
2020-04-21,2020,IS,1,bull,C,2020-04-21 08:17:00-04:00,2020-04-21 08:18:00-04:00,2020-04-21 09:02:00-04:00,8610.0,8598.75,8632.5,11.25,8598.75,-11.5,-1.0222222222222221,stop,False,False,False,8630.5,-20.5,11.25,17.5,1.0,1.5555555555555556,44,8602.75,8599.0,8608.0,8599.0,40.0,2.0,1m,0.0
2020-04-28,2020,IS,1,bull,C,2020-04-28 10:34:00-04:00,2020-04-28 10:35:00-04:00,2020-04-28 10:44:00-04:00,8782.5,8750.25,8847.0,32.25,8750.25,-32.5,-1.0077519379844961,stop,False,False,False,8903.25,-120.75,42.0,12.0,1.302325581395349,0.37209302325581395,9,8777.0,8750.5,8780.0,8770.5,40.0,2.0,1m,0.0
2020-05-14,2020,IS,1,bull,C,2020-05-14 08:02:00-04:00,2020-05-14 08:03:00-04:00,2020-05-14 08:06:00-04:00,8942.25,8924.75,8977.25,17.5,8924.75,-17.75,-1.0142857142857142,stop,False,False,False,8934.25,8.0,19.5,2.0,1.1142857142857143,0.11428571428571428,3,8930.25,8925.0,8936.75,8925.0,40.0,2.0,1m,0.0
2020-05-15,2020,IS,1,bull,C,2020-05-15 08:06:00-04:00,2020-05-15 08:07:00-04:00,2020-05-15 08:35:00-04:00,8959.25,8931.5,9014.75,27.75,8931.5,-28.0,-1.009009009009009,stop,False,False,False,8962.0,-2.75,31.0,20.5,1.117117117117117,0.7387387387387387,28,8948.5,8931.75,8947.75,8937.0,40.0,2.0,1m,0.0
2020-05-19,2020,IS,-1,bear,B,2020-05-19 08:00:00-04:00,2020-05-19 08:01:00-04:00,2020-05-19 16:00:00-04:00,9330.5,9417.5,9156.5,87.0,9291.25,39.0,0.4482758620689655,time_exit,False,False,False,9326.75,-3.75,86.0,42.5,0.9885057471264368,0.4885057471264368,479,9354.5,9417.25,9340.5,9337.25,40.0,2.0,1m,0.0
2020-05-20,2020,IS,-1,bear,C,2020-05-20 08:22:00-04:00,2020-05-20 08:23:00-04:00,2020-05-20 09:30:00-04:00,9402.5,9411.0,9385.5,8.5,9411.0,-8.75,-1.0294117647058822,stop,False,False,False,9402.0,-0.5,25.25,8.75,2.9705882352941178,1.0294117647058822,67,9409.75,9410.75,9410.75,9405.25,40.0,2.0,1m,0.0
2020-05-28,2020,IS,1,bull,C,2020-05-28 08:12:00-04:00,2020-05-28 08:13:00-04:00,2020-05-28 08:20:00-04:00,9365.0,9350.5,9394.0,14.5,9350.5,-14.75,-1.0172413793103448,stop,False,False,False,9383.0,-18.0,20.25,4.0,1.396551724137931,0.27586206896551724,7,9358.75,9350.75,9358.0,9350.75,40.0,2.0,1m,0.0
2020-05-29,2020,IS,1,bull,C,2020-05-29 10:26:00-04:00,2020-05-29 10:27:00-04:00,2020-05-29 11:03:00-04:00,9407.75,9380.0,9463.25,27.75,9380.0,-28.0,-1.009009009009009,stop,False,False,False,9441.5,-33.75,35.75,25.25,1.2882882882882882,0.9099099099099099,36,9381.25,9380.25,9401.25,9380.25,40.0,2.0,1m,0.0
2020-06-12,2020,IS,1,bull,C,2020-06-12 11:05:00-04:00,2020-06-12 11:06:00-04:00,2020-06-12 11:19:00-04:00,9630.75,9595.75,9700.75,35.0,9595.75,-35.25,-1.0071428571428571,stop,False,False,False,9796.75,-166.0,49.5,39.25,1.4142857142857144,1.1214285714285714,13,9596.25,9596.0,9618.25,9596.0,40.0,2.0,1m,0.0
2020-06-15,2020,IS,1,bull,A,2020-06-15 09:30:00-04:00,2020-06-15 09:31:00-04:00,2020-06-15 09:33:00-04:00,9533.75,9491.75,9617.75,42.0,9491.75,-42.25,-1.005952380952381,stop,False,False,False,9510.5,23.25,47.0,6.75,1.119047619047619,0.16071428571428573,2,9494.75,9492.0,9527.0,9521.25,40.0,2.0,1m,0.0
2020-06-16,2020,IS,1,bull,C,2020-06-16 11:02:00-04:00,2020-06-16 11:03:00-04:00,2020-06-16 11:46:00-04:00,9840.75,9786.25,9949.75,54.5,9949.75,108.75,1.9954128440366972,target,False,False,False,9976.75,-136.0,13.25,109.5,0.24311926605504589,2.0091743119266057,43,9788.0,9786.5,9813.5,9786.5,40.0,2.0,1m,0.0
2020-06-18,2020,IS,1,bull,A,2020-06-18 08:37:00-04:00,2020-06-18 08:38:00-04:00,2020-06-18 16:00:00-04:00,9967.25,9866.25,10169.25,101.0,9998.5,31.0,0.3069306930693069,time_exit,False,False,False,9955.5,11.75,43.0,41.25,0.42574257425742573,0.4084158415841584,442,9915.25,9866.5,9961.5,9959.0,40.0,2.0,1m,0.0
2020-06-19,2020,IS,1,bull,C,2020-06-19 12:50:00-04:00,2020-06-19 12:51:00-04:00,2020-06-19 13:23:00-04:00,10006.75,9976.0,10068.25,30.75,9976.0,-31.0,-1.008130081300813,stop,False,False,False,10098.25,-91.5,35.0,16.5,1.1382113821138211,0.5365853658536586,32,9979.75,9976.25,10000.5,9976.25,40.0,2.0,1m,0.0
2020-06-22,2020,IS,-1,bear,C,2020-06-22 10:07:00-04:00,2020-06-22 10:08:00-04:00,2020-06-22 10:11:00-04:00,10032.25,10042.5,10011.75,10.25,10042.5,-10.5,-1.024390243902439,stop,False,False,False,9991.0,-41.25,12.5,0.0,1.2195121951219512,0.0,3,10038.25,10042.25,10042.25,10034.25,40.0,2.0,1m,0.0
2020-06-25,2020,IS,1,bull,B,2020-06-25 08:00:00-04:00,2020-06-25 08:01:00-04:00,2020-06-25 09:48:00-04:00,9981.5,9893.5,10157.5,88.0,9893.5,-88.25,-1.0028409090909092,stop,False,False,False,9997.0,-15.5,90.25,35.75,1.0255681818181819,0.40625,107,9941.0,9893.75,9973.75,9968.25,40.0,2.0,1m,0.0
2020-06-26,2020,IS,1,bull,B,2020-06-26 08:00:00-04:00,2020-06-26 08:01:00-04:00,2020-06-26 09:40:00-04:00,10092.75,10032.75,10212.75,60.0,10032.75,-60.25,-1.0041666666666667,stop,False,False,False,10072.75,20.0,74.25,5.0,1.2375,0.08333333333333333,99,10074.0,10033.0,10091.25,10089.5,40.0,2.0,1m,0.0
2020-06-29,2020,IS,1,bull,C,2020-06-29 10:00:00-04:00,2020-06-29 10:01:00-04:00,2020-06-29 10:38:00-04:00,9808.5,9777.5,9870.5,31.0,9870.5,61.75,1.9919354838709677,target,False,False,False,9836.5,-28.0,26.5,62.25,0.8548387096774194,2.0080645161290325,37,9780.25,9777.75,9796.5,9777.75,40.0,2.0,1m,0.0
2020-06-30,2020,IS,1,bull,C,2020-06-30 09:32:00-04:00,2020-06-30 09:33:00-04:00,2020-06-30 10:24:00-04:00,9979.75,9947.25,10044.75,32.5,10044.75,64.75,1.9923076923076923,target,False,False,False,9950.0,29.75,14.0,66.75,0.4307692307692308,2.0538461538461537,51,9951.0,9947.5,9959.5,9947.5,40.0,2.0,1m,0.0
2020-07-02,2020,IS,-1,bear,C,2020-07-02 08:09:00-04:00,2020-07-02 08:10:00-04:00,2020-07-02 08:14:00-04:00,10336.5,10341.75,10326.0,5.25,10341.75,-5.5,-1.0476190476190477,stop,False,False,False,10368.5,32.0,6.5,1.5,1.2380952380952381,0.2857142857142857,4,10338.75,10341.5,10341.5,10338.75,40.0,2.0,1m,0.0
2020-07-09,2020,IS,1,bull,C,2020-07-09 10:46:00-04:00,2020-07-09 10:47:00-04:00,2020-07-09 10:49:00-04:00,10659.0,10642.0,10693.0,17.0,10642.0,-17.25,-1.0147058823529411,stop,False,False,False,10734.0,-75.0,20.0,5.0,1.1764705882352942,0.29411764705882354,2,10645.75,10642.25,10654.75,10642.25,40.0,2.0,1m,0.0
2020-07-15,2020,IS,1,bull,C,2020-07-15 11:27:00-04:00,2020-07-15 11:28:00-04:00,2020-07-15 11:38:00-04:00,10672.0,10643.25,10729.5,28.75,10643.25,-29.0,-1.008695652173913,stop,False,False,False,10724.75,-52.75,31.25,6.75,1.0869565217391304,0.23478260869565218,10,10661.5,10643.5,10668.5,10643.5,40.0,2.0,1m,0.0
2020-07-16,2020,IS,1,bull,C,2020-07-16 11:10:00-04:00,2020-07-16 11:11:00-04:00,2020-07-16 11:16:00-04:00,10499.75,10482.5,10534.25,17.25,10482.5,-17.5,-1.0144927536231885,stop,False,False,False,10571.25,-71.5,20.75,7.5,1.2028985507246377,0.43478260869565216,5,10485.0,10482.75,10497.75,10482.75,40.0,2.0,1m,0.0
2020-07-20,2020,IS,1,bull,B,2020-07-20 08:32:00-04:00,2020-07-20 08:33:00-04:00,2020-07-20 14:33:00-04:00,10658.0,10546.0,10882.0,112.0,10882.0,223.75,1.9977678571428572,target,False,False,False,10659.25,-1.25,52.25,225.75,0.46651785714285715,2.015625,360,10552.0,10546.25,10655.75,10652.25,40.0,2.0,1m,0.0
2020-07-21,2020,IS,1,bull,C,2020-07-21 09:48:00-04:00,2020-07-21 09:49:00-04:00,2020-07-21 10:10:00-04:00,10934.0,10905.5,10991.0,28.5,10905.5,-28.75,-1.0087719298245614,stop,False,False,False,11001.5,-67.5,39.0,26.5,1.368421052631579,0.9298245614035088,21,10932.5,10905.75,10932.25,10905.75,40.0,2.0,1m,0.0
2020-07-22,2020,IS,1,bull,B,2020-07-22 08:01:00-04:00,2020-07-22 08:02:00-04:00,2020-07-22 11:13:00-04:00,10864.25,10781.5,11029.75,82.75,10781.5,-83.0,-1.0030211480362539,stop,False,False,False,10838.0,26.25,97.5,35.0,1.1782477341389728,0.4229607250755287,191,10843.25,10781.75,10862.5,10858.75,40.0,2.0,1m,0.0
2020-07-23,2020,IS,1,bull,C,2020-07-23 09:35:00-04:00,2020-07-23 09:36:00-04:00,2020-07-23 09:49:00-04:00,10821.5,10798.75,10867.0,22.75,10867.0,45.25,1.989010989010989,target,False,False,False,10842.5,-21.0,6.25,46.5,0.27472527472527475,2.043956043956044,13,10806.0,10799.0,10812.5,10799.0,40.0,2.0,1m,0.0
2020-07-24,2020,IS,1,bull,C,2020-07-24 09:59:00-04:00,2020-07-24 10:00:00-04:00,2020-07-24 16:00:00-04:00,10383.0,10300.75,10547.5,82.25,10469.75,86.5,1.0516717325227964,time_exit,False,False,False,10415.5,-32.5,8.75,148.0,0.10638297872340426,1.7993920972644377,360,10377.25,10301.0,10364.5,10351.0,40.0,2.0,1m,0.0
2020-07-28,2020,IS,1,bull,C,2020-07-28 09:36:00-04:00,2020-07-28 09:37:00-04:00,2020-07-28 09:38:00-04:00,10618.5,10592.75,10670.0,25.75,10592.75,-26.0,-1.0097087378640777,stop,False,False,False,10631.0,-12.5,39.5,2.5,1.5339805825242718,0.0970873786407767,1,10601.0,10593.0,10615.75,10593.0,40.0,2.0,1m,0.0
2020-07-29,2020,IS,1,bull,A,2020-07-29 08:00:00-04:00,2020-07-29 08:01:00-04:00,2020-07-29 16:00:00-04:00,10598.25,10512.0,10770.75,86.25,10650.0,51.5,0.5971014492753624,time_exit,False,False,False,10588.75,9.5,27.25,86.25,0.3159420289855073,1.0,479,10514.0,10512.25,10521.5,10520.25,40.0,2.0,1m,0.0
2020-07-31,2020,IS,1,bull,B,2020-07-31 08:06:00-04:00,2020-07-31 08:07:00-04:00,2020-07-31 09:32:00-04:00,10920.0,10843.5,11073.0,76.5,10843.5,-76.75,-1.0032679738562091,stop,False,False,False,10895.75,24.25,83.25,13.5,1.088235294117647,0.17647058823529413,85,10862.0,10843.75,10917.25,10914.25,40.0,2.0,1m,0.0
2020-08-04,2020,IS,-1,bear,B,2020-08-04 08:01:00-04:00,2020-08-04 08:02:00-04:00,2020-08-04 16:00:00-04:00,10991.5,11092.25,10790.0,100.75,11084.0,-92.75,-0.9205955334987593,time_exit,False,False,False,11015.0,23.5,93.0,8.5,0.9230769230769231,0.08436724565756824,478,11072.0,11092.0,10998.75,10994.0,40.0,2.0,1m,0.0
2020-08-11,2020,IS,1,bull,B,2020-08-11 08:00:00-04:00,2020-08-11 08:01:00-04:00,2020-08-11 08:26:00-04:00,11070.75,11056.75,11098.75,14.0,11056.75,-14.25,-1.0178571428571428,stop,False,False,False,11027.25,43.5,17.25,13.25,1.2321428571428572,0.9464285714285714,25,11058.5,11057.0,11066.75,11062.75,40.0,2.0,1m,0.0
2020-08-14,2020,IS,1,bull,B,2020-08-14 08:27:00-04:00,2020-08-14 08:28:00-04:00,2020-08-14 09:50:00-04:00,11208.25,11137.75,11349.25,70.5,11137.75,-70.75,-1.00354609929078,stop,False,False,False,11191.0,17.25,72.75,9.25,1.0319148936170213,0.13120567375886524,82,11179.25,11138.0,11206.75,11204.0,40.0,2.0,1m,0.0
2020-09-08,2020,IS,1,bull,C,2020-09-08 08:50:00-04:00,2020-09-08 08:51:00-04:00,2020-09-08 09:30:00-04:00,11216.5,11148.25,11353.0,68.25,11148.25,-68.5,-1.0036630036630036,stop,False,False,False,11158.25,58.25,76.0,29.5,1.1135531135531136,0.43223443223443225,39,11205.0,11148.5,11202.25,11193.25,40.0,2.0,1m,0.0
2020-09-18,2020,IS,1,bull,C,2020-09-18 09:53:00-04:00,2020-09-18 09:54:00-04:00,2020-09-18 10:31:00-04:00,11053.5,11018.0,11124.5,35.5,11018.0,-35.75,-1.0070422535211268,stop,False,False,False,11115.5,-62.0,40.0,52.25,1.1267605633802817,1.471830985915493,37,11022.0,11018.25,11043.5,11018.25,40.0,2.0,1m,0.0
2020-09-21,2020,IS,1,bull,C,2020-09-21 09:41:00-04:00,2020-09-21 09:42:00-04:00,2020-09-21 09:49:00-04:00,10743.75,10704.0,10823.25,39.75,10823.25,79.25,1.9937106918238994,target,False,False,False,10757.75,-14.0,6.5,91.5,0.16352201257861634,2.30188679245283,7,10708.5,10704.25,10734.5,10704.25,40.0,2.0,1m,0.0
2020-09-22,2020,IS,1,bull,B,2020-09-22 08:00:00-04:00,2020-09-22 08:01:00-04:00,2020-09-22 16:00:00-04:00,11004.75,10897.25,11219.75,107.5,11164.75,159.75,1.486046511627907,time_exit,False,False,False,11067.25,-62.5,83.25,186.25,0.7744186046511627,1.7325581395348837,479,10940.0,10897.5,11001.5,10991.0,40.0,2.0,1m,0.0
2020-09-23,2020,IS,1,bull,C,2020-09-23 10:00:00-04:00,2020-09-23 10:01:00-04:00,2020-09-23 10:05:00-04:00,11092.0,11072.75,11130.5,19.25,11072.75,-19.5,-1.0129870129870129,stop,False,False,False,11153.0,-61.0,26.5,13.0,1.3766233766233766,0.6753246753246753,4,11076.0,11073.0,11088.5,11073.0,40.0,2.0,1m,0.0
2020-10-02,2020,IS,-1,bear,A,2020-10-02 08:00:00-04:00,2020-10-02 08:01:00-04:00,2020-10-02 16:00:00-04:00,11287.75,11605.0,10653.25,317.25,11244.0,43.5,0.13711583924349882,time_exit,False,False,False,11316.25,28.5,181.0,83.25,0.570527974783294,0.2624113475177305,479,11599.25,11604.75,11555.25,11554.25,40.0,2.0,1m,0.0
2020-10-05,2020,IS,-1,bear,C,2020-10-05 09:44:00-04:00,2020-10-05 09:45:00-04:00,2020-10-05 10:00:00-04:00,11354.5,11372.25,11319.0,17.75,11372.25,-18.0,-1.0140845070422535,stop,False,False,False,11325.25,-29.25,30.5,12.5,1.7183098591549295,0.704225352112676,15,11365.75,11372.0,11372.0,11358.75,40.0,2.0,1m,0.0
2020-10-06,2020,IS,-1,bear,C,2020-10-06 10:15:00-04:00,2020-10-06 10:16:00-04:00,2020-10-06 10:18:00-04:00,11482.5,11495.25,11457.0,12.75,11495.25,-13.0,-1.0196078431372548,stop,False,False,False,11447.0,-35.5,14.75,1.5,1.1568627450980393,0.11764705882352941,2,11491.0,11495.0,11495.0,11484.75,40.0,2.0,1m,0.0
2020-10-08,2020,IS,-1,bear,C,2020-10-08 08:18:00-04:00,2020-10-08 08:19:00-04:00,2020-10-08 09:47:00-04:00,11560.25,11579.0,11522.75,18.75,11522.75,37.25,1.9866666666666666,target,False,False,False,11571.5,11.25,16.5,39.75,0.88,2.12,88,11572.5,11578.75,11578.75,11562.5,40.0,2.0,1m,0.0
2020-10-09,2020,IS,-1,bear,C,2020-10-09 09:31:00-04:00,2020-10-09 09:32:00-04:00,2020-10-09 09:35:00-04:00,11592.5,11617.0,11543.5,24.5,11617.0,-24.75,-1.010204081632653,stop,False,False,False,11602.0,9.5,26.75,4.25,1.0918367346938775,0.17346938775510204,3,11602.5,11616.75,11610.25,11608.25,40.0,2.0,1m,0.0
2020-10-22,2020,IS,1,bull,C,2020-10-22 11:21:00-04:00,2020-10-22 11:22:00-04:00,2020-10-22 11:34:00-04:00,11612.0,11587.5,11661.0,24.5,11587.5,-24.75,-1.010204081632653,stop,False,False,False,11686.25,-74.25,30.0,1.5,1.2244897959183674,0.061224489795918366,12,11591.0,11587.75,11607.25,11587.75,40.0,2.0,1m,0.0
2020-10-23,2020,IS,1,bull,B,2020-10-23 08:13:00-04:00,2020-10-23 08:14:00-04:00,2020-10-23 09:42:00-04:00,11676.5,11601.75,11826.0,74.75,11601.75,-75.0,-1.0033444816053512,stop,False,False,False,11677.5,-1.0,79.5,15.25,1.0635451505016722,0.2040133779264214,88,11623.0,11602.0,11673.5,11670.5,40.0,2.0,1m,0.0
2020-10-30,2020,IS,1,bull,B,2020-10-30 08:44:00-04:00,2020-10-30 08:45:00-04:00,2020-10-30 10:35:00-04:00,11241.75,11039.25,11646.75,202.5,11039.25,-202.75,-1.0012345679012347,stop,False,False,False,11246.25,-4.5,212.25,39.5,1.048148148148148,0.19506172839506172,110,11157.25,11039.5,11234.0,11227.25,40.0,2.0,1m,0.0
2020-11-11,2020,IS,-1,bear,C,2020-11-11 08:16:00-05:00,2020-11-11 08:17:00-05:00,2020-11-11 08:23:00-05:00,11775.25,11785.25,11755.25,10.0,11755.25,19.75,1.975,target,False,False,False,11719.5,-55.75,1.75,21.0,0.175,2.1,6,11775.0,11785.0,11781.5,11776.0,40.0,2.0,1m,0.0
2020-11-12,2020,IS,-1,bear,B,2020-11-12 08:06:00-05:00,2020-11-12 08:07:00-05:00,2020-11-12 10:41:00-05:00,11894.25,11965.75,11751.25,71.5,11965.75,-71.75,-1.0034965034965035,stop,False,False,False,11917.5,23.25,81.5,14.25,1.1398601398601398,0.1993006993006993,154,11913.25,11965.5,11900.0,11896.25,40.0,2.0,1m,0.0
2020-11-17,2020,IS,-1,bear,A,2020-11-17 09:44:00-05:00,2020-11-17 09:45:00-05:00,2020-11-17 16:00:00-05:00,11995.25,12096.5,11792.75,101.25,11977.75,17.25,0.17037037037037037,time_exit,False,False,False,12027.75,32.5,47.25,41.5,0.4666666666666667,0.40987654320987654,375,12065.0,12096.25,11998.0,11996.25,40.0,2.0,1m,0.0
2020-11-18,2020,IS,-1,bear,C,2020-11-18 12:04:00-05:00,2020-11-18 12:05:00-05:00,2020-11-18 12:08:00-05:00,12014.0,12024.25,11993.5,10.25,12024.25,-10.5,-1.024390243902439,stop,False,False,False,11959.25,-54.75,10.25,0.0,1.0,0.0,3,12023.0,12024.0,12024.0,12017.75,40.0,2.0,1m,0.0
2020-11-19,2020,IS,-1,bear,B,2020-11-19 08:00:00-05:00,2020-11-19 08:01:00-05:00,2020-11-19 09:54:00-05:00,11878.75,11903.25,11829.75,24.5,11903.25,-24.75,-1.010204081632653,stop,False,False,False,11869.5,-9.25,29.75,37.0,1.2142857142857142,1.510204081632653,113,11896.75,11903.0,11882.25,11879.75,40.0,2.0,1m,0.0
2020-11-20,2020,IS,-1,bear,A,2020-11-20 08:59:00-05:00,2020-11-20 09:00:00-05:00,2020-11-20 11:11:00-05:00,11985.75,12014.25,11928.75,28.5,12014.25,-28.75,-1.0087719298245614,stop,False,False,False,11984.0,-1.75,29.25,39.75,1.0263157894736843,1.394736842105263,131,12000.0,12014.0,11989.5,11987.75,40.0,2.0,1m,0.0
2020-11-23,2020,IS,-1,bear,B,2020-11-23 08:00:00-05:00,2020-11-23 08:01:00-05:00,2020-11-23 09:37:00-05:00,11950.75,11979.25,11893.75,28.5,11979.25,-28.75,-1.0087719298245614,stop,False,False,False,11946.25,-4.5,31.0,33.75,1.087719298245614,1.1842105263157894,96,11955.25,11979.0,11954.25,11951.25,40.0,2.0,1m,0.0
2020-11-24,2020,IS,-1,bear,C,2020-11-24 10:57:00-05:00,2020-11-24 10:58:00-05:00,2020-11-24 10:59:00-05:00,11971.75,11981.0,11953.25,9.25,11981.0,-9.5,-1.027027027027027,stop,False,False,False,11949.25,-22.5,15.25,0.0,1.6486486486486487,0.0,1,11979.25,11980.75,11980.75,11973.25,40.0,2.0,1m,0.0
2020-12-04,2020,IS,-1,bear,B,2020-12-04 08:21:00-05:00,2020-12-04 08:22:00-05:00,2020-12-04 10:49:00-05:00,12489.75,12521.0,12427.25,31.25,12521.0,-31.5,-1.008,stop,False,False,False,12475.0,-14.75,32.0,41.25,1.024,1.32,147,12513.5,12520.75,12493.25,12490.75,40.0,2.0,1m,0.0
2021-01-05,2021,IS,-1,bear,C,2021-01-05 10:31:00-05:00,2021-01-05 10:32:00-05:00,2021-01-05 14:08:00-05:00,12723.5,12784.25,12602.0,60.75,12784.25,-61.0,-1.0041152263374487,stop,False,False,False,12651.0,-72.5,66.5,35.5,1.0946502057613168,0.5843621399176955,216,12727.5,12784.0,12735.25,12725.25,40.0,2.0,1m,0.0
2021-01-06,2021,IS,-1,bear,A,2021-01-06 08:00:00-05:00,2021-01-06 08:01:00-05:00,2021-01-06 16:00:00-05:00,12599.5,12844.5,12109.5,245.0,12618.25,-19.0,-0.07755102040816327,time_exit,False,False,False,12598.25,-1.25,196.5,48.25,0.8020408163265306,0.19693877551020408,479,12809.0,12844.25,12611.0,12607.5,40.0,2.0,1m,0.0
2021-01-12,2021,IS,1,bull,C,2021-01-12 09:01:00-05:00,2021-01-12 09:02:00-05:00,2021-01-12 09:50:00-05:00,12893.5,12865.25,12950.0,28.25,12865.25,-28.5,-1.008849557522124,stop,False,False,False,12902.5,-9.0,34.75,54.5,1.2300884955752212,1.9292035398230087,48,12886.25,12865.5,12889.0,12882.75,40.0,2.0,1m,0.0
2021-01-13,2021,IS,1,bull,C,2021-01-13 08:14:00-05:00,2021-01-13 08:15:00-05:00,2021-01-13 08:33:00-05:00,12835.0,12820.5,12864.0,14.5,12864.0,28.75,1.9827586206896552,target,False,False,False,12889.25,-54.25,4.0,29.25,0.27586206896551724,2.0172413793103448,18,12833.25,12820.75,12832.5,12826.75,40.0,2.0,1m,0.0
2021-01-14,2021,IS,1,bull,B,2021-01-14 08:39:00-05:00,2021-01-14 08:40:00-05:00,2021-01-14 15:16:00-05:00,12978.25,12922.25,13090.25,56.0,12922.25,-56.25,-1.0044642857142858,stop,False,False,False,12985.75,-7.5,57.25,50.5,1.0223214285714286,0.9017857142857143,396,12933.5,12922.5,12974.25,12973.0,40.0,2.0,1m,0.0
2021-01-15,2021,IS,1,bull,C,2021-01-15 10:40:00-05:00,2021-01-15 10:41:00-05:00,2021-01-15 10:47:00-05:00,12833.75,12803.5,12894.25,30.25,12803.5,-30.5,-1.0082644628099173,stop,False,False,False,12890.0,-56.25,30.5,2.5,1.0082644628099173,0.08264462809917356,6,12830.0,12803.75,12832.25,12803.75,40.0,2.0,1m,0.0
2021-01-18,2021,IS,1,bull,A,2021-01-18 08:00:00-05:00,2021-01-18 08:01:00-05:00,2021-01-18 12:59:00-05:00,12799.0,12726.75,12943.5,72.25,12814.0,14.75,0.2041522491349481,time_exit,False,False,False,12800.25,-1.25,14.75,16.25,0.2041522491349481,0.22491349480968859,298,12743.5,12727.0,12785.25,12783.75,40.0,2.0,1m,0.0
2021-01-25,2021,IS,1,bull,C,2021-01-25 11:01:00-05:00,2021-01-25 11:02:00-05:00,2021-01-25 11:03:00-05:00,13379.25,13341.5,13454.75,37.75,13341.5,-38.0,-1.0066225165562914,stop,False,False,False,13497.75,-118.5,70.5,0.0,1.8675496688741722,0.0,1,13368.75,13341.75,13372.75,13341.75,40.0,2.0,1m,0.0
2021-01-28,2021,IS,1,bull,B,2021-01-28 08:43:00-05:00,2021-01-28 08:44:00-05:00,2021-01-28 12:16:00-05:00,13051.25,12906.0,13341.75,145.25,13341.75,290.25,1.9982788296041307,target,False,False,False,13155.25,-104.0,1.75,290.5,0.012048192771084338,2.0,212,12955.0,12906.25,13047.0,13017.5,40.0,2.0,1m,0.0
2021-01-29,2021,IS,1,bull,B,2021-01-29 08:02:00-05:00,2021-01-29 08:03:00-05:00,2021-01-29 12:24:00-05:00,13052.5,12933.25,13291.0,119.25,12933.25,-119.5,-1.0020964360587001,stop,False,False,False,13110.5,-58.0,121.5,114.5,1.0188679245283019,0.960167714884696,261,12963.25,12933.5,13048.75,13043.75,40.0,2.0,1m,0.0
2021-02-01,2021,IS,1,bull,A,2021-02-01 08:00:00-05:00,2021-02-01 08:01:00-05:00,2021-02-01 16:00:00-05:00,13047.25,12727.0,13687.75,320.25,13230.0,182.5,0.5698672911787666,time_exit,False,False,False,13051.5,-4.25,77.0,224.25,0.24043715846994534,0.7002341920374707,479,12829.0,12727.25,12980.0,12973.25,40.0,2.0,1m,0.0
2021-02-03,2021,IS,1,bull,C,2021-02-03 09:34:00-05:00,2021-02-03 09:35:00-05:00,2021-02-03 09:38:00-05:00,13513.75,13472.0,13597.25,41.75,13472.0,-42.0,-1.0059880239520957,stop,False,False,False,13531.5,-17.75,43.25,9.75,1.035928143712575,0.23353293413173654,3,13475.75,13472.25,13495.25,13472.25,40.0,2.0,1m,0.0
2021-02-05,2021,IS,1,bull,C,2021-02-05 10:23:00-05:00,2021-02-05 10:24:00-05:00,2021-02-05 10:49:00-05:00,13536.0,13524.0,13560.0,12.0,13560.0,23.75,1.9791666666666667,target,False,False,False,13590.0,-54.0,6.0,26.5,0.5,2.2083333333333335,25,13528.25,13524.25,13533.5,13524.25,40.0,2.0,1m,0.0
2021-02-12,2021,IS,1,bull,B,2021-02-12 08:00:00-05:00,2021-02-12 08:01:00-05:00,2021-02-12 09:35:00-05:00,13714.5,13663.0,13817.5,51.5,13663.0,-51.75,-1.0048543689320388,stop,False,False,False,13693.5,21.0,68.5,7.75,1.3300970873786409,0.15048543689320387,94,13696.5,13663.25,13712.25,13709.0,40.0,2.0,1m,0.0
2021-02-19,2021,IS,1,bull,C,2021-02-19 13:11:00-05:00,2021-02-19 13:12:00-05:00,2021-02-19 16:00:00-05:00,13560.0,13534.5,13611.0,25.5,13578.0,17.75,0.696078431372549,time_exit,False,False,False,13695.5,-135.5,14.75,50.5,0.5784313725490197,1.9803921568627452,168,13550.0,13534.75,13559.0,13534.75,40.0,2.0,1m,0.0
2021-02-22,2021,IS,1,bull,C,2021-02-22 09:36:00-05:00,2021-02-22 09:37:00-05:00,2021-02-22 10:22:00-05:00,13396.5,13361.25,13467.0,35.25,13361.25,-35.5,-1.0070921985815602,stop,False,False,False,13391.25,5.25,46.5,49.5,1.3191489361702127,1.4042553191489362,45,13364.5,13361.5,13379.0,13361.5,40.0,2.0,1m,0.0
2021-03-02,2021,IS,1,bull,B,2021-03-02 08:00:00-05:00,2021-03-02 08:01:00-05:00,2021-03-02 10:29:00-05:00,13276.0,13161.5,13505.0,114.5,13161.5,-114.75,-1.002183406113537,stop,False,False,False,13297.5,-21.5,119.75,27.0,1.0458515283842795,0.23580786026200873,148,13207.0,13161.75,13266.0,13263.75,40.0,2.0,1m,0.0
2021-03-26,2021,IS,1,bull,C,2021-03-26 08:34:00-04:00,2021-03-26 08:35:00-04:00,2021-03-26 09:40:00-04:00,12723.0,12676.0,12817.0,47.0,12817.0,93.75,1.9946808510638299,target,False,False,False,12763.25,-40.25,2.5,98.0,0.05319148936170213,2.0851063829787235,65,12713.0,12676.25,12700.0,12695.75,40.0,2.0,1m,0.0
2021-03-29,2021,IS,1,bull,B,2021-03-29 08:00:00-04:00,2021-03-29 08:01:00-04:00,2021-03-29 16:00:00-04:00,12955.75,12807.25,13252.75,148.5,12955.75,-0.25,-0.0016835016835016834,time_exit,False,False,False,12941.25,14.5,140.25,47.25,0.9444444444444444,0.3181818181818182,479,12846.0,12807.5,12951.5,12946.0,40.0,2.0,1m,0.0
2021-03-30,2021,IS,1,bull,C,2021-03-30 08:01:00-04:00,2021-03-30 08:02:00-04:00,2021-03-30 09:33:00-04:00,12855.75,12834.75,12897.75,21.0,12834.75,-21.25,-1.0119047619047619,stop,False,False,False,12873.5,-17.75,27.5,32.5,1.3095238095238095,1.5476190476190477,91,12838.25,12835.0,12849.5,12835.0,40.0,2.0,1m,0.0
2021-04-05,2021,IS,-1,bear,C,2021-04-05 08:06:00-04:00,2021-04-05 08:07:00-04:00,2021-04-05 08:36:00-04:00,13375.25,13389.0,13347.75,13.75,13389.0,-14.0,-1.018181818181818,stop,False,False,False,13419.0,43.75,15.75,7.75,1.1454545454545455,0.5636363636363636,29,13385.25,13388.75,13388.0,13381.5,40.0,2.0,1m,0.0
2021-04-13,2021,IS,1,bull,B,2021-04-13 08:02:00-04:00,2021-04-13 08:03:00-04:00,2021-04-13 08:39:00-04:00,13804.25,13772.5,13867.75,31.75,13867.75,63.25,1.9921259842519685,target,False,False,False,13877.25,-73.0,3.75,70.0,0.11811023622047244,2.204724409448819,36,13783.75,13772.75,13802.5,13797.25,40.0,2.0,1m,0.0
2021-04-21,2021,IS,1,bull,A,2021-04-21 08:00:00-04:00,2021-04-21 08:01:00-04:00,2021-04-21 09:40:00-04:00,13762.5,13709.5,13868.5,53.0,13709.5,-53.25,-1.0047169811320755,stop,False,False,False,13747.0,15.5,62.0,3.25,1.169811320754717,0.06132075471698113,99,13719.25,13709.75,13743.0,13740.5,40.0,2.0,1m,0.0
2021-04-22,2021,IS,1,bull,C,2021-04-22 10:25:00-04:00,2021-04-22 10:26:00-04:00,2021-04-22 13:07:00-04:00,13905.25,13872.0,13971.75,33.25,13872.0,-33.5,-1.0075187969924813,stop,False,False,False,13901.0,4.25,42.0,39.5,1.263157894736842,1.1879699248120301,161,13878.0,13872.25,13899.0,13872.25,40.0,2.0,1m,0.0
2021-04-23,2021,IS,1,bull,B,2021-04-23 08:01:00-04:00,2021-04-23 08:02:00-04:00,2021-04-23 11:15:00-04:00,13783.75,13736.75,13877.75,47.0,13877.75,93.75,1.9946808510638299,target,False,False,False,13776.5,7.25,21.25,106.0,0.4521276595744681,2.25531914893617,193,13748.25,13737.0,13774.5,13771.25,40.0,2.0,1m,0.0
2021-04-27,2021,IS,1,bull,B,2021-04-27 08:00:00-04:00,2021-04-27 08:01:00-04:00,2021-04-27 09:37:00-04:00,14031.5,14007.5,14079.5,24.0,14007.5,-24.25,-1.0104166666666667,stop,False,False,False,14025.0,6.5,26.25,8.5,1.09375,0.3541666666666667,96,14013.75,14007.75,14024.25,14022.25,40.0,2.0,1m,0.0
2021-04-28,2021,IS,1,bull,C,2021-04-28 09:37:00-04:00,2021-04-28 09:38:00-04:00,2021-04-28 09:40:00-04:00,13909.0,13890.75,13945.5,18.25,13890.75,-18.5,-1.0136986301369864,stop,False,False,False,13939.75,-30.75,23.5,1.25,1.2876712328767124,0.0684931506849315,2,13904.75,13891.0,13903.75,13891.0,40.0,2.0,1m,0.0
2021-04-29,2021,IS,1,bull,C,2021-04-29 14:45:00-04:00,2021-04-29 14:46:00-04:00,2021-04-29 15:19:00-04:00,13971.0,13949.25,14014.5,21.75,13949.25,-22.0,-1.0114942528735633,stop,False,False,False,14042.0,-71.0,24.75,9.75,1.1379310344827587,0.4482758620689655,33,13952.5,13949.5,13967.25,13949.5,40.0,2.0,1m,0.0
2021-04-30,2021,IS,-1,bear,C,2021-04-30 10:32:00-04:00,2021-04-30 10:33:00-04:00,2021-04-30 10:34:00-04:00,13941.25,13950.25,13923.25,9.0,13950.25,-9.25,-1.0277777777777777,stop,False,False,False,13853.0,-88.25,12.0,0.0,1.3333333333333333,0.0,1,13948.5,13950.0,13950.0,13943.25,40.0,2.0,1m,0.0
2021-05-03,2021,IS,-1,bear,B,2021-05-03 08:00:00-04:00,2021-05-03 08:01:00-04:00,2021-05-03 09:28:00-04:00,13887.5,13914.75,13833.0,27.25,13914.75,-27.5,-1.0091743119266054,stop,False,False,False,13915.0,27.5,27.5,2.5,1.0091743119266054,0.09174311926605505,87,13903.5,13914.5,13890.75,13889.25,40.0,2.0,1m,0.0
2021-05-06,2021,IS,-1,bear,B,2021-05-06 08:07:00-04:00,2021-05-06 08:08:00-04:00,2021-05-06 12:25:00-04:00,13494.75,13570.75,13342.75,76.0,13570.75,-76.25,-1.0032894736842106,stop,False,False,False,13484.75,-10.0,79.75,106.0,1.049342105263158,1.394736842105263,257,13529.25,13570.5,13507.75,13503.0,40.0,2.0,1m,0.0
2021-05-11,2021,IS,-1,bear,C,2021-05-11 13:53:00-04:00,2021-05-11 13:54:00-04:00,2021-05-11 14:29:00-04:00,13328.25,13370.25,13244.25,42.0,13370.25,-42.25,-1.005952380952381,stop,False,False,False,13113.25,-215.0,47.5,30.0,1.130952380952381,0.7142857142857143,35,13344.5,13370.0,13370.0,13363.25,40.0,2.0,1m,0.0
2021-05-17,2021,IS,-1,bear,A,2021-05-17 08:00:00-04:00,2021-05-17 08:01:00-04:00,2021-05-17 16:00:00-04:00,13307.0,13448.75,13023.5,141.75,13305.5,1.25,0.008818342151675485,time_exit,False,False,False,13313.5,6.5,36.0,124.25,0.25396825396825395,0.8765432098765432,479,13426.25,13448.5,13369.0,13367.25,40.0,2.0,1m,0.0
2021-05-19,2021,IS,-1,bear,C,2021-05-19 14:33:00-04:00,2021-05-19 14:34:00-04:00,2021-05-19 15:02:00-04:00,13198.25,13232.0,13130.75,33.75,13130.75,67.25,1.9925925925925927,target,False,False,False,12984.5,-213.75,10.0,74.0,0.2962962962962963,2.1925925925925926,28,13223.0,13231.75,13231.75,13205.25,40.0,2.0,1m,0.0
2021-05-20,2021,IS,-1,bear,B,2021-05-20 08:00:00-04:00,2021-05-20 08:01:00-04:00,2021-05-20 08:46:00-04:00,13227.75,13260.0,13163.25,32.25,13260.0,-32.5,-1.0077519379844961,stop,False,False,False,13292.0,64.25,36.0,4.25,1.1162790697674418,0.13178294573643412,45,13239.5,13259.75,13232.25,13228.5,40.0,2.0,1m,0.0
2021-05-21,2021,IS,-1,bear,A,2021-05-21 09:39:00-04:00,2021-05-21 09:40:00-04:00,2021-05-21 10:00:00-04:00,13506.0,13547.5,13423.0,41.5,13547.5,-41.75,-1.0060240963855422,stop,False,False,False,13551.75,45.75,42.5,21.5,1.0240963855421688,0.5180722891566265,20,13522.75,13547.25,13516.0,13514.0,40.0,2.0,1m,0.0
2021-05-26,2021,IS,-1,bear,B,2021-05-26 08:47:00-04:00,2021-05-26 08:48:00-04:00,2021-05-26 09:45:00-04:00,13709.0,13728.75,13669.5,19.75,13669.5,39.25,1.9873417721518987,target,False,False,False,13685.75,-23.25,3.25,42.0,0.16455696202531644,2.1265822784810124,57,13720.0,13728.5,13712.75,13711.0,40.0,2.0,1m,0.0
2021-05-27,2021,IS,-1,bear,C,2021-05-27 10:41:00-04:00,2021-05-27 10:42:00-04:00,2021-05-27 10:44:00-04:00,13705.0,13718.25,13678.5,13.25,13718.25,-13.5,-1.0188679245283019,stop,False,False,False,13685.25,-19.75,15.75,0.5,1.1886792452830188,0.03773584905660377,2,13717.25,13718.0,13718.0,13711.0,40.0,2.0,1m,0.0
2021-05-28,2021,IS,-1,bear,B,2021-05-28 08:00:00-04:00,2021-05-28 08:01:00-04:00,2021-05-28 08:30:00-04:00,13712.5,13726.25,13685.0,13.75,13685.0,27.25,1.981818181818182,target,False,False,False,13703.5,-9.0,1.75,28.0,0.12727272727272726,2.036363636363636,29,13716.0,13726.0,13716.25,13714.25,40.0,2.0,1m,0.0
2021-06-01,2021,IS,-1,bear,C,2021-06-01 09:37:00-04:00,2021-06-01 09:38:00-04:00,2021-06-01 09:40:00-04:00,13743.0,13761.0,13707.0,18.0,13761.0,-18.25,-1.0138888888888888,stop,False,False,False,13752.25,9.25,28.5,2.0,1.5833333333333333,0.1111111111111111,2,13756.75,13760.75,13760.75,13745.5,40.0,2.0,1m,0.0
2021-06-03,2021,IS,1,bull,C,2021-06-03 08:05:00-04:00,2021-06-03 08:06:00-04:00,2021-06-03 08:15:00-04:00,13534.25,13516.25,13570.25,18.0,13516.25,-18.25,-1.0138888888888888,stop,False,False,False,13555.5,-21.25,23.25,1.25,1.2916666666666667,0.06944444444444445,9,13518.25,13516.5,13530.0,13516.5,40.0,2.0,1m,0.0
2021-06-04,2021,IS,-1,bear,C,2021-06-04 08:14:00-04:00,2021-06-04 08:15:00-04:00,2021-06-04 08:30:00-04:00,13550.75,13559.25,13533.75,8.5,13559.25,-8.75,-1.0294117647058822,stop,False,False,False,13610.0,59.25,48.75,11.75,5.735294117647059,1.3823529411764706,15,13557.25,13559.0,13559.0,13552.75,40.0,2.0,1m,0.0
2021-07-12,2021,IS,1,bull,B,2021-07-12 08:00:00-04:00,2021-07-12 08:01:00-04:00,2021-07-12 16:00:00-04:00,14849.0,14784.75,14977.5,64.25,14868.25,19.0,0.29571984435797666,time_exit,False,False,False,14870.75,-21.75,46.75,39.5,0.7276264591439688,0.6147859922178989,479,14793.5,14785.0,14844.0,14842.25,40.0,2.0,1m,0.0
2021-07-13,2021,IS,-1,bear,C,2021-07-13 10:05:00-04:00,2021-07-13 10:06:00-04:00,2021-07-13 10:16:00-04:00,14928.75,14940.5,14905.25,11.75,14940.5,-12.0,-1.0212765957446808,stop,False,False,False,14853.0,-75.75,15.25,14.5,1.297872340425532,1.2340425531914894,10,14927.5,14940.25,14937.0,14932.25,40.0,2.0,1m,0.0
2021-07-14,2021,IS,-1,bear,C,2021-07-14 11:28:00-04:00,2021-07-14 11:29:00-04:00,2021-07-14 16:00:00-04:00,14912.25,14996.25,14744.25,84.0,14894.25,17.75,0.2113095238095238,time_exit,False,False,False,14969.0,56.75,35.5,50.25,0.4226190476190476,0.5982142857142857,271,14939.5,14996.0,14950.5,14945.0,40.0,2.0,1m,0.0
2021-07-16,2021,IS,1,bull,C,2021-07-16 11:07:00-04:00,2021-07-16 11:08:00-04:00,2021-07-16 11:13:00-04:00,14741.25,14722.0,14779.75,19.25,14722.0,-19.5,-1.0129870129870129,stop,False,False,False,14829.75,-88.5,26.75,2.25,1.3896103896103895,0.11688311688311688,5,14736.0,14722.25,14737.75,14722.25,40.0,2.0,1m,0.0
2021-07-19,2021,IS,1,bull,C,2021-07-19 08:26:00-04:00,2021-07-19 08:27:00-04:00,2021-07-19 09:33:00-04:00,14530.5,14503.5,14584.5,27.0,14503.5,-27.25,-1.0092592592592593,stop,False,False,False,14528.75,1.75,41.0,23.25,1.5185185185185186,0.8611111111111112,66,14523.5,14503.75,14515.0,14503.75,40.0,2.0,1m,0.0
2021-07-20,2021,IS,1,bull,C,2021-07-20 09:17:00-04:00,2021-07-20 09:18:00-04:00,2021-07-20 09:20:00-04:00,14589.5,14577.75,14613.0,11.75,14577.75,-12.0,-1.0212765957446808,stop,False,False,False,14591.5,-2.0,18.25,0.0,1.553191489361702,0.0,2,14578.25,14578.0,14585.25,14578.0,40.0,2.0,1m,0.0
2021-07-23,2021,IS,1,bull,C,2021-07-23 10:17:00-04:00,2021-07-23 10:18:00-04:00,2021-07-23 11:48:00-04:00,15000.0,14963.0,15074.0,37.0,15074.0,73.75,1.9932432432432432,target,False,False,False,14985.75,14.25,16.25,74.5,0.4391891891891892,2.0135135135135136,90,14964.5,14963.25,14994.0,14963.25,40.0,2.0,1m,0.0
2021-07-30,2021,IS,1,bull,B,2021-07-30 08:32:00-04:00,2021-07-30 08:33:00-04:00,2021-07-30 16:00:00-04:00,14875.75,14811.0,15005.25,64.75,14956.0,80.0,1.2355212355212355,time_exit,False,False,False,14869.0,6.75,24.25,104.25,0.3745173745173745,1.61003861003861,447,14821.0,14811.25,14873.0,14869.75,40.0,2.0,1m,0.0
2021-08-02,2021,IS,1,bull,C,2021-08-02 10:12:00-04:00,2021-08-02 10:13:00-04:00,2021-08-02 12:08:00-04:00,14995.5,14966.5,15053.5,29.0,14966.5,-29.25,-1.0086206896551724,stop,False,False,False,15027.75,-32.25,31.0,56.0,1.0689655172413792,1.9310344827586208,115,14969.0,14966.75,14990.0,14966.75,40.0,2.0,1m,0.0
2021-08-03,2021,IS,1,bull,C,2021-08-03 11:43:00-04:00,2021-08-03 11:44:00-04:00,2021-08-03 11:57:00-04:00,14960.5,14938.75,15004.0,21.75,15004.0,43.25,1.9885057471264367,target,False,False,False,14986.0,-25.5,6.25,56.25,0.28735632183908044,2.586206896551724,13,14942.0,14939.0,14953.0,14939.0,40.0,2.0,1m,0.0
2021-08-04,2021,IS,1,bull,C,2021-08-04 09:27:00-04:00,2021-08-04 09:28:00-04:00,2021-08-04 09:52:00-04:00,15040.25,15019.75,15081.25,20.5,15019.75,-20.75,-1.0121951219512195,stop,False,False,False,15044.75,-4.5,21.75,29.25,1.0609756097560976,1.4268292682926829,24,15021.25,15020.0,15038.0,15020.0,40.0,2.0,1m,0.0
2021-08-05,2021,IS,-1,bear,C,2021-08-05 09:57:00-04:00,2021-08-05 09:58:00-04:00,2021-08-05 10:00:00-04:00,15111.0,15129.0,15075.0,18.0,15129.0,-18.25,-1.0138888888888888,stop,False,False,False,15101.5,-9.5,20.5,1.75,1.1388888888888888,0.09722222222222222,2,15117.25,15128.75,15124.5,15118.25,40.0,2.0,1m,0.0
2021-08-09,2021,IS,1,bull,A,2021-08-09 08:00:00-04:00,2021-08-09 08:01:00-04:00,2021-08-09 16:00:00-04:00,15116.0,15003.0,15342.0,113.0,15122.75,6.5,0.05752212389380531,time_exit,False,False,False,15115.5,0.5,47.0,29.5,0.415929203539823,0.2610619469026549,479,15047.25,15003.25,15048.0,15047.5,40.0,2.0,1m,0.0
2021-08-11,2021,IS,1,bull,C,2021-08-11 11:24:00-04:00,2021-08-11 11:25:00-04:00,2021-08-11 11:48:00-04:00,14994.0,14972.75,15036.5,21.25,14972.75,-21.5,-1.011764705882353,stop,False,False,False,15098.25,-104.25,21.75,8.75,1.0235294117647058,0.4117647058823529,23,14976.25,14973.0,14991.0,14973.0,40.0,2.0,1m,0.0
2021-08-12,2021,IS,1,bull,B,2021-08-12 08:01:00-04:00,2021-08-12 08:02:00-04:00,2021-08-12 09:30:00-04:00,15028.25,14982.75,15119.25,45.5,14982.75,-45.75,-1.0054945054945055,stop,False,False,False,14999.5,28.75,50.5,0.75,1.10989010989011,0.016483516483516484,88,14990.25,14983.0,15024.75,15022.5,40.0,2.0,1m,0.0
2021-08-13,2021,IS,1,bull,C,2021-08-13 08:02:00-04:00,2021-08-13 08:03:00-04:00,2021-08-13 09:00:00-04:00,15063.5,15055.0,15080.5,8.5,15080.5,16.75,1.9705882352941178,target,False,False,False,15089.0,-25.5,3.25,17.0,0.38235294117647056,2.0,57,15057.75,15055.25,15061.0,15055.25,40.0,2.0,1m,0.0
2021-08-16,2021,IS,1,bull,C,2021-08-16 13:41:00-04:00,2021-08-16 13:42:00-04:00,2021-08-16 16:00:00-04:00,15064.0,14917.0,15358.0,147.0,15134.0,69.75,0.4744897959183674,time_exit,False,False,False,15079.75,-15.75,2.25,73.0,0.015306122448979591,0.4965986394557823,138,15061.0,14917.25,15060.0,15056.75,40.0,2.0,1m,0.0
2021-08-18,2021,IS,1,bull,C,2021-08-18 14:22:00-04:00,2021-08-18 14:23:00-04:00,2021-08-18 14:30:00-04:00,14962.75,14941.75,15004.75,21.0,15004.75,41.75,1.9880952380952381,target,False,False,False,14978.75,-16.0,7.75,45.0,0.36904761904761907,2.142857142857143,7,14951.5,14942.0,14959.25,14942.0,40.0,2.0,1m,0.0
2021-09-03,2021,IS,1,bull,C,2021-09-03 09:58:00-04:00,2021-09-03 09:59:00-04:00,2021-09-03 16:00:00-04:00,15626.25,15582.0,15714.75,44.25,15652.25,25.75,0.5819209039548022,time_exit,False,False,False,15555.75,70.5,22.5,43.5,0.5084745762711864,0.9830508474576272,361,15595.5,15582.25,15625.0,15582.25,40.0,2.0,1m,0.0
2021-09-28,2021,IS,-1,bear,B,2021-09-28 08:00:00-04:00,2021-09-28 08:01:00-04:00,2021-09-28 16:00:00-04:00,14974.5,15192.5,14538.5,218.0,14763.75,210.5,0.9655963302752294,time_exit,False,False,False,15001.5,27.0,54.5,233.75,0.25,1.0722477064220184,479,15192.0,15192.25,14987.25,14984.75,40.0,2.0,1m,0.0
2021-09-30,2021,IS,-1,bear,B,2021-09-30 08:13:00-04:00,2021-09-30 08:14:00-04:00,2021-09-30 16:00:00-04:00,14801.25,14883.75,14636.25,82.5,14676.75,124.25,1.506060606060606,time_exit,False,False,False,14809.75,8.5,77.5,131.0,0.9393939393939394,1.587878787878788,466,14848.0,14883.5,14812.0,14803.75,40.0,2.0,1m,0.0
2021-10-06,2021,IS,-1,bear,C,2021-10-06 10:37:00-04:00,2021-10-06 10:38:00-04:00,2021-10-06 10:49:00-04:00,14634.25,14682.75,14537.25,48.5,14682.75,-48.75,-1.0051546391752577,stop,False,False,False,14522.0,-112.25,50.5,10.5,1.041237113402062,0.21649484536082475,11,14674.75,14682.5,14682.5,14644.25,40.0,2.0,1m,0.0
2021-10-07,2021,IS,-1,bear,C,2021-10-07 14:05:00-04:00,2021-10-07 14:06:00-04:00,2021-10-07 16:00:00-04:00,14943.75,15001.5,14828.25,57.75,14886.25,57.25,0.9913419913419913,time_exit,False,False,False,14882.25,-61.5,10.5,75.25,0.18181818181818182,1.303030303030303,114,14951.0,15001.25,14967.5,14960.25,40.0,2.0,1m,0.0
2021-10-08,2021,IS,-1,bear,C,2021-10-08 08:47:00-04:00,2021-10-08 08:48:00-04:00,2021-10-08 16:00:00-04:00,14927.5,14996.25,14790.0,68.75,14811.5,115.75,1.6836363636363636,time_exit,False,False,False,14933.25,5.75,46.75,136.75,0.68,1.989090909090909,432,14935.5,14996.0,14973.0,14961.25,40.0,2.0,1m,0.0
2021-10-11,2021,IS,-1,bear,C,2021-10-11 12:06:00-04:00,2021-10-11 12:07:00-04:00,2021-10-11 16:00:00-04:00,14827.0,14897.5,14686.0,70.5,14699.5,127.25,1.8049645390070923,time_exit,False,False,False,14748.25,-78.75,14.25,130.75,0.20212765957446807,1.8546099290780143,233,14829.0,14897.25,14853.5,14847.25,40.0,2.0,1m,0.0
2021-10-12,2021,IS,-1,bear,C,2021-10-12 08:41:00-04:00,2021-10-12 08:42:00-04:00,2021-10-12 09:44:00-04:00,14752.5,14783.5,14690.5,31.0,14690.5,61.75,1.9919354838709677,target,False,False,False,14759.75,7.25,26.5,63.5,0.8548387096774194,2.0483870967741935,62,14758.75,14783.25,14768.75,14765.5,40.0,2.0,1m,0.0
2021-10-13,2021,IS,-1,bear,C,2021-10-13 09:32:00-04:00,2021-10-13 09:33:00-04:00,2021-10-13 09:35:00-04:00,14724.0,14755.0,14662.0,31.0,14755.0,-31.25,-1.0080645161290323,stop,False,False,False,14746.75,22.75,51.5,6.0,1.6612903225806452,0.1935483870967742,2,14745.0,14754.75,14748.0,14742.75,40.0,2.0,1m,0.0
2021-10-14,2021,IS,-1,bear,C,2021-10-14 08:02:00-04:00,2021-10-14 08:03:00-04:00,2021-10-14 08:06:00-04:00,14909.0,14917.75,14891.5,8.75,14917.75,-9.0,-1.0285714285714285,stop,False,False,False,14919.25,10.25,13.75,1.75,1.5714285714285714,0.2,3,14915.75,14917.5,14917.5,14910.25,40.0,2.0,1m,0.0
2021-10-15,2021,IS,-1,bear,B,2021-10-15 08:06:00-04:00,2021-10-15 08:07:00-04:00,2021-10-15 11:00:00-04:00,15084.75,15113.0,15028.25,28.25,15113.0,-28.5,-1.008849557522124,stop,False,False,False,15088.75,4.0,33.0,38.75,1.168141592920354,1.3716814159292035,173,15103.25,15112.75,15089.75,15087.0,40.0,2.0,1m,0.0
2021-10-18,2021,IS,-1,bear,A,2021-10-18 08:02:00-04:00,2021-10-18 08:03:00-04:00,2021-10-18 10:50:00-04:00,15085.5,15163.75,14929.0,78.25,15163.75,-78.5,-1.0031948881789137,stop,False,False,False,15076.5,-9.0,81.0,36.5,1.035143769968051,0.46645367412140576,167,15145.0,15163.5,15088.5,15087.0,40.0,2.0,1m,0.0
2021-11-30,2021,IS,-1,bear,A,2021-11-30 08:14:00-05:00,2021-11-30 08:15:00-05:00,2021-11-30 10:06:00-05:00,16296.75,16441.25,16007.75,144.5,16441.25,-144.75,-1.0017301038062283,stop,False,False,False,16355.0,58.25,148.25,7.75,1.0259515570934257,0.05363321799307959,111,16437.75,16441.0,16313.5,16302.5,40.0,2.0,1m,0.0
2021-12-01,2021,IS,-1,bear,C,2021-12-01 11:31:00-05:00,2021-12-01 11:32:00-05:00,2021-12-01 11:49:00-05:00,16388.75,16409.0,16348.25,20.25,16409.0,-20.5,-1.0123456790123457,stop,False,False,False,16339.0,-49.75,20.75,14.25,1.0246913580246915,0.7037037037037037,17,16403.5,16408.75,16408.75,16390.25,40.0,2.0,1m,0.0
2021-12-02,2021,IS,-1,bear,B,2021-12-02 08:22:00-05:00,2021-12-02 08:23:00-05:00,2021-12-02 09:54:00-05:00,15846.75,15993.25,15553.75,146.5,15993.25,-146.75,-1.0017064846416381,stop,False,False,False,15823.0,-23.75,157.25,58.25,1.0733788395904438,0.39761092150170646,91,15988.0,15993.0,15863.75,15847.5,40.0,2.0,1m,0.0
2021-12-03,2021,IS,-1,bear,C,2021-12-03 08:23:00-05:00,2021-12-03 08:24:00-05:00,2021-12-03 08:30:00-05:00,16027.5,16046.75,15989.0,19.25,16046.75,-19.5,-1.0129870129870129,stop,False,False,False,16047.25,19.75,60.5,3.25,3.142857142857143,0.16883116883116883,6,16027.75,16046.5,16036.0,16029.25,40.0,2.0,1m,0.0
2021-12-06,2021,IS,-1,bear,B,2021-12-06 08:00:00-05:00,2021-12-06 08:01:00-05:00,2021-12-06 12:54:00-05:00,15652.75,15809.25,15339.75,156.5,15809.25,-156.75,-1.0015974440894568,stop,False,False,False,15734.25,81.5,160.25,93.5,1.023961661341853,0.597444089456869,293,15773.5,15809.0,15665.25,15663.0,40.0,2.0,1m,0.0
2021-12-07,2021,IS,-1,bear,C,2021-12-07 09:37:00-05:00,2021-12-07 09:38:00-05:00,2021-12-07 09:45:00-05:00,16134.5,16177.25,16049.0,42.75,16177.25,-43.0,-1.0058479532163742,stop,False,False,False,16119.75,-14.75,53.75,12.5,1.2573099415204678,0.29239766081871343,7,16167.25,16177.0,16177.0,16150.25,40.0,2.0,1m,0.0
2021-12-08,2021,IS,-1,bear,B,2021-12-08 08:04:00-05:00,2021-12-08 08:05:00-05:00,2021-12-08 16:00:00-05:00,16355.75,16437.0,16193.25,81.25,16388.25,-32.75,-0.40307692307692305,time_exit,False,False,False,16330.5,-25.25,42.0,104.25,0.5169230769230769,1.283076923076923,475,16417.75,16436.75,16363.0,16358.5,40.0,2.0,1m,0.0
2021-12-10,2021,IS,-1,bear,B,2021-12-10 08:01:00-05:00,2021-12-10 08:02:00-05:00,2021-12-10 08:30:00-05:00,16185.0,16229.75,16095.5,44.75,16229.75,-45.0,-1.005586592178771,stop,False,False,False,16268.75,83.75,70.0,9.25,1.5642458100558658,0.20670391061452514,28,16193.75,16229.5,16188.75,16186.25,40.0,2.0,1m,0.0
2021-12-13,2021,IS,-1,bear,B,2021-12-13 08:19:00-05:00,2021-12-13 08:20:00-05:00,2021-12-13 09:29:00-05:00,16386.5,16413.25,16333.0,26.75,16333.0,53.25,1.9906542056074767,target,False,False,False,16326.5,-60.0,11.75,60.0,0.4392523364485981,2.2429906542056073,69,16406.5,16413.0,16393.25,16388.5,40.0,2.0,1m,0.0
2021-12-14,2021,IS,-1,bear,B,2021-12-14 08:05:00-05:00,2021-12-14 08:06:00-05:00,2021-12-14 16:00:00-05:00,15996.0,16133.0,15722.0,137.0,15926.0,69.75,0.5091240875912408,time_exit,False,False,False,15882.25,-113.75,23.0,262.0,0.1678832116788321,1.9124087591240877,474,16111.75,16132.75,16002.25,15997.25,40.0,2.0,1m,0.0
2021-12-15,2021,IS,-1,bear,B,2021-12-15 08:07:00-05:00,2021-12-15 08:08:00-05:00,2021-12-15 08:30:00-05:00,15894.25,15962.0,15758.75,67.75,15962.0,-68.0,-1.003690036900369,stop,False,False,False,15908.0,13.75,68.5,5.0,1.011070110701107,0.07380073800738007,22,15953.25,15961.75,15901.25,15897.75,40.0,2.0,1m,0.0
2021-12-17,2021,IS,-1,bear,C,2021-12-17 10:56:00-05:00,2021-12-17 10:57:00-05:00,2021-12-17 11:11:00-05:00,15869.5,15915.75,15777.0,46.25,15915.75,-46.5,-1.0054054054054054,stop,False,False,False,15713.25,-156.25,49.75,13.5,1.0756756756756756,0.2918918918918919,14,15897.5,15915.5,15915.5,15898.75,40.0,2.0,1m,0.0
2021-12-20,2021,IS,1,bull,C,2021-12-20 11:43:00-05:00,2021-12-20 11:44:00-05:00,2021-12-20 12:18:00-05:00,15526.25,15495.0,15588.75,31.25,15588.75,62.25,1.992,target,False,False,False,15578.0,-51.75,24.75,64.0,0.792,2.048,34,15503.0,15495.25,15513.5,15495.25,40.0,2.0,1m,0.0
2021-12-21,2021,IS,1,bull,C,2021-12-21 10:17:00-05:00,2021-12-21 10:18:00-05:00,2021-12-21 10:23:00-05:00,15701.75,15668.75,15767.75,33.0,15668.75,-33.25,-1.0075757575757576,stop,False,False,False,15762.25,-60.5,41.25,6.25,1.25,0.1893939393939394,5,15670.0,15669.0,15699.25,15669.0,40.0,2.0,1m,0.0
2021-12-22,2021,IS,1,bull,B,2021-12-22 09:08:00-05:00,2021-12-22 09:09:00-05:00,2021-12-22 11:18:00-05:00,15961.75,15881.25,16122.75,80.5,16122.75,160.75,1.9968944099378882,target,False,False,False,15962.25,-0.5,28.5,161.75,0.35403726708074534,2.0093167701863353,129,15921.5,15881.5,15959.5,15955.5,40.0,2.0,1m,0.0
2021-12-23,2021,IS,1,bull,B,2021-12-23 08:01:00-05:00,2021-12-23 08:02:00-05:00,2021-12-23 16:00:00-05:00,16219.5,16145.0,16368.5,74.5,16293.75,74.0,0.9932885906040269,time_exit,False,False,False,16184.5,35.0,49.25,136.5,0.6610738255033557,1.832214765100671,478,16162.75,16145.25,16213.75,16212.0,40.0,2.0,1m,0.0
2021-12-28,2021,IS,1,bull,C,2021-12-28 09:41:00-05:00,2021-12-28 09:42:00-05:00,2021-12-28 10:08:00-05:00,16569.75,16532.25,16644.75,37.5,16532.25,-37.75,-1.0066666666666666,stop,False,False,False,16601.5,-31.75,39.25,26.0,1.0466666666666666,0.6933333333333334,26,16533.0,16532.5,16558.0,16532.5,40.0,2.0,1m,0.0
2021-12-29,2021,IS,1,bull,C,2021-12-29 08:07:00-05:00,2021-12-29 08:08:00-05:00,2021-12-29 08:23:00-05:00,16505.25,16492.5,16530.75,12.75,16492.5,-13.0,-1.0196078431372548,stop,False,False,False,16496.5,8.75,14.25,5.0,1.1176470588235294,0.39215686274509803,15,16498.25,16492.75,16502.75,16492.75,40.0,2.0,1m,0.0
2021-12-31,2021,IS,1,bull,A,2021-12-31 08:17:00-05:00,2021-12-31 08:18:00-05:00,2021-12-31 12:18:00-05:00,16418.25,16350.5,16553.75,67.75,16350.5,-68.0,-1.003690036900369,stop,False,False,False,16408.0,10.25,71.0,45.75,1.047970479704797,0.6752767527675276,240,16411.25,16350.75,16416.0,16415.25,40.0,2.0,1m,0.0
2022-01-03,2022,Validation,1,bull,C,2022-01-03 10:14:00-05:00,2022-01-03 10:15:00-05:00,2022-01-03 14:16:00-05:00,16388.25,16347.75,16469.25,40.5,16469.25,80.75,1.9938271604938271,target,False,False,False,16383.0,5.25,39.0,82.75,0.9629629629629629,2.04320987654321,241,16356.0,16348.0,16383.75,16348.0,40.0,2.0,1m,0.0
2022-01-05,2022,Validation,1,bull,B,2022-01-05 08:00:00-05:00,2022-01-05 08:01:00-05:00,2022-01-05 09:32:00-05:00,16217.0,16171.5,16308.0,45.5,16171.5,-45.75,-1.0054945054945055,stop,False,False,False,16200.25,16.75,95.75,12.75,2.1043956043956045,0.2802197802197802,91,16176.0,16171.75,16208.0,16205.5,40.0,2.0,1m,0.0
2022-01-06,2022,Validation,1,bull,C,2022-01-06 10:08:00-05:00,2022-01-06 10:09:00-05:00,2022-01-06 10:11:00-05:00,15655.75,15618.75,15729.75,37.0,15618.75,-37.25,-1.0067567567567568,stop,False,False,False,15691.0,-35.25,55.5,0.0,1.5,0.0,2,15620.25,15619.0,15641.5,15619.0,40.0,2.0,1m,0.0
2022-01-07,2022,Validation,1,bull,B,2022-01-07 08:00:00-05:00,2022-01-07 08:01:00-05:00,2022-01-07 08:38:00-05:00,15783.5,15666.25,16018.0,117.25,15666.25,-117.5,-1.0021321961620469,stop,False,False,False,15757.0,26.5,135.75,41.25,1.1577825159914712,0.35181236673773986,37,15760.25,15666.5,15780.75,15765.25,40.0,2.0,1m,0.0
2022-01-10,2022,Validation,1,bull,C,2022-01-10 08:03:00-05:00,2022-01-10 08:04:00-05:00,2022-01-10 09:17:00-05:00,15386.0,15363.0,15432.0,23.0,15363.0,-23.25,-1.0108695652173914,stop,False,False,False,15377.0,9.0,30.25,33.0,1.315217391304348,1.434782608695652,73,15368.25,15363.25,15380.25,15363.25,40.0,2.0,1m,0.0
2022-01-11,2022,Validation,1,bull,B,2022-01-11 08:02:00-05:00,2022-01-11 08:03:00-05:00,2022-01-11 09:15:00-05:00,15652.75,15564.5,15829.25,88.25,15564.5,-88.5,-1.0028328611898016,stop,False,False,False,15565.5,87.25,96.25,19.5,1.0906515580736544,0.22096317280453256,72,15573.5,15564.75,15650.0,15642.5,40.0,2.0,1m,0.0
2022-01-12,2022,Validation,1,bull,B,2022-01-12 08:00:00-05:00,2022-01-12 08:01:00-05:00,2022-01-12 16:00:00-05:00,15865.0,15762.25,16070.5,102.75,15896.0,30.75,0.29927007299270075,time_exit,False,False,False,15938.5,-73.5,67.75,144.25,0.6593673965936739,1.4038929440389294,479,15806.0,15762.5,15864.0,15859.0,40.0,2.0,1m,0.0
2022-01-14,2022,Validation,1,bull,A,2022-01-14 09:38:00-05:00,2022-01-14 09:39:00-05:00,2022-01-14 13:23:00-05:00,15514.0,15413.75,15714.5,100.25,15413.75,-100.5,-1.0024937655860349,stop,False,False,False,15389.25,124.75,106.5,86.5,1.0623441396508728,0.8628428927680798,224,15458.25,15414.0,15508.0,15504.25,40.0,2.0,1m,0.0
2022-01-18,2022,Validation,1,bull,C,2022-01-18 11:36:00-05:00,2022-01-18 11:37:00-05:00,2022-01-18 11:39:00-05:00,15278.0,15254.25,15325.5,23.75,15325.5,47.25,1.9894736842105263,target,False,False,False,15347.75,-69.75,2.25,49.25,0.09473684210526316,2.0736842105263156,2,15270.0,15254.5,15263.0,15254.5,40.0,2.0,1m,0.0
2022-02-23,2022,Validation,1,bull,C,2022-02-23 09:57:00-05:00,2022-02-23 09:58:00-05:00,2022-02-23 10:00:00-05:00,13923.0,13888.25,13992.5,34.75,13888.25,-35.0,-1.0071942446043165,stop,False,False,False,13995.5,-72.5,58.0,3.0,1.669064748201439,0.08633093525179857,2,13912.25,13888.5,13906.0,13888.5,40.0,2.0,1m,0.0
2022-03-07,2022,Validation,-1,bear,B,2022-03-07 08:00:00-05:00,2022-03-07 08:01:00-05:00,2022-03-07 08:35:00-05:00,13712.75,13775.75,13586.75,63.0,13775.75,-63.25,-1.003968253968254,stop,False,False,False,13831.0,118.25,78.0,9.0,1.2380952380952381,0.14285714285714285,34,13763.5,13775.5,13749.75,13740.75,40.0,2.0,1m,0.0
2022-03-08,2022,Validation,-1,bear,B,2022-03-08 08:01:00-05:00,2022-03-08 08:02:00-05:00,2022-03-08 12:13:00-05:00,13285.5,13425.25,13006.0,139.75,13425.25,-140.0,-1.0017889087656529,stop,False,False,False,13286.25,0.75,144.0,167.25,1.0304114490161003,1.1967799642218246,251,13380.0,13425.0,13313.0,13301.25,40.0,2.0,1m,0.0
2022-03-09,2022,Validation,-1,bear,C,2022-03-09 08:05:00-05:00,2022-03-09 08:06:00-05:00,2022-03-09 08:31:00-05:00,13562.25,13592.0,13502.75,29.75,13592.0,-30.0,-1.0084033613445378,stop,False,False,False,13603.25,41.0,35.75,11.5,1.2016806722689075,0.3865546218487395,25,13575.0,13591.75,13591.75,13574.0,40.0,2.0,1m,0.0
2022-03-14,2022,Validation,-1,bear,B,2022-03-14 09:33:00-04:00,2022-03-14 09:34:00-04:00,2022-03-14 16:00:00-04:00,13223.25,13441.75,12786.25,218.5,13049.5,173.5,0.7940503432494279,time_exit,False,False,False,13246.5,23.25,166.0,207.75,0.7597254004576659,0.9508009153318078,386,13407.75,13441.5,13256.0,13238.25,40.0,2.0,1m,0.0
2022-03-15,2022,Validation,1,bull,B,2022-03-15 08:00:00-04:00,2022-03-15 08:01:00-04:00,2022-03-15 11:31:00-04:00,13084.75,12942.25,13369.75,142.5,13369.75,284.75,1.9982456140350877,target,False,False,False,13155.5,-70.75,10.25,287.25,0.07192982456140351,2.0157894736842104,210,13048.75,12942.5,13078.0,13072.75,40.0,2.0,1m,0.0
2022-03-17,2022,Validation,1,bull,C,2022-03-17 08:58:00-04:00,2022-03-17 08:59:00-04:00,2022-03-17 09:32:00-04:00,13856.0,13832.25,13903.5,23.75,13832.25,-24.0,-1.0105263157894737,stop,False,False,False,13872.25,-16.25,37.0,21.5,1.5578947368421052,0.9052631578947369,33,13837.25,13832.5,13846.0,13832.5,40.0,2.0,1m,0.0
2022-03-21,2022,Validation,1,bull,B,2022-03-21 08:12:00-04:00,2022-03-21 08:13:00-04:00,2022-03-21 09:54:00-04:00,14404.0,14306.75,14598.5,97.25,14306.75,-97.5,-1.0025706940874035,stop,False,False,False,14371.5,32.5,108.5,62.75,1.1156812339331619,0.6452442159383034,101,14341.0,14307.0,14402.75,14394.75,40.0,2.0,1m,0.0
2022-03-23,2022,Validation,-1,bear,C,2022-03-23 12:05:00-04:00,2022-03-23 12:06:00-04:00,2022-03-23 12:13:00-04:00,14646.0,14677.75,14582.5,31.75,14582.5,63.25,1.9921259842519685,target,False,False,False,14531.75,-114.25,1.0,64.5,0.031496062992125984,2.031496062992126,7,14677.0,14677.5,14677.5,14657.0,40.0,2.0,1m,0.0
2022-03-31,2022,Validation,1,bull,B,2022-03-31 08:00:00-04:00,2022-03-31 08:01:00-04:00,2022-03-31 09:29:00-04:00,15116.75,15077.0,15196.25,39.75,15077.0,-40.0,-1.0062893081761006,stop,False,False,False,15080.25,36.5,44.5,18.5,1.119496855345912,0.46540880503144655,88,15097.0,15077.25,15112.25,15109.5,40.0,2.0,1m,0.0
2022-04-01,2022,Validation,1,bull,C,2022-04-01 09:37:00-04:00,2022-04-01 09:38:00-04:00,2022-04-01 09:40:00-04:00,14904.5,14864.0,14985.5,40.5,14864.0,-40.75,-1.0061728395061729,stop,False,False,False,14899.25,5.25,48.25,0.75,1.191358024691358,0.018518518518518517,2,14875.5,14864.25,14896.5,14864.25,40.0,2.0,1m,0.0
2022-04-05,2022,Validation,1,bull,C,2022-04-05 08:26:00-04:00,2022-04-05 08:27:00-04:00,2022-04-05 08:56:00-04:00,15117.75,15108.0,15137.25,9.75,15108.0,-10.0,-1.0256410256410255,stop,False,False,False,15105.25,12.5,14.5,6.5,1.4871794871794872,0.6666666666666666,29,15110.5,15108.25,15115.75,15108.25,40.0,2.0,1m,0.0
2022-04-07,2022,Validation,1,bull,C,2022-04-07 10:50:00-04:00,2022-04-07 10:51:00-04:00,2022-04-07 11:11:00-04:00,14464.25,14430.75,14531.25,33.5,14430.75,-33.75,-1.007462686567164,stop,False,False,False,14467.25,-3.0,35.25,43.25,1.0522388059701493,1.291044776119403,20,14433.75,14431.0,14452.5,14431.0,40.0,2.0,1m,0.0
2022-04-20,2022,Validation,1,bull,C,2022-04-20 10:09:00-04:00,2022-04-20 10:10:00-04:00,2022-04-20 10:20:00-04:00,14063.5,14037.0,14116.5,26.5,14116.5,52.75,1.990566037735849,target,False,False,False,14251.75,-188.25,3.0,55.5,0.11320754716981132,2.0943396226415096,10,14042.25,14037.25,14054.0,14037.25,40.0,2.0,1m,0.0
2022-04-21,2022,Validation,-1,bear,C,2022-04-21 08:06:00-04:00,2022-04-21 08:07:00-04:00,2022-04-21 08:19:00-04:00,14185.75,14194.0,14169.25,8.25,14169.25,16.25,1.9696969696969697,target,False,False,False,14172.5,-13.25,2.75,16.5,0.3333333333333333,2.0,12,14189.0,14193.75,14193.75,14187.5,40.0,2.0,1m,0.0
2022-04-22,2022,Validation,-1,bear,C,2022-04-22 08:20:00-04:00,2022-04-22 08:21:00-04:00,2022-04-22 08:27:00-04:00,13761.25,13771.5,13740.75,10.25,13771.5,-10.5,-1.024390243902439,stop,False,False,False,13725.5,-35.75,19.75,6.0,1.9268292682926829,0.5853658536585366,6,13760.5,13771.25,13771.25,13763.0,40.0,2.0,1m,0.0
2022-04-25,2022,Validation,-1,bear,C,2022-04-25 09:39:00-04:00,2022-04-25 09:40:00-04:00,2022-04-25 10:25:00-04:00,13305.0,13366.5,13182.0,61.5,13366.5,-61.75,-1.0040650406504066,stop,False,False,False,13289.0,-16.0,86.5,69.0,1.4065040650406504,1.1219512195121952,45,13360.0,13366.25,13366.25,13333.75,40.0,2.0,1m,0.0
2022-04-28,2022,Validation,-1,bear,C,2022-04-28 12:50:00-04:00,2022-04-28 12:51:00-04:00,2022-04-28 13:01:00-04:00,13331.75,13372.25,13250.75,40.5,13372.25,-40.75,-1.0061728395061729,stop,False,False,False,13212.75,-119.0,42.25,14.25,1.0432098765432098,0.35185185185185186,10,13347.25,13372.0,13372.0,13349.5,40.0,2.0,1m,0.0
2022-04-29,2022,Validation,-1,bear,B,2022-04-29 08:36:00-04:00,2022-04-29 08:37:00-04:00,2022-04-29 09:59:00-04:00,13263.0,13420.75,12947.5,157.75,13420.75,-158.0,-1.0015847860538827,stop,False,False,False,13287.5,24.5,170.0,36.25,1.0776545166402536,0.22979397781299524,82,13353.5,13420.5,13275.0,13267.0,40.0,2.0,1m,0.0
2022-05-02,2022,Validation,-1,bear,B,2022-05-02 08:03:00-04:00,2022-05-02 08:04:00-04:00,2022-05-02 10:29:00-04:00,12774.0,12980.5,12361.0,206.5,12980.5,-206.75,-1.0012106537530265,stop,False,False,False,12840.75,66.75,220.25,31.25,1.0665859564164648,0.1513317191283293,145,12971.0,12980.25,12784.75,12778.75,40.0,2.0,1m,0.0
2022-05-03,2022,Validation,1,bull,B,2022-05-03 08:00:00-04:00,2022-05-03 08:01:00-04:00,2022-05-03 09:37:00-04:00,13066.5,13002.0,13195.5,64.5,13002.0,-64.75,-1.003875968992248,stop,False,False,False,13073.25,-6.75,76.75,55.0,1.189922480620155,0.8527131782945736,96,13028.5,13002.25,13064.0,13056.5,40.0,2.0,1m,0.0
2022-05-04,2022,Validation,1,bull,B,2022-05-04 08:00:00-04:00,2022-05-04 08:01:00-04:00,2022-05-04 09:31:00-04:00,13137.75,13080.0,13253.25,57.75,13080.0,-58.0,-1.0043290043290043,stop,False,False,False,13106.75,31.0,62.75,2.0,1.0865800865800865,0.03463203463203463,90,13088.0,13080.25,13134.0,13128.5,40.0,2.0,1m,0.0
2022-05-05,2022,Validation,-1,bear,B,2022-05-05 08:45:00-04:00,2022-05-05 08:46:00-04:00,2022-05-05 10:02:00-04:00,13410.75,13548.25,13135.75,137.5,13135.75,274.75,1.9981818181818183,target,False,False,False,13342.5,-68.25,7.0,281.5,0.05090909090909091,2.0472727272727274,76,13542.0,13548.0,13422.25,13415.25,40.0,2.0,1m,0.0
2022-05-16,2022,Validation,-1,bear,A,2022-05-16 09:21:00-04:00,2022-05-16 09:22:00-04:00,2022-05-16 16:00:00-04:00,12306.25,12499.0,11920.75,192.75,12247.0,59.0,0.30609597924773024,time_exit,False,False,False,12311.5,5.25,96.75,116.0,0.5019455252918288,0.6018158236057068,398,12432.0,12498.75,12315.75,12311.0,40.0,2.0,1m,0.0
2022-05-17,2022,Validation,-1,bear,C,2022-05-17 14:54:00-04:00,2022-05-17 14:55:00-04:00,2022-05-17 15:02:00-04:00,12516.0,12546.0,12456.0,30.0,12546.0,-30.25,-1.0083333333333333,stop,False,False,False,12491.25,-24.75,44.0,9.0,1.4666666666666666,0.3,7,12544.0,12545.75,12545.75,12517.25,40.0,2.0,1m,0.0
2022-05-18,2022,Validation,-1,bear,A,2022-05-18 08:00:00-04:00,2022-05-18 08:01:00-04:00,2022-05-18 13:09:00-04:00,12412.0,12594.25,12047.5,182.25,12047.5,364.25,1.9986282578875172,target,False,False,False,12368.25,-43.75,35.5,370.75,0.19478737997256515,2.034293552812071,308,12578.0,12594.0,12495.75,12491.75,40.0,2.0,1m,0.0
2022-05-19,2022,Validation,-1,bear,C,2022-05-19 09:42:00-04:00,2022-05-19 09:43:00-04:00,2022-05-19 09:45:00-04:00,11923.25,11954.5,11860.75,31.25,11860.75,62.25,1.992,target,False,False,False,11864.25,-59.0,3.5,65.25,0.112,2.088,2,11953.5,11954.25,11954.25,11928.25,40.0,2.0,1m,0.0
2022-05-23,2022,Validation,1,bull,C,2022-05-23 09:41:00-04:00,2022-05-23 09:42:00-04:00,2022-05-23 09:58:00-04:00,11910.75,11854.75,12022.75,56.0,11854.75,-56.25,-1.0044642857142858,stop,False,False,False,11884.75,26.0,58.25,66.75,1.0401785714285714,1.1919642857142858,16,11858.0,11855.0,11899.75,11855.0,40.0,2.0,1m,0.0
2022-05-24,2022,Validation,1,bull,B,2022-05-24 08:04:00-04:00,2022-05-24 08:05:00-04:00,2022-05-24 09:42:00-04:00,11840.5,11753.25,12015.0,87.25,11753.25,-87.5,-1.002865329512894,stop,False,False,False,11816.5,24.0,92.25,18.0,1.0573065902578798,0.20630372492836677,97,11820.0,11753.5,11836.25,11825.75,40.0,2.0,1m,0.0
2022-05-25,2022,Validation,1,bull,C,2022-05-25 08:31:00-04:00,2022-05-25 08:32:00-04:00,2022-05-25 09:30:00-04:00,11696.75,11671.75,11746.75,25.0,11746.75,49.75,1.99,target,False,False,False,11717.25,-20.5,8.0,54.5,0.32,2.18,58,11675.5,11672.0,11695.25,11672.0,40.0,2.0,1m,0.0
2022-05-26,2022,Validation,1,bull,B,2022-05-26 08:45:00-04:00,2022-05-26 08:46:00-04:00,2022-05-26 12:10:00-04:00,11982.25,11848.0,12250.75,134.25,12250.75,268.25,1.9981378026070764,target,False,False,False,11912.75,69.5,83.25,271.0,0.6201117318435754,2.0186219739292364,204,11860.0,11848.25,11978.5,11971.25,40.0,2.0,1m,0.0
2022-05-31,2022,Validation,1,bull,C,2022-05-31 08:28:00-04:00,2022-05-31 08:29:00-04:00,2022-05-31 08:33:00-04:00,12631.75,12614.0,12667.25,17.75,12614.0,-18.0,-1.0140845070422535,stop,False,False,False,12676.75,-45.0,23.75,0.0,1.3380281690140845,0.0,4,12615.5,12614.25,12621.75,12614.25,40.0,2.0,1m,0.0
2022-06-01,2022,Validation,1,bull,B,2022-06-01 08:00:00-04:00,2022-06-01 08:01:00-04:00,2022-06-01 10:35:00-04:00,12680.75,12581.25,12879.75,99.5,12581.25,-99.75,-1.0025125628140703,stop,False,False,False,12733.5,-52.75,111.25,142.75,1.1180904522613064,1.434673366834171,154,12646.5,12581.5,12660.5,12652.5,40.0,2.0,1m,0.0
2022-06-02,2022,Validation,1,bull,C,2022-06-02 09:42:00-04:00,2022-06-02 09:43:00-04:00,2022-06-02 09:57:00-04:00,12527.0,12487.75,12605.5,39.25,12487.75,-39.5,-1.0063694267515924,stop,False,False,False,12502.5,24.5,39.25,43.25,1.0,1.1019108280254777,14,12494.0,12488.0,12513.25,12488.0,40.0,2.0,1m,0.0
2022-06-03,2022,Validation,1,bull,C,2022-06-03 08:34:00-04:00,2022-06-03 08:35:00-04:00,2022-06-03 08:41:00-04:00,12799.5,12705.75,12987.0,93.75,12705.75,-94.0,-1.0026666666666666,stop,False,False,False,12673.5,126.0,98.25,0.0,1.048,0.0,6,12727.25,12706.0,12795.5,12706.0,40.0,2.0,1m,0.0
2022-06-07,2022,Validation,1,bull,C,2022-06-07 08:34:00-04:00,2022-06-07 08:35:00-04:00,2022-06-07 08:54:00-04:00,12455.25,12431.25,12503.25,24.0,12431.25,-24.25,-1.0104166666666667,stop,False,False,False,12457.0,-1.75,27.0,9.5,1.125,0.3958333333333333,19,12439.5,12431.5,12437.25,12431.5,40.0,2.0,1m,0.0
2022-06-08,2022,Validation,1,bull,B,2022-06-08 09:38:00-04:00,2022-06-08 09:39:00-04:00,2022-06-08 12:43:00-04:00,12703.0,12624.0,12861.0,79.0,12624.0,-79.25,-1.0031645569620253,stop,False,False,False,12673.75,29.25,84.5,80.0,1.0696202531645569,1.0126582278481013,184,12637.75,12624.25,12691.25,12684.0,40.0,2.0,1m,0.0
2022-06-09,2022,Validation,1,bull,A,2022-06-09 08:00:00-04:00,2022-06-09 08:01:00-04:00,2022-06-09 08:44:00-04:00,12644.0,12566.5,12799.0,77.5,12566.5,-77.75,-1.0032258064516129,stop,False,False,False,12542.75,101.25,94.0,0.75,1.2129032258064516,0.00967741935483871,43,12579.25,12566.75,12597.5,12595.0,40.0,2.0,1m,0.0
2022-06-10,2022,Validation,1,bull,B,2022-06-10 08:01:00-04:00,2022-06-10 08:02:00-04:00,2022-06-10 08:30:00-04:00,12313.0,12258.25,12422.5,54.75,12258.25,-55.0,-1.004566210045662,stop,False,False,False,12042.0,271.0,196.75,19.75,3.593607305936073,0.3607305936073059,28,12262.5,12258.5,12301.5,12292.5,40.0,2.0,1m,0.0
2022-06-13,2022,Validation,1,bull,C,2022-06-13 11:41:00-04:00,2022-06-13 11:42:00-04:00,2022-06-13 15:15:00-04:00,11440.5,11344.5,11632.5,96.0,11344.5,-96.25,-1.0026041666666667,stop,False,False,False,11494.75,-54.25,103.0,118.0,1.0729166666666667,1.2291666666666667,213,11456.5,11344.75,11434.25,11420.75,40.0,2.0,1m,0.0
2022-08-12,2022,Validation,-1,bear,C,2022-08-12 09:19:00-04:00,2022-08-12 09:20:00-04:00,2022-08-12 09:33:00-04:00,13404.5,13417.5,13378.5,13.0,13378.5,25.75,1.9807692307692308,target,False,False,False,13402.5,-2.0,11.75,33.5,0.9038461538461539,2.576923076923077,13,13408.0,13417.25,13412.0,13409.0,40.0,2.0,1m,0.0
2022-09-02,2022,Validation,1,bull,B,2022-09-02 08:03:00-04:00,2022-09-02 08:04:00-04:00,2022-09-02 08:30:00-04:00,12281.0,12240.25,12362.5,40.75,12240.25,-41.0,-1.0061349693251533,stop,True,False,False,12404.75,-123.75,48.5,99.0,1.1901840490797546,2.4294478527607364,26,12255.5,12240.5,12279.75,12272.75,40.0,2.0,1m,0.0
2022-09-05,2022,Validation,1,bull,C,2022-09-05 08:14:00-04:00,2022-09-05 08:15:00-04:00,2022-09-05 08:47:00-04:00,12064.25,12053.75,12085.25,10.5,12085.25,20.75,1.9761904761904763,target,False,False,False,12112.75,-48.5,8.25,23.75,0.7857142857142857,2.261904761904762,32,12054.75,12054.0,12063.25,12054.0,40.0,2.0,1m,0.0
2022-09-06,2022,Validation,1,bull,C,2022-09-06 11:08:00-04:00,2022-09-06 11:09:00-04:00,2022-09-06 11:10:00-04:00,12130.75,12097.5,12197.25,33.25,12097.5,-33.5,-1.0075187969924813,stop,False,False,False,12128.25,2.5,34.0,5.5,1.0225563909774436,0.16541353383458646,1,12112.0,12097.75,12113.75,12097.75,40.0,2.0,1m,0.0
2022-09-07,2022,Validation,1,bull,A,2022-09-07 08:00:00-04:00,2022-09-07 08:01:00-04:00,2022-09-07 13:37:00-04:00,12009.75,11921.25,12186.75,88.5,12186.75,176.75,1.997175141242938,target,False,False,False,12039.75,-30.0,32.5,182.5,0.3672316384180791,2.062146892655367,336,11930.0,11921.5,11985.0,11980.25,40.0,2.0,1m,0.0
2022-09-08,2022,Validation,1,bull,B,2022-09-08 08:00:00-04:00,2022-09-08 08:01:00-04:00,2022-09-08 08:33:00-04:00,12254.5,12224.5,12314.5,30.0,12224.5,-30.25,-1.0083333333333333,stop,False,False,False,12175.75,78.75,35.5,36.25,1.1833333333333333,1.2083333333333333,32,12249.75,12224.75,12249.0,12244.75,40.0,2.0,1m,0.0
2022-09-15,2022,Validation,1,bull,C,2022-09-15 08:11:00-04:00,2022-09-15 08:12:00-04:00,2022-09-15 08:21:00-04:00,12170.0,12154.0,12202.0,16.0,12154.0,-16.25,-1.015625,stop,False,False,False,12131.25,38.75,16.75,8.0,1.046875,0.5,9,12156.5,12154.25,12168.25,12154.25,40.0,2.0,1m,0.0
2022-09-20,2022,Validation,1,bull,C,2022-09-20 08:13:00-04:00,2022-09-20 08:14:00-04:00,2022-09-20 08:22:00-04:00,11944.5,11932.75,11968.0,11.75,11932.75,-12.0,-1.0212765957446808,stop,False,False,False,11916.5,28.0,15.5,3.0,1.3191489361702127,0.2553191489361702,8,11943.75,11933.0,11939.75,11934.5,40.0,2.0,1m,0.0
2022-09-21,2022,Validation,1,bull,B,2022-09-21 08:06:00-04:00,2022-09-21 08:07:00-04:00,2022-09-21 14:01:00-04:00,11943.5,11861.25,12108.0,82.25,11861.25,-82.5,-1.0030395136778116,stop,False,False,False,11962.5,-19.0,108.5,119.5,1.3191489361702127,1.452887537993921,354,11910.5,11861.5,11942.5,11938.0,40.0,2.0,1m,0.0
2022-09-29,2022,Validation,1,bull,C,2022-09-29 08:39:00-04:00,2022-09-29 08:40:00-04:00,2022-09-29 09:39:00-04:00,11378.5,11332.25,11471.0,46.25,11332.25,-46.5,-1.0054054054054054,stop,False,False,False,11387.0,-8.5,52.0,37.75,1.1243243243243244,0.8162162162162162,59,11360.0,11332.5,11355.75,11332.5,40.0,2.0,1m,0.0
2022-09-30,2022,Validation,1,bull,C,2022-09-30 10:33:00-04:00,2022-09-30 10:34:00-04:00,2022-09-30 13:43:00-04:00,11303.5,11164.25,11582.0,139.25,11164.25,-139.5,-1.0017953321364452,stop,False,False,False,11186.5,117.0,141.25,53.75,1.014362657091562,0.3859964093357271,189,11180.0,11164.5,11294.25,11164.5,40.0,2.0,1m,0.0
2022-10-11,2022,Validation,1,bull,B,2022-10-11 08:00:00-04:00,2022-10-11 08:01:00-04:00,2022-10-11 09:48:00-04:00,10935.25,10853.0,11099.75,82.25,10853.0,-82.5,-1.0030395136778116,stop,False,False,False,10920.0,15.25,91.0,55.5,1.1063829787234043,0.6747720364741642,107,10913.25,10853.25,10920.25,10914.5,40.0,2.0,1m,0.0
2022-10-14,2022,Validation,1,bull,B,2022-10-14 08:00:00-04:00,2022-10-14 08:01:00-04:00,2022-10-14 08:49:00-04:00,11041.25,10988.0,11147.75,53.25,11147.75,106.25,1.9953051643192488,target,False,False,False,11181.25,-140.0,3.0,107.0,0.056338028169014086,2.0093896713615025,48,11021.75,10988.25,11036.75,11027.25,40.0,2.0,1m,0.0
2022-10-26,2022,Validation,-1,bear,B,2022-10-26 08:05:00-04:00,2022-10-26 08:06:00-04:00,2022-10-26 10:19:00-04:00,11503.75,11568.75,11373.75,65.0,11568.75,-65.25,-1.0038461538461538,stop,False,False,False,11474.5,-29.25,68.75,70.75,1.0576923076923077,1.0884615384615384,133,11525.25,11568.5,11521.0,11513.0,40.0,2.0,1m,0.0
2022-10-28,2022,Validation,1,bull,B,2022-10-28 08:30:00-04:00,2022-10-28 08:31:00-04:00,2022-10-28 10:40:00-04:00,11182.75,11061.75,11424.75,121.0,11424.75,241.75,1.9979338842975207,target,False,False,False,11213.75,-31.0,72.25,243.0,0.5971074380165289,2.0082644628099175,129,11122.75,11062.0,11135.5,11129.0,40.0,2.0,1m,0.0
2022-11-02,2022,Validation,1,bull,C,2022-11-02 08:22:00-04:00,2022-11-02 08:23:00-04:00,2022-11-02 09:32:00-04:00,11335.0,11295.25,11414.5,39.75,11295.25,-40.0,-1.0062893081761006,stop,False,False,False,11330.0,5.0,54.5,16.5,1.371069182389937,0.41509433962264153,69,11318.75,11295.5,11324.75,11309.75,40.0,2.0,1m,0.0
2022-11-04,2022,Validation,1,bull,A,2022-11-04 08:00:00-04:00,2022-11-04 08:01:00-04:00,2022-11-04 08:30:00-04:00,10815.25,10692.5,11060.75,122.75,10692.5,-123.0,-1.0020366598778003,stop,False,False,False,10932.25,-117.0,179.25,25.25,1.460285132382892,0.20570264765784113,29,10708.0,10692.75,10774.5,10772.75,40.0,2.0,1m,0.0
2022-11-08,2022,Validation,1,bull,B,2022-11-08 08:38:00-05:00,2022-11-08 08:39:00-05:00,2022-11-08 14:26:00-05:00,11081.5,10954.5,11335.5,127.0,10954.5,-127.25,-1.0019685039370079,stop,False,False,False,11076.5,5.0,138.0,149.75,1.0866141732283465,1.1791338582677164,347,10983.25,10954.75,11075.5,11072.5,40.0,2.0,1m,0.0
2022-11-09,2022,Validation,1,bull,B,2022-11-09 08:03:00-05:00,2022-11-09 08:04:00-05:00,2022-11-09 08:26:00-05:00,11098.0,11019.5,11255.0,78.5,11019.5,-78.75,-1.0031847133757963,stop,False,False,False,11018.25,79.75,85.0,3.0,1.0828025477707006,0.03821656050955414,22,11075.5,11019.75,11091.75,11088.5,40.0,2.0,1m,0.0
2022-11-10,2022,Validation,1,bull,C,2022-11-10 08:45:00-05:00,2022-11-10 08:46:00-05:00,2022-11-10 16:00:00-05:00,11272.75,10807.75,12202.75,465.0,11628.25,355.25,0.763978494623656,time_exit,False,False,False,11356.5,-83.75,16.0,372.0,0.034408602150537634,0.8,434,10834.75,10808.0,11260.0,10808.0,40.0,2.0,1m,0.0
2022-11-11,2022,Validation,1,bull,C,2022-11-11 09:28:00-05:00,2022-11-11 09:29:00-05:00,2022-11-11 09:30:00-05:00,11627.0,11614.5,11652.0,12.5,11614.5,-12.75,-1.02,stop,False,False,False,11624.25,2.75,17.5,17.25,1.4,1.38,1,11620.25,11614.75,11624.75,11614.75,40.0,2.0,1m,0.0
2022-11-17,2022,Validation,1,bull,C,2022-11-17 09:46:00-05:00,2022-11-17 09:47:00-05:00,2022-11-17 16:00:00-05:00,11627.25,11528.0,11825.75,99.25,11712.25,84.75,0.853904282115869,time_exit,False,False,False,11551.0,76.25,56.25,147.75,0.5667506297229219,1.4886649874055415,373,11622.5,11528.25,11605.5,11593.5,40.0,2.0,1m,0.0
2022-11-18,2022,Validation,1,bull,B,2022-11-18 08:03:00-05:00,2022-11-18 08:04:00-05:00,2022-11-18 10:56:00-05:00,11825.0,11672.0,12131.0,153.0,11672.0,-153.25,-1.0016339869281046,stop,False,False,False,11837.75,-12.75,165.75,18.0,1.0833333333333333,0.11764705882352941,172,11706.5,11672.25,11814.75,11807.25,40.0,2.0,1m,0.0
2022-11-21,2022,Validation,1,bull,C,2022-11-21 10:31:00-05:00,2022-11-21 10:32:00-05:00,2022-11-21 10:44:00-05:00,11611.75,11587.0,11661.25,24.75,11587.0,-25.0,-1.0101010101010102,stop,False,False,False,11649.5,-37.75,30.0,4.0,1.2121212121212122,0.16161616161616163,12,11595.25,11587.25,11609.5,11587.25,40.0,2.0,1m,0.0
2022-11-22,2022,Validation,1,bull,B,2022-11-22 08:00:00-05:00,2022-11-22 08:01:00-05:00,2022-11-22 16:00:00-05:00,11621.75,11526.25,11812.75,95.5,11751.5,129.5,1.356020942408377,time_exit,False,False,False,11617.25,4.5,94.5,137.5,0.9895287958115183,1.4397905759162304,479,11578.0,11526.5,11610.0,11604.25,40.0,2.0,1m,0.0
2022-11-28,2022,Validation,1,bull,B,2022-11-28 08:33:00-05:00,2022-11-28 08:34:00-05:00,2022-11-28 13:56:00-05:00,11706.5,11642.0,11835.5,64.5,11642.0,-64.75,-1.003875968992248,stop,False,False,False,11703.5,3.0,77.0,82.0,1.193798449612403,1.2713178294573644,322,11657.0,11642.25,11704.5,11699.25,40.0,2.0,1m,0.0
2022-11-29,2022,Validation,1,bull,C,2022-11-29 10:29:00-05:00,2022-11-29 10:30:00-05:00,2022-11-29 10:52:00-05:00,11626.75,11601.75,11676.75,25.0,11601.75,-25.25,-1.01,stop,False,False,False,11622.0,4.75,25.25,11.75,1.01,0.47,22,11611.25,11602.0,11624.25,11602.0,40.0,2.0,1m,0.0
2022-12-02,2022,Validation,-1,bear,C,2022-12-02 08:12:00-05:00,2022-12-02 08:13:00-05:00,2022-12-02 08:26:00-05:00,12056.5,12068.0,12033.5,11.5,12033.5,22.75,1.9782608695652173,target,False,False,False,11845.5,-211.0,3.75,27.0,0.32608695652173914,2.347826086956522,13,12061.5,12067.75,12067.75,12063.5,40.0,2.0,1m,0.0
2022-12-06,2022,Validation,-1,bear,B,2022-12-06 08:00:00-05:00,2022-12-06 08:01:00-05:00,2022-12-06 09:40:00-05:00,11817.0,11846.5,11758.0,29.5,11758.0,58.75,1.9915254237288136,target,False,False,False,11799.0,-18.0,16.0,61.0,0.5423728813559322,2.0677966101694913,99,11844.0,11846.25,11831.0,11827.5,40.0,2.0,1m,0.0
2022-12-07,2022,Validation,-1,bear,C,2022-12-07 09:39:00-05:00,2022-12-07 09:40:00-05:00,2022-12-07 09:46:00-05:00,11568.0,11596.5,11511.0,28.5,11511.0,56.75,1.9912280701754386,target,False,False,False,11509.5,-58.5,13.0,63.25,0.45614035087719296,2.219298245614035,6,11596.0,11596.25,11596.25,11576.5,40.0,2.0,1m,0.0
2022-12-09,2022,Validation,1,bull,C,2022-12-09 08:59:00-05:00,2022-12-09 09:00:00-05:00,2022-12-09 16:00:00-05:00,11619.0,11516.75,11823.5,102.25,11570.0,-49.25,-0.48166259168704156,time_exit,False,False,False,11601.75,17.25,69.0,99.25,0.6748166259168704,0.9706601466992665,420,11624.25,11517.0,11609.25,11592.25,40.0,2.0,1m,0.0
2022-12-14,2022,Validation,-1,bear,C,2022-12-14 12:35:00-05:00,2022-12-14 12:36:00-05:00,2022-12-14 13:04:00-05:00,11992.75,12015.5,11947.25,22.75,12015.5,-23.0,-1.010989010989011,stop,False,False,False,11931.0,-61.75,23.0,1.25,1.010989010989011,0.054945054945054944,28,12014.0,12015.25,12015.25,12001.0,40.0,2.0,1m,0.0
2022-12-16,2022,Validation,1,bull,C,2022-12-16 11:14:00-05:00,2022-12-16 11:15:00-05:00,2022-12-16 11:48:00-05:00,11353.75,11306.25,11448.75,47.5,11306.25,-47.75,-1.0052631578947369,stop,False,False,False,11429.0,-75.25,49.75,8.25,1.0473684210526315,0.1736842105263158,33,11312.5,11306.5,11314.25,11306.5,40.0,2.0,1m,0.0
2022-12-20,2022,Validation,-1,bear,C,2022-12-20 10:41:00-05:00,2022-12-20 10:42:00-05:00,2022-12-20 11:11:00-05:00,11210.0,11231.5,11167.0,21.5,11167.0,42.75,1.9883720930232558,target,False,False,False,11133.5,-76.5,19.5,50.5,0.9069767441860465,2.3488372093023258,29,11228.5,11231.25,11231.25,11219.5,40.0,2.0,1m,0.0
2022-12-21,2022,Validation,-1,bear,A,2022-12-21 09:05:00-05:00,2022-12-21 09:06:00-05:00,2022-12-21 09:48:00-05:00,11222.75,11264.0,11140.25,41.25,11264.0,-41.5,-1.006060606060606,stop,False,False,False,11217.5,-5.25,46.5,41.75,1.1272727272727272,1.0121212121212122,42,11247.0,11263.75,11225.75,11224.0,40.0,2.0,1m,0.0
2022-12-22,2022,Validation,-1,bear,B,2022-12-22 08:13:00-05:00,2022-12-22 08:14:00-05:00,2022-12-22 09:45:00-05:00,11288.25,11385.0,11094.75,96.75,11094.75,193.25,1.9974160206718345,target,False,False,False,11203.0,-85.25,9.0,195.25,0.09302325581395349,2.0180878552971575,91,11381.0,11384.75,11295.5,11292.25,40.0,2.0,1m,0.0
2022-12-23,2022,Validation,1,bull,C,2022-12-23 08:42:00-05:00,2022-12-23 08:43:00-05:00,2022-12-23 09:28:00-05:00,11128.25,10998.25,11388.25,130.0,10998.25,-130.25,-1.001923076923077,stop,False,False,False,10997.0,131.25,133.25,14.75,1.025,0.11346153846153846,45,11011.0,10998.5,11100.0,10998.5,40.0,2.0,1m,0.0
2022-12-27,2022,Validation,1,bull,C,2022-12-27 08:05:00-05:00,2022-12-27 08:06:00-05:00,2022-12-27 08:38:00-05:00,11086.75,11077.25,11105.75,9.5,11077.25,-9.75,-1.0263157894736843,stop,False,False,False,11051.5,35.25,18.0,18.0,1.894736842105263,1.894736842105263,32,11078.0,11077.5,11083.0,11077.5,40.0,2.0,1m,0.0
2022-12-28,2022,Validation,-1,bear,C,2022-12-28 09:51:00-05:00,2022-12-28 09:52:00-05:00,2022-12-28 10:57:00-05:00,10948.5,10996.75,10852.0,48.25,10852.0,96.25,1.994818652849741,target,False,False,False,10900.25,-48.25,35.5,103.75,0.7357512953367875,2.150259067357513,65,10954.5,10996.5,10984.5,10973.5,40.0,2.0,1m,0.0
2023-01-03,2023,Validation,-1,bear,A,2023-01-03 09:52:00-05:00,2023-01-03 09:53:00-05:00,2023-01-03 16:00:00-05:00,11027.5,11150.25,10782.0,122.75,10942.5,84.75,0.6904276985743381,time_exit,False,False,False,11119.0,91.5,15.75,182.75,0.12830957230142567,1.4887983706720977,367,11051.5,11150.0,11050.5,11049.0,40.0,2.0,1m,0.0
2023-01-04,2023,Validation,-1,bear,C,2023-01-04 12:06:00-05:00,2023-01-04 12:07:00-05:00,2023-01-04 12:21:00-05:00,11031.75,11052.25,10990.75,20.5,11052.25,-20.75,-1.0121951219512195,stop,False,False,False,11033.5,1.75,24.0,0.0,1.170731707317073,0.0,14,11051.25,11052.0,11052.0,11035.25,40.0,2.0,1m,0.0
2023-01-09,2023,Validation,1,bull,B,2023-01-09 08:22:00-05:00,2023-01-09 08:23:00-05:00,2023-01-09 09:52:00-05:00,11175.75,11120.0,11287.25,55.75,11287.25,111.25,1.9955156950672646,target,False,False,False,11199.75,-24.0,5.25,120.75,0.09417040358744394,2.1659192825112106,89,11123.25,11120.25,11173.25,11170.0,40.0,2.0,1m,0.0
2023-01-11,2023,Validation,1,bull,B,2023-01-11 08:00:00-05:00,2023-01-11 08:01:00-05:00,2023-01-11 13:09:00-05:00,11302.25,11239.5,11427.75,62.75,11427.75,125.25,1.99601593625498,target,False,False,False,11323.75,-21.5,11.25,125.75,0.17928286852589642,2.00398406374502,308,11269.5,11239.75,11295.5,11286.75,40.0,2.0,1m,0.0
2023-01-12,2023,Validation,1,bull,B,2023-01-12 08:00:00-05:00,2023-01-12 08:01:00-05:00,2023-01-12 08:29:00-05:00,11497.75,11449.0,11595.25,48.75,11449.0,-49.0,-1.005128205128205,stop,False,False,False,11490.0,7.75,104.75,52.25,2.1487179487179486,1.0717948717948718,28,11461.75,11449.25,11494.0,11489.0,40.0,2.0,1m,0.0
2023-01-13,2023,Validation,1,bull,C,2023-01-13 08:16:00-05:00,2023-01-13 08:17:00-05:00,2023-01-13 08:30:00-05:00,11419.0,11404.0,11449.0,15.0,11404.0,-15.25,-1.0166666666666666,stop,False,False,False,11424.0,-5.0,22.75,5.25,1.5166666666666666,0.35,13,11405.0,11404.25,11414.0,11404.25,40.0,2.0,1m,0.0
2023-01-17,2023,Validation,1,bull,B,2023-01-17 08:00:00-05:00,2023-01-17 08:01:00-05:00,2023-01-17 10:00:00-05:00,11563.75,11530.25,11630.75,33.5,11630.75,66.75,1.992537313432836,target,False,False,False,11598.75,-35.0,21.5,82.5,0.6417910447761194,2.462686567164179,119,11534.25,11530.5,11561.0,11557.25,40.0,2.0,1m,0.0
2023-01-18,2023,Validation,1,bull,C,2023-01-18 11:09:00-05:00,2023-01-18 11:10:00-05:00,2023-01-18 11:12:00-05:00,11592.0,11574.5,11627.0,17.5,11574.5,-17.75,-1.0142857142857142,stop,False,False,False,11695.0,-103.0,18.25,1.0,1.042857142857143,0.05714285714285714,2,11581.75,11574.75,11590.5,11574.75,40.0,2.0,1m,0.0
2023-01-19,2023,Validation,1,bull,C,2023-01-19 08:04:00-05:00,2023-01-19 08:05:00-05:00,2023-01-19 08:30:00-05:00,11366.25,11354.75,11389.25,11.5,11354.75,-11.75,-1.0217391304347827,stop,False,False,False,11407.25,-41.0,15.25,18.75,1.326086956521739,1.6304347826086956,25,11356.25,11355.0,11362.25,11355.0,40.0,2.0,1m,0.0
2023-01-20,2023,Validation,1,bull,B,2023-01-20 08:03:00-05:00,2023-01-20 08:04:00-05:00,2023-01-20 13:50:00-05:00,11441.25,11365.0,11593.75,76.25,11593.75,152.25,1.9967213114754099,target,False,False,False,11428.25,13.0,57.75,158.75,0.7573770491803279,2.081967213114754,346,11381.5,11365.25,11440.0,11435.75,40.0,2.0,1m,0.0
2023-01-24,2023,Validation,1,bull,C,2023-01-24 08:22:00-05:00,2023-01-24 08:23:00-05:00,2023-01-24 08:36:00-05:00,11880.75,11872.0,11898.25,8.75,11872.0,-9.0,-1.0285714285714285,stop,False,False,False,11860.0,20.75,13.25,5.75,1.5142857142857142,0.6571428571428571,13,11873.25,11872.25,11877.5,11872.25,40.0,2.0,1m,0.0
2023-01-25,2023,Validation,1,bull,C,2023-01-25 11:34:00-05:00,2023-01-25 11:35:00-05:00,2023-01-25 16:00:00-05:00,11737.0,11604.25,12002.5,132.75,11876.0,138.75,1.0451977401129944,time_exit,False,False,False,11712.5,24.5,15.25,166.5,0.11487758945386065,1.2542372881355932,265,11732.75,11604.5,11732.5,11715.75,40.0,2.0,1m,0.0
2023-01-27,2023,Validation,1,bull,B,2023-01-27 08:04:00-05:00,2023-01-27 08:05:00-05:00,2023-01-27 09:33:00-05:00,12041.5,12015.75,12093.0,25.75,12093.0,51.25,1.9902912621359223,target,False,False,False,12047.25,-5.75,18.75,52.5,0.7281553398058253,2.0388349514563107,88,12025.25,12016.0,12039.75,12030.75,40.0,2.0,1m,0.0
2023-01-31,2023,Validation,1,bull,B,2023-01-31 08:00:00-05:00,2023-01-31 08:01:00-05:00,2023-01-31 10:30:00-05:00,11936.25,11870.75,12067.25,65.5,12067.25,130.75,1.9961832061068703,target,False,False,False,11974.25,-38.0,15.0,135.0,0.22900763358778625,2.0610687022900764,149,11921.75,11871.0,11935.0,11930.0,40.0,2.0,1m,0.0
2023-02-01,2023,Validation,1,bull,C,2023-02-01 11:09:00-05:00,2023-02-01 11:10:00-05:00,2023-02-01 11:42:00-05:00,12102.0,12081.25,12143.5,20.75,12143.5,41.25,1.9879518072289157,target,False,False,False,12143.75,-41.75,4.5,41.5,0.21686746987951808,2.0,32,12084.75,12081.5,12097.75,12081.5,40.0,2.0,1m,0.0
2023-02-06,2023,Validation,1,bull,A,2023-02-06 10:02:00-05:00,2023-02-06 10:03:00-05:00,2023-02-06 10:15:00-05:00,12571.0,12541.75,12629.5,29.25,12541.75,-29.5,-1.0085470085470085,stop,False,False,False,12509.0,62.0,52.0,21.25,1.7777777777777777,0.7264957264957265,12,12551.25,12542.0,12569.25,12562.25,40.0,2.0,1m,0.0
2023-02-07,2023,Validation,1,bull,B,2023-02-07 08:00:00-05:00,2023-02-07 08:01:00-05:00,2023-02-07 12:52:00-05:00,12553.5,12475.25,12710.0,78.25,12710.0,156.25,1.9968051118210863,target,False,False,False,12504.0,49.5,76.5,162.25,0.9776357827476039,2.073482428115016,291,12510.0,12475.5,12550.25,12544.0,40.0,2.0,1m,0.0
2023-02-08,2023,Validation,1,bull,B,2023-02-08 09:42:00-05:00,2023-02-08 09:43:00-05:00,2023-02-08 09:49:00-05:00,12741.75,12716.75,12791.75,25.0,12716.75,-25.25,-1.01,stop,False,False,False,12713.75,28.0,26.0,10.25,1.04,0.41,6,12739.25,12717.0,12739.25,12736.5,40.0,2.0,1m,0.0
2023-02-09,2023,Validation,1,bull,C,2023-02-09 12:58:00-05:00,2023-02-09 12:59:00-05:00,2023-02-09 13:57:00-05:00,12537.5,12499.25,12614.0,38.25,12499.25,-38.5,-1.0065359477124183,stop,False,False,False,12722.5,-185.0,46.75,24.25,1.2222222222222223,0.6339869281045751,58,12541.25,12499.5,12509.75,12499.5,40.0,2.0,1m,0.0
2023-02-10,2023,Validation,1,bull,C,2023-02-10 12:25:00-05:00,2023-02-10 12:26:00-05:00,2023-02-10 13:15:00-05:00,12272.25,12243.0,12330.75,29.25,12330.75,58.25,1.9914529914529915,target,False,False,False,12335.25,-63.0,18.5,64.0,0.6324786324786325,2.1880341880341883,49,12270.5,12243.25,12267.0,12260.75,40.0,2.0,1m,0.0
2023-03-08,2023,Validation,1,bull,A,2023-03-08 08:00:00-05:00,2023-03-08 08:01:00-05:00,2023-03-08 10:00:00-05:00,12174.0,12138.5,12245.0,35.5,12138.5,-35.75,-1.0070422535211268,stop,False,False,False,12185.25,-11.25,48.0,42.0,1.352112676056338,1.1830985915492958,119,12142.25,12138.75,12158.5,12156.75,40.0,2.0,1m,0.0
2023-03-09,2023,Validation,1,bull,C,2023-03-09 13:43:00-05:00,2023-03-09 13:44:00-05:00,2023-03-09 13:48:00-05:00,12155.5,12131.5,12203.5,24.0,12131.5,-24.25,-1.0104166666666667,stop,False,False,False,12246.25,-90.75,43.75,0.5,1.8229166666666667,0.020833333333333332,4,12136.25,12131.75,12146.75,12131.75,40.0,2.0,1m,0.0
2023-03-10,2023,Validation,1,bull,B,2023-03-10 08:29:00-05:00,2023-03-10 08:30:00-05:00,2023-03-10 09:41:00-05:00,12022.5,11921.25,12225.0,101.25,11921.25,-101.5,-1.002469135802469,stop,False,False,False,12018.0,4.5,117.5,86.5,1.1604938271604939,0.854320987654321,71,11926.0,11921.5,12018.0,12008.5,40.0,2.0,1m,0.0
2023-03-13,2023,Validation,1,bull,C,2023-03-13 08:51:00-04:00,2023-03-13 08:52:00-04:00,2023-03-13 09:49:00-04:00,11861.0,11806.0,11971.0,55.0,11971.0,109.75,1.9954545454545454,target,False,False,False,11886.5,-25.5,39.0,124.0,0.7090909090909091,2.2545454545454544,57,11850.0,11806.25,11833.25,11806.25,40.0,2.0,1m,0.0
2023-03-14,2023,Validation,1,bull,B,2023-03-14 08:00:00-04:00,2023-03-14 08:01:00-04:00,2023-03-14 08:30:00-04:00,12139.75,12054.5,12310.25,85.25,12054.5,-85.5,-1.002932551319648,stop,False,False,False,12208.5,-68.75,107.5,59.25,1.2609970674486803,0.6950146627565983,29,12058.5,12054.75,12131.25,12125.0,40.0,2.0,1m,0.0
2023-03-15,2023,Validation,-1,bear,A,2023-03-15 08:00:00-04:00,2023-03-15 08:01:00-04:00,2023-03-15 14:27:00-04:00,12153.0,12374.5,11710.0,221.5,12374.5,-221.75,-1.0011286681715577,stop,False,False,False,12210.5,57.5,236.5,47.5,1.0677200902934538,0.2144469525959368,386,12356.5,12374.25,12347.75,12344.25,40.0,2.0,1m,0.0
2023-03-16,2023,Validation,1,bull,B,2023-03-16 08:00:00-04:00,2023-03-16 08:01:00-04:00,2023-03-16 08:42:00-04:00,12415.25,12376.25,12493.25,39.0,12376.25,-39.25,-1.0064102564102564,stop,False,False,False,12345.25,70.0,57.25,12.75,1.4679487179487178,0.3269230769230769,41,12383.5,12376.5,12414.5,12408.25,40.0,2.0,1m,0.0
2023-03-17,2023,Validation,1,bull,C,2023-03-17 09:04:00-04:00,2023-03-17 09:05:00-04:00,2023-03-17 10:00:00-04:00,12696.75,12660.0,12770.25,36.75,12770.25,73.25,1.9931972789115646,target,False,False,False,12712.5,-15.75,5.0,85.0,0.1360544217687075,2.312925170068027,55,12692.75,12660.25,12680.0,12674.25,40.0,2.0,1m,0.0
2023-03-20,2023,Validation,1,bull,B,2023-03-20 08:00:00-04:00,2023-03-20 08:01:00-04:00,2023-03-20 16:00:00-04:00,12642.25,12525.0,12876.75,117.25,12692.75,50.25,0.42857142857142855,time_exit,False,False,False,12623.0,19.25,112.75,65.75,0.9616204690831557,0.5607675906183369,479,12635.75,12525.25,12640.75,12635.0,40.0,2.0,1m,0.0
2023-03-24,2023,Validation,1,bull,C,2023-03-24 08:11:00-04:00,2023-03-24 08:12:00-04:00,2023-03-24 08:58:00-04:00,12774.5,12753.25,12817.0,21.25,12817.0,42.25,1.988235294117647,target,False,False,False,12826.75,-52.25,9.5,44.75,0.4470588235294118,2.1058823529411765,46,12769.0,12753.5,12762.5,12753.5,40.0,2.0,1m,0.0
2023-03-27,2023,Validation,1,bull,B,2023-03-27 08:00:00-04:00,2023-03-27 08:01:00-04:00,2023-03-27 11:05:00-04:00,12942.25,12848.5,13129.75,93.75,12848.5,-94.0,-1.0026666666666666,stop,False,False,False,12919.25,23.0,101.25,23.0,1.08,0.24533333333333332,184,12902.5,12848.75,12939.5,12936.25,40.0,2.0,1m,0.0
2023-03-30,2023,Validation,-1,bear,C,2023-03-30 08:23:00-04:00,2023-03-30 08:24:00-04:00,2023-03-30 08:34:00-04:00,13039.0,13049.25,13018.5,10.25,13049.25,-10.5,-1.024390243902439,stop,False,False,False,13064.75,25.75,17.5,17.25,1.7073170731707317,1.6829268292682926,10,13040.5,13049.0,13049.0,13045.0,40.0,2.0,1m,0.0
2023-04-04,2023,Validation,1,bull,C,2023-04-04 11:12:00-04:00,2023-04-04 11:13:00-04:00,2023-04-04 11:17:00-04:00,13236.0,13223.0,13262.0,13.0,13223.0,-13.25,-1.0192307692307692,stop,False,False,False,13284.75,-48.75,15.75,8.25,1.2115384615384615,0.6346153846153846,4,13226.5,13223.25,13234.0,13223.25,40.0,2.0,1m,0.0
2023-04-06,2023,Validation,-1,bear,B,2023-04-06 08:01:00-04:00,2023-04-06 08:02:00-04:00,2023-04-06 08:31:00-04:00,13060.75,13080.0,13022.25,19.25,13022.25,38.25,1.9870129870129871,target,False,False,False,13012.5,-48.25,2.5,40.25,0.12987012987012986,2.090909090909091,29,13072.75,13079.75,13068.25,13066.0,40.0,2.0,1m,0.0
2023-04-07,2023,Validation,-1,bear,B,2023-04-07 08:00:00-04:00,2023-04-07 08:01:00-04:00,2023-04-07 08:30:00-04:00,13144.0,13176.25,13079.5,32.25,13176.25,-32.5,-1.0077519379844961,stop,False,False,False,,,40.25,22.0,1.248062015503876,0.6821705426356589,29,13169.75,13176.0,13150.5,13147.5,40.0,2.0,1m,0.0
2023-04-10,2023,Validation,-1,bear,A,2023-04-10 08:00:00-04:00,2023-04-10 08:01:00-04:00,2023-04-10 16:00:00-04:00,13106.75,13203.5,12913.25,96.75,13164.5,-58.0,-0.599483204134367,time_exit,False,False,False,13043.75,-63.0,58.0,139.25,0.599483204134367,1.4392764857881137,479,13192.25,13203.25,13137.75,13136.5,40.0,2.0,1m,0.0
2023-04-11,2023,Validation,-1,bear,B,2023-04-11 08:00:00-04:00,2023-04-11 08:01:00-04:00,2023-04-11 16:00:00-04:00,13134.75,13209.0,12986.25,74.25,13076.75,57.75,0.7777777777777778,time_exit,False,False,False,13159.25,24.5,28.75,81.25,0.3872053872053872,1.0942760942760943,479,13186.5,13208.75,13141.75,13138.0,40.0,2.0,1m,0.0
2023-04-12,2023,Validation,-1,bear,B,2023-04-12 08:00:00-04:00,2023-04-12 08:01:00-04:00,2023-04-12 08:28:00-04:00,13088.5,13101.0,13063.5,12.5,13063.5,24.75,1.98,target,False,False,False,13157.0,68.5,1.25,30.5,0.1,2.44,27,13096.5,13100.75,13094.75,13092.5,40.0,2.0,1m,0.0
2023-04-13,2023,Validation,1,bull,A,2023-04-13 08:18:00-04:00,2023-04-13 08:19:00-04:00,2023-04-13 09:38:00-04:00,12976.5,12925.25,13079.0,51.25,13079.0,102.25,1.9951219512195122,target,False,False,False,13027.75,-51.25,11.5,104.25,0.22439024390243903,2.0341463414634147,79,12937.75,12925.5,12972.75,12971.5,40.0,2.0,1m,0.0
2023-04-14,2023,Validation,1,bull,C,2023-04-14 08:52:00-04:00,2023-04-14 08:53:00-04:00,2023-04-14 08:55:00-04:00,13122.5,13107.5,13152.5,15.0,13107.5,-15.25,-1.0166666666666666,stop,False,False,False,13139.25,-16.75,18.0,0.0,1.2,0.0,2,13121.0,13107.75,13118.75,13111.75,40.0,2.0,1m,0.0
2023-04-17,2023,Validation,-1,bear,B,2023-04-17 08:00:00-04:00,2023-04-17 08:01:00-04:00,2023-04-17 12:15:00-04:00,13173.5,13218.25,13084.0,44.75,13084.0,89.25,1.994413407821229,target,False,False,False,13162.5,-11.0,32.5,90.5,0.7262569832402235,2.022346368715084,254,13214.75,13218.0,13182.0,13179.0,40.0,2.0,1m,0.0
2023-04-18,2023,Validation,-1,bear,C,2023-04-18 08:36:00-04:00,2023-04-18 08:37:00-04:00,2023-04-18 09:35:00-04:00,13285.75,13299.0,13259.25,13.25,13259.25,26.25,1.9811320754716981,target,False,False,False,13280.0,-5.75,12.0,26.75,0.9056603773584906,2.018867924528302,58,13293.75,13298.75,13298.75,13288.75,40.0,2.0,1m,0.0
2023-04-19,2023,Validation,-1,bear,C,2023-04-19 12:20:00-04:00,2023-04-19 12:21:00-04:00,2023-04-19 12:33:00-04:00,13184.25,13196.75,13159.25,12.5,13196.75,-12.75,-1.02,stop,False,False,False,13085.25,-99.0,21.0,3.0,1.68,0.24,12,13186.75,13196.5,13196.5,13189.0,40.0,2.0,1m,0.0
2023-04-20,2023,Validation,-1,bear,C,2023-04-20 12:38:00-04:00,2023-04-20 12:39:00-04:00,2023-04-20 12:58:00-04:00,13155.0,13170.75,13123.5,15.75,13170.75,-16.0,-1.0158730158730158,stop,False,False,False,13051.5,-103.5,16.75,12.5,1.0634920634920635,0.7936507936507936,19,13165.75,13170.5,13170.5,13157.5,40.0,2.0,1m,0.0
2023-04-21,2023,Validation,-1,bear,C,2023-04-21 14:31:00-04:00,2023-04-21 14:32:00-04:00,2023-04-21 15:07:00-04:00,13104.5,13122.25,13069.0,17.75,13069.0,35.25,1.9859154929577465,target,False,False,False,13057.75,-46.75,2.5,38.5,0.14084507042253522,2.1690140845070425,35,13107.75,13122.0,13112.75,13107.75,40.0,2.0,1m,0.0
2023-04-24,2023,Validation,-1,bear,C,2023-04-24 09:01:00-04:00,2023-04-24 09:02:00-04:00,2023-04-24 09:26:00-04:00,13090.25,13098.75,13073.25,8.5,13073.25,16.75,1.9705882352941178,target,False,False,False,13077.5,-12.75,6.0,17.25,0.7058823529411765,2.0294117647058822,24,13096.75,13098.5,13098.5,13092.75,40.0,2.0,1m,0.0
2023-04-26,2023,Validation,-1,bear,C,2023-04-26 12:17:00-04:00,2023-04-26 12:18:00-04:00,2023-04-26 12:35:00-04:00,12995.25,13012.5,12960.75,17.25,12960.75,34.25,1.9855072463768115,target,False,False,False,12950.25,-45.0,4.5,36.5,0.2608695652173913,2.1159420289855073,17,12996.5,13012.25,13009.0,13002.5,40.0,2.0,1m,0.0
2023-04-27,2023,Validation,-1,bear,C,2023-04-27 08:36:00-04:00,2023-04-27 08:37:00-04:00,2023-04-27 09:37:00-04:00,12988.5,13048.25,12869.0,59.75,13048.25,-60.0,-1.00418410041841,stop,False,False,False,13040.75,52.25,63.5,5.0,1.0627615062761506,0.08368200836820083,60,13016.25,13048.0,13048.0,12996.75,40.0,2.0,1m,0.0
2023-04-28,2023,Validation,-1,bear,B,2023-04-28 08:00:00-04:00,2023-04-28 08:01:00-04:00,2023-04-28 09:30:00-04:00,13183.0,13236.25,13076.5,53.25,13236.25,-53.5,-1.0046948356807512,stop,False,False,False,13220.25,37.25,56.5,14.0,1.0610328638497653,0.26291079812206575,89,13230.5,13236.0,13191.25,13188.0,40.0,2.0,1m,0.0
2023-07-07,2023,Validation,-1,bear,C,2023-07-07 08:42:00-04:00,2023-07-07 08:43:00-04:00,2023-07-07 12:32:00-04:00,15222.0,15314.25,15037.5,92.25,15314.25,-92.5,-1.002710027100271,stop,False,False,False,15220.5,-1.5,101.25,42.5,1.0975609756097562,0.46070460704607047,229,15243.25,15314.0,15282.75,15274.5,40.0,2.0,1m,0.0
2023-07-10,2023,Validation,-1,bear,C,2023-07-10 09:34:00-04:00,2023-07-10 09:35:00-04:00,2023-07-10 09:51:00-04:00,15183.5,15215.0,15120.5,31.5,15120.5,62.75,1.992063492063492,target,False,False,False,15168.5,-15.0,28.25,71.5,0.8968253968253969,2.2698412698412698,16,15198.5,15214.75,15214.75,15200.25,40.0,2.0,1m,0.0
2023-07-11,2023,Validation,1,bull,C,2023-07-11 10:30:00-04:00,2023-07-11 10:31:00-04:00,2023-07-11 12:00:00-04:00,15180.5,15150.0,15241.5,30.5,15241.5,60.75,1.9918032786885247,target,False,False,False,15202.0,-21.5,17.5,64.0,0.5737704918032787,2.098360655737705,89,15176.0,15150.25,15175.5,15163.0,40.0,2.0,1m,0.0
2023-07-21,2023,Validation,1,bull,C,2023-07-21 10:31:00-04:00,2023-07-21 10:32:00-04:00,2023-07-21 11:11:00-04:00,15577.5,15548.75,15635.0,28.75,15635.0,57.25,1.991304347826087,target,False,False,False,15688.25,-110.75,23.5,61.5,0.8173913043478261,2.139130434782609,39,15554.5,15549.0,15570.25,15549.0,40.0,2.0,1m,0.0
2023-07-24,2023,Validation,1,bull,B,2023-07-24 08:00:00-04:00,2023-07-24 08:01:00-04:00,2023-07-24 09:51:00-04:00,15585.75,15526.75,15703.75,59.0,15526.75,-59.25,-1.0042372881355932,stop,False,False,False,15578.5,7.25,64.75,33.0,1.097457627118644,0.559322033898305,110,15532.5,15527.0,15583.0,15580.0,40.0,2.0,1m,0.0
2023-07-26,2023,Validation,1,bull,C,2023-07-26 08:18:00-04:00,2023-07-26 08:19:00-04:00,2023-07-26 09:32:00-04:00,15623.5,15606.0,15658.5,17.5,15606.0,-17.75,-1.0142857142857142,stop,False,False,False,15619.0,4.5,32.75,17.5,1.8714285714285714,1.0,73,15620.0,15606.25,15619.75,15616.5,40.0,2.0,1m,0.0
2023-08-03,2023,Validation,-1,bear,C,2023-08-03 13:02:00-04:00,2023-08-03 13:03:00-04:00,2023-08-03 13:55:00-04:00,15503.0,15523.75,15461.5,20.75,15461.5,41.25,1.9879518072289157,target,False,False,False,15358.0,-145.0,12.75,43.0,0.6144578313253012,2.072289156626506,52,15507.5,15523.5,15512.0,15505.25,40.0,2.0,1m,0.0
2023-08-04,2023,Validation,-1,bear,B,2023-08-04 08:01:00-04:00,2023-08-04 08:02:00-04:00,2023-08-04 09:35:00-04:00,15451.5,15562.75,15229.0,111.25,15562.75,-111.5,-1.002247191011236,stop,False,False,False,15511.5,60.0,115.75,49.75,1.0404494382022471,0.44719101123595506,93,15535.75,15562.5,15458.5,15452.75,40.0,2.0,1m,0.0
2023-08-07,2023,Validation,-1,bear,B,2023-08-07 08:00:00-04:00,2023-08-07 08:01:00-04:00,2023-08-07 09:31:00-04:00,15414.0,15466.75,15308.5,52.75,15466.75,-53.0,-1.004739336492891,stop,False,False,False,15433.5,19.5,59.25,20.0,1.1232227488151658,0.3791469194312796,90,15444.75,15466.5,15419.25,15416.0,40.0,2.0,1m,0.0
2023-08-08,2023,Validation,-1,bear,A,2023-08-08 08:00:00-04:00,2023-08-08 08:01:00-04:00,2023-08-08 16:00:00-04:00,15367.0,15498.0,15105.0,131.0,15350.25,16.5,0.12595419847328243,time_exit,False,False,False,15379.0,12.0,26.5,149.0,0.20229007633587787,1.1374045801526718,479,15495.5,15497.75,15445.0,15443.25,40.0,2.0,1m,0.0
2023-08-10,2023,Validation,-1,bear,C,2023-08-10 08:19:00-04:00,2023-08-10 08:20:00-04:00,2023-08-10 08:30:00-04:00,15290.0,15308.25,15253.5,18.25,15308.25,-18.5,-1.0136986301369864,stop,False,False,False,15300.75,10.75,65.0,27.5,3.5616438356164384,1.5068493150684932,10,15294.0,15308.0,15308.0,15299.5,40.0,2.0,1m,0.0
2023-08-14,2023,Validation,1,bull,A,2023-08-14 08:00:00-04:00,2023-08-14 08:01:00-04:00,2023-08-14 16:00:00-04:00,15132.25,15020.5,15355.75,111.75,15272.0,139.5,1.2483221476510067,time_exit,False,False,False,15068.25,64.0,97.25,141.25,0.8702460850111857,1.2639821029082774,479,15037.25,15020.75,15053.25,15048.75,40.0,2.0,1m,0.0
2023-08-15,2023,Validation,1,bull,C,2023-08-15 08:33:00-04:00,2023-08-15 08:34:00-04:00,2023-08-15 09:10:00-04:00,15178.75,15158.75,15218.75,20.0,15218.75,39.75,1.9875,target,False,False,False,15225.0,-46.25,10.75,43.25,0.5375,2.1625,36,15159.25,15159.0,15173.0,15159.0,40.0,2.0,1m,0.0
2023-08-16,2023,Validation,1,bull,B,2023-08-16 08:01:00-04:00,2023-08-16 08:02:00-04:00,2023-08-16 08:54:00-04:00,15116.5,15077.0,15195.5,39.5,15077.0,-39.75,-1.0063291139240507,stop,False,False,False,15079.75,36.75,46.25,2.25,1.1708860759493671,0.056962025316455694,52,15082.25,15077.25,15112.75,15110.25,40.0,2.0,1m,0.0
2023-08-22,2023,Validation,-1,bear,C,2023-08-22 08:15:00-04:00,2023-08-22 08:16:00-04:00,2023-08-22 08:31:00-04:00,15102.75,15114.5,15079.25,11.75,15114.5,-12.0,-1.0212765957446808,stop,False,False,False,15091.5,-11.25,15.5,5.5,1.3191489361702127,0.46808510638297873,15,15107.0,15114.25,15109.75,15106.0,40.0,2.0,1m,0.0
2023-08-23,2023,Validation,-1,bear,B,2023-08-23 08:00:00-04:00,2023-08-23 08:01:00-04:00,2023-08-23 09:56:00-04:00,14980.0,15083.25,14773.5,103.25,15083.25,-103.5,-1.0024213075060533,stop,False,False,False,15009.25,29.25,108.5,20.75,1.0508474576271187,0.2009685230024213,115,15029.75,15083.0,14987.5,14984.5,40.0,2.0,1m,0.0
2023-08-24,2023,Validation,-1,bear,B,2023-08-24 08:00:00-04:00,2023-08-24 08:01:00-04:00,2023-08-24 09:38:00-04:00,15357.0,15418.25,15234.5,61.25,15234.5,122.25,1.9959183673469387,target,False,False,False,15335.5,-21.5,4.25,124.0,0.06938775510204082,2.024489795918367,97,15398.75,15418.0,15367.25,15362.75,40.0,2.0,1m,0.0
2023-08-25,2023,Validation,-1,bear,C,2023-08-25 09:06:00-04:00,2023-08-25 09:07:00-04:00,2023-08-25 09:30:00-04:00,14891.0,14918.5,14836.0,27.5,14918.5,-27.75,-1.009090909090909,stop,False,False,False,14897.25,6.25,34.0,13.25,1.2363636363636363,0.4818181818181818,23,14889.5,14918.25,14900.0,14896.5,40.0,2.0,1m,0.0
2023-08-28,2023,Validation,-1,bear,C,2023-08-28 09:52:00-04:00,2023-08-28 09:53:00-04:00,2023-08-28 16:00:00-04:00,15013.75,15126.75,14787.75,113.0,15091.25,-77.75,-0.6880530973451328,time_exit,False,False,False,15097.5,83.75,96.5,30.25,0.8539823008849557,0.2676991150442478,367,15036.5,15126.5,15083.75,15059.25,40.0,2.0,1m,0.0
2023-08-29,2023,Validation,-1,bear,B,2023-08-29 08:20:00-04:00,2023-08-29 08:21:00-04:00,2023-08-29 09:45:00-04:00,15070.75,15147.5,14917.25,76.75,15147.5,-77.0,-1.003257328990228,stop,False,False,False,15076.75,6.0,85.5,21.0,1.1140065146579805,0.2736156351791531,84,15117.0,15147.25,15075.0,15072.0,40.0,2.0,1m,0.0
2023-08-30,2023,Validation,-1,bear,C,2023-08-30 10:19:00-04:00,2023-08-30 10:20:00-04:00,2023-08-30 10:24:00-04:00,15458.75,15477.25,15421.75,18.5,15421.75,36.75,1.9864864864864864,target,False,False,False,15416.25,-42.5,1.25,49.75,0.06756756756756757,2.689189189189189,4,15468.0,15477.0,15477.0,15463.75,40.0,2.0,1m,0.0
2023-08-31,2023,Validation,-1,bear,A,2023-08-31 08:39:00-04:00,2023-08-31 08:40:00-04:00,2023-08-31 09:31:00-04:00,15504.75,15532.25,15449.75,27.5,15532.25,-27.75,-1.009090909090909,stop,False,False,False,15492.25,-12.5,35.25,23.5,1.2818181818181817,0.8545454545454545,51,15522.75,15532.0,15508.0,15507.0,40.0,2.0,1m,0.0
2023-09-01,2023,Validation,-1,bear,C,2023-09-01 09:37:00-04:00,2023-09-01 09:38:00-04:00,2023-09-01 16:00:00-04:00,15565.0,15661.5,15372.0,96.5,15519.75,45.0,0.46632124352331605,time_exit,False,False,False,15633.0,68.0,27.75,111.0,0.28756476683937826,1.150259067357513,382,15581.5,15661.25,15632.5,15619.0,40.0,2.0,1m,0.0
2023-09-04,2023,Validation,-1,bear,C,2023-09-04 09:39:00-04:00,2023-09-04 09:40:00-04:00,2023-09-04 09:52:00-04:00,15569.0,15575.5,15556.0,6.5,15575.5,-6.75,-1.0384615384615385,stop,False,False,False,15555.0,-14.0,9.5,3.25,1.4615384615384615,0.5,12,15570.5,15575.25,15575.25,15570.75,40.0,2.0,1m,0.0
2023-09-05,2023,Validation,-1,bear,C,2023-09-05 10:58:00-04:00,2023-09-05 10:59:00-04:00,2023-09-05 11:02:00-04:00,15519.25,15540.5,15476.75,21.25,15540.5,-21.5,-1.011764705882353,stop,False,False,False,15481.75,-37.5,28.75,3.25,1.3529411764705883,0.15294117647058825,3,15534.75,15540.25,15540.25,15522.5,40.0,2.0,1m,0.0
2023-09-06,2023,Validation,1,bull,B,2023-09-06 08:09:00-04:00,2023-09-06 08:10:00-04:00,2023-09-06 10:01:00-04:00,15498.0,15438.5,15617.0,59.5,15438.5,-59.75,-1.004201680672269,stop,False,False,False,15499.5,-1.5,62.25,16.25,1.046218487394958,0.27310924369747897,111,15494.0,15438.75,15495.25,15489.25,40.0,2.0,1m,0.0
2023-09-11,2023,Validation,-1,bear,C,2023-09-11 08:33:00-04:00,2023-09-11 08:34:00-04:00,2023-09-11 08:37:00-04:00,15608.5,15614.5,15596.5,6.0,15614.5,-6.25,-1.0416666666666667,stop,False,False,False,15618.75,10.25,6.0,1.25,1.0,0.20833333333333334,3,15613.75,15614.25,15614.25,15610.25,40.0,2.0,1m,0.0
2023-09-15,2023,Validation,-1,bear,A,2023-09-15 08:00:00-04:00,2023-09-15 08:01:00-04:00,2023-09-15 09:46:00-04:00,15653.25,15720.0,15519.75,66.75,15519.75,133.25,1.99625468164794,target,False,False,False,15610.5,-42.75,18.75,136.5,0.2808988764044944,2.044943820224719,105,15714.5,15719.75,15715.25,15714.0,40.0,2.0,1m,0.0
2023-09-18,2023,Validation,-1,bear,B,2023-09-18 08:06:00-04:00,2023-09-18 08:07:00-04:00,2023-09-18 09:37:00-04:00,15337.75,15429.0,15155.25,91.25,15429.0,-91.5,-1.0027397260273974,stop,False,False,False,15355.75,18.0,97.25,0.75,1.0657534246575342,0.00821917808219178,90,15419.75,15428.75,15343.25,15339.5,40.0,2.0,1m,0.0
2023-09-19,2023,Validation,-1,bear,B,2023-09-19 08:02:00-04:00,2023-09-19 08:03:00-04:00,2023-09-19 09:01:00-04:00,15420.5,15442.5,15376.5,22.0,15376.5,43.75,1.9886363636363635,target,False,False,False,15355.0,-65.5,4.75,44.0,0.2159090909090909,2.0,58,15437.0,15442.25,15427.75,15425.0,40.0,2.0,1m,0.0
2023-09-20,2023,Validation,-1,bear,C,2023-09-20 08:28:00-04:00,2023-09-20 08:29:00-04:00,2023-09-20 08:48:00-04:00,15409.0,15417.75,15391.5,8.75,15417.75,-9.0,-1.0285714285714285,stop,False,False,False,15419.25,10.25,10.5,11.0,1.2,1.2571428571428571,19,15412.25,15417.5,15415.0,15413.0,40.0,2.0,1m,0.0
2023-09-22,2023,Validation,-1,bear,C,2023-09-22 09:30:00-04:00,2023-09-22 09:31:00-04:00,2023-09-22 09:47:00-04:00,14915.25,14943.0,14859.75,27.75,14943.0,-28.0,-1.009009009009009,stop,False,False,False,14937.5,22.25,28.5,27.25,1.027027027027027,0.9819819819819819,16,14939.75,14942.75,14942.75,14923.0,40.0,2.0,1m,0.0
2023-09-25,2023,Validation,-1,bear,B,2023-09-25 08:20:00-04:00,2023-09-25 08:21:00-04:00,2023-09-25 16:00:00-04:00,14813.0,14946.25,14546.5,133.25,14936.75,-124.0,-0.9305816135084428,time_exit,False,False,False,14824.5,11.5,126.25,30.75,0.9474671669793621,0.23076923076923078,459,14927.75,14946.0,14823.0,14814.75,40.0,2.0,1m,0.0
2023-09-27,2023,Validation,-1,bear,C,2023-09-27 09:49:00-04:00,2023-09-27 09:50:00-04:00,2023-09-27 10:52:00-04:00,14771.0,14806.25,14700.5,35.25,14700.5,70.25,1.9929078014184398,target,False,False,False,14753.0,-18.0,19.0,73.75,0.5390070921985816,2.0921985815602837,62,14796.0,14806.0,14806.0,14784.5,40.0,2.0,1m,0.0
2023-09-28,2023,Validation,1,bull,C,2023-09-28 09:34:00-04:00,2023-09-28 09:35:00-04:00,2023-09-28 09:37:00-04:00,14709.5,14669.75,14789.0,39.75,14669.75,-40.0,-1.0062893081761006,stop,False,False,False,14695.0,14.5,43.75,3.75,1.10062893081761,0.09433962264150944,2,14677.75,14670.0,14702.75,14670.0,40.0,2.0,1m,0.0
2023-09-29,2023,Validation,1,bull,C,2023-09-29 14:04:00-04:00,2023-09-29 14:05:00-04:00,2023-09-29 14:32:00-04:00,14837.0,14816.5,14878.0,20.5,14816.5,-20.75,-1.0121951219512195,stop,False,False,False,15001.5,-164.5,22.25,22.75,1.0853658536585367,1.1097560975609757,27,14825.5,14816.75,14825.0,14817.25,40.0,2.0,1m,0.0
2023-10-02,2023,Validation,1,bull,C,2023-10-02 08:11:00-04:00,2023-10-02 08:12:00-04:00,2023-10-02 08:21:00-04:00,14872.5,14854.75,14908.0,17.75,14854.75,-18.0,-1.0140845070422535,stop,False,False,False,14873.75,-1.25,26.75,2.75,1.5070422535211268,0.15492957746478872,9,14866.0,14855.0,14859.75,14855.25,40.0,2.0,1m,0.0
2023-10-03,2023,Validation,-1,bear,B,2023-10-03 08:02:00-04:00,2023-10-03 08:03:00-04:00,2023-10-03 16:00:00-04:00,14894.5,15031.25,14621.0,136.75,14719.75,174.5,1.2760511882998171,time_exit,False,False,False,14880.25,-14.25,80.25,243.0,0.5868372943327239,1.776965265082267,477,15005.0,15031.0,14903.0,14899.25,40.0,2.0,1m,0.0
2023-10-04,2023,Validation,-1,bear,C,2023-10-04 09:28:00-04:00,2023-10-04 09:29:00-04:00,2023-10-04 09:34:00-04:00,14755.0,14800.0,14665.0,45.0,14800.0,-45.25,-1.0055555555555555,stop,False,False,False,14753.0,-2.0,48.5,6.0,1.0777777777777777,0.13333333333333333,5,14753.75,14799.75,14761.75,14756.25,40.0,2.0,1m,0.0
2023-10-05,2023,Validation,-1,bear,B,2023-10-05 08:10:00-04:00,2023-10-05 08:11:00-04:00,2023-10-05 08:30:00-04:00,14935.5,14948.0,14910.5,12.5,14910.5,24.75,1.98,target,False,False,False,14909.0,-26.5,2.5,35.5,0.2,2.84,19,14945.5,14947.75,14946.0,14939.25,40.0,2.0,1m,0.0
2023-10-06,2023,Validation,-1,bear,B,2023-10-06 08:00:00-04:00,2023-10-06 08:01:00-04:00,2023-10-06 08:30:00-04:00,14872.5,14922.25,14773.0,49.75,14773.0,99.25,1.9949748743718594,target,False,False,False,14736.75,-135.75,26.75,166.75,0.5376884422110553,3.351758793969849,29,14878.5,14922.0,14877.25,14873.25,40.0,2.0,1m,0.0
2023-10-09,2023,Validation,-1,bear,C,2023-10-09 09:46:00-04:00,2023-10-09 09:47:00-04:00,2023-10-09 09:48:00-04:00,15029.0,15046.0,14995.0,17.0,15046.0,-17.25,-1.0147058823529411,stop,False,False,False,15012.25,-16.75,22.75,7.75,1.338235294117647,0.45588235294117646,1,15040.5,15045.75,15045.75,15030.5,40.0,2.0,1m,0.0
2023-10-10,2023,Validation,-1,bear,A,2023-10-10 08:00:00-04:00,2023-10-10 08:01:00-04:00,2023-10-10 09:59:00-04:00,15176.0,15238.0,15052.0,62.0,15238.0,-62.25,-1.0040322580645162,stop,False,False,False,15201.0,25.0,65.25,0.0,1.0524193548387097,0.0,118,15212.75,15237.75,15213.75,15212.5,40.0,2.0,1m,0.0
2023-10-11,2023,Validation,-1,bear,C,2023-10-11 09:45:00-04:00,2023-10-11 09:46:00-04:00,2023-10-11 16:00:00-04:00,15341.0,15387.5,15248.0,46.5,15377.0,-36.25,-0.7795698924731183,time_exit,False,False,False,15325.25,-15.75,44.5,88.0,0.956989247311828,1.89247311827957,374,15345.75,15387.25,15376.5,15368.25,40.0,2.0,1m,0.0
2023-10-12,2023,Validation,-1,bear,C,2023-10-12 10:14:00-04:00,2023-10-12 10:15:00-04:00,2023-10-12 10:16:00-04:00,15447.5,15460.25,15422.0,12.75,15422.0,25.25,1.9803921568627452,target,False,False,False,15392.75,-54.75,3.75,28.75,0.29411764705882354,2.2549019607843137,1,15448.0,15460.0,15460.0,15449.75,40.0,2.0,1m,0.0
2023-10-13,2023,Validation,-1,bear,C,2023-10-13 09:23:00-04:00,2023-10-13 09:24:00-04:00,2023-10-13 09:30:00-04:00,15339.0,15347.25,15322.5,8.25,15347.25,-8.5,-1.0303030303030303,stop,False,False,False,15342.25,3.25,27.75,6.5,3.3636363636363638,0.7878787878787878,6,15345.5,15347.0,15347.0,15341.0,40.0,2.0,1m,0.0
2023-10-17,2023,Validation,-1,bear,C,2023-10-17 12:35:00-04:00,2023-10-17 12:36:00-04:00,2023-10-17 13:31:00-04:00,15289.5,15308.75,15251.0,19.25,15251.0,38.25,1.9870129870129871,target,False,False,False,15138.5,-151.0,9.25,43.0,0.4805194805194805,2.2337662337662336,55,15306.5,15308.5,15308.5,15292.75,40.0,2.0,1m,0.0
2023-10-18,2023,Validation,1,bull,C,2023-10-18 09:03:00-04:00,2023-10-18 09:04:00-04:00,2023-10-18 09:25:00-04:00,15144.25,15133.75,15165.25,10.5,15133.75,-10.75,-1.0238095238095237,stop,False,False,False,15130.75,13.5,13.75,5.25,1.3095238095238095,0.5,21,15137.75,15134.0,15143.5,15134.0,40.0,2.0,1m,0.0
2023-10-19,2023,Validation,-1,bear,B,2023-10-19 08:00:00-04:00,2023-10-19 08:01:00-04:00,2023-10-19 08:36:00-04:00,15029.75,15069.75,14949.75,40.0,15069.75,-40.25,-1.00625,stop,False,False,False,15087.5,57.75,47.75,6.25,1.19375,0.15625,35,15057.75,15069.5,15037.0,15033.0,40.0,2.0,1m,0.0
2023-10-24,2023,Validation,1,bull,C,2023-10-24 13:02:00-04:00,2023-10-24 13:03:00-04:00,2023-10-24 13:22:00-04:00,14732.0,14717.5,14761.0,14.5,14761.0,28.75,1.9827586206896552,target,False,False,False,14778.25,-46.25,9.5,31.25,0.6551724137931034,2.1551724137931036,19,14720.0,14717.75,14729.75,14717.75,40.0,2.0,1m,0.0
2023-11-30,2023,Validation,-1,bear,C,2023-11-30 08:21:00-05:00,2023-11-30 08:22:00-05:00,2023-11-30 08:26:00-05:00,16074.5,16080.75,16062.0,6.25,16080.75,-6.5,-1.04,stop,False,False,False,16032.5,-42.0,8.0,3.0,1.28,0.48,4,16078.75,16080.5,16080.5,16075.75,40.0,2.0,1m,0.0
2023-12-06,2023,Validation,1,bull,C,2023-12-06 10:28:00-05:00,2023-12-06 10:29:00-05:00,2023-12-06 11:33:00-05:00,15902.25,15875.5,15955.75,26.75,15875.5,-27.0,-1.0093457943925233,stop,False,False,False,16033.5,-131.25,34.25,47.5,1.280373831775701,1.7757009345794392,64,15891.0,15875.75,15889.0,15875.75,40.0,2.0,1m,0.0
2023-12-07,2023,Validation,1,bull,B,2023-12-07 08:00:00-05:00,2023-12-07 08:01:00-05:00,2023-12-07 10:31:00-05:00,15860.0,15790.75,15998.5,69.25,15998.5,138.25,1.9963898916967509,target,False,False,False,15934.25,-74.25,15.5,142.0,0.22382671480144403,2.050541516245487,150,15792.75,15791.0,15852.75,15849.25,40.0,2.0,1m,0.0
2023-12-08,2023,Validation,1,bull,C,2023-12-08 08:12:00-05:00,2023-12-08 08:13:00-05:00,2023-12-08 08:30:00-05:00,15978.75,15963.5,16009.25,15.25,15963.5,-15.5,-1.0163934426229508,stop,False,False,False,15956.0,22.75,90.5,20.25,5.934426229508197,1.3278688524590163,17,15970.75,15963.75,15971.75,15963.75,40.0,2.0,1m,0.0
2023-12-22,2023,Validation,1,bull,B,2023-12-22 08:00:00-05:00,2023-12-22 08:01:00-05:00,2023-12-22 16:00:00-05:00,16949.0,16891.25,17064.5,57.75,16980.5,31.25,0.5411255411255411,time_exit,False,False,False,16999.25,-50.25,53.0,92.5,0.9177489177489178,1.6017316017316017,479,16897.0,16891.5,16944.25,16943.0,40.0,2.0,1m,0.0
2024-01-26,2024,Validation,1,bull,B,2024-01-26 08:01:00-05:00,2024-01-26 08:02:00-05:00,2024-01-26 16:00:00-05:00,17571.25,17465.75,17782.25,105.5,17529.0,-42.5,-0.4028436018957346,time_exit,False,False,False,17557.75,13.5,67.75,60.75,0.6421800947867299,0.5758293838862559,478,17483.5,17466.0,17567.25,17565.0,40.0,2.0,1m,0.0
2024-01-29,2024,Validation,1,bull,A,2024-01-29 08:00:00-05:00,2024-01-29 08:01:00-05:00,2024-01-29 16:00:00-05:00,17553.75,17457.25,17746.75,96.5,17708.0,154.0,1.5958549222797926,time_exit,False,False,False,17548.0,5.75,34.0,162.5,0.35233160621761656,1.6839378238341969,479,17466.0,17457.5,17532.25,17531.25,40.0,2.0,1m,0.0
2024-01-30,2024,Validation,1,bull,C,2024-01-30 08:13:00-05:00,2024-01-30 08:14:00-05:00,2024-01-30 08:17:00-05:00,17666.25,17660.0,17678.75,6.25,17660.0,-6.5,-1.04,stop,False,False,False,17661.75,4.5,7.0,1.0,1.12,0.16,3,17665.5,17660.25,17664.0,17660.25,40.0,2.0,1m,0.0
2024-01-31,2024,Validation,1,bull,B,2024-01-31 08:00:00-05:00,2024-01-31 08:01:00-05:00,2024-01-31 10:28:00-05:00,17432.25,17333.5,17629.75,98.75,17333.5,-99.0,-1.0025316455696203,stop,False,False,False,17400.0,32.25,106.5,22.0,1.0784810126582278,0.22278481012658227,147,17410.0,17333.75,17424.5,17418.25,40.0,2.0,1m,0.0
2024-02-01,2024,Validation,1,bull,B,2024-02-01 08:38:00-05:00,2024-02-01 08:39:00-05:00,2024-02-01 16:00:00-05:00,17357.75,17262.5,17548.25,95.25,17440.25,82.25,0.863517060367454,time_exit,False,False,False,17307.0,50.75,93.75,95.5,0.984251968503937,1.0026246719160106,441,17266.75,17262.75,17347.75,17343.5,40.0,2.0,1m,0.0
2024-02-02,2024,Validation,1,bull,C,2024-02-02 09:46:00-05:00,2024-02-02 09:47:00-05:00,2024-02-02 16:00:00-05:00,17608.5,17465.25,17895.0,143.25,17729.75,121.0,0.8446771378708552,time_exit,False,False,False,17507.75,100.75,60.0,167.0,0.418848167539267,1.1657940663176265,373,17578.5,17465.5,17570.75,17561.5,40.0,2.0,1m,0.0
2024-02-05,2024,Validation,-1,bear,C,2024-02-05 08:09:00-05:00,2024-02-05 08:10:00-05:00,2024-02-05 08:29:00-05:00,17728.0,17739.5,17705.0,11.5,17705.0,22.75,1.9782608695652173,target,False,False,False,17722.75,-5.25,5.5,23.0,0.4782608695652174,2.0,19,17735.75,17739.25,17739.25,17729.5,40.0,2.0,1m,0.0
2024-02-06,2024,Validation,-1,bear,A,2024-02-06 08:00:00-05:00,2024-02-06 08:01:00-05:00,2024-02-06 09:21:00-05:00,17703.75,17752.25,17606.75,48.5,17752.25,-48.75,-1.0051546391752577,stop,False,False,False,17741.0,37.25,48.75,2.5,1.0051546391752577,0.05154639175257732,80,17745.5,17752.0,17738.25,17737.0,40.0,2.0,1m,0.0
2024-02-15,2024,Validation,1,bull,C,2024-02-15 12:27:00-05:00,2024-02-15 12:28:00-05:00,2024-02-15 16:00:00-05:00,17870.25,17838.0,17934.75,32.25,17914.25,43.75,1.3565891472868217,time_exit,False,False,False,17888.0,-17.75,19.5,62.75,0.6046511627906976,1.945736434108527,212,17844.0,17838.25,17863.5,17838.25,40.0,2.0,1m,0.0
2024-02-16,2024,Validation,1,bull,C,2024-02-16 08:51:00-05:00,2024-02-16 08:52:00-05:00,2024-02-16 09:31:00-05:00,17925.5,17910.75,17955.0,14.75,17910.75,-15.0,-1.0169491525423728,stop,False,False,False,17926.75,-1.25,23.5,25.25,1.5932203389830508,1.7118644067796611,39,17911.25,17911.0,17923.25,17911.0,40.0,2.0,1m,0.0
2024-02-20,2024,Validation,1,bull,B,2024-02-20 08:03:00-05:00,2024-02-20 08:04:00-05:00,2024-02-20 09:40:00-05:00,17679.75,17613.75,17811.75,66.0,17613.75,-66.25,-1.003787878787879,stop,False,False,False,17661.25,18.5,96.75,44.25,1.4659090909090908,0.6704545454545454,96,17667.25,17614.0,17677.25,17669.5,40.0,2.0,1m,0.0
2024-02-21,2024,Validation,1,bull,C,2024-02-21 08:36:00-05:00,2024-02-21 08:37:00-05:00,2024-02-21 09:05:00-05:00,17492.25,17482.25,17512.25,10.0,17512.25,19.75,1.975,target,False,False,False,17494.75,-2.5,3.75,21.25,0.375,2.125,28,17484.0,17482.5,17490.75,17482.5,40.0,2.0,1m,0.0
2024-02-23,2024,Validation,-1,bear,C,2024-02-23 10:24:00-05:00,2024-02-23 10:25:00-05:00,2024-02-23 16:00:00-05:00,18063.25,18145.0,17899.75,81.75,17986.0,77.0,0.9418960244648318,time_exit,False,False,False,18105.5,42.25,14.5,117.25,0.17737003058103976,1.4342507645259939,335,18054.75,18144.75,18083.5,18069.25,40.0,2.0,1m,0.0
2024-02-26,2024,Validation,-1,bear,B,2024-02-26 08:03:00-05:00,2024-02-26 08:04:00-05:00,2024-02-26 08:24:00-05:00,17977.5,18005.5,17921.5,28.0,18005.5,-28.25,-1.0089285714285714,stop,False,False,False,18017.25,39.75,34.5,5.75,1.2321428571428572,0.20535714285714285,20,17988.25,18005.25,17982.0,17979.25,40.0,2.0,1m,0.0
2024-02-29,2024,Validation,-1,bear,C,2024-02-29 11:40:00-05:00,2024-02-29 11:41:00-05:00,2024-02-29 15:48:00-05:00,17906.75,18072.75,17574.75,166.0,18072.75,-166.25,-1.0015060240963856,stop,False,False,False,18030.0,123.25,170.5,8.5,1.0271084337349397,0.05120481927710843,247,17930.25,18072.5,17973.0,17961.5,40.0,2.0,1m,0.0
2024-03-01,2024,Validation,-1,bear,B,2024-03-01 08:00:00-05:00,2024-03-01 08:01:00-05:00,2024-03-01 10:00:00-05:00,18092.75,18163.25,17951.75,70.5,18163.25,-70.75,-1.00354609929078,stop,False,False,False,18096.5,3.75,83.25,22.25,1.1808510638297873,0.31560283687943264,119,18132.0,18163.0,18103.0,18099.5,40.0,2.0,1m,0.0
2024-03-07,2024,Validation,1,bull,A,2024-03-07 08:00:00-05:00,2024-03-07 08:01:00-05:00,2024-03-07 16:00:00-05:00,18122.25,17932.0,18502.75,190.25,18308.75,186.25,0.9789750328515112,time_exit,False,False,False,18182.25,-60.0,17.0,237.75,0.08935611038107753,1.2496714848883048,479,17942.5,17932.25,17981.25,17978.75,40.0,2.0,1m,0.0
2024-03-08,2024,Validation,1,bull,C,2024-03-08 08:31:00-05:00,2024-03-08 08:32:00-05:00,2024-03-08 11:28:00-05:00,18369.5,18210.75,18687.0,158.75,18210.75,-159.0,-1.0015748031496063,stop,False,False,False,18318.0,51.5,176.0,67.0,1.1086614173228346,0.4220472440944882,176,18248.25,18211.0,18326.25,18211.0,40.0,2.0,1m,0.0
2024-03-11,2024,Validation,-1,bear,B,2024-03-11 08:00:00-04:00,2024-03-11 08:01:00-04:00,2024-03-11 16:00:00-04:00,18225.25,18304.25,18067.25,79.0,18216.5,8.5,0.10759493670886076,time_exit,False,False,False,18224.5,-0.75,46.0,87.25,0.5822784810126582,1.1044303797468353,479,18301.75,18304.0,18239.0,18232.25,40.0,2.0,1m,0.0
2024-03-12,2024,Validation,-1,bear,B,2024-03-12 08:05:00-04:00,2024-03-12 08:06:00-04:00,2024-03-12 08:36:00-04:00,18290.75,18343.75,18184.75,53.0,18343.75,-53.25,-1.0047169811320755,stop,False,False,False,18311.5,20.75,71.0,86.75,1.3396226415094339,1.6367924528301887,30,18318.75,18343.5,18295.75,18291.5,40.0,2.0,1m,0.0
2024-03-19,2024,Validation,1,bull,C,2024-03-19 08:15:00-04:00,2024-03-19 08:16:00-04:00,2024-03-19 08:24:00-04:00,18109.0,18093.5,18140.0,15.5,18093.5,-15.75,-1.0161290322580645,stop,False,False,False,18143.25,-34.25,18.25,5.5,1.1774193548387097,0.3548387096774194,8,18104.0,18093.75,18104.0,18093.75,40.0,2.0,1m,0.0
2024-03-25,2024,Validation,1,bull,C,2024-03-25 09:32:00-04:00,2024-03-25 09:33:00-04:00,2024-03-25 09:40:00-04:00,18470.0,18441.75,18526.5,28.25,18441.75,-28.5,-1.008849557522124,stop,False,False,False,18459.25,10.75,40.0,10.75,1.415929203539823,0.3805309734513274,7,18456.5,18442.0,18461.0,18442.0,40.0,2.0,1m,0.0
2024-03-28,2024,Validation,1,bull,B,2024-03-28 08:00:00-04:00,2024-03-28 08:01:00-04:00,2024-03-28 09:31:00-04:00,18495.25,18459.0,18567.75,36.25,18459.0,-36.5,-1.006896551724138,stop,False,False,False,18500.0,-4.75,36.75,32.5,1.013793103448276,0.896551724137931,90,18474.75,18459.25,18492.75,18487.75,40.0,2.0,1m,0.0
2024-04-01,2024,Validation,1,bull,C,2024-04-01 08:41:00-04:00,2024-04-01 08:42:00-04:00,2024-04-01 09:15:00-04:00,18515.25,18496.0,18553.75,19.25,18496.0,-19.5,-1.0129870129870129,stop,False,False,False,18500.5,14.75,30.5,6.5,1.5844155844155845,0.33766233766233766,33,18500.5,18496.25,18510.0,18496.25,40.0,2.0,1m,0.0
2024-04-02,2024,Validation,1,bull,C,2024-04-02 08:08:00-04:00,2024-04-02 08:09:00-04:00,2024-04-02 08:15:00-04:00,18408.5,18398.25,18429.0,10.25,18398.25,-10.5,-1.024390243902439,stop,False,False,False,18287.5,121.0,15.5,1.5,1.5121951219512195,0.14634146341463414,6,18399.25,18398.5,18404.25,18398.5,40.0,2.0,1m,0.0
2024-04-08,2024,Validation,1,bull,B,2024-04-08 08:14:00-04:00,2024-04-08 08:15:00-04:00,2024-04-08 09:39:00-04:00,18311.5,18246.25,18442.0,65.25,18246.25,-65.5,-1.003831417624521,stop,False,False,False,18330.25,-18.75,69.75,56.0,1.0689655172413792,0.8582375478927203,84,18270.25,18246.5,18307.75,18302.0,40.0,2.0,1m,0.0
2024-04-09,2024,Validation,1,bull,B,2024-04-09 08:00:00-04:00,2024-04-09 08:01:00-04:00,2024-04-09 10:30:00-04:00,18346.25,18253.25,18532.25,93.0,18253.25,-93.25,-1.0026881720430108,stop,False,False,False,18391.25,-45.0,114.5,58.75,1.2311827956989247,0.6317204301075269,149,18285.0,18253.5,18332.5,18328.75,40.0,2.0,1m,0.0
2024-04-10,2024,Validation,1,bull,B,2024-04-10 08:00:00-04:00,2024-04-10 08:01:00-04:00,2024-04-10 08:29:00-04:00,18384.75,18341.0,18472.25,43.75,18472.25,87.25,1.9942857142857142,target,False,False,False,18140.0,244.75,6.75,89.5,0.15428571428571428,2.045714285714286,28,18366.75,18341.25,18375.0,18372.0,40.0,2.0,1m,0.0
2024-04-11,2024,Validation,1,bull,C,2024-04-11 08:32:00-04:00,2024-04-11 08:33:00-04:00,2024-04-11 14:08:00-04:00,18219.0,18087.75,18481.5,131.25,18481.5,262.25,1.9980952380952381,target,False,False,False,18265.25,-46.25,49.5,264.5,0.37714285714285717,2.0152380952380953,335,18112.0,18088.0,18211.25,18088.0,40.0,2.0,1m,0.0
2024-05-13,2024,Validation,-1,bear,C,2024-05-13 08:08:00-04:00,2024-05-13 08:09:00-04:00,2024-05-13 08:18:00-04:00,18317.25,18322.5,18306.75,5.25,18306.75,10.25,1.9523809523809523,target,False,False,False,18331.75,14.5,1.0,11.75,0.19047619047619047,2.238095238095238,9,18321.0,18322.25,18322.25,18319.75,40.0,2.0,1m,0.0
2024-05-21,2024,Validation,-1,bear,B,2024-05-21 08:00:00-04:00,2024-05-21 08:01:00-04:00,2024-05-21 08:59:00-04:00,18747.5,18763.5,18715.5,16.0,18715.5,31.75,1.984375,target,False,False,False,18686.0,-61.5,10.5,32.0,0.65625,2.0,58,18759.5,18763.25,18752.75,18750.0,40.0,2.0,1m,0.0
2024-06-03,2024,Validation,1,bull,C,2024-06-03 13:32:00-04:00,2024-06-03 13:33:00-04:00,2024-06-03 16:00:00-04:00,18552.25,18435.5,18785.75,116.75,18652.5,100.0,0.8565310492505354,time_exit,False,False,False,18712.75,-160.5,25.75,102.5,0.22055674518201285,0.8779443254817987,147,18539.25,18435.75,18507.0,18499.5,40.0,2.0,1m,0.0
2024-06-11,2024,Validation,1,bull,C,2024-06-11 09:58:00-04:00,2024-06-11 09:59:00-04:00,2024-06-11 10:40:00-04:00,19035.25,19003.0,19099.75,32.25,19099.75,64.25,1.9922480620155039,target,False,False,False,19058.0,-22.75,9.25,64.5,0.2868217054263566,2.0,41,19029.5,19003.25,19028.25,19014.5,40.0,2.0,1m,0.0
2024-06-20,2024,Validation,1,bull,C,2024-06-20 09:40:00-04:00,2024-06-20 09:41:00-04:00,2024-06-20 10:08:00-04:00,20234.25,20198.25,20306.25,36.0,20198.25,-36.25,-1.0069444444444444,stop,False,False,False,20245.75,-11.5,40.5,29.0,1.125,0.8055555555555556,27,20227.5,20198.5,20222.5,20210.0,40.0,2.0,1m,0.0
2024-06-21,2024,Validation,-1,bear,B,2024-06-21 08:00:00-04:00,2024-06-21 08:01:00-04:00,2024-06-21 16:00:00-04:00,19982.0,20086.25,19773.5,104.25,19975.5,6.25,0.05995203836930456,time_exit,False,False,False,20017.0,35.0,90.75,67.75,0.8705035971223022,0.6498800959232613,479,20076.25,20086.0,20007.25,20000.75,40.0,2.0,1m,0.0
2024-06-25,2024,Validation,-1,bear,C,2024-06-25 09:52:00-04:00,2024-06-25 09:53:00-04:00,2024-06-25 10:00:00-04:00,19828.5,19852.75,19780.0,24.25,19852.75,-24.5,-1.0103092783505154,stop,False,False,False,19830.0,1.5,26.25,13.0,1.0824742268041236,0.5360824742268041,7,19851.0,19852.5,19852.5,19833.25,40.0,2.0,1m,0.0
2024-06-26,2024,Validation,-1,bear,B,2024-06-26 08:00:00-04:00,2024-06-26 08:01:00-04:00,2024-06-26 16:00:00-04:00,19993.5,20070.75,19839.0,77.25,20004.75,-11.5,-0.1488673139158576,time_exit,False,False,False,19929.25,-64.25,34.5,92.5,0.44660194174757284,1.197411003236246,479,20008.5,20070.5,20000.25,19997.25,40.0,2.0,1m,0.0
2024-06-27,2024,Validation,-1,bear,C,2024-06-27 11:30:00-04:00,2024-06-27 11:31:00-04:00,2024-06-27 12:02:00-04:00,19975.0,19996.0,19933.0,21.0,19996.0,-21.25,-1.0119047619047619,stop,False,False,False,19990.5,15.5,23.75,21.0,1.130952380952381,1.0,31,19992.5,19995.75,19995.75,19977.75,40.0,2.0,1m,0.0
2024-06-28,2024,Validation,-1,bear,A,2024-06-28 08:41:00-04:00,2024-06-28 08:42:00-04:00,2024-06-28 09:51:00-04:00,20105.5,20140.5,20035.5,35.0,20140.5,-35.25,-1.0071428571428571,stop,False,False,False,20070.5,-35.0,35.25,66.25,1.0071428571428571,1.8928571428571428,69,20116.75,20140.25,20109.75,20109.25,40.0,2.0,1m,0.0
2024-07-01,2024,Validation,-1,bear,B,2024-07-01 08:11:00-04:00,2024-07-01 08:12:00-04:00,2024-07-01 09:49:00-04:00,19969.75,20021.0,19867.25,51.25,19867.25,102.25,1.9951219512195122,target,False,False,False,19971.75,2.0,22.75,112.0,0.44390243902439025,2.1853658536585368,97,20005.0,20020.75,19978.75,19973.75,40.0,2.0,1m,0.0
2024-07-03,2024,Validation,1,bull,C,2024-07-03 08:21:00-04:00,2024-07-03 08:22:00-04:00,2024-07-03 08:26:00-04:00,20239.5,20229.75,20259.0,9.75,20229.75,-10.0,-1.0256410256410255,stop,False,False,False,20216.25,23.25,15.5,1.0,1.5897435897435896,0.10256410256410256,4,20231.5,20230.0,20237.25,20230.0,40.0,2.0,1m,0.0
2024-07-05,2024,Validation,1,bull,A,2024-07-05 08:00:00-04:00,2024-07-05 08:01:00-04:00,2024-07-05 11:43:00-04:00,20437.0,20360.75,20589.5,76.25,20589.5,152.25,1.9967213114754099,target,False,False,False,20441.5,-4.5,64.0,153.75,0.839344262295082,2.0163934426229506,222,20369.75,20361.0,20423.25,20421.5,40.0,2.0,1m,0.0
2024-07-16,2024,Validation,1,bull,B,2024-07-16 08:00:00-04:00,2024-07-16 08:01:00-04:00,2024-07-16 10:03:00-04:00,20630.0,20541.5,20807.0,88.5,20541.5,-88.75,-1.002824858757062,stop,False,False,False,20649.25,-19.25,102.0,54.5,1.152542372881356,0.615819209039548,122,20619.0,20541.75,20628.0,20626.0,40.0,2.0,1m,0.0
2024-07-17,2024,Validation,1,bull,C,2024-07-17 09:35:00-04:00,2024-07-17 09:36:00-04:00,2024-07-17 09:36:00-04:00,20277.0,20257.0,20317.0,20.0,20257.0,-20.25,-1.0125,stop,False,False,False,20260.5,16.5,26.0,4.5,1.3,0.225,0,20259.75,20257.25,20272.25,20257.25,40.0,2.0,1m,0.0
2024-07-18,2024,Validation,1,bull,B,2024-07-18 08:12:00-04:00,2024-07-18 08:13:00-04:00,2024-07-18 10:31:00-04:00,20090.75,20018.25,20235.75,72.5,20018.25,-72.75,-1.0034482758620689,stop,False,False,False,20141.5,-50.75,98.25,71.75,1.3551724137931034,0.9896551724137931,138,20024.25,20018.5,20087.75,20083.5,40.0,2.0,1m,0.0
2024-07-19,2024,Validation,1,bull,C,2024-07-19 11:50:00-04:00,2024-07-19 11:51:00-04:00,2024-07-19 12:38:00-04:00,19755.0,19703.75,19857.5,51.25,19703.75,-51.5,-1.0048780487804878,stop,False,False,False,19868.5,-113.5,62.75,71.25,1.224390243902439,1.3902439024390243,47,19753.5,19704.0,19737.0,19725.0,40.0,2.0,1m,0.0
2024-08-27,2024,Validation,1,bull,C,2024-08-27 09:33:00-04:00,2024-08-27 09:34:00-04:00,2024-08-27 09:35:00-04:00,19535.25,19502.25,19601.25,33.0,19502.25,-33.25,-1.0075757575757576,stop,False,False,False,19523.5,11.75,36.0,4.0,1.0909090909090908,0.12121212121212122,1,19521.5,19502.5,19526.5,19516.0,40.0,2.0,1m,0.0
2024-09-17,2024,Validation,-1,bear,C,2024-09-17 09:35:00-04:00,2024-09-17 09:36:00-04:00,2024-09-17 10:45:00-04:00,19768.25,19819.75,19665.25,51.5,19819.75,-51.75,-1.0048543689320388,stop,False,False,False,19795.5,27.25,76.75,59.25,1.4902912621359223,1.1504854368932038,69,19802.25,19819.5,19819.5,19770.75,40.0,2.0,1m,0.0
2024-09-18,2024,Validation,-1,bear,B,2024-09-18 08:00:00-04:00,2024-09-18 08:01:00-04:00,2024-09-18 08:40:00-04:00,19699.75,19729.5,19640.25,29.75,19729.5,-30.0,-1.0084033613445378,stop,False,False,False,19730.5,30.75,30.25,28.25,1.0168067226890756,0.9495798319327731,39,19715.5,19729.25,19706.75,19703.5,40.0,2.0,1m,0.0
2024-09-19,2024,Validation,-1,bear,C,2024-09-19 08:35:00-04:00,2024-09-19 08:36:00-04:00,2024-09-19 09:07:00-04:00,20006.5,20019.25,19981.0,12.75,19981.0,25.25,1.9803921568627452,target,False,False,False,20052.25,45.75,7.25,27.5,0.5686274509803921,2.156862745098039,31,20018.5,20019.0,20019.0,20009.5,40.0,2.0,1m,0.0
2024-09-25,2024,Validation,-1,bear,C,2024-09-25 09:38:00-04:00,2024-09-25 09:39:00-04:00,2024-09-25 09:41:00-04:00,20183.25,20193.75,20162.25,10.5,20162.25,20.75,1.9761904761904763,target,False,False,False,20141.0,-42.25,9.25,24.5,0.8809523809523809,2.3333333333333335,2,20192.25,20193.5,20193.5,20184.75,40.0,2.0,1m,0.0
2024-10-02,2024,Validation,1,bull,B,2024-10-02 08:01:00-04:00,2024-10-02 08:02:00-04:00,2024-10-02 09:39:00-04:00,19941.5,19878.5,20067.5,63.0,19878.5,-63.25,-1.003968253968254,stop,False,False,False,19942.75,-1.25,68.5,69.25,1.0873015873015872,1.0992063492063493,97,19891.25,19878.75,19938.25,19929.75,40.0,2.0,1m,0.0
2024-10-03,2024,Validation,1,bull,B,2024-10-03 08:00:00-04:00,2024-10-03 08:01:00-04:00,2024-10-03 16:00:00-04:00,19977.0,19851.75,20227.5,125.25,19988.75,11.5,0.09181636726546906,time_exit,False,False,False,19912.0,65.0,98.0,136.75,0.782435129740519,1.091816367265469,479,19935.0,19852.0,19970.0,19966.5,40.0,2.0,1m,0.0
2024-10-08,2024,Validation,1,bull,A,2024-10-08 08:00:00-04:00,2024-10-08 08:01:00-04:00,2024-10-08 16:00:00-04:00,20098.25,19902.25,20490.25,196.0,20300.25,201.75,1.0293367346938775,time_exit,False,False,False,20103.25,-5.0,42.0,231.25,0.21428571428571427,1.1798469387755102,479,19948.0,19902.5,20006.5,20001.75,40.0,2.0,1m,0.0
2024-10-09,2024,Validation,1,bull,B,2024-10-09 08:05:00-04:00,2024-10-09 08:06:00-04:00,2024-10-09 11:36:00-04:00,20269.75,20195.75,20417.75,74.0,20417.75,147.75,1.9966216216216217,target,False,False,False,20282.0,-12.25,31.25,148.0,0.4222972972972973,2.0,210,20222.75,20196.0,20266.0,20254.0,40.0,2.0,1m,0.0
2024-10-10,2024,Validation,1,bull,B,2024-10-10 08:03:00-04:00,2024-10-10 08:04:00-04:00,2024-10-10 08:30:00-04:00,20444.25,20401.0,20530.75,43.25,20401.0,-43.5,-1.0057803468208093,stop,False,False,False,20359.0,85.25,86.25,34.25,1.9942196531791907,0.791907514450867,26,20435.75,20401.25,20438.5,20436.25,40.0,2.0,1m,0.0
2024-10-11,2024,Validation,1,bull,C,2024-10-11 09:47:00-04:00,2024-10-11 09:48:00-04:00,2024-10-11 10:14:00-04:00,20355.75,20314.5,20438.25,41.25,20438.25,82.25,1.993939393939394,target,False,False,False,20340.25,15.5,30.25,85.75,0.7333333333333333,2.0787878787878786,26,20354.0,20314.75,20351.75,20339.0,40.0,2.0,1m,0.0
2024-10-16,2024,Validation,1,bull,C,2024-10-16 10:25:00-04:00,2024-10-16 10:26:00-04:00,2024-10-16 10:37:00-04:00,20340.75,20300.25,20421.75,40.5,20300.25,-40.75,-1.0061728395061729,stop,False,False,False,20352.5,-11.75,51.25,2.5,1.2654320987654322,0.06172839506172839,11,20306.0,20300.5,20331.0,20300.5,40.0,2.0,1m,0.0
2024-10-22,2024,Validation,1,bull,C,2024-10-22 08:56:00-04:00,2024-10-22 08:57:00-04:00,2024-10-22 09:08:00-04:00,20393.75,20366.0,20449.25,27.75,20366.0,-28.0,-1.009009009009009,stop,False,False,False,20402.75,-9.0,29.75,6.5,1.072072072072072,0.23423423423423423,11,20375.75,20366.25,20381.5,20366.25,40.0,2.0,1m,0.0
2024-10-23,2024,Validation,-1,bear,B,2024-10-23 08:00:00-04:00,2024-10-23 08:01:00-04:00,2024-10-23 12:03:00-04:00,20462.5,20542.75,20302.0,80.25,20302.0,160.25,1.9968847352024923,target,False,False,False,20435.0,-27.5,32.0,167.0,0.3987538940809969,2.0809968847352023,242,20536.0,20542.5,20472.25,20468.0,40.0,2.0,1m,0.0
2024-10-24,2024,Validation,1,bull,C,2024-10-24 11:53:00-04:00,2024-10-24 11:54:00-04:00,2024-10-24 12:12:00-04:00,20292.0,20263.75,20348.5,28.25,20263.75,-28.5,-1.008849557522124,stop,False,False,False,20372.5,-80.5,29.5,47.5,1.0442477876106195,1.6814159292035398,18,20268.0,20264.0,20285.0,20264.0,40.0,2.0,1m,0.0
2024-10-28,2024,Validation,-1,bear,B,2024-10-28 08:00:00-04:00,2024-10-28 08:01:00-04:00,2024-10-28 15:53:00-04:00,20618.5,20676.75,20502.0,58.25,20502.0,116.25,1.9957081545064377,target,False,False,False,20625.25,6.75,47.25,117.0,0.8111587982832618,2.0085836909871246,472,20658.5,20676.5,20627.0,20624.25,40.0,2.0,1m,0.0
2024-10-29,2024,Validation,-1,bear,B,2024-10-29 08:01:00-04:00,2024-10-29 08:02:00-04:00,2024-10-29 10:22:00-04:00,20487.5,20555.0,20352.5,67.5,20555.0,-67.75,-1.0037037037037038,stop,False,False,False,20511.0,23.5,76.75,55.25,1.137037037037037,0.8185185185185185,140,20525.5,20554.75,20494.5,20491.5,40.0,2.0,1m,0.0
2024-11-04,2024,Validation,1,bull,C,2024-11-04 09:42:00-05:00,2024-11-04 09:43:00-05:00,2024-11-04 10:49:00-05:00,20076.75,20012.75,20204.75,64.0,20204.75,127.75,1.99609375,target,False,False,False,20120.25,-43.5,8.5,131.5,0.1328125,2.0546875,66,20070.5,20013.0,20033.5,20013.0,40.0,2.0,1m,0.0
2024-11-21,2024,Validation,1,bull,B,2024-11-21 08:00:00-05:00,2024-11-21 08:01:00-05:00,2024-11-21 10:06:00-05:00,20770.5,20595.0,21121.5,175.5,20595.0,-175.75,-1.0014245014245013,stop,False,False,False,20876.0,-105.5,184.5,135.25,1.0512820512820513,0.7706552706552706,125,20620.25,20595.25,20765.0,20759.0,40.0,2.0,1m,0.0
2024-11-22,2024,Validation,1,bull,B,2024-11-22 08:04:00-05:00,2024-11-22 08:05:00-05:00,2024-11-22 16:00:00-05:00,20801.25,20693.0,21017.75,108.25,20847.25,45.75,0.4226327944572748,time_exit,False,False,False,20791.25,10.0,79.0,78.75,0.7297921478060047,0.7274826789838337,475,20758.5,20693.25,20799.5,20793.5,40.0,2.0,1m,0.0
2024-11-26,2024,Validation,-1,bear,C,2024-11-26 09:23:00-05:00,2024-11-26 09:24:00-05:00,2024-11-26 09:32:00-05:00,20946.0,20979.75,20878.5,33.75,20979.75,-34.0,-1.0074074074074073,stop,False,False,False,20938.75,-7.25,41.25,21.5,1.2222222222222223,0.6370370370370371,8,20955.0,20979.5,20974.25,20971.0,40.0,2.0,1m,0.0
2024-11-29,2024,Validation,1,bull,C,2024-11-29 08:51:00-05:00,2024-11-29 08:52:00-05:00,2024-11-29 08:55:00-05:00,20828.5,20812.75,20860.0,15.75,20812.75,-16.0,-1.0158730158730158,stop,False,False,False,20830.5,-2.0,16.25,3.75,1.0317460317460319,0.23809523809523808,3,20822.75,20813.0,20822.25,20816.5,40.0,2.0,1m,0.0
2024-12-02,2024,Validation,1,bull,B,2024-12-02 08:00:00-05:00,2024-12-02 08:01:00-05:00,2024-12-02 09:41:00-05:00,21006.0,20939.75,21138.5,66.25,21138.5,132.25,1.9962264150943396,target,False,False,False,21042.75,-36.75,7.0,133.75,0.10566037735849057,2.018867924528302,100,20941.75,20940.0,21002.0,20998.25,40.0,2.0,1m,0.0
2024-12-03,2024,Validation,1,bull,B,2024-12-03 08:08:00-05:00,2024-12-03 08:09:00-05:00,2024-12-03 09:05:00-05:00,21213.75,21186.75,21267.75,27.0,21186.75,-27.25,-1.0092592592592593,stop,False,False,False,21158.0,55.75,37.25,12.25,1.3796296296296295,0.4537037037037037,56,21203.25,21187.0,21210.5,21204.75,40.0,2.0,1m,0.0
2024-12-11,2024,Validation,1,bull,B,2024-12-11 08:01:00-05:00,2024-12-11 08:02:00-05:00,2024-12-11 08:34:00-05:00,21441.0,21405.5,21512.0,35.5,21512.0,70.75,1.9929577464788732,target,False,False,False,21589.5,-148.5,1.0,71.75,0.028169014084507043,2.0211267605633805,32,21408.0,21405.75,21439.75,21437.5,40.0,2.0,1m,0.0
2024-12-13,2024,Validation,1,bull,C,2024-12-13 11:17:00-05:00,2024-12-13 11:18:00-05:00,2024-12-13 11:26:00-05:00,21722.5,21697.25,21773.0,25.25,21697.25,-25.5,-1.00990099009901,stop,False,False,False,21795.25,-72.75,34.0,15.0,1.3465346534653466,0.594059405940594,8,21698.0,21697.5,21713.5,21697.5,40.0,2.0,1m,0.0
2024-12-23,2024,Validation,1,bull,C,2024-12-23 08:49:00-05:00,2024-12-23 08:50:00-05:00,2024-12-23 09:30:00-05:00,21575.75,21544.0,21639.25,31.75,21639.25,63.25,1.9921259842519685,target,False,False,False,21619.25,-43.5,16.75,79.0,0.5275590551181102,2.4881889763779528,40,21565.75,21544.25,21574.0,21544.25,40.0,2.0,1m,0.0
2024-12-26,2024,Validation,1,bull,C,2024-12-26 09:56:00-05:00,2024-12-26 09:57:00-05:00,2024-12-26 11:10:00-05:00,21918.0,21870.0,22014.0,48.0,22014.0,95.75,1.9947916666666667,target,False,False,False,21961.5,-43.5,3.75,96.75,0.078125,2.015625,73,21894.25,21870.25,21893.25,21870.25,40.0,2.0,1m,0.0
2024-12-27,2024,Validation,1,bull,C,2024-12-27 08:44:00-05:00,2024-12-27 08:45:00-05:00,2024-12-27 09:02:00-05:00,21910.5,21885.0,21961.5,25.5,21885.0,-25.75,-1.0098039215686274,stop,False,False,False,21846.0,64.5,29.0,7.25,1.1372549019607843,0.28431372549019607,17,21898.25,21885.25,21904.75,21885.25,40.0,2.0,1m,0.0
2024-12-30,2024,Validation,1,bull,C,2024-12-30 11:42:00-05:00,2024-12-30 11:43:00-05:00,2024-12-30 16:00:00-05:00,21458.0,21252.75,21868.5,205.25,21411.75,-46.5,-0.22655298416565164,time_exit,False,False,False,21409.0,49.0,49.5,113.0,0.24116930572472595,0.5505481120584653,257,21441.75,21253.0,21425.5,21417.0,40.0,2.0,1m,0.0
2024-12-31,2024,Validation,1,bull,C,2024-12-31 10:13:00-05:00,2024-12-31 10:14:00-05:00,2024-12-31 10:25:00-05:00,21369.0,21333.25,21440.5,35.75,21440.5,71.25,1.993006993006993,target,False,False,False,21456.0,-87.0,9.5,79.0,0.26573426573426573,2.2097902097902096,11,21343.5,21333.5,21354.0,21333.5,40.0,2.0,1m,0.0
2025-01-08,2025,OOS,1,bull,C,2025-01-08 12:41:00-05:00,2025-01-08 12:42:00-05:00,2025-01-08 13:24:00-05:00,21231.75,21166.0,21363.25,65.75,21363.25,131.25,1.9961977186311788,target,False,False,False,21355.75,-124.0,9.0,133.75,0.13688212927756654,2.0342205323193916,42,21221.5,21166.25,21212.25,21203.0,40.0,2.0,1m,0.0
2025-01-09,2025,OOS,1,bull,B,2025-01-09 08:01:00-05:00,2025-01-09 08:02:00-05:00,2025-01-09 09:29:00-05:00,21311.75,21217.75,21499.75,94.0,21301.5,-10.5,-0.11170212765957446,time_exit,False,False,False,,,46.75,22.25,0.4973404255319149,0.23670212765957446,87,21271.0,21218.0,21311.25,21306.75,40.0,2.0,1m,0.0
2025-01-10,2025,OOS,1,bull,A,2025-01-10 08:00:00-05:00,2025-01-10 08:01:00-05:00,2025-01-10 08:30:00-05:00,21319.25,21179.25,21599.25,140.0,21179.25,-140.25,-1.0017857142857143,stop,False,False,False,21192.5,126.75,249.0,4.25,1.7785714285714285,0.030357142857142857,29,21218.0,21179.5,21300.0,21297.5,40.0,2.0,1m,0.0
2025-01-14,2025,OOS,1,bull,B,2025-01-14 08:30:00-05:00,2025-01-14 08:31:00-05:00,2025-01-14 09:59:00-05:00,21118.5,20971.75,21412.0,146.75,20971.75,-147.0,-1.0017035775127767,stop,False,False,False,21071.5,47.0,152.25,20.0,1.0374787052810903,0.1362862010221465,88,20997.0,20972.0,21012.5,21002.5,40.0,2.0,1m,0.0
2025-01-15,2025,OOS,1,bull,B,2025-01-15 08:00:00-05:00,2025-01-15 08:01:00-05:00,2025-01-15 08:30:00-05:00,20999.25,20908.75,21180.25,90.5,21180.25,180.75,1.9972375690607735,target,False,False,False,21251.25,-252.0,19.0,219.5,0.20994475138121546,2.425414364640884,29,20927.0,20909.0,20994.25,20984.0,40.0,2.0,1m,0.0
2025-02-10,2025,OOS,-1,bear,C,2025-02-10 08:22:00-05:00,2025-02-10 08:23:00-05:00,2025-02-10 08:26:00-05:00,21746.0,21758.25,21721.5,12.25,21758.25,-12.5,-1.0204081632653061,stop,False,False,False,21764.25,18.25,15.5,0.0,1.2653061224489797,0.0,3,21752.5,21758.0,21758.0,21748.25,40.0,2.0,1m,0.0
2025-02-11,2025,OOS,-1,bear,C,2025-02-11 10:36:00-05:00,2025-02-11 10:37:00-05:00,2025-02-11 10:44:00-05:00,21827.5,21850.0,21782.5,22.5,21850.0,-22.75,-1.011111111111111,stop,False,False,False,21706.0,-121.5,25.25,1.25,1.1222222222222222,0.05555555555555555,7,21832.25,21849.75,21838.5,21830.25,40.0,2.0,1m,0.0
2025-02-12,2025,OOS,-1,bear,B,2025-02-12 08:21:00-05:00,2025-02-12 08:22:00-05:00,2025-02-12 08:30:00-05:00,21818.25,21836.5,21781.75,18.25,21836.5,-18.5,-1.0136986301369864,stop,True,False,False,21551.0,-267.25,31.75,253.5,1.7397260273972603,13.89041095890411,8,21831.25,21836.25,21832.25,21825.25,40.0,2.0,1m,0.0
2025-02-13,2025,OOS,-1,bear,C,2025-02-13 09:38:00-05:00,2025-02-13 09:39:00-05:00,2025-02-13 10:02:00-05:00,21837.0,21951.25,21608.5,114.25,21951.25,-114.5,-1.0021881838074398,stop,False,False,False,21870.0,33.0,127.5,2.25,1.1159737417943107,0.019693654266958426,23,21927.0,21951.0,21951.0,21933.0,40.0,2.0,1m,0.0
2025-02-14,2025,OOS,-1,bear,A,2025-02-14 08:00:00-05:00,2025-02-14 08:01:00-05:00,2025-02-14 10:10:00-05:00,22081.25,22149.5,21944.75,68.25,22149.5,-68.5,-1.0036630036630036,stop,False,False,False,22108.0,26.75,78.75,11.25,1.1538461538461537,0.16483516483516483,129,22124.0,22149.25,22120.5,22118.25,40.0,2.0,1m,0.0
2025-02-21,2025,OOS,1,bull,B,2025-02-21 08:00:00-05:00,2025-02-21 08:01:00-05:00,2025-02-21 09:41:00-05:00,22222.0,22103.5,22459.0,118.5,22103.5,-118.75,-1.0021097046413503,stop,False,False,False,22186.25,35.75,124.25,23.5,1.0485232067510548,0.19831223628691982,100,22111.5,22103.75,22217.25,22213.25,40.0,2.0,1m,0.0
2025-02-25,2025,OOS,1,bull,A,2025-02-25 08:22:00-05:00,2025-02-25 08:23:00-05:00,2025-02-25 09:26:00-05:00,21442.0,21366.25,21593.5,75.75,21366.25,-76.0,-1.0033003300330032,stop,False,False,False,21391.0,51.0,77.25,9.75,1.0198019801980198,0.12871287128712872,63,21407.5,21366.5,21437.75,21436.75,40.0,2.0,1m,0.0
2025-03-07,2025,OOS,1,bull,C,2025-03-07 08:19:00-05:00,2025-03-07 08:20:00-05:00,2025-03-07 08:30:00-05:00,20109.0,20083.75,20159.5,25.25,20083.75,-25.5,-1.00990099009901,stop,True,False,False,20036.5,72.5,47.5,140.0,1.881188118811881,5.544554455445544,10,20092.0,20084.0,20101.75,20084.0,40.0,2.0,1m,0.0
2025-04-01,2025,OOS,1,bull,C,2025-04-01 10:22:00-04:00,2025-04-01 10:23:00-04:00,2025-04-01 10:39:00-04:00,19318.0,19261.0,19432.0,57.0,19432.0,113.75,1.9956140350877194,target,False,False,False,19380.5,-62.5,8.5,118.0,0.14912280701754385,2.0701754385964914,16,19283.25,19261.25,19286.75,19261.25,40.0,2.0,1m,0.0
2025-04-02,2025,OOS,1,bull,C,2025-04-02 09:36:00-04:00,2025-04-02 09:37:00-04:00,2025-04-02 12:29:00-04:00,19466.5,19316.25,19767.0,150.25,19767.0,300.25,1.9983361064891847,target,False,False,False,19328.0,138.5,1.0,301.75,0.0066555740432612314,2.0083194675540765,172,19424.0,19316.5,19367.5,19336.5,40.0,2.0,1m,0.0
2025-04-25,2025,OOS,-1,bear,A,2025-04-25 08:00:00-04:00,2025-04-25 08:01:00-04:00,2025-04-25 13:10:00-04:00,19273.5,19497.75,18825.0,224.25,19497.75,-224.5,-1.0011148272017838,stop,False,False,False,19302.0,28.5,231.5,57.25,1.0323299888517279,0.2552954292084727,309,19418.0,19497.5,19409.25,19406.25,40.0,2.0,1m,0.0
2025-05-07,2025,OOS,1,bull,C,2025-05-07 11:19:00-04:00,2025-05-07 11:20:00-04:00,2025-05-07 11:50:00-04:00,19822.25,19788.75,19889.25,33.5,19788.75,-33.75,-1.007462686567164,stop,False,False,False,19899.5,-77.25,35.25,33.75,1.0522388059701493,1.007462686567164,30,19799.5,19789.0,19820.5,19789.0,40.0,2.0,1m,0.0
2025-05-19,2025,OOS,1,bull,B,2025-05-19 08:02:00-04:00,2025-05-19 08:03:00-04:00,2025-05-19 10:06:00-04:00,21214.75,21112.25,21419.75,102.5,21419.75,204.75,1.997560975609756,target,False,False,False,21203.25,11.5,61.5,213.0,0.6,2.078048780487805,123,21196.0,21112.5,21213.25,21203.0,40.0,2.0,1m,0.0
2025-05-21,2025,OOS,-1,bear,C,2025-05-21 13:16:00-04:00,2025-05-21 13:17:00-04:00,2025-05-21 13:18:00-04:00,21418.5,21448.0,21359.5,29.5,21359.5,58.75,1.9915254237288136,target,False,False,False,21278.75,-139.75,1.0,64.5,0.03389830508474576,2.1864406779661016,1,21444.0,21447.75,21447.75,21420.75,40.0,2.0,1m,0.0
2025-05-23,2025,OOS,1,bull,C,2025-05-23 09:28:00-04:00,2025-05-23 09:29:00-04:00,2025-05-23 10:12:00-04:00,20846.5,20783.5,20972.5,63.0,20972.5,125.75,1.996031746031746,target,False,False,False,20849.0,-2.5,24.0,147.75,0.38095238095238093,2.3452380952380953,43,20802.0,20783.75,20840.0,20783.75,40.0,2.0,1m,0.0
2025-05-26,2025,OOS,-1,bear,C,2025-05-26 08:23:00-04:00,2025-05-26 08:24:00-04:00,2025-05-26 09:25:00-04:00,21277.75,21289.25,21254.75,11.5,21254.75,22.75,1.9782608695652173,target,False,False,False,21260.0,-17.75,10.5,24.5,0.9130434782608695,2.130434782608696,61,21286.25,21289.0,21289.0,21281.0,40.0,2.0,1m,0.0
2025-05-27,2025,OOS,-1,bear,C,2025-05-27 10:15:00-04:00,2025-05-27 10:16:00-04:00,2025-05-27 10:17:00-04:00,21349.75,21368.25,21312.75,18.5,21368.25,-18.75,-1.0135135135135136,stop,False,False,False,21259.5,-90.25,21.25,2.25,1.1486486486486487,0.12162162162162163,1,21359.75,21368.0,21368.0,21356.5,40.0,2.0,1m,0.0
2025-05-28,2025,OOS,-1,bear,C,2025-05-28 08:27:00-04:00,2025-05-28 08:28:00-04:00,2025-05-28 08:40:00-04:00,21508.75,21530.0,21466.25,21.25,21530.0,-21.5,-1.011764705882353,stop,False,False,False,21505.25,-3.5,23.75,4.5,1.1176470588235294,0.21176470588235294,12,21523.75,21529.75,21529.75,21523.75,40.0,2.0,1m,0.0
2025-05-29,2025,OOS,-1,bear,B,2025-05-29 08:05:00-04:00,2025-05-29 08:06:00-04:00,2025-05-29 16:00:00-04:00,21643.0,21859.0,21211.0,216.0,21411.5,231.25,1.0706018518518519,time_exit,False,False,False,21674.25,31.25,49.75,342.0,0.23032407407407407,1.5833333333333333,474,21833.5,21858.75,21666.0,21656.25,40.0,2.0,1m,0.0
2025-05-30,2025,OOS,-1,bear,B,2025-05-30 08:09:00-04:00,2025-05-30 08:10:00-04:00,2025-05-30 08:11:00-04:00,21374.25,21421.25,21280.25,47.0,21280.25,93.75,1.9946808510638299,target,False,False,False,21382.0,7.75,2.75,148.0,0.05851063829787234,3.148936170212766,1,21395.25,21421.0,21389.25,21384.25,40.0,2.0,1m,0.0
2025-06-02,2025,OOS,-1,bear,C,2025-06-02 09:52:00-04:00,2025-06-02 09:53:00-04:00,2025-06-02 10:00:00-04:00,21323.0,21352.25,21264.5,29.25,21264.5,58.25,1.9914529914529915,target,False,False,False,21287.75,-35.25,26.25,81.5,0.8974358974358975,2.786324786324786,7,21348.5,21352.0,21352.0,21327.75,40.0,2.0,1m,0.0
2025-06-03,2025,OOS,1,bull,B,2025-06-03 08:00:00-04:00,2025-06-03 08:01:00-04:00,2025-06-03 16:00:00-04:00,21531.25,21399.0,21795.75,132.25,21704.5,173.0,1.3081285444234405,time_exit,False,False,False,21547.0,-15.75,28.25,228.5,0.21361058601134217,1.727788279773157,479,21437.0,21399.25,21527.5,21521.5,40.0,2.0,1m,0.0
2025-06-04,2025,OOS,1,bull,C,2025-06-04 08:26:00-04:00,2025-06-04 08:27:00-04:00,2025-06-04 09:20:00-04:00,21684.5,21660.75,21732.0,23.75,21732.0,47.25,1.9894736842105263,target,False,False,False,21725.75,-41.25,8.5,52.25,0.35789473684210527,2.2,53,21666.75,21661.0,21679.75,21661.0,40.0,2.0,1m,0.0
2025-06-05,2025,OOS,1,bull,B,2025-06-05 08:08:00-04:00,2025-06-05 08:09:00-04:00,2025-06-05 08:30:00-04:00,21770.75,21722.75,21866.75,48.0,21722.75,-48.25,-1.0052083333333333,stop,False,False,False,21812.25,-41.5,58.25,11.25,1.2135416666666667,0.234375,21,21730.75,21723.0,21769.75,21765.5,40.0,2.0,1m,0.0
2025-06-09,2025,OOS,-1,bear,B,2025-06-09 08:00:00-04:00,2025-06-09 08:01:00-04:00,2025-06-09 09:33:00-04:00,21809.5,21824.5,21779.5,15.0,21779.5,29.75,1.9833333333333334,target,False,False,False,21797.5,-12.0,8.5,30.0,0.5666666666666667,2.0,92,21820.75,21824.25,21816.75,21811.0,40.0,2.0,1m,0.0
2025-07-02,2025,OOS,1,bull,C,2025-07-02 08:29:00-04:00,2025-07-02 08:30:00-04:00,2025-07-02 08:33:00-04:00,22639.75,22621.75,22675.75,18.0,22621.75,-18.25,-1.0138888888888888,stop,False,False,False,22654.25,-14.5,29.75,4.25,1.6527777777777777,0.2361111111111111,3,22638.25,22622.0,22638.0,22630.75,40.0,2.0,1m,0.0
2025-07-07,2025,OOS,1,bull,B,2025-07-07 08:07:00-04:00,2025-07-07 08:08:00-04:00,2025-07-07 09:34:00-04:00,22992.0,22908.0,23160.0,84.0,22908.0,-84.25,-1.0029761904761905,stop,False,False,False,22943.25,48.75,91.5,9.75,1.0892857142857142,0.11607142857142858,86,22914.5,22908.25,22985.0,22980.5,40.0,2.0,1m,0.0
2025-07-09,2025,OOS,1,bull,B,2025-07-09 08:05:00-04:00,2025-07-09 08:06:00-04:00,2025-07-09 16:00:00-04:00,22938.5,22843.25,23129.0,95.25,23051.25,112.5,1.1811023622047243,time_exit,False,False,False,22978.75,-40.25,18.75,173.5,0.1968503937007874,1.821522309711286,474,22854.25,22843.5,22936.75,22933.5,40.0,2.0,1m,0.0
2025-07-10,2025,OOS,-1,bear,C,2025-07-10 09:31:00-04:00,2025-07-10 09:32:00-04:00,2025-07-10 09:46:00-04:00,23057.5,23079.0,23014.5,21.5,23014.5,42.75,1.9883720930232558,target,False,False,False,23072.25,14.75,1.0,44.5,0.046511627906976744,2.0697674418604652,14,23077.0,23078.75,23078.75,23072.0,40.0,2.0,1m,0.0
2025-07-14,2025,OOS,-1,bear,B,2025-07-14 08:00:00-04:00,2025-07-14 08:01:00-04:00,2025-07-14 08:22:00-04:00,22886.0,22904.0,22850.0,18.0,22904.0,-18.25,-1.0138888888888888,stop,False,False,False,22942.75,56.75,19.0,6.25,1.0555555555555556,0.3472222222222222,21,22890.5,22903.75,22889.75,22887.5,40.0,2.0,1m,0.0
2025-07-15,2025,OOS,-1,bear,B,2025-07-15 08:01:00-04:00,2025-07-15 08:02:00-04:00,2025-07-15 08:30:00-04:00,23162.0,23192.25,23101.5,30.25,23192.25,-30.5,-1.0082644628099173,stop,False,False,False,23200.25,38.25,38.0,26.75,1.256198347107438,0.8842975206611571,28,23173.75,23192.0,23169.0,23165.0,40.0,2.0,1m,0.0
2025-07-16,2025,OOS,-1,bear,B,2025-07-16 08:01:00-04:00,2025-07-16 08:02:00-04:00,2025-07-16 08:30:00-04:00,23012.0,23045.5,22945.0,33.5,23045.5,-33.75,-1.007462686567164,stop,False,False,False,23074.25,62.25,73.0,2.0,2.1791044776119404,0.05970149253731343,28,23034.25,23045.25,23020.5,23018.5,40.0,2.0,1m,0.0
2025-07-17,2025,OOS,-1,bear,C,2025-07-17 09:04:00-04:00,2025-07-17 09:05:00-04:00,2025-07-17 09:16:00-04:00,23150.0,23158.75,23132.5,8.75,23132.5,17.25,1.9714285714285715,target,False,False,False,23100.25,-49.75,6.5,22.25,0.7428571428571429,2.5428571428571427,11,23151.75,23158.5,23158.5,23153.25,40.0,2.0,1m,0.0
2025-07-23,2025,OOS,1,bull,C,2025-07-23 09:47:00-04:00,2025-07-23 09:48:00-04:00,2025-07-23 09:59:00-04:00,23192.0,23162.25,23251.5,29.75,23162.25,-30.0,-1.0084033613445378,stop,False,False,False,23261.5,-69.5,31.5,19.0,1.0588235294117647,0.6386554621848739,11,23170.25,23162.5,23178.5,23162.5,40.0,2.0,1m,0.0
2025-07-24,2025,OOS,1,bull,B,2025-07-24 08:06:00-04:00,2025-07-24 08:07:00-04:00,2025-07-24 08:44:00-04:00,23391.0,23346.5,23480.0,44.5,23346.5,-44.75,-1.0056179775280898,stop,False,False,False,23374.0,17.0,50.0,1.25,1.1235955056179776,0.028089887640449437,37,23372.25,23346.75,23387.75,23385.5,40.0,2.0,1m,0.0
2025-07-25,2025,OOS,1,bull,C,2025-07-25 09:20:00-04:00,2025-07-25 09:21:00-04:00,2025-07-25 09:30:00-04:00,23369.75,23346.5,23416.25,23.25,23346.5,-23.5,-1.010752688172043,stop,False,False,False,23360.0,9.75,26.75,6.0,1.1505376344086022,0.25806451612903225,9,23348.75,23346.75,23369.5,23346.75,40.0,2.0,1m,0.0
2025-08-05,2025,OOS,1,bull,B,2025-08-05 08:12:00-04:00,2025-08-05 08:13:00-04:00,2025-08-05 09:30:00-04:00,23387.25,23312.25,23537.25,75.0,23312.25,-75.25,-1.0033333333333334,stop,False,False,False,23348.25,39.0,82.25,17.0,1.0966666666666667,0.22666666666666666,77,23313.75,23312.5,23385.75,23380.5,40.0,2.0,1m,0.0
2025-08-06,2025,OOS,1,bull,A,2025-08-06 08:00:00-04:00,2025-08-06 08:01:00-04:00,2025-08-06 16:00:00-04:00,23182.75,23045.25,23457.75,137.5,23424.75,241.75,1.7581818181818183,time_exit,False,False,False,23169.25,13.5,42.5,262.5,0.3090909090909091,1.9090909090909092,479,23084.5,23045.5,23164.0,23161.0,40.0,2.0,1m,0.0
2025-08-07,2025,OOS,1,bull,C,2025-08-07 13:38:00-04:00,2025-08-07 13:39:00-04:00,2025-08-07 14:08:00-04:00,23409.25,23380.75,23466.25,28.5,23380.75,-28.75,-1.0087719298245614,stop,False,False,False,23601.0,-191.75,30.75,27.75,1.0789473684210527,0.9736842105263158,29,23384.5,23381.0,23396.75,23381.0,40.0,2.0,1m,0.0
2025-08-08,2025,OOS,1,bull,B,2025-08-08 09:39:00-04:00,2025-08-08 09:40:00-04:00,2025-08-08 16:00:00-04:00,23579.0,23502.75,23731.5,76.25,23714.5,135.25,1.7737704918032786,time_exit,False,False,False,23541.75,37.25,9.75,145.0,0.12786885245901639,1.901639344262295,380,23516.0,23503.0,23577.0,23574.0,40.0,2.0,1m,0.0
2025-08-11,2025,OOS,1,bull,B,2025-08-11 08:00:00-04:00,2025-08-11 08:01:00-04:00,2025-08-11 14:44:00-04:00,23747.0,23667.5,23906.0,79.5,23667.5,-79.75,-1.0031446540880504,stop,False,False,False,23715.75,31.25,90.25,57.5,1.1352201257861636,0.7232704402515723,403,23701.0,23667.75,23738.25,23734.5,40.0,2.0,1m,0.0
2025-08-12,2025,OOS,1,bull,B,2025-08-12 08:00:00-04:00,2025-08-12 08:01:00-04:00,2025-08-12 08:30:00-04:00,23645.25,23595.75,23744.25,49.5,23744.25,98.75,1.994949494949495,target,False,False,False,23733.0,-87.75,6.5,112.0,0.13131313131313133,2.2626262626262625,29,23614.5,23596.0,23638.75,23634.75,40.0,2.0,1m,0.0
2025-08-15,2025,OOS,1,bull,C,2025-08-15 10:15:00-04:00,2025-08-15 10:16:00-04:00,2025-08-15 10:21:00-04:00,23877.75,23849.75,23933.75,28.0,23849.75,-28.25,-1.0089285714285714,stop,False,False,False,23909.25,-31.5,31.25,0.0,1.1160714285714286,0.0,5,23871.0,23850.0,23871.75,23854.75,40.0,2.0,1m,0.0
2025-08-18,2025,OOS,1,bull,C,2025-08-18 10:01:00-04:00,2025-08-18 10:02:00-04:00,2025-08-18 10:25:00-04:00,23764.25,23734.75,23823.25,29.5,23823.25,58.75,1.9915254237288136,target,False,False,False,23768.25,-4.0,6.5,60.0,0.22033898305084745,2.0338983050847457,23,23739.5,23735.0,23753.5,23735.0,40.0,2.0,1m,0.0
2025-08-19,2025,OOS,1,bull,B,2025-08-19 08:26:00-04:00,2025-08-19 08:27:00-04:00,2025-08-19 09:31:00-04:00,23780.5,23730.5,23880.5,50.0,23730.5,-50.25,-1.005,stop,False,False,False,23762.5,18.0,56.75,2.5,1.135,0.05,64,23738.5,23730.75,23777.75,23775.5,40.0,2.0,1m,0.0
2025-08-20,2025,OOS,1,bull,B,2025-08-20 08:00:00-04:00,2025-08-20 08:01:00-04:00,2025-08-20 09:44:00-04:00,23420.75,23334.0,23594.25,86.75,23334.0,-87.0,-1.0028818443804035,stop,False,False,False,23426.25,-5.5,98.5,15.5,1.1354466858789625,0.1786743515850144,103,23336.5,23334.25,23415.75,23410.0,40.0,2.0,1m,0.0
2025-08-21,2025,OOS,1,bull,B,2025-08-21 09:37:00-04:00,2025-08-21 09:38:00-04:00,2025-08-21 09:40:00-04:00,23288.0,23264.25,23335.5,23.75,23264.25,-24.0,-1.0105263157894737,stop,False,False,False,23260.5,27.5,44.5,2.25,1.8736842105263158,0.09473684210526316,2,23267.25,23264.5,23279.5,23277.5,40.0,2.0,1m,0.0
2025-08-22,2025,OOS,1,bull,B,2025-08-22 08:02:00-04:00,2025-08-22 08:03:00-04:00,2025-08-22 10:15:00-04:00,23258.0,23076.5,23621.0,181.5,23621.0,362.75,1.9986225895316805,target,False,False,False,23264.5,-6.5,52.5,371.75,0.2892561983471074,2.0482093663911844,132,23181.0,23076.75,23255.75,23245.25,40.0,2.0,1m,0.0
2025-08-25,2025,OOS,1,bull,C,2025-08-25 09:38:00-04:00,2025-08-25 09:39:00-04:00,2025-08-25 09:45:00-04:00,23509.0,23455.0,23617.0,54.0,23455.0,-54.25,-1.0046296296296295,stop,False,False,False,23496.0,13.0,60.75,2.0,1.125,0.037037037037037035,6,23462.0,23455.25,23506.5,23455.25,40.0,2.0,1m,0.0
2025-08-26,2025,OOS,1,bull,A,2025-08-26 08:00:00-04:00,2025-08-26 08:01:00-04:00,2025-08-26 16:00:00-04:00,23467.75,23371.25,23660.75,96.5,23586.75,118.75,1.2305699481865284,time_exit,False,False,False,23470.75,-3.0,40.75,132.25,0.422279792746114,1.3704663212435233,479,23443.25,23371.5,23450.25,23445.5,40.0,2.0,1m,0.0
2025-08-27,2025,OOS,1,bull,B,2025-08-27 08:07:00-04:00,2025-08-27 08:08:00-04:00,2025-08-27 08:41:00-04:00,23613.25,23567.25,23705.25,46.0,23567.25,-46.25,-1.0054347826086956,stop,False,False,False,23541.0,72.25,47.75,7.75,1.0380434782608696,0.16847826086956522,33,23594.0,23567.5,23610.5,23607.5,40.0,2.0,1m,0.0
2025-08-28,2025,OOS,-1,bear,C,2025-08-28 09:50:00-04:00,2025-08-28 09:51:00-04:00,2025-08-28 11:16:00-04:00,23617.25,23742.5,23366.75,125.25,23742.5,-125.5,-1.001996007984032,stop,False,False,False,23640.25,23.0,134.75,44.75,1.0758483033932136,0.35728542914171657,85,23662.0,23742.25,23691.0,23674.0,40.0,2.0,1m,0.0
2025-09-01,2025,OOS,1,bull,B,2025-09-01 08:13:00-04:00,2025-09-01 08:14:00-04:00,2025-09-01 12:59:00-04:00,23469.25,23370.25,23667.25,99.0,23502.25,32.75,0.33080808080808083,time_exit,False,False,False,23476.0,-6.75,27.5,37.5,0.2777777777777778,0.3787878787878788,285,23406.75,23370.5,23468.0,23464.5,40.0,2.0,1m,0.0
2025-09-02,2025,OOS,1,bull,C,2025-09-02 09:51:00-04:00,2025-09-02 09:52:00-04:00,2025-09-02 16:00:00-04:00,23236.75,23025.0,23660.25,211.75,23277.0,40.0,0.18890200708382526,time_exit,False,False,False,23100.25,136.5,209.75,53.5,0.9905548996458088,0.2526564344746163,368,23218.75,23025.25,23184.0,23142.25,40.0,2.0,1m,0.0
2025-09-04,2025,OOS,1,bull,C,2025-09-04 10:07:00-04:00,2025-09-04 10:08:00-04:00,2025-09-04 10:15:00-04:00,23446.0,23426.0,23486.0,20.0,23426.0,-20.25,-1.0125,stop,False,False,False,23480.5,-34.5,34.25,24.75,1.7125,1.2375,7,23431.25,23426.25,23443.5,23426.25,40.0,2.0,1m,0.0
2025-09-05,2025,OOS,1,bull,C,2025-09-05 10:20:00-04:00,2025-09-05 10:21:00-04:00,2025-09-05 10:22:00-04:00,23728.5,23690.0,23805.5,38.5,23690.0,-38.75,-1.0064935064935066,stop,False,False,False,23875.0,-146.5,41.25,0.0,1.0714285714285714,0.0,1,23691.75,23690.25,23710.5,23690.25,40.0,2.0,1m,0.0
2025-09-08,2025,OOS,-1,bear,C,2025-09-08 09:24:00-04:00,2025-09-08 09:25:00-04:00,2025-09-08 09:28:00-04:00,23783.5,23793.75,23763.0,10.25,23793.75,-10.5,-1.024390243902439,stop,False,False,False,23784.25,0.75,11.5,6.5,1.1219512195121952,0.6341463414634146,3,23791.25,23793.5,23793.5,23790.25,40.0,2.0,1m,0.0
2025-09-10,2025,OOS,-1,bear,C,2025-09-10 08:07:00-04:00,2025-09-10 08:08:00-04:00,2025-09-10 08:24:00-04:00,23956.5,23964.75,23940.0,8.25,23940.0,16.25,1.9696969696969697,target,False,False,False,23998.75,42.25,3.25,18.25,0.3939393939393939,2.212121212121212,16,23957.5,23964.5,23964.5,23959.25,40.0,2.0,1m,0.0
2025-09-11,2025,OOS,-1,bear,C,2025-09-11 08:24:00-04:00,2025-09-11 08:25:00-04:00,2025-09-11 08:30:00-04:00,23942.0,23957.0,23912.0,15.0,23957.0,-15.25,-1.0166666666666666,stop,True,False,False,23977.25,35.25,32.0,104.0,2.1333333333333333,6.933333333333334,5,23956.0,23956.75,23956.75,23945.0,40.0,2.0,1m,0.0
2025-09-12,2025,OOS,1,bull,B,2025-09-12 08:00:00-04:00,2025-09-12 08:01:00-04:00,2025-09-12 16:00:00-04:00,24044.75,23968.75,24196.75,76.0,24110.25,65.25,0.8585526315789473,time_exit,False,False,False,24040.75,4.0,43.25,114.25,0.569078947368421,1.5032894736842106,479,23992.0,23969.0,24032.5,24029.5,40.0,2.0,1m,0.0
2025-09-24,2025,OOS,1,bull,C,2025-09-24 09:59:00-04:00,2025-09-24 10:00:00-04:00,2025-09-24 11:10:00-04:00,24822.0,24784.25,24897.5,37.75,24784.25,-38.0,-1.0066225165562914,stop,False,False,False,24885.25,-63.25,41.5,19.0,1.099337748344371,0.5033112582781457,70,24810.5,24784.5,24818.75,24806.75,40.0,2.0,1m,0.0
2025-09-25,2025,OOS,1,bull,C,2025-09-25 10:15:00-04:00,2025-09-25 10:16:00-04:00,2025-09-25 10:18:00-04:00,24603.5,24585.0,24640.5,18.5,24585.0,-18.75,-1.0135135135135136,stop,False,False,False,24576.25,27.25,20.75,8.5,1.1216216216216217,0.4594594594594595,2,24586.75,24585.25,24598.25,24585.25,40.0,2.0,1m,0.0
2025-09-26,2025,OOS,1,bull,B,2025-09-26 08:16:00-04:00,2025-09-26 08:17:00-04:00,2025-09-26 10:24:00-04:00,24645.25,24569.0,24797.75,76.25,24569.0,-76.5,-1.0032786885245901,stop,False,False,False,24654.25,-9.0,79.5,102.25,1.042622950819672,1.340983606557377,127,24573.75,24569.25,24645.0,24638.75,40.0,2.0,1m,0.0
2025-09-30,2025,OOS,1,bull,C,2025-09-30 09:43:00-04:00,2025-09-30 09:44:00-04:00,2025-09-30 09:54:00-04:00,24778.5,24745.0,24845.5,33.5,24745.0,-33.75,-1.007462686567164,stop,False,False,False,24820.5,-42.0,46.5,27.75,1.3880597014925373,0.8283582089552238,10,24754.75,24745.25,24775.75,24745.25,40.0,2.0,1m,0.0
2025-10-01,2025,OOS,1,bull,B,2025-10-01 08:00:00-04:00,2025-10-01 08:01:00-04:00,2025-10-01 16:00:00-04:00,24804.75,24633.0,25148.25,171.75,25011.5,206.5,1.2023289665211063,time_exit,False,False,False,24763.0,41.75,78.75,232.0,0.4585152838427948,1.3508005822416302,479,24763.5,24633.25,24803.25,24798.0,40.0,2.0,1m,0.0
2025-10-02,2025,OOS,-1,bear,C,2025-10-02 08:45:00-04:00,2025-10-02 08:46:00-04:00,2025-10-02 09:00:00-04:00,25152.25,25164.5,25127.75,12.25,25164.5,-12.5,-1.0204081632653061,stop,False,False,False,25165.25,13.0,24.75,3.0,2.020408163265306,0.24489795918367346,14,25151.0,25164.25,25160.0,25157.75,40.0,2.0,1m,0.0
2025-10-21,2025,OOS,1,bull,B,2025-10-21 08:00:00-04:00,2025-10-21 08:01:00-04:00,2025-10-21 09:41:00-04:00,25312.5,25252.75,25432.0,59.75,25252.75,-60.0,-1.00418410041841,stop,False,False,False,25300.75,11.75,61.0,2.75,1.0209205020920502,0.04602510460251046,100,25295.25,25253.0,25308.25,25306.25,40.0,2.0,1m,0.0
2025-10-22,2025,OOS,1,bull,B,2025-10-22 08:01:00-04:00,2025-10-22 08:02:00-04:00,2025-10-22 09:33:00-04:00,25241.5,25206.25,25312.0,35.25,25206.25,-35.5,-1.0070921985815602,stop,False,False,False,25265.5,-24.0,48.25,37.0,1.3687943262411348,1.049645390070922,91,25214.5,25206.5,25229.5,25219.75,40.0,2.0,1m,0.0
2025-10-23,2025,OOS,1,bull,C,2025-10-23 08:22:00-04:00,2025-10-23 08:23:00-04:00,2025-10-23 08:32:00-04:00,24965.25,24939.75,25016.25,25.5,24939.75,-25.75,-1.0098039215686274,stop,False,False,False,25016.25,-51.0,28.25,10.0,1.107843137254902,0.39215686274509803,9,24951.25,24940.0,24947.25,24940.0,40.0,2.0,1m,0.0
2025-11-04,2025,OOS,1,bull,C,2025-11-04 12:21:00-05:00,2025-11-04 12:22:00-05:00,2025-11-04 12:26:00-05:00,25671.75,25642.0,25731.25,29.75,25731.25,59.25,1.9915966386554622,target,False,False,False,25742.0,-70.25,2.25,60.25,0.07563025210084033,2.0252100840336134,4,25645.0,25642.25,25666.0,25642.25,40.0,2.0,1m,0.0
2025-11-06,2025,OOS,1,bull,C,2025-11-06 09:46:00-05:00,2025-11-06 09:47:00-05:00,2025-11-06 09:51:00-05:00,25640.0,25585.75,25748.5,54.25,25585.75,-54.5,-1.0046082949308757,stop,False,False,False,25674.0,-34.0,75.25,33.25,1.3870967741935485,0.6129032258064516,4,25617.25,25586.0,25622.75,25586.0,40.0,2.0,1m,0.0
2025-11-11,2025,OOS,1,bull,C,2025-11-11 08:31:00-05:00,2025-11-11 08:32:00-05:00,2025-11-11 09:22:00-05:00,25589.0,25571.5,25624.0,17.5,25624.0,34.75,1.9857142857142858,target,False,False,False,25605.0,-16.0,5.25,37.25,0.3,2.1285714285714286,50,25582.25,25571.75,25579.0,25572.25,40.0,2.0,1m,0.0
2025-11-12,2025,OOS,1,bull,C,2025-11-12 10:07:00-05:00,2025-11-12 10:08:00-05:00,2025-11-12 10:36:00-05:00,25630.25,25561.25,25768.25,69.0,25561.25,-69.25,-1.0036231884057971,stop,False,False,False,25778.5,-148.25,101.75,29.75,1.4746376811594204,0.4311594202898551,28,25629.5,25561.5,25624.75,25594.5,40.0,2.0,1m,0.0
2025-11-14,2025,OOS,1,bull,A,2025-11-14 10:45:00-05:00,2025-11-14 10:46:00-05:00,2025-11-14 16:00:00-05:00,25127.5,24973.0,25436.5,154.5,25105.75,-22.0,-0.1423948220064725,time_exit,False,False,False,24723.5,404.0,58.5,165.75,0.3786407766990291,1.0728155339805825,314,25002.5,24973.25,25103.0,25094.0,40.0,2.0,1m,0.0
2025-11-17,2025,OOS,1,bull,C,2025-11-17 08:52:00-05:00,2025-11-17 08:53:00-05:00,2025-11-17 09:27:00-05:00,25036.0,25009.75,25088.5,26.25,25009.75,-26.5,-1.0095238095238095,stop,False,False,False,24997.75,38.25,27.75,43.75,1.0571428571428572,1.6666666666666667,34,25022.0,25010.0,25031.25,25010.0,40.0,2.0,1m,0.0
2025-11-18,2025,OOS,1,bull,B,2025-11-18 08:00:00-05:00,2025-11-18 08:01:00-05:00,2025-11-18 09:50:00-05:00,24715.5,24603.5,24939.5,112.0,24603.5,-112.25,-1.0022321428571428,stop,False,False,False,24718.25,-2.75,121.0,116.5,1.0803571428571428,1.0401785714285714,109,24607.0,24603.75,24676.75,24660.0,40.0,2.0,1m,0.0
2025-11-20,2025,OOS,1,bull,C,2025-11-20 11:17:00-05:00,2025-11-20 11:18:00-05:00,2025-11-20 11:18:00-05:00,24991.0,24952.5,25068.0,38.5,24952.5,-38.75,-1.0064935064935066,stop,False,False,False,25211.5,-220.5,60.75,0.0,1.577922077922078,0.0,0,24955.25,24952.75,24984.5,24952.75,40.0,2.0,1m,0.0
2025-12-08,2025,OOS,-1,bear,B,2025-12-08 08:30:00-05:00,2025-12-08 08:31:00-05:00,2025-12-08 09:04:00-05:00,25793.5,25821.5,25737.5,28.0,25821.5,-28.25,-1.0089285714285714,stop,False,False,False,25791.0,-2.5,30.0,9.0,1.0714285714285714,0.32142857142857145,33,25804.25,25821.25,25805.5,25799.75,40.0,2.0,1m,0.0
2025-12-09,2025,OOS,-1,bear,C,2025-12-09 12:07:00-05:00,2025-12-09 12:08:00-05:00,2025-12-09 12:23:00-05:00,25721.0,25733.25,25696.5,12.25,25696.5,24.25,1.9795918367346939,target,False,False,False,25618.5,-102.5,5.25,31.25,0.42857142857142855,2.5510204081632653,15,25729.5,25733.0,25733.0,25726.25,40.0,2.0,1m,0.0
2025-12-10,2025,OOS,-1,bear,B,2025-12-10 09:30:00-05:00,2025-12-10 09:31:00-05:00,2025-12-10 14:34:00-05:00,25643.5,25746.0,25438.5,102.5,25746.0,-102.75,-1.002439024390244,stop,False,False,False,25647.25,3.75,113.75,114.75,1.1097560975609757,1.1195121951219513,303,25710.0,25745.75,25650.5,25644.75,40.0,2.0,1m,0.0
2025-12-16,2025,OOS,1,bull,B,2025-12-16 08:00:00-05:00,2025-12-16 08:01:00-05:00,2025-12-16 16:00:00-05:00,25305.25,25073.0,25769.75,232.25,25372.75,67.25,0.28955866523143164,time_exit,False,False,False,25232.0,73.25,133.5,138.75,0.5748116254036598,0.5974165769644779,479,25103.5,25073.25,25305.25,25294.75,40.0,2.0,1m,0.0
2025-12-17,2025,OOS,1,bull,C,2025-12-17 09:56:00-05:00,2025-12-17 09:57:00-05:00,2025-12-17 10:35:00-05:00,25316.25,25245.25,25458.25,71.0,25245.25,-71.25,-1.0035211267605635,stop,False,False,False,25422.5,-106.25,88.75,32.75,1.25,0.4612676056338028,38,25264.5,25245.5,25305.0,25245.5,40.0,2.0,1m,0.0
2025-12-18,2025,OOS,-1,bear,C,2025-12-18 08:18:00-05:00,2025-12-18 08:19:00-05:00,2025-12-18 08:30:00-05:00,25107.0,25120.0,25081.0,13.0,25120.0,-13.25,-1.0192307692307692,stop,False,False,False,25278.75,171.75,93.0,7.0,7.153846153846154,0.5384615384615384,11,25114.5,25119.75,25119.75,25111.0,40.0,2.0,1m,0.0
2025-12-19,2025,OOS,-1,bear,B,2025-12-19 08:00:00-05:00,2025-12-19 08:01:00-05:00,2025-12-19 09:30:00-05:00,25285.5,25393.75,25069.0,108.25,25393.75,-108.5,-1.002309468822171,stop,False,False,False,25361.25,75.75,115.5,11.75,1.0669745958429562,0.10854503464203233,89,25321.75,25393.5,25305.0,25291.25,40.0,2.0,1m,0.0
2025-12-22,2025,OOS,-1,bear,C,2025-12-22 08:11:00-05:00,2025-12-22 08:12:00-05:00,2025-12-22 08:20:00-05:00,25739.0,25746.25,25724.5,7.25,25746.25,-7.5,-1.0344827586206897,stop,False,False,False,25780.75,41.75,8.5,1.0,1.1724137931034482,0.13793103448275862,8,25740.25,25746.0,25746.0,25740.5,40.0,2.0,1m,0.0
2025-12-23,2025,OOS,-1,bear,C,2025-12-23 09:50:00-05:00,2025-12-23 09:51:00-05:00,2025-12-23 09:55:00-05:00,25724.75,25740.5,25693.25,15.75,25693.25,31.25,1.9841269841269842,target,False,False,False,25644.25,-80.5,15.25,32.75,0.9682539682539683,2.0793650793650795,4,25738.75,25740.25,25740.25,25726.25,40.0,2.0,1m,0.0
2025-12-24,2025,OOS,-1,bear,A,2025-12-24 09:39:00-05:00,2025-12-24 09:40:00-05:00,2025-12-24 10:10:00-05:00,25790.0,25827.25,25715.5,37.25,25827.25,-37.5,-1.0067114093959733,stop,False,False,False,25795.0,5.0,43.25,3.5,1.1610738255033557,0.09395973154362416,30,25822.5,25827.0,25792.25,25791.25,40.0,2.0,1m,0.0
2025-12-26,2025,OOS,-1,bear,A,2025-12-26 10:00:00-05:00,2025-12-26 10:01:00-05:00,2025-12-26 16:00:00-05:00,25872.0,25916.75,25782.5,44.75,25866.75,5.0,0.11173184357541899,time_exit,False,False,False,25899.0,27.0,40.0,37.75,0.8938547486033519,0.8435754189944135,359,25892.0,25916.5,25876.5,25875.25,40.0,2.0,1m,0.0
2025-12-30,2025,OOS,-1,bear,C,2025-12-30 10:01:00-05:00,2025-12-30 10:02:00-05:00,2025-12-30 11:20:00-05:00,25743.75,25775.0,25681.25,31.25,25775.0,-31.5,-1.008,stop,False,False,False,25692.75,-51.0,38.25,62.25,1.224,1.992,78,25755.0,25774.75,25774.75,25765.25,40.0,2.0,1m,0.0
2025-12-31,2025,OOS,-1,bear,C,2025-12-31 09:28:00-05:00,2025-12-31 09:29:00-05:00,2025-12-31 09:37:00-05:00,25687.75,25717.0,25629.25,29.25,25629.25,58.25,1.9914529914529915,target,False,False,False,25678.75,-9.0,4.25,71.5,0.1452991452991453,2.4444444444444446,8,25689.5,25716.75,25697.0,25692.25,40.0,2.0,1m,0.0
2026-01-02,2026,OOS,-1,bear,C,2026-01-02 09:59:00-05:00,2026-01-02 10:00:00-05:00,2026-01-02 10:15:00-05:00,25732.75,25804.0,25590.25,71.25,25590.25,142.25,1.9964912280701754,target,False,False,False,25687.0,-45.75,47.25,151.0,0.6631578947368421,2.119298245614035,15,25742.75,25803.75,25758.25,25735.0,40.0,2.0,1m,0.0
2026-01-05,2026,OOS,-1,bear,C,2026-01-05 08:59:00-05:00,2026-01-05 09:00:00-05:00,2026-01-05 09:01:00-05:00,25575.0,25593.0,25539.0,18.0,25593.0,-18.25,-1.0138888888888888,stop,False,False,False,25642.5,67.5,24.0,0.0,1.3333333333333333,0.0,1,25588.25,25592.75,25592.75,25579.75,40.0,2.0,1m,0.0
2026-01-06,2026,OOS,-1,bear,B,2026-01-06 08:00:00-05:00,2026-01-06 08:01:00-05:00,2026-01-06 09:30:00-05:00,25637.75,25674.5,25564.25,36.75,25674.5,-37.0,-1.0068027210884354,stop,False,False,False,25636.0,-1.75,38.25,47.25,1.0408163265306123,1.2857142857142858,89,25653.25,25674.25,25646.25,25642.25,40.0,2.0,1m,0.0
2026-01-07,2026,OOS,-1,bear,A,2026-01-07 08:00:00-05:00,2026-01-07 08:01:00-05:00,2026-01-07 09:41:00-05:00,25755.5,25845.0,25576.5,89.5,25845.0,-89.75,-1.0027932960893855,stop,False,False,False,25790.75,35.25,108.75,0.25,1.2150837988826815,0.002793296089385475,100,25837.75,25844.75,25786.0,25783.75,40.0,2.0,1m,0.0
2026-01-09,2026,OOS,-1,bear,C,2026-01-09 09:18:00-05:00,2026-01-09 09:19:00-05:00,2026-01-09 10:22:00-05:00,25733.25,25795.75,25608.25,62.5,25795.75,-62.75,-1.004,stop,False,False,False,25714.0,-19.25,81.0,117.75,1.296,1.884,63,25767.25,25795.5,25795.5,25740.0,40.0,2.0,1m,0.0
2026-01-12,2026,OOS,-1,bear,C,2026-01-12 12:06:00-05:00,2026-01-12 12:07:00-05:00,2026-01-12 12:11:00-05:00,25962.5,25969.75,25948.0,7.25,25969.75,-7.5,-1.0344827586206897,stop,False,False,False,25746.25,-216.25,11.5,9.75,1.5862068965517242,1.3448275862068966,4,25960.0,25969.5,25969.5,25964.5,40.0,2.0,1m,0.0
2026-01-13,2026,OOS,-1,bear,C,2026-01-13 08:53:00-05:00,2026-01-13 08:54:00-05:00,2026-01-13 16:00:00-05:00,25961.25,26045.75,25792.25,84.5,25904.25,56.75,0.6715976331360947,time_exit,False,False,False,25950.5,-10.75,81.5,158.0,0.9644970414201184,1.8698224852071006,426,25954.0,26045.5,25979.75,25969.75,40.0,2.0,1m,0.0
2026-01-16,2026,OOS,1,bull,C,2026-01-16 10:24:00-05:00,2026-01-16 10:25:00-05:00,2026-01-16 10:29:00-05:00,25728.0,25667.0,25850.0,61.0,25667.0,-61.25,-1.0040983606557377,stop,False,False,False,25868.0,-140.0,64.25,0.0,1.0532786885245902,0.0,4,25704.25,25667.25,25701.25,25687.75,40.0,2.0,1m,0.0
2026-01-19,2026,OOS,1,bull,C,2026-01-19 09:50:00-05:00,2026-01-19 09:51:00-05:00,2026-01-19 10:02:00-05:00,25272.75,25246.75,25324.75,26.0,25324.75,51.75,1.9903846153846154,target,False,False,False,25291.25,-18.5,5.75,54.25,0.22115384615384615,2.0865384615384617,11,25257.75,25247.0,25267.25,25247.0,40.0,2.0,1m,0.0
2026-01-21,2026,OOS,-1,bear,B,2026-01-21 08:03:00-05:00,2026-01-21 08:04:00-05:00,2026-01-21 09:22:00-05:00,25076.0,25246.75,24734.5,170.75,25246.75,-171.0,-1.0014641288433381,stop,False,False,False,25196.5,120.5,177.0,35.0,1.0366032210834553,0.20497803806734993,78,25227.5,25246.5,25088.0,25078.25,40.0,2.0,1m,0.0
2026-01-22,2026,OOS,-1,bear,C,2026-01-22 09:06:00-05:00,2026-01-22 09:07:00-05:00,2026-01-22 09:35:00-05:00,25705.75,25740.0,25637.25,34.25,25637.25,68.25,1.9927007299270072,target,False,False,False,25729.0,23.25,32.75,72.5,0.9562043795620438,2.116788321167883,28,25715.75,25739.75,25719.5,25712.0,40.0,2.0,1m,0.0
2026-01-23,2026,OOS,-1,bear,B,2026-01-23 08:00:00-05:00,2026-01-23 08:01:00-05:00,2026-01-23 10:22:00-05:00,25616.0,25731.75,25384.5,115.75,25731.75,-116.0,-1.0021598272138228,stop,False,False,False,25608.0,-8.0,140.0,59.25,1.2095032397408207,0.5118790496760259,141,25714.5,25731.5,25630.0,25626.5,40.0,2.0,1m,0.0
2026-01-26,2026,OOS,-1,bear,C,2026-01-26 09:30:00-05:00,2026-01-26 09:31:00-05:00,2026-01-26 09:31:00-05:00,25715.0,25743.75,25657.5,28.75,25743.75,-29.0,-1.008695652173913,stop,False,False,False,25749.0,34.0,47.75,0.0,1.6608695652173913,0.0,0,25742.0,25743.5,25743.5,25725.0,40.0,2.0,1m,0.0
2026-01-27,2026,OOS,-1,bear,B,2026-01-27 08:30:00-05:00,2026-01-27 08:31:00-05:00,2026-01-27 09:55:00-05:00,26000.25,26043.25,25914.25,43.0,26043.25,-43.25,-1.005813953488372,stop,False,False,False,25982.75,-17.5,55.0,83.0,1.2790697674418605,1.930232558139535,84,26009.75,26043.0,26006.5,26001.75,40.0,2.0,1m,0.0
2026-02-05,2026,OOS,1,bull,C,2026-02-05 09:34:00-05:00,2026-02-05 09:35:00-05:00,2026-02-05 10:01:00-05:00,24815.25,24691.25,25063.25,124.0,24691.25,-124.25,-1.002016129032258,stop,False,False,False,24770.25,45.0,126.5,145.5,1.0201612903225807,1.1733870967741935,26,24707.5,24691.5,24770.25,24691.5,40.0,2.0,1m,0.0
2026-02-19,2026,OOS,1,bull,C,2026-02-19 08:29:00-05:00,2026-02-19 08:30:00-05:00,2026-02-19 08:30:00-05:00,24833.0,24810.25,24878.5,22.75,24810.25,-23.0,-1.010989010989011,stop,False,False,False,24833.75,-0.75,35.0,15.0,1.5384615384615385,0.6593406593406593,0,24815.0,24810.5,24823.0,24810.5,40.0,2.0,1m,0.0
2026-02-20,2026,OOS,1,bull,B,2026-02-20 08:00:00-05:00,2026-02-20 08:01:00-05:00,2026-02-20 08:31:00-05:00,24825.0,24790.75,24893.5,34.25,24790.75,-34.5,-1.0072992700729928,stop,False,False,False,24715.25,109.75,44.25,39.0,1.2919708029197081,1.1386861313868613,30,24826.0,24791.0,24822.25,24811.25,40.0,2.0,1m,0.0
2026-02-24,2026,OOS,-1,bear,B,2026-02-24 09:29:00-05:00,2026-02-24 09:30:00-05:00,2026-02-24 09:44:00-05:00,24804.0,24902.5,24607.0,98.5,24902.5,-98.75,-1.00253807106599,stop,False,False,False,24805.0,1.0,109.0,109.5,1.1065989847715736,1.1116751269035532,14,24888.25,24902.25,24818.0,24810.75,40.0,2.0,1m,0.0
2026-02-27,2026,OOS,-1,bear,B,2026-02-27 08:18:00-05:00,2026-02-27 08:19:00-05:00,2026-02-27 16:00:00-05:00,24893.5,25099.0,24482.5,205.5,24998.25,-105.0,-0.5109489051094891,time_exit,False,False,False,24815.25,-78.25,143.25,111.5,0.6970802919708029,0.5425790754257908,461,25061.0,25098.75,24922.5,24905.75,40.0,2.0,1m,0.0
2026-03-02,2026,OOS,-1,bear,C,2026-03-02 10:32:00-05:00,2026-03-02 10:33:00-05:00,2026-03-02 10:39:00-05:00,24847.0,24907.5,24726.0,60.5,24907.5,-60.75,-1.0041322314049588,stop,False,False,False,24644.5,-202.5,72.25,5.0,1.1942148760330578,0.08264462809917356,6,24901.25,24907.25,24907.25,24867.5,40.0,2.0,1m,0.0
2026-03-03,2026,OOS,1,bull,C,2026-03-03 10:31:00-05:00,2026-03-03 10:32:00-05:00,2026-03-03 11:06:00-05:00,24429.25,24365.75,24556.25,63.5,24556.25,126.75,1.9960629921259843,target,False,False,False,24535.0,-105.75,56.25,143.75,0.8858267716535433,2.263779527559055,34,24370.0,24366.0,24402.25,24366.0,40.0,2.0,1m,0.0
2026-03-04,2026,OOS,1,bull,B,2026-03-04 08:00:00-05:00,2026-03-04 08:01:00-05:00,2026-03-04 16:00:00-05:00,24814.5,24498.75,25446.0,315.75,25120.0,305.25,0.9667458432304038,time_exit,False,False,False,24853.5,-39.0,7.5,403.25,0.023752969121140142,1.2771179730799684,479,24525.0,24499.0,24767.25,24760.0,40.0,2.0,1m,0.0
2026-03-05,2026,OOS,1,bull,B,2026-03-05 09:33:00-05:00,2026-03-05 09:34:00-05:00,2026-03-05 10:30:00-05:00,25085.5,24973.0,25310.5,112.5,24973.0,-112.75,-1.0022222222222221,stop,False,False,False,24987.75,97.75,140.25,124.25,1.2466666666666666,1.1044444444444443,56,25025.25,24973.25,25076.25,25066.5,40.0,2.0,1m,0.0
2026-03-11,2026,OOS,1,bull,C,2026-03-11 11:50:00-04:00,2026-03-11 11:51:00-04:00,2026-03-11 13:00:00-04:00,24930.25,24887.75,25015.25,42.5,25015.25,84.75,1.9941176470588236,target,False,False,False,25034.75,-104.5,32.5,96.25,0.7647058823529411,2.264705882352941,69,24895.75,24888.0,24908.5,24888.0,40.0,2.0,1m,0.0
2026-03-12,2026,OOS,1,bull,C,2026-03-12 09:48:00-04:00,2026-03-12 09:49:00-04:00,2026-03-12 09:53:00-04:00,24715.0,24676.0,24793.0,39.0,24676.0,-39.25,-1.0064102564102564,stop,False,False,False,24775.75,-60.75,47.0,52.25,1.205128205128205,1.3397435897435896,4,24695.5,24676.25,24708.5,24676.25,40.0,2.0,1m,0.0
2026-03-13,2026,OOS,1,bull,A,2026-03-13 08:00:00-04:00,2026-03-13 08:01:00-04:00,2026-03-13 10:57:00-04:00,24664.75,24491.0,25012.25,173.75,24491.0,-174.0,-1.0014388489208632,stop,False,False,False,24645.5,19.25,179.0,140.5,1.0302158273381294,0.8086330935251799,176,24517.75,24491.25,24577.75,24573.75,40.0,2.0,1m,0.0
2026-03-16,2026,OOS,1,bull,A,2026-03-16 08:00:00-04:00,2026-03-16 08:01:00-04:00,2026-03-16 16:00:00-04:00,24844.25,24277.75,25977.25,566.5,24884.75,40.25,0.07105030891438659,time_exit,False,False,False,24869.25,-25.0,12.0,190.75,0.02118270079435128,0.33671668137687555,479,24333.75,24278.0,24721.5,24718.75,40.0,2.0,1m,0.0
2026-03-17,2026,OOS,1,bull,B,2026-03-17 08:00:00-04:00,2026-03-17 08:01:00-04:00,2026-03-17 09:20:00-04:00,24819.25,24728.0,25001.75,91.25,25001.75,182.25,1.9972602739726026,target,False,False,False,25000.75,-181.5,6.5,190.5,0.07123287671232877,2.0876712328767124,79,24780.5,24728.25,24818.5,24812.5,40.0,2.0,1m,0.0
2026-03-18,2026,OOS,1,bull,C,2026-03-18 09:40:00-04:00,2026-03-18 09:41:00-04:00,2026-03-18 09:43:00-04:00,24984.75,24944.25,25065.75,40.5,24944.25,-40.75,-1.0061728395061729,stop,False,False,False,24928.25,56.5,49.75,5.0,1.228395061728395,0.12345679012345678,2,24990.75,24944.5,24972.5,24961.75,40.0,2.0,1m,0.0
2026-03-20,2026,OOS,1,bull,C,2026-03-20 11:24:00-04:00,2026-03-20 11:25:00-04:00,2026-03-20 13:05:00-04:00,24274.75,24231.0,24362.25,43.75,24231.0,-44.0,-1.0057142857142858,stop,False,False,False,24487.25,-212.5,49.0,82.0,1.12,1.8742857142857143,100,24319.0,24231.25,24262.75,24250.25,40.0,2.0,1m,0.0
2026-03-23,2026,OOS,1,bull,A,2026-03-23 08:00:00-04:00,2026-03-23 08:01:00-04:00,2026-03-23 16:00:00-04:00,24367.75,23889.75,25323.75,478.0,24398.75,30.75,0.06433054393305439,time_exit,False,False,False,24493.25,-125.5,59.25,322.25,0.12395397489539749,0.674163179916318,479,23971.25,23890.0,23998.25,23993.0,40.0,2.0,1m,0.0
2026-03-24,2026,OOS,1,bull,B,2026-03-24 08:00:00-04:00,2026-03-24 08:01:00-04:00,2026-03-24 09:40:00-04:00,24394.25,24193.25,24796.25,201.0,24193.25,-201.25,-1.0012437810945274,stop,False,False,False,24254.25,140.0,221.5,0.0,1.1019900497512438,0.0,99,24222.75,24193.5,24363.0,24351.25,40.0,2.0,1m,0.0
2026-03-25,2026,OOS,1,bull,C,2026-03-25 11:21:00-04:00,2026-03-25 11:22:00-04:00,2026-03-25 13:43:00-04:00,24345.75,24286.25,24464.75,59.5,24464.75,118.75,1.995798319327731,target,False,False,False,24430.75,-85.0,15.0,148.0,0.25210084033613445,2.4873949579831933,141,24320.5,24286.5,24318.25,24286.5,40.0,2.0,1m,0.0
2026-03-27,2026,OOS,1,bull,C,2026-03-27 08:52:00-04:00,2026-03-27 08:53:00-04:00,2026-03-27 09:03:00-04:00,23622.0,23596.5,23673.0,25.5,23596.5,-25.75,-1.0098039215686274,stop,False,False,False,23654.5,-32.5,37.0,12.0,1.4509803921568627,0.47058823529411764,10,23608.25,23596.75,23606.25,23597.75,40.0,2.0,1m,0.0
2026-04-09,2026,OOS,-1,bear,C,2026-04-09 09:33:00-04:00,2026-04-09 09:34:00-04:00,2026-04-09 09:43:00-04:00,25048.75,25103.75,24938.75,55.0,25103.75,-55.25,-1.0045454545454546,stop,False,False,False,25081.0,32.25,60.25,29.75,1.0954545454545455,0.5409090909090909,9,25065.0,25103.5,25088.75,25055.5,40.0,2.0,1m,0.0
2026-04-10,2026,OOS,-1,bear,A,2026-04-10 11:56:00-04:00,2026-04-10 11:57:00-04:00,2026-04-10 16:00:00-04:00,25258.5,25304.0,25167.5,45.5,25284.25,-26.0,-0.5714285714285714,time_exit,False,False,False,25315.25,56.75,43.5,36.25,0.9560439560439561,0.7967032967032966,243,25269.75,25303.75,25269.75,25266.75,40.0,2.0,1m,0.0
2026-04-22,2026,OOS,-1,bear,B,2026-04-22 08:48:00-04:00,2026-04-22 08:49:00-04:00,2026-04-22 09:09:00-04:00,26824.75,26864.75,26744.75,40.0,26864.75,-40.25,-1.00625,stop,False,False,False,26881.0,56.25,50.25,7.75,1.25625,0.19375,20,26837.75,26864.5,26835.5,26832.5,40.0,2.0,1m,0.0
2026-05-22,2026,OOS,1,bull,B,2026-05-22 08:00:00-04:00,2026-05-22 08:01:00-04:00,2026-05-22 09:32:00-04:00,29507.25,29435.75,29650.25,71.5,29650.25,142.75,1.9965034965034965,target,False,False,False,29580.0,-72.75,11.5,150.5,0.16083916083916083,2.104895104895105,91,29444.0,29436.0,29505.75,29498.25,40.0,2.0,1m,0.0
2026-06-24,2026,OOS,-1,bear,C,2026-06-24 11:06:00-04:00,2026-06-24 11:07:00-04:00,2026-06-24 11:25:00-04:00,29836.25,29893.5,29721.75,57.25,29721.75,114.25,1.9956331877729259,target,False,False,False,29711.25,-125.0,7.0,132.25,0.1222707423580786,2.3100436681222707,18,29891.75,29893.25,29893.25,29853.25,40.0,2.0,1m,0.0
2026-06-25,2026,OOS,-1,bear,A,2026-06-25 09:37:00-04:00,2026-06-25 09:38:00-04:00,2026-06-25 09:44:00-04:00,30028.5,30168.75,29748.0,140.25,29748.0,280.25,1.9982174688057042,target,False,False,False,30153.25,124.75,7.25,281.5,0.05169340463458111,2.0071301247771838,6,30157.75,30168.5,30041.75,30035.0,40.0,2.0,1m,0.0
2026-06-29,2026,OOS,1,bull,C,2026-06-29 10:19:00-04:00,2026-06-29 10:20:00-04:00,2026-06-29 10:33:00-04:00,29382.5,29273.5,29600.5,109.0,29600.5,217.75,1.9977064220183487,target,False,False,False,29643.0,-260.5,44.25,262.0,0.4059633027522936,2.403669724770642,13,29280.25,29273.75,29352.0,29273.75,40.0,2.0,1m,0.0
2026-07-02,2026,OOS,1,bull,A,2026-07-02 08:13:00-04:00,2026-07-02 08:14:00-04:00,2026-07-02 10:27:00-04:00,30132.0,29952.25,30491.5,179.75,29952.25,-180.0,-1.0013908205841446,stop,False,False,False,30076.25,55.75,194.5,188.0,1.082058414464534,1.0458970792767732,133,30008.5,29952.5,30122.25,30111.25,40.0,2.0,1m,0.0
2026-07-07,2026,OOS,1,bull,B,2026-07-07 08:00:00-04:00,2026-07-07 08:01:00-04:00,2026-07-07 09:33:00-04:00,29650.25,29558.25,29834.25,92.0,29558.25,-92.25,-1.002717391304348,stop,False,False,False,29593.0,57.25,98.25,65.75,1.0679347826086956,0.7146739130434783,92,29607.5,29558.5,29627.25,29621.0,40.0,2.0,1m,0.0
2026-07-10,2026,OOS,1,bull,B,2026-07-10 08:00:00-04:00,2026-07-10 08:01:00-04:00,2026-07-10 10:33:00-04:00,29815.5,29717.0,30012.5,98.5,29717.0,-98.75,-1.00253807106599,stop,False,False,False,29834.75,-19.25,140.5,153.0,1.4263959390862944,1.5532994923857868,152,29804.25,29717.25,29814.25,29807.0,40.0,2.0,1m,0.0
2026-07-13,2026,OOS,1,bull,B,2026-07-13 08:10:00-04:00,2026-07-13 08:11:00-04:00,2026-07-13 09:45:00-04:00,29749.75,29542.5,30164.25,207.25,29542.5,-207.5,-1.0012062726176116,stop,False,False,False,29710.0,39.75,214.0,7.5,1.0325693606755126,0.03618817852834741,94,29612.75,29542.75,29741.25,29728.75,40.0,2.0,1m,0.0
2026-07-14,2026,OOS,1,bull,A,2026-07-14 08:00:00-04:00,2026-07-14 08:01:00-04:00,2026-07-14 16:00:00-04:00,29627.25,29303.25,30275.25,324.0,29785.75,158.25,0.48842592592592593,time_exit,False,False,False,29811.0,-183.75,59.75,294.5,0.18441358024691357,0.9089506172839507,479,29386.5,29303.5,29510.0,29502.5,40.0,2.0,1m,0.0
2026-07-16,2026,OOS,1,bull,C,2026-07-16 10:01:00-04:00,2026-07-16 10:02:00-04:00,2026-07-16 13:40:00-04:00,29382.5,29255.25,29637.0,127.25,29255.25,-127.5,-1.0019646365422397,stop,False,False,False,29466.0,-83.5,135.75,131.0,1.0667976424361494,1.0294695481335954,218,29361.0,29255.5,29363.75,29296.5,40.0,2.0,1m,0.0
2026-07-17,2026,OOS,1,bull,C,2026-07-17 09:53:00-04:00,2026-07-17 09:54:00-04:00,2026-07-17 10:00:00-04:00,28590.0,28539.5,28691.0,50.5,28691.0,100.75,1.995049504950495,target,False,False,False,28607.75,-17.75,11.75,150.0,0.23267326732673269,2.9702970297029703,6,28550.0,28539.75,28578.75,28539.75,40.0,2.0,1m,0.0
2026-07-20,2026,OOS,-1,bear,C,2026-07-20 09:52:00-04:00,2026-07-20 09:53:00-04:00,2026-07-20 10:12:00-04:00,29055.75,29113.5,28940.25,57.75,28940.25,115.25,1.9956709956709957,target,False,False,False,29045.0,-10.75,17.0,116.75,0.2943722943722944,2.0216450216450217,19,29109.5,29113.25,29113.25,29058.25,40.0,2.0,1m,0.0
2026-07-21,2026,OOS,-1,bear,C,2026-07-21 09:31:00-04:00,2026-07-21 09:32:00-04:00,2026-07-21 10:45:00-04:00,29169.25,29246.5,29014.75,77.25,29246.5,-77.5,-1.0032362459546926,stop,False,False,False,29222.5,53.25,84.75,105.0,1.0970873786407767,1.3592233009708738,73,29207.0,29246.25,29246.25,29184.25,40.0,2.0,1m,0.0
2026-07-22,2026,OOS,-1,bear,C,2026-07-22 11:28:00-04:00,2026-07-22 11:29:00-04:00,2026-07-22 11:33:00-04:00,29329.25,29342.5,29302.75,13.25,29302.75,26.25,1.9811320754716981,target,False,False,False,29090.5,-238.75,6.25,31.25,0.4716981132075472,2.358490566037736,4,29337.0,29342.25,29342.25,29331.25,40.0,2.0,1m,0.0
2026-07-24,2026,OOS,1,bull,C,2026-07-24 09:49:00-04:00,2026-07-24 09:50:00-04:00,2026-07-24 09:50:00-04:00,28501.0,28458.0,28587.0,43.0,28458.0,-43.25,-1.005813953488372,stop,False,False,False,28540.0,-39.0,90.0,1.0,2.0930232558139537,0.023255813953488372,0,28465.5,28458.25,28491.25,28458.25,40.0,2.0,1m,0.0
2026-07-31,2026,OOS,-1,bear,B,2026-07-31 08:00:00-04:00,2026-07-31 08:01:00-04:00,2026-07-31 09:32:00-04:00,28529.0,28641.0,28305.0,112.0,28641.0,-112.25,-1.0022321428571428,stop,False,False,False,28576.75,47.75,137.75,96.75,1.2299107142857142,0.8638392857142857,91,28572.0,28640.75,28555.25,28547.75,40.0,2.0,1m,0.0
