mechanism,T_offset,horizon,split,n,rate,win,mean,median,mean_z,mean_mfe,mean_mae,mfe_gt_mae,p_hit_plus_first,delta_win_vs_unc,delta_mean_vs_unc,n_base,hit_n,unc_win,unc_mean,delta_win_vs_50
UNCOND_LONG,0,5,IS,2352,1.0,0.5195578231292517,0.44834183673469385,0.5,0.06975477416901976,9.655187074829932,9.451849489795919,0.5055272108843537,0.513646288209607,0.0,0.0,,,,,
UNCOND_LONG,0,10,IS,2352,1.0,0.51828231292517,0.062181122448979595,0.75,0.06423036740428138,12.959077380952381,13.021364795918368,0.5063775510204082,0.5114539504441328,0.0,0.0,,,,,
UNCOND_LONG,0,15,IS,2352,1.0,0.5284863945578231,0.7300170068027211,0.75,0.10792172064953269,14.903486394557824,14.987457482993197,0.5097789115646258,0.511554145899411,0.0,0.0,,,,,
UNCOND_LONG,0,30,IS,2352,1.0,0.5276360544217688,0.9774659863945578,1.5,0.10107519398787607,18.8953018707483,19.738095238095237,0.5025510204081632,0.513347921225383,0.0,0.0,,,,,
UNCOND_LONG,0,45,IS,2352,1.0,0.5178571428571429,0.4573767006802721,1.0,0.061245447645273024,21.797937925170068,23.12202380952381,0.49447278911564624,0.5130548302872062,0.0,0.0,,,,,
UNCOND_LONG,0,60,IS,2352,1.0,0.5284863945578231,1.2687074829931972,1.5,0.1343678011302582,23.907100340136054,25.42580782312925,0.4927721088435374,0.5130208333333334,0.0,0.0,,,,,
UNCOND_LONG,0,5,Validation,753,1.0,0.49269588313413015,-2.146746347941567,-0.25,-0.056159351789288596,24.97941567065073,27.198539176626827,0.49269588313413015,0.4974271012006861,0.0,0.0,,,,,
UNCOND_LONG,0,10,Validation,753,1.0,0.5112881806108898,-1.5879814077025232,1.0,-0.015440150058267252,32.89143426294821,35.42330677290837,0.4953519256308101,0.5,0.0,0.0,,,,,
UNCOND_LONG,0,15,Validation,753,1.0,0.5033200531208499,-1.4136786188579018,0.5,-0.016973095922455578,38.909030544488715,41.90969455511288,0.5112881806108898,0.5028409090909091,0.0,0.0,,,,,
UNCOND_LONG,0,30,Validation,753,1.0,0.49800796812749004,-1.8927622841965472,0.0,-0.030732838064455634,51.85557768924303,55.33764940239044,0.48339973439575035,0.4993141289437586,0.0,0.0,,,,,
UNCOND_LONG,0,45,Validation,753,1.0,0.4900398406374502,-2.638114209827357,-1.25,-0.07045405710641477,60.07171314741036,67.08466135458167,0.4754316069057105,0.49727520435967304,0.0,0.0,,,,,
UNCOND_LONG,0,60,Validation,753,1.0,0.4953519256308101,-2.5919654714475433,-1.0,-0.08800207327233502,66.73871181938911,73.43459495351925,0.48871181938911024,0.49795918367346936,0.0,0.0,,,,,
UNCOND_LONG,0,5,OOS,400,1.0,0.49,1.92125,-1.875,0.01580596837740474,37.9475,37.36625,0.475,0.48863636363636365,0.0,0.0,,,,,
UNCOND_LONG,0,10,OOS,400,1.0,0.475,-0.13,-4.75,-0.009608623443132118,49.71,50.238125,0.4775,0.47865853658536583,0.0,0.0,,,,,
UNCOND_LONG,0,15,OOS,400,1.0,0.5075,1.201875,1.75,0.012806515635027736,58.40625,61.210625,0.475,0.480225988700565,0.0,0.0,,,,,
UNCOND_LONG,0,30,OOS,400,1.0,0.5425,1.82125,5.25,0.009432554162398823,80.438125,85.233125,0.515,0.4779220779220779,0.0,0.0,,,,,
UNCOND_LONG,0,45,OOS,400,1.0,0.5275,4.405,6.875,0.08883514114828465,93.8325,97.5375,0.5125,0.4731457800511509,0.0,0.0,,,,,
UNCOND_LONG,0,60,OOS,400,1.0,0.535,3.304375,13.25,0.04465183700026647,102.51,109.195,0.5075,0.4719387755102041,0.0,0.0,,,,,
UNCOND_LONG,15,5,IS,2350,1.0,0.4765957446808511,-0.9134042553191489,-0.25,-0.09047920092526299,6.947340425531915,7.67563829787234,0.4825531914893617,0.4875066454013822,0.0,0.0,,,,,
cont_5,15,5,IS,470,0.2,0.5191489361702127,0.6654255319148936,0.5,0.10089367964032207,7.811702127659575,6.843617021276596,0.5085106382978724,0.5308310991957105,0.04255319148936165,1.5788297872340427,2350.0,373.0,0.4765957446808511,-0.9134042553191489,0.019148936170212738
fade_5,15,5,IS,470,0.2,0.474468085106383,-0.6654255319148936,-0.5,-0.10089367964032207,6.843617021276596,7.811702127659575,0.474468085106383,0.4691689008042895,-0.002127659574468088,0.2479787234042553,2350.0,373.0,0.4765957446808511,-0.9134042553191489,-0.025531914893617003
cont_15,15,5,IS,470,0.2,0.4978723404255319,-0.24308510638297873,0.0,0.10754136665303629,6.607978723404256,6.732978723404256,0.4723404255319149,0.5084269662921348,0.021276595744680826,0.6703191489361702,2350.0,356.0,0.4765957446808511,-0.9134042553191489,-0.002127659574468088
fade_15,15,5,IS,470,0.2,0.4829787234042553,0.24308510638297873,0.0,-0.10754136665303629,6.732978723404256,6.607978723404256,0.5085106382978724,0.49157303370786515,0.006382978723404209,1.1564893617021277,2350.0,356.0,0.4765957446808511,-0.9134042553191489,-0.017021276595744705
UNCOND_LONG,15,10,IS,2350,1.0,0.49319148936170215,-0.4208510638297872,0.0,-0.07713651737884515,9.402340425531914,10.762765957446808,0.4702127659574468,0.4918625678119349,0.0,0.0,,,,,
cont_5,15,10,IS,470,0.2,0.4957446808510638,-0.07712765957446809,0.0,-0.010281535167748523,10.087234042553192,9.96063829787234,0.49361702127659574,0.5148063781321185,0.0025531914893616725,0.3437234042553191,2350.0,439.0,0.49319148936170215,-0.4208510638297872,-0.004255319148936176
fade_5,15,10,IS,470,0.2,0.4978723404255319,0.07712765957446809,0.0,0.010281535167748523,9.96063829787234,10.087234042553192,0.49361702127659574,0.48519362186788156,0.004680851063829761,0.4979787234042553,2350.0,439.0,0.49319148936170215,-0.4208510638297872,-0.002127659574468088
cont_15,15,10,IS,470,0.2,0.5170212765957447,-0.9037234042553192,0.5,0.07197507833703268,8.980851063829787,9.63031914893617,0.502127659574468,0.5,0.023829787234042554,-0.48287234042553195,2350.0,434.0,0.49319148936170215,-0.4208510638297872,0.017021276595744705
fade_15,15,10,IS,470,0.2,0.4723404255319149,0.9037234042553192,-0.5,-0.07197507833703268,9.63031914893617,8.980851063829787,0.4723404255319149,0.5,-0.020851063829787242,1.3245744680851064,2350.0,434.0,0.49319148936170215,-0.4208510638297872,-0.02765957446808509
UNCOND_LONG,15,15,IS,2350,1.0,0.5234042553191489,0.29138297872340424,0.75,-0.021530710826143013,11.647127659574467,12.692978723404256,0.48851063829787233,0.4917102966841187,0.0,0.0,,,,,
cont_5,15,15,IS,470,0.2,0.49361702127659574,-0.43031914893617024,0.0,-0.02257900051383756,11.818085106382979,12.14468085106383,0.4978723404255319,0.5120350109409191,-0.02978723404255318,-0.7217021276595745,2350.0,457.0,0.5234042553191489,0.29138297872340424,-0.0063829787234042645
fade_5,15,15,IS,470,0.2,0.49148936170212765,0.43031914893617024,0.0,0.02257900051383756,12.14468085106383,11.818085106382979,0.4978723404255319,0.487964989059081,-0.03191489361702127,0.138936170212766,2350.0,457.0,0.5234042553191489,0.29138297872340424,-0.008510638297872353
cont_15,15,15,IS,470,0.2,0.5425531914893617,-0.022340425531914895,0.875,0.2485149108330608,11.134574468085106,11.600531914893617,0.5170212765957447,0.49122807017543857,0.019148936170212738,-0.31372340425531914,2350.0,456.0,0.5234042553191489,0.29138297872340424,0.04255319148936165
fade_15,15,15,IS,470,0.2,0.44468085106382976,0.022340425531914895,-0.875,-0.2485149108330608,11.600531914893617,11.134574468085106,0.4787234042553192,0.5087719298245614,-0.07872340425531915,-0.26904255319148934,2350.0,456.0,0.5234042553191489,0.29138297872340424,-0.05531914893617024
UNCOND_LONG,15,30,IS,2350,1.0,0.5153191489361703,-0.2403191489361702,0.75,-0.08407379641497639,15.84840425531915,17.431382978723406,0.48851063829787233,0.49314481576692376,0.0,0.0,,,,,
cont_5,15,30,IS,470,0.2,0.5106382978723404,0.09680851063829787,0.5,0.10019946802700312,16.02659574468085,16.6281914893617,0.4978723404255319,0.5096774193548387,-0.004680851063829872,0.3371276595744681,2350.0,465.0,0.5153191489361703,-0.2403191489361702,0.010638297872340385
fade_5,15,30,IS,470,0.2,0.4787234042553192,-0.09680851063829787,-0.5,-0.10019946802700312,16.6281914893617,16.02659574468085,0.5,0.49032258064516127,-0.03659574468085108,0.14351063829787233,2350.0,465.0,0.5153191489361703,-0.2403191489361702,-0.021276595744680826
cont_15,15,30,IS,470,0.2,0.551063829787234,0.33670212765957447,1.5,0.3126244346636223,15.946808510638299,15.49468085106383,0.551063829787234,0.5010660980810234,0.03574468085106375,0.5770212765957446,2350.0,469.0,0.5153191489361703,-0.2403191489361702,0.051063829787234005
fade_15,15,30,IS,470,0.2,0.4340425531914894,-0.33670212765957447,-1.5,-0.3126244346636223,15.49468085106383,15.946808510638299,0.44893617021276594,0.4989339019189765,-0.08127659574468088,-0.09638297872340426,2350.0,469.0,0.5153191489361703,-0.2403191489361702,-0.06595744680851062
UNCOND_LONG,15,45,IS,2350,1.0,0.5259574468085106,0.5318085106382979,1.25,-0.0070875710389487175,18.569787234042554,20.31744680851064,0.48808510638297875,0.49249892841834547,0.0,0.0,,,,,
cont_5,15,45,IS,470,0.2,0.5042553191489362,0.6691489361702128,0.25,0.10161170809307479,19.628723404255318,19.288297872340426,0.5042553191489362,0.5085836909871244,-0.021702127659574466,0.13734042553191483,2350.0,466.0,0.5259574468085106,0.5318085106382979,0.004255319148936176
fade_5,15,45,IS,470,0.2,0.4829787234042553,-0.6691489361702128,-0.25,-0.10161170809307479,19.288297872340426,19.628723404255318,0.48936170212765956,0.49141630901287553,-0.04297872340425535,-1.2009574468085107,2350.0,466.0,0.5259574468085106,0.5318085106382979,-0.017021276595744705
cont_15,15,45,IS,470,0.2,0.551063829787234,1.5904255319148937,1.75,0.50952271076847,19.5718085106383,18.224468085106384,0.5680851063829787,0.5,0.025106382978723363,1.0586170212765957,2350.0,468.0,0.5259574468085106,0.5318085106382979,0.051063829787234005
fade_15,15,45,IS,470,0.2,0.43617021276595747,-1.5904255319148937,-1.75,-0.50952271076847,18.224468085106384,19.5718085106383,0.425531914893617,0.5,-0.08978723404255318,-2.122234042553192,2350.0,468.0,0.5259574468085106,0.5318085106382979,-0.06382978723404253
UNCOND_LONG,15,60,IS,2350,1.0,0.5348936170212766,0.23606382978723403,1.5,0.011352156039699171,20.72659574468085,22.81255319148936,0.4940425531914894,0.49249892841834547,0.0,0.0,,,,,
cont_5,15,60,IS,470,0.2,0.5063829787234042,0.46702127659574466,0.25,0.05414518602840052,22.429255319148936,21.86223404255319,0.49148936170212765,0.5085836909871244,-0.02851063829787237,0.23095744680851063,2350.0,466.0,0.5348936170212766,0.23606382978723403,0.006382978723404209
fade_5,15,60,IS,470,0.2,0.49148936170212765,-0.46702127659574466,-0.25,-0.05414518602840052,21.86223404255319,22.429255319148936,0.4957446808510638,0.49141630901287553,-0.04340425531914893,-0.7030851063829787,2350.0,466.0,0.5348936170212766,0.23606382978723403,-0.008510638297872353
cont_15,15,60,IS,470,0.2,0.5468085106382978,1.9851063829787234,2.0,0.5645858992732576,21.839893617021275,20.45904255319149,0.5553191489361702,0.5,0.01191489361702125,1.7490425531914895,2350.0,468.0,0.5348936170212766,0.23606382978723403,0.04680851063829783
fade_15,15,60,IS,470,0.2,0.44468085106382976,-1.9851063829787234,-2.0,-0.5645858992732576,20.45904255319149,21.839893617021275,0.4319148936170213,0.5,-0.09021276595744682,-2.2211702127659576,2350.0,468.0,0.5348936170212766,0.23606382978723403,-0.05531914893617024
UNCOND_LONG,15,5,Validation,753,1.0,0.50199203187251,-1.2918326693227091,0.5,-0.07970653251016604,20.0929614873838,21.697875166002657,0.4847277556440903,0.48653198653198654,0.0,0.0,,,,,
cont_5,15,5,Validation,165,0.21912350597609562,0.4484848484848485,-2.959090909090909,-2.25,-0.13582080522179546,22.951515151515153,22.98939393939394,0.5151515151515151,0.5037593984962406,-0.05350718338766147,-1.6672582397681999,753.0,133.0,0.50199203187251,-1.2918326693227091,-0.051515151515151514
fade_5,15,5,Validation,165,0.21912350597609562,0.5515151515151515,2.959090909090909,2.25,0.13582080522179546,22.98939393939394,22.951515151515153,0.47878787878787876,0.49624060150375937,0.049523119642641555,4.250923578413618,753.0,133.0,0.50199203187251,-1.2918326693227091,0.051515151515151514
cont_15,15,5,Validation,145,0.19256308100929614,0.4413793103448276,-2.0982758620689657,-3.25,-0.1228715995815079,18.377586206896552,20.091379310344827,0.496551724137931,0.5229357798165137,-0.06061272152768238,-0.8064431927462565,753.0,109.0,0.50199203187251,-1.2918326693227091,-0.05862068965517242
fade_15,15,5,Validation,145,0.19256308100929614,0.5586206896551724,2.0982758620689657,3.25,0.1228715995815079,20.091379310344827,18.377586206896552,0.496551724137931,0.47706422018348627,0.05662865778266246,3.390108531391675,753.0,109.0,0.50199203187251,-1.2918326693227091,0.05862068965517242
UNCOND_LONG,15,10,Validation,753,1.0,0.50066401062417,0.10823373173970784,0.25,-0.01767345936262734,27.10225763612218,28.426626826029217,0.4860557768924303,0.5020746887966805,0.0,0.0,,,,,
cont_5,15,10,Validation,165,0.21912350597609562,0.46060606060606063,-2.4212121212121214,-2.0,-0.08590032795482247,29.368181818181817,30.368181818181817,0.503030303030303,0.5123456790123457,-0.040057950018109356,-2.529445852951829,753.0,162.0,0.50066401062417,0.10823373173970784,-0.03939393939393937
fade_5,15,10,Validation,165,0.21912350597609562,0.5393939393939394,2.4212121212121214,2.0,0.08590032795482247,30.368181818181817,29.368181818181817,0.49696969696969695,0.4876543209876543,0.03872992876976944,2.3129783894724136,753.0,162.0,0.50066401062417,0.10823373173970784,0.039393939393939426
cont_15,15,10,Validation,145,0.19256308100929614,0.4827586206896552,-2.146551724137931,-1.5,-0.10760558321910196,24.49655172413793,27.73103448275862,0.5103448275862069,0.5036496350364964,-0.017905389934514793,-2.254785455877639,753.0,137.0,0.50066401062417,0.10823373173970784,-0.017241379310344807
fade_15,15,10,Validation,145,0.19256308100929614,0.5172413793103449,2.146551724137931,1.5,0.10760558321910196,27.73103448275862,24.49655172413793,0.4896551724137931,0.49635036496350365,0.016577368686174876,2.0383179923982233,753.0,137.0,0.50066401062417,0.10823373173970784,0.017241379310344862
UNCOND_LONG,15,15,Validation,753,1.0,0.49933598937583,-0.4867197875166003,0.0,-0.032253452966637904,34.4601593625498,35.74169986719787,0.49933598937583,0.49931787175989084,0.0,0.0,,,,,
cont_5,15,15,Validation,165,0.21912350597609562,0.4909090909090909,-2.556060606060606,-1.0,-0.05042338599080222,37.77878787878788,40.157575757575756,0.45454545454545453,0.5094339622641509,-0.008426898466739108,-2.069340818544006,753.0,159.0,0.49933598937583,-0.4867197875166003,-0.009090909090909094
fade_5,15,15,Validation,165,0.21912350597609562,0.509090909090909,2.556060606060606,1.0,0.05042338599080222,40.157575757575756,37.77878787878788,0.5454545454545454,0.49056603773584906,0.009754919715079025,3.0427803935772064,753.0,159.0,0.49933598937583,-0.4867197875166003,0.009090909090909038
cont_15,15,15,Validation,145,0.19256308100929614,0.5172413793103449,-1.5241379310344827,1.5,-0.10970836994977338,31.73103448275862,35.394827586206894,0.5103448275862069,0.5142857142857142,0.017905389934514848,-1.0374181435178824,753.0,140.0,0.49933598937583,-0.4867197875166003,0.017241379310344862
fade_15,15,15,Validation,145,0.19256308100929614,0.4827586206896552,1.5241379310344827,-1.5,0.10970836994977338,35.394827586206894,31.73103448275862,0.4896551724137931,0.4857142857142857,-0.01657736868617482,2.010857718551083,753.0,140.0,0.49933598937583,-0.4867197875166003,-0.017241379310344807
UNCOND_LONG,15,30,Validation,753,1.0,0.5179282868525896,-1.2320717131474104,2.75,-0.06674070707989907,46.51593625498008,51.19887118193891,0.4754316069057105,0.4986413043478261,0.0,0.0,,,,,
cont_5,15,30,Validation,165,0.21912350597609562,0.47878787878787876,-2.5636363636363635,-1.5,-0.009470660305316105,53.18030303030303,57.163636363636364,0.45454545454545453,0.5094339622641509,-0.03914040806471086,-1.3315646504889531,753.0,159.0,0.5179282868525896,-1.2320717131474104,-0.021212121212121238
fade_5,15,30,Validation,165,0.21912350597609562,0.5212121212121212,2.5636363636363635,1.5,0.009470660305316105,57.163636363636364,53.18030303030303,0.5454545454545454,0.49056603773584906,0.003283834359531612,3.795708076783774,753.0,159.0,0.5179282868525896,-1.2320717131474104,0.021212121212121238
cont_15,15,30,Validation,145,0.19256308100929614,0.4689655172413793,-4.827586206896552,-2.75,-0.2246410871772533,46.47241379310345,51.98620689655172,0.4896551724137931,0.5140845070422535,-0.04896276961121032,-3.5955144937491412,753.0,142.0,0.5179282868525896,-1.2320717131474104,-0.031034482758620696
fade_15,15,30,Validation,145,0.19256308100929614,0.5310344827586206,4.827586206896552,2.75,0.2246410871772533,51.98620689655172,46.47241379310345,0.5103448275862069,0.4859154929577465,0.013106195906031015,6.059657920043962,753.0,142.0,0.5179282868525896,-1.2320717131474104,0.03103448275862064
UNCOND_LONG,15,45,Validation,753,1.0,0.50199203187251,-1.1859229747675963,0.25,-0.08345429826983146,54.993027888446214,59.375830013280215,0.4847277556440903,0.4986413043478261,0.0,0.0,,,,,
cont_5,15,45,Validation,165,0.21912350597609562,0.49696969696969695,-3.2484848484848485,-5.5,-0.08416239258590666,61.88484848484848,67.64090909090909,0.4909090909090909,0.5094339622641509,-0.005022334902813008,-2.062561873717252,753.0,159.0,0.50199203187251,-1.1859229747675963,-0.00303030303030305
fade_5,15,45,Validation,165,0.21912350597609562,0.503030303030303,3.2484848484848485,5.5,0.08416239258590666,67.64090909090909,61.88484848484848,0.509090909090909,0.49056603773584906,0.0010382711577930914,4.434407823252445,753.0,159.0,0.50199203187251,-1.1859229747675963,0.00303030303030305
cont_15,15,45,Validation,145,0.19256308100929614,0.47586206896551725,-1.2948275862068965,-4.0,-0.11487885387380535,55.11896551724138,62.01379310344828,0.496551724137931,0.5104895104895105,-0.02612996290699271,-0.10890461143930019,753.0,143.0,0.50199203187251,-1.1859229747675963,-0.02413793103448275
fade_15,15,45,Validation,145,0.19256308100929614,0.5241379310344828,1.2948275862068965,4.0,0.11487885387380535,62.01379310344828,55.11896551724138,0.503448275862069,0.48951048951048953,0.02214589916197285,2.480750560974493,753.0,143.0,0.50199203187251,-1.1859229747675963,0.024137931034482807
UNCOND_LONG,15,60,Validation,753,1.0,0.5086321381142098,-1.7619521912350598,2.0,-0.1130170690685007,61.168326693227094,66.68094289508632,0.4940239043824701,0.4986413043478261,0.0,0.0,,,,,
cont_5,15,60,Validation,165,0.21912350597609562,0.5151515151515151,-2.5636363636363635,5.0,-0.01974480884365376,69.08181818181818,74.05151515151515,0.509090909090909,0.5094339622641509,0.006519377037305318,-0.8016841724013037,753.0,159.0,0.5086321381142098,-1.7619521912350598,0.015151515151515138
fade_5,15,60,Validation,165,0.21912350597609562,0.48484848484848486,2.5636363636363635,-5.0,0.01974480884365376,74.05151515151515,69.08181818181818,0.4909090909090909,0.49056603773584906,-0.023783653265724958,4.325588554871423,753.0,159.0,0.5086321381142098,-1.7619521912350598,-0.015151515151515138
cont_15,15,60,Validation,145,0.19256308100929614,0.503448275862069,-3.406896551724138,1.5,-0.216075175885715,61.67068965517242,67.51551724137931,0.496551724137931,0.5104895104895105,-0.005183862252140847,-1.6449443604890783,753.0,143.0,0.5086321381142098,-1.7619521912350598,0.0034482758620689724
fade_15,15,60,Validation,145,0.19256308100929614,0.496551724137931,3.406896551724138,-1.5,0.216075175885715,67.51551724137931,61.67068965517242,0.503448275862069,0.48951048951048953,-0.012080413976278792,5.168848742959198,753.0,143.0,0.5086321381142098,-1.7619521912350598,-0.0034482758620689724
UNCOND_LONG,15,5,OOS,400,1.0,0.535,1.97,2.625,0.02065418638637972,32.43625,31.701875,0.515,0.5130434782608696,0.0,0.0,,,,,
cont_5,15,5,OOS,93,0.2325,0.46236559139784944,2.217741935483871,-1.0,0.051261680264758226,35.284946236559136,30.903225806451612,0.5161290322580645,0.5185185185185185,-0.07263440860215059,0.24774193548387102,400.0,81.0,0.535,1.97,-0.03763440860215056
fade_5,15,5,OOS,93,0.2325,0.5268817204301075,-2.217741935483871,1.0,-0.051261680264758226,30.903225806451612,35.284946236559136,0.4838709677419355,0.48148148148148145,-0.008118279569892528,-4.187741935483871,400.0,81.0,0.535,1.97,0.026881720430107503
cont_15,15,5,OOS,87,0.2175,0.4942528735632184,-1.9195402298850575,0.0,-0.05905440895260878,29.485632183908045,31.936781609195403,0.5057471264367817,0.5138888888888888,-0.04074712643678163,-3.8895402298850574,400.0,72.0,0.535,1.97,-0.005747126436781602
fade_15,15,5,OOS,87,0.2175,0.4942528735632184,1.9195402298850575,0.0,0.05905440895260878,31.936781609195403,29.485632183908045,0.4942528735632184,0.4861111111111111,-0.04074712643678163,-0.050459770114942515,400.0,72.0,0.535,1.97,-0.005747126436781602
UNCOND_LONG,15,10,OOS,400,1.0,0.5125,2.27375,1.625,0.04439740746520189,44.935625,43.328125,0.5225,0.5,0.0,0.0,,,,,
cont_5,15,10,OOS,93,0.2325,0.5161290322580645,7.913978494623656,5.25,0.20197339008568246,49.04838709677419,41.513440860215056,0.4946236559139785,0.5333333333333333,0.003629032258064546,5.640228494623656,400.0,90.0,0.5125,2.27375,0.016129032258064502
fade_5,15,10,OOS,93,0.2325,0.4838709677419355,-7.913978494623656,-5.25,-0.20197339008568246,41.513440860215056,49.04838709677419,0.5053763440860215,0.4666666666666667,-0.028629032258064457,-10.187728494623656,400.0,90.0,0.5125,2.27375,-0.016129032258064502
cont_15,15,10,OOS,87,0.2175,0.47126436781609193,0.4942528735632184,-3.75,0.0400543750086631,42.67816091954023,44.1551724137931,0.47126436781609193,0.5185185185185185,-0.04123563218390802,-1.7794971264367818,400.0,81.0,0.5125,2.27375,-0.028735632183908066
fade_15,15,10,OOS,87,0.2175,0.5172413793103449,-0.4942528735632184,3.75,-0.0400543750086631,44.1551724137931,42.67816091954023,0.5287356321839081,0.48148148148148145,0.0047413793103449065,-2.7680028735632187,400.0,81.0,0.5125,2.27375,0.017241379310344862
UNCOND_LONG,15,15,OOS,400,1.0,0.5225,0.665,4.375,-0.014538081519899852,55.27625,56.97125,0.5175,0.4987146529562982,0.0,0.0,,,,,
cont_5,15,15,OOS,93,0.2325,0.5698924731182796,16.293010752688172,14.75,0.5361639478001303,64.65322580645162,50.696236559139784,0.5376344086021505,0.532608695652174,0.047392473118279654,15.628010752688173,400.0,92.0,0.5225,0.665,0.06989247311827962
fade_5,15,15,OOS,93,0.2325,0.41935483870967744,-16.293010752688172,-14.75,-0.5361639478001303,50.696236559139784,64.65322580645162,0.46236559139784944,0.4673913043478261,-0.10314516129032253,-16.95801075268817,400.0,92.0,0.5225,0.665,-0.08064516129032256
cont_15,15,15,OOS,87,0.2175,0.5402298850574713,5.2844827586206895,5.75,0.32229125926351365,57.666666666666664,56.706896551724135,0.4942528735632184,0.5411764705882353,0.017729885057471306,4.6194827586206895,400.0,85.0,0.5225,0.665,0.04022988505747127
fade_15,15,15,OOS,87,0.2175,0.45977011494252873,-5.2844827586206895,-5.75,-0.32229125926351365,56.706896551724135,57.666666666666664,0.5057471264367817,0.4588235294117647,-0.06272988505747124,-5.9494827586206895,400.0,85.0,0.5225,0.665,-0.04022988505747127
UNCOND_LONG,15,30,OOS,400,1.0,0.5275,3.24875,5.875,0.08221881273335428,72.539375,73.725625,0.505,0.5012787723785166,0.0,0.0,,,,,
cont_5,15,30,OOS,93,0.2325,0.5591397849462365,-0.7634408602150538,8.25,0.07340590263871899,79.72849462365592,67.76612903225806,0.5376344086021505,0.532608695652174,0.03163978494623654,-4.012190860215053,400.0,92.0,0.5275,3.24875,0.05913978494623651
fade_5,15,30,OOS,93,0.2325,0.44086021505376344,0.7634408602150538,-8.25,-0.07340590263871899,67.76612903225806,79.72849462365592,0.46236559139784944,0.4673913043478261,-0.08663978494623653,-2.4853091397849463,400.0,92.0,0.5275,3.24875,-0.05913978494623656
cont_15,15,30,OOS,87,0.2175,0.5057471264367817,-8.387931034482758,0.25,-0.025688232561218525,75.29022988505747,78.54310344827586,0.5172413793103449,0.5411764705882353,-0.02175287356321831,-11.636681034482757,400.0,85.0,0.5275,3.24875,0.005747126436781658
fade_15,15,30,OOS,87,0.2175,0.4942528735632184,8.387931034482758,-0.25,0.025688232561218525,78.54310344827586,75.29022988505747,0.4827586206896552,0.4588235294117647,-0.03324712643678157,5.139181034482759,400.0,85.0,0.5275,3.24875,-0.005747126436781602
UNCOND_LONG,15,45,OOS,400,1.0,0.54,2.148125,10.875,0.05234419642696108,83.3225,87.910625,0.4975,0.5,0.0,0.0,,,,,
cont_5,15,45,OOS,93,0.2325,0.6129032258064516,4.153225806451613,22.25,0.28143161186894,91.05645161290323,81.75806451612904,0.5483870967741935,0.532608695652174,0.07290322580645159,2.005100806451613,400.0,92.0,0.54,2.148125,0.11290322580645162
fade_5,15,45,OOS,93,0.2325,0.3870967741935484,-4.153225806451613,-22.25,-0.28143161186894,81.75806451612904,91.05645161290323,0.45161290322580644,0.4673913043478261,-0.15290322580645166,-6.301350806451612,400.0,92.0,0.54,2.148125,-0.11290322580645162
cont_15,15,45,OOS,87,0.2175,0.5172413793103449,-4.166666666666667,12.75,0.11608564457862855,84.77011494252874,89.8132183908046,0.4942528735632184,0.5476190476190477,-0.022758620689655173,-6.314791666666666,400.0,84.0,0.54,2.148125,0.017241379310344862
fade_15,15,45,OOS,87,0.2175,0.4827586206896552,4.166666666666667,-12.75,-0.11608564457862855,89.8132183908046,84.77011494252874,0.5057471264367817,0.4523809523809524,-0.05724137931034484,2.018541666666667,400.0,84.0,0.54,2.148125,-0.017241379310344807
UNCOND_LONG,15,60,OOS,400,1.0,0.5525,2.198125,12.5,0.07710853793171203,91.03625,98.195,0.4925,0.4987146529562982,0.0,0.0,,,,,
cont_5,15,60,OOS,93,0.2325,0.4946236559139785,2.5483870967741935,-2.0,0.233765214951792,99.95967741935483,89.13440860215054,0.5806451612903226,0.5274725274725275,-0.05787634408602149,0.3502620967741934,400.0,91.0,0.5525,2.198125,-0.005376344086021501
fade_5,15,60,OOS,93,0.2325,0.5053763440860215,-2.5483870967741935,2.0,-0.233765214951792,89.13440860215054,99.95967741935483,0.41935483870967744,0.4725274725274725,-0.04712365591397849,-4.746512096774193,400.0,91.0,0.5525,2.198125,0.005376344086021501
cont_15,15,60,OOS,87,0.2175,0.6091954022988506,1.8994252873563218,20.75,0.2903893727992815,94.45689655172414,96.88793103448276,0.5057471264367817,0.5476190476190477,0.05669540229885062,-0.29869971264367834,400.0,84.0,0.5525,2.198125,0.10919540229885061
fade_15,15,60,OOS,87,0.2175,0.39080459770114945,-1.8994252873563218,-20.75,-0.2903893727992815,96.88793103448276,94.45689655172414,0.4942528735632184,0.4523809523809524,-0.16169540229885054,-4.097550287356322,400.0,84.0,0.5525,2.198125,-0.10919540229885055
UNCOND_LONG,30,5,IS,2352,1.0,0.49829931972789115,-0.0893920068027211,0.0,-0.006799071169095286,6.5291241496598635,7.061543367346939,0.48554421768707484,0.4889589905362776,0.0,0.0,,,,,
cont_5,30,5,IS,471,0.2002551020408163,0.4713375796178344,0.3651804670912951,-0.25,0.04078923019691421,7.372611464968153,6.265923566878981,0.5159235668789809,0.5352480417754569,-0.026961740110056753,0.45457247389401617,2352.0,383.0,0.49829931972789115,-0.0893920068027211,-0.0286624203821656
fade_5,30,5,IS,471,0.2002551020408163,0.5031847133757962,-0.3651804670912951,0.25,-0.04078923019691421,6.265923566878981,7.372611464968153,0.46709129511677283,0.46475195822454307,0.004885393647905023,-0.275788460288574,2352.0,383.0,0.49829931972789115,-0.0893920068027211,0.0031847133757961776
cont_15,30,5,IS,471,0.2002551020408163,0.4713375796178344,0.5897027600849257,-0.25,0.07824635752753503,7.678343949044586,6.214437367303609,0.5138004246284501,0.5449871465295629,-0.026961740110056753,0.6790947668876468,2352.0,389.0,0.49829931972789115,-0.0893920068027211,-0.0286624203821656
fade_15,30,5,IS,471,0.2002551020408163,0.505307855626327,-0.5897027600849257,0.25,-0.07824635752753503,6.214437367303609,7.678343949044586,0.4692144373673036,0.455012853470437,0.007008535898435808,-0.5003107532822046,2352.0,389.0,0.49829931972789115,-0.0893920068027211,0.005307855626326963
cont_30,30,5,IS,470,0.19982993197278912,0.5212765957446809,0.9473404255319149,0.25,0.14108559209612273,7.534574468085107,5.299468085106383,0.5574468085106383,0.5549872122762148,0.022977276016789727,1.036732432334636,2352.0,391.0,0.49829931972789115,-0.0893920068027211,0.021276595744680882
fade_30,30,5,IS,470,0.19982993197278912,0.46382978723404256,-0.9473404255319149,-0.25,-0.14108559209612273,5.299468085106383,7.534574468085107,0.4340425531914894,0.44501278772378516,-0.0344695324938486,-0.8579484187291938,2352.0,391.0,0.49829931972789115,-0.0893920068027211,-0.036170212765957444
UNCOND_LONG,30,10,IS,2352,1.0,0.5106292517006803,-0.1725127551020408,0.25,-0.03171565462732558,8.797937925170068,9.676445578231293,0.4846938775510204,0.4875111507582516,0.0,0.0,,,,,
cont_5,30,10,IS,471,0.2002551020408163,0.4840764331210191,-0.304140127388535,-0.25,-0.04701096561857082,9.562101910828025,9.162420382165605,0.49256900212314225,0.5223214285714286,-0.026552818579661186,-0.1316273722864942,2352.0,448.0,0.5106292517006803,-0.1725127551020408,-0.015923566878980888
fade_5,30,10,IS,471,0.2002551020408163,0.505307855626327,0.304140127388535,0.25,0.04701096561857082,9.162420382165605,9.562101910828025,0.4968152866242038,0.47767857142857145,-0.005321396074353335,0.4766528824905758,2352.0,448.0,0.5106292517006803,-0.1725127551020408,0.005307855626326963
cont_15,30,10,IS,471,0.2002551020408163,0.49469214437367304,1.0010615711252655,0.0,0.07977151714703155,10.174628450106157,8.479830148619957,0.5116772823779193,0.5277161862527716,-0.01593710732700726,1.1735743262273064,2352.0,451.0,0.5106292517006803,-0.1725127551020408,-0.005307855626326963
fade_15,30,10,IS,471,0.2002551020408163,0.4883227176220807,-1.0010615711252655,0.0,-0.07977151714703155,8.479830148619957,10.174628450106157,0.4734607218683652,0.4722838137472284,-0.022306534078599616,-0.8285488160232247,2352.0,451.0,0.5106292517006803,-0.1725127551020408,-0.011677282377919318
cont_30,30,10,IS,470,0.19982993197278912,0.5382978723404256,0.9702127659574468,0.5,0.16717555102544188,9.480851063829787,7.405851063829787,0.5446808510638298,0.5367483296213809,0.02766862063974529,1.1427255210594875,2352.0,449.0,0.5106292517006803,-0.1725127551020408,0.03829787234042559
fade_30,30,10,IS,470,0.19982993197278912,0.44893617021276594,-0.9702127659574468,-0.5,-0.16717555102544188,7.405851063829787,9.480851063829787,0.4425531914893617,0.46325167037861914,-0.06169308148791436,-0.797700010855406,2352.0,449.0,0.5106292517006803,-0.1725127551020408,-0.05106382978723406
UNCOND_LONG,30,15,IS,2352,1.0,0.5097789115646258,-0.5043579931972789,0.25,-0.07383578741874518,10.52859268707483,11.83110119047619,0.4885204081632653,0.48810038944180006,0.0,0.0,,,,,
cont_5,30,15,IS,471,0.2002551020408163,0.47983014861995754,-0.12314225053078556,-0.25,-0.02803074209297885,11.497346072186836,11.205414012738853,0.47983014861995754,0.5206073752711496,-0.029948762944668306,0.3812157426664934,2352.0,461.0,0.5097789115646258,-0.5043579931972789,-0.02016985138004246
fade_5,30,15,IS,471,0.2002551020408163,0.5010615711252654,0.12314225053078556,0.25,0.02803074209297885,11.205414012738853,11.497346072186836,0.5138004246284501,0.4793926247288503,-0.008717340439360455,0.6275002437280645,2352.0,461.0,0.5097789115646258,-0.5043579931972789,0.0010615711252653925
cont_15,30,15,IS,471,0.2002551020408163,0.5031847133757962,1.0318471337579618,0.25,0.09923220659345332,12.186305732484076,10.290870488322717,0.5031847133757962,0.5292841648590022,-0.00659419818882967,1.5362051269552408,2352.0,461.0,0.5097789115646258,-0.5043579931972789,0.0031847133757961776
fade_15,30,15,IS,471,0.2002551020408163,0.4819532908704883,-1.0318471337579618,-0.25,-0.09923220659345332,10.290870488322717,12.186305732484076,0.4883227176220807,0.47071583514099785,-0.02782562069413752,-0.5274891405606829,2352.0,461.0,0.5097789115646258,-0.5043579931972789,-0.018046709129511673
cont_30,30,15,IS,470,0.19982993197278912,0.5276595744680851,1.254255319148936,0.75,0.14292075314074473,11.12340425531915,8.872872340425532,0.5319148936170213,0.5357917570498916,0.017880662903459243,1.758613312346215,2352.0,461.0,0.5097789115646258,-0.5043579931972789,0.02765957446808509
fade_30,30,15,IS,470,0.19982993197278912,0.4574468085106383,-1.254255319148936,-0.75,-0.14292075314074473,8.872872340425532,11.12340425531915,0.4595744680851064,0.4642082429501085,-0.052332103053987555,-0.7498973259516571,2352.0,461.0,0.5097789115646258,-0.5043579931972789,-0.04255319148936171
UNCOND_LONG,30,30,IS,2352,1.0,0.5259353741496599,0.24372874149659865,1.0,0.017064512245627793,14.318877551020408,15.802083333333334,0.4923469387755102,0.48905109489051096,0.0,0.0,,,,,
cont_5,30,30,IS,471,0.2002551020408163,0.4734607218683652,-0.05997876857749469,-0.5,0.004991331384046285,15.862526539278132,15.32643312101911,0.49044585987261147,0.5226781857451404,-0.052474652281294665,-0.30370751007409336,2352.0,463.0,0.5259353741496599,0.24372874149659865,-0.026539278131634814
fade_5,30,30,IS,471,0.2002551020408163,0.505307855626327,0.05997876857749469,0.5,-0.004991331384046285,15.32643312101911,15.862526539278132,0.4968152866242038,0.4773218142548596,-0.02062751852333289,-0.18374997291910394,2352.0,463.0,0.5259353741496599,0.24372874149659865,0.005307855626326963
cont_15,30,30,IS,471,0.2002551020408163,0.4713375796178344,0.7234607218683652,-0.5,0.13473455103995746,16.057855626326965,13.9432059447983,0.5222929936305732,0.5323275862068966,-0.05459779453182545,0.47973198037176656,2352.0,464.0,0.5259353741496599,0.24372874149659865,-0.0286624203821656
fade_15,30,30,IS,471,0.2002551020408163,0.5074309978768577,-0.7234607218683652,0.5,-0.13473455103995746,13.9432059447983,16.057855626326965,0.46709129511677283,0.4676724137931034,-0.018504376272802103,-0.9671894633649638,2352.0,464.0,0.5259353741496599,0.24372874149659865,0.007430997876857748
cont_30,30,30,IS,470,0.19982993197278912,0.5319148936170213,2.356382978723404,1.25,0.43800031647779747,15.403723404255318,12.170744680851064,0.5574468085106383,0.5417558886509636,0.005979519467361416,2.1126542372268053,2352.0,467.0,0.5259353741496599,0.24372874149659865,0.03191489361702127
fade_30,30,30,IS,470,0.19982993197278912,0.4553191489361702,-2.356382978723404,-1.25,-0.43800031647779747,12.170744680851064,15.403723404255318,0.4297872340425532,0.4582441113490364,-0.07061622521348965,-2.600111720220003,2352.0,467.0,0.5259353741496599,0.24372874149659865,-0.044680851063829796
UNCOND_LONG,30,45,IS,2352,1.0,0.5314625850340136,-0.06462585034013606,1.25,0.0372239047650085,17.071003401360546,18.898490646258505,0.5025510204081632,0.4886021505376344,0.0,0.0,,,,,
cont_5,30,45,IS,471,0.2002551020408163,0.4734607218683652,-0.44957537154989385,-0.5,-0.02401551953142578,18.661889596602972,18.528131634819534,0.49256900212314225,0.5206073752711496,-0.05800186316564837,-0.3849495212097578,2352.0,461.0,0.5314625850340136,-0.06462585034013606,-0.026539278131634814
fade_5,30,45,IS,471,0.2002551020408163,0.5180467091295117,0.44957537154989385,0.5,0.02401551953142578,18.528131634819534,18.661889596602972,0.5010615711252654,0.4793926247288503,-0.013415875904501884,0.5142012218900299,2352.0,461.0,0.5314625850340136,-0.06462585034013606,0.018046709129511673
cont_15,30,45,IS,471,0.2002551020408163,0.47983014861995754,-0.3089171974522293,-0.5,-0.03303476808498609,19.052547770700638,17.23991507430998,0.5159235668789809,0.5324675324675324,-0.051632436414056015,-0.24429134711209322,2352.0,462.0,0.5314625850340136,-0.06462585034013606,-0.02016985138004246
fade_15,30,45,IS,471,0.2002551020408163,0.5159235668789809,0.3089171974522293,0.5,0.03303476808498609,17.23991507430998,19.052547770700638,0.47770700636942676,0.4675324675324675,-0.015539018155032669,0.37354304779236536,2352.0,462.0,0.5314625850340136,-0.06462585034013606,0.015923566878980888
cont_30,30,45,IS,470,0.19982993197278912,0.5468085106382978,3.3813829787234044,1.625,0.47371960073100344,18.291489361702126,14.608510638297872,0.5595744680851064,0.5429184549356223,0.015345925604284272,3.4460088290635404,2352.0,466.0,0.5314625850340136,-0.06462585034013606,0.04680851063829783
fade_30,30,45,IS,470,0.19982993197278912,0.44680851063829785,-3.3813829787234044,-1.625,-0.47371960073100344,14.608510638297872,18.291489361702126,0.4319148936170213,0.4570815450643777,-0.0846540743957157,-3.3167571283832684,2352.0,466.0,0.5314625850340136,-0.06462585034013606,-0.05319148936170215
UNCOND_LONG,30,60,IS,2352,1.0,0.5276360544217688,-0.42251275510204084,1.0,-0.05886739389302043,18.985544217687075,21.54559948979592,0.49829931972789115,0.488592337494619,0.0,0.0,,,,,
cont_5,30,60,IS,471,0.2002551020408163,0.49044585987261147,-0.07696390658174097,0.0,-0.023943382520927963,20.94267515923567,21.212845010615712,0.47983014861995754,0.5206073752711496,-0.037190194549157285,0.3455488485202999,2352.0,461.0,0.5276360544217688,-0.42251275510204084,-0.009554140127388533
fade_5,30,60,IS,471,0.2002551020408163,0.49469214437367304,0.07696390658174097,0.0,0.023943382520927963,21.212845010615712,20.94267515923567,0.505307855626327,0.4793926247288503,-0.032943910048095715,0.4994766616837818,2352.0,461.0,0.5276360544217688,-0.42251275510204084,-0.005307855626326963
cont_15,30,60,IS,471,0.2002551020408163,0.47983014861995754,-0.6841825902335457,-0.5,-0.07582083687871997,21.178343949044585,19.973460721868364,0.5010615711252654,0.5324675324675324,-0.04780590580181121,-0.2616698351315048,2352.0,462.0,0.5276360544217688,-0.42251275510204084,-0.02016985138004246
fade_15,30,60,IS,471,0.2002551020408163,0.5116772823779193,0.6841825902335457,0.5,0.07582083687871997,19.973460721868364,21.178343949044585,0.4840764331210191,0.4675324675324675,-0.015958772043849434,1.1066953453355866,2352.0,462.0,0.5276360544217688,-0.42251275510204084,0.011677282377919318
cont_30,30,60,IS,470,0.19982993197278912,0.548936170212766,3.5595744680851062,2.25,0.5666942208493737,20.750531914893617,16.276063829787233,0.5574468085106383,0.5429184549356223,0.02130011579099722,3.982087223187147,2352.0,466.0,0.5276360544217688,-0.42251275510204084,0.04893617021276597
fade_30,30,60,IS,470,0.19982993197278912,0.44468085106382976,-3.5595744680851062,-2.25,-0.5666942208493737,16.276063829787233,20.750531914893617,0.42340425531914894,0.4570815450643777,-0.08295520335793899,-3.1370617129830656,2352.0,466.0,0.5276360544217688,-0.42251275510204084,-0.05531914893617024
UNCOND_LONG,30,5,Validation,753,1.0,0.5179282868525896,-1.1344621513944224,0.75,-0.07418632759386463,19.024236387782203,20.5597609561753,0.47808764940239046,0.4794069192751236,0.0,0.0,,,,,
cont_5,30,5,Validation,208,0.27622841965471445,0.5240384615384616,0.14423076923076922,1.125,0.03507912214439587,20.217548076923077,20.443509615384617,0.5048076923076923,0.47928994082840237,0.006110174685871939,1.2786929206251916,753.0,169.0,0.5179282868525896,-1.1344621513944224,0.024038461538461564
fade_5,30,5,Validation,208,0.27622841965471445,0.47596153846153844,-0.14423076923076922,-1.125,-0.03507912214439587,20.443509615384617,20.217548076923077,0.49038461538461536,0.5207100591715976,-0.04196674839105119,0.9902313821636533,753.0,169.0,0.5179282868525896,-1.1344621513944224,-0.024038461538461564
cont_15,30,5,Validation,163,0.21646746347941567,0.5337423312883436,1.1503067484662577,1.0,0.09631574711791852,21.26993865030675,17.74079754601227,0.5828220858895705,0.5967741935483871,0.01581404443575396,2.28476889986068,753.0,124.0,0.5179282868525896,-1.1344621513944224,0.033742331288343586
fade_15,30,5,Validation,163,0.21646746347941567,0.4601226993865031,-1.1503067484662577,-1.0,-0.09631574711791852,17.74079754601227,21.26993865030675,0.4110429447852761,0.4032258064516129,-0.05780558746608655,-0.015844597071835276,753.0,124.0,0.5179282868525896,-1.1344621513944224,-0.039877300613496924
cont_30,30,5,Validation,153,0.20318725099601595,0.49673202614379086,0.9411764705882353,0.0,0.08802982164477499,21.366013071895424,18.284313725490197,0.5555555555555556,0.5887096774193549,-0.021196260708798764,2.075638621982658,753.0,124.0,0.5179282868525896,-1.1344621513944224,-0.0032679738562091387
fade_30,30,5,Validation,153,0.20318725099601595,0.49673202614379086,-0.9411764705882353,0.0,-0.08802982164477499,18.284313725490197,21.366013071895424,0.4444444444444444,0.4112903225806452,-0.021196260708798764,0.19328568080618713,753.0,124.0,0.5179282868525896,-1.1344621513944224,-0.0032679738562091387
UNCOND_LONG,30,10,Validation,753,1.0,0.48738379814077026,-2.1842629482071714,-1.0,-0.11032252182096917,26.136122177954846,29.110225763612217,0.4820717131474104,0.48830811554332876,0.0,0.0,,,,,
cont_5,30,10,Validation,208,0.27622841965471445,0.5096153846153846,-1.4026442307692308,1.375,0.011574358377078162,27.68389423076923,29.645432692307693,0.49038461538461536,0.4577114427860697,0.022231586474614318,0.7816187174379405,753.0,201.0,0.48738379814077026,-2.1842629482071714,0.009615384615384581
fade_5,30,10,Validation,208,0.27622841965471445,0.49038461538461536,1.4026442307692308,-1.375,-0.011574358377078162,29.645432692307693,27.68389423076923,0.5096153846153846,0.5422885572139303,0.0030008172438450997,3.586907178976402,753.0,201.0,0.48738379814077026,-2.1842629482071714,-0.009615384615384637
cont_15,30,10,Validation,163,0.21646746347941567,0.5766871165644172,4.2315950920245395,5.25,0.25653482890953977,28.819018404907975,24.403374233128833,0.558282208588957,0.5816993464052288,0.08930331842364692,6.415858040231711,753.0,153.0,0.48738379814077026,-2.1842629482071714,0.07668711656441718
fade_15,30,10,Validation,163,0.21646746347941567,0.4171779141104294,-4.2315950920245395,-5.25,-0.25653482890953977,24.403374233128833,28.819018404907975,0.44171779141104295,0.41830065359477125,-0.07020588403034084,-2.047332143817368,753.0,153.0,0.48738379814077026,-2.1842629482071714,-0.08282208588957057
cont_30,30,10,Validation,153,0.20318725099601595,0.5294117647058824,2.696078431372549,1.75,0.1502878277761557,29.25980392156863,25.23856209150327,0.5032679738562091,0.5684931506849316,0.042027966565112096,4.88034137957972,753.0,146.0,0.48738379814077026,-2.1842629482071714,0.02941176470588236
fade_30,30,10,Validation,153,0.20318725099601595,0.47058823529411764,-2.696078431372549,-1.75,-0.1502878277761557,25.23856209150327,29.25980392156863,0.49673202614379086,0.4315068493150685,-0.016795562846652623,-0.5118154831653778,753.0,146.0,0.48738379814077026,-2.1842629482071714,-0.02941176470588236
UNCOND_LONG,30,15,Validation,753,1.0,0.49800796812749004,-0.7689243027888446,0.0,-0.04045560029659771,31.769588313413013,35.253652058432934,0.47410358565737054,0.4899328859060403,0.0,0.0,,,,,
cont_5,30,15,Validation,208,0.27622841965471445,0.5192307692307693,0.4723557692307692,1.0,0.10044344454078666,34.10336538461539,36.00240384615385,0.5144230769230769,0.45145631067961167,0.021222801103279232,1.2412800720196138,753.0,206.0,0.49800796812749004,-0.7689243027888446,0.019230769230769273
fade_5,30,15,Validation,208,0.27622841965471445,0.47596153846153844,-0.4723557692307692,-1.0,-0.10044344454078666,36.00240384615385,34.10336538461539,0.4855769230769231,0.5485436893203883,-0.022046429665951606,0.2965685335580754,753.0,206.0,0.49800796812749004,-0.7689243027888446,-0.024038461538461564
cont_15,30,15,Validation,163,0.21646746347941567,0.558282208588957,3.2561349693251533,6.0,0.24160776430938288,34.625766871165645,29.71472392638037,0.5460122699386503,0.5723270440251572,0.06027424046146701,4.025059272113998,753.0,159.0,0.49800796812749004,-0.7689243027888446,0.05828220858895705
fade_15,30,15,Validation,163,0.21646746347941567,0.4294478527607362,-3.2561349693251533,-6.0,-0.24160776430938288,29.71472392638037,34.625766871165645,0.4539877300613497,0.4276729559748428,-0.06856011536675383,-2.487210666536309,753.0,159.0,0.49800796812749004,-0.7689243027888446,-0.07055214723926378
cont_30,30,15,Validation,153,0.20318725099601595,0.5228758169934641,3.8872549019607843,1.0,0.22255387597956985,36.02777777777778,31.655228758169933,0.5424836601307189,0.5629139072847682,0.02486784886597404,4.656179204749629,753.0,151.0,0.49800796812749004,-0.7689243027888446,0.022875816993464082
fade_30,30,15,Validation,153,0.20318725099601595,0.477124183006536,-3.8872549019607843,-1.0,-0.22255387597956985,31.655228758169933,36.02777777777778,0.45751633986928103,0.4370860927152318,-0.020883785120954068,-3.11833059917194,753.0,151.0,0.49800796812749004,-0.7689243027888446,-0.022875816993464027
UNCOND_LONG,30,30,Validation,753,1.0,0.5192563081009296,-0.7227755644090306,2.5,-0.06236850725733968,43.15006640106242,46.44588313413015,0.49269588313413015,0.49132176234979974,0.0,0.0,,,,,
cont_5,30,30,Validation,208,0.27622841965471445,0.5480769230769231,4.485576923076923,5.875,0.3255002246790833,46.52163461538461,44.85576923076923,0.5432692307692307,0.45410628019323673,0.02882061497599353,5.2083524874859535,753.0,207.0,0.5192563081009296,-0.7227755644090306,0.04807692307692313
fade_5,30,30,Validation,208,0.27622841965471445,0.4519230769230769,-4.485576923076923,-5.875,-0.3255002246790833,44.85576923076923,46.52163461538461,0.4567307692307692,0.5458937198067633,-0.06733323117785267,-3.762801358667893,753.0,207.0,0.5192563081009296,-0.7227755644090306,-0.04807692307692307
cont_15,30,30,Validation,163,0.21646746347941567,0.5644171779141104,0.29141104294478526,4.5,0.16070286190578395,45.50153374233129,42.716257668711656,0.5460122699386503,0.5679012345679012,0.04516086981318079,1.0141866073538157,753.0,162.0,0.5192563081009296,-0.7227755644090306,0.06441717791411039
fade_15,30,30,Validation,163,0.21646746347941567,0.43558282208588955,-0.29141104294478526,-4.5,-0.16070286190578395,42.716257668711656,45.50153374233129,0.44171779141104295,0.43209876543209874,-0.08367348601504004,0.4313645214642453,753.0,162.0,0.5192563081009296,-0.7227755644090306,-0.06441717791411045
cont_30,30,30,Validation,153,0.20318725099601595,0.5424836601307189,3.5163398692810457,2.75,0.18734595214188882,46.916666666666664,42.290849673202615,0.5359477124183006,0.5629139072847682,0.023227352029789317,4.239115433690076,753.0,151.0,0.5192563081009296,-0.7227755644090306,0.042483660130718914
fade_30,30,30,Validation,153,0.20318725099601595,0.45751633986928103,-3.5163398692810457,-2.75,-0.18734595214188882,42.290849673202615,46.916666666666664,0.45751633986928103,0.4370860927152318,-0.06173996823164857,-2.793564304872015,753.0,151.0,0.5192563081009296,-0.7227755644090306,-0.04248366013071897
UNCOND_LONG,30,45,Validation,753,1.0,0.5232403718459495,-1.298804780876494,3.75,-0.10608481449248024,50.87915006640106,55.19422310756972,0.49800796812749004,0.4926372155287818,0.0,0.0,,,,,
cont_5,30,45,Validation,208,0.27622841965471445,0.5384615384615384,2.3389423076923075,7.625,0.2520378047005713,55.77043269230769,52.38822115384615,0.5432692307692307,0.45365853658536587,0.015221166615588921,3.6377470885688012,753.0,205.0,0.5232403718459495,-1.298804780876494,0.038461538461538436
fade_5,30,45,Validation,208,0.27622841965471445,0.46153846153846156,-2.3389423076923075,-7.625,-0.2520378047005713,52.38822115384615,55.77043269230769,0.4567307692307692,0.5463414634146342,-0.06170191030748795,-1.0401375268158135,753.0,205.0,0.5232403718459495,-1.298804780876494,-0.038461538461538436
cont_15,30,45,Validation,163,0.21646746347941567,0.5337423312883436,-0.45245398773006135,5.75,0.09203913146462722,52.90184049079755,51.60889570552147,0.5705521472392638,0.5652173913043478,0.010501959442394071,0.8463507931464327,753.0,161.0,0.5232403718459495,-1.298804780876494,0.033742331288343586
fade_15,30,45,Validation,163,0.21646746347941567,0.4662576687116564,0.45245398773006135,-5.75,-0.09203913146462722,51.60889570552147,52.90184049079755,0.4294478527607362,0.43478260869565216,-0.0569827031342931,1.7512587686065553,753.0,161.0,0.5232403718459495,-1.298804780876494,-0.033742331288343586
cont_30,30,45,Validation,153,0.20318725099601595,0.5424836601307189,3.3970588235294117,3.5,0.16533629177955425,55.11437908496732,50.83169934640523,0.5490196078431373,0.5629139072847682,0.0192432882847694,4.695863604405906,753.0,151.0,0.5232403718459495,-1.298804780876494,0.042483660130718914
fade_30,30,45,Validation,153,0.20318725099601595,0.45751633986928103,-3.3970588235294117,-3.5,-0.16533629177955425,50.83169934640523,55.11437908496732,0.45098039215686275,0.4370860927152318,-0.06572403197666848,-2.0982540426529175,753.0,151.0,0.5232403718459495,-1.298804780876494,-0.04248366013071897
UNCOND_LONG,30,60,Validation,753,1.0,0.5166002656042497,-2.9833997343957503,3.75,-0.23548924136639862,56.43957503320053,61.7390438247012,0.50199203187251,0.4926372155287818,0.0,0.0,,,,,
cont_5,30,60,Validation,208,0.27622841965471445,0.5144230769230769,-0.6538461538461539,2.875,0.17034086826346553,61.35336538461539,59.53846153846154,0.5432692307692307,0.45365853658536587,-0.0021771886811727814,2.3295535805495966,753.0,205.0,0.5166002656042497,-2.9833997343957503,0.014423076923076872
fade_5,30,60,Validation,208,0.27622841965471445,0.4855769230769231,0.6538461538461539,-2.875,-0.17034086826346553,59.53846153846154,61.35336538461539,0.4567307692307692,0.5463414634146342,-0.03102334252732658,3.637245888241904,753.0,205.0,0.5166002656042497,-2.9833997343957503,-0.014423076923076927
cont_15,30,60,Validation,163,0.21646746347941567,0.5276073619631901,-3.205521472392638,7.5,-0.02339035438792446,58.95245398773006,59.57208588957055,0.5644171779141104,0.5652173913043478,0.011007096358940482,-0.2221217379968876,753.0,161.0,0.5166002656042497,-2.9833997343957503,0.027607361963190136
fade_15,30,60,Validation,163,0.21646746347941567,0.4723926380368098,3.205521472392638,-7.5,0.02339035438792446,59.57208588957055,58.95245398773006,0.43558282208588955,0.43478260869565216,-0.044207627567439844,6.188921206788388,753.0,161.0,0.5166002656042497,-2.9833997343957503,-0.02760736196319019
cont_30,30,60,Validation,153,0.20318725099601595,0.49673202614379086,1.411764705882353,-2.25,0.14852203889874324,61.25816993464052,58.2140522875817,0.5228758169934641,0.5629139072847682,-0.019868239460458792,4.395164440278103,753.0,151.0,0.5166002656042497,-2.9833997343957503,-0.0032679738562091387
fade_30,30,60,Validation,153,0.20318725099601595,0.5032679738562091,-1.411764705882353,2.25,-0.14852203889874324,58.2140522875817,61.25816993464052,0.477124183006536,0.4370860927152318,-0.013332291748040515,1.5716350285133973,753.0,151.0,0.5166002656042497,-2.9833997343957503,0.0032679738562091387
UNCOND_LONG,30,5,OOS,400,1.0,0.5075,1.866875,0.375,0.06642316093958762,27.914375,28.015,0.5025,0.5032679738562091,0.0,0.0,,,,,
cont_5,30,5,OOS,91,0.2275,0.42857142857142855,-5.384615384615385,-5.0,-0.16429138382998099,28.085164835164836,35.68131868131868,0.45054945054945056,0.4166666666666667,-0.0789285714285714,-7.251490384615385,400.0,72.0,0.5075,1.866875,-0.07142857142857145
fade_5,30,5,OOS,91,0.2275,0.5714285714285714,5.384615384615385,5.0,0.16429138382998099,35.68131868131868,28.085164835164836,0.5494505494505495,0.5833333333333334,0.06392857142857145,3.5177403846153847,400.0,72.0,0.5075,1.866875,0.0714285714285714
cont_15,30,5,OOS,107,0.2675,0.42990654205607476,-5.640186915887851,-4.75,-0.15656753678520008,25.450934579439252,34.71261682242991,0.4205607476635514,0.41379310344827586,-0.07759345794392519,-7.507061915887851,400.0,87.0,0.5075,1.866875,-0.07009345794392524
fade_15,30,5,OOS,107,0.2675,0.5700934579439252,5.640186915887851,4.75,0.15656753678520008,34.71261682242991,25.450934579439252,0.5794392523364486,0.5862068965517241,0.06259345794392523,3.7733119158878505,400.0,87.0,0.5075,1.866875,0.07009345794392519
cont_30,30,5,OOS,80,0.2,0.45,-3.44375,-5.0,-0.035929415584116185,28.3,30.971875,0.4875,0.45161290322580644,-0.05749999999999994,-5.310625,400.0,62.0,0.5075,1.866875,-0.04999999999999999
fade_30,30,5,OOS,80,0.2,0.55,3.44375,5.0,0.035929415584116185,30.971875,28.3,0.5125,0.5483870967741935,0.04250000000000009,1.576875,400.0,62.0,0.5075,1.866875,0.050000000000000044
UNCOND_LONG,30,10,OOS,400,1.0,0.5225,2.77875,2.875,0.10390297760709251,38.94,38.296875,0.505,0.5012987012987012,0.0,0.0,,,,,
cont_5,30,10,OOS,91,0.2275,0.5164835164835165,1.2252747252747254,2.5,0.010369754389157042,41.97527472527472,46.31043956043956,0.4835164835164835,0.4659090909090909,-0.0060164835164834285,-1.5534752747252747,400.0,88.0,0.5225,2.77875,0.016483516483516536
fade_5,30,10,OOS,91,0.2275,0.4835164835164835,-1.2252747252747254,-2.5,-0.010369754389157042,46.31043956043956,41.97527472527472,0.5164835164835165,0.5340909090909091,-0.038983516483516445,-4.004024725274725,400.0,88.0,0.5225,2.77875,-0.01648351648351648
cont_15,30,10,OOS,107,0.2675,0.5233644859813084,0.08644859813084112,4.25,-0.03345898994080148,40.27336448598131,45.91355140186916,0.4672897196261682,0.4339622641509434,0.0008644859813083938,-2.692301401869159,400.0,106.0,0.5225,2.77875,0.02336448598130836
fade_15,30,10,OOS,107,0.2675,0.4766355140186916,-0.08644859813084112,-4.25,0.03345898994080148,45.91355140186916,40.27336448598131,0.5327102803738317,0.5660377358490566,-0.04586448598130838,-2.865198598130841,400.0,106.0,0.5225,2.77875,-0.023364485981308414
cont_30,30,10,OOS,80,0.2,0.4625,-3.1125,-6.75,-0.06889560177397572,41.990625,45.075,0.5125,0.45454545454545453,-0.05999999999999994,-5.891249999999999,400.0,77.0,0.5225,2.77875,-0.03749999999999998
fade_30,30,10,OOS,80,0.2,0.5375,3.1125,6.75,0.06889560177397572,45.075,41.990625,0.4875,0.5454545454545454,0.015000000000000013,0.33374999999999977,400.0,77.0,0.5225,2.77875,0.03749999999999998
UNCOND_LONG,30,15,OOS,400,1.0,0.535,2.5425,2.125,0.10309771310822224,47.283125,46.458125,0.51,0.49743589743589745,0.0,0.0,,,,,
cont_5,30,15,OOS,91,0.2275,0.5274725274725275,6.392857142857143,1.75,0.035881009182856895,58.434065934065934,54.88461538461539,0.4945054945054945,0.4659090909090909,-0.007527472527472545,3.8503571428571433,400.0,88.0,0.535,2.5425,0.027472527472527486
fade_5,30,15,OOS,91,0.2275,0.4725274725274725,-6.392857142857143,-1.75,-0.035881009182856895,54.88461538461539,58.434065934065934,0.5054945054945055,0.5340909090909091,-0.06247252747252752,-8.935357142857143,400.0,88.0,0.535,2.5425,-0.027472527472527486
cont_15,30,15,OOS,107,0.2675,0.5327102803738317,8.871495327102803,3.25,0.11389622926232106,56.455607476635514,51.96495327102804,0.4766355140186916,0.4339622641509434,-0.0022897196261683073,6.3289953271028025,400.0,106.0,0.535,2.5425,0.032710280373831724
fade_15,30,15,OOS,107,0.2675,0.4672897196261682,-8.871495327102803,-3.25,-0.11389622926232106,51.96495327102804,56.455607476635514,0.5233644859813084,0.5660377358490566,-0.06771028037383181,-11.413995327102803,400.0,106.0,0.535,2.5425,-0.03271028037383178
cont_30,30,15,OOS,80,0.2,0.5,3.56875,-0.125,0.0059327036047363444,55.471875,53.64375,0.475,0.44871794871794873,-0.03500000000000003,1.02625,400.0,78.0,0.535,2.5425,0.0
fade_30,30,15,OOS,80,0.2,0.5,-3.56875,0.125,-0.0059327036047363444,53.64375,55.471875,0.525,0.5512820512820513,-0.03500000000000003,-6.11125,400.0,78.0,0.535,2.5425,0.0
UNCOND_LONG,30,30,OOS,400,1.0,0.56,1.441875,6.375,0.06829909899748524,63.226875,65.91,0.525,0.494949494949495,0.0,0.0,,,,,
cont_5,30,30,OOS,91,0.2275,0.4725274725274725,-3.0467032967032965,-1.75,-0.1461721228225874,78.42032967032966,74.3021978021978,0.4835164835164835,0.4666666666666667,-0.08747252747252754,-4.488578296703297,400.0,90.0,0.56,1.441875,-0.027472527472527486
fade_5,30,30,OOS,91,0.2275,0.5274725274725275,3.0467032967032965,1.75,0.1461721228225874,74.3021978021978,78.42032967032966,0.5164835164835165,0.5333333333333333,-0.03252747252747257,1.6048282967032965,400.0,90.0,0.56,1.441875,0.027472527472527486
cont_15,30,30,OOS,107,0.2675,0.4672897196261682,-3.7453271028037385,-4.0,-0.0758206635806424,74.67523364485982,71.19859813084112,0.4953271028037383,0.4339622641509434,-0.09271028037383183,-5.187202102803738,400.0,106.0,0.56,1.441875,-0.03271028037383178
fade_15,30,30,OOS,107,0.2675,0.5327102803738317,3.7453271028037385,4.0,0.0758206635806424,71.19859813084112,74.67523364485982,0.5046728971962616,0.5660377358490566,-0.02728971962616833,2.3034521028037385,400.0,106.0,0.56,1.441875,0.032710280373831724
cont_30,30,30,OOS,80,0.2,0.5125,-2.18125,6.875,-0.016793053450447726,76.36875,70.271875,0.5375,0.44871794871794873,-0.0475000000000001,-3.623125,400.0,78.0,0.56,1.441875,0.012499999999999956
fade_30,30,30,OOS,80,0.2,0.4875,2.18125,-6.875,0.016793053450447726,70.271875,76.36875,0.4625,0.5512820512820513,-0.07250000000000006,0.7393749999999999,400.0,78.0,0.56,1.441875,-0.012500000000000011
UNCOND_LONG,30,45,OOS,400,1.0,0.5675,1.491875,14.125,0.09374215425470905,73.293125,78.146875,0.5325,0.4949238578680203,0.0,0.0,,,,,
cont_5,30,45,OOS,91,0.2275,0.5054945054945055,8.434065934065934,4.0,0.23878141740031805,94.9423076923077,82.48901098901099,0.5054945054945055,0.47191011235955055,-0.06200549450549453,6.942190934065934,400.0,89.0,0.5675,1.491875,0.005494505494505475
fade_5,30,45,OOS,91,0.2275,0.4945054945054945,-8.434065934065934,-4.0,-0.23878141740031805,82.48901098901099,94.9423076923077,0.4945054945054945,0.5280898876404494,-0.07299450549450548,-9.925940934065935,400.0,89.0,0.5675,1.491875,-0.005494505494505475
cont_15,30,45,OOS,107,0.2675,0.4953271028037383,0.10747663551401869,-1.0,0.08722784457667931,87.12616822429906,80.18691588785046,0.5046728971962616,0.4339622641509434,-0.07217289719626169,-1.3843983644859814,400.0,106.0,0.5675,1.491875,-0.004672897196261683
fade_15,30,45,OOS,107,0.2675,0.5046728971962616,-0.10747663551401869,1.0,-0.08722784457667931,80.18691588785046,87.12616822429906,0.4953271028037383,0.5660377358490566,-0.06282710280373838,-1.5993516355140187,400.0,106.0,0.5675,1.491875,0.004672897196261627
cont_30,30,45,OOS,80,0.2,0.5875,8.359375,15.0,0.29595601221902323,88.690625,77.434375,0.55,0.44871794871794873,0.020000000000000018,6.8675,400.0,78.0,0.5675,1.491875,0.08750000000000002
fade_30,30,45,OOS,80,0.2,0.4125,-8.359375,-15.0,-0.29595601221902323,77.434375,88.690625,0.45,0.5512820512820513,-0.15500000000000003,-9.85125,400.0,78.0,0.5675,1.491875,-0.08750000000000002
UNCOND_LONG,30,60,OOS,400,1.0,0.55,0.6125,11.5,0.033499294263828965,80.21625,90.58625,0.5375,0.4949238578680203,0.0,0.0,,,,,
cont_5,30,60,OOS,91,0.2275,0.5274725274725275,8.862637362637363,12.25,0.13271142612236134,106.45604395604396,92.78021978021978,0.5054945054945055,0.47191011235955055,-0.02252747252747256,8.250137362637362,400.0,89.0,0.55,0.6125,0.027472527472527486
fade_5,30,60,OOS,91,0.2275,0.4725274725274725,-8.862637362637363,-12.25,-0.13271142612236134,92.78021978021978,106.45604395604396,0.4945054945054945,0.5280898876404494,-0.07747252747252753,-9.475137362637364,400.0,89.0,0.55,0.6125,-0.027472527472527486
cont_15,30,60,OOS,107,0.2675,0.5233644859813084,-0.6518691588785047,1.25,-0.001604190390068169,95.21728971962617,93.42990654205607,0.4766355140186916,0.4339622641509434,-0.026635514018691686,-1.2643691588785049,400.0,106.0,0.55,0.6125,0.02336448598130836
fade_15,30,60,OOS,107,0.2675,0.4766355140186916,0.6518691588785047,-1.25,0.001604190390068169,93.42990654205607,95.21728971962617,0.5233644859813084,0.5660377358490566,-0.07336448598130846,0.03936915887850467,400.0,106.0,0.55,0.6125,-0.023364485981308414
cont_30,30,60,OOS,80,0.2,0.525,6.421875,5.25,0.12088000601433779,96.79375,87.128125,0.525,0.44871794871794873,-0.025000000000000022,5.809375,400.0,78.0,0.55,0.6125,0.025000000000000022
fade_30,30,60,OOS,80,0.2,0.475,-6.421875,-5.25,-0.12088000601433779,87.128125,96.79375,0.475,0.5512820512820513,-0.07500000000000007,-7.034375,400.0,78.0,0.55,0.6125,-0.025000000000000022
UNCOND_LONG,45,5,IS,2352,1.0,0.5131802721088435,0.4529124149659864,0.25,0.04667769138127632,6.168686224489796,5.760416666666667,0.5221088435374149,0.5283911671924291,0.0,0.0,,,,,
cont_5,45,5,IS,471,0.2002551020408163,0.47770700636942676,0.1173036093418259,0.0,-0.02193180422463011,5.9225053078556265,5.853503184713376,0.4543524416135881,0.455470737913486,-0.03547326573941678,-0.3356088056241605,2352.0,393.0,0.5131802721088435,0.4529124149659864,-0.022292993630573243
fade_5,45,5,IS,471,0.2002551020408163,0.4968152866242038,-0.1173036093418259,0.0,0.02193180422463011,5.853503184713376,5.9225053078556265,0.5265392781316348,0.544529262086514,-0.016364985484639716,-0.5702160243078123,2352.0,393.0,0.5131802721088435,0.4529124149659864,-0.0031847133757961776
cont_15,45,5,IS,471,0.2002551020408163,0.46496815286624205,-0.35774946921443734,-0.5,-0.06948246549209589,5.869426751592357,5.879511677282378,0.4416135881104034,0.45931758530183725,-0.04821211924260149,-0.8106618841804237,2352.0,381.0,0.5131802721088435,0.4529124149659864,-0.035031847133757954
fade_15,45,5,IS,471,0.2002551020408163,0.5138004246284501,0.35774946921443734,0.5,0.06948246549209589,5.879511677282378,5.869426751592357,0.5414012738853503,0.5406824146981627,0.0006201525196065649,-0.09516294575154904,2352.0,381.0,0.5131802721088435,0.4529124149659864,0.013800424628450103
cont_30,45,5,IS,471,0.2002551020408163,0.4585987261146497,-0.4872611464968153,-0.25,-0.017899022656209844,6.294585987261146,6.357749469214437,0.4692144373673036,0.47229551451187335,-0.05458154599419385,-0.9401735614628017,2352.0,379.0,0.5131802721088435,0.4529124149659864,-0.04140127388535031
fade_30,45,5,IS,471,0.2002551020408163,0.5201698513800425,0.4872611464968153,0.25,0.017899022656209844,6.357749469214437,6.294585987261146,0.5159235668789809,0.5277044854881267,0.00698957927119892,0.0343487315308289,2352.0,379.0,0.5131802721088435,0.4529124149659864,0.02016985138004246
UNCOND_LONG,45,10,IS,2352,1.0,0.5212585034013606,0.7531887755102041,0.5,0.0796471767768189,8.426126700680273,7.957695578231292,0.5263605442176871,0.5278893351182508,0.0,0.0,,,,,
cont_5,45,10,IS,471,0.2002551020408163,0.4394904458598726,0.19692144373673037,-0.75,-0.0555818454912817,8.704352441613588,7.8949044585987265,0.4692144373673036,0.465324384787472,-0.08176805754148797,-0.5562673317734738,2352.0,447.0,0.5212585034013606,0.7531887755102041,-0.060509554140127375
fade_5,45,10,IS,471,0.2002551020408163,0.5435244161358811,-0.19692144373673037,0.75,0.0555818454912817,7.8949044585987265,8.704352441613588,0.5201698513800425,0.5346756152125279,0.0222659127345205,-0.9501102192469345,2352.0,447.0,0.5212585034013606,0.7531887755102041,0.043524416135881094
cont_15,45,10,IS,471,0.2002551020408163,0.43736730360934184,-0.8561571125265393,-0.75,-0.11585447851454825,8.159235668789808,8.400212314225053,0.4692144373673036,0.46993318485523383,-0.08389119979201876,-1.6093458880367435,2352.0,449.0,0.5212585034013606,0.7531887755102041,-0.06263269639065816
fade_15,45,10,IS,471,0.2002551020408163,0.5456475583864119,0.8561571125265393,0.75,0.11585447851454825,8.400212314225053,8.159235668789808,0.5201698513800425,0.5300668151447662,0.024389054985051284,0.10296833701633512,2352.0,449.0,0.5212585034013606,0.7531887755102041,0.04564755838641188
cont_30,45,10,IS,471,0.2002551020408163,0.44798301486199577,-1.1146496815286624,-0.5,-0.03980337457982899,8.57484076433121,9.00212314225053,0.4819532908704883,0.4608501118568233,-0.07327548853936483,-1.8678384570388666,2352.0,447.0,0.5212585034013606,0.7531887755102041,-0.052016985138004235
fade_30,45,10,IS,471,0.2002551020408163,0.5371549893842887,1.1146496815286624,0.5,0.03980337457982899,9.00212314225053,8.57484076433121,0.5116772823779193,0.5391498881431768,0.015896485982928144,0.36146090601845826,2352.0,447.0,0.5212585034013606,0.7531887755102041,0.03715498938428874
UNCOND_LONG,45,15,IS,2352,1.0,0.532312925170068,0.7464923469387755,0.75,0.10243796226231362,10.19515306122449,9.828975340136054,0.5225340136054422,0.5273588970271434,0.0,0.0,,,,,
cont_5,45,15,IS,471,0.2002551020408163,0.4543524416135881,0.5493630573248408,-0.75,-0.06367929454808632,10.370488322717621,9.555732484076433,0.46496815286624205,0.46220302375809935,-0.07796048355647989,-0.19712928961393472,2352.0,463.0,0.532312925170068,0.7464923469387755,-0.04564755838641188
fade_5,45,15,IS,471,0.2002551020408163,0.5392781316348195,-0.5493630573248408,0.75,0.06367929454808632,9.555732484076433,10.370488322717621,0.524416135881104,0.5377969762419006,0.006965206464751517,-1.2958554042636163,2352.0,463.0,0.532312925170068,0.7464923469387755,0.039278131634819524
cont_15,45,15,IS,471,0.2002551020408163,0.4437367303609342,-1.2128450106157111,-1.0,-0.15960587708730536,9.718152866242038,10.168259023354565,0.4607218683651805,0.46120689655172414,-0.08857619480913381,-1.9593373575544866,2352.0,464.0,0.532312925170068,0.7464923469387755,-0.056263269639065805
fade_15,45,15,IS,471,0.2002551020408163,0.5477707006369427,1.2128450106157111,1.0,0.15960587708730536,10.168259023354565,9.718152866242038,0.5329087048832272,0.5387931034482759,0.015457775466874657,0.4663526636769356,2352.0,464.0,0.532312925170068,0.7464923469387755,0.047770700636942665
cont_30,45,15,IS,471,0.2002551020408163,0.4692144373673036,-0.9400212314225053,-0.5,-0.07385794748434998,10.33864118895966,10.908174097664544,0.47558386411889597,0.45493562231759654,-0.06309848780276439,-1.6865135783612808,2352.0,466.0,0.532312925170068,0.7464923469387755,-0.030785562632696384
fade_30,45,15,IS,471,0.2002551020408163,0.5222929936305732,0.9400212314225053,0.5,0.07385794748434998,10.908174097664544,10.33864118895966,0.5180467091295117,0.5450643776824035,-0.010019931539494764,0.19352888448372974,2352.0,466.0,0.532312925170068,0.7464923469387755,0.022292993630573243
UNCOND_LONG,45,30,IS,2352,1.0,0.5365646258503401,0.43813775510204084,1.125,0.12940581768536907,13.882440476190476,13.973852040816327,0.5187074829931972,0.5265638389031705,0.0,0.0,,,,,
cont_5,45,30,IS,471,0.2002551020408163,0.47983014861995754,0.5833333333333334,-0.5,-0.05101781078461099,14.780785562632696,13.317940552016985,0.5074309978768577,0.46336206896551724,-0.05673447723038261,0.14519557823129253,2352.0,464.0,0.5365646258503401,0.43813775510204084,-0.02016985138004246
fade_5,45,30,IS,471,0.2002551020408163,0.5095541401273885,-0.5833333333333334,0.5,0.05101781078461099,13.317940552016985,14.780785562632696,0.4861995753715499,0.5366379310344828,-0.027010485722951616,-1.0214710884353742,2352.0,464.0,0.5365646258503401,0.43813775510204084,0.009554140127388533
cont_15,45,30,IS,471,0.2002551020408163,0.49044585987261147,-0.08598726114649681,-0.5,0.014715501636065591,13.615180467091296,13.8067940552017,0.4734607218683652,0.4626865671641791,-0.04611876597772868,-0.5241250162485377,2352.0,469.0,0.5365646258503401,0.43813775510204084,-0.009554140127388533
fade_15,45,30,IS,471,0.2002551020408163,0.505307855626327,0.08598726114649681,0.5,-0.014715501636065591,13.8067940552017,13.615180467091296,0.5180467091295117,0.5373134328358209,-0.031256770224013186,-0.35215049395554404,2352.0,469.0,0.5365646258503401,0.43813775510204084,0.005307855626326963
cont_30,45,30,IS,471,0.2002551020408163,0.4585987261146497,-0.044585987261146494,-0.5,-0.04336583156552884,15.1380042462845,14.366772823779193,0.505307855626327,0.452991452991453,-0.07796589973569046,-0.4827237423631873,2352.0,468.0,0.5365646258503401,0.43813775510204084,-0.04140127388535031
fade_30,45,30,IS,471,0.2002551020408163,0.5307855626326964,0.044585987261146494,0.5,0.04336583156552884,14.366772823779193,15.1380042462845,0.49044585987261147,0.5470085470085471,-0.005779063217643765,-0.39355176784089435,2352.0,468.0,0.5365646258503401,0.43813775510204084,0.030785562632696384
UNCOND_LONG,45,45,IS,2352,1.0,0.5327380952380952,0.08025085034013606,1.0,0.027733222923939357,16.22406462585034,17.189625850340136,0.5097789115646258,0.5268125268125268,0.0,0.0,,,,,
cont_5,45,45,IS,471,0.2002551020408163,0.4543524416135881,-0.1942675159235669,-1.0,-0.08366433085892296,17.259023354564757,15.998407643312103,0.49469214437367304,0.46220302375809935,-0.07838565362450711,-0.27451836626370296,2352.0,463.0,0.5327380952380952,0.08025085034013606,-0.04564755838641188
fade_5,45,45,IS,471,0.2002551020408163,0.535031847133758,0.1942675159235669,1.0,0.08366433085892296,15.998407643312103,17.259023354564757,0.4968152866242038,0.5377969762419006,0.002293751895662721,0.11401666558343083,2352.0,463.0,0.5327380952380952,0.08025085034013606,0.035031847133757954
cont_15,45,45,IS,471,0.2002551020408163,0.49256900212314225,-0.41878980891719747,0.0,0.09311830700764884,16.5536093418259,16.833333333333332,0.4840764331210191,0.4626865671641791,-0.04016909311495298,-0.49904065925733354,2352.0,469.0,0.5327380952380952,0.08025085034013606,-0.007430997876857748
fade_15,45,45,IS,471,0.2002551020408163,0.4968152866242038,0.41878980891719747,0.0,-0.09311830700764884,16.833333333333332,16.5536093418259,0.505307855626327,0.5373134328358209,-0.03592280861389141,0.3385389585770614,2352.0,469.0,0.5327380952380952,0.08025085034013606,-0.0031847133757961776
cont_30,45,45,IS,471,0.2002551020408163,0.49469214437367304,-0.5546709129511678,0.0,0.02109633841297367,17.896496815286625,17.237261146496817,0.49256900212314225,0.452991452991453,-0.038045950864422196,-0.6349217632913038,2352.0,468.0,0.5327380952380952,0.08025085034013606,-0.005307855626326963
fade_30,45,45,IS,471,0.2002551020408163,0.4968152866242038,0.5546709129511678,0.0,-0.02109633841297367,17.237261146496817,17.896496815286625,0.5031847133757962,0.5470085470085471,-0.03592280861389141,0.4744200626110317,2352.0,468.0,0.5327380952380952,0.08025085034013606,-0.0031847133757961776
UNCOND_LONG,45,60,IS,2352,1.0,0.5403911564625851,0.5282738095238095,1.75,0.11182722963501376,18.3343962585034,19.707908163265305,0.5144557823129252,0.5266094420600859,0.0,0.0,,,,,
cont_5,45,60,IS,471,0.2002551020408163,0.49044585987261147,0.06050955414012739,-0.25,0.009123288731158951,19.796178343949045,18.184182590233547,0.505307855626327,0.461038961038961,-0.0499452965899736,-0.46776425538368216,2352.0,462.0,0.5403911564625851,0.5282738095238095,-0.009554140127388533
fade_5,45,60,IS,471,0.2002551020408163,0.5010615711252654,-0.06050955414012739,0.25,-0.009123288731158951,18.184182590233547,19.796178343949045,0.4861995753715499,0.538961038961039,-0.03932958533731967,-0.5887833636639369,2352.0,462.0,0.5403911564625851,0.5282738095238095,0.0010615711252653925
cont_15,45,60,IS,471,0.2002551020408163,0.505307855626327,0.6194267515923567,0.25,0.22696660974359562,19.14543524416136,18.654989384288747,0.5159235668789809,0.46153846153846156,-0.0350833008362581,0.09115294206854718,2352.0,468.0,0.5403911564625851,0.5282738095238095,0.005307855626326963
fade_15,45,60,IS,471,0.2002551020408163,0.4819532908704883,-0.6194267515923567,-0.25,-0.22696660974359562,18.654989384288747,19.14543524416136,0.47770700636942676,0.5384615384615384,-0.05843786559209674,-1.1477005611161664,2352.0,468.0,0.5403911564625851,0.5282738095238095,-0.018046709129511673
cont_30,45,60,IS,471,0.2002551020408163,0.49256900212314225,-0.12845010615711253,0.0,0.055418590822212205,20.160297239915074,19.426220806794056,0.505307855626327,0.4518201284796574,-0.04782215433944281,-0.656723915680922,2352.0,467.0,0.5403911564625851,0.5282738095238095,-0.007430997876857748
fade_30,45,60,IS,471,0.2002551020408163,0.49469214437367304,0.12845010615711253,0.0,-0.055418590822212205,19.426220806794056,20.160297239915074,0.49044585987261147,0.5481798715203426,-0.04569901208891203,-0.39982370336669704,2352.0,467.0,0.5403911564625851,0.5282738095238095,-0.005307855626326963
UNCOND_LONG,45,5,Validation,753,1.0,0.49269588313413015,-0.11752988047808766,-0.25,-0.01922611538700123,17.002324037184597,17.433598937583,0.4767596281540505,0.48135593220338985,0.0,0.0,,,,,
cont_5,45,5,Validation,145,0.19256308100929614,0.47586206896551725,-1.7982758620689656,-0.5,-0.14673094451942706,17.16551724137931,18.21034482758621,0.45517241379310347,0.42592592592592593,-0.016833814168612904,-1.6807459815908778,753.0,108.0,0.49269588313413015,-0.11752988047808766,-0.02413793103448275
fade_5,45,5,Validation,145,0.19256308100929614,0.5172413793103449,1.7982758620689656,0.5,0.14673094451942706,18.21034482758621,17.16551724137931,0.5379310344827586,0.5740740740740741,0.02454549617621471,1.9158057425470534,753.0,108.0,0.49269588313413015,-0.11752988047808766,0.017241379310344862
cont_15,45,5,Validation,156,0.20717131474103587,0.44871794871794873,-3.514423076923077,-1.0,-0.18471437971373653,13.844551282051283,17.674679487179485,0.40384615384615385,0.37735849056603776,-0.04397793441618142,-3.3968931964449895,753.0,106.0,0.49269588313413015,-0.11752988047808766,-0.051282051282051266
fade_15,45,5,Validation,156,0.20717131474103587,0.5448717948717948,3.514423076923077,1.0,0.18471437971373653,17.674679487179485,13.844551282051283,0.5833333333333334,0.6226415094339622,0.05217591173766467,3.6319529574011646,753.0,106.0,0.49269588313413015,-0.11752988047808766,0.04487179487179482
cont_30,45,5,Validation,166,0.2204515272244356,0.463855421686747,-2.960843373493976,-1.0,-0.18241885438541408,15.423192771084338,18.603915662650603,0.4759036144578313,0.4140625,-0.02884046144738317,-2.8433134930158883,753.0,128.0,0.49269588313413015,-0.11752988047808766,-0.03614457831325302
fade_30,45,5,Validation,166,0.2204515272244356,0.536144578313253,2.960843373493976,1.0,0.18241885438541408,18.603915662650603,15.423192771084338,0.5240963855421686,0.5859375,0.043448695179122865,3.0783732539720634,753.0,128.0,0.49269588313413015,-0.11752988047808766,0.03614457831325302
UNCOND_LONG,45,10,Validation,753,1.0,0.5139442231075697,0.3887782204515272,0.5,-0.007466337766776345,23.834329349269588,24.20750332005312,0.4900398406374502,0.48756906077348067,0.0,0.0,,,,,
cont_5,45,10,Validation,145,0.19256308100929614,0.5103448275862069,0.9724137931034482,0.5,0.020400984627217917,25.49137931034483,25.163793103448278,0.5103448275862069,0.45,-0.0035993955213627915,0.583635572651921,753.0,140.0,0.5139442231075697,0.3887782204515272,0.010344827586206917
fade_5,45,10,Validation,145,0.19256308100929614,0.4896551724137931,-0.9724137931034482,-0.5,-0.020400984627217917,25.163793103448278,25.49137931034483,0.4896551724137931,0.55,-0.024289050693776626,-1.3611920135549753,753.0,140.0,0.5139442231075697,0.3887782204515272,-0.010344827586206917
cont_15,45,10,Validation,156,0.20717131474103587,0.48717948717948717,-2.3413461538461537,-0.5,-0.14080533909894496,20.92948717948718,24.724358974358974,0.4807692307692308,0.4189189189189189,-0.02676473592808254,-2.730124374297681,753.0,148.0,0.5139442231075697,0.3887782204515272,-0.01282051282051283
fade_15,45,10,Validation,156,0.20717131474103587,0.5064102564102564,2.3413461538461537,0.5,0.14080533909894496,24.724358974358974,20.92948717948718,0.5192307692307693,0.581081081081081,-0.007533966697313321,1.9525679333946266,753.0,148.0,0.5139442231075697,0.3887782204515272,0.0064102564102563875
cont_30,45,10,Validation,166,0.2204515272244356,0.5120481927710844,0.3463855421686747,0.5,-0.001914084541204565,23.15512048192771,24.680722891566266,0.5060240963855421,0.45,-0.0018960303364853326,-0.042392678282852536,753.0,160.0,0.5139442231075697,0.3887782204515272,0.012048192771084376
fade_30,45,10,Validation,166,0.2204515272244356,0.4879518072289157,-0.3463855421686747,-0.5,0.001914084541204565,24.680722891566266,23.15512048192771,0.4939759036144578,0.55,-0.02599241587865403,-0.7351637626202019,753.0,160.0,0.5139442231075697,0.3887782204515272,-0.01204819277108432
UNCOND_LONG,45,15,Validation,753,1.0,0.5298804780876494,0.044820717131474105,2.0,-0.017418137714806187,29.328685258964143,30.411022576361223,0.4900398406374502,0.4939434724091521,0.0,0.0,,,,,
cont_5,45,15,Validation,145,0.19256308100929614,0.5241379310344828,2.8017241379310347,5.0,0.1461456844660298,32.30689655172414,30.27241379310345,0.5103448275862069,0.46153846153846156,-0.005742547053166569,2.7569034207995604,753.0,143.0,0.5298804780876494,0.044820717131474105,0.024137931034482807
fade_5,45,15,Validation,145,0.19256308100929614,0.47586206896551725,-2.8017241379310347,-5.0,-0.1461456844660298,30.27241379310345,32.30689655172414,0.4827586206896552,0.5384615384615384,-0.05401840912213213,-2.846544855062509,753.0,143.0,0.5298804780876494,0.044820717131474105,-0.02413793103448275
cont_15,45,15,Validation,156,0.20717131474103587,0.532051282051282,-1.1939102564102564,3.125,-0.02420144337604452,27.041666666666668,30.150641025641026,0.48717948717948717,0.4258064516129032,0.0021708039636326726,-1.2387309735417305,753.0,155.0,0.5298804780876494,0.044820717131474105,0.03205128205128205
fade_15,45,15,Validation,156,0.20717131474103587,0.46153846153846156,1.1939102564102564,-3.125,0.02420144337604452,30.150641025641026,27.041666666666668,0.5128205128205128,0.5741935483870968,-0.06834201654918781,1.1490895392787823,753.0,155.0,0.5298804780876494,0.044820717131474105,-0.038461538461538436
cont_30,45,15,Validation,166,0.2204515272244356,0.5120481927710844,0.39759036144578314,0.625,0.02234434371517537,28.688253012048193,30.60843373493976,0.463855421686747,0.43902439024390244,-0.017832285316565,0.352769644314309,753.0,164.0,0.5298804780876494,0.044820717131474105,0.012048192771084376
fade_30,45,15,Validation,166,0.2204515272244356,0.4879518072289157,-0.39759036144578314,-0.625,-0.02234434371517537,30.60843373493976,28.688253012048193,0.536144578313253,0.5609756097560976,-0.041928670858733696,-0.44241107857725726,753.0,164.0,0.5298804780876494,0.044820717131474105,-0.01204819277108432
UNCOND_LONG,45,30,Validation,753,1.0,0.5112881806108898,-0.5312084993359893,1.75,-0.06523183826722803,39.699203187250994,42.647410358565736,0.5033200531208499,0.4946524064171123,0.0,0.0,,,,,
cont_5,45,30,Validation,145,0.19256308100929614,0.496551724137931,-0.7862068965517242,-2.5,-0.1738785331745625,44.189655172413794,42.15172413793103,0.5241379310344828,0.45454545454545453,-0.014736456472958737,-0.2549983972157348,753.0,143.0,0.5112881806108898,-0.5312084993359893,-0.0034482758620689724
fade_5,45,30,Validation,145,0.19256308100929614,0.503448275862069,0.7862068965517242,2.5,0.1738785331745625,42.15172413793103,44.189655172413794,0.47586206896551725,0.5454545454545454,-0.007839904748820792,1.3174153958877135,753.0,143.0,0.5112881806108898,-0.5312084993359893,0.0034482758620689724
cont_15,45,30,Validation,156,0.20717131474103587,0.4935897435897436,-2.8798076923076925,-2.125,-0.0681565869095502,39.919871794871796,43.166666666666664,0.46153846153846156,0.41935483870967744,-0.01769843702114615,-2.348599192971703,753.0,155.0,0.5112881806108898,-0.5312084993359893,-0.0064102564102563875
fade_15,45,30,Validation,156,0.20717131474103587,0.5064102564102564,2.8798076923076925,2.125,0.0681565869095502,43.166666666666664,39.919871794871796,0.5384615384615384,0.5806451612903226,-0.004877924200633377,3.411016191643682,753.0,155.0,0.5112881806108898,-0.5312084993359893,0.0064102564102563875
cont_30,45,30,Validation,166,0.2204515272244356,0.4759036144578313,-1.7424698795180722,-4.0,-0.12525594968290077,40.984939759036145,42.846385542168676,0.46987951807228917,0.4329268292682927,-0.03538456615305846,-1.2112613801820828,753.0,164.0,0.5112881806108898,-0.5312084993359893,-0.024096385542168697
fade_30,45,30,Validation,166,0.2204515272244356,0.5240963855421686,1.7424698795180722,4.0,0.12525594968290077,42.846385542168676,40.984939759036145,0.5301204819277109,0.5670731707317073,0.012808204931278877,2.2736783788540613,753.0,164.0,0.5112881806108898,-0.5312084993359893,0.02409638554216864
UNCOND_LONG,45,45,Validation,753,1.0,0.5086321381142098,-2.2158034528552455,1.5,-0.19874072412185084,46.51261620185923,50.90338645418327,0.49800796812749004,0.4946524064171123,0.0,0.0,,,,,
cont_5,45,45,Validation,145,0.19256308100929614,0.5103448275862069,1.9810344827586206,2.75,-0.023719275532571502,49.85,50.35344827586207,0.503448275862069,0.45454545454545453,0.0017126894719970975,4.196837935613866,753.0,143.0,0.5086321381142098,-2.2158034528552455,0.010344827586206917
fade_5,45,45,Validation,145,0.19256308100929614,0.4827586206896552,-1.9810344827586206,-2.75,0.023719275532571502,50.35344827586207,49.85,0.496551724137931,0.5454545454545454,-0.025873517424554626,0.2347689700966249,753.0,143.0,0.5086321381142098,-2.2158034528552455,-0.017241379310344807
cont_15,45,45,Validation,156,0.20717131474103587,0.5256410256410257,1.2115384615384615,4.625,0.15268000632553827,47.294871794871796,51.125,0.4551282051282051,0.41935483870967744,0.01700888752681584,3.4273419143937067,753.0,155.0,0.5086321381142098,-2.2158034528552455,0.02564102564102566
fade_15,45,45,Validation,156,0.20717131474103587,0.46794871794871795,-1.2115384615384615,-4.625,-0.15268000632553827,51.125,47.294871794871796,0.5448717948717948,0.5806451612903226,-0.04068342016549187,1.004264991316784,753.0,155.0,0.5086321381142098,-2.2158034528552455,-0.03205128205128205
cont_30,45,45,Validation,166,0.2204515272244356,0.5421686746987951,0.5090361445783133,5.5,0.03355863638137951,47.96536144578313,51.78915662650602,0.463855421686747,0.4329268292682927,0.03353653658458533,2.724839597433559,753.0,164.0,0.5086321381142098,-2.2158034528552455,0.04216867469879515
fade_30,45,45,Validation,166,0.2204515272244356,0.45180722891566266,-0.5090361445783133,-5.5,-0.03355863638137951,51.78915662650602,47.96536144578313,0.536144578313253,0.5670731707317073,-0.05682490919854716,1.7067673082769321,753.0,164.0,0.5086321381142098,-2.2158034528552455,-0.04819277108433734
UNCOND_LONG,45,60,Validation,753,1.0,0.5219123505976095,-0.8944223107569721,3.25,-0.13613195303670356,52.52324037184595,57.224435590969456,0.50199203187251,0.4946524064171123,0.0,0.0,,,,,
cont_5,45,60,Validation,145,0.19256308100929614,0.5310344827586206,4.11896551724138,3.0,0.04316229394323337,56.4448275862069,54.76724137931034,0.5241379310344828,0.45454545454545453,0.009122132161011098,5.0133878279983515,753.0,143.0,0.5219123505976095,-0.8944223107569721,0.03103448275862064
fade_5,45,60,Validation,145,0.19256308100929614,0.46206896551724136,-4.11896551724138,-3.0,-0.04316229394323337,54.76724137931034,56.4448275862069,0.4689655172413793,0.5454545454545454,-0.05984338508036818,-3.2245432064844075,753.0,143.0,0.5219123505976095,-0.8944223107569721,-0.03793103448275864
cont_15,45,60,Validation,156,0.20717131474103587,0.5641025641025641,5.001602564102564,12.0,0.4011762674718414,54.13942307692308,55.3349358974359,0.4935897435897436,0.41935483870967744,0.042190213504954555,5.896024874859536,753.0,155.0,0.5219123505976095,-0.8944223107569721,0.0641025641025641
fade_15,45,60,Validation,156,0.20717131474103587,0.4358974358974359,-5.001602564102564,-12.0,-0.4011762674718414,55.3349358974359,54.13942307692308,0.5064102564102564,0.5806451612903226,-0.08601491470017364,-4.107180253345592,753.0,155.0,0.5219123505976095,-0.8944223107569721,-0.0641025641025641
cont_30,45,60,Validation,166,0.2204515272244356,0.572289156626506,4.170180722891566,14.625,0.23854351460732598,54.75451807228916,57.78012048192771,0.5,0.4329268292682927,0.05037680602889649,5.064603033648538,753.0,164.0,0.5219123505976095,-0.8944223107569721,0.07228915662650603
fade_30,45,60,Validation,166,0.2204515272244356,0.42771084337349397,-4.170180722891566,-14.625,-0.23854351460732598,57.78012048192771,54.75451807228916,0.4939759036144578,0.5670731707317073,-0.09420150722411558,-3.275758412134594,753.0,164.0,0.5219123505976095,-0.8944223107569721,-0.07228915662650603
UNCOND_LONG,45,5,OOS,400,1.0,0.545,-0.4325,2.875,0.017876432059581875,24.584375,26.4125,0.485,0.46688741721854304,0.0,0.0,,,,,
cont_5,45,5,OOS,54,0.135,0.5,0.5787037037037037,-0.25,0.02129674461341386,32.99074074074074,31.583333333333332,0.46296296296296297,0.4418604651162791,-0.04500000000000004,1.0112037037037038,400.0,43.0,0.545,-0.4325,0.0
fade_5,45,5,OOS,54,0.135,0.5,-0.5787037037037037,0.25,-0.02129674461341386,31.583333333333332,32.99074074074074,0.5370370370370371,0.5581395348837209,-0.04500000000000004,-0.14620370370370372,400.0,43.0,0.545,-0.4325,0.0
cont_15,45,5,OOS,77,0.1925,0.4935064935064935,-3.4967532467532467,-0.25,-0.0034024860654899617,29.22077922077922,29.23701298701299,0.4805194805194805,0.5172413793103449,-0.051493506493506536,-3.0642532467532466,400.0,58.0,0.545,-0.4325,-0.006493506493506496
fade_15,45,5,OOS,77,0.1925,0.5064935064935064,3.4967532467532467,0.25,0.0034024860654899617,29.23701298701299,29.22077922077922,0.5064935064935064,0.4827586206896552,-0.0385064935064936,3.929253246753247,400.0,58.0,0.545,-0.4325,0.00649350649350644
cont_30,45,5,OOS,82,0.205,0.524390243902439,-1.951219512195122,0.625,0.09773839403598847,34.201219512195124,29.557926829268293,0.573170731707317,0.6285714285714286,-0.020609756097560994,-1.5187195121951218,400.0,70.0,0.545,-0.4325,0.024390243902439046
fade_30,45,5,OOS,82,0.205,0.47560975609756095,1.951219512195122,-0.625,-0.09773839403598847,29.557926829268293,34.201219512195124,0.4146341463414634,0.37142857142857144,-0.06939024390243909,2.383719512195122,400.0,70.0,0.545,-0.4325,-0.024390243902439046
UNCOND_LONG,45,10,OOS,400,1.0,0.5475,1.06125,4.75,0.05697081829302519,36.858125,38.008125,0.5125,0.4909560723514212,0.0,0.0,,,,,
cont_5,45,10,OOS,54,0.135,0.5555555555555556,-1.8611111111111112,6.75,0.019132398385236307,48.736111111111114,46.18981481481482,0.5740740740740741,0.5192307692307693,0.008055555555555594,-2.922361111111111,400.0,52.0,0.5475,1.06125,0.05555555555555558
fade_5,45,10,OOS,54,0.135,0.4444444444444444,1.8611111111111112,-6.75,-0.019132398385236307,46.18981481481482,48.736111111111114,0.42592592592592593,0.4807692307692308,-0.10305555555555557,0.7998611111111111,400.0,52.0,0.5475,1.06125,-0.05555555555555558
cont_15,45,10,OOS,77,0.1925,0.5324675324675324,-6.032467532467533,2.25,0.044450225888498555,41.42857142857143,44.51623376623377,0.4935064935064935,0.5526315789473685,-0.015032467532467564,-7.093717532467533,400.0,76.0,0.5475,1.06125,0.03246753246753242
fade_15,45,10,OOS,77,0.1925,0.4675324675324675,6.032467532467533,-2.25,-0.044450225888498555,44.51623376623377,41.42857142857143,0.5064935064935064,0.4473684210526316,-0.07996753246753247,4.9712175324675325,400.0,76.0,0.5475,1.06125,-0.03246753246753248
cont_30,45,10,OOS,82,0.205,0.524390243902439,-7.689024390243903,3.625,0.0007018056595334273,45.048780487804876,46.326219512195124,0.5487804878048781,0.625,-0.02310975609756094,-8.750274390243902,400.0,80.0,0.5475,1.06125,0.024390243902439046
fade_30,45,10,OOS,82,0.205,0.47560975609756095,7.689024390243903,-3.625,-0.0007018056595334273,46.326219512195124,45.048780487804876,0.45121951219512196,0.375,-0.07189024390243903,6.627774390243903,400.0,80.0,0.5475,1.06125,-0.024390243902439046
UNCOND_LONG,45,15,OOS,400,1.0,0.5175,-1.09875,3.25,-0.01991680553743618,43.045625,47.046875,0.51,0.4962025316455696,0.0,0.0,,,,,
cont_5,45,15,OOS,54,0.135,0.5740740740740741,-4.439814814814815,13.875,0.08999730627453892,56.282407407407405,54.120370370370374,0.5925925925925926,0.5283018867924528,0.05657407407407411,-3.341064814814815,400.0,53.0,0.5175,-1.09875,0.07407407407407407
fade_5,45,15,OOS,54,0.135,0.42592592592592593,4.439814814814815,-13.875,-0.08999730627453892,54.120370370370374,56.282407407407405,0.4074074074074074,0.4716981132075472,-0.09157407407407403,5.538564814814815,400.0,53.0,0.5175,-1.09875,-0.07407407407407407
cont_15,45,15,OOS,77,0.1925,0.4935064935064935,-12.175324675324676,-0.5,-0.031657797185431574,48.535714285714285,55.22402597402598,0.5064935064935064,0.5526315789473685,-0.023993506493506456,-11.076574675324675,400.0,76.0,0.5175,-1.09875,-0.006493506493506496
fade_15,45,15,OOS,77,0.1925,0.5064935064935064,12.175324675324676,0.5,0.031657797185431574,55.22402597402598,48.535714285714285,0.4935064935064935,0.4473684210526316,-0.01100649350649352,13.274074675324677,400.0,76.0,0.5175,-1.09875,0.00649350649350644
cont_30,45,15,OOS,82,0.205,0.47560975609756095,-10.466463414634147,-3.75,-0.023362266581272922,51.051829268292686,54.2530487804878,0.5365853658536586,0.625,-0.041890243902439006,-9.367713414634146,400.0,80.0,0.5175,-1.09875,-0.024390243902439046
fade_30,45,15,OOS,82,0.205,0.524390243902439,10.466463414634147,3.75,0.023362266581272922,54.2530487804878,51.051829268292686,0.4634146341463415,0.375,0.006890243902439086,11.565213414634147,400.0,80.0,0.5175,-1.09875,0.024390243902439046
UNCOND_LONG,45,30,OOS,400,1.0,0.5325,-1.04875,3.875,0.006668638641845614,56.9225,63.655625,0.4975,0.494949494949495,0.0,0.0,,,,,
cont_5,45,30,OOS,54,0.135,0.4074074074074074,-8.453703703703704,-13.875,-0.21341977217379807,74.83796296296296,72.68055555555556,0.5925925925925926,0.5185185185185185,-0.1250925925925926,-7.404953703703704,400.0,54.0,0.5325,-1.04875,-0.09259259259259262
fade_5,45,30,OOS,54,0.135,0.5925925925925926,8.453703703703704,13.875,0.21341977217379807,72.68055555555556,74.83796296296296,0.4074074074074074,0.48148148148148145,0.060092592592592586,9.502453703703704,400.0,54.0,0.5325,-1.04875,0.09259259259259256
cont_15,45,30,OOS,77,0.1925,0.5584415584415584,-9.555194805194805,3.5,-0.047738616934669,59.91233766233766,73.56493506493507,0.5194805194805194,0.5584415584415584,0.025941558441558432,-8.506444805194805,400.0,77.0,0.5325,-1.04875,0.058441558441558406
fade_15,45,30,OOS,77,0.1925,0.44155844155844154,9.555194805194805,-3.5,0.047738616934669,73.56493506493507,59.91233766233766,0.4805194805194805,0.44155844155844154,-0.09094155844155843,10.603944805194805,400.0,77.0,0.5325,-1.04875,-0.05844155844155846
cont_30,45,30,OOS,82,0.205,0.5609756097560976,-1.1158536585365855,7.5,0.3106459279437827,69.22256097560975,70.76829268292683,0.5365853658536586,0.6172839506172839,0.028475609756097642,-0.0671036585365854,400.0,81.0,0.5325,-1.04875,0.060975609756097615
fade_30,45,30,OOS,82,0.205,0.43902439024390244,1.1158536585365855,-7.5,-0.3106459279437827,70.76829268292683,69.22256097560975,0.4634146341463415,0.38271604938271603,-0.09347560975609753,2.1646036585365858,400.0,81.0,0.5325,-1.04875,-0.06097560975609756
UNCOND_LONG,45,45,OOS,400,1.0,0.53,-1.928125,6.25,-0.06986941320936327,65.48625,78.800625,0.485,0.494949494949495,0.0,0.0,,,,,
cont_5,45,45,OOS,54,0.135,0.46296296296296297,-8.856481481481481,-8.0,-0.26628678025810815,86.70833333333333,86.08333333333333,0.5555555555555556,0.5185185185185185,-0.06703703703703706,-6.928356481481481,400.0,54.0,0.53,-1.928125,-0.037037037037037035
fade_5,45,45,OOS,54,0.135,0.5370370370370371,8.856481481481481,8.0,0.26628678025810815,86.08333333333333,86.70833333333333,0.4444444444444444,0.48148148148148145,0.007037037037037064,10.78460648148148,400.0,54.0,0.53,-1.928125,0.03703703703703709
cont_15,45,45,OOS,77,0.1925,0.4935064935064935,-13.11038961038961,-2.5,-0.13949736895433912,75.1103896103896,87.28246753246754,0.4935064935064935,0.5584415584415584,-0.03649350649350652,-11.18226461038961,400.0,77.0,0.53,-1.928125,-0.006493506493506496
fade_15,45,45,OOS,77,0.1925,0.5064935064935064,13.11038961038961,2.5,0.13949736895433912,87.28246753246754,75.1103896103896,0.5064935064935064,0.44155844155844154,-0.023506493506493586,15.03851461038961,400.0,77.0,0.53,-1.928125,0.00649350649350644
cont_30,45,45,OOS,82,0.205,0.5853658536585366,-2.472560975609756,14.25,0.2124748675817122,82.8048780487805,84.6280487804878,0.5609756097560976,0.6172839506172839,0.055365853658536524,-0.5444359756097561,400.0,81.0,0.53,-1.928125,0.08536585365853655
fade_30,45,45,OOS,82,0.205,0.4146341463414634,2.472560975609756,-14.25,-0.2124748675817122,84.6280487804878,82.8048780487805,0.43902439024390244,0.38271604938271603,-0.11536585365853663,4.400685975609756,400.0,81.0,0.53,-1.928125,-0.0853658536585366
UNCOND_LONG,45,60,OOS,400,1.0,0.5525,-2.41,12.875,-0.049477090962636,72.69375,87.014375,0.4925,0.494949494949495,0.0,0.0,,,,,
cont_5,45,60,OOS,54,0.135,0.4444444444444444,-17.203703703703702,-10.875,-0.36253698041443194,94.1574074074074,95.74074074074075,0.5185185185185185,0.5185185185185185,-0.10805555555555557,-14.793703703703702,400.0,54.0,0.5525,-2.41,-0.05555555555555558
fade_5,45,60,OOS,54,0.135,0.5555555555555556,17.203703703703702,10.875,0.36253698041443194,95.74074074074075,94.1574074074074,0.48148148148148145,0.48148148148148145,0.003055555555555589,19.613703703703703,400.0,54.0,0.5525,-2.41,0.05555555555555558
cont_15,45,60,OOS,77,0.1925,0.5324675324675324,-20.82792207792208,9.0,-0.15661857565796553,83.91883116883118,95.43831168831169,0.4935064935064935,0.5584415584415584,-0.02003246753246757,-18.41792207792208,400.0,77.0,0.5525,-2.41,0.03246753246753242
fade_15,45,60,OOS,77,0.1925,0.4675324675324675,20.82792207792208,-9.0,0.15661857565796553,95.43831168831169,83.91883116883118,0.5064935064935064,0.44155844155844154,-0.08496753246753247,23.23792207792208,400.0,77.0,0.5525,-2.41,-0.03246753246753248
cont_30,45,60,OOS,82,0.205,0.573170731707317,-9.789634146341463,22.25,0.24572642460799288,88.98170731707317,91.41768292682927,0.5609756097560976,0.6172839506172839,0.020670731707317036,-7.379634146341463,400.0,81.0,0.5525,-2.41,0.07317073170731703
fade_30,45,60,OOS,82,0.205,0.4268292682926829,9.789634146341463,-22.25,-0.24572642460799288,91.41768292682927,88.98170731707317,0.43902439024390244,0.38271604938271603,-0.12567073170731707,12.199634146341463,400.0,81.0,0.5525,-2.41,-0.07317073170731708
UNCOND_LONG,60,5,IS,2352,1.0,0.49787414965986393,-0.14965986394557823,0.0,0.008419677683037599,5.570365646258503,5.75201955782313,0.5085034013605442,0.5082051282051282,0.0,0.0,,,,,
cont_5,60,5,IS,471,0.2002551020408163,0.47770700636942676,-0.4156050955414013,0.0,-0.0066063041440531725,5.218683651804671,5.7600849256900215,0.49469214437367304,0.49872122762148335,-0.020167143290437173,-0.26594523159582306,2352.0,391.0,0.49787414965986393,-0.14965986394557823,-0.022292993630573243
fade_5,60,5,IS,471,0.2002551020408163,0.4989384288747346,0.4156050955414013,0.0,0.0066063041440531725,5.7600849256900215,5.218683651804671,0.49256900212314225,0.5012787723785166,0.0010642792148706781,0.5652649594869795,2352.0,391.0,0.49787414965986393,-0.14965986394557823,-0.0010615711252653925
cont_15,60,5,IS,471,0.2002551020408163,0.4543524416135881,-0.28450106157112526,-0.25,-0.04487559995187252,5.759554140127388,5.745753715498938,0.4861995753715499,0.5,-0.04352170804627581,-0.13484119762554703,2352.0,382.0,0.49787414965986393,-0.14965986394557823,-0.04564755838641188
fade_15,60,5,IS,471,0.2002551020408163,0.5201698513800425,0.28450106157112526,0.25,0.04487559995187252,5.745753715498938,5.759554140127388,0.4968152866242038,0.5,0.02229570172017853,0.4341609255167035,2352.0,382.0,0.49787414965986393,-0.14965986394557823,0.02016985138004246
cont_30,60,5,IS,471,0.2002551020408163,0.4840764331210191,-0.09182590233545647,0.0,0.014269260512822667,5.909235668789809,5.6449044585987265,0.4840764331210191,0.4949238578680203,-0.013797716538844818,0.05783396161012176,2352.0,394.0,0.49787414965986393,-0.14965986394557823,-0.015923566878980888
fade_30,60,5,IS,471,0.2002551020408163,0.49256900212314225,0.09182590233545647,0.0,-0.014269260512822667,5.6449044585987265,5.909235668789809,0.4989384288747346,0.5050761421319797,-0.005305147536721677,0.24148576628103469,2352.0,394.0,0.49787414965986393,-0.14965986394557823,-0.007430997876857748
UNCOND_LONG,60,10,IS,2352,1.0,0.5072278911564626,-0.2919855442176871,0.25,0.01493006094676758,7.5958758503401365,8.327912414965986,0.4953231292517007,0.5088183421516755,0.0,0.0,,,,,
cont_5,60,10,IS,471,0.2002551020408163,0.4543524416135881,-0.7855626326963907,-0.5,-0.0826353928029672,7.261146496815287,8.219745222929935,0.4607218683651805,0.4766146993318486,-0.052875449542874486,-0.49357708847870363,2352.0,449.0,0.5072278911564626,-0.2919855442176871,-0.04564755838641188
fade_5,60,10,IS,471,0.2002551020408163,0.5265392781316348,0.7855626326963907,0.5,0.0826353928029672,8.219745222929935,7.261146496815287,0.5180467091295117,0.5233853006681515,0.019311386975172207,1.0775481769140778,2352.0,449.0,0.5072278911564626,-0.2919855442176871,0.026539278131634814
cont_15,60,10,IS,471,0.2002551020408163,0.49256900212314225,0.5759023354564756,0.0,0.061268277718379054,8.274416135881104,7.6963906581740975,0.4840764331210191,0.48775055679287305,-0.014658889033320355,0.8678878796741627,2352.0,449.0,0.5072278911564626,-0.2919855442176871,-0.007430997876857748
fade_15,60,10,IS,471,0.2002551020408163,0.47983014861995754,-0.5759023354564756,0.0,-0.061268277718379054,7.6963906581740975,8.274416135881104,0.4883227176220807,0.512249443207127,-0.027397742536505065,-0.28391679123878855,2352.0,449.0,0.5072278911564626,-0.2919855442176871,-0.02016985138004246
cont_30,60,10,IS,471,0.2002551020408163,0.4692144373673036,0.15658174097664543,-0.25,0.03148391675581781,8.343418259023355,7.8274946921443735,0.4861995753715499,0.4900662251655629,-0.03801345378915899,0.44856728519433253,2352.0,453.0,0.5072278911564626,-0.2919855442176871,-0.030785562632696384
fade_30,60,10,IS,471,0.2002551020408163,0.5138004246284501,-0.15658174097664543,0.25,-0.03148391675581781,7.8274946921443735,8.343418259023355,0.4989384288747346,0.5099337748344371,0.006572533471987496,0.13540380324104165,2352.0,453.0,0.5072278911564626,-0.2919855442176871,0.013800424628450103
UNCOND_LONG,60,15,IS,2352,1.0,0.5136054421768708,-0.3101615646258503,0.25,0.03404671467668689,9.205250850340136,10.163052721088436,0.4991496598639456,0.508182601205857,0.0,0.0,,,,,
cont_5,60,15,IS,471,0.2002551020408163,0.4394904458598726,-0.9506369426751592,-0.75,-0.09579383275603913,9.187898089171975,10.115711252653927,0.43524416135881105,0.47198275862068967,-0.07411499631699814,-0.6404753780493089,2352.0,464.0,0.5136054421768708,-0.3101615646258503,-0.060509554140127375
fade_5,60,15,IS,471,0.2002551020408163,0.5520169851380042,0.9506369426751592,0.75,0.09579383275603913,10.115711252653927,9.187898089171975,0.5498938428874734,0.5280172413793104,0.03841154296113347,1.2607985073010095,2352.0,464.0,0.5136054421768708,-0.3101615646258503,0.052016985138004235
cont_15,60,15,IS,471,0.2002551020408163,0.46284501061571126,0.6236730360934183,-0.5,0.05656835618767026,10.367834394904458,9.340233545647559,0.47770700636942676,0.4891304347826087,-0.0507604315611595,0.9338346007192686,2352.0,460.0,0.5136054421768708,-0.3101615646258503,-0.03715498938428874
fade_15,60,15,IS,471,0.2002551020408163,0.5201698513800425,-0.6236730360934183,0.5,-0.05656835618767026,9.340233545647559,10.367834394904458,0.505307855626327,0.5108695652173914,0.006564409203171695,-0.31351147146756797,2352.0,460.0,0.5136054421768708,-0.3101615646258503,0.02016985138004246
cont_30,60,15,IS,471,0.2002551020408163,0.49469214437367304,0.8115711252653928,0.0,0.1264871070661127,10.512208067940552,9.125796178343949,0.47558386411889597,0.4946236559139785,-0.018913297803197726,1.121732689891243,2352.0,465.0,0.5136054421768708,-0.3101615646258503,-0.005307855626326963
fade_30,60,15,IS,471,0.2002551020408163,0.49044585987261147,-0.8115711252653928,0.0,-0.1264871070661127,9.125796178343949,10.512208067940552,0.5095541401273885,0.5053763440860215,-0.023159582304259296,-0.5014095606395425,2352.0,465.0,0.5136054421768708,-0.3101615646258503,-0.009554140127388533
UNCOND_LONG,60,30,IS,2352,1.0,0.5102040816326531,-0.6680484693877551,0.5,-0.07534961366437609,12.394770408163266,14.31653911564626,0.4961734693877551,0.507950150408251,0.0,0.0,,,,,
cont_5,60,30,IS,471,0.2002551020408163,0.46709129511677283,-1.526539278131635,-0.5,-0.03031237570545663,13.074309978768577,14.447983014861995,0.46496815286624205,0.4732334047109208,-0.04311278651588024,-0.8584908087438798,2352.0,467.0,0.5102040816326531,-0.6680484693877551,-0.03290870488322717
fade_5,60,30,IS,471,0.2002551020408163,0.5180467091295117,1.526539278131635,0.5,0.03031237570545663,14.447983014861995,13.074309978768577,0.5329087048832272,0.5267665952890792,0.0078426274968586,2.19458774751939,2352.0,467.0,0.5102040816326531,-0.6680484693877551,0.018046709129511673
cont_15,60,30,IS,471,0.2002551020408163,0.4883227176220807,0.304140127388535,-0.25,0.07667631691398492,14.21072186836518,13.325902335456476,0.4713375796178344,0.4891304347826087,-0.02188136401057239,0.9721885967762901,2352.0,460.0,0.5102040816326531,-0.6680484693877551,-0.011677282377919318
fade_15,60,30,IS,471,0.2002551020408163,0.5074309978768577,-0.304140127388535,0.25,-0.07667631691398492,13.325902335456476,14.21072186836518,0.524416135881104,0.5108695652173914,-0.0027730837557953247,0.36390834199922006,2352.0,460.0,0.5102040816326531,-0.6680484693877551,0.007430997876857748
cont_30,60,30,IS,471,0.2002551020408163,0.5010615711252654,0.1926751592356688,0.25,0.23103240260061844,13.956475583864119,12.92356687898089,0.49469214437367304,0.4946004319654428,-0.00914251050738768,0.8607236286234239,2352.0,463.0,0.5102040816326531,-0.6680484693877551,0.0010615711252653925
fade_30,60,30,IS,471,0.2002551020408163,0.4883227176220807,-0.1926751592356688,-0.25,-0.23103240260061844,12.92356687898089,13.956475583864119,0.5010615711252654,0.5053995680345572,-0.02188136401057239,0.4753733101520863,2352.0,463.0,0.5102040816326531,-0.6680484693877551,-0.011677282377919318
UNCOND_LONG,60,45,IS,2352,1.0,0.5314625850340136,-0.22002551020408162,1.0,0.019199089638662042,14.928996598639456,17.314413265306122,0.5034013605442177,0.5079638398622471,0.0,0.0,,,,,
cont_5,60,45,IS,471,0.2002551020408163,0.4713375796178344,-1.8556263269639066,-0.75,-0.09729504790719919,15.743099787685775,17.209129511677283,0.4819532908704883,0.4721030042918455,-0.060125005416179156,-1.635600816759825,2352.0,466.0,0.5314625850340136,-0.22002551020408162,-0.0286624203821656
fade_5,60,45,IS,471,0.2002551020408163,0.5180467091295117,1.8556263269639066,0.75,0.09729504790719919,17.209129511677283,15.743099787685775,0.5116772823779193,0.5278969957081545,-0.013415875904501884,2.0756518371679884,2352.0,466.0,0.5314625850340136,-0.22002551020408162,0.018046709129511673
cont_15,60,45,IS,471,0.2002551020408163,0.47558386411889597,0.19585987261146498,-0.5,0.010762642484876635,17.139065817409765,16.17515923566879,0.5074309978768577,0.4890829694323144,-0.055878720915117586,0.4158853828155466,2352.0,458.0,0.5314625850340136,-0.22002551020408162,-0.02441613588110403
fade_15,60,45,IS,471,0.2002551020408163,0.5159235668789809,-0.19585987261146498,0.5,-0.010762642484876635,16.17515923566879,17.139065817409765,0.49044585987261147,0.5109170305676856,-0.015539018155032669,0.02416563759261664,2352.0,458.0,0.5314625850340136,-0.22002551020408162,0.015923566878980888
cont_30,60,45,IS,471,0.2002551020408163,0.505307855626327,0.2802547770700637,0.5,0.24067199581387608,16.831740976645435,15.35244161358811,0.5307855626326964,0.4946004319654428,-0.026154729407686594,0.5002802872741453,2352.0,463.0,0.5314625850340136,-0.22002551020408162,0.005307855626326963
fade_30,60,45,IS,471,0.2002551020408163,0.4819532908704883,-0.2802547770700637,-0.5,-0.24067199581387608,15.35244161358811,16.831740976645435,0.46496815286624205,0.5053995680345572,-0.04950929416352523,-0.06022926686598207,2352.0,463.0,0.5314625850340136,-0.22002551020408162,-0.018046709129511673
UNCOND_LONG,60,60,IS,2352,1.0,0.5412414965986394,0.00233843537414966,1.5,0.07299607536335713,16.85703656462585,19.51732568027211,0.5123299319727891,0.5077519379844961,0.0,0.0,,,,,
cont_5,60,60,IS,471,0.2002551020408163,0.4861995753715499,-2.4410828025477707,-0.25,-0.19289895201432075,17.702229299363058,19.3635881104034,0.49044585987261147,0.4731182795698925,-0.05504192122708951,-2.4434212379219202,2352.0,465.0,0.5412414965986394,0.00233843537414966,-0.013800424628450103
fade_5,60,60,IS,471,0.2002551020408163,0.5074309978768577,2.4410828025477707,0.25,0.19289895201432075,19.3635881104034,17.702229299363058,0.505307855626327,0.5268817204301075,-0.03381049872178166,2.438744367173621,2352.0,465.0,0.5412414965986394,0.00233843537414966,0.007430997876857748
cont_15,60,60,IS,471,0.2002551020408163,0.5095541401273885,-0.28662420382165604,0.5,0.059174971632185026,19.52547770700637,18.382696390658175,0.5201698513800425,0.49015317286652077,-0.03168735647125087,-0.2889626391958057,2352.0,457.0,0.5412414965986394,0.00233843537414966,0.009554140127388533
fade_15,60,60,IS,471,0.2002551020408163,0.4861995753715499,0.28662420382165604,-0.5,-0.059174971632185026,18.382696390658175,19.52547770700637,0.47558386411889597,0.5098468271334792,-0.05504192122708951,0.28428576844750636,2352.0,457.0,0.5412414965986394,0.00233843537414966,-0.013800424628450103
cont_30,60,60,IS,471,0.2002551020408163,0.5201698513800425,-0.5987261146496815,1.0,0.13632721480813254,18.849787685774945,17.754777070063696,0.5329087048832272,0.4946004319654428,-0.021071645218596946,-0.6010645500238312,2352.0,463.0,0.5412414965986394,0.00233843537414966,0.02016985138004246
fade_30,60,60,IS,471,0.2002551020408163,0.46709129511677283,0.5987261146496815,-1.0,-0.13632721480813254,17.754777070063696,18.849787685774945,0.46284501061571126,0.5053995680345572,-0.07415020148186657,0.5963876792755318,2352.0,463.0,0.5412414965986394,0.00233843537414966,-0.03290870488322717
UNCOND_LONG,60,5,Validation,753,1.0,0.50066401062417,-0.6915670650730412,0.25,-0.040802575414979746,16.11985391766268,16.902058432934925,0.5046480743691899,0.5128617363344051,0.0,0.0,,,,,
cont_5,60,5,Validation,170,0.22576361221779548,0.45294117647058824,-1.8308823529411764,-2.0,-0.10946768877168149,16.405882352941177,17.836764705882352,0.47058823529411764,0.4827586206896552,-0.04772283415358175,-1.1393152878681352,753.0,145.0,0.50066401062417,-0.6915670650730412,-0.047058823529411764
fade_5,60,5,Validation,170,0.22576361221779548,0.5352941176470588,1.8308823529411764,2.0,0.10946768877168149,17.836764705882352,16.405882352941177,0.5235294117647059,0.5172413793103449,0.03463010702288882,2.522449418014218,753.0,145.0,0.50066401062417,-0.6915670650730412,0.03529411764705881
cont_15,60,5,Validation,150,0.199203187250996,0.5066666666666667,0.8133333333333334,0.25,0.03331128730983597,17.088333333333335,15.665,0.4866666666666667,0.5258620689655172,0.0060026560424967235,1.5049003984063747,753.0,116.0,0.50066401062417,-0.6915670650730412,0.00666666666666671
fade_15,60,5,Validation,150,0.199203187250996,0.49333333333333335,-0.8133333333333334,-0.25,-0.03331128730983597,15.665,17.088333333333335,0.5133333333333333,0.47413793103448276,-0.00733067729083664,-0.12176626826029213,753.0,116.0,0.50066401062417,-0.6915670650730412,-0.006666666666666654
cont_30,60,5,Validation,166,0.2204515272244356,0.5180722891566265,-0.2786144578313253,0.5,0.015020043620202116,16.496987951807228,16.412650602409638,0.4819277108433735,0.5413533834586466,0.017408278532456523,0.4129526072417159,753.0,133.0,0.50066401062417,-0.6915670650730412,0.01807228915662651
fade_30,60,5,Validation,166,0.2204515272244356,0.46987951807228917,0.2786144578313253,-0.5,-0.015020043620202116,16.412650602409638,16.496987951807228,0.5120481927710844,0.45864661654135336,-0.030784492551880815,0.9701815229043665,753.0,133.0,0.50066401062417,-0.6915670650730412,-0.03012048192771083
UNCOND_LONG,60,10,Validation,753,1.0,0.5152722443559097,-1.199203187250996,1.0,-0.06806431577280551,22.258300132802123,24.16965471447543,0.4847277556440903,0.5136986301369864,0.0,0.0,,,,,
cont_5,60,10,Validation,170,0.22576361221779548,0.4764705882352941,0.5029411764705882,-1.5,0.026267540821848467,23.591176470588234,23.775,0.48823529411764705,0.4909090909090909,-0.03880165612061559,1.7021443637215843,753.0,165.0,0.5152722443559097,-1.199203187250996,-0.02352941176470591
fade_5,60,10,Validation,170,0.22576361221779548,0.5176470588235295,-0.5029411764705882,1.5,-0.026267540821848467,23.775,23.591176470588234,0.5117647058823529,0.509090909090909,0.002374814467619779,0.6962620107804078,753.0,165.0,0.5152722443559097,-1.199203187250996,0.01764705882352946
cont_15,60,10,Validation,150,0.199203187250996,0.52,3.895,2.0,0.14036697906565085,25.415,20.826666666666668,0.49333333333333335,0.5310344827586206,0.004727755644090337,5.094203187250996,753.0,145.0,0.5152722443559097,-1.199203187250996,0.020000000000000018
fade_15,60,10,Validation,150,0.199203187250996,0.48,-3.895,-2.0,-0.14036697906565085,20.826666666666668,25.415,0.5066666666666667,0.4689655172413793,-0.0352722443559097,-2.6957968127490037,753.0,145.0,0.5152722443559097,-1.199203187250996,-0.020000000000000018
cont_30,60,10,Validation,166,0.2204515272244356,0.5180722891566265,0.7304216867469879,1.25,0.050405085647140344,23.98644578313253,22.974397590361445,0.5180722891566265,0.5414012738853503,0.0028000448007168277,1.929624873997984,753.0,157.0,0.5152722443559097,-1.199203187250996,0.01807228915662651
fade_30,60,10,Validation,166,0.2204515272244356,0.4759036144578313,-0.7304216867469879,-1.25,-0.050405085647140344,22.974397590361445,23.98644578313253,0.4819277108433735,0.4585987261146497,-0.03936862989807838,0.46878150050400813,753.0,157.0,0.5152722443559097,-1.199203187250996,-0.024096385542168697
UNCOND_LONG,60,15,Validation,753,1.0,0.5285524568393094,-0.5859893758300133,2.25,-0.037046610599136214,26.565405046480745,29.174634794156706,0.48339973439575035,0.5106951871657754,0.0,0.0,,,,,
cont_5,60,15,Validation,170,0.22576361221779548,0.48823529411764705,1.588235294117647,-1.625,0.0958600519605701,28.575,27.833823529411763,0.4764705882352941,0.49411764705882355,-0.04031716272166236,2.17422466994766,753.0,170.0,0.5285524568393094,-0.5859893758300133,-0.011764705882352955
fade_5,60,15,Validation,170,0.22576361221779548,0.5117647058823529,-1.588235294117647,1.625,-0.0958600519605701,27.833823529411763,28.575,0.5235294117647059,0.5058823529411764,-0.016787750956956504,-1.0022459182876338,753.0,170.0,0.5285524568393094,-0.5859893758300133,0.0117647058823529
cont_15,60,15,Validation,150,0.199203187250996,0.54,2.475,4.625,0.058298141376598236,30.11,25.323333333333334,0.4866666666666667,0.527027027027027,0.011447543160690632,3.0609893758300135,753.0,148.0,0.5285524568393094,-0.5859893758300133,0.040000000000000036
fade_15,60,15,Validation,150,0.199203187250996,0.46,-2.475,-4.625,-0.058298141376598236,25.323333333333334,30.11,0.5066666666666667,0.47297297297297297,-0.06855245683930938,-1.8890106241699867,753.0,148.0,0.5285524568393094,-0.5859893758300133,-0.03999999999999998
cont_30,60,15,Validation,166,0.2204515272244356,0.5421686746987951,1.4924698795180722,4.25,0.1052724405311731,28.8644578313253,27.295180722891565,0.5,0.5426829268292683,0.013616217859485746,2.0784592553480854,753.0,164.0,0.5285524568393094,-0.5859893758300133,0.04216867469879515
fade_30,60,15,Validation,166,0.2204515272244356,0.4578313253012048,-1.4924698795180722,-4.25,-0.1052724405311731,27.295180722891565,28.8644578313253,0.5,0.4573170731707317,-0.07072113153810461,-0.9064805036880589,753.0,164.0,0.5285524568393094,-0.5859893758300133,-0.042168674698795205
UNCOND_LONG,60,30,Validation,753,1.0,0.4900398406374502,-2.2705843293492696,-1.0,-0.17884977479593453,36.319389110225764,40.07171314741036,0.48871181938911024,0.5113788487282463,0.0,0.0,,,,,
cont_5,60,30,Validation,170,0.22576361221779548,0.5176470588235295,-2.0794117647058825,1.25,-0.04072928767888588,37.569117647058825,39.15735294117647,0.5058823529411764,0.49411764705882355,0.027607218186079252,0.19117256464338706,753.0,170.0,0.4900398406374502,-2.2705843293492696,0.01764705882352946
fade_5,60,30,Validation,170,0.22576361221779548,0.4823529411764706,2.0794117647058825,-1.25,0.04072928767888588,39.15735294117647,37.569117647058825,0.49411764705882355,0.5058823529411764,-0.007686899460979613,4.349996094055152,753.0,170.0,0.4900398406374502,-2.2705843293492696,-0.017647058823529405
cont_15,60,30,Validation,150,0.199203187250996,0.5466666666666666,2.3333333333333335,6.625,0.14616145949671497,41.49,36.026666666666664,0.5666666666666667,0.5234899328859061,0.056626826029216426,4.603917662682603,753.0,149.0,0.4900398406374502,-2.2705843293492696,0.046666666666666634
fade_15,60,30,Validation,150,0.199203187250996,0.4533333333333333,-2.3333333333333335,-6.625,-0.14616145949671497,36.026666666666664,41.49,0.43333333333333335,0.47651006711409394,-0.0367065073041169,-0.06274900398406391,753.0,149.0,0.4900398406374502,-2.2705843293492696,-0.04666666666666669
cont_30,60,30,Validation,166,0.2204515272244356,0.5903614457831325,3.052710843373494,8.625,0.21271111502173107,39.65512048192771,36.6566265060241,0.5421686746987951,0.5454545454545454,0.10032160514568234,5.323295172722764,753.0,165.0,0.4900398406374502,-2.2705843293492696,0.09036144578313254
fade_30,60,30,Validation,166,0.2204515272244356,0.40963855421686746,-3.052710843373494,-8.625,-0.21271111502173107,36.6566265060241,39.65512048192771,0.4578313253012048,0.45454545454545453,-0.08040128642058275,-0.7821265140242244,753.0,165.0,0.4900398406374502,-2.2705843293492696,-0.09036144578313254
UNCOND_LONG,60,45,Validation,753,1.0,0.50199203187251,-0.9492031872509961,0.25,-0.10717998385969081,43.49734395750332,47.76660026560425,0.48738379814077026,0.5113788487282463,0.0,0.0,,,,,
cont_5,60,45,Validation,170,0.22576361221779548,0.5176470588235295,1.3647058823529412,2.75,0.2024678704162377,46.99264705882353,46.023529411764706,0.5235294117647059,0.49411764705882355,0.0156550269510195,2.3139090696039375,753.0,170.0,0.50199203187251,-0.9492031872509961,0.01764705882352946
fade_5,60,45,Validation,170,0.22576361221779548,0.4823529411764706,-1.3647058823529412,-2.75,-0.2024678704162377,46.023529411764706,46.99264705882353,0.4764705882352941,0.5058823529411764,-0.019639090696039363,-0.41550269510194515,753.0,170.0,0.50199203187251,-0.9492031872509961,-0.017647058823529405
cont_15,60,45,Validation,150,0.199203187250996,0.5533333333333333,10.333333333333334,10.125,0.5475901636567327,52.373333333333335,42.415,0.56,0.5234899328859061,0.051341301460823385,11.28253652058433,753.0,149.0,0.50199203187251,-0.9492031872509961,0.053333333333333344
fade_15,60,45,Validation,150,0.199203187250996,0.44666666666666666,-10.333333333333334,-10.125,-0.5475901636567327,42.415,52.373333333333335,0.44,0.47651006711409394,-0.0553253652058433,-9.384130146082338,753.0,149.0,0.50199203187251,-0.9492031872509961,-0.053333333333333344
cont_30,60,45,Validation,166,0.2204515272244356,0.5602409638554217,8.69578313253012,9.875,0.5145785158126285,48.05722891566265,41.83433734939759,0.5421686746987951,0.5481927710843374,0.0582489319829117,9.644986319781117,753.0,166.0,0.50199203187251,-0.9492031872509961,0.06024096385542166
fade_30,60,45,Validation,166,0.2204515272244356,0.4397590361445783,-8.69578313253012,-9.875,-0.5145785158126285,41.83433734939759,48.05722891566265,0.4578313253012048,0.45180722891566266,-0.06223299572793167,-7.746579945279125,753.0,166.0,0.50199203187251,-0.9492031872509961,-0.060240963855421714
UNCOND_LONG,60,60,Validation,753,1.0,0.5245683930942895,0.398074369189907,3.25,0.0012282939145311716,48.50796812749004,52.5730411686587,0.48738379814077026,0.5107238605898123,0.0,0.0,,,,,
cont_5,60,60,Validation,170,0.22576361221779548,0.5117647058823529,1.0779411764705882,1.375,0.181169082729744,52.252941176470586,49.917647058823526,0.5176470588235295,0.49411764705882355,-0.012803687211936587,0.6798668072806812,753.0,170.0,0.5245683930942895,0.398074369189907,0.0117647058823529
fade_5,60,60,Validation,170,0.22576361221779548,0.4764705882352941,-1.0779411764705882,-1.375,-0.181169082729744,49.917647058823526,52.252941176470586,0.4823529411764706,0.5058823529411764,-0.0480978048589954,-1.4760155456604953,753.0,170.0,0.5245683930942895,0.398074369189907,-0.02352941176470591
cont_15,60,60,Validation,150,0.199203187250996,0.54,9.033333333333333,5.375,0.540070540434522,58.29666666666667,46.12166666666667,0.56,0.5234899328859061,0.015431606905710549,8.635258964143427,753.0,149.0,0.5245683930942895,0.398074369189907,0.040000000000000036
fade_15,60,60,Validation,150,0.199203187250996,0.4533333333333333,-9.033333333333333,-5.375,-0.540070540434522,46.12166666666667,58.29666666666667,0.44,0.47651006711409394,-0.07123505976095618,-9.43140770252324,753.0,149.0,0.5245683930942895,0.398074369189907,-0.04666666666666669
cont_30,60,60,Validation,166,0.2204515272244356,0.5421686746987951,5.968373493975903,3.0,0.4178576389998312,53.03012048192771,46.45331325301205,0.5542168674698795,0.5454545454545454,0.017600281604505663,5.570299124785996,753.0,165.0,0.5245683930942895,0.398074369189907,0.04216867469879515
fade_30,60,60,Validation,166,0.2204515272244356,0.4578313253012048,-5.968373493975903,-3.0,-0.4178576389998312,46.45331325301205,53.03012048192771,0.4457831325301205,0.45454545454545453,-0.06673706779308469,-6.366447863165811,753.0,165.0,0.5245683930942895,0.398074369189907,-0.042168674698795205
UNCOND_LONG,60,5,OOS,400,1.0,0.5375,1.021875,1.875,0.0542399618249267,23.96,24.08,0.495,0.476038338658147,0.0,0.0,,,,,
cont_5,60,5,OOS,76,0.19,0.5,0.6776315789473685,-0.625,-0.030440831272810935,26.39144736842105,26.085526315789473,0.4605263157894737,0.5074626865671642,-0.03749999999999998,-0.3442434210526316,400.0,67.0,0.5375,1.021875,0.0
fade_5,60,5,OOS,76,0.19,0.5,-0.6776315789473685,0.625,0.030440831272810935,26.085526315789473,26.39144736842105,0.5263157894736842,0.4925373134328358,-0.03749999999999998,-1.6995065789473687,400.0,67.0,0.5375,1.021875,0.0
cont_15,60,5,OOS,87,0.2175,0.5517241379310345,0.9224137931034483,2.75,0.010442556857833248,26.04310344827586,27.982758620689655,0.5517241379310345,0.5342465753424658,0.014224137931034497,-0.0994612068965518,400.0,73.0,0.5375,1.021875,0.051724137931034475
fade_15,60,5,OOS,87,0.2175,0.4367816091954023,-0.9224137931034483,-2.75,-0.010442556857833248,27.982758620689655,26.04310344827586,0.4367816091954023,0.4657534246575342,-0.10071839080459766,-1.9442887931034485,400.0,73.0,0.5375,1.021875,-0.06321839080459768
cont_30,60,5,OOS,76,0.19,0.5131578947368421,-1.5625,0.5,-0.048429075494231276,22.707236842105264,23.13157894736842,0.5,0.46774193548387094,-0.02434210526315783,-2.584375,400.0,62.0,0.5375,1.021875,0.013157894736842146
fade_30,60,5,OOS,76,0.19,0.47368421052631576,1.5625,-0.5,0.048429075494231276,23.13157894736842,22.707236842105264,0.4868421052631579,0.532258064516129,-0.06381578947368421,0.5406249999999999,400.0,62.0,0.5375,1.021875,-0.026315789473684237
UNCOND_LONG,60,10,OOS,400,1.0,0.5225,2.756875,2.25,0.14283573778296904,34.4275,32.866875,0.53,0.48412698412698413,0.0,0.0,,,,,
cont_5,60,10,OOS,76,0.19,0.4868421052631579,-4.328947368421052,-2.25,-0.20410238774094142,36.23684210526316,37.30592105263158,0.4868421052631579,0.527027027027027,-0.035657894736842055,-7.085822368421052,400.0,74.0,0.5225,2.756875,-0.01315789473684209
fade_5,60,10,OOS,76,0.19,0.5131578947368421,4.328947368421052,2.25,0.20410238774094142,37.30592105263158,36.23684210526316,0.5131578947368421,0.47297297297297297,-0.009342105263157818,1.5720723684210522,400.0,74.0,0.5225,2.756875,0.013157894736842146
cont_15,60,10,OOS,87,0.2175,0.5057471264367817,-4.0488505747126435,1.25,-0.16944192257248947,36.14367816091954,39.48850574712644,0.5172413793103449,0.5595238095238095,-0.016752873563218307,-6.8057255747126435,400.0,84.0,0.5225,2.756875,0.005747126436781658
fade_15,60,10,OOS,87,0.2175,0.4942528735632184,4.0488505747126435,-1.25,0.16944192257248947,39.48850574712644,36.14367816091954,0.4827586206896552,0.44047619047619047,-0.028247126436781567,1.2919755747126436,400.0,84.0,0.5225,2.756875,-0.005747126436781602
cont_30,60,10,OOS,76,0.19,0.4605263157894737,-6.029605263157895,-1.875,-0.2511774590143824,29.595394736842106,35.20723684210526,0.4605263157894737,0.48,-0.06197368421052629,-8.786480263157895,400.0,75.0,0.5225,2.756875,-0.03947368421052633
fade_30,60,10,OOS,76,0.19,0.5394736842105263,6.029605263157895,1.875,0.2511774590143824,35.20723684210526,29.595394736842106,0.5394736842105263,0.52,0.016973684210526363,3.2727302631578947,400.0,75.0,0.5225,2.756875,0.03947368421052633
UNCOND_LONG,60,15,OOS,400,1.0,0.505,0.048125,1.375,0.022327297381884124,39.70125,40.480625,0.5,0.4896907216494845,0.0,0.0,,,,,
cont_5,60,15,OOS,76,0.19,0.5263157894736842,0.8881578947368421,3.875,-0.04275571938806468,45.63486842105263,42.86184210526316,0.5,0.5333333333333333,0.021315789473684177,0.8400328947368422,400.0,75.0,0.505,0.048125,0.02631578947368418
fade_5,60,15,OOS,76,0.19,0.47368421052631576,-0.8881578947368421,-3.875,0.04275571938806468,42.86184210526316,45.63486842105263,0.5,0.4666666666666667,-0.03131578947368424,-0.9362828947368421,400.0,75.0,0.505,0.048125,-0.026315789473684237
cont_15,60,15,OOS,87,0.2175,0.4827586206896552,-5.022988505747127,-3.5,-0.11563977869542848,44.10344827586207,47.327586206896555,0.4942528735632184,0.5542168674698795,-0.02224137931034481,-5.071113505747126,400.0,83.0,0.505,0.048125,-0.017241379310344807
fade_15,60,15,OOS,87,0.2175,0.5172413793103449,5.022988505747127,3.5,0.11563977869542848,47.327586206896555,44.10344827586207,0.5057471264367817,0.4457831325301205,0.012241379310344858,4.974863505747127,400.0,83.0,0.505,0.048125,0.017241379310344862
cont_30,60,15,OOS,76,0.19,0.4473684210526316,-4.118421052631579,-5.125,-0.26538635386599,37.921052631578945,42.776315789473685,0.4342105263157895,0.47297297297297297,-0.05763157894736842,-4.1665460526315785,400.0,74.0,0.505,0.048125,-0.05263157894736842
fade_30,60,15,OOS,76,0.19,0.5526315789473685,4.118421052631579,5.125,0.26538635386599,42.776315789473685,37.921052631578945,0.5657894736842105,0.527027027027027,0.04763157894736847,4.070296052631579,400.0,74.0,0.505,0.048125,0.052631578947368474
UNCOND_LONG,60,30,OOS,400,1.0,0.525,-0.83125,4.0,-0.05374238333052345,51.8425,60.31,0.51,0.4910025706940874,0.0,0.0,,,,,
cont_5,60,30,OOS,76,0.19,0.4473684210526316,-2.223684210526316,-5.125,-0.23268775981199352,61.03947368421053,56.9046052631579,0.4868421052631579,0.527027027027027,-0.07763157894736844,-1.3924342105263159,400.0,74.0,0.525,-0.83125,-0.05263157894736842
fade_5,60,30,OOS,76,0.19,0.5526315789473685,2.223684210526316,5.125,0.23268775981199352,56.9046052631579,61.03947368421053,0.5131578947368421,0.47297297297297297,0.02763157894736845,3.0549342105263158,400.0,74.0,0.525,-0.83125,0.052631578947368474
cont_15,60,30,OOS,87,0.2175,0.5287356321839081,-0.6206896551724138,3.0,0.19456606453243208,60.502873563218394,63.1551724137931,0.47126436781609193,0.5595238095238095,0.003735632183908044,0.21056034482758623,400.0,84.0,0.525,-0.83125,0.028735632183908066
fade_15,60,30,OOS,87,0.2175,0.47126436781609193,0.6206896551724138,-3.0,-0.19456606453243208,63.1551724137931,60.502873563218394,0.5287356321839081,0.44047619047619047,-0.05373563218390809,1.451939655172414,400.0,84.0,0.525,-0.83125,-0.028735632183908066
cont_30,60,30,OOS,76,0.19,0.4868421052631579,-0.3026315789473684,-1.125,0.03776718890641055,55.35526315789474,56.671052631578945,0.47368421052631576,0.4666666666666667,-0.03815789473684211,0.5286184210526317,400.0,75.0,0.525,-0.83125,-0.01315789473684209
fade_30,60,30,OOS,76,0.19,0.5131578947368421,0.3026315789473684,1.125,-0.03776718890641055,56.671052631578945,55.35526315789474,0.5263157894736842,0.5333333333333333,-0.011842105263157876,1.1338815789473684,400.0,75.0,0.525,-0.83125,0.013157894736842146
UNCOND_LONG,60,45,OOS,400,1.0,0.5375,-1.313125,4.125,-0.03465328425352404,60.90625,70.495,0.5,0.49226804123711343,0.0,0.0,,,,,
cont_5,60,45,OOS,76,0.19,0.47368421052631576,4.828947368421052,-2.25,0.08576070132382854,71.5592105263158,65.70394736842105,0.5,0.527027027027027,-0.06381578947368421,6.1420723684210525,400.0,74.0,0.5375,-1.313125,-0.026315789473684237
fade_5,60,45,OOS,76,0.19,0.5263157894736842,-4.828947368421052,2.25,-0.08576070132382854,65.70394736842105,71.5592105263158,0.5,0.47297297297297297,-0.011184210526315796,-3.515822368421052,400.0,74.0,0.5375,-1.313125,0.02631578947368418
cont_15,60,45,OOS,87,0.2175,0.5517241379310345,7.971264367816092,8.25,0.24516932296253754,71.14367816091954,72.47126436781609,0.4942528735632184,0.5595238095238095,0.014224137931034497,9.284389367816091,400.0,84.0,0.5375,-1.313125,0.051724137931034475
fade_15,60,45,OOS,87,0.2175,0.4482758620689655,-7.971264367816092,-8.25,-0.24516932296253754,72.47126436781609,71.14367816091954,0.5057471264367817,0.44047619047619047,-0.08922413793103445,-6.658139367816092,400.0,84.0,0.5375,-1.313125,-0.051724137931034475
cont_30,60,45,OOS,76,0.19,0.47368421052631576,-4.404605263157895,-5.625,-0.1790632696760697,63.3453947368421,67.77631578947368,0.4868421052631579,0.4594594594594595,-0.06381578947368421,-3.0914802631578944,400.0,74.0,0.5375,-1.313125,-0.026315789473684237
fade_30,60,45,OOS,76,0.19,0.5263157894736842,4.404605263157895,5.625,0.1790632696760697,67.77631578947368,63.3453947368421,0.5131578947368421,0.5405405405405406,-0.011184210526315796,5.717730263157895,400.0,74.0,0.5375,-1.313125,0.02631578947368418
UNCOND_LONG,60,60,OOS,400,1.0,0.525,-2.634375,4.25,-0.1351012192636689,68.990625,78.946875,0.5,0.49226804123711343,0.0,0.0,,,,,
cont_5,60,60,OOS,76,0.19,0.4473684210526316,12.835526315789474,-5.875,0.2739421073067705,84.5657894736842,73.625,0.5131578947368421,0.527027027027027,-0.07763157894736844,15.469901315789475,400.0,74.0,0.525,-2.634375,-0.05263157894736842
fade_5,60,60,OOS,76,0.19,0.5526315789473685,-12.835526315789474,5.875,-0.2739421073067705,73.625,84.5657894736842,0.4868421052631579,0.47297297297297297,0.02763157894736845,-10.201151315789474,400.0,74.0,0.525,-2.634375,0.052631578947368474
cont_15,60,60,OOS,87,0.2175,0.5057471264367817,3.07183908045977,9.0,0.016642473055684337,79.30172413793103,78.66091954022988,0.5287356321839081,0.5595238095238095,-0.019252873563218365,5.70621408045977,400.0,84.0,0.525,-2.634375,0.005747126436781658
fade_15,60,60,OOS,87,0.2175,0.4942528735632184,-3.07183908045977,-9.0,-0.016642473055684337,78.66091954022988,79.30172413793103,0.47126436781609193,0.44047619047619047,-0.030747126436781624,-0.43746408045977025,400.0,84.0,0.525,-2.634375,-0.005747126436781602
cont_30,60,60,OOS,76,0.19,0.4868421052631579,3.5526315789473686,-3.0,0.0033690265464769455,71.95394736842105,73.24342105263158,0.4605263157894737,0.4594594594594595,-0.03815789473684211,6.1870065789473685,400.0,74.0,0.525,-2.634375,-0.01315789473684209
fade_30,60,60,OOS,76,0.19,0.5131578947368421,-3.5526315789473686,3.0,-0.0033690265464769455,73.24342105263158,71.95394736842105,0.5394736842105263,0.5405405405405406,-0.011842105263157876,-0.9182565789473687,400.0,74.0,0.525,-2.634375,0.013157894736842146
UNCOND_LONG,75,5,IS,2352,1.0,0.4906462585034014,-0.12446853741496598,0.0,-0.04547684339119141,5.181441326530612,5.495429421768708,0.48341836734693877,0.4902887139107612,0.0,0.0,,,,,
cont_5,75,5,IS,471,0.2002551020408163,0.44798301486199577,-0.7043524416135881,-0.5,-0.0913513531454012,5.436305732484076,5.958067940552017,0.45010615711252655,0.4430379746835443,-0.04266324364140561,-0.5798839041986221,2352.0,395.0,0.4906462585034014,-0.12446853741496598,-0.052016985138004235
fade_5,75,5,IS,471,0.2002551020408163,0.5329087048832272,0.7043524416135881,0.5,0.0913513531454012,5.958067940552017,5.436305732484076,0.524416135881104,0.5569620253164557,0.04226244637982579,0.8288209790285541,2352.0,395.0,0.4906462585034014,-0.12446853741496598,0.03290870488322717
cont_15,75,5,IS,471,0.2002551020408163,0.4288747346072187,-0.16348195329087048,-0.5,-0.061033440904543414,5.632696390658174,5.58067940552017,0.45222929936305734,0.44808743169398907,-0.06177152389618268,-0.0390134158759045,2352.0,366.0,0.4906462585034014,-0.12446853741496598,-0.0711252653927813
fade_15,75,5,IS,471,0.2002551020408163,0.5435244161358811,0.16348195329087048,0.5,0.061033440904543414,5.58067940552017,5.632696390658174,0.5286624203821656,0.5519125683060109,0.052878157632479716,0.28795049070583645,2352.0,366.0,0.4906462585034014,-0.12446853741496598,0.043524416135881094
cont_30,75,5,IS,471,0.2002551020408163,0.44798301486199577,-0.10615711252653928,-0.5,-0.10225762552139077,5.442675159235669,5.170382165605096,0.44798301486199577,0.44191919191919193,-0.04266324364140561,0.0183114248884267,2352.0,396.0,0.4906462585034014,-0.12446853741496598,-0.052016985138004235
fade_30,75,5,IS,471,0.2002551020408163,0.5307855626326964,0.10615711252653928,0.5,0.10225762552139077,5.170382165605096,5.442675159235669,0.5414012738853503,0.5580808080808081,0.040139304129295006,0.23062564994150525,2352.0,396.0,0.4906462585034014,-0.12446853741496598,0.030785562632696384
UNCOND_LONG,75,10,IS,2352,1.0,0.4965986394557823,-0.1680484693877551,0.0,-0.08308228503028448,7.205569727891157,7.75563350340136,0.48086734693877553,0.48304711580801407,0.0,0.0,,,,,
cont_5,75,10,IS,471,0.2002551020408163,0.4564755838641189,-1.0806794055201698,-0.5,-0.04000942731532257,7.544585987261146,8.479830148619957,0.46496815286624205,0.4466230936819172,-0.040123055591663404,-0.9126309361324147,2352.0,459.0,0.4965986394557823,-0.1680484693877551,-0.043524416135881094
fade_5,75,10,IS,471,0.2002551020408163,0.5265392781316348,1.0806794055201698,0.5,0.04000942731532257,8.479830148619957,7.544585987261146,0.5286624203821656,0.5533769063180828,0.029940638675852504,1.248727874907925,2352.0,459.0,0.4965986394557823,-0.1680484693877551,0.026539278131634814
cont_15,75,10,IS,471,0.2002551020408163,0.45222929936305734,-0.46284501061571126,-0.5,-0.06458128397645915,8.200636942675159,8.081740976645435,0.4607218683651805,0.4491150442477876,-0.044369340092724974,-0.2947965412279562,2352.0,452.0,0.4965986394557823,-0.1680484693877551,-0.047770700636942665
fade_15,75,10,IS,471,0.2002551020408163,0.5329087048832272,0.46284501061571126,0.5,0.06458128397645915,8.081740976645435,8.200636942675159,0.5265392781316348,0.5508849557522124,0.03631006542744486,0.6308934800034663,2352.0,452.0,0.4965986394557823,-0.1680484693877551,0.03290870488322717
cont_30,75,10,IS,471,0.2002551020408163,0.47770700636942676,0.036093418259023353,-0.25,-0.07101402503189326,8.084394904458598,7.401273885350318,0.46496815286624205,0.4598698481561822,-0.018891633086355553,0.20414188764677846,2352.0,461.0,0.4965986394557823,-0.1680484693877551,-0.022292993630573243
fade_30,75,10,IS,471,0.2002551020408163,0.505307855626327,-0.036093418259023353,0.25,0.07101402503189326,7.401273885350318,8.084394904458598,0.5222929936305732,0.5401301518438177,0.008709216170544654,0.13195505112873177,2352.0,461.0,0.4965986394557823,-0.1680484693877551,0.005307855626326963
UNCOND_LONG,75,15,IS,2352,1.0,0.4927721088435374,-0.3640518707482993,0.0,-0.11537595893786223,8.598958333333334,9.554315476190476,0.47959183673469385,0.48320413436692505,0.0,0.0,,,,,
cont_5,75,15,IS,471,0.2002551020408163,0.49256900212314225,-0.410828025477707,0.0,0.13023090955843833,9.633227176220807,10.231422505307856,0.4692144373673036,0.45161290322580644,-0.00020310672039514088,-0.046776154729407715,2352.0,465.0,0.4927721088435374,-0.3640518707482993,-0.007430997876857748
fade_5,75,15,IS,471,0.2002551020408163,0.49256900212314225,0.410828025477707,0.0,-0.13023090955843833,10.231422505307856,9.633227176220807,0.5138004246284501,0.5483870967741935,-0.00020310672039514088,0.7748798962260064,2352.0,465.0,0.4927721088435374,-0.3640518707482993,-0.007430997876857748
cont_15,75,15,IS,471,0.2002551020408163,0.49469214437367304,0.4962845010615711,0.0,0.1393933291324554,10.18895966029724,9.906050955414013,0.44798301486199577,0.4504310344827586,0.0019200355301356442,0.8603363718098704,2352.0,464.0,0.4927721088435374,-0.3640518707482993,-0.005307855626326963
fade_15,75,15,IS,471,0.2002551020408163,0.49469214437367304,-0.4962845010615711,0.0,-0.1393933291324554,9.906050955414013,10.18895966029724,0.535031847133758,0.5495689655172413,0.0019200355301356442,-0.13223263031327182,2352.0,464.0,0.4927721088435374,-0.3640518707482993,-0.005307855626326963
cont_30,75,15,IS,471,0.2002551020408163,0.4989384288747346,1.1788747346072186,0.0,0.2098657726977413,10.198513800424628,8.818471337579618,0.4734607218683652,0.45726495726495725,0.006166320031197214,1.542926605355518,2352.0,468.0,0.4927721088435374,-0.3640518707482993,-0.0010615711252653925
fade_30,75,15,IS,471,0.2002551020408163,0.4840764331210191,-1.1788747346072186,0.0,-0.2098657726977413,8.818471337579618,10.198513800424628,0.5116772823779193,0.5427350427350427,-0.008695675722518281,-0.8148228638589192,2352.0,468.0,0.4927721088435374,-0.3640518707482993,-0.015923566878980888
UNCOND_LONG,75,30,IS,2352,1.0,0.5093537414965986,0.08397108843537415,0.375,-0.02276666226363145,11.960034013605442,13.38233418367347,0.48767006802721086,0.48303993130098755,0.0,0.0,,,,,
cont_5,75,30,IS,471,0.2002551020408163,0.5095541401273885,0.559447983014862,0.5,0.23690173850281687,13.984607218683651,13.010084925690022,0.5265392781316348,0.45278969957081544,0.00020039863078991083,0.47547689457948783,2352.0,466.0,0.5093537414965986,0.08397108843537415,0.009554140127388533
fade_5,75,30,IS,471,0.2002551020408163,0.4840764331210191,-0.559447983014862,-0.5,-0.23690173850281687,13.010084925690022,13.984607218683651,0.46284501061571126,0.5472103004291845,-0.02527730837557951,-0.6434190714502361,2352.0,466.0,0.5093537414965986,0.08397108843537415,-0.015923566878980888
cont_15,75,30,IS,471,0.2002551020408163,0.4861995753715499,0.5031847133757962,-0.25,0.07739605308154024,14.584925690021231,13.00583864118896,0.4989384288747346,0.44967880085653106,-0.023154166125048725,0.419213624940422,2352.0,467.0,0.5093537414965986,0.08397108843537415,-0.013800424628450103
fade_15,75,30,IS,471,0.2002551020408163,0.5010615711252654,-0.5031847133757962,0.25,-0.07739605308154024,13.00583864118896,14.584925690021231,0.4883227176220807,0.550321199143469,-0.00829217037133323,-0.5871558018111703,2352.0,467.0,0.5093537414965986,0.08397108843537415,0.0010615711252653925
cont_30,75,30,IS,471,0.2002551020408163,0.49256900212314225,0.6342887473460722,0.0,0.042435940374157384,13.914012738853502,12.018577494692144,0.5031847133757962,0.4562899786780384,-0.01678473937345637,0.5503176589106981,2352.0,469.0,0.5093537414965986,0.08397108843537415,-0.007430997876857748
fade_30,75,30,IS,471,0.2002551020408163,0.4968152866242038,-0.6342887473460722,0.0,-0.042435940374157384,12.018577494692144,13.914012738853502,0.4819532908704883,0.5437100213219617,-0.0125384548723948,-0.7182598357814464,2352.0,469.0,0.5093537414965986,0.08397108843537415,-0.0031847133757961776
UNCOND_LONG,75,45,IS,2352,1.0,0.532312925170068,0.30633503401360546,1.0,0.039543662622433244,14.350871598639456,16.022427721088434,0.4965986394557823,0.48258064516129034,0.0,0.0,,,,,
cont_5,75,45,IS,471,0.2002551020408163,0.5286624203821656,0.8901273885350318,1.25,0.3035381910599107,16.840764331210192,15.511677282377919,0.535031847133758,0.45376344086021503,-0.003650504787902409,0.5837923545214263,2352.0,465.0,0.532312925170068,0.30633503401360546,0.0286624203821656
fade_5,75,45,IS,471,0.2002551020408163,0.4607218683651805,-0.8901273885350318,-1.25,-0.3035381910599107,15.511677282377919,16.840764331210192,0.46284501061571126,0.546236559139785,-0.07159105680488753,-1.1964624225486373,2352.0,465.0,0.532312925170068,0.30633503401360546,-0.039278131634819524
cont_15,75,45,IS,471,0.2002551020408163,0.524416135881104,1.3190021231422506,1.0,0.24561686776831193,17.083864118895967,15.281316348195329,0.5031847133757962,0.44967880085653106,-0.007896789288963979,1.0126670891286451,2352.0,467.0,0.532312925170068,0.30633503401360546,0.02441613588110403
fade_15,75,45,IS,471,0.2002551020408163,0.4564755838641189,-1.3190021231422506,-1.0,-0.24561686776831193,15.281316348195329,17.083864118895967,0.49044585987261147,0.550321199143469,-0.0758373413059491,-1.6253371571558561,2352.0,467.0,0.532312925170068,0.30633503401360546,-0.043524416135881094
cont_30,75,45,IS,471,0.2002551020408163,0.5116772823779193,1.4092356687898089,0.5,0.13746333884451287,16.63004246284501,14.408174097664544,0.49469214437367304,0.45726495726495725,-0.02063564279214869,1.1029006347762034,2352.0,468.0,0.532312925170068,0.30633503401360546,0.011677282377919318
fade_30,75,45,IS,471,0.2002551020408163,0.47983014861995754,-1.4092356687898089,-0.5,-0.13746333884451287,14.408174097664544,16.63004246284501,0.5010615711252654,0.5427350427350427,-0.052482776550110466,-1.7155707028034144,2352.0,468.0,0.532312925170068,0.30633503401360546,-0.02016985138004246
UNCOND_LONG,75,60,IS,2352,1.0,0.5242346938775511,-0.09247448979591837,1.0,-0.026831203116296738,16.23968962585034,18.166772959183675,0.5063775510204082,0.48256564786913475,0.0,0.0,,,,,
cont_5,75,60,IS,471,0.2002551020408163,0.5116772823779193,0.7133757961783439,1.0,0.364406617179897,18.99416135881104,17.235138004246284,0.5477707006369427,0.45376344086021503,-0.012557411499631743,0.8058502859742622,2352.0,465.0,0.5242346938775511,-0.09247448979591837,0.011677282377919318
fade_5,75,60,IS,471,0.2002551020408163,0.47770700636942676,-0.7133757961783439,-1.0,-0.364406617179897,17.235138004246284,18.99416135881104,0.45010615711252655,0.546236559139785,-0.046527687508124305,-0.6209013063824256,2352.0,465.0,0.5242346938775511,-0.09247448979591837,-0.022292993630573243
cont_15,75,60,IS,471,0.2002551020408163,0.5031847133757962,1.505307855626327,0.5,0.25979450763364553,19.93949044585987,17.35456475583864,0.5435244161358811,0.44967880085653106,-0.021049980501754884,1.5977823454222455,2352.0,467.0,0.5242346938775511,-0.09247448979591837,0.0031847133757961776
fade_15,75,60,IS,471,0.2002551020408163,0.4861995753715499,-1.505307855626327,-0.5,-0.25979450763364553,17.35456475583864,19.93949044585987,0.45222929936305734,0.550321199143469,-0.038035118506001164,-1.4128333658304086,2352.0,467.0,0.5242346938775511,-0.09247448979591837,-0.013800424628450103
cont_30,75,60,IS,471,0.2002551020408163,0.4989384288747346,0.9187898089171974,0.0,0.17646940010417056,18.908704883227177,16.195859872611464,0.5201698513800425,0.45610278372591007,-0.025296265002816454,1.0112642987131157,2352.0,467.0,0.5242346938775511,-0.09247448979591837,-0.0010615711252653925
fade_30,75,60,IS,471,0.2002551020408163,0.4840764331210191,-0.9187898089171974,0.0,-0.17646940010417056,16.195859872611464,18.908704883227177,0.47770700636942676,0.5438972162740899,-0.04015826075653195,-0.8263153191212791,2352.0,467.0,0.5242346938775511,-0.09247448979591837,-0.015923566878980888
UNCOND_LONG,75,5,Validation,753,1.0,0.47808764940239046,-0.5029880478087649,-0.75,-0.03879004218475052,15.432602921646746,15.547476759628154,0.49667994687915007,0.5098360655737705,0.0,0.0,,,,,
cont_5,75,5,Validation,129,0.17131474103585656,0.4806201550387597,0.8468992248062015,-1.5,0.014890423344562599,16.51356589147287,15.773255813953488,0.46511627906976744,0.5046728971962616,0.0025325056363692533,1.3498872726149664,753.0,107.0,0.47808764940239046,-0.5029880478087649,-0.01937984496124029
fade_5,75,5,Validation,129,0.17131474103585656,0.5193798449612403,-0.8468992248062015,1.5,-0.014890423344562599,15.773255813953488,16.51356589147287,0.5271317829457365,0.4953271028037383,0.04129219555884989,-0.34391117699743656,753.0,107.0,0.47808764940239046,-0.5029880478087649,0.019379844961240345
cont_15,75,5,Validation,145,0.19256308100929614,0.4689655172413793,-0.7206896551724138,-0.5,-0.09012301377795932,15.41551724137931,15.548275862068966,0.503448275862069,0.4824561403508772,-0.009122132161011154,-0.21770160736364885,753.0,114.0,0.47808764940239046,-0.5029880478087649,-0.031034482758620696
fade_15,75,5,Validation,145,0.19256308100929614,0.5172413793103449,0.7206896551724138,0.5,0.09012301377795932,15.548275862068966,15.41551724137931,0.4896551724137931,0.5175438596491229,0.039153729907954404,1.2236777029811787,753.0,114.0,0.47808764940239046,-0.5029880478087649,0.017241379310344862
cont_30,75,5,Validation,158,0.2098273572377158,0.45569620253164556,-0.7262658227848101,-0.75,-0.031922386161224635,15.49367088607595,15.397151898734178,0.4873417721518987,0.5,-0.022391446870744902,-0.22327777497604517,753.0,120.0,0.47808764940239046,-0.5029880478087649,-0.044303797468354444
fade_30,75,5,Validation,158,0.2098273572377158,0.5253164556962026,0.7262658227848101,0.75,0.031922386161224635,15.397151898734178,15.49367088607595,0.5126582278481012,0.5,0.0472288062938121,1.229253870593575,753.0,120.0,0.47808764940239046,-0.5029880478087649,0.025316455696202556
UNCOND_LONG,75,10,Validation,753,1.0,0.4701195219123506,-1.5597609561752988,-1.5,-0.16398948318962706,20.272908366533866,22.588313413014607,0.4674634794156706,0.496513249651325,0.0,0.0,,,,,
cont_5,75,10,Validation,129,0.17131474103585656,0.5038759689922481,-2.8217054263565893,0.75,-0.23243750734443694,21.825581395348838,22.684108527131784,0.4496124031007752,0.4959349593495935,0.033756447079897445,-1.2619444701812905,753.0,123.0,0.4701195219123506,-1.5597609561752988,0.003875968992248069
fade_5,75,10,Validation,129,0.17131474103585656,0.49612403100775193,2.8217054263565893,-0.75,0.23243750734443694,22.684108527131784,21.825581395348838,0.5503875968992248,0.5040650406504065,0.026004509095401307,4.3814663825318885,753.0,123.0,0.4701195219123506,-1.5597609561752988,-0.003875968992248069
cont_15,75,10,Validation,145,0.19256308100929614,0.4827586206896552,-0.9724137931034482,-1.25,-0.11817696394409823,21.43448275862069,21.536206896551725,0.4896551724137931,0.48201438848920863,0.01263909877730457,0.5873471630718505,753.0,139.0,0.4701195219123506,-1.5597609561752988,-0.017241379310344807
fade_15,75,10,Validation,145,0.19256308100929614,0.5172413793103449,0.9724137931034482,1.25,0.11817696394409823,21.536206896551725,21.43448275862069,0.5103448275862069,0.5179856115107914,0.04712185739799424,2.532174749278747,753.0,139.0,0.4701195219123506,-1.5597609561752988,0.017241379310344862
cont_30,75,10,Validation,158,0.2098273572377158,0.46835443037974683,-2.106012658227848,-1.75,-0.1462180538067406,20.65348101265823,21.25632911392405,0.4873417721518987,0.5034013605442177,-0.0017650915326037908,-0.5462517020525492,753.0,147.0,0.4701195219123506,-1.5597609561752988,-0.03164556962025317
fade_30,75,10,Validation,158,0.2098273572377158,0.5253164556962026,2.106012658227848,1.75,0.1462180538067406,21.25632911392405,20.65348101265823,0.5126582278481012,0.4965986394557823,0.05519693378385193,3.6657736144031468,753.0,147.0,0.4701195219123506,-1.5597609561752988,0.025316455696202556
UNCOND_LONG,75,15,Validation,753,1.0,0.48339973439575035,-1.6832669322709164,-1.0,-0.1534674626068,24.71879150066401,27.311752988047807,0.46082337317397076,0.497289972899729,0.0,0.0,,,,,
cont_5,75,15,Validation,129,0.17131474103585656,0.49612403100775193,-1.8333333333333333,-0.75,-0.17354009549725874,27.282945736434108,28.608527131782946,0.4728682170542636,0.48412698412698413,0.012724296612001584,-0.15006640106241687,753.0,126.0,0.48339973439575035,-1.6832669322709164,-0.003875968992248069
fade_5,75,15,Validation,129,0.17131474103585656,0.5038759689922481,1.8333333333333333,0.75,0.17354009549725874,28.608527131782946,27.282945736434108,0.5193798449612403,0.5158730158730159,0.020476234596497722,3.5166002656042497,753.0,126.0,0.48339973439575035,-1.6832669322709164,0.003875968992248069
cont_15,75,15,Validation,145,0.19256308100929614,0.4827586206896552,1.4275862068965517,-1.25,0.01980419002709797,26.49310344827586,26.458620689655174,0.4896551724137931,0.475177304964539,-0.0006411137060951533,3.1108531391674683,753.0,141.0,0.48339973439575035,-1.6832669322709164,-0.017241379310344807
fade_15,75,15,Validation,145,0.19256308100929614,0.5172413793103449,-1.4275862068965517,1.25,-0.01980419002709797,26.458620689655174,26.49310344827586,0.503448275862069,0.524822695035461,0.033841644914594515,0.2556807253743647,753.0,141.0,0.48339973439575035,-1.6832669322709164,0.017241379310344862
cont_30,75,15,Validation,158,0.2098273572377158,0.4873417721518987,-2.912974683544304,-1.375,-0.16957018815826613,24.015822784810126,26.854430379746834,0.4810126582278481,0.49673202614379086,0.0039420377561483755,-1.2297077512733876,753.0,153.0,0.48339973439575035,-1.6832669322709164,-0.012658227848101278
fade_30,75,15,Validation,158,0.2098273572377158,0.5126582278481012,2.912974683544304,1.375,0.16957018815826613,26.854430379746834,24.015822784810126,0.5189873417721519,0.5032679738562091,0.029258493452350876,4.59624161581522,753.0,153.0,0.48339973439575035,-1.6832669322709164,0.012658227848101222
UNCOND_LONG,75,30,Validation,753,1.0,0.5166002656042497,-0.3618857901726428,1.25,-0.06654686370724476,34.54183266932271,37.54980079681275,0.4634794156706507,0.49595687331536387,0.0,0.0,,,,,
cont_5,75,30,Validation,129,0.17131474103585656,0.4883720930232558,-0.040697674418604654,-1.25,-0.14577519325194266,38.23255813953488,38.18023255813954,0.5038759689922481,0.4765625,-0.02822817258099386,0.3211881157540381,753.0,128.0,0.5166002656042497,-0.3618857901726428,-0.011627906976744207
fade_5,75,30,Validation,129,0.17131474103585656,0.5116279069767442,0.040697674418604654,1.25,0.14577519325194266,38.18023255813954,38.23255813953488,0.49612403100775193,0.5234375,-0.0049723586275054465,0.40258346459124744,753.0,128.0,0.5166002656042497,-0.3618857901726428,0.011627906976744207
cont_15,75,30,Validation,145,0.19256308100929614,0.5655172413793104,5.324137931034483,7.5,0.33765779136074686,38.077586206896555,34.63793103448276,0.5448275862068965,0.47183098591549294,0.04891697577506071,5.686023721207126,753.0,142.0,0.5166002656042497,-0.3618857901726428,0.06551724137931036
fade_15,75,30,Validation,145,0.19256308100929614,0.42758620689655175,-5.324137931034483,-7.5,-0.33765779136074686,34.63793103448276,38.077586206896555,0.4482758620689655,0.528169014084507,-0.08901405870769791,-4.96225214086184,753.0,142.0,0.5166002656042497,-0.3618857901726428,-0.07241379310344825
cont_30,75,30,Validation,158,0.2098273572377158,0.6012658227848101,5.4984177215189876,5.75,0.30392074269475994,36.74683544303797,35.24367088607595,0.5632911392405063,0.49032258064516127,0.08466555718056046,5.86030351169163,753.0,155.0,0.5166002656042497,-0.3618857901726428,0.10126582278481011
fade_30,75,30,Validation,158,0.2098273572377158,0.3924050632911392,-5.4984177215189876,-5.75,-0.30392074269475994,35.24367088607595,36.74683544303797,0.43670886075949367,0.5096774193548387,-0.12419520231311043,-5.136531931346345,753.0,155.0,0.5166002656042497,-0.3618857901726428,-0.10759493670886078
UNCOND_LONG,75,45,Validation,753,1.0,0.5365205843293492,0.9853917662682603,4.25,0.045295506768674984,40.72609561752988,43.48871181938911,0.4767596281540505,0.49527665317139,0.0,0.0,,,,,
cont_5,75,45,Validation,129,0.17131474103585656,0.5038759689922481,2.35077519379845,1.5,0.06328161380704414,45.27131782945737,43.85077519379845,0.5038759689922481,0.4765625,-0.03264461533710117,1.3653834275301895,753.0,128.0,0.5365205843293492,0.9853917662682603,0.003875968992248069
fade_5,75,45,Validation,129,0.17131474103585656,0.49612403100775193,-2.35077519379845,-1.5,-0.06328161380704414,43.85077519379845,45.27131782945737,0.49612403100775193,0.5234375,-0.040396553321597306,-3.33616696006671,753.0,128.0,0.5365205843293492,0.9853917662682603,-0.003875968992248069
cont_15,75,45,Validation,145,0.19256308100929614,0.593103448275862,7.303448275862069,11.5,0.43780795794382477,45.85689655172414,40.05344827586207,0.5517241379310345,0.47183098591549294,0.056582863946512796,6.318056509593808,753.0,142.0,0.5365205843293492,0.9853917662682603,0.09310344827586203
fade_15,75,45,Validation,145,0.19256308100929614,0.4068965517241379,-7.303448275862069,-11.5,-0.43780795794382477,40.05344827586207,45.85689655172414,0.43448275862068964,0.528169014084507,-0.12962403260521133,-8.288840042130328,753.0,142.0,0.5365205843293492,0.9853917662682603,-0.09310344827586209
cont_30,75,45,Validation,158,0.2098273572377158,0.5379746835443038,5.343354430379747,2.875,0.37779962771199366,44.77215189873418,40.59335443037975,0.5506329113924051,0.49032258064516127,0.0014540992149545406,4.357962664111486,753.0,155.0,0.5365205843293492,0.9853917662682603,0.03797468354430378
fade_30,75,45,Validation,158,0.2098273572377158,0.4620253164556962,-5.343354430379747,-2.875,-0.37779962771199366,40.59335443037975,44.77215189873418,0.44936708860759494,0.5096774193548387,-0.07449526787365301,-6.328746196648007,753.0,155.0,0.5365205843293492,0.9853917662682603,-0.03797468354430378
UNCOND_LONG,75,60,Validation,753,1.0,0.5258964143426295,1.252988047808765,4.75,0.08908463936881075,46.16567065073041,48.65172642762284,0.4860557768924303,0.49527665317139,0.0,0.0,,,,,
cont_5,75,60,Validation,129,0.17131474103585656,0.49612403100775193,3.558139534883721,-0.25,0.13579997578804406,51.69961240310077,49.10271317829457,0.5116279069767442,0.4765625,-0.029772383334877528,2.305151487074956,753.0,128.0,0.5258964143426295,1.252988047808765,-0.003875968992248069
fade_5,75,60,Validation,129,0.17131474103585656,0.5038759689922481,-3.558139534883721,0.25,-0.13579997578804406,49.10271317829457,51.69961240310077,0.4883720930232558,0.5234375,-0.02202044535038139,-4.811127582692486,753.0,128.0,0.5258964143426295,1.252988047808765,0.003875968992248069
cont_15,75,60,Validation,145,0.19256308100929614,0.6137931034482759,13.337931034482759,12.25,0.8384603990280566,53.83793103448276,44.19137931034483,0.5862068965517241,0.47183098591549294,0.08789668910564641,12.084942986673994,753.0,142.0,0.5258964143426295,1.252988047808765,0.11379310344827587
fade_15,75,60,Validation,145,0.19256308100929614,0.38620689655172413,-13.337931034482759,-12.25,-0.8384603990280566,44.19137931034483,53.83793103448276,0.41379310344827586,0.528169014084507,-0.13968951779090533,-14.590919082291524,753.0,142.0,0.5258964143426295,1.252988047808765,-0.11379310344827587
cont_30,75,60,Validation,158,0.2098273572377158,0.5,5.8924050632911396,-0.25,0.4250578836190924,50.92246835443038,44.51107594936709,0.5316455696202531,0.49032258064516127,-0.02589641434262946,4.639417015482374,753.0,155.0,0.5258964143426295,1.252988047808765,0.0
fade_30,75,60,Validation,158,0.2098273572377158,0.5,-5.8924050632911396,0.25,-0.4250578836190924,44.51107594936709,50.92246835443038,0.46835443037974683,0.5096774193548387,-0.02589641434262946,-7.145393111099905,753.0,155.0,0.5258964143426295,1.252988047808765,0.0
UNCOND_LONG,75,5,OOS,400,1.0,0.43,-4.03125,-3.0,-0.17953229709402124,20.969375,25.42625,0.4475,0.4341317365269461,0.0,0.0,,,,,
cont_5,75,5,OOS,57,0.1425,0.543859649122807,3.3596491228070176,2.75,-0.06901148536118697,27.728070175438596,28.903508771929825,0.49122807017543857,0.4583333333333333,0.11385964912280705,7.390899122807017,400.0,48.0,0.43,-4.03125,0.04385964912280704
fade_5,75,5,OOS,57,0.1425,0.45614035087719296,-3.3596491228070176,-2.75,0.06901148536118697,28.903508771929825,27.728070175438596,0.5087719298245614,0.5416666666666666,0.026140350877192964,0.6716008771929824,400.0,48.0,0.43,-4.03125,-0.04385964912280704
cont_15,75,5,OOS,58,0.145,0.41379310344827586,-1.2155172413793103,-4.25,-0.16793764901952615,22.31896551724138,23.564655172413794,0.43103448275862066,0.425531914893617,-0.016206896551724137,2.8157327586206895,400.0,47.0,0.43,-4.03125,-0.08620689655172414
fade_15,75,5,OOS,58,0.145,0.5862068965517241,1.2155172413793103,4.25,0.16793764901952615,23.564655172413794,22.31896551724138,0.5689655172413793,0.574468085106383,0.1562068965517241,5.2467672413793105,400.0,47.0,0.43,-4.03125,0.08620689655172409
cont_30,75,5,OOS,75,0.1875,0.5066666666666667,-5.836666666666667,0.25,-0.2074139818865458,20.256666666666668,27.94333333333333,0.4666666666666667,0.4406779661016949,0.07666666666666672,-1.805416666666667,400.0,59.0,0.43,-4.03125,0.00666666666666671
fade_30,75,5,OOS,75,0.1875,0.49333333333333335,5.836666666666667,-0.25,0.2074139818865458,27.94333333333333,20.256666666666668,0.52,0.559322033898305,0.06333333333333335,9.867916666666666,400.0,59.0,0.43,-4.03125,-0.006666666666666654
UNCOND_LONG,75,10,OOS,400,1.0,0.4675,-3.77875,-3.375,-0.204703521443253,29.34375,36.135625,0.4525,0.4281984334203655,0.0,0.0,,,,,
cont_5,75,10,OOS,57,0.1425,0.6140350877192983,12.62719298245614,8.25,0.3647748234480163,42.6140350877193,36.969298245614034,0.5263157894736842,0.4444444444444444,0.14653508771929824,16.40594298245614,400.0,54.0,0.4675,-3.77875,0.11403508771929827
fade_5,75,10,OOS,57,0.1425,0.38596491228070173,-12.62719298245614,-8.25,-0.3647748234480163,36.969298245614034,42.6140350877193,0.47368421052631576,0.5555555555555556,-0.0815350877192983,-8.84844298245614,400.0,54.0,0.4675,-3.77875,-0.11403508771929827
cont_15,75,10,OOS,58,0.145,0.5,-0.9482758620689655,0.25,-0.06564789415407876,31.57758620689655,34.26293103448276,0.43103448275862066,0.4,0.03249999999999997,2.8304741379310343,400.0,55.0,0.4675,-3.77875,0.0
fade_15,75,10,OOS,58,0.145,0.5,0.9482758620689655,-0.25,0.06564789415407876,34.26293103448276,31.57758620689655,0.5689655172413793,0.6,0.03249999999999997,4.727025862068966,400.0,55.0,0.4675,-3.77875,0.0
cont_30,75,10,OOS,75,0.1875,0.48,-2.283333333333333,-1.5,-0.10675875705338067,29.803333333333335,36.276666666666664,0.4533333333333333,0.4647887323943662,0.012499999999999956,1.4954166666666668,400.0,71.0,0.4675,-3.77875,-0.020000000000000018
fade_30,75,10,OOS,75,0.1875,0.52,2.283333333333333,1.5,0.10675875705338067,36.276666666666664,29.803333333333335,0.5466666666666666,0.5352112676056338,0.05249999999999999,6.062083333333334,400.0,71.0,0.4675,-3.77875,0.020000000000000018
UNCOND_LONG,75,15,OOS,400,1.0,0.5,-0.84125,0.25,-0.07144908992830074,35.215,44.4375,0.4475,0.4282051282051282,0.0,0.0,,,,,
cont_5,75,15,OOS,57,0.1425,0.631578947368421,13.166666666666666,10.0,0.3948224385765897,51.43859649122807,40.68859649122807,0.5614035087719298,0.4444444444444444,0.13157894736842102,14.007916666666667,400.0,54.0,0.5,-0.84125,0.13157894736842102
fade_5,75,15,OOS,57,0.1425,0.3684210526315789,-13.166666666666666,-10.0,-0.3948224385765897,40.68859649122807,51.43859649122807,0.43859649122807015,0.5555555555555556,-0.13157894736842107,-12.325416666666666,400.0,54.0,0.5,-0.84125,-0.13157894736842107
cont_15,75,15,OOS,58,0.145,0.4827586206896552,-9.806034482758621,-6.25,-0.42580190943623736,36.84051724137931,44.900862068965516,0.4827586206896552,0.4,-0.017241379310344807,-8.96478448275862,400.0,55.0,0.5,-0.84125,-0.017241379310344807
fade_15,75,15,OOS,58,0.145,0.5172413793103449,9.806034482758621,6.25,0.42580190943623736,44.900862068965516,36.84051724137931,0.5172413793103449,0.6,0.017241379310344862,10.647284482758621,400.0,55.0,0.5,-0.84125,0.017241379310344862
cont_30,75,15,OOS,75,0.1875,0.49333333333333335,-6.696666666666666,-1.0,-0.21786387295890436,35.656666666666666,43.04333333333334,0.4533333333333333,0.4583333333333333,-0.006666666666666654,-5.855416666666667,400.0,72.0,0.5,-0.84125,-0.006666666666666654
fade_30,75,15,OOS,75,0.1875,0.5066666666666667,6.696666666666666,1.0,0.21786387295890436,43.04333333333334,35.656666666666666,0.5466666666666666,0.5416666666666666,0.00666666666666671,7.537916666666666,400.0,72.0,0.5,-0.84125,0.00666666666666671
UNCOND_LONG,75,30,OOS,400,1.0,0.51,-1.323125,0.5,-0.0542260889231833,47.349375,57.681875,0.455,0.43256997455470736,0.0,0.0,,,,,
cont_5,75,30,OOS,57,0.1425,0.631578947368421,7.421052631578948,12.0,0.37408203444944155,65.82894736842105,53.95175438596491,0.5614035087719298,0.45454545454545453,0.12157894736842101,8.744177631578948,400.0,55.0,0.51,-1.323125,0.13157894736842102
fade_5,75,30,OOS,57,0.1425,0.3684210526315789,-7.421052631578948,-12.0,-0.37408203444944155,53.95175438596491,65.82894736842105,0.43859649122807015,0.5454545454545454,-0.14157894736842108,-6.097927631578948,400.0,55.0,0.51,-1.323125,-0.13157894736842107
cont_15,75,30,OOS,58,0.145,0.5,-6.875,-0.5,-0.19186679793448064,50.56896551724138,60.5301724137931,0.4827586206896552,0.42105263157894735,-0.010000000000000009,-5.551875,400.0,57.0,0.51,-1.323125,0.0
fade_15,75,30,OOS,58,0.145,0.5,6.875,0.5,0.19186679793448064,60.5301724137931,50.56896551724138,0.5172413793103449,0.5789473684210527,-0.010000000000000009,8.198125000000001,400.0,57.0,0.51,-1.323125,0.0
cont_30,75,30,OOS,75,0.1875,0.52,1.14,0.25,-0.1235455401043585,49.43,53.446666666666665,0.48,0.4657534246575342,0.010000000000000009,2.463125,400.0,73.0,0.51,-1.323125,0.020000000000000018
fade_30,75,30,OOS,75,0.1875,0.48,-1.14,-0.25,0.1235455401043585,53.446666666666665,49.43,0.52,0.5342465753424658,-0.030000000000000027,0.1831250000000002,400.0,73.0,0.51,-1.323125,-0.020000000000000018
UNCOND_LONG,75,45,OOS,400,1.0,0.505,-2.644375,1.0,-0.17412922823030944,57.24375,68.079375,0.4675,0.43256997455470736,0.0,0.0,,,,,
cont_5,75,45,OOS,57,0.1425,0.5263157894736842,10.74561403508772,2.5,0.4929943401202278,79.4342105263158,61.75438596491228,0.5789473684210527,0.45454545454545453,0.021315789473684177,13.38998903508772,400.0,55.0,0.505,-2.644375,0.02631578947368418
fade_5,75,45,OOS,57,0.1425,0.47368421052631576,-10.74561403508772,-2.5,-0.4929943401202278,61.75438596491228,79.4342105263158,0.42105263157894735,0.5454545454545454,-0.03131578947368424,-8.101239035087719,400.0,55.0,0.505,-2.644375,-0.026315789473684237
cont_15,75,45,OOS,58,0.145,0.5,-5.2844827586206895,-1.0,-0.32861375064917236,60.706896551724135,71.83620689655173,0.5,0.42105263157894735,-0.0050000000000000044,-2.6401077586206894,400.0,57.0,0.505,-2.644375,0.0
fade_15,75,45,OOS,58,0.145,0.5,5.2844827586206895,1.0,0.32861375064917236,71.83620689655173,60.706896551724135,0.5,0.5789473684210527,-0.0050000000000000044,7.92885775862069,400.0,57.0,0.505,-2.644375,0.0
cont_30,75,45,OOS,75,0.1875,0.49333333333333335,-4.8933333333333335,-5.0,-0.5368402349997001,59.58,61.583333333333336,0.5066666666666667,0.4657534246575342,-0.011666666666666659,-2.2489583333333334,400.0,73.0,0.505,-2.644375,-0.006666666666666654
fade_30,75,45,OOS,75,0.1875,0.5066666666666667,4.8933333333333335,5.0,0.5368402349997001,61.583333333333336,59.58,0.49333333333333335,0.5342465753424658,0.0016666666666667052,7.537708333333334,400.0,73.0,0.505,-2.644375,0.00666666666666671
UNCOND_LONG,75,60,OOS,400,1.0,0.525,-1.06,2.25,-0.0923474425580195,63.29625,75.860625,0.485,0.43112244897959184,0.0,0.0,,,,,
cont_5,75,60,OOS,57,0.1425,0.5614035087719298,18.92543859649123,8.5,0.6294684912185303,86.71052631578948,66.46491228070175,0.5789473684210527,0.46296296296296297,0.03640350877192977,19.98543859649123,400.0,54.0,0.525,-1.06,0.06140350877192979
fade_5,75,60,OOS,57,0.1425,0.43859649122807015,-18.92543859649123,-8.5,-0.6294684912185303,66.46491228070175,86.71052631578948,0.42105263157894735,0.5370370370370371,-0.08640350877192987,-17.86543859649123,400.0,54.0,0.525,-1.06,-0.06140350877192985
cont_15,75,60,OOS,58,0.145,0.41379310344827586,-9.081896551724139,-13.5,-0.5024006866629523,65.86637931034483,79.75862068965517,0.46551724137931033,0.42105263157894735,-0.11120689655172417,-8.021896551724138,400.0,57.0,0.525,-1.06,-0.08620689655172414
fade_15,75,60,OOS,58,0.145,0.5862068965517241,9.081896551724139,13.5,0.5024006866629523,79.75862068965517,65.86637931034483,0.5344827586206896,0.5789473684210527,0.061206896551724066,10.14189655172414,400.0,57.0,0.525,-1.06,0.08620689655172409
cont_30,75,60,OOS,75,0.1875,0.4666666666666667,-7.86,-4.75,-0.7053338382165532,63.22666666666667,72.18,0.49333333333333335,0.4657534246575342,-0.05833333333333335,-6.800000000000001,400.0,73.0,0.525,-1.06,-0.033333333333333326
fade_30,75,60,OOS,75,0.1875,0.5333333333333333,7.86,4.75,0.7053338382165532,72.18,63.22666666666667,0.5066666666666667,0.5342465753424658,0.008333333333333304,8.92,400.0,73.0,0.525,-1.06,0.033333333333333326
UNCOND_LONG,90,5,IS,2352,1.0,0.5025510204081632,-0.07759353741496598,0.25,0.019272021372566794,5.068983843537415,5.528486394557823,0.4995748299319728,0.5002498750624688,0.0,0.0,,,,,
cont_5,90,5,IS,471,0.2002551020408163,0.45010615711252655,-0.49203821656050956,-0.5,-0.0732614838329683,5.267515923566879,5.895966029723992,0.4585987261146497,0.4718826405867971,-0.05244486329563669,-0.41444467914554356,2352.0,409.0,0.5025510204081632,-0.07759353741496598,-0.04989384288747345
fade_5,90,5,IS,471,0.2002551020408163,0.5265392781316348,0.49203821656050956,0.5,0.0732614838329683,5.895966029723992,5.267515923566879,0.5180467091295117,0.5281173594132029,0.023988257723471573,0.5696317539754755,2352.0,409.0,0.5025510204081632,-0.07759353741496598,0.026539278131634814
cont_15,90,5,IS,471,0.2002551020408163,0.4692144373673036,-0.39331210191082805,0.0,0.09014001233290478,5.849787685774947,5.670912951167728,0.5116772823779193,0.5463414634146342,-0.033336583040859624,-0.31571856449586205,2352.0,410.0,0.5025510204081632,-0.07759353741496598,-0.030785562632696384
fade_15,90,5,IS,471,0.2002551020408163,0.4989384288747346,0.39331210191082805,0.0,-0.09014001233290478,5.670912951167728,5.849787685774947,0.4692144373673036,0.45365853658536587,-0.003612591533428633,0.47090563932579405,2352.0,410.0,0.5025510204081632,-0.07759353741496598,-0.0010615711252653925
cont_30,90,5,IS,471,0.2002551020408163,0.46709129511677283,0.40976645435244163,-0.25,0.05152769865668161,5.975053078556264,4.881634819532909,0.49044585987261147,0.531328320802005,-0.03545972529139041,0.48735999176740763,2352.0,399.0,0.5025510204081632,-0.07759353741496598,-0.03290870488322717
fade_30,90,5,IS,471,0.2002551020408163,0.5116772823779193,-0.40976645435244163,0.25,-0.05152769865668161,4.881634819532909,5.975053078556264,0.49256900212314225,0.46867167919799496,0.009126261969756078,-0.33217291693747564,2352.0,399.0,0.5025510204081632,-0.07759353741496598,0.011677282377919318
UNCOND_LONG,90,10,IS,2352,1.0,0.5365646258503401,0.32461734693877553,0.75,0.08285876476169425,7.007759353741497,7.40656887755102,0.5267857142857143,0.5118213660245184,0.0,0.0,,,,,
cont_5,90,10,IS,471,0.2002551020408163,0.46284501061571126,-0.49203821656050956,-0.5,-0.06831423307061402,7.509023354564756,7.7876857749469215,0.4713375796178344,0.47413793103448276,-0.07371961523462889,-0.8166555634992851,2352.0,464.0,0.5365646258503401,0.32461734693877553,-0.03715498938428874
fade_5,90,10,IS,471,0.2002551020408163,0.524416135881104,0.49203821656050956,0.5,0.06831423307061402,7.7876857749469215,7.509023354564756,0.5095541401273885,0.5258620689655172,-0.01214848996923612,0.16742086962173403,2352.0,464.0,0.5365646258503401,0.32461734693877553,0.02441613588110403
cont_15,90,10,IS,471,0.2002551020408163,0.445859872611465,-0.22823779193205945,-0.5,0.08893241013048138,8.009554140127388,7.809978768577495,0.4968152866242038,0.5314533622559653,-0.09070475323887517,-0.5528551388708349,2352.0,461.0,0.5365646258503401,0.32461734693877553,-0.05414012738853502
fade_15,90,10,IS,471,0.2002551020408163,0.524416135881104,0.22823779193205945,0.5,-0.08893241013048138,7.809978768577495,8.009554140127388,0.4840764331210191,0.4685466377440347,-0.01214848996923612,-0.09637955500671608,2352.0,461.0,0.5365646258503401,0.32461734693877553,0.02441613588110403
cont_30,90,10,IS,471,0.2002551020408163,0.4713375796178344,0.43524416135881105,-0.25,0.06757512360230489,7.868895966029724,6.563163481953291,0.4883227176220807,0.5173913043478261,-0.06522704623250575,0.11062681442003552,2352.0,460.0,0.5365646258503401,0.32461734693877553,-0.0286624203821656
fade_30,90,10,IS,471,0.2002551020408163,0.5095541401273885,-0.43524416135881105,0.25,-0.06757512360230489,6.563163481953291,7.868895966029724,0.49256900212314225,0.4826086956521739,-0.027010485722951616,-0.7598615082975866,2352.0,460.0,0.5365646258503401,0.32461734693877553,0.009554140127388533
UNCOND_LONG,90,15,IS,2352,1.0,0.5378401360544217,0.43579931972789115,0.75,0.0899877080905113,8.629145408163266,8.92591411564626,0.5340136054421769,0.5105467068445975,0.0,0.0,,,,,
cont_5,90,15,IS,471,0.2002551020408163,0.46709129511677283,-0.5700636942675159,-0.25,-0.001531372366059442,9.009023354564755,9.289808917197453,0.47983014861995754,0.47639484978540775,-0.07074884093764888,-1.005863013995407,2352.0,466.0,0.5378401360544217,0.43579931972789115,-0.03290870488322717
fade_5,90,15,IS,471,0.2002551020408163,0.5116772823779193,0.5700636942675159,0.25,0.001531372366059442,9.289808917197453,9.009023354564755,0.505307855626327,0.5236051502145923,-0.026162853676502396,0.13426437453962475,2352.0,466.0,0.5378401360544217,0.43579931972789115,0.011677282377919318
cont_15,90,15,IS,471,0.2002551020408163,0.4692144373673036,-0.5435244161358811,-0.25,0.06212778335939422,9.447452229299364,9.470276008492569,0.4968152866242038,0.5353319057815846,-0.0686256986871181,-0.9793237358637723,2352.0,467.0,0.5378401360544217,0.43579931972789115,-0.030785562632696384
fade_15,90,15,IS,471,0.2002551020408163,0.5074309978768577,0.5435244161358811,0.25,-0.06212778335939422,9.470276008492569,9.447452229299364,0.49256900212314225,0.46466809421841543,-0.030409138177563966,0.10772509640798994,2352.0,467.0,0.5378401360544217,0.43579931972789115,0.007430997876857748
cont_30,90,15,IS,471,0.2002551020408163,0.47770700636942676,0.28343949044585987,0.0,0.0685568624073559,9.589702760084926,8.036093418259023,0.5201698513800425,0.5204301075268817,-0.06013312968499496,-0.1523598292820313,2352.0,465.0,0.5378401360544217,0.43579931972789115,-0.022292993630573243
fade_30,90,15,IS,471,0.2002551020408163,0.49469214437367304,-0.28343949044585987,0.0,-0.0685568624073559,8.036093418259023,9.589702760084926,0.46709129511677283,0.47956989247311826,-0.043147991680748676,-0.719238810173751,2352.0,465.0,0.5378401360544217,0.43579931972789115,-0.005307855626326963
UNCOND_LONG,90,30,IS,2352,1.0,0.5357142857142857,0.6581632653061225,0.75,0.15281668005075202,11.839285714285714,12.377551020408163,0.5250850340136054,0.5094582975064489,0.0,0.0,,,,,
cont_5,90,30,IS,471,0.2002551020408163,0.5159235668789809,-0.27282377919320594,0.5,0.08980307925864207,12.253184713375797,12.032908704883226,0.5010615711252654,0.4774193548387097,-0.01979071883530481,-0.9309870444993285,2352.0,465.0,0.5357142857142857,0.6581632653061225,0.015923566878980888
fade_5,90,30,IS,471,0.2002551020408163,0.4734607218683652,0.27282377919320594,-0.5,-0.08980307925864207,12.032908704883226,12.253184713375797,0.49044585987261147,0.5225806451612903,-0.06225356384592051,-0.3853394861129165,2352.0,465.0,0.5357142857142857,0.6581632653061225,-0.026539278131634814
cont_15,90,30,IS,471,0.2002551020408163,0.4840764331210191,0.2632696390658174,-0.25,0.25085405236585634,13.313694267515924,12.607218683651805,0.4968152866242038,0.5343347639484979,-0.05163785259326659,-0.39489362624030505,2352.0,466.0,0.5357142857142857,0.6581632653061225,-0.015923566878980888
fade_15,90,30,IS,471,0.2002551020408163,0.5010615711252654,-0.2632696390658174,0.25,-0.25085405236585634,12.607218683651805,13.313694267515924,0.49469214437367304,0.4656652360515021,-0.034652714589020306,-0.9214329043719398,2352.0,466.0,0.5357142857142857,0.6581632653061225,0.0010615711252653925
cont_30,90,30,IS,471,0.2002551020408163,0.5116772823779193,1.4564755838641188,0.5,0.22240607403259444,13.352972399150744,10.65552016985138,0.5286624203821656,0.5193965517241379,-0.02403700333636638,0.7983123185579963,2352.0,464.0,0.5357142857142857,0.6581632653061225,0.011677282377919318
fade_30,90,30,IS,471,0.2002551020408163,0.4819532908704883,-1.4564755838641188,-0.5,-0.22240607403259444,10.65552016985138,13.352972399150744,0.4585987261146497,0.48060344827586204,-0.05376099484379737,-2.114638849170241,2352.0,464.0,0.5357142857142857,0.6581632653061225,-0.018046709129511673
UNCOND_LONG,90,45,IS,2352,1.0,0.5378401360544217,0.2593537414965986,1.25,0.07619422617497133,14.0734481292517,14.995854591836734,0.5174319727891157,0.5094664371772806,0.0,0.0,,,,,
cont_5,90,45,IS,471,0.2002551020408163,0.4883227176220807,-0.4978768577494692,-0.25,0.03264602795648968,14.614649681528663,14.23036093418259,0.505307855626327,0.47516198704103674,-0.04951741843234103,-0.7572305992460678,2352.0,463.0,0.5378401360544217,0.2593537414965986,-0.011677282377919318
fade_5,90,45,IS,471,0.2002551020408163,0.5010615711252654,0.4978768577494692,0.25,-0.03264602795648968,14.23036093418259,14.614649681528663,0.4819532908704883,0.5248380129589633,-0.03677856492915632,0.2385231162528706,2352.0,463.0,0.5378401360544217,0.2593537414965986,0.0010615711252653925
cont_15,90,45,IS,471,0.2002551020408163,0.5180467091295117,1.5148619957537155,0.5,0.421929341742443,16.67515923566879,14.688428874734607,0.5095541401273885,0.5343347639484979,-0.01979342692491004,1.255508254257117,2352.0,466.0,0.5378401360544217,0.2593537414965986,0.018046709129511673
fade_15,90,45,IS,471,0.2002551020408163,0.47558386411889597,-1.5148619957537155,-0.5,-0.421929341742443,14.688428874734607,16.67515923566879,0.47558386411889597,0.4656652360515021,-0.06225627193552574,-1.774215737250314,2352.0,466.0,0.5378401360544217,0.2593537414965986,-0.02441613588110403
cont_30,90,45,IS,471,0.2002551020408163,0.5116772823779193,2.2717622080679405,0.5,0.3478405628364802,16.134819532908704,12.78715498938429,0.5286624203821656,0.5183585313174947,-0.026162853676502396,2.0124084665713418,2352.0,463.0,0.5378401360544217,0.2593537414965986,0.011677282377919318
fade_30,90,45,IS,471,0.2002551020408163,0.47558386411889597,-2.2717622080679405,-0.5,-0.3478405628364802,12.78715498938429,16.134819532908704,0.4543524416135881,0.4816414686825054,-0.06225627193552574,-2.5311159495645392,2352.0,463.0,0.5378401360544217,0.2593537414965986,-0.02441613588110403
UNCOND_LONG,90,60,IS,2352,1.0,0.5480442176870748,0.6224489795918368,1.25,0.12652764732568253,15.720769557823129,16.947704081632654,0.5170068027210885,0.5088323998276605,0.0,0.0,,,,,
cont_5,90,60,IS,471,0.2002551020408163,0.46284501061571126,0.04883227176220807,-0.75,0.09283150894626818,16.664012738853504,15.975583864118896,0.5074309978768577,0.474025974025974,-0.08519920707136353,-0.5736167078296287,2352.0,462.0,0.5480442176870748,0.6224489795918368,-0.03715498938428874
fade_5,90,60,IS,471,0.2002551020408163,0.5265392781316348,-0.04883227176220807,0.75,-0.09283150894626818,15.975583864118896,16.664012738853504,0.4883227176220807,0.525974025974026,-0.021504939555439972,-0.6712812513540448,2352.0,462.0,0.5480442176870748,0.6224489795918368,0.026539278131634814
cont_15,90,60,IS,471,0.2002551020408163,0.4989384288747346,1.0,0.0,0.30620855666334806,18.840233545647557,16.37420382165605,0.524416135881104,0.5343347639484979,-0.04910578881234018,0.37755102040816324,2352.0,466.0,0.5480442176870748,0.6224489795918368,-0.0010615711252653925
fade_15,90,60,IS,471,0.2002551020408163,0.4968152866242038,-1.0,0.0,-0.30620855666334806,16.37420382165605,18.840233545647557,0.46709129511677283,0.4656652360515021,-0.051228931062870964,-1.6224489795918369,2352.0,466.0,0.5480442176870748,0.6224489795918368,-0.0031847133757961776
cont_30,90,60,IS,471,0.2002551020408163,0.5074309978768577,2.3099787685774946,0.5,0.3441431044313204,18.23832271762208,14.268577494692144,0.5329087048832272,0.5183585313174947,-0.04061321981021704,1.6875297889856578,2352.0,463.0,0.5480442176870748,0.6224489795918368,0.007430997876857748
fade_30,90,60,IS,471,0.2002551020408163,0.4861995753715499,-2.3099787685774946,-0.5,-0.3441431044313204,14.268577494692144,18.23832271762208,0.45010615711252655,0.4816414686825054,-0.06184464231552489,-2.9324277481693315,2352.0,463.0,0.5480442176870748,0.6224489795918368,-0.013800424628450103
UNCOND_LONG,90,5,Validation,753,1.0,0.5338645418326693,0.601261620185923,1.25,0.06205417555227864,14.619521912350598,14.424966799468791,0.4860557768924303,0.508716323296355,0.0,0.0,,,,,
cont_5,90,5,Validation,155,0.2058432934926959,0.4258064516129032,-3.47741935483871,-3.5,-0.22367029697340166,13.096774193548388,15.78225806451613,0.41935483870967744,0.44881889763779526,-0.10805809021976609,-4.078680975024633,753.0,127.0,0.5338645418326693,0.601261620185923,-0.0741935483870968
fade_5,90,5,Validation,155,0.2058432934926959,0.5741935483870968,3.47741935483871,3.5,0.22367029697340166,15.78225806451613,13.096774193548388,0.5806451612903226,0.5511811023622047,0.040329006554427504,2.8761577346527867,753.0,127.0,0.5338645418326693,0.601261620185923,0.0741935483870968
cont_15,90,5,Validation,144,0.19123505976095617,0.4236111111111111,-1.4513888888888888,-3.25,-0.08160393242417563,14.07986111111111,14.723958333333334,0.4722222222222222,0.4690265486725664,-0.11025343072155819,-2.052650509074812,753.0,113.0,0.5338645418326693,0.601261620185923,-0.0763888888888889
fade_15,90,5,Validation,144,0.19123505976095617,0.5625,1.4513888888888888,3.25,0.08160393242417563,14.723958333333334,14.07986111111111,0.5277777777777778,0.5309734513274337,0.028635458167330707,0.8501272687029658,753.0,113.0,0.5338645418326693,0.601261620185923,0.0625
cont_30,90,5,Validation,145,0.19256308100929614,0.4482758620689655,-1.2534482758620689,-1.0,-0.10954524424471725,13.348275862068965,14.39655172413793,0.5172413793103449,0.49122807017543857,-0.08558867976370377,-1.854709896047992,753.0,114.0,0.5338645418326693,0.601261620185923,-0.051724137931034475
fade_30,90,5,Validation,145,0.19256308100929614,0.5448275862068965,1.2534482758620689,1.0,0.10954524424471725,14.39655172413793,13.348275862068965,0.4827586206896552,0.5087719298245614,0.010963044374227238,0.6521866556761459,753.0,114.0,0.5338645418326693,0.601261620185923,0.04482758620689653
UNCOND_LONG,90,10,Validation,753,1.0,0.5325365205843293,0.9023904382470119,1.75,0.08780426656354687,20.806772908366533,20.336653386454184,0.5152722443559097,0.5218579234972678,0.0,0.0,,,,,
cont_5,90,10,Validation,155,0.2058432934926959,0.4258064516129032,-4.574193548387097,-3.5,-0.2494460351704469,17.929032258064517,22.933870967741935,0.4258064516129032,0.4370860927152318,-0.10673006897142612,-5.476583986634108,753.0,151.0,0.5325365205843293,0.9023904382470119,-0.0741935483870968
fade_5,90,10,Validation,155,0.2058432934926959,0.5612903225806452,4.574193548387097,3.5,0.2494460351704469,22.933870967741935,17.929032258064517,0.567741935483871,0.5629139072847682,0.02875380199631583,3.6718031101400848,753.0,151.0,0.5325365205843293,0.9023904382470119,0.06129032258064515
cont_15,90,10,Validation,144,0.19123505976095617,0.4513888888888889,-0.2204861111111111,-1.75,0.006425266190693242,20.505208333333332,20.21701388888889,0.5069444444444444,0.4892086330935252,-0.08114763169544043,-1.122876549358123,753.0,139.0,0.5325365205843293,0.9023904382470119,-0.048611111111111105
fade_15,90,10,Validation,144,0.19123505976095617,0.5277777777777778,0.2204861111111111,1.75,-0.006425266190693242,20.21701388888889,20.505208333333332,0.4930555555555556,0.5107913669064749,-0.00475874280655153,-0.6819043271359009,753.0,139.0,0.5325365205843293,0.9023904382470119,0.02777777777777779
cont_30,90,10,Validation,145,0.19256308100929614,0.4827586206896552,-1.4741379310344827,-0.25,-0.12195349548209918,19.88448275862069,20.47758620689655,0.503448275862069,0.4928571428571429,-0.04977789989467413,-2.3765283692814947,753.0,140.0,0.5325365205843293,0.9023904382470119,-0.017241379310344807
fade_30,90,10,Validation,145,0.19256308100929614,0.503448275862069,1.4741379310344827,0.25,0.12195349548209918,20.47758620689655,19.88448275862069,0.4896551724137931,0.5071428571428571,-0.029088244722260348,0.5717474927874707,753.0,140.0,0.5325365205843293,0.9023904382470119,0.0034482758620689724
UNCOND_LONG,90,15,Validation,753,1.0,0.5312084993359893,1.3134130146082337,3.0,0.09425677340806886,25.179282868525895,24.733067729083665,0.5325365205843293,0.5254010695187166,0.0,0.0,,,,,
cont_5,90,15,Validation,155,0.2058432934926959,0.45806451612903226,-2.9016129032258067,-3.5,-0.1167574217604632,21.898387096774194,26.86774193548387,0.45806451612903226,0.4444444444444444,-0.07314398320695709,-4.215025917834041,753.0,153.0,0.5312084993359893,1.3134130146082337,-0.04193548387096774
fade_5,90,15,Validation,155,0.2058432934926959,0.535483870967742,2.9016129032258067,3.5,0.1167574217604632,26.86774193548387,21.898387096774194,0.535483870967742,0.5555555555555556,0.0042753716317526225,1.588199888617573,753.0,153.0,0.5312084993359893,1.3134130146082337,0.03548387096774197
cont_15,90,15,Validation,144,0.19123505976095617,0.4652777777777778,-0.9097222222222222,-2.875,-0.06912696585119589,25.008680555555557,25.225694444444443,0.5,0.49295774647887325,-0.06593072155821156,-2.2231352368304558,753.0,142.0,0.5312084993359893,1.3134130146082337,-0.03472222222222221
fade_15,90,15,Validation,144,0.19123505976095617,0.5347222222222222,0.9097222222222222,2.875,0.06912696585119589,25.225694444444443,25.008680555555557,0.5,0.5070422535211268,0.0035137228862328618,-0.40369079238601147,753.0,142.0,0.5312084993359893,1.3134130146082337,0.03472222222222221
cont_30,90,15,Validation,145,0.19256308100929614,0.4413793103448276,-2.579310344827586,-4.25,-0.2644630415673197,22.91896551724138,25.68793103448276,0.4689655172413793,0.4930555555555556,-0.08982918899116177,-3.89272335943582,753.0,144.0,0.5312084993359893,1.3134130146082337,-0.05862068965517242
fade_30,90,15,Validation,145,0.19256308100929614,0.5517241379310345,2.579310344827586,4.25,0.2644630415673197,25.68793103448276,22.91896551724138,0.5310344827586206,0.5069444444444444,0.020515638595045127,1.2658973302193524,753.0,144.0,0.5312084993359893,1.3134130146082337,0.051724137931034475
UNCOND_LONG,90,30,Validation,753,1.0,0.5272244355909694,2.6606905710491366,3.25,0.21068796212983845,33.57934926958831,32.71281540504648,0.5312084993359893,0.5260347129506008,0.0,0.0,,,,,
cont_5,90,30,Validation,155,0.2058432934926959,0.4838709677419355,-2.5983870967741933,-1.0,-0.06684751764556673,30.27741935483871,35.09193548387097,0.45806451612903226,0.45454545454545453,-0.04335346784903393,-5.25907766782333,753.0,154.0,0.5272244355909694,2.6606905710491366,-0.016129032258064502
fade_5,90,30,Validation,155,0.2058432934926959,0.5161290322580645,2.5983870967741933,1.0,0.06684751764556673,35.09193548387097,30.27741935483871,0.5419354838709678,0.5454545454545454,-0.01109540333290493,-0.062303474274943316,753.0,154.0,0.5272244355909694,2.6606905710491366,0.016129032258064502
cont_15,90,30,Validation,144,0.19123505976095617,0.4722222222222222,-1.1475694444444444,-5.75,-0.03746044784002944,33.07465277777778,33.82118055555556,0.4444444444444444,0.5,-0.05500221336874722,-3.8082600154935813,753.0,144.0,0.5272244355909694,2.6606905710491366,-0.02777777777777779
fade_15,90,30,Validation,144,0.19123505976095617,0.5277777777777778,1.1475694444444444,5.75,0.03746044784002944,33.82118055555556,33.07465277777778,0.5555555555555556,0.5,0.0005533421868083588,-1.5131211266046922,753.0,144.0,0.5272244355909694,2.6606905710491366,0.02777777777777779
cont_30,90,30,Validation,145,0.19256308100929614,0.4827586206896552,-1.756896551724138,-3.25,-0.1841375940473945,31.396551724137932,34.491379310344826,0.4827586206896552,0.496551724137931,-0.04446581490131424,-4.417587122773274,753.0,145.0,0.5272244355909694,2.6606905710491366,-0.017241379310344807
fade_30,90,30,Validation,145,0.19256308100929614,0.5172413793103449,1.756896551724138,3.25,0.1841375940473945,34.491379310344826,31.396551724137932,0.5172413793103449,0.503448275862069,-0.00998305628062457,-0.9037940193249987,753.0,145.0,0.5272244355909694,2.6606905710491366,0.017241379310344862
UNCOND_LONG,90,45,Validation,753,1.0,0.548472775564409,2.9282868525896415,5.0,0.26105405601887516,40.49767596281541,39.0332005312085,0.5205843293492696,0.5267379679144385,0.0,0.0,,,,,
cont_5,90,45,Validation,155,0.2058432934926959,0.5032258064516129,-1.4112903225806452,1.0,-0.0581298301071837,36.653225806451616,41.193548387096776,0.47096774193548385,0.45454545454545453,-0.04524696911279613,-4.3395771751702865,753.0,154.0,0.548472775564409,2.9282868525896415,0.003225806451612856
fade_5,90,45,Validation,155,0.2058432934926959,0.4967741935483871,1.4112903225806452,-1.0,0.0581298301071837,41.193548387096776,36.653225806451616,0.5290322580645161,0.5454545454545454,-0.0516985820160219,-1.5169965300089963,753.0,154.0,0.548472775564409,2.9282868525896415,-0.0032258064516129115
cont_15,90,45,Validation,144,0.19123505976095617,0.4930555555555556,-2.298611111111111,-1.625,-0.083784167490593,39.295138888888886,41.140625,0.4236111111111111,0.5,-0.05541722000885341,-5.226897963700752,753.0,144.0,0.548472775564409,2.9282868525896415,-0.00694444444444442
fade_15,90,45,Validation,144,0.19123505976095617,0.5069444444444444,2.298611111111111,1.625,0.083784167490593,41.140625,39.295138888888886,0.5763888888888888,0.5,-0.04152833111996457,-0.6296757414785303,753.0,144.0,0.548472775564409,2.9282868525896415,0.00694444444444442
cont_30,90,45,Validation,145,0.19256308100929614,0.503448275862069,0.846551724137931,0.25,-0.039756426459979184,37.282758620689656,40.182758620689654,0.45517241379310347,0.496551724137931,-0.045024499702340015,-2.0817351284517107,753.0,145.0,0.548472775564409,2.9282868525896415,0.0034482758620689724
fade_30,90,45,Validation,145,0.19256308100929614,0.4896551724137931,-0.846551724137931,-0.25,0.039756426459979184,40.182758620689654,37.282758620689656,0.5448275862068965,0.503448275862069,-0.058817603150615905,-3.7748385767275723,753.0,145.0,0.548472775564409,2.9282868525896415,-0.010344827586206917
UNCOND_LONG,90,60,Validation,753,1.0,0.5577689243027888,3.958831341301461,6.5,0.3485415499374825,45.82868525896414,43.48074369189907,0.5232403718459495,0.5255376344086021,0.0,0.0,,,,,
cont_5,90,60,Validation,155,0.2058432934926959,0.4967741935483871,-4.309677419354839,-2.25,-0.35783635970849875,41.40806451612903,46.188709677419354,0.45161290322580644,0.45098039215686275,-0.060994730754401705,-8.2685087606563,753.0,153.0,0.5577689243027888,3.958831341301461,-0.0032258064516129115
fade_5,90,60,Validation,155,0.2058432934926959,0.5032258064516129,4.309677419354839,2.25,0.35783635970849875,46.188709677419354,41.40806451612903,0.5483870967741935,0.5490196078431373,-0.05454311785117594,0.35084607805337775,753.0,153.0,0.5577689243027888,3.958831341301461,0.003225806451612856
cont_15,90,60,Validation,144,0.19123505976095617,0.4861111111111111,-0.9704861111111112,-2.5,-0.04204915668252032,44.107638888888886,45.578125,0.4444444444444444,0.5,-0.07165781319167769,-4.9293174524125725,753.0,144.0,0.5577689243027888,3.958831341301461,-0.013888888888888895
fade_15,90,60,Validation,144,0.19123505976095617,0.5138888888888888,0.9704861111111112,2.5,0.04204915668252032,45.578125,44.107638888888886,0.5555555555555556,0.5,-0.043880035413899954,-2.9883452301903497,753.0,144.0,0.5577689243027888,3.958831341301461,0.01388888888888884
cont_30,90,60,Validation,145,0.19256308100929614,0.5103448275862069,4.968965517241379,1.25,0.16969213187742505,43.76896551724138,44.11206896551724,0.4413793103448276,0.496551724137931,-0.047424096716581876,1.0101341759399185,753.0,145.0,0.5577689243027888,3.958831341301461,0.010344827586206917
fade_30,90,60,Validation,145,0.19256308100929614,0.4896551724137931,-4.968965517241379,-1.25,-0.16969213187742505,44.11206896551724,43.76896551724138,0.5586206896551724,0.503448275862069,-0.06811375188899571,-8.927796858542841,753.0,145.0,0.5577689243027888,3.958831341301461,-0.010344827586206917
UNCOND_LONG,90,5,OOS,400,1.0,0.4725,-2.84,-0.875,-0.10390899403265419,18.984375,22.130625,0.475,0.46855345911949686,0.0,0.0,,,,,
cont_5,90,5,OOS,86,0.215,0.5465116279069767,4.409883720930233,4.0,0.21604470412907706,23.473837209302324,20.113372093023255,0.5232558139534884,0.4857142857142857,0.07401162790697674,7.2498837209302325,400.0,70.0,0.4725,-2.84,0.046511627906976716
fade_5,90,5,OOS,86,0.215,0.4418604651162791,-4.409883720930233,-4.0,-0.21604470412907706,20.113372093023255,23.473837209302324,0.47674418604651164,0.5142857142857142,-0.030639534883720898,-1.5698837209302328,400.0,70.0,0.4725,-2.84,-0.05813953488372092
cont_15,90,5,OOS,78,0.195,0.44871794871794873,-0.8910256410256411,-1.75,0.024465490931603696,20.041666666666668,23.90705128205128,0.46153846153846156,0.4262295081967213,-0.023782051282051242,1.948974358974359,400.0,61.0,0.4725,-2.84,-0.051282051282051266
fade_15,90,5,OOS,78,0.195,0.5384615384615384,0.8910256410256411,1.75,-0.024465490931603696,23.90705128205128,20.041666666666668,0.5384615384615384,0.5737704918032787,0.06596153846153846,3.731025641025641,400.0,61.0,0.4725,-2.84,0.038461538461538436
cont_30,90,5,OOS,69,0.1725,0.463768115942029,-2.347826086956522,-0.75,-0.04776609511389063,20.445652173913043,21.108695652173914,0.5072463768115942,0.47368421052631576,-0.008731884057970984,0.4921739130434779,400.0,57.0,0.4725,-2.84,-0.03623188405797101
fade_30,90,5,OOS,69,0.1725,0.5072463768115942,2.347826086956522,0.75,0.04776609511389063,21.108695652173914,20.445652173913043,0.4927536231884058,0.5263157894736842,0.03474637681159426,5.187826086956521,400.0,57.0,0.4725,-2.84,0.007246376811594235
UNCOND_LONG,90,10,OOS,400,1.0,0.52,0.57375,1.125,0.035842543137896594,26.683125,30.269375,0.46,0.47368421052631576,0.0,0.0,,,,,
cont_5,90,10,OOS,86,0.215,0.46511627906976744,0.27325581395348836,-1.625,0.0377616799994234,31.183139534883722,29.828488372093023,0.45348837209302323,0.4819277108433735,-0.05488372093023258,-0.3004941860465116,400.0,83.0,0.52,0.57375,-0.034883720930232565
fade_5,90,10,OOS,86,0.215,0.5348837209302325,-0.27325581395348836,1.625,-0.0377616799994234,29.828488372093023,31.183139534883722,0.5465116279069767,0.5180722891566265,0.014883720930232491,-0.8470058139534884,400.0,83.0,0.52,0.57375,0.03488372093023251
cont_15,90,10,OOS,78,0.195,0.4358974358974359,-4.256410256410256,-2.125,-0.12031177307017828,26.98076923076923,33.34615384615385,0.3974358974358974,0.4305555555555556,-0.08410256410256411,-4.830160256410256,400.0,72.0,0.52,0.57375,-0.0641025641025641
fade_15,90,10,OOS,78,0.195,0.5641025641025641,4.256410256410256,2.125,0.12031177307017828,33.34615384615385,26.98076923076923,0.6025641025641025,0.5694444444444444,0.04410256410256408,3.6826602564102564,400.0,72.0,0.52,0.57375,0.0641025641025641
cont_30,90,10,OOS,69,0.1725,0.5362318840579711,2.4166666666666665,2.0,0.13593862325176304,28.532608695652176,28.583333333333332,0.463768115942029,0.49230769230769234,0.016231884057971047,1.8429166666666665,400.0,65.0,0.52,0.57375,0.036231884057971064
fade_30,90,10,OOS,69,0.1725,0.463768115942029,-2.4166666666666665,-2.0,-0.13593862325176304,28.583333333333332,28.532608695652176,0.5217391304347826,0.5076923076923077,-0.05623188405797103,-2.9904166666666665,400.0,65.0,0.52,0.57375,-0.03623188405797101
UNCOND_LONG,90,15,OOS,400,1.0,0.545,-0.544375,2.125,0.021707319149094344,32.8825,37.75125,0.475,0.4728682170542636,0.0,0.0,,,,,
cont_5,90,15,OOS,86,0.215,0.5,2.941860465116279,0.5,0.05891125888159141,39.26162790697674,37.31395348837209,0.46511627906976744,0.4823529411764706,-0.04500000000000004,3.486235465116279,400.0,85.0,0.545,-0.544375,0.0
fade_5,90,15,OOS,86,0.215,0.4883720930232558,-2.941860465116279,-0.5,-0.05891125888159141,37.31395348837209,39.26162790697674,0.5348837209302325,0.5176470588235295,-0.05662790697674425,-2.397485465116279,400.0,85.0,0.545,-0.544375,-0.011627906976744207
cont_15,90,15,OOS,78,0.195,0.47435897435897434,-5.756410256410256,-1.375,-0.2569291938804802,34.51923076923077,42.19871794871795,0.3974358974358974,0.4155844155844156,-0.0706410256410257,-5.212035256410257,400.0,77.0,0.545,-0.544375,-0.02564102564102566
fade_15,90,15,OOS,78,0.195,0.5128205128205128,5.756410256410256,1.375,0.2569291938804802,42.19871794871795,34.51923076923077,0.6025641025641025,0.5844155844155844,-0.032179487179487265,6.300785256410256,400.0,77.0,0.545,-0.544375,0.012820512820512775
cont_30,90,15,OOS,69,0.1725,0.5797101449275363,3.510869565217391,4.0,0.19032847785759469,37.583333333333336,35.083333333333336,0.5507246376811594,0.4852941176470588,0.03471014492753621,4.055244565217391,400.0,68.0,0.545,-0.544375,0.07971014492753625
fade_30,90,15,OOS,69,0.1725,0.42028985507246375,-3.510869565217391,-4.0,-0.19032847785759469,35.083333333333336,37.583333333333336,0.4492753623188406,0.5147058823529411,-0.12471014492753629,-2.966494565217391,400.0,68.0,0.545,-0.544375,-0.07971014492753625
UNCOND_LONG,90,30,OOS,400,1.0,0.515,-1.865625,2.125,-0.06163023683166486,46.041875,52.631875,0.4975,0.47959183673469385,0.0,0.0,,,,,
cont_5,90,30,OOS,86,0.215,0.45348837209302323,2.4651162790697674,-10.0,0.09493438023448411,55.241279069767444,48.24418604651163,0.45348837209302323,0.4823529411764706,-0.061511627906976785,4.330741279069768,400.0,85.0,0.515,-1.865625,-0.04651162790697677
fade_5,90,30,OOS,86,0.215,0.5465116279069767,-2.4651162790697674,10.0,-0.09493438023448411,48.24418604651163,55.241279069767444,0.5465116279069767,0.5176470588235295,0.0315116279069767,-0.5994912790697673,400.0,85.0,0.515,-1.865625,0.046511627906976716
cont_15,90,30,OOS,78,0.195,0.4358974358974359,-0.6698717948717948,-4.875,-0.14878793855140288,50.3525641025641,53.907051282051285,0.46153846153846156,0.40789473684210525,-0.07910256410256411,1.1957532051282054,400.0,76.0,0.515,-1.865625,-0.0641025641025641
fade_15,90,30,OOS,78,0.195,0.5641025641025641,0.6698717948717948,4.875,0.14878793855140288,53.907051282051285,50.3525641025641,0.5384615384615384,0.5921052631578947,0.049102564102564084,2.535496794871795,400.0,76.0,0.515,-1.865625,0.0641025641025641
cont_30,90,30,OOS,69,0.1725,0.4927536231884058,4.307971014492754,-1.0,0.10424132895120473,53.09782608695652,46.84782608695652,0.5507246376811594,0.47761194029850745,-0.022246376811594193,6.1735960144927535,400.0,67.0,0.515,-1.865625,-0.00724637681159418
fade_30,90,30,OOS,69,0.1725,0.5072463768115942,-4.307971014492754,1.0,-0.10424132895120473,46.84782608695652,53.09782608695652,0.4492753623188406,0.5223880597014925,-0.007753623188405778,-2.442346014492754,400.0,67.0,0.515,-1.865625,0.007246376811594235
UNCOND_LONG,90,45,OOS,400,1.0,0.5375,-0.28125,6.625,0.016203224541219273,53.518125,62.24875,0.4975,0.47959183673469385,0.0,0.0,,,,,
cont_5,90,45,OOS,86,0.215,0.5,5.6104651162790695,0.75,0.31259388597509585,64.93023255813954,55.73837209302326,0.4418604651162791,0.4823529411764706,-0.03749999999999998,5.8917151162790695,400.0,85.0,0.5375,-0.28125,0.0
fade_5,90,45,OOS,86,0.215,0.5,-5.6104651162790695,-0.75,-0.31259388597509585,55.73837209302326,64.93023255813954,0.5581395348837209,0.5176470588235295,-0.03749999999999998,-5.3292151162790695,400.0,85.0,0.5375,-0.28125,0.0
cont_15,90,45,OOS,78,0.195,0.41025641025641024,-1.6602564102564104,-6.5,-0.11643973735023494,59.65384615384615,62.13461538461539,0.44871794871794873,0.40789473684210525,-0.12724358974358974,-1.3790064102564104,400.0,76.0,0.5375,-0.28125,-0.08974358974358976
fade_15,90,45,OOS,78,0.195,0.5897435897435898,1.6602564102564104,6.5,0.11643973735023494,62.13461538461539,59.65384615384615,0.5512820512820513,0.5921052631578947,0.05224358974358978,1.9415064102564104,400.0,76.0,0.5375,-0.28125,0.08974358974358976
cont_30,90,45,OOS,69,0.1725,0.5072463768115942,7.173913043478261,1.25,0.23969998610189613,65.34057971014492,55.81884057971015,0.5652173913043478,0.47761194029850745,-0.030253623188405743,7.455163043478261,400.0,67.0,0.5375,-0.28125,0.007246376811594235
fade_30,90,45,OOS,69,0.1725,0.4927536231884058,-7.173913043478261,-1.25,-0.23969998610189613,55.81884057971015,65.34057971014492,0.43478260869565216,0.5223880597014925,-0.04474637681159416,-6.892663043478261,400.0,67.0,0.5375,-0.28125,-0.00724637681159418
UNCOND_LONG,90,60,OOS,400,1.0,0.5525,-1.118125,7.5,-0.0026607598441862556,60.39375,70.5825,0.5125,0.47959183673469385,0.0,0.0,,,,,
cont_5,90,60,OOS,86,0.215,0.5348837209302325,9.796511627906977,4.25,0.5941405824022001,71.90406976744185,62.229651162790695,0.4418604651162791,0.4823529411764706,-0.017616279069767482,10.914636627906976,400.0,85.0,0.5525,-1.118125,0.03488372093023251
fade_5,90,60,OOS,86,0.215,0.46511627906976744,-9.796511627906977,-4.25,-0.5941405824022001,62.229651162790695,71.90406976744185,0.5581395348837209,0.5176470588235295,-0.08738372093023256,-8.678386627906978,400.0,85.0,0.5525,-1.118125,-0.034883720930232565
cont_15,90,60,OOS,78,0.195,0.47435897435897434,1.0769230769230769,-6.25,-0.044879669902894735,69.04807692307692,70.64102564102564,0.46153846153846156,0.40789473684210525,-0.07814102564102565,2.1950480769230767,400.0,76.0,0.5525,-1.118125,-0.02564102564102566
fade_15,90,60,OOS,78,0.195,0.5128205128205128,-1.0769230769230769,6.25,0.044879669902894735,70.64102564102564,69.04807692307692,0.5384615384615384,0.5921052631578947,-0.039679487179487216,0.041201923076923164,400.0,76.0,0.5525,-1.118125,0.012820512820512775
cont_30,90,60,OOS,69,0.1725,0.5507246376811594,11.46376811594203,6.25,0.3760206168294724,73.8876811594203,60.916666666666664,0.5652173913043478,0.47761194029850745,-0.0017753623188405676,12.58189311594203,400.0,67.0,0.5525,-1.118125,0.050724637681159424
fade_30,90,60,OOS,69,0.1725,0.4492753623188406,-11.46376811594203,-6.25,-0.3760206168294724,60.916666666666664,73.8876811594203,0.43478260869565216,0.5223880597014925,-0.10322463768115941,-10.345643115942028,400.0,67.0,0.5525,-1.118125,-0.050724637681159424
UNCOND_LONG,105,5,IS,2352,1.0,0.5072278911564626,0.028592687074829932,0.25,0.022366119940621456,4.613307823129252,4.808567176870748,0.5072278911564626,0.5217391304347826,0.0,0.0,,,,,
cont_5,105,5,IS,471,0.2002551020408163,0.47558386411889597,0.4129511677282378,0.0,0.0790370860099745,5.117834394904459,4.555201698513801,0.5138004246284501,0.5242966751918159,-0.031644027037566635,0.3843584806534079,2352.0,391.0,0.5072278911564626,0.028592687074829932,-0.02441613588110403
fade_5,105,5,IS,471,0.2002551020408163,0.4883227176220807,-0.4129511677282378,0.0,-0.0790370860099745,4.555201698513801,5.117834394904459,0.46709129511677283,0.47570332480818417,-0.018905173534381925,-0.44154385480306774,2352.0,391.0,0.5072278911564626,0.028592687074829932,-0.011677282377919318
cont_15,105,5,IS,471,0.2002551020408163,0.4840764331210191,0.4018046709129512,0.0,0.08203020534316238,5.304140127388535,4.496284501061571,0.5222929936305732,0.519280205655527,-0.023151458035443495,0.37321198383812126,2352.0,389.0,0.5072278911564626,0.028592687074829932,-0.015923566878980888
fade_15,105,5,IS,471,0.2002551020408163,0.4861995753715499,-0.4018046709129512,0.0,-0.08203020534316238,4.496284501061571,5.304140127388535,0.4585987261146497,0.480719794344473,-0.02102831578491271,-0.4303973579877811,2352.0,389.0,0.5072278911564626,0.028592687074829932,-0.013800424628450103
cont_30,105,5,IS,471,0.2002551020408163,0.46709129511677283,0.032908704883227176,-0.25,0.02811943220084869,5.078025477707007,4.683651804670913,0.5074309978768577,0.49373433583959897,-0.040136596039689776,0.004316017808397243,2352.0,399.0,0.5072278911564626,0.028592687074829932,-0.03290870488322717
fade_30,105,5,IS,471,0.2002551020408163,0.5010615711252654,-0.032908704883227176,0.25,-0.02811943220084869,4.683651804670913,5.078025477707007,0.4734607218683652,0.506265664160401,-0.006166320031197214,-0.06150139195805711,2352.0,399.0,0.5072278911564626,0.028592687074829932,0.0010615711252653925
UNCOND_LONG,105,10,IS,2352,1.0,0.5029761904761905,-0.15316751700680273,0.25,-0.00143666465391591,6.388711734693878,6.749574829931973,0.5131802721088435,0.5187307183781401,0.0,0.0,,,,,
cont_5,105,10,IS,471,0.2002551020408163,0.535031847133758,1.664543524416136,0.5,0.30463988376457446,7.518046709129512,6.003715498938429,0.5138004246284501,0.5288888888888889,0.03205565665756749,1.8177110414229387,2352.0,450.0,0.5029761904761905,-0.15316751700680273,0.035031847133757954
fade_5,105,10,IS,471,0.2002551020408163,0.445859872611465,-1.664543524416136,-0.5,-0.30463988376457446,6.003715498938429,7.518046709129512,0.4692144373673036,0.4711111111111111,-0.057116317864725485,-1.5113760074093332,2352.0,450.0,0.5029761904761905,-0.15316751700680273,-0.05414012738853502
cont_15,105,10,IS,471,0.2002551020408163,0.4819532908704883,0.8598726114649682,-0.25,0.15249267974329367,7.428874734607219,6.300424628450106,0.4968152866242038,0.512249443207127,-0.02102289960570214,1.013040128471771,2352.0,449.0,0.5029761904761905,-0.15316751700680273,-0.018046709129511673
fade_15,105,10,IS,471,0.2002551020408163,0.5074309978768577,-0.8598726114649682,0.25,-0.15249267974329367,6.300424628450106,7.428874734607219,0.49469214437367304,0.48775055679287305,0.004454807400667282,-0.7067050944581654,2352.0,449.0,0.5029761904761905,-0.15316751700680273,0.007430997876857748
cont_30,105,10,IS,471,0.2002551020408163,0.44798301486199577,0.11040339702760085,-0.5,0.0416016975416928,7.011146496815287,6.41932059447983,0.4840764331210191,0.4933920704845815,-0.0549931756141947,0.2635709140344036,2352.0,454.0,0.5029761904761905,-0.15316751700680273,-0.052016985138004235
fade_30,105,10,IS,471,0.2002551020408163,0.535031847133758,-0.11040339702760085,0.5,-0.0416016975416928,6.41932059447983,7.011146496815287,0.4989384288747346,0.5066079295154186,0.03205565665756749,0.042764119979201876,2352.0,454.0,0.5029761904761905,-0.15316751700680273,0.035031847133757954
UNCOND_LONG,105,15,IS,2352,1.0,0.5280612244897959,0.218218537414966,0.5,0.07586227419213244,7.778805272108843,8.214604591836734,0.5123299319727891,0.5185825410544511,0.0,0.0,,,,,
cont_5,105,15,IS,471,0.2002551020408163,0.5180467091295117,1.5536093418259023,0.5,0.30989426224934796,9.32696390658174,7.254777070063694,0.5307855626326964,0.5239130434782608,-0.010014515360284193,1.3353908044109364,2352.0,460.0,0.5280612244897959,0.218218537414966,0.018046709129511673
fade_5,105,15,IS,471,0.2002551020408163,0.46284501061571126,-1.5536093418259023,-0.5,-0.30989426224934796,7.254777070063694,9.32696390658174,0.4564755838641189,0.47608695652173916,-0.0652162138740846,-1.7718278792408682,2352.0,460.0,0.5280612244897959,0.218218537414966,-0.03715498938428874
cont_15,105,15,IS,471,0.2002551020408163,0.4692144373673036,0.8673036093418259,-0.5,0.2109030986408069,9.256900212314225,7.719745222929936,0.524416135881104,0.5075921908893709,-0.05884678712249225,0.6490850719268599,2352.0,461.0,0.5280612244897959,0.218218537414966,-0.030785562632696384
fade_15,105,15,IS,471,0.2002551020408163,0.5138004246284501,-0.8673036093418259,0.5,-0.2109030986408069,7.719745222929936,9.256900212314225,0.46709129511677283,0.4924078091106291,-0.014260799861345763,-1.085522146756792,2352.0,461.0,0.5280612244897959,0.218218537414966,0.013800424628450103
cont_30,105,15,IS,471,0.2002551020408163,0.4713375796178344,-0.12898089171974522,-0.25,0.10760458895673183,8.563694267515924,7.848195329087049,0.49469214437367304,0.490280777537797,-0.056723644871961465,-0.34719942913471125,2352.0,463.0,0.5280612244897959,0.218218537414966,-0.0286624203821656
fade_30,105,15,IS,471,0.2002551020408163,0.5138004246284501,0.12898089171974522,0.25,-0.10760458895673183,7.848195329087049,8.563694267515924,0.47983014861995754,0.509719222462203,-0.014260799861345763,-0.08923764569522077,2352.0,463.0,0.5280612244897959,0.218218537414966,0.013800424628450103
UNCOND_LONG,105,30,IS,2352,1.0,0.5144557823129252,-0.1805909863945578,0.25,-0.014960261633034332,10.817070578231293,11.85108418367347,0.5114795918367347,0.5174946004319655,0.0,0.0,,,,,
cont_5,105,30,IS,471,0.2002551020408163,0.47558386411889597,0.6687898089171974,-0.25,0.11400586796147934,12.91932059447983,10.625796178343949,0.5159235668789809,0.5237068965517241,-0.03887191819402924,0.8493807953117553,2352.0,464.0,0.5144557823129252,-0.1805909863945578,-0.02441613588110403
fade_5,105,30,IS,471,0.2002551020408163,0.505307855626327,-0.6687898089171974,0.25,-0.11400586796147934,10.625796178343949,12.91932059447983,0.47770700636942676,0.47629310344827586,-0.009147926686598251,-0.4881988225226396,2352.0,464.0,0.5144557823129252,-0.1805909863945578,0.005307855626326963
cont_15,105,30,IS,471,0.2002551020408163,0.445859872611465,0.3232484076433121,-0.5,-0.03135496133803873,13.032377919320595,11.333333333333334,0.5010615711252654,0.5043290043290043,-0.06859590970146023,0.5038393940378699,2352.0,462.0,0.5144557823129252,-0.1805909863945578,-0.05414012738853502
fade_15,105,30,IS,471,0.2002551020408163,0.535031847133758,-0.3232484076433121,0.5,0.03135496133803873,11.333333333333334,13.032377919320595,0.49044585987261147,0.49567099567099565,0.02057606482083274,-0.14265742124875427,2352.0,462.0,0.5144557823129252,-0.1805909863945578,0.035031847133757954
cont_30,105,30,IS,471,0.2002551020408163,0.4734607218683652,-0.09607218683651805,-0.5,0.01700352129488394,12.053609341825902,11.042462845010617,0.4883227176220807,0.4892241379310345,-0.04099506044456003,0.08451879955803976,2352.0,464.0,0.5144557823129252,-0.1805909863945578,-0.026539278131634814
fade_30,105,30,IS,471,0.2002551020408163,0.5159235668789809,0.09607218683651805,0.5,-0.01700352129488394,11.042462845010617,12.053609341825902,0.5031847133757962,0.5107758620689655,0.0014677845660556743,0.27666317323107587,2352.0,464.0,0.5144557823129252,-0.1805909863945578,0.015923566878980888
UNCOND_LONG,105,45,IS,2352,1.0,0.5250850340136054,0.18250425170068027,0.75,0.03583727385959573,12.872980442176871,14.245110544217686,0.502125850340136,0.5171069727154612,0.0,0.0,,,,,
cont_5,105,45,IS,471,0.2002551020408163,0.505307855626327,0.6650743099787686,0.25,0.1211187640667396,15.140658174097664,12.889596602972398,0.5138004246284501,0.5237068965517241,-0.019777178387278438,0.4825700582780883,2352.0,464.0,0.5250850340136054,0.18250425170068027,0.005307855626326963
fade_5,105,45,IS,471,0.2002551020408163,0.49469214437367304,-0.6650743099787686,-0.25,-0.1211187640667396,12.889596602972398,15.140658174097664,0.4861995753715499,0.47629310344827586,-0.030392889639932363,-0.8475785616794489,2352.0,464.0,0.5250850340136054,0.18250425170068027,-0.005307855626326963
cont_15,105,45,IS,471,0.2002551020408163,0.47770700636942676,0.45276008492569003,-0.75,-0.00355134021841722,15.648619957537155,13.650743099787686,0.49469214437367304,0.5054229934924078,-0.047378027644178644,0.2702558332250098,2352.0,461.0,0.5250850340136054,0.18250425170068027,-0.022292993630573243
fade_15,105,45,IS,471,0.2002551020408163,0.5180467091295117,-0.45276008492569003,0.75,0.00355134021841722,13.650743099787686,15.648619957537155,0.505307855626327,0.4945770065075922,-0.007038324884093727,-0.6352643366263703,2352.0,461.0,0.5250850340136054,0.18250425170068027,0.018046709129511673
cont_30,105,45,IS,471,0.2002551020408163,0.49469214437367304,-0.31422505307855625,0.0,-0.0053009087743894475,14.44692144373673,13.548832271762208,0.49256900212314225,0.48812095032397407,-0.030392889639932363,-0.4967293047792365,2352.0,463.0,0.5250850340136054,0.18250425170068027,-0.005307855626326963
fade_30,105,45,IS,471,0.2002551020408163,0.4968152866242038,0.31422505307855625,0.0,0.0053009087743894475,13.548832271762208,14.44692144373673,0.5074309978768577,0.5118790496760259,-0.02826974738940158,0.13172080137787598,2352.0,463.0,0.5250850340136054,0.18250425170068027,-0.0031847133757961776
UNCOND_LONG,105,60,IS,2352,1.0,0.5238095238095238,0.23288690476190477,0.75,0.004984533158333616,14.737563775510203,16.26201105442177,0.5055272108843537,0.5173460537727667,0.0,0.0,,,,,
cont_5,105,60,IS,471,0.2002551020408163,0.49044585987261147,0.5355626326963907,0.0,0.1609735575378869,17.372611464968152,14.790339702760084,0.5095541401273885,0.5237068965517241,-0.03336366393691237,0.30267572793448594,2352.0,464.0,0.5238095238095238,0.23288690476190477,-0.009554140127388533
fade_5,105,60,IS,471,0.2002551020408163,0.4968152866242038,-0.5355626326963907,0.0,-0.1609735575378869,14.790339702760084,17.372611464968152,0.4861995753715499,0.47629310344827586,-0.026994237185320014,-0.7684495374582955,2352.0,464.0,0.5238095238095238,0.23288690476190477,-0.0031847133757961776
cont_15,105,60,IS,471,0.2002551020408163,0.46496815286624205,-0.022823779193205943,-0.75,-0.16368669219884657,17.571656050955415,15.731953290870488,0.4968152866242038,0.5054229934924078,-0.05884137094328179,-0.2557106839551107,2352.0,461.0,0.5238095238095238,0.23288690476190477,-0.035031847133757954
fade_15,105,60,IS,471,0.2002551020408163,0.5180467091295117,0.022823779193205943,0.75,0.16368669219884657,15.731953290870488,17.571656050955415,0.5010615711252654,0.4945770065075922,-0.005762814680012163,-0.21006312556869883,2352.0,461.0,0.5238095238095238,0.23288690476190477,0.018046709129511673
cont_30,105,60,IS,471,0.2002551020408163,0.47558386411889597,-0.28768577494692144,-0.5,-0.08715585415390836,16.473460721868364,15.717622080679405,0.4968152866242038,0.487012987012987,-0.048225659690627865,-0.5205726797088261,2352.0,462.0,0.5238095238095238,0.23288690476190477,-0.02441613588110403
fade_30,105,60,IS,471,0.2002551020408163,0.5222929936305732,0.28768577494692144,0.5,0.08715585415390836,15.717622080679405,16.473460721868364,0.5010615711252654,0.512987012987013,-0.0015165301789505925,0.05479887018501667,2352.0,462.0,0.5238095238095238,0.23288690476190477,0.022292993630573243
UNCOND_LONG,105,5,Validation,753,1.0,0.5205843293492696,0.6274900398406374,1.0,0.03160676871662735,13.098273572377158,12.818725099601593,0.4900398406374502,0.5149006622516556,0.0,0.0,,,,,
cont_5,105,5,Validation,140,0.18592297476759628,0.39285714285714285,-5.5303571428571425,-4.25,-0.419666246543179,10.783928571428572,16.15357142857143,0.40714285714285714,0.3805309734513274,-0.12772718649212672,-6.15784718269778,753.0,113.0,0.5205843293492696,0.6274900398406374,-0.10714285714285715
fade_5,105,5,Validation,140,0.18592297476759628,0.6,5.5303571428571425,4.25,0.419666246543179,16.15357142857143,10.783928571428572,0.5857142857142857,0.6194690265486725,0.07941567065073041,4.902867103016505,753.0,113.0,0.5205843293492696,0.6274900398406374,0.09999999999999998
cont_15,105,5,Validation,164,0.21779548472775564,0.5304878048780488,1.5,0.75,0.09959052918204782,14.599085365853659,12.829268292682928,0.5426829268292683,0.553030303030303,0.009903475528779238,0.8725099601593626,753.0,132.0,0.5205843293492696,0.6274900398406374,0.030487804878048808
fade_15,105,5,Validation,164,0.21779548472775564,0.4695121951219512,-1.5,-0.75,-0.09959052918204782,12.829268292682928,14.599085365853659,0.4573170731707317,0.44696969696969696,-0.05107213422731838,-2.1274900398406373,753.0,132.0,0.5205843293492696,0.6274900398406374,-0.030487804878048808
cont_30,105,5,Validation,140,0.18592297476759628,0.4357142857142857,-0.7714285714285715,-1.875,-0.032397906485205755,13.755357142857143,13.805357142857142,0.4857142857142857,0.509090909090909,-0.08487004363498385,-1.398918611269209,753.0,110.0,0.5205843293492696,0.6274900398406374,-0.06428571428571428
fade_30,105,5,Validation,140,0.18592297476759628,0.55,0.7714285714285715,1.875,0.032397906485205755,13.805357142857142,13.755357142857143,0.5071428571428571,0.4909090909090909,0.029415670650730474,0.14393853158793402,753.0,110.0,0.5205843293492696,0.6274900398406374,0.050000000000000044
UNCOND_LONG,105,10,Validation,753,1.0,0.5232403718459495,0.7549800796812749,1.0,0.04037634398444623,18.03187250996016,17.83565737051793,0.5086321381142098,0.5181058495821727,0.0,0.0,,,,,
cont_5,105,10,Validation,140,0.18592297476759628,0.4357142857142857,-2.8392857142857144,-2.0,-0.20965191461492166,15.019642857142857,20.65714285714286,0.42857142857142855,0.40298507462686567,-0.0875260861316638,-3.594265793966989,753.0,134.0,0.5232403718459495,0.7549800796812749,-0.06428571428571428
fade_5,105,10,Validation,140,0.18592297476759628,0.5571428571428572,2.8392857142857144,2.0,0.20965191461492166,20.65714285714286,15.019642857142857,0.5714285714285714,0.5970149253731343,0.03390248529690765,2.0843056346044397,753.0,134.0,0.5232403718459495,0.7549800796812749,0.05714285714285716
cont_15,105,10,Validation,164,0.21779548472775564,0.5487804878048781,3.105182926829268,2.5,0.2364449740011505,19.40548780487805,16.504573170731707,0.5304878048780488,0.5512820512820513,0.025540115958928578,2.350202847147993,753.0,156.0,0.5232403718459495,0.7549800796812749,0.04878048780487809
fade_15,105,10,Validation,164,0.21779548472775564,0.45121951219512196,-3.105182926829268,-2.5,-0.2364449740011505,16.504573170731707,19.40548780487805,0.4634146341463415,0.44871794871794873,-0.07202085965082755,-3.8601630065105432,753.0,156.0,0.5232403718459495,0.7549800796812749,-0.04878048780487804
cont_30,105,10,Validation,140,0.18592297476759628,0.4785714285714286,-0.16785714285714284,-1.875,-0.02943952663327212,18.7125,18.898214285714285,0.4714285714285714,0.48120300751879697,-0.04466894327452092,-0.9228372225384177,753.0,133.0,0.5232403718459495,0.7549800796812749,-0.021428571428571408
fade_30,105,10,Validation,140,0.18592297476759628,0.5214285714285715,0.16785714285714284,1.875,0.02943952663327212,18.898214285714285,18.7125,0.5214285714285715,0.518796992481203,-0.001811800417378051,-0.5871229368241321,753.0,133.0,0.5232403718459495,0.7549800796812749,0.021428571428571463
UNCOND_LONG,105,15,Validation,753,1.0,0.5564409030544488,1.3386454183266931,3.5,0.12391325168461576,22.113877822045154,21.76792828685259,0.5112881806108898,0.5134408602150538,0.0,0.0,,,,,
cont_5,105,15,Validation,140,0.18592297476759628,0.4928571428571429,-1.3017857142857143,0.0,-0.14917189364617367,18.498214285714287,23.77857142857143,0.40714285714285714,0.41007194244604317,-0.06358376019730594,-2.6404311326124077,753.0,139.0,0.5564409030544488,1.3386454183266931,-0.0071428571428571175
fade_5,105,15,Validation,140,0.18592297476759628,0.4928571428571429,1.3017857142857143,0.0,0.14917189364617367,23.77857142857143,18.498214285714287,0.5928571428571429,0.5899280575539568,-0.06358376019730594,-0.036859704040978825,753.0,139.0,0.5564409030544488,1.3386454183266931,-0.0071428571428571175
cont_15,105,15,Validation,164,0.21779548472775564,0.573170731707317,3.9435975609756095,2.875,0.24178938356614163,23.733231707317074,20.077743902439025,0.5365853658536586,0.5460122699386503,0.016729828652868206,2.6049521426489166,753.0,163.0,0.5564409030544488,1.3386454183266931,0.07317073170731703
fade_15,105,15,Validation,164,0.21779548472775564,0.4146341463414634,-3.9435975609756095,-2.875,-0.24178938356614163,20.077743902439025,23.733231707317074,0.4573170731707317,0.4539877300613497,-0.14180675671298543,-5.2822429793023025,753.0,163.0,0.5564409030544488,1.3386454183266931,-0.0853658536585366
cont_30,105,15,Validation,140,0.18592297476759628,0.5142857142857142,-1.519642857142857,0.75,-0.1081676225955516,22.525,23.675,0.4928571428571429,0.4785714285714286,-0.042155188768734586,-2.85828827546955,753.0,140.0,0.5564409030544488,1.3386454183266931,0.014285714285714235
fade_30,105,15,Validation,140,0.18592297476759628,0.4714285714285714,1.519642857142857,-0.75,0.1081676225955516,23.675,22.525,0.5,0.5214285714285715,-0.0850123316258774,0.18099743881616392,753.0,140.0,0.5564409030544488,1.3386454183266931,-0.02857142857142858
UNCOND_LONG,105,30,Validation,753,1.0,0.5258964143426295,1.6062416998671978,2.25,0.1745492567454783,31.341301460823374,30.574037184594953,0.5285524568393094,0.5140562248995983,0.0,0.0,,,,,
cont_5,105,30,Validation,140,0.18592297476759628,0.45714285714285713,-6.498214285714286,-3.625,-0.5139386308648164,26.053571428571427,32.7875,0.42142857142857143,0.4142857142857143,-0.06875355719977233,-8.104455985581485,753.0,140.0,0.5258964143426295,1.6062416998671978,-0.04285714285714287
fade_5,105,30,Validation,140,0.18592297476759628,0.5357142857142857,6.498214285714286,3.625,0.5139386308648164,32.7875,26.053571428571427,0.5785714285714286,0.5857142857142857,0.00981787137165624,4.891972585847088,753.0,140.0,0.5258964143426295,1.6062416998671978,0.0357142857142857
cont_15,105,30,Validation,164,0.21779548472775564,0.5670731707317073,2.120426829268293,6.75,0.11175424195256868,34.37042682926829,28.463414634146343,0.5609756097560976,0.5460122699386503,0.04117675638907781,0.5141851294010951,753.0,163.0,0.5258964143426295,1.6062416998671978,0.06707317073170727
fade_15,105,30,Validation,164,0.21779548472775564,0.4329268292682927,-2.120426829268293,-6.75,-0.11175424195256868,28.463414634146343,34.37042682926829,0.43902439024390244,0.4539877300613497,-0.09296958507433678,-3.7266685291354906,753.0,163.0,0.5258964143426295,1.6062416998671978,-0.06707317073170732
cont_30,105,30,Validation,140,0.18592297476759628,0.4785714285714286,-2.117857142857143,-1.375,-0.16601096136824642,32.1125,33.496428571428574,0.4642857142857143,0.4785714285714286,-0.04732498577120087,-3.7240988427243407,753.0,140.0,0.5258964143426295,1.6062416998671978,-0.021428571428571408
fade_30,105,30,Validation,140,0.18592297476759628,0.5214285714285715,2.117857142857143,1.375,0.16601096136824642,33.496428571428574,32.1125,0.5285714285714286,0.5214285714285715,-0.004467842914057996,0.5116154429899451,753.0,140.0,0.5258964143426295,1.6062416998671978,0.021428571428571463
UNCOND_LONG,105,45,Validation,753,1.0,0.5431606905710491,2.636786188579017,5.5,0.2709545637386704,37.92529880478088,36.15438247011952,0.5365205843293492,0.5134048257372654,0.0,0.0,,,,,
cont_5,105,45,Validation,140,0.18592297476759628,0.4357142857142857,-7.935714285714286,-4.875,-0.5724514257529708,31.09642857142857,39.62678571428572,0.4142857142857143,0.4142857142857143,-0.10744640485676338,-10.572500474293303,753.0,140.0,0.5431606905710491,2.636786188579017,-0.06428571428571428
fade_5,105,45,Validation,140,0.18592297476759628,0.5571428571428572,7.935714285714286,4.875,0.5724514257529708,39.62678571428572,31.09642857142857,0.5857142857142857,0.5857142857142857,0.013982166571808063,5.298928097135269,753.0,140.0,0.5431606905710491,2.636786188579017,0.05714285714285716
cont_15,105,45,Validation,164,0.21779548472775564,0.5487804878048781,3.1783536585365852,5.5,0.17733845038258747,39.75609756097561,34.08689024390244,0.5975609756097561,0.5460122699386503,0.005619797233828994,0.5415674699575681,753.0,163.0,0.5431606905710491,2.636786188579017,0.04878048780487809
fade_15,105,45,Validation,164,0.21779548472775564,0.45121951219512196,-3.1783536585365852,-5.5,-0.17733845038258747,34.08689024390244,39.75609756097561,0.4024390243902439,0.4539877300613497,-0.09194117837592714,-5.815139847115603,753.0,163.0,0.5431606905710491,2.636786188579017,-0.04878048780487804
cont_30,105,45,Validation,140,0.18592297476759628,0.5357142857142857,-0.3964285714285714,4.5,-0.0545982237807782,38.607142857142854,39.375,0.4785714285714286,0.4785714285714286,-0.0074464048567634,-3.0332147600075885,753.0,140.0,0.5431606905710491,2.636786188579017,0.0357142857142857
fade_30,105,45,Validation,140,0.18592297476759628,0.4642857142857143,0.3964285714285714,-4.5,0.0545982237807782,39.375,38.607142857142854,0.5214285714285715,0.5214285714285715,-0.0788749762853348,-2.240357617150446,753.0,140.0,0.5431606905710491,2.636786188579017,-0.0357142857142857
UNCOND_LONG,105,60,Validation,753,1.0,0.5152722443559097,0.9266268260292164,2.25,0.116900449080268,42.29316069057105,41.766268260292165,0.5152722443559097,0.5141318977119784,0.0,0.0,,,,,
cont_5,105,60,Validation,140,0.18592297476759628,0.4857142857142857,-4.9089285714285715,-2.375,-0.3432382214561235,36.723214285714285,44.621428571428574,0.44285714285714284,0.4172661870503597,-0.02955795864162397,-5.835555397457788,753.0,139.0,0.5152722443559097,0.9266268260292164,-0.01428571428571429
fade_5,105,60,Validation,140,0.18592297476759628,0.5142857142857142,4.9089285714285715,2.375,0.3432382214561235,44.621428571428574,36.723214285714285,0.5571428571428572,0.5827338129496403,-0.000986530070195446,3.982301745399355,753.0,139.0,0.5152722443559097,0.9266268260292164,0.014285714285714235
cont_15,105,60,Validation,164,0.21779548472775564,0.524390243902439,3.9375,3.75,0.115114265625299,45.69359756097561,38.97560975609756,0.5853658536585366,0.546583850931677,0.009117999546529365,3.0108731739707837,753.0,161.0,0.5152722443559097,0.9266268260292164,0.024390243902439046
fade_15,105,60,Validation,164,0.21779548472775564,0.47560975609756095,-3.9375,-3.75,-0.115114265625299,38.97560975609756,45.69359756097561,0.4146341463414634,0.453416149068323,-0.03966248825834873,-4.864126826029216,753.0,161.0,0.5152722443559097,0.9266268260292164,-0.024390243902439046
cont_30,105,60,Validation,140,0.18592297476759628,0.4714285714285714,-2.005357142857143,-4.375,-0.2106825485836047,43.35357142857143,44.16607142857143,0.5214285714285715,0.4785714285714286,-0.04384367292733826,-2.9319839688863594,753.0,140.0,0.5152722443559097,0.9266268260292164,-0.02857142857142858
fade_30,105,60,Validation,140,0.18592297476759628,0.5214285714285715,2.005357142857143,4.375,0.2106825485836047,44.16607142857143,43.35357142857143,0.4785714285714286,0.5214285714285715,0.0061563270726617825,1.0787303168279267,753.0,140.0,0.5152722443559097,0.9266268260292164,0.021428571428571463
UNCOND_LONG,105,5,OOS,400,1.0,0.51,0.54125,1.125,0.0019468221716827916,18.733125,20.534375,0.4975,0.48024316109422494,0.0,0.0,,,,,
cont_5,105,5,OOS,74,0.185,0.4864864864864865,-7.263513513513513,-1.125,-0.177227830382426,22.24662162162162,28.570945945945947,0.47297297297297297,0.4838709677419355,-0.023513513513513495,-7.804763513513513,400.0,62.0,0.51,0.54125,-0.013513513513513487
fade_5,105,5,OOS,74,0.185,0.5135135135135135,7.263513513513513,1.125,0.177227830382426,28.570945945945947,22.24662162162162,0.527027027027027,0.5161290322580645,0.0035135135135134776,6.722263513513513,400.0,62.0,0.51,0.54125,0.013513513513513487
cont_15,105,5,OOS,75,0.1875,0.41333333333333333,-7.34,-3.75,-0.31404820822341994,17.61,25.58,0.3333333333333333,0.32786885245901637,-0.09666666666666668,-7.88125,400.0,61.0,0.51,0.54125,-0.08666666666666667
fade_15,105,5,OOS,75,0.1875,0.5733333333333334,7.34,3.75,0.31404820822341994,25.58,17.61,0.6666666666666666,0.6721311475409836,0.06333333333333335,6.79875,400.0,61.0,0.51,0.54125,0.07333333333333336
cont_30,105,5,OOS,73,0.1825,0.4383561643835616,-0.8732876712328768,-1.25,-0.08252932153056397,21.318493150684933,22.708904109589042,0.410958904109589,0.40350877192982454,-0.07164383561643839,-1.4145376712328768,400.0,57.0,0.51,0.54125,-0.06164383561643838
fade_30,105,5,OOS,73,0.1825,0.547945205479452,0.8732876712328768,1.25,0.08252932153056397,22.708904109589042,21.318493150684933,0.5753424657534246,0.5964912280701754,0.037945205479452015,0.33203767123287675,400.0,57.0,0.51,0.54125,0.047945205479452024
UNCOND_LONG,105,10,OOS,400,1.0,0.5075,-0.414375,0.625,-0.003359928296451655,27.09,28.745,0.5,0.49473684210526314,0.0,0.0,,,,,
cont_5,105,10,OOS,74,0.185,0.4864864864864865,-4.837837837837838,-5.125,-0.15086699787634586,30.19256756756757,37.527027027027025,0.4864864864864865,0.49295774647887325,-0.021013513513513438,-4.423462837837838,400.0,71.0,0.5075,-0.414375,-0.013513513513513487
fade_5,105,10,OOS,74,0.185,0.5135135135135135,4.837837837837838,5.125,0.15086699787634586,37.527027027027025,30.19256756756757,0.5,0.5070422535211268,0.006013513513513535,5.252212837837837,400.0,71.0,0.5075,-0.414375,0.013513513513513487
cont_15,105,10,OOS,75,0.1875,0.4533333333333333,-4.903333333333333,-4.75,-0.2871193712840786,24.8,33.92333333333333,0.36,0.34285714285714286,-0.05416666666666664,-4.488958333333334,400.0,70.0,0.5075,-0.414375,-0.04666666666666669
fade_15,105,10,OOS,75,0.1875,0.5466666666666666,4.903333333333333,4.75,0.2871193712840786,33.92333333333333,24.8,0.64,0.6571428571428571,0.03916666666666668,5.317708333333333,400.0,70.0,0.5075,-0.414375,0.046666666666666634
cont_30,105,10,OOS,73,0.1825,0.4931506849315068,0.9212328767123288,-1.25,-0.07335421252437271,31.578767123287673,31.72945205479452,0.4383561643835616,0.4117647058823529,-0.01434931506849313,1.3356078767123287,400.0,68.0,0.5075,-0.414375,-0.006849315068493178
fade_30,105,10,OOS,73,0.1825,0.5068493150684932,-0.9212328767123288,1.25,0.07335421252437271,31.72945205479452,31.578767123287673,0.5616438356164384,0.5882352941176471,-0.0006506849315067731,-0.5068578767123288,400.0,68.0,0.5075,-0.414375,0.006849315068493178
UNCOND_LONG,105,15,OOS,400,1.0,0.5,-1.365625,0.25,-0.06627578570757507,32.569375,35.72625,0.465,0.49489795918367346,0.0,0.0,,,,,
cont_5,105,15,OOS,74,0.185,0.3918918918918919,-12.5,-11.625,-0.4723419017976484,33.62837837837838,46.429054054054056,0.44594594594594594,0.5,-0.10810810810810811,-11.134375,400.0,72.0,0.5,-1.365625,-0.10810810810810811
fade_5,105,15,OOS,74,0.185,0.6081081081081081,12.5,11.625,0.4723419017976484,46.429054054054056,33.62837837837838,0.5540540540540541,0.5,0.10810810810810811,13.865625,400.0,72.0,0.5,-1.365625,0.10810810810810811
cont_15,105,15,OOS,75,0.1875,0.4266666666666667,-9.606666666666667,-8.5,-0.4078638999551406,28.783333333333335,42.233333333333334,0.38666666666666666,0.3424657534246575,-0.0733333333333333,-8.241041666666668,400.0,73.0,0.5,-1.365625,-0.0733333333333333
fade_15,105,15,OOS,75,0.1875,0.5733333333333334,9.606666666666667,8.5,0.4078638999551406,42.233333333333334,28.783333333333335,0.6133333333333333,0.6575342465753424,0.07333333333333336,10.972291666666667,400.0,73.0,0.5,-1.365625,0.07333333333333336
cont_30,105,15,OOS,73,0.1825,0.4931506849315068,-3.9726027397260273,-1.75,-0.3841949391845238,37.26027397260274,40.465753424657535,0.4794520547945205,0.4084507042253521,-0.006849315068493178,-2.606977739726027,400.0,71.0,0.5,-1.365625,-0.006849315068493178
fade_30,105,15,OOS,73,0.1825,0.5068493150684932,3.9726027397260273,1.75,0.3841949391845238,40.465753424657535,37.26027397260274,0.5205479452054794,0.5915492957746479,0.006849315068493178,5.338227739726028,400.0,71.0,0.5,-1.365625,0.006849315068493178
UNCOND_LONG,105,30,OOS,400,1.0,0.5175,0.21875,2.0,0.024210710028570812,43.50125,48.691875,0.47,0.49363867684478374,0.0,0.0,,,,,
cont_5,105,30,OOS,74,0.185,0.47297297297297297,-18.0472972972973,-7.125,-0.5588037784733799,46.729729729729726,64.11486486486487,0.43243243243243246,0.5,-0.04452702702702699,-18.2660472972973,400.0,72.0,0.5175,0.21875,-0.02702702702702703
fade_5,105,30,OOS,74,0.185,0.527027027027027,18.0472972972973,7.125,0.5588037784733799,64.11486486486487,46.729729729729726,0.5675675675675675,0.5,0.009527027027027013,17.8285472972973,400.0,72.0,0.5175,0.21875,0.027027027027026973
cont_15,105,30,OOS,75,0.1875,0.52,-11.71,0.5,-0.25915934541442404,43.89,56.513333333333335,0.5066666666666667,0.3424657534246575,0.0025000000000000577,-11.92875,400.0,73.0,0.5175,0.21875,0.020000000000000018
fade_15,105,30,OOS,75,0.1875,0.48,11.71,-0.5,0.25915934541442404,56.513333333333335,43.89,0.49333333333333335,0.6575342465753424,-0.03749999999999998,11.49125,400.0,73.0,0.5175,0.21875,-0.020000000000000018
cont_30,105,30,OOS,73,0.1825,0.5205479452054794,-4.263698630136986,3.0,-0.09855799458625991,50.87328767123287,51.49315068493151,0.5205479452054794,0.4142857142857143,0.003047945205479463,-4.482448630136986,400.0,70.0,0.5175,0.21875,0.020547945205479423
fade_30,105,30,OOS,73,0.1825,0.4794520547945205,4.263698630136986,-3.0,0.09855799458625991,51.49315068493151,50.87328767123287,0.4794520547945205,0.5857142857142857,-0.03804794520547944,4.044948630136986,400.0,70.0,0.5175,0.21875,-0.02054794520547948
UNCOND_LONG,105,45,OOS,400,1.0,0.505,-0.618125,1.625,0.01865857677831091,51.850625,58.5925,0.4925,0.4936061381074169,0.0,0.0,,,,,
cont_5,105,45,OOS,74,0.185,0.5135135135135135,-4.97972972972973,4.375,-0.18202568505416702,59.935810810810814,74.125,0.44594594594594594,0.5,0.008513513513513482,-4.36160472972973,400.0,72.0,0.505,-0.618125,0.013513513513513487
fade_5,105,45,OOS,74,0.185,0.4864864864864865,4.97972972972973,-4.375,0.18202568505416702,74.125,59.935810810810814,0.5540540540540541,0.5,-0.01851351351351349,5.59785472972973,400.0,72.0,0.505,-0.618125,-0.013513513513513487
cont_15,105,45,OOS,75,0.1875,0.5333333333333333,-3.53,3.25,0.10180324151196249,54.7,63.34,0.49333333333333335,0.3472222222222222,0.02833333333333332,-2.9118749999999998,400.0,72.0,0.505,-0.618125,0.033333333333333326
fade_15,105,45,OOS,75,0.1875,0.4666666666666667,3.53,-3.25,-0.10180324151196249,63.34,54.7,0.5066666666666667,0.6527777777777778,-0.03833333333333333,4.148125,400.0,72.0,0.505,-0.618125,-0.033333333333333326
cont_30,105,45,OOS,73,0.1825,0.5342465753424658,0.2945205479452055,5.75,0.20983626089638302,62.21917808219178,61.1986301369863,0.4657534246575342,0.42028985507246375,0.029246575342465775,0.9126455479452056,400.0,69.0,0.505,-0.618125,0.03424657534246578
fade_30,105,45,OOS,73,0.1825,0.4657534246575342,-0.2945205479452055,-5.75,-0.20983626089638302,61.1986301369863,62.21917808219178,0.5342465753424658,0.5797101449275363,-0.039246575342465784,0.32360445205479454,400.0,69.0,0.505,-0.618125,-0.03424657534246578
UNCOND_LONG,105,60,OOS,400,1.0,0.56,2.33875,11.625,0.19702477324770154,59.105625,64.724375,0.5275,0.4936061381074169,0.0,0.0,,,,,
cont_5,105,60,OOS,74,0.185,0.5405405405405406,-0.2195945945945946,14.75,-0.04822875390441591,72.0608108108108,80.91216216216216,0.5135135135135135,0.5,-0.019459459459459483,-2.558344594594595,400.0,72.0,0.56,2.33875,0.04054054054054057
fade_5,105,60,OOS,74,0.185,0.4594594594594595,0.2195945945945946,-14.75,0.04822875390441591,80.91216216216216,72.0608108108108,0.4864864864864865,0.5,-0.10054054054054057,-2.1191554054054054,400.0,72.0,0.56,2.33875,-0.040540540540540515
cont_15,105,60,OOS,75,0.1875,0.5866666666666667,5.196666666666666,11.5,0.3086437320884629,61.81,68.02333333333333,0.5333333333333333,0.3472222222222222,0.026666666666666616,2.857916666666666,400.0,72.0,0.56,2.33875,0.08666666666666667
fade_15,105,60,OOS,75,0.1875,0.41333333333333333,-5.196666666666666,-11.5,-0.3086437320884629,68.02333333333333,61.81,0.4666666666666667,0.6527777777777778,-0.14666666666666672,-7.535416666666666,400.0,72.0,0.56,2.33875,-0.08666666666666667
cont_30,105,60,OOS,73,0.1825,0.5616438356164384,10.147260273972602,14.0,0.579605420119655,69.68150684931507,65.0068493150685,0.547945205479452,0.42028985507246375,0.0016438356164383272,7.808510273972602,400.0,69.0,0.56,2.33875,0.06164383561643838
fade_30,105,60,OOS,73,0.1825,0.4383561643835616,-10.147260273972602,-14.0,-0.579605420119655,65.0068493150685,69.68150684931507,0.4520547945205479,0.5797101449275363,-0.12164383561643843,-12.486010273972603,400.0,69.0,0.56,2.33875,-0.06164383561643838
UNCOND_LONG,120,5,IS,2352,1.0,0.4710884353741497,-0.43962585034013607,0.0,-0.07495645664477797,4.368516156462585,5.123086734693878,0.4642857142857143,0.47281795511221947,0.0,0.0,,,,,
cont_5,120,5,IS,471,0.2002551020408163,0.44798301486199577,-0.3991507430997877,-0.25,-0.05150517672897889,4.487261146496815,4.733014861995754,0.445859872611465,0.4400977995110024,-0.023105420512153918,0.04047510724034836,2352.0,409.0,0.4710884353741497,-0.43962585034013607,-0.052016985138004235
fade_5,120,5,IS,471,0.2002551020408163,0.5159235668789809,0.3991507430997877,0.25,0.05150517672897889,4.733014861995754,4.487261146496815,0.5307855626326964,0.5599022004889975,0.044835131504831205,0.8387765934399238,2352.0,409.0,0.4710884353741497,-0.43962585034013607,0.015923566878980888
cont_15,120,5,IS,471,0.2002551020408163,0.4543524416135881,-0.0440552016985138,-0.25,-0.029200814641670503,4.701698513800425,4.785562632696391,0.4543524416135881,0.4474327628361858,-0.016735993760561563,0.3955706486416223,2352.0,409.0,0.4710884353741497,-0.43962585034013607,-0.04564755838641188
fade_15,120,5,IS,471,0.2002551020408163,0.5180467091295117,0.0440552016985138,0.25,0.029200814641670503,4.785562632696391,4.701698513800425,0.5222929936305732,0.5525672371638142,0.04695827375536199,0.48368105203864986,2352.0,409.0,0.4710884353741497,-0.43962585034013607,0.018046709129511673
cont_30,120,5,IS,471,0.2002551020408163,0.45222929936305734,-0.1767515923566879,-0.25,-0.004594709320806871,4.81900212314225,5.165605095541402,0.4585987261146497,0.46633416458852867,-0.018859136011092348,0.2628742579834482,2352.0,401.0,0.4710884353741497,-0.43962585034013607,-0.047770700636942665
fade_30,120,5,IS,471,0.2002551020408163,0.5201698513800425,0.1767515923566879,0.25,0.004594709320806871,5.165605095541402,4.81900212314225,0.5222929936305732,0.5336658354114713,0.049081416005892775,0.6163774426968239,2352.0,401.0,0.4710884353741497,-0.43962585034013607,0.02016985138004246
UNCOND_LONG,120,10,IS,2352,1.0,0.4825680272108844,-0.17017431972789115,0.0,-0.06524410456873121,6.057291666666667,6.950680272108843,0.46598639455782315,0.47125932426502853,0.0,0.0,,,,,
cont_5,120,10,IS,471,0.2002551020408163,0.45222929936305734,-0.12845010615711253,-0.5,-0.04886778115289478,6.289808917197452,6.598195329087049,0.4607218683651805,0.44638949671772427,-0.03033872784782704,0.04172421357077863,2352.0,457.0,0.4825680272108844,-0.17017431972789115,-0.047770700636942665
fade_5,120,10,IS,471,0.2002551020408163,0.5180467091295117,0.12845010615711253,0.5,0.04886778115289478,6.598195329087049,6.289808917197452,0.5180467091295117,0.5536105032822757,0.0354786819186273,0.2986244258850037,2352.0,457.0,0.4825680272108844,-0.17017431972789115,0.018046709129511673
cont_15,120,10,IS,471,0.2002551020408163,0.46709129511677283,0.0010615711252653928,-0.25,-0.013991376526492391,6.487791932059448,6.211252653927813,0.4734607218683652,0.4622222222222222,-0.015476732094111545,0.17123589085315655,2352.0,450.0,0.4825680272108844,-0.17017431972789115,-0.03290870488322717
fade_15,120,10,IS,471,0.2002551020408163,0.5095541401273885,-0.0010615711252653928,0.25,0.013991376526492391,6.211252653927813,6.487791932059448,0.5010615711252654,0.5377777777777778,0.026986112916504157,0.16911274860262576,2352.0,450.0,0.4825680272108844,-0.17017431972789115,0.009554140127388533
cont_30,120,10,IS,471,0.2002551020408163,0.43524416135881105,-0.11677282377919321,-0.5,-0.004262271792719337,6.768046709129512,6.66135881104034,0.47770700636942676,0.4650655021834061,-0.04732386585207332,0.05340149594869795,2352.0,458.0,0.4825680272108844,-0.17017431972789115,-0.06475583864118895
fade_30,120,10,IS,471,0.2002551020408163,0.535031847133758,0.11677282377919321,0.5,0.004262271792719337,6.66135881104034,6.768046709129512,0.5031847133757962,0.5349344978165939,0.05246381992287358,0.2869471435070844,2352.0,458.0,0.4825680272108844,-0.17017431972789115,0.035031847133757954
UNCOND_LONG,120,15,IS,2352,1.0,0.4842687074829932,-0.4069940476190476,0.0,-0.09064395691846387,7.359906462585034,8.477678571428571,0.46471088435374147,0.47132384648555414,0.0,0.0,,,,,
cont_5,120,15,IS,471,0.2002551020408163,0.4819532908704883,0.4697452229299363,0.0,0.04961959641026095,7.887473460721869,7.628450106157112,0.47983014861995754,0.44372294372294374,-0.0023154166125048947,0.8767392705489839,2352.0,462.0,0.4842687074829932,-0.4069940476190476,-0.018046709129511673
fade_5,120,15,IS,471,0.2002551020408163,0.4968152866242038,-0.4697452229299363,0.0,-0.04961959641026095,7.628450106157112,7.887473460721869,0.505307855626327,0.5562770562770563,0.012546579141210601,-0.0627511753108887,2352.0,462.0,0.4842687074829932,-0.4069940476190476,-0.0031847133757961776
cont_15,120,15,IS,471,0.2002551020408163,0.4968152866242038,0.6539278131634819,0.0,0.05482224348966511,7.962845010615712,7.341825902335456,0.47770700636942676,0.4653679653679654,0.012546579141210601,1.0609218607825295,2352.0,462.0,0.4842687074829932,-0.4069940476190476,-0.0031847133757961776
fade_15,120,15,IS,471,0.2002551020408163,0.4840764331210191,-0.6539278131634819,0.0,-0.05482224348966511,7.341825902335456,7.962845010615712,0.4989384288747346,0.5346320346320347,-0.00019227436197410963,-0.2469337655444343,2352.0,462.0,0.4842687074829932,-0.4069940476190476,-0.015923566878980888
cont_30,120,15,IS,471,0.2002551020408163,0.4861995753715499,0.4156050955414013,0.0,0.08783910110765476,8.308386411889597,7.849256900212314,0.47770700636942676,0.46551724137931033,0.0019308678885566755,0.8225991431604489,2352.0,464.0,0.4842687074829932,-0.4069940476190476,-0.013800424628450103
fade_30,120,15,IS,471,0.2002551020408163,0.4968152866242038,-0.4156050955414013,0.0,-0.08783910110765476,7.849256900212314,8.308386411889597,0.4968152866242038,0.5344827586206896,0.012546579141210601,-0.008611047922353676,2352.0,464.0,0.4842687074829932,-0.4069940476190476,-0.0031847133757961776
UNCOND_LONG,120,30,IS,2352,1.0,0.5097789115646258,-0.04389880952380952,0.25,-0.040584314271282326,10.139562074829932,11.557079081632653,0.47874149659863946,0.472258064516129,0.0,0.0,,,,,
cont_5,120,30,IS,471,0.2002551020408163,0.4734607218683652,0.42409766454352443,-0.5,-0.012742584673134199,10.76751592356688,10.391188959660298,0.47558386411889597,0.44155844155844154,-0.03631818969626066,0.46799647406733397,2352.0,462.0,0.5097789115646258,-0.04389880952380952,-0.026539278131634814
fade_5,120,30,IS,471,0.2002551020408163,0.5116772823779193,-0.42409766454352443,0.5,0.012742584673134199,10.391188959660298,10.76751592356688,0.5138004246284501,0.5584415584415584,0.0018983708132934707,-0.3801988550197149,2352.0,462.0,0.5097789115646258,-0.04389880952380952,0.011677282377919318
cont_15,120,30,IS,471,0.2002551020408163,0.47983014861995754,0.6072186836518046,-0.25,0.06187797047024301,11.614649681528663,10.059447983014863,0.5010615711252654,0.46336206896551724,-0.029948762944668306,0.6511174931756142,2352.0,464.0,0.5097789115646258,-0.04389880952380952,-0.02016985138004246
fade_15,120,30,IS,471,0.2002551020408163,0.505307855626327,-0.6072186836518046,0.25,-0.06187797047024301,10.059447983014863,11.614649681528663,0.4861995753715499,0.5366379310344828,-0.004471055938298885,-0.5633198741279951,2352.0,464.0,0.5097789115646258,-0.04389880952380952,0.005307855626326963
cont_30,120,30,IS,471,0.2002551020408163,0.4734607218683652,0.7085987261146497,-0.25,0.15303308983754713,11.785031847133759,10.390127388535031,0.5010615711252654,0.46551724137931033,-0.03631818969626066,0.7524975356384592,2352.0,464.0,0.5097789115646258,-0.04389880952380952,-0.026539278131634814
fade_30,120,30,IS,471,0.2002551020408163,0.5074309978768577,-0.7085987261146497,0.25,-0.15303308983754713,10.390127388535031,11.785031847133759,0.49044585987261147,0.5344827586206896,-0.0023479136877680995,-0.6646999165908402,2352.0,464.0,0.5097789115646258,-0.04389880952380952,0.007430997876857748
UNCOND_LONG,120,45,IS,2352,1.0,0.5106292517006803,0.006483843537414966,0.25,-0.06792867092732154,12.376594387755102,13.916241496598639,0.4825680272108844,0.4711206896551724,0.0,0.0,,,,,
cont_5,120,45,IS,471,0.2002551020408163,0.4607218683651805,0.6772823779193206,-0.75,0.045273415584247675,13.046709129511678,12.140127388535031,0.4989384288747346,0.4434782608695652,-0.04990738333549982,0.6707985343819056,2352.0,460.0,0.5106292517006803,0.006483843537414966,-0.039278131634819524
fade_5,120,45,IS,471,0.2002551020408163,0.5286624203821656,-0.6772823779193206,0.75,-0.045273415584247675,12.140127388535031,13.046709129511678,0.5010615711252654,0.5565217391304348,0.0180331686814853,-0.6837662214567355,2352.0,460.0,0.5106292517006803,0.006483843537414966,0.0286624203821656
cont_15,120,45,IS,471,0.2002551020408163,0.47558386411889597,0.6326963906581741,-0.25,0.12286673501013481,14.329617834394904,12.26380042462845,0.505307855626327,0.46436285097192226,-0.035045387581784326,0.6262125471207591,2352.0,463.0,0.5106292517006803,0.006483843537414966,-0.02441613588110403
fade_15,120,45,IS,471,0.2002551020408163,0.5095541401273885,-0.6326963906581741,0.25,-0.12286673501013481,12.26380042462845,14.329617834394904,0.49044585987261147,0.5356371490280778,-0.0010751115732917649,-0.639180234195589,2352.0,463.0,0.5106292517006803,0.006483843537414966,0.009554140127388533
cont_30,120,45,IS,471,0.2002551020408163,0.4861995753715499,0.9055201698513801,-0.25,0.2253228059740379,14.220276008492569,12.437898089171975,0.49469214437367304,0.4675324675324675,-0.0244296763291304,0.8990363263139651,2352.0,462.0,0.5106292517006803,0.006483843537414966,-0.013800424628450103
fade_30,120,45,IS,471,0.2002551020408163,0.505307855626327,-0.9055201698513801,0.25,-0.2253228059740379,12.437898089171975,14.220276008492569,0.5031847133757962,0.5324675324675324,-0.005321396074353335,-0.912004013388795,2352.0,462.0,0.5106292517006803,0.006483843537414966,0.005307855626326963
UNCOND_LONG,120,60,IS,2352,1.0,0.5178571428571429,0.1564625850340136,0.75,-0.022887595936569877,14.015625,15.724383503401361,0.48299319727891155,0.47150259067357514,0.0,0.0,,,,,
cont_5,120,60,IS,471,0.2002551020408163,0.49469214437367304,1.2473460721868366,0.0,0.1331959489729789,14.679405520169851,13.591825902335456,0.49469214437367304,0.4444444444444444,-0.023164998483469867,1.090883487152823,2352.0,459.0,0.5178571428571429,0.1564625850340136,-0.005307855626326963
fade_5,120,60,IS,471,0.2002551020408163,0.49469214437367304,-1.2473460721868366,0.0,-0.1331959489729789,13.591825902335456,14.679405520169851,0.5010615711252654,0.5555555555555556,-0.023164998483469867,-1.4038086572208501,2352.0,459.0,0.5178571428571429,0.1564625850340136,-0.005307855626326963
cont_15,120,60,IS,471,0.2002551020408163,0.47983014861995754,0.8434182590233545,-0.25,0.20000395117311018,16.1364118895966,13.95859872611465,0.49469214437367304,0.46320346320346323,-0.03802699423718536,0.686955673989341,2352.0,462.0,0.5178571428571429,0.1564625850340136,-0.02016985138004246
fade_15,120,60,IS,471,0.2002551020408163,0.5074309978768577,-0.8434182590233545,0.25,-0.20000395117311018,13.95859872611465,16.1364118895966,0.5010615711252654,0.5367965367965368,-0.010426144980285157,-0.9998808440573681,2352.0,462.0,0.5178571428571429,0.1564625850340136,0.007430997876857748
cont_30,120,60,IS,471,0.2002551020408163,0.505307855626327,1.6581740976645436,0.25,0.4103157125194346,16.32855626326964,14.062632696390658,0.5074309978768577,0.4685466377440347,-0.012549287230815942,1.50171151263053,2352.0,461.0,0.5178571428571429,0.1564625850340136,0.005307855626326963
fade_30,120,60,IS,471,0.2002551020408163,0.4840764331210191,-1.6581740976645436,-0.25,-0.4103157125194346,14.062632696390658,16.32855626326964,0.49044585987261147,0.5314533622559653,-0.03378070973612379,-1.8146366826985572,2352.0,461.0,0.5178571428571429,0.1564625850340136,-0.015923566878980888
UNCOND_LONG,120,5,Validation,753,1.0,0.5112881806108898,0.6108897742363878,0.5,0.034902325891819574,12.371845949535192,12.509628154050464,0.4913678618857902,0.48932676518883417,0.0,0.0,,,,,
cont_5,120,5,Validation,146,0.19389110225763612,0.4041095890410959,-1.6386986301369864,-2.5,-0.11512909712920001,11.434931506849315,12.962328767123287,0.4589041095890411,0.4732142857142857,-0.10717859156979387,-2.249588404373374,753.0,112.0,0.5112881806108898,0.6108897742363878,-0.0958904109589041
fade_5,120,5,Validation,146,0.19389110225763612,0.589041095890411,1.6386986301369864,2.5,0.11512909712920001,12.962328767123287,11.434931506849315,0.5342465753424658,0.5267857142857143,0.07775291527952122,1.0278088559005987,753.0,112.0,0.5112881806108898,0.6108897742363878,0.08904109589041098
cont_15,120,5,Validation,126,0.16733067729083664,0.49206349206349204,0.6567460317460317,-0.5,0.08396370342452682,14.450396825396826,11.948412698412698,0.5476190476190477,0.6122448979591837,-0.019224688547397728,0.04585625750964395,753.0,98.0,0.5112881806108898,0.6108897742363878,-0.007936507936507964
fade_15,120,5,Validation,126,0.16733067729083664,0.5,-0.6567460317460317,0.5,-0.08396370342452682,11.948412698412698,14.450396825396826,0.4444444444444444,0.3877551020408163,-0.011288180610889764,-1.2676358059824195,753.0,98.0,0.5112881806108898,0.6108897742363878,0.0
cont_30,120,5,Validation,155,0.2058432934926959,0.432258064516129,-1.2193548387096773,-2.0,-0.05361691424144032,12.848387096774193,12.698387096774194,0.5032258064516129,0.5234375,-0.07903011609476074,-1.830244612946065,753.0,128.0,0.5112881806108898,0.6108897742363878,-0.06774193548387097
fade_30,120,5,Validation,155,0.2058432934926959,0.5419354838709678,1.2193548387096773,2.0,0.05361691424144032,12.698387096774194,12.848387096774193,0.49032258064516127,0.4765625,0.03064730326007803,0.6084650644732895,753.0,128.0,0.5112881806108898,0.6108897742363878,0.041935483870967794
UNCOND_LONG,120,10,Validation,753,1.0,0.5219123505976095,0.7682602921646746,1.75,0.04294050285210927,17.629150066401063,17.65836653386454,0.5046480743691899,0.49230769230769234,0.0,0.0,,,,,
cont_5,120,10,Validation,146,0.19389110225763612,0.4726027397260274,0.8527397260273972,-1.0,0.031483958901172046,17.652397260273972,18.18321917808219,0.4863013698630137,0.4857142857142857,-0.049309610871582144,0.08447943386272261,753.0,140.0,0.5219123505976095,0.7682602921646746,-0.0273972602739726
fade_5,120,10,Validation,146,0.19389110225763612,0.5205479452054794,-0.8527397260273972,1.0,-0.031483958901172046,18.18321917808219,17.652397260273972,0.5068493150684932,0.5142857142857142,-0.0013644053921301191,-1.6210000181920718,753.0,140.0,0.5219123505976095,0.7682602921646746,0.020547945205479423
cont_15,120,10,Validation,126,0.16733067729083664,0.5158730158730159,4.865079365079365,0.625,0.31447930045820854,20.996031746031747,16.196428571428573,0.5476190476190477,0.5916666666666667,-0.006039334724593615,4.09681907291469,753.0,120.0,0.5219123505976095,0.7682602921646746,0.015873015873015928
fade_15,120,10,Validation,126,0.16733067729083664,0.47619047619047616,-4.865079365079365,-0.625,-0.31447930045820854,16.196428571428573,20.996031746031747,0.4365079365079365,0.4083333333333333,-0.04572187440713338,-5.633339657244039,753.0,120.0,0.5219123505976095,0.7682602921646746,-0.023809523809523836
cont_30,120,10,Validation,155,0.2058432934926959,0.47096774193548385,2.096774193548387,-1.0,0.12872710505909477,19.425806451612903,17.587096774193547,0.5096774193548387,0.5306122448979592,-0.05094460866212569,1.3285139013837124,753.0,147.0,0.5219123505976095,0.7682602921646746,-0.029032258064516148
fade_30,120,10,Validation,155,0.2058432934926959,0.5225806451612903,-2.096774193548387,1.0,-0.12872710505909477,17.587096774193547,19.425806451612903,0.4774193548387097,0.46938775510204084,0.0006682945636807824,-2.8650344857130614,753.0,147.0,0.5219123505976095,0.7682602921646746,0.022580645161290325
UNCOND_LONG,120,15,Validation,753,1.0,0.5378486055776892,0.24867197875166003,2.25,0.03852006797229551,21.388778220451528,21.9402390438247,0.5086321381142098,0.49594594594594593,0.0,0.0,,,,,
cont_5,120,15,Validation,146,0.19389110225763612,0.4794520547945205,-0.559931506849315,-0.625,-0.06713019246174755,21.051369863013697,21.965753424657535,0.5273972602739726,0.496551724137931,-0.05839655078316869,-0.8086034856009751,753.0,145.0,0.5378486055776892,0.24867197875166003,-0.02054794520547948
fade_5,120,15,Validation,146,0.19389110225763612,0.5068493150684932,0.559931506849315,0.625,0.06713019246174755,21.965753424657535,21.051369863013697,0.4657534246575342,0.503448275862069,-0.03099929050919603,0.311259528097655,753.0,145.0,0.5378486055776892,0.24867197875166003,0.006849315068493178
cont_15,120,15,Validation,126,0.16733067729083664,0.48412698412698413,2.6666666666666665,-0.75,0.15406977267412725,25.591269841269842,19.57936507936508,0.5238095238095238,0.592,-0.05372162145070508,2.4179946879150065,753.0,125.0,0.5378486055776892,0.24867197875166003,-0.015873015873015872
fade_15,120,15,Validation,126,0.16733067729083664,0.5,-2.6666666666666665,0.75,-0.15406977267412725,19.57936507936508,25.591269841269842,0.46825396825396826,0.408,-0.03784860557768921,-2.9153386454183265,753.0,125.0,0.5378486055776892,0.24867197875166003,0.0
cont_30,120,15,Validation,155,0.2058432934926959,0.49032258064516127,-0.02258064516129032,-1.5,0.005326218420645576,23.766129032258064,21.348387096774193,0.5225806451612903,0.5394736842105263,-0.047526024932527944,-0.27125262391295035,753.0,152.0,0.5378486055776892,0.24867197875166003,-0.009677419354838734
fade_30,120,15,Validation,155,0.2058432934926959,0.5032258064516129,0.02258064516129032,1.5,-0.005326218420645576,21.348387096774193,23.766129032258064,0.47096774193548385,0.4605263157894737,-0.03462279912607635,-0.2260913335903697,753.0,152.0,0.5378486055776892,0.24867197875166003,0.003225806451612856
UNCOND_LONG,120,30,Validation,753,1.0,0.5272244355909694,1.2792164674634794,2.75,0.13985836111546499,30.316401062417,29.744355909694555,0.5285524568393094,0.49594594594594593,0.0,0.0,,,,,
cont_5,120,30,Validation,146,0.19389110225763612,0.4931506849315068,-3.578767123287671,-2.625,-0.2843957529694765,28.184931506849313,31.85445205479452,0.4863013698630137,0.5,-0.03407375065946261,-4.85798359075115,753.0,146.0,0.5272244355909694,1.2792164674634794,-0.006849315068493178
fade_5,120,30,Validation,146,0.19389110225763612,0.5068493150684932,3.578767123287671,2.625,0.2843957529694765,31.85445205479452,28.184931506849313,0.5068493150684932,0.5,-0.020375120522476253,2.299550655824192,753.0,146.0,0.5272244355909694,1.2792164674634794,0.006849315068493178
cont_15,120,30,Validation,126,0.16733067729083664,0.4603174603174603,-0.07142857142857142,-3.625,0.011038932025270815,32.46230158730159,27.865079365079364,0.5,0.584,-0.06690697527350914,-1.3506450388920508,753.0,125.0,0.5272244355909694,1.2792164674634794,-0.03968253968253971
fade_15,120,30,Validation,126,0.16733067729083664,0.5396825396825397,0.07142857142857142,3.625,-0.011038932025270815,27.865079365079364,32.46230158730159,0.49206349206349204,0.416,0.012458104091570221,-1.207787896034908,753.0,125.0,0.5272244355909694,1.2792164674634794,0.03968253968253965
cont_30,120,30,Validation,155,0.2058432934926959,0.5225806451612903,-0.06935483870967742,2.75,0.04435379473218423,30.795161290322582,29.661290322580644,0.4774193548387097,0.5294117647058824,-0.004643790429679107,-1.3485713061731568,753.0,153.0,0.5272244355909694,1.2792164674634794,0.022580645161290325
fade_30,120,30,Validation,155,0.2058432934926959,0.47096774193548385,0.06935483870967742,-2.75,-0.04435379473218423,29.661290322580644,30.795161290322582,0.5161290322580645,0.47058823529411764,-0.05625669365548558,-1.209861628753802,753.0,153.0,0.5272244355909694,1.2792164674634794,-0.029032258064516148
UNCOND_LONG,120,45,Validation,753,1.0,0.5112881806108898,-0.4309428950863214,1.5,-0.01951261738454876,35.506972111553786,36.61088977423639,0.50199203187251,0.49594594594594593,0.0,0.0,,,,,
cont_5,120,45,Validation,146,0.19389110225763612,0.4863013698630137,-1.4212328767123288,-2.5,-0.03396803665504405,34.64212328767123,37.375,0.4863013698630137,0.5,-0.024986810747876065,-0.9902899816260073,753.0,146.0,0.5112881806108898,-0.4309428950863214,-0.0136986301369863
fade_5,120,45,Validation,146,0.19389110225763612,0.5136986301369864,1.4212328767123288,2.5,0.03396803665504405,37.375,34.64212328767123,0.5068493150684932,0.5,0.002410449526096592,1.8521757717986502,753.0,146.0,0.5112881806108898,-0.4309428950863214,0.013698630136986356
cont_15,120,45,Validation,126,0.16733067729083664,0.4603174603174603,-1.6111111111111112,-3.625,-0.07768064405083215,38.035714285714285,36.08730158730159,0.49206349206349204,0.584,-0.05097072029342947,-1.1801682160247897,753.0,125.0,0.5112881806108898,-0.4309428950863214,-0.03968253968253971
fade_15,120,45,Validation,126,0.16733067729083664,0.5396825396825397,1.6111111111111112,3.625,0.07768064405083215,36.08730158730159,38.035714285714285,0.5079365079365079,0.416,0.02839435907164989,2.0420540061974326,753.0,125.0,0.5112881806108898,-0.4309428950863214,0.03968253968253965
cont_30,120,45,Validation,155,0.2058432934926959,0.4967741935483871,0.8661290322580645,-1.0,0.039642410834045634,36.85806451612903,35.50322580645161,0.5096774193548387,0.5294117647058824,-0.014513987062502676,1.2970719273443858,753.0,153.0,0.5112881806108898,-0.4309428950863214,-0.0032258064516129115
fade_30,120,45,Validation,155,0.2058432934926959,0.5032258064516129,-0.8661290322580645,1.0,-0.039642410834045634,35.50322580645161,36.85806451612903,0.4838709677419355,0.47058823529411764,-0.008062374159276908,-0.4351861371717431,753.0,153.0,0.5112881806108898,-0.4309428950863214,0.003225806451612856
UNCOND_LONG,120,60,Validation,753,1.0,0.5325365205843293,-0.2782204515272244,4.0,0.00023311876732938418,39.86686586985392,41.73771580345286,0.49269588313413015,0.49594594594594593,0.0,0.0,,,,,
cont_5,120,60,Validation,146,0.19389110225763612,0.5,-1.5633561643835616,-0.5,-0.03923689673895325,39.986301369863014,41.582191780821915,0.5,0.5,-0.03253652058432932,-1.2851357128563372,753.0,146.0,0.5325365205843293,-0.2782204515272244,0.0
fade_5,120,60,Validation,146,0.19389110225763612,0.5,1.5633561643835616,0.5,0.03923689673895325,41.582191780821915,39.986301369863014,0.5,0.5,-0.03253652058432932,1.841576615910786,753.0,146.0,0.5325365205843293,-0.2782204515272244,0.0
cont_15,120,60,Validation,126,0.16733067729083664,0.48412698412698413,-4.101190476190476,-2.875,-0.2059173325962174,42.851190476190474,41.817460317460316,0.5,0.584,-0.04840953645734519,-3.8229700246632516,753.0,125.0,0.5325365205843293,-0.2782204515272244,-0.015873015873015872
fade_15,120,60,Validation,126,0.16733067729083664,0.5158730158730159,4.101190476190476,2.875,0.2059173325962174,41.817460317460316,42.851190476190474,0.5,0.416,-0.016663504711313393,4.379410927717701,753.0,125.0,0.5325365205843293,-0.2782204515272244,0.015873015873015928
cont_30,120,60,Validation,155,0.2058432934926959,0.535483870967742,1.4774193548387098,3.0,0.06584809750790074,42.45161290322581,39.80161290322581,0.5290322580645161,0.5294117647058824,0.00294735038341265,1.7556398063659342,753.0,153.0,0.5325365205843293,-0.2782204515272244,0.03548387096774197
fade_30,120,60,Validation,155,0.2058432934926959,0.45806451612903226,-1.4774193548387098,-3.0,-0.06584809750790074,39.80161290322581,42.45161290322581,0.4645161290322581,0.47058823529411764,-0.07447200445529706,-1.1991989033114854,753.0,153.0,0.5325365205843293,-0.2782204515272244,-0.04193548387096774
UNCOND_LONG,120,5,OOS,400,1.0,0.485,-0.418125,-0.75,-0.03750658257593538,17.668125,18.8575,0.495,0.49693251533742333,0.0,0.0,,,,,
cont_5,120,5,OOS,74,0.185,0.36486486486486486,-7.202702702702703,-5.5,-0.32578296848633503,15.567567567567568,23.611486486486488,0.3918918918918919,0.3787878787878788,-0.12013513513513513,-6.784577702702703,400.0,66.0,0.485,-0.418125,-0.13513513513513514
fade_5,120,5,OOS,74,0.185,0.6351351351351351,7.202702702702703,5.5,0.32578296848633503,23.611486486486488,15.567567567567568,0.5945945945945946,0.6212121212121212,0.1501351351351351,7.6208277027027025,400.0,66.0,0.485,-0.418125,0.1351351351351351
cont_15,120,5,OOS,82,0.205,0.4634146341463415,-2.9390243902439024,-1.625,-0.2234283018563906,18.996951219512194,21.265243902439025,0.4268292682926829,0.4117647058823529,-0.0215853658536585,-2.5208993902439025,400.0,68.0,0.485,-0.418125,-0.036585365853658514
fade_15,120,5,OOS,82,0.205,0.5365853658536586,2.9390243902439024,1.625,0.2234283018563906,21.265243902439025,18.996951219512194,0.573170731707317,0.5882352941176471,0.05158536585365858,3.3571493902439022,400.0,68.0,0.485,-0.418125,0.03658536585365857
cont_30,120,5,OOS,70,0.175,0.42857142857142855,-8.757142857142858,-4.375,-0.3499526745324969,17.182142857142857,26.585714285714285,0.4142857142857143,0.36666666666666664,-0.05642857142857144,-8.339017857142858,400.0,60.0,0.485,-0.418125,-0.07142857142857145
fade_30,120,5,OOS,70,0.175,0.5714285714285714,8.757142857142858,4.375,0.3499526745324969,26.585714285714285,17.182142857142857,0.5857142857142857,0.6333333333333333,0.08642857142857141,9.175267857142858,400.0,60.0,0.485,-0.418125,0.0714285714285714
UNCOND_LONG,120,10,OOS,400,1.0,0.51,1.079375,0.875,0.016484872113989257,25.988125,26.6975,0.4775,0.49473684210526314,0.0,0.0,,,,,
cont_5,120,10,OOS,74,0.185,0.3783783783783784,-7.39527027027027,-5.125,-0.3814461089801396,22.78716216216216,32.45608108108108,0.3918918918918919,0.3561643835616438,-0.1316216216216216,-8.47464527027027,400.0,73.0,0.51,1.079375,-0.1216216216216216
fade_5,120,10,OOS,74,0.185,0.6216216216216216,7.39527027027027,5.125,0.3814461089801396,32.45608108108108,22.78716216216216,0.6081081081081081,0.6438356164383562,0.11162162162162159,6.31589527027027,400.0,73.0,0.51,1.079375,0.1216216216216216
cont_15,120,10,OOS,82,0.205,0.4634146341463415,-3.567073170731707,-4.5,-0.32253259343001667,26.701219512195124,31.716463414634145,0.45121951219512196,0.4625,-0.04658536585365852,-4.646448170731707,400.0,80.0,0.51,1.079375,-0.036585365853658514
fade_15,120,10,OOS,82,0.205,0.5365853658536586,3.567073170731707,4.5,0.32253259343001667,31.716463414634145,26.701219512195124,0.5487804878048781,0.5375,0.02658536585365856,2.487698170731707,400.0,80.0,0.51,1.079375,0.03658536585365857
cont_30,120,10,OOS,70,0.175,0.42857142857142855,-7.85,-5.375,-0.28381278196599236,25.442857142857143,35.707142857142856,0.44285714285714284,0.40298507462686567,-0.08142857142857146,-8.929375,400.0,67.0,0.51,1.079375,-0.07142857142857145
fade_30,120,10,OOS,70,0.175,0.5714285714285714,7.85,5.375,0.28381278196599236,35.707142857142856,25.442857142857143,0.5571428571428572,0.5970149253731343,0.06142857142857139,6.770625,400.0,67.0,0.51,1.079375,0.0714285714285714
UNCOND_LONG,120,15,OOS,400,1.0,0.5375,1.623125,2.375,0.08913007932648423,31.556875,32.338125,0.48,0.4961636828644501,0.0,0.0,,,,,
cont_5,120,15,OOS,74,0.185,0.5,-5.445945945945946,-1.75,-0.25790337374650457,29.60472972972973,38.23986486486486,0.4594594594594595,0.36619718309859156,-0.03749999999999998,-7.0690709459459455,400.0,71.0,0.5375,1.623125,0.0
fade_5,120,15,OOS,74,0.185,0.5,5.445945945945946,1.75,0.25790337374650457,38.23986486486486,29.60472972972973,0.5405405405405406,0.6338028169014085,-0.03749999999999998,3.8228209459459457,400.0,71.0,0.5375,1.623125,0.0
cont_15,120,15,OOS,82,0.205,0.4634146341463415,-2.9298780487804876,-2.25,-0.3195209573902619,34.18292682926829,37.9359756097561,0.4268292682926829,0.46835443037974683,-0.07408536585365849,-4.553003048780488,400.0,79.0,0.5375,1.623125,-0.036585365853658514
fade_15,120,15,OOS,82,0.205,0.5365853658536586,2.9298780487804876,2.25,0.3195209573902619,37.9359756097561,34.18292682926829,0.573170731707317,0.5316455696202531,-0.0009146341463414087,1.3067530487804877,400.0,79.0,0.5375,1.623125,0.03658536585365857
cont_30,120,15,OOS,70,0.175,0.44285714285714284,-8.967857142857143,-8.0,-0.27999533821112704,31.017857142857142,43.832142857142856,0.4,0.391304347826087,-0.09464285714285714,-10.590982142857143,400.0,69.0,0.5375,1.623125,-0.05714285714285716
fade_30,120,15,OOS,70,0.175,0.5571428571428572,8.967857142857143,8.0,0.27999533821112704,43.832142857142856,31.017857142857142,0.6,0.6086956521739131,0.019642857142857184,7.3447321428571435,400.0,69.0,0.5375,1.623125,0.05714285714285716
UNCOND_LONG,120,30,OOS,400,1.0,0.5175,0.78625,2.125,0.0925810042805948,43.034375,45.50625,0.5175,0.49744897959183676,0.0,0.0,,,,,
cont_5,120,30,OOS,74,0.185,0.4594594594594595,4.304054054054054,-2.875,-0.0031315564999204286,44.3277027027027,48.557432432432435,0.43243243243243246,0.36619718309859156,-0.058040540540540475,3.5178040540540545,400.0,71.0,0.5175,0.78625,-0.040540540540540515
fade_5,120,30,OOS,74,0.185,0.527027027027027,-4.304054054054054,2.875,0.0031315564999204286,48.557432432432435,44.3277027027027,0.5675675675675675,0.6338028169014085,0.009527027027027013,-5.090304054054054,400.0,71.0,0.5175,0.78625,0.027027027027026973
cont_15,120,30,OOS,82,0.205,0.4146341463414634,-2.0701219512195124,-12.125,-0.4766388135917456,48.05792682926829,52.40853658536585,0.4024390243902439,0.46835443037974683,-0.10286585365853657,-2.8563719512195123,400.0,79.0,0.5175,0.78625,-0.0853658536585366
fade_15,120,30,OOS,82,0.205,0.5853658536585366,2.0701219512195124,12.125,0.4766388135917456,52.40853658536585,48.05792682926829,0.5975609756097561,0.5316455696202531,0.06786585365853659,1.2838719512195125,400.0,79.0,0.5175,0.78625,0.08536585365853655
cont_30,120,30,OOS,70,0.175,0.45714285714285713,-3.6857142857142855,-4.0,-0.2144879513877845,43.2,55.26428571428571,0.3142857142857143,0.391304347826087,-0.06035714285714283,-4.471964285714286,400.0,69.0,0.5175,0.78625,-0.04285714285714287
fade_30,120,30,OOS,70,0.175,0.5428571428571428,3.6857142857142855,4.0,0.2144879513877845,55.26428571428571,43.2,0.6857142857142857,0.6086956521739131,0.025357142857142856,2.8994642857142856,400.0,69.0,0.5175,0.78625,0.042857142857142816
UNCOND_LONG,120,45,OOS,400,1.0,0.5725,3.743125,9.625,0.31426185601143525,51.800625,52.968125,0.525,0.49744897959183676,0.0,0.0,,,,,
cont_5,120,45,OOS,74,0.185,0.4189189189189189,0.12837837837837837,-9.375,-0.4637075399948266,50.601351351351354,54.567567567567565,0.4189189189189189,0.36619718309859156,-0.1535810810810811,-3.6147466216216215,400.0,71.0,0.5725,3.743125,-0.08108108108108109
fade_5,120,45,OOS,74,0.185,0.581081081081081,-0.12837837837837837,9.375,0.4637075399948266,54.567567567567565,50.601351351351354,0.581081081081081,0.6338028169014085,0.008581081081081021,-3.8715033783783785,400.0,71.0,0.5725,3.743125,0.08108108108108103
cont_15,120,45,OOS,82,0.205,0.43902439024390244,2.600609756097561,-9.625,-0.3937680060928645,58.0640243902439,58.78353658536585,0.3780487804878049,0.46835443037974683,-0.13347560975609757,-1.142515243902439,400.0,79.0,0.5725,3.743125,-0.06097560975609756
fade_15,120,45,OOS,82,0.205,0.5609756097560976,-2.600609756097561,9.625,0.3937680060928645,58.78353658536585,58.0640243902439,0.6219512195121951,0.5316455696202531,-0.011524390243902394,-6.343734756097561,400.0,79.0,0.5725,3.743125,0.060975609756097615
cont_30,120,45,OOS,70,0.175,0.5142857142857142,1.9392857142857143,2.125,-0.09974399477546894,53.225,61.47857142857143,0.37142857142857144,0.391304347826087,-0.058214285714285774,-1.8038392857142858,400.0,69.0,0.5725,3.743125,0.014285714285714235
fade_30,120,45,OOS,70,0.175,0.4857142857142857,-1.9392857142857143,-2.125,0.09974399477546894,61.47857142857143,53.225,0.6285714285714286,0.6086956521739131,-0.0867857142857143,-5.682410714285714,400.0,69.0,0.5725,3.743125,-0.01428571428571429
UNCOND_LONG,120,60,OOS,400,1.0,0.56,2.7425,8.5,0.27841070825961367,59.181875,62.543125,0.5175,0.4961636828644501,0.0,0.0,,,,,
cont_5,120,60,OOS,74,0.185,0.43243243243243246,-2.5236486486486487,-12.625,-0.7512531741927245,60.027027027027025,65.38513513513513,0.3918918918918919,0.37142857142857144,-0.1275675675675676,-5.266148648648649,400.0,70.0,0.56,2.7425,-0.06756756756756754
fade_5,120,60,OOS,74,0.185,0.5675675675675675,2.5236486486486487,12.625,0.7512531741927245,65.38513513513513,60.027027027027025,0.6081081081081081,0.6285714285714286,0.00756756756756749,-0.21885135135135148,400.0,70.0,0.56,2.7425,0.06756756756756754
cont_15,120,60,OOS,82,0.205,0.43902439024390244,5.189024390243903,-7.125,-0.17412440558915682,72.6798780487805,67.15853658536585,0.3902439024390244,0.47435897435897434,-0.12097560975609761,2.4465243902439027,400.0,78.0,0.56,2.7425,-0.06097560975609756
fade_15,120,60,OOS,82,0.205,0.5609756097560976,-5.189024390243903,7.125,0.17412440558915682,67.15853658536585,72.6798780487805,0.6097560975609756,0.5256410256410257,0.0009756097560975618,-7.9315243902439025,400.0,78.0,0.56,2.7425,0.060975609756097615
cont_30,120,60,OOS,70,0.175,0.5571428571428572,6.2,12.25,0.06691485942307264,66.38571428571429,71.74285714285715,0.4,0.39705882352941174,-0.0028571428571428914,3.4575,400.0,68.0,0.56,2.7425,0.05714285714285716
fade_30,120,60,OOS,70,0.175,0.44285714285714284,-6.2,-12.25,-0.06691485942307264,71.74285714285715,66.38571428571429,0.6,0.6029411764705882,-0.11714285714285722,-8.9425,400.0,68.0,0.56,2.7425,-0.05714285714285716
UNCOND_LONG,135,5,IS,2352,1.0,0.4846938775510204,0.06792091836734694,0.0,0.006235550280738178,4.156143707482993,4.228635204081633,0.49022108843537415,0.4997355896351137,0.0,0.0,,,,,
cont_5,135,5,IS,471,0.2002551020408163,0.4394904458598726,-0.601380042462845,-0.25,-0.09181002936303431,4.257430997876858,4.664012738853503,0.45010615711252655,0.468586387434555,-0.045203431691147766,-0.669300960830192,2352.0,382.0,0.4846938775510204,0.06792091836734694,-0.060509554140127375
fade_5,135,5,IS,471,0.2002551020408163,0.5265392781316348,0.601380042462845,0.25,0.09181002936303431,4.664012738853503,4.257430997876858,0.524416135881104,0.5314136125654451,0.04184540058061442,0.5334591240954981,2352.0,382.0,0.4846938775510204,0.06792091836734694,0.026539278131634814
cont_15,135,5,IS,471,0.2002551020408163,0.4692144373673036,-0.14331210191082802,0.0,0.003937273552373192,4.416135881104034,4.596072186836518,0.4861995753715499,0.4666666666666667,-0.015479440183716775,-0.21123302027817498,2352.0,375.0,0.4846938775510204,0.06792091836734694,-0.030785562632696384
fade_15,135,5,IS,471,0.2002551020408163,0.49469214437367304,0.14331210191082802,0.0,-0.003937273552373192,4.596072186836518,4.416135881104034,0.4861995753715499,0.5333333333333333,0.009998266822652646,0.07539118354348108,2352.0,375.0,0.4846938775510204,0.06792091836734694,-0.005307855626326963
cont_30,135,5,IS,471,0.2002551020408163,0.4437367303609342,-0.006369426751592357,-0.25,-0.01667387372924986,4.527070063694268,4.45276008492569,0.45010615711252655,0.46684350132625996,-0.040957147190086196,-0.0742903451189393,2352.0,377.0,0.4846938775510204,0.06792091836734694,-0.056263269639065805
fade_30,135,5,IS,471,0.2002551020408163,0.5138004246284501,0.006369426751592357,0.25,0.01667387372924986,4.45276008492569,4.527070063694268,0.5180467091295117,0.53315649867374,0.029106547077429712,-0.061551491615754586,2352.0,377.0,0.4846938775510204,0.06792091836734694,0.013800424628450103
UNCOND_LONG,135,10,IS,2352,1.0,0.49489795918367346,0.10863095238095238,0.0,-0.0011691071880490305,5.834927721088436,5.991390306122449,0.49022108843537415,0.5035650623885918,0.0,0.0,,,,,
cont_5,135,10,IS,471,0.2002551020408163,0.4883227176220807,-0.89171974522293,0.0,-0.027118243319153298,5.84447983014862,6.571656050955414,0.4989384288747346,0.48672566371681414,-0.006575241561592782,-1.0003506976038823,2352.0,452.0,0.49489795918367346,0.10863095238095238,-0.011677282377919318
fade_5,135,10,IS,471,0.2002551020408163,0.4883227176220807,0.89171974522293,0.0,0.027118243319153298,6.571656050955414,5.84447983014862,0.4883227176220807,0.5132743362831859,-0.006575241561592782,0.7830887928419776,2352.0,452.0,0.49489795918367346,0.10863095238095238,-0.011677282377919318
cont_15,135,10,IS,471,0.2002551020408163,0.4883227176220807,-0.32908704883227174,0.0,0.08569618590588884,6.195329087048832,6.369957537154989,0.4968152866242038,0.4822222222222222,-0.006575241561592782,-0.43771800121322413,2352.0,450.0,0.49489795918367346,0.10863095238095238,-0.011677282377919318
fade_15,135,10,IS,471,0.2002551020408163,0.47558386411889597,0.32908704883227174,0.0,-0.08569618590588884,6.369957537154989,6.195329087048832,0.4840764331210191,0.5177777777777778,-0.019314095064777492,0.22045609645131936,2352.0,450.0,0.49489795918367346,0.10863095238095238,-0.02441613588110403
cont_30,135,10,IS,471,0.2002551020408163,0.43736730360934184,-0.8593418259023354,-0.5,-0.06318597002099119,6.323779193205945,6.452229299363057,0.46284501061571126,0.46860986547085204,-0.057530655574331624,-0.9679727782832879,2352.0,446.0,0.49489795918367346,0.10863095238095238,-0.06263269639065816
fade_30,135,10,IS,471,0.2002551020408163,0.535031847133758,0.8593418259023354,0.5,0.06318597002099119,6.452229299363057,6.323779193205945,0.5031847133757962,0.531390134529148,0.04013388795008449,0.750710873521383,2352.0,446.0,0.49489795918367346,0.10863095238095238,0.035031847133757954
UNCOND_LONG,135,15,IS,2352,1.0,0.5212585034013606,0.35778061224489793,0.25,0.05368850056709678,7.265731292517007,7.399022108843537,0.49489795918367346,0.5017286084701815,0.0,0.0,,,,,
cont_5,135,15,IS,471,0.2002551020408163,0.5010615711252654,-0.7388535031847133,0.25,0.060165339401543005,7.349256900212314,8.134288747346073,0.5307855626326964,0.49032258064516127,-0.020196932276095203,-1.0966341154296113,2352.0,465.0,0.5212585034013606,0.35778061224489793,0.0010615711252653925
fade_5,135,15,IS,471,0.2002551020408163,0.4840764331210191,0.7388535031847133,-0.25,-0.060165339401543005,8.134288747346073,7.349256900212314,0.445859872611465,0.5096774193548387,-0.037182070280341484,0.3810728909398154,2352.0,465.0,0.5212585034013606,0.35778061224489793,-0.015923566878980888
cont_15,135,15,IS,471,0.2002551020408163,0.5159235668789809,0.35987261146496813,0.25,0.2206235897705492,7.813163481953291,7.771231422505308,0.5095541401273885,0.47300215982721383,-0.005334936522379707,0.0020919992200701953,2352.0,463.0,0.5212585034013606,0.35778061224489793,0.015923566878980888
fade_15,135,15,IS,471,0.2002551020408163,0.47558386411889597,-0.35987261146496813,-0.25,-0.2206235897705492,7.771231422505308,7.813163481953291,0.46284501061571126,0.5269978401727862,-0.045674639282464624,-0.7176532237098661,2352.0,463.0,0.5212585034013606,0.35778061224489793,-0.02441613588110403
cont_30,135,15,IS,471,0.2002551020408163,0.46709129511677283,-0.4734607218683652,-0.25,0.02377122044742988,7.807324840764331,7.941082802547771,0.47558386411889597,0.4645161290322581,-0.054167208284587764,-0.8312413341132632,2352.0,465.0,0.5212585034013606,0.35778061224489793,-0.03290870488322717
fade_30,135,15,IS,471,0.2002551020408163,0.5159235668789809,0.4734607218683652,0.25,-0.02377122044742988,7.941082802547771,7.807324840764331,0.4989384288747346,0.535483870967742,-0.005334936522379707,0.11568010962346725,2352.0,465.0,0.5212585034013606,0.35778061224489793,0.015923566878980888
UNCOND_LONG,135,30,IS,2352,1.0,0.5267857142857143,0.40816326530612246,0.5,0.023766325554824646,10.16060799319728,10.438562925170068,0.5042517006802721,0.5012942191544435,0.0,0.0,,,,,
cont_5,135,30,IS,471,0.2002551020408163,0.4968152866242038,-0.3195329087048832,0.0,0.038618960363739505,11.003184713375797,11.34447983014862,0.5265392781316348,0.4892241379310345,-0.02997042766151048,-0.7276961740110057,2352.0,464.0,0.5267857142857143,0.40816326530612246,-0.0031847133757961776
fade_5,135,30,IS,471,0.2002551020408163,0.4840764331210191,0.3195329087048832,0.0,-0.038618960363739505,11.34447983014862,11.003184713375797,0.46709129511677283,0.5107758620689655,-0.04270928116469519,-0.08863035660123925,2352.0,464.0,0.5267857142857143,0.40816326530612246,-0.015923566878980888
cont_15,135,30,IS,471,0.2002551020408163,0.5010615711252654,0.7229299363057324,0.25,0.22277274895357482,11.476114649681529,10.14968152866242,0.5435244161358811,0.47300215982721383,-0.02572414316044891,0.31476667099961,2352.0,463.0,0.5267857142857143,0.40816326530612246,0.0010615711252653925
fade_15,135,30,IS,471,0.2002551020408163,0.49256900212314225,-0.7229299363057324,-0.25,-0.22277274895357482,10.14968152866242,11.476114649681529,0.45222929936305734,0.5269978401727862,-0.03421671216257205,-1.131093201611855,2352.0,463.0,0.5267857142857143,0.40816326530612246,-0.007430997876857748
cont_30,135,30,IS,471,0.2002551020408163,0.505307855626327,0.6698513800424628,0.25,0.25382513938219786,11.536624203821656,10.602972399150744,0.5010615711252654,0.4676724137931034,-0.02147785865938734,0.26168811473634035,2352.0,464.0,0.5267857142857143,0.40816326530612246,0.005307855626326963
fade_30,135,30,IS,471,0.2002551020408163,0.4861995753715499,-0.6698513800424628,-0.25,-0.25382513938219786,10.602972399150744,11.536624203821656,0.4861995753715499,0.5323275862068966,-0.040586138914164405,-1.0780146453485853,2352.0,464.0,0.5267857142857143,0.40816326530612246,-0.013800424628450103
UNCOND_LONG,135,45,IS,2352,1.0,0.5327380952380952,0.5581420068027211,1.0,0.07386217700895052,12.171875,12.599489795918368,0.5051020408163265,0.5012942191544435,0.0,0.0,,,,,
cont_5,135,45,IS,471,0.2002551020408163,0.4734607218683652,-1.346072186836518,-0.5,-0.016568998406696206,13.221868365180468,13.475053078556263,0.5201698513800425,0.4892241379310345,-0.059277373369730046,-1.904214193639239,2352.0,464.0,0.5327380952380952,0.5581420068027211,-0.026539278131634814
fade_5,135,45,IS,471,0.2002551020408163,0.5138004246284501,1.346072186836518,0.5,0.016568998406696206,13.475053078556263,13.221868365180468,0.4734607218683652,0.5107758620689655,-0.01893767060964513,0.7879301800337969,2352.0,464.0,0.5327380952380952,0.5581420068027211,0.013800424628450103
cont_15,135,45,IS,471,0.2002551020408163,0.5222929936305732,0.9814225053078556,1.0,0.3059203768264098,14.15339702760085,12.428874734607218,0.5307855626326964,0.47413793103448276,-0.01044510160752199,0.4232804985051345,2352.0,464.0,0.5327380952380952,0.5581420068027211,0.022292993630573243
fade_15,135,45,IS,471,0.2002551020408163,0.4713375796178344,-0.9814225053078556,-1.0,-0.3059203768264098,12.428874734607218,14.15339702760085,0.4607218683651805,0.5258620689655172,-0.06140051562026083,-1.5395645121105765,2352.0,464.0,0.5327380952380952,0.5581420068027211,-0.0286624203821656
cont_30,135,45,IS,471,0.2002551020408163,0.524416135881104,0.2234607218683652,1.0,0.2783186807517165,14.012738853503185,12.876857749469215,0.5010615711252654,0.46881720430107526,-0.008321959356991204,-0.3346812849343559,2352.0,465.0,0.5327380952380952,0.5581420068027211,0.02441613588110403
fade_30,135,45,IS,471,0.2002551020408163,0.4692144373673036,-0.2234607218683652,-1.0,-0.2783186807517165,12.876857749469215,14.012738853503185,0.49044585987261147,0.5311827956989247,-0.06352365787079162,-0.7816027286710863,2352.0,465.0,0.5327380952380952,0.5581420068027211,-0.030785562632696384
UNCOND_LONG,135,60,IS,2352,1.0,0.5255102040816326,0.6764455782312925,0.75,0.13092685440012378,13.822491496598639,14.363945578231293,0.5123299319727891,0.5010799136069114,0.0,0.0,,,,,
cont_5,135,60,IS,471,0.2002551020408163,0.49256900212314225,-0.8593418259023354,0.0,0.0992449432225274,14.917728237791932,15.277070063694268,0.535031847133758,0.490280777537797,-0.032941201958490374,-1.535787404133628,2352.0,463.0,0.5255102040816326,0.6764455782312925,-0.007430997876857748
fade_5,135,60,IS,471,0.2002551020408163,0.49469214437367304,0.8593418259023354,0.0,-0.0992449432225274,15.277070063694268,14.917728237791932,0.4607218683651805,0.509719222462203,-0.03081805970795959,0.18289624767104296,2352.0,463.0,0.5255102040816326,0.6764455782312925,-0.005307855626326963
cont_15,135,60,IS,471,0.2002551020408163,0.5180467091295117,0.40498938428874737,0.5,0.24086869447961493,16.07537154989384,14.456475583864119,0.524416135881104,0.47516198704103674,-0.007463494952120953,-0.2714561939425451,2352.0,463.0,0.5255102040816326,0.6764455782312925,0.018046709129511673
fade_15,135,60,IS,471,0.2002551020408163,0.4713375796178344,-0.40498938428874737,-0.5,-0.24086869447961493,14.456475583864119,16.07537154989384,0.46496815286624205,0.5248380129589633,-0.054172624463798225,-1.08143496252004,2352.0,463.0,0.5255102040816326,0.6764455782312925,-0.0286624203821656
cont_30,135,60,IS,471,0.2002551020408163,0.5095541401273885,-0.12791932059447983,0.5,0.32503647089409804,15.69692144373673,14.781847133757962,0.5307855626326964,0.4698275862068966,-0.015956063954244093,-0.8043648988257723,2352.0,464.0,0.5255102040816326,0.6764455782312925,0.009554140127388533
fade_30,135,60,IS,471,0.2002551020408163,0.4607218683651805,0.12791932059447983,-0.5,-0.32503647089409804,14.781847133757962,15.69692144373673,0.46284501061571126,0.5301724137931034,-0.06478833571645215,-0.5485262576368126,2352.0,464.0,0.5255102040816326,0.6764455782312925,-0.039278131634819524
UNCOND_LONG,135,5,Validation,753,1.0,0.5391766268260292,0.7264276228419655,1.25,0.07273865082265336,12.04316069057105,11.838645418326694,0.5073041168658698,0.4919614147909968,0.0,0.0,,,,,
cont_5,135,5,Validation,146,0.19389110225763612,0.5,1.1369863013698631,0.25,0.0919163199752055,13.251712328767123,12.195205479452055,0.5205479452054794,0.5390625,-0.03917662682602918,0.4105586785278976,753.0,128.0,0.5391766268260292,0.7264276228419655,0.0
fade_5,135,5,Validation,146,0.19389110225763612,0.4863013698630137,-1.1369863013698631,-0.25,-0.0919163199752055,12.195205479452055,13.251712328767123,0.4726027397260274,0.4609375,-0.05287525696301548,-1.8634139242118286,753.0,128.0,0.5391766268260292,0.7264276228419655,-0.0136986301369863
cont_15,135,5,Validation,145,0.19256308100929614,0.4827586206896552,0.2206896551724138,-0.25,-0.03365494503856623,12.846551724137932,12.668965517241379,0.503448275862069,0.49586776859504134,-0.05641800613637399,-0.5057379676695517,753.0,121.0,0.5391766268260292,0.7264276228419655,-0.017241379310344807
fade_15,135,5,Validation,145,0.19256308100929614,0.503448275862069,-0.2206896551724138,0.25,0.03365494503856623,12.668965517241379,12.846551724137932,0.4896551724137931,0.5041322314049587,-0.03572835096396021,-0.9471172780143793,753.0,121.0,0.5391766268260292,0.7264276228419655,0.0034482758620689724
cont_30,135,5,Validation,122,0.16201859229747675,0.5,-0.7807377049180327,0.25,-0.045183981724451615,12.086065573770492,12.192622950819672,0.5081967213114754,0.46,-0.03917662682602918,-1.5071653277599983,753.0,100.0,0.5391766268260292,0.7264276228419655,0.0
fade_30,135,5,Validation,122,0.16201859229747675,0.4918032786885246,0.7807377049180327,-0.25,0.045183981724451615,12.192622950819672,12.086065573770492,0.48360655737704916,0.54,-0.0473733481375046,0.054310082076067245,753.0,100.0,0.5391766268260292,0.7264276228419655,-0.008196721311475419
UNCOND_LONG,135,10,Validation,753,1.0,0.5590969455511288,1.7798804780876494,3.0,0.1591231670178712,16.957171314741036,16.33499335989376,0.5219123505976095,0.502724795640327,0.0,0.0,,,,,
cont_5,135,10,Validation,146,0.19389110225763612,0.5136986301369864,0.7003424657534246,1.25,0.059372935518506594,18.261986301369863,16.363013698630137,0.5205479452054794,0.5277777777777778,-0.04539831541414241,-1.0795380123342246,753.0,144.0,0.5590969455511288,1.7798804780876494,0.013698630136986356
fade_5,135,10,Validation,146,0.19389110225763612,0.4726027397260274,-0.7003424657534246,-1.25,-0.059372935518506594,16.363013698630137,18.261986301369863,0.4794520547945205,0.4722222222222222,-0.08649420582510137,-2.480222943841074,753.0,144.0,0.5590969455511288,1.7798804780876494,-0.0273972602739726
cont_15,135,10,Validation,145,0.19256308100929614,0.5172413793103449,1.7620689655172415,1.0,0.12848000603163098,17.425862068965518,17.25344827586207,0.4689655172413793,0.475177304964539,-0.041855566240783904,-0.017811512570407917,753.0,141.0,0.5590969455511288,1.7798804780876494,0.017241379310344862
fade_15,135,10,Validation,145,0.19256308100929614,0.4827586206896552,-1.7620689655172415,-1.0,-0.12848000603163098,17.25344827586207,17.425862068965518,0.5310344827586206,0.524822695035461,-0.07633832486147357,-3.541949443604891,753.0,141.0,0.5590969455511288,1.7798804780876494,-0.017241379310344807
cont_30,135,10,Validation,122,0.16201859229747675,0.5327868852459017,1.4651639344262295,2.25,0.1916469824301455,17.098360655737704,16.81967213114754,0.4918032786885246,0.475,-0.02631006030522709,-0.3147165436614199,753.0,120.0,0.5590969455511288,1.7798804780876494,0.032786885245901676
fade_30,135,10,Validation,122,0.16201859229747675,0.45901639344262296,-1.4651639344262295,-2.25,-0.1916469824301455,16.81967213114754,17.098360655737704,0.5081967213114754,0.525,-0.1000805521085058,-3.245044412513879,753.0,120.0,0.5590969455511288,1.7798804780876494,-0.04098360655737704
UNCOND_LONG,135,15,Validation,753,1.0,0.5351925630810093,1.046812749003984,2.25,0.09823314487607047,20.93492695883134,20.058764940239044,0.5351925630810093,0.5006729475100942,0.0,0.0,,,,,
cont_5,135,15,Validation,146,0.19389110225763612,0.4520547945205479,0.030821917808219176,-1.25,-0.034776427656864034,21.61986301369863,20.29280821917808,0.5205479452054794,0.5310344827586206,-0.08313776856046134,-1.0159908311957648,753.0,145.0,0.5351925630810093,1.046812749003984,-0.04794520547945208
fade_5,135,15,Validation,146,0.19389110225763612,0.547945205479452,-0.030821917808219176,1.25,0.034776427656864034,20.29280821917808,21.61986301369863,0.4794520547945205,0.4689655172413793,0.01275264239844276,-1.0776346668122032,753.0,145.0,0.5351925630810093,1.046812749003984,0.047945205479452024
cont_15,135,15,Validation,145,0.19256308100929614,0.503448275862069,2.2844827586206895,0.25,0.15254089513180774,22.063793103448276,20.351724137931033,0.4896551724137931,0.4896551724137931,-0.03174428721894029,1.2376700096167055,753.0,145.0,0.5351925630810093,1.046812749003984,0.0034482758620689724
fade_15,135,15,Validation,145,0.19256308100929614,0.496551724137931,-2.2844827586206895,-0.25,-0.15254089513180774,20.351724137931033,22.063793103448276,0.503448275862069,0.5103448275862069,-0.03864083894307824,-3.3312955076246737,753.0,145.0,0.5351925630810093,1.046812749003984,-0.0034482758620689724
cont_30,135,15,Validation,122,0.16201859229747675,0.5163934426229508,2.2889344262295084,1.125,0.22892786410707644,22.381147540983605,20.327868852459016,0.5245901639344263,0.4789915966386555,-0.018799120458058427,1.2421216772255244,753.0,119.0,0.5351925630810093,1.046812749003984,0.016393442622950838
fade_30,135,15,Validation,122,0.16201859229747675,0.48360655737704916,-2.2889344262295084,-1.125,-0.22892786410707644,20.327868852459016,22.381147540983605,0.4672131147540984,0.5210084033613446,-0.0515860057039601,-3.335747175233492,753.0,119.0,0.5351925630810093,1.046812749003984,-0.016393442622950838
UNCOND_LONG,135,30,Validation,753,1.0,0.49667994687915007,-0.6633466135458167,-0.25,-0.07289090858576693,28.045816733067728,29.245019920318725,0.49933598937583,0.5,0.0,0.0,,,,,
cont_5,135,30,Validation,146,0.19389110225763612,0.5205479452054794,2.256849315068493,2.625,0.11124706252541437,29.732876712328768,27.58219178082192,0.5342465753424658,0.5241379310344828,0.023867998326329354,2.9201959286143095,753.0,145.0,0.49667994687915007,-0.6633466135458167,0.020547945205479423
fade_5,135,30,Validation,146,0.19389110225763612,0.4794520547945205,-2.256849315068493,-2.625,-0.11124706252541437,27.58219178082192,29.732876712328768,0.4657534246575342,0.47586206896551725,-0.017227892084629548,-1.5935027015226764,753.0,145.0,0.49667994687915007,-0.6633466135458167,-0.02054794520547948
cont_15,135,30,Validation,145,0.19256308100929614,0.5517241379310345,5.337931034482758,3.0,0.2899753323853829,32.09655172413793,26.910344827586208,0.5379310344827586,0.4896551724137931,0.055044191051884406,6.001277648028575,753.0,145.0,0.49667994687915007,-0.6633466135458167,0.051724137931034475
fade_15,135,30,Validation,145,0.19256308100929614,0.4482758620689655,-5.337931034482758,-3.0,-0.2899753323853829,26.910344827586208,32.09655172413793,0.46206896551724136,0.5103448275862069,-0.048404084810184544,-4.674584420936942,753.0,145.0,0.49667994687915007,-0.6633466135458167,-0.051724137931034475
cont_30,135,30,Validation,122,0.16201859229747675,0.5573770491803278,2.2151639344262297,4.5,0.2408320603093963,31.079918032786885,27.645491803278688,0.5163934426229508,0.48333333333333334,0.06069710230117775,2.8785105479720463,753.0,120.0,0.49667994687915007,-0.6633466135458167,0.05737704918032782
fade_30,135,30,Validation,122,0.16201859229747675,0.4426229508196721,-2.2151639344262297,-4.5,-0.2408320603093963,27.645491803278688,31.079918032786885,0.48360655737704916,0.5166666666666667,-0.054056996059477946,-1.5518173208804131,753.0,120.0,0.49667994687915007,-0.6633466135458167,-0.05737704918032788
UNCOND_LONG,135,45,Validation,753,1.0,0.5086321381142098,-0.5106241699867198,1.0,-0.06070986563740174,33.375830013280215,35.449203187250994,0.4860557768924303,0.4993234100135318,0.0,0.0,,,,,
cont_5,135,45,Validation,146,0.19389110225763612,0.5342465753424658,-0.4160958904109589,3.125,0.02911319114201981,35.476027397260275,32.38356164383562,0.5136986301369864,0.5241379310344828,0.02561443722825596,0.09452827957576088,753.0,145.0,0.5086321381142098,-0.5106241699867198,0.03424657534246578
fade_5,135,45,Validation,146,0.19389110225763612,0.4657534246575342,0.4160958904109589,-3.125,-0.02911319114201981,32.38356164383562,35.476027397260275,0.4863013698630137,0.47586206896551725,-0.0428787134566756,0.9267200603976786,753.0,145.0,0.5086321381142098,-0.5106241699867198,-0.03424657534246578
cont_15,135,45,Validation,145,0.19256308100929614,0.5310344827586206,3.2913793103448277,3.75,0.14988678515109585,38.389655172413796,32.574137931034485,0.5379310344827586,0.4896551724137931,0.02240234464441082,3.8020034803315474,753.0,145.0,0.5086321381142098,-0.5106241699867198,0.03103448275862064
fade_15,135,45,Validation,145,0.19256308100929614,0.4689655172413793,-3.2913793103448277,-3.75,-0.14988678515109585,32.574137931034485,38.389655172413796,0.46206896551724136,0.5103448275862069,-0.039666620872830516,-2.780755140358108,753.0,145.0,0.5086321381142098,-0.5106241699867198,-0.031034482758620696
cont_30,135,45,Validation,122,0.16201859229747675,0.5573770491803278,1.4487704918032787,3.375,0.26197444017359556,36.549180327868854,33.075819672131146,0.5081967213114754,0.48333333333333334,0.048744911066118,1.9593946617899984,753.0,120.0,0.5086321381142098,-0.5106241699867198,0.05737704918032782
fade_30,135,45,Validation,122,0.16201859229747675,0.4426229508196721,-1.4487704918032787,-3.375,-0.26197444017359556,33.075819672131146,36.549180327868854,0.4918032786885246,0.5166666666666667,-0.0660091872945377,-0.9381463218165589,753.0,120.0,0.5086321381142098,-0.5106241699867198,-0.05737704918032788
UNCOND_LONG,135,60,Validation,753,1.0,0.5205843293492696,-0.30245683930942896,2.0,-0.03279561918516277,37.50464807436919,40.17529880478088,0.4820717131474104,0.49795918367346936,0.0,0.0,,,,,
cont_5,135,60,Validation,146,0.19389110225763612,0.5136986301369864,-0.7654109589041096,0.375,-0.016284254395889985,38.76883561643836,36.85787671232877,0.5068493150684932,0.5208333333333334,-0.006885699212283214,-0.46295411959468064,753.0,144.0,0.5205843293492696,-0.30245683930942896,0.013698630136986356
fade_5,135,60,Validation,146,0.19389110225763612,0.4863013698630137,0.7654109589041096,-0.375,0.016284254395889985,36.85787671232877,38.76883561643836,0.4931506849315068,0.4791666666666667,-0.03428295948625587,1.0678677982135385,753.0,144.0,0.5205843293492696,-0.30245683930942896,-0.0136986301369863
cont_15,135,60,Validation,145,0.19256308100929614,0.47586206896551725,-0.753448275862069,-2.0,-0.1399784755000857,41.439655172413794,37.172413793103445,0.5379310344827586,0.4896551724137931,-0.04472226038375232,-0.45099143655264,753.0,145.0,0.5205843293492696,-0.30245683930942896,-0.02413793103448275
fade_15,135,60,Validation,145,0.19256308100929614,0.5241379310344828,0.753448275862069,2.0,0.1399784755000857,37.172413793103445,41.439655172413794,0.46206896551724136,0.5103448275862069,0.003553601685213237,1.055905115171498,753.0,145.0,0.5205843293492696,-0.30245683930942896,0.024137931034482807
cont_30,135,60,Validation,122,0.16201859229747675,0.4918032786885246,-3.4672131147540983,-1.625,-0.07046695677951888,39.82172131147541,38.30532786885246,0.5163934426229508,0.4789915966386555,-0.02878105066074499,-3.1647562754446694,753.0,119.0,0.5205843293492696,-0.30245683930942896,-0.008196721311475419
fade_30,135,60,Validation,122,0.16201859229747675,0.5081967213114754,3.4672131147540983,1.625,0.07046695677951888,38.30532786885246,39.82172131147541,0.48360655737704916,0.5210084033613446,-0.012387608037794151,3.7696699540635272,753.0,119.0,0.5205843293492696,-0.30245683930942896,0.008196721311475419
UNCOND_LONG,135,5,OOS,400,1.0,0.505,-0.303125,0.5,0.05141072653648138,17.803125,18.669375,0.5025,0.4716417910447761,0.0,0.0,,,,,
cont_5,135,5,OOS,74,0.185,0.36486486486486486,-7.138513513513513,-7.375,-0.26189421612137187,15.483108108108109,24.97635135135135,0.3918918918918919,0.3787878787878788,-0.14013513513513515,-6.8353885135135135,400.0,66.0,0.505,-0.303125,-0.13513513513513514
fade_5,135,5,OOS,74,0.185,0.6351351351351351,7.138513513513513,7.375,0.26189421612137187,24.97635135135135,15.483108108108109,0.5945945945945946,0.6212121212121212,0.13013513513513508,7.441638513513513,400.0,66.0,0.505,-0.303125,0.1351351351351351
cont_15,135,5,OOS,77,0.1925,0.4155844155844156,-2.5454545454545454,-2.25,-0.09154300868496497,19.01948051948052,19.655844155844157,0.5064935064935064,0.49206349206349204,-0.08941558441558439,-2.2423295454545453,400.0,63.0,0.505,-0.303125,-0.08441558441558439
fade_15,135,5,OOS,77,0.1925,0.5844155844155844,2.5454545454545454,2.25,0.09154300868496497,19.655844155844157,19.01948051948052,0.4935064935064935,0.5079365079365079,0.07941558441558438,2.8485795454545455,400.0,63.0,0.505,-0.303125,0.08441558441558439
cont_30,135,5,OOS,69,0.1725,0.4927536231884058,-1.6920289855072463,0.0,-0.14500164286633127,16.934782608695652,19.409420289855074,0.5072463768115942,0.45614035087719296,-0.012246376811594184,-1.3889039855072465,400.0,57.0,0.505,-0.303125,-0.00724637681159418
fade_30,135,5,OOS,69,0.1725,0.4927536231884058,1.6920289855072463,0.0,0.14500164286633127,19.409420289855074,16.934782608695652,0.4927536231884058,0.543859649122807,-0.012246376811594184,1.9951539855072462,400.0,57.0,0.505,-0.303125,-0.00724637681159418
UNCOND_LONG,135,10,OOS,400,1.0,0.5475,0.8475,2.75,0.15346342688122291,25.011875,25.94125,0.5125,0.4780361757105943,0.0,0.0,,,,,
cont_5,135,10,OOS,74,0.185,0.4594594594594595,-5.844594594594595,-2.375,-0.19414458433714482,22.841216216216218,31.739864864864863,0.4189189189189189,0.3972602739726027,-0.0880405405405405,-6.692094594594595,400.0,73.0,0.5475,0.8475,-0.040540540540540515
fade_5,135,10,OOS,74,0.185,0.5405405405405406,5.844594594594595,2.375,0.19414458433714482,31.739864864864863,22.841216216216218,0.581081081081081,0.6027397260273972,-0.006959459459459416,4.997094594594595,400.0,73.0,0.5475,0.8475,0.04054054054054057
cont_15,135,10,OOS,77,0.1925,0.4675324675324675,-2.905844155844156,-0.25,-0.11025773706977667,26.86038961038961,28.376623376623378,0.4675324675324675,0.4868421052631579,-0.07996753246753247,-3.753344155844156,400.0,76.0,0.5475,0.8475,-0.03246753246753248
fade_15,135,10,OOS,77,0.1925,0.5064935064935064,2.905844155844156,0.25,0.11025773706977667,28.376623376623378,26.86038961038961,0.5194805194805194,0.5131578947368421,-0.041006493506493547,2.0583441558441558,400.0,76.0,0.5475,0.8475,0.00649350649350644
cont_30,135,10,OOS,69,0.1725,0.463768115942029,-0.358695652173913,0.0,-0.13863565358279936,26.721014492753625,27.579710144927535,0.4782608695652174,0.4782608695652174,-0.083731884057971,-1.206195652173913,400.0,69.0,0.5475,0.8475,-0.03623188405797101
fade_30,135,10,OOS,69,0.1725,0.4927536231884058,0.358695652173913,0.0,0.13863565358279936,27.579710144927535,26.721014492753625,0.5072463768115942,0.5217391304347826,-0.054746376811594166,-0.488804347826087,400.0,69.0,0.5475,0.8475,-0.00724637681159418
UNCOND_LONG,135,15,OOS,400,1.0,0.5025,-0.799375,0.625,0.00875719620647517,29.861875,32.575625,0.4975,0.47715736040609136,0.0,0.0,,,,,
cont_5,135,15,OOS,74,0.185,0.4864864864864865,-5.033783783783784,-0.625,-0.14767014511435061,27.20945945945946,36.692567567567565,0.4594594594594595,0.3972602739726027,-0.016013513513513433,-4.234408783783785,400.0,73.0,0.5025,-0.799375,-0.013513513513513487
fade_5,135,15,OOS,74,0.185,0.5135135135135135,5.033783783783784,0.625,0.14767014511435061,36.692567567567565,27.20945945945946,0.5405405405405406,0.6027397260273972,0.01101351351351354,5.833158783783784,400.0,73.0,0.5025,-0.799375,0.013513513513513487
cont_15,135,15,OOS,77,0.1925,0.5324675324675324,3.425324675324675,3.5,0.29543178644484863,35.29220779220779,34.25974025974026,0.4935064935064935,0.4868421052631579,0.029967532467532476,4.2246996753246755,400.0,76.0,0.5025,-0.799375,0.03246753246753242
fade_15,135,15,OOS,77,0.1925,0.45454545454545453,-3.425324675324675,-3.5,-0.29543178644484863,34.25974025974026,35.29220779220779,0.5064935064935064,0.5131578947368421,-0.047954545454545416,-2.625949675324675,400.0,76.0,0.5025,-0.799375,-0.04545454545454547
cont_30,135,15,OOS,69,0.1725,0.4927536231884058,2.050724637681159,-0.5,-0.10341402033610252,34.416666666666664,34.10144927536232,0.4492753623188406,0.4782608695652174,-0.009746376811594126,2.850099637681159,400.0,69.0,0.5025,-0.799375,-0.00724637681159418
fade_30,135,15,OOS,69,0.1725,0.5072463768115942,-2.050724637681159,0.5,0.10341402033610252,34.10144927536232,34.416666666666664,0.5507246376811594,0.5217391304347826,0.004746376811594288,-1.2513496376811593,400.0,69.0,0.5025,-0.799375,0.007246376811594235
UNCOND_LONG,135,30,OOS,400,1.0,0.5625,2.1575,6.625,0.23665498146274705,41.25375,42.645625,0.5225,0.4782608695652174,0.0,0.0,,,,,
cont_5,135,30,OOS,74,0.185,0.43243243243243246,-10.091216216216216,-7.5,-0.5174968518086207,36.37162162162162,48.03378378378378,0.4594594594594595,0.38028169014084506,-0.13006756756756754,-12.248716216216216,400.0,71.0,0.5625,2.1575,-0.06756756756756754
fade_5,135,30,OOS,74,0.185,0.5675675675675675,10.091216216216216,7.5,0.5174968518086207,48.03378378378378,36.37162162162162,0.5405405405405406,0.6197183098591549,0.0050675675675675436,7.933716216216215,400.0,71.0,0.5625,2.1575,0.06756756756756754
cont_15,135,30,OOS,77,0.1925,0.5064935064935064,-0.2922077922077922,2.75,0.1269563668016776,46.422077922077925,44.18181818181818,0.4805194805194805,0.4868421052631579,-0.05600649350649356,-2.4497077922077923,400.0,76.0,0.5625,2.1575,0.00649350649350644
fade_15,135,30,OOS,77,0.1925,0.4935064935064935,0.2922077922077922,-2.75,-0.1269563668016776,44.18181818181818,46.422077922077925,0.5194805194805194,0.5131578947368421,-0.0689935064935065,-1.865292207792208,400.0,76.0,0.5625,2.1575,-0.006493506493506496
cont_30,135,30,OOS,69,0.1725,0.4057971014492754,3.1231884057971016,-2.5,-0.3485852759885653,44.80434782608695,43.880434782608695,0.4057971014492754,0.4782608695652174,-0.1567028985507246,0.9656884057971014,400.0,69.0,0.5625,2.1575,-0.09420289855072461
fade_30,135,30,OOS,69,0.1725,0.5942028985507246,-3.1231884057971016,2.5,0.3485852759885653,43.880434782608695,44.80434782608695,0.5942028985507246,0.5217391304347826,0.03170289855072461,-5.280688405797102,400.0,69.0,0.5625,2.1575,0.09420289855072461
UNCOND_LONG,135,45,OOS,400,1.0,0.5425,1.156875,4.875,0.1926446298903607,50.00375,53.626875,0.52,0.4794871794871795,0.0,0.0,,,,,
cont_5,135,45,OOS,74,0.185,0.44594594594594594,-8.621621621621621,-2.25,-0.41344583048907424,45.270270270270274,56.347972972972975,0.43243243243243246,0.38028169014084506,-0.09655405405405404,-9.77849662162162,400.0,71.0,0.5425,1.156875,-0.05405405405405406
fade_5,135,45,OOS,74,0.185,0.5540540540540541,8.621621621621621,2.25,0.41344583048907424,56.347972972972975,45.270270270270274,0.5675675675675675,0.6197183098591549,0.011554054054054075,7.464746621621621,400.0,71.0,0.5425,1.156875,0.05405405405405406
cont_15,135,45,OOS,77,0.1925,0.5324675324675324,3.8733766233766236,5.0,0.36563989918344864,57.58116883116883,52.074675324675326,0.5584415584415584,0.49333333333333335,-0.01003246753246756,2.7165016233766233,400.0,75.0,0.5425,1.156875,0.03246753246753242
fade_15,135,45,OOS,77,0.1925,0.4675324675324675,-3.8733766233766236,-5.0,-0.36563989918344864,52.074675324675326,57.58116883116883,0.42857142857142855,0.5066666666666667,-0.07496753246753246,-5.030251623376624,400.0,75.0,0.5425,1.156875,-0.03246753246753248
cont_30,135,45,OOS,69,0.1725,0.463768115942029,5.706521739130435,-1.0,-0.14447650225269168,57.869565217391305,53.58695652173913,0.4492753623188406,0.4852941176470588,-0.07873188405797099,4.549646739130434,400.0,68.0,0.5425,1.156875,-0.03623188405797101
fade_30,135,45,OOS,69,0.1725,0.5362318840579711,-5.706521739130435,1.0,0.14447650225269168,53.58695652173913,57.869565217391305,0.5362318840579711,0.5147058823529411,-0.006268115942028918,-6.863396739130435,400.0,68.0,0.5425,1.156875,0.036231884057971064
UNCOND_LONG,135,60,OOS,400,1.0,0.51,-1.678125,2.5,0.04771129818589557,55.781875,61.909375,0.4975,0.4794871794871795,0.0,0.0,,,,,
cont_5,135,60,OOS,74,0.185,0.47297297297297297,-7.841216216216216,-8.0,-0.39236052460455273,50.32432432432432,63.32432432432432,0.40540540540540543,0.38028169014084506,-0.03702702702702704,-6.163091216216216,400.0,71.0,0.51,-1.678125,-0.02702702702702703
fade_5,135,60,OOS,74,0.185,0.527027027027027,7.841216216216216,8.0,0.39236052460455273,63.32432432432432,50.32432432432432,0.5945945945945946,0.6197183098591549,0.017027027027026964,9.519341216216215,400.0,71.0,0.51,-1.678125,0.027027027027026973
cont_15,135,60,OOS,77,0.1925,0.5194805194805194,7.753246753246753,1.25,0.4597463161596177,65.65259740259741,57.51623376623377,0.5454545454545454,0.49333333333333335,0.009480519480519423,9.431371753246752,400.0,75.0,0.51,-1.678125,0.01948051948051943
fade_15,135,60,OOS,77,0.1925,0.4805194805194805,-7.753246753246753,-1.25,-0.4597463161596177,57.51623376623377,65.65259740259741,0.44155844155844154,0.5066666666666667,-0.029480519480519496,-6.075121753246753,400.0,75.0,0.51,-1.678125,-0.019480519480519487
cont_30,135,60,OOS,69,0.1725,0.4782608695652174,8.706521739130435,-3.0,-0.043527012618026314,67.48550724637681,61.43478260869565,0.42028985507246375,0.4852941176470588,-0.0317391304347826,10.384646739130435,400.0,68.0,0.51,-1.678125,-0.021739130434782594
fade_30,135,60,OOS,69,0.1725,0.5217391304347826,-8.706521739130435,3.0,0.043527012618026314,61.43478260869565,67.48550724637681,0.5652173913043478,0.5147058823529411,0.011739130434782585,-7.028396739130436,400.0,68.0,0.51,-1.678125,0.021739130434782594
UNCOND_LONG,150,5,IS,2352,1.0,0.48214285714285715,-0.006590136054421769,0.0,-0.0019939101826818894,4.119579081632653,4.355548469387755,0.4766156462585034,0.48972431077694234,0.0,0.0,,,,,
cont_5,150,5,IS,471,0.2002551020408163,0.4819532908704883,0.31263269639065816,0.0,0.023423721786346333,4.733545647558387,4.211783439490445,0.47558386411889597,0.4630541871921182,-0.00018956627236882406,0.31922283244507993,2352.0,406.0,0.48214285714285715,-0.006590136054421769,-0.018046709129511673
fade_5,150,5,IS,471,0.2002551020408163,0.4861995753715499,-0.31263269639065816,0.0,-0.023423721786346333,4.211783439490445,4.733545647558387,0.5116772823779193,0.5369458128078818,0.004056718228692746,-0.3060425603362364,2352.0,406.0,0.48214285714285715,-0.006590136054421769,-0.013800424628450103
cont_15,150,5,IS,471,0.2002551020408163,0.4416135881104034,-0.0875796178343949,-0.25,-0.017046627497809237,4.425690021231422,4.317409766454352,0.43736730360934184,0.4427860696517413,-0.04052926903245374,-0.08098948177997313,2352.0,402.0,0.48214285714285715,-0.006590136054421769,-0.05838641188959659
fade_15,150,5,IS,471,0.2002551020408163,0.5180467091295117,0.0875796178343949,0.25,0.017046627497809237,4.317409766454352,4.425690021231422,0.5371549893842887,0.5572139303482587,0.03590385198665452,0.09416975388881667,2352.0,402.0,0.48214285714285715,-0.006590136054421769,0.018046709129511673
cont_30,150,5,IS,471,0.2002551020408163,0.445859872611465,-0.17887473460721867,-0.25,-0.019707174239508674,4.420382165605096,4.6130573248407645,0.43736730360934184,0.43828715365239296,-0.03628298453139217,-0.1722845985527969,2352.0,397.0,0.48214285714285715,-0.006590136054421769,-0.05414012738853502
fade_30,150,5,IS,471,0.2002551020408163,0.5265392781316348,0.17887473460721867,0.25,0.019707174239508674,4.6130573248407645,4.420382165605096,0.5265392781316348,0.5617128463476071,0.04439642098877766,0.18546487066164044,2352.0,397.0,0.48214285714285715,-0.006590136054421769,0.026539278131634814
UNCOND_LONG,150,10,IS,2352,1.0,0.48639455782312924,-0.024022108843537414,0.0,-0.028891283727152644,5.626062925170068,6.060693027210885,0.48086734693877553,0.48939929328621906,0.0,0.0,,,,,
cont_5,150,10,IS,471,0.2002551020408163,0.4564755838641189,0.5658174097664543,-0.25,-0.0013961759649473648,6.791932059447983,5.685244161358811,0.4861995753715499,0.47191011235955055,-0.02991897395901033,0.5898395186099917,2352.0,445.0,0.48639455782312924,-0.024022108843537414,-0.043524416135881094
fade_5,150,10,IS,471,0.2002551020408163,0.5180467091295117,-0.5658174097664543,0.25,0.0013961759649473648,5.685244161358811,6.791932059447983,0.49469214437367304,0.5280898876404494,0.03165215130638244,-0.541795300922917,2352.0,445.0,0.48639455782312924,-0.024022108843537414,0.018046709129511673
cont_15,150,10,IS,471,0.2002551020408163,0.45010615711252655,0.24150743099787686,-0.5,0.016879885434829843,6.361464968152866,5.93099787685775,0.4585987261146497,0.4411764705882353,-0.036288400710602686,0.26552953984141425,2352.0,442.0,0.48639455782312924,-0.024022108843537414,-0.04989384288747345
fade_15,150,10,IS,471,0.2002551020408163,0.5329087048832272,-0.24150743099787686,0.5,-0.016879885434829843,5.93099787685775,6.361464968152866,0.5201698513800425,0.5588235294117647,0.04651414706009793,-0.21748532215433944,2352.0,442.0,0.48639455782312924,-0.024022108843537414,0.03290870488322717
cont_30,150,10,IS,471,0.2002551020408163,0.46709129511677283,0.43365180467091297,-0.5,0.032109130767028086,6.367834394904459,5.975053078556264,0.4607218683651805,0.4533333333333333,-0.019303262706356406,0.45767391351445036,2352.0,450.0,0.48639455782312924,-0.024022108843537414,-0.03290870488322717
fade_30,150,10,IS,471,0.2002551020408163,0.5222929936305732,-0.43365180467091297,0.5,-0.032109130767028086,5.975053078556264,6.367834394904459,0.5201698513800425,0.5466666666666666,0.03589843580744401,-0.4096296958273756,2352.0,450.0,0.48639455782312924,-0.024022108843537414,0.022292993630573243
UNCOND_LONG,150,15,IS,2352,1.0,0.5068027210884354,0.043473639455782316,0.25,-0.033235927893718153,6.808673469387755,7.284651360544218,0.48639455782312924,0.49285404937202254,0.0,0.0,,,,,
cont_5,150,15,IS,471,0.2002551020408163,0.43524416135881105,0.25636942675159236,-0.5,0.024652680568610325,8.079087048832271,7.1406581740976645,0.4883227176220807,0.47702407002188185,-0.07155855972962433,0.21289578729581005,2352.0,457.0,0.5068027210884354,0.043473639455782316,-0.06475583864118895
fade_5,150,15,IS,471,0.2002551020408163,0.5371549893842887,-0.25636942675159236,0.5,-0.024652680568610325,7.1406581740976645,8.079087048832271,0.4861995753715499,0.5229759299781181,0.030352268295853357,-0.29984306620737466,2352.0,457.0,0.5068027210884354,0.043473639455782316,0.03715498938428874
cont_15,150,15,IS,471,0.2002551020408163,0.4692144373673036,-0.08970276008492568,-0.5,0.057922324341650455,7.596072186836518,7.166666666666667,0.4692144373673036,0.44026548672566373,-0.037588283721131766,-0.133176399540708,2352.0,452.0,0.5068027210884354,0.043473639455782316,-0.030785562632696384
fade_15,150,15,IS,471,0.2002551020408163,0.5180467091295117,0.08970276008492568,0.5,-0.057922324341650455,7.166666666666667,7.596072186836518,0.5138004246284501,0.5597345132743363,0.011243988041076292,0.04622912062914337,2352.0,452.0,0.5068027210884354,0.043473639455782316,0.018046709129511673
cont_30,150,15,IS,471,0.2002551020408163,0.4437367303609342,0.014861995753715499,-0.5,0.12484325894914018,7.817940552016985,7.33864118895966,0.4585987261146497,0.4497816593886463,-0.06306599072750119,-0.028611643702066817,2352.0,458.0,0.5068027210884354,0.043473639455782316,-0.056263269639065805
fade_30,150,15,IS,471,0.2002551020408163,0.5477707006369427,-0.014861995753715499,0.5,-0.12484325894914018,7.33864118895966,7.817940552016985,0.524416135881104,0.5502183406113537,0.04096797954850728,-0.05833563520949782,2352.0,458.0,0.5068027210884354,0.043473639455782316,0.047770700636942665
UNCOND_LONG,150,30,IS,2352,1.0,0.5153061224489796,0.19345238095238096,0.5,0.013251492891855144,9.452699829931973,10.18686224489796,0.502125850340136,0.49181034482758623,0.0,0.0,,,,,
cont_5,150,30,IS,471,0.2002551020408163,0.47983014861995754,0.4267515923566879,-0.25,0.07697198142623293,10.992569002123142,10.35828025477707,0.4734607218683652,0.4772234273318872,-0.03547597382902201,0.23329921140430696,2352.0,461.0,0.5153061224489796,0.19345238095238096,-0.02016985138004246
fade_5,150,30,IS,471,0.2002551020408163,0.5031847133757962,-0.4267515923566879,0.25,-0.07697198142623293,10.35828025477707,10.992569002123142,0.5074309978768577,0.5227765726681128,-0.012121409073183376,-0.6202039733090688,2352.0,461.0,0.5153061224489796,0.19345238095238096,0.0031847133757961776
cont_15,150,30,IS,471,0.2002551020408163,0.47770700636942676,0.49416135881104034,-0.25,0.18633446206808085,10.718152866242038,9.833333333333334,0.5010615711252654,0.4407894736842105,-0.0375991160795528,0.30070897785865935,2352.0,456.0,0.5153061224489796,0.19345238095238096,-0.022292993630573243
fade_15,150,30,IS,471,0.2002551020408163,0.5074309978768577,-0.49416135881104034,0.25,-0.18633446206808085,9.833333333333334,10.718152866242038,0.49256900212314225,0.5592105263157895,-0.007875124572121805,-0.6876137397634213,2352.0,456.0,0.5153061224489796,0.19345238095238096,0.007430997876857748
cont_30,150,30,IS,471,0.2002551020408163,0.4883227176220807,-0.16932059447983014,0.0,0.22914170635286635,10.859872611464969,10.235138004246284,0.4968152866242038,0.45217391304347826,-0.02698340482689887,-0.3627729754322111,2352.0,460.0,0.5153061224489796,0.19345238095238096,-0.011677282377919318
fade_30,150,30,IS,471,0.2002551020408163,0.49469214437367304,0.16932059447983014,0.0,-0.22914170635286635,10.235138004246284,10.859872611464969,0.4968152866242038,0.5478260869565217,-0.020613978075306516,-0.02413178647255082,2352.0,460.0,0.5153061224489796,0.19345238095238096,-0.005307855626326963
UNCOND_LONG,150,45,IS,2352,1.0,0.5454931972789115,0.3117559523809524,1.0,0.07395582767908618,11.477147108843537,12.27264030612245,0.5097789115646258,0.4915766738660907,0.0,0.0,,,,,
cont_5,150,45,IS,471,0.2002551020408163,0.4607218683651805,0.6634819532908705,-0.75,-0.02931716109032773,13.56104033970276,12.385350318471337,0.4861995753715499,0.4772234273318872,-0.08477132891373107,0.35172600090991807,2352.0,461.0,0.5454931972789115,0.3117559523809524,-0.039278131634819524
fade_5,150,45,IS,471,0.2002551020408163,0.5222929936305732,-0.6634819532908705,0.75,0.02931716109032773,12.385350318471337,13.56104033970276,0.5010615711252654,0.5227765726681128,-0.023200203648338302,-0.9752379056718228,2352.0,461.0,0.5454931972789115,0.3117559523809524,0.022292993630573243
cont_15,150,45,IS,471,0.2002551020408163,0.47770700636942676,0.8407643312101911,-0.5,0.08622675921688011,13.213906581740977,11.831740976645435,0.5095541401273885,0.44175824175824174,-0.06778619090948479,0.5290083788292388,2352.0,455.0,0.5454931972789115,0.3117559523809524,-0.022292993630573243
fade_15,150,45,IS,471,0.2002551020408163,0.5159235668789809,-0.8407643312101911,0.5,-0.08622675921688011,11.831740976645435,13.213906581740977,0.4861995753715499,0.5582417582417583,-0.029569630399930658,-1.1525202835911434,2352.0,455.0,0.5454931972789115,0.3117559523809524,0.015923566878980888
cont_30,150,45,IS,471,0.2002551020408163,0.49256900212314225,-0.03397027600849257,-0.25,0.18954911845910283,12.97823779193206,12.355095541401274,0.5031847133757962,0.45414847161572053,-0.052924195155769294,-0.34572622838944495,2352.0,458.0,0.5454931972789115,0.3117559523809524,-0.007430997876857748
fade_30,150,45,IS,471,0.2002551020408163,0.5010615711252654,0.03397027600849257,0.25,-0.18954911845910283,12.355095541401274,12.97823779193206,0.4883227176220807,0.5458515283842795,-0.04443162615364615,-0.2777856763724598,2352.0,458.0,0.5454931972789115,0.3117559523809524,0.0010615711252653925
UNCOND_LONG,150,60,IS,2352,1.0,0.5348639455782312,0.23065476190476192,1.0,0.06579777651054758,12.928465136054422,14.046981292517007,0.5089285714285714,0.49178200692041524,0.0,0.0,,,,,
cont_5,150,60,IS,471,0.2002551020408163,0.4861995753715499,0.9442675159235668,-0.25,-0.004270421098532779,15.501061571125266,13.832271762208068,0.4989384288747346,0.4772234273318872,-0.04866437020668135,0.7136127540188049,2352.0,461.0,0.5348639455782312,0.23065476190476192,-0.013800424628450103
fade_5,150,60,IS,471,0.2002551020408163,0.505307855626327,-0.9442675159235668,0.25,0.004270421098532779,13.832271762208068,15.501061571125266,0.4968152866242038,0.5227765726681128,-0.029556089951904285,-1.1749222778283288,2352.0,461.0,0.5348639455782312,0.23065476190476192,0.005307855626326963
cont_15,150,60,IS,471,0.2002551020408163,0.49044585987261147,1.0615711252653928,-0.25,0.12441856905917538,15.424097664543524,13.286093418259023,0.5201698513800425,0.44175824175824174,-0.04441808570561978,0.8309163633606309,2352.0,455.0,0.5348639455782312,0.23065476190476192,-0.009554140127388533
fade_15,150,60,IS,471,0.2002551020408163,0.5074309978768577,-1.0615711252653928,0.25,-0.12441856905917538,13.286093418259023,15.424097664543524,0.4734607218683652,0.5582417582417583,-0.0274329477013735,-1.2922258871701546,2352.0,455.0,0.5348639455782312,0.23065476190476192,0.007430997876857748
cont_30,150,60,IS,471,0.2002551020408163,0.4968152866242038,0.3322717622080679,0.0,0.2209602832093831,14.82643312101911,13.590764331210192,0.5010615711252654,0.45414847161572053,-0.038048658954027426,0.101617000303306,2352.0,458.0,0.5348639455782312,0.23065476190476192,-0.0031847133757961776
fade_30,150,60,IS,471,0.2002551020408163,0.4989384288747346,-0.3322717622080679,0.0,-0.2209602832093831,13.590764331210192,14.82643312101911,0.4883227176220807,0.5458515283842795,-0.03592551670349664,-0.5629265241128298,2352.0,458.0,0.5348639455782312,0.23065476190476192,-0.0010615711252653925
UNCOND_LONG,150,5,Validation,753,1.0,0.4594953519256308,-1.3934262948207172,-1.5,-0.1615829544797702,11.354249667994688,12.74800796812749,0.4581673306772908,0.4722222222222222,0.0,0.0,,,,,
cont_5,150,5,Validation,136,0.1806108897742364,0.4632352941176471,-1.4227941176470589,-1.0,-0.05906155166175585,11.659926470588236,12.742647058823529,0.5,0.5083333333333333,0.003739942192016288,-0.02936782282634165,753.0,120.0,0.4594953519256308,-1.3934262948207172,-0.03676470588235292
fade_5,150,5,Validation,136,0.1806108897742364,0.5220588235294118,1.4227941176470589,1.0,0.05906155166175585,12.742647058823529,11.659926470588236,0.5,0.49166666666666664,0.062563471603781,2.816220412467776,753.0,120.0,0.4594953519256308,-1.3934262948207172,0.022058823529411797
cont_15,150,5,Validation,149,0.19787516600265603,0.40268456375838924,-3.523489932885906,-3.5,-0.30957544655526453,9.783557046979865,13.270134228187919,0.3959731543624161,0.4094488188976378,-0.056810788167241555,-2.130063638065189,753.0,127.0,0.4594953519256308,-1.3934262948207172,-0.09731543624161076
fade_15,150,5,Validation,149,0.19787516600265603,0.5906040268456376,3.523489932885906,3.5,0.30957544655526453,13.270134228187919,9.783557046979865,0.6040268456375839,0.5905511811023622,0.13110867492000683,4.916916227706623,753.0,127.0,0.4594953519256308,-1.3934262948207172,0.09060402684563762
cont_30,150,5,Validation,136,0.1806108897742364,0.4485294117647059,-0.6838235294117647,-2.0,-0.02178427747152381,12.639705882352942,12.178308823529411,0.5220588235294118,0.5086206896551724,-0.010965940160924892,0.7096027654089525,753.0,116.0,0.4594953519256308,-1.3934262948207172,-0.0514705882352941
fade_30,150,5,Validation,136,0.1806108897742364,0.5441176470588235,0.6838235294117647,2.0,0.02178427747152381,12.178308823529411,12.639705882352942,0.47058823529411764,0.49137931034482757,0.0846222951331927,2.077249824232482,753.0,116.0,0.4594953519256308,-1.3934262948207172,0.044117647058823484
UNCOND_LONG,150,10,Validation,753,1.0,0.47941567065073043,-1.50398406374502,-0.5,-0.15057436069491045,15.736387782204515,18.161686586985393,0.4714475431606906,0.47761194029850745,0.0,0.0,,,,,
cont_5,150,10,Validation,136,0.1806108897742364,0.4632352941176471,-2.5238970588235294,-1.125,-0.09843515967416018,16.33823529411765,17.68198529411765,0.5367647058823529,0.5074626865671642,-0.01618037653308335,-1.0199129950785095,753.0,134.0,0.47941567065073043,-1.50398406374502,-0.03676470588235292
fade_5,150,10,Validation,136,0.1806108897742364,0.5220588235294118,2.5238970588235294,1.125,0.09843515967416018,17.68198529411765,16.33823529411765,0.4632352941176471,0.4925373134328358,0.04264315287868137,4.02788112256855,753.0,134.0,0.47941567065073043,-1.50398406374502,0.022058823529411797
cont_15,150,10,Validation,149,0.19787516600265603,0.4429530201342282,-3.464765100671141,-2.25,-0.2671178172693855,13.845637583892618,18.209731543624162,0.42953020134228187,0.410958904109589,-0.036462650516502215,-1.9607810369261212,753.0,146.0,0.47941567065073043,-1.50398406374502,-0.057046979865771785
fade_15,150,10,Validation,149,0.19787516600265603,0.5436241610738255,3.464765100671141,2.25,0.2671178172693855,18.209731543624162,13.845637583892618,0.5704697986577181,0.589041095890411,0.06420849042309507,4.968749164416161,753.0,146.0,0.47941567065073043,-1.50398406374502,0.043624161073825496
cont_30,150,10,Validation,136,0.1806108897742364,0.4632352941176471,0.9172794117647058,-0.75,0.13819718280209917,17.295955882352942,17.334558823529413,0.5,0.49242424242424243,-0.01618037653308335,2.4212634755097255,753.0,132.0,0.47941567065073043,-1.50398406374502,-0.03676470588235292
fade_30,150,10,Validation,136,0.1806108897742364,0.5147058823529411,-0.9172794117647058,0.75,-0.13819718280209917,17.334558823529413,17.295955882352942,0.49264705882352944,0.5075757575757576,0.035290211702210694,0.5867046519803141,753.0,132.0,0.47941567065073043,-1.50398406374502,0.014705882352941124
UNCOND_LONG,150,15,Validation,753,1.0,0.46613545816733065,-1.6849269588313414,-1.25,-0.17712917429895267,18.70883134130146,21.76792828685259,0.4594953519256308,0.4771505376344086,0.0,0.0,,,,,
cont_5,150,15,Validation,136,0.1806108897742364,0.4411764705882353,-3.9301470588235294,-2.875,-0.2250254326460656,18.766544117647058,21.19485294117647,0.5073529411764706,0.5111111111111111,-0.02495898757909537,-2.245220099992188,753.0,135.0,0.46613545816733065,-1.6849269588313414,-0.05882352941176472
fade_5,150,15,Validation,136,0.1806108897742364,0.5588235294117647,3.9301470588235294,2.875,0.2250254326460656,21.19485294117647,18.766544117647058,0.49264705882352944,0.4888888888888889,0.09268807124443407,5.615074017654871,753.0,135.0,0.46613545816733065,-1.6849269588313414,0.05882352941176472
cont_15,150,15,Validation,149,0.19787516600265603,0.4161073825503356,-5.704697986577181,-2.75,-0.46580516218506174,16.635906040268456,21.625838926174495,0.46308724832214765,0.410958904109589,-0.05002807561699507,-4.01977102774584,753.0,146.0,0.46613545816733065,-1.6849269588313414,-0.08389261744966442
fade_15,150,15,Validation,149,0.19787516600265603,0.5637583892617449,5.704697986577181,2.75,0.46580516218506174,21.625838926174495,16.635906040268456,0.5369127516778524,0.589041095890411,0.09762293109441428,7.3896249454085225,753.0,146.0,0.46613545816733065,-1.6849269588313414,0.06375838926174493
cont_30,150,15,Validation,136,0.1806108897742364,0.5,-0.5257352941176471,0.25,-0.03514488659902278,20.231617647058822,20.658088235294116,0.49264705882352944,0.49624060150375937,0.03386454183266935,1.1591916647136942,753.0,133.0,0.46613545816733065,-1.6849269588313414,0.0
fade_30,150,15,Validation,136,0.1806108897742364,0.4852941176470588,0.5257352941176471,-0.25,0.03514488659902278,20.658088235294116,20.231617647058822,0.49264705882352944,0.5037593984962406,0.01915865947972817,2.2106622529489885,753.0,133.0,0.46613545816733065,-1.6849269588313414,-0.01470588235294118
UNCOND_LONG,150,30,Validation,753,1.0,0.50066401062417,-1.5322045152722443,0.25,-0.16964339804965725,25.95484727755644,29.98804780876494,0.4541832669322709,0.477792732166891,0.0,0.0,,,,,
cont_5,150,30,Validation,136,0.1806108897742364,0.4264705882352941,-2.8511029411764706,-6.5,-0.08830102496937212,25.707720588235293,29.027573529411764,0.47794117647058826,0.5223880597014925,-0.07419342238887588,-1.3188984259042262,753.0,134.0,0.50066401062417,-1.5322045152722443,-0.0735294117647059
fade_5,150,30,Validation,136,0.1806108897742364,0.5735294117647058,2.8511029411764706,6.5,0.08830102496937212,29.027573529411764,25.707720588235293,0.5220588235294118,0.47761194029850745,0.07286540114053586,4.383307456448715,753.0,134.0,0.50066401062417,-1.5322045152722443,0.07352941176470584
cont_15,150,30,Validation,149,0.19787516600265603,0.3691275167785235,-7.6644295302013425,-9.0,-0.7218104583991733,22.640939597315437,31.676174496644297,0.436241610738255,0.410958904109589,-0.13153649384564647,-6.132225014929098,753.0,146.0,0.50066401062417,-1.5322045152722443,-0.1308724832214765
fade_15,150,30,Validation,149,0.19787516600265603,0.6308724832214765,7.6644295302013425,9.0,0.7218104583991733,31.676174496644297,22.640939597315437,0.5637583892617449,0.589041095890411,0.1302084725973065,9.196634045473587,753.0,146.0,0.50066401062417,-1.5322045152722443,0.1308724832214765
cont_30,150,30,Validation,136,0.1806108897742364,0.4117647058823529,-3.4136029411764706,-6.75,-0.23285472503714638,26.53676470588235,29.448529411764707,0.5,0.4962962962962963,-0.08889930474181706,-1.8813984259042262,753.0,135.0,0.50066401062417,-1.5322045152722443,-0.08823529411764708
fade_30,150,30,Validation,136,0.1806108897742364,0.5882352941176471,3.4136029411764706,6.75,0.23285472503714638,29.448529411764707,26.53676470588235,0.5,0.5037037037037037,0.08757128349347709,4.945807456448715,753.0,135.0,0.50066401062417,-1.5322045152722443,0.08823529411764708
UNCOND_LONG,150,45,Validation,753,1.0,0.5033200531208499,-1.3240371845949535,0.5,-0.15506876699256858,31.159362549800797,35.61985391766268,0.47808764940239046,0.4777327935222672,0.0,0.0,,,,,
cont_5,150,45,Validation,136,0.1806108897742364,0.4485294117647059,-4.126838235294118,-2.25,-0.25983901715305563,29.74448529411765,35.20955882352941,0.4485294117647059,0.518796992481203,-0.05479064135614403,-2.8028010506991645,753.0,133.0,0.5033200531208499,-1.3240371845949535,-0.0514705882352941
fade_5,150,45,Validation,136,0.1806108897742364,0.5514705882352942,4.126838235294118,2.25,0.25983901715305563,35.20955882352941,29.74448529411765,0.5514705882352942,0.48120300751879697,0.048150535114444226,5.450875419889071,753.0,133.0,0.5033200531208499,-1.3240371845949535,0.05147058823529416
cont_15,150,45,Validation,149,0.19787516600265603,0.3825503355704698,-9.206375838926174,-7.75,-0.8906095987697206,26.392617449664428,38.43120805369127,0.3959731543624161,0.4068965517241379,-0.12076971755038013,-7.882338654331221,753.0,145.0,0.5033200531208499,-1.3240371845949535,-0.1174496644295302
fade_15,150,45,Validation,149,0.19787516600265603,0.6040268456375839,9.206375838926174,7.75,0.8906095987697206,38.43120805369127,26.392617449664428,0.6040268456375839,0.593103448275862,0.10070679251673398,10.530413023521128,753.0,145.0,0.5033200531208499,-1.3240371845949535,0.10402684563758391
cont_30,150,45,Validation,136,0.1806108897742364,0.4411764705882353,-4.637867647058823,-3.0,-0.32646264688814725,30.452205882352942,34.88419117647059,0.47794117647058826,0.4925373134328358,-0.06214358253261465,-3.31383046246387,753.0,134.0,0.5033200531208499,-1.3240371845949535,-0.05882352941176472
fade_30,150,45,Validation,136,0.1806108897742364,0.5441176470588235,4.637867647058823,3.0,0.32646264688814725,34.88419117647059,30.452205882352942,0.5220588235294118,0.5074626865671642,0.04079759393797355,5.961904831653777,753.0,134.0,0.5033200531208499,-1.3240371845949535,0.044117647058823484
UNCOND_LONG,150,60,Validation,753,1.0,0.5219123505976095,-0.9090305444887118,2.5,-0.029949303362754774,35.89342629482072,40.69521912350598,0.47808764940239046,0.4776725304465494,0.0,0.0,,,,,
cont_5,150,60,Validation,136,0.1806108897742364,0.5294117647058824,-3.545955882352941,3.25,-0.11522431437283374,34.2297794117647,40.2610294117647,0.47058823529411764,0.5151515151515151,0.007499414108272817,-2.6369253378642292,753.0,132.0,0.5219123505976095,-0.9090305444887118,0.02941176470588236
fade_5,150,60,Validation,136,0.1806108897742364,0.4632352941176471,3.545955882352941,-3.25,0.11522431437283374,40.2610294117647,34.2297794117647,0.5294117647058824,0.48484848484848486,-0.058677056479962464,4.454986426841653,753.0,132.0,0.5219123505976095,-0.9090305444887118,-0.03676470588235292
cont_15,150,60,Validation,149,0.19787516600265603,0.4697986577181208,-8.56711409395973,-3.75,-0.7514562976368843,30.909395973154364,44.380872483221474,0.40268456375838924,0.4068965517241379,-0.05211369287948875,-7.658083549471019,753.0,145.0,0.5219123505976095,-0.9090305444887118,-0.030201342281879207
fade_15,150,60,Validation,149,0.19787516600265603,0.5234899328859061,8.56711409395973,3.75,0.7514562976368843,44.380872483221474,30.909395973154364,0.5973154362416108,0.593103448275862,0.0015775822882965196,9.476144638448442,753.0,145.0,0.5219123505976095,-0.9090305444887118,0.023489932885906062
cont_30,150,60,Validation,136,0.1806108897742364,0.5294117647058824,-0.45036764705882354,3.0,0.015169903916077492,36.71507352941177,40.356617647058826,0.47794117647058826,0.4925373134328358,0.007499414108272817,0.45866289742988825,753.0,134.0,0.5219123505976095,-0.9090305444887118,0.02941176470588236
fade_30,150,60,Validation,136,0.1806108897742364,0.4632352941176471,0.45036764705882354,-3.0,-0.015169903916077492,40.356617647058826,36.71507352941177,0.5220588235294118,0.5074626865671642,-0.058677056479962464,1.3593981915475353,753.0,134.0,0.5219123505976095,-0.9090305444887118,-0.03676470588235292
UNCOND_LONG,150,5,OOS,400,1.0,0.5625,1.914375,3.25,0.16596828014438764,17.835,15.92875,0.5275,0.5476190476190477,0.0,0.0,,,,,
cont_5,150,5,OOS,72,0.18,0.3888888888888889,-5.680555555555555,-4.5,-0.2625892557245019,13.909722222222221,22.069444444444443,0.375,0.35384615384615387,-0.1736111111111111,-7.594930555555555,400.0,65.0,0.5625,1.914375,-0.1111111111111111
fade_5,150,5,OOS,72,0.18,0.6111111111111112,5.680555555555555,4.5,0.2625892557245019,22.069444444444443,13.909722222222221,0.625,0.6461538461538462,0.04861111111111116,3.7661805555555556,400.0,65.0,0.5625,1.914375,0.11111111111111116
cont_15,150,5,OOS,77,0.1925,0.4155844155844156,-0.577922077922078,-3.25,-0.13363739690890483,18.256493506493506,19.01298701298701,0.42857142857142855,0.36764705882352944,-0.1469155844155844,-2.492297077922078,400.0,68.0,0.5625,1.914375,-0.08441558441558439
fade_15,150,5,OOS,77,0.1925,0.5844155844155844,0.577922077922078,3.25,0.13363739690890483,19.01298701298701,18.256493506493506,0.5714285714285714,0.6323529411764706,0.021915584415584388,-1.336452922077922,400.0,68.0,0.5625,1.914375,0.08441558441558439
cont_30,150,5,OOS,64,0.16,0.484375,-0.3515625,-0.75,-0.031525969724321826,16.15625,18.47265625,0.375,0.37037037037037035,-0.078125,-2.2659374999999997,400.0,54.0,0.5625,1.914375,-0.015625
fade_30,150,5,OOS,64,0.16,0.515625,0.3515625,0.75,0.031525969724321826,18.47265625,16.15625,0.625,0.6296296296296297,-0.046875,-1.5628125,400.0,54.0,0.5625,1.914375,0.015625
UNCOND_LONG,150,10,OOS,400,1.0,0.5575,1.140625,3.5,0.14086864240564004,24.4275,22.624375,0.5475,0.5529100529100529,0.0,0.0,,,,,
cont_5,150,10,OOS,72,0.18,0.4305555555555556,-5.069444444444445,-2.5,-0.1471543602007924,20.774305555555557,30.00347222222222,0.3611111111111111,0.3333333333333333,-0.12694444444444442,-6.210069444444445,400.0,69.0,0.5575,1.140625,-0.06944444444444442
fade_5,150,10,OOS,72,0.18,0.5694444444444444,5.069444444444445,2.5,0.1471543602007924,30.00347222222222,20.774305555555557,0.6388888888888888,0.6666666666666666,0.011944444444444424,3.9288194444444446,400.0,69.0,0.5575,1.140625,0.06944444444444442
cont_15,150,10,OOS,77,0.1925,0.5064935064935064,0.7402597402597403,0.5,-0.07667447340724186,24.75,24.0487012987013,0.4805194805194805,0.3835616438356164,-0.051006493506493555,-0.4003652597402597,400.0,73.0,0.5575,1.140625,0.00649350649350644
fade_15,150,10,OOS,77,0.1925,0.4935064935064935,-0.7402597402597403,-0.5,0.07667447340724186,24.0487012987013,24.75,0.5194805194805194,0.6164383561643836,-0.06399350649350649,-1.8808847402597402,400.0,73.0,0.5575,1.140625,-0.006493506493506496
cont_30,150,10,OOS,64,0.16,0.484375,-0.796875,-2.125,-0.08955770391204157,22.83203125,25.41796875,0.4375,0.3770491803278688,-0.073125,-1.9375,400.0,61.0,0.5575,1.140625,-0.015625
fade_30,150,10,OOS,64,0.16,0.515625,0.796875,2.125,0.08955770391204157,25.41796875,22.83203125,0.5625,0.6229508196721312,-0.041874999999999996,-0.34375,400.0,61.0,0.5575,1.140625,0.015625
UNCOND_LONG,150,15,OOS,400,1.0,0.5625,2.895625,4.5,0.22450330851367042,29.61375,26.758125,0.5525,0.5564102564102564,0.0,0.0,,,,,
cont_5,150,15,OOS,72,0.18,0.4444444444444444,-5.729166666666667,-2.625,-0.12600829888045048,26.20138888888889,35.96875,0.4027777777777778,0.3380281690140845,-0.11805555555555558,-8.624791666666667,400.0,71.0,0.5625,2.895625,-0.05555555555555558
fade_5,150,15,OOS,72,0.18,0.5416666666666666,5.729166666666667,2.625,0.12600829888045048,35.96875,26.20138888888889,0.5972222222222222,0.6619718309859155,-0.02083333333333337,2.833541666666667,400.0,71.0,0.5625,2.895625,0.04166666666666663
cont_15,150,15,OOS,77,0.1925,0.4935064935064935,3.2759740259740258,-1.25,0.07081994357871971,29.506493506493506,28.7012987012987,0.4935064935064935,0.39473684210526316,-0.0689935064935065,0.38034902597402587,400.0,76.0,0.5625,2.895625,-0.006493506493506496
fade_15,150,15,OOS,77,0.1925,0.5064935064935064,-3.2759740259740258,1.25,-0.07081994357871971,28.7012987012987,29.506493506493506,0.5064935064935064,0.6052631578947368,-0.05600649350649356,-6.171599025974025,400.0,76.0,0.5625,2.895625,0.00649350649350644
cont_30,150,15,OOS,64,0.16,0.515625,2.7734375,1.25,0.1372767961219917,28.859375,31.61328125,0.5,0.375,-0.046875,-0.1221874999999999,400.0,64.0,0.5625,2.895625,0.015625
fade_30,150,15,OOS,64,0.16,0.46875,-2.7734375,-1.25,-0.1372767961219917,31.61328125,28.859375,0.5,0.625,-0.09375,-5.6690625,400.0,64.0,0.5625,2.895625,-0.03125
UNCOND_LONG,150,30,OOS,400,1.0,0.56,1.895,5.0,0.18540425144486272,41.261875,40.305625,0.535,0.5524296675191815,0.0,0.0,,,,,
cont_5,150,30,OOS,72,0.18,0.5277777777777778,4.177083333333333,1.25,0.3043487034625293,44.826388888888886,45.857638888888886,0.5,0.32857142857142857,-0.03222222222222226,2.282083333333333,400.0,70.0,0.56,1.895,0.02777777777777779
fade_5,150,30,OOS,72,0.18,0.4722222222222222,-4.177083333333333,-1.25,-0.3043487034625293,45.857638888888886,44.826388888888886,0.5,0.6714285714285714,-0.08777777777777784,-6.0720833333333335,400.0,70.0,0.56,1.895,-0.02777777777777779
cont_15,150,30,OOS,77,0.1925,0.5324675324675324,6.240259740259741,1.5,0.15194651142878807,45.11363636363637,37.07142857142857,0.5194805194805194,0.38961038961038963,-0.02753246753246763,4.34525974025974,400.0,77.0,0.56,1.895,0.03246753246753242
fade_15,150,30,OOS,77,0.1925,0.4675324675324675,-6.240259740259741,-1.5,-0.15194651142878807,37.07142857142857,45.11363636363637,0.4805194805194805,0.6103896103896104,-0.09246753246753253,-8.135259740259741,400.0,77.0,0.56,1.895,-0.03246753246753248
cont_30,150,30,OOS,64,0.16,0.484375,1.2734375,-1.0,-0.03028658814639619,40.23828125,38.4453125,0.546875,0.38095238095238093,-0.07562500000000005,-0.6215625,400.0,63.0,0.56,1.895,-0.015625
fade_30,150,30,OOS,64,0.16,0.515625,-1.2734375,1.0,0.03028658814639619,38.4453125,40.23828125,0.453125,0.6190476190476191,-0.04437500000000005,-3.1684375,400.0,63.0,0.56,1.895,0.015625
UNCOND_LONG,150,45,OOS,400,1.0,0.5075,-0.94,1.0,0.03551880954131812,47.784375,50.3225,0.515,0.5512820512820513,0.0,0.0,,,,,
cont_5,150,45,OOS,72,0.18,0.5277777777777778,9.14236111111111,5.25,0.5019646733913451,56.072916666666664,49.576388888888886,0.5416666666666666,0.32857142857142857,0.02027777777777784,10.08236111111111,400.0,70.0,0.5075,-0.94,0.02777777777777779
fade_5,150,45,OOS,72,0.18,0.4583333333333333,-9.14236111111111,-5.25,-0.5019646733913451,49.576388888888886,56.072916666666664,0.4583333333333333,0.6714285714285714,-0.049166666666666636,-8.202361111111111,400.0,70.0,0.5075,-0.94,-0.041666666666666685
cont_15,150,45,OOS,77,0.1925,0.5454545454545454,7.996753246753247,6.5,0.11581812597119266,52.13961038961039,41.8474025974026,0.5194805194805194,0.38961038961038963,0.03795454545454546,8.936753246753247,400.0,77.0,0.5075,-0.94,0.045454545454545414
fade_15,150,45,OOS,77,0.1925,0.45454545454545453,-7.996753246753247,-6.5,-0.11581812597119266,41.8474025974026,52.13961038961039,0.4805194805194805,0.6103896103896104,-0.05295454545454542,-7.056753246753248,400.0,77.0,0.5075,-0.94,-0.04545454545454547
cont_30,150,45,OOS,64,0.16,0.53125,3.5859375,4.625,0.005351268758562899,48.5234375,44.703125,0.515625,0.38095238095238093,0.02375000000000005,4.5259374999999995,400.0,63.0,0.5075,-0.94,0.03125
fade_30,150,45,OOS,64,0.16,0.46875,-3.5859375,-4.625,-0.005351268758562899,44.703125,48.5234375,0.484375,0.6190476190476191,-0.03874999999999995,-2.6459375,400.0,63.0,0.5075,-0.94,-0.03125
UNCOND_LONG,150,60,OOS,400,1.0,0.51,0.740625,1.75,0.09674374560241347,53.450625,57.646875,0.5025,0.5512820512820513,0.0,0.0,,,,,
cont_5,150,60,OOS,72,0.18,0.5694444444444444,7.875,8.625,0.42884668634969914,63.94097222222222,55.69097222222222,0.5694444444444444,0.32857142857142857,0.05944444444444441,7.134375,400.0,70.0,0.51,0.740625,0.06944444444444442
fade_5,150,60,OOS,72,0.18,0.4166666666666667,-7.875,-8.625,-0.42884668634969914,55.69097222222222,63.94097222222222,0.4305555555555556,0.6714285714285714,-0.09333333333333332,-8.615625,400.0,70.0,0.51,0.740625,-0.08333333333333331
cont_15,150,60,OOS,77,0.1925,0.5454545454545454,8.0487012987013,11.25,0.21706935587315343,59.714285714285715,46.064935064935064,0.5974025974025974,0.38961038961038963,0.035454545454545405,7.3080762987013,400.0,77.0,0.51,0.740625,0.045454545454545414
fade_15,150,60,OOS,77,0.1925,0.45454545454545453,-8.0487012987013,-11.25,-0.21706935587315343,46.064935064935064,59.714285714285715,0.4025974025974026,0.6103896103896104,-0.05545454545454548,-8.7893262987013,400.0,77.0,0.51,0.740625,-0.04545454545454547
cont_30,150,60,OOS,64,0.16,0.5625,0.703125,10.5,-0.05227459468099244,54.390625,50.48046875,0.5625,0.38095238095238093,0.05249999999999999,-0.03749999999999998,400.0,63.0,0.51,0.740625,0.0625
fade_30,150,60,OOS,64,0.16,0.4375,-0.703125,-10.5,0.05227459468099244,50.48046875,54.390625,0.4375,0.6190476190476191,-0.07250000000000001,-1.44375,400.0,63.0,0.51,0.740625,-0.0625
UNCOND_LONG,165,5,IS,2337,1.0,0.47881899871630296,-0.0975609756097561,0.0,-0.010238866210863937,3.755134788189987,4.105477107402653,0.4771074026529739,0.4974385245901639,0.0,0.0,,,,,
cont_5,165,5,IS,468,0.20025673940949937,0.45726495726495725,0.30448717948717946,0.0,0.02782166713974077,4.239850427350428,3.673076923076923,0.45726495726495725,0.45454545454545453,-0.021554041451345707,0.4020481550969356,2337.0,396.0,0.47881899871630296,-0.0975609756097561,-0.04273504273504275
fade_5,165,5,IS,468,0.20025673940949937,0.48504273504273504,-0.30448717948717946,0.0,-0.02782166713974077,3.673076923076923,4.239850427350428,0.5149572649572649,0.5454545454545454,0.006223736326432083,-0.20692620387742336,2337.0,396.0,0.47881899871630296,-0.0975609756097561,-0.01495726495726496
cont_15,165,5,IS,468,0.20025673940949937,0.45085470085470086,0.2403846153846154,-0.25,0.0674562671084645,4.47542735042735,3.7895299145299144,0.4935897435897436,0.5126903553299492,-0.027964297861602094,0.3379455909943715,2337.0,394.0,0.47881899871630296,-0.0975609756097561,-0.04914529914529914
fade_15,165,5,IS,468,0.20025673940949937,0.5021367521367521,-0.2403846153846154,0.25,-0.0674562671084645,3.7895299145299144,4.47542735042735,0.4829059829059829,0.4873096446700508,0.023317753420449172,-0.1428236397748593,2337.0,394.0,0.47881899871630296,-0.0975609756097561,0.002136752136752129
cont_30,165,5,IS,468,0.20025673940949937,0.4807692307692308,0.2767094017094017,0.0,0.1240168245478834,4.829059829059829,3.8744658119658117,0.5,0.5253807106598984,0.001950232052927825,0.3742703773191578,2337.0,394.0,0.47881899871630296,-0.0975609756097561,-0.019230769230769218
fade_30,165,5,IS,468,0.20025673940949937,0.48717948717948717,-0.2767094017094017,0.0,-0.1240168245478834,3.8744658119658117,4.829059829059829,0.48504273504273504,0.4746192893401015,0.008360488463184212,-0.17914842609964562,2337.0,394.0,0.47881899871630296,-0.0975609756097561,-0.01282051282051283
UNCOND_LONG,165,10,IS,2337,1.0,0.5010697475395807,-0.020004278990158324,0.25,0.014426259611767071,5.30915703893881,5.738660676080445,0.4843816859221224,0.5028927458834,0.0,0.0,,,,,
cont_5,165,10,IS,468,0.20025673940949937,0.4807692307692308,0.7606837606837606,0.0,0.17943573569319402,6.010683760683761,5.194978632478633,0.46794871794871795,0.46770601336302897,-0.020300516770349886,0.780688039673919,2337.0,449.0,0.5010697475395807,-0.020004278990158324,-0.019230769230769218
fade_5,165,10,IS,468,0.20025673940949937,0.49786324786324787,-0.7606837606837606,0.0,-0.17943573569319402,5.194978632478633,6.010683760683761,0.5106837606837606,0.532293986636971,-0.003206499676332797,-0.7406794816936023,2337.0,449.0,0.5010697475395807,-0.020004278990158324,-0.002136752136752129
cont_15,165,10,IS,468,0.20025673940949937,0.47863247863247865,0.6725427350427351,-0.125,0.2067699103290844,6.25,5.203525641025641,0.5,0.504424778761062,-0.022437268907102015,0.6925470140328934,2337.0,452.0,0.5010697475395807,-0.020004278990158324,-0.021367521367521347
fade_15,165,10,IS,468,0.20025673940949937,0.5,-0.6725427350427351,0.125,-0.2067699103290844,5.203525641025641,6.25,0.47863247863247865,0.49557522123893805,-0.0010697475395806677,-0.6525384560525768,2337.0,452.0,0.5010697475395807,-0.020004278990158324,0.0
cont_30,165,10,IS,468,0.20025673940949937,0.49786324786324787,0.6778846153846154,0.0,0.28319412867103994,6.676816239316239,5.481303418803419,0.5149572649572649,0.5233853006681515,-0.003206499676332797,0.6978888943747737,2337.0,449.0,0.5010697475395807,-0.020004278990158324,-0.002136752136752129
fade_30,165,10,IS,468,0.20025673940949937,0.47649572649572647,-0.6778846153846154,0.0,-0.28319412867103994,5.481303418803419,6.676816239316239,0.46794871794871795,0.4766146993318486,-0.0245740210438542,-0.6578803363944571,2337.0,449.0,0.5010697475395807,-0.020004278990158324,-0.023504273504273532
UNCOND_LONG,165,15,IS,2337,1.0,0.5139067180145486,0.10954214805305948,0.25,0.05184488716788925,6.43913136499786,6.952610183996577,0.49122807017543857,0.5043478260869565,0.0,0.0,,,,,
cont_5,165,15,IS,468,0.20025673940949937,0.49786324786324787,0.8157051282051282,0.0,0.21656654335967176,7.316239316239316,6.151175213675214,0.4722222222222222,0.4692982456140351,-0.0160434701513007,0.7061629801520687,2337.0,456.0,0.5139067180145486,0.10954214805305948,-0.002136752136752129
fade_5,165,15,IS,468,0.20025673940949937,0.4722222222222222,-0.8157051282051282,0.0,-0.21656654335967176,6.151175213675214,7.316239316239316,0.5128205128205128,0.5307017543859649,-0.04168449579232636,-0.9252472762581877,2337.0,456.0,0.5139067180145486,0.10954214805305948,-0.02777777777777779
cont_15,165,15,IS,468,0.20025673940949937,0.5170940170940171,0.6543803418803419,0.25,0.34530648616919096,7.926282051282051,6.475961538461538,0.5021367521367521,0.5,0.003187299079468575,0.5448381938272824,2337.0,458.0,0.5139067180145486,0.10954214805305948,0.017094017094017144
fade_15,165,15,IS,468,0.20025673940949937,0.4636752136752137,-0.6543803418803419,-0.25,-0.34530648616919096,6.475961538461538,7.926282051282051,0.48504273504273504,0.5,-0.050231504339334876,-0.7639224899334014,2337.0,458.0,0.5139067180145486,0.10954214805305948,-0.03632478632478631
cont_30,165,15,IS,468,0.20025673940949937,0.5149572649572649,0.7745726495726496,0.25,0.39777073380569566,8.143696581196581,6.636217948717949,0.5256410256410257,0.5195652173913043,0.001050546942716335,0.6650305015195901,2337.0,460.0,0.5139067180145486,0.10954214805305948,0.014957264957264904
fade_30,165,15,IS,468,0.20025673940949937,0.4594017094017094,-0.7745726495726496,-0.25,-0.39777073380569566,6.636217948717949,8.143696581196581,0.46794871794871795,0.48043478260869565,-0.05450500861283919,-0.8841147976257091,2337.0,460.0,0.5139067180145486,0.10954214805305948,-0.04059829059829062
UNCOND_LONG,165,30,IS,2337,1.0,0.5425759520753102,0.2685066324347454,0.75,0.11483298341329473,9.119383825417202,9.650620453572957,0.5091998288403937,0.5039096437880104,0.0,0.0,,,,,
cont_5,165,30,IS,468,0.20025673940949937,0.5064102564102564,1.2905982905982907,0.25,0.23781377659368438,10.348824786324787,8.4375,0.5192307692307693,0.474835886214442,-0.03616569566505379,1.0220916581635453,2337.0,457.0,0.5425759520753102,0.2685066324347454,0.0064102564102563875
fade_5,165,30,IS,468,0.20025673940949937,0.48504273504273504,-1.2905982905982907,-0.25,-0.23781377659368438,8.4375,10.348824786324787,0.4722222222222222,0.5251641137855579,-0.057533217032575135,-1.559104923033036,2337.0,457.0,0.5425759520753102,0.2685066324347454,-0.01495726495726496
cont_15,165,30,IS,468,0.20025673940949937,0.47863247863247865,-0.1063034188034188,-0.25,0.07493550528499283,10.501602564102564,9.45405982905983,0.5064102564102564,0.5021834061135371,-0.06394347344283152,-0.3748100512381642,2337.0,458.0,0.5425759520753102,0.2685066324347454,-0.021367521367521347
fade_15,165,30,IS,468,0.20025673940949937,0.5042735042735043,0.1063034188034188,0.25,-0.07493550528499283,9.45405982905983,10.501602564102564,0.4807692307692308,0.4978165938864629,-0.03830244780180592,-0.16220321363132656,2337.0,458.0,0.5425759520753102,0.2685066324347454,0.004273504273504258
cont_30,165,30,IS,468,0.20025673940949937,0.5,0.7200854700854701,0.125,0.27467052672771436,11.024572649572649,9.240384615384615,0.5363247863247863,0.5240174672489083,-0.042575952075310175,0.4515788376507247,2337.0,458.0,0.5425759520753102,0.2685066324347454,0.0
fade_30,165,30,IS,468,0.20025673940949937,0.4807692307692308,-0.7200854700854701,-0.125,-0.27467052672771436,9.240384615384615,11.024572649572649,0.4444444444444444,0.4759825327510917,-0.06180672130607939,-0.9885921025202155,2337.0,458.0,0.5425759520753102,0.2685066324347454,-0.019230769230769218
UNCOND_LONG,165,45,IS,2337,1.0,0.5417201540436457,0.2248609328198545,0.75,0.11941513126222753,10.929824561403509,11.736093281985452,0.5139067180145486,0.5021834061135371,0.0,0.0,,,,,
cont_5,165,45,IS,468,0.20025673940949937,0.49572649572649574,1.0064102564102564,0.0,0.14201148802549549,12.65224358974359,10.398504273504274,0.5,0.4737991266375546,-0.045993658317149966,0.7815493235904019,2337.0,458.0,0.5417201540436457,0.2248609328198545,-0.004273504273504258
fade_5,165,45,IS,468,0.20025673940949937,0.48717948717948717,-1.0064102564102564,0.0,-0.14201148802549549,10.398504273504274,12.65224358974359,0.4893162393162393,0.5262008733624454,-0.05454066686415854,-1.231271189230111,2337.0,458.0,0.5417201540436457,0.2248609328198545,-0.01282051282051283
cont_15,165,45,IS,468,0.20025673940949937,0.4700854700854701,-0.8760683760683761,-0.5,0.023541460582860583,12.306089743589743,11.836004273504274,0.48717948717948717,0.5043859649122807,-0.07163468395817563,-1.1009293088882306,2337.0,456.0,0.5417201540436457,0.2248609328198545,-0.02991452991452992
fade_15,165,45,IS,468,0.20025673940949937,0.5170940170940171,0.8760683760683761,0.5,-0.023541460582860583,11.836004273504274,12.306089743589743,0.5064102564102564,0.4956140350877193,-0.024626136949628563,0.6512074432485215,2337.0,456.0,0.5417201540436457,0.2248609328198545,0.017094017094017144
cont_30,165,45,IS,468,0.20025673940949937,0.5,-0.28685897435897434,0.125,0.24539168243515216,12.977029914529915,11.364850427350428,0.5149572649572649,0.5218340611353712,-0.04172015404364571,-0.5117199071788289,2337.0,458.0,0.5417201540436457,0.2248609328198545,0.0
fade_30,165,45,IS,468,0.20025673940949937,0.4893162393162393,0.28685897435897434,-0.125,-0.24539168243515216,11.364850427350428,12.977029914529915,0.47863247863247865,0.4781659388646288,-0.05240391472740641,0.061998041539119836,2337.0,458.0,0.5417201540436457,0.2248609328198545,-0.010683760683760701
UNCOND_LONG,165,60,IS,2337,1.0,0.5263157894736842,0.20400085579803168,0.75,0.058098662903974745,12.578947368421053,13.565896448438169,0.5190415062045357,0.5,0.0,0.0,,,,,
cont_5,165,60,IS,468,0.20025673940949937,0.5106837606837606,1.3691239316239316,0.25,0.2119382369614354,14.721688034188034,12.262820512820513,0.5128205128205128,0.4725274725274725,-0.015632028789923536,1.1651230758259,2337.0,455.0,0.5263157894736842,0.20400085579803168,0.010683760683760646
fade_5,165,60,IS,468,0.20025673940949937,0.47435897435897434,-1.3691239316239316,-0.25,-0.2119382369614354,12.262820512820513,14.721688034188034,0.47863247863247865,0.5274725274725275,-0.05195681511470984,-1.5731247874219634,2337.0,455.0,0.5263157894736842,0.20400085579803168,-0.02564102564102566
cont_15,165,60,IS,468,0.20025673940949937,0.5064102564102564,-0.10683760683760683,0.25,0.20782770106712045,14.305021367521368,13.447649572649572,0.5085470085470085,0.5033112582781457,-0.019905533063427794,-0.3108384626356385,2337.0,453.0,0.5263157894736842,0.20400085579803168,0.0064102564102563875
fade_15,165,60,IS,468,0.20025673940949937,0.4829059829059829,0.10683760683760683,-0.25,-0.20782770106712045,13.447649572649572,14.305021367521368,0.4807692307692308,0.4966887417218543,-0.04340980656770127,-0.09716324896042484,2337.0,453.0,0.5263157894736842,0.20400085579803168,-0.01709401709401709
cont_30,165,60,IS,468,0.20025673940949937,0.532051282051282,0.40064102564102566,0.75,0.36094941162193017,14.950320512820513,13.105235042735043,0.5299145299145299,0.5220264317180616,0.005735492577597867,0.19664016984299398,2337.0,454.0,0.5263157894736842,0.20400085579803168,0.03205128205128205
fade_30,165,60,IS,468,0.20025673940949937,0.45726495726495725,-0.40064102564102566,-0.75,-0.36094941162193017,13.105235042735043,14.950320512820513,0.46153846153846156,0.4779735682819383,-0.06905083220872693,-0.6046418814390573,2337.0,454.0,0.5263157894736842,0.20400085579803168,-0.04273504273504275
UNCOND_LONG,165,5,Validation,747,1.0,0.4979919678714859,0.2362784471218206,0.0,0.008675551688906272,11.041499330655958,11.259705488621151,0.500669344042838,0.4880382775119617,0.0,0.0,,,,,
cont_5,165,5,Validation,152,0.2034805890227577,0.47368421052631576,0.07730263157894737,-0.25,-0.050624719822633744,11.421052631578947,11.458881578947368,0.48026315789473684,0.4603174603174603,-0.024307757345170156,-0.15897581554287324,747.0,126.0,0.4979919678714859,0.2362784471218206,-0.026315789473684237
fade_5,165,5,Validation,152,0.2034805890227577,0.5197368421052632,-0.07730263157894737,0.25,0.050624719822633744,11.458881578947368,11.421052631578947,0.5197368421052632,0.5396825396825397,0.021744874233777245,-0.313581078700768,747.0,126.0,0.4979919678714859,0.2362784471218206,0.019736842105263164
cont_15,165,5,Validation,154,0.20615796519410978,0.4675324675324675,-0.262987012987013,-1.125,-0.06126686627424471,12.449675324675324,12.170454545454545,0.461038961038961,0.4492753623188406,-0.030459500339018397,-0.4992654601088336,747.0,138.0,0.4979919678714859,0.2362784471218206,-0.03246753246753248
fade_15,165,5,Validation,154,0.20615796519410978,0.5324675324675324,0.262987012987013,1.125,0.06126686627424471,12.170454545454545,12.449675324675324,0.5324675324675324,0.5507246376811594,0.034475564596046504,0.02670856586519238,747.0,138.0,0.4979919678714859,0.2362784471218206,0.03246753246753242
cont_30,165,5,Validation,139,0.18607764390896922,0.460431654676259,-0.49460431654676257,-1.0,-0.13200110342551086,10.634892086330936,10.994604316546763,0.460431654676259,0.42857142857142855,-0.0375603131952269,-0.7308827636685832,747.0,112.0,0.4979919678714859,0.2362784471218206,-0.03956834532374098
fade_30,165,5,Validation,139,0.18607764390896922,0.539568345323741,0.49460431654676257,1.0,0.13200110342551086,10.994604316546763,10.634892086330936,0.539568345323741,0.5714285714285714,0.041576377452255064,0.25832586942494196,747.0,112.0,0.4979919678714859,0.2362784471218206,0.03956834532374098
UNCOND_LONG,165,10,Validation,747,1.0,0.5167336010709505,-0.1884203480589023,0.75,-0.04074010393589935,15.278781793842034,16.20314591700134,0.4979919678714859,0.49441340782122906,0.0,0.0,,,,,
cont_5,165,10,Validation,152,0.2034805890227577,0.48026315789473684,0.11513157894736842,-0.625,-0.012133829744136886,17.41282894736842,16.120065789473685,0.4868421052631579,0.4827586206896552,-0.03647044317621362,0.3035519270062707,747.0,145.0,0.5167336010709505,-0.1884203480589023,-0.019736842105263164
fade_5,165,10,Validation,152,0.2034805890227577,0.506578947368421,-0.11513157894736842,0.625,0.012133829744136886,16.120065789473685,17.41282894736842,0.5131578947368421,0.5172413793103449,-0.010154653702529437,0.07328876911153387,747.0,145.0,0.5167336010709505,-0.1884203480589023,0.006578947368421018
cont_15,165,10,Validation,154,0.20615796519410978,0.5064935064935064,0.11038961038961038,0.25,0.047849457932355365,18.050324675324674,16.837662337662337,0.4805194805194805,0.4527027027027027,-0.010240094577444014,0.29880995844851266,747.0,148.0,0.5167336010709505,-0.1884203480589023,0.00649350649350644
fade_15,165,10,Validation,154,0.20615796519410978,0.487012987012987,-0.11038961038961038,-0.25,-0.047849457932355365,16.837662337662337,18.050324675324674,0.5194805194805194,0.5472972972972973,-0.029720614057963446,0.0780307376692919,747.0,148.0,0.5167336010709505,-0.1884203480589023,-0.012987012987012991
cont_30,165,10,Validation,139,0.18607764390896922,0.4316546762589928,-2.5845323741007196,-2.25,-0.30404751083801684,14.56294964028777,16.24820143884892,0.4460431654676259,0.4117647058823529,-0.08507892481195767,-2.396112026041817,747.0,136.0,0.5167336010709505,-0.1884203480589023,-0.06834532374100721
fade_30,165,10,Validation,139,0.18607764390896922,0.5467625899280576,2.5845323741007196,2.25,0.30404751083801684,16.24820143884892,14.56294964028777,0.5539568345323741,0.5882352941176471,0.03002898885710714,2.772952722159622,747.0,136.0,0.5167336010709505,-0.1884203480589023,0.046762589928057596
UNCOND_LONG,165,15,Validation,747,1.0,0.5194109772423026,0.11914323962516733,1.25,-0.0019076249867991915,18.406291834002676,19.595716198125835,0.4979919678714859,0.4993215739484396,0.0,0.0,,,,,
cont_5,165,15,Validation,152,0.2034805890227577,0.45394736842105265,-1.8157894736842106,-3.0,-0.1599610255007993,19.738486842105264,20.24342105263158,0.4605263157894737,0.4768211920529801,-0.06546360882124991,-1.9349327133093779,747.0,151.0,0.5194109772423026,0.11914323962516733,-0.046052631578947345
fade_5,165,15,Validation,152,0.2034805890227577,0.5328947368421053,1.8157894736842106,3.0,0.1599610255007993,20.24342105263158,19.738486842105264,0.5394736842105263,0.5231788079470199,0.013483759599802747,1.6966462340590434,747.0,151.0,0.5194109772423026,0.11914323962516733,0.03289473684210531
cont_15,165,15,Validation,154,0.20615796519410978,0.551948051948052,0.237012987012987,1.625,0.10372381461079269,20.967532467532468,20.142857142857142,0.512987012987013,0.4503311258278146,0.0325370747057494,0.11786974738781968,747.0,151.0,0.5194109772423026,0.11914323962516733,0.051948051948051965
fade_15,165,15,Validation,154,0.20615796519410978,0.44805194805194803,-0.237012987012987,-1.625,-0.10372381461079269,20.142857142857142,20.967532467532468,0.4805194805194805,0.5496688741721855,-0.07135902919035453,-0.3561562266381543,747.0,151.0,0.5194109772423026,0.11914323962516733,-0.051948051948051965
cont_30,165,15,Validation,139,0.18607764390896922,0.4676258992805755,-1.6636690647482015,-1.5,-0.24868399771533367,17.287769784172664,19.66726618705036,0.4676258992805755,0.41007194244604317,-0.051785077961727044,-1.7828123043733688,747.0,139.0,0.5194109772423026,0.11914323962516733,-0.03237410071942448
fade_30,165,15,Validation,139,0.18607764390896922,0.5323741007194245,1.6636690647482015,1.5,0.24868399771533367,19.66726618705036,17.287769784172664,0.5323741007194245,0.5899280575539568,0.012963123477121918,1.5445258251230343,747.0,139.0,0.5194109772423026,0.11914323962516733,0.03237410071942448
UNCOND_LONG,165,30,Validation,747,1.0,0.5180722891566265,0.4103078982597055,1.5,0.023576752094406163,25.780789825970547,27.037817938420346,0.499330655957162,0.5,0.0,0.0,,,,,
cont_5,165,30,Validation,152,0.2034805890227577,0.39473684210526316,-3.6315789473684212,-6.125,-0.41372530198915647,26.54769736842105,28.66282894736842,0.4605263157894737,0.4768211920529801,-0.12333544705136334,-4.0418868456281265,747.0,151.0,0.5180722891566265,0.4103078982597055,-0.10526315789473684
fade_5,165,30,Validation,152,0.2034805890227577,0.6052631578947368,3.6315789473684212,6.125,0.41372530198915647,28.66282894736842,26.54769736842105,0.5394736842105263,0.5231788079470199,0.08719086873811033,3.221271049108716,747.0,151.0,0.5180722891566265,0.4103078982597055,0.10526315789473684
cont_15,165,30,Validation,154,0.20615796519410978,0.461038961038961,-1.0535714285714286,-2.25,-0.019509743400605885,28.871753246753247,27.959415584415584,0.538961038961039,0.45394736842105265,-0.05703332811766548,-1.463879326831134,747.0,152.0,0.5180722891566265,0.4103078982597055,-0.038961038961038974
fade_15,165,30,Validation,154,0.20615796519410978,0.538961038961039,1.0535714285714286,2.25,0.019509743400605885,27.959415584415584,28.871753246753247,0.461038961038961,0.5460526315789473,0.020888749804412465,0.6432635303117231,747.0,152.0,0.5180722891566265,0.4103078982597055,0.038961038961038974
cont_30,165,30,Validation,139,0.18607764390896922,0.4748201438848921,-1.0323741007194245,-2.0,-0.18416993771121612,25.02338129496403,26.992805755395683,0.49640287769784175,0.41304347826086957,-0.04325214527173443,-1.44268199897913,747.0,138.0,0.5180722891566265,0.4103078982597055,-0.025179856115107924
fade_30,165,30,Validation,139,0.18607764390896922,0.5251798561151079,1.0323741007194245,2.0,0.18416993771121612,26.992805755395683,25.02338129496403,0.5035971223021583,0.5869565217391305,0.0071075669584813594,0.622066202459719,747.0,138.0,0.5180722891566265,0.4103078982597055,0.025179856115107868
UNCOND_LONG,165,45,Validation,747,1.0,0.5194109772423026,0.6656626506024096,1.75,0.1172093300470589,31.56994645247657,33.204819277108435,0.5033467202141901,0.49931787175989084,0.0,0.0,,,,,
cont_5,165,45,Validation,152,0.2034805890227577,0.4342105263157895,-4.348684210526316,-7.0,-0.5667195755874778,31.763157894736842,35.72697368421053,0.4473684210526316,0.4768211920529801,-0.08520045092651307,-5.014346861128725,747.0,151.0,0.5194109772423026,0.6656626506024096,-0.06578947368421051
fade_5,165,45,Validation,152,0.2034805890227577,0.5592105263157895,4.348684210526316,7.0,0.5667195755874778,35.72697368421053,31.763157894736842,0.5526315789473685,0.5231788079470199,0.03979954907348693,3.6830215599239065,747.0,151.0,0.5194109772423026,0.6656626506024096,0.05921052631578949
cont_15,165,45,Validation,154,0.20615796519410978,0.5064935064935064,-1.1233766233766234,0.875,0.02278431643885612,34.70616883116883,34.11363636363637,0.5194805194805194,0.45394736842105265,-0.012917470748796123,-1.789039273979033,747.0,152.0,0.5194109772423026,0.6656626506024096,0.00649350649350644
fade_15,165,45,Validation,154,0.20615796519410978,0.4805194805194805,1.1233766233766234,-0.875,-0.02278431643885612,34.11363636363637,34.70616883116883,0.4805194805194805,0.5460526315789473,-0.03889149672282205,0.4577139727742138,747.0,152.0,0.5194109772423026,0.6656626506024096,-0.019480519480519487
cont_30,165,45,Validation,139,0.18607764390896922,0.539568345323741,-0.9802158273381295,2.25,-0.06735763579635619,31.462230215827336,32.39748201438849,0.539568345323741,0.41304347826086957,0.02015736808143842,-1.645878477940539,747.0,138.0,0.5194109772423026,0.6656626506024096,0.03956834532374098
fade_30,165,45,Validation,139,0.18607764390896922,0.45323741007194246,0.9802158273381295,-2.25,0.06735763579635619,32.39748201438849,31.462230215827336,0.460431654676259,0.5869565217391305,-0.0661735671703601,0.3145531767357199,747.0,138.0,0.5194109772423026,0.6656626506024096,-0.04676258992805754
UNCOND_LONG,165,60,Validation,747,1.0,0.5381526104417671,1.5485274431057563,3.0,0.18147089231441818,37.21552878179384,38.473560910307896,0.5073627844712182,0.49863387978142076,0.0,0.0,,,,,
cont_5,165,60,Validation,152,0.2034805890227577,0.4473684210526316,-2.085526315789474,-4.25,-0.25139026609271986,38.07565789473684,40.120065789473685,0.45394736842105265,0.4768211920529801,-0.09078418938913552,-3.63405375889523,747.0,151.0,0.5381526104417671,1.5485274431057563,-0.05263157894736842
fade_5,165,60,Validation,152,0.2034805890227577,0.5526315789473685,2.085526315789474,4.25,0.25139026609271986,40.120065789473685,38.07565789473684,0.5460526315789473,0.5231788079470199,0.014478968505601375,0.5369988726837176,747.0,151.0,0.5381526104417671,1.5485274431057563,0.052631578947368474
cont_15,165,60,Validation,154,0.20615796519410978,0.5,-1.6574675324675325,0.25,0.03625595289737347,41.23863636363637,39.52597402597402,0.5,0.45695364238410596,-0.0381526104417671,-3.205994975573289,747.0,151.0,0.5381526104417671,1.5485274431057563,0.0
fade_15,165,60,Validation,154,0.20615796519410978,0.5,1.6574675324675325,-0.25,-0.03625595289737347,39.52597402597402,41.23863636363637,0.5,0.543046357615894,-0.0381526104417671,0.10894008936177624,747.0,151.0,0.5381526104417671,1.5485274431057563,0.0
cont_30,165,60,Validation,139,0.18607764390896922,0.5611510791366906,-1.131294964028777,6.0,-0.014916743003746609,38.68345323741007,38.00539568345324,0.5467625899280576,0.41304347826086957,0.022998468694923502,-2.6798224071345333,747.0,138.0,0.5381526104417671,1.5485274431057563,0.0611510791366906
fade_30,165,60,Validation,139,0.18607764390896922,0.43884892086330934,1.131294964028777,-6.0,0.014916743003746609,38.00539568345324,38.68345323741007,0.45323741007194246,0.5869565217391305,-0.09930368957845775,-0.41723247907697925,747.0,138.0,0.5381526104417671,1.5485274431057563,-0.061151079136690656
UNCOND_LONG,165,5,OOS,397,1.0,0.5138539042821159,-1.1542821158690175,1.25,-0.030860686837019844,15.119017632241814,17.679471032745592,0.49370277078085645,0.49096385542168675,0.0,0.0,,,,,
cont_5,165,5,OOS,77,0.19395465994962216,0.5194805194805194,1.6915584415584415,1.25,0.13512030578109852,17.107142857142858,16.09090909090909,0.4805194805194805,0.5285714285714286,0.005626615198403573,2.845840557427459,397.0,70.0,0.5138539042821159,-1.1542821158690175,0.01948051948051943
fade_5,165,5,OOS,77,0.19395465994962216,0.4805194805194805,-1.6915584415584415,-1.25,-0.13512030578109852,16.09090909090909,17.107142857142858,0.5194805194805194,0.4714285714285714,-0.033334423762635346,-0.537276325689424,397.0,70.0,0.5138539042821159,-1.1542821158690175,-0.019480519480519487
cont_15,165,5,OOS,71,0.17884130982367757,0.4647887323943662,-2.369718309859155,-1.25,-0.17770194711747186,16.359154929577464,19.968309859154928,0.4225352112676056,0.45161290322580644,-0.04906517188774967,-1.2154361939901375,397.0,62.0,0.5138539042821159,-1.1542821158690175,-0.03521126760563381
fade_15,165,5,OOS,71,0.17884130982367757,0.5352112676056338,2.369718309859155,1.25,0.17770194711747186,19.968309859154928,16.359154929577464,0.5774647887323944,0.5483870967741935,0.021357363323517897,3.5240004257281727,397.0,62.0,0.5138539042821159,-1.1542821158690175,0.035211267605633756
cont_30,165,5,OOS,70,0.17632241813602015,0.4857142857142857,3.6357142857142857,-1.0,0.008756270043685893,19.925,15.314285714285715,0.5285714285714286,0.5833333333333334,-0.02813961856783015,4.789996401583303,397.0,60.0,0.5138539042821159,-1.1542821158690175,-0.01428571428571429
fade_30,165,5,OOS,70,0.17632241813602015,0.5142857142857142,-3.6357142857142857,1.0,-0.008756270043685893,15.314285714285715,19.925,0.4714285714285714,0.4166666666666667,0.0004318100035983763,-2.4814321698452684,397.0,60.0,0.5138539042821159,-1.1542821158690175,0.014285714285714235
UNCOND_LONG,165,10,OOS,397,1.0,0.5012594458438288,0.6127204030226701,0.25,0.04808848517940066,22.71536523929471,24.350125944584384,0.49370277078085645,0.49604221635883905,0.0,0.0,,,,,
cont_5,165,10,OOS,77,0.19395465994962216,0.5584415584415584,0.4837662337662338,1.25,0.2674653928067048,24.56168831168831,21.76948051948052,0.5454545454545454,0.5277777777777778,0.05718211259772965,-0.12895416925643627,397.0,72.0,0.5012594458438288,0.6127204030226701,0.058441558441558406
fade_5,165,10,OOS,77,0.19395465994962216,0.44155844155844154,-0.4837662337662338,-1.25,-0.2674653928067048,21.76948051948052,24.56168831168831,0.45454545454545453,0.4722222222222222,-0.059701004285387216,-1.096486636788904,397.0,72.0,0.5012594458438288,0.6127204030226701,-0.05844155844155846
cont_15,165,10,OOS,71,0.17884130982367757,0.4788732394366197,-4.679577464788732,-0.75,-0.1860749714732048,23.02112676056338,27.246478873239436,0.4647887323943662,0.45454545454545453,-0.022386206407209064,-5.292297867811402,397.0,66.0,0.5012594458438288,0.6127204030226701,-0.02112676056338031
fade_15,165,10,OOS,71,0.17884130982367757,0.5211267605633803,4.679577464788732,0.75,0.1860749714732048,27.246478873239436,23.02112676056338,0.5352112676056338,0.5454545454545454,0.0198673147195515,4.066857061766062,397.0,66.0,0.5012594458438288,0.6127204030226701,0.021126760563380254
cont_30,165,10,OOS,70,0.17632241813602015,0.5428571428571428,3.6,2.125,0.07013345108620773,29.396428571428572,23.428571428571427,0.4714285714285714,0.5441176470588235,0.04159769701331406,2.98727959697733,397.0,68.0,0.5012594458438288,0.6127204030226701,0.042857142857142816
fade_30,165,10,OOS,70,0.17632241813602015,0.45714285714285713,-3.6,-2.125,-0.07013345108620773,23.428571428571427,29.396428571428572,0.5285714285714286,0.45588235294117646,-0.044116588700971626,-4.21272040302267,397.0,68.0,0.5012594458438288,0.6127204030226701,-0.04285714285714287
UNCOND_LONG,165,15,OOS,397,1.0,0.5163727959697733,-0.9716624685138538,0.75,-0.054629860501354856,27.44647355163728,30.6316120906801,0.4760705289672544,0.49742268041237114,0.0,0.0,,,,,
cont_5,165,15,OOS,77,0.19395465994962216,0.5584415584415584,1.8116883116883118,1.75,0.3980850533423018,28.785714285714285,25.392857142857142,0.5584415584415584,0.52,0.04206876247178515,2.7833507802021655,397.0,75.0,0.5163727959697733,-0.9716624685138538,0.058441558441558406
fade_5,165,15,OOS,77,0.19395465994962216,0.44155844155844154,-1.8116883116883118,-1.75,-0.3980850533423018,25.392857142857142,28.785714285714285,0.44155844155844154,0.48,-0.07481435441133172,-0.8400258431744579,397.0,75.0,0.5163727959697733,-0.9716624685138538,-0.05844155844155846
cont_15,165,15,OOS,71,0.17884130982367757,0.49295774647887325,-2.7183098591549295,-0.5,-0.07757779351175854,28.014084507042252,30.035211267605632,0.49295774647887325,0.463768115942029,-0.02341504949090001,-1.7466473906410758,397.0,69.0,0.5163727959697733,-0.9716624685138538,-0.007042253521126751
fade_15,165,15,OOS,71,0.17884130982367757,0.5070422535211268,2.7183098591549295,0.5,0.07757779351175854,30.035211267605632,28.014084507042252,0.5070422535211268,0.5362318840579711,-0.009330542448646506,3.6899723276687832,397.0,69.0,0.5163727959697733,-0.9716624685138538,0.007042253521126751
cont_30,165,15,OOS,70,0.17632241813602015,0.45714285714285713,1.1071428571428572,-0.5,0.06482112497911542,35.214285714285715,27.396428571428572,0.5285714285714286,0.5362318840579711,-0.05922993882691613,2.078805325656711,397.0,69.0,0.5163727959697733,-0.9716624685138538,-0.04285714285714287
fade_30,165,15,OOS,70,0.17632241813602015,0.5285714285714286,-1.1071428571428572,0.5,-0.06482112497911542,27.396428571428572,35.214285714285715,0.4714285714285714,0.463768115942029,0.012198632601655324,-0.13548038862900336,397.0,69.0,0.5163727959697733,-0.9716624685138538,0.02857142857142858
UNCOND_LONG,165,30,OOS,397,1.0,0.4811083123425693,-3.788413098236776,-1.5,-0.22045390739008303,36.71977329974811,43.33816120906801,0.48866498740554154,0.4935400516795866,0.0,0.0,,,,,
cont_5,165,30,OOS,77,0.19395465994962216,0.5324675324675324,-0.18831168831168832,2.25,0.2916405417543009,37.756493506493506,33.49025974025974,0.5324675324675324,0.52,0.051359220124963134,3.6001014099250876,397.0,75.0,0.4811083123425693,-3.788413098236776,0.03246753246753242
fade_5,165,30,OOS,77,0.19395465994962216,0.45454545454545453,0.18831168831168832,-2.25,-0.2916405417543009,33.49025974025974,37.756493506493506,0.4675324675324675,0.48,-0.02656285779711476,3.976724786548464,397.0,75.0,0.4811083123425693,-3.788413098236776,-0.04545454545454547
cont_15,165,30,OOS,71,0.17884130982367757,0.5492957746478874,-1.193661971830986,4.75,0.02273254818870729,42.57746478873239,39.521126760563384,0.5211267605633803,0.463768115942029,0.06818746230531808,2.59475112640579,397.0,69.0,0.4811083123425693,-3.788413098236776,0.04929577464788737
fade_15,165,30,OOS,71,0.17884130982367757,0.4507042253521127,1.193661971830986,-4.75,-0.02273254818870729,39.521126760563384,42.57746478873239,0.4788732394366197,0.5362318840579711,-0.030404086990456602,4.982075070067761,397.0,69.0,0.4811083123425693,-3.788413098236776,-0.049295774647887314
cont_30,165,30,OOS,70,0.17632241813602015,0.5428571428571428,4.0321428571428575,3.25,0.026394636715697656,44.017857142857146,38.31428571428572,0.4857142857142857,0.5362318840579711,0.06174883051457353,7.820555955379634,397.0,69.0,0.4811083123425693,-3.788413098236776,0.042857142857142816
fade_30,165,30,OOS,70,0.17632241813602015,0.45714285714285713,-4.0321428571428575,-3.25,-0.026394636715697656,38.31428571428572,44.017857142857146,0.5142857142857142,0.463768115942029,-0.02396545519971216,-0.24372975890608162,397.0,69.0,0.4811083123425693,-3.788413098236776,-0.04285714285714287
UNCOND_LONG,165,45,OOS,397,1.0,0.49622166246851385,-2.243073047858942,-0.5,-0.17488137681097246,43.59319899244333,51.98110831234257,0.5037783375314862,0.4948186528497409,0.0,0.0,,,,,
cont_5,165,45,OOS,77,0.19395465994962216,0.5454545454545454,0.19805194805194806,4.25,0.2650402211089048,46.561688311688314,43.922077922077925,0.5324675324675324,0.52,0.04923288298603157,2.44112499591089,397.0,75.0,0.49622166246851385,-2.243073047858942,0.045454545454545414
fade_5,165,45,OOS,77,0.19395465994962216,0.44155844155844154,-0.19805194805194806,-4.25,-0.2650402211089048,43.922077922077925,46.561688311688314,0.4675324675324675,0.48,-0.05466322091007231,2.045021099806994,397.0,75.0,0.49622166246851385,-2.243073047858942,-0.05844155844155846
cont_15,165,45,OOS,71,0.17884130982367757,0.5070422535211268,-3.823943661971831,0.75,-0.11283161937670151,50.26056338028169,49.109154929577464,0.5211267605633803,0.45588235294117646,0.010820591052612905,-1.580870614112889,397.0,68.0,0.49622166246851385,-2.243073047858942,0.007042253521126751
fade_15,165,45,OOS,71,0.17884130982367757,0.49295774647887325,3.823943661971831,-0.75,0.11283161937670151,49.109154929577464,50.26056338028169,0.4788732394366197,0.5441176470588235,-0.003263915989640598,6.067016709830773,397.0,68.0,0.49622166246851385,-2.243073047858942,-0.007042253521126751
cont_30,165,45,OOS,70,0.17632241813602015,0.5428571428571428,-0.5571428571428572,2.5,-0.04846444931768152,52.53928571428571,45.31071428571428,0.5571428571428572,0.5294117647058824,0.04663548038862897,1.6859301907160849,397.0,68.0,0.49622166246851385,-2.243073047858942,0.042857142857142816
fade_30,165,45,OOS,70,0.17632241813602015,0.44285714285714284,0.5571428571428572,-2.5,0.04846444931768152,45.31071428571428,52.53928571428571,0.44285714285714284,0.47058823529411764,-0.05336451961137101,2.8002159050017994,397.0,68.0,0.49622166246851385,-2.243073047858942,-0.05714285714285716
UNCOND_LONG,165,60,OOS,397,1.0,0.5214105793450882,-2.8646095717884132,2.0,-0.1905391921894818,50.98992443324937,60.2103274559194,0.491183879093199,0.4921875,0.0,0.0,,,,,
cont_5,165,60,OOS,77,0.19395465994962216,0.5844155844155844,4.0941558441558445,13.75,0.35473935780310756,52.5974025974026,48.90909090909091,0.5324675324675324,0.52,0.06300500507049622,6.958765415944258,397.0,75.0,0.5214105793450882,-2.8646095717884132,0.08441558441558439
fade_5,165,60,OOS,77,0.19395465994962216,0.4155844155844156,-4.0941558441558445,-13.75,-0.35473935780310756,48.90909090909091,52.5974025974026,0.4675324675324675,0.48,-0.10582616376067255,-1.2295462723674313,397.0,75.0,0.5214105793450882,-2.8646095717884132,-0.08441558441558439
cont_15,165,60,OOS,71,0.17884130982367757,0.49295774647887325,-0.6549295774647887,-0.5,-0.06689211535045882,58.00352112676056,56.96830985915493,0.49295774647887325,0.4626865671641791,-0.028452832866214917,2.2096799943236247,397.0,67.0,0.5214105793450882,-2.8646095717884132,-0.007042253521126751
fade_15,165,60,OOS,71,0.17884130982367757,0.5070422535211268,0.6549295774647887,0.5,0.06689211535045882,56.96830985915493,58.00352112676056,0.5070422535211268,0.5373134328358209,-0.014368325823961414,3.5195391492532018,397.0,67.0,0.5214105793450882,-2.8646095717884132,0.007042253521126751
cont_30,165,60,OOS,70,0.17632241813602015,0.5428571428571428,-2.775,4.875,-0.24795795031251636,59.510714285714286,58.24285714285714,0.5142857142857142,0.5294117647058824,0.02144656351205465,0.08960957178841333,397.0,68.0,0.5214105793450882,-2.8646095717884132,0.042857142857142816
fade_30,165,60,OOS,70,0.17632241813602015,0.45714285714285713,2.775,-4.875,0.24795795031251636,58.24285714285714,59.510714285714286,0.4857142857142857,0.47058823529411764,-0.06426772220223104,5.639609571788413,397.0,68.0,0.5214105793450882,-2.8646095717884132,-0.04285714285714287
UNCOND_LONG,180,5,IS,2336,1.0,0.4948630136986301,0.015303938356164384,0.0,-0.002047531308073984,3.7391909246575343,3.867508561643836,0.4910102739726027,0.4939455095862765,0.0,0.0,,,,,
cont_5,180,5,IS,468,0.20034246575342465,0.4444444444444444,-0.39903846153846156,-0.25,-0.077209078285482,3.699786324786325,3.9006410256410255,0.4636752136752137,0.4506329113924051,-0.0504185692541857,-0.41434239989462596,2336.0,395.0,0.4948630136986301,0.015303938356164384,-0.05555555555555558
fade_5,180,5,IS,468,0.20034246575342465,0.5106837606837606,0.39903846153846156,0.25,0.077209078285482,3.9006410256410255,3.699786324786325,0.5128205128205128,0.549367088607595,0.01582074698513053,0.38373452318229717,2336.0,395.0,0.4948630136986301,0.015303938356164384,0.010683760683760646
cont_15,180,5,IS,468,0.20034246575342465,0.42948717948717946,-0.10790598290598291,-0.5,-0.029661385808496917,3.7131410256410255,3.6805555555555554,0.4444444444444444,0.45663265306122447,-0.06537583421145066,-0.12320992126214729,2336.0,392.0,0.4948630136986301,0.015303938356164384,-0.07051282051282054
fade_15,180,5,IS,468,0.20034246575342465,0.5470085470085471,0.10790598290598291,0.5,0.029661385808496917,3.6805555555555554,3.7131410256410255,0.532051282051282,0.5433673469387755,0.05214553330991695,0.09260204454981853,2336.0,392.0,0.4948630136986301,0.015303938356164384,0.047008547008547064
cont_30,180,5,IS,468,0.20034246575342465,0.39316239316239315,-0.37606837606837606,-0.5,-0.11711104486433487,3.8915598290598292,3.9310897435897436,0.4252136752136752,0.44974874371859297,-0.10170062053623696,-0.39137231442454046,2336.0,398.0,0.4948630136986301,0.015303938356164384,-0.10683760683760685
fade_30,180,5,IS,468,0.20034246575342465,0.5790598290598291,0.37606837606837606,0.5,0.11711104486433487,3.9310897435897436,3.8915598290598292,0.5534188034188035,0.550251256281407,0.084196815361199,0.36076443771221167,2336.0,398.0,0.4948630136986301,0.015303938356164384,0.07905982905982911
UNCOND_LONG,180,10,IS,2336,1.0,0.5008561643835616,0.1560359589041096,0.25,0.01691515249236699,5.257063356164384,5.353060787671233,0.5029965753424658,0.4960035523978686,0.0,0.0,,,,,
cont_5,180,10,IS,468,0.20034246575342465,0.45726495726495725,-0.1543803418803419,-0.25,-0.10153974621728663,5.306089743589744,5.446581196581197,0.4636752136752137,0.4608501118568233,-0.04359120711860437,-0.3104163007844515,2336.0,447.0,0.5008561643835616,0.1560359589041096,-0.04273504273504275
fade_5,180,10,IS,468,0.20034246575342465,0.5128205128205128,0.1543803418803419,0.25,0.10153974621728663,5.446581196581197,5.306089743589744,0.5042735042735043,0.5391498881431768,0.011964348436951155,-0.0016556170237677081,2336.0,447.0,0.5008561643835616,0.1560359589041096,0.012820512820512775
cont_15,180,10,IS,468,0.20034246575342465,0.4551282051282051,0.038461538461538464,-0.25,0.027391478848829125,5.416666666666667,5.172542735042735,0.44017094017094016,0.44988864142538976,-0.0457279592553565,-0.11757442044257113,2336.0,449.0,0.5008561643835616,0.1560359589041096,-0.04487179487179488
fade_15,180,10,IS,468,0.20034246575342465,0.5128205128205128,-0.038461538461538464,0.25,-0.027391478848829125,5.172542735042735,5.416666666666667,0.5299145299145299,0.5501113585746102,0.011964348436951155,-0.19449749736564806,2336.0,449.0,0.5008561643835616,0.1560359589041096,0.012820512820512775
cont_30,180,10,IS,468,0.20034246575342465,0.4358974358974359,0.15918803418803418,-0.5,-0.0399292594002249,5.551816239316239,5.385149572649572,0.4230769230769231,0.445916114790287,-0.06495872848612572,0.0031520752839245825,2336.0,453.0,0.5008561643835616,0.1560359589041096,-0.0641025641025641
fade_30,180,10,IS,468,0.20034246575342465,0.5341880341880342,-0.15918803418803418,0.5,0.0399292594002249,5.385149572649572,5.551816239316239,0.5470085470085471,0.5540838852097131,0.03333186980447256,-0.3152239930921438,2336.0,453.0,0.5008561643835616,0.1560359589041096,0.03418803418803418
UNCOND_LONG,180,15,IS,2336,1.0,0.521832191780822,0.1659888698630137,0.25,0.07306524145335042,6.391374143835616,6.567744006849315,0.5136986301369864,0.4954208460532054,0.0,0.0,,,,,
cont_5,180,15,IS,468,0.20034246575342465,0.4636752136752137,-0.6762820512820513,-0.25,-0.0749084808454036,6.483974358974359,6.764423076923077,0.4722222222222222,0.46916299559471364,-0.05815697810560827,-0.842270921145065,2336.0,454.0,0.521832191780822,0.1659888698630137,-0.03632478632478631
fade_5,180,15,IS,468,0.20034246575342465,0.5106837606837606,0.6762820512820513,0.25,0.0749084808454036,6.764423076923077,6.483974358974359,0.5085470085470085,0.5308370044052864,-0.011148431097061318,0.5102931814190377,2336.0,454.0,0.521832191780822,0.1659888698630137,0.010683760683760646
cont_15,180,15,IS,468,0.20034246575342465,0.4594017094017094,-0.41346153846153844,-0.25,-0.0209555301315377,6.440705128205129,6.326388888888889,0.4594017094017094,0.4519650655021834,-0.062430482379112584,-0.5794504083245522,2336.0,458.0,0.521832191780822,0.1659888698630137,-0.04059829059829062
fade_15,180,15,IS,468,0.20034246575342465,0.5128205128205128,0.41346153846153844,0.25,0.0209555301315377,6.326388888888889,6.440705128205129,0.5192307692307693,0.5480349344978166,-0.009011678960309188,0.24747266859852474,2336.0,458.0,0.521832191780822,0.1659888698630137,0.012820512820512775
cont_30,180,15,IS,468,0.20034246575342465,0.4829059829059829,0.2569444444444444,-0.25,0.023907125363268316,6.969017094017094,6.614850427350428,0.47435897435897434,0.44541484716157204,-0.03892620887483905,0.09095557458143072,2336.0,458.0,0.521832191780822,0.1659888698630137,-0.01709401709401709
fade_30,180,15,IS,468,0.20034246575342465,0.5042735042735043,-0.2569444444444444,0.25,-0.023907125363268316,6.614850427350428,6.969017094017094,0.5064102564102564,0.5545851528384279,-0.017558687507317705,-0.4229333143074581,2336.0,458.0,0.521832191780822,0.1659888698630137,0.004273504273504258
UNCOND_LONG,180,30,IS,2336,1.0,0.5355308219178082,0.12414383561643835,0.5,0.07979238330701253,8.754494863013699,9.325770547945206,0.4987157534246575,0.4936542669584245,0.0,0.0,,,,,
cont_5,180,30,IS,468,0.20034246575342465,0.4893162393162393,-0.34455128205128205,-0.125,0.009690574355671278,8.895299145299145,9.69284188034188,0.4807692307692308,0.46813186813186813,-0.04621458260156891,-0.46869511766772043,2336.0,455.0,0.5355308219178082,0.12414383561643835,-0.010683760683760701
fade_5,180,30,IS,468,0.20034246575342465,0.5,0.34455128205128205,0.125,-0.009690574355671278,9.69284188034188,8.895299145299145,0.5106837606837606,0.5318681318681319,-0.03553082191780821,0.2204074464348437,2336.0,455.0,0.5355308219178082,0.12414383561643835,0.0
cont_15,180,30,IS,468,0.20034246575342465,0.4594017094017094,-0.08012820512820513,-0.5,-0.026867156590394143,8.955662393162394,8.479700854700855,0.4829059829059829,0.4497816593886463,-0.07612911251609883,-0.2042720407446435,2336.0,458.0,0.5355308219178082,0.12414383561643835,-0.04059829059829062
fade_15,180,30,IS,468,0.20034246575342465,0.5277777777777778,0.08012820512820513,0.5,0.026867156590394143,8.479700854700855,8.955662393162394,0.5106837606837606,0.5502183406113537,-0.007753044140030418,-0.04401563048823322,2336.0,458.0,0.5355308219178082,0.12414383561643835,0.02777777777777779
cont_30,180,30,IS,468,0.20034246575342465,0.4551282051282051,0.18055555555555555,-0.5,0.048879857408570516,9.621794871794872,9.001068376068377,0.47863247863247865,0.4420131291028446,-0.08040261678960309,0.0564117199391172,2336.0,457.0,0.5355308219178082,0.12414383561643835,-0.04487179487179488
fade_30,180,30,IS,468,0.20034246575342465,0.5213675213675214,-0.18055555555555555,0.5,-0.048879857408570516,9.001068376068377,9.621794871794872,0.5128205128205128,0.5579868708971554,-0.014163300550286806,-0.3046993911719939,2336.0,457.0,0.5355308219178082,0.12414383561643835,0.021367521367521403
UNCOND_LONG,180,45,IS,2336,1.0,0.5175513698630136,0.10124143835616438,0.5,0.02209836236226281,10.723779965753424,11.61001712328767,0.5021404109589042,0.49318081830180377,0.0,0.0,,,,,
cont_5,180,45,IS,468,0.20034246575342465,0.48717948717948717,-0.9246794871794872,-0.25,0.03283766104980462,10.846153846153847,12.20673076923077,0.4829059829059829,0.46578366445916114,-0.030371882683526474,-1.0259209255356516,2336.0,453.0,0.5175513698630136,0.10124143835616438,-0.01282051282051283
fade_5,180,45,IS,468,0.20034246575342465,0.5042735042735043,0.9246794871794872,0.25,-0.03283766104980462,12.20673076923077,10.846153846153847,0.5064102564102564,0.5342163355408388,-0.013277865589509386,0.8234380488233228,2336.0,453.0,0.5175513698630136,0.10124143835616438,0.004273504273504258
cont_15,180,45,IS,468,0.20034246575342465,0.4358974358974359,-0.2767094017094017,-1.0,-0.20116371650579984,10.94017094017094,10.734508547008547,0.4658119658119658,0.45054945054945056,-0.08165393396557774,-0.3779508400655661,2336.0,455.0,0.5175513698630136,0.10124143835616438,-0.0641025641025641
fade_15,180,45,IS,468,0.20034246575342465,0.5534188034188035,0.2767094017094017,1.0,0.20116371650579984,10.734508547008547,10.94017094017094,0.5235042735042735,0.5494505494505495,0.03586743355578981,0.17546796335323733,2336.0,455.0,0.5175513698630136,0.10124143835616438,0.05341880341880345
cont_30,180,45,IS,468,0.20034246575342465,0.4594017094017094,0.5352564102564102,-0.5,0.00764155891063537,11.871794871794872,11.101495726495726,0.47863247863247865,0.44052863436123346,-0.058149660461304264,0.43401497190024585,2336.0,454.0,0.5175513698630136,0.10124143835616438,-0.04059829059829062
fade_30,180,45,IS,468,0.20034246575342465,0.532051282051282,-0.5352564102564102,0.5,-0.00764155891063537,11.101495726495726,11.871794871794872,0.5106837606837606,0.5594713656387665,0.014499912188268405,-0.6364978486125746,2336.0,454.0,0.5175513698630136,0.10124143835616438,0.03205128205128205
UNCOND_LONG,180,60,IS,2336,1.0,0.5295376712328768,0.0681720890410959,0.75,0.04103737289285586,12.21939212328767,13.497645547945206,0.5008561643835616,0.4933920704845815,0.0,0.0,,,,,
cont_5,180,60,IS,468,0.20034246575342465,0.48504273504273504,-0.07852564102564102,0.0,0.02414303454776039,12.688568376068377,13.79326923076923,0.4829059829059829,0.4668141592920354,-0.04449493619014172,-0.14669773006673692,2336.0,452.0,0.5295376712328768,0.0681720890410959,-0.01495726495726496
fade_5,180,60,IS,468,0.20034246575342465,0.49786324786324787,0.07852564102564102,0.0,-0.02414303454776039,13.79326923076923,12.688568376068377,0.5085470085470085,0.5331858407079646,-0.03167442336962889,0.010353551984545128,2336.0,452.0,0.5295376712328768,0.0681720890410959,-0.002136752136752129
cont_15,180,60,IS,468,0.20034246575342465,0.4465811965811966,-0.6442307692307693,-1.25,-0.3710337047133278,12.64423076923077,12.677350427350428,0.4594017094017094,0.45054945054945056,-0.08295647465168016,-0.7124028582718651,2336.0,455.0,0.5295376712328768,0.0681720890410959,-0.053418803418803396
fade_15,180,60,IS,468,0.20034246575342465,0.5405982905982906,0.6442307692307693,1.25,0.3710337047133278,12.677350427350428,12.64423076923077,0.5256410256410257,0.5494505494505495,0.011060619365413804,0.5760586801896734,2336.0,455.0,0.5295376712328768,0.0681720890410959,0.040598290598290565
cont_30,180,60,IS,468,0.20034246575342465,0.4893162393162393,0.7735042735042735,0.0,0.11765468975125305,13.826923076923077,12.697115384615385,0.4935897435897436,0.44026548672566373,-0.04022143191663746,0.7053321844631777,2336.0,452.0,0.5295376712328768,0.0681720890410959,-0.010683760683760701
fade_30,180,60,IS,468,0.20034246575342465,0.49572649572649574,-0.7735042735042735,0.0,-0.11765468975125305,12.697115384615385,13.826923076923077,0.4893162393162393,0.5597345132743363,-0.03381117550638102,-0.8416763625453694,2336.0,452.0,0.5295376712328768,0.0681720890410959,-0.004273504273504258
UNCOND_LONG,180,5,Validation,747,1.0,0.5100401606425703,0.46720214190093706,0.5,0.040227921576252906,10.980589022757698,11.049196787148594,0.4966532797858099,0.5078369905956113,0.0,0.0,,,,,
cont_5,180,5,Validation,134,0.17938420348058903,0.44776119402985076,-1.958955223880597,-1.5,-0.1414153145566361,10.985074626865671,12.992537313432836,0.44029850746268656,0.47413793103448276,-0.06227896661271953,-2.426157365781534,747.0,116.0,0.5100401606425703,0.46720214190093706,-0.05223880597014924
fade_5,180,5,Validation,134,0.17938420348058903,0.5522388059701493,1.958955223880597,1.5,0.1414153145566361,12.992537313432836,10.985074626865671,0.5597014925373134,0.5258620689655172,0.042198645327579,1.4917530819796598,747.0,116.0,0.5100401606425703,0.46720214190093706,0.052238805970149294
cont_15,180,5,Validation,156,0.20883534136546184,0.48717948717948717,-1.3076923076923077,-0.625,-0.13062380790129188,10.322115384615385,12.344551282051283,0.4358974358974359,0.45925925925925926,-0.022860673463083125,-1.7748944495932448,747.0,135.0,0.5100401606425703,0.46720214190093706,-0.01282051282051283
fade_15,180,5,Validation,156,0.20883534136546184,0.5128205128205128,1.3076923076923077,0.625,0.13062380790129188,12.344551282051283,10.322115384615385,0.5576923076923077,0.5407407407407407,0.00278035217794248,0.8404901657913706,747.0,135.0,0.5100401606425703,0.46720214190093706,0.012820512820512775
cont_30,180,5,Validation,145,0.19410977242302543,0.42758620689655175,-1.8327586206896551,-1.5,-0.1305089603494303,10.677586206896551,12.627586206896552,0.41379310344827586,0.39473684210526316,-0.08245395374601855,-2.299960762590592,747.0,114.0,0.5100401606425703,0.46720214190093706,-0.07241379310344825
fade_30,180,5,Validation,145,0.19410977242302543,0.5586206896551724,1.8327586206896551,1.5,0.1305089603494303,12.627586206896552,10.677586206896551,0.5724137931034483,0.6052631578947368,0.048580529012602125,1.365556478788718,747.0,114.0,0.5100401606425703,0.46720214190093706,0.05862068965517242
UNCOND_LONG,180,10,Validation,747,1.0,0.5194109772423026,0.31291834002677377,0.5,0.04521862258092879,14.870147255689425,15.051204819277109,0.500669344042838,0.5034387895460798,0.0,0.0,,,,,
cont_5,180,10,Validation,134,0.17938420348058903,0.5223880597014925,-0.9552238805970149,0.625,-0.027421380565847364,15.75,17.074626865671643,0.4626865671641791,0.4772727272727273,0.002977082459189928,-1.2681422206237887,747.0,132.0,0.5194109772423026,0.31291834002677377,0.02238805970149249
fade_5,180,10,Validation,134,0.17938420348058903,0.4701492537313433,0.9552238805970149,-0.625,0.027421380565847364,17.074626865671643,15.75,0.5298507462686567,0.5227272727272727,-0.049261723510959254,0.6423055405702411,747.0,132.0,0.5194109772423026,0.31291834002677377,-0.02985074626865669
cont_15,180,10,Validation,156,0.20883534136546184,0.5128205128205128,-0.2900641025641026,0.5,-0.013487392612310974,14.536858974358974,15.713141025641026,0.46794871794871795,0.46,-0.006590464421789788,-0.6029824425908763,747.0,150.0,0.5194109772423026,0.31291834002677377,0.012820512820512775
fade_15,180,10,Validation,156,0.20883534136546184,0.4807692307692308,0.2900641025641026,-0.5,0.013487392612310974,15.713141025641026,14.536858974358974,0.5256410256410257,0.54,-0.03864174647307178,-0.02285423746267118,747.0,150.0,0.5194109772423026,0.31291834002677377,-0.019230769230769218
cont_30,180,10,Validation,145,0.19410977242302543,0.46206896551724136,-1.8224137931034483,-0.75,-0.14618478564218432,14.48793103448276,16.705172413793104,0.45517241379310347,0.4172661870503597,-0.057342011725061204,-2.135332133130222,747.0,139.0,0.5194109772423026,0.31291834002677377,-0.03793103448275864
fade_30,180,10,Validation,145,0.19410977242302543,0.5241379310344828,1.8224137931034483,0.75,0.14618478564218432,16.705172413793104,14.48793103448276,0.5310344827586206,0.5827338129496403,0.004726953792180244,1.5094954530766747,747.0,139.0,0.5194109772423026,0.31291834002677377,0.024137931034482807
UNCOND_LONG,180,15,Validation,747,1.0,0.5381526104417671,0.29049531459170014,2.5,0.040885167795458935,18.041834002677376,18.63922356091031,0.499330655957162,0.5006747638326585,0.0,0.0,,,,,
cont_5,180,15,Validation,134,0.17938420348058903,0.4253731343283582,-1.9944029850746268,-2.75,-0.10973018196248638,18.725746268656717,20.33582089552239,0.5149253731343284,0.4701492537313433,-0.11277947611340888,-2.284898299666327,747.0,134.0,0.5381526104417671,0.29049531459170014,-0.07462686567164178
fade_5,180,15,Validation,134,0.17938420348058903,0.5671641791044776,1.9944029850746268,2.75,0.10973018196248638,20.33582089552239,18.725746268656717,0.47761194029850745,0.5298507462686567,0.029011568662710485,1.7039076704829266,747.0,134.0,0.5381526104417671,0.29049531459170014,0.06716417910447758
cont_15,180,15,Validation,156,0.20883534136546184,0.532051282051282,1.25,1.0,0.1416397831256791,18.690705128205128,18.541666666666668,0.4935897435897436,0.4551282051282051,-0.00610132839048505,0.9595046854082998,747.0,156.0,0.5381526104417671,0.29049531459170014,0.03205128205128205
fade_15,180,15,Validation,156,0.20883534136546184,0.46794871794871795,-1.25,-1.0,-0.1416397831256791,18.541666666666668,18.690705128205128,0.5,0.5448717948717948,-0.07020389249304915,-1.5404953145917002,747.0,156.0,0.5381526104417671,0.29049531459170014,-0.03205128205128205
cont_30,180,15,Validation,145,0.19410977242302543,0.4689655172413793,-0.44655172413793104,-1.5,-0.020023568730410092,18.224137931034484,19.636206896551723,0.4689655172413793,0.4097222222222222,-0.0691870932003878,-0.7370470387296312,747.0,144.0,0.5381526104417671,0.29049531459170014,-0.031034482758620696
fade_30,180,15,Validation,145,0.19410977242302543,0.5241379310344828,0.44655172413793104,1.5,0.020023568730410092,19.636206896551723,18.224137931034484,0.5241379310344828,0.5902777777777778,-0.014014679407284292,0.1560564095462309,747.0,144.0,0.5381526104417671,0.29049531459170014,0.024137931034482807
UNCOND_LONG,180,30,Validation,747,1.0,0.5314591700133868,0.5458500669344043,1.75,0.1386947283858248,25.664323962516733,26.75970548862115,0.5140562248995983,0.49864864864864866,0.0,0.0,,,,,
cont_5,180,30,Validation,134,0.17938420348058903,0.47761194029850745,-2.264925373134328,-0.75,-0.02633676537880317,25.61007462686567,30.119402985074625,0.4626865671641791,0.4696969696969697,-0.053847229714879374,-2.8107754400687326,747.0,132.0,0.5314591700133868,0.5458500669344043,-0.022388059701492546
fade_5,180,30,Validation,134,0.17938420348058903,0.5149253731343284,2.264925373134328,0.75,0.02633676537880317,30.119402985074625,25.61007462686567,0.5373134328358209,0.5303030303030303,-0.016533796879058427,1.7190753061999238,747.0,132.0,0.5314591700133868,0.5458500669344043,0.014925373134328401
cont_15,180,30,Validation,156,0.20883534136546184,0.5576923076923077,0.5048076923076923,4.625,0.26621188253563083,25.908653846153847,27.01121794871795,0.48717948717948717,0.461038961038961,0.02623313767892088,-0.04104237462671201,747.0,154.0,0.5314591700133868,0.5458500669344043,0.05769230769230771
fade_15,180,30,Validation,156,0.20883534136546184,0.4358974358974359,-0.5048076923076923,-4.625,-0.26621188253563083,27.01121794871795,25.908653846153847,0.5128205128205128,0.538961038961039,-0.09556173411595092,-1.0506577592420965,747.0,154.0,0.5314591700133868,0.5458500669344043,-0.0641025641025641
cont_30,180,30,Validation,145,0.19410977242302543,0.4689655172413793,-2.3689655172413793,-1.0,-0.03431013904385147,25.29310344827586,28.248275862068965,0.4482758620689655,0.4097222222222222,-0.062493652772007524,-2.9148155841757837,747.0,144.0,0.5314591700133868,0.5458500669344043,-0.031034482758620696
fade_30,180,30,Validation,145,0.19410977242302543,0.5241379310344828,2.3689655172413793,1.0,0.03431013904385147,28.248275862068965,25.29310344827586,0.5448275862068965,0.5902777777777778,-0.007321238978904021,1.8231154503069749,747.0,144.0,0.5314591700133868,0.5458500669344043,0.024137931034482807
UNCOND_LONG,180,45,Validation,747,1.0,0.5341365461847389,1.428714859437751,3.25,0.2156386673953643,32.257697456492636,33.31994645247657,0.5113788487282463,0.49795918367346936,0.0,0.0,,,,,
cont_5,180,45,Validation,134,0.17938420348058903,0.44776119402985076,-4.858208955223881,-5.25,-0.2730343333692699,31.688432835820894,37.673507462686565,0.44776119402985076,0.4696969696969697,-0.08637535215488817,-6.286923814661632,747.0,132.0,0.5341365461847389,1.428714859437751,-0.05223880597014924
fade_5,180,45,Validation,134,0.17938420348058903,0.5522388059701493,4.858208955223881,5.25,0.2730343333692699,37.673507462686565,31.688432835820894,0.5522388059701493,0.5303030303030303,0.018102259785410357,3.4294940957861297,747.0,132.0,0.5341365461847389,1.428714859437751,0.052238805970149294
cont_15,180,45,Validation,156,0.20883534136546184,0.4935897435897436,-2.4246794871794872,-0.875,-0.11789692202103406,31.9375,33.98717948717949,0.5064102564102564,0.45394736842105265,-0.040546802594995324,-3.8533943466172382,747.0,152.0,0.5341365461847389,1.428714859437751,-0.0064102564102563875
fade_15,180,45,Validation,156,0.20883534136546184,0.5,2.4246794871794872,0.875,0.11789692202103406,33.98717948717949,31.9375,0.4935897435897436,0.5460526315789473,-0.034136546184738936,0.9959646277417362,747.0,152.0,0.5341365461847389,1.428714859437751,0.0
cont_30,180,45,Validation,145,0.19410977242302543,0.503448275862069,-1.0586206896551724,0.25,0.04511229078588587,33.29827586206896,34.04137931034483,0.503448275862069,0.4014084507042254,-0.030688270322669964,-2.4873355490929234,747.0,142.0,0.5341365461847389,1.428714859437751,0.0034482758620689724
fade_30,180,45,Validation,145,0.19410977242302543,0.4896551724137931,1.0586206896551724,-0.25,-0.04511229078588587,34.04137931034483,33.29827586206896,0.4896551724137931,0.5985915492957746,-0.04448137377094585,-0.3700941697825786,747.0,142.0,0.5341365461847389,1.428714859437751,-0.010344827586206917
UNCOND_LONG,180,60,Validation,747,1.0,0.5475234270414994,1.6218206157965194,5.75,0.26969664690041684,37.251338688085674,38.90528781793842,0.5113788487282463,0.49795918367346936,0.0,0.0,,,,,
cont_5,180,60,Validation,134,0.17938420348058903,0.417910447761194,-6.087686567164179,-5.625,-0.3812976215554474,36.60634328358209,43.38619402985075,0.4552238805970149,0.4696969696969697,-0.12961297928030535,-7.7095071829606985,747.0,132.0,0.5475234270414994,1.6218206157965194,-0.08208955223880599
fade_5,180,60,Validation,134,0.17938420348058903,0.5671641791044776,6.087686567164179,5.625,0.3812976215554474,43.38619402985075,36.60634328358209,0.5447761194029851,0.5303030303030303,0.019640752062978217,4.46586595136766,747.0,132.0,0.5475234270414994,1.6218206157965194,0.06716417910447758
cont_15,180,60,Validation,156,0.20883534136546184,0.4423076923076923,-2.7003205128205128,-3.625,-0.2441409885983981,37.23878205128205,40.056089743589745,0.4935897435897436,0.45394736842105265,-0.10521573473380708,-4.322141128617032,747.0,152.0,0.5475234270414994,1.6218206157965194,-0.05769230769230771
fade_15,180,60,Validation,156,0.20883534136546184,0.5448717948717948,2.7003205128205128,3.625,0.2441409885983981,40.056089743589745,37.23878205128205,0.5064102564102564,0.5460526315789473,-0.002651632169704543,1.0784998970239934,747.0,152.0,0.5475234270414994,1.6218206157965194,0.04487179487179482
cont_30,180,60,Validation,145,0.19410977242302543,0.42758620689655175,-4.094827586206897,-7.0,-0.19327875758136615,39.12068965517241,42.043103448275865,0.46206896551724136,0.4014084507042254,-0.11993722014494762,-5.716648202003416,747.0,142.0,0.5475234270414994,1.6218206157965194,-0.07241379310344825
fade_30,180,60,Validation,145,0.19410977242302543,0.5655172413793104,4.094827586206897,7.0,0.19327875758136615,42.043103448275865,39.12068965517241,0.5379310344827586,0.5985915492957746,0.017993814337810998,2.4730069704103776,747.0,142.0,0.5475234270414994,1.6218206157965194,0.06551724137931036
UNCOND_LONG,180,5,OOS,397,1.0,0.5239294710327456,0.0025188916876574307,1.0,-0.02322278229364364,15.540931989924433,16.624685138539043,0.5037783375314862,0.46794871794871795,0.0,0.0,,,,,
cont_5,180,5,OOS,74,0.18639798488664988,0.4594594594594595,-3.8412162162162162,-1.125,-0.1528953496101919,18.010135135135137,20.12162162162162,0.5,0.5,-0.06447001157328608,-3.8437351079038735,397.0,54.0,0.5239294710327456,0.0025188916876574307,-0.040540540540540515
fade_5,180,5,OOS,74,0.18639798488664988,0.5405405405405406,3.8412162162162162,1.125,0.1528953496101919,20.12162162162162,18.010135135135137,0.5,0.5,0.016611069507795007,3.838697324528559,397.0,54.0,0.5239294710327456,0.0025188916876574307,0.04054054054054057
cont_15,180,5,OOS,76,0.19143576826196473,0.4473684210526316,-6.421052631578948,-2.625,-0.4189065745970933,19.37171052631579,23.68421052631579,0.4605263157894737,0.42857142857142855,-0.07656104998011398,-6.423571523266605,397.0,63.0,0.5239294710327456,0.0025188916876574307,-0.05263157894736842
fade_15,180,5,OOS,76,0.19143576826196473,0.5526315789473685,6.421052631578948,2.625,0.4189065745970933,23.68421052631579,19.37171052631579,0.5394736842105263,0.5714285714285714,0.02870210791462291,6.4185337398912905,397.0,63.0,0.5239294710327456,0.0025188916876574307,0.052631578947368474
cont_30,180,5,OOS,69,0.17380352644836272,0.4492753623188406,-2.4347826086956523,-1.5,-0.1528702422369126,19.695652173913043,20.416666666666668,0.5217391304347826,0.5306122448979592,-0.07465410871390499,-2.4373015003833096,397.0,49.0,0.5239294710327456,0.0025188916876574307,-0.050724637681159424
fade_30,180,5,OOS,69,0.17380352644836272,0.5507246376811594,2.4347826086956523,1.5,0.1528702422369126,20.416666666666668,19.695652173913043,0.463768115942029,0.46938775510204084,0.02679516664841386,2.432263717007995,397.0,49.0,0.5239294710327456,0.0025188916876574307,0.050724637681159424
UNCOND_LONG,180,10,OOS,397,1.0,0.4634760705289673,-1.098866498740554,-1.5,-0.13410068173600764,22.067380352644836,24.086272040302266,0.44836272040302266,0.478494623655914,0.0,0.0,,,,,
cont_5,180,10,OOS,74,0.18639798488664988,0.5405405405405406,-3.4594594594594597,2.0,-0.2505114060695296,26.77027027027027,29.9222972972973,0.5135135135135135,0.5373134328358209,0.0770644700115733,-2.360592960718906,397.0,67.0,0.4634760705289673,-1.098866498740554,0.04054054054054057
fade_5,180,10,OOS,74,0.18639798488664988,0.4594594594594595,3.4594594594594597,-2.0,0.2505114060695296,29.9222972972973,26.77027027027027,0.47297297297297297,0.4626865671641791,-0.004016611069507792,4.5583259582000135,397.0,67.0,0.4634760705289673,-1.098866498740554,-0.040540540540540515
cont_15,180,10,OOS,76,0.19143576826196473,0.4868421052631579,-3.4046052631578947,-1.0,-0.31245722530386244,25.592105263157894,30.299342105263158,0.39473684210526316,0.44776119402985076,0.023366034734190633,-2.305738764417341,397.0,67.0,0.4634760705289673,-1.098866498740554,-0.01315789473684209
fade_15,180,10,OOS,76,0.19143576826196473,0.5131578947368421,3.4046052631578947,1.0,0.31245722530386244,30.299342105263158,25.592105263157894,0.5789473684210527,0.5522388059701493,0.04968182420787487,4.5034717618984486,397.0,67.0,0.4634760705289673,-1.098866498740554,0.013157894736842146
cont_30,180,10,OOS,69,0.17380352644836272,0.43478260869565216,0.5471014492753623,-2.25,-0.08130120938417726,32.257246376811594,28.141304347826086,0.4927536231884058,0.5737704918032787,-0.028693461833315115,1.6459679480159164,397.0,61.0,0.4634760705289673,-1.098866498740554,-0.06521739130434784
fade_30,180,10,OOS,69,0.17380352644836272,0.5652173913043478,-0.5471014492753623,2.25,0.08130120938417726,28.141304347826086,32.257246376811594,0.5072463768115942,0.4262295081967213,0.1017413207753805,0.5517650494651918,397.0,61.0,0.4634760705289673,-1.098866498740554,0.06521739130434778
UNCOND_LONG,180,15,OOS,397,1.0,0.44584382871536526,-2.8387909319899243,-3.75,-0.18813132767600008,26.0132241813602,30.095717884130984,0.45591939546599497,0.48704663212435234,0.0,0.0,,,,,
cont_5,180,15,OOS,74,0.18639798488664988,0.5135135135135135,-4.47972972972973,1.0,-0.20025323822822394,30.820945945945947,34.7027027027027,0.5135135135135135,0.5428571428571428,0.06766968479814822,-1.6409387977398056,397.0,70.0,0.44584382871536526,-2.8387909319899243,0.013513513513513487
fade_5,180,15,OOS,74,0.18639798488664988,0.47297297297297297,4.47972972972973,-1.0,0.20025323822822394,34.7027027027027,30.820945945945947,0.4864864864864865,0.45714285714285713,0.027129144257607707,7.3185206617196545,397.0,70.0,0.44584382871536526,-2.8387909319899243,-0.02702702702702703
cont_15,180,15,OOS,76,0.19143576826196473,0.4605263157894737,-2.976973684210526,-5.375,-0.3187973441627395,29.835526315789473,35.4671052631579,0.40789473684210525,0.4714285714285714,0.014682487074108408,-0.13818275222060183,397.0,70.0,0.44584382871536526,-2.8387909319899243,-0.03947368421052633
fade_15,180,15,OOS,76,0.19143576826196473,0.5263157894736842,2.976973684210526,5.375,0.3187973441627395,35.4671052631579,29.835526315789473,0.5789473684210527,0.5285714285714286,0.08047196075831892,5.81576461620045,397.0,70.0,0.44584382871536526,-2.8387909319899243,0.02631578947368418
cont_30,180,15,OOS,69,0.17380352644836272,0.4927536231884058,-1.9782608695652173,-1.25,-0.114259125624939,37.278985507246375,35.55072463768116,0.43478260869565216,0.5806451612903226,0.046909794473040556,0.860530062424707,397.0,62.0,0.44584382871536526,-2.8387909319899243,-0.00724637681159418
fade_30,180,15,OOS,69,0.17380352644836272,0.5072463768115942,1.9782608695652173,1.25,0.114259125624939,35.55072463768116,37.278985507246375,0.5652173913043478,0.41935483870967744,0.06140254809622897,4.817051801555142,397.0,62.0,0.44584382871536526,-2.8387909319899243,0.007246376811594235
UNCOND_LONG,180,30,OOS,397,1.0,0.5138539042821159,-1.2934508816120907,1.0,-0.13153533098160486,35.71095717884131,41.741813602015114,0.4433249370277078,0.4896907216494845,0.0,0.0,,,,,
cont_5,180,30,OOS,74,0.18639798488664988,0.4594594594594595,-8.344594594594595,-0.875,-0.3147024737607323,42.54391891891892,48.80067567567568,0.4594594594594595,0.5428571428571428,-0.054394444822656374,-7.051143712982504,397.0,70.0,0.5138539042821159,-1.2934508816120907,-0.040540540540540515
fade_5,180,30,OOS,74,0.18639798488664988,0.527027027027027,8.344594594594595,0.875,0.3147024737607323,48.80067567567568,42.54391891891892,0.527027027027027,0.45714285714285713,0.013173122744911114,9.638045476206685,397.0,70.0,0.5138539042821159,-1.2934508816120907,0.027027027027026973
cont_15,180,30,OOS,76,0.19143576826196473,0.4342105263157895,-5.197368421052632,-5.375,-0.3362788994290244,39.27302631578947,47.6578947368421,0.3815789473684211,0.4714285714285714,-0.07964337796632637,-3.903917539440541,397.0,70.0,0.5138539042821159,-1.2934508816120907,-0.06578947368421051
fade_15,180,30,OOS,76,0.19143576826196473,0.5657894736842105,5.197368421052632,5.375,0.3362788994290244,47.6578947368421,39.27302631578947,0.5921052631578947,0.5285714285714286,0.05193556940209465,6.490819302664723,397.0,70.0,0.5138539042821159,-1.2934508816120907,0.06578947368421051
cont_30,180,30,OOS,69,0.17380352644836272,0.42028985507246375,-8.047101449275363,-7.5,-0.4075275422595517,45.405797101449274,50.40942028985507,0.4492753623188406,0.5737704918032787,-0.09356404920965211,-6.753650567663272,397.0,61.0,0.5138539042821159,-1.2934508816120907,-0.07971014492753625
fade_30,180,30,OOS,69,0.17380352644836272,0.5797101449275363,8.047101449275363,7.5,0.4075275422595517,50.40942028985507,45.405797101449274,0.5362318840579711,0.4262295081967213,0.0658562406454204,9.340552330887453,397.0,61.0,0.5138539042821159,-1.2934508816120907,0.07971014492753625
UNCOND_LONG,180,45,OOS,397,1.0,0.5264483627204031,-1.9149874055415617,3.5,-0.15424043163318343,44.32052896725441,51.1580604534005,0.4659949622166247,0.48704663212435234,0.0,0.0,,,,,
cont_5,180,45,OOS,74,0.18639798488664988,0.527027027027027,-0.6993243243243243,3.125,0.23334436872854197,53.34121621621622,55.108108108108105,0.5405405405405406,0.5428571428571428,0.0005786643066238994,1.2156630812172373,397.0,70.0,0.5264483627204031,-1.9149874055415617,0.027027027027026973
fade_5,180,45,OOS,74,0.18639798488664988,0.4594594594594595,0.6993243243243243,-3.125,-0.23334436872854197,55.108108108108105,53.34121621621622,0.4594594594594595,0.45714285714285713,-0.06698890326094359,2.614311729865886,397.0,70.0,0.5264483627204031,-1.9149874055415617,-0.040540540540540515
cont_15,180,45,OOS,76,0.19143576826196473,0.5,-1.8125,1.375,-0.1105317187060132,47.94736842105263,53.80592105263158,0.4605263157894737,0.4714285714285714,-0.026448362720403074,0.10248740554156166,397.0,70.0,0.5264483627204031,-1.9149874055415617,0.0
fade_15,180,45,OOS,76,0.19143576826196473,0.4868421052631579,1.8125,-1.375,0.1105317187060132,53.80592105263158,47.94736842105263,0.5394736842105263,0.5285714285714286,-0.039606257457245164,3.7274874055415617,397.0,70.0,0.5264483627204031,-1.9149874055415617,-0.01315789473684209
cont_30,180,45,OOS,69,0.17380352644836272,0.463768115942029,-5.0,-2.0,-0.104570100394424,53.32608695652174,57.231884057971016,0.4782608695652174,0.5737704918032787,-0.06268024677837408,-3.0850125944584383,397.0,61.0,0.5264483627204031,-1.9149874055415617,-0.03623188405797101
fade_30,180,45,OOS,69,0.17380352644836272,0.5217391304347826,5.0,2.0,0.104570100394424,57.231884057971016,53.32608695652174,0.5217391304347826,0.4262295081967213,-0.004709232285620479,6.914987405541561,397.0,61.0,0.5264483627204031,-1.9149874055415617,0.021739130434782594
UNCOND_LONG,180,60,OOS,397,1.0,0.5365239294710328,2.6964735516372795,5.25,0.0025929756654902245,54.38476070528967,59.494962216624685,0.5037783375314862,0.4857142857142857,0.0,0.0,,,,,
cont_5,180,60,OOS,74,0.18639798488664988,0.527027027027027,-7.54054054054054,6.5,-0.14375328087172703,59.80067567567568,61.94932432432432,0.5675675675675675,0.5428571428571428,-0.009496902444005806,-10.23701409217782,397.0,70.0,0.5365239294710328,2.6964735516372795,0.027027027027026973
fade_5,180,60,OOS,74,0.18639798488664988,0.47297297297297297,7.54054054054054,-6.5,0.14375328087172703,61.94932432432432,59.80067567567568,0.43243243243243246,0.45714285714285713,-0.06355095649805981,4.844066988903261,397.0,70.0,0.5365239294710328,2.6964735516372795,-0.02702702702702703
cont_15,180,60,OOS,76,0.19143576826196473,0.5263157894736842,-8.358552631578947,4.25,-0.2635060320350288,56.01315789473684,65.42434210526316,0.4605263157894737,0.4714285714285714,-0.010208139997348598,-11.055026183216226,397.0,70.0,0.5365239294710328,2.6964735516372795,0.02631578947368418
fade_15,180,60,OOS,76,0.19143576826196473,0.47368421052631576,8.358552631578947,-4.25,0.2635060320350288,65.42434210526316,56.01315789473684,0.5394736842105263,0.5285714285714286,-0.06283971894471702,5.662079079941668,397.0,70.0,0.5365239294710328,2.6964735516372795,-0.026315789473684237
cont_30,180,60,OOS,69,0.17380352644836272,0.463768115942029,4.057971014492754,-8.25,0.14289401371174004,74.06159420289855,65.97101449275362,0.4927536231884058,0.5666666666666667,-0.07275581352900379,1.3614974628554743,397.0,60.0,0.5365239294710328,2.6964735516372795,-0.03623188405797101
fade_30,180,60,OOS,69,0.17380352644836272,0.5362318840579711,-4.057971014492754,8.25,-0.14289401371174004,65.97101449275362,74.06159420289855,0.5072463768115942,0.43333333333333335,-0.0002920454130617145,-6.754444566130033,397.0,60.0,0.5365239294710328,2.6964735516372795,0.036231884057971064
UNCOND_LONG,195,5,IS,2336,1.0,0.4678938356164384,-0.1715539383561644,0.0,-0.05564872989582225,3.450021404109589,3.7455051369863015,0.4593321917808219,0.47049769112365314,0.0,0.0,,,,,
cont_5,195,5,IS,468,0.20034246575342465,0.41025641025641024,-0.43482905982905984,-0.25,-0.13962328154324308,3.7596153846153846,4.334935897435898,0.4252136752136752,0.42606516290726815,-0.05763742536002814,-0.26327512147289545,2336.0,399.0,0.4678938356164384,-0.1715539383561644,-0.08974358974358976
fade_5,195,5,IS,468,0.20034246575342465,0.5299145299145299,0.43482905982905984,0.25,0.13962328154324308,4.334935897435898,3.7596153846153846,0.5384615384615384,0.5739348370927319,0.06202069429809154,0.6063829981852242,2336.0,399.0,0.4678938356164384,-0.1715539383561644,0.02991452991452992
cont_15,195,5,IS,468,0.20034246575342465,0.4166666666666667,-0.5779914529914529,-0.25,-0.1363664199396305,3.5165598290598292,4.000534188034188,0.4358974358974359,0.43424317617866004,-0.051227168949771695,-0.40643751463528854,2336.0,403.0,0.4678938356164384,-0.1715539383561644,-0.08333333333333331
fade_15,195,5,IS,468,0.20034246575342465,0.5277777777777778,0.5779914529914529,0.25,0.1363664199396305,4.000534188034188,3.5165598290598292,0.5363247863247863,0.56575682382134,0.05988394216133941,0.7495453913476173,2336.0,403.0,0.4678938356164384,-0.1715539383561644,0.02777777777777779
cont_30,195,5,IS,468,0.20034246575342465,0.42948717948717946,-0.21581196581196582,-0.25,-0.0821189372429949,3.84508547008547,3.9834401709401708,0.43803418803418803,0.4371859296482412,-0.03840665612925892,-0.04425802745580143,2336.0,398.0,0.4678938356164384,-0.1715539383561644,-0.07051282051282054
fade_30,195,5,IS,468,0.20034246575342465,0.5192307692307693,0.21581196581196582,0.25,0.0821189372429949,3.9834401709401708,3.84508547008547,0.5512820512820513,0.5628140703517588,0.05133693361433089,0.3873659041681302,2336.0,398.0,0.4678938356164384,-0.1715539383561644,0.019230769230769273
UNCOND_LONG,195,10,IS,2336,1.0,0.480736301369863,-0.1702696917808219,0.0,-0.07573458395834698,4.945633561643835,5.398651541095891,0.4743150684931507,0.47184035476718406,0.0,0.0,,,,,
cont_5,195,10,IS,468,0.20034246575342465,0.42948717948717946,-0.6885683760683761,-0.5,-0.18245057602300374,5.4951923076923075,6.1068376068376065,0.42735042735042733,0.43595505617977526,-0.051249121882683546,-0.5182986842875541,2336.0,445.0,0.480736301369863,-0.1702696917808219,-0.07051282051282054
fade_5,195,10,IS,468,0.20034246575342465,0.5405982905982906,0.6885683760683761,0.5,0.18245057602300374,6.1068376068376065,5.4951923076923075,0.5534188034188035,0.5640449438202247,0.05986198922842756,0.858838067849198,2336.0,445.0,0.480736301369863,-0.1702696917808219,0.040598290598290565
cont_15,195,10,IS,468,0.20034246575342465,0.3974358974358974,-1.0096153846153846,-0.75,-0.22112401247101368,4.727564102564102,5.5256410256410255,0.4337606837606838,0.43777777777777777,-0.0833004039339656,-0.8393456928345626,2336.0,450.0,0.480736301369863,-0.1702696917808219,-0.10256410256410259
fade_15,195,10,IS,468,0.20034246575342465,0.5598290598290598,1.0096153846153846,0.75,0.22112401247101368,5.5256410256410255,4.727564102564102,0.5448717948717948,0.5622222222222222,0.07909275845919683,1.1798850763962065,2336.0,450.0,0.480736301369863,-0.1702696917808219,0.05982905982905984
cont_30,195,10,IS,468,0.20034246575342465,0.4337606837606838,-0.4107905982905983,-0.5,-0.09903754093052138,5.5219017094017095,5.606303418803419,0.44017094017094016,0.43333333333333335,-0.04697561760917923,-0.24052090650977637,2336.0,450.0,0.480736301369863,-0.1702696917808219,-0.06623931623931623
fade_30,195,10,IS,468,0.20034246575342465,0.5384615384615384,0.4107905982905983,0.5,0.09903754093052138,5.606303418803419,5.5219017094017095,0.5341880341880342,0.5666666666666667,0.05772523709167543,0.5810602900714201,2336.0,450.0,0.480736301369863,-0.1702696917808219,0.038461538461538436
UNCOND_LONG,195,15,IS,2336,1.0,0.5081335616438356,-0.04516267123287671,0.25,0.00409290981366774,6.136130136986301,6.643193493150685,0.4790239726027397,0.47303814116615517,0.0,0.0,,,,,
cont_5,195,15,IS,468,0.20034246575342465,0.4636752136752137,-0.7329059829059829,-0.25,-0.15104681265060385,6.791666666666667,7.280448717948718,0.4444444444444444,0.43555555555555553,-0.044458347968621914,-0.6877433116731061,2336.0,450.0,0.5081335616438356,-0.04516267123287671,-0.03632478632478631
fade_5,195,15,IS,468,0.20034246575342465,0.5106837606837606,0.7329059829059829,0.25,0.15104681265060385,7.280448717948718,6.791666666666667,0.5405982905982906,0.5644444444444444,0.0025501990399250385,0.7780686541388596,2336.0,450.0,0.5081335616438356,-0.04516267123287671,0.010683760683760646
cont_15,195,15,IS,468,0.20034246575342465,0.4551282051282051,-0.14583333333333334,-0.25,-0.07666500342348495,5.984508547008547,6.517628205128205,0.4358974358974359,0.44298245614035087,-0.053005356515630486,-0.10067066210045664,2336.0,456.0,0.5081335616438356,-0.04516267123287671,-0.04487179487179488
fade_15,195,15,IS,468,0.20034246575342465,0.5192307692307693,0.14583333333333334,0.25,0.07666500342348495,6.517628205128205,5.984508547008547,0.5427350427350427,0.5570175438596491,0.011097207586933666,0.19099600456621005,2336.0,456.0,0.5081335616438356,-0.04516267123287671,0.019230769230769273
cont_30,195,15,IS,468,0.20034246575342465,0.4594017094017094,-0.16666666666666666,-0.25,-0.05671132030178125,6.788461538461538,6.755876068376068,0.44017094017094016,0.4351648351648352,-0.04873185224212623,-0.12150399543378995,2336.0,455.0,0.5081335616438356,-0.04516267123287671,-0.04059829059829062
fade_30,195,15,IS,468,0.20034246575342465,0.5256410256410257,0.16666666666666666,0.25,0.05671132030178125,6.755876068376068,6.788461538461538,0.5427350427350427,0.5648351648351648,0.017507463997190054,0.21182933789954336,2336.0,455.0,0.5081335616438356,-0.04516267123287671,0.02564102564102566
UNCOND_LONG,195,30,IS,2336,1.0,0.5068493150684932,-0.06806506849315068,0.25,-0.054470213869250064,8.707940924657533,9.66652397260274,0.4841609589041096,0.47240618101545256,0.0,0.0,,,,,
cont_5,195,30,IS,468,0.20034246575342465,0.4829059829059829,-0.6837606837606838,-0.125,-0.2250492224662872,9.424679487179487,10.21741452991453,0.46794871794871795,0.4337078651685393,-0.023943332162510267,-0.6156956152675331,2336.0,445.0,0.5068493150684932,-0.06806506849315068,-0.01709401709401709
fade_5,195,30,IS,468,0.20034246575342465,0.5,0.6837606837606838,0.125,0.2250492224662872,10.21741452991453,9.424679487179487,0.5170940170940171,0.5662921348314607,-0.006849315068493178,0.7518257522538344,2336.0,445.0,0.5068493150684932,-0.06806506849315068,0.0
cont_15,195,30,IS,468,0.20034246575342465,0.4893162393162393,0.24946581196581197,0.0,0.045164904090391776,8.860042735042734,9.22275641025641,0.4700854700854701,0.4424778761061947,-0.01753307575225388,0.31753088045896266,2336.0,452.0,0.5068493150684932,-0.06806506849315068,-0.010683760683760701
fade_15,195,30,IS,468,0.20034246575342465,0.49786324786324787,-0.24946581196581197,0.0,-0.045164904090391776,9.22275641025641,8.860042735042734,0.5128205128205128,0.5575221238938053,-0.008986067205245307,-0.18140074347266127,2336.0,452.0,0.5068493150684932,-0.06806506849315068,-0.002136752136752129
cont_30,195,30,IS,468,0.20034246575342465,0.5021367521367521,0.6896367521367521,0.25,0.008332942881162033,10.056623931623932,9.651175213675213,0.4893162393162393,0.4358407079646018,-0.004712562931741049,0.7577018206299028,2336.0,452.0,0.5068493150684932,-0.06806506849315068,0.002136752136752129
fade_30,195,30,IS,468,0.20034246575342465,0.4935897435897436,-0.6896367521367521,-0.25,-0.008332942881162033,9.651175213675213,10.056623931623932,0.49786324786324787,0.5641592920353983,-0.013259571478749566,-0.6215716836436015,2336.0,452.0,0.5068493150684932,-0.06806506849315068,-0.0064102564102563875
UNCOND_LONG,195,45,IS,2336,1.0,0.5209760273972602,-0.10113441780821918,0.5,-0.02986003575505621,10.511130136986301,11.841181506849315,0.4850171232876712,0.47116237799467614,0.0,0.0,,,,,
cont_5,195,45,IS,468,0.20034246575342465,0.47649572649572647,-0.7852564102564102,-0.25,-0.30203729678482183,11.653311965811966,12.303418803418804,0.4893162393162393,0.4321266968325792,-0.044480300901533765,-0.684121992448191,2336.0,442.0,0.5209760273972602,-0.10113441780821918,-0.023504273504273532
fade_5,195,45,IS,468,0.20034246575342465,0.5106837606837606,0.7852564102564102,0.25,0.30203729678482183,12.303418803418804,11.653311965811966,0.5042735042735043,0.5678733031674208,-0.010292266713499587,0.8863908280646294,2336.0,442.0,0.5209760273972602,-0.10113441780821918,0.010683760683760646
cont_15,195,45,IS,468,0.20034246575342465,0.4893162393162393,0.1420940170940171,0.0,-0.06296697023691056,11.019764957264957,10.899038461538462,0.47863247863247865,0.44419642857142855,-0.031659788081020934,0.24322843490223628,2336.0,448.0,0.5209760273972602,-0.10113441780821918,-0.010683760683760701
fade_15,195,45,IS,468,0.20034246575342465,0.48717948717948717,-0.1420940170940171,0.0,0.06296697023691056,10.899038461538462,11.019764957264957,0.5064102564102564,0.5558035714285714,-0.03379654021777306,-0.04095959928579791,2336.0,448.0,0.5209760273972602,-0.10113441780821918,-0.01282051282051283
cont_30,195,45,IS,468,0.20034246575342465,0.49145299145299143,1.0336538461538463,0.0,0.1117085517667095,12.455128205128204,11.38888888888889,0.5085470085470085,0.4365256124721604,-0.029523035944268805,1.1347882639620654,2336.0,449.0,0.5209760273972602,-0.10113441780821918,-0.008547008547008572
fade_30,195,45,IS,468,0.20034246575342465,0.48504273504273504,-1.0336538461538463,0.0,-0.1117085517667095,11.38888888888889,12.455128205128204,0.4722222222222222,0.5634743875278396,-0.03593329235452519,-0.9325194283456271,2336.0,449.0,0.5209760273972602,-0.10113441780821918,-0.01495726495726496
UNCOND_LONG,195,60,IS,2336,1.0,0.5355308219178082,-0.1488655821917808,0.75,-0.01475486303859886,12.12564212328767,13.644263698630137,0.4961472602739726,0.47108540925266906,0.0,0.0,,,,,
cont_5,195,60,IS,468,0.20034246575342465,0.45085470085470086,-0.5892094017094017,-1.25,-0.30737925257358745,13.390491452991453,14.113782051282051,0.4700854700854701,0.4308390022675737,-0.08467612106310735,-0.4403438195176209,2336.0,441.0,0.5355308219178082,-0.1488655821917808,-0.04914529914529914
fade_5,195,60,IS,468,0.20034246575342465,0.5363247863247863,0.5892094017094017,1.25,0.30737925257358745,14.113782051282051,13.390491452991453,0.5192307692307693,0.5691609977324263,0.0007939644069780982,0.7380749839011825,2336.0,441.0,0.5355308219178082,-0.1488655821917808,0.03632478632478631
cont_15,195,60,IS,468,0.20034246575342465,0.4700854700854701,0.42094017094017094,-0.25,-0.07360806077701618,12.798076923076923,12.507478632478632,0.47863247863247865,0.44419642857142855,-0.06544535183233813,0.5698057531319518,2336.0,448.0,0.5355308219178082,-0.1488655821917808,-0.02991452991452992
fade_15,195,60,IS,468,0.20034246575342465,0.5170940170940171,-0.42094017094017094,0.25,0.07360806077701618,12.507478632478632,12.798076923076923,0.5170940170940171,0.5558035714285714,-0.018436804823791064,-0.27207458874839013,2336.0,448.0,0.5355308219178082,-0.1488655821917808,0.017094017094017144
cont_30,195,60,IS,468,0.20034246575342465,0.48717948717948717,1.0042735042735043,-0.25,0.25902183867948725,14.301282051282051,12.9375,0.5085470085470085,0.4365256124721604,-0.04835133473832104,1.153139086465285,2336.0,449.0,0.5355308219178082,-0.1488655821917808,-0.01282051282051283
fade_30,195,60,IS,468,0.20034246575342465,0.5021367521367521,-1.0042735042735043,0.25,-0.25902183867948725,12.9375,14.301282051282051,0.47863247863247865,0.5634743875278396,-0.03339406978105608,-0.8554079220817234,2336.0,449.0,0.5355308219178082,-0.1488655821917808,0.002136752136752129
UNCOND_LONG,195,5,Validation,747,1.0,0.5153949129852744,-0.32630522088353414,0.5,0.008965268277434572,10.055890227576974,11.271084337349398,0.464524765729585,0.4645669291338583,0.0,0.0,,,,,
cont_5,195,5,Validation,124,0.16599732262382866,0.4274193548387097,-0.21774193548387097,-1.25,-0.008339534378086997,12.46975806451613,12.225806451612904,0.4596774193548387,0.48598130841121495,-0.08797555814656471,0.10856328539966317,747.0,107.0,0.5153949129852744,-0.32630522088353414,-0.07258064516129031
fade_5,195,5,Validation,124,0.16599732262382866,0.5483870967741935,0.21774193548387097,1.25,0.008339534378086997,12.225806451612904,12.46975806451613,0.5403225806451613,0.514018691588785,0.032992183788919105,0.5440471563674051,747.0,107.0,0.5153949129852744,-0.32630522088353414,0.048387096774193505
cont_15,195,5,Validation,133,0.17804551539491298,0.40601503759398494,-1.0169172932330828,-1.75,-0.09098322778183725,10.63345864661654,10.703007518796992,0.44360902255639095,0.49122807017543857,-0.10937987539128946,-0.6906120723495486,747.0,114.0,0.5153949129852744,-0.32630522088353414,-0.09398496240601506
fade_15,195,5,Validation,133,0.17804551539491298,0.5789473684210527,1.0169172932330828,1.75,0.09098322778183725,10.703007518796992,10.63345864661654,0.5488721804511278,0.5087719298245614,0.06355245543577825,1.343222514116617,747.0,114.0,0.5153949129852744,-0.32630522088353414,0.07894736842105265
cont_30,195,5,Validation,141,0.18875502008032127,0.5177304964539007,-1.2712765957446808,0.75,-0.028400921268660232,10.343971631205674,10.851063829787234,0.46808510638297873,0.4827586206896552,0.002335583468626279,-0.9449713748611466,747.0,116.0,0.5153949129852744,-0.32630522088353414,0.01773049645390068
fade_30,195,5,Validation,141,0.18875502008032127,0.46099290780141844,1.2712765957446808,-0.75,0.028400921268660232,10.851063829787234,10.343971631205674,0.5319148936170213,0.5172413793103449,-0.05440200518385596,1.597581816628215,747.0,116.0,0.5153949129852744,-0.32630522088353414,-0.03900709219858156
UNCOND_LONG,195,10,Validation,747,1.0,0.5327978580990629,0.2359437751004016,1.25,0.08311087249783941,14.376840696117805,15.507697456492638,0.499330655957162,0.47295423023578365,0.0,0.0,,,,,
cont_5,195,10,Validation,124,0.16599732262382866,0.41935483870967744,-0.13709677419354838,-1.875,-0.014167470740801989,17.661290322580644,17.137096774193548,0.47580645161290325,0.47107438016528924,-0.11344301938938545,-0.37304054929395,747.0,121.0,0.5327978580990629,0.2359437751004016,-0.08064516129032256
fade_5,195,10,Validation,124,0.16599732262382866,0.5645161290322581,0.13709677419354838,1.875,0.014167470740801989,17.137096774193548,17.661290322580644,0.5241935483870968,0.5289256198347108,0.031718270933195236,-0.09884700090685322,747.0,121.0,0.5327978580990629,0.2359437751004016,0.06451612903225812
cont_15,195,10,Validation,133,0.17804551539491298,0.43609022556390975,-0.9642857142857143,-1.75,-0.06794785820368854,14.849624060150376,14.922932330827068,0.48872180451127817,0.47580645161290325,-0.09670763253515313,-1.2002294893861158,747.0,124.0,0.5327978580990629,0.2359437751004016,-0.06390977443609025
fade_15,195,10,Validation,133,0.17804551539491298,0.556390977443609,0.9642857142857143,1.75,0.06794785820368854,14.922932330827068,14.849624060150376,0.5112781954887218,0.5241935483870968,0.02359311934454611,0.7283419391853128,747.0,124.0,0.5327978580990629,0.2359437751004016,0.05639097744360899
cont_30,195,10,Validation,141,0.18875502008032127,0.5035460992907801,-1.3475177304964538,0.75,-0.009853347404767288,14.381205673758865,14.671985815602836,0.5673758865248227,0.48854961832061067,-0.02925175880828279,-1.5834615055968555,747.0,131.0,0.5327978580990629,0.2359437751004016,0.0035460992907800915
fade_30,195,10,Validation,141,0.18875502008032127,0.48936170212765956,1.3475177304964538,-0.75,0.009853347404767288,14.671985815602836,14.381205673758865,0.4326241134751773,0.5114503816793893,-0.04343615597140332,1.1115739553960522,747.0,131.0,0.5327978580990629,0.2359437751004016,-0.010638297872340441
UNCOND_LONG,195,15,Validation,747,1.0,0.5327978580990629,0.27342704149933067,2.0,0.09321335790898265,17.835341365461847,18.91164658634538,0.5073627844712182,0.4713114754098361,0.0,0.0,,,,,
cont_5,195,15,Validation,124,0.16599732262382866,0.41935483870967744,-0.3689516129032258,-5.0,0.007120635737177676,21.22983870967742,20.554435483870968,0.46774193548387094,0.4672131147540984,-0.11344301938938545,-0.6423786544025565,747.0,122.0,0.5327978580990629,0.27342704149933067,-0.08064516129032256
fade_5,195,15,Validation,124,0.16599732262382866,0.5806451612903226,0.3689516129032258,5.0,-0.007120635737177676,20.554435483870968,21.22983870967742,0.5241935483870968,0.5327868852459017,0.04784730319125974,0.09552457140389514,747.0,122.0,0.5327978580990629,0.27342704149933067,0.08064516129032262
cont_15,195,15,Validation,133,0.17804551539491298,0.48872180451127817,-1.1090225563909775,-0.5,-0.05626613236910892,17.103383458646615,18.133458646616543,0.48872180451127817,0.48031496062992124,-0.044076053587784714,-1.3824495978903082,747.0,127.0,0.5327978580990629,0.27342704149933067,-0.011278195488721832
fade_15,195,15,Validation,133,0.17804551539491298,0.5112781954887218,1.1090225563909775,0.5,0.05626613236910892,18.133458646616543,17.103383458646615,0.5112781954887218,0.5196850393700787,-0.021519662610341106,0.8355955148916467,747.0,127.0,0.5327978580990629,0.27342704149933067,0.011278195488721776
cont_30,195,15,Validation,141,0.18875502008032127,0.46808510638297873,-2.3085106382978724,-2.0,-0.13981317738700563,16.79255319148936,18.55141843971631,0.5460992907801419,0.49635036496350365,-0.06471275171608415,-2.581937679797203,747.0,137.0,0.5327978580990629,0.27342704149933067,-0.03191489361702127
fade_30,195,15,Validation,141,0.18875502008032127,0.5319148936170213,2.3085106382978724,2.0,0.13981317738700563,18.55141843971631,16.79255319148936,0.45390070921985815,0.5036496350364964,-0.0008829644820416149,2.035083596798542,747.0,137.0,0.5327978580990629,0.27342704149933067,0.03191489361702127
UNCOND_LONG,195,30,Validation,747,1.0,0.5448460508701473,1.1562918340026773,3.5,0.18508762811384002,26.346720214190093,27.464524765729585,0.5127175368139224,0.4649859943977591,0.0,0.0,,,,,
cont_5,195,30,Validation,124,0.16599732262382866,0.4838709677419355,1.6008064516129032,-3.75,0.031439765321479594,30.368951612903224,28.328629032258064,0.46774193548387094,0.47058823529411764,-0.06097508312821176,0.4445146176102259,747.0,119.0,0.5448460508701473,1.1562918340026773,-0.016129032258064502
fade_5,195,30,Validation,124,0.16599732262382866,0.5161290322580645,-1.6008064516129032,3.75,-0.031439765321479594,28.328629032258064,30.368951612903224,0.532258064516129,0.5294117647058824,-0.028717018612082756,-2.7570982856155806,747.0,119.0,0.5448460508701473,1.1562918340026773,0.016129032258064502
cont_15,195,30,Validation,133,0.17804551539491298,0.47368421052631576,-0.37406015037593987,-2.5,-0.14442156838834963,25.475563909774436,25.708646616541355,0.5112781954887218,0.48031496062992124,-0.0711618403438315,-1.5303519843786173,747.0,127.0,0.5448460508701473,1.1562918340026773,-0.026315789473684237
fade_15,195,30,Validation,133,0.17804551539491298,0.5263157894736842,0.37406015037593987,2.5,0.14442156838834963,25.708646616541355,25.475563909774436,0.48872180451127817,0.5196850393700787,-0.018530261396463077,-0.7822316836267375,747.0,127.0,0.5448460508701473,1.1562918340026773,0.02631578947368418
cont_30,195,30,Validation,141,0.18875502008032127,0.475177304964539,-2.5709219858156027,-1.5,-0.24687962174148975,24.31737588652482,28.124113475177303,0.475177304964539,0.5037037037037037,-0.06966874590560823,-3.72721381981828,747.0,135.0,0.5448460508701473,1.1562918340026773,-0.024822695035460973
fade_30,195,30,Validation,141,0.18875502008032127,0.524822695035461,2.5709219858156027,1.5,0.24687962174148975,28.124113475177303,24.31737588652482,0.524822695035461,0.4962962962962963,-0.020023355834686285,1.4146301518129254,747.0,135.0,0.5448460508701473,1.1562918340026773,0.024822695035460973
UNCOND_LONG,195,45,Validation,747,1.0,0.5555555555555556,1.3493975903614457,5.5,0.25582241178599646,32.34270414993306,33.79216867469879,0.5100401606425703,0.46403385049365303,0.0,0.0,,,,,
cont_5,195,45,Validation,124,0.16599732262382866,0.4838709677419355,-3.223790322580645,-1.125,-0.47736781742501794,35.53024193548387,35.85685483870968,0.47580645161290325,0.47058823529411764,-0.07168458781362008,-4.573187912942091,747.0,119.0,0.5555555555555556,1.3493975903614457,-0.016129032258064502
fade_5,195,45,Validation,124,0.16599732262382866,0.5080645161290323,3.223790322580645,1.125,0.47736781742501794,35.85685483870968,35.53024193548387,0.5241935483870968,0.5294117647058824,-0.04749103942652333,1.8743927322191993,747.0,119.0,0.5555555555555556,1.3493975903614457,0.008064516129032251
cont_15,195,45,Validation,133,0.17804551539491298,0.5338345864661654,-0.16729323308270677,2.5,-0.06406135818356347,30.849624060150376,32.73684210526316,0.48872180451127817,0.48412698412698413,-0.02172096908939014,-1.5166908234441525,747.0,126.0,0.5555555555555556,1.3493975903614457,0.03383458646616544
fade_15,195,45,Validation,133,0.17804551539491298,0.46616541353383456,0.16729323308270677,-2.5,0.06406135818356347,32.73684210526316,30.849624060150376,0.5112781954887218,0.5158730158730159,-0.08939014202172102,-1.1821043572787389,747.0,126.0,0.5555555555555556,1.3493975903614457,-0.03383458646616544
cont_30,195,45,Validation,141,0.18875502008032127,0.524822695035461,-2.129432624113475,2.25,-0.16642451604496478,31.00177304964539,35.326241134751776,0.48226950354609927,0.5,-0.030732860520094607,-3.478830214474921,747.0,134.0,0.5555555555555556,1.3493975903614457,0.024822695035460973
fade_30,195,45,Validation,141,0.18875502008032127,0.475177304964539,2.129432624113475,-2.25,0.16642451604496478,35.326241134751776,31.00177304964539,0.5177304964539007,0.5,-0.08037825059101655,0.7800350337520294,747.0,134.0,0.5555555555555556,1.3493975903614457,-0.024822695035460973
UNCOND_LONG,195,60,Validation,747,1.0,0.5394912985274432,1.1910977242302543,5.0,0.2642872647634148,37.444109772423026,38.92001338688085,0.5234270414993306,0.4646892655367232,0.0,0.0,,,,,
cont_5,195,60,Validation,124,0.16599732262382866,0.4435483870967742,-2.806451612903226,-8.125,-0.3649484469095067,40.61693548387097,42.850806451612904,0.4838709677419355,0.47058823529411764,-0.09594291143066896,-3.9975493371334805,747.0,119.0,0.5394912985274432,1.1910977242302543,-0.05645161290322581
fade_5,195,60,Validation,124,0.16599732262382866,0.5564516129032258,2.806451612903226,8.125,0.3649484469095067,42.850806451612904,40.61693548387097,0.5161290322580645,0.5294117647058824,0.016960314375782604,1.6153538886729717,747.0,119.0,0.5394912985274432,1.1910977242302543,0.056451612903225756
cont_15,195,60,Validation,133,0.17804551539491298,0.5037593984962406,-0.17481203007518797,0.25,0.120476633110429,36.3984962406015,37.06390977443609,0.5338345864661654,0.48412698412698413,-0.035731900031202524,-1.3659097543054424,747.0,126.0,0.5394912985274432,1.1910977242302543,0.003759398496240629
fade_15,195,60,Validation,133,0.17804551539491298,0.49624060150375937,0.17481203007518797,-0.25,-0.120476633110429,37.06390977443609,36.3984962406015,0.46616541353383456,0.5158730158730159,-0.04325069702368378,-1.0162856941550662,747.0,126.0,0.5394912985274432,1.1910977242302543,-0.003759398496240629
cont_30,195,60,Validation,141,0.18875502008032127,0.5035460992907801,-3.351063829787234,0.25,-0.2676156018298913,35.71099290780142,40.75709219858156,0.49645390070921985,0.5,-0.03594519923666306,-4.542161554017488,747.0,134.0,0.5394912985274432,1.1910977242302543,0.0035460992907800915
fade_30,195,60,Validation,141,0.18875502008032127,0.49645390070921985,3.351063829787234,-0.25,0.2676156018298913,40.75709219858156,35.71099290780142,0.5035460992907801,0.5,-0.0430373978182233,2.15996610555698,747.0,134.0,0.5394912985274432,1.1910977242302543,-0.003546099290780147
UNCOND_LONG,195,5,OOS,397,1.0,0.5516372795969773,1.2109571788413098,2.0,0.1326870954026626,15.926952141057935,16.488664987405542,0.5239294710327456,0.518840579710145,0.0,0.0,,,,,
cont_5,195,5,OOS,61,0.15365239294710328,0.47540983606557374,-6.192622950819672,-2.75,-0.33947766813347235,18.28688524590164,24.733606557377048,0.4262295081967213,0.43636363636363634,-0.07622744353140354,-7.403580129660982,397.0,55.0,0.5516372795969773,1.2109571788413098,-0.024590163934426257
fade_5,195,5,OOS,61,0.15365239294710328,0.5081967213114754,6.192622950819672,2.75,0.33947766813347235,24.733606557377048,18.28688524590164,0.5737704918032787,0.5636363636363636,-0.04344055828550186,4.981665771978362,397.0,55.0,0.5516372795969773,1.2109571788413098,0.008196721311475419
cont_15,195,5,OOS,73,0.18387909319899245,0.4383561643835616,-6.510273972602739,-2.75,-0.40119113115262156,16.07191780821918,24.0,0.4657534246575342,0.46875,-0.11328111521341566,-7.72123115144405,397.0,64.0,0.5516372795969773,1.2109571788413098,-0.06164383561643838
fade_15,195,5,OOS,73,0.18387909319899245,0.547945205479452,6.510273972602739,2.75,0.40119113115262156,24.0,16.07191780821918,0.5342465753424658,0.53125,-0.003692074117525257,5.299316793761429,397.0,64.0,0.5516372795969773,1.2109571788413098,0.047945205479452024
cont_30,195,5,OOS,66,0.16624685138539042,0.5,-4.257575757575758,0.125,-0.2532428458708927,15.958333333333334,23.045454545454547,0.42424242424242425,0.4576271186440678,-0.05163727959697728,-5.468532936417068,397.0,59.0,0.5516372795969773,1.2109571788413098,0.0
fade_30,195,5,OOS,66,0.16624685138539042,0.48484848484848486,4.257575757575758,-0.125,0.2532428458708927,23.045454545454547,15.958333333333334,0.5757575757575758,0.5423728813559322,-0.06678879474849242,3.046618578734448,397.0,59.0,0.5516372795969773,1.2109571788413098,-0.015151515151515138
UNCOND_LONG,195,10,OOS,397,1.0,0.5239294710327456,0.8576826196473551,1.25,0.1423227164168246,22.713476070528966,22.243702770780857,0.5239294710327456,0.5246753246753246,0.0,0.0,,,,,
cont_5,195,10,OOS,61,0.15365239294710328,0.5573770491803278,-2.5614754098360657,2.5,-0.1001581256936638,26.07377049180328,32.80327868852459,0.47540983606557374,0.4576271186440678,0.03344757814758226,-3.419158029483421,397.0,59.0,0.5239294710327456,0.8576826196473551,0.05737704918032782
fade_5,195,10,OOS,61,0.15365239294710328,0.4262295081967213,2.5614754098360657,-2.5,0.1001581256936638,32.80327868852459,26.07377049180328,0.5245901639344263,0.5423728813559322,-0.09769996283602428,1.7037927901887104,397.0,59.0,0.5239294710327456,0.8576826196473551,-0.07377049180327871
cont_15,195,10,OOS,73,0.18387909319899245,0.5205479452054794,-0.8047945205479452,2.0,-0.07462165196914311,24.075342465753426,29.09931506849315,0.4657534246575342,0.4714285714285714,-0.003381525827266141,-1.6624771401953002,397.0,70.0,0.5239294710327456,0.8576826196473551,0.020547945205479423
fade_15,195,10,OOS,73,0.18387909319899245,0.4794520547945205,0.8047945205479452,-2.0,0.07462165196914311,29.09931506849315,24.075342465753426,0.5342465753424658,0.5285714285714286,-0.04447741623822504,-0.052888099099409946,397.0,70.0,0.5239294710327456,0.8576826196473551,-0.02054794520547948
cont_30,195,10,OOS,66,0.16624685138539042,0.5303030303030303,-2.234848484848485,1.75,-0.0657659576495707,24.018939393939394,29.882575757575758,0.48484848484848486,0.453125,0.006373559270284712,-3.09253110449584,397.0,64.0,0.5239294710327456,0.8576826196473551,0.030303030303030276
fade_30,195,10,OOS,66,0.16624685138539042,0.45454545454545453,2.234848484848485,-1.75,0.0657659576495707,29.882575757575758,24.018939393939394,0.5151515151515151,0.546875,-0.06938401648729103,1.3771658652011296,397.0,64.0,0.5239294710327456,0.8576826196473551,-0.04545454545454547
UNCOND_LONG,195,15,OOS,397,1.0,0.5491183879093199,1.522670025188917,2.75,0.07837318188314087,27.62153652392947,28.05793450881612,0.5188916876574308,0.5230769230769231,0.0,0.0,,,,,
cont_5,195,15,OOS,61,0.15365239294710328,0.4426229508196721,-7.55327868852459,-6.5,-0.323631465117816,31.799180327868854,41.59836065573771,0.4426229508196721,0.4666666666666667,-0.10649543708964776,-9.075948713713506,397.0,60.0,0.5491183879093199,1.522670025188917,-0.05737704918032788
fade_5,195,15,OOS,61,0.15365239294710328,0.5573770491803278,7.55327868852459,6.5,0.323631465117816,41.59836065573771,31.799180327868854,0.5573770491803278,0.5333333333333333,0.008258661271007939,6.0306086633356735,397.0,60.0,0.5491183879093199,1.522670025188917,0.05737704918032782
cont_15,195,15,OOS,73,0.18387909319899245,0.4931506849315068,-2.0273972602739727,0.0,-0.17799099547898528,29.13013698630137,35.05821917808219,0.4520547945205479,0.4788732394366197,-0.05596770297781306,-3.5500672854628896,397.0,71.0,0.5491183879093199,1.522670025188917,-0.006849315068493178
fade_15,195,15,OOS,73,0.18387909319899245,0.4931506849315068,2.0273972602739727,0.0,0.17799099547898528,35.05821917808219,29.13013698630137,0.547945205479452,0.5211267605633803,-0.05596770297781306,0.5047272350850558,397.0,71.0,0.5491183879093199,1.522670025188917,-0.006849315068493178
cont_30,195,15,OOS,66,0.16624685138539042,0.48484848484848486,-4.09469696969697,-4.0,-0.17148675706253583,28.75378787878788,36.15909090909091,0.4393939393939394,0.453125,-0.06426990306083502,-5.617366994885886,397.0,64.0,0.5491183879093199,1.522670025188917,-0.015151515151515138
fade_30,195,15,OOS,66,0.16624685138539042,0.5151515151515151,4.09469696969697,4.0,0.17148675706253583,36.15909090909091,28.75378787878788,0.5454545454545454,0.546875,-0.033966872757804745,2.572026944508053,397.0,64.0,0.5491183879093199,1.522670025188917,0.015151515151515138
UNCOND_LONG,195,30,OOS,397,1.0,0.5365239294710328,0.9011335012594458,4.0,0.0436407494442027,38.48803526448363,39.41372795969773,0.5113350125944585,0.5231958762886598,0.0,0.0,,,,,
cont_5,195,30,OOS,61,0.15365239294710328,0.45901639344262296,-5.418032786885246,-2.25,-0.24874919072022814,45.118852459016395,55.032786885245905,0.4262295081967213,0.4666666666666667,-0.07750753602840982,-6.319166288144692,397.0,60.0,0.5365239294710328,0.9011335012594458,-0.04098360655737704
fade_5,195,30,OOS,61,0.15365239294710328,0.5409836065573771,5.418032786885246,2.25,0.24874919072022814,55.032786885245905,45.118852459016395,0.5737704918032787,0.5333333333333333,0.004459677086344316,4.5168992856258,397.0,60.0,0.5365239294710328,0.9011335012594458,0.040983606557377095
cont_15,195,30,OOS,73,0.18387909319899245,0.5616438356164384,0.4006849315068493,5.0,-0.053546367972493424,41.30821917808219,46.592465753424655,0.4657534246575342,0.4788732394366197,0.0251199061454056,-0.5004485697525964,397.0,71.0,0.5365239294710328,0.9011335012594458,0.06164383561643838
fade_15,195,30,OOS,73,0.18387909319899245,0.4383561643835616,-0.4006849315068493,-5.0,0.053546367972493424,46.592465753424655,41.30821917808219,0.5342465753424658,0.5211267605633803,-0.09816776508747116,-1.3018184327662952,397.0,71.0,0.5365239294710328,0.9011335012594458,-0.06164383561643838
cont_30,195,30,OOS,66,0.16624685138539042,0.5303030303030303,3.4393939393939394,1.5,0.3341018472504349,41.609848484848484,44.14393939393939,0.48484848484848486,0.453125,-0.006220899168002503,2.5382604381344938,397.0,64.0,0.5365239294710328,0.9011335012594458,0.030303030303030276
fade_30,195,30,OOS,66,0.16624685138539042,0.4696969696969697,-3.4393939393939394,-1.5,-0.3341018472504349,44.14393939393939,41.609848484848484,0.5,0.546875,-0.06682695977406305,-4.340527440653386,397.0,64.0,0.5365239294710328,0.9011335012594458,-0.030303030303030276
UNCOND_LONG,195,45,OOS,397,1.0,0.5440806045340051,5.512594458438287,4.5,0.14778049611969277,49.877833753148614,48.862090680100756,0.5214105793450882,0.5219638242894057,0.0,0.0,,,,,
cont_5,195,45,OOS,61,0.15365239294710328,0.5245901639344263,-2.0368852459016393,3.75,-0.25672774988046304,56.15573770491803,64.95491803278688,0.4098360655737705,0.4666666666666667,-0.01949044059957883,-7.549479704339927,397.0,60.0,0.5440806045340051,5.512594458438287,0.024590163934426257
fade_5,195,45,OOS,61,0.15365239294710328,0.47540983606557374,2.0368852459016393,-3.75,0.25672774988046304,64.95491803278688,56.15573770491803,0.5901639344262295,0.5333333333333333,-0.06867076846843134,-3.475709212536648,397.0,60.0,0.5440806045340051,5.512594458438287,-0.024590163934426257
cont_15,195,45,OOS,73,0.18387909319899245,0.5068493150684932,3.4006849315068495,4.0,-0.0691745035015153,50.98287671232877,53.61643835616438,0.4383561643835616,0.4788732394366197,-0.03723128946551191,-2.111909526931438,397.0,71.0,0.5440806045340051,5.512594458438287,0.006849315068493178
fade_15,195,45,OOS,73,0.18387909319899245,0.4931506849315068,-3.4006849315068495,-4.0,0.0691745035015153,53.61643835616438,50.98287671232877,0.5616438356164384,0.5211267605633803,-0.050929919602498264,-8.913279389945137,397.0,71.0,0.5440806045340051,5.512594458438287,-0.006849315068493178
cont_30,195,45,OOS,66,0.16624685138539042,0.5303030303030303,8.511363636363637,7.625,0.5205777207771741,53.77651515151515,51.06439393939394,0.45454545454545453,0.453125,-0.01377757423097481,2.9987691779253494,397.0,64.0,0.5440806045340051,5.512594458438287,0.030303030303030276
fade_30,195,45,OOS,66,0.16624685138539042,0.4696969696969697,-8.511363636363637,-7.625,-0.5205777207771741,51.06439393939394,53.77651515151515,0.5303030303030303,0.546875,-0.07438363483703536,-14.023958094801923,397.0,64.0,0.5440806045340051,5.512594458438287,-0.030303030303030276
UNCOND_LONG,195,60,OOS,397,1.0,0.5465994962216625,7.107682619647355,5.75,0.2359460595397406,56.94773299748111,54.6492443324937,0.5415617128463476,0.522077922077922,0.0,0.0,,,,,
cont_5,195,60,OOS,61,0.15365239294710328,0.47540983606557374,-0.7049180327868853,-3.0,-0.32285762107396454,65.39344262295081,72.44672131147541,0.45901639344262296,0.4666666666666667,-0.07118966015608874,-7.812600652434241,397.0,60.0,0.5465994962216625,7.107682619647355,-0.024590163934426257
fade_5,195,60,OOS,61,0.15365239294710328,0.5245901639344263,0.7049180327868853,3.0,0.32285762107396454,72.44672131147541,65.39344262295081,0.5409836065573771,0.5333333333333333,-0.022009332287236227,-6.40276458686047,397.0,60.0,0.5465994962216625,7.107682619647355,0.024590163934426257
cont_15,195,60,OOS,73,0.18387909319899245,0.4520547945205479,-0.11643835616438356,-3.25,-0.2171144551211007,57.82876712328767,59.215753424657535,0.4657534246575342,0.4788732394366197,-0.09454470170111456,-7.224120975811739,397.0,71.0,0.5465994962216625,7.107682619647355,-0.04794520547945208
fade_15,195,60,OOS,73,0.18387909319899245,0.547945205479452,0.11643835616438356,3.25,0.2171144551211007,59.215753424657535,57.82876712328767,0.5342465753424658,0.5211267605633803,0.0013457092577895402,-6.9912442634829715,397.0,71.0,0.5465994962216625,7.107682619647355,0.047945205479452024
cont_30,195,60,OOS,66,0.16624685138539042,0.5303030303030303,11.06060606060606,5.75,0.9086296908417597,62.416666666666664,54.75,0.5151515151515151,0.453125,-0.016296465918632208,3.9529234409587053,397.0,64.0,0.5465994962216625,7.107682619647355,0.030303030303030276
fade_30,195,60,OOS,66,0.16624685138539042,0.4696969696969697,-11.06060606060606,-5.75,-0.9086296908417597,54.75,62.416666666666664,0.48484848484848486,0.546875,-0.07690252652469276,-18.168288680253415,397.0,64.0,0.5465994962216625,7.107682619647355,-0.030303030303030276
UNCOND_LONG,210,5,IS,2335,1.0,0.4753747323340471,-0.07419700214132763,0.0,-0.028951779296793705,3.8472162740899356,3.9882226980728053,0.48865096359743043,0.5070835368832438,0.0,0.0,,,,,
cont_5,210,5,IS,467,0.2,0.4282655246252677,-0.6943254817987152,-0.5,-0.141639082065084,3.390792291220557,4.051927194860814,0.45610278372591007,0.463768115942029,-0.04710920770877941,-0.6201284796573876,2335.0,414.0,0.4753747323340471,-0.07419700214132763,-0.07173447537473232
fade_5,210,5,IS,467,0.2,0.5396145610278372,0.6943254817987152,0.5,0.141639082065084,4.051927194860814,3.390792291220557,0.49464668094218417,0.5362318840579711,0.06423982869379014,0.7685224839400429,2335.0,414.0,0.4753747323340471,-0.07419700214132763,0.039614561027837225
cont_15,210,5,IS,467,0.2,0.4411134903640257,0.03961456102783726,-0.25,-0.10839799663594157,4.042826552462527,3.8137044967880085,0.4732334047109208,0.48,-0.034261241970021394,0.11381156316916488,2335.0,400.0,0.4753747323340471,-0.07419700214132763,-0.058886509635974305
fade_15,210,5,IS,467,0.2,0.5353319057815846,-0.03961456102783726,0.25,0.10839799663594157,3.8137044967880085,4.042826552462527,0.4860813704496788,0.52,0.05995717344753754,0.03458244111349037,2335.0,400.0,0.4753747323340471,-0.07419700214132763,0.03533190578158463
cont_30,210,5,IS,467,0.2,0.4518201284796574,0.09903640256959315,-0.25,-0.016461976135145717,4.2687366167023555,4.19914346895075,0.4732334047109208,0.5073170731707317,-0.023554603854389677,0.17323340471092077,2335.0,410.0,0.4753747323340471,-0.07419700214132763,-0.04817987152034259
fade_30,210,5,IS,467,0.2,0.5117773019271948,-0.09903640256959315,0.25,0.016461976135145717,4.19914346895075,4.2687366167023555,0.48394004282655245,0.4926829268292683,0.03640256959314775,-0.024839400428265518,2335.0,410.0,0.4753747323340471,-0.07419700214132763,0.011777301927194839
UNCOND_LONG,210,10,IS,2335,1.0,0.4865096359743041,-0.17248394004282655,0.0,-0.0755209885417573,5.228265524625268,5.697002141327623,0.47922912205567453,0.5044326241134752,0.0,0.0,,,,,
cont_5,210,10,IS,467,0.2,0.43897216274089934,-0.9737687366167024,-0.25,-0.21673247599642084,4.61830835117773,5.82441113490364,0.46466809421841543,0.4756637168141593,-0.04753747323340474,-0.8012847965738759,2335.0,452.0,0.4865096359743041,-0.17248394004282655,-0.06102783725910066
fade_5,210,10,IS,467,0.2,0.5246252676659529,0.9737687366167024,0.25,0.21673247599642084,5.82441113490364,4.61830835117773,0.5182012847965739,0.5243362831858407,0.03811563169164878,1.146252676659529,2335.0,452.0,0.4865096359743041,-0.17248394004282655,0.024625267665952855
cont_15,210,10,IS,467,0.2,0.44539614561027835,0.23233404710920771,-0.25,-0.12888508337202964,5.62847965738758,5.109207708779444,0.48822269807280516,0.48322147651006714,-0.04111349036402573,0.40481798715203426,2335.0,447.0,0.4865096359743041,-0.17248394004282655,-0.05460385438972165
fade_15,210,10,IS,467,0.2,0.5246252676659529,-0.23233404710920771,0.25,0.12888508337202964,5.109207708779444,5.62847965738758,0.5010706638115632,0.5167785234899329,0.03811563169164878,-0.059850107066381164,2335.0,447.0,0.4865096359743041,-0.17248394004282655,0.024625267665952855
cont_30,210,10,IS,467,0.2,0.4518201284796574,0.27248394004282656,-0.25,0.01624658598787433,6.005888650963597,5.612955032119914,0.49036402569593146,0.5077262693156733,-0.034689507494646665,0.44496788008565313,2335.0,453.0,0.4865096359743041,-0.17248394004282655,-0.04817987152034259
fade_30,210,10,IS,467,0.2,0.5203426124197003,-0.27248394004282656,0.25,-0.01624658598787433,5.612955032119914,6.005888650963597,0.4860813704496788,0.4922737306843267,0.03383297644539618,-0.1,2335.0,453.0,0.4865096359743041,-0.17248394004282655,0.020342612419700257
UNCOND_LONG,210,15,IS,2335,1.0,0.5002141327623126,-0.003426124197002141,0.25,-0.05913977045762999,6.384689507494647,6.842505353319058,0.48522483940042827,0.5028571428571429,0.0,0.0,,,,,
cont_5,210,15,IS,467,0.2,0.44967880085653106,-1.0160599571734474,-0.5,-0.1403307428451926,5.538008565310492,6.813169164882227,0.45610278372591007,0.47333333333333333,-0.05053533190578158,-1.0126338329764453,2335.0,450.0,0.5002141327623126,-0.003426124197002141,-0.05032119914346894
fade_5,210,15,IS,467,0.2,0.5310492505353319,1.0160599571734474,0.5,0.1403307428451926,6.813169164882227,5.538008565310492,0.5139186295503212,0.5266666666666666,0.030835117773019283,1.0194860813704496,2335.0,450.0,0.5002141327623126,-0.003426124197002141,0.031049250535331918
cont_15,210,15,IS,467,0.2,0.44967880085653106,-0.004817987152034261,-0.25,-0.1222633846881186,6.795503211991434,6.3013918629550325,0.48394004282655245,0.48329621380846327,-0.05053533190578158,-0.00139186295503212,2335.0,449.0,0.5002141327623126,-0.003426124197002141,-0.05032119914346894
fade_15,210,15,IS,467,0.2,0.5246252676659529,0.004817987152034261,0.25,0.1222633846881186,6.3013918629550325,6.795503211991434,0.4989293361884368,0.5167037861915368,0.02441113490364022,0.008244111349036402,2335.0,449.0,0.5002141327623126,-0.003426124197002141,0.024625267665952855
cont_30,210,15,IS,467,0.2,0.4668094218415418,0.5080299785867237,-0.25,0.11318509280990884,7.315845824411135,6.567987152034261,0.4989293361884368,0.5088888888888888,-0.03340471092077085,0.5114561027837259,2335.0,450.0,0.5002141327623126,-0.003426124197002141,-0.03319057815845822
fade_30,210,15,IS,467,0.2,0.5010706638115632,-0.5080299785867237,0.25,-0.11318509280990884,6.567987152034261,7.315845824411135,0.4796573875802998,0.4911111111111111,0.0008565310492505418,-0.5046038543897216,2335.0,450.0,0.5002141327623126,-0.003426124197002141,0.0010706638115631772
UNCOND_LONG,210,30,IS,2335,1.0,0.5139186295503212,-0.0367237687366167,0.25,-0.03095449033562945,8.795717344753747,9.597751605995718,0.49336188436830836,0.503742844561867,0.0,0.0,,,,,
cont_5,210,30,IS,467,0.2,0.4796573875802998,-1.3779443254817987,-0.25,-0.15284527835419517,8.07387580299786,9.987687366167023,0.4753747323340471,0.4746136865342163,-0.034261241970021394,-1.341220556745182,2335.0,453.0,0.5139186295503212,-0.0367237687366167,-0.0203426124197002
fade_5,210,30,IS,467,0.2,0.5074946466809421,1.3779443254817987,0.25,0.15284527835419517,9.987687366167023,8.07387580299786,0.5096359743040685,0.5253863134657837,-0.0064239828693790635,1.4146680942184153,2335.0,453.0,0.5139186295503212,-0.0367237687366167,0.00749464668094213
cont_15,210,30,IS,467,0.2,0.4475374732334047,-0.43147751605995716,-0.75,-0.16493161437711984,9.370449678800856,8.92558886509636,0.4732334047109208,0.4823008849557522,-0.06638115631691649,-0.39475374732334045,2335.0,452.0,0.5139186295503212,-0.0367237687366167,-0.0524625267665953
fade_15,210,30,IS,467,0.2,0.5331905781584583,0.43147751605995716,0.75,0.16493161437711984,8.92558886509636,9.370449678800856,0.5160599571734475,0.5176991150442478,0.01927194860813708,0.46820128479657386,2335.0,452.0,0.5139186295503212,-0.0367237687366167,0.03319057815845827
cont_30,210,30,IS,467,0.2,0.49036402569593146,-0.24089935760171305,0.0,0.0931070193921733,9.940042826552462,9.140792291220556,0.5267665952890792,0.5121951219512195,-0.023554603854389733,-0.20417558886509635,2335.0,451.0,0.5139186295503212,-0.0367237687366167,-0.00963597430406854
fade_30,210,30,IS,467,0.2,0.4989293361884368,0.24089935760171305,0.0,-0.0931070193921733,9.140792291220556,9.940042826552462,0.4625267665952891,0.4878048780487805,-0.01498929336188437,0.27762312633832975,2335.0,451.0,0.5139186295503212,-0.0367237687366167,-0.0010706638115631772
UNCOND_LONG,210,45,IS,2335,1.0,0.507066381156317,-0.050107066381156314,0.25,-0.013058461123976866,10.704175588865096,11.724197002141327,0.4929336188436831,0.5037494486104984,0.0,0.0,,,,,
cont_5,210,45,IS,467,0.2,0.4796573875802998,-1.1723768736616702,-0.25,-0.10690557928074426,10.24678800856531,11.788543897216273,0.49036402569593146,0.47671840354767187,-0.02740899357601717,-1.122269807280514,2335.0,451.0,0.507066381156317,-0.050107066381156314,-0.0203426124197002
fade_5,210,45,IS,467,0.2,0.5096359743040685,1.1723768736616702,0.25,0.10690557928074426,11.788543897216273,10.24678800856531,0.4989293361884368,0.5232815964523282,0.0025695931477515144,1.2224839400428265,2335.0,451.0,0.507066381156317,-0.050107066381156314,0.009635974304068484
cont_15,210,45,IS,467,0.2,0.44539614561027835,-0.6440042826552462,-0.75,-0.1872462169146648,11.367237687366167,11.00321199143469,0.46466809421841543,0.48444444444444446,-0.06167023554603862,-0.5938972162740899,2335.0,450.0,0.507066381156317,-0.050107066381156314,-0.05460385438972165
fade_15,210,45,IS,467,0.2,0.5374732334047109,0.6440042826552462,0.75,0.1872462169146648,11.00321199143469,11.367237687366167,0.5246252676659529,0.5155555555555555,0.0304068522483939,0.6941113490364026,2335.0,450.0,0.507066381156317,-0.050107066381156314,0.03747323340471087
cont_30,210,45,IS,467,0.2,0.4860813704496788,0.16488222698072805,0.0,0.21053959590505514,12.095824411134904,11.097430406852249,0.4989293361884368,0.5133333333333333,-0.020985010706638163,0.21498929336188435,2335.0,450.0,0.507066381156317,-0.050107066381156314,-0.013918629550321193
fade_30,210,45,IS,467,0.2,0.49036402569593146,-0.16488222698072805,0.0,-0.21053959590505514,11.097430406852249,12.095824411134904,0.49036402569593146,0.4866666666666667,-0.01670235546038551,-0.11477516059957174,2335.0,450.0,0.507066381156317,-0.050107066381156314,-0.00963597430406854
UNCOND_LONG,210,60,IS,2335,1.0,0.5211991434689508,-0.4173447537473233,0.5,-0.022990618114772775,12.369593147751607,13.744860813704497,0.4925053533190578,0.5053428317008014,0.0,0.0,,,,,
cont_5,210,60,IS,467,0.2,0.49678800856531047,-1.7221627408993576,0.0,-0.34198369449542326,11.674518201284796,13.899357601713062,0.5010706638115632,0.47533632286995514,-0.02441113490364033,-1.3048179871520342,2335.0,446.0,0.5211991434689508,-0.4173447537473233,-0.0032119914346895317
fade_5,210,60,IS,467,0.2,0.49036402569593146,1.7221627408993576,0.0,0.34198369449542326,13.899357601713062,11.674518201284796,0.49036402569593146,0.5246636771300448,-0.030835117773019338,2.139507494646681,2335.0,446.0,0.5211991434689508,-0.4173447537473233,-0.00963597430406854
cont_15,210,60,IS,467,0.2,0.4668094218415418,-0.6771948608137045,-0.25,-0.3013784590516333,13.17880085653105,13.194325481798716,0.4753747323340471,0.4852607709750567,-0.054389721627409016,-0.2598501070663812,2335.0,441.0,0.5211991434689508,-0.4173447537473233,-0.03319057815845822
fade_15,210,60,IS,467,0.2,0.5182012847965739,0.6771948608137045,0.25,0.3013784590516333,13.194325481798716,13.17880085653105,0.5203426124197003,0.5147392290249433,-0.0029978586723768963,1.0945396145610278,2335.0,441.0,0.5211991434689508,-0.4173447537473233,0.018201284796573902
cont_30,210,60,IS,467,0.2,0.47751605995717344,-0.18147751605995718,0.0,0.09352662736555946,13.91220556745182,13.130620985010706,0.4925053533190578,0.5136363636363637,-0.043683083511777354,0.23586723768736614,2335.0,440.0,0.5211991434689508,-0.4173447537473233,-0.022483940042826556
fade_30,210,60,IS,467,0.2,0.49678800856531047,0.18147751605995718,0.0,-0.09352662736555946,13.130620985010706,13.91220556745182,0.5010706638115632,0.4863636363636364,-0.02441113490364033,0.5988222698072805,2335.0,440.0,0.5211991434689508,-0.4173447537473233,-0.0032119914346895317
UNCOND_LONG,210,5,Validation,747,1.0,0.5113788487282463,-0.4541499330655957,0.5,-0.04894435415389168,11.390227576974565,12.43540829986613,0.4819277108433735,0.4687022900763359,0.0,0.0,,,,,
cont_5,210,5,Validation,118,0.15796519410977242,0.423728813559322,-1.8516949152542372,-2.125,-0.25072566970412735,11.30084745762712,12.485169491525424,0.4576271186440678,0.4752475247524752,-0.08765003516892433,-1.3975449821886414,747.0,101.0,0.5113788487282463,-0.4541499330655957,-0.07627118644067798
fade_5,210,5,Validation,118,0.15796519410977242,0.576271186440678,1.8516949152542372,2.125,0.25072566970412735,12.485169491525424,11.30084745762712,0.5338983050847458,0.5247524752475248,0.06489233771243164,2.305844848319833,747.0,101.0,0.5113788487282463,-0.4541499330655957,0.07627118644067798
cont_15,210,5,Validation,161,0.21552878179384202,0.4782608695652174,-1.0341614906832297,-0.5,-0.15435622924033504,11.135093167701863,11.945652173913043,0.4968944099378882,0.4748201438848921,-0.03311797916302894,-0.580011557617634,747.0,139.0,0.5113788487282463,-0.4541499330655957,-0.021739130434782594
fade_15,210,5,Validation,161,0.21552878179384202,0.515527950310559,1.0341614906832297,0.5,0.15435622924033504,11.945652173913043,11.135093167701863,0.5031055900621118,0.5251798561151079,0.004149101582312631,1.4883114237488253,747.0,139.0,0.5113788487282463,-0.4541499330655957,0.01552795031055898
cont_30,210,5,Validation,164,0.21954484605087016,0.5426829268292683,0.6753048780487805,1.25,0.06580830711682291,12.489329268292684,10.989329268292684,0.5304878048780488,0.5138888888888888,0.03130407810102198,1.129454811114376,747.0,144.0,0.5113788487282463,-0.4541499330655957,0.04268292682926833
fade_30,210,5,Validation,164,0.21954484605087016,0.4573170731707317,-0.6753048780487805,-1.25,-0.06580830711682291,10.989329268292684,12.489329268292684,0.4695121951219512,0.4861111111111111,-0.054061775557514624,-0.22115494498318478,747.0,144.0,0.5113788487282463,-0.4541499330655957,-0.042682926829268275
UNCOND_LONG,210,10,Validation,747,1.0,0.5341365461847389,0.7195448460508701,1.5,0.070628085507507,15.912985274431058,16.559571619812584,0.5020080321285141,0.476123595505618,0.0,0.0,,,,,
cont_5,210,10,Validation,118,0.15796519410977242,0.4661016949152542,-1.9364406779661016,-1.375,-0.22742637405627733,14.794491525423728,16.896186440677965,0.4830508474576271,0.4690265486725664,-0.06803485126948472,-2.655985524016972,747.0,113.0,0.5341365461847389,0.7195448460508701,-0.03389830508474578
fade_5,210,10,Validation,118,0.15796519410977242,0.5338983050847458,1.9364406779661016,1.375,0.22742637405627733,16.896186440677965,14.794491525423728,0.5084745762711864,0.5309734513274337,-0.0002382410999931528,1.2168958319152314,747.0,113.0,0.5341365461847389,0.7195448460508701,0.03389830508474578
cont_15,210,10,Validation,161,0.21552878179384202,0.4906832298136646,-1.4658385093167703,0.0,-0.17703578329232808,15.121118012422361,15.868012422360248,0.5279503105590062,0.47368421052631576,-0.04345331637107436,-2.1853833553676405,747.0,152.0,0.5341365461847389,0.7195448460508701,-0.009316770186335421
fade_15,210,10,Validation,161,0.21552878179384202,0.4906832298136646,1.4658385093167703,0.0,0.17703578329232808,15.868012422360248,15.121118012422361,0.453416149068323,0.5263157894736842,-0.04345331637107436,0.7462936632659002,747.0,152.0,0.5341365461847389,0.7195448460508701,-0.009316770186335421
cont_30,210,10,Validation,164,0.21954484605087016,0.5182926829268293,0.47865853658536583,0.25,0.009310280063928427,16.51829268292683,15.632621951219512,0.5182926829268293,0.5222929936305732,-0.01584386325790965,-0.24088630946550427,747.0,157.0,0.5341365461847389,0.7195448460508701,0.018292682926829285
fade_30,210,10,Validation,164,0.21954484605087016,0.4634146341463415,-0.47865853658536583,-0.25,-0.009310280063928427,15.632621951219512,16.51829268292683,0.4695121951219512,0.47770700636942676,-0.07072191203839745,-1.198203382636236,747.0,157.0,0.5341365461847389,0.7195448460508701,-0.036585365853658514
UNCOND_LONG,210,15,Validation,747,1.0,0.5314591700133868,0.8597724230254351,1.75,0.09750908765709879,19.11244979919679,19.754016064257026,0.5060240963855421,0.47280334728033474,0.0,0.0,,,,,
cont_5,210,15,Validation,118,0.15796519410977242,0.4745762711864407,-2.080508474576271,-1.5,-0.3506734859817947,17.983050847457626,20.213983050847457,0.4830508474576271,0.4690265486725664,-0.05688289882694614,-2.9402808976017063,747.0,113.0,0.5314591700133868,0.8597724230254351,-0.02542372881355931
fade_5,210,15,Validation,118,0.15796519410977242,0.5254237288135594,2.080508474576271,1.5,0.3506734859817947,20.213983050847457,17.983050847457626,0.5,0.5309734513274337,-0.006035441199827463,1.220736051550836,747.0,113.0,0.5314591700133868,0.8597724230254351,0.025423728813559365
cont_15,210,15,Validation,161,0.21552878179384202,0.453416149068323,-3.12888198757764,-2.75,-0.31763208949031463,17.256211180124225,19.650621118012424,0.5093167701863354,0.474025974025974,-0.07804302094506382,-3.988654410603075,747.0,154.0,0.5314591700133868,0.8597724230254351,-0.046583850931676996
fade_15,210,15,Validation,161,0.21552878179384202,0.5403726708074534,3.12888198757764,2.75,0.31763208949031463,19.650621118012424,17.256211180124225,0.484472049689441,0.525974025974026,0.008913500794066609,2.269109564552205,747.0,154.0,0.5314591700133868,0.8597724230254351,0.04037267080745344
cont_30,210,15,Validation,164,0.21954484605087016,0.5060975609756098,1.666158536585366,0.5,0.11598872573686403,20.071646341463413,18.972560975609756,0.524390243902439,0.5279503105590062,-0.025361609037777066,0.8063861135599308,747.0,161.0,0.5314591700133868,0.8597724230254351,0.0060975609756097615
fade_30,210,15,Validation,164,0.21954484605087016,0.49390243902439024,-1.666158536585366,-0.5,-0.11598872573686403,18.972560975609756,20.071646341463413,0.4634146341463415,0.4720496894409938,-0.03755673098899659,-2.5259309596108013,747.0,161.0,0.5314591700133868,0.8597724230254351,-0.0060975609756097615
UNCOND_LONG,210,30,Validation,747,1.0,0.5475234270414994,1.0528781793842035,3.25,0.16702304621091146,26.53045515394913,28.0545515394913,0.4966532797858099,0.469187675070028,0.0,0.0,,,,,
cont_5,210,30,Validation,118,0.15796519410977242,0.4745762711864407,-1.4152542372881356,-2.375,-0.2172879980940268,26.01271186440678,27.697033898305083,0.4576271186440678,0.4690265486725664,-0.07294715585505868,-2.468132416672339,747.0,113.0,0.5475234270414994,1.0528781793842035,-0.02542372881355931
fade_5,210,30,Validation,118,0.15796519410977242,0.5169491525423728,1.4152542372881356,2.375,0.2172879980940268,27.697033898305083,26.01271186440678,0.5423728813559322,0.5309734513274337,-0.03057427449912653,0.3623760579039321,747.0,113.0,0.5475234270414994,1.0528781793842035,0.016949152542372836
cont_15,210,30,Validation,161,0.21552878179384202,0.4906832298136646,-4.366459627329193,-0.25,-0.4042043257325266,23.296583850931675,27.956521739130434,0.4472049689440994,0.474025974025974,-0.05684019722783479,-5.419337806713396,747.0,154.0,0.5475234270414994,1.0528781793842035,-0.009316770186335421
fade_15,210,30,Validation,161,0.21552878179384202,0.5031055900621118,4.366459627329193,0.25,0.4042043257325266,27.956521739130434,23.296583850931675,0.5527950310559007,0.525974025974026,-0.044417836979387615,3.3135814479449897,747.0,154.0,0.5475234270414994,1.0528781793842035,0.0031055900621117516
cont_30,210,30,Validation,164,0.21954484605087016,0.5121951219512195,-0.028963414634146343,1.5,-0.07034197009000101,26.640243902439025,26.538109756097562,0.5060975609756098,0.525,-0.03532830509027984,-1.08184159401835,747.0,160.0,0.5475234270414994,1.0528781793842035,0.012195121951219523
fade_30,210,30,Validation,164,0.21954484605087016,0.4878048780487805,0.028963414634146343,-1.5,0.07034197009000101,26.538109756097562,26.640243902439025,0.49390243902439024,0.475,-0.05971854899271889,-1.023914764750057,747.0,160.0,0.5475234270414994,1.0528781793842035,-0.012195121951219523
UNCOND_LONG,210,45,Validation,747,1.0,0.5448460508701473,0.8945783132530121,4.5,0.18133666751923985,32.350401606425706,33.95013386880857,0.5127175368139224,0.4684431977559607,0.0,0.0,,,,,
cont_5,210,45,Validation,118,0.15796519410977242,0.5084745762711864,-1.2648305084745763,0.375,-0.2774975358769376,31.6864406779661,33.03389830508475,0.4830508474576271,0.4732142857142857,-0.03637147459896084,-2.159408821727588,747.0,112.0,0.5448460508701473,0.8945783132530121,0.008474576271186418
fade_5,210,45,Validation,118,0.15796519410977242,0.4830508474576271,1.2648305084745763,-0.375,0.2774975358769376,33.03389830508475,31.6864406779661,0.5169491525423728,0.5267857142857143,-0.06179520341252015,0.3702521952215643,747.0,112.0,0.5448460508701473,0.8945783132530121,-0.01694915254237289
cont_15,210,45,Validation,161,0.21552878179384202,0.5093167701863354,-4.59472049689441,0.75,-0.3673510993297817,30.093167701863354,33.69875776397515,0.484472049689441,0.477124183006536,-0.03552928068381189,-5.489298810147422,747.0,153.0,0.5448460508701473,0.8945783132530121,0.009316770186335366
fade_15,210,45,Validation,161,0.21552878179384202,0.484472049689441,4.59472049689441,-0.75,0.3673510993297817,33.69875776397515,30.093167701863354,0.5093167701863354,0.5228758169934641,-0.06037400118070624,3.7001421836413977,747.0,153.0,0.5448460508701473,0.8945783132530121,-0.01552795031055898
cont_30,210,45,Validation,164,0.21954484605087016,0.5365853658536586,2.9740853658536586,4.375,0.21994607069367658,34.11737804878049,31.382621951219512,0.5426829268292683,0.5283018867924528,-0.00826068501648869,2.0795070526006465,747.0,159.0,0.5448460508701473,0.8945783132530121,0.03658536585365857
fade_30,210,45,Validation,164,0.21954484605087016,0.45121951219512196,-2.9740853658536586,-4.375,-0.21994607069367658,31.382621951219512,34.11737804878049,0.45121951219512196,0.4716981132075472,-0.0936265386750253,-3.8686636791066706,747.0,159.0,0.5448460508701473,0.8945783132530121,-0.04878048780487804
UNCOND_LONG,210,60,Validation,747,1.0,0.5327978580990629,1.7259036144578312,3.25,0.30155561637375383,38.808232931726906,39.4983266398929,0.5140562248995983,0.4659090909090909,0.0,0.0,,,,,
cont_5,210,60,Validation,118,0.15796519410977242,0.4322033898305085,-4.959745762711864,-4.125,-0.6980736963995379,35.983050847457626,39.5,0.4745762711864407,0.46846846846846846,-0.1005944682685544,-6.685649377169695,747.0,111.0,0.5327978580990629,1.7259036144578312,-0.06779661016949151
fade_5,210,60,Validation,118,0.15796519410977242,0.5677966101694916,4.959745762711864,4.125,0.6980736963995379,39.5,35.983050847457626,0.5254237288135594,0.5315315315315315,0.034998752070428685,3.233842148254033,747.0,111.0,0.5327978580990629,1.7259036144578312,0.06779661016949157
cont_15,210,60,Validation,161,0.21552878179384202,0.4720496894409938,-2.703416149068323,-2.75,-0.06773064533756101,37.98136645962733,40.10403726708075,0.5093167701863354,0.47019867549668876,-0.06074816865806909,-4.429319763526154,747.0,151.0,0.5327978580990629,1.7259036144578312,-0.02795031055900621
fade_15,210,60,Validation,161,0.21552878179384202,0.5279503105590062,2.703416149068323,2.75,0.06773064533756101,40.10403726708075,37.98136645962733,0.4906832298136646,0.5298013245033113,-0.004847547540056674,0.9775125346104916,747.0,151.0,0.5327978580990629,1.7259036144578312,0.02795031055900621
cont_30,210,60,Validation,164,0.21954484605087016,0.49390243902439024,4.126524390243903,-1.0,0.4152275058264407,42.635670731707314,38.55640243902439,0.5304878048780488,0.5286624203821656,-0.038895419074672644,2.400620775786072,747.0,157.0,0.5327978580990629,1.7259036144578312,-0.0060975609756097615
fade_30,210,60,Validation,164,0.21954484605087016,0.5060975609756098,-4.126524390243903,1.0,-0.4152275058264407,38.55640243902439,42.635670731707314,0.4634146341463415,0.4713375796178344,-0.02670029712345312,-5.852428004701734,747.0,157.0,0.5327978580990629,1.7259036144578312,0.0060975609756097615
UNCOND_LONG,210,5,OOS,397,1.0,0.5188916876574308,-0.5119647355163728,1.0,-0.00550318580866711,16.14168765743073,17.385390428211586,0.5340050377833753,0.5217391304347826,0.0,0.0,,,,,
cont_5,210,5,OOS,69,0.17380352644836272,0.4057971014492754,-4.554347826086956,-2.75,-0.03411476652702819,20.19927536231884,22.431159420289855,0.5217391304347826,0.5396825396825397,-0.11309458620815538,-4.042383090570583,397.0,63.0,0.5188916876574308,-0.5119647355163728,-0.09420289855072461
fade_5,210,5,OOS,69,0.17380352644836272,0.5797101449275363,4.554347826086956,2.75,0.03411476652702819,22.431159420289855,20.19927536231884,0.4782608695652174,0.4603174603174603,0.060818457270105486,5.066312561603329,397.0,63.0,0.5188916876574308,-0.5119647355163728,0.07971014492753625
cont_15,210,5,OOS,89,0.22418136020151133,0.5056179775280899,0.008426966292134831,0.5,0.2503376752310549,17.570224719101123,16.603932584269664,0.5168539325842697,0.5384615384615384,-0.013273710129340865,0.5203917018085076,397.0,78.0,0.5188916876574308,-0.5119647355163728,0.005617977528089901
fade_15,210,5,OOS,89,0.22418136020151133,0.4943820224719101,-0.008426966292134831,-0.5,-0.2503376752310549,16.603932584269664,17.570224719101123,0.48314606741573035,0.46153846153846156,-0.024509665185520668,0.503537769224238,397.0,78.0,0.5188916876574308,-0.5119647355163728,-0.005617977528089901
cont_30,210,5,OOS,82,0.20654911838790932,0.5487804878048781,-0.375,1.25,0.14212101728682738,18.829268292682926,17.652439024390244,0.5,0.5205479452054794,0.029888800147447325,0.13696473551637278,397.0,73.0,0.5188916876574308,-0.5119647355163728,0.04878048780487809
fade_30,210,5,OOS,82,0.20654911838790932,0.43902439024390244,0.375,-1.25,-0.14212101728682738,17.652439024390244,18.829268292682926,0.5,0.4794520547945205,-0.07986729741352833,0.8869647355163728,397.0,73.0,0.5188916876574308,-0.5119647355163728,-0.06097560975609756
UNCOND_LONG,210,10,OOS,397,1.0,0.5138539042821159,-0.5377833753148614,0.75,0.022317951513051205,22.3992443324937,23.779596977329973,0.49622166246851385,0.5303430079155673,0.0,0.0,,,,,
cont_5,210,10,OOS,69,0.17380352644836272,0.42028985507246375,-2.9528985507246377,-3.5,0.01924438540515943,27.5,29.934782608695652,0.4927536231884058,0.5294117647058824,-0.09356404920965211,-2.415115175409776,397.0,68.0,0.5138539042821159,-0.5377833753148614,-0.07971014492753625
fade_5,210,10,OOS,69,0.17380352644836272,0.5797101449275363,2.9528985507246377,3.5,-0.01924438540515943,29.934782608695652,27.5,0.5072463768115942,0.47058823529411764,0.0658562406454204,3.4906819260394992,397.0,68.0,0.5138539042821159,-0.5377833753148614,0.07971014492753625
cont_15,210,10,OOS,89,0.22418136020151133,0.43820224719101125,-3.5898876404494384,-1.75,-0.030915858676936685,23.44943820224719,24.35674157303371,0.4943820224719101,0.5301204819277109,-0.07565165709110461,-3.052104265134577,397.0,83.0,0.5138539042821159,-0.5377833753148614,-0.06179775280898875
fade_15,210,10,OOS,89,0.22418136020151133,0.5393258426966292,3.5898876404494384,1.75,0.030915858676936685,24.35674157303371,23.44943820224719,0.5056179775280899,0.46987951807228917,0.02547193841451334,4.1276710157642995,397.0,83.0,0.5138539042821159,-0.5377833753148614,0.0393258426966292
cont_30,210,10,OOS,82,0.20654911838790932,0.5,-2.7103658536585367,0.125,-0.0878388843673763,26.003048780487806,26.49390243902439,0.5365853658536586,0.5131578947368421,-0.013853904282115859,-2.172582478343675,397.0,76.0,0.5138539042821159,-0.5377833753148614,0.0
fade_30,210,10,OOS,82,0.20654911838790932,0.4878048780487805,2.7103658536585367,-0.125,0.0878388843673763,26.49390243902439,26.003048780487806,0.4634146341463415,0.4868421052631579,-0.02604902623333538,3.248149228973398,397.0,76.0,0.5138539042821159,-0.5377833753148614,-0.012195121951219523
UNCOND_LONG,210,15,OOS,397,1.0,0.49370277078085645,-0.6574307304785895,-0.25,-0.040168907135664074,26.355793450881613,28.16624685138539,0.49622166246851385,0.5366492146596858,0.0,0.0,,,,,
cont_5,210,15,OOS,69,0.17380352644836272,0.5652173913043478,4.195652173913044,4.0,0.46912004949185254,34.3768115942029,34.38405797101449,0.4782608695652174,0.5294117647058824,0.07151462052349133,4.853082904391633,397.0,68.0,0.49370277078085645,-0.6574307304785895,0.06521739130434778
fade_5,210,15,OOS,69,0.17380352644836272,0.43478260869565216,-4.195652173913044,-4.0,-0.46912004949185254,34.38405797101449,34.3768115942029,0.5217391304347826,0.47058823529411764,-0.058920162085204286,-3.5382214434344545,397.0,68.0,0.49370277078085645,-0.6574307304785895,-0.06521739130434784
cont_15,210,15,OOS,89,0.22418136020151133,0.48314606741573035,-1.4550561797752808,-1.25,0.16551913779854988,28.073033707865168,29.40730337078652,0.48314606741573035,0.5238095238095238,-0.010556703365126097,-0.7976254492966913,397.0,84.0,0.49370277078085645,-0.6574307304785895,-0.01685393258426965
fade_15,210,15,OOS,89,0.22418136020151133,0.5168539325842697,1.4550561797752808,1.25,-0.16551913779854988,29.40730337078652,28.073033707865168,0.5168539325842697,0.47619047619047616,0.023151161803413256,2.11248691025387,397.0,84.0,0.49370277078085645,-0.6574307304785895,0.016853932584269704
cont_30,210,15,OOS,82,0.20654911838790932,0.5365853658536586,-0.573170731707317,1.75,0.06163022902149751,30.4359756097561,30.65548780487805,0.524390243902439,0.5128205128205128,0.04288259507280212,0.08425999877127244,397.0,78.0,0.49370277078085645,-0.6574307304785895,0.03658536585365857
fade_30,210,15,OOS,82,0.20654911838790932,0.4634146341463415,0.573170731707317,-1.75,-0.06163022902149751,30.65548780487805,30.4359756097561,0.47560975609756095,0.48717948717948717,-0.03028813663451496,1.2306014621859065,397.0,78.0,0.49370277078085645,-0.6574307304785895,-0.036585365853658514
UNCOND_LONG,210,30,OOS,397,1.0,0.5642317380352645,3.954030226700252,5.0,0.07081223560163717,40.227329974811084,40.2764483627204,0.48866498740554154,0.5380577427821522,0.0,0.0,,,,,
cont_5,210,30,OOS,69,0.17380352644836272,0.5507246376811594,12.057971014492754,10.0,0.7011730851610682,54.58695652173913,42.471014492753625,0.5652173913043478,0.5303030303030303,-0.013507100354105073,8.103940787792503,397.0,66.0,0.5642317380352645,3.954030226700252,0.050724637681159424
fade_5,210,30,OOS,69,0.17380352644836272,0.4492753623188406,-12.057971014492754,-10.0,-0.7011730851610682,42.471014492753625,54.58695652173913,0.43478260869565216,0.4696969696969697,-0.11495637571642392,-16.012001241193005,397.0,66.0,0.5642317380352645,3.954030226700252,-0.050724637681159424
cont_15,210,30,OOS,89,0.22418136020151133,0.5393258426966292,-0.8117977528089888,1.75,0.09093184499485091,38.407303370786515,37.74438202247191,0.5056179775280899,0.5421686746987951,-0.024905895338635298,-4.765827979509241,397.0,83.0,0.5642317380352645,3.954030226700252,0.0393258426966292
fade_15,210,30,OOS,89,0.22418136020151133,0.449438202247191,0.8117977528089888,-1.75,-0.09093184499485091,37.74438202247191,38.407303370786515,0.4943820224719101,0.4578313253012048,-0.1147935357880735,-3.142232473891263,397.0,83.0,0.5642317380352645,3.954030226700252,-0.050561797752809
cont_30,210,30,OOS,82,0.20654911838790932,0.6097560975609756,9.234756097560975,8.125,0.6667882867030086,44.34756097560975,36.82012195121951,0.5365853658536586,0.5324675324675324,0.0455243595257111,5.280725870860723,397.0,77.0,0.5642317380352645,3.954030226700252,0.1097560975609756
fade_30,210,30,OOS,82,0.20654911838790932,0.3902439024390244,-9.234756097560975,-8.125,-0.6667882867030086,36.82012195121951,44.34756097560975,0.4634146341463415,0.4675324675324675,-0.1739878355962401,-13.188786324261226,397.0,77.0,0.5642317380352645,3.954030226700252,-0.1097560975609756
UNCOND_LONG,210,45,OOS,397,1.0,0.5591939546599496,5.54911838790932,4.25,0.13838155952874534,48.74370277078086,47.60138539042821,0.5264483627204031,0.5368421052631579,0.0,0.0,,,,,
cont_5,210,45,OOS,69,0.17380352644836272,0.463768115942029,15.27536231884058,-1.5,0.7532509199640313,64.64492753623189,48.53623188405797,0.5362318840579711,0.5303030303030303,-0.0954258387179206,9.726243930931261,397.0,66.0,0.5591939546599496,5.54911838790932,-0.03623188405797101
fade_5,210,45,OOS,69,0.17380352644836272,0.5362318840579711,-15.27536231884058,1.5,-0.7532509199640313,48.53623188405797,64.64492753623189,0.463768115942029,0.4696969696969697,-0.022962070601978524,-20.8244807067499,397.0,66.0,0.5591939546599496,5.54911838790932,0.036231884057971064
cont_15,210,45,OOS,89,0.22418136020151133,0.4606741573033708,-2.1179775280898876,-3.25,-0.036740597015559186,43.837078651685395,44.77808988764045,0.5056179775280899,0.5421686746987951,-0.09851979735657879,-7.667095915999207,397.0,83.0,0.5591939546599496,5.54911838790932,-0.0393258426966292
fade_15,210,45,OOS,89,0.22418136020151133,0.5393258426966292,2.1179775280898876,3.25,0.036740597015559186,44.77808988764045,43.837078651685395,0.4943820224719101,0.4578313253012048,-0.01986811196332039,-3.431140859819432,397.0,83.0,0.5591939546599496,5.54911838790932,0.0393258426966292
cont_30,210,45,OOS,82,0.20654911838790932,0.5365853658536586,7.0,2.875,0.7052625693007354,52.5030487804878,43.1890243902439,0.573170731707317,0.5324675324675324,-0.02260858880629102,1.4508816120906802,397.0,77.0,0.5591939546599496,5.54911838790932,0.03658536585365857
fade_30,210,45,OOS,82,0.20654911838790932,0.4634146341463415,-7.0,-2.875,-0.7052625693007354,43.1890243902439,52.5030487804878,0.4268292682926829,0.4675324675324675,-0.0957793205136081,-12.54911838790932,397.0,77.0,0.5591939546599496,5.54911838790932,-0.036585365853658514
UNCOND_LONG,210,60,OOS,397,1.0,0.5617128463476071,8.712846347607053,6.75,0.2212569559119945,56.2632241813602,54.06926952141058,0.5289672544080605,0.5396825396825397,0.0,0.0,,,,,
cont_5,210,60,OOS,69,0.17380352644836272,0.43478260869565216,15.481884057971014,-6.25,0.5208566155653487,76.21376811594203,56.10144927536232,0.5217391304347826,0.5230769230769231,-0.12693023765195494,6.7690377103639605,397.0,65.0,0.5617128463476071,8.712846347607053,-0.06521739130434784
fade_5,210,60,OOS,69,0.17380352644836272,0.5652173913043478,-15.481884057971014,6.25,-0.5208566155653487,56.10144927536232,76.21376811594203,0.4782608695652174,0.47692307692307695,0.003504544956740685,-24.194730405578067,397.0,65.0,0.5617128463476071,8.712846347607053,0.06521739130434778
cont_15,210,60,OOS,89,0.22418136020151133,0.47191011235955055,2.039325842696629,-4.75,0.15770150663656113,52.32022471910113,51.30898876404494,0.5056179775280899,0.5421686746987951,-0.08980273398805655,-6.6735205049104245,397.0,83.0,0.5617128463476071,8.712846347607053,-0.02808988764044945
fade_15,210,60,OOS,89,0.22418136020151133,0.5168539325842697,-2.039325842696629,4.75,-0.15770150663656113,51.30898876404494,52.32022471910113,0.4943820224719101,0.4578313253012048,-0.044858913763337394,-10.752172190303682,397.0,83.0,0.5617128463476071,8.712846347607053,0.016853932584269704
cont_30,210,60,OOS,82,0.20654911838790932,0.5121951219512195,7.628048780487805,0.875,0.732549705064717,59.88109756097561,51.36280487804878,0.5365853658536586,0.5324675324675324,-0.049517724396387575,-1.0847975671192485,397.0,77.0,0.5617128463476071,8.712846347607053,0.012195121951219523
fade_30,210,60,OOS,82,0.20654911838790932,0.47560975609756095,-7.628048780487805,-0.875,-0.732549705064717,51.36280487804878,59.88109756097561,0.4634146341463415,0.4675324675324675,-0.08610309025004614,-16.340895128094857,397.0,77.0,0.5617128463476071,8.712846347607053,-0.024390243902439046
UNCOND_LONG,225,5,IS,2336,1.0,0.4850171232876712,-0.05254708904109589,0.0,0.0023055683232904908,3.542594178082192,3.781571061643836,0.4914383561643836,0.49800399201596807,0.0,0.0,,,,,
cont_5,225,5,IS,468,0.20034246575342465,0.46153846153846156,-0.09775641025641026,0.0,-3.5639550087976535e-05,3.3173076923076925,3.4620726495726495,0.4551282051282051,0.4567307692307692,-0.02347866174920965,-0.04520932121531437,2336.0,416.0,0.4850171232876712,-0.05254708904109589,-0.038461538461538436
fade_5,225,5,IS,468,0.20034246575342465,0.48717948717948717,0.09775641025641026,0.0,3.5639550087976535e-05,3.4620726495726495,3.3173076923076925,0.5256410256410257,0.5432692307692307,0.002162363891815955,0.15030349929750614,2336.0,416.0,0.4850171232876712,-0.05254708904109589,-0.01282051282051283
cont_15,225,5,IS,468,0.20034246575342465,0.42094017094017094,-0.3643162393162393,-0.25,0.006016304084656688,3.6661324786324787,3.8685897435897436,0.46794871794871795,0.47783251231527096,-0.06407695234750027,-0.3117691502751434,2336.0,406.0,0.4850171232876712,-0.05254708904109589,-0.07905982905982906
fade_15,225,5,IS,468,0.20034246575342465,0.5427350427350427,0.3643162393162393,0.25,-0.006016304084656688,3.8685897435897436,3.6661324786324787,0.5128205128205128,0.5221674876847291,0.05771791944737148,0.4168633283573352,2336.0,406.0,0.4850171232876712,-0.05254708904109589,0.042735042735042694
cont_30,225,5,IS,469,0.2007705479452055,0.43070362473347545,-0.5298507462686567,-0.25,-0.04460936998758976,3.8976545842217485,4.294243070362473,0.44989339019189767,0.45614035087719296,-0.05431349855419576,-0.4773036572275608,2336.0,399.0,0.4850171232876712,-0.05254708904109589,-0.06929637526652455
fade_30,225,5,IS,469,0.2007705479452055,0.5309168443496801,0.5298507462686567,0.25,0.04460936998758976,4.294243070362473,3.8976545842217485,0.5330490405117271,0.543859649122807,0.0458997210620089,0.5823978353097525,2336.0,399.0,0.4850171232876712,-0.05254708904109589,0.030916844349680117
UNCOND_LONG,225,10,IS,2336,1.0,0.5059931506849316,-0.09075342465753425,0.25,0.0008896420213512421,5.006314212328767,5.333369006849315,0.4828767123287671,0.5006663705019991,0.0,0.0,,,,,
cont_5,225,10,IS,468,0.20034246575342465,0.4658119658119658,-0.16346153846153846,-0.25,-0.01968660661245601,4.8210470085470085,4.911324786324786,0.48504273504273504,0.4646017699115044,-0.040181184872965736,-0.07270811380400422,2336.0,452.0,0.5059931506849316,-0.09075342465753425,-0.03418803418803418
fade_5,225,10,IS,468,0.20034246575342465,0.5021367521367521,0.16346153846153846,0.25,0.01968660661245601,4.911324786324786,4.8210470085470085,0.4893162393162393,0.5353982300884956,-0.0038563985481794294,0.2542149631190727,2336.0,452.0,0.5059931506849316,-0.09075342465753425,0.002136752136752129
cont_15,225,10,IS,468,0.20034246575342465,0.4658119658119658,-0.297008547008547,-0.25,0.02808378144909419,5.169871794871795,5.3135683760683765,0.47435897435897434,0.48008849557522126,-0.040181184872965736,-0.20625512235101276,2336.0,452.0,0.5059931506849316,-0.09075342465753425,-0.03418803418803418
fade_15,225,10,IS,468,0.20034246575342465,0.5149572649572649,0.297008547008547,0.25,-0.02808378144909419,5.3135683760683765,5.169871794871795,0.5021367521367521,0.5199115044247787,0.008964114272333346,0.3877619716660813,2336.0,452.0,0.5059931506849316,-0.09075342465753425,0.014957264957264904
cont_30,225,10,IS,469,0.2007705479452055,0.43710021321961623,-0.5639658848614072,-0.5,-0.051138599132154294,5.509061833688699,5.8523454157782515,0.4349680170575693,0.4611973392461197,-0.06889293746531533,-0.473212460203873,2336.0,451.0,0.5059931506849316,-0.09075342465753425,-0.06289978678038377
fade_30,225,10,IS,469,0.2007705479452055,0.5458422174840085,0.5639658848614072,0.5,0.051138599132154294,5.8523454157782515,5.509061833688699,0.535181236673774,0.5388026607538803,0.03984906679907696,0.6547193095189414,2336.0,451.0,0.5059931506849316,-0.09075342465753425,0.04584221748400852
UNCOND_LONG,225,15,IS,2336,1.0,0.5179794520547946,-0.06324914383561644,0.25,0.017263872806382047,6.146404109589041,6.58326198630137,0.5004280821917808,0.5004378283712785,0.0,0.0,,,,,
cont_5,225,15,IS,468,0.20034246575342465,0.5106837606837606,0.057158119658119656,0.25,0.09474486174209659,5.8969017094017095,5.9631410256410255,0.49572649572649574,0.4662309368191721,-0.007295691371033919,0.1204072634937361,2336.0,459.0,0.5179794520547946,-0.06324914383561644,0.010683760683760646
fade_5,225,15,IS,468,0.20034246575342465,0.4658119658119658,-0.057158119658119656,-0.25,-0.09474486174209659,5.9631410256410255,5.8969017094017095,0.48717948717948717,0.5337690631808278,-0.05216748624282874,0.0060910241774967885,2336.0,459.0,0.5179794520547946,-0.06324914383561644,-0.03418803418803418
cont_15,225,15,IS,468,0.20034246575342465,0.5,-0.08386752136752136,0.125,0.17357944846796428,6.418803418803419,6.352564102564102,0.4829059829059829,0.48366013071895425,-0.017979452054794565,-0.020618377531904916,2336.0,459.0,0.5179794520547946,-0.06324914383561644,0.0
fade_15,225,15,IS,468,0.20034246575342465,0.47649572649572647,0.08386752136752136,-0.125,-0.17357944846796428,6.352564102564102,6.418803418803419,0.4935897435897436,0.5163398692810458,-0.041483725559068096,0.14711666520313782,2336.0,459.0,0.5179794520547946,-0.06324914383561644,-0.023504273504273532
cont_30,225,15,IS,469,0.2007705479452055,0.4520255863539446,-0.5602345415778252,-0.5,0.09212910407118219,6.575692963752665,7.066098081023454,0.44562899786780386,0.46357615894039733,-0.06595386570084999,-0.49698539774220873,2336.0,453.0,0.5179794520547946,-0.06324914383561644,-0.047974413646055425
fade_30,225,15,IS,469,0.2007705479452055,0.5202558635394456,0.5602345415778252,0.5,-0.09212910407118219,7.066098081023454,6.575692963752665,0.5330490405117271,0.5364238410596026,0.0022764114846510752,0.6234836854134416,2336.0,453.0,0.5179794520547946,-0.06324914383561644,0.02025586353944564
UNCOND_LONG,225,30,IS,2336,1.0,0.514554794520548,-0.07898116438356165,0.5,0.03347553574262133,8.637414383561644,9.428082191780822,0.5042808219178082,0.4997794441993824,0.0,0.0,,,,,
cont_5,225,30,IS,468,0.20034246575342465,0.5149572649572649,0.3766025641025641,0.25,0.13614620996080048,8.556623931623932,8.29861111111111,0.5149572649572649,0.47123893805309736,0.0004024704367169285,0.4555837284861257,2336.0,452.0,0.514554794520548,-0.07898116438356165,0.014957264957264904
fade_5,225,30,IS,468,0.20034246575342465,0.4658119658119658,-0.3766025641025641,-0.25,-0.13614620996080048,8.29861111111111,8.556623931623932,0.4700854700854701,0.5287610619469026,-0.04874282870858215,-0.2976213997190025,2336.0,452.0,0.514554794520548,-0.07898116438356165,-0.03418803418803418
cont_15,225,30,IS,468,0.20034246575342465,0.49572649572649574,-0.8675213675213675,0.0,0.10259740771230567,9.004807692307692,9.040598290598291,0.5235042735042735,0.4878048780487805,-0.018828298794052234,-0.7885402031378059,2336.0,451.0,0.514554794520548,-0.07898116438356165,-0.004273504273504258
fade_15,225,30,IS,468,0.20034246575342465,0.49786324786324787,0.8675213675213675,0.0,-0.10259740771230567,9.040598290598291,9.004807692307692,0.4594017094017094,0.5121951219512195,-0.016691546657300105,0.9465025319049292,2336.0,451.0,0.514554794520548,-0.07898116438356165,-0.002136752136752129
cont_30,225,30,IS,469,0.2007705479452055,0.47974413646055436,-0.6572494669509595,-0.5,0.07588587874867718,9.353944562899787,9.75319829424307,0.4968017057569296,0.4656319290465632,-0.034810658059993616,-0.5782683025673979,2336.0,451.0,0.514554794520548,-0.07898116438356165,-0.02025586353944564
fade_30,225,30,IS,469,0.2007705479452055,0.511727078891258,0.6572494669509595,0.5,-0.07588587874867718,9.75319829424307,9.353944562899787,0.4968017057569296,0.5343680709534369,-0.002827715629289962,0.7362306313345212,2336.0,451.0,0.514554794520548,-0.07898116438356165,0.011727078891258014
UNCOND_LONG,225,45,IS,2336,1.0,0.5231164383561644,-0.4639340753424658,0.5,0.025684664469852757,10.62232448630137,11.793022260273972,0.502568493150685,0.4993288590604027,0.0,0.0,,,,,
cont_5,225,45,IS,468,0.20034246575342465,0.4935897435897436,-0.4754273504273504,0.0,0.006800500394606862,10.47008547008547,10.28525641025641,0.5149572649572649,0.47098214285714285,-0.02952669476642078,-0.011493275084884624,2336.0,448.0,0.5231164383561644,-0.4639340753424658,-0.0064102564102563875
fade_5,225,45,IS,468,0.20034246575342465,0.49145299145299143,0.4754273504273504,0.0,-0.006800500394606862,10.28525641025641,10.47008547008547,0.4722222222222222,0.5290178571428571,-0.031663446903172965,0.9393614257698162,2336.0,448.0,0.5231164383561644,-0.4639340753424658,-0.008547008547008572
cont_15,225,45,IS,468,0.20034246575342465,0.47435897435897434,-0.7131410256410257,-0.75,-0.0015987279892205864,11.0,11.270299145299145,0.5170940170940171,0.48769574944071586,-0.048757463997190054,-0.24920695029855988,2336.0,447.0,0.5231164383561644,-0.4639340753424658,-0.02564102564102566
fade_15,225,45,IS,468,0.20034246575342465,0.5192307692307693,0.7131410256410257,0.75,0.0015987279892205864,11.270299145299145,11.0,0.47435897435897434,0.5123042505592841,-0.003885669125395119,1.1770751009834914,2336.0,447.0,0.5231164383561644,-0.4639340753424658,0.019230769230769273
cont_30,225,45,IS,469,0.2007705479452055,0.4669509594882729,-0.837953091684435,-0.75,-0.1154597052974191,11.619402985074627,12.283049040511727,0.4946695095948827,0.46651785714285715,-0.05616547886789147,-0.3740190163419692,2336.0,448.0,0.5231164383561644,-0.4639340753424658,-0.03304904051172708
fade_30,225,45,IS,469,0.2007705479452055,0.5223880597014925,0.837953091684435,0.75,0.1154597052974191,12.283049040511727,11.619402985074627,0.4968017057569296,0.5334821428571429,-0.0007283786546719018,1.3018871670269008,2336.0,448.0,0.5231164383561644,-0.4639340753424658,0.02238805970149249
UNCOND_LONG,225,60,IS,2336,1.0,0.5483732876712328,-0.253638698630137,1.0,0.1506230930592487,12.83615154109589,14.183968321917808,0.5162671232876712,0.500903342366757,0.0,0.0,,,,,
cont_5,225,60,IS,468,0.20034246575342465,0.4935897435897436,-0.7767094017094017,-0.25,0.20281829220710815,12.310363247863247,12.621794871794872,0.5170940170940171,0.46952595936794583,-0.05478354408148922,-0.5230707030792647,2336.0,443.0,0.5483732876712328,-0.253638698630137,-0.0064102564102563875
fade_5,225,60,IS,468,0.20034246575342465,0.5021367521367521,0.7767094017094017,0.25,-0.20281829220710815,12.621794871794872,12.310363247863247,0.4722222222222222,0.5304740406320542,-0.046236535534480705,1.0303481003395387,2336.0,443.0,0.5483732876712328,-0.253638698630137,0.002136752136752129
cont_15,225,60,IS,468,0.20034246575342465,0.47435897435897434,-1.044871794871795,-0.5,0.019388790205802947,12.90758547008547,13.81784188034188,0.5042735042735043,0.48764044943820223,-0.0740143133122585,-0.7912330962416579,2336.0,445.0,0.5483732876712328,-0.253638698630137,-0.02564102564102566
fade_15,225,60,IS,468,0.20034246575342465,0.5106837606837606,1.044871794871795,0.5,-0.019388790205802947,13.81784188034188,12.90758547008547,0.4829059829059829,0.5123595505617977,-0.03768952698747219,1.298510493501932,2336.0,445.0,0.5483732876712328,-0.253638698630137,0.010683760683760646
cont_30,225,60,IS,469,0.2007705479452055,0.488272921108742,-0.296908315565032,-0.25,-0.15007457632633608,14.139658848614072,14.850746268656716,0.5031982942430704,0.46756152125279643,-0.06010036656249085,-0.043269616934895005,2336.0,447.0,0.5483732876712328,-0.253638698630137,-0.011727078891258014
fade_30,225,60,IS,469,0.2007705479452055,0.5031982942430704,0.296908315565032,0.25,0.15007457632633608,14.850746268656716,14.139658848614072,0.4840085287846482,0.5324384787472036,-0.04517499342816245,0.5505470141951689,2336.0,447.0,0.5483732876712328,-0.253638698630137,0.0031982942430703876
UNCOND_LONG,225,5,Validation,747,1.0,0.48460508701472554,-0.7479919678714859,-0.5,-0.09710807317467629,9.758032128514056,11.21921017402945,0.48058902275769744,0.470873786407767,0.0,0.0,,,,,
cont_5,225,5,Validation,135,0.18072289156626506,0.4148148148148148,-1.7296296296296296,-2.75,-0.2386840017156332,9.753703703703703,11.64074074074074,0.42962962962962964,0.44036697247706424,-0.06979027219991074,-0.9816376617581437,747.0,109.0,0.48460508701472554,-0.7479919678714859,-0.0851851851851852
fade_5,225,5,Validation,135,0.18072289156626506,0.5777777777777777,1.7296296296296296,2.75,0.2386840017156332,11.64074074074074,9.753703703703703,0.5703703703703704,0.5596330275229358,0.09317269076305218,2.4776215975011153,747.0,109.0,0.48460508701472554,-0.7479919678714859,0.07777777777777772
cont_15,225,5,Validation,151,0.20214190093708165,0.41721854304635764,-1.5894039735099337,-2.75,-0.20095802013967612,10.7682119205298,11.745033112582782,0.44370860927152317,0.4297520661157025,-0.0673865439683679,-0.8414120056384478,747.0,121.0,0.48460508701472554,-0.7479919678714859,-0.08278145695364236
fade_15,225,5,Validation,151,0.20214190093708165,0.5761589403973509,1.5894039735099337,2.75,0.20095802013967612,11.745033112582782,10.7682119205298,0.5562913907284768,0.5702479338842975,0.0915538533826254,2.33739594138142,747.0,121.0,0.48460508701472554,-0.7479919678714859,0.07615894039735094
cont_30,225,5,Validation,155,0.2074966532797858,0.432258064516129,-0.04032258064516129,-1.0,-0.012648945573508248,10.733870967741936,10.266129032258064,0.45161290322580644,0.48412698412698413,-0.05234702249859652,0.7076693872263247,747.0,126.0,0.48460508701472554,-0.7479919678714859,-0.06774193548387097
fade_30,225,5,Validation,155,0.2074966532797858,0.5612903225806452,0.04032258064516129,1.0,0.012648945573508248,10.266129032258064,10.733870967741936,0.5483870967741935,0.5158730158730159,0.07668523556591961,0.7883145485166472,747.0,126.0,0.48460508701472554,-0.7479919678714859,0.06129032258064515
UNCOND_LONG,225,10,Validation,747,1.0,0.5060240963855421,-0.7105087014725568,0.5,-0.06779644765153021,13.783467202141901,15.740963855421686,0.47657295850066933,0.47994467496542187,0.0,0.0,,,,,
cont_5,225,10,Validation,135,0.18072289156626506,0.4666666666666667,-0.5962962962962963,-1.75,-0.17161057055431728,14.646296296296295,15.214814814814815,0.4740740740740741,0.46875,-0.03935742971887546,0.11421240517626052,747.0,128.0,0.5060240963855421,-0.7105087014725568,-0.033333333333333326
fade_5,225,10,Validation,135,0.18072289156626506,0.5333333333333333,0.5962962962962963,1.75,0.17161057055431728,15.214814814814815,14.646296296296295,0.5037037037037037,0.53125,0.027309236947791193,1.3068049977688532,747.0,128.0,0.5060240963855421,-0.7105087014725568,0.033333333333333326
cont_15,225,10,Validation,151,0.20214190093708165,0.4503311258278146,-2.5165562913907285,-2.0,-0.29729076590223397,14.455298013245033,16.370860927152318,0.46357615894039733,0.44755244755244755,-0.05569297055772754,-1.8060475899181716,747.0,143.0,0.5060240963855421,-0.7105087014725568,-0.04966887417218541
fade_15,225,10,Validation,151,0.20214190093708165,0.543046357615894,2.5165562913907285,2.0,0.29729076590223397,16.370860927152318,14.455298013245033,0.5298013245033113,0.5524475524475524,0.037022261230351905,3.2270649928632853,747.0,143.0,0.5060240963855421,-0.7105087014725568,0.04304635761589404
cont_30,225,10,Validation,155,0.2074966532797858,0.5096774193548387,-0.14193548387096774,0.75,-0.006953421595751935,15.056451612903226,14.335483870967742,0.535483870967742,0.5,0.0036533229692965463,0.5685732176015891,747.0,150.0,0.5060240963855421,-0.7105087014725568,0.009677419354838679
fade_30,225,10,Validation,155,0.2074966532797858,0.4838709677419355,0.14193548387096774,-0.75,0.006953421595751935,14.335483870967742,15.056451612903226,0.45806451612903226,0.5,-0.022153128643606634,0.8524441853435246,747.0,150.0,0.5060240963855421,-0.7105087014725568,-0.016129032258064502
UNCOND_LONG,225,15,Validation,747,1.0,0.5301204819277109,0.18440428380187415,1.5,0.05138877375393283,17.727576974564926,19.579651941097723,0.4779116465863454,0.4828532235939643,0.0,0.0,,,,,
cont_5,225,15,Validation,135,0.18072289156626506,0.5111111111111111,1.9555555555555555,0.25,0.06792130564935363,18.946296296296296,18.64074074074074,0.4962962962962963,0.46564885496183206,-0.019009370816599813,1.7711512717536813,747.0,131.0,0.5301204819277109,0.18440428380187415,0.011111111111111072
fade_5,225,15,Validation,135,0.18072289156626506,0.4888888888888889,-1.9555555555555555,-0.25,-0.06792130564935363,18.64074074074074,18.946296296296296,0.5037037037037037,0.5343511450381679,-0.04123159303882201,-2.1399598393574295,747.0,131.0,0.5301204819277109,0.18440428380187415,-0.011111111111111127
cont_15,225,15,Validation,151,0.20214190093708165,0.4966887417218543,0.6142384105960265,-0.25,0.05919039643875535,19.531456953642383,20.524834437086092,0.4768211920529801,0.45517241379310347,-0.0334317402058566,0.42983412679415234,747.0,145.0,0.5301204819277109,0.18440428380187415,-0.0033112582781457123
fade_15,225,15,Validation,151,0.20214190093708165,0.5033112582781457,-0.6142384105960265,0.25,-0.05919039643875535,20.524834437086092,19.531456953642383,0.5165562913907285,0.5448275862068965,-0.026809223649565173,-0.7986426943979006,747.0,145.0,0.5301204819277109,0.18440428380187415,0.0033112582781457123
cont_30,225,15,Validation,155,0.2074966532797858,0.5419354838709678,2.195161290322581,2.0,0.3182941100226701,19.461290322580645,17.519354838709678,0.5483870967741935,0.5067567567567568,0.011815001943256909,2.0107570065207065,747.0,148.0,0.5301204819277109,0.18440428380187415,0.041935483870967794
fade_30,225,15,Validation,155,0.2074966532797858,0.45161290322580644,-2.195161290322581,-2.0,-0.3182941100226701,17.519354838709678,19.461290322580645,0.44516129032258067,0.49324324324324326,-0.07850757870190445,-2.379565574124455,747.0,148.0,0.5301204819277109,0.18440428380187415,-0.04838709677419356
UNCOND_LONG,225,30,Validation,747,1.0,0.5140562248995983,0.02610441767068273,1.0,0.07173554621859157,25.27376171352075,27.380187416331996,0.49129852744310576,0.4828532235939643,0.0,0.0,,,,,
cont_5,225,30,Validation,135,0.18072289156626506,0.5185185185185185,1.7481481481481482,1.25,0.06068284487237597,27.09259259259259,25.29074074074074,0.5037037037037037,0.46923076923076923,0.004462293618920143,1.7220437304774654,747.0,130.0,0.5140562248995983,0.02610441767068273,0.01851851851851849
fade_5,225,30,Validation,135,0.18072289156626506,0.4740740740740741,-1.7481481481481482,-1.25,-0.06068284487237597,25.29074074074074,27.09259259259259,0.4888888888888889,0.5307692307692308,-0.039982150825524254,-1.774252565818831,747.0,130.0,0.5140562248995983,0.02610441767068273,-0.025925925925925908
cont_15,225,30,Validation,151,0.20214190093708165,0.5496688741721855,2.9304635761589406,2.5,0.29461136425650963,27.8841059602649,26.274834437086092,0.4900662251655629,0.45517241379310347,0.035612649272587116,2.904359158488258,747.0,145.0,0.5140562248995983,0.02610441767068273,0.04966887417218546
fade_15,225,30,Validation,151,0.20214190093708165,0.44370860927152317,-2.9304635761589406,-2.5,-0.29461136425650963,26.274834437086092,27.8841059602649,0.5033112582781457,0.5448275862068965,-0.07034761562807518,-2.956567993829623,747.0,145.0,0.5140562248995983,0.02610441767068273,-0.05629139072847683
cont_30,225,30,Validation,155,0.2074966532797858,0.5419354838709678,2.824193548387097,2.5,0.40961331781016547,27.898387096774194,24.09516129032258,0.535483870967742,0.5033557046979866,0.027879258971369447,2.798089130716414,747.0,149.0,0.5140562248995983,0.02610441767068273,0.041935483870967794
fade_30,225,30,Validation,155,0.2074966532797858,0.45161290322580644,-2.824193548387097,-2.5,-0.40961331781016547,24.09516129032258,27.898387096774194,0.4645161290322581,0.4966442953020134,-0.06244332167379191,-2.8502979660577794,747.0,149.0,0.5140562248995983,0.02610441767068273,-0.04838709677419356
UNCOND_LONG,225,45,Validation,747,1.0,0.5194109772423026,0.857429718875502,1.75,0.19287528019617448,32.58366800535475,34.06927710843374,0.4886211512717537,0.48132780082987553,0.0,0.0,,,,,
cont_5,225,45,Validation,135,0.18072289156626506,0.5111111111111111,1.6888888888888889,0.25,0.07393297046580452,34.47222222222222,31.887037037037036,0.5407407407407407,0.46923076923076923,-0.008299866131191491,0.8314591700133869,747.0,130.0,0.5194109772423026,0.857429718875502,0.011111111111111072
fade_5,225,45,Validation,135,0.18072289156626506,0.48148148148148145,-1.6888888888888889,-0.25,-0.07393297046580452,31.887037037037036,34.47222222222222,0.45925925925925926,0.5307692307692308,-0.03792949576082111,-2.546318607764391,747.0,130.0,0.5194109772423026,0.857429718875502,-0.018518518518518545
cont_15,225,45,Validation,151,0.20214190093708165,0.5364238410596026,5.903973509933775,3.5,0.6585550238983157,36.50993377483444,32.25165562913907,0.5231788079470199,0.45517241379310347,0.01701286381730005,5.046543791058273,747.0,145.0,0.5194109772423026,0.857429718875502,0.03642384105960261
fade_15,225,45,Validation,151,0.20214190093708165,0.46357615894039733,-5.903973509933775,-3.5,-0.6585550238983157,32.25165562913907,36.50993377483444,0.4768211920529801,0.5448275862068965,-0.05583481830190523,-6.761403228809277,747.0,145.0,0.5194109772423026,0.857429718875502,-0.03642384105960267
cont_30,225,45,Validation,155,0.2074966532797858,0.5483870967741935,6.969354838709678,1.75,0.9084043936391702,36.49032258064516,29.22741935483871,0.5806451612903226,0.5067567567567568,0.028976119531890943,6.111925119834176,747.0,148.0,0.5194109772423026,0.857429718875502,0.048387096774193505
fade_30,225,45,Validation,155,0.2074966532797858,0.44516129032258067,-6.969354838709678,-1.75,-0.9084043936391702,29.22741935483871,36.49032258064516,0.41935483870967744,0.49324324324324326,-0.07424968691972189,-7.82678455758518,747.0,148.0,0.5194109772423026,0.857429718875502,-0.05483870967741933
UNCOND_LONG,225,60,Validation,747,1.0,0.49129852744310576,-1.6348728246318607,-0.75,-0.06342865156912761,38.1777108433735,41.40394912985274,0.48460508701472554,0.4776536312849162,0.0,0.0,,,,,
cont_5,225,60,Validation,135,0.18072289156626506,0.5111111111111111,2.172222222222222,1.0,0.23188257616571278,41.63148148148148,39.1462962962963,0.5333333333333333,0.46511627906976744,0.019812583668005312,3.8070950468540827,747.0,129.0,0.49129852744310576,-1.6348728246318607,0.011111111111111072
fade_5,225,60,Validation,135,0.18072289156626506,0.4888888888888889,-2.172222222222222,-1.0,-0.23188257616571278,39.1462962962963,41.63148148148148,0.4666666666666667,0.5348837209302325,-0.0024096385542168863,-0.5373493975903614,747.0,129.0,0.49129852744310576,-1.6348728246318607,-0.011111111111111127
cont_15,225,60,Validation,151,0.20214190093708165,0.5364238410596026,10.003311258278146,1.75,1.077238564449891,44.223509933774835,36.72185430463576,0.5364238410596026,0.45517241379310347,0.045125313616496854,11.638184082910007,747.0,145.0,0.49129852744310576,-1.6348728246318607,0.03642384105960261
fade_15,225,60,Validation,151,0.20214190093708165,0.46357615894039733,-10.003311258278146,-1.75,-1.077238564449891,36.72185430463576,44.223509933774835,0.46357615894039733,0.5448275862068965,-0.027722368502708428,-8.368438433646284,747.0,145.0,0.49129852744310576,-1.6348728246318607,-0.03642384105960267
cont_30,225,60,Validation,155,0.2074966532797858,0.6,12.458064516129033,9.75,1.5162214485665382,46.737096774193546,34.08870967741935,0.6,0.5102040816326531,0.10870147255689422,14.092937340760894,747.0,147.0,0.49129852744310576,-1.6348728246318607,0.09999999999999998
fade_30,225,60,Validation,155,0.2074966532797858,0.3935483870967742,-12.458064516129033,-9.75,-1.5162214485665382,34.08870967741935,46.737096774193546,0.4,0.4897959183673469,-0.09775014034633156,-10.823191691497172,747.0,147.0,0.49129852744310576,-1.6348728246318607,-0.1064516129032258
UNCOND_LONG,225,5,OOS,397,1.0,0.4659949622166247,-0.43261964735516373,-1.25,-0.10053359800515722,15.484886649874056,17.18198992443325,0.46851385390428213,0.4595375722543353,0.0,0.0,,,,,
cont_5,225,5,OOS,61,0.15365239294710328,0.4918032786885246,-1.5901639344262295,-1.5,-0.05164974782860505,15.87295081967213,18.479508196721312,0.47540983606557374,0.5,0.025808316471899906,-1.1575442870710657,397.0,56.0,0.4659949622166247,-0.43261964735516373,-0.008196721311475419
fade_5,225,5,OOS,61,0.15365239294710328,0.5081967213114754,1.5901639344262295,1.5,0.05164974782860505,18.479508196721312,15.87295081967213,0.5245901639344263,0.5,0.042201759094850744,2.0227835817813933,397.0,56.0,0.4659949622166247,-0.43261964735516373,0.008196721311475419
cont_15,225,5,OOS,68,0.1712846347607053,0.4411764705882353,-3.1691176470588234,-1.625,-0.1939049032169738,16.216911764705884,20.253676470588236,0.4411764705882353,0.43333333333333335,-0.024818491628389394,-2.73649799970366,397.0,60.0,0.4659949622166247,-0.43261964735516373,-0.05882352941176472
fade_15,225,5,OOS,68,0.1712846347607053,0.5441176470588235,3.1691176470588234,1.625,0.1939049032169738,20.253676470588236,16.216911764705884,0.5588235294117647,0.5666666666666667,0.07812268484219881,3.601737294413987,397.0,60.0,0.4659949622166247,-0.43261964735516373,0.044117647058823484
cont_30,225,5,OOS,78,0.1964735516372796,0.46153846153846156,-1.560897435897436,-0.875,-0.10178682446018061,14.25,19.09294871794872,0.4358974358974359,0.3939393939393939,-0.004456500678163111,-1.1282777885422721,397.0,66.0,0.4659949622166247,-0.43261964735516373,-0.038461538461538436
fade_30,225,5,OOS,78,0.1964735516372796,0.5256410256410257,1.560897435897436,0.875,0.10178682446018061,19.09294871794872,14.25,0.5641025641025641,0.6060606060606061,0.059646063424400986,1.9935170832525997,397.0,66.0,0.4659949622166247,-0.43261964735516373,0.02564102564102566
UNCOND_LONG,225,10,OOS,397,1.0,0.5062972292191436,2.783375314861461,0.75,0.041545497111499935,23.37405541561713,22.6316120906801,0.473551637279597,0.4738219895287958,0.0,0.0,,,,,
cont_5,225,10,OOS,61,0.15365239294710328,0.4426229508196721,-4.098360655737705,-4.0,-0.20073608215904556,21.151639344262296,26.577868852459016,0.4426229508196721,0.5166666666666667,-0.06367427839947143,-6.881735970599165,397.0,60.0,0.5062972292191436,2.783375314861461,-0.05737704918032788
fade_5,225,10,OOS,61,0.15365239294710328,0.5573770491803278,4.098360655737705,4.0,0.20073608215904556,26.577868852459016,21.151639344262296,0.5573770491803278,0.48333333333333334,0.05107981996118427,1.3149853408762437,397.0,60.0,0.5062972292191436,2.783375314861461,0.05737704918032782
cont_15,225,10,OOS,68,0.1712846347607053,0.4264705882352941,-10.988970588235293,-7.375,-0.4879239363540661,22.40073529411765,31.669117647058822,0.39705882352941174,0.46153846153846156,-0.07982664098384945,-13.772345903096754,397.0,65.0,0.5062972292191436,2.783375314861461,-0.0735294117647059
fade_15,225,10,OOS,68,0.1712846347607053,0.5735294117647058,10.988970588235293,7.375,0.4879239363540661,31.669117647058822,22.40073529411765,0.6029411764705882,0.5384615384615384,0.06723218254556229,8.205595273373833,397.0,65.0,0.5062972292191436,2.783375314861461,0.07352941176470584
cont_30,225,10,OOS,78,0.1964735516372796,0.5128205128205128,-0.3814102564102564,1.125,0.10601720994180784,21.814102564102566,25.58653846153846,0.46153846153846156,0.4266666666666667,0.006523283601369223,-3.1647855712717172,397.0,75.0,0.5062972292191436,2.783375314861461,0.012820512820512775
fade_30,225,10,OOS,78,0.1964735516372796,0.48717948717948717,0.3814102564102564,-1.125,-0.10601720994180784,25.58653846153846,21.814102564102566,0.5256410256410257,0.5733333333333334,-0.019117742039656382,-2.4019650584512044,397.0,75.0,0.5062972292191436,2.783375314861461,-0.01282051282051283
UNCOND_LONG,225,15,OOS,397,1.0,0.5516372795969773,4.576826196473552,3.5,0.14077110160931258,30.133501259445843,27.539672544080606,0.48866498740554154,0.4740932642487047,0.0,0.0,,,,,
cont_5,225,15,OOS,61,0.15365239294710328,0.47540983606557374,-0.8524590163934426,-3.75,0.02264440662243849,29.19672131147541,33.282786885245905,0.4262295081967213,0.5084745762711864,-0.07622744353140354,-5.429285212866994,397.0,59.0,0.5516372795969773,4.576826196473552,-0.024590163934426257
fade_5,225,15,OOS,61,0.15365239294710328,0.5245901639344263,0.8524590163934426,3.75,-0.02264440662243849,33.282786885245905,29.19672131147541,0.5737704918032787,0.4915254237288136,-0.027047115662551025,-3.724367180080109,397.0,59.0,0.5516372795969773,4.576826196473552,0.024590163934426257
cont_15,225,15,OOS,68,0.1712846347607053,0.39705882352941174,-12.316176470588236,-12.5,-0.5582870941910286,26.966911764705884,40.12867647058823,0.38235294117647056,0.4393939393939394,-0.15457845606756554,-16.893002667061786,397.0,66.0,0.5516372795969773,4.576826196473552,-0.10294117647058826
fade_15,225,15,OOS,68,0.1712846347607053,0.6029411764705882,12.316176470588236,12.5,0.5582870941910286,40.12867647058823,26.966911764705884,0.6176470588235294,0.5606060606060606,0.05130389687361092,7.739350274114684,397.0,66.0,0.5516372795969773,4.576826196473552,0.1029411764705882
cont_30,225,15,OOS,78,0.1964735516372796,0.47435897435897434,-0.1858974358974359,-2.625,0.13229773278665913,29.310897435897434,31.137820512820515,0.47435897435897434,0.4189189189189189,-0.07727830523800294,-4.762723632370988,397.0,74.0,0.5516372795969773,4.576826196473552,-0.02564102564102566
fade_30,225,15,OOS,78,0.1964735516372796,0.5256410256410257,0.1858974358974359,2.625,-0.13229773278665913,31.137820512820515,29.310897435897434,0.5256410256410257,0.581081081081081,-0.02599625395595162,-4.390928760576116,397.0,74.0,0.5516372795969773,4.576826196473552,0.02564102564102566
UNCOND_LONG,225,30,OOS,397,1.0,0.5188916876574308,6.17191435768262,1.75,0.1870688654475628,41.70654911838791,37.73299748110831,0.5113350125944585,0.4779220779220779,0.0,0.0,,,,,
cont_5,225,30,OOS,61,0.15365239294710328,0.4262295081967213,-4.868852459016393,-9.25,-0.2642050063163138,39.75819672131148,43.704918032786885,0.4426229508196721,0.5166666666666667,-0.09266217946070948,-11.040766816699012,397.0,60.0,0.5188916876574308,6.17191435768262,-0.07377049180327871
fade_5,225,30,OOS,61,0.15365239294710328,0.5737704918032787,4.868852459016393,9.25,0.2642050063163138,43.704918032786885,39.75819672131148,0.5573770491803278,0.48333333333333334,0.05487880414584789,-1.3030618986662263,397.0,60.0,0.5188916876574308,6.17191435768262,0.07377049180327866
cont_15,225,30,OOS,68,0.1712846347607053,0.4264705882352941,-19.628676470588236,-15.75,-0.900506839492076,34.8860294117647,56.12867647058823,0.4117647058823529,0.44776119402985076,-0.09242109942213667,-25.800590828270856,397.0,67.0,0.5188916876574308,6.17191435768262,-0.0735294117647059
fade_15,225,30,OOS,68,0.1712846347607053,0.5735294117647058,19.628676470588236,15.75,0.900506839492076,56.12867647058823,34.8860294117647,0.5882352941176471,0.5522388059701493,0.054637724107275076,13.456762112905615,397.0,67.0,0.5188916876574308,6.17191435768262,0.07352941176470584
cont_30,225,30,OOS,78,0.1964735516372796,0.4358974358974359,-6.169871794871795,-3.0,-0.2827341400689358,37.37179487179487,42.34615384615385,0.46153846153846156,0.4189189189189189,-0.08299425175999486,-12.341786152554414,397.0,74.0,0.5188916876574308,6.17191435768262,-0.0641025641025641
fade_30,225,30,OOS,78,0.1964735516372796,0.5641025641025641,6.169871794871795,3.0,0.2827341400689358,42.34615384615385,37.37179487179487,0.5384615384615384,0.581081081081081,0.04521087644513333,-0.0020425628108249327,397.0,74.0,0.5188916876574308,6.17191435768262,0.0641025641025641
UNCOND_LONG,225,45,OOS,397,1.0,0.5465994962216625,9.335642317380353,6.0,0.26512878179673327,50.78400503778337,46.059193954659946,0.5188916876574308,0.4776902887139108,0.0,0.0,,,,,
cont_5,225,45,OOS,61,0.15365239294710328,0.5081967213114754,2.7008196721311477,2.75,0.26784103616733634,50.91393442622951,53.75819672131148,0.4918032786885246,0.5254237288135594,-0.038402774910187065,-6.634822645249205,397.0,59.0,0.5465994962216625,9.335642317380353,0.008196721311475419
fade_5,225,45,OOS,61,0.15365239294710328,0.4918032786885246,-2.7008196721311477,-2.75,-0.26784103616733634,53.75819672131148,50.91393442622951,0.5081967213114754,0.4745762711864407,-0.0547962175331379,-12.036461989511501,397.0,59.0,0.5465994962216625,9.335642317380353,-0.008196721311475419
cont_15,225,45,OOS,68,0.1712846347607053,0.36764705882352944,-26.558823529411764,-24.75,-1.302959850949839,42.591911764705884,72.11764705882354,0.39705882352941174,0.4393939393939394,-0.17895243739813305,-35.894465846792116,397.0,66.0,0.5465994962216625,9.335642317380353,-0.13235294117647056
fade_15,225,45,OOS,68,0.1712846347607053,0.6323529411764706,26.558823529411764,24.75,1.302959850949839,72.11764705882354,42.591911764705884,0.5882352941176471,0.5606060606060606,0.08575344495480808,17.223181212031413,397.0,66.0,0.5465994962216625,9.335642317380353,0.13235294117647056
cont_30,225,45,OOS,78,0.1964735516372796,0.41025641025641024,-10.538461538461538,-8.125,-0.5058146672006762,47.18910256410256,56.61538461538461,0.4358974358974359,0.410958904109589,-0.13634308596525224,-19.87410385584189,397.0,73.0,0.5465994962216625,9.335642317380353,-0.08974358974358976
fade_30,225,45,OOS,78,0.1964735516372796,0.5897435897435898,10.538461538461538,8.125,0.5058146672006762,56.61538461538461,47.18910256410256,0.5641025641025641,0.589041095890411,0.043144093521927274,1.2028192210811852,397.0,73.0,0.5465994962216625,9.335642317380353,0.08974358974358976
UNCOND_LONG,225,60,OOS,397,1.0,0.5617128463476071,7.828715365239295,5.5,0.17417455015162844,56.97921914357683,53.39735516372796,0.5163727959697733,0.47493403693931396,0.0,0.0,,,,,
cont_5,225,60,OOS,61,0.15365239294710328,0.4918032786885246,0.7663934426229508,-1.0,0.0903067941953022,60.15573770491803,57.88934426229508,0.5081967213114754,0.5254237288135594,-0.06990956765908252,-7.062321922616344,397.0,59.0,0.5617128463476071,7.828715365239295,-0.008196721311475419
fade_5,225,60,OOS,61,0.15365239294710328,0.5081967213114754,-0.7663934426229508,1.0,-0.0903067941953022,57.88934426229508,60.15573770491803,0.4918032786885246,0.4745762711864407,-0.05351612503613168,-8.595108807862246,397.0,59.0,0.5617128463476071,7.828715365239295,0.008196721311475419
cont_15,225,60,OOS,68,0.1712846347607053,0.45588235294117646,-25.044117647058822,-7.125,-1.2729277965627488,49.911764705882355,81.46691176470588,0.4264705882352941,0.4393939393939394,-0.10583049340643064,-32.872833012298116,397.0,66.0,0.5617128463476071,7.828715365239295,-0.04411764705882354
fade_15,225,60,OOS,68,0.1712846347607053,0.5441176470588235,25.044117647058822,7.125,1.2729277965627488,81.46691176470588,49.911764705882355,0.5588235294117647,0.5606060606060606,-0.017595199288783614,17.21540228181953,397.0,66.0,0.5617128463476071,7.828715365239295,0.044117647058823484
cont_30,225,60,OOS,78,0.1964735516372796,0.46153846153846156,-16.03525641025641,-6.375,-0.842559010576614,52.07692307692308,64.13782051282051,0.4358974358974359,0.410958904109589,-0.10017438480914553,-23.863971775495703,397.0,73.0,0.5617128463476071,7.828715365239295,-0.038461538461538436
fade_30,225,60,OOS,78,0.1964735516372796,0.5384615384615384,16.03525641025641,6.375,0.842559010576614,64.13782051282051,52.07692307692308,0.5641025641025641,0.589041095890411,-0.02325130788606866,8.206541045017115,397.0,73.0,0.5617128463476071,7.828715365239295,0.038461538461538436
UNCOND_LONG,240,5,IS,2336,1.0,0.4700342465753425,-0.08133561643835617,0.0,-0.03142189657764817,3.4711044520547945,3.8599101027397262,0.4601883561643836,0.46965959546127284,0.0,0.0,,,,,
cont_5,240,5,IS,468,0.20034246575342465,0.42948717948717946,-0.125,-0.25,-0.09438411471003355,3.6073717948717947,3.612713675213675,0.46153846153846156,0.45255474452554745,-0.040547067088163025,-0.04366438356164383,2336.0,411.0,0.4700342465753425,-0.08133561643835617,-0.07051282051282054
fade_5,240,5,IS,468,0.20034246575342465,0.5213675213675214,0.125,0.25,0.09438411471003355,3.612713675213675,3.6073717948717947,0.5106837606837606,0.5474452554744526,0.05133327479217892,0.20633561643835618,2336.0,411.0,0.4700342465753425,-0.08133561643835617,0.021367521367521403
cont_15,240,5,IS,468,0.20034246575342465,0.3995726495726496,-0.5838675213675214,-0.5,-0.1935409732701277,3.7094017094017095,4.018696581196581,0.4252136752136752,0.43349753694581283,-0.07046159700269289,-0.5025319049291652,2336.0,406.0,0.4700342465753425,-0.08133561643835617,-0.1004273504273504
fade_15,240,5,IS,468,0.20034246575342465,0.5576923076923077,0.5838675213675214,0.5,0.1935409732701277,4.018696581196581,3.7094017094017095,0.5448717948717948,0.5665024630541872,0.08765806111696522,0.6652031378058776,2336.0,406.0,0.4700342465753425,-0.08133561643835617,0.05769230769230771
cont_30,240,5,IS,468,0.20034246575342465,0.41025641025641024,-0.4091880341880342,-0.375,-0.16884504728789596,3.6928418803418803,3.7574786324786325,0.4358974358974359,0.4411764705882353,-0.05977783631893224,-0.327852417749678,2336.0,408.0,0.4700342465753425,-0.08133561643835617,-0.08974358974358976
fade_30,240,5,IS,468,0.20034246575342465,0.5427350427350427,0.4091880341880342,0.375,0.16884504728789596,3.7574786324786325,3.6928418803418803,0.532051282051282,0.5588235294117647,0.07270079615970021,0.49052365062639036,2336.0,408.0,0.4700342465753425,-0.08133561643835617,0.042735042735042694
UNCOND_LONG,240,10,IS,2336,1.0,0.4918664383561644,0.10059931506849315,0.0,-0.0023475896344786356,4.997003424657534,5.388270547945205,0.480736301369863,0.47363796133567665,0.0,0.0,,,,,
cont_5,240,10,IS,468,0.20034246575342465,0.46794871794871795,0.005341880341880342,-0.25,-0.06600945314829611,5.105769230769231,4.932158119658119,0.4700854700854701,0.46017699115044247,-0.02391772040744644,-0.09525743472661281,2336.0,452.0,0.4918664383561644,0.10059931506849315,-0.03205128205128205
fade_5,240,10,IS,468,0.20034246575342465,0.5085470085470085,-0.005341880341880342,0.25,0.06600945314829611,4.932158119658119,5.105769230769231,0.5,0.5398230088495575,0.016680570190844124,-0.10594119541037349,2336.0,452.0,0.4918664383561644,0.10059931506849315,0.008547008547008517
cont_15,240,10,IS,468,0.20034246575342465,0.4444444444444444,-0.10202991452991453,-0.25,-0.1231875141867474,5.3739316239316235,5.569444444444445,0.452991452991453,0.4298245614035088,-0.04742199391171997,-0.20262922959840768,2336.0,456.0,0.4918664383561644,0.10059931506849315,-0.05555555555555558
fade_15,240,10,IS,468,0.20034246575342465,0.5235042735042735,0.10202991452991453,0.25,0.1231875141867474,5.569444444444445,5.3739316239316235,0.5341880341880342,0.5701754385964912,0.03163783514810914,0.001430599461421378,2336.0,456.0,0.4918664383561644,0.10059931506849315,0.023504273504273532
cont_30,240,10,IS,468,0.20034246575342465,0.4337606837606838,-0.3301282051282051,-0.5,-0.0936740685173024,5.080128205128205,5.360042735042735,0.44871794871794873,0.43832599118942733,-0.05810575459548062,-0.43072752019669824,2336.0,454.0,0.4918664383561644,0.10059931506849315,-0.06623931623931623
fade_30,240,10,IS,468,0.20034246575342465,0.5470085470085471,0.3301282051282051,0.5,0.0936740685173024,5.360042735042735,5.080128205128205,0.5256410256410257,0.5616740088105727,0.05514210865238267,0.22952889005971197,2336.0,454.0,0.4918664383561644,0.10059931506849315,0.047008547008547064
UNCOND_LONG,240,15,IS,2336,1.0,0.4982876712328767,-0.02632705479452055,0.0,0.014957644984905974,6.096853595890411,6.573309075342466,0.4931506849315068,0.47469458987783597,0.0,0.0,,,,,
cont_5,240,15,IS,468,0.20034246575342465,0.47863247863247865,0.018696581196581196,0.0,-0.14231145716476912,6.191239316239316,6.105235042735043,0.4722222222222222,0.46357615894039733,-0.019655192600398053,0.04502363599110175,2336.0,453.0,0.4982876712328767,-0.02632705479452055,-0.021367521367521347
fade_5,240,15,IS,468,0.20034246575342465,0.49786324786324787,-0.018696581196581196,0.0,0.14231145716476912,6.105235042735043,6.191239316239316,0.5085470085470085,0.5364238410596026,-0.00042442336962883465,0.007630473597939353,2336.0,453.0,0.4982876712328767,-0.02632705479452055,-0.002136752136752129
cont_15,240,15,IS,468,0.20034246575342465,0.4829059829059829,-0.019230769230769232,0.0,-0.10456942764436325,6.6960470085470085,6.6506410256410255,0.4722222222222222,0.4366812227074236,-0.015381688326893794,0.007096285563751317,2336.0,458.0,0.4982876712328767,-0.02632705479452055,-0.01709401709401709
fade_15,240,15,IS,468,0.20034246575342465,0.4935897435897436,0.019230769230769232,0.0,0.10456942764436325,6.6506410256410255,6.6960470085470085,0.5192307692307693,0.5633187772925764,-0.004697927643133093,0.04555782402528978,2336.0,458.0,0.4982876712328767,-0.02632705479452055,-0.0064102564102563875
cont_30,240,15,IS,468,0.20034246575342465,0.47435897435897434,-0.3798076923076923,-0.25,-0.027132034694990266,6.267094017094017,6.439636752136752,0.4551282051282051,0.4410480349344978,-0.023928696873902366,-0.3534806375131717,2336.0,458.0,0.4982876712328767,-0.02632705479452055,-0.02564102564102566
fade_30,240,15,IS,468,0.20034246575342465,0.5042735042735043,0.3798076923076923,0.25,0.027132034694990266,6.439636752136752,6.267094017094017,0.5213675213675214,0.5589519650655022,0.005985833040627553,0.40613474710221287,2336.0,458.0,0.4982876712328767,-0.02632705479452055,0.004273504273504258
UNCOND_LONG,240,30,IS,2336,1.0,0.5021404109589042,-0.4112799657534247,0.25,0.004329149507893803,8.692315924657533,9.56271404109589,0.495291095890411,0.47614840989399293,0.0,0.0,,,,,
cont_5,240,30,IS,468,0.20034246575342465,0.4358974358974359,-0.6282051282051282,-0.75,-0.4291035183532837,8.365918803418804,9.01388888888889,0.47649572649572647,0.4606741573033708,-0.06624297506146826,-0.2169251624517035,2336.0,445.0,0.5021404109589042,-0.4112799657534247,-0.0641025641025641
fade_5,240,30,IS,468,0.20034246575342465,0.5427350427350427,0.6282051282051282,0.75,0.4291035183532837,9.01388888888889,8.365918803418804,0.5106837606837606,0.5393258426966292,0.040594631776138534,1.039485093958553,2336.0,445.0,0.5021404109589042,-0.4112799657534247,0.042735042735042694
cont_15,240,30,IS,468,0.20034246575342465,0.4444444444444444,-0.780982905982906,-0.75,-0.40798911681018085,9.014957264957266,9.728632478632479,0.4636752136752137,0.43640350877192985,-0.05769596651445974,-0.3697029402294813,2336.0,456.0,0.5021404109589042,-0.4112799657534247,-0.05555555555555558
fade_15,240,30,IS,468,0.20034246575342465,0.5299145299145299,0.780982905982906,0.75,0.40798911681018085,9.728632478632479,9.014957264957266,0.5256410256410257,0.5635964912280702,0.02777411895562576,1.1922628717363306,2336.0,456.0,0.5021404109589042,-0.4112799657534247,0.02991452991452992
cont_30,240,30,IS,468,0.20034246575342465,0.4551282051282051,-0.47596153846153844,-0.75,-0.15813507601090276,8.531517094017094,9.09241452991453,0.48504273504273504,0.4407894736842105,-0.04701220583069904,-0.06468157270811375,2336.0,456.0,0.5021404109589042,-0.4112799657534247,-0.04487179487179488
fade_30,240,30,IS,468,0.20034246575342465,0.5363247863247863,0.47596153846153844,0.75,0.15813507601090276,9.09241452991453,8.531517094017094,0.49786324786324787,0.5592105263157895,0.03418437536588215,0.8872415042149631,2336.0,456.0,0.5021404109589042,-0.4112799657534247,0.03632478632478631
UNCOND_LONG,240,45,IS,2336,1.0,0.523972602739726,-0.2009845890410959,0.75,0.1487273330731979,11.227846746575343,12.357234589041095,0.495291095890411,0.47701918786256137,0.0,0.0,,,,,
cont_5,240,45,IS,468,0.20034246575342465,0.47435897435897434,-0.3969017094017094,-0.5,-0.417959235408288,11.006410256410257,11.536858974358974,0.4807692307692308,0.4636363636363636,-0.04961362838075167,-0.19591712036061348,2336.0,440.0,0.523972602739726,-0.2009845890410959,-0.02564102564102566
fade_5,240,45,IS,468,0.20034246575342465,0.5149572649572649,0.3969017094017094,0.5,0.417959235408288,11.536858974358974,11.006410256410257,0.5106837606837606,0.5363636363636364,-0.009015337782461108,0.5978862984428053,2336.0,440.0,0.523972602739726,-0.2009845890410959,0.014957264957264904
cont_15,240,45,IS,468,0.20034246575342465,0.4594017094017094,-0.2168803418803419,-0.5,-0.21435263171174077,11.909188034188034,12.273504273504274,0.4893162393162393,0.43680709534368073,-0.06457089333801663,-0.01589575283924599,2336.0,451.0,0.523972602739726,-0.2009845890410959,-0.04059829059829062
fade_15,240,45,IS,468,0.20034246575342465,0.5235042735042735,0.2168803418803419,0.5,0.21435263171174077,12.273504273504274,11.909188034188034,0.5,0.5631929046563193,-0.0004683292354524804,0.4178649309214378,2336.0,451.0,0.523972602739726,-0.2009845890410959,0.023504273504273532
cont_30,240,45,IS,468,0.20034246575342465,0.48504273504273504,-0.0037393162393162395,-0.25,-0.026528480254724405,11.030448717948717,11.399038461538462,0.5,0.4434589800443459,-0.03892986769699097,0.19724527280177967,2336.0,451.0,0.523972602739726,-0.2009845890410959,-0.01495726495726496
fade_30,240,45,IS,468,0.20034246575342465,0.5042735042735043,0.0037393162393162395,0.25,0.026528480254724405,11.399038461538462,11.030448717948717,0.4893162393162393,0.5565410199556541,-0.019699098466221754,0.20472390528041212,2336.0,451.0,0.523972602739726,-0.2009845890410959,0.004273504273504258
UNCOND_LONG,240,60,IS,2336,1.0,0.5393835616438356,0.17904537671232876,1.0,0.2398220993044689,12.803938356164384,14.354773116438356,0.4922945205479452,0.4779874213836478,0.0,0.0,,,,,
cont_5,240,60,IS,468,0.20034246575342465,0.4636752136752137,-0.09722222222222222,-0.75,-0.3317955443969571,12.717948717948717,13.121260683760683,0.4658119658119658,0.4634703196347032,-0.07570834796862191,-0.276267598934551,2336.0,438.0,0.5393835616438356,0.17904537671232876,-0.03632478632478631
fade_5,240,60,IS,468,0.20034246575342465,0.5277777777777778,0.09722222222222222,0.75,0.3317955443969571,13.121260683760683,12.717948717948717,0.5256410256410257,0.5365296803652968,-0.011605783866057817,-0.08182315449010653,2336.0,438.0,0.5393835616438356,0.17904537671232876,0.02777777777777779
cont_15,240,60,IS,468,0.20034246575342465,0.46794871794871795,-0.41773504273504275,-0.625,-0.2913177726743035,13.787927350427351,13.947115384615385,0.47435897435897434,0.4375,-0.07143484369511766,-0.5967804194473715,2336.0,448.0,0.5393835616438356,0.17904537671232876,-0.03205128205128205
fade_15,240,60,IS,468,0.20034246575342465,0.5256410256410257,0.41773504273504275,0.625,0.2913177726743035,13.947115384615385,13.787927350427351,0.5085470085470085,0.5625,-0.013742536002809946,0.238689666022714,2336.0,448.0,0.5393835616438356,0.17904537671232876,0.02564102564102566
cont_30,240,60,IS,468,0.20034246575342465,0.4722222222222222,-0.16452991452991453,-0.75,-0.0316514827295432,12.81517094017094,12.908119658119658,0.4700854700854701,0.44320712694877507,-0.0671613394216134,-0.3435752912422433,2336.0,449.0,0.5393835616438356,0.17904537671232876,-0.02777777777777779
fade_30,240,60,IS,468,0.20034246575342465,0.5170940170940171,0.16452991452991453,0.75,0.0316514827295432,12.908119658119658,12.81517094017094,0.5235042735042735,0.5567928730512249,-0.022289544549818463,-0.01451546218241423,2336.0,449.0,0.5393835616438356,0.17904537671232876,0.017094017094017144
UNCOND_LONG,240,5,Validation,747,1.0,0.5234270414993306,-0.5020080321285141,0.75,-0.05249813668650442,10.269410977242302,11.081659973226238,0.4939759036144578,0.4896988906497623,0.0,0.0,,,,,
cont_5,240,5,Validation,174,0.23293172690763053,0.5114942528735632,-0.8836206896551724,0.75,-0.11190144848332402,10.76867816091954,11.327586206896552,0.4885057471264368,0.5174825174825175,-0.01193278862576741,-0.3816126575266583,747.0,143.0,0.5234270414993306,-0.5020080321285141,0.011494252873563204
fade_5,240,5,Validation,174,0.23293172690763053,0.4885057471264368,0.8836206896551724,-0.75,0.11190144848332402,11.327586206896552,10.76867816091954,0.4942528735632184,0.4825174825174825,-0.03492129437289382,1.3856287217836865,747.0,143.0,0.5234270414993306,-0.5020080321285141,-0.011494252873563204
cont_15,240,5,Validation,141,0.18875502008032127,0.5602836879432624,0.6099290780141844,1.5,0.0684935410751502,12.058510638297872,10.418439716312056,0.5106382978723404,0.559322033898305,0.03685664644393183,1.1119371101426985,747.0,118.0,0.5234270414993306,-0.5020080321285141,0.06028368794326244
fade_15,240,5,Validation,141,0.18875502008032127,0.4326241134751773,-0.6099290780141844,-1.5,-0.0684935410751502,10.418439716312056,12.058510638297872,0.48936170212765956,0.4406779661016949,-0.0908029280241533,-0.10792104588567031,747.0,118.0,0.5234270414993306,-0.5020080321285141,-0.06737588652482268
cont_30,240,5,Validation,155,0.2074966532797858,0.4967741935483871,-0.5951612903225807,-0.25,-0.10872040557061574,10.901612903225807,11.308064516129033,0.45161290322580644,0.5153846153846153,-0.026652847950943526,-0.09315325819406661,747.0,130.0,0.5234270414993306,-0.5020080321285141,-0.0032258064516129115
fade_30,240,5,Validation,155,0.2074966532797858,0.5032258064516129,0.5951612903225807,0.25,0.10872040557061574,11.308064516129033,10.901612903225807,0.5419354838709678,0.4846153846153846,-0.020201235047717758,1.0971693224510948,747.0,130.0,0.5234270414993306,-0.5020080321285141,0.003225806451612856
UNCOND_LONG,240,10,Validation,747,1.0,0.5261044176706827,0.44912985274431055,0.75,0.08222363826954093,14.56425702811245,15.367804551539491,0.5073627844712182,0.4916897506925208,0.0,0.0,,,,,
cont_5,240,10,Validation,174,0.23293172690763053,0.5344827586206896,2.3635057471264367,1.625,0.2559266279221504,16.3433908045977,14.561781609195402,0.5287356321839081,0.5246913580246914,0.00837834095000689,1.914375894382126,747.0,162.0,0.5261044176706827,0.44912985274431055,0.03448275862068961
fade_5,240,10,Validation,174,0.23293172690763053,0.4482758620689655,-2.3635057471264367,-1.625,-0.2559266279221504,14.561781609195402,16.3433908045977,0.47126436781609193,0.47530864197530864,-0.0778285556017172,-2.812635599870747,747.0,162.0,0.5261044176706827,0.44912985274431055,-0.051724137931034475
cont_15,240,10,Validation,141,0.18875502008032127,0.524822695035461,2.882978723404255,1.25,0.27939723662328536,17.347517730496453,14.00886524822695,0.5319148936170213,0.556390977443609,-0.0012817226352217492,2.433848870659945,747.0,133.0,0.5261044176706827,0.44912985274431055,0.024822695035460973
fade_15,240,10,Validation,141,0.18875502008032127,0.45390070921985815,-2.882978723404255,-1.25,-0.27939723662328536,14.00886524822695,17.347517730496453,0.46808510638297873,0.44360902255639095,-0.07220370845082458,-3.3321085761485656,747.0,133.0,0.5261044176706827,0.44912985274431055,-0.046099290780141855
cont_30,240,10,Validation,155,0.2074966532797858,0.5161290322580645,3.1145161290322583,1.5,0.2741213618795814,15.990322580645161,14.324193548387097,0.47096774193548385,0.5067567567567568,-0.00997538541261822,2.665386276287948,747.0,148.0,0.5261044176706827,0.44912985274431055,0.016129032258064502
fade_30,240,10,Validation,155,0.2074966532797858,0.45806451612903226,-3.1145161290322583,-1.5,-0.2741213618795814,14.324193548387097,15.990322580645161,0.5290322580645161,0.49324324324324326,-0.06803990154165046,-3.5636459817765687,747.0,148.0,0.5261044176706827,0.44912985274431055,-0.04193548387096774
UNCOND_LONG,240,15,Validation,747,1.0,0.500669344042838,-0.15629183400267738,0.25,0.009671584887161428,17.43908969210174,18.81425702811245,0.5020080321285141,0.49591280653950953,0.0,0.0,,,,,
cont_5,240,15,Validation,174,0.23293172690763053,0.5402298850574713,3.5488505747126435,3.625,0.37819109956946223,20.370689655172413,17.16235632183908,0.5632183908045977,0.5297619047619048,0.039560541014633244,3.705142408715321,747.0,168.0,0.500669344042838,-0.15629183400267738,0.04022988505747127
fade_5,240,15,Validation,174,0.23293172690763053,0.45977011494252873,-3.5488505747126435,-3.625,-0.37819109956946223,17.16235632183908,20.370689655172413,0.4367816091954023,0.47023809523809523,-0.0408992291003093,-3.392558740709966,747.0,168.0,0.500669344042838,-0.15629183400267738,-0.04022988505747127
cont_15,240,15,Validation,141,0.18875502008032127,0.5177304964539007,2.0868794326241136,2.0,0.2571611830588446,21.2322695035461,17.93794326241135,0.5460992907801419,0.5620437956204379,0.017061152411062652,2.243171266626791,747.0,137.0,0.500669344042838,-0.15629183400267738,0.01773049645390068
fade_15,240,15,Validation,141,0.18875502008032127,0.475177304964539,-2.0868794326241136,-2.0,-0.2571611830588446,17.93794326241135,21.2322695035461,0.44680851063829785,0.43795620437956206,-0.025492039078299,-1.9305875986214363,747.0,137.0,0.500669344042838,-0.15629183400267738,-0.024822695035460973
cont_30,240,15,Validation,155,0.2074966532797858,0.4774193548387097,1.946774193548387,-0.5,0.1788395376377359,19.333870967741934,17.583870967741934,0.4774193548387097,0.5098039215686274,-0.023249989204128352,2.1030660275510646,747.0,153.0,0.500669344042838,-0.15629183400267738,-0.022580645161290325
fade_30,240,15,Validation,155,0.2074966532797858,0.5161290322580645,-1.946774193548387,0.5,-0.1788395376377359,17.583870967741934,19.333870967741934,0.5096774193548387,0.49019607843137253,0.015459688215226475,-1.7904823595457098,747.0,153.0,0.500669344042838,-0.15629183400267738,0.016129032258064502
UNCOND_LONG,240,30,Validation,747,1.0,0.5046854082998661,0.6750334672021419,0.5,0.12164287853567926,26.528112449799195,27.25334672021419,0.48460508701472554,0.49379310344827587,0.0,0.0,,,,,
cont_5,240,30,Validation,174,0.23293172690763053,0.5287356321839081,3.764367816091954,1.0,0.3396647344679206,30.714080459770116,25.19683908045977,0.5517241379310345,0.5301204819277109,0.024050223884041988,3.089334348889812,747.0,166.0,0.5046854082998661,0.6750334672021419,0.028735632183908066
fade_5,240,30,Validation,174,0.23293172690763053,0.47126436781609193,-3.764367816091954,-1.0,-0.3396647344679206,25.19683908045977,30.714080459770116,0.4482758620689655,0.46987951807228917,-0.033421040483774145,-4.439401283294096,747.0,166.0,0.5046854082998661,0.6750334672021419,-0.028735632183908066
cont_15,240,30,Validation,141,0.18875502008032127,0.5531914893617021,5.966312056737588,5.75,0.5468545234797816,31.56205673758865,23.930851063829788,0.5957446808510638,0.5588235294117647,0.04850608106183607,5.291278589535446,747.0,136.0,0.5046854082998661,0.6750334672021419,0.05319148936170215
fade_15,240,30,Validation,141,0.18875502008032127,0.44680851063829785,-5.966312056737588,-5.75,-0.5468545234797816,23.930851063829788,31.56205673758865,0.40425531914893614,0.4411764705882353,-0.05787689766156823,-6.64134552393973,747.0,136.0,0.5046854082998661,0.6750334672021419,-0.05319148936170215
cont_30,240,30,Validation,155,0.2074966532797858,0.5612903225806452,5.024193548387097,3.75,0.41923536196768674,30.498387096774195,24.448387096774194,0.5483870967741935,0.506578947368421,0.05660491428077907,4.349160081184955,747.0,152.0,0.5046854082998661,0.6750334672021419,0.06129032258064515
fade_30,240,30,Validation,155,0.2074966532797858,0.432258064516129,-5.024193548387097,-3.75,-0.41923536196768674,24.448387096774194,30.498387096774195,0.44516129032258067,0.4934210526315789,-0.07242734378373705,-5.699227015589239,747.0,152.0,0.5046854082998661,0.6750334672021419,-0.06774193548387097
UNCOND_LONG,240,45,Validation,747,1.0,0.49531459170013387,-1.8172690763052208,-0.5,-0.12834362267263685,32.9066265060241,35.723560910307896,0.46987951807228917,0.49159663865546216,0.0,0.0,,,,,
cont_5,240,45,Validation,174,0.23293172690763053,0.5632183908045977,4.958333333333333,5.375,0.5756891225538117,38.94396551724138,32.02155172413793,0.5459770114942529,0.5272727272727272,0.06790379910446381,6.775602409638553,747.0,165.0,0.49531459170013387,-1.8172690763052208,0.06321839080459768
fade_5,240,45,Validation,174,0.23293172690763053,0.43103448275862066,-4.958333333333333,-5.375,-0.5756891225538117,32.02155172413793,38.94396551724138,0.4540229885057471,0.4727272727272727,-0.0642801089415132,-3.141064257028112,747.0,165.0,0.49531459170013387,-1.8172690763052208,-0.06896551724137934
cont_15,240,45,Validation,141,0.18875502008032127,0.5390070921985816,5.7677304964539005,3.25,0.6119656146700495,39.18262411347518,30.117021276595743,0.574468085106383,0.553030303030303,0.043692500498447695,7.584999572759122,747.0,132.0,0.49531459170013387,-1.8172690763052208,0.03900709219858156
fade_15,240,45,Validation,141,0.18875502008032127,0.46099290780141844,-5.7677304964539005,-3.25,-0.6119656146700495,30.117021276595743,39.18262411347518,0.41843971631205673,0.44696969696969696,-0.03432168389871543,-3.9504614201486796,747.0,132.0,0.49531459170013387,-1.8172690763052208,-0.03900709219858156
cont_30,240,45,Validation,155,0.2074966532797858,0.535483870967742,7.22741935483871,3.5,0.5841550511444634,38.41935483870968,31.77258064516129,0.5161290322580645,0.5033557046979866,0.040169279267608105,9.04468843114393,747.0,149.0,0.49531459170013387,-1.8172690763052208,0.03548387096774197
fade_30,240,45,Validation,155,0.2074966532797858,0.4645161290322581,-7.22741935483871,-3.5,-0.5841550511444634,31.77258064516129,38.41935483870968,0.4838709677419355,0.4966442953020134,-0.03079846266787578,-5.410150278533489,747.0,149.0,0.49531459170013387,-1.8172690763052208,-0.035483870967741915
UNCOND_LONG,240,60,Validation,747,1.0,0.5261044176706827,-0.9153279785809906,1.75,-0.08264735457852863,37.61077643908969,40.60341365461847,0.4819277108433735,0.4901685393258427,0.0,0.0,,,,,
cont_5,240,60,Validation,174,0.23293172690763053,0.5632183908045977,7.589080459770115,7.5,1.0491053388894078,45.08620689655172,35.48850574712644,0.5402298850574713,0.5272727272727272,0.03711397313391496,8.504408438351106,747.0,165.0,0.5261044176706827,-0.9153279785809906,0.06321839080459768
fade_5,240,60,Validation,174,0.23293172690763053,0.42528735632183906,-7.589080459770115,-7.5,-1.0491053388894078,35.48850574712644,45.08620689655172,0.4540229885057471,0.4727272727272727,-0.10081706134884366,-6.6737524811891245,747.0,165.0,0.5261044176706827,-0.9153279785809906,-0.07471264367816094
cont_15,240,60,Validation,141,0.18875502008032127,0.5106382978723404,8.117021276595745,1.0,0.9583602308812331,44.7854609929078,33.420212765957444,0.5602836879432624,0.553030303030303,-0.015466119798342337,9.032349255176735,747.0,132.0,0.5261044176706827,-0.9153279785809906,0.010638297872340385
fade_15,240,60,Validation,141,0.18875502008032127,0.48936170212765956,-8.117021276595745,-1.0,-0.9583602308812331,33.420212765957444,44.7854609929078,0.425531914893617,0.44696969696969696,-0.03674271554302316,-7.201693298014754,747.0,132.0,0.5261044176706827,-0.9153279785809906,-0.010638297872340441
cont_30,240,60,Validation,155,0.2074966532797858,0.5741935483870968,11.053225806451612,6.75,1.039270199935361,45.60322580645161,34.39677419354839,0.5290322580645161,0.5067567567567568,0.048089130716414075,11.968553785032602,747.0,148.0,0.5261044176706827,-0.9153279785809906,0.0741935483870968
fade_30,240,60,Validation,155,0.2074966532797858,0.41935483870967744,-11.053225806451612,-6.75,-1.039270199935361,34.39677419354839,45.60322580645161,0.47096774193548385,0.49324324324324326,-0.10674957896100529,-10.137897827870622,747.0,148.0,0.5261044176706827,-0.9153279785809906,-0.08064516129032256
UNCOND_LONG,240,5,OOS,397,1.0,0.48866498740554154,1.7298488664987406,-0.25,0.014580898396173882,16.885390428211586,15.232997481108312,0.49622166246851385,0.5148809523809523,0.0,0.0,,,,,
cont_5,240,5,OOS,66,0.16624685138539042,0.4696969696969697,-5.818181818181818,-2.625,-0.16296311615583567,14.257575757575758,21.931818181818183,0.4696969696969697,0.43859649122807015,-0.018968017708571816,-7.548030684680559,397.0,57.0,0.48866498740554154,1.7298488664987406,-0.030303030303030276
fade_5,240,5,OOS,66,0.16624685138539042,0.5303030303030303,5.818181818181818,2.625,0.16296311615583567,21.931818181818183,14.257575757575758,0.5151515151515151,0.5614035087719298,0.041638042897488736,4.0883329516830775,397.0,57.0,0.48866498740554154,1.7298488664987406,0.030303030303030276
cont_15,240,5,OOS,71,0.17884130982367757,0.4507042253521127,1.7711267605633803,-2.0,-0.18134853161728084,20.91549295774648,18.538732394366196,0.43661971830985913,0.3898305084745763,-0.037960762053428854,0.041277894064639664,397.0,59.0,0.48866498740554154,1.7298488664987406,-0.049295774647887314
fade_15,240,5,OOS,71,0.17884130982367757,0.5492957746478874,-1.7711267605633803,2.0,0.18134853161728084,18.538732394366196,20.91549295774648,0.5492957746478874,0.6101694915254238,0.06063078724234583,-3.500975627062121,397.0,59.0,0.48866498740554154,1.7298488664987406,0.04929577464788737
cont_30,240,5,OOS,70,0.17632241813602015,0.5,3.075,-0.125,-0.05278797910251846,22.12142857142857,17.146428571428572,0.5285714285714286,0.4745762711864407,0.01133501259445846,1.3451511335012596,397.0,59.0,0.48866498740554154,1.7298488664987406,0.0
fade_30,240,5,OOS,70,0.17632241813602015,0.5,-3.075,0.125,0.05278797910251846,17.146428571428572,22.12142857142857,0.45714285714285713,0.5254237288135594,0.01133501259445846,-4.804848866498741,397.0,59.0,0.48866498740554154,1.7298488664987406,0.0
UNCOND_LONG,240,10,OOS,397,1.0,0.5214105793450882,2.256926952141058,1.0,0.06258762015887111,23.984886649874056,21.395465994962215,0.5113350125944585,0.5303430079155673,0.0,0.0,,,,,
cont_5,240,10,OOS,66,0.16624685138539042,0.4696969696969697,-6.178030303030303,-1.625,-0.019231899441524453,21.056818181818183,29.59090909090909,0.48484848484848486,0.49206349206349204,-0.05171360964811844,-8.43495725517136,397.0,63.0,0.5214105793450882,2.256926952141058,-0.030303030303030276
fade_5,240,10,OOS,66,0.16624685138539042,0.5151515151515151,6.178030303030303,1.625,0.019231899441524453,29.59090909090909,21.056818181818183,0.5151515151515151,0.5079365079365079,-0.006259064193573027,3.9211033508892448,397.0,63.0,0.5214105793450882,2.256926952141058,0.015151515151515138
cont_15,240,10,OOS,71,0.17884130982367757,0.5211267605633803,1.4894366197183098,1.5,0.11679971382076693,27.964788732394368,23.18661971830986,0.5070422535211268,0.4626865671641791,-0.00028381878170791186,-0.7674903324227482,397.0,67.0,0.5214105793450882,2.256926952141058,0.021126760563380254
fade_15,240,10,OOS,71,0.17884130982367757,0.4647887323943662,-1.4894366197183098,-1.5,-0.11679971382076693,23.18661971830986,27.964788732394368,0.49295774647887325,0.5373134328358209,-0.05662184695072198,-3.7463635718593675,397.0,67.0,0.5214105793450882,2.256926952141058,-0.03521126760563381
cont_30,240,10,OOS,70,0.17632241813602015,0.45714285714285713,0.49642857142857144,-2.125,-0.12239691834111446,28.139285714285716,23.5,0.5571428571428572,0.5223880597014925,-0.06426772220223104,-1.7604983807124865,397.0,67.0,0.5214105793450882,2.256926952141058,-0.04285714285714287
fade_30,240,10,OOS,70,0.17632241813602015,0.5285714285714286,-0.49642857142857144,2.125,0.12239691834111446,23.5,28.139285714285716,0.44285714285714284,0.47761194029850745,0.0071608492263404155,-2.7533555235696294,397.0,67.0,0.5214105793450882,2.256926952141058,0.02857142857142858
UNCOND_LONG,240,15,OOS,397,1.0,0.5113350125944585,1.6007556675062973,0.5,0.00840975115996946,28.570528967254408,26.15743073047859,0.5012594458438288,0.5335051546391752,0.0,0.0,,,,,
cont_5,240,15,OOS,66,0.16624685138539042,0.4696969696969697,-5.071969696969697,-1.625,-0.04310933724274024,25.723484848484848,34.746212121212125,0.5,0.484375,-0.041638042897488736,-6.672725364475994,397.0,64.0,0.5113350125944585,1.6007556675062973,-0.030303030303030276
fade_5,240,15,OOS,66,0.16624685138539042,0.5303030303030303,5.071969696969697,1.625,0.04310933724274024,34.746212121212125,25.723484848484848,0.5,0.515625,0.018968017708571816,3.4712140294634,397.0,64.0,0.5113350125944585,1.6007556675062973,0.030303030303030276
cont_15,240,15,OOS,71,0.17884130982367757,0.5633802816901409,1.630281690140845,2.5,0.07353839690239593,32.320422535211264,27.411971830985916,0.5352112676056338,0.4626865671641791,0.05204526909568241,0.029526022634547733,397.0,67.0,0.5113350125944585,1.6007556675062973,0.06338028169014087
fade_15,240,15,OOS,71,0.17884130982367757,0.43661971830985913,-1.630281690140845,-2.5,-0.07353839690239593,27.411971830985916,32.320422535211264,0.4647887323943662,0.5373134328358209,-0.07471529428459933,-3.2310373576471423,397.0,67.0,0.5113350125944585,1.6007556675062973,-0.06338028169014087
cont_30,240,15,OOS,70,0.17632241813602015,0.5,2.75,0.25,-0.050112795095668905,33.84285714285714,28.067857142857143,0.5285714285714286,0.5223880597014925,-0.01133501259445846,1.1492443324937027,397.0,67.0,0.5113350125944585,1.6007556675062973,0.0
fade_30,240,15,OOS,70,0.17632241813602015,0.4857142857142857,-2.75,-0.25,0.050112795095668905,28.067857142857143,33.84285714285714,0.45714285714285713,0.47761194029850745,-0.02562072688017275,-4.350755667506297,397.0,67.0,0.5113350125944585,1.6007556675062973,-0.01428571428571429
UNCOND_LONG,240,30,OOS,397,1.0,0.5113350125944585,4.76448362720403,1.25,0.0828701619179631,39.714105793450884,36.46977329974811,0.5062972292191436,0.535064935064935,0.0,0.0,,,,,
cont_5,240,30,OOS,66,0.16624685138539042,0.5606060606060606,-0.14015151515151514,5.125,0.3833628957140202,36.06060606060606,42.40909090909091,0.4696969696969697,0.49206349206349204,0.04927104801160209,-4.904635142355545,397.0,63.0,0.5113350125944585,4.76448362720403,0.06060606060606055
fade_5,240,30,OOS,66,0.16624685138539042,0.42424242424242425,0.14015151515151514,-5.125,-0.3833628957140202,42.40909090909091,36.06060606060606,0.5303030303030303,0.5079365079365079,-0.0870925883520342,-4.624332112052516,397.0,63.0,0.5113350125944585,4.76448362720403,-0.07575757575757575
cont_15,240,30,OOS,71,0.17884130982367757,0.5633802816901409,7.471830985915493,2.75,0.27777385856321607,43.88732394366197,37.19718309859155,0.5633802816901409,0.463768115942029,0.05204526909568241,2.7073473587114627,397.0,69.0,0.5113350125944585,4.76448362720403,0.06338028169014087
fade_15,240,30,OOS,71,0.17884130982367757,0.43661971830985913,-7.471830985915493,-2.75,-0.27777385856321607,37.19718309859155,43.88732394366197,0.43661971830985913,0.5362318840579711,-0.07471529428459933,-12.236314613119523,397.0,69.0,0.5113350125944585,4.76448362720403,-0.06338028169014087
cont_30,240,30,OOS,70,0.17632241813602015,0.4857142857142857,6.507142857142857,-2.375,-0.1711674996154775,46.892857142857146,39.775,0.5285714285714286,0.5074626865671642,-0.02562072688017275,1.7426592299388268,397.0,67.0,0.5113350125944585,4.76448362720403,-0.01428571428571429
fade_30,240,30,OOS,70,0.17632241813602015,0.5142857142857142,-6.507142857142857,2.375,0.1711674996154775,39.775,46.892857142857146,0.4714285714285714,0.4925373134328358,0.002950701691255775,-11.271626484346887,397.0,67.0,0.5113350125944585,4.76448362720403,0.014285714285714235
UNCOND_LONG,240,45,OOS,397,1.0,0.5289672544080605,3.2575566750629723,3.25,-0.0040967693689255725,46.83690176322418,44.95906801007557,0.491183879093199,0.5326370757180157,0.0,0.0,,,,,
cont_5,240,45,OOS,66,0.16624685138539042,0.5606060606060606,-0.5265151515151515,3.625,0.15053109167643464,43.458333333333336,47.52272727272727,0.5,0.4838709677419355,0.03163880619800008,-3.7840718265781237,397.0,62.0,0.5289672544080605,3.2575566750629723,0.06060606060606055
fade_5,240,45,OOS,66,0.16624685138539042,0.4393939393939394,0.5265151515151515,-3.625,-0.15053109167643464,47.52272727272727,43.458333333333336,0.5,0.5161290322580645,-0.08957331501412108,-2.731041523547821,397.0,62.0,0.5289672544080605,3.2575566750629723,-0.06060606060606061
cont_15,240,45,OOS,71,0.17884130982367757,0.6619718309859155,11.623239436619718,12.25,0.5291225596254456,51.9612676056338,43.65845070422535,0.5211267605633803,0.4626865671641791,0.13300457657785503,8.365682761556746,397.0,67.0,0.5289672544080605,3.2575566750629723,0.1619718309859155
fade_15,240,45,OOS,71,0.17884130982367757,0.3380281690140845,-11.623239436619718,-12.25,-0.5291225596254456,43.65845070422535,51.9612676056338,0.4788732394366197,0.5373134328358209,-0.19093908539397597,-14.88079611168269,397.0,67.0,0.5289672544080605,3.2575566750629723,-0.1619718309859155
cont_30,240,45,OOS,70,0.17632241813602015,0.5,6.353571428571429,0.25,0.11316823373913625,54.285714285714285,46.2,0.45714285714285713,0.5074626865671642,-0.028967254408060472,3.0960147535084563,397.0,67.0,0.5289672544080605,3.2575566750629723,0.0
fade_30,240,45,OOS,70,0.17632241813602015,0.5,-6.353571428571429,-0.25,-0.11316823373913625,46.2,54.285714285714285,0.5428571428571428,0.4925373134328358,-0.028967254408060472,-9.611128103634401,397.0,67.0,0.5289672544080605,3.2575566750629723,0.0
UNCOND_LONG,240,60,OOS,397,1.0,0.5440806045340051,4.678211586901763,7.25,-0.02095927252220704,53.30100755667506,51.2676322418136,0.4987405541561713,0.5340314136125655,0.0,0.0,,,,,
cont_5,240,60,OOS,66,0.16624685138539042,0.5909090909090909,2.784090909090909,8.125,0.5211292349235777,49.48863636363637,51.29545454545455,0.5303030303030303,0.4838709677419355,0.046828486375085854,-1.8941206778108537,397.0,62.0,0.5440806045340051,4.678211586901763,0.09090909090909094
fade_5,240,60,OOS,66,0.16624685138539042,0.3939393939393939,-2.784090909090909,-8.125,-0.5211292349235777,51.29545454545455,49.48863636363637,0.4696969696969697,0.5161290322580645,-0.15014121059461116,-7.462302495992672,397.0,62.0,0.5440806045340051,4.678211586901763,-0.10606060606060608
cont_15,240,60,OOS,71,0.17884130982367757,0.5915492957746479,9.97887323943662,10.75,0.401371853421451,58.17605633802817,48.75704225352113,0.5774647887323944,0.4626865671641791,0.04746869124064279,5.300661652534857,397.0,67.0,0.5440806045340051,4.678211586901763,0.09154929577464788
fade_15,240,60,OOS,71,0.17884130982367757,0.4084507042253521,-9.97887323943662,-10.75,-0.401371853421451,48.75704225352113,58.17605633802817,0.4084507042253521,0.5373134328358209,-0.13562990030865296,-14.657084826338384,397.0,67.0,0.5440806045340051,4.678211586901763,-0.09154929577464788
cont_30,240,60,OOS,70,0.17632241813602015,0.4714285714285714,6.382142857142857,-6.75,0.0799127593062385,61.19642857142857,53.41428571428571,0.4857142857142857,0.5074626865671642,-0.07265203310543367,1.7039312702410943,397.0,67.0,0.5440806045340051,4.678211586901763,-0.02857142857142858
fade_30,240,60,OOS,70,0.17632241813602015,0.5285714285714286,-6.382142857142857,6.75,-0.0799127593062385,53.41428571428571,61.19642857142857,0.5142857142857142,0.4925373134328358,-0.015509175962576505,-11.06035444404462,397.0,67.0,0.5440806045340051,4.678211586901763,0.02857142857142858
UNCOND_LONG,255,5,IS,2336,1.0,0.4944349315068493,-0.037778253424657536,0.0,-0.004320545241997625,3.517123287671233,3.6944563356164384,0.4875856164383562,0.5027541311967952,0.0,0.0,,,,,
cont_5,255,5,IS,468,0.20034246575342465,0.452991452991453,-0.1372863247863248,-0.25,0.013457358490407923,3.65224358974359,3.394230769230769,0.49786324786324787,0.5072463768115942,-0.041443478515396315,-0.09950807136166726,2336.0,414.0,0.4944349315068493,-0.037778253424657536,-0.04700854700854701
fade_5,255,5,IS,468,0.20034246575342465,0.5021367521367521,0.1372863247863248,0.25,-0.013457358490407923,3.394230769230769,3.65224358974359,0.46794871794871795,0.4927536231884058,0.0077018206299028225,0.17506457821098234,2336.0,414.0,0.4944349315068493,-0.037778253424657536,0.002136752136752129
cont_15,255,5,IS,468,0.20034246575342465,0.4594017094017094,-0.013354700854700854,0.0,0.016339019564292345,3.7879273504273505,3.736111111111111,0.4935897435897436,0.4914004914004914,-0.03503322210513993,0.02442355256995668,2336.0,407.0,0.4944349315068493,-0.037778253424657536,-0.04059829059829062
fade_15,255,5,IS,468,0.20034246575342465,0.48717948717948717,0.013354700854700854,0.0,-0.016339019564292345,3.736111111111111,3.7879273504273505,0.4829059829059829,0.5085995085995086,-0.007255444327362137,0.05113295427935839,2336.0,407.0,0.4944349315068493,-0.037778253424657536,-0.01282051282051283
cont_30,255,5,IS,468,0.20034246575342465,0.43803418803418803,-0.12126068376068376,-0.25,-0.06803567667455716,3.72008547008547,3.8830128205128207,0.4337606837606838,0.4587378640776699,-0.056400743472661274,-0.08348243033602623,2336.0,412.0,0.4944349315068493,-0.037778253424657536,-0.06196581196581197
fade_30,255,5,IS,468,0.20034246575342465,0.5213675213675214,0.12126068376068376,0.25,0.06803567667455716,3.8830128205128207,3.72008547008547,0.5363247863247863,0.5412621359223301,0.026932589860672096,0.1590389371853413,2336.0,412.0,0.4944349315068493,-0.037778253424657536,0.021367521367521403
UNCOND_LONG,255,10,IS,2336,1.0,0.4854452054794521,-0.21607448630136986,0.0,-0.020940789554761065,4.943600171232877,5.194349315068493,0.4888698630136986,0.4973142345568487,0.0,0.0,,,,,
cont_5,255,10,IS,468,0.20034246575342465,0.48717948717948717,-0.3301282051282051,0.0,0.11949011518025701,4.822115384615385,4.785256410256411,0.5042735042735043,0.49777777777777776,0.0017342817000350896,-0.11405371882683527,2336.0,450.0,0.4854452054794521,-0.21607448630136986,-0.01282051282051283
fade_5,255,10,IS,468,0.20034246575342465,0.47435897435897434,0.3301282051282051,0.0,-0.11949011518025701,4.785256410256411,4.822115384615385,0.4636752136752137,0.5022222222222222,-0.01108623112047774,0.546202691429575,2336.0,450.0,0.4854452054794521,-0.21607448630136986,-0.02564102564102566
cont_15,255,10,IS,468,0.20034246575342465,0.45726495726495725,0.2702991452991453,0.0,0.10608851875345647,5.267628205128205,5.013888888888889,0.49145299145299143,0.47345132743362833,-0.02818024821449483,0.48637363160051517,2336.0,452.0,0.4854452054794521,-0.21607448630136986,-0.04273504273504275
fade_15,255,10,IS,468,0.20034246575342465,0.49786324786324787,-0.2702991452991453,0.0,-0.10608851875345647,5.013888888888889,5.267628205128205,0.49145299145299143,0.5265486725663717,0.012418042383795791,-0.05422465899777543,2336.0,452.0,0.4854452054794521,-0.21607448630136986,-0.002136752136752129
cont_30,255,10,IS,468,0.20034246575342465,0.4252136752136752,0.09455128205128205,-0.5,-0.04445972296040537,5.381410256410256,5.223824786324786,0.4594017094017094,0.4581497797356828,-0.06023153026577688,0.3106257683526519,2336.0,454.0,0.4854452054794521,-0.21607448630136986,-0.0747863247863248
fade_30,255,10,IS,468,0.20034246575342465,0.5384615384615384,-0.09455128205128205,0.5,0.04445972296040537,5.223824786324786,5.381410256410256,0.5085470085470085,0.5418502202643172,0.053016332982086356,0.12152320425008781,2336.0,454.0,0.4854452054794521,-0.21607448630136986,0.038461538461538436
UNCOND_LONG,255,15,IS,2336,1.0,0.4965753424657534,-0.3897688356164384,0.0,-0.011299524752894783,6.222495719178082,6.775042808219178,0.4850171232876712,0.4977738201246661,0.0,0.0,,,,,
cont_5,255,15,IS,468,0.20034246575342465,0.5,-0.4310897435897436,0.125,0.11408841253277557,6.0710470085470085,6.177884615384615,0.5021367521367521,0.5022222222222222,0.003424657534246589,-0.04132090797330523,2336.0,450.0,0.4965753424657534,-0.3897688356164384,0.0
fade_5,255,15,IS,468,0.20034246575342465,0.4700854700854701,0.4310897435897436,-0.125,-0.11408841253277557,6.177884615384615,6.0710470085470085,0.47435897435897434,0.49777777777777776,-0.02648987238028333,0.820858579206182,2336.0,450.0,0.4965753424657534,-0.3897688356164384,-0.02991452991452992
cont_15,255,15,IS,468,0.20034246575342465,0.48504273504273504,0.49412393162393164,0.0,0.04567755818449525,6.747863247863248,6.4385683760683765,0.47863247863247865,0.4756637168141593,-0.01153260742301837,0.88389276724037,2336.0,452.0,0.4965753424657534,-0.3897688356164384,-0.01495726495726496
fade_15,255,15,IS,468,0.20034246575342465,0.47649572649572647,-0.49412393162393164,0.0,-0.04567755818449525,6.4385683760683765,6.747863247863248,0.49786324786324787,0.5243362831858407,-0.020079615970026943,-0.10435509600749326,2336.0,452.0,0.4965753424657534,-0.3897688356164384,-0.023504273504273532
cont_30,255,15,IS,468,0.20034246575342465,0.4658119658119658,0.39316239316239315,0.0,-0.014710302203060336,6.499465811965812,6.3076923076923075,0.452991452991453,0.4622222222222222,-0.03076337665378759,0.7829312287788315,2336.0,450.0,0.4965753424657534,-0.3897688356164384,-0.03418803418803418
fade_30,255,15,IS,468,0.20034246575342465,0.49572649572649574,-0.39316239316239315,0.0,0.014710302203060336,6.3076923076923075,6.499465811965812,0.5106837606837606,0.5377777777777778,-0.0008488467392576693,-0.003393557545954773,2336.0,450.0,0.4965753424657534,-0.3897688356164384,-0.004273504273504258
UNCOND_LONG,255,30,IS,2336,1.0,0.5235445205479452,-0.1794734589041096,0.5,0.13786127917654548,9.351990582191782,10.305436643835616,0.4897260273972603,0.49682971014492755,0.0,0.0,,,,,
cont_5,255,30,IS,468,0.20034246575342465,0.5064102564102564,0.5657051282051282,0.25,0.30695771903406466,9.405982905982906,9.155448717948717,0.5021367521367521,0.49547511312217196,-0.017134264137688815,0.7451785871092378,2336.0,442.0,0.5235445205479452,-0.1794734589041096,0.0064102564102563875
fade_5,255,30,IS,468,0.20034246575342465,0.47863247863247865,-0.5657051282051282,-0.25,-0.30695771903406466,9.155448717948717,9.405982905982906,0.47435897435897434,0.504524886877828,-0.04491204191546655,-0.3862316693010186,2336.0,442.0,0.5235445205479452,-0.1794734589041096,-0.021367521367521347
cont_15,255,30,IS,468,0.20034246575342465,0.49786324786324787,0.4049145299145299,0.0,-0.018005049221549378,10.186965811965813,9.447649572649572,0.5085470085470085,0.47415730337078654,-0.02568127268469733,0.5843879888186395,2336.0,445.0,0.5235445205479452,-0.1794734589041096,-0.002136752136752129
fade_15,255,30,IS,468,0.20034246575342465,0.49145299145299143,-0.4049145299145299,0.0,0.018005049221549378,9.447649572649572,10.186965811965813,0.48717948717948717,0.5258426966292135,-0.032091529094953775,-0.22544107101042032,2336.0,445.0,0.5235445205479452,-0.1794734589041096,-0.008547008547008572
cont_30,255,30,IS,468,0.20034246575342465,0.4722222222222222,1.0379273504273505,-0.375,0.08829270526433905,10.15224358974359,8.834935897435898,0.4829059829059829,0.46308724832214765,-0.05132229832572299,1.21740080933146,2336.0,447.0,0.5235445205479452,-0.1794734589041096,-0.02777777777777779
fade_30,255,30,IS,468,0.20034246575342465,0.5192307692307693,-1.0379273504273505,0.375,-0.08829270526433905,8.834935897435898,10.15224358974359,0.5085470085470085,0.5369127516778524,-0.004313751317175929,-0.8584538915232409,2336.0,447.0,0.5235445205479452,-0.1794734589041096,0.019230769230769273
UNCOND_LONG,255,45,IS,2336,1.0,0.5393835616438356,0.20055650684931506,0.75,0.22421758647233192,11.242080479452055,12.600064212328768,0.4957191780821918,0.49568378009995456,0.0,0.0,,,,,
cont_5,255,45,IS,468,0.20034246575342465,0.5,0.24946581196581197,0.125,0.2081313714935989,11.120192307692308,10.709401709401709,0.5021367521367521,0.49772727272727274,-0.03938356164383561,0.04890930511649691,2336.0,440.0,0.5393835616438356,0.20055650684931506,0.0
fade_5,255,45,IS,468,0.20034246575342465,0.4893162393162393,-0.24946581196581197,-0.125,-0.2081313714935989,10.709401709401709,11.120192307692308,0.47435897435897434,0.5022727272727273,-0.05006732232759631,-0.450022318815127,2336.0,440.0,0.5393835616438356,0.20055650684931506,-0.010683760683760701
cont_15,255,45,IS,468,0.20034246575342465,0.47863247863247865,0.07745726495726496,-0.25,-0.23142787815728957,12.01602564102564,11.647435897435898,0.5,0.47285067873303166,-0.060751083011356954,-0.1230992418920501,2336.0,442.0,0.5393835616438356,0.20055650684931506,-0.021367521367521347
fade_15,255,45,IS,468,0.20034246575342465,0.5085470085470085,-0.07745726495726496,0.25,0.23142787815728957,11.647435897435898,12.01602564102564,0.4829059829059829,0.5271493212669683,-0.03083655309682709,-0.27801377180658005,2336.0,442.0,0.5393835616438356,0.20055650684931506,0.008547008547008517
cont_30,255,45,IS,468,0.20034246575342465,0.4658119658119658,0.5876068376068376,-0.5,-0.13904896129560002,12.055021367521368,10.887286324786325,0.47863247863247865,0.46396396396396394,-0.07357159583186978,0.3870503307575226,2336.0,444.0,0.5393835616438356,0.20055650684931506,-0.03418803418803418
fade_30,255,45,IS,468,0.20034246575342465,0.5192307692307693,-0.5876068376068376,0.5,0.13904896129560002,10.887286324786325,12.055021367521368,0.5042735042735043,0.536036036036036,-0.020152792413066334,-0.7881633444561527,2336.0,444.0,0.5393835616438356,0.20055650684931506,0.019230769230769273
UNCOND_LONG,255,60,IS,2336,1.0,0.5483732876712328,0.3285530821917808,1.0,0.2800768343650455,13.03660102739726,14.308219178082192,0.5004280821917808,0.4947271893626777,0.0,0.0,,,,,
cont_5,255,60,IS,468,0.20034246575342465,0.5448717948717948,1.4305555555555556,0.75,0.5391004167710424,13.179487179487179,11.802350427350428,0.5085470085470085,0.5034642032332564,-0.0035014927994380107,1.1020024733637748,2336.0,433.0,0.5483732876712328,0.3285530821917808,0.04487179487179482
fade_5,255,60,IS,468,0.20034246575342465,0.452991452991453,-1.4305555555555556,-0.75,-0.5391004167710424,11.802350427350428,13.179487179487179,0.47435897435897434,0.49653579676674364,-0.09538183467977984,-1.7591086377473364,2336.0,433.0,0.5483732876712328,0.3285530821917808,-0.04700854700854701
cont_15,255,60,IS,468,0.20034246575342465,0.4935897435897436,0.7051282051282052,-0.25,0.008073536872900924,14.455128205128204,13.324786324786325,0.49572649572649574,0.47477064220183485,-0.05478354408148922,0.37657512293642437,2336.0,436.0,0.5483732876712328,0.3285530821917808,-0.0064102564102563875
fade_15,255,60,IS,468,0.20034246575342465,0.5042735042735043,-0.7051282051282052,0.25,-0.008073536872900924,13.324786324786325,14.455128205128204,0.48504273504273504,0.5252293577981652,-0.044099783397728576,-1.033681287319986,2336.0,436.0,0.5483732876712328,0.3285530821917808,0.004273504273504258
cont_30,255,60,IS,468,0.20034246575342465,0.49145299145299143,0.718482905982906,-0.25,0.011788892049967085,13.726495726495726,12.530448717948717,0.4700854700854701,0.46924829157175396,-0.056920296218241406,0.3899298237911252,2336.0,439.0,0.5483732876712328,0.3285530821917808,-0.008547008547008572
fade_30,255,60,IS,468,0.20034246575342465,0.5085470085470085,-0.718482905982906,0.25,-0.011788892049967085,12.530448717948717,13.726495726495726,0.5042735042735043,0.530751708428246,-0.03982627912422432,-1.0470359881746867,2336.0,439.0,0.5483732876712328,0.3285530821917808,0.008547008547008517
UNCOND_LONG,255,5,Validation,747,1.0,0.5220883534136547,0.8517402945113789,0.5,0.10253334594863071,10.60140562248996,10.24631860776439,0.4926372155287818,0.5023328149300156,0.0,0.0,,,,,
cont_5,255,5,Validation,122,0.16331994645247658,0.4098360655737705,-4.784836065573771,-2.875,-0.3429234656416772,9.454918032786885,13.842213114754099,0.39344262295081966,0.43243243243243246,-0.11225228783988417,-5.63657636008515,747.0,111.0,0.5220883534136547,0.8517402945113789,-0.0901639344262295
fade_5,255,5,Validation,122,0.16331994645247658,0.5901639344262295,4.784836065573771,2.875,0.3429234656416772,13.842213114754099,9.454918032786885,0.5901639344262295,0.5675675675675675,0.06807558101257483,3.933095771062392,747.0,111.0,0.5220883534136547,0.8517402945113789,0.0901639344262295
cont_15,255,5,Validation,133,0.17804551539491298,0.5263157894736842,1.2293233082706767,1.0,0.12631079499090841,12.387218045112782,9.167293233082706,0.5263157894736842,0.5726495726495726,0.00422743606002951,0.3775830137592978,747.0,117.0,0.5220883534136547,0.8517402945113789,0.02631578947368418
fade_15,255,5,Validation,133,0.17804551539491298,0.46616541353383456,-1.2293233082706767,-1.0,-0.12631079499090841,9.167293233082706,12.387218045112782,0.47368421052631576,0.42735042735042733,-0.05592293987982011,-2.0810636027820557,747.0,117.0,0.5220883534136547,0.8517402945113789,-0.03383458646616544
cont_30,255,5,Validation,145,0.19410977242302543,0.5241379310344828,2.253448275862069,1.0,0.22720891032392035,12.506896551724138,9.682758620689656,0.5655172413793104,0.5737704918032787,0.0020495776208281358,1.40170798135069,747.0,122.0,0.5220883534136547,0.8517402945113789,0.024137931034482807
fade_30,255,5,Validation,145,0.19410977242302543,0.46206896551724136,-2.253448275862069,-1.0,-0.22720891032392035,9.682758620689656,12.506896551724138,0.41379310344827586,0.4262295081967213,-0.06001938789641331,-3.1051885703734476,747.0,122.0,0.5220883534136547,0.8517402945113789,-0.03793103448275864
UNCOND_LONG,255,10,Validation,747,1.0,0.535475234270415,0.8299866131191432,1.0,0.10244428026200775,14.690763052208835,14.17269076305221,0.5087014725568942,0.5191780821917809,0.0,0.0,,,,,
cont_5,255,10,Validation,122,0.16331994645247658,0.5,-3.956967213114754,0.125,-0.2775030607281583,12.592213114754099,18.30327868852459,0.4262295081967213,0.4369747899159664,-0.03547523427041499,-4.786953826233897,747.0,119.0,0.535475234270415,0.8299866131191432,0.0
fade_5,255,10,Validation,122,0.16331994645247658,0.5,3.956967213114754,-0.125,0.2775030607281583,18.30327868852459,12.592213114754099,0.5737704918032787,0.5630252100840336,-0.03547523427041499,3.1269805999956106,747.0,119.0,0.535475234270415,0.8299866131191432,0.0
cont_15,255,10,Validation,133,0.17804551539491298,0.6015037593984962,3.1823308270676693,3.5,0.33413697623203653,16.674812030075188,12.800751879699249,0.5639097744360902,0.5615384615384615,0.06602852512808122,2.352344213948526,747.0,130.0,0.535475234270415,0.8299866131191432,0.10150375939849621
fade_15,255,10,Validation,133,0.17804551539491298,0.39849624060150374,-3.1823308270676693,-3.5,-0.33413697623203653,12.800751879699249,16.674812030075188,0.43609022556390975,0.43846153846153846,-0.13697899366891125,-4.012317440186813,747.0,130.0,0.535475234270415,0.8299866131191432,-0.10150375939849626
cont_30,255,10,Validation,145,0.19410977242302543,0.6,3.306896551724138,3.5,0.34552725553424496,16.96034482758621,13.65,0.5586206896551724,0.5815602836879432,0.06452476572958499,2.4769099386049946,747.0,141.0,0.535475234270415,0.8299866131191432,0.09999999999999998
fade_30,255,10,Validation,145,0.19410977242302543,0.4,-3.306896551724138,-3.5,-0.34552725553424496,13.65,16.96034482758621,0.43448275862068964,0.41843971631205673,-0.13547523427041497,-4.136883164843281,747.0,141.0,0.535475234270415,0.8299866131191432,-0.09999999999999998
UNCOND_LONG,255,15,Validation,747,1.0,0.5167336010709505,0.8497322623828648,1.25,0.10449595422434713,19.708500669344044,18.904283801874165,0.5087014725568942,0.5152777777777777,0.0,0.0,,,,,
cont_5,255,15,Validation,122,0.16331994645247658,0.5245901639344263,-0.7172131147540983,1.375,-0.019476928214318616,18.137295081967213,22.2827868852459,0.47540983606557374,0.4406779661016949,0.007856562863475802,-1.566945377136963,747.0,118.0,0.5167336010709505,0.8497322623828648,0.024590163934426257
fade_5,255,15,Validation,122,0.16331994645247658,0.47540983606557374,0.7172131147540983,-1.375,0.019476928214318616,22.2827868852459,18.137295081967213,0.5163934426229508,0.559322033898305,-0.04132376500537671,-0.1325191476287665,747.0,118.0,0.5167336010709505,0.8497322623828648,-0.024590163934426257
cont_15,255,15,Validation,133,0.17804551539491298,0.5789473684210527,3.9003759398496243,3.75,0.3801283579981336,22.68984962406015,18.460526315789473,0.5488721804511278,0.5590551181102362,0.0622137673501022,3.0506436774667596,747.0,127.0,0.5167336010709505,0.8497322623828648,0.07894736842105265
fade_15,255,15,Validation,133,0.17804551539491298,0.42105263157894735,-3.9003759398496243,-3.75,-0.3801283579981336,18.460526315789473,22.68984962406015,0.45112781954887216,0.4409448818897638,-0.09568096949200311,-4.750108202232489,747.0,127.0,0.5167336010709505,0.8497322623828648,-0.07894736842105265
cont_30,255,15,Validation,145,0.19410977242302543,0.5517241379310345,3.217241379310345,2.25,0.2572368109671484,22.751724137931035,19.49310344827586,0.5586206896551724,0.574468085106383,0.03499053686008402,2.3675091169274802,747.0,141.0,0.5167336010709505,0.8497322623828648,0.051724137931034475
fade_30,255,15,Validation,145,0.19410977242302543,0.4413793103448276,-3.217241379310345,-2.25,-0.2572368109671484,19.49310344827586,22.751724137931035,0.43448275862068964,0.425531914893617,-0.07535429072612287,-4.06697364169321,747.0,141.0,0.5167336010709505,0.8497322623828648,-0.05862068965517242
UNCOND_LONG,255,30,Validation,747,1.0,0.5220883534136547,-1.642570281124498,1.5,-0.14003702305793392,27.547858099062918,29.07128514056225,0.5087014725568942,0.5098591549295775,0.0,0.0,,,,,
cont_5,255,30,Validation,122,0.16331994645247658,0.4918032786885246,0.20491803278688525,-0.5,0.16197453342233492,27.725409836065573,27.96516393442623,0.4918032786885246,0.45535714285714285,-0.03028507472513009,1.8474883139113834,747.0,112.0,0.5220883534136547,-1.642570281124498,-0.008196721311475419
fade_5,255,30,Validation,122,0.16331994645247658,0.5081967213114754,-0.20491803278688525,0.5,-0.16197453342233492,27.96516393442623,27.725409836065573,0.5081967213114754,0.5446428571428571,-0.013891632102179252,1.4376522483376126,747.0,112.0,0.5220883534136547,-1.642570281124498,0.008196721311475419
cont_15,255,30,Validation,133,0.17804551539491298,0.5488721804511278,2.2857142857142856,3.75,0.353923518253842,32.588345864661655,25.539473684210527,0.5714285714285714,0.5725806451612904,0.026783827037473174,3.9282845668387836,747.0,124.0,0.5220883534136547,-1.642570281124498,0.048872180451127845
fade_15,255,30,Validation,133,0.17804551539491298,0.44360902255639095,-2.2857142857142856,-3.75,-0.353923518253842,25.539473684210527,32.588345864661655,0.42857142857142855,0.4274193548387097,-0.07847933085726372,-0.6431440045897876,747.0,124.0,0.5220883534136547,-1.642570281124498,-0.05639097744360905
cont_30,255,30,Validation,145,0.19410977242302543,0.5586206896551724,4.624137931034483,5.25,0.44856668379977693,33.97586206896552,27.417241379310344,0.5862068965517241,0.5827338129496403,0.03653233624151775,6.2667082121589806,747.0,139.0,0.5220883534136547,-1.642570281124498,0.05862068965517242
fade_30,255,30,Validation,145,0.19410977242302543,0.4413793103448276,-4.624137931034483,-5.25,-0.44856668379977693,27.417241379310344,33.97586206896552,0.41379310344827586,0.4172661870503597,-0.08070904306882709,-2.9815676499099846,747.0,139.0,0.5220883534136547,-1.642570281124498,-0.05862068965517242
UNCOND_LONG,255,45,Validation,747,1.0,0.5247657295850067,-0.7406291834002677,2.25,-0.0874999736183316,33.01606425702811,34.8591030789826,0.5194109772423026,0.5078459343794579,0.0,0.0,,,,,
cont_5,255,45,Validation,122,0.16331994645247658,0.5,3.348360655737705,0.25,0.7039049113061893,33.70286885245902,32.05122950819672,0.5163934426229508,0.4537037037037037,-0.02476572958500667,4.088989839137973,747.0,108.0,0.5247657295850067,-0.7406291834002677,0.0
fade_5,255,45,Validation,122,0.16331994645247658,0.48360655737704916,-3.348360655737705,-0.25,-0.7039049113061893,32.05122950819672,33.70286885245902,0.4672131147540984,0.5462962962962963,-0.041159172207957506,-2.6077314723374374,747.0,108.0,0.5247657295850067,-0.7406291834002677,-0.016393442622950838
cont_15,255,45,Validation,133,0.17804551539491298,0.5789473684210527,5.969924812030075,4.5,0.8329737200443224,38.3703007518797,30.165413533834588,0.5338345864661654,0.5725806451612904,0.05418163883604599,6.710553995430343,747.0,124.0,0.5247657295850067,-0.7406291834002677,0.07894736842105265
fade_15,255,45,Validation,133,0.17804551539491298,0.42105263157894735,-5.969924812030075,-4.5,-0.8329737200443224,30.165413533834588,38.3703007518797,0.45864661654135336,0.4274193548387097,-0.10371309800605932,-5.229295628629807,747.0,124.0,0.5247657295850067,-0.7406291834002677,-0.07894736842105265
cont_30,255,45,Validation,145,0.19410977242302543,0.5862068965517241,8.722413793103449,9.5,1.0087211236002196,41.182758620689654,32.34137931034483,0.5448275862068965,0.5827338129496403,0.06144116696671742,9.463042976503717,747.0,139.0,0.5247657295850067,-0.7406291834002677,0.08620689655172409
fade_30,255,45,Validation,145,0.19410977242302543,0.41379310344827586,-8.722413793103449,-9.5,-1.0087211236002196,32.34137931034483,41.182758620689654,0.4482758620689655,0.4172661870503597,-0.11097262613673081,-7.9817846097031815,747.0,139.0,0.5247657295850067,-0.7406291834002677,-0.08620689655172414
UNCOND_LONG,255,60,Validation,747,1.0,0.5394912985274432,1.6626506024096386,4.0,0.2523143528544043,39.05789825970549,40.535140562249,0.5220883534136547,0.5071633237822349,0.0,0.0,,,,,
cont_5,255,60,Validation,122,0.16331994645247658,0.5081967213114754,0.3709016393442623,1.125,0.2831276889501298,38.90573770491803,39.596311475409834,0.48360655737704916,0.4537037037037037,-0.031294577215967734,-1.2917489630653762,747.0,108.0,0.5394912985274432,1.6626506024096386,0.008196721311475419
fade_5,255,60,Validation,122,0.16331994645247658,0.4918032786885246,-0.3709016393442623,-1.125,-0.2831276889501298,39.596311475409834,38.90573770491803,0.5163934426229508,0.5462962962962963,-0.04768801983891857,-2.0335522417539007,747.0,108.0,0.5394912985274432,1.6626506024096386,-0.008196721311475419
cont_15,255,60,Validation,133,0.17804551539491298,0.5789473684210527,7.2368421052631575,10.75,0.8945261452660611,44.609022556390975,35.3703007518797,0.5112781954887218,0.5725806451612904,0.0394560698936095,5.574191502853519,747.0,124.0,0.5394912985274432,1.6626506024096386,0.07894736842105265
fade_15,255,60,Validation,133,0.17804551539491298,0.42105263157894735,-7.2368421052631575,-10.75,-0.8945261452660611,35.3703007518797,44.609022556390975,0.48872180451127817,0.4274193548387097,-0.11843866694849581,-8.899492707672795,747.0,124.0,0.5394912985274432,1.6626506024096386,-0.07894736842105265
cont_30,255,60,Validation,145,0.19410977242302543,0.6206896551724138,9.498275862068965,10.75,1.1958433590300175,48.529310344827586,38.36206896551724,0.5448275862068965,0.5797101449275363,0.08119835664497066,7.835625259659326,747.0,138.0,0.5394912985274432,1.6626506024096386,0.12068965517241381
fade_30,255,60,Validation,145,0.19410977242302543,0.3793103448275862,-9.498275862068965,-10.75,-1.1958433590300175,38.36206896551724,48.529310344827586,0.45517241379310347,0.42028985507246375,-0.16018095369985696,-11.160926464478603,747.0,138.0,0.5394912985274432,1.6626506024096386,-0.12068965517241381
UNCOND_LONG,255,5,OOS,397,1.0,0.5617128463476071,1.2141057934508817,2.0,0.07160553119915873,15.537783375314861,14.850755667506297,0.5239294710327456,0.5151515151515151,0.0,0.0,,,,,
cont_5,255,5,OOS,58,0.14609571788413098,0.6206896551724138,1.081896551724138,3.375,0.12840839863278636,17.724137931034484,17.025862068965516,0.5517241379310345,0.5833333333333334,0.058976808824806715,-0.13220924172674375,397.0,48.0,0.5617128463476071,1.2141057934508817,0.12068965517241381
fade_5,255,5,OOS,58,0.14609571788413098,0.3620689655172414,-1.081896551724138,-3.375,-0.12840839863278636,17.025862068965516,17.724137931034484,0.43103448275862066,0.4166666666666667,-0.19964388083036572,-2.2960023451750198,397.0,48.0,0.5617128463476071,1.2141057934508817,-0.13793103448275862
cont_15,255,5,OOS,79,0.19899244332493704,0.4430379746835443,-0.629746835443038,-2.5,-0.14398507639794114,17.082278481012658,18.86392405063291,0.4810126582278481,0.4857142857142857,-0.11867487166406282,-1.8438526288939197,397.0,70.0,0.5617128463476071,1.2141057934508817,-0.05696202531645572
fade_15,255,5,OOS,79,0.19899244332493704,0.5569620253164557,0.629746835443038,2.5,0.14398507639794114,18.86392405063291,17.082278481012658,0.5189873417721519,0.5142857142857142,-0.004750821031151431,-0.5843589580078437,397.0,70.0,0.5617128463476071,1.2141057934508817,0.05696202531645567
cont_30,255,5,OOS,70,0.17632241813602015,0.5142857142857142,0.4642857142857143,0.375,-0.045837271293574566,19.614285714285714,20.09285714285714,0.45714285714285713,0.47368421052631576,-0.04742713206189286,-0.7498200791651674,397.0,57.0,0.5617128463476071,1.2141057934508817,0.014285714285714235
fade_30,255,5,OOS,70,0.17632241813602015,0.4857142857142857,-0.4642857142857143,-0.375,0.045837271293574566,20.09285714285714,19.614285714285714,0.5428571428571428,0.5263157894736842,-0.07599856063332139,-1.6783915077365958,397.0,57.0,0.5617128463476071,1.2141057934508817,-0.01428571428571429
UNCOND_LONG,255,10,OOS,397,1.0,0.5062972292191436,1.2040302267002518,0.25,0.023911595386991207,21.69647355163728,20.27896725440806,0.5138539042821159,0.5254691689008043,0.0,0.0,,,,,
cont_5,255,10,OOS,58,0.14609571788413098,0.5344827586206896,-2.9956896551724137,3.75,-0.04990088832234549,23.461206896551722,26.280172413793103,0.5689655172413793,0.5636363636363636,0.02818552940154606,-4.1997198818726655,397.0,55.0,0.5062972292191436,1.2040302267002518,0.03448275862068961
fade_5,255,10,OOS,58,0.14609571788413098,0.46551724137931033,2.9956896551724137,-3.75,0.04990088832234549,26.280172413793103,23.461206896551722,0.43103448275862066,0.43636363636363634,-0.04077998783983322,1.7916594284721619,397.0,55.0,0.5062972292191436,1.2040302267002518,-0.03448275862068967
cont_15,255,10,OOS,79,0.19899244332493704,0.4936708860759494,-1.5886075949367089,-1.5,-0.133165214254029,22.091772151898734,26.53481012658228,0.4430379746835443,0.5135135135135135,-0.012626343143194163,-2.7926378216369607,397.0,74.0,0.5062972292191436,1.2040302267002518,-0.006329113924050611
fade_15,255,10,OOS,79,0.19899244332493704,0.5063291139240507,1.5886075949367089,1.5,0.133165214254029,26.53481012658228,22.091772151898734,0.5443037974683544,0.4864864864864865,3.18847049071147e-05,0.38457736823645705,397.0,74.0,0.5062972292191436,1.2040302267002518,0.006329113924050667
cont_30,255,10,OOS,70,0.17632241813602015,0.5142857142857142,2.025,1.125,0.04869284917342834,25.435714285714287,26.275,0.44285714285714284,0.5230769230769231,0.007988485066570683,0.8209697732997481,397.0,65.0,0.5062972292191436,1.2040302267002518,0.014285714285714235
fade_30,255,10,OOS,70,0.17632241813602015,0.4857142857142857,-2.025,-1.125,-0.04869284917342834,26.275,25.435714285714287,0.5571428571428572,0.47692307692307695,-0.020582943504857842,-3.2290302267002517,397.0,65.0,0.5062972292191436,1.2040302267002518,-0.01428571428571429
UNCOND_LONG,255,15,OOS,397,1.0,0.5062972292191436,3.1838790931989926,0.5,0.058728623023956504,27.09949622166247,25.596977329974813,0.48866498740554154,0.5248041775456919,0.0,0.0,,,,,
cont_5,255,15,OOS,58,0.14609571788413098,0.5172413793103449,-5.836206896551724,3.125,-0.2581894023673641,29.271551724137932,33.19827586206897,0.5862068965517241,0.5454545454545454,0.01094415009120131,-9.020085989750717,397.0,55.0,0.5062972292191436,3.1838790931989926,0.017241379310344862
fade_5,255,15,OOS,58,0.14609571788413098,0.4827586206896552,5.836206896551724,-3.125,0.2581894023673641,33.19827586206897,29.271551724137932,0.41379310344827586,0.45454545454545453,-0.02353860852948836,2.6523278033527316,397.0,55.0,0.5062972292191436,3.1838790931989926,-0.017241379310344807
cont_15,255,15,OOS,79,0.19899244332493704,0.5316455696202531,-0.1518987341772152,3.25,0.04165351479428234,28.40506329113924,29.401898734177216,0.5063291139240507,0.5131578947368421,0.02534834040110956,-3.3357778273762078,397.0,76.0,0.5062972292191436,3.1838790931989926,0.03164556962025311
fade_15,255,15,OOS,79,0.19899244332493704,0.46835443037974683,0.1518987341772152,-3.25,-0.04165351479428234,29.401898734177216,28.40506329113924,0.4936708860759494,0.4868421052631579,-0.03794279883939672,-3.0319803590217775,397.0,76.0,0.5062972292191436,3.1838790931989926,-0.03164556962025317
cont_30,255,15,OOS,70,0.17632241813602015,0.5428571428571428,8.267857142857142,5.625,0.2523456311407871,35.739285714285714,29.521428571428572,0.5,0.5441176470588235,0.036559913637999264,5.08397804965815,397.0,68.0,0.5062972292191436,3.1838790931989926,0.042857142857142816
fade_30,255,15,OOS,70,0.17632241813602015,0.45714285714285713,-8.267857142857142,-5.625,-0.2523456311407871,29.521428571428572,35.739285714285714,0.5,0.45588235294117646,-0.04915437207628642,-11.451736236056135,397.0,68.0,0.5062972292191436,3.1838790931989926,-0.04285714285714287
UNCOND_LONG,255,30,OOS,397,1.0,0.5440806045340051,1.6769521410579344,3.5,0.015607313836118903,36.936397984886646,37.2852644836272,0.5088161209068011,0.5251989389920424,0.0,0.0,,,,,
cont_5,255,30,OOS,58,0.14609571788413098,0.5172413793103449,-2.836206896551724,0.75,0.006814971235020073,43.491379310344826,45.44827586206897,0.5,0.5471698113207547,-0.026839225223660224,-4.513159037609658,397.0,53.0,0.5440806045340051,1.6769521410579344,0.017241379310344862
fade_5,255,30,OOS,58,0.14609571788413098,0.4827586206896552,2.836206896551724,-0.75,-0.006814971235020073,45.44827586206897,43.491379310344826,0.5,0.4528301886792453,-0.06132198384434989,1.1592547554937898,397.0,53.0,0.5440806045340051,1.6769521410579344,-0.017241379310344807
cont_15,255,30,OOS,79,0.19899244332493704,0.4936708860759494,1.6139240506329113,-0.25,-0.006526227958431589,41.914556962025316,41.221518987341774,0.4810126582278481,0.5135135135135135,-0.0504097184580557,-0.06302809042502311,397.0,74.0,0.5440806045340051,1.6769521410579344,-0.006329113924050611
fade_15,255,30,OOS,79,0.19899244332493704,0.5063291139240507,-1.6139240506329113,0.25,0.006526227958431589,41.221518987341774,41.914556962025316,0.5189873417721519,0.4864864864864865,-0.03775149060995442,-3.2908761916908458,397.0,74.0,0.5440806045340051,1.6769521410579344,0.006329113924050667
cont_30,255,30,OOS,70,0.17632241813602015,0.5571428571428572,2.7857142857142856,6.75,-0.08987431625705307,47.3,42.50714285714286,0.4714285714285714,0.5373134328358209,0.013062252608852076,1.1087621446563511,397.0,67.0,0.5440806045340051,1.6769521410579344,0.05714285714285716
fade_30,255,30,OOS,70,0.17632241813602015,0.44285714285714284,-2.7857142857142856,-6.75,0.08987431625705307,42.50714285714286,47.3,0.5285714285714286,0.4626865671641791,-0.10122346167686225,-4.46266642677222,397.0,67.0,0.5440806045340051,1.6769521410579344,-0.05714285714285716
UNCOND_LONG,255,45,OOS,397,1.0,0.5239294710327456,3.097607052896725,2.75,0.005232127897779309,44.415617128463474,44.76196473551637,0.5037783375314862,0.5251989389920424,0.0,0.0,,,,,
cont_5,255,45,OOS,58,0.14609571788413098,0.5172413793103449,8.150862068965518,6.375,0.6016548987816708,54.12068965517241,49.97844827586207,0.5172413793103449,0.5471698113207547,-0.006688091722400702,5.053255016068793,397.0,53.0,0.5239294710327456,3.097607052896725,0.017241379310344862
fade_5,255,45,OOS,58,0.14609571788413098,0.4827586206896552,-8.150862068965518,-6.375,-0.6016548987816708,49.97844827586207,54.12068965517241,0.4827586206896552,0.4528301886792453,-0.04117085034309037,-11.248469121862243,397.0,53.0,0.5239294710327456,3.097607052896725,-0.017241379310344807
cont_15,255,45,OOS,79,0.19899244332493704,0.5189873417721519,6.610759493670886,2.25,0.48760642436582563,50.80696202531646,46.629746835443036,0.45569620253164556,0.5135135135135135,-0.004942129260593675,3.513152440774161,397.0,74.0,0.5239294710327456,3.097607052896725,0.01898734177215189
fade_15,255,45,OOS,79,0.19899244332493704,0.4810126582278481,-6.610759493670886,-2.25,-0.48760642436582563,46.629746835443036,50.80696202531646,0.5443037974683544,0.4864864864864865,-0.04291681280489745,-9.70836654656761,397.0,74.0,0.5239294710327456,3.097607052896725,-0.01898734177215189
cont_30,255,45,OOS,70,0.17632241813602015,0.5428571428571428,12.653571428571428,6.625,0.2864896212433424,58.503571428571426,48.96071428571429,0.5142857142857142,0.5373134328358209,0.018927671824397252,9.555964375674703,397.0,67.0,0.5239294710327456,3.097607052896725,0.042857142857142816
fade_30,255,45,OOS,70,0.17632241813602015,0.45714285714285713,-12.653571428571428,-6.625,-0.2864896212433424,48.96071428571429,58.503571428571426,0.4857142857142857,0.4626865671641791,-0.06678661388988844,-15.751178481468154,397.0,67.0,0.5239294710327456,3.097607052896725,-0.04285714285714287
UNCOND_LONG,255,60,OOS,397,1.0,0.49622166246851385,1.029596977329975,-0.5,-0.1110213173205859,50.14168765743073,50.9911838790932,0.5188916876574308,0.523936170212766,0.0,0.0,,,,,
cont_5,255,60,OOS,58,0.14609571788413098,0.4827586206896552,4.767241379310345,-2.125,0.11100971411955975,60.875,54.685344827586206,0.46551724137931033,0.5471698113207547,-0.013463041778858653,3.7376444019803703,397.0,53.0,0.49622166246851385,1.029596977329975,-0.017241379310344807
fade_5,255,60,OOS,58,0.14609571788413098,0.5172413793103449,-4.767241379310345,2.125,-0.11100971411955975,54.685344827586206,60.875,0.5344827586206896,0.4528301886792453,0.021019716841831015,-5.79683835664032,397.0,53.0,0.49622166246851385,1.029596977329975,0.017241379310344862
cont_15,255,60,OOS,79,0.19899244332493704,0.5443037974683544,6.1424050632911396,3.25,0.16451269814428826,56.71835443037975,49.879746835443036,0.46835443037974683,0.5205479452054794,0.0480821349998406,5.112808085961165,397.0,73.0,0.49622166246851385,1.029596977329975,0.044303797468354444
fade_15,255,60,OOS,79,0.19899244332493704,0.45569620253164556,-6.1424050632911396,-3.25,-0.16451269814428826,49.879746835443036,56.71835443037975,0.5316455696202531,0.4794520547945205,-0.04052545993686829,-7.1720020406211145,397.0,73.0,0.49622166246851385,1.029596977329975,-0.044303797468354444
cont_30,255,60,OOS,70,0.17632241813602015,0.5285714285714286,6.182142857142857,3.25,-0.35011308616011777,63.55,53.15714285714286,0.5,0.5373134328358209,0.032349766102914734,5.152545879812882,397.0,67.0,0.49622166246851385,1.029596977329975,0.02857142857142858
fade_30,255,60,OOS,70,0.17632241813602015,0.4714285714285714,-6.182142857142857,-3.25,0.35011308616011777,53.15714285714286,63.55,0.5,0.4626865671641791,-0.024793091039942428,-7.211739834472832,397.0,67.0,0.49622166246851385,1.029596977329975,-0.02857142857142858
UNCOND_LONG,270,5,IS,2336,1.0,0.488013698630137,0.1972388698630137,0.0,0.06382866546317247,4.4274400684931505,4.428296232876712,0.4914383561643836,0.49831487722676937,0.0,0.0,,,,,
cont_5,270,5,IS,468,0.20034246575342465,0.4700854700854701,-0.28846153846153844,0.0,0.08488483736169114,5.136217948717949,5.556089743589744,0.48717948717948717,0.4900990099009901,-0.017928228544666913,-0.48570040832455214,2336.0,404.0,0.488013698630137,0.1972388698630137,-0.02991452991452992
fade_5,270,5,IS,468,0.20034246575342465,0.48504273504273504,0.28846153846153844,0.0,-0.08488483736169114,5.556089743589744,5.136217948717949,0.49145299145299143,0.5099009900990099,-0.0029709635874019535,0.09122266859852474,2336.0,404.0,0.488013698630137,0.1972388698630137,-0.01495726495726496
cont_15,270,5,IS,468,0.20034246575342465,0.4594017094017094,-0.45405982905982906,-0.25,-0.015946483324761163,5.086538461538462,5.5,0.47649572649572647,0.4963144963144963,-0.028611989228427614,-0.6512986989228428,2336.0,407.0,0.488013698630137,0.1972388698630137,-0.04059829059829062
fade_15,270,5,IS,468,0.20034246575342465,0.5106837606837606,0.45405982905982906,0.25,0.015946483324761163,5.5,5.086538461538462,0.5,0.5036855036855037,0.022670062053623652,0.25682095919681536,2336.0,407.0,0.488013698630137,0.1972388698630137,0.010683760683760646
cont_30,270,5,IS,468,0.20034246575342465,0.452991452991453,0.12072649572649573,-0.25,0.033172220765713877,4.381410256410256,4.520833333333333,0.45085470085470086,0.4721549636803874,-0.035022245638684,-0.07651237413651797,2336.0,413.0,0.488013698630137,0.1972388698630137,-0.04700854700854701
fade_30,270,5,IS,468,0.20034246575342465,0.5106837606837606,-0.12072649572649573,0.25,-0.033172220765713877,4.520833333333333,4.381410256410256,0.5235042735042735,0.5278450363196125,0.022670062053623652,-0.31796536558950944,2336.0,413.0,0.488013698630137,0.1972388698630137,0.010683760683760646
UNCOND_LONG,270,10,IS,2336,1.0,0.5154109589041096,0.16673801369863014,0.25,0.09351872258685465,6.008989726027397,6.124143835616438,0.5012842465753424,0.49774774774774777,0.0,0.0,,,,,
cont_5,270,10,IS,468,0.20034246575342465,0.49572649572649574,0.04861111111111111,0.0,0.06119588320993591,6.947115384615385,6.943910256410256,0.49786324786324787,0.48936170212765956,-0.019684463177613853,-0.11812690258751904,2336.0,423.0,0.5154109589041096,0.16673801369863014,-0.004273504273504258
fade_5,270,10,IS,468,0.20034246575342465,0.47435897435897434,-0.04861111111111111,0.0,-0.06119588320993591,6.943910256410256,6.947115384615385,0.4893162393162393,0.5106382978723404,-0.041051984545135256,-0.21534912480974125,2336.0,423.0,0.5154109589041096,0.16673801369863014,-0.02564102564102566
cont_15,270,10,IS,468,0.20034246575342465,0.49145299145299143,0.30235042735042733,0.0,0.04119931605246604,7.111111111111111,6.878739316239316,0.5,0.49534883720930234,-0.023957967451118167,0.1356124136517972,2336.0,430.0,0.5154109589041096,0.16673801369863014,-0.008547008547008572
fade_15,270,10,IS,468,0.20034246575342465,0.4893162393162393,-0.30235042735042733,0.0,-0.04119931605246604,6.878739316239316,7.111111111111111,0.48717948717948717,0.5046511627906977,-0.026094719587870296,-0.46908844104905745,2336.0,430.0,0.5154109589041096,0.16673801369863014,-0.010683760683760701
cont_30,270,10,IS,468,0.20034246575342465,0.4722222222222222,0.5550213675213675,-0.25,0.01570114028885877,6.246794871794871,5.888354700854701,0.4722222222222222,0.47368421052631576,-0.043188736681887385,0.3882833538227374,2336.0,437.0,0.5154109589041096,0.16673801369863014,-0.02777777777777779
fade_30,270,10,IS,468,0.20034246575342465,0.5106837606837606,-0.5550213675213675,0.25,-0.01570114028885877,5.888354700854701,6.246794871794871,0.5128205128205128,0.5263157894736842,-0.004727198220348949,-0.7217593812199977,2336.0,437.0,0.5154109589041096,0.16673801369863014,0.010683760683760646
UNCOND_LONG,270,15,IS,2336,1.0,0.5158390410958904,0.21339897260273974,0.25,0.1249886999361448,7.175620719178082,7.3782106164383565,0.514554794520548,0.4988774135608442,0.0,0.0,,,,,
cont_5,270,15,IS,468,0.20034246575342465,0.5405982905982906,0.44551282051282054,0.5,0.2262212672466786,8.42361111111111,7.943376068376068,0.5213675213675214,0.491725768321513,0.02475924950240016,0.2321138479100808,2336.0,423.0,0.5158390410958904,0.21339897260273974,0.040598290598290565
fade_5,270,15,IS,468,0.20034246575342465,0.45085470085470086,-0.44551282051282054,-0.5,-0.2262212672466786,7.943376068376068,8.42361111111111,0.4658119658119658,0.508274231678487,-0.06498434024118954,-0.6589117931155603,2336.0,423.0,0.5158390410958904,0.21339897260273974,-0.04914529914529914
cont_15,270,15,IS,468,0.20034246575342465,0.5128205128205128,0.0405982905982906,0.25,0.05160098157343497,8.485042735042734,8.0,0.5128205128205128,0.4953271028037383,-0.00301852827537763,-0.17280068200444915,2336.0,428.0,0.5158390410958904,0.21339897260273974,0.012820512820512775
fade_15,270,15,IS,468,0.20034246575342465,0.46794871794871795,-0.0405982905982906,-0.25,-0.05160098157343497,8.0,8.485042735042734,0.46794871794871795,0.5046728971962616,-0.04789032314717245,-0.25399726320103033,2336.0,428.0,0.5158390410958904,0.21339897260273974,-0.03205128205128205
cont_30,270,15,IS,468,0.20034246575342465,0.4893162393162393,0.4310897435897436,0.0,0.0602721411799214,7.494123931623932,7.077991452991453,0.4935897435897436,0.4762979683972912,-0.026522801779651106,0.21769077098700387,2336.0,443.0,0.5158390410958904,0.21339897260273974,-0.010683760683760701
fade_30,270,15,IS,468,0.20034246575342465,0.49572649572649574,-0.4310897435897436,0.0,-0.0602721411799214,7.077991452991453,7.494123931623932,0.4807692307692308,0.5237020316027088,-0.020112545369394663,-0.6444887161924834,2336.0,443.0,0.5158390410958904,0.21339897260273974,-0.004273504273504258
UNCOND_LONG,270,30,IS,2336,1.0,0.5368150684931506,0.5934289383561644,0.75,0.20947548787305337,9.713505993150685,10.147153253424657,0.5132705479452054,0.4981851179673321,0.0,0.0,,,,,
cont_5,270,30,IS,468,0.20034246575342465,0.47863247863247865,-0.41346153846153844,-0.25,0.055071776063004715,10.881944444444445,10.55715811965812,0.49786324786324787,0.49521531100478466,-0.058182589860671985,-1.006890476817703,2336.0,418.0,0.5368150684931506,0.5934289383561644,-0.021367521367521347
fade_5,270,30,IS,468,0.20034246575342465,0.5021367521367521,0.41346153846153844,0.25,-0.055071776063004715,10.55715811965812,10.881944444444445,0.49145299145299143,0.5047846889952153,-0.03467831635639851,-0.17996739989462596,2336.0,418.0,0.5368150684931506,0.5934289383561644,0.002136752136752129
cont_15,270,30,IS,468,0.20034246575342465,0.47863247863247865,-0.08653846153846154,0.0,-0.0668104986058911,11.493055555555555,10.840277777777779,0.5,0.490521327014218,-0.058182589860671985,-0.679967399894626,2336.0,422.0,0.5368150684931506,0.5934289383561644,-0.021367521367521347
fade_15,270,30,IS,468,0.20034246575342465,0.49786324786324787,0.08653846153846154,0.0,0.0668104986058911,10.840277777777779,11.493055555555555,0.48717948717948717,0.509478672985782,-0.03895182062990277,-0.5068904768177028,2336.0,422.0,0.5368150684931506,0.5934289383561644,-0.002136752136752129
cont_30,270,30,IS,468,0.20034246575342465,0.46153846153846156,0.31517094017094016,-0.5,-0.06645562899025814,10.302884615384615,9.573183760683762,0.49145299145299143,0.4782608695652174,-0.07527660695468907,-0.27825799818522423,2336.0,437.0,0.5368150684931506,0.5934289383561644,-0.038461538461538436
fade_30,270,30,IS,468,0.20034246575342465,0.5149572649572649,-0.31517094017094016,0.5,0.06645562899025814,9.573183760683762,10.302884615384615,0.49572649572649574,0.5217391304347826,-0.021857803535885734,-0.9085998785271046,2336.0,437.0,0.5368150684931506,0.5934289383561644,0.014957264957264904
UNCOND_LONG,270,45,IS,2336,1.0,0.5398116438356164,0.7214255136986302,0.75,0.2633870372366831,11.859803082191782,12.159888698630137,0.5171232876712328,0.49725526075022874,0.0,0.0,,,,,
cont_5,270,45,IS,468,0.20034246575342465,0.47863247863247865,-0.24893162393162394,-0.5,0.01914076196692404,12.800747863247864,12.84508547008547,0.48504273504273504,0.4891041162227603,-0.061179165203137764,-0.9703571376302541,2336.0,413.0,0.5398116438356164,0.7214255136986302,-0.021367521367521347
fade_5,270,45,IS,468,0.20034246575342465,0.5128205128205128,0.24893162393162394,0.5,-0.01914076196692404,12.84508547008547,12.800747863247864,0.5,0.5108958837772397,-0.026991131015103642,-0.47249388976700624,2336.0,413.0,0.5398116438356164,0.7214255136986302,0.012820512820512775
cont_15,270,45,IS,468,0.20034246575342465,0.4700854700854701,-0.468482905982906,-0.75,-0.17139799937544092,13.533119658119658,13.246794871794872,0.4935897435897436,0.4892601431980907,-0.06972617375014634,-1.1899084196815362,2336.0,419.0,0.5398116438356164,0.7214255136986302,-0.02991452991452992
fade_15,270,45,IS,468,0.20034246575342465,0.5192307692307693,0.468482905982906,0.75,0.17139799937544092,13.246794871794872,13.533119658119658,0.49572649572649574,0.5107398568019093,-0.020580874604847144,-0.2529426077157242,2336.0,419.0,0.5398116438356164,0.7214255136986302,0.019230769230769273
cont_30,270,45,IS,468,0.20034246575342465,0.4658119658119658,0.8076923076923077,-0.5,0.08315165042531977,12.732371794871796,11.574252136752136,0.5128205128205128,0.4804597701149425,-0.0739996780236506,0.08626679399367754,2336.0,435.0,0.5398116438356164,0.7214255136986302,-0.03418803418803418
fade_30,270,45,IS,468,0.20034246575342465,0.5192307692307693,-0.8076923076923077,0.5,-0.08315165042531977,11.574252136752136,12.732371794871796,0.47649572649572647,0.5195402298850574,-0.020580874604847144,-1.5291178213909378,2336.0,435.0,0.5398116438356164,0.7214255136986302,0.019230769230769273
UNCOND_LONG,270,60,IS,2336,1.0,0.5445205479452054,1.3980094178082192,1.0,0.3201935547962203,13.756528253424657,13.967144691780822,0.5128424657534246,0.4960991280403855,0.0,0.0,,,,,
cont_5,270,60,IS,468,0.20034246575342465,0.48717948717948717,-0.1987179487179487,-0.125,-0.00843063629460319,14.995192307692308,14.681623931623932,0.49786324786324787,0.4878640776699029,-0.057341060765718266,-1.5967273665261679,2336.0,412.0,0.5445205479452054,1.3980094178082192,-0.01282051282051283
fade_5,270,60,IS,468,0.20034246575342465,0.5,0.1987179487179487,0.125,0.00843063629460319,14.681623931623932,14.995192307692308,0.49145299145299143,0.5121359223300971,-0.044520547945205435,-1.1992914690902705,2336.0,412.0,0.5445205479452054,1.3980094178082192,0.0
cont_15,270,60,IS,468,0.20034246575342465,0.4551282051282051,-0.655448717948718,-1.0,-0.11914042743545146,15.601495726495726,15.458333333333334,0.48504273504273504,0.4892601431980907,-0.08939234281700031,-2.0534581357569373,2336.0,419.0,0.5445205479452054,1.3980094178082192,-0.04487179487179488
fade_15,270,60,IS,468,0.20034246575342465,0.5341880341880342,0.655448717948718,1.0,0.11914042743545146,15.458333333333334,15.601495726495726,0.5021367521367521,0.5107398568019093,-0.010332513757171258,-0.7425606998595012,2336.0,419.0,0.5445205479452054,1.3980094178082192,0.03418803418803418
cont_30,270,60,IS,468,0.20034246575342465,0.4807692307692308,0.7104700854700855,-0.25,0.14084423760918716,14.412393162393162,13.170405982905983,0.5021367521367521,0.4804597701149425,-0.06375131717597465,-0.6875393323381337,2336.0,435.0,0.5445205479452054,1.3980094178082192,-0.019230769230769218
fade_30,270,60,IS,468,0.20034246575342465,0.5042735042735043,-0.7104700854700855,0.25,-0.14084423760918716,13.170405982905983,14.412393162393162,0.4893162393162393,0.5195402298850574,-0.04024704367170118,-2.108479503278305,2336.0,435.0,0.5445205479452054,1.3980094178082192,0.004273504273504258
UNCOND_LONG,270,5,Validation,747,1.0,0.4779116465863454,-1.4046184738955823,-0.5,-0.15310401981220656,11.907295850066934,13.572289156626505,0.4738955823293173,0.4906832298136646,0.0,0.0,,,,,
cont_5,270,5,Validation,144,0.1927710843373494,0.4722222222222222,0.625,-1.25,0.005600583175094067,17.12673611111111,17.10763888888889,0.5138888888888888,0.5210084033613446,-0.0056894243641231745,2.0296184738955825,747.0,119.0,0.4779116465863454,-1.4046184738955823,-0.02777777777777779
fade_5,270,5,Validation,144,0.1927710843373494,0.5208333333333334,-0.625,1.25,-0.005600583175094067,17.10763888888889,17.12673611111111,0.4861111111111111,0.4789915966386555,0.042921686746987986,0.7796184738955823,747.0,119.0,0.4779116465863454,-1.4046184738955823,0.02083333333333337
cont_15,270,5,Validation,169,0.22623828647925034,0.5266272189349113,0.5488165680473372,0.5,0.05995428665335273,15.75887573964497,14.751479289940828,0.5266272189349113,0.5277777777777778,0.04871557234856588,1.9534350419429196,747.0,144.0,0.4779116465863454,-1.4046184738955823,0.026627218934911268
fade_15,270,5,Validation,169,0.22623828647925034,0.46745562130177515,-0.5488165680473372,-0.5,-0.05995428665335273,14.751479289940828,15.75887573964497,0.46745562130177515,0.4722222222222222,-0.010456025284570236,0.855801905848245,747.0,144.0,0.4779116465863454,-1.4046184738955823,-0.03254437869822485
cont_30,270,5,Validation,177,0.23694779116465864,0.5480225988700564,3.5579096045197742,1.75,0.4058337936664094,15.902542372881356,12.138418079096045,0.536723163841808,0.54,0.07011095228371106,4.962528078415357,747.0,150.0,0.4779116465863454,-1.4046184738955823,0.04802259887005644
fade_30,270,5,Validation,177,0.23694779116465864,0.4350282485875706,-3.5579096045197742,-1.75,-0.4058337936664094,12.138418079096045,15.902542372881356,0.4519774011299435,0.46,-0.042883397998774775,-2.1532911306241918,747.0,150.0,0.4779116465863454,-1.4046184738955823,-0.06497175141242939
UNCOND_LONG,270,10,Validation,747,1.0,0.5033467202141901,-2.2051539491298526,0.25,-0.22082190262669504,15.749665327978581,18.413319946452475,0.48058902275769744,0.4978601997146933,0.0,0.0,,,,,
cont_5,270,10,Validation,144,0.1927710843373494,0.4791666666666667,-1.0052083333333333,-1.125,-0.10221709540428485,21.744791666666668,22.241319444444443,0.4791666666666667,0.532258064516129,-0.02418005354752345,1.1999456157965194,747.0,124.0,0.5033467202141901,-2.2051539491298526,-0.020833333333333315
fade_5,270,10,Validation,144,0.1927710843373494,0.5208333333333334,1.0052083333333333,1.125,0.10221709540428485,22.241319444444443,21.744791666666668,0.5208333333333334,0.46774193548387094,0.017486613119143235,3.210362282463186,747.0,124.0,0.5033467202141901,-2.2051539491298526,0.02083333333333337
cont_15,270,10,Validation,169,0.22623828647925034,0.48520710059171596,-0.7928994082840237,-0.75,-0.05408626444153011,20.050295857988164,19.402366863905325,0.5029585798816568,0.5359477124183006,-0.01813961962247418,1.412254540845829,747.0,153.0,0.5033467202141901,-2.2051539491298526,-0.014792899408284044
fade_15,270,10,Validation,169,0.22623828647925034,0.514792899408284,0.7928994082840237,0.75,0.05408626444153011,19.402366863905325,20.050295857988164,0.4911242603550296,0.46405228758169936,0.011446179194093853,2.9980533574138764,747.0,153.0,0.5033467202141901,-2.2051539491298526,0.014792899408283988
cont_30,270,10,Validation,177,0.23694779116465864,0.5423728813559322,2.3008474576271185,2.25,0.3732303538450193,20.338983050847457,16.217514124293785,0.5536723163841808,0.5454545454545454,0.039026161141742066,4.506001406756971,747.0,165.0,0.5033467202141901,-2.2051539491298526,0.0423728813559322
fade_30,270,10,Validation,177,0.23694779116465864,0.4519774011299435,-2.3008474576271185,-2.25,-0.3732303538450193,16.217514124293785,20.338983050847457,0.4463276836158192,0.45454545454545453,-0.051369319084246634,-0.09569350849726588,747.0,165.0,0.5033467202141901,-2.2051539491298526,-0.0480225988700565
UNCOND_LONG,270,15,Validation,747,1.0,0.5033467202141901,-2.5097054886211514,0.25,-0.2083377090705657,18.533132530120483,22.322623828647924,0.47523427041499333,0.4893917963224894,0.0,0.0,,,,,
cont_5,270,15,Validation,144,0.1927710843373494,0.5555555555555556,-0.3420138888888889,1.875,-0.011007639690945363,24.713541666666668,25.678819444444443,0.5069444444444444,0.544,0.052208835341365445,2.1676915997322626,747.0,125.0,0.5033467202141901,-2.5097054886211514,0.05555555555555558
fade_5,270,15,Validation,144,0.1927710843373494,0.4444444444444444,0.3420138888888889,-1.875,0.011007639690945363,25.678819444444443,24.713541666666668,0.4930555555555556,0.456,-0.058902275769745716,2.8517193775100402,747.0,125.0,0.5033467202141901,-2.5097054886211514,-0.05555555555555558
cont_15,270,15,Validation,169,0.22623828647925034,0.4911242603550296,-1.2544378698224852,-0.5,-0.10382071328061489,23.06360946745562,23.707100591715978,0.5029585798816568,0.532051282051282,-0.01222245985916054,1.2552676187986662,747.0,156.0,0.5033467202141901,-2.5097054886211514,-0.008875739644970404
fade_15,270,15,Validation,169,0.22623828647925034,0.5088757396449705,1.2544378698224852,0.5,0.10382071328061489,23.707100591715978,23.06360946745562,0.4911242603550296,0.46794871794871795,0.005529019430780324,3.7641433584436363,747.0,156.0,0.5033467202141901,-2.5097054886211514,0.00887573964497046
cont_30,270,15,Validation,177,0.23694779116465864,0.5480225988700564,2.2994350282485874,2.0,0.44966904515895384,23.468926553672315,19.4590395480226,0.5875706214689266,0.5454545454545454,0.04467587865586631,4.809140516869739,747.0,165.0,0.5033467202141901,-2.5097054886211514,0.04802259887005644
fade_30,270,15,Validation,177,0.23694779116465864,0.4519774011299435,-2.2994350282485874,-2.0,-0.44966904515895384,19.4590395480226,23.468926553672315,0.4124293785310734,0.45454545454545453,-0.051369319084246634,0.21027046037256403,747.0,165.0,0.5033467202141901,-2.5097054886211514,-0.0480225988700565
UNCOND_LONG,270,30,Validation,747,1.0,0.4966532797858099,-1.607764390896921,0.0,-0.15731479502756177,26.082663989290495,30.004350736278447,0.47121820615796517,0.492176386913229,0.0,0.0,,,,,
cont_5,270,30,Validation,144,0.1927710843373494,0.5138888888888888,2.4895833333333335,2.25,0.347535396599283,34.39930555555556,33.46006944444444,0.4513888888888889,0.5528455284552846,0.01723560910307892,4.0973477242302545,747.0,123.0,0.4966532797858099,-1.607764390896921,0.01388888888888884
fade_5,270,30,Validation,144,0.1927710843373494,0.4861111111111111,-2.4895833333333335,-2.25,-0.347535396599283,33.46006944444444,34.39930555555556,0.5486111111111112,0.44715447154471544,-0.010542168674698815,-0.8818189424364125,747.0,123.0,0.4966532797858099,-1.607764390896921,-0.013888888888888895
cont_15,270,30,Validation,169,0.22623828647925034,0.46745562130177515,1.5340236686390532,-3.25,0.1934423082235287,32.03698224852071,33.04733727810651,0.4437869822485207,0.525974025974026,-0.029197658484034772,3.1417880595359744,747.0,154.0,0.4966532797858099,-1.607764390896921,-0.03254437869822485
fade_15,270,30,Validation,169,0.22623828647925034,0.5266272189349113,-1.5340236686390532,3.25,-0.1934423082235287,33.04733727810651,32.03698224852071,0.5502958579881657,0.474025974025974,0.029973939149101347,0.07374072225786787,747.0,154.0,0.4966532797858099,-1.607764390896921,0.026627218934911268
cont_30,270,30,Validation,177,0.23694779116465864,0.5423728813559322,4.586158192090395,3.25,0.6904430678660235,31.49858757062147,28.35169491525424,0.5254237288135594,0.5454545454545454,0.04571960157012228,6.193922582987316,747.0,165.0,0.4966532797858099,-1.607764390896921,0.0423728813559322
fade_30,270,30,Validation,177,0.23694779116465864,0.4463276836158192,-4.586158192090395,-3.25,-0.6904430678660235,28.35169491525424,31.49858757062147,0.4745762711864407,0.45454545454545453,-0.050325596169990716,-2.9783938011934743,747.0,165.0,0.4966532797858099,-1.607764390896921,-0.053672316384180796
UNCOND_LONG,270,45,Validation,747,1.0,0.5113788487282463,0.7955153949129853,1.25,0.09790969178945279,33.18942436412316,36.64725568942436,0.48058902275769744,0.492816091954023,0.0,0.0,,,,,
cont_5,270,45,Validation,144,0.1927710843373494,0.4861111111111111,0.5815972222222222,-4.0,0.19346411201908773,43.842013888888886,45.192708333333336,0.4652777777777778,0.5537190082644629,-0.025267737617135244,-0.21391817269076308,747.0,121.0,0.5113788487282463,0.7955153949129853,-0.013888888888888895
fade_5,270,45,Validation,144,0.1927710843373494,0.5138888888888888,-0.5815972222222222,4.0,-0.19346411201908773,45.192708333333336,43.842013888888886,0.5347222222222222,0.4462809917355372,0.0025100401606424905,-1.3771126171352075,747.0,121.0,0.5113788487282463,0.7955153949129853,0.01388888888888884
cont_15,270,45,Validation,169,0.22623828647925034,0.4556213017751479,-0.5192307692307693,-5.5,0.025572506838756604,40.84023668639053,43.07396449704142,0.4319526627218935,0.5263157894736842,-0.055757546953098425,-1.3147461641437546,747.0,152.0,0.5113788487282463,0.7955153949129853,-0.044378698224852076
fade_15,270,45,Validation,169,0.22623828647925034,0.5384615384615384,0.5192307692307693,5.5,-0.025572506838756604,43.07396449704142,40.84023668639053,0.5680473372781065,0.47368421052631576,0.027082689733292087,-0.276284625682216,747.0,152.0,0.5113788487282463,0.7955153949129853,0.038461538461538436
cont_30,270,45,Validation,177,0.23694779116465864,0.5310734463276836,2.309322033898305,0.75,0.49352207157220934,38.69491525423729,37.282485875706215,0.519774011299435,0.5370370370370371,0.019694597599437258,1.5138066389853195,747.0,162.0,0.5113788487282463,0.7955153949129853,0.031073446327683607
fade_30,270,45,Validation,177,0.23694779116465864,0.4632768361581921,-2.309322033898305,-0.75,-0.49352207157220934,37.282485875706215,38.69491525423729,0.480225988700565,0.46296296296296297,-0.04810201257005425,-3.1048374288112903,747.0,162.0,0.5113788487282463,0.7955153949129853,-0.036723163841807904
UNCOND_LONG,270,60,Validation,747,1.0,0.5301204819277109,1.3601070950468541,3.0,0.17802754870108214,38.19444444444444,41.620147255689425,0.4979919678714859,0.4905933429811867,0.0,0.0,,,,,
cont_5,270,60,Validation,144,0.1927710843373494,0.5069444444444444,3.0225694444444446,2.125,0.4256824717521002,51.095486111111114,51.33506944444444,0.4722222222222222,0.5537190082644629,-0.023176037483266465,1.6624623493975905,747.0,121.0,0.5301204819277109,1.3601070950468541,0.00694444444444442
fade_5,270,60,Validation,144,0.1927710843373494,0.4930555555555556,-3.0225694444444446,-2.125,-0.4256824717521002,51.33506944444444,51.095486111111114,0.5277777777777778,0.4462809917355372,-0.037064926372155305,-4.382676539491299,747.0,121.0,0.5301204819277109,1.3601070950468541,-0.00694444444444442
cont_15,270,60,Validation,169,0.22623828647925034,0.4911242603550296,2.1642011834319526,-2.25,0.2161902399184366,47.375739644970416,49.578402366863905,0.4378698224852071,0.5333333333333333,-0.03899622157268129,0.8040940883850984,747.0,150.0,0.5301204819277109,1.3601070950468541,-0.008875739644970404
fade_15,270,60,Validation,169,0.22623828647925034,0.5088757396449705,-2.1642011834319526,2.25,-0.2161902399184366,49.578402366863905,47.375739644970416,0.5621301775147929,0.4666666666666667,-0.021244742282740425,-3.5243082784788067,747.0,150.0,0.5301204819277109,1.3601070950468541,0.00887573964497046
cont_30,270,60,Validation,177,0.23694779116465864,0.5649717514124294,6.751412429378531,5.25,0.8858362035047104,47.21045197740113,43.56920903954802,0.5480225988700564,0.5345911949685535,0.034851269484718506,5.391305334331677,747.0,159.0,0.5301204819277109,1.3601070950468541,0.06497175141242939
fade_30,270,60,Validation,177,0.23694779116465864,0.4350282485875706,-6.751412429378531,-5.25,-0.8858362035047104,43.56920903954802,47.21045197740113,0.4519774011299435,0.46540880503144655,-0.09509223334014028,-8.111519524425386,747.0,159.0,0.5301204819277109,1.3601070950468541,-0.06497175141242939
UNCOND_LONG,270,5,OOS,397,1.0,0.5062972292191436,-1.9596977329974812,0.5,-0.0722661902261176,15.42191435768262,17.49874055415617,0.5012594458438288,0.5273775216138329,0.0,0.0,,,,,
cont_5,270,5,OOS,58,0.14609571788413098,0.4827586206896552,0.6767241379310345,-1.625,0.07303514790206712,22.482758620689655,22.69396551724138,0.46551724137931033,0.48936170212765956,-0.02353860852948836,2.6364218709285154,397.0,47.0,0.5062972292191436,-1.9596977329974812,-0.017241379310344807
fade_5,270,5,OOS,58,0.14609571788413098,0.5172413793103449,-0.6767241379310345,1.625,-0.07303514790206712,22.69396551724138,22.482758620689655,0.5172413793103449,0.5106382978723404,0.01094415009120131,1.2829735950664467,397.0,47.0,0.5062972292191436,-1.9596977329974812,0.017241379310344862
cont_15,270,5,OOS,66,0.16624685138539042,0.5151515151515151,3.5833333333333335,2.5,0.1546103020659887,24.393939393939394,22.91287878787879,0.5151515151515151,0.48333333333333334,0.008854285932371586,5.543031066330815,397.0,60.0,0.5062972292191436,-1.9596977329974812,0.015151515151515138
fade_15,270,5,OOS,66,0.16624685138539042,0.48484848484848486,-3.5833333333333335,-2.5,-0.1546103020659887,22.91287878787879,24.393939393939394,0.48484848484848486,0.5166666666666667,-0.02144874437065869,-1.6236356003358523,397.0,60.0,0.5062972292191436,-1.9596977329974812,-0.015151515151515138
cont_30,270,5,OOS,64,0.16120906801007556,0.484375,-1.21484375,-0.875,-0.10544326300861333,18.51953125,21.3671875,0.46875,0.43103448275862066,-0.021922229219143552,0.7448539829974812,397.0,58.0,0.5062972292191436,-1.9596977329974812,-0.015625
fade_30,270,5,OOS,64,0.16120906801007556,0.515625,1.21484375,0.875,0.10544326300861333,21.3671875,18.51953125,0.53125,0.5689655172413793,0.009327770780856448,3.174541482997481,397.0,58.0,0.5062972292191436,-1.9596977329974812,0.015625
UNCOND_LONG,270,10,OOS,397,1.0,0.5012594458438288,-0.8583123425692695,0.5,0.011640108815858766,20.846977329974813,23.443324937027707,0.49622166246851385,0.52,0.0,0.0,,,,,
cont_5,270,10,OOS,58,0.14609571788413098,0.4482758620689655,-4.202586206896552,-3.25,-0.2814478602507394,27.237068965517242,30.400862068965516,0.4827586206896552,0.5,-0.05298358377486323,-3.344273864327282,397.0,50.0,0.5012594458438288,-0.8583123425692695,-0.051724137931034475
fade_5,270,10,OOS,58,0.14609571788413098,0.5517241379310345,4.202586206896552,3.25,0.2814478602507394,30.400862068965516,27.237068965517242,0.5172413793103449,0.5,0.05046469208720572,5.060898549465821,397.0,50.0,0.5012594458438288,-0.8583123425692695,0.051724137931034475
cont_15,270,10,OOS,66,0.16624685138539042,0.48484848484848486,-1.2840909090909092,-0.625,-0.28144649849697256,29.49621212121212,28.613636363636363,0.4696969696969697,0.4838709677419355,-0.016410960995343893,-0.4257785665216397,397.0,62.0,0.5012594458438288,-0.8583123425692695,-0.015151515151515138
fade_15,270,10,OOS,66,0.16624685138539042,0.5,1.2840909090909092,0.625,0.28144649849697256,28.613636363636363,29.49621212121212,0.5303030303030303,0.5161290322580645,-0.0012594458438287548,2.1424032516601788,397.0,62.0,0.5012594458438288,-0.8583123425692695,0.0
cont_30,270,10,OOS,64,0.16120906801007556,0.453125,-0.55859375,-2.125,-0.14905406960813838,24.08984375,26.61328125,0.4375,0.4406779661016949,-0.048134445843828755,0.29971859256926947,397.0,59.0,0.5012594458438288,-0.8583123425692695,-0.046875
fade_30,270,10,OOS,64,0.16120906801007556,0.546875,0.55859375,2.125,0.14905406960813838,26.61328125,24.08984375,0.5625,0.559322033898305,0.045615554156171245,1.4169060925692696,397.0,59.0,0.5012594458438288,-0.8583123425692695,0.046875
UNCOND_LONG,270,15,OOS,397,1.0,0.5214105793450882,-1.470403022670025,1.0,0.0035090072483010743,24.539672544080606,28.44962216624685,0.4811083123425693,0.5052083333333334,0.0,0.0,,,,,
cont_5,270,15,OOS,58,0.14609571788413098,0.43103448275862066,-10.948275862068966,-7.0,-0.6622825229272383,30.74137931034483,38.883620689655174,0.41379310344827586,0.48148148148148145,-0.0903760965864675,-9.477872839398941,397.0,54.0,0.5214105793450882,-1.470403022670025,-0.06896551724137934
fade_5,270,15,OOS,58,0.14609571788413098,0.5689655172413793,10.948275862068966,7.0,0.6622825229272383,38.883620689655174,30.74137931034483,0.5862068965517241,0.5185185185185185,0.04755493789629117,12.418678884738991,397.0,54.0,0.5214105793450882,-1.470403022670025,0.06896551724137934
cont_15,270,15,OOS,66,0.16624685138539042,0.5,-3.628787878787879,0.625,-0.5239263026310933,32.82575757575758,34.86363636363637,0.45454545454545453,0.4838709677419355,-0.021410579345088165,-2.158384856117854,397.0,62.0,0.5214105793450882,-1.470403022670025,0.0
fade_15,270,15,OOS,66,0.16624685138539042,0.5,3.628787878787879,-0.625,0.5239263026310933,34.86363636363637,32.82575757575758,0.5303030303030303,0.5161290322580645,-0.021410579345088165,5.099190901457904,397.0,62.0,0.5214105793450882,-1.470403022670025,0.0
cont_30,270,15,OOS,64,0.16120906801007556,0.515625,-0.9375,0.5,-0.14415576887737513,27.4609375,32.75,0.375,0.4406779661016949,-0.005785579345088165,0.5329030226700251,397.0,59.0,0.5214105793450882,-1.470403022670025,0.015625
fade_30,270,15,OOS,64,0.16120906801007556,0.484375,0.9375,-0.5,0.14415576887737513,32.75,27.4609375,0.609375,0.559322033898305,-0.037035579345088165,2.407903022670025,397.0,59.0,0.5214105793450882,-1.470403022670025,-0.015625
UNCOND_LONG,270,30,OOS,397,1.0,0.5062972292191436,-0.04974811083123426,0.5,-0.017436125735999196,33.864609571788414,38.794080604534,0.4836272040302267,0.5065274151436031,0.0,0.0,,,,,
cont_5,270,30,OOS,58,0.14609571788413098,0.4827586206896552,0.5258620689655172,-1.125,0.1905258718501198,41.75,47.689655172413794,0.39655172413793105,0.48148148148148145,-0.02353860852948836,0.5756101797967514,397.0,54.0,0.5062972292191436,-0.04974811083123426,-0.017241379310344807
fade_5,270,30,OOS,58,0.14609571788413098,0.5172413793103449,-0.5258620689655172,1.125,-0.1905258718501198,47.689655172413794,41.75,0.603448275862069,0.5185185185185185,0.01094415009120131,-0.476113958134283,397.0,54.0,0.5062972292191436,-0.04974811083123426,0.017241379310344862
cont_15,270,30,OOS,66,0.16624685138539042,0.5,4.734848484848484,0.625,-0.11659648580456605,47.515151515151516,43.571969696969695,0.5151515151515151,0.4918032786885246,-0.006297229219143552,4.7845965956797185,397.0,61.0,0.5062972292191436,-0.04974811083123426,0.0
fade_15,270,30,OOS,66,0.16624685138539042,0.5,-4.734848484848484,-0.625,0.11659648580456605,43.571969696969695,47.515151515151516,0.48484848484848486,0.5081967213114754,-0.006297229219143552,-4.68510037401725,397.0,61.0,0.5062972292191436,-0.04974811083123426,0.0
cont_30,270,30,OOS,64,0.16120906801007556,0.5,5.8671875,0.375,0.35210688212786456,41.49609375,40.83203125,0.484375,0.45,-0.006297229219143552,5.916935610831234,397.0,60.0,0.5062972292191436,-0.04974811083123426,0.0
fade_30,270,30,OOS,64,0.16120906801007556,0.5,-5.8671875,-0.375,-0.35210688212786456,40.83203125,41.49609375,0.515625,0.55,-0.006297229219143552,-5.817439389168766,397.0,60.0,0.5062972292191436,-0.04974811083123426,0.0
UNCOND_LONG,270,45,OOS,397,1.0,0.491183879093199,-2.117758186397985,-0.75,-0.17454349132740615,40.918765743073045,46.36586901763224,0.48614609571788414,0.5078534031413613,0.0,0.0,,,,,
cont_5,270,45,OOS,58,0.14609571788413098,0.43103448275862066,-11.030172413793103,-5.125,-0.375065090578194,51.44396551724138,59.5948275862069,0.4827586206896552,0.48148148148148145,-0.06014939633457833,-8.912414227395118,397.0,54.0,0.491183879093199,-2.117758186397985,-0.06896551724137934
fade_5,270,45,OOS,58,0.14609571788413098,0.5517241379310345,11.030172413793103,5.125,0.375065090578194,59.5948275862069,51.44396551724138,0.5172413793103449,0.5185185185185185,0.06054025883783548,13.147930600191089,397.0,54.0,0.491183879093199,-2.117758186397985,0.051724137931034475
cont_15,270,45,OOS,66,0.16624685138539042,0.4696969696969697,-3.8106060606060606,-0.875,-0.6574772154127698,58.51136363636363,55.03030303030303,0.5303030303030303,0.4918032786885246,-0.02148690939622927,-1.6928478742080757,397.0,61.0,0.491183879093199,-2.117758186397985,-0.030303030303030276
fade_15,270,45,OOS,66,0.16624685138539042,0.5151515151515151,3.8106060606060606,0.875,0.6574772154127698,55.03030303030303,58.51136363636363,0.4696969696969697,0.5081967213114754,0.023967636058316144,5.928364247004046,397.0,61.0,0.491183879093199,-2.117758186397985,0.015151515151515138
cont_30,270,45,OOS,64,0.16120906801007556,0.578125,1.75390625,6.25,-0.2877852652441766,52.484375,50.7578125,0.5625,0.45,0.086941120906801,3.871664436397985,397.0,60.0,0.491183879093199,-2.117758186397985,0.078125
fade_30,270,45,OOS,64,0.16120906801007556,0.421875,-1.75390625,-6.25,0.2877852652441766,50.7578125,52.484375,0.4375,0.55,-0.069308879093199,0.36385193639798485,397.0,60.0,0.491183879093199,-2.117758186397985,-0.078125
UNCOND_LONG,270,60,OOS,397,1.0,0.491183879093199,-3.665617128463476,-0.5,-0.24460785423620846,46.46977329974811,54.75692695214106,0.46851385390428213,0.5039787798408488,0.0,0.0,,,,,
cont_5,270,60,OOS,58,0.14609571788413098,0.4827586206896552,-9.288793103448276,-1.0,-0.255073083330038,58.99568965517241,72.07758620689656,0.4827586206896552,0.49056603773584906,-0.0084252584035438,-5.6231759749848,397.0,53.0,0.491183879093199,-3.665617128463476,-0.017241379310344807
fade_5,270,60,OOS,58,0.14609571788413098,0.5172413793103449,9.288793103448276,1.0,0.255073083330038,72.07758620689656,58.99568965517241,0.5172413793103449,0.5094339622641509,0.026057500217145868,12.954410231911751,397.0,53.0,0.491183879093199,-3.665617128463476,0.017241379310344862
cont_15,270,60,OOS,66,0.16624685138539042,0.4090909090909091,-0.8712121212121212,-4.0,-0.3028427568925078,67.2159090909091,65.92424242424242,0.5303030303030303,0.5084745762711864,-0.08209297000228988,2.794405007251355,397.0,59.0,0.491183879093199,-3.665617128463476,-0.09090909090909088
fade_15,270,60,OOS,66,0.16624685138539042,0.5757575757575758,0.8712121212121212,4.0,0.3028427568925078,65.92424242424242,67.2159090909091,0.4696969696969697,0.4915254237288136,0.08457369666437681,4.5368292496755975,397.0,59.0,0.491183879093199,-3.665617128463476,0.0757575757575758
cont_30,270,60,OOS,64,0.16120906801007556,0.578125,9.1953125,4.625,0.2737774349055565,61.76171875,59.640625,0.578125,0.45,0.086941120906801,12.860929628463476,397.0,60.0,0.491183879093199,-3.665617128463476,0.078125
fade_30,270,60,OOS,64,0.16120906801007556,0.421875,-9.1953125,-4.625,-0.2737774349055565,59.640625,61.76171875,0.421875,0.55,-0.069308879093199,-5.5296953715365245,397.0,60.0,0.491183879093199,-3.665617128463476,-0.078125
UNCOND_LONG,285,5,IS,2336,1.0,0.4965753424657534,-0.005244006849315069,0.0,-0.013601161939095045,3.773009417808219,3.895333904109589,0.4888698630136986,0.5012481278082875,0.0,0.0,,,,,
cont_5,285,5,IS,469,0.2007705479452055,0.43923240938166314,-0.4994669509594883,-0.25,-0.0863913261261753,3.5943496801705757,4.089019189765459,0.44136460554371004,0.44226044226044225,-0.057342933084090275,-0.4942229441101732,2336.0,407.0,0.4965753424657534,-0.005244006849315069,-0.060767590618336864
fade_5,285,5,IS,469,0.2007705479452055,0.511727078891258,0.4994669509594883,0.25,0.0863913261261753,4.089019189765459,3.5943496801705757,0.5159914712153518,0.5577395577395577,0.015151736425504603,0.5047109578088034,2336.0,407.0,0.4965753424657534,-0.005244006849315069,0.011727078891258014
cont_15,285,5,IS,468,0.20034246575342465,0.43803418803418803,-0.20619658119658119,-0.25,-0.06614303112687075,3.7740384615384617,3.83974358974359,0.42735042735042733,0.4623115577889447,-0.05854115443156538,-0.20095257434726613,2336.0,398.0,0.4965753424657534,-0.005244006849315069,-0.06196581196581197
fade_15,285,5,IS,468,0.20034246575342465,0.5235042735042735,0.20619658119658119,0.25,0.06614303112687075,3.83974358974359,3.7740384615384617,0.5277777777777778,0.5376884422110553,0.02692893103852012,0.21144058804589624,2336.0,398.0,0.4965753424657534,-0.005244006849315069,0.023504273504273532
cont_30,285,5,IS,469,0.2007705479452055,0.4200426439232409,-0.3773987206823028,-0.5,-0.11857947489411252,3.7356076759061834,3.9946695095948828,0.4200426439232409,0.4572127139364303,-0.07653269854251249,-0.3721547138329877,2336.0,409.0,0.4965753424657534,-0.005244006849315069,-0.07995735607675908
fade_30,285,5,IS,469,0.2007705479452055,0.5522388059701493,0.3773987206823028,0.5,0.11857947489411252,3.9946695095948828,3.7356076759061834,0.535181236673774,0.5427872860635696,0.05566346350439588,0.3826427275316179,2336.0,409.0,0.4965753424657534,-0.005244006849315069,0.052238805970149294
UNCOND_LONG,285,10,IS,2336,1.0,0.5042808219178082,0.10498715753424658,0.25,0.019109249557390937,5.384845890410959,5.569456335616438,0.5008561643835616,0.5035460992907801,0.0,0.0,,,,,
cont_5,285,10,IS,469,0.2007705479452055,0.43923240938166314,-0.5325159914712153,-0.25,-0.1269609871399016,5.097547974413646,5.771321961620469,0.4349680170575693,0.43973214285714285,-0.06504841253614507,-0.6375031490054619,2336.0,448.0,0.5042808219178082,0.10498715753424658,-0.060767590618336864
fade_5,285,10,IS,469,0.2007705479452055,0.5223880597014925,0.5325159914712153,0.25,0.1269609871399016,5.771321961620469,5.097547974413646,0.5437100213219617,0.5602678571428571,0.018107237783684282,0.4275288339369687,2336.0,448.0,0.5042808219178082,0.10498715753424658,0.02238805970149249
cont_15,285,10,IS,468,0.20034246575342465,0.47649572649572647,-0.05181623931623932,-0.25,0.03055778990583236,5.510149572649572,5.514423076923077,0.4358974358974359,0.44988864142538976,-0.02778509542208174,-0.1568033968504859,2336.0,449.0,0.5042808219178082,0.10498715753424658,-0.023504273504273532
fade_15,285,10,IS,468,0.20034246575342465,0.5106837606837606,0.05181623931623932,0.25,-0.03055778990583236,5.514423076923077,5.510149572649572,0.5470085470085471,0.5501113585746102,0.006402938765952437,-0.053170918218007256,2336.0,449.0,0.5042808219178082,0.10498715753424658,0.010683760683760646
cont_30,285,10,IS,469,0.2007705479452055,0.42643923240938164,-0.7515991471215352,-0.5,-0.1453545536731149,5.362473347547974,5.928038379530917,0.417910447761194,0.45454545454545453,-0.07784158950842657,-0.8565863046557818,2336.0,451.0,0.5042808219178082,0.10498715753424658,-0.07356076759061836
fade_30,285,10,IS,469,0.2007705479452055,0.5437100213219617,0.7515991471215352,0.5,0.1453545536731149,5.928038379530917,5.362473347547974,0.5692963752665245,0.5454545454545454,0.03942919940415346,0.6466119895872886,2336.0,451.0,0.5042808219178082,0.10498715753424658,0.04371002132196167
UNCOND_LONG,285,15,IS,2336,1.0,0.5278253424657534,0.3760702054794521,0.5,0.07174000615738552,6.701840753424658,6.893193493150685,0.5017123287671232,0.5065963060686016,0.0,0.0,,,,,
cont_5,285,15,IS,469,0.2007705479452055,0.4520255863539446,-0.3006396588486141,-0.25,-0.08485229155001386,6.498933901918977,7.1476545842217485,0.44562899786780386,0.43902439024390244,-0.07579975611180884,-0.6767098643280662,2336.0,451.0,0.5278253424657534,0.3760702054794521,-0.047974413646055425
fade_5,285,15,IS,469,0.2007705479452055,0.5245202558635395,0.3006396588486141,0.25,0.08485229155001386,7.1476545842217485,6.498933901918977,0.535181236673774,0.5609756097560976,-0.003305086602213958,-0.07543054663083798,2336.0,451.0,0.5278253424657534,0.3760702054794521,0.024520255863539453
cont_15,285,15,IS,468,0.20034246575342465,0.48504273504273504,0.2879273504273504,0.0,0.06867604601283264,6.884615384615385,6.701923076923077,0.47649572649572647,0.4501108647450111,-0.04278260742301837,-0.08814285505210168,2336.0,451.0,0.5278253424657534,0.3760702054794521,-0.01495726495726496
fade_15,285,15,IS,468,0.20034246575342465,0.49572649572649574,-0.2879273504273504,0.0,-0.06867604601283264,6.701923076923077,6.884615384615385,0.5106837606837606,0.549889135254989,-0.03209884673925767,-0.6639975559068025,2336.0,451.0,0.5278253424657534,0.3760702054794521,-0.004273504273504258
cont_30,285,15,IS,469,0.2007705479452055,0.4349680170575693,-0.4562899786780384,-0.75,-0.1332370998377209,6.859808102345416,7.390191897654584,0.42430703624733473,0.45494505494505494,-0.09285732540818409,-0.8323601841574905,2336.0,455.0,0.5278253424657534,0.3760702054794521,-0.06503198294243068
fade_30,285,15,IS,469,0.2007705479452055,0.5565031982942431,0.4562899786780384,0.75,0.1332370998377209,7.390191897654584,6.859808102345416,0.55863539445629,0.545054945054945,0.028677855828489696,0.08021977319858631,2336.0,455.0,0.5278253424657534,0.3760702054794521,0.05650319829424311
UNCOND_LONG,285,30,IS,2336,1.0,0.521404109589041,0.5040667808219178,0.5,0.12498233930955545,9.553938356164384,9.688356164383562,0.5115582191780822,0.5070796460176992,0.0,0.0,,,,,
cont_5,285,30,IS,469,0.2007705479452055,0.4840085287846482,-0.13699360341151387,0.0,-0.007613215614465921,9.198827292110874,9.831556503198295,0.4626865671641791,0.44170403587443946,-0.03739558080439287,-0.6410603842334317,2336.0,446.0,0.521404109589041,0.5040667808219178,-0.015991471215351827
fade_5,285,30,IS,469,0.2007705479452055,0.4946695095948827,0.13699360341151387,0.0,0.007613215614465921,9.831556503198295,9.198827292110874,0.5223880597014925,0.5582959641255605,-0.026734599994158337,-0.3670731774104039,2336.0,446.0,0.521404109589041,0.5040667808219178,-0.005330490405117294
cont_15,285,30,IS,468,0.20034246575342465,0.49572649572649574,1.0566239316239316,0.0,0.22737485610287206,10.073183760683762,9.020833333333334,0.47863247863247865,0.4533333333333333,-0.0256776138625453,0.5525571508020138,2336.0,450.0,0.521404109589041,0.5040667808219178,-0.004273504273504258
fade_15,285,30,IS,468,0.20034246575342465,0.4807692307692308,-1.0566239316239316,0.0,-0.22737485610287206,9.020833333333334,10.073183760683762,0.5064102564102564,0.5466666666666666,-0.04063487881981026,-1.5606907124458496,2336.0,450.0,0.521404109589041,0.5040667808219178,-0.019230769230769218
cont_30,285,30,IS,469,0.2007705479452055,0.4562899786780384,0.015458422174840085,-0.5,-0.15411743353056104,9.710021321961621,10.036247334754798,0.4520255863539446,0.45714285714285713,-0.06511413091100265,-0.48860835864707775,2336.0,455.0,0.521404109589041,0.5040667808219178,-0.04371002132196161
fade_30,285,30,IS,469,0.2007705479452055,0.5245202558635395,-0.015458422174840085,0.5,0.15411743353056104,10.036247334754798,9.710021321961621,0.5287846481876333,0.5428571428571428,0.0031161462744984103,-0.5195252029967579,2336.0,455.0,0.521404109589041,0.5040667808219178,0.024520255863539453
UNCOND_LONG,285,45,IS,2336,1.0,0.53125,1.1806506849315068,0.75,0.16854067463873795,11.831442636986301,11.928724315068493,0.5154109589041096,0.5066666666666667,0.0,0.0,,,,,
cont_5,285,45,IS,469,0.2007705479452055,0.5053304904051172,0.09594882729211088,0.25,-0.040039703372143624,11.655117270788912,11.77452025586354,0.4669509594882729,0.4404494382022472,-0.02591950959488276,-1.0847018576393959,2336.0,445.0,0.53125,1.1806506849315068,0.005330490405117239
fade_5,285,45,IS,469,0.2007705479452055,0.4861407249466951,-0.09594882729211088,-0.25,0.040039703372143624,11.77452025586354,11.655117270788912,0.5287846481876333,0.5595505617977528,-0.04510927505330492,-1.2765995122236178,2336.0,445.0,0.53125,1.1806506849315068,-0.01385927505330492
cont_15,285,45,IS,468,0.20034246575342465,0.5170940170940171,1.0673076923076923,0.75,0.1623169003051515,12.581196581196581,10.816239316239317,0.49145299145299143,0.4533333333333333,-0.014155982905982856,-0.11334299262381453,2336.0,450.0,0.53125,1.1806506849315068,0.017094017094017144
fade_15,285,45,IS,468,0.20034246575342465,0.4636752136752137,-1.0673076923076923,-0.75,-0.1623169003051515,10.816239316239317,12.581196581196581,0.5,0.5466666666666666,-0.0675747863247863,-2.247958377239199,2336.0,450.0,0.53125,1.1806506849315068,-0.03632478632478631
cont_30,285,45,IS,469,0.2007705479452055,0.47761194029850745,-0.3805970149253731,-0.25,-0.23799710590355305,12.093816631130064,12.241471215351812,0.4626865671641791,0.45714285714285713,-0.053638059701492546,-1.5612476998568798,2336.0,455.0,0.53125,1.1806506849315068,-0.022388059701492546
fade_30,285,45,IS,469,0.2007705479452055,0.5053304904051172,0.3805970149253731,0.25,0.23799710590355305,12.241471215351812,12.093816631130064,0.5287846481876333,0.5428571428571428,-0.02591950959488276,-0.8000536700061337,2336.0,455.0,0.53125,1.1806506849315068,0.005330490405117239
UNCOND_LONG,285,60,IS,2336,1.0,0.5278253424657534,0.7610231164383562,0.75,0.0068397125836692765,13.89822345890411,14.235445205479452,0.5068493150684932,0.5073627844712182,0.0,0.0,,,,,
cont_5,285,60,IS,469,0.2007705479452055,0.4904051172707889,-0.2505330490405117,0.0,-0.06109362732937869,13.769722814498934,13.949360341151387,0.48187633262260127,0.44243792325056436,-0.03742022519496452,-1.0115561654788678,2336.0,443.0,0.5278253424657534,0.7610231164383562,-0.009594882729211107
fade_5,285,60,IS,469,0.2007705479452055,0.4989339019189765,0.2505330490405117,0.0,0.06109362732937869,13.949360341151387,13.769722814498934,0.511727078891258,0.5575620767494357,-0.028891440546776892,-0.5104900673978445,2336.0,443.0,0.5278253424657534,0.7610231164383562,-0.001066098081023481
cont_15,285,60,IS,468,0.20034246575342465,0.5170940170940171,1.7590811965811965,0.625,0.20344645347472287,15.124465811965813,12.721688034188034,0.5042735042735043,0.453125,-0.010731325371736267,0.9980580801428404,2336.0,448.0,0.5278253424657534,0.7610231164383562,0.017094017094017144
fade_15,285,60,IS,468,0.20034246575342465,0.47435897435897434,-1.7590811965811965,-0.625,-0.20344645347472287,12.721688034188034,15.124465811965813,0.49572649572649574,0.546875,-0.05346636810677907,-2.520104313019553,2336.0,448.0,0.5278253424657534,0.7610231164383562,-0.02564102564102566
cont_30,285,60,IS,469,0.2007705479452055,0.4989339019189765,0.3720682302771855,0.0,-0.11260345250392681,14.514392324093816,14.297441364605543,0.47547974413646055,0.4579646017699115,-0.028891440546776892,-0.3889548861611707,2336.0,452.0,0.5278253424657534,0.7610231164383562,-0.001066098081023481
fade_30,285,60,IS,469,0.2007705479452055,0.4904051172707889,-0.3720682302771855,0.0,0.11260345250392681,14.297441364605543,14.514392324093816,0.5159914712153518,0.5420353982300885,-0.03742022519496452,-1.1330913467155417,2336.0,452.0,0.5278253424657534,0.7610231164383562,-0.009594882729211107
UNCOND_LONG,285,5,Validation,747,1.0,0.499330655957162,0.2570281124497992,0.0,0.005282214684742654,10.479250334672022,10.985943775100402,0.46184738955823296,0.47310126582278483,0.0,0.0,,,,,
cont_5,285,5,Validation,165,0.22088353413654618,0.5575757575757576,0.9484848484848485,1.5,0.13036603523663978,11.745454545454546,10.687878787878788,0.5212121212121212,0.5177304964539007,0.05824510161859564,0.6914567360350493,747.0,141.0,0.499330655957162,0.2570281124497992,0.05757575757575761
fade_5,285,5,Validation,165,0.22088353413654618,0.44242424242424244,-0.9484848484848485,-1.5,-0.13036603523663978,10.687878787878788,11.745454545454546,0.4666666666666667,0.48226950354609927,-0.05690641353291953,-1.2055129609346475,747.0,141.0,0.499330655957162,0.2570281124497992,-0.05757575757575756
cont_15,285,5,Validation,116,0.15528781793842034,0.41379310344827586,-1.8448275862068966,-3.0,-0.20744468055526435,10.189655172413794,11.605603448275861,0.43103448275862066,0.4387755102040816,-0.08553755250888612,-2.1018556986566956,747.0,98.0,0.499330655957162,0.2570281124497992,-0.08620689655172414
fade_15,285,5,Validation,116,0.15528781793842034,0.5862068965517241,1.8448275862068966,3.0,0.20744468055526435,11.605603448275861,10.189655172413794,0.5517241379310345,0.5612244897959183,0.08687624059456212,1.5877994737570975,747.0,98.0,0.499330655957162,0.2570281124497992,0.08620689655172409
cont_30,285,5,Validation,140,0.18741633199464525,0.38571428571428573,-1.3839285714285714,-2.75,-0.1264039865262639,10.446428571428571,11.85892857142857,0.44285714285714284,0.4603174603174603,-0.11361637024287624,-1.6409566838783705,747.0,126.0,0.499330655957162,0.2570281124497992,-0.11428571428571427
fade_30,285,5,Validation,140,0.18741633199464525,0.6071428571428571,1.3839285714285714,2.75,0.1264039865262639,11.85892857142857,10.446428571428571,0.5428571428571428,0.5396825396825397,0.10781220118569512,1.1269004589787723,747.0,126.0,0.499330655957162,0.2570281124497992,0.1071428571428571
UNCOND_LONG,285,10,Validation,747,1.0,0.48460508701472554,-0.02677376171352075,-0.25,-0.01510096522394571,14.880522088353414,15.833333333333334,0.48058902275769744,0.47066848567530695,0.0,0.0,,,,,
cont_5,285,10,Validation,165,0.22088353413654618,0.503030303030303,0.803030303030303,0.25,0.14467457644485432,16.977272727272727,15.483333333333333,0.5393939393939394,0.5185185185185185,0.018425216015577506,0.8298040647438237,747.0,162.0,0.48460508701472554,-0.02677376171352075,0.00303030303030305
fade_5,285,10,Validation,165,0.22088353413654618,0.48484848484848486,-0.803030303030303,-0.25,-0.14467457644485432,15.483333333333333,16.977272727272727,0.4484848484848485,0.48148148148148145,0.0002433978337593179,-0.7762565413167822,747.0,162.0,0.48460508701472554,-0.02677376171352075,-0.015151515151515138
cont_15,285,10,Validation,116,0.15528781793842034,0.4396551724137931,-1.6853448275862069,-2.375,-0.18682288703365144,14.650862068965518,16.07758620689655,0.39655172413793105,0.415929203539823,-0.04494991460093245,-1.6585710658726862,747.0,113.0,0.48460508701472554,-0.02677376171352075,-0.060344827586206906
fade_15,285,10,Validation,116,0.15528781793842034,0.5517241379310345,1.6853448275862069,2.375,0.18682288703365144,16.07758620689655,14.650862068965518,0.5862068965517241,0.584070796460177,0.06711905091630893,1.7121185892997275,747.0,113.0,0.48460508701472554,-0.02677376171352075,0.051724137931034475
cont_30,285,10,Validation,140,0.18741633199464525,0.4714285714285714,-0.5410714285714285,-2.25,-0.043843755812731144,14.698214285714286,16.348214285714285,0.4,0.45652173913043476,-0.013176515586154125,-0.5142976668579078,747.0,138.0,0.48460508701472554,-0.02677376171352075,-0.02857142857142858
fade_30,285,10,Validation,140,0.18741633199464525,0.5214285714285715,0.5410714285714285,2.25,0.043843755812731144,16.348214285714285,14.698214285714286,0.5857142857142857,0.5434782608695652,0.03682348441384592,0.5678451902849493,747.0,138.0,0.48460508701472554,-0.02677376171352075,0.021428571428571463
UNCOND_LONG,285,15,Validation,747,1.0,0.5073627844712182,0.8821954484605087,0.5,0.04918399400399231,18.94344042838019,19.422021419009372,0.4966532797858099,0.4689189189189189,0.0,0.0,,,,,
cont_5,285,15,Validation,165,0.22088353413654618,0.509090909090909,0.2787878787878788,1.0,0.16589953844544464,20.424242424242426,19.092424242424244,0.5272727272727272,0.5214723926380368,0.0017281246196908517,-0.6034075696726299,747.0,163.0,0.5073627844712182,0.8821954484605087,0.009090909090909038
fade_5,285,15,Validation,165,0.22088353413654618,0.4909090909090909,-0.2787878787878788,-1.0,-0.16589953844544464,19.092424242424244,20.424242424242426,0.4727272727272727,0.4785276073619632,-0.01645369356212728,-1.1609833272483874,747.0,163.0,0.5073627844712182,0.8821954484605087,-0.009090909090909094
cont_15,285,15,Validation,116,0.15528781793842034,0.4224137931034483,0.5948275862068966,-2.25,-0.059356547533024724,18.551724137931036,19.40948275862069,0.4396551724137931,0.42105263157894735,-0.0849489913677699,-0.2873678622536121,747.0,114.0,0.5073627844712182,0.8821954484605087,-0.07758620689655171
fade_15,285,15,Validation,116,0.15528781793842034,0.5775862068965517,-0.5948275862068966,2.25,0.059356547533024724,19.40948275862069,18.551724137931036,0.5603448275862069,0.5789473684210527,0.07022342242533353,-1.4770230346674054,747.0,114.0,0.5073627844712182,0.8821954484605087,0.07758620689655171
cont_30,285,15,Validation,140,0.18741633199464525,0.4857142857142857,3.6160714285714284,-2.25,0.3032207794662278,19.989285714285714,19.84107142857143,0.4357142857142857,0.45652173913043476,-0.021648498756932477,2.73387598011092,747.0,138.0,0.5073627844712182,0.8821954484605087,-0.01428571428571429
fade_30,285,15,Validation,140,0.18741633199464525,0.5142857142857142,-3.6160714285714284,2.25,-0.3032207794662278,19.84107142857143,19.989285714285714,0.5642857142857143,0.5434782608695652,0.006922929814496048,-4.498266877031937,747.0,138.0,0.5073627844712182,0.8821954484605087,0.014285714285714235
UNCOND_LONG,285,30,Validation,747,1.0,0.5435073627844712,3.285475234270415,3.5,0.21764132183889953,28.737951807228917,27.943775100401606,0.5127175368139224,0.46866485013623976,0.0,0.0,,,,,
cont_5,285,30,Validation,165,0.22088353413654618,0.4909090909090909,0.9303030303030303,0.0,0.20610600904538987,29.184848484848484,27.816666666666666,0.509090909090909,0.5246913580246914,-0.0525982718753803,-2.355172203967385,747.0,162.0,0.5435073627844712,3.285475234270415,-0.009090909090909094
fade_5,285,30,Validation,165,0.22088353413654618,0.49696969696969695,-0.9303030303030303,0.0,-0.20610600904538987,27.816666666666666,29.184848484848484,0.48484848484848486,0.47530864197530864,-0.046537665814774254,-4.215778264573445,747.0,162.0,0.5435073627844712,3.285475234270415,-0.00303030303030305
cont_15,285,30,Validation,116,0.15528781793842034,0.4051724137931034,-4.021551724137931,-6.0,-0.46758540698102335,27.594827586206897,30.058189655172413,0.43103448275862066,0.415929203539823,-0.13833494899136778,-7.307026958408345,747.0,113.0,0.5435073627844712,3.285475234270415,-0.09482758620689657
fade_15,285,30,Validation,116,0.15528781793842034,0.5862068965517241,4.021551724137931,6.0,0.46758540698102335,30.058189655172413,27.594827586206897,0.5603448275862069,0.584070796460177,0.042699533767252884,0.7360764898675156,747.0,113.0,0.5435073627844712,3.285475234270415,0.08620689655172409
cont_30,285,30,Validation,140,0.18741633199464525,0.4928571428571429,0.44285714285714284,-0.5,0.1201481078747227,30.480357142857144,28.92142857142857,0.4714285714285714,0.45255474452554745,-0.05065021992732832,-2.8426180914132724,747.0,137.0,0.5435073627844712,3.285475234270415,-0.0071428571428571175
fade_30,285,30,Validation,140,0.18741633199464525,0.5,-0.44285714285714284,0.5,-0.1201481078747227,28.92142857142857,30.480357142857144,0.5214285714285715,0.5474452554744526,-0.043507362784471204,-3.7283323771275576,747.0,137.0,0.5435073627844712,3.285475234270415,0.0
UNCOND_LONG,285,45,Validation,747,1.0,0.5488621151271754,3.8500669344042837,4.5,0.30099616390404355,35.158299866131195,33.639558232931726,0.5394912985274432,0.46565934065934067,0.0,0.0,,,,,
cont_5,285,45,Validation,165,0.22088353413654618,0.503030303030303,-1.2378787878787878,0.75,0.08012424966964381,35.1,35.193939393939395,0.5333333333333333,0.525,-0.04583181209687237,-5.087945722283072,747.0,160.0,0.5488621151271754,3.8500669344042837,0.00303030303030305
fade_5,285,45,Validation,165,0.22088353413654618,0.4909090909090909,1.2378787878787878,-0.75,-0.08012424966964381,35.193939393939395,35.1,0.4666666666666667,0.475,-0.057953024218084515,-2.612188146525496,747.0,160.0,0.5488621151271754,3.8500669344042837,-0.009090909090909094
cont_15,285,45,Validation,116,0.15528781793842034,0.46551724137931033,-2.3189655172413794,-1.75,-0.2534586747034092,34.838362068965516,37.310344827586206,0.45689655172413796,0.4144144144144144,-0.08334487374786509,-6.169032451645663,747.0,111.0,0.5488621151271754,3.8500669344042837,-0.03448275862068967
fade_15,285,45,Validation,116,0.15528781793842034,0.5344827586206896,2.3189655172413794,1.75,0.2534586747034092,37.310344827586206,34.838362068965516,0.5431034482758621,0.5855855855855856,-0.014379356506485808,-1.5311014171629043,747.0,111.0,0.5488621151271754,3.8500669344042837,0.03448275862068961
cont_30,285,45,Validation,140,0.18741633199464525,0.4928571428571429,0.9303571428571429,-0.875,0.19355530010694885,37.52142857142857,36.21071428571429,0.5071428571428571,0.45185185185185184,-0.05600497227003254,-2.919709791547141,747.0,135.0,0.5488621151271754,3.8500669344042837,-0.0071428571428571175
fade_30,285,45,Validation,140,0.18741633199464525,0.5071428571428571,-0.9303571428571429,0.875,-0.19355530010694885,36.21071428571429,37.52142857142857,0.4928571428571429,0.5481481481481482,-0.0417192579843183,-4.780424077261427,747.0,135.0,0.5488621151271754,3.8500669344042837,0.0071428571428571175
UNCOND_LONG,285,60,Validation,747,1.0,0.5475234270414994,2.9876171352074965,4.75,0.28657016351892184,41.357095046854084,40.57630522088353,0.5220883534136547,0.46482758620689657,0.0,0.0,,,,,
cont_5,285,60,Validation,165,0.22088353413654618,0.509090909090909,-1.4712121212121212,1.5,0.22715802510175268,42.26969696969697,42.11818181818182,0.49696969696969695,0.5220125786163522,-0.03843251795059033,-4.458829256419618,747.0,159.0,0.5475234270414994,2.9876171352074965,0.009090909090909038
fade_5,285,60,Validation,165,0.22088353413654618,0.4909090909090909,1.4712121212121212,-1.5,-0.22715802510175268,42.11818181818182,42.26969696969697,0.49696969696969695,0.4779874213836478,-0.05661433613240846,-1.5164050139953753,747.0,159.0,0.5475234270414994,2.9876171352074965,-0.009090909090909094
cont_15,285,60,Validation,116,0.15528781793842034,0.5086206896551724,-0.2629310344827586,2.125,0.11872732424411746,42.23706896551724,43.196120689655174,0.4827586206896552,0.4166666666666667,-0.03890273738632699,-3.250548169690255,747.0,108.0,0.5475234270414994,2.9876171352074965,0.008620689655172376
fade_15,285,60,Validation,116,0.15528781793842034,0.49137931034482757,0.2629310344827586,-2.125,-0.11872732424411746,43.196120689655174,42.23706896551724,0.5172413793103449,0.5833333333333334,-0.0561441166966718,-2.724686100724738,747.0,108.0,0.5475234270414994,2.9876171352074965,-0.008620689655172431
cont_30,285,60,Validation,140,0.18741633199464525,0.5,1.625,-0.5,0.4709782109546411,43.95892857142857,41.85892857142857,0.5214285714285715,0.45112781954887216,-0.047523427041499366,-1.3626171352074965,747.0,133.0,0.5475234270414994,2.9876171352074965,0.0
fade_30,285,60,Validation,140,0.18741633199464525,0.5,-1.625,0.5,-0.4709782109546411,41.85892857142857,43.95892857142857,0.4785714285714286,0.5488721804511278,-0.047523427041499366,-4.612617135207497,747.0,133.0,0.5475234270414994,2.9876171352074965,0.0
UNCOND_LONG,285,5,OOS,397,1.0,0.5188916876574308,0.1977329974811083,1.25,-0.05970189773208365,14.324307304785894,15.585642317380353,0.5012594458438288,0.4599406528189911,0.0,0.0,,,,,
cont_5,285,5,OOS,70,0.17632241813602015,0.4857142857142857,0.3892857142857143,-1.0,0.09880957256422122,13.521428571428572,14.42142857142857,0.45714285714285713,0.4666666666666667,-0.03317740194314506,0.19155271680460598,397.0,60.0,0.5188916876574308,0.1977329974811083,-0.01428571428571429
fade_5,285,5,OOS,70,0.17632241813602015,0.5142857142857142,-0.3892857142857143,1.0,-0.09880957256422122,14.42142857142857,13.521428571428572,0.5428571428571428,0.5333333333333333,-0.004605973371716532,-0.5870187117668226,397.0,60.0,0.5188916876574308,0.1977329974811083,0.014285714285714235
cont_15,285,5,OOS,74,0.18639798488664988,0.43243243243243246,-1.2060810810810811,-1.25,-0.09081968024987945,16.18581081081081,17.513513513513512,0.5,0.5303030303030303,-0.08645925522499831,-1.4038140785621895,397.0,66.0,0.5188916876574308,0.1977329974811083,-0.06756756756756754
fade_15,285,5,OOS,74,0.18639798488664988,0.527027027027027,1.2060810810810811,1.25,0.09081968024987945,17.513513513513512,16.18581081081081,0.4864864864864865,0.4696969696969697,0.008135339369596206,1.0083480835999727,397.0,66.0,0.5188916876574308,0.1977329974811083,0.027027027027026973
cont_30,285,5,OOS,71,0.17884130982367757,0.4647887323943662,1.4154929577464788,-1.25,0.09686360018334844,17.485915492957748,14.485915492957746,0.5352112676056338,0.5357142857142857,-0.05410295526306458,1.2177599602653704,397.0,56.0,0.5188916876574308,0.1977329974811083,-0.03521126760563381
fade_30,285,5,OOS,71,0.17884130982367757,0.5211267605633803,-1.4154929577464788,1.25,-0.09686360018334844,14.485915492957746,17.485915492957748,0.4507042253521127,0.4642857142857143,0.0022350729059494867,-1.6132259552275872,397.0,56.0,0.5188916876574308,0.1977329974811083,0.021126760563380254
UNCOND_LONG,285,10,OOS,397,1.0,0.5264483627204031,1.5541561712846348,1.0,0.008914299054324025,19.91183879093199,20.170654911838792,0.5113350125944585,0.4661458333333333,0.0,0.0,,,,,
cont_5,285,10,OOS,70,0.17632241813602015,0.4714285714285714,-0.7607142857142857,-1.125,0.0775860375729696,18.75357142857143,19.110714285714284,0.44285714285714284,0.5,-0.055019791291831655,-2.3148704569989205,397.0,68.0,0.5264483627204031,1.5541561712846348,-0.02857142857142858
fade_5,285,10,OOS,70,0.17632241813602015,0.5142857142857142,0.7607142857142857,1.125,-0.0775860375729696,19.110714285714284,18.75357142857143,0.5428571428571428,0.5,-0.012162648434688839,-0.7934418855703491,397.0,68.0,0.5264483627204031,1.5541561712846348,0.014285714285714235
cont_15,285,10,OOS,74,0.18639798488664988,0.4864864864864865,-2.949324324324324,-1.125,-0.20699124512024242,22.364864864864863,23.75,0.5,0.5277777777777778,-0.03996187623391656,-4.503480495608959,397.0,72.0,0.5264483627204031,1.5541561712846348,-0.013513513513513487
fade_15,285,10,OOS,74,0.18639798488664988,0.5135135135135135,2.949324324324324,1.125,0.20699124512024242,23.75,22.364864864864863,0.4864864864864865,0.4722222222222222,-0.012934849206889587,1.3951681530396893,397.0,72.0,0.5264483627204031,1.5541561712846348,0.013513513513513487
cont_30,285,10,OOS,71,0.17884130982367757,0.5492957746478874,2.5140845070422535,1.0,0.1801267745843253,22.929577464788732,19.295774647887324,0.5211267605633803,0.5303030303030303,0.022847411927484296,0.9599283357576187,397.0,66.0,0.5264483627204031,1.5541561712846348,0.04929577464788737
fade_30,285,10,OOS,71,0.17884130982367757,0.43661971830985913,-2.5140845070422535,-1.0,-0.1801267745843253,19.295774647887324,22.929577464788732,0.4647887323943662,0.4696969696969697,-0.08982864441054395,-4.068240678326888,397.0,66.0,0.5264483627204031,1.5541561712846348,-0.06338028169014087
UNCOND_LONG,285,15,OOS,397,1.0,0.4836272040302267,1.3759445843828715,-0.5,-0.05135380009285218,24.53148614609572,25.160579345088163,0.5138539042821159,0.46770025839793283,0.0,0.0,,,,,
cont_5,285,15,OOS,70,0.17632241813602015,0.5142857142857142,2.0607142857142855,1.75,0.30981003586531913,23.957142857142856,22.97142857142857,0.5,0.5147058823529411,0.030658510255487548,0.684769701331414,397.0,68.0,0.4836272040302267,1.3759445843828715,0.014285714285714235
fade_5,285,15,OOS,70,0.17632241813602015,0.4857142857142857,-2.0607142857142855,-1.75,-0.30981003586531913,22.97142857142857,23.957142857142856,0.4857142857142857,0.4852941176470588,0.0020870816840590223,-3.436658870097157,397.0,68.0,0.4836272040302267,1.3759445843828715,-0.01428571428571429
cont_15,285,15,OOS,74,0.18639798488664988,0.44594594594594594,-3.364864864864865,-3.5,-0.1522342408263229,27.50337837837838,29.925675675675677,0.4864864864864865,0.5205479452054794,-0.037681258084280744,-4.740809449247736,397.0,73.0,0.4836272040302267,1.3759445843828715,-0.05405405405405406
fade_15,285,15,OOS,74,0.18639798488664988,0.5540540540540541,3.364864864864865,3.5,0.1522342408263229,29.925675675675677,27.50337837837838,0.5,0.4794520547945205,0.07042685002382737,1.9889202804819934,397.0,73.0,0.4836272040302267,1.3759445843828715,0.05405405405405406
cont_30,285,15,OOS,71,0.17884130982367757,0.49295774647887325,-0.31690140845070425,-0.5,0.01433276342040388,27.468309859154928,25.383802816901408,0.49295774647887325,0.5294117647058824,0.009330542448646562,-1.6928459928335757,397.0,68.0,0.4836272040302267,1.3759445843828715,-0.007042253521126751
fade_30,285,15,OOS,71,0.17884130982367757,0.5070422535211268,0.31690140845070425,0.5,-0.01433276342040388,25.383802816901408,27.468309859154928,0.49295774647887325,0.47058823529411764,0.023415049490900064,-1.0590431759321672,397.0,68.0,0.4836272040302267,1.3759445843828715,0.007042253521126751
UNCOND_LONG,285,30,OOS,397,1.0,0.49370277078085645,-0.6920654911838791,-0.25,-0.2149379792313482,34.20214105793451,35.168765743073045,0.4987405541561713,0.46875,0.0,0.0,,,,,
cont_5,285,30,OOS,70,0.17632241813602015,0.5857142857142857,5.853571428571429,5.5,0.4673174340774686,36.02142857142857,31.803571428571427,0.5285714285714286,0.5230769230769231,0.0920115149334293,6.5456369197553075,397.0,65.0,0.49370277078085645,-0.6920654911838791,0.08571428571428574
fade_5,285,30,OOS,70,0.17632241813602015,0.4142857142857143,-5.853571428571429,-5.5,-0.4673174340774686,31.803571428571427,36.02142857142857,0.4714285714285714,0.47692307692307695,-0.07941705649514214,-5.16150593738755,397.0,65.0,0.49370277078085645,-0.6920654911838791,-0.08571428571428569
cont_15,285,30,OOS,74,0.18639798488664988,0.5135135135135135,-1.5844594594594594,1.0,-0.18363454981859778,38.84121621621622,39.25675675675676,0.47297297297297297,0.5277777777777778,0.01981074273265704,-0.8923939682755804,397.0,72.0,0.49370277078085645,-0.6920654911838791,0.013513513513513487
fade_15,285,30,OOS,74,0.18639798488664988,0.4864864864864865,1.5844594594594594,-1.0,0.18363454981859778,39.25675675675676,38.84121621621622,0.5135135135135135,0.4722222222222222,-0.007216284294369935,2.2765249506433385,397.0,72.0,0.49370277078085645,-0.6920654911838791,-0.013513513513513487
cont_30,285,30,OOS,71,0.17884130982367757,0.4507042253521127,-2.4190140845070425,-4.5,-0.31917675964637815,38.566901408450704,36.84507042253521,0.4507042253521127,0.5362318840579711,-0.04299854542874376,-1.7269485933231634,397.0,69.0,0.49370277078085645,-0.6920654911838791,-0.049295774647887314
fade_30,285,30,OOS,71,0.17884130982367757,0.5352112676056338,2.4190140845070425,4.5,0.31917675964637815,36.84507042253521,38.566901408450704,0.5352112676056338,0.463768115942029,0.04150849682477731,3.1110795756909218,397.0,69.0,0.49370277078085645,-0.6920654911838791,0.035211267605633756
UNCOND_LONG,285,45,OOS,397,1.0,0.5037783375314862,-2.2399244332493704,1.0,-0.3093960546075103,40.9382871536524,45.0875314861461,0.48614609571788414,0.46981627296587924,0.0,0.0,,,,,
cont_5,285,45,OOS,70,0.17632241813602015,0.6,9.803571428571429,9.25,0.6737668497193288,44.46071428571429,35.95357142857143,0.5714285714285714,0.5230769230769231,0.09622166246851382,12.0434958618208,397.0,65.0,0.5037783375314862,-2.2399244332493704,0.09999999999999998
fade_5,285,45,OOS,70,0.17632241813602015,0.4,-9.803571428571429,-9.25,-0.6737668497193288,35.95357142857143,44.46071428571429,0.42857142857142855,0.47692307692307695,-0.10377833753148613,-7.563646995322058,397.0,65.0,0.5037783375314862,-2.2399244332493704,-0.09999999999999998
cont_15,285,45,OOS,74,0.18639798488664988,0.5,-1.0,0.625,-0.30513547155975246,47.851351351351354,46.222972972972975,0.5,0.5277777777777778,-0.0037783375314861534,1.2399244332493704,397.0,72.0,0.5037783375314862,-2.2399244332493704,0.0
fade_15,285,45,OOS,74,0.18639798488664988,0.5,1.0,-0.625,0.30513547155975246,46.222972972972975,47.851351351351354,0.5,0.4722222222222222,-0.0037783375314861534,3.2399244332493704,397.0,72.0,0.5037783375314862,-2.2399244332493704,0.0
cont_30,285,45,OOS,71,0.17884130982367757,0.4225352112676056,-2.545774647887324,-12.0,-0.47484525391212085,45.767605633802816,45.686619718309856,0.4225352112676056,0.5362318840579711,-0.08124312626388053,-0.3058502146379536,397.0,69.0,0.5037783375314862,-2.2399244332493704,-0.07746478873239437
fade_30,285,45,OOS,71,0.17884130982367757,0.5774647887323944,2.545774647887324,12.0,0.47484525391212085,45.686619718309856,45.767605633802816,0.5774647887323944,0.463768115942029,0.07368645120090822,4.785699081136695,397.0,69.0,0.5037783375314862,-2.2399244332493704,0.07746478873239437
UNCOND_LONG,285,60,OOS,397,1.0,0.5037783375314862,-3.084382871536524,0.5,-0.2736762376284497,47.93765743073048,53.01637279596977,0.49370277078085645,0.46965699208443273,0.0,0.0,,,,,
cont_5,285,60,OOS,70,0.17632241813602015,0.5,6.425,1.125,0.10167378454962263,53.77857142857143,45.43928571428572,0.5714285714285714,0.515625,-0.0037783375314861534,9.509382871536523,397.0,64.0,0.5037783375314862,-3.084382871536524,0.0
fade_5,285,60,OOS,70,0.17632241813602015,0.5,-6.425,-1.125,-0.10167378454962263,45.43928571428572,53.77857142857143,0.42857142857142855,0.484375,-0.0037783375314861534,-3.340617128463476,397.0,64.0,0.5037783375314862,-3.084382871536524,0.0
cont_15,285,60,OOS,74,0.18639798488664988,0.4594594594594595,-2.2027027027027026,-3.375,-0.35804060822922307,54.722972972972975,55.09121621621622,0.4864864864864865,0.5142857142857142,-0.04431887807202667,0.8816801688338214,397.0,70.0,0.5037783375314862,-3.084382871536524,-0.040540540540540515
fade_15,285,60,OOS,74,0.18639798488664988,0.5405405405405406,2.2027027027027026,3.375,0.35804060822922307,55.09121621621622,54.722972972972975,0.5135135135135135,0.4857142857142857,0.03676220300905442,5.287085574239226,397.0,70.0,0.5037783375314862,-3.084382871536524,0.04054054054054057
cont_30,285,60,OOS,71,0.17884130982367757,0.43661971830985913,2.6619718309859155,-12.75,-0.3437974108678592,55.63028169014085,54.859154929577464,0.43661971830985913,0.5294117647058824,-0.06715861922162703,5.7463547025224395,397.0,68.0,0.5037783375314862,-3.084382871536524,-0.06338028169014087
fade_30,285,60,OOS,71,0.17884130982367757,0.5633802816901409,-2.6619718309859155,12.75,0.3437974108678592,54.859154929577464,55.63028169014085,0.5633802816901409,0.47058823529411764,0.05960194415865472,0.4224110405506085,397.0,68.0,0.5037783375314862,-3.084382871536524,0.06338028169014087
UNCOND_LONG,300,5,IS,2336,1.0,0.488013698630137,-0.00684931506849315,0.0,-0.047271748684043595,4.021083047945205,3.821810787671233,0.4961472602739726,0.5131775236200895,0.0,0.0,,,,,
cont_5,300,5,IS,468,0.20034246575342465,0.42948717948717946,-0.34615384615384615,-0.375,-0.1672200403355944,3.8130341880341883,4.211004273504273,0.4551282051282051,0.4520884520884521,-0.058526519142957534,-0.33930453108535297,2336.0,407.0,0.488013698630137,-0.00684931506849315,-0.07051282051282054
fade_5,300,5,IS,468,0.20034246575342465,0.5363247863247863,0.34615384615384615,0.375,0.1672200403355944,4.211004273504273,3.8130341880341883,0.5235042735042735,0.547911547911548,0.04831108769464931,0.3530031612223393,2336.0,407.0,0.488013698630137,-0.00684931506849315,0.03632478632478631
cont_15,300,5,IS,468,0.20034246575342465,0.4551282051282051,-0.3344017094017094,-0.25,0.013078927204463632,3.8376068376068377,4.1864316239316235,0.4551282051282051,0.47836538461538464,-0.03288549350193187,-0.32755239433321626,2336.0,416.0,0.488013698630137,-0.00684931506849315,-0.04487179487179488
fade_15,300,5,IS,468,0.20034246575342465,0.5042735042735043,0.3344017094017094,0.25,-0.013078927204463632,4.1864316239316235,3.8376068376068377,0.532051282051282,0.5216346153846154,0.016259805643367264,0.3412510244702025,2336.0,416.0,0.488013698630137,-0.00684931506849315,0.004273504273504258
cont_30,300,5,IS,468,0.20034246575342465,0.4465811965811966,-0.09615384615384616,-0.25,0.007224834501696117,3.8472222222222223,4.0635683760683765,0.44871794871794873,0.46462264150943394,-0.04143250204894039,-0.08930453108535301,2336.0,424.0,0.488013698630137,-0.00684931506849315,-0.053418803418803396
fade_30,300,5,IS,468,0.20034246575342465,0.5042735042735043,0.09615384615384616,0.25,-0.007224834501696117,4.0635683760683765,3.8472222222222223,0.532051282051282,0.535377358490566,0.016259805643367264,0.10300316122233931,2336.0,424.0,0.488013698630137,-0.00684931506849315,0.004273504273504258
UNCOND_LONG,300,10,IS,2336,1.0,0.4974315068493151,-0.06956335616438356,0.0,-0.055491042351057604,5.4641481164383565,5.562285958904109,0.4837328767123288,0.513070447496677,0.0,0.0,,,,,
cont_5,300,10,IS,468,0.20034246575342465,0.4465811965811966,-1.0982905982905984,-0.5,-0.2262703348395685,4.954594017094017,5.871260683760684,0.47435897435897434,0.44666666666666666,-0.05085031026811848,-1.0287272421262148,2336.0,450.0,0.4974315068493151,-0.06956335616438356,-0.053418803418803396
fade_5,300,10,IS,468,0.20034246575342465,0.5341880341880342,1.0982905982905984,0.5,0.2262703348395685,5.871260683760684,4.954594017094017,0.5106837606837606,0.5533333333333333,0.03675652733871909,1.167853954454982,2336.0,450.0,0.4974315068493151,-0.06956335616438356,0.03418803418803418
cont_15,300,10,IS,468,0.20034246575342465,0.44871794871794873,-0.4599358974358974,-0.25,-0.02619027125628776,5.408653846153846,5.788995726495727,0.49572649572649574,0.4780701754385965,-0.04871355813136635,-0.3903725412715139,2336.0,456.0,0.4974315068493151,-0.06956335616438356,-0.051282051282051266
fade_15,300,10,IS,468,0.20034246575342465,0.5149572649572649,0.4599358974358974,0.25,0.02619027125628776,5.788995726495727,5.408653846153846,0.49145299145299143,0.5219298245614035,0.017525758107949818,0.5294992536002809,2336.0,456.0,0.4974315068493151,-0.06956335616438356,0.014957264957264904
cont_30,300,10,IS,468,0.20034246575342465,0.46794871794871795,-0.3125,-0.25,-0.06681518389991205,5.2905982905982905,5.590811965811966,0.47863247863247865,0.4608695652173913,-0.029482788900597134,-0.24293664383561644,2336.0,460.0,0.4974315068493151,-0.06956335616438356,-0.03205128205128205
fade_30,300,10,IS,468,0.20034246575342465,0.5042735042735043,0.3125,0.25,0.06681518389991205,5.590811965811966,5.2905982905982905,0.5128205128205128,0.5391304347826087,0.006841997424189172,0.3820633561643836,2336.0,460.0,0.4974315068493151,-0.06956335616438356,0.004273504273504258
UNCOND_LONG,300,15,IS,2336,1.0,0.5136986301369864,0.12371575342465753,0.25,0.048334898855405775,6.771404109589041,6.866331335616438,0.4978595890410959,0.5144230769230769,0.0,0.0,,,,,
cont_5,300,15,IS,468,0.20034246575342465,0.4423076923076923,-1.0411324786324787,-0.5,-0.257406066789806,6.296474358974359,7.269230769230769,0.4700854700854701,0.45295404814004375,-0.07139093782929407,-1.1648482320571363,2336.0,457.0,0.5136986301369864,0.12371575342465753,-0.05769230769230771
fade_5,300,15,IS,468,0.20034246575342465,0.5448717948717948,1.0411324786324787,0.5,0.257406066789806,7.269230769230769,6.296474358974359,0.5106837606837606,0.5470459518599562,0.031173164734808467,0.9174167252078211,2336.0,457.0,0.5136986301369864,0.12371575342465753,0.04487179487179482
cont_15,300,15,IS,468,0.20034246575342465,0.48717948717948717,0.042200854700854704,0.0,0.025186204451833966,6.9385683760683765,6.8931623931623935,0.48717948717948717,0.48148148148148145,-0.026519142957499187,-0.08151489872380283,2336.0,459.0,0.5136986301369864,0.12371575342465753,-0.01282051282051283
fade_15,300,15,IS,468,0.20034246575342465,0.49786324786324787,-0.042200854700854704,0.0,-0.025186204451833966,6.8931623931623935,6.9385683760683765,0.48504273504273504,0.5185185185185185,-0.015835382273738485,-0.16591660812551223,2336.0,459.0,0.5136986301369864,0.12371575342465753,-0.002136752136752129
cont_30,300,15,IS,468,0.20034246575342465,0.4551282051282051,0.007478632478632479,-0.5,-0.016741255977295623,6.750534188034188,6.6127136752136755,0.4829059829059829,0.46220302375809935,-0.058570425008781235,-0.11623712094602505,2336.0,463.0,0.5136986301369864,0.12371575342465753,-0.04487179487179488
fade_30,300,15,IS,468,0.20034246575342465,0.5277777777777778,-0.007478632478632479,0.5,0.016741255977295623,6.6127136752136755,6.750534188034188,0.49145299145299143,0.5377969762419006,0.014079147640791434,-0.13119438590329,2336.0,463.0,0.5136986301369864,0.12371575342465753,0.02777777777777779
UNCOND_LONG,300,30,IS,2336,1.0,0.5321061643835616,0.8002996575342466,0.5,0.08999429577787604,9.775791952054794,9.799229452054794,0.5077054794520548,0.5142857142857142,0.0,0.0,,,,,
cont_5,300,30,IS,468,0.20034246575342465,0.45085470085470086,-1.7216880341880343,-0.25,-0.2353116232831568,8.696047008547009,10.676282051282051,0.45726495726495725,0.45274725274725275,-0.08125146352886076,-2.521987691722281,2336.0,455.0,0.5321061643835616,0.8002996575342466,-0.04914529914529914
fade_5,300,30,IS,468,0.20034246575342465,0.5170940170940171,1.7216880341880343,0.25,0.2353116232831568,10.676282051282051,8.696047008547009,0.5277777777777778,0.5472527472527473,-0.015012147289544475,0.9213883766537877,2336.0,455.0,0.5321061643835616,0.8002996575342466,0.017094017094017144
cont_15,300,30,IS,468,0.20034246575342465,0.4658119658119658,-0.7088675213675214,-0.25,-0.06217144837463268,9.81517094017094,9.857371794871796,0.49572649572649574,0.48034934497816595,-0.0662941985715958,-1.509167178901768,2336.0,458.0,0.5321061643835616,0.8002996575342466,-0.03418803418803418
fade_15,300,30,IS,468,0.20034246575342465,0.5085470085470085,0.7088675213675214,0.25,0.06217144837463268,9.857371794871796,9.81517094017094,0.49786324786324787,0.519650655021834,-0.023559155836553103,-0.09143213616672519,2336.0,458.0,0.5321061643835616,0.8002996575342466,0.008547008547008517
cont_30,300,30,IS,468,0.20034246575342465,0.46794871794871795,-0.25053418803418803,-0.5,-0.13994057633876683,9.680555555555555,9.658119658119658,0.4893162393162393,0.4598698481561822,-0.06415744643484367,-1.0508338455684347,2336.0,461.0,0.5321061643835616,0.8002996575342466,-0.03205128205128205
fade_30,300,30,IS,468,0.20034246575342465,0.5106837606837606,0.25053418803418803,0.5,0.13994057633876683,9.658119658119658,9.680555555555555,0.5042735042735043,0.5401301518438177,-0.021422403699800974,-0.5497654695000586,2336.0,461.0,0.5321061643835616,0.8002996575342466,0.010683760683760646
UNCOND_LONG,300,45,IS,2336,1.0,0.5102739726027398,0.3806720890410959,0.25,-0.07272951182799679,12.139447773972602,12.55158390410959,0.5077054794520548,0.5134776844896155,0.0,0.0,,,,,
cont_5,300,45,IS,468,0.20034246575342465,0.44871794871794873,-2.1175213675213675,-0.75,-0.5030004280050383,10.990918803418804,13.5,0.452991452991453,0.45253863134657835,-0.061556023884791033,-2.4981934565624635,2336.0,453.0,0.5102739726027398,0.3806720890410959,-0.051282051282051266
fade_5,300,45,IS,468,0.20034246575342465,0.5384615384615384,2.1175213675213675,0.75,0.5030004280050383,13.5,10.990918803418804,0.532051282051282,0.5474613686534217,0.02818756585879867,1.7368492784802716,2336.0,453.0,0.5102739726027398,0.3806720890410959,0.038461538461538436
cont_15,300,45,IS,468,0.20034246575342465,0.45726495726495725,-0.6698717948717948,-0.75,-0.24133829793832043,12.362179487179487,12.318376068376068,0.49786324786324787,0.48026315789473684,-0.05300901533778252,-1.0505438839128907,2336.0,456.0,0.5102739726027398,0.3806720890410959,-0.04273504273504275
fade_15,300,45,IS,468,0.20034246575342465,0.5213675213675214,0.6698717948717948,0.75,0.24133829793832043,12.318376068376068,12.362179487179487,0.49145299145299143,0.5197368421052632,0.011093548764781636,0.2891997058306989,2336.0,456.0,0.5102739726027398,0.3806720890410959,0.021367521367521403
cont_30,300,45,IS,468,0.20034246575342465,0.4658119658119658,0.3557692307692308,-0.5,-0.18621214492969138,12.737713675213675,11.97275641025641,0.4935897435897436,0.45869565217391306,-0.044462006790773945,-0.024902858271865114,2336.0,460.0,0.5102739726027398,0.3806720890410959,-0.03418803418803418
fade_30,300,45,IS,468,0.20034246575342465,0.5192307692307693,-0.3557692307692308,0.5,0.18621214492969138,11.97275641025641,12.737713675213675,0.4935897435897436,0.5413043478260869,0.008956796628029506,-0.7364413198103267,2336.0,460.0,0.5102739726027398,0.3806720890410959,0.019230769230769273
UNCOND_LONG,300,60,IS,2336,1.0,0.5196917808219178,0.456763698630137,0.5,-0.009607159182330417,13.924443493150685,14.489404965753424,0.5051369863013698,0.513537505548158,0.0,0.0,,,,,
cont_5,300,60,IS,468,0.20034246575342465,0.44871794871794873,-2.8044871794871793,-1.0,-0.6471470081488607,12.487713675213675,15.517094017094017,0.4444444444444444,0.4523281596452328,-0.07097383210396907,-3.261250878117316,2336.0,451.0,0.5196917808219178,0.456763698630137,-0.051282051282051266
fade_5,300,60,IS,468,0.20034246575342465,0.5405982905982906,2.8044871794871793,1.0,0.6471470081488607,15.517094017094017,12.487713675213675,0.5384615384615384,0.5476718403547672,0.02090650977637276,2.3477234808570424,2336.0,451.0,0.5196917808219178,0.456763698630137,0.040598290598290565
cont_15,300,60,IS,468,0.20034246575342465,0.4893162393162393,-0.6116452991452992,-0.25,-0.29503720574936676,14.223824786324787,14.21474358974359,0.49145299145299143,0.4756637168141593,-0.030375541505678505,-1.0684089977754363,2336.0,452.0,0.5196917808219178,0.456763698630137,-0.010683760683760701
fade_15,300,60,IS,468,0.20034246575342465,0.5021367521367521,0.6116452991452992,0.25,0.29503720574936676,14.21474358974359,14.223824786324787,0.49572649572649574,0.5243362831858407,-0.017555028685165674,0.1548816005151622,2336.0,452.0,0.5196917808219178,0.456763698630137,0.002136752136752129
cont_30,300,60,IS,468,0.20034246575342465,0.5,0.1420940170940171,0.125,-0.2542389052638394,14.668803418803419,13.941239316239317,0.5085470085470085,0.45751633986928103,-0.019691780821917804,-0.3146696815361199,2336.0,459.0,0.5196917808219178,0.456763698630137,0.0
fade_30,300,60,IS,468,0.20034246575342465,0.4893162393162393,-0.1420940170940171,-0.125,0.2542389052638394,13.941239316239317,14.668803418803419,0.47649572649572647,0.5424836601307189,-0.030375541505678505,-0.5988577157241541,2336.0,459.0,0.5196917808219178,0.456763698630137,-0.010683760683760701
UNCOND_LONG,300,5,Validation,747,1.0,0.5073627844712182,0.06358768406961178,0.5,0.013617754125285179,11.538152610441767,12.552878179384203,0.47925033467202144,0.49606299212598426,0.0,0.0,,,,,
cont_5,300,5,Validation,136,0.18206157965194109,0.4632352941176471,-0.8419117647058824,-1.375,-0.00912315249784155,12.040441176470589,12.705882352941176,0.5,0.5454545454545454,-0.04412749035357111,-0.9054994487754942,747.0,121.0,0.5073627844712182,0.06358768406961178,-0.03676470588235292
fade_5,300,5,Validation,136,0.18206157965194109,0.5294117647058824,0.8419117647058824,1.375,0.00912315249784155,12.705882352941176,12.040441176470589,0.5,0.45454545454545453,0.022048980234664173,0.7783240806362706,747.0,121.0,0.5073627844712182,0.06358768406961178,0.02941176470588236
cont_15,300,5,Validation,140,0.18741633199464525,0.45714285714285713,-1.0732142857142857,-1.25,-0.05107793582295768,11.030357142857143,11.639285714285714,0.4785714285714286,0.5350877192982456,-0.05021992732836106,-1.1368019697838974,747.0,114.0,0.5073627844712182,0.06358768406961178,-0.04285714285714287
fade_15,300,5,Validation,140,0.18741633199464525,0.5285714285714286,1.0732142857142857,1.25,0.05107793582295768,11.639285714285714,11.030357142857143,0.5142857142857142,0.4649122807017544,0.021208644100210394,1.009626601644674,747.0,114.0,0.5073627844712182,0.06358768406961178,0.02857142857142858
cont_30,300,5,Validation,128,0.1713520749665328,0.53125,0.310546875,1.5,0.12898104363744486,13.05078125,12.021484375,0.5546875,0.6,0.023887215528781813,0.2469591909303882,747.0,110.0,0.5073627844712182,0.06358768406961178,0.03125
fade_30,300,5,Validation,128,0.1713520749665328,0.4453125,-0.310546875,-1.5,-0.12898104363744486,12.021484375,13.05078125,0.4375,0.4,-0.06205028447121819,-0.3741345590696118,747.0,110.0,0.5073627844712182,0.06358768406961178,-0.0546875
UNCOND_LONG,300,10,Validation,747,1.0,0.5461847389558233,1.8878848728246318,2.0,0.1347189283117657,16.776104417670684,16.627175368139223,0.499330655957162,0.5097493036211699,0.0,0.0,,,,,
cont_5,300,10,Validation,136,0.18206157965194109,0.5661764705882353,2.738970588235294,3.375,0.27021598675380526,18.045955882352942,16.091911764705884,0.4852941176470588,0.5503875968992248,0.01999173163241197,0.8510857154106621,747.0,129.0,0.5461847389558233,1.8878848728246318,0.06617647058823528
fade_5,300,10,Validation,136,0.18206157965194109,0.4264705882352941,-2.738970588235294,-3.375,-0.27021598675380526,16.091911764705884,18.045955882352942,0.5147058823529411,0.4496124031007752,-0.11971415072052921,-4.626855461059925,747.0,129.0,0.5461847389558233,1.8878848728246318,-0.0735294117647059
cont_15,300,10,Validation,140,0.18741633199464525,0.5071428571428571,-0.3339285714285714,0.25,0.045796159805453596,15.785714285714286,16.15357142857143,0.4785714285714286,0.5114503816793893,-0.039041881812966195,-2.221813444253203,747.0,131.0,0.5461847389558233,1.8878848728246318,0.0071428571428571175
fade_15,300,10,Validation,140,0.18741633199464525,0.4857142857142857,0.3339285714285714,-0.25,-0.045796159805453596,16.15357142857143,15.785714285714286,0.5142857142857142,0.48854961832061067,-0.0604704532415376,-1.5539563013960604,747.0,131.0,0.5461847389558233,1.8878848728246318,-0.01428571428571429
cont_30,300,10,Validation,128,0.1713520749665328,0.5234375,0.544921875,0.625,0.1956567763973114,17.916015625,16.970703125,0.546875,0.5967741935483871,-0.022747238955823312,-1.3429629978246318,747.0,124.0,0.5461847389558233,1.8878848728246318,0.0234375
fade_30,300,10,Validation,128,0.1713520749665328,0.46875,-0.544921875,-0.625,-0.1956567763973114,16.970703125,17.916015625,0.4453125,0.4032258064516129,-0.07743473895582331,-2.432806747824632,747.0,124.0,0.5461847389558233,1.8878848728246318,-0.03125
UNCOND_LONG,300,15,Validation,747,1.0,0.536813922356091,2.4186746987951806,2.25,0.15692121720015637,21.163654618473895,20.119143239625167,0.5220883534136547,0.5156889495225102,0.0,0.0,,,,,
cont_5,300,15,Validation,136,0.18206157965194109,0.5514705882352942,4.930147058823529,2.5,0.5276571278740537,22.612132352941178,18.761029411764707,0.5073529411764706,0.5555555555555556,0.014656665879203112,2.5114723600283484,747.0,135.0,0.536813922356091,2.4186746987951806,0.05147058823529416
fade_5,300,15,Validation,136,0.18206157965194109,0.4485294117647059,-4.930147058823529,-2.5,-0.5276571278740537,18.761029411764707,22.612132352941178,0.49264705882352944,0.4444444444444444,-0.08828451059138515,-7.34882175761871,747.0,135.0,0.536813922356091,2.4186746987951806,-0.0514705882352941
cont_15,300,15,Validation,140,0.18741633199464525,0.4714285714285714,0.11071428571428571,-1.5,0.13865657428142292,19.616071428571427,18.944642857142856,0.5071428571428571,0.5147058823529411,-0.06538535092751963,-2.307960413080895,747.0,136.0,0.536813922356091,2.4186746987951806,-0.02857142857142858
fade_15,300,15,Validation,140,0.18741633199464525,0.5285714285714286,-0.11071428571428571,1.5,-0.13865657428142292,18.944642857142856,19.616071428571427,0.4928571428571429,0.4852941176470588,-0.008242493784662464,-2.5293889845094664,747.0,136.0,0.536813922356091,2.4186746987951806,0.02857142857142858
cont_30,300,15,Validation,128,0.1713520749665328,0.484375,-1.359375,-1.0,0.0762467010021651,21.6015625,21.541015625,0.5078125,0.5984251968503937,-0.052438922356091044,-3.7780496987951806,747.0,127.0,0.536813922356091,2.4186746987951806,-0.015625
fade_30,300,15,Validation,128,0.1713520749665328,0.515625,1.359375,1.0,-0.0762467010021651,21.541015625,21.6015625,0.484375,0.4015748031496063,-0.021188922356091044,-1.0592996987951806,747.0,127.0,0.536813922356091,2.4186746987951806,0.015625
UNCOND_LONG,300,30,Validation,747,1.0,0.535475234270415,2.9832663989290493,3.25,0.23822662191114788,29.30689424364123,27.69344042838019,0.5314591700133868,0.5163043478260869,0.0,0.0,,,,,
cont_5,300,30,Validation,136,0.18206157965194109,0.5588235294117647,7.5275735294117645,3.125,0.646603192238891,31.295955882352942,24.685661764705884,0.5220588235294118,0.5514705882352942,0.02334829514134973,4.544307130482715,747.0,136.0,0.535475234270415,2.9832663989290493,0.05882352941176472
fade_5,300,30,Validation,136,0.18206157965194109,0.4411764705882353,-7.5275735294117645,-3.125,-0.646603192238891,24.685661764705884,31.295955882352942,0.47794117647058826,0.4485294117647059,-0.09429876368217971,-10.510839928340815,747.0,136.0,0.535475234270415,2.9832663989290493,-0.05882352941176472
cont_15,300,30,Validation,140,0.18741633199464525,0.5,0.6357142857142857,-0.625,0.2730449736285853,27.167857142857144,26.1125,0.4642857142857143,0.5109489051094891,-0.03547523427041499,-2.3475521132147636,747.0,137.0,0.535475234270415,2.9832663989290493,0.0
fade_15,300,30,Validation,140,0.18741633199464525,0.5,-0.6357142857142857,0.625,-0.2730449736285853,26.1125,27.167857142857144,0.5357142857142857,0.48905109489051096,-0.03547523427041499,-3.618980684643335,747.0,137.0,0.535475234270415,2.9832663989290493,0.0
cont_30,300,30,Validation,128,0.1713520749665328,0.4765625,-0.8984375,-3.125,0.2190222050514583,29.66796875,30.681640625,0.484375,0.5952380952380952,-0.05891273427041499,-3.8817038989290493,747.0,126.0,0.535475234270415,2.9832663989290493,-0.0234375
fade_30,300,30,Validation,128,0.1713520749665328,0.515625,0.8984375,3.125,-0.2190222050514583,30.681640625,29.66796875,0.515625,0.40476190476190477,-0.01985023427041499,-2.0848288989290493,747.0,126.0,0.535475234270415,2.9832663989290493,0.015625
UNCOND_LONG,300,45,Validation,747,1.0,0.5314591700133868,2.1208165997322626,2.5,0.22448081596756608,36.409303882195445,35.81124497991968,0.5167336010709505,0.5156462585034014,0.0,0.0,,,,,
cont_5,300,45,Validation,136,0.18206157965194109,0.5294117647058824,10.255514705882353,5.25,0.9159449235901872,40.95404411764706,31.137867647058822,0.5588235294117647,0.5514705882352942,-0.0020474053075044685,8.13469810615009,747.0,136.0,0.5314591700133868,2.1208165997322626,0.02941176470588236
fade_5,300,45,Validation,136,0.18206157965194109,0.47058823529411764,-10.255514705882353,-5.25,-0.9159449235901872,31.137867647058822,40.95404411764706,0.4338235294117647,0.4485294117647059,-0.06087093471926919,-12.376331305614617,747.0,136.0,0.5314591700133868,2.1208165997322626,-0.02941176470588236
cont_15,300,45,Validation,140,0.18741633199464525,0.4714285714285714,2.1464285714285714,-2.875,0.342669954921827,34.5,33.57678571428571,0.4928571428571429,0.5109489051094891,-0.06003059858481541,0.0256119716963088,747.0,137.0,0.5314591700133868,2.1208165997322626,-0.02857142857142858
fade_15,300,45,Validation,140,0.18741633199464525,0.5285714285714286,-2.1464285714285714,2.875,-0.342669954921827,33.57678571428571,34.5,0.5071428571428571,0.48905109489051096,-0.002887741441958247,-4.267245171160834,747.0,137.0,0.5314591700133868,2.1208165997322626,0.02857142857142858
cont_30,300,45,Validation,128,0.1713520749665328,0.5078125,1.384765625,0.75,0.531014846648364,36.6171875,37.171875,0.46875,0.5952380952380952,-0.023646670013386828,-0.7360509747322626,747.0,126.0,0.5314591700133868,2.1208165997322626,0.0078125
fade_30,300,45,Validation,128,0.1713520749665328,0.4921875,-1.384765625,-0.75,-0.531014846648364,37.171875,36.6171875,0.53125,0.40476190476190477,-0.03927167001338683,-3.5055822247322626,747.0,126.0,0.5314591700133868,2.1208165997322626,-0.0078125
UNCOND_LONG,300,60,Validation,747,1.0,0.5274431057563588,2.035475234270415,2.75,0.2555654864568665,41.196787148594375,40.14022757697457,0.5180722891566265,0.5149863760217984,0.0,0.0,,,,,
cont_5,300,60,Validation,136,0.18206157965194109,0.5220588235294118,8.163602941176471,5.25,0.8186053078002198,45.93014705882353,36.3952205882353,0.5220588235294118,0.5555555555555556,-0.005384282226946979,6.1281277069060565,747.0,135.0,0.5274431057563588,2.035475234270415,0.022058823529411797
fade_5,300,60,Validation,136,0.18206157965194109,0.47794117647058826,-8.163602941176471,-5.25,-0.8186053078002198,36.3952205882353,45.93014705882353,0.47794117647058826,0.4444444444444444,-0.04950192928577052,-10.199078175446886,747.0,135.0,0.5274431057563588,2.035475234270415,-0.022058823529411742
cont_15,300,60,Validation,140,0.18741633199464525,0.4928571428571429,-0.18214285714285713,-0.25,0.24256672956177086,38.542857142857144,38.57678571428571,0.4642857142857143,0.5147058823529411,-0.034585962899215894,-2.217618091413272,747.0,136.0,0.5274431057563588,2.035475234270415,-0.0071428571428571175
fade_15,300,60,Validation,140,0.18741633199464525,0.5,0.18214285714285713,0.25,-0.24256672956177086,38.57678571428571,38.542857142857144,0.5357142857142857,0.4852941176470588,-0.027443105756358777,-1.8533323771275578,747.0,136.0,0.5274431057563588,2.035475234270415,0.0
cont_30,300,60,Validation,128,0.1713520749665328,0.53125,1.150390625,4.0,0.6492694336196823,42.076171875,42.556640625,0.4609375,0.5952380952380952,0.0038068942436412234,-0.885084609270415,747.0,126.0,0.5274431057563588,2.035475234270415,0.03125
fade_30,300,60,Validation,128,0.1713520749665328,0.4609375,-1.150390625,-4.0,-0.6492694336196823,42.556640625,42.076171875,0.5390625,0.40476190476190477,-0.06650560575635878,-3.185865859270415,747.0,126.0,0.5274431057563588,2.035475234270415,-0.0390625
UNCOND_LONG,300,5,OOS,397,1.0,0.5188916876574308,-0.2865239294710327,0.5,0.04795952224675665,14.090050377833753,14.561712846347607,0.48614609571788414,0.5087209302325582,0.0,0.0,,,,,
cont_5,300,5,OOS,70,0.17632241813602015,0.4,-2.0214285714285714,-1.25,-0.12030187482167375,15.271428571428572,15.275,0.5,0.49230769230769234,-0.11889168765743074,-1.7349046419575387,397.0,65.0,0.5188916876574308,-0.2865239294710327,-0.09999999999999998
fade_5,300,5,OOS,70,0.17632241813602015,0.6,2.0214285714285714,1.25,0.12030187482167375,15.275,15.271428571428572,0.4857142857142857,0.5076923076923077,0.08110831234256921,2.3079525008996042,397.0,65.0,0.5188916876574308,-0.2865239294710327,0.09999999999999998
cont_15,300,5,OOS,59,0.1486146095717884,0.4745762711864407,-2.7161016949152543,-0.5,0.04255055666476461,16.338983050847457,17.627118644067796,0.5084745762711864,0.5178571428571429,-0.04431541647099008,-2.4295777654442214,397.0,56.0,0.5188916876574308,-0.2865239294710327,-0.02542372881355931
fade_15,300,5,OOS,59,0.1486146095717884,0.5084745762711864,2.7161016949152543,0.5,-0.04255055666476461,17.627118644067796,16.338983050847457,0.4915254237288136,0.48214285714285715,-0.010417111386244349,3.002625624386287,397.0,56.0,0.5188916876574308,-0.2865239294710327,0.008474576271186418
cont_30,300,5,OOS,69,0.17380352644836272,0.4492753623188406,0.16666666666666666,-0.5,0.073632586088317,14.956521739130435,13.898550724637682,0.5072463768115942,0.5079365079365079,-0.06961632533859019,0.4531905961376994,397.0,63.0,0.5188916876574308,-0.2865239294710327,-0.050724637681159424
fade_30,300,5,OOS,69,0.17380352644836272,0.5362318840579711,-0.16666666666666666,0.5,-0.073632586088317,13.898550724637682,14.956521739130435,0.4927536231884058,0.49206349206349204,0.017340196400540298,0.11985726280436607,397.0,63.0,0.5188916876574308,-0.2865239294710327,0.036231884057971064
UNCOND_LONG,300,10,OOS,397,1.0,0.48866498740554154,-0.16750629722921914,-0.25,-0.01268152838386928,19.74685138539043,20.335012594458437,0.48866498740554154,0.4934725848563969,0.0,0.0,,,,,
cont_5,300,10,OOS,70,0.17632241813602015,0.42857142857142855,1.2571428571428571,-3.0,0.07762723139953734,21.103571428571428,21.482142857142858,0.42857142857142855,0.4927536231884058,-0.06009355883411299,1.4246491543720763,397.0,69.0,0.48866498740554154,-0.16750629722921914,-0.07142857142857145
fade_5,300,10,OOS,70,0.17632241813602015,0.5571428571428572,-1.2571428571428571,3.0,-0.07762723139953734,21.482142857142858,21.103571428571428,0.5714285714285714,0.5072463768115942,0.06847786973731562,-1.089636559913638,397.0,69.0,0.48866498740554154,-0.16750629722921914,0.05714285714285716
cont_15,300,10,OOS,59,0.1486146095717884,0.4745762711864407,-0.22033898305084745,-1.0,0.13330257248130137,20.29237288135593,23.783898305084747,0.4745762711864407,0.5,-0.01408871621910085,-0.05283268582162831,397.0,58.0,0.48866498740554154,-0.16750629722921914,-0.02542372881355931
fade_15,300,10,OOS,59,0.1486146095717884,0.5254237288135594,0.22033898305084745,1.0,-0.13330257248130137,23.783898305084747,20.29237288135593,0.5254237288135594,0.5,0.036758741408017825,0.3878452802800666,397.0,58.0,0.48866498740554154,-0.16750629722921914,0.025423728813559365
cont_30,300,10,OOS,69,0.17380352644836272,0.42028985507246375,0.42028985507246375,-2.75,-0.012017143983659192,20.52173913043478,20.16304347826087,0.463768115942029,0.4852941176470588,-0.06837513233307779,0.5877961523016829,397.0,68.0,0.48866498740554154,-0.16750629722921914,-0.07971014492753625
fade_30,300,10,OOS,69,0.17380352644836272,0.5652173913043478,-0.42028985507246375,2.75,0.012017143983659192,20.16304347826087,20.52173913043478,0.5362318840579711,0.5147058823529411,0.07655240389880624,-0.2527835578432446,397.0,68.0,0.48866498740554154,-0.16750629722921914,0.06521739130434778
UNCOND_LONG,300,15,OOS,397,1.0,0.44080604534005036,-2.0963476070528966,-2.5,-0.17049299154008474,23.75,25.724811083123427,0.48866498740554154,0.4895833333333333,0.0,0.0,,,,,
cont_5,300,15,OOS,70,0.17632241813602015,0.44285714285714284,0.03571428571428571,-1.5,-0.03299719434170284,26.182142857142857,26.057142857142857,0.42857142857142855,0.4857142857142857,0.0020510975170924817,2.132061892767182,397.0,70.0,0.44080604534005036,-2.0963476070528966,-0.05714285714285716
fade_5,300,15,OOS,70,0.17632241813602015,0.5428571428571428,-0.03571428571428571,1.5,0.03299719434170284,26.057142857142857,26.182142857142857,0.5714285714285714,0.5142857142857142,0.10205109751709246,2.060633321338611,397.0,70.0,0.44080604534005036,-2.0963476070528966,0.042857142857142816
cont_15,300,15,OOS,59,0.1486146095717884,0.5254237288135594,-3.1440677966101696,0.75,0.21762536307297267,25.546610169491526,30.48728813559322,0.4745762711864407,0.5,0.08461768347350901,-1.047720189557273,397.0,58.0,0.44080604534005036,-2.0963476070528966,0.025423728813559365
fade_15,300,15,OOS,59,0.1486146095717884,0.4576271186440678,3.1440677966101696,-0.75,-0.21762536307297267,30.48728813559322,25.546610169491526,0.5254237288135594,0.5,0.016821073304017442,5.240415403663066,397.0,58.0,0.44080604534005036,-2.0963476070528966,-0.0423728813559322
cont_30,300,15,OOS,69,0.17380352644836272,0.463768115942029,-1.9528985507246377,-0.75,-0.18894109239977205,24.615942028985508,25.079710144927535,0.4492753623188406,0.47761194029850745,0.022962070601978635,0.14344905632825888,397.0,67.0,0.44080604534005036,-2.0963476070528966,-0.03623188405797101
fade_30,300,15,OOS,69,0.17380352644836272,0.5072463768115942,1.9528985507246377,0.75,0.18894109239977205,25.079710144927535,24.615942028985508,0.5507246376811594,0.5223880597014925,0.06644033147154388,4.049246157777534,397.0,67.0,0.44080604534005036,-2.0963476070528966,0.007246376811594235
UNCOND_LONG,300,30,OOS,397,1.0,0.48866498740554154,-3.6442065491183877,-1.0,-0.2872258517739359,32.427581863979846,38.367758186397985,0.47103274559193953,0.4856396866840731,0.0,0.0,,,,,
cont_5,300,30,OOS,70,0.17632241813602015,0.5428571428571428,6.232142857142857,3.25,0.3077402201959183,39.675,33.98571428571429,0.42857142857142855,0.4927536231884058,0.054192155451601276,9.876349406261244,397.0,69.0,0.48866498740554154,-3.6442065491183877,0.042857142857142816
fade_5,300,30,OOS,70,0.17632241813602015,0.45714285714285713,-6.232142857142857,-3.25,-0.3077402201959183,33.98571428571429,39.675,0.5714285714285714,0.5072463768115942,-0.03152213026268441,-2.587936308024469,397.0,69.0,0.48866498740554154,-3.6442065491183877,-0.04285714285714287
cont_15,300,30,OOS,59,0.1486146095717884,0.5932203389830508,-3.9110169491525424,4.5,0.22808597637925637,36.483050847457626,41.21610169491525,0.5423728813559322,0.5087719298245614,0.10455535157750928,-0.2668104000341547,397.0,57.0,0.48866498740554154,-3.6442065491183877,0.09322033898305082
fade_15,300,30,OOS,59,0.1486146095717884,0.4067796610169492,3.9110169491525424,-4.5,-0.22808597637925637,41.21610169491525,36.483050847457626,0.4576271186440678,0.49122807017543857,-0.08188532638859236,7.55522349827093,397.0,57.0,0.48866498740554154,-3.6442065491183877,-0.09322033898305082
cont_30,300,30,OOS,69,0.17380352644836272,0.5362318840579711,-3.108695652173913,3.75,-0.24002718741392534,31.829710144927535,35.905797101449274,0.5072463768115942,0.48484848484848486,0.047566896652429524,0.5355108969444746,397.0,66.0,0.48866498740554154,-3.6442065491183877,0.036231884057971064
fade_30,300,30,OOS,69,0.17380352644836272,0.463768115942029,3.108695652173913,-3.75,0.24002718741392534,35.905797101449274,31.829710144927535,0.4927536231884058,0.5151515151515151,-0.02489687146351255,6.752902201292301,397.0,66.0,0.48866498740554154,-3.6442065491183877,-0.03623188405797101
UNCOND_LONG,300,45,OOS,397,1.0,0.5012594458438288,-4.488664987405541,0.25,-0.24934814498487362,40.4955919395466,47.44899244332494,0.491183879093199,0.4881889763779528,0.0,0.0,,,,,
cont_5,300,45,OOS,70,0.17632241813602015,0.4714285714285714,3.007142857142857,-2.875,0.26273380403610025,50.67142857142857,43.746428571428574,0.45714285714285713,0.5,-0.029830874415257336,7.495807844548398,397.0,68.0,0.5012594458438288,-4.488664987405541,-0.02857142857142858
fade_5,300,45,OOS,70,0.17632241813602015,0.5285714285714286,-3.007142857142857,2.875,-0.26273380403610025,43.746428571428574,50.67142857142857,0.5428571428571428,0.5,0.027311982727599826,1.4815221302626842,397.0,68.0,0.5012594458438288,-4.488664987405541,0.02857142857142858
cont_15,300,45,OOS,59,0.1486146095717884,0.4576271186440678,-3.402542372881356,-2.0,0.3131259591447271,44.71186440677966,47.46610169491525,0.5254237288135594,0.5087719298245614,-0.043632327199760956,1.0861226145241853,397.0,57.0,0.5012594458438288,-4.488664987405541,-0.0423728813559322
fade_15,300,45,OOS,59,0.1486146095717884,0.5423728813559322,3.402542372881356,2.0,-0.3131259591447271,47.46610169491525,44.71186440677966,0.4745762711864407,0.49122807017543857,0.04111343551210345,7.891207360286897,397.0,57.0,0.5012594458438288,-4.488664987405541,0.0423728813559322
cont_30,300,45,OOS,69,0.17380352644836272,0.463768115942029,-2.753623188405797,-2.0,-0.1554706189041982,41.33695652173913,46.268115942028984,0.5362318840579711,0.47692307692307695,-0.037491329901799764,1.7350417989997444,397.0,65.0,0.5012594458438288,-4.488664987405541,-0.03623188405797101
fade_30,300,45,OOS,69,0.17380352644836272,0.5362318840579711,2.753623188405797,2.0,0.1554706189041982,46.268115942028984,41.33695652173913,0.463768115942029,0.5230769230769231,0.03497243821414231,7.242288175811338,397.0,65.0,0.5012594458438288,-4.488664987405541,0.036231884057971064
UNCOND_LONG,300,60,OOS,397,1.0,0.49370277078085645,-5.866498740554156,-1.5,-0.354228880687512,46.10831234256927,54.885390428211586,0.47103274559193953,0.49076517150395776,0.0,0.0,,,,,
cont_5,300,60,OOS,70,0.17632241813602015,0.42857142857142855,1.082142857142857,-8.125,0.04239455273838206,56.1,52.19642857142857,0.45714285714285713,0.5,-0.0651313422094279,6.948641597697013,397.0,68.0,0.49370277078085645,-5.866498740554156,-0.07142857142857145
fade_5,300,60,OOS,70,0.17632241813602015,0.5714285714285714,-1.082142857142857,8.125,-0.04239455273838206,52.19642857142857,56.1,0.5428571428571428,0.5,0.07772580064771495,4.7843558834112985,397.0,68.0,0.49370277078085645,-5.866498740554156,0.0714285714285714
cont_15,300,60,OOS,59,0.1486146095717884,0.4067796610169492,-0.6694915254237288,-9.5,0.24608990551905854,50.3771186440678,52.69915254237288,0.5423728813559322,0.5087719298245614,-0.08692310976390727,5.1970072151304265,397.0,57.0,0.49370277078085645,-5.866498740554156,-0.09322033898305082
fade_15,300,60,OOS,59,0.1486146095717884,0.5932203389830508,0.6694915254237288,9.5,-0.24608990551905854,52.69915254237288,50.3771186440678,0.4576271186440678,0.49122807017543857,0.09951756820219437,6.535990265977885,397.0,57.0,0.49370277078085645,-5.866498740554156,0.09322033898305082
cont_30,300,60,OOS,69,0.17380352644836272,0.43478260869565216,-4.333333333333333,-9.75,-0.1338318047512353,48.1231884057971,52.44202898550725,0.5797101449275363,0.47692307692307695,-0.058920162085204286,1.5331654072208227,397.0,65.0,0.49370277078085645,-5.866498740554156,-0.06521739130434784
fade_30,300,60,OOS,69,0.17380352644836272,0.5652173913043478,4.333333333333333,9.75,0.1338318047512353,52.44202898550725,48.1231884057971,0.42028985507246375,0.5230769230769231,0.07151462052349133,10.199832073887489,397.0,65.0,0.49370277078085645,-5.866498740554156,0.06521739130434778
UNCOND_LONG,315,5,IS,2336,1.0,0.4948630136986301,0.02482876712328767,0.0,-0.029878665771173166,3.97410102739726,4.0458047945205475,0.4910102739726027,0.49607458292443574,0.0,0.0,,,,,
cont_5,315,5,IS,468,0.20034246575342465,0.4337606837606838,-0.8536324786324786,-0.5,-0.1621535330138101,3.986645299145299,4.818376068376068,0.44017094017094016,0.43309002433090027,-0.06110232993794634,-0.8784612457557662,2336.0,411.0,0.4948630136986301,0.02482876712328767,-0.06623931623931623
fade_5,315,5,IS,468,0.20034246575342465,0.5427350427350427,0.8536324786324786,0.5,0.1621535330138101,4.818376068376068,3.986645299145299,0.5491452991452992,0.5669099756690997,0.04787202903641258,0.828803711509191,2336.0,411.0,0.4948630136986301,0.02482876712328767,0.042735042735042694
cont_15,315,5,IS,473,0.20248287671232876,0.4587737843551797,-0.6173361522198731,0.0,-0.10612190140999148,4.280126849894292,4.5523255813953485,0.4630021141649049,0.4830097087378641,-0.036089229343450435,-0.6421649193431608,2336.0,412.0,0.4948630136986301,0.02482876712328767,-0.04122621564482032
fade_15,315,5,IS,473,0.20248287671232876,0.49682875264270615,0.6173361522198731,0.0,0.10612190140999148,4.5523255813953485,4.280126849894292,0.5116279069767442,0.5169902912621359,0.0019657389440760342,0.5925073850965855,2336.0,412.0,0.4948630136986301,0.02482876712328767,-0.0031712473572938493
cont_30,315,5,IS,468,0.20034246575342465,0.4551282051282051,-0.6330128205128205,-0.25,-0.09745350860104922,4.101495726495727,4.705128205128205,0.47863247863247865,0.48564593301435405,-0.039734808570424995,-0.6578415876361081,2336.0,418.0,0.4948630136986301,0.02482876712328767,-0.04487179487179488
fade_30,315,5,IS,468,0.20034246575342465,0.5106837606837606,0.6330128205128205,0.25,0.09745350860104922,4.705128205128205,4.101495726495727,0.5064102564102564,0.5143540669856459,0.01582074698513053,0.6081840533895329,2336.0,418.0,0.4948630136986301,0.02482876712328767,0.010683760683760646
UNCOND_LONG,315,10,IS,2336,1.0,0.4987157534246575,0.363548801369863,0.0,0.022106900656292994,5.628638698630137,5.7153253424657535,0.4940068493150685,0.4946808510638298,0.0,0.0,,,,,
cont_5,315,10,IS,468,0.20034246575342465,0.43162393162393164,-1.108440170940171,-0.5,-0.251608788622494,5.4743589743589745,6.7206196581196584,0.43162393162393164,0.4212860310421286,-0.06709182180072587,-1.471988972310034,2336.0,451.0,0.4987157534246575,0.363548801369863,-0.06837606837606836
fade_5,315,10,IS,468,0.20034246575342465,0.5491452991452992,1.108440170940171,0.5,0.251608788622494,6.7206196581196584,5.4743589743589745,0.5470085470085471,0.5787139689578714,0.05042954572064168,0.744891369570308,2336.0,451.0,0.4987157534246575,0.363548801369863,0.04914529914529919
cont_15,315,10,IS,473,0.20248287671232876,0.4608879492600423,-0.4677589852008457,-0.25,-0.14673775618413382,6.149048625792812,6.299154334038055,0.48414376321353064,0.47671840354767187,-0.03782780416461523,-0.8313077865707087,2336.0,451.0,0.4987157534246575,0.363548801369863,-0.039112050739957716
fade_15,315,10,IS,473,0.20248287671232876,0.5116279069767442,0.4677589852008457,0.25,0.14673775618413382,6.299154334038055,6.149048625792812,0.5031712473572939,0.5232815964523282,0.012912153552086691,0.10421018383098268,2336.0,451.0,0.4987157534246575,0.363548801369863,0.011627906976744207
cont_30,315,10,IS,468,0.20034246575342465,0.4252136752136752,-1.2232905982905984,-0.5,-0.2233492708234151,5.63301282051282,6.670940170940171,0.4636752136752137,0.4756637168141593,-0.07350207821098231,-1.5868393996604615,2336.0,452.0,0.4987157534246575,0.363548801369863,-0.0747863247863248
fade_30,315,10,IS,468,0.20034246575342465,0.5555555555555556,1.2232905982905984,0.5,0.2233492708234151,6.670940170940171,5.63301282051282,0.5213675213675214,0.5243362831858407,0.056839802130898065,0.8597417969207354,2336.0,452.0,0.4987157534246575,0.363548801369863,0.05555555555555558
UNCOND_LONG,315,15,IS,2336,1.0,0.5085616438356164,0.6727311643835616,0.25,0.05121851839668816,7.083476027397261,6.9575128424657535,0.4961472602739726,0.49256993006993005,0.0,0.0,,,,,
cont_5,315,15,IS,468,0.20034246575342465,0.4423076923076923,-1.045940170940171,-0.5,-0.28927179516397494,6.771367521367521,7.984508547008547,0.4465811965811966,0.4232456140350877,-0.06625395152792413,-1.7186713353237326,2336.0,456.0,0.5085616438356164,0.6727311643835616,-0.05769230769230771
fade_5,315,15,IS,468,0.20034246575342465,0.532051282051282,1.045940170940171,0.5,0.28927179516397494,7.984508547008547,6.771367521367521,0.532051282051282,0.5767543859649122,0.02348963821566563,0.3732090065566094,2336.0,456.0,0.5085616438356164,0.6727311643835616,0.03205128205128205
cont_15,315,15,IS,473,0.20248287671232876,0.5010570824524313,-0.05866807610993657,0.25,-0.009356967619778861,7.722515856236787,7.733086680761099,0.4883720930232558,0.474835886214442,-0.0075045613831851155,-0.7313992404934981,2336.0,457.0,0.5085616438356164,0.6727311643835616,0.0010570824524313016
fade_15,315,15,IS,473,0.20248287671232876,0.47780126849894294,0.05866807610993657,-0.25,0.009356967619778861,7.733086680761099,7.722515856236787,0.48414376321353064,0.5251641137855579,-0.030760375336673473,-0.6140630882736251,2336.0,457.0,0.5085616438356164,0.6727311643835616,-0.022198731501057056
cont_30,315,15,IS,468,0.20034246575342465,0.45726495726495725,-0.8808760683760684,-0.25,-0.10041483982340574,7.051816239316239,8.153311965811966,0.4658119658119658,0.48358862144420134,-0.05129668657065917,-1.55360723275963,2336.0,457.0,0.5085616438356164,0.6727311643835616,-0.04273504273504275
fade_30,315,15,IS,468,0.20034246575342465,0.5170940170940171,0.8808760683760684,0.25,0.10041483982340574,8.153311965811966,7.051816239316239,0.5021367521367521,0.5164113785557987,0.008532373258400727,0.20814490399250674,2336.0,457.0,0.5085616438356164,0.6727311643835616,0.017094017094017144
UNCOND_LONG,315,30,IS,2336,1.0,0.5021404109589042,0.253103595890411,0.25,-0.09817268971344865,10.090860445205479,10.439319349315069,0.4858732876712329,0.49318081830180377,0.0,0.0,,,,,
cont_5,315,30,IS,468,0.20034246575342465,0.48717948717948717,-0.6992521367521367,-0.25,-0.24488567084304103,10.411858974358974,11.5133547008547,0.4465811965811966,0.4269911504424779,-0.01496092377941699,-0.9523557326425477,2336.0,452.0,0.5021404109589042,0.253103595890411,-0.01282051282051283
fade_5,315,30,IS,468,0.20034246575342465,0.5064102564102564,0.6992521367521367,0.25,0.24488567084304103,11.5133547008547,10.411858974358974,0.5448717948717948,0.5730088495575221,0.004269845451352228,0.44614854086172573,2336.0,452.0,0.5021404109589042,0.253103595890411,0.0064102564102563875
cont_15,315,30,IS,473,0.20248287671232876,0.5052854122621564,0.2785412262156448,0.25,0.12069213236636261,11.638477801268499,11.123150105708245,0.5031712473572939,0.4759825327510917,0.0031450013032522373,0.02543763032523383,2336.0,458.0,0.5021404109589042,0.253103595890411,0.005285412262156397
fade_15,315,30,IS,473,0.20248287671232876,0.48414376321353064,-0.2785412262156448,-0.25,-0.12069213236636261,11.123150105708245,11.638477801268499,0.48625792811839325,0.5240174672489083,-0.017996647745373517,-0.5316448221060558,2336.0,458.0,0.5021404109589042,0.253103595890411,-0.015856236786469358
cont_30,315,30,IS,468,0.20034246575342465,0.4893162393162393,-1.1212606837606838,-0.25,-0.06514202785302832,10.395833333333334,11.700320512820513,0.47649572649572647,0.4878048780487805,-0.012824171642664861,-1.3743642796510946,2336.0,451.0,0.5021404109589042,0.253103595890411,-0.010683760683760701
fade_30,315,30,IS,468,0.20034246575342465,0.5064102564102564,1.1212606837606838,0.25,0.06514202785302832,11.700320512820513,10.395833333333334,0.5149572649572649,0.5121951219512195,0.004269845451352228,0.8681570878702728,2336.0,451.0,0.5021404109589042,0.253103595890411,0.0064102564102563875
UNCOND_LONG,315,45,IS,2336,1.0,0.5141267123287672,0.3291952054794521,0.5,-0.049107535522833756,12.210081335616438,12.705051369863014,0.4914383561643836,0.49248452696728556,0.0,0.0,,,,,
cont_5,315,45,IS,468,0.20034246575342465,0.44871794871794873,-0.9866452991452992,-1.25,-0.4221769624989718,12.899038461538462,13.651709401709402,0.4594017094017094,0.42538975501113585,-0.06540876361081843,-1.3158405046247512,2336.0,449.0,0.5141267123287672,0.3291952054794521,-0.051282051282051266
fade_5,315,45,IS,468,0.20034246575342465,0.5363247863247863,0.9866452991452992,1.25,0.4221769624989718,13.651709401709402,12.899038461538462,0.5299145299145299,0.5746102449888641,0.02219807399601914,0.6574500936658472,2336.0,449.0,0.5141267123287672,0.3291952054794521,0.03632478632478631
cont_15,315,45,IS,473,0.20248287671232876,0.49682875264270615,-0.011099365750528542,0.0,0.0546993804721444,14.156976744186046,13.372093023255815,0.5031712473572939,0.4758771929824561,-0.017297959686061015,-0.34029457122998064,2336.0,456.0,0.5141267123287672,0.3291952054794521,-0.0031712473572938493
fade_15,315,45,IS,473,0.20248287671232876,0.492600422832981,0.011099365750528542,0.0,-0.0546993804721444,13.372093023255815,14.156976744186046,0.4883720930232558,0.5241228070175439,-0.021526289495786166,-0.3180958397289235,2336.0,456.0,0.5141267123287672,0.3291952054794521,-0.007399577167019
cont_30,315,45,IS,468,0.20034246575342465,0.47649572649572647,-1.5,-0.75,-0.16119669972915565,12.599358974358974,14.110042735042734,0.452991452991453,0.484375,-0.0376309858330407,-1.829195205479452,2336.0,448.0,0.5141267123287672,0.3291952054794521,-0.023504273504273532
fade_30,315,45,IS,468,0.20034246575342465,0.5192307692307693,1.5,0.75,0.16119669972915565,14.110042735042734,12.599358974358974,0.5405982905982906,0.515625,0.005104056902002108,1.170804794520548,2336.0,448.0,0.5141267123287672,0.3291952054794521,0.019230769230769273
UNCOND_LONG,315,60,IS,2336,1.0,0.5342465753424658,0.7595248287671232,1.0,0.031025372422612635,14.40154109589041,14.878210616438356,0.5012842465753424,0.4917814304753443,0.0,0.0,,,,,
cont_5,315,60,IS,468,0.20034246575342465,0.41452991452991456,-1.2900641025641026,-1.5,-0.555693511154732,15.05715811965812,16.25801282051282,0.45085470085470086,0.4228187919463087,-0.11971666081255122,-2.049588931331226,2336.0,447.0,0.5342465753424658,0.7595248287671232,-0.08547008547008544
fade_5,315,60,IS,468,0.20034246575342465,0.5683760683760684,1.2900641025641026,1.5,0.555693511154732,16.25801282051282,15.05715811965812,0.5341880341880342,0.5771812080536913,0.034129493033602576,0.5305392737969794,2336.0,447.0,0.5342465753424658,0.7595248287671232,0.06837606837606836
cont_15,315,60,IS,473,0.20248287671232876,0.4714587737843552,-0.051268498942917545,-0.75,-0.09793548822566792,16.52801268498943,15.325581395348838,0.5010570824524313,0.473568281938326,-0.06278780155811059,-0.8107933277100408,2336.0,454.0,0.5342465753424658,0.7595248287671232,-0.02854122621564481
fade_15,315,60,IS,473,0.20248287671232876,0.5095137420718816,0.051268498942917545,0.75,0.09793548822566792,15.325581395348838,16.52801268498943,0.4904862579281184,0.526431718061674,-0.024732833270584176,-0.7082563298242057,2336.0,454.0,0.5342465753424658,0.7595248287671232,0.009513742071881603
cont_30,315,60,IS,468,0.20034246575342465,0.46794871794871795,-1.5048076923076923,-0.875,-0.14508486450665575,14.493055555555555,16.36965811965812,0.4594017094017094,0.4854586129753915,-0.06629785739374783,-2.2643325210748158,2336.0,447.0,0.5342465753424658,0.7595248287671232,-0.03205128205128205
fade_30,315,60,IS,468,0.20034246575342465,0.5277777777777778,1.5048076923076923,0.875,0.14508486450665575,16.36965811965812,14.493055555555555,0.532051282051282,0.5145413870246085,-0.006468797564687989,0.745282863540569,2336.0,447.0,0.5342465753424658,0.7595248287671232,0.02777777777777779
UNCOND_LONG,315,5,Validation,747,1.0,0.5087014725568942,-0.5435073627844712,0.25,-0.018841015862364696,11.052543507362785,12.00334672021419,0.47925033467202144,0.4845201238390093,0.0,0.0,,,,,
cont_5,315,5,Validation,140,0.18741633199464525,0.4714285714285714,-1.2232142857142858,-0.875,-0.01834271820810257,13.346428571428572,14.408928571428572,0.4785714285714286,0.49586776859504134,-0.03727290112832282,-0.6797069229298146,747.0,121.0,0.5087014725568942,-0.5435073627844712,-0.02857142857142858
fade_5,315,5,Validation,140,0.18741633199464525,0.5214285714285715,1.2232142857142858,0.875,0.01834271820810257,14.408928571428572,13.346428571428572,0.5071428571428571,0.5041322314049587,0.012727098871677223,1.766721648498757,747.0,121.0,0.5087014725568942,-0.5435073627844712,0.021428571428571463
cont_15,315,5,Validation,168,0.2248995983935743,0.43452380952380953,-2.3511904761904763,-2.75,-0.1401134969310651,12.099702380952381,14.18452380952381,0.4523809523809524,0.43448275862068964,-0.0741776630330847,-1.807683113406005,747.0,145.0,0.5087014725568942,-0.5435073627844712,-0.06547619047619047
fade_15,315,5,Validation,168,0.2248995983935743,0.5595238095238095,2.3511904761904763,2.75,0.1401134969310651,14.18452380952381,12.099702380952381,0.5416666666666666,0.5655172413793104,0.050822336966915294,2.8946978389749476,747.0,145.0,0.5087014725568942,-0.5435073627844712,0.059523809523809534
cont_30,315,5,Validation,158,0.21151271753681392,0.4240506329113924,-1.6044303797468353,-2.125,0.003032066067449682,11.498417721518987,13.412974683544304,0.47468354430379744,0.4855072463768116,-0.08465083964550185,-1.0609230169623642,747.0,138.0,0.5087014725568942,-0.5435073627844712,-0.07594936708860761
fade_30,315,5,Validation,158,0.21151271753681392,0.569620253164557,1.6044303797468353,2.125,-0.003032066067449682,13.412974683544304,11.498417721518987,0.5253164556962026,0.5144927536231884,0.06091878060766276,2.1479377425313064,747.0,138.0,0.5087014725568942,-0.5435073627844712,0.069620253164557
UNCOND_LONG,315,10,Validation,747,1.0,0.5113788487282463,0.5210843373493976,0.5,0.0790026425377614,15.639223560910308,16.60542168674699,0.5153949129852744,0.48005502063273725,0.0,0.0,,,,,
cont_5,315,10,Validation,140,0.18741633199464525,0.45,-0.7803571428571429,-1.375,-0.09459722664781563,18.72142857142857,20.535714285714285,0.4714285714285714,0.5,-0.06137884872824634,-1.3014414802065404,747.0,136.0,0.5113788487282463,0.5210843373493976,-0.04999999999999999
fade_5,315,10,Validation,140,0.18741633199464525,0.5428571428571428,0.7803571428571429,1.375,0.09459722664781563,20.535714285714285,18.72142857142857,0.5142857142857142,0.5,0.03147829412889647,0.25927280550774523,747.0,136.0,0.5113788487282463,0.5210843373493976,0.042857142857142816
cont_15,315,10,Validation,168,0.2248995983935743,0.5,0.21428571428571427,-0.125,0.020759909129890855,17.519345238095237,18.946428571428573,0.47619047619047616,0.4409937888198758,-0.011378848728246349,-0.30679862306368333,747.0,161.0,0.5113788487282463,0.5210843373493976,0.0
fade_15,315,10,Validation,168,0.2248995983935743,0.5,-0.21428571428571427,0.125,-0.020759909129890855,18.946428571428573,17.519345238095237,0.5119047619047619,0.5590062111801242,-0.011378848728246349,-0.7353700516351119,747.0,161.0,0.5113788487282463,0.5210843373493976,0.0
cont_30,315,10,Validation,158,0.21151271753681392,0.44936708860759494,-0.15031645569620253,-1.25,0.06965718512957067,16.490506329113924,18.17246835443038,0.4430379746835443,0.47019867549668876,-0.062011760120651405,-0.6714007930456002,747.0,151.0,0.5113788487282463,0.5210843373493976,-0.050632911392405056
fade_30,315,10,Validation,158,0.21151271753681392,0.5506329113924051,0.15031645569620253,1.25,-0.06965718512957067,18.17246835443038,16.490506329113924,0.5443037974683544,0.5298013245033113,0.03925406266415876,-0.3707678816531951,747.0,151.0,0.5113788487282463,0.5210843373493976,0.05063291139240511
UNCOND_LONG,315,15,Validation,747,1.0,0.5341365461847389,0.5816599732262383,1.5,0.09161414865120207,19.423360107095046,20.27443105756359,0.5113788487282463,0.4782016348773842,0.0,0.0,,,,,
cont_5,315,15,Validation,140,0.18741633199464525,0.44285714285714284,-2.4571428571428573,-3.625,-0.27312584769216425,22.31607142857143,24.825,0.4714285714285714,0.5,-0.0912794033275961,-3.0388028303690957,747.0,136.0,0.5341365461847389,0.5816599732262383,-0.05714285714285716
fade_5,315,15,Validation,140,0.18741633199464525,0.5428571428571428,2.4571428571428573,3.625,0.27312584769216425,24.825,22.31607142857143,0.5285714285714286,0.5,0.00872059667240388,1.8754828839166189,747.0,136.0,0.5341365461847389,0.5816599732262383,0.042857142857142816
cont_15,315,15,Validation,168,0.2248995983935743,0.44047619047619047,-1.3526785714285714,-2.25,-0.12999880755502302,20.813988095238095,23.351190476190474,0.4642857142857143,0.43558282208588955,-0.09366035570854847,-1.9343385446548096,747.0,163.0,0.5341365461847389,0.5816599732262383,-0.059523809523809534
fade_15,315,15,Validation,168,0.2248995983935743,0.5476190476190477,1.3526785714285714,2.25,0.12999880755502302,23.351190476190474,20.813988095238095,0.5357142857142857,0.5644171779141104,0.013482501434308736,0.7710185982023331,747.0,163.0,0.5341365461847389,0.5816599732262383,0.04761904761904767
cont_30,315,15,Validation,158,0.21151271753681392,0.4620253164556962,-1.1851265822784811,-1.75,-0.04675883251363075,19.90506329113924,22.843354430379748,0.43670886075949367,0.4675324675324675,-0.07211122972904271,-1.7667865555047193,747.0,154.0,0.5341365461847389,0.5816599732262383,-0.03797468354430378
fade_30,315,15,Validation,158,0.21151271753681392,0.5316455696202531,1.1851265822784811,1.75,0.04675883251363075,22.843354430379748,19.90506329113924,0.5632911392405063,0.5324675324675324,-0.002490976564485825,0.6034666090522428,747.0,154.0,0.5341365461847389,0.5816599732262383,0.03164556962025311
UNCOND_LONG,315,30,Validation,747,1.0,0.5408299866131191,-0.28078982597054886,3.0,0.07857423636234002,28.15829986613119,30.22690763052209,0.5127175368139224,0.4786795048143054,0.0,0.0,,,,,
cont_5,315,30,Validation,140,0.18741633199464525,0.4928571428571429,2.45,-0.125,0.18781015760292868,34.21964285714286,34.15,0.4857142857142857,0.4962962962962963,-0.04797284375597621,2.730789825970549,747.0,135.0,0.5408299866131191,-0.28078982597054886,-0.0071428571428571175
fade_5,315,30,Validation,140,0.18741633199464525,0.5,-2.45,0.125,-0.18781015760292868,34.15,34.21964285714286,0.5142857142857142,0.5037037037037037,-0.040829986613119096,-2.1692101740294514,747.0,135.0,0.5408299866131191,-0.28078982597054886,0.0
cont_15,315,30,Validation,168,0.2248995983935743,0.4880952380952381,-0.5580357142857143,-0.75,0.018527993045224456,30.491071428571427,32.342261904761905,0.4523809523809524,0.4382716049382716,-0.052734748517881014,-0.27724588831516545,747.0,162.0,0.5408299866131191,-0.28078982597054886,-0.011904761904761918
fade_15,315,30,Validation,168,0.2248995983935743,0.5059523809523809,0.5580357142857143,0.75,-0.018527993045224456,32.342261904761905,30.491071428571427,0.5476190476190477,0.5617283950617284,-0.034877605660738165,0.8388255402562632,747.0,162.0,0.5408299866131191,-0.28078982597054886,0.005952380952380931
cont_30,315,30,Validation,158,0.21151271753681392,0.5126582278481012,-0.8496835443037974,0.375,0.014260239956983828,28.556962025316455,31.473101265822784,0.4873417721518987,0.4675324675324675,-0.028171758765017874,-0.5688937183332485,747.0,154.0,0.5408299866131191,-0.28078982597054886,0.012658227848101222
fade_30,315,30,Validation,158,0.21151271753681392,0.4810126582278481,0.8496835443037974,-0.375,-0.014260239956983828,31.473101265822784,28.556962025316455,0.5126582278481012,0.5324675324675324,-0.059817328385270985,1.1304733702743464,747.0,154.0,0.5408299866131191,-0.28078982597054886,-0.01898734177215189
UNCOND_LONG,315,45,Validation,747,1.0,0.5327978580990629,-0.36613119143239625,2.75,0.11195785612330927,33.75870147255689,35.539491298527444,0.5261044176706827,0.47717842323651455,0.0,0.0,,,,,
cont_5,315,45,Validation,140,0.18741633199464525,0.5,0.6071428571428571,0.25,0.12999118847293337,40.894642857142856,39.38392857142857,0.4785714285714286,0.4925373134328358,-0.03279785809906288,0.9732740485752533,747.0,134.0,0.5327978580990629,-0.36613119143239625,0.0
fade_5,315,45,Validation,140,0.18741633199464525,0.5,-0.6071428571428571,-0.25,-0.12999118847293337,39.38392857142857,40.894642857142856,0.5142857142857142,0.5074626865671642,-0.03279785809906288,-0.24101166571046084,747.0,134.0,0.5327978580990629,-0.36613119143239625,0.0
cont_15,315,45,Validation,168,0.2248995983935743,0.5,-1.3392857142857142,-0.25,0.13116479745490248,36.59077380952381,37.24404761904762,0.4880952380952381,0.4375,-0.03279785809906288,-0.9731545228533179,747.0,160.0,0.5327978580990629,-0.36613119143239625,0.0
fade_15,315,45,Validation,168,0.2248995983935743,0.5,1.3392857142857142,0.25,-0.13116479745490248,37.24404761904762,36.59077380952381,0.5119047619047619,0.5625,-0.03279785809906288,1.7054169057181103,747.0,160.0,0.5327978580990629,-0.36613119143239625,0.0
cont_30,315,45,Validation,158,0.21151271753681392,0.5189873417721519,-1.7658227848101267,2.875,0.19119155630961557,33.91930379746835,37.427215189873415,0.4873417721518987,0.46405228758169936,-0.013810516326910993,-1.3996915933777303,747.0,153.0,0.5327978580990629,-0.36613119143239625,0.01898734177215189
fade_30,315,45,Validation,158,0.21151271753681392,0.47468354430379744,1.7658227848101267,-2.875,-0.19119155630961557,37.427215189873415,33.91930379746835,0.5126582278481012,0.5359477124183006,-0.05811431379526544,2.131953976242523,747.0,153.0,0.5327978580990629,-0.36613119143239625,-0.025316455696202556
UNCOND_LONG,315,60,Validation,747,1.0,0.5207496653279786,-1.5468540829986612,2.25,0.062383168778935134,38.75435073627845,41.211178045515396,0.5301204819277109,0.47572815533980584,0.0,0.0,,,,,
cont_5,315,60,Validation,140,0.18741633199464525,0.45,3.5660714285714286,-2.125,0.3550956983884637,48.22857142857143,44.6125,0.4785714285714286,0.4925373134328358,-0.0707496653279786,5.11292551157009,747.0,134.0,0.5207496653279786,-1.5468540829986612,-0.04999999999999999
fade_5,315,60,Validation,140,0.18741633199464525,0.5428571428571428,-3.5660714285714286,2.125,-0.3550956983884637,44.6125,48.22857142857143,0.5214285714285715,0.5074626865671642,0.0221074775291642,-2.019217345572767,747.0,134.0,0.5207496653279786,-1.5468540829986612,0.042857142857142816
cont_15,315,60,Validation,168,0.2248995983935743,0.5,-1.193452380952381,-0.125,0.16693721348977433,42.30059523809524,42.979166666666664,0.47619047619047616,0.4375,-0.020749665327978617,0.3534017020462803,747.0,160.0,0.5207496653279786,-1.5468540829986612,0.0
fade_15,315,60,Validation,168,0.2248995983935743,0.5,1.193452380952381,0.125,-0.16693721348977433,42.979166666666664,42.30059523809524,0.5238095238095238,0.5625,-0.020749665327978617,2.7403064639510424,747.0,160.0,0.5207496653279786,-1.5468540829986612,0.0
cont_30,315,60,Validation,158,0.21151271753681392,0.46835443037974683,-1.231012658227848,-3.75,0.3473730802691511,40.31487341772152,43.56962025316456,0.4873417721518987,0.46405228758169936,-0.052395234948231784,0.31584142477081323,747.0,153.0,0.5207496653279786,-1.5468540829986612,-0.03164556962025317
fade_30,315,60,Validation,158,0.21151271753681392,0.5316455696202531,1.231012658227848,3.75,-0.3473730802691511,43.56962025316456,40.31487341772152,0.5126582278481012,0.5359477124183006,0.010895904292274494,2.777866741226509,747.0,153.0,0.5207496653279786,-1.5468540829986612,0.03164556962025311
UNCOND_LONG,315,5,OOS,397,1.0,0.5188916876574308,1.2159949622166246,1.0,0.06582252665273357,14.683249370277078,13.792821158690176,0.5138539042821159,0.49693251533742333,0.0,0.0,,,,,
cont_5,315,5,OOS,59,0.1486146095717884,0.3898305084745763,-2.7457627118644066,-2.75,-0.3009210194607583,15.427966101694915,18.228813559322035,0.2711864406779661,0.34,-0.12906117918285448,-3.9617576740810314,397.0,50.0,0.5188916876574308,1.2159949622166246,-0.11016949152542371
fade_5,315,5,OOS,59,0.1486146095717884,0.6101694915254238,2.7457627118644066,2.75,0.3009210194607583,18.228813559322035,15.427966101694915,0.711864406779661,0.66,0.091277803867993,1.529767749647782,397.0,50.0,0.5188916876574308,1.2159949622166246,0.11016949152542377
cont_15,315,5,OOS,69,0.17380352644836272,0.43478260869565216,-3.9384057971014492,-4.75,-0.15935336504846198,17.304347826086957,21.858695652173914,0.36231884057971014,0.4166666666666667,-0.0841090789617786,-5.154400759318074,397.0,60.0,0.5188916876574308,1.2159949622166246,-0.06521739130434784
fade_15,315,5,OOS,69,0.17380352644836272,0.5652173913043478,3.9384057971014492,4.75,0.15935336504846198,21.858695652173914,17.304347826086957,0.6376811594202898,0.5833333333333334,0.046325703646917016,2.7224108348848244,397.0,60.0,0.5188916876574308,1.2159949622166246,0.06521739130434778
cont_30,315,5,OOS,60,0.15113350125944586,0.5166666666666667,-1.5125,1.25,-0.08980970454091511,16.316666666666666,19.245833333333334,0.38333333333333336,0.37735849056603776,-0.0022250209907640484,-2.7284949622166246,397.0,53.0,0.5188916876574308,1.2159949622166246,0.01666666666666672
fade_30,315,5,OOS,60,0.15113350125944586,0.4666666666666667,1.5125,-1.25,0.08980970454091511,19.245833333333334,16.316666666666666,0.6166666666666667,0.6226415094339622,-0.05222502099076409,0.29650503778337534,397.0,53.0,0.5188916876574308,1.2159949622166246,-0.033333333333333326
UNCOND_LONG,315,10,OOS,397,1.0,0.5516372795969773,0.10012594458438287,2.75,0.05602794486082468,20.5308564231738,20.59949622166247,0.5214105793450882,0.49606299212598426,0.0,0.0,,,,,
cont_5,315,10,OOS,59,0.1486146095717884,0.423728813559322,0.7415254237288136,-3.0,-0.014226738100318959,24.177966101694917,23.016949152542374,0.4406779661016949,0.4,-0.12790846603765527,0.6413994791444307,397.0,55.0,0.5516372795969773,0.10012594458438287,-0.07627118644067798
fade_5,315,10,OOS,59,0.1486146095717884,0.576271186440678,-0.7415254237288136,3.0,0.014226738100318959,23.016949152542374,24.177966101694917,0.5423728813559322,0.6,0.024633906843700704,-0.8416513683131964,397.0,55.0,0.5516372795969773,0.10012594458438287,0.07627118644067798
cont_15,315,10,OOS,69,0.17380352644836272,0.4782608695652174,-2.2427536231884058,-3.25,0.04355536111961987,24.30072463768116,28.557971014492754,0.4927536231884058,0.4375,-0.07337641003175988,-2.3428795677727887,397.0,64.0,0.5516372795969773,0.10012594458438287,-0.021739130434782594
fade_15,315,10,OOS,69,0.17380352644836272,0.5217391304347826,2.2427536231884058,3.25,-0.04355536111961987,28.557971014492754,24.30072463768116,0.5072463768115942,0.5625,-0.029898149162194687,2.142627678604023,397.0,64.0,0.5516372795969773,0.10012594458438287,0.021739130434782594
cont_30,315,10,OOS,60,0.15113350125944586,0.4666666666666667,-3.3875,-2.125,-0.09353995963822292,20.720833333333335,26.3875,0.45,0.35714285714285715,-0.08497061293031061,-3.487625944584383,397.0,56.0,0.5516372795969773,0.10012594458438287,-0.033333333333333326
fade_30,315,10,OOS,60,0.15113350125944586,0.5333333333333333,3.3875,2.125,0.09353995963822292,26.3875,20.720833333333335,0.55,0.6428571428571429,-0.018303946263643955,3.2873740554156172,397.0,56.0,0.5516372795969773,0.10012594458438287,0.033333333333333326
UNCOND_LONG,315,15,OOS,397,1.0,0.5617128463476071,-1.6177581863979849,3.25,-0.1129117567220011,24.62594458438287,27.052267002518892,0.5289672544080605,0.4987146529562982,0.0,0.0,,,,,
cont_5,315,15,OOS,59,0.1486146095717884,0.423728813559322,2.957627118644068,-5.75,-0.028296590681841902,30.364406779661017,28.35169491525424,0.4745762711864407,0.4107142857142857,-0.13798403278828508,4.575385305042053,397.0,56.0,0.5617128463476071,-1.6177581863979849,-0.07627118644067798
fade_5,315,15,OOS,59,0.1486146095717884,0.576271186440678,-2.957627118644068,5.75,0.028296590681841902,28.35169491525424,30.364406779661017,0.5254237288135594,0.5892857142857143,0.014558340093070887,-1.339868932246083,397.0,56.0,0.5617128463476071,-1.6177581863979849,0.07627118644067798
cont_15,315,15,OOS,69,0.17380352644836272,0.5217391304347826,-1.3297101449275361,1.0,-0.040126976787134644,30.01086956521739,36.18840579710145,0.4782608695652174,0.4307692307692308,-0.0399737159128245,0.2880480414704487,397.0,65.0,0.5617128463476071,-1.6177581863979849,0.021739130434782594
fade_15,315,15,OOS,69,0.17380352644836272,0.4782608695652174,1.3297101449275361,-1.0,0.040126976787134644,36.18840579710145,30.01086956521739,0.5072463768115942,0.5692307692307692,-0.08345197678238969,2.947468331325521,397.0,65.0,0.5617128463476071,-1.6177581863979849,-0.021739130434782594
cont_30,315,15,OOS,60,0.15113350125944586,0.48333333333333334,3.05,-1.625,0.22046803360737308,28.033333333333335,30.370833333333334,0.4666666666666667,0.3684210526315789,-0.07837951301427376,4.667758186397984,397.0,57.0,0.5617128463476071,-1.6177581863979849,-0.016666666666666663
fade_30,315,15,OOS,60,0.15113350125944586,0.5166666666666667,-3.05,1.625,-0.22046803360737308,30.370833333333334,28.033333333333335,0.5333333333333333,0.631578947368421,-0.04504617968094038,-1.432241813602015,397.0,57.0,0.5617128463476071,-1.6177581863979849,0.01666666666666672
UNCOND_LONG,315,30,OOS,397,1.0,0.5012594458438288,-2.4622166246851385,0.25,-0.07107420922515006,35.27581863979849,38.30100755667506,0.5289672544080605,0.49870801033591733,0.0,0.0,,,,,
cont_5,315,30,OOS,59,0.1486146095717884,0.3898305084745763,-7.703389830508475,-13.25,-0.8725186870424471,37.77542372881356,41.58474576271186,0.3898305084745763,0.4,-0.11142893736925247,-5.241173205823337,397.0,55.0,0.5012594458438288,-2.4622166246851385,-0.11016949152542371
fade_5,315,30,OOS,59,0.1486146095717884,0.6101694915254238,7.703389830508475,13.25,0.8725186870424471,41.58474576271186,37.77542372881356,0.6101694915254238,0.6,0.10891004568159501,10.165606455193613,397.0,55.0,0.5012594458438288,-2.4622166246851385,0.11016949152542377
cont_15,315,30,OOS,69,0.17380352644836272,0.5072463768115942,-3.3079710144927534,1.25,-0.1719147257012074,44.231884057971016,49.64855072463768,0.43478260869565216,0.4153846153846154,0.00598693096776548,-0.845754389807615,397.0,65.0,0.5012594458438288,-2.4622166246851385,0.007246376811594235
fade_15,315,30,OOS,69,0.17380352644836272,0.4927536231884058,3.3079710144927534,-1.25,0.1719147257012074,49.64855072463768,44.231884057971016,0.5507246376811594,0.5846153846153846,-0.008505822655422934,5.770187639177892,397.0,65.0,0.5012594458438288,-2.4622166246851385,-0.00724637681159418
cont_30,315,30,OOS,60,0.15113350125944586,0.5166666666666667,1.65,2.125,0.07031219947749659,41.0625,40.65416666666667,0.48333333333333334,0.3684210526315789,0.015407220822837964,4.112216624685138,397.0,57.0,0.5012594458438288,-2.4622166246851385,0.01666666666666672
fade_30,315,30,OOS,60,0.15113350125944586,0.48333333333333334,-1.65,-2.125,-0.07031219947749659,40.65416666666667,41.0625,0.5,0.631578947368421,-0.017926112510495418,0.8122166246851386,397.0,57.0,0.5012594458438288,-2.4622166246851385,-0.016666666666666663
UNCOND_LONG,315,45,OOS,397,1.0,0.48866498740554154,-3.8400503778337534,-1.25,-0.17183024619448983,41.92632241813602,47.37027707808564,0.5037783375314862,0.5012987012987012,0.0,0.0,,,,,
cont_5,315,45,OOS,59,0.1486146095717884,0.4067796610169492,-11.686440677966102,-7.25,-0.8379089420823612,43.902542372881356,52.58474576271186,0.3389830508474576,0.4,-0.08188532638859236,-7.846390300132349,397.0,55.0,0.48866498740554154,-3.8400503778337534,-0.09322033898305082
fade_5,315,45,OOS,59,0.1486146095717884,0.5932203389830508,11.686440677966102,7.25,0.8379089420823612,52.58474576271186,43.902542372881356,0.6610169491525424,0.6,0.10455535157750928,15.526491055799855,397.0,55.0,0.48866498740554154,-3.8400503778337534,0.09322033898305082
cont_15,315,45,OOS,69,0.17380352644836272,0.463768115942029,-21.416666666666668,-5.75,-0.8109832645867401,51.38405797101449,64.18478260869566,0.4057971014492754,0.421875,-0.02489687146351255,-17.576616288832916,397.0,64.0,0.48866498740554154,-3.8400503778337534,-0.03623188405797101
fade_15,315,45,OOS,69,0.17380352644836272,0.5362318840579711,21.416666666666668,5.75,0.8109832645867401,64.18478260869566,51.38405797101449,0.5797101449275363,0.578125,0.047566896652429524,25.25671704450042,397.0,64.0,0.48866498740554154,-3.8400503778337534,0.036231884057971064
cont_30,315,45,OOS,60,0.15113350125944586,0.4666666666666667,-7.4,-3.75,-0.39048083178228843,47.0125,49.65,0.43333333333333335,0.3684210526315789,-0.021998320738874866,-3.559949622166247,397.0,57.0,0.48866498740554154,-3.8400503778337534,-0.033333333333333326
fade_30,315,45,OOS,60,0.15113350125944586,0.5333333333333333,7.4,3.75,0.39048083178228843,49.65,47.0125,0.5666666666666667,0.631578947368421,0.044668345927791786,11.240050377833754,397.0,57.0,0.48866498740554154,-3.8400503778337534,0.033333333333333326
UNCOND_LONG,315,60,OOS,397,1.0,0.473551637279597,-5.574307304785894,-2.5,-0.31030208695093003,47.75251889168766,55.53652392947103,0.49622166246851385,0.5,0.0,0.0,,,,,
cont_5,315,60,OOS,59,0.1486146095717884,0.4067796610169492,-12.936440677966102,-8.5,-0.7351364240607282,49.57627118644068,60.84322033898305,0.3898305084745763,0.4,-0.0667719762626478,-7.362133373180208,397.0,55.0,0.473551637279597,-5.574307304785894,-0.09322033898305082
fade_5,315,60,OOS,59,0.1486146095717884,0.5932203389830508,12.936440677966102,8.5,0.7351364240607282,60.84322033898305,49.57627118644068,0.6101694915254238,0.6,0.11966870170345384,18.510747982751997,397.0,55.0,0.473551637279597,-5.574307304785894,0.09322033898305082
cont_15,315,60,OOS,69,0.17380352644836272,0.36231884057971014,-30.231884057971016,-16.0,-1.3742823889048106,56.61231884057971,77.05072463768116,0.42028985507246375,0.421875,-0.11123279669988684,-24.657576753185122,397.0,64.0,0.473551637279597,-5.574307304785894,-0.13768115942028986
fade_15,315,60,OOS,69,0.17380352644836272,0.6376811594202898,30.231884057971016,16.0,1.3742823889048106,77.05072463768116,56.61231884057971,0.5797101449275363,0.578125,0.16412952214069282,35.80619136275691,397.0,64.0,0.473551637279597,-5.574307304785894,0.1376811594202898
cont_30,315,60,OOS,60,0.15113350125944586,0.45,-6.583333333333333,-7.0,-0.37720836057202256,53.63333333333333,57.4375,0.45,0.3684210526315789,-0.02355163727959697,-1.0090260285474386,397.0,57.0,0.473551637279597,-5.574307304785894,-0.04999999999999999
fade_30,315,60,OOS,60,0.15113350125944586,0.55,6.583333333333333,7.0,0.37720836057202256,57.4375,53.63333333333333,0.55,0.631578947368421,0.07644836272040306,12.157640638119227,397.0,57.0,0.473551637279597,-5.574307304785894,0.050000000000000044
