mechanism,T_offset,horizon,split,n,win,mean,rate,n_high,follow_win,delta_win_vs_follow,delta_mean_vs_follow
HIGH_ALONE_FOLLOW,15,10,IS,820,0.5073170731707317,0.5033536585365853,0.9987819732034104,,,,
HIGH_ALONE_LONG,15,10,IS,821,0.48112058465286234,-0.015225334957369063,1.0,,,,
align_1_5,15,10,IS,559,0.5008944543828264,-0.11404293381037567,0.6808769792935444,821.0,0.5073170731707317,-0.006422618787905288,-0.617396592346961
align_1_5_15,15,10,IS,381,0.5065616797900262,0.45603674540682415,0.464068209500609,821.0,0.5073170731707317,-0.0007553933807055158,-0.04731691312976116
align_5_15,15,10,IS,540,0.5092592592592593,0.325,0.6577344701583435,821.0,0.5073170731707317,0.0019421860885275866,-0.1783536585365853
accel_with_med,15,10,IS,387,0.5064599483204134,0.05103359173126615,0.4713763702801462,821.0,0.5073170731707317,-0.0008571248503183027,-0.45232006680531917
rev_short_vs_med,15,10,IS,323,0.5108359133126935,0.9620743034055728,0.3934226552984166,821.0,0.5073170731707317,0.0035188401419617987,0.45872064486898745
disagree_follow_short,15,10,IS,323,0.47058823529411764,-0.9620743034055728,0.3934226552984166,821.0,0.5073170731707317,-0.03672883787661407,-1.465427961942158
follow_5,15,10,IS,812,0.5073891625615764,-0.06927339901477833,0.9890377588306942,821.0,0.5073170731707317,7.208939084468735e-05,-0.5726270575513637
follow_15,15,10,IS,821,0.5042630937880633,0.5115712545676004,1.0,821.0,0.5073170731707317,-0.0030539793826683814,0.008217596031015129
HIGH_ALONE_FOLLOW,15,15,IS,820,0.5134146341463415,0.6530487804878049,0.9987819732034104,,,,
HIGH_ALONE_LONG,15,15,IS,821,0.5030450669914738,0.20828258221680876,1.0,,,,
align_1_5,15,15,IS,559,0.481216457960644,-0.6440071556350626,0.6808769792935444,821.0,0.5134146341463415,-0.03219817618569748,-1.2970559361228675
align_1_5_15,15,15,IS,381,0.5039370078740157,0.2263779527559055,0.464068209500609,821.0,0.5134146341463415,-0.009477626272325734,-0.4266708277318994
align_5_15,15,15,IS,540,0.5166666666666667,0.2912037037037037,0.6577344701583435,821.0,0.5134146341463415,0.003252032520325243,-0.3618450767841012
accel_with_med,15,15,IS,387,0.49870801033591733,-0.774547803617571,0.4713763702801462,821.0,0.5134146341463415,-0.014706623810424146,-1.427596584105376
rev_short_vs_med,15,15,IS,323,0.5572755417956656,1.7507739938080495,0.3934226552984166,821.0,0.5134146341463415,0.043860907649324155,1.0977252133202446
disagree_follow_short,15,15,IS,323,0.42724458204334365,-1.7507739938080495,0.3934226552984166,821.0,0.5134146341463415,-0.08617005210299783,-2.4038227742958544
follow_5,15,15,IS,812,0.5024630541871922,-0.10498768472906404,0.9890377588306942,821.0,0.5134146341463415,-0.010951579959149305,-0.758036465216869
follow_15,15,15,IS,821,0.5176613885505481,0.5097442143727162,1.0,821.0,0.5134146341463415,0.004246754404206632,-0.14330456611508868
HIGH_ALONE_FOLLOW,15,30,IS,820,0.5304878048780488,1.2746951219512195,0.9987819732034104,,,,
HIGH_ALONE_LONG,15,30,IS,821,0.5042630937880633,-0.16991473812423874,1.0,,,,
align_1_5,15,30,IS,559,0.4919499105545617,-1.1820214669051878,0.6808769792935444,821.0,0.5304878048780488,-0.03853789432348709,-2.4567165888564073
align_1_5_15,15,30,IS,381,0.5118110236220472,0.04330708661417323,0.464068209500609,821.0,0.5304878048780488,-0.018676781256001584,-1.2313880353370463
align_5_15,15,30,IS,540,0.512962962962963,0.1361111111111111,0.6577344701583435,821.0,0.5304878048780488,-0.017524841915085854,-1.1385840108401084
accel_with_med,15,30,IS,387,0.524547803617571,-0.35723514211886304,0.4713763702801462,821.0,0.5304878048780488,-0.0059400012604777785,-1.6319302640700826
rev_short_vs_med,15,30,IS,323,0.5356037151702786,2.3575851393188856,0.3934226552984166,821.0,0.5304878048780488,0.005115910292229797,1.082890017367666
disagree_follow_short,15,30,IS,323,0.4520123839009288,-2.3575851393188856,0.3934226552984166,821.0,0.5304878048780488,-0.07847542097712001,-3.632280261270105
follow_5,15,30,IS,812,0.49507389162561577,-0.5705049261083743,0.9890377588306942,821.0,0.5304878048780488,-0.03541391325243304,-1.8452000480595938
follow_15,15,30,IS,821,0.5225334957369062,0.7807551766138855,1.0,821.0,0.5304878048780488,-0.00795430914114259,-0.493939945337334
HIGH_ALONE_FOLLOW,15,10,Validation,222,0.5045045045045045,0.9932432432432432,1.0,,,,
HIGH_ALONE_LONG,15,10,Validation,222,0.536036036036036,3.1328828828828827,1.0,,,,
align_1_5,15,10,Validation,144,0.4513888888888889,-2.3003472222222223,0.6486486486486487,222.0,0.5045045045045045,-0.05311561561561556,-3.2935904654654653
align_1_5_15,15,10,Validation,103,0.4563106796116505,-3.1650485436893203,0.46396396396396394,222.0,0.5045045045045045,-0.048193824892853954,-4.158291786932564
align_5_15,15,10,Validation,159,0.4779874213836478,-1.1556603773584906,0.7162162162162162,222.0,0.5045045045045045,-0.026517083120856655,-2.148903620601734
accel_with_med,15,10,Validation,102,0.49019607843137253,0.7009803921568627,0.4594594594594595,222.0,0.5045045045045045,-0.01430842607313193,-0.2922628510863805
rev_short_vs_med,15,10,Validation,96,0.53125,1.4140625,0.43243243243243246,222.0,0.5045045045045045,0.02674549549549554,0.4208192567567568
disagree_follow_short,15,10,Validation,96,0.46875,-1.4140625,0.43243243243243246,222.0,0.5045045045045045,-0.03575450450450446,-2.407305743243243
follow_5,15,10,Validation,221,0.4660633484162896,-1.5429864253393666,0.9954954954954955,222.0,0.5045045045045045,-0.038441156088214856,-2.53622966858261
follow_15,15,10,Validation,222,0.5045045045045045,0.15765765765765766,1.0,222.0,0.5045045045045045,0.0,-0.8355855855855856
HIGH_ALONE_FOLLOW,15,15,Validation,222,0.536036036036036,1.3164414414414414,1.0,,,,
HIGH_ALONE_LONG,15,15,Validation,222,0.5225225225225225,2.5664414414414414,1.0,,,,
align_1_5,15,15,Validation,144,0.5,-0.9427083333333334,0.6486486486486487,222.0,0.536036036036036,-0.036036036036036,-2.259149774774775
align_1_5_15,15,15,Validation,103,0.5048543689320388,-1.3300970873786409,0.46396396396396394,222.0,0.536036036036036,-0.031181667103997168,-2.6465385288200824
align_5_15,15,15,Validation,159,0.5220125786163522,-0.6226415094339622,0.7162162162162162,222.0,0.536036036036036,-0.014023457419683805,-1.9390829508754037
accel_with_med,15,15,Validation,102,0.5196078431372549,1.6102941176470589,0.4594594594594595,222.0,0.536036036036036,-0.016428192898781058,0.2938526762056175
rev_short_vs_med,15,15,Validation,96,0.53125,0.3489583333333333,0.43243243243243246,222.0,0.536036036036036,-0.004786036036036001,-0.9674831081081081
disagree_follow_short,15,15,Validation,96,0.46875,-0.3489583333333333,0.43243243243243246,222.0,0.536036036036036,-0.067286036036036,-1.6653997747747746
follow_5,15,15,Validation,221,0.5158371040723982,-0.6470588235294118,0.9954954954954955,222.0,0.536036036036036,-0.020198931963637756,-1.963500264970853
follow_15,15,15,Validation,222,0.5180180180180181,0.1204954954954955,1.0,222.0,0.536036036036036,-0.018018018018017945,-1.1959459459459458
HIGH_ALONE_FOLLOW,15,30,Validation,222,0.5,1.4087837837837838,1.0,,,,
HIGH_ALONE_LONG,15,30,Validation,222,0.5585585585585585,1.0326576576576576,1.0,,,,
align_1_5,15,30,Validation,144,0.4722222222222222,-1.0017361111111112,0.6486486486486487,222.0,0.5,-0.02777777777777779,-2.410519894894895
align_1_5_15,15,30,Validation,103,0.47572815533980584,0.3155339805825243,0.46396396396396394,222.0,0.5,-0.024271844660194164,-1.0932498032012594
align_5_15,15,30,Validation,159,0.48427672955974843,-1.3773584905660377,0.7162162162162162,222.0,0.5,-0.01572327044025157,-2.7861422743498214
accel_with_med,15,30,Validation,102,0.5294117647058824,7.522058823529412,0.4594594594594595,222.0,0.5,0.02941176470588236,6.113275039745629
rev_short_vs_med,15,30,Validation,96,0.5208333333333334,-0.6302083333333334,0.43243243243243246,222.0,0.5,0.02083333333333337,-2.0389921171171173
disagree_follow_short,15,30,Validation,96,0.4791666666666667,0.6302083333333334,0.43243243243243246,222.0,0.5,-0.020833333333333315,-0.7785754504504504
follow_5,15,30,Validation,221,0.4796380090497738,-3.3450226244343892,0.9954954954954955,222.0,0.5,-0.020361990950226228,-4.753806408218173
follow_15,15,30,Validation,222,0.5,1.9493243243243243,1.0,222.0,0.5,0.0,0.5405405405405406
HIGH_ALONE_FOLLOW,15,10,OOS,120,0.525,0.9,1.0,,,,
HIGH_ALONE_LONG,15,10,OOS,120,0.425,-10.5625,1.0,,,,
align_1_5,15,10,OOS,91,0.5274725274725275,4.93956043956044,0.7583333333333333,120.0,0.525,0.0024725274725274637,4.039560439560439
align_1_5_15,15,10,OOS,75,0.5333333333333333,2.6733333333333333,0.625,120.0,0.525,0.008333333333333304,1.7733333333333334
align_5_15,15,10,OOS,100,0.55,6.46,0.8333333333333334,120.0,0.525,0.025000000000000022,5.56
accel_with_med,15,10,OOS,65,0.5692307692307692,6.7153846153846155,0.5416666666666666,120.0,0.525,0.044230769230769185,5.815384615384615
rev_short_vs_med,15,10,OOS,41,0.5609756097560976,4.7926829268292686,0.3416666666666667,120.0,0.525,0.03597560975609759,3.8926829268292686
disagree_follow_short,15,10,OOS,41,0.43902439024390244,-4.7926829268292686,0.3416666666666667,120.0,0.525,-0.08597560975609758,-5.692682926829269
follow_5,15,10,OOS,120,0.5416666666666666,7.491666666666666,1.0,120.0,0.525,0.016666666666666607,6.591666666666666
follow_15,15,10,OOS,120,0.5416666666666666,3.275,1.0,120.0,0.525,0.016666666666666607,2.375
HIGH_ALONE_FOLLOW,15,15,OOS,120,0.55,8.75625,1.0,,,,
HIGH_ALONE_LONG,15,15,OOS,120,0.43333333333333335,-22.635416666666668,1.0,,,,
align_1_5,15,15,OOS,91,0.5274725274725275,7.263736263736264,0.7583333333333333,120.0,0.55,-0.02252747252747256,-1.492513736263736
align_1_5_15,15,15,OOS,75,0.56,7.783333333333333,0.625,120.0,0.55,0.010000000000000009,-0.9729166666666664
align_5_15,15,15,OOS,100,0.56,15.315,0.8333333333333334,120.0,0.55,0.010000000000000009,6.55875
accel_with_med,15,15,OOS,65,0.6,10.738461538461538,0.5416666666666666,120.0,0.55,0.04999999999999993,1.982211538461538
rev_short_vs_med,15,15,OOS,41,0.5853658536585366,21.23170731707317,0.3416666666666667,120.0,0.55,0.035365853658536506,12.47545731707317
disagree_follow_short,15,15,OOS,41,0.4146341463414634,-21.23170731707317,0.3416666666666667,120.0,0.55,-0.13536585365853665,-29.987957317073167
follow_5,15,15,OOS,120,0.5333333333333333,14.18125,1.0,120.0,0.55,-0.01666666666666672,5.425000000000001
follow_15,15,15,OOS,120,0.5666666666666667,11.34375,1.0,120.0,0.55,0.016666666666666607,2.5875000000000004
HIGH_ALONE_FOLLOW,15,30,OOS,120,0.5083333333333333,9.460416666666667,1.0,,,,
HIGH_ALONE_LONG,15,30,OOS,120,0.425,-22.84375,1.0,,,,
align_1_5,15,30,OOS,91,0.5384615384615384,4.5576923076923075,0.7583333333333333,120.0,0.5083333333333333,0.030128205128205132,-4.90272435897436
align_1_5_15,15,30,OOS,75,0.5333333333333333,5.876666666666667,0.625,120.0,0.5083333333333333,0.025000000000000022,-3.58375
align_5_15,15,30,OOS,100,0.53,13.97,0.8333333333333334,120.0,0.5083333333333333,0.021666666666666723,4.5095833333333335
accel_with_med,15,30,OOS,65,0.5846153846153846,11.911538461538461,0.5416666666666666,120.0,0.5083333333333333,0.07628205128205134,2.451121794871794
rev_short_vs_med,15,30,OOS,41,0.4878048780487805,23.95731707317073,0.3416666666666667,120.0,0.5083333333333333,-0.020528455284552827,14.496900406504064
disagree_follow_short,15,30,OOS,41,0.5121951219512195,-23.95731707317073,0.3416666666666667,120.0,0.5083333333333333,0.0038617886178862193,-33.4177337398374
follow_5,15,30,OOS,120,0.525,11.872916666666667,1.0,120.0,0.5083333333333333,0.01666666666666672,2.4124999999999996
follow_15,15,30,OOS,120,0.525,11.410416666666666,1.0,120.0,0.5083333333333333,0.01666666666666672,1.9499999999999993
HIGH_ALONE_FOLLOW,15,10,ALL,1162,0.5086058519793459,0.6379087779690189,0.999140154772141,,,,
HIGH_ALONE_LONG,15,10,ALL,1163,0.4858125537403267,-0.5025795356835769,1.0,,,,
align_1_5,15,10,ALL,794,0.49496221662468515,0.06863979848866499,0.6827171109200344,1163.0,0.5086058519793459,-0.013643635354660788,-0.5692689794803539
align_1_5_15,15,10,ALL,559,0.5008944543828264,0.08631484794275492,0.48065348237317285,1163.0,0.5086058519793459,-0.007711397596519509,-0.551593930026264
align_5_15,15,10,ALL,799,0.5081351689612015,0.7981852315394243,0.6870163370593293,1163.0,0.5086058519793459,-0.0004706830181444577,0.16027645357040543
accel_with_med,15,10,ALL,554,0.5108303249097473,0.9526173285198556,0.4763542562338779,1163.0,0.5086058519793459,0.0022244729304014,0.3147085505508367
rev_short_vs_med,15,10,ALL,460,0.5195652173913043,1.3978260869565218,0.39552880481513325,1163.0,0.5086058519793459,0.01095936541195841,0.7599173089875029
disagree_follow_short,15,10,ALL,460,0.4673913043478261,-1.3978260869565218,0.39552880481513325,1163.0,0.5086058519793459,-0.04121454763151983,-2.0357348649255407
follow_5,15,10,ALL,1153,0.5030355594102341,0.4351691240242845,0.9914015477214101,1163.0,0.5086058519793459,-0.00557029256911179,-0.20273965394473442
follow_15,15,10,ALL,1163,0.5081685296646603,0.7291487532244196,1.0,1163.0,0.5086058519793459,-0.00043732231468562865,0.09123997525540073
HIGH_ALONE_FOLLOW,15,15,ALL,1162,0.5215146299483648,1.6166092943201378,0.999140154772141,,,,
HIGH_ALONE_LONG,15,15,ALL,1163,0.4995700773860705,-1.6986242476354256,1.0,,,,
align_1_5,15,15,ALL,794,0.4899244332493703,0.2081234256926952,0.6827171109200344,1163.0,0.5215146299483648,-0.031590196698994544,-1.4084858686274426
align_1_5_15,15,15,ALL,559,0.5116279069767442,0.9534883720930233,0.48065348237317285,1163.0,0.5215146299483648,-0.009886722971620632,-0.6631209222271145
align_5_15,15,15,ALL,799,0.523153942428035,1.989674593241552,0.6870163370593293,1163.0,0.5215146299483648,0.0016393124796701963,0.37306529892141427
accel_with_med,15,15,ALL,554,0.5144404332129964,1.0153429602888087,0.4763542562338779,1163.0,0.5215146299483648,-0.007074196735368465,-0.6012663340313291
rev_short_vs_med,15,15,ALL,460,0.5543478260869565,3.1945652173913044,0.39552880481513325,1163.0,0.5215146299483648,0.0328331961385917,1.5779559230711666
disagree_follow_short,15,15,ALL,460,0.43478260869565216,-3.1945652173913044,0.39552880481513325,1163.0,0.5215146299483648,-0.08673202125271268,-4.811174511711442
follow_5,15,15,ALL,1153,0.5082393755420642,1.2779705117085862,0.9914015477214101,1163.0,0.5215146299483648,-0.013275254406300618,-0.33863878261155156
follow_15,15,15,ALL,1163,0.5227858985382631,1.5533104041272572,1.0,1163.0,0.5215146299483648,0.0012712685898982334,-0.0632988901928806
HIGH_ALONE_FOLLOW,15,30,ALL,1162,0.5223752151462995,2.1456540447504304,0.999140154772141,,,,
HIGH_ALONE_LONG,15,30,ALL,1163,0.5064488392089423,-2.2798796216681,1.0,,,,
align_1_5,15,30,ALL,794,0.49370277078085645,-0.49149874055415615,0.6827171109200344,1163.0,0.5223752151462995,-0.02867244436544303,-2.6371527853045866
align_1_5_15,15,30,ALL,559,0.5080500894454383,0.8761180679785331,0.48065348237317285,1163.0,0.5223752151462995,-0.014325125700861197,-1.2695359767718974
align_5_15,15,30,ALL,799,0.509386733416771,1.5663329161451816,0.6870163370593293,1163.0,0.5223752151462995,-0.01298848172952849,-0.5793211286052489
accel_with_med,15,30,ALL,554,0.5324909747292419,2.532942238267148,0.4763542562338779,1163.0,0.5223752151462995,0.010115759582942419,0.3872881935167176
rev_short_vs_med,15,30,ALL,460,0.5282608695652173,3.6592391304347824,0.39552880481513325,1163.0,0.5223752151462995,0.005885654418917863,1.513585085684352
disagree_follow_short,15,30,ALL,460,0.46304347826086956,-3.6592391304347824,0.39552880481513325,1163.0,0.5223752151462995,-0.05933173688542992,-5.804893175185213
follow_5,15,30,ALL,1153,0.49522983521248914,0.1927580225498699,0.9914015477214101,1163.0,0.5223752151462995,-0.027145379933810332,-1.9528960222005605
follow_15,15,30,ALL,1163,0.5184866723989682,2.1006018916595015,1.0,1163.0,0.5223752151462995,-0.003888542747331303,-0.045052153090928915
HIGH_ALONE_FOLLOW,20,10,IS,819,0.4822954822954823,-0.08028083028083029,0.997563946406821,,,,
HIGH_ALONE_LONG,20,10,IS,821,0.53836784409257,1.3931181485992692,1.0,,,,
align_1_5,20,10,IS,527,0.44212523719165087,-0.053605313092979126,0.6419001218026796,821.0,0.4822954822954823,-0.04017024510383144,0.02667551718785116
align_1_5_15,20,10,IS,380,0.4394736842105263,-0.8782894736842105,0.4628501827040195,821.0,0.4822954822954823,-0.04282179808495601,-0.7980086434033802
align_5_15,20,10,IS,573,0.4677137870855148,-0.23734729493891799,0.6979293544457978,821.0,0.4822954822954823,-0.014581695209967493,-0.1570664646580877
accel_with_med,20,10,IS,379,0.46174142480211083,-0.612796833773087,0.46163215590742995,821.0,0.4822954822954823,-0.02055405749337147,-0.5325160034922567
rev_short_vs_med,20,10,IS,316,0.5284810126582279,0.22231012658227847,0.3848964677222899,821.0,0.4822954822954823,0.046185530362745586,0.3025909568631088
disagree_follow_short,20,10,IS,316,0.4462025316455696,-0.22231012658227847,0.3848964677222899,821.0,0.4822954822954823,-0.03609295064991269,-0.14202929630144817
follow_5,20,10,IS,806,0.46898263027295284,0.2726426799007444,0.9817295980511571,821.0,0.4822954822954823,-0.013312852022529464,0.3529235101815747
follow_15,20,10,IS,813,0.4821648216482165,-0.3908364083640836,0.9902557856272838,821.0,0.4822954822954823,-0.00013066064726580118,-0.31055557808325335
persist_5m,20,10,IS,457,0.4617067833698031,-0.2975929978118162,0.5566382460414129,821.0,0.4822954822954823,-0.020588698925679216,-0.21731216753098592
flip_5m,20,10,IS,340,0.4764705882352941,0.5485294117647059,0.41412911084043846,821.0,0.4822954822954823,-0.005824894060188213,0.6288102420455363
HIGH_ALONE_FOLLOW,20,15,IS,819,0.5018315018315018,0.21825396825396826,0.997563946406821,,,,
HIGH_ALONE_LONG,20,15,IS,821,0.5578562728380024,1.658952496954933,1.0,,,,
align_1_5,20,15,IS,527,0.47058823529411764,0.04174573055028463,0.6419001218026796,821.0,0.5018315018315018,-0.031243266537384184,-0.17650823770368362
align_1_5_15,20,15,IS,380,0.44473684210526315,-1.1980263157894737,0.4628501827040195,821.0,0.5018315018315018,-0.05709465972623867,-1.416280284043442
align_5_15,20,15,IS,573,0.4886561954624782,-0.16361256544502617,0.6979293544457978,821.0,0.5018315018315018,-0.013175306369023643,-0.3818665336989944
accel_with_med,20,15,IS,379,0.47493403693931396,-0.9610817941952506,0.46163215590742995,821.0,0.5018315018315018,-0.02689746489218786,-1.179335762449219
rev_short_vs_med,20,15,IS,316,0.5221518987341772,0.16455696202531644,0.3848964677222899,821.0,0.5018315018315018,0.020320396902675397,-0.05369700622865181
disagree_follow_short,20,15,IS,316,0.47151898734177217,-0.16455696202531644,0.3848964677222899,821.0,0.5018315018315018,-0.03031251448972966,-0.3828109302792847
follow_5,20,15,IS,806,0.5,0.6129032258064516,0.9817295980511571,821.0,0.5018315018315018,-0.001831501831501825,0.39464925755248337
follow_15,20,15,IS,813,0.4833948339483395,-0.5993234932349324,0.9902557856272838,821.0,0.5018315018315018,-0.01843666788316234,-0.8175774614889006
persist_5m,20,15,IS,457,0.48358862144420134,-0.6657549234135668,0.5566382460414129,821.0,0.5018315018315018,-0.018242880387300486,-0.884008891667535
flip_5m,20,15,IS,340,0.5205882352941177,1.8963235294117646,0.41412911084043846,821.0,0.5018315018315018,0.01875673346261586,1.6780695611577965
HIGH_ALONE_FOLLOW,20,30,IS,819,0.5018315018315018,0.543040293040293,0.997563946406821,,,,
HIGH_ALONE_LONG,20,30,IS,821,0.5274056029232643,1.3118148599269184,1.0,,,,
align_1_5,20,30,IS,527,0.47248576850094876,0.5488614800759013,0.6419001218026796,821.0,0.5018315018315018,-0.02934573333055307,0.0058211870356082995
align_1_5_15,20,30,IS,380,0.47368421052631576,-0.22894736842105262,0.4628501827040195,821.0,0.5018315018315018,-0.028147291305186062,-0.7719876614613457
align_5_15,20,30,IS,573,0.49040139616055844,0.23909249563699825,0.6979293544457978,821.0,0.5018315018315018,-0.01143010567094338,-0.30394779740329475
accel_with_med,20,30,IS,379,0.49604221635883905,0.579155672823219,0.46163215590742995,821.0,0.5018315018315018,-0.005789285472662775,0.036115379782926005
rev_short_vs_med,20,30,IS,316,0.5221518987341772,0.16455696202531644,0.3848964677222899,821.0,0.5018315018315018,0.020320396902675397,-0.37848333101497655
disagree_follow_short,20,30,IS,316,0.47468354430379744,-0.16455696202531644,0.3848964677222899,821.0,0.5018315018315018,-0.02714795752770438,-0.7075972550656094
follow_5,20,30,IS,806,0.4851116625310174,0.43300248138957814,0.9817295980511571,821.0,0.5018315018315018,-0.01671983930048443,-0.11003781165071486
follow_15,20,30,IS,813,0.4993849938499385,0.15282902829028291,0.9902557856272838,821.0,0.5018315018315018,-0.0024465079815633173,-0.3902112647500101
persist_5m,20,30,IS,457,0.4573304157549234,-0.2910284463894967,0.5566382460414129,821.0,0.5018315018315018,-0.04450108607657843,-0.8340687394297897
flip_5m,20,30,IS,340,0.5235294117647059,0.7360294117647059,0.41412911084043846,821.0,0.5018315018315018,0.021697909933204085,0.19298911872441293
HIGH_ALONE_FOLLOW,20,10,Validation,210,0.5380952380952381,1.7678571428571428,1.0,,,,
HIGH_ALONE_LONG,20,10,Validation,210,0.5190476190476191,2.1654761904761903,1.0,,,,
align_1_5,20,10,Validation,139,0.48201438848920863,-3.4928057553956835,0.6619047619047619,210.0,0.5380952380952381,-0.05608084960602944,-5.260662898252827
align_1_5_15,20,10,Validation,95,0.4842105263157895,-3.094736842105263,0.4523809523809524,210.0,0.5380952380952381,-0.05388471177944859,-4.862593984962405
align_5_15,20,10,Validation,145,0.4689655172413793,-3.0827586206896553,0.6904761904761905,210.0,0.5380952380952381,-0.06912972085385877,-4.850615763546799
accel_with_med,20,10,Validation,95,0.49473684210526314,-1.0526315789473684,0.4523809523809524,210.0,0.5380952380952381,-0.04335839598997493,-2.8204887218045114
rev_short_vs_med,20,10,Validation,94,0.4787234042553192,0.4095744680851064,0.44761904761904764,210.0,0.5380952380952381,-0.0593718338399189,-1.3582826747720365
disagree_follow_short,20,10,Validation,94,0.5212765957446809,-0.4095744680851064,0.44761904761904764,210.0,0.5380952380952381,-0.01681864235055719,-2.177431610942249
follow_5,20,10,Validation,210,0.4666666666666667,-3.755952380952381,1.0,210.0,0.5380952380952381,-0.0714285714285714,-5.523809523809524
follow_15,20,10,Validation,210,0.49047619047619045,-0.5011904761904762,1.0,210.0,0.5380952380952381,-0.047619047619047616,-2.269047619047619
persist_5m,20,10,Validation,111,0.4774774774774775,-2.563063063063063,0.5285714285714286,210.0,0.5380952380952381,-0.060617760617760585,-4.330920205920206
flip_5m,20,10,Validation,98,0.45918367346938777,-3.8801020408163267,0.4666666666666667,210.0,0.5380952380952381,-0.0789115646258503,-5.6479591836734695
HIGH_ALONE_FOLLOW,20,15,Validation,210,0.5,-0.35595238095238096,1.0,,,,
HIGH_ALONE_LONG,20,15,Validation,210,0.5523809523809524,0.9607142857142857,1.0,,,,
align_1_5,20,15,Validation,139,0.48201438848920863,-3.922661870503597,0.6619047619047619,210.0,0.5,-0.017985611510791366,-3.566709489551216
align_1_5_15,20,15,Validation,95,0.5052631578947369,-3.2263157894736842,0.4523809523809524,210.0,0.5,0.0052631578947368585,-2.8703634085213032
align_5_15,20,15,Validation,145,0.5172413793103449,-2.3275862068965516,0.6904761904761905,210.0,0.5,0.017241379310344862,-1.9716338259441706
accel_with_med,20,15,Validation,95,0.5263157894736842,0.9052631578947369,0.4523809523809524,210.0,0.5,0.02631578947368418,1.2612155388471178
rev_short_vs_med,20,15,Validation,94,0.5531914893617021,2.2101063829787235,0.44761904761904764,210.0,0.5,0.05319148936170215,2.5660587639311045
disagree_follow_short,20,15,Validation,94,0.44680851063829785,-2.2101063829787235,0.44761904761904764,210.0,0.5,-0.05319148936170215,-1.8541540020263425
follow_5,20,15,Validation,210,0.48095238095238096,-3.9440476190476192,1.0,210.0,0.5,-0.019047619047619035,-3.5880952380952382
follow_15,20,15,Validation,210,0.5380952380952381,0.7297619047619047,1.0,210.0,0.5,0.03809523809523807,1.0857142857142856
persist_5m,20,15,Validation,111,0.4864864864864865,-3.3220720720720722,0.5285714285714286,210.0,0.5,-0.013513513513513487,-2.966119691119691
flip_5m,20,15,Validation,98,0.47959183673469385,-3.3622448979591835,0.4666666666666667,210.0,0.5,-0.020408163265306145,-3.0062925170068024
HIGH_ALONE_FOLLOW,20,30,Validation,210,0.49523809523809526,-0.1869047619047619,1.0,,,,
HIGH_ALONE_LONG,20,30,Validation,210,0.5904761904761905,4.691666666666666,1.0,,,,
align_1_5,20,30,Validation,139,0.4676258992805755,-5.098920863309353,0.6619047619047619,210.0,0.49523809523809526,-0.027612195957519736,-4.912016101404591
align_1_5_15,20,30,Validation,95,0.4631578947368421,-6.4,0.4523809523809524,210.0,0.49523809523809526,-0.03208020050125315,-6.213095238095239
align_5_15,20,30,Validation,145,0.4896551724137931,-1.9793103448275862,0.6904761904761905,210.0,0.49523809523809526,-0.005582922824302172,-1.7924055829228243
accel_with_med,20,30,Validation,95,0.4421052631578947,-5.018421052631579,0.4523809523809524,210.0,0.49523809523809526,-0.05313283208020053,-4.831516290726817
rev_short_vs_med,20,30,Validation,94,0.5319148936170213,4.486702127659575,0.44761904761904764,210.0,0.49523809523809526,0.03667679837892601,4.673606889564336
disagree_follow_short,20,30,Validation,94,0.46808510638297873,-4.486702127659575,0.44761904761904764,210.0,0.49523809523809526,-0.027152988855116522,-4.299797365754813
follow_5,20,30,Validation,210,0.49047619047619045,-2.836904761904762,1.0,210.0,0.49523809523809526,-0.0047619047619048005,-2.6500000000000004
follow_15,20,30,Validation,210,0.49523809523809526,0.10357142857142858,1.0,210.0,0.49523809523809526,0.0,0.2904761904761905
persist_5m,20,30,Validation,111,0.4594594594594595,-6.738738738738738,0.5285714285714286,210.0,0.49523809523809526,-0.03577863577863577,-6.551833976833977
flip_5m,20,30,Validation,98,0.5306122448979592,3.0331632653061225,0.4666666666666667,210.0,0.49523809523809526,0.03537414965986396,3.2200680272108846
HIGH_ALONE_FOLLOW,20,10,OOS,116,0.5086206896551724,7.637931034482759,1.0,,,,
HIGH_ALONE_LONG,20,10,OOS,116,0.4224137931034483,-19.357758620689655,1.0,,,,
align_1_5,20,10,OOS,73,0.4794520547945205,8.863013698630137,0.6293103448275862,116.0,0.5086206896551724,-0.029168634860651854,1.2250826641473784
align_1_5_15,20,10,OOS,51,0.5294117647058824,14.71078431372549,0.4396551724137931,116.0,0.5086206896551724,0.020791075050709984,7.072853279242731
align_5_15,20,10,OOS,82,0.524390243902439,12.085365853658537,0.7068965517241379,116.0,0.5086206896551724,0.01576955424726667,4.447434819175778
accel_with_med,20,10,OOS,44,0.5681818181818182,17.5,0.3793103448275862,116.0,0.5086206896551724,0.05956112852664586,9.862068965517242
rev_short_vs_med,20,10,OOS,53,0.5849056603773585,8.985849056603774,0.45689655172413796,116.0,0.5086206896551724,0.0762849707221861,1.3479180221210152
disagree_follow_short,20,10,OOS,53,0.41509433962264153,-8.985849056603774,0.45689655172413796,116.0,0.5086206896551724,-0.09352635003253085,-16.623780091086534
follow_5,20,10,OOS,115,0.46956521739130436,4.232608695652174,0.9913793103448276,116.0,0.5086206896551724,-0.03905547226386802,-3.405322338830585
follow_15,20,10,OOS,116,0.5689655172413793,13.362068965517242,1.0,116.0,0.5086206896551724,0.06034482758620696,5.724137931034483
persist_5m,20,10,OOS,67,0.5074626865671642,13.458955223880597,0.5775862068965517,116.0,0.5086206896551724,-0.0011580030880081749,5.821024189397838
flip_5m,20,10,OOS,48,0.4166666666666667,-8.645833333333334,0.41379310344827586,116.0,0.5086206896551724,-0.09195402298850569,-16.283764367816094
HIGH_ALONE_FOLLOW,20,15,OOS,116,0.5172413793103449,6.043103448275862,1.0,,,,
HIGH_ALONE_LONG,20,15,OOS,116,0.46551724137931033,-15.008620689655173,1.0,,,,
align_1_5,20,15,OOS,73,0.5068493150684932,4.719178082191781,0.6293103448275862,116.0,0.5172413793103449,-0.010392064241851684,-1.3239253660840813
align_1_5_15,20,15,OOS,51,0.5098039215686274,4.897058823529412,0.4396551724137931,116.0,0.5172413793103449,-0.007437457741717446,-1.14604462474645
align_5_15,20,15,OOS,82,0.5487804878048781,8.859756097560975,0.7068965517241379,116.0,0.5172413793103449,0.03153910849453323,2.816652649285113
accel_with_med,20,15,OOS,44,0.5454545454545454,7.255681818181818,0.3793103448275862,116.0,0.5172413793103449,0.028213166144200552,1.2125783699059562
rev_short_vs_med,20,15,OOS,53,0.5849056603773585,9.202830188679245,0.45689655172413796,116.0,0.5172413793103449,0.06766428106701361,3.159726740403383
disagree_follow_short,20,15,OOS,53,0.41509433962264153,-9.202830188679245,0.45689655172413796,116.0,0.5172413793103449,-0.10214703968770333,-15.245933636955108
follow_5,20,15,OOS,115,0.5130434782608696,5.315217391304348,0.9913793103448276,116.0,0.5172413793103449,-0.004197901049475261,-0.7278860569715144
follow_15,20,15,OOS,116,0.5603448275862069,7.836206896551724,1.0,116.0,0.5172413793103449,0.04310344827586199,1.793103448275862
persist_5m,20,15,OOS,67,0.5671641791044776,15.164179104477611,0.5775862068965517,116.0,0.5172413793103449,0.04992279979413272,9.12107565620175
flip_5m,20,15,OOS,48,0.4375,-8.432291666666666,0.41379310344827586,116.0,0.5172413793103449,-0.07974137931034486,-14.475395114942529
HIGH_ALONE_FOLLOW,20,30,OOS,116,0.5086206896551724,1.0581896551724137,1.0,,,,
HIGH_ALONE_LONG,20,30,OOS,116,0.49137931034482757,-19.05387931034483,1.0,,,,
align_1_5,20,30,OOS,73,0.5068493150684932,-5.113013698630137,0.6293103448275862,116.0,0.5086206896551724,-0.0017713745866791974,-6.171203353802551
align_1_5_15,20,30,OOS,51,0.5098039215686274,-3.156862745098039,0.4396551724137931,116.0,0.5086206896551724,0.0011832319134550406,-4.215052400270453
align_5_15,20,30,OOS,82,0.524390243902439,-4.454268292682927,0.7068965517241379,116.0,0.5086206896551724,0.01576955424726667,-5.51245794785534
accel_with_med,20,30,OOS,44,0.5227272727272727,-8.653409090909092,0.3793103448275862,116.0,0.5086206896551724,0.014106583072100332,-9.711598746081506
rev_short_vs_med,20,30,OOS,53,0.5471698113207547,7.080188679245283,0.45689655172413796,116.0,0.5086206896551724,0.03854912166558233,6.021999024072869
disagree_follow_short,20,30,OOS,53,0.4528301886792453,-7.080188679245283,0.45689655172413796,116.0,0.5086206896551724,-0.05579050097592708,-8.138378334417697
follow_5,20,30,OOS,115,0.5043478260869565,-5.339130434782609,0.9913793103448276,116.0,0.5086206896551724,-0.004272863568215879,-6.397320089955023
follow_15,20,30,OOS,116,0.5344827586206896,1.5280172413793103,1.0,116.0,0.5086206896551724,0.025862068965517238,0.4698275862068966
persist_5m,20,30,OOS,67,0.5522388059701493,-2.5858208955223883,0.5775862068965517,116.0,0.5086206896551724,0.04361811631497692,-3.644010550694802
flip_5m,20,30,OOS,48,0.4375,-9.182291666666666,0.41379310344827586,116.0,0.5086206896551724,-0.07112068965517238,-10.24048132183908
HIGH_ALONE_FOLLOW,20,10,ALL,1145,0.49519650655021835,1.0406113537117905,0.998256320836966,,,,
HIGH_ALONE_LONG,20,10,ALL,1147,0.5231037489102005,-0.5640802092414996,1.0,,,,
align_1_5,20,10,ALL,739,0.45331529093369416,0.18031123139377536,0.6442894507410637,1147.0,0.49519650655021835,-0.04188121561652419,-0.8603001223180151
align_1_5_15,20,10,ALL,526,0.45627376425855515,0.23288973384030418,0.45858761987794244,1147.0,0.49519650655021835,-0.038922742291663204,-0.8077216198714863
align_5_15,20,10,ALL,800,0.47375,0.51,0.6974716652136007,1147.0,0.49519650655021835,-0.021446506550218347,-0.5306113537117905
accel_with_med,20,10,ALL,518,0.4768339768339768,0.8450772200772201,0.45161290322580644,1147.0,0.49519650655021835,-0.018362529716241527,-0.1955341336345704
rev_short_vs_med,20,10,ALL,463,0.5248380129589633,1.263498920086393,0.4036617262423714,1147.0,0.49519650655021835,0.02964150640874491,0.2228875663746026
disagree_follow_short,20,10,ALL,463,0.45788336933045354,-1.263498920086393,0.4036617262423714,1147.0,0.49519650655021835,-0.037313137219764814,-2.304110273798184
follow_5,20,10,ALL,1131,0.46861184792219274,-0.07272325375773651,0.986050566695728,1147.0,0.49519650655021835,-0.026584658628025615,-1.113334607469527
follow_15,20,10,ALL,1139,0.4925373134328358,0.9894644424934153,0.993025283347864,1147.0,0.49519650655021835,-0.0026591931173825523,-0.051146911218375224
persist_5m,20,10,ALL,635,0.4692913385826772,0.7578740157480315,0.5536181342632955,1147.0,0.49519650655021835,-0.025905167967541165,-0.282737337963759
flip_5m,20,10,ALL,486,0.4670781893004115,-1.2525720164609053,0.4237140366172624,1147.0,0.49519650655021835,-0.028118317249806846,-2.293183370172696
HIGH_ALONE_FOLLOW,20,15,ALL,1145,0.503056768558952,0.7030567685589519,0.998256320836966,,,,
HIGH_ALONE_LONG,20,15,ALL,1147,0.5475152571926766,-0.1545335658238884,1.0,,,,
align_1_5,20,15,ALL,739,0.476319350473613,-0.2418809201623816,0.6442894507410637,1147.0,0.503056768558952,-0.02673741808533897,-0.9449376887213335
align_1_5_15,20,15,ALL,526,0.4619771863117871,-0.973384030418251,0.45858761987794244,1147.0,0.503056768558952,-0.0410795822471649,-1.676440798977203
align_5_15,20,15,ALL,800,0.5,0.3690625,0.6974716652136007,1147.0,0.503056768558952,-0.0030567685589519833,-0.3339942685589519
accel_with_med,20,15,ALL,518,0.49034749034749037,0.07915057915057915,0.45161290322580644,1147.0,0.503056768558952,-0.012709278211461617,-0.6239061894083728
rev_short_vs_med,20,15,ALL,463,0.5356371490280778,1.6144708423326133,0.4036617262423714,1147.0,0.503056768558952,0.032580380469125814,0.9114140737736613
disagree_follow_short,20,15,ALL,463,0.46004319654427644,-1.6144708423326133,0.4036617262423714,1147.0,0.503056768558952,-0.04301357201467554,-2.317527610891565
follow_5,20,15,ALL,1131,0.497789566755084,0.24491600353669318,0.986050566695728,1147.0,0.503056768558952,-0.005267201803867971,-0.45814076502225876
follow_15,20,15,ALL,1139,0.5013169446883231,0.504828797190518,0.993025283347864,1147.0,0.503056768558952,-0.001739823870628876,-0.19822797136843395
persist_5m,20,15,ALL,635,0.49291338582677163,0.5401574803149606,0.5536181342632955,1147.0,0.503056768558952,-0.01014338273218035,-0.16289928824399136
flip_5m,20,15,ALL,486,0.5041152263374485,-0.18415637860082304,0.4237140366172624,1147.0,0.503056768558952,0.0010584577784965576,-0.887213147159775
HIGH_ALONE_FOLLOW,20,30,ALL,1145,0.5013100436681223,0.46135371179039303,0.998256320836966,,,,
HIGH_ALONE_LONG,20,30,ALL,1147,0.5353095030514385,-0.12903225806451613,1.0,,,,
align_1_5,20,30,ALL,739,0.4749661705006766,-1.0727334235453316,0.6442894507410637,1147.0,0.5013100436681223,-0.026343873167445686,-1.5340871353357246
align_1_5_15,20,30,ALL,526,0.4752851711026616,-1.6273764258555132,0.45858761987794244,1147.0,0.5013100436681223,-0.026024872565460655,-2.088730137645906
align_5_15,20,30,ALL,800,0.49375,-0.6440625,0.6974716652136007,1147.0,0.5013100436681223,-0.0075600436681222405,-1.105416211790393
accel_with_med,20,30,ALL,518,0.48841698841698844,-1.2316602316602316,0.45161290322580644,1147.0,0.5013100436681223,-0.012893055251133823,-1.6930139434506246
rev_short_vs_med,20,30,ALL,463,0.5269978401727862,1.8336933045356372,0.4036617262423714,1147.0,0.5013100436681223,0.025687796504663907,1.3723395927452442
disagree_follow_short,20,30,ALL,463,0.4708423326133909,-1.8336933045356372,0.4036617262423714,1147.0,0.5013100436681223,-0.03046771105473134,-2.29504701632603
follow_5,20,30,ALL,1131,0.4880636604774536,-0.76105216622458,0.986050566695728,1147.0,0.5013100436681223,-0.013246383190668676,-1.2224058780149731
follow_15,20,30,ALL,1139,0.5021949078138718,0.283801580333626,0.993025283347864,1147.0,0.5013100436681223,0.0008848641457495088,-0.17755213145676702
persist_5m,20,30,ALL,635,0.46771653543307085,-1.660236220472441,0.5536181342632955,1147.0,0.5013100436681223,-0.03359350823505142,-2.121589932262834
flip_5m,20,30,ALL,486,0.5164609053497943,0.21965020576131689,0.4237140366172624,1147.0,0.5013100436681223,0.015150861681672012,-0.24170350602907614
HIGH_ALONE_FOLLOW,25,10,IS,819,0.49572649572649574,0.24847374847374848,0.997563946406821,,,,
HIGH_ALONE_LONG,25,10,IS,821,0.5371498172959805,0.49238733252131545,1.0,,,,
align_1_5,25,10,IS,492,0.5203252032520326,0.22002032520325204,0.5992691839220463,821.0,0.49572649572649574,0.024598707525536834,-0.028453423270496436
align_1_5_15,25,10,IS,332,0.5210843373493976,0.40436746987951805,0.4043848964677223,821.0,0.49572649572649574,0.02535784162290189,0.15589372140576957
align_5_15,25,10,IS,524,0.5076335877862596,0.37166030534351147,0.6382460414129111,821.0,0.49572649572649574,0.011907092059763813,0.12318655686976299
accel_with_med,25,10,IS,349,0.49570200573065903,0.6561604584527221,0.42509135200974424,821.0,0.49572649572649574,-2.44899958367073e-05,0.4076867099789736
rev_short_vs_med,25,10,IS,342,0.47368421052631576,0.24342105263157895,0.4165651644336175,821.0,0.49572649572649574,-0.02204228520017998,-0.0050526958421695245
disagree_follow_short,25,10,IS,342,0.5087719298245614,-0.24342105263157895,0.4165651644336175,821.0,0.49572649572649574,0.013045434098065689,-0.49189480110532746
follow_5,25,10,IS,793,0.510718789407314,0.24274905422446405,0.9658952496954933,821.0,0.49572649572649574,0.014992293680818225,-0.005724694249284429
follow_15,25,10,IS,812,0.48891625615763545,0.2102832512315271,0.9890377588306942,821.0,0.49572649572649574,-0.006810239568860288,-0.03819049724222137
persist_5m,25,10,IS,420,0.5333333333333333,1.0321428571428573,0.5115712545676004,821.0,0.49572649572649574,0.037606837606837584,0.7836691086691088
flip_5m,25,10,IS,360,0.4888888888888889,-0.6895833333333333,0.438489646772229,821.0,0.49572649572649574,-0.006837606837606869,-0.9380570818070818
HIGH_ALONE_FOLLOW,25,15,IS,819,0.48717948717948717,0.3666056166056166,0.997563946406821,,,,
HIGH_ALONE_LONG,25,15,IS,821,0.535931790499391,0.103836784409257,1.0,,,,
align_1_5,25,15,IS,492,0.5447154471544715,0.7103658536585366,0.5992691839220463,821.0,0.48717948717948717,0.05753595997498434,0.34376023705291997
align_1_5_15,25,15,IS,332,0.5391566265060241,0.3463855421686747,0.4043848964677223,821.0,0.48717948717948717,0.05197713932653697,-0.020220074436941904
align_5_15,25,15,IS,524,0.5229007633587787,0.6693702290076335,0.6382460414129111,821.0,0.48717948717948717,0.035721276179291495,0.30276461240201696
accel_with_med,25,15,IS,349,0.5186246418338109,1.0236389684813754,0.42509135200974424,821.0,0.48717948717948717,0.03144515465432368,0.6570333518757587
rev_short_vs_med,25,15,IS,342,0.45614035087719296,0.10964912280701754,0.4165651644336175,821.0,0.48717948717948717,-0.031039136302294212,-0.25695649379859903
disagree_follow_short,25,15,IS,342,0.5350877192982456,-0.10964912280701754,0.4165651644336175,821.0,0.48717948717948717,0.04790823211875844,-0.47625473941263413
follow_5,25,15,IS,793,0.5308953341740227,0.682219419924338,0.9658952496954933,821.0,0.48717948717948717,0.04371584699453551,0.3156138033187214
follow_15,25,15,IS,812,0.48645320197044334,0.22259852216748768,0.9890377588306942,821.0,0.48717948717948717,-0.000726285209043831,-0.1440070944381289
persist_5m,25,15,IS,420,0.5261904761904762,0.7720238095238096,0.5115712545676004,821.0,0.48717948717948717,0.03901098901098904,0.405418192918193
flip_5m,25,15,IS,360,0.5416666666666666,0.5152777777777777,0.438489646772229,821.0,0.48717948717948717,0.05448717948717946,0.14867216117216114
HIGH_ALONE_FOLLOW,25,30,IS,819,0.5225885225885226,0.9151404151404151,0.997563946406821,,,,
HIGH_ALONE_LONG,25,30,IS,821,0.5237515225334958,0.6836175395858709,1.0,,,,
align_1_5,25,30,IS,492,0.5365853658536586,1.4872967479674797,0.5992691839220463,821.0,0.5225885225885226,0.01399684326513595,0.5721563328270646
align_1_5_15,25,30,IS,332,0.5180722891566265,0.8885542168674698,0.4043848964677223,821.0,0.5225885225885226,-0.004516233431896111,-0.026586198272945283
align_5_15,25,30,IS,524,0.5076335877862596,1.1197519083969465,0.6382460414129111,821.0,0.5225885225885226,-0.014954934802263065,0.20461149325653138
accel_with_med,25,30,IS,349,0.5243553008595988,2.304441260744986,0.42509135200974424,821.0,0.5225885225885226,0.001766778271076186,1.3893008456045708
rev_short_vs_med,25,30,IS,342,0.4502923976608187,-0.2010233918128655,0.4165651644336175,821.0,0.5225885225885226,-0.07229612492770393,-1.1161638069532807
disagree_follow_short,25,30,IS,342,0.5321637426900585,0.2010233918128655,0.4165651644336175,821.0,0.5225885225885226,0.009575220101535886,-0.7141170233275496
follow_5,25,30,IS,793,0.519546027742749,0.8578184110970997,0.9658952496954933,821.0,0.5225885225885226,-0.003042494845773569,-0.057322004043315444
follow_15,25,30,IS,812,0.4876847290640394,0.7124384236453202,0.9890377588306942,821.0,0.5225885225885226,-0.034903793524483195,-0.20270199149509494
persist_5m,25,30,IS,420,0.5238095238095238,1.043452380952381,0.5115712545676004,821.0,0.5225885225885226,0.0012210012210012167,0.1283119658119659
flip_5m,25,30,IS,360,0.5138888888888888,0.40208333333333335,0.438489646772229,821.0,0.5225885225885226,-0.00869963369963378,-0.5130570818070818
HIGH_ALONE_FOLLOW,25,10,Validation,203,0.5123152709359606,1.5788177339901477,1.0,,,,
HIGH_ALONE_LONG,25,10,Validation,203,0.49261083743842365,-3.7118226600985222,1.0,,,,
align_1_5,25,10,Validation,111,0.3963963963963964,-3.421171171171171,0.5467980295566502,203.0,0.5123152709359606,-0.11591887453956423,-4.999988905161318
align_1_5_15,25,10,Validation,81,0.38271604938271603,-3.1944444444444446,0.39901477832512317,203.0,0.5123152709359606,-0.1295992215532446,-4.773262178434592
align_5_15,25,10,Validation,136,0.47794117647058826,2.1948529411764706,0.6699507389162561,203.0,0.5123152709359606,-0.03437409446537237,0.6160352071863229
accel_with_med,25,10,Validation,82,0.4024390243902439,-1.3780487804878048,0.4039408866995074,203.0,0.5123152709359606,-0.1098762465457167,-2.9568665144779525
rev_short_vs_med,25,10,Validation,84,0.6071428571428571,8.300595238095237,0.41379310344827586,203.0,0.5123152709359606,0.09482758620689646,6.72177750410509
disagree_follow_short,25,10,Validation,84,0.39285714285714285,-8.300595238095237,0.41379310344827586,203.0,0.5123152709359606,-0.11945812807881778,-9.879412972085385
follow_5,25,10,Validation,200,0.475,0.915,0.9852216748768473,203.0,0.5123152709359606,-0.037315270935960654,-0.6638177339901477
follow_15,25,10,Validation,202,0.4900990099009901,2.0408415841584158,0.9950738916256158,203.0,0.5123152709359606,-0.02221626103497054,0.4620238501682681
persist_5m,25,10,Validation,104,0.4807692307692308,0.39663461538461536,0.5123152709359606,203.0,0.5123152709359606,-0.03154604016672985,-1.1821831186055323
flip_5m,25,10,Validation,96,0.46875,1.4765625,0.4729064039408867,203.0,0.5123152709359606,-0.04356527093596063,-0.10225523399014769
HIGH_ALONE_FOLLOW,25,15,Validation,203,0.4630541871921182,1.8842364532019704,1.0,,,,
HIGH_ALONE_LONG,25,15,Validation,203,0.4433497536945813,-3.938423645320197,1.0,,,,
align_1_5,25,15,Validation,111,0.42342342342342343,-4.86936936936937,0.5467980295566502,203.0,0.4630541871921182,-0.03963076376869479,-6.75360582257134
align_1_5_15,25,15,Validation,81,0.43209876543209874,-3.287037037037037,0.39901477832512317,203.0,0.4630541871921182,-0.030955421760019475,-5.171273490239008
align_5_15,25,15,Validation,136,0.49264705882352944,2.875,0.6699507389162561,203.0,0.4630541871921182,0.02959287163141122,0.9907635467980296
accel_with_med,25,15,Validation,82,0.5,-0.4054878048780488,0.4039408866995074,203.0,0.4630541871921182,0.036945812807881784,-2.2897242580800192
rev_short_vs_med,25,15,Validation,84,0.5833333333333334,10.574404761904763,0.41379310344827586,203.0,0.4630541871921182,0.12027914614121515,8.690168308702793
disagree_follow_short,25,15,Validation,84,0.4166666666666667,-10.574404761904763,0.41379310344827586,203.0,0.4630541871921182,-0.04638752052545153,-12.458641215106733
follow_5,25,15,Validation,200,0.48,0.40125,0.9852216748768473,203.0,0.4630541871921182,0.016945812807881766,-1.4829864532019705
follow_15,25,15,Validation,202,0.5099009900990099,3.6930693069306932,0.9950738916256158,203.0,0.4630541871921182,0.046846802906891694,1.8088328537287228
persist_5m,25,15,Validation,104,0.5576923076923077,5.418269230769231,0.5123152709359606,203.0,0.4630541871921182,0.0946381205001895,3.53403277756726
flip_5m,25,15,Validation,96,0.3958333333333333,-5.033854166666667,0.4729064039408867,203.0,0.4630541871921182,-0.0672208538587849,-6.918090619868638
HIGH_ALONE_FOLLOW,25,30,Validation,203,0.5073891625615764,-0.24876847290640394,1.0,,,,
HIGH_ALONE_LONG,25,30,Validation,203,0.5270935960591133,-0.7044334975369458,1.0,,,,
align_1_5,25,30,Validation,111,0.4954954954954955,-0.8828828828828829,0.5467980295566502,203.0,0.5073891625615764,-0.011893667066080915,-0.6341144099764789
align_1_5_15,25,30,Validation,81,0.48148148148148145,-4.654320987654321,0.39901477832512317,203.0,0.5073891625615764,-0.025907681080094946,-4.405552514747917
align_5_15,25,30,Validation,136,0.5073529411764706,3.1158088235294117,0.6699507389162561,203.0,0.5073891625615764,-3.6221385105839055e-05,3.3645772964358156
accel_with_med,25,30,Validation,82,0.5365853658536586,-4.484756097560975,0.4039408866995074,203.0,0.5073891625615764,0.029196203292082168,-4.235987624654571
rev_short_vs_med,25,30,Validation,84,0.5119047619047619,5.145833333333333,0.41379310344827586,203.0,0.5073891625615764,0.004515599343185461,5.394601806239737
disagree_follow_short,25,30,Validation,84,0.47619047619047616,-5.145833333333333,0.41379310344827586,203.0,0.5073891625615764,-0.031198686371100237,-4.897064860426929
follow_5,25,30,Validation,200,0.485,3.26375,0.9852216748768473,203.0,0.5073891625615764,-0.022389162561576414,3.512518472906404
follow_15,25,30,Validation,202,0.5247524752475248,0.7784653465346535,0.9950738916256158,203.0,0.5073891625615764,0.017363312685948373,1.0272338194410575
persist_5m,25,30,Validation,104,0.5,1.2548076923076923,0.5123152709359606,203.0,0.5073891625615764,-0.007389162561576401,1.5035761652140962
flip_5m,25,30,Validation,96,0.46875,5.440104166666667,0.4729064039408867,203.0,0.5073891625615764,-0.0386391625615764,5.688872639573071
HIGH_ALONE_FOLLOW,25,10,OOS,118,0.5338983050847458,5.845338983050848,1.0,,,,
HIGH_ALONE_LONG,25,10,OOS,118,0.5169491525423728,-5.078389830508475,1.0,,,,
align_1_5,25,10,OOS,80,0.6375,12.0125,0.6779661016949152,118.0,0.5338983050847458,0.10360169491525417,6.1671610169491515
align_1_5_15,25,10,OOS,55,0.6363636363636364,17.28181818181818,0.4661016949152542,118.0,0.5338983050847458,0.10246533127889057,11.436479198767334
align_5_15,25,10,OOS,81,0.6172839506172839,18.935185185185187,0.6864406779661016,118.0,0.5338983050847458,0.08338564553253813,13.08984620213434
accel_with_med,25,10,OOS,52,0.6346153846153846,12.254807692307692,0.4406779661016949,118.0,0.5338983050847458,0.1007170795306388,6.409468709256844
rev_short_vs_med,25,10,OOS,51,0.47058823529411764,11.230392156862745,0.4322033898305085,118.0,0.5338983050847458,-0.06331006979062814,5.385053173811897
disagree_follow_short,25,10,OOS,51,0.5294117647058824,-11.230392156862745,0.4322033898305085,118.0,0.5338983050847458,-0.004486540378863424,-17.075731139913593
follow_5,25,10,OOS,117,0.6068376068376068,14.224358974358974,0.9915254237288136,118.0,0.5338983050847458,0.07293930175286101,8.379019991308127
follow_15,25,10,OOS,118,0.5508474576271186,11.375,1.0,118.0,0.5338983050847458,0.016949152542372836,5.529661016949152
persist_5m,25,10,OOS,64,0.59375,12.6640625,0.5423728813559322,118.0,0.5338983050847458,0.05985169491525422,6.818723516949152
flip_5m,25,10,OOS,52,0.6153846153846154,15.235576923076923,0.4406779661016949,118.0,0.5338983050847458,0.08148631029986964,9.390237940026076
HIGH_ALONE_FOLLOW,25,15,OOS,118,0.559322033898305,7.364406779661017,1.0,,,,
HIGH_ALONE_LONG,25,15,OOS,118,0.5423728813559322,-1.3347457627118644,1.0,,,,
align_1_5,25,15,OOS,80,0.65,12.275,0.6779661016949152,118.0,0.559322033898305,0.09067796610169498,4.910593220338983
align_1_5_15,25,15,OOS,55,0.6909090909090909,18.304545454545455,0.4661016949152542,118.0,0.559322033898305,0.13158705701078588,10.940138674884437
align_5_15,25,15,OOS,81,0.654320987654321,15.657407407407407,0.6864406779661016,118.0,0.559322033898305,0.09499895375601597,8.29300062774639
accel_with_med,25,15,OOS,52,0.6346153846153846,18.740384615384617,0.4406779661016949,118.0,0.559322033898305,0.07529335071707954,11.3759778357236
rev_short_vs_med,25,15,OOS,51,0.5098039215686274,5.612745098039215,0.4322033898305085,118.0,0.559322033898305,-0.04951811232967762,-1.751661681621802
disagree_follow_short,25,15,OOS,51,0.49019607843137253,-5.612745098039215,0.4322033898305085,118.0,0.559322033898305,-0.06912595546693251,-12.977151877700233
follow_5,25,15,OOS,117,0.6410256410256411,11.435897435897436,0.9915254237288136,118.0,0.559322033898305,0.08170360712733604,4.071490656236419
follow_15,25,15,OOS,118,0.576271186440678,10.194915254237289,1.0,118.0,0.559322033898305,0.016949152542372947,2.8305084745762716
persist_5m,25,15,OOS,64,0.609375,3.9140625,0.5423728813559322,118.0,0.559322033898305,0.05005296610169496,-3.4503442796610173
flip_5m,25,15,OOS,52,0.6730769230769231,19.75,0.4406779661016949,118.0,0.559322033898305,0.11375488917861809,12.385593220338983
HIGH_ALONE_FOLLOW,25,30,OOS,118,0.5508474576271186,11.775423728813559,1.0,,,,
HIGH_ALONE_LONG,25,30,OOS,118,0.5508474576271186,-12.194915254237289,1.0,,,,
align_1_5,25,30,OOS,80,0.525,15.44375,0.6779661016949152,118.0,0.5508474576271186,-0.025847457627118597,3.668326271186441
align_1_5_15,25,30,OOS,55,0.5454545454545454,21.59090909090909,0.4661016949152542,118.0,0.5508474576271186,-0.005392912172573205,9.815485362095531
align_5_15,25,30,OOS,81,0.5432098765432098,21.540123456790123,0.6864406779661016,118.0,0.5508474576271186,-0.007637581083908773,9.764699727976565
accel_with_med,25,30,OOS,52,0.6346153846153846,30.471153846153847,0.4406779661016949,118.0,0.5508474576271186,0.08376792698826596,18.69573011734029
rev_short_vs_med,25,30,OOS,51,0.5294117647058824,9.985294117647058,0.4322033898305085,118.0,0.5508474576271186,-0.02143569292123626,-1.7901296111665008
disagree_follow_short,25,30,OOS,51,0.47058823529411764,-9.985294117647058,0.4322033898305085,118.0,0.5508474576271186,-0.08025922233300098,-21.760717846460615
follow_5,25,30,OOS,117,0.5128205128205128,14.136752136752136,0.9915254237288136,118.0,0.5508474576271186,-0.038026944806605845,2.3613284079385775
follow_15,25,30,OOS,118,0.5508474576271186,15.915254237288135,1.0,118.0,0.5508474576271186,0.0,4.139830508474576
persist_5m,25,30,OOS,64,0.453125,-0.05859375,0.5423728813559322,118.0,0.5508474576271186,-0.09772245762711862,-11.834017478813559
flip_5m,25,30,OOS,52,0.5769230769230769,26.153846153846153,0.4406779661016949,118.0,0.5508474576271186,0.026075619295958252,14.378422425032594
HIGH_ALONE_FOLLOW,25,10,ALL,1140,0.5026315789473684,1.0646929824561404,0.9982486865148862,,,,
HIGH_ALONE_LONG,25,10,ALL,1142,0.5271453590192644,-0.8305604203152365,1.0,,,,
align_1_5,25,10,ALL,683,0.513909224011713,1.0095168374816983,0.5980735551663747,1142.0,0.5026315789473684,0.011277645064344588,-0.05517614497444212
align_1_5_15,25,10,ALL,468,0.5106837606837606,1.764957264957265,0.4098073555166375,1142.0,0.5026315789473684,0.008052181736392217,0.7002642825011245
align_5_15,25,10,ALL,741,0.5141700404858299,2.735492577597841,0.648861646234676,1142.0,0.5026315789473684,0.011538461538461497,1.6707995951417005
accel_with_med,25,10,ALL,483,0.494824016563147,1.5595238095238095,0.42294220665499127,1142.0,0.5026315789473684,-0.007807562384221423,0.4948308270676691
rev_short_vs_med,25,10,ALL,477,0.4968553459119497,2.8370020964360587,0.4176882661996497,1142.0,0.5026315789473684,-0.005776233035418743,1.7723091139799183
disagree_follow_short,25,10,ALL,477,0.49056603773584906,-2.8370020964360587,0.4176882661996497,1142.0,0.5026315789473684,-0.01206554121151937,-3.901695078892199
follow_5,25,10,ALL,1110,0.5144144144144144,1.8376126126126127,0.9719789842381786,1142.0,0.5026315789473684,0.011782835467045949,0.7729196301564722
follow_15,25,10,ALL,1132,0.495583038869258,1.7007508833922262,0.9912434325744308,1142.0,0.5026315789473684,-0.007048540078110455,0.6360579009360858
persist_5m,25,10,ALL,588,0.5306122448979592,2.185799319727891,0.5148861646234676,1142.0,0.5026315789473684,0.02798066595059079,1.1211063372717507
flip_5m,25,10,ALL,508,0.49803149606299213,1.3499015748031495,0.4448336252189142,1142.0,0.5026315789473684,-0.0046000828843763,0.2852085923470091
HIGH_ALONE_FOLLOW,25,15,ALL,1140,0.4903508771929825,1.3611842105263159,0.9982486865148862,,,,
HIGH_ALONE_LONG,25,15,ALL,1142,0.5201401050788091,-0.763353765323993,1.0,,,,
align_1_5,25,15,ALL,683,0.5373352855051244,1.158125915080527,0.5980735551663747,1142.0,0.4903508771929825,0.046984408312141956,-0.2030582954457889
align_1_5_15,25,15,ALL,468,0.5384615384615384,1.827991452991453,0.4098073555166375,1142.0,0.4903508771929825,0.048110661268555954,0.46680724246513705
align_5_15,25,15,ALL,741,0.5317139001349528,2.7125506072874495,0.648861646234676,1142.0,0.4903508771929825,0.04136302294197031,1.3513663967611336
accel_with_med,25,15,ALL,483,0.5279503105590062,2.6884057971014492,0.42294220665499127,1142.0,0.4903508771929825,0.03759943336602373,1.3272215865751333
rev_short_vs_med,25,15,ALL,477,0.48427672955974843,2.540880503144654,0.4176882661996497,1142.0,0.4903508771929825,-0.0060741476332340505,1.179696292618338
disagree_follow_short,25,15,ALL,477,0.5094339622641509,-2.540880503144654,0.4176882661996497,1142.0,0.4903508771929825,0.01908308507116846,-3.9020647136709696
follow_5,25,15,ALL,1110,0.5333333333333333,1.76509009009009,0.9719789842381786,1142.0,0.4903508771929825,0.042982456140350844,0.4039058795637742
follow_15,25,15,ALL,1132,0.5,1.881404593639576,0.9912434325744308,1142.0,0.4903508771929825,0.009649122807017518,0.5202203831132601
persist_5m,25,15,ALL,588,0.5408163265306123,1.935799319727891,0.5148861646234676,1142.0,0.4903508771929825,0.05046544933762981,0.5746151092015752
flip_5m,25,15,ALL,508,0.5275590551181102,1.4355314960629921,0.4448336252189142,1142.0,0.4903508771929825,0.037208177925127706,0.07434728553667624
HIGH_ALONE_FOLLOW,25,30,ALL,1140,0.5228070175438596,1.832017543859649,0.9982486865148862,,,,
HIGH_ALONE_LONG,25,30,ALL,1142,0.5271453590192644,-0.8938266199649737,1.0,,,,
align_1_5,25,30,ALL,683,0.5285505124450952,2.736822840409956,0.5980735551663747,1142.0,0.5228070175438596,0.005743494901235602,0.9048052965503068
align_1_5_15,25,30,ALL,468,0.5149572649572649,2.3621794871794872,0.4098073555166375,1142.0,0.5228070175438596,-0.007849752586594705,0.5301619433198381
align_5_15,25,30,ALL,741,0.5114709851551957,3.7182860998650473,0.648861646234676,1142.0,0.5228070175438596,-0.011336032388663875,1.8862685560053982
accel_with_med,25,30,ALL,483,0.5383022774327122,4.184265010351967,0.42294220665499127,1142.0,0.5228070175438596,0.015495259888852586,2.352247466492318
rev_short_vs_med,25,30,ALL,477,0.469601677148847,1.829664570230608,0.4176882661996497,1142.0,0.5228070175438596,-0.053205340395012624,-0.0023529736290410774
disagree_follow_short,25,30,ALL,477,0.5157232704402516,-1.829664570230608,0.4176882661996497,1142.0,0.5228070175438596,-0.00708374710360804,-3.661682114090257
follow_5,25,30,ALL,1110,0.5126126126126126,2.690990990990991,0.9719789842381786,1142.0,0.5228070175438596,-0.010194404931247014,0.8589734471313417
follow_15,25,30,ALL,1132,0.5008833922261484,2.3089664310954063,0.9912434325744308,1142.0,0.5228070175438596,-0.021923625317711193,0.47694888723575724
persist_5m,25,30,ALL,588,0.5119047619047619,0.9608843537414966,0.5148861646234676,1142.0,0.5228070175438596,-0.010902255639097747,-0.8711331901181525
flip_5m,25,30,ALL,508,0.5118110236220472,3.9901574803149606,0.4448336252189142,1142.0,0.5228070175438596,-0.010995993921812386,2.1581399364553118
HIGH_ALONE_FOLLOW,30,10,IS,816,0.48284313725490197,0.23897058823529413,0.9939098660170523,,,,
HIGH_ALONE_LONG,30,10,IS,821,0.51278928136419,-0.6470767356881851,1.0,,,,
align_1_5,30,10,IS,552,0.4855072463768116,0.16893115942028986,0.6723507917174177,821.0,0.48284313725490197,0.002664109121909619,-0.07003942881500427
align_1_5_15,30,10,IS,380,0.49473684210526314,-0.08289473684210526,0.4628501827040195,821.0,0.48284313725490197,0.011893704850361175,-0.3218653250773994
align_5_15,30,10,IS,552,0.483695652173913,0.20153985507246377,0.6723507917174177,821.0,0.48284313725490197,0.0008525149190110604,-0.037430733162830354
accel_with_med,30,10,IS,401,0.4937655860349127,-0.3634663341645885,0.4884287454323995,821.0,0.48284313725490197,0.010922448780010752,-0.6024369223998827
rev_short_vs_med,30,10,IS,324,0.49074074074074076,-0.024691358024691357,0.3946406820950061,821.0,0.48284313725490197,0.007897603485838789,-0.2636619462599855
disagree_follow_short,30,10,IS,324,0.49382716049382713,0.024691358024691357,0.3946406820950061,821.0,0.48284313725490197,0.010984023238925167,-0.21427923021060277
follow_5,30,10,IS,808,0.4752475247524752,0.26639851485148514,0.9841656516443362,821.0,0.48284313725490197,-0.007595612502426741,0.027427926616191006
follow_15,30,10,IS,810,0.49382716049382713,-0.03209876543209877,0.9866017052375152,821.0,0.48284313725490197,0.010984023238925167,-0.2710693536673929
persist_5m,30,10,IS,417,0.4988009592326139,0.7913669064748201,0.5079171741778319,821.0,0.48284313725490197,0.01595782197771195,0.552396318239526
flip_5m,30,10,IS,368,0.4592391304347826,-0.2269021739130435,0.4482338611449452,821.0,0.48284313725490197,-0.023604006820119372,-0.4658727621483376
HIGH_ALONE_FOLLOW,30,15,IS,816,0.4877450980392157,0.40870098039215685,0.9939098660170523,,,,
HIGH_ALONE_LONG,30,15,IS,821,0.51278928136419,-0.5350182704019488,1.0,,,,
align_1_5,30,15,IS,552,0.48188405797101447,-0.1793478260869565,0.6723507917174177,821.0,0.4877450980392157,-0.0058610400682012065,-0.5880488064791134
align_1_5_15,30,15,IS,380,0.4868421052631579,-0.08026315789473684,0.4628501827040195,821.0,0.4877450980392157,-0.000902992776057765,-0.48896413828689367
align_5_15,30,15,IS,552,0.48188405797101447,0.2056159420289855,0.6723507917174177,821.0,0.4877450980392157,-0.0058610400682012065,-0.20308503836317135
accel_with_med,30,15,IS,401,0.5062344139650873,0.09039900249376559,0.4884287454323995,821.0,0.4877450980392157,0.018489315925871608,-0.31830197789839126
rev_short_vs_med,30,15,IS,324,0.48148148148148145,0.4591049382716049,0.3946406820950061,821.0,0.4877450980392157,-0.0062636165577342195,0.05040395787944807
disagree_follow_short,30,15,IS,324,0.5061728395061729,-0.4591049382716049,0.3946406820950061,821.0,0.4877450980392157,0.018427741466957193,-0.8678059186637618
follow_5,30,15,IS,808,0.4752475247524752,-0.018564356435643563,0.9841656516443362,821.0,0.4877450980392157,-0.012497573286740449,-0.42726533682780043
follow_15,30,15,IS,810,0.49135802469135803,0.20246913580246914,0.9866017052375152,821.0,0.4877450980392157,0.0036129266521423564,-0.2062318445896877
persist_5m,30,15,IS,417,0.4988009592326139,0.6954436450839329,0.5079171741778319,821.0,0.4877450980392157,0.011055861193398242,0.286742664691776
flip_5m,30,15,IS,368,0.46467391304347827,-0.6413043478260869,0.4482338611449452,821.0,0.4877450980392157,-0.023071184995737404,-1.0500053282182438
HIGH_ALONE_FOLLOW,30,30,IS,816,0.47671568627450983,0.13939950980392157,0.9939098660170523,,,,
HIGH_ALONE_LONG,30,30,IS,821,0.5237515225334958,0.544762484774665,1.0,,,,
align_1_5,30,30,IS,552,0.47644927536231885,-0.04121376811594203,0.6723507917174177,821.0,0.47671568627450983,-0.0002664109121909841,-0.1806132779198636
align_1_5_15,30,30,IS,380,0.4763157894736842,0.02763157894736842,0.4628501827040195,821.0,0.47671568627450983,-0.0003998968008256387,-0.11176793085655315
align_5_15,30,30,IS,552,0.46557971014492755,-0.41530797101449274,0.6723507917174177,821.0,0.47671568627450983,-0.011135976129582281,-0.5547074808184143
accel_with_med,30,30,IS,401,0.48129675810473815,0.05548628428927681,0.4884287454323995,821.0,0.47671568627450983,0.004581071830228323,-0.08391322551464477
rev_short_vs_med,30,30,IS,324,0.4722222222222222,-0.9189814814814815,0.3946406820950061,821.0,0.47671568627450983,-0.004493464052287621,-1.0583809912854032
disagree_follow_short,30,30,IS,324,0.5246913580246914,0.9189814814814815,0.3946406820950061,821.0,0.47671568627450983,0.047975671750181526,0.7795819716775599
follow_5,30,30,IS,808,0.46905940594059403,-0.45482673267326734,0.9841656516443362,821.0,0.47671568627450983,-0.007656280333915799,-0.5942262424771889
follow_15,30,30,IS,810,0.4802469135802469,-0.18302469135802468,0.9866017052375152,821.0,0.47671568627450983,0.0035312273057370724,-0.32242420116194626
persist_5m,30,30,IS,417,0.48201438848920863,0.1420863309352518,0.5079171741778319,821.0,0.47671568627450983,0.005298702214698803,0.0026868211313302304
flip_5m,30,30,IS,368,0.4592391304347826,-1.033967391304348,0.4482338611449452,821.0,0.47671568627450983,-0.017476555839727237,-1.1733669011082695
HIGH_ALONE_FOLLOW,30,10,Validation,218,0.5,2.371559633027523,1.0,,,,
HIGH_ALONE_LONG,30,10,Validation,218,0.45871559633027525,-2.1903669724770642,1.0,,,,
align_1_5,30,10,Validation,174,0.5114942528735632,-1.6925287356321839,0.7981651376146789,218.0,0.5,0.011494252873563204,-4.064088368659707
align_1_5_15,30,10,Validation,129,0.5813953488372093,2.951550387596899,0.591743119266055,218.0,0.5,0.08139534883720934,0.5799907545693763
align_5_15,30,10,Validation,155,0.5548387096774193,3.0451612903225804,0.7110091743119266,218.0,0.5,0.05483870967741933,0.6736016572950576
accel_with_med,30,10,Validation,130,0.5538461538461539,2.0326923076923076,0.5963302752293578,218.0,0.5,0.05384615384615388,-0.33886732533521524
rev_short_vs_med,30,10,Validation,70,0.5714285714285714,10.767857142857142,0.3211009174311927,218.0,0.5,0.0714285714285714,8.396297509829619
disagree_follow_short,30,10,Validation,70,0.4142857142857143,-10.767857142857142,0.3211009174311927,218.0,0.5,-0.08571428571428569,-13.139416775884666
follow_5,30,10,Validation,216,0.5046296296296297,-0.6134259259259259,0.9908256880733946,218.0,0.5,0.00462962962962965,-2.984985558953449
follow_15,30,10,Validation,218,0.5642201834862385,4.7110091743119265,1.0,218.0,0.5,0.06422018348623848,2.3394495412844036
persist_5m,30,10,Validation,107,0.5233644859813084,1.3878504672897196,0.4908256880733945,218.0,0.5,0.02336448598130836,-0.9837091657378032
flip_5m,30,10,Validation,106,0.4811320754716981,-2.7547169811320753,0.48623853211009177,218.0,0.5,-0.018867924528301883,-5.126276614159599
HIGH_ALONE_FOLLOW,30,15,Validation,218,0.5,1.576834862385321,1.0,,,,
HIGH_ALONE_LONG,30,15,Validation,218,0.5045871559633027,-0.5905963302752294,1.0,,,,
align_1_5,30,15,Validation,174,0.4942528735632184,-1.7873563218390804,0.7981651376146789,218.0,0.5,-0.005747126436781602,-3.3641911842244014
align_1_5_15,30,15,Validation,129,0.5348837209302325,1.496124031007752,0.591743119266055,218.0,0.5,0.03488372093023251,-0.08071083137756907
align_5_15,30,15,Validation,155,0.5225806451612903,2.1596774193548387,0.7110091743119266,218.0,0.5,0.022580645161290325,0.5828425569695177
accel_with_med,30,15,Validation,130,0.5076923076923077,-0.3557692307692308,0.5963302752293578,218.0,0.5,0.007692307692307665,-1.9326040931545518
rev_short_vs_med,30,15,Validation,70,0.5428571428571428,8.875,0.3211009174311927,218.0,0.5,0.042857142857142816,7.298165137614679
disagree_follow_short,30,15,Validation,70,0.44285714285714284,-8.875,0.3211009174311927,218.0,0.5,-0.05714285714285716,-10.45183486238532
follow_5,30,15,Validation,216,0.49537037037037035,0.35300925925925924,0.9908256880733946,218.0,0.5,-0.00462962962962965,-1.2238256031260617
follow_15,30,15,Validation,218,0.5275229357798165,2.5057339449541285,1.0,218.0,0.5,0.02752293577981646,0.9288990825688075
persist_5m,30,15,Validation,107,0.5420560747663551,2.5817757009345796,0.4908256880733945,218.0,0.5,0.04205607476635509,1.0049408385492586
flip_5m,30,15,Validation,106,0.4528301886792453,-1.6297169811320755,0.48623853211009177,218.0,0.5,-0.047169811320754707,-3.2065518435173965
HIGH_ALONE_FOLLOW,30,30,Validation,218,0.48623853211009177,-3.69151376146789,1.0,,,,
HIGH_ALONE_LONG,30,30,Validation,218,0.555045871559633,1.1754587155963303,1.0,,,,
align_1_5,30,30,Validation,174,0.4942528735632184,-3.639367816091954,0.7981651376146789,218.0,0.48623853211009177,0.008014341453126628,0.05214594537593609
align_1_5_15,30,30,Validation,129,0.5193798449612403,-1.7248062015503876,0.591743119266055,218.0,0.48623853211009177,0.033141312851148574,1.9667075599175026
align_5_15,30,30,Validation,155,0.5032258064516129,-0.4080645161290323,0.7110091743119266,218.0,0.48623853211009177,0.016987274341521086,3.2834492453388577
accel_with_med,30,30,Validation,130,0.49230769230769234,-1.9826923076923078,0.5963302752293578,218.0,0.48623853211009177,0.006069160197600565,1.7088214537755824
rev_short_vs_med,30,30,Validation,70,0.5285714285714286,8.217857142857143,0.3211009174311927,218.0,0.48623853211009177,0.04233289646133681,11.909370904325034
disagree_follow_short,30,30,Validation,70,0.4714285714285714,-8.217857142857143,0.3211009174311927,218.0,0.48623853211009177,-0.014809960681520351,-4.526343381389253
follow_5,30,30,Validation,216,0.5046296296296297,-0.5798611111111112,0.9908256880733946,218.0,0.48623853211009177,0.01839109751953788,3.111652650356779
follow_15,30,30,Validation,218,0.4954128440366973,-0.2786697247706422,1.0,218.0,0.48623853211009177,0.009174311926605505,3.4128440366972477
persist_5m,30,30,Validation,107,0.5046728971962616,1.25,0.4908256880733945,218.0,0.48623853211009177,0.018434365086169857,4.94151376146789
flip_5m,30,30,Validation,106,0.5,-3.193396226415094,0.48623853211009177,218.0,0.48623853211009177,0.01376146788990823,0.498117535052796
HIGH_ALONE_FOLLOW,30,10,OOS,126,0.5158730158730159,0.09325396825396826,1.0,,,,
HIGH_ALONE_LONG,30,10,OOS,126,0.5793650793650794,7.196428571428571,1.0,,,,
align_1_5,30,10,OOS,84,0.4523809523809524,-6.800595238095238,0.6666666666666666,126.0,0.5158730158730159,-0.06349206349206354,-6.8938492063492065
align_1_5_15,30,10,OOS,72,0.4583333333333333,-4.923611111111111,0.5714285714285714,126.0,0.5158730158730159,-0.05753968253968261,-5.016865079365079
align_5_15,30,10,OOS,104,0.49038461538461536,-5.762019230769231,0.8253968253968254,126.0,0.5158730158730159,-0.025488400488400564,-5.855273199023199
accel_with_med,30,10,OOS,72,0.4583333333333333,-5.5,0.5714285714285714,126.0,0.5158730158730159,-0.05753968253968261,-5.593253968253968
rev_short_vs_med,30,10,OOS,45,0.5777777777777777,-0.1111111111111111,0.35714285714285715,126.0,0.5158730158730159,0.061904761904761796,-0.20436507936507936
disagree_follow_short,30,10,OOS,45,0.4222222222222222,0.1111111111111111,0.35714285714285715,126.0,0.5158730158730159,-0.0936507936507937,0.01785714285714285
follow_5,30,10,OOS,125,0.488,-5.618,0.9920634920634921,126.0,0.5158730158730159,-0.02787301587301594,-5.711253968253969
follow_15,30,10,OOS,126,0.5,-3.755952380952381,1.0,126.0,0.5158730158730159,-0.015873015873015928,-3.8492063492063493
persist_5m,30,10,OOS,84,0.5119047619047619,-6.494047619047619,0.6666666666666666,126.0,0.5158730158730159,-0.003968253968254065,-6.587301587301587
flip_5m,30,10,OOS,41,0.43902439024390244,-3.823170731707317,0.3253968253968254,126.0,0.5158730158730159,-0.07684862562911349,-3.9164246999612855
HIGH_ALONE_FOLLOW,30,15,OOS,126,0.5317460317460317,4.287698412698413,1.0,,,,
HIGH_ALONE_LONG,30,15,OOS,126,0.5634920634920635,0.40674603174603174,1.0,,,,
align_1_5,30,15,OOS,84,0.4642857142857143,-3.4375,0.6666666666666666,126.0,0.5317460317460317,-0.06746031746031744,-7.725198412698413
align_1_5_15,30,15,OOS,72,0.4722222222222222,0.034722222222222224,0.5714285714285714,126.0,0.5317460317460317,-0.059523809523809534,-4.252976190476191
align_5_15,30,15,OOS,104,0.49038461538461536,-1.59375,0.8253968253968254,126.0,0.5317460317460317,-0.04136141636141638,-5.881448412698413
accel_with_med,30,15,OOS,72,0.4722222222222222,-0.16666666666666666,0.5714285714285714,126.0,0.5317460317460317,-0.059523809523809534,-4.45436507936508
rev_short_vs_med,30,15,OOS,45,0.5555555555555556,3.0277777777777777,0.35714285714285715,126.0,0.5317460317460317,0.023809523809523836,-1.2599206349206353
disagree_follow_short,30,15,OOS,45,0.4444444444444444,-3.0277777777777777,0.35714285714285715,126.0,0.5317460317460317,-0.08730158730158732,-7.315476190476191
follow_5,30,15,OOS,125,0.488,-2.92,0.9920634920634921,126.0,0.5317460317460317,-0.043746031746031755,-7.207698412698413
follow_15,30,15,OOS,126,0.5,0.37103174603174605,1.0,126.0,0.5317460317460317,-0.031746031746031744,-3.916666666666667
persist_5m,30,15,OOS,84,0.5238095238095238,-0.6369047619047619,0.6666666666666666,126.0,0.5317460317460317,-0.007936507936507908,-4.924603174603175
flip_5m,30,15,OOS,41,0.4146341463414634,-7.597560975609756,0.3253968253968254,126.0,0.5317460317460317,-0.11711188540456835,-11.88525938830817
HIGH_ALONE_FOLLOW,30,30,OOS,126,0.5,3.5634920634920637,1.0,,,,
HIGH_ALONE_LONG,30,30,OOS,126,0.5793650793650794,1.6666666666666667,1.0,,,,
align_1_5,30,30,OOS,84,0.40476190476190477,-14.041666666666666,0.6666666666666666,126.0,0.5,-0.09523809523809523,-17.60515873015873
align_1_5_15,30,30,OOS,72,0.4166666666666667,-11.399305555555555,0.5714285714285714,126.0,0.5,-0.08333333333333331,-14.962797619047619
align_5_15,30,30,OOS,104,0.4519230769230769,-7.15625,0.8253968253968254,126.0,0.5,-0.04807692307692307,-10.719742063492063
accel_with_med,30,30,OOS,72,0.4027777777777778,-12.690972222222221,0.5714285714285714,126.0,0.5,-0.09722222222222221,-16.254464285714285
rev_short_vs_med,30,30,OOS,45,0.5777777777777777,9.772222222222222,0.35714285714285715,126.0,0.5,0.07777777777777772,6.208730158730159
disagree_follow_short,30,30,OOS,45,0.4222222222222222,-9.772222222222222,0.35714285714285715,126.0,0.5,-0.07777777777777778,-13.335714285714285
follow_5,30,30,OOS,125,0.456,-7.448,0.9920634920634921,126.0,0.5,-0.043999999999999984,-11.011492063492064
follow_15,30,30,OOS,126,0.46825396825396826,-4.388888888888889,1.0,126.0,0.5,-0.031746031746031744,-7.9523809523809526
persist_5m,30,30,OOS,84,0.4642857142857143,-2.8035714285714284,0.6666666666666666,126.0,0.5,-0.0357142857142857,-6.367063492063492
flip_5m,30,30,OOS,41,0.43902439024390244,-16.963414634146343,0.3253968253968254,126.0,0.5,-0.06097560975609756,-20.526906697638406
HIGH_ALONE_FOLLOW,30,10,ALL,1160,0.4896551724137931,0.6239224137931034,0.9957081545064378,,,,
HIGH_ALONE_LONG,30,10,ALL,1165,0.5098712446351932,-0.08755364806866953,1.0,,,,
align_1_5,30,10,ALL,810,0.4876543209876543,-0.9537037037037037,0.6952789699570815,1165.0,0.4896551724137931,-0.002000851426138761,-1.5776261174968071
align_1_5_15,30,10,ALL,581,0.5094664371772806,-0.009036144578313253,0.49871244635193135,1165.0,0.4896551724137931,0.01981126476348749,-0.6329585583714167
align_5_15,30,10,ALL,811,0.49815043156596794,-0.01972872996300863,0.696137339055794,1165.0,0.4896551724137931,0.008495259152174861,-0.6436511437561121
accel_with_med,30,10,ALL,603,0.5024875621890548,-0.4601990049751244,0.5175965665236052,1165.0,0.4896551724137931,0.012832389775261688,-1.0841214187682278
rev_short_vs_med,30,10,ALL,439,0.5125284738041003,1.6873576309794989,0.37682403433476397,1165.0,0.4896551724137931,0.022873301390307188,1.0634352171863954
disagree_follow_short,30,10,ALL,439,0.47380410022779046,-1.6873576309794989,0.37682403433476397,1165.0,0.4896551724137931,-0.015851072186002624,-2.3112800447726025
follow_5,30,10,ALL,1149,0.4821583986074848,-0.5391644908616188,0.9862660944206009,1165.0,0.4896551724137931,-0.00749677380630831,-1.163086904654722
follow_15,30,10,ALL,1154,0.5077989601386482,0.45732235701906415,0.9905579399141631,1165.0,0.4896551724137931,0.018143787724855143,-0.16660005677403927
persist_5m,30,10,ALL,608,0.5049342105263158,-0.11019736842105263,0.5218884120171674,1165.0,0.4896551724137931,0.015279038112522736,-0.7341197822141561
flip_5m,30,10,ALL,515,0.4621359223300971,-1.033495145631068,0.44206008583690987,1165.0,0.4896551724137931,-0.02751925008369599,-1.6574175594241713
HIGH_ALONE_FOLLOW,30,15,ALL,1160,0.49482758620689654,1.0495689655172413,0.9957081545064378,,,,
HIGH_ALONE_LONG,30,15,ALL,1165,0.5167381974248927,-0.44356223175965664,1.0,,,,
align_1_5,30,15,ALL,810,0.48271604938271606,-0.8626543209876543,0.6952789699570815,1165.0,0.49482758620689654,-0.01211153682418048,-1.9122232865048956
align_1_5_15,30,15,ALL,581,0.49569707401032703,0.28399311531841653,0.49871244635193135,1165.0,0.49482758620689654,0.0008694878034304909,-0.7655758501988248
align_5_15,30,15,ALL,811,0.4907521578298397,0.34833538840937117,0.696137339055794,1165.0,0.49482758620689654,-0.004075428377056822,-0.7012335771078702
accel_with_med,30,15,ALL,603,0.5024875621890548,-0.03648424543946932,0.5175965665236052,1165.0,0.49482758620689654,0.007659975982158229,-1.0860532109567107
rev_short_vs_med,30,15,ALL,439,0.4988610478359909,2.0643507972665147,0.37682403433476397,1165.0,0.49482758620689654,0.004033461629094348,1.0147818317492734
disagree_follow_short,30,15,ALL,439,0.489749430523918,-2.0643507972665147,0.37682403433476397,1165.0,0.49482758620689654,-0.005078155682978536,-3.1139197627837563
follow_5,30,15,ALL,1149,0.4804177545691906,-0.2643603133159269,0.9862660944206009,1165.0,0.49482758620689654,-0.014409831637705928,-1.3139292788331682
follow_15,30,15,ALL,1154,0.49913344887348354,0.6559792027729636,0.9905579399141631,1165.0,0.49482758620689654,0.0043058626665870015,-0.3935897627442777
persist_5m,30,15,ALL,608,0.5098684210526315,0.8433388157894737,0.5218884120171674,1165.0,0.49482758620689654,0.015040834845734985,-0.20623014972776765
flip_5m,30,15,ALL,515,0.458252427184466,-1.3985436893203884,0.44206008583690987,1165.0,0.49482758620689654,-0.036575159022430526,-2.4481126548376295
HIGH_ALONE_FOLLOW,30,30,ALL,1160,0.4810344827586207,-0.20862068965517241,0.9957081545064378,,,,
HIGH_ALONE_LONG,30,30,ALL,1165,0.5356223175965665,0.7841201716738198,1.0,,,,
align_1_5,30,30,ALL,810,0.4728395061728395,-2.2660493827160493,0.6952789699570815,1165.0,0.4810344827586207,-0.008194976585781222,-2.057428693060877
align_1_5_15,30,30,ALL,581,0.4784853700516351,-1.777538726333907,0.49871244635193135,1165.0,0.4810344827586207,-0.0025491127069856012,-1.5689180366787348
align_5_15,30,30,ALL,811,0.47102342786683105,-1.278360049321825,0.696137339055794,1165.0,0.4810344827586207,-0.010011054891789661,-1.0697393596666527
accel_with_med,30,30,ALL,603,0.47429519071310117,-1.9058872305140961,0.5175965665236052,1165.0,0.4810344827586207,-0.00673929204551954,-1.6972665408589238
rev_short_vs_med,30,30,ALL,439,0.4920273348519362,1.6338268792710706,0.37682403433476397,1165.0,0.4810344827586207,0.01099285209331552,1.842447568926243
disagree_follow_short,30,30,ALL,439,0.5056947608200456,-1.6338268792710706,0.37682403433476397,1165.0,0.4810344827586207,0.0246602780614249,-1.4252061896158983
follow_5,30,30,ALL,1149,0.47432550043516103,-1.2391209747606615,0.9862660944206009,1165.0,0.4810344827586207,-0.006708982323459678,-1.0305002851054892
follow_15,30,30,ALL,1154,0.48180242634315423,-0.6603119584055459,0.9905579399141631,1165.0,0.4810344827586207,0.0007679435845335258,-0.45169126875037346
persist_5m,30,30,ALL,608,0.48355263157894735,-0.06990131578947369,0.5218884120171674,1165.0,0.4810344827586207,0.0025181488203266378,0.13871937386569871
flip_5m,30,30,ALL,515,0.46601941747572817,-2.746601941747573,0.44206008583690987,1165.0,0.4810344827586207,-0.015015065282892537,-2.5379812520924006
HIGH_ALONE_FOLLOW,35,10,IS,819,0.47374847374847373,0.31074481074481075,0.997563946406821,,,,
HIGH_ALONE_LONG,35,10,IS,821,0.4945188794153471,-0.434531059683313,1.0,,,,
align_1_5,35,10,IS,492,0.4573170731707317,-0.27134146341463417,0.5992691839220463,821.0,0.47374847374847373,-0.016431400577742006,-0.5820862741594449
align_1_5_15,35,10,IS,361,0.44321329639889195,-0.4092797783933518,0.4397076735688185,821.0,0.47374847374847373,-0.030535177349581777,-0.7200245891381625
align_5_15,35,10,IS,579,0.44905008635578586,-0.5578583765112263,0.705237515225335,821.0,0.47374847374847373,-0.02469838739268787,-0.868603187256037
accel_with_med,35,10,IS,356,0.46629213483146065,0.3728932584269663,0.4336175395858709,821.0,0.47374847374847373,-0.007456338917013083,0.06214844768215555
rev_short_vs_med,35,10,IS,338,0.4526627218934911,-0.7196745562130178,0.41169305724725946,821.0,0.47374847374847373,-0.021085751854982626,-1.0304193669578285
disagree_follow_short,35,10,IS,338,0.5236686390532544,0.7196745562130178,0.41169305724725946,821.0,0.47374847374847373,0.04992016530478072,0.40892974546820704
follow_5,35,10,IS,805,0.462111801242236,-0.7027950310559006,0.9805115712545676,821.0,0.47374847374847373,-0.011636672506237733,-1.0135398418007113
follow_15,35,10,IS,813,0.45018450184501846,-0.19095940959409594,0.9902557856272838,821.0,0.47374847374847373,-0.023563971903455272,-0.5017042203389067
persist_5m,35,10,IS,422,0.4146919431279621,-0.9283175355450237,0.5140073081607796,821.0,0.47374847374847373,-0.05905653062051164,-1.2390623462898345
flip_5m,35,10,IS,371,0.5094339622641509,-0.511455525606469,0.4518879415347138,821.0,0.47374847374847373,0.03568548851567721,-0.8222003363512798
HIGH_ALONE_FOLLOW,35,15,IS,819,0.4884004884004884,0.3766788766788767,0.997563946406821,,,,
HIGH_ALONE_LONG,35,15,IS,821,0.5213154689403167,-0.3797198538367844,1.0,,,,
align_1_5,35,15,IS,492,0.4715447154471545,-0.2992886178861789,0.5992691839220463,821.0,0.4884004884004884,-0.016855772953333903,-0.6759674945650556
align_1_5_15,35,15,IS,361,0.46814404432132967,-0.4930747922437673,0.4397076735688185,821.0,0.4884004884004884,-0.02025644407915872,-0.8697536689226439
align_5_15,35,15,IS,579,0.459412780656304,-0.5211571675302246,0.705237515225335,821.0,0.4884004884004884,-0.02898770774418441,-0.8978360442091012
accel_with_med,35,15,IS,356,0.4943820224719101,1.0070224719101124,0.4336175395858709,821.0,0.4884004884004884,0.0059815340714217125,0.6303435952312357
rev_short_vs_med,35,15,IS,338,0.45857988165680474,-0.7181952662721893,0.41169305724725946,821.0,0.4884004884004884,-0.029820606743683642,-1.094874142951066
disagree_follow_short,35,15,IS,338,0.5355029585798816,0.7181952662721893,0.41169305724725946,821.0,0.4884004884004884,0.04710247017939323,0.34151638959331265
follow_5,35,15,IS,805,0.4583850931677019,-0.8726708074534162,0.9805115712545676,821.0,0.4884004884004884,-0.030015395232786513,-1.2493496841322929
follow_15,35,15,IS,813,0.47601476014760147,0.015067650676506766,0.9902557856272838,821.0,0.4884004884004884,-0.012385728252886918,-0.3616112260023699
persist_5m,35,15,IS,422,0.42890995260663506,-0.9146919431279621,0.5140073081607796,821.0,0.4884004884004884,-0.05949053579385333,-1.2913708198068388
flip_5m,35,15,IS,371,0.48787061994609165,-0.9575471698113207,0.4518879415347138,821.0,0.4884004884004884,-0.0005298684543967314,-1.3342260464901974
HIGH_ALONE_FOLLOW,35,30,IS,819,0.4713064713064713,0.2490842490842491,0.997563946406821,,,,
HIGH_ALONE_LONG,35,30,IS,821,0.5322777101096224,-0.4287454323995128,1.0,,,,
align_1_5,35,30,IS,492,0.47764227642276424,0.009146341463414634,0.5992691839220463,821.0,0.4713064713064713,0.006335805116292947,-0.23993790762083445
align_1_5_15,35,30,IS,361,0.47368421052631576,-0.7333795013850416,0.4397076735688185,821.0,0.4713064713064713,0.002377739219844466,-0.9824637504692907
align_5_15,35,30,IS,579,0.4680483592400691,-0.3337651122625216,0.705237515225335,821.0,0.4713064713064713,-0.0032581120664021967,-0.5828493613467707
accel_with_med,35,30,IS,356,0.5028089887640449,0.8799157303370787,0.4336175395858709,821.0,0.4713064713064713,0.0315025174575736,0.6308314812528296
rev_short_vs_med,35,30,IS,338,0.45857988165680474,-1.0532544378698225,0.41169305724725946,821.0,0.4713064713064713,-0.012726589649666553,-1.3023386869540716
disagree_follow_short,35,30,IS,338,0.5295857988165681,1.0532544378698225,0.41169305724725946,821.0,0.4713064713064713,0.05827932751009679,0.8041701887855734
follow_5,35,30,IS,805,0.4683229813664596,-0.4440993788819876,0.9805115712545676,821.0,0.4713064713064713,-0.0029834899400116854,-0.6931836279662367
follow_15,35,30,IS,813,0.47724477244772445,-0.17589175891758918,0.9902557856272838,821.0,0.4713064713064713,0.005938301141253155,-0.42497600800183827
persist_5m,35,30,IS,422,0.4312796208530806,-1.1001184834123223,0.5140073081607796,821.0,0.4713064713064713,-0.04002685045339072,-1.3492027324965714
flip_5m,35,30,IS,371,0.5040431266846361,0.2284366576819407,0.4518879415347138,821.0,0.4713064713064713,0.032736655378164836,-0.020647591402308374
HIGH_ALONE_FOLLOW,35,10,Validation,222,0.49099099099099097,-1.045045045045045,0.9955156950672646,,,,
HIGH_ALONE_LONG,35,10,Validation,223,0.5695067264573991,1.4125560538116593,1.0,,,,
align_1_5,35,10,Validation,140,0.5571428571428572,0.4607142857142857,0.6278026905829597,223.0,0.49099099099099097,0.06615186615186619,1.5057593307593307
align_1_5_15,35,10,Validation,97,0.5257731958762887,-2.2757731958762886,0.4349775784753363,223.0,0.49099099099099097,0.03478220488529771,-1.2307281508312435
align_5_15,35,10,Validation,153,0.5424836601307189,-1.4803921568627452,0.6860986547085202,223.0,0.49099099099099097,0.05149266913972794,-0.43534711181770014
accel_with_med,35,10,Validation,99,0.5454545454545454,0.2601010101010101,0.4439461883408072,223.0,0.49099099099099097,0.05446355446355444,1.3051460551460552
rev_short_vs_med,35,10,Validation,100,0.48,-2.9725,0.4484304932735426,223.0,0.49099099099099097,-0.01099099099099099,-1.9274549549549551
disagree_follow_short,35,10,Validation,100,0.52,2.9725,0.4484304932735426,223.0,0.49099099099099097,0.029009009009009046,4.017545045045045
follow_5,35,10,Validation,222,0.5540540540540541,0.059684684684684686,0.9955156950672646,223.0,0.49099099099099097,0.06306306306306309,1.1047297297297298
follow_15,35,10,Validation,222,0.5045045045045045,-2.1013513513513513,0.9955156950672646,223.0,0.49099099099099097,0.013513513513513487,-1.0563063063063063
persist_5m,35,10,Validation,130,0.5538461538461539,-1.7403846153846154,0.5829596412556054,223.0,0.49099099099099097,0.0628551628551629,-0.6953395703395704
flip_5m,35,10,Validation,91,0.5494505494505495,2.5467032967032965,0.4080717488789238,223.0,0.49099099099099097,0.058459558459558525,3.5917483417483416
HIGH_ALONE_FOLLOW,35,15,Validation,222,0.46396396396396394,-2.900900900900901,0.9955156950672646,,,,
HIGH_ALONE_LONG,35,15,Validation,223,0.5426008968609866,1.345291479820628,1.0,,,,
align_1_5,35,15,Validation,140,0.4785714285714286,0.11964285714285715,0.6278026905829597,223.0,0.46396396396396394,0.014607464607464649,3.020543758043758
align_1_5_15,35,15,Validation,97,0.4020618556701031,-5.324742268041237,0.4349775784753363,223.0,0.46396396396396394,-0.061902108293860836,-2.423841367140336
align_5_15,35,15,Validation,153,0.48366013071895425,-1.8169934640522876,0.6860986547085202,223.0,0.46396396396396394,0.019696166754990307,1.0839074368486135
accel_with_med,35,15,Validation,99,0.4444444444444444,-2.452020202020202,0.4439461883408072,223.0,0.46396396396396394,-0.019519519519519524,0.44888069888069904
rev_short_vs_med,35,15,Validation,100,0.51,-2.88,0.4484304932735426,223.0,0.46396396396396394,0.046036036036036065,0.02090090090090113
disagree_follow_short,35,15,Validation,100,0.48,2.88,0.4484304932735426,223.0,0.46396396396396394,0.01603603603603604,5.780900900900901
follow_5,35,15,Validation,222,0.509009009009009,0.5213963963963963,0.9955156950672646,223.0,0.46396396396396394,0.045045045045045085,3.4222972972972974
follow_15,35,15,Validation,222,0.47297297297297297,-2.8828828828828827,0.9955156950672646,223.0,0.46396396396396394,0.009009009009009028,0.018018018018018278
persist_5m,35,15,Validation,130,0.46923076923076923,-1.9192307692307693,0.5829596412556054,223.0,0.46396396396396394,0.005266805266805286,0.9816701316701317
flip_5m,35,15,Validation,91,0.5604395604395604,3.848901098901099,0.4080717488789238,223.0,0.46396396396396394,0.0964755964755965,6.749801999802
HIGH_ALONE_FOLLOW,35,30,Validation,222,0.47297297297297297,-3.670045045045045,0.9955156950672646,,,,
HIGH_ALONE_LONG,35,30,Validation,223,0.5426008968609866,2.3867713004484306,1.0,,,,
align_1_5,35,30,Validation,140,0.5142857142857142,2.976785714285714,0.6278026905829597,223.0,0.47297297297297297,0.041312741312741263,6.64683075933076
align_1_5_15,35,30,Validation,97,0.4742268041237113,-4.561855670103093,0.4349775784753363,223.0,0.47297297297297297,0.0012538311507383493,-0.8918106250580475
align_5_15,35,30,Validation,153,0.5294117647058824,-2.1666666666666665,0.6860986547085202,223.0,0.47297297297297297,0.05643879173290939,1.5033783783783785
accel_with_med,35,30,Validation,99,0.46464646464646464,-3.2777777777777777,0.4439461883408072,223.0,0.47297297297297297,-0.00832650832650833,0.39226726726726735
rev_short_vs_med,35,30,Validation,100,0.52,-7.225,0.4484304932735426,223.0,0.47297297297297297,0.047027027027027046,-3.5549549549549546
disagree_follow_short,35,30,Validation,100,0.47,7.225,0.4484304932735426,223.0,0.47297297297297297,-0.002972972972972998,10.895045045045045
follow_5,35,30,Validation,222,0.5405405405405406,2.240990990990991,0.9955156950672646,223.0,0.47297297297297297,0.0675675675675676,5.911036036036036
follow_15,35,30,Validation,222,0.5,-4.9425675675675675,0.9955156950672646,223.0,0.47297297297297297,0.02702702702702703,-1.2725225225225225
persist_5m,35,30,Validation,130,0.5230769230769231,-1.5884615384615384,0.5829596412556054,223.0,0.47297297297297297,0.050103950103950134,2.081583506583507
flip_5m,35,30,Validation,91,0.5604395604395604,7.65934065934066,0.4080717488789238,223.0,0.47297297297297297,0.08746658746658748,11.329385704385704
HIGH_ALONE_FOLLOW,35,10,OOS,128,0.5078125,2.537109375,1.0,,,,
HIGH_ALONE_LONG,35,10,OOS,128,0.484375,-4.658203125,1.0,,,,
align_1_5,35,10,OOS,84,0.5238095238095238,-0.5595238095238095,0.65625,128.0,0.5078125,0.015997023809523836,-3.0966331845238093
align_1_5_15,35,10,OOS,45,0.5333333333333333,-0.39444444444444443,0.3515625,128.0,0.5078125,0.025520833333333326,-2.9315538194444444
align_5_15,35,10,OOS,74,0.527027027027027,0.9966216216216216,0.578125,128.0,0.5078125,0.019214527027026973,-1.5404877533783785
accel_with_med,35,10,OOS,40,0.5,2.75625,0.3125,128.0,0.5078125,-0.0078125,0.2191406250000001
rev_short_vs_med,35,10,OOS,67,0.4925373134328358,1.1492537313432836,0.5234375,128.0,0.5078125,-0.0152751865671642,-1.3878556436567164
disagree_follow_short,35,10,OOS,67,0.5074626865671642,-1.1492537313432836,0.5234375,128.0,0.5078125,-0.00034981343283579935,-3.6863631063432836
follow_5,35,10,OOS,128,0.5234375,-0.552734375,1.0,128.0,0.5078125,0.015625,-3.08984375
follow_15,35,10,OOS,128,0.5078125,1.705078125,1.0,128.0,0.5078125,0.0,-0.83203125
persist_5m,35,10,OOS,54,0.5740740740740741,4.791666666666667,0.421875,128.0,0.5078125,0.06626157407407407,2.254557291666667
flip_5m,35,10,OOS,73,0.4931506849315068,-4.017123287671233,0.5703125,128.0,0.5078125,-0.014661815068493178,-6.554232662671233
HIGH_ALONE_FOLLOW,35,15,OOS,128,0.5078125,0.6015625,1.0,,,,
HIGH_ALONE_LONG,35,15,OOS,128,0.515625,-4.234375,1.0,,,,
align_1_5,35,15,OOS,84,0.5238095238095238,0.4791666666666667,0.65625,128.0,0.5078125,0.015997023809523836,-0.12239583333333331
align_1_5_15,35,15,OOS,45,0.4888888888888889,-0.5666666666666667,0.3515625,128.0,0.5078125,-0.018923611111111127,-1.1682291666666667
align_5_15,35,15,OOS,74,0.5135135135135135,-0.5101351351351351,0.578125,128.0,0.5078125,0.0057010135135134865,-1.111697635135135
accel_with_med,35,15,OOS,40,0.5,1.325,0.3125,128.0,0.5078125,-0.0078125,0.7234375
rev_short_vs_med,35,15,OOS,67,0.47761194029850745,-1.958955223880597,0.5234375,128.0,0.5078125,-0.030200559701492546,-2.560517723880597
disagree_follow_short,35,15,OOS,67,0.5223880597014925,1.958955223880597,0.5234375,128.0,0.5078125,0.014575559701492491,1.357392723880597
follow_5,35,15,OOS,128,0.5390625,1.05859375,1.0,128.0,0.5078125,0.03125,0.45703125
follow_15,35,15,OOS,128,0.4765625,-1.6484375,1.0,128.0,0.5078125,-0.03125,-2.25
persist_5m,35,15,OOS,54,0.48148148148148145,0.10185185185185185,0.421875,128.0,0.5078125,-0.026331018518518545,-0.49971064814814814
flip_5m,35,15,OOS,73,0.589041095890411,2.410958904109589,0.5703125,128.0,0.5078125,0.08122859589041098,1.809396404109589
HIGH_ALONE_FOLLOW,35,30,OOS,128,0.5390625,5.97265625,1.0,,,,
HIGH_ALONE_LONG,35,30,OOS,128,0.53125,-2.46484375,1.0,,,,
align_1_5,35,30,OOS,84,0.47619047619047616,0.24107142857142858,0.65625,128.0,0.5390625,-0.06287202380952384,-5.731584821428571
align_1_5_15,35,30,OOS,45,0.4222222222222222,-3.511111111111111,0.3515625,128.0,0.5390625,-0.11684027777777778,-9.483767361111111
align_5_15,35,30,OOS,74,0.4864864864864865,3.0574324324324325,0.578125,128.0,0.5390625,-0.052576013513513487,-2.9152238175675675
accel_with_med,35,30,OOS,40,0.475,0.58125,0.3125,128.0,0.5390625,-0.06406250000000002,-5.39140625
rev_short_vs_med,35,30,OOS,67,0.5074626865671642,2.667910447761194,0.5234375,128.0,0.5390625,-0.0315998134328358,-3.304745802238806
disagree_follow_short,35,30,OOS,67,0.4925373134328358,-2.667910447761194,0.5234375,128.0,0.5390625,-0.0465251865671642,-8.640566697761194
follow_5,35,30,OOS,128,0.5078125,3.27734375,1.0,128.0,0.5390625,-0.03125,-2.6953125
follow_15,35,30,OOS,128,0.4765625,0.2578125,1.0,128.0,0.5390625,-0.0625,-5.71484375
persist_5m,35,30,OOS,54,0.48148148148148145,4.2592592592592595,0.421875,128.0,0.5390625,-0.057581018518518545,-1.7133969907407405
flip_5m,35,30,OOS,73,0.5342465753424658,3.23972602739726,0.5703125,128.0,0.5390625,-0.004815924657534221,-2.73293022260274
HIGH_ALONE_FOLLOW,35,10,ALL,1169,0.48075278015397777,0.29704875962360994,0.9974402730375427,,,,
HIGH_ALONE_LONG,35,10,ALL,1172,0.507679180887372,-0.5443686006825939,1.0,,,,
align_1_5,35,10,ALL,716,0.48463687150837986,-0.16201117318435754,0.6109215017064846,1172.0,0.48075278015397777,0.003884091354402097,-0.4590599328079675
align_1_5_15,35,10,ALL,503,0.4671968190854871,-0.7678926441351889,0.42918088737201365,1172.0,0.48075278015397777,-0.013555961068490663,-1.0649414037587988
align_5_15,35,10,ALL,806,0.4739454094292804,-0.5902605459057072,0.6877133105802048,1172.0,0.48075278015397777,-0.0068073707246973925,-0.8873093055293171
accel_with_med,35,10,ALL,495,0.48484848484848486,0.5429292929292929,0.42235494880546076,1172.0,0.48075278015397777,0.004095704694507096,0.245880533305683
rev_short_vs_med,35,10,ALL,505,0.4633663366336634,-0.9178217821782179,0.4308873720136519,1172.0,0.48075278015397777,-0.017386443520314376,-1.2148705418018277
disagree_follow_short,35,10,ALL,505,0.5207920792079208,0.9178217821782179,0.4308873720136519,1172.0,0.48075278015397777,0.040039299053943045,0.620773022554608
follow_5,35,10,ALL,1155,0.48658008658008656,-0.5396103896103897,0.985494880546075,1172.0,0.48075278015397777,0.0058273064261087915,-0.8366591492339996
follow_15,35,10,ALL,1163,0.46689595872742906,-0.3469475494411006,0.992320819112628,1172.0,0.48075278015397777,-0.013856821426548704,-0.6439963090647105
persist_5m,35,10,ALL,606,0.45874587458745875,-0.5928217821782178,0.5170648464163823,1172.0,0.48075278015397777,-0.02200690556651902,-0.8898705418018278
flip_5m,35,10,ALL,535,0.514018691588785,-0.4696261682242991,0.4564846416382253,1172.0,0.48075278015397777,0.03326591143480723,-0.766674927847909
HIGH_ALONE_FOLLOW,35,15,ALL,1169,0.48588537211291705,-0.22112917023096665,0.9974402730375427,,,,
HIGH_ALONE_LONG,35,15,ALL,1172,0.5247440273037542,-0.47248293515358364,1.0,,,,
align_1_5,35,15,ALL,716,0.4790502793296089,-0.12604748603351956,0.6109215017064846,1172.0,0.48588537211291705,-0.006835092783308128,0.09508168419744709
align_1_5_15,35,15,ALL,503,0.4572564612326044,-1.4314115308151094,0.42918088737201365,1172.0,0.48588537211291705,-0.028628910880312664,-1.2102823605841428
align_5_15,35,15,ALL,806,0.46898263027295284,-0.7661290322580645,0.6877133105802048,1172.0,0.48588537211291705,-0.016902741839964208,-0.5449998620270978
accel_with_med,35,15,ALL,495,0.48484848484848486,0.3409090909090909,0.42235494880546076,1172.0,0.48588537211291705,-0.0010368872644321847,0.5620382611400575
rev_short_vs_med,35,15,ALL,505,0.47128712871287126,-1.310891089108911,0.4308873720136519,1172.0,0.48588537211291705,-0.014598243400045785,-1.0897619188779444
disagree_follow_short,35,15,ALL,505,0.5227722772277228,1.310891089108911,0.4308873720136519,1172.0,0.48588537211291705,0.036886905114805746,1.5320202593398775
follow_5,35,15,ALL,1155,0.47705627705627707,-0.3906926406926407,0.985494880546075,1172.0,0.48588537211291705,-0.00882909505663998,-0.16956347046167405
follow_15,35,15,ALL,1163,0.4754944110060189,-0.721195184866724,0.992320819112628,1172.0,0.48588537211291705,-0.010390961106898133,-0.5000660146357573
persist_5m,35,15,ALL,606,0.44224422442244227,-1.0396039603960396,0.5170648464163823,1172.0,0.48588537211291705,-0.04364114769047478,-0.818474790165073
flip_5m,35,15,ALL,535,0.514018691588785,0.31962616822429907,0.4564846416382253,1172.0,0.48588537211291705,0.028133319475867946,0.5407553384552657
HIGH_ALONE_FOLLOW,35,30,ALL,1169,0.47904191616766467,0.13152266894781864,0.9974402730375427,,,,
HIGH_ALONE_LONG,35,30,ALL,1172,0.5341296928327645,-0.11540102389078498,1.0,,,,
align_1_5,35,30,ALL,716,0.48463687150837986,0.6166201117318436,0.6109215017064846,1172.0,0.47904191616766467,0.005594955340715191,0.485097442784025
align_1_5_15,35,30,ALL,503,0.4691848906560636,-1.7201789264413518,0.42918088737201365,1172.0,0.47904191616766467,-0.009857025511601059,-1.8517015953891705
align_5_15,35,30,ALL,806,0.4813895781637717,-0.37034739454094295,0.6877133105802048,1172.0,0.47904191616766467,0.002347661996107031,-0.5018700634887616
accel_with_med,35,30,ALL,495,0.49292929292929294,0.024242424242424242,0.42235494880546076,1172.0,0.47904191616766467,0.013887376761628267,-0.10728024470539439
rev_short_vs_med,35,30,ALL,505,0.4772277227722772,-1.7816831683168317,0.4308873720136519,1172.0,0.47904191616766467,-0.0018141933953874645,-1.9132058372646503
disagree_follow_short,35,30,ALL,505,0.5128712871287129,1.7816831683168317,0.4308873720136519,1172.0,0.47904191616766467,0.03382937096104821,1.650160499369013
follow_5,35,30,ALL,1155,0.48658008658008656,0.4844155844155844,0.985494880546075,1172.0,0.47904191616766467,0.007538170412421885,0.3528929154677658
follow_15,35,30,ALL,1163,0.4815133276010318,-1.0380481513327602,0.992320819112628,1172.0,0.47904191616766467,0.0024714114333671544,-1.1695708202805788
persist_5m,35,30,ALL,606,0.45544554455445546,-0.7273102310231023,0.5170648464163823,1172.0,0.47904191616766467,-0.02359637161320921,-0.8588328999709209
flip_5m,35,30,ALL,535,0.5177570093457944,1.9032710280373832,0.4564846416382253,1172.0,0.47904191616766467,0.03871509317812971,1.7717483590895646
HIGH_ALONE_FOLLOW,40,10,IS,819,0.4945054945054945,0.17277167277167277,0.997563946406821,,,,
HIGH_ALONE_LONG,40,10,IS,821,0.5298416565164433,0.6979293544457978,1.0,,,,
align_1_5,40,10,IS,508,0.5177165354330708,0.764763779527559,0.6187576126674786,821.0,0.4945054945054945,0.02321104092757631,0.5919921067558862
align_1_5_15,40,10,IS,333,0.5045045045045045,0.6291291291291291,0.4056029232643118,821.0,0.4945054945054945,0.009999009999009933,0.45635745635745634
align_5_15,40,10,IS,508,0.484251968503937,0.30856299212598426,0.6187576126674786,821.0,0.4945054945054945,-0.010253526001557545,0.1357913193543115
accel_with_med,40,10,IS,367,0.5095367847411444,0.3971389645776567,0.4470158343483557,821.0,0.4945054945054945,0.015031290235649863,0.22436729180598391
rev_short_vs_med,40,10,IS,330,0.4696969696969697,-0.5060606060606061,0.40194884287454324,821.0,0.4945054945054945,-0.0248085248085248,-0.6788322788322789
disagree_follow_short,40,10,IS,330,0.5181818181818182,0.5060606060606061,0.40194884287454324,821.0,0.4945054945054945,0.023676323676323663,0.33328893328893333
follow_5,40,10,IS,806,0.49007444168734493,0.3294044665012407,0.9817295980511571,821.0,0.4945054945054945,-0.0044310528181495945,0.15663279372956795
follow_15,40,10,IS,813,0.4870848708487085,0.0476629766297663,0.9902557856272838,821.0,0.4945054945054945,-0.0074206236567860295,-0.12510869614190648
persist_5m,40,10,IS,397,0.46851385390428213,0.02392947103274559,0.4835566382460414,821.0,0.4945054945054945,-0.025991640601212396,-0.14884220173892718
flip_5m,40,10,IS,394,0.49746192893401014,0.6129441624365483,0.47990255785627284,821.0,0.4945054945054945,0.0029564344285156197,0.4401724896648755
HIGH_ALONE_FOLLOW,40,15,IS,819,0.4822954822954823,0.2078754578754579,0.997563946406821,,,,
HIGH_ALONE_LONG,40,15,IS,821,0.5347137637028014,1.0264920828258222,1.0,,,,
align_1_5,40,15,IS,508,0.5255905511811023,0.8759842519685039,0.6187576126674786,821.0,0.4822954822954823,0.043295068885620014,0.668108794093046
align_1_5_15,40,15,IS,333,0.4924924924924925,0.36711711711711714,0.4056029232643118,821.0,0.4822954822954823,0.010197010197010192,0.15924165924165926
align_5_15,40,15,IS,508,0.4744094488188976,-0.08759842519685039,0.6187576126674786,821.0,0.4822954822954823,-0.007886033476584675,-0.29547388307230826
accel_with_med,40,15,IS,367,0.5177111716621253,0.7132152588555858,0.4470158343483557,821.0,0.4822954822954823,0.03541568936664302,0.5053398009801279
rev_short_vs_med,40,15,IS,330,0.42424242424242425,-1.3333333333333333,0.40194884287454324,821.0,0.4822954822954823,-0.05805305805305805,-1.541208791208791
disagree_follow_short,40,15,IS,330,0.5636363636363636,1.3333333333333333,0.40194884287454324,821.0,0.4822954822954823,0.0813408813408813,1.1254578754578755
follow_5,40,15,IS,806,0.4913151364764268,0.026674937965260544,0.9817295980511571,821.0,0.4822954822954823,0.00901965418094447,-0.18120051991019734
follow_15,40,15,IS,813,0.4661746617466175,-0.1857318573185732,0.9902557856272838,821.0,0.4822954822954823,-0.016120820548864823,-0.3936073151940311
persist_5m,40,15,IS,397,0.47103274559193953,-0.2959697732997481,0.4835566382460414,821.0,0.4822954822954823,-0.011262736703542775,-0.503845231175206
flip_5m,40,15,IS,394,0.5,0.24048223350253808,0.47990255785627284,821.0,0.4822954822954823,0.017704517704517697,0.0326067756270802
HIGH_ALONE_FOLLOW,40,30,IS,819,0.4896214896214896,0.6614774114774115,0.997563946406821,,,,
HIGH_ALONE_LONG,40,30,IS,821,0.535931790499391,0.48325213154689406,1.0,,,,
align_1_5,40,30,IS,508,0.4822834645669291,1.5625,0.6187576126674786,821.0,0.4896214896214896,-0.007338025054560493,0.9010225885225885
align_1_5_15,40,30,IS,333,0.4744744744744745,0.5465465465465466,0.4056029232643118,821.0,0.4896214896214896,-0.015147015147015108,-0.1149308649308649
align_5_15,40,30,IS,508,0.4704724409448819,0.671751968503937,0.6187576126674786,821.0,0.4896214896214896,-0.019149048676607716,0.010274557026525577
accel_with_med,40,30,IS,367,0.4986376021798365,1.1083106267029972,0.4470158343483557,821.0,0.4896214896214896,0.00901611255834689,0.4468332152255857
rev_short_vs_med,40,30,IS,330,0.47878787878787876,-1.1333333333333333,0.40194884287454324,821.0,0.4896214896214896,-0.01083361083361084,-1.7948107448107447
disagree_follow_short,40,30,IS,330,0.5060606060606061,1.1333333333333333,0.40194884287454324,821.0,0.4896214896214896,0.016439116439116497,0.47185592185592184
follow_5,40,30,IS,806,0.47270471464019853,0.6290322580645161,0.9817295980511571,821.0,0.4896214896214896,-0.01691677498129107,-0.03244515341289533
follow_15,40,30,IS,813,0.48462484624846247,0.21217712177121772,0.9902557856272838,821.0,0.4896214896214896,-0.004996643373027132,-0.44930028970619373
persist_5m,40,30,IS,397,0.4609571788413098,0.2052896725440806,0.4835566382460414,821.0,0.4896214896214896,-0.02866431078017978,-0.45618773893333087
flip_5m,40,30,IS,394,0.4746192893401015,0.9720812182741116,0.47990255785627284,821.0,0.4896214896214896,-0.0150022002813881,0.3106038067967002
HIGH_ALONE_FOLLOW,40,10,Validation,222,0.43243243243243246,-5.058558558558558,1.0,,,,
HIGH_ALONE_LONG,40,10,Validation,222,0.509009009009009,1.7747747747747749,1.0,,,,
align_1_5,40,10,Validation,149,0.4966442953020134,-3.476510067114094,0.6711711711711712,222.0,0.43243243243243246,0.06421186286958097,1.5820484914444641
align_1_5_15,40,10,Validation,110,0.4818181818181818,-3.9068181818181817,0.4954954954954955,222.0,0.43243243243243246,0.049385749385749356,1.1517403767403764
align_5_15,40,10,Validation,157,0.49044585987261147,-1.2738853503184713,0.7072072072072072,222.0,0.43243243243243246,0.05801342744017901,3.784673208240087
accel_with_med,40,10,Validation,113,0.45132743362831856,-2.559734513274336,0.509009009009009,222.0,0.43243243243243246,0.018895001195886107,2.498824045284222
rev_short_vs_med,40,10,Validation,85,0.49411764705882355,3.8823529411764706,0.38288288288288286,222.0,0.43243243243243246,0.061685214626391094,8.940911499735028
disagree_follow_short,40,10,Validation,85,0.5058823529411764,-3.8823529411764706,0.38288288288288286,222.0,0.43243243243243246,0.073449920508744,1.1762056173820876
follow_5,40,10,Validation,219,0.4931506849315068,-2.5833333333333335,0.9864864864864865,222.0,0.43243243243243246,0.060718252499074366,2.4752252252252247
follow_15,40,10,Validation,222,0.4954954954954955,0.8536036036036037,1.0,222.0,0.43243243243243246,0.06306306306306303,5.912162162162161
persist_5m,40,10,Validation,119,0.44537815126050423,-2.8865546218487395,0.536036036036036,222.0,0.43243243243243246,0.012945718828071773,2.1720039367098187
flip_5m,40,10,Validation,99,0.5555555555555556,-2.1616161616161618,0.44594594594594594,222.0,0.43243243243243246,0.12312312312312312,2.8969423969423964
HIGH_ALONE_FOLLOW,40,15,Validation,222,0.4594594594594595,-5.617117117117117,1.0,,,,
HIGH_ALONE_LONG,40,15,Validation,222,0.545045045045045,2.0495495495495497,1.0,,,,
align_1_5,40,15,Validation,149,0.436241610738255,-4.531879194630872,0.6711711711711712,222.0,0.4594594594594595,-0.02321784872120447,1.085237922486245
align_1_5_15,40,15,Validation,110,0.42727272727272725,-3.9954545454545456,0.4954954954954955,222.0,0.4594594594594595,-0.032186732186732236,1.6216625716625717
align_5_15,40,15,Validation,157,0.4585987261146497,-3.0191082802547773,0.7072072072072072,222.0,0.4594594594594595,-0.0008607333448097942,2.59800883686234
accel_with_med,40,15,Validation,113,0.4247787610619469,-3.247787610619469,0.509009009009009,222.0,0.4594594594594595,-0.03468069839751259,2.3693295064976483
rev_short_vs_med,40,15,Validation,85,0.5294117647058824,2.5088235294117647,0.38288288288288286,222.0,0.4594594594594595,0.06995230524642287,8.125940646528882
disagree_follow_short,40,15,Validation,85,0.4588235294117647,-2.5088235294117647,0.38288288288288286,222.0,0.4594594594594595,-0.0006359300476947993,3.1082935877053526
follow_5,40,15,Validation,219,0.4520547945205479,-4.148401826484018,0.9864864864864865,222.0,0.4594594594594595,-0.007404664938911565,1.4687152906330994
follow_15,40,15,Validation,222,0.481981981981982,-0.20945945945945946,1.0,222.0,0.4594594594594595,0.022522522522522515,5.407657657657658
persist_5m,40,15,Validation,119,0.44537815126050423,-3.3550420168067228,0.536036036036036,222.0,0.4594594594594595,-0.014081308198955256,2.2620751003103945
flip_5m,40,15,Validation,99,0.45454545454545453,-5.28030303030303,0.44594594594594594,222.0,0.4594594594594595,-0.004914004914004955,0.336814086814087
HIGH_ALONE_FOLLOW,40,30,Validation,222,0.47297297297297297,-5.245495495495495,1.0,,,,
HIGH_ALONE_LONG,40,30,Validation,222,0.536036036036036,0.20045045045045046,1.0,,,,
align_1_5,40,30,Validation,149,0.5436241610738255,-1.6442953020134228,0.6711711711711712,222.0,0.47297297297297297,0.07065118810085252,3.6012001934820725
align_1_5_15,40,30,Validation,110,0.5636363636363636,-0.20227272727272727,0.4954954954954955,222.0,0.47297297297297297,0.09066339066339063,5.043222768222768
align_5_15,40,30,Validation,157,0.5286624203821656,-1.3439490445859872,0.7072072072072072,222.0,0.47297297297297297,0.05568944740919263,3.901546450909508
accel_with_med,40,30,Validation,113,0.5575221238938053,1.4800884955752212,0.509009009009009,222.0,0.47297297297297297,0.08454915092083232,6.7255839910707165
rev_short_vs_med,40,30,Validation,85,0.47058823529411764,-0.19705882352941176,0.38288288288288286,222.0,0.47297297297297297,-0.002384737678855331,5.048436671966083
disagree_follow_short,40,30,Validation,85,0.5294117647058824,0.19705882352941176,0.38288288288288286,222.0,0.47297297297297297,0.05643879173290939,5.442554319024907
follow_5,40,30,Validation,219,0.5114155251141552,-4.014840182648402,0.9864864864864865,222.0,0.47297297297297297,0.03844255214118225,1.2306553128470936
follow_15,40,30,Validation,222,0.527027027027027,1.882882882882883,1.0,222.0,0.47297297297297297,0.054054054054054,7.128378378378378
persist_5m,40,30,Validation,119,0.5210084033613446,-1.296218487394958,0.536036036036036,222.0,0.47297297297297297,0.0480354303883716,3.9492770081005375
flip_5m,40,30,Validation,99,0.494949494949495,-7.424242424242424,0.44594594594594594,222.0,0.47297297297297297,0.021976521976522,-2.1787469287469285
HIGH_ALONE_FOLLOW,40,10,OOS,131,0.5038167938931297,5.547709923664122,1.0,,,,
HIGH_ALONE_LONG,40,10,OOS,131,0.4580152671755725,-7.57824427480916,1.0,,,,
align_1_5,40,10,OOS,84,0.42857142857142855,-4.404761904761905,0.6412213740458015,131.0,0.5038167938931297,-0.07524536532170117,-9.952471828426027
align_1_5_15,40,10,OOS,59,0.3728813559322034,-1.8559322033898304,0.45038167938931295,131.0,0.5038167938931297,-0.13093543796092633,-7.403642127053953
align_5_15,40,10,OOS,84,0.44047619047619047,-0.16071428571428573,0.6412213740458015,131.0,0.5038167938931297,-0.06334060341693926,-5.708424209378408
accel_with_med,40,10,OOS,64,0.4375,-1.0390625,0.48854961832061067,131.0,0.5038167938931297,-0.06631679389312972,-6.586772423664122
rev_short_vs_med,40,10,OOS,50,0.52,7.13,0.3816793893129771,131.0,0.5038167938931297,0.016183206106870296,1.5822900763358776
disagree_follow_short,40,10,OOS,50,0.48,-7.13,0.3816793893129771,131.0,0.5038167938931297,-0.02381679389312974,-12.677709923664121
follow_5,40,10,OOS,131,0.4580152671755725,-2.7232824427480917,1.0,131.0,0.5038167938931297,-0.04580152671755722,-8.270992366412214
follow_15,40,10,OOS,131,0.46564885496183206,2.517175572519084,1.0,131.0,0.5038167938931297,-0.03816793893129766,-3.030534351145038
persist_5m,40,10,OOS,63,0.49206349206349204,3.634920634920635,0.48091603053435117,131.0,0.5038167938931297,-0.011753301829637686,-1.9127892887434874
flip_5m,40,10,OOS,68,0.4264705882352941,-8.613970588235293,0.5190839694656488,131.0,0.5038167938931297,-0.07734620565783562,-14.161680511899416
HIGH_ALONE_FOLLOW,40,15,OOS,131,0.5343511450381679,7.269083969465649,1.0,,,,
HIGH_ALONE_LONG,40,15,OOS,131,0.48854961832061067,-6.784351145038168,1.0,,,,
align_1_5,40,15,OOS,84,0.40476190476190477,-2.3422619047619047,0.6412213740458015,131.0,0.5343511450381679,-0.12958924027626317,-9.611345874227554
align_1_5_15,40,15,OOS,59,0.3898305084745763,-0.6271186440677966,0.45038167938931295,131.0,0.5343511450381679,-0.14452063656359165,-7.896202613533446
align_5_15,40,15,OOS,84,0.4166666666666667,0.9613095238095238,0.6412213740458015,131.0,0.5343511450381679,-0.11768447837150126,-6.3077744456561256
accel_with_med,40,15,OOS,64,0.421875,1.25390625,0.48854961832061067,131.0,0.5343511450381679,-0.11247614503816794,-6.015177719465649
rev_short_vs_med,40,15,OOS,50,0.52,5.55,0.3816793893129771,131.0,0.5343511450381679,-0.014351145038167923,-1.7190839694656495
disagree_follow_short,40,15,OOS,50,0.48,-5.55,0.3816793893129771,131.0,0.5343511450381679,-0.05435114503816796,-12.819083969465648
follow_5,40,15,OOS,131,0.42748091603053434,-1.4103053435114503,1.0,131.0,0.5343511450381679,-0.1068702290076336,-8.679389312977099
follow_15,40,15,OOS,131,0.46564885496183206,2.6431297709923665,1.0,131.0,0.5343511450381679,-0.06870229007633588,-4.625954198473282
persist_5m,40,15,OOS,63,0.42857142857142855,6.900793650793651,0.48091603053435117,131.0,0.5343511450381679,-0.10577971646673939,-0.36829031867199813
flip_5m,40,15,OOS,68,0.4264705882352941,-9.110294117647058,0.5190839694656488,131.0,0.5343511450381679,-0.10788055680287384,-16.379378087112705
HIGH_ALONE_FOLLOW,40,30,OOS,131,0.549618320610687,11.618320610687023,1.0,,,,
HIGH_ALONE_LONG,40,30,OOS,131,0.5190839694656488,-5.015267175572519,1.0,,,,
align_1_5,40,30,OOS,84,0.5,-1.625,0.6412213740458015,131.0,0.549618320610687,-0.04961832061068705,-13.243320610687023
align_1_5_15,40,30,OOS,59,0.5084745762711864,4.139830508474576,0.45038167938931295,131.0,0.549618320610687,-0.04114374433950063,-7.478490102212447
align_5_15,40,30,OOS,84,0.4523809523809524,0.5386904761904762,0.6412213740458015,131.0,0.549618320610687,-0.09723736822973467,-11.079630134496547
accel_with_med,40,30,OOS,64,0.46875,2.58203125,0.48854961832061067,131.0,0.549618320610687,-0.08086832061068705,-9.036289360687023
rev_short_vs_med,40,30,OOS,50,0.42,3.635,0.3816793893129771,131.0,0.549618320610687,-0.12961832061068707,-7.983320610687024
disagree_follow_short,40,30,OOS,50,0.58,-3.635,0.3816793893129771,131.0,0.549618320610687,0.03038167938931291,-15.253320610687023
follow_5,40,30,OOS,131,0.4732824427480916,-5.217557251908397,1.0,131.0,0.549618320610687,-0.07633587786259544,-16.83587786259542
follow_15,40,30,OOS,131,0.46564885496183206,5.908396946564886,1.0,131.0,0.549618320610687,-0.08396946564885499,-5.709923664122138
persist_5m,40,30,OOS,63,0.5555555555555556,8.865079365079366,0.48091603053435117,131.0,0.549618320610687,0.00593723494486853,-2.753241245607658
flip_5m,40,30,OOS,68,0.39705882352941174,-18.264705882352942,0.5190839694656488,131.0,0.549618320610687,-0.1525594970812753,-29.883026493039964
HIGH_ALONE_FOLLOW,40,10,ALL,1172,0.48378839590443684,-0.21736348122866894,0.9982964224872232,,,,
HIGH_ALONE_LONG,40,10,ALL,1174,0.5178875638841567,-0.021933560477001703,1.0,,,,
align_1_5,40,10,ALL,741,0.5033738191632928,-0.6740890688259109,0.631175468483816,1174.0,0.48378839590443684,0.019585423258855983,-0.45672558759724197
align_1_5_15,40,10,ALL,502,0.48406374501992033,-0.6568725099601593,0.42759795570698467,1174.0,0.48378839590443684,0.00027534911548349195,-0.4395090287314904
align_5_15,40,10,ALL,749,0.48064085447263016,-0.07576769025367157,0.6379897785349233,1174.0,0.48378839590443684,-0.0031475414318066774,0.14159579097499736
accel_with_med,40,10,ALL,544,0.4889705882352941,-0.3860294117647059,0.46337308347529815,1174.0,0.48378839590443684,0.00518219233085726,-0.16866593053603696
rev_short_vs_med,40,10,ALL,465,0.47956989247311826,1.1172043010752688,0.39608177172061326,1174.0,0.48378839590443684,-0.0042185034313185765,1.3345677823039377
disagree_follow_short,40,10,ALL,465,0.5118279569892473,-1.1172043010752688,0.39608177172061326,1174.0,0.48378839590443684,0.028039561084810483,-0.8998408198465999
follow_5,40,10,ALL,1156,0.4870242214532872,-0.5683391003460208,0.9846678023850085,1174.0,0.48378839590443684,0.0032358255488503795,-0.3509756191173518
follow_15,40,10,ALL,1166,0.4862778730703259,0.47855917667238423,0.9931856899488927,1174.0,0.48378839590443684,0.0024894771658890424,0.6959226579010531
persist_5m,40,10,ALL,579,0.46632124352331605,-0.18134715025906736,0.49318568994889267,1174.0,0.48378839590443684,-0.017467152381120787,0.03601633096960158
flip_5m,40,10,ALL,561,0.49910873440285203,-0.9950980392156863,0.4778534923339012,1174.0,0.48378839590443684,0.015320338498415187,-0.7777345579870174
HIGH_ALONE_FOLLOW,40,15,ALL,1172,0.48378839590443684,-0.10622866894197952,0.9982964224872232,,,,
HIGH_ALONE_LONG,40,15,ALL,1174,0.5315161839863713,0.348381601362862,1.0,,,,
align_1_5,40,15,ALL,741,0.4939271255060729,-0.5762483130904184,0.631175468483816,1174.0,0.48378839590443684,0.010138729601636032,-0.47001964414843883
align_1_5_15,40,15,ALL,502,0.46613545816733065,-0.7056772908366534,0.42759795570698467,1174.0,0.48378839590443684,-0.01765293773710619,-0.599448621894674
align_5_15,40,15,ALL,749,0.46461949265687585,-0.5844459279038718,0.6379897785349233,1174.0,0.48378839590443684,-0.019168903247560987,-0.4782172589618923
accel_with_med,40,15,ALL,544,0.48713235294117646,-0.04595588235294118,0.46337308347529815,1174.0,0.48378839590443684,0.00334395703673962,0.06027278658903834
rev_short_vs_med,40,15,ALL,465,0.45376344086021503,0.10913978494623656,0.39608177172061326,1174.0,0.48378839590443684,-0.030024955044221813,0.21536845388821607
disagree_follow_short,40,15,ALL,465,0.535483870967742,-0.10913978494623656,0.39608177172061326,1174.0,0.48378839590443684,0.05169547506330513,-0.0029111160042570444
follow_5,40,15,ALL,1156,0.47664359861591693,-0.9271193771626297,0.9846678023850085,1174.0,0.48378839590443684,-0.007144797288519911,-0.8208907082206502
follow_15,40,15,ALL,1166,0.4691252144082333,0.12757289879931388,0.9931856899488927,1174.0,0.48378839590443684,-0.014663181496203548,0.2338015677412934
persist_5m,40,15,ALL,579,0.46113989637305697,-0.14162348877374784,0.49318568994889267,1174.0,0.48378839590443684,-0.022648499531379873,-0.035394819831768315
flip_5m,40,15,ALL,561,0.483065953654189,-1.8672014260249554,0.4778534923339012,1174.0,0.48378839590443684,-0.0007224422502478678,-1.7609727570829758
HIGH_ALONE_FOLLOW,40,30,ALL,1172,0.4931740614334471,0.7672781569965871,0.9982964224872232,,,,
HIGH_ALONE_LONG,40,30,ALL,1174,0.5340715502555367,-0.18377342419080067,1.0,,,,
align_1_5,40,30,ALL,741,0.4966261808367072,0.5563427800269906,0.631175468483816,1174.0,0.4931740614334471,0.0034521194032600677,-0.21093537696959652
align_1_5_15,40,30,ALL,502,0.49800796812749004,0.8047808764940239,0.42759795570698467,1174.0,0.4931740614334471,0.004833906694042933,0.037502719497436776
align_5_15,40,30,ALL,749,0.48064085447263016,0.23431241655540722,0.6379897785349233,1174.0,0.4931740614334471,-0.012533206960816945,-0.5329657404411798
accel_with_med,40,30,ALL,544,0.5073529411764706,1.3589154411764706,0.46337308347529815,1174.0,0.4931740614334471,0.014178879743023454,0.5916372841798835
rev_short_vs_med,40,30,ALL,465,0.47096774193548385,-0.44946236559139785,0.39608177172061326,1174.0,0.4931740614334471,-0.022206319497963256,-1.216740522587985
disagree_follow_short,40,30,ALL,465,0.5182795698924731,0.44946236559139785,0.39608177172061326,1174.0,0.4931740614334471,0.025105508459026038,-0.31781579140518923
follow_5,40,30,ALL,1156,0.4801038062283737,-0.9132785467128027,0.9846678023850085,1174.0,0.4931740614334471,-0.013070255205073433,-1.6805567037093898
follow_15,40,30,ALL,1166,0.49056603773584906,1.1702401372212694,0.9931856899488927,1174.0,0.4931740614334471,-0.0026080236975980498,0.4029619802246823
persist_5m,40,30,ALL,579,0.4835924006908463,0.8389464594127807,0.49318568994889267,1174.0,0.4931740614334471,-0.009581660742600806,0.0716683024161936
flip_5m,40,30,ALL,561,0.46880570409982175,-2.841354723707665,0.4778534923339012,1174.0,0.4931740614334471,-0.024368357333625357,-3.608632880704252
HIGH_ALONE_FOLLOW,45,10,IS,818,0.4792176039119804,-0.2762836185819071,0.9951338199513382,,,,
HIGH_ALONE_LONG,45,10,IS,822,0.5413625304136253,0.6618004866180048,1.0,,,,
align_1_5,45,10,IS,485,0.47010309278350515,-0.5948453608247423,0.5900243309002433,822.0,0.4792176039119804,-0.009114511128475278,-0.3185617422428352
align_1_5_15,45,10,IS,338,0.4467455621301775,-0.9837278106508875,0.41119221411192214,822.0,0.4792176039119804,-0.03247204178180291,-0.7074441920689805
align_5_15,45,10,IS,536,0.47201492537313433,-0.8717350746268657,0.6520681265206812,822.0,0.4792176039119804,-0.007202678538846097,-0.5954514560449586
accel_with_med,45,10,IS,372,0.45698924731182794,-0.9899193548387096,0.45255474452554745,822.0,0.4792176039119804,-0.022228356600152488,-0.7136357362568025
rev_short_vs_med,45,10,IS,325,0.49846153846153846,-0.46307692307692305,0.3953771289537713,822.0,0.4792176039119804,0.01924393454955803,-0.18679330449501597
disagree_follow_short,45,10,IS,325,0.49230769230769234,0.46307692307692305,0.3953771289537713,822.0,0.4792176039119804,0.013090088395711907,0.7393605416588301
follow_5,45,10,IS,801,0.48314606741573035,-0.5215355805243446,0.9744525547445255,822.0,0.4792176039119804,0.003928463503749924,-0.24525196194243748
follow_15,45,10,IS,813,0.47232472324723246,-0.6103936039360394,0.9890510948905109,822.0,0.4792176039119804,-0.006892880664747969,-0.3341099853541323
persist_5m,45,10,IS,411,0.4793187347931874,-0.6034063260340633,0.5,822.0,0.4792176039119804,0.00010113088120694558,-0.3271227074521562
flip_5m,45,10,IS,379,0.48812664907651715,-0.4492084432717678,0.4610705596107056,822.0,0.4792176039119804,0.008909045164536722,-0.1729248246898607
HIGH_ALONE_FOLLOW,45,15,IS,818,0.4889975550122249,-0.1995721271393643,0.9951338199513382,,,,
HIGH_ALONE_LONG,45,15,IS,822,0.5571776155717761,0.9525547445255474,1.0,,,,
align_1_5,45,15,IS,485,0.46804123711340206,-0.6572164948453608,0.5900243309002433,822.0,0.4889975550122249,-0.02095631789882285,-0.4576443677059965
align_1_5_15,45,15,IS,338,0.4319526627218935,-1.0562130177514792,0.41119221411192214,822.0,0.4889975550122249,-0.05704489229033144,-0.8566408906121149
align_5_15,45,15,IS,536,0.46455223880597013,-0.9673507462686567,0.6520681265206812,822.0,0.4889975550122249,-0.024445316206254786,-0.7677786191292924
accel_with_med,45,15,IS,372,0.4435483870967742,-1.444220430107527,0.45255474452554745,822.0,0.4889975550122249,-0.04544916791545073,-1.2446483029681628
rev_short_vs_med,45,15,IS,325,0.48,-0.56,0.3953771289537713,822.0,0.4889975550122249,-0.008997555012224934,-0.3604278728606357
disagree_follow_short,45,15,IS,325,0.5138461538461538,0.56,0.3953771289537713,822.0,0.4889975550122249,0.024848598833928925,0.7595721271393644
follow_5,45,15,IS,801,0.47440699126092384,-0.5411985018726592,0.9744525547445255,822.0,0.4889975550122249,-0.014590563751301078,-0.3416263747332948
follow_15,45,15,IS,813,0.46740467404674046,-0.6915744157441575,0.9890510948905109,822.0,0.4889975550122249,-0.02159288096548445,-0.4920022886047931
persist_5m,45,15,IS,411,0.45985401459854014,-0.7907542579075426,0.5,822.0,0.4889975550122249,-0.029143540413684776,-0.5911821307681783
flip_5m,45,15,IS,379,0.49340369393139843,-0.3179419525065963,0.4610705596107056,822.0,0.4889975550122249,0.004406138919173519,-0.11836982536723198
HIGH_ALONE_FOLLOW,45,30,IS,818,0.4743276283618582,-0.21026894865525672,0.9951338199513382,,,,
HIGH_ALONE_LONG,45,30,IS,822,0.5523114355231143,-0.05656934306569343,1.0,,,,
align_1_5,45,30,IS,485,0.4845360824742268,-0.5649484536082474,0.5900243309002433,822.0,0.4743276283618582,0.010208454112368592,-0.3546795049529907
align_1_5_15,45,30,IS,338,0.47041420118343197,-0.128698224852071,0.41119221411192214,822.0,0.4743276283618582,-0.003913427178426243,0.08157072380318572
align_5_15,45,30,IS,536,0.48880597014925375,0.22761194029850745,0.6520681265206812,822.0,0.4743276283618582,0.014478341787395543,0.4378808889537642
accel_with_med,45,30,IS,372,0.4731182795698925,-0.8481182795698925,0.45255474452554745,822.0,0.4743276283618582,-0.0012093487919657142,-0.6378493309146358
rev_short_vs_med,45,30,IS,325,0.5046153846153846,1.4407692307692308,0.3953771289537713,822.0,0.4743276283618582,0.030287756253526366,1.6510381794244875
disagree_follow_short,45,30,IS,325,0.48923076923076925,-1.4407692307692308,0.3953771289537713,822.0,0.4743276283618582,0.014903140868911036,-1.230500282113974
follow_5,45,30,IS,801,0.4943820224719101,0.006554307116104869,0.9744525547445255,822.0,0.4743276283618582,0.020054394110051887,0.21682325577136158
follow_15,45,30,IS,813,0.4870848708487085,0.41851168511685116,0.9890510948905109,822.0,0.4743276283618582,0.012757242486850284,0.6287806337721079
persist_5m,45,30,IS,411,0.48418491484184917,0.7037712895377128,0.5,822.0,0.4743276283618582,0.009857286479990957,0.9140402381929695
flip_5m,45,30,IS,379,0.5118733509234829,-0.7467018469656992,0.4610705596107056,822.0,0.4743276283618582,0.03754572256162464,-0.5364328983104425
HIGH_ALONE_FOLLOW,45,10,Validation,218,0.4954128440366973,-0.9392201834862385,1.0,,,,
HIGH_ALONE_LONG,45,10,Validation,218,0.4954128440366973,0.42775229357798167,1.0,,,,
align_1_5,45,10,Validation,134,0.4626865671641791,1.0932835820895523,0.6146788990825688,218.0,0.4954128440366973,-0.03272627687251817,2.032503765575791
align_1_5_15,45,10,Validation,91,0.46153846153846156,-0.728021978021978,0.41743119266055045,218.0,0.4954128440366973,-0.03387438249823571,0.2111982054642605
align_5_15,45,10,Validation,149,0.46308724832214765,-1.0956375838926173,0.6834862385321101,218.0,0.4954128440366973,-0.032325595714549626,-0.15641740040637886
accel_with_med,45,10,Validation,88,0.42045454545454547,-2.241477272727273,0.4036697247706422,218.0,0.4954128440366973,-0.0749582985821518,-1.3022570892410346
rev_short_vs_med,45,10,Validation,97,0.4948453608247423,-2.5592783505154637,0.44495412844036697,218.0,0.4954128440366973,-0.0005674832119549889,-1.6200581670292253
disagree_follow_short,45,10,Validation,97,0.4948453608247423,2.5592783505154637,0.44495412844036697,218.0,0.4954128440366973,-0.0005674832119549889,3.498498534001702
follow_5,45,10,Validation,218,0.46788990825688076,-0.11811926605504587,1.0,218.0,0.4954128440366973,-0.027522935779816515,0.8211009174311926
follow_15,45,10,Validation,216,0.48148148148148145,-1.1064814814814814,0.9908256880733946,218.0,0.4954128440366973,-0.01393136255521582,-0.16726129799524292
persist_5m,45,10,Validation,119,0.42857142857142855,-3.4684873949579833,0.5458715596330275,218.0,0.4954128440366973,-0.06684141546526873,-2.529267211471745
flip_5m,45,10,Validation,96,0.5104166666666666,3.9869791666666665,0.44036697247706424,218.0,0.4954128440366973,0.015003822629969354,4.926199350152905
HIGH_ALONE_FOLLOW,45,15,Validation,218,0.5045871559633027,-1.1055045871559632,1.0,,,,
HIGH_ALONE_LONG,45,15,Validation,218,0.5045871559633027,0.2591743119266055,1.0,,,,
align_1_5,45,15,Validation,134,0.5149253731343284,3.8824626865671643,0.6146788990825688,218.0,0.5045871559633027,0.010338217171025676,4.987967273723127
align_1_5_15,45,15,Validation,91,0.5274725274725275,0.41208791208791207,0.41743119266055045,218.0,0.5045871559633027,0.02288537150922476,1.5175924992438752
align_5_15,45,15,Validation,149,0.5100671140939598,-1.226510067114094,0.6834862385321101,218.0,0.5045871559633027,0.005479958130657048,-0.12100547995813082
accel_with_med,45,15,Validation,88,0.5113636363636364,-0.6789772727272727,0.4036697247706422,218.0,0.5045871559633027,0.006776480400333629,0.4265273144286905
rev_short_vs_med,45,15,Validation,97,0.5051546391752577,-6.100515463917525,0.44495412844036697,218.0,0.5045871559633027,0.0005674832119549889,-4.995010876761562
disagree_follow_short,45,15,Validation,97,0.4948453608247423,6.100515463917525,0.44495412844036697,218.0,0.5045871559633027,-0.009741795138560438,7.206020051073489
follow_5,45,15,Validation,218,0.4908256880733945,0.4013761467889908,1.0,218.0,0.5045871559633027,-0.01376146788990823,1.506880733944954
follow_15,45,15,Validation,216,0.5231481481481481,-1.6180555555555556,0.9908256880733946,218.0,0.5045871559633027,0.018560992184845415,-0.5125509683995924
persist_5m,45,15,Validation,119,0.48739495798319327,-3.457983193277311,0.5458715596330275,218.0,0.5045871559633027,-0.017192197980109458,-2.352478606121348
flip_5m,45,15,Validation,96,0.4895833333333333,5.125,0.44036697247706424,218.0,0.5045871559633027,-0.01500382262996941,6.230504587155963
HIGH_ALONE_FOLLOW,45,30,Validation,218,0.47706422018348627,-1.6685779816513762,1.0,,,,
HIGH_ALONE_LONG,45,30,Validation,218,0.5137614678899083,-0.18692660550458715,1.0,,,,
align_1_5,45,30,Validation,134,0.47761194029850745,1.419776119402985,0.6146788990825688,218.0,0.47706422018348627,0.0005477201150211886,3.088354101054361
align_1_5_15,45,30,Validation,91,0.43956043956043955,-3.3461538461538463,0.41743119266055045,218.0,0.47706422018348627,-0.03750378062304671,-1.67757586450247
align_5_15,45,30,Validation,149,0.42953020134228187,-3.5788590604026846,0.6834862385321101,218.0,0.47706422018348627,-0.047534018841204395,-1.9102810787513085
accel_with_med,45,30,Validation,88,0.42045454545454547,-5.909090909090909,0.4036697247706422,218.0,0.47706422018348627,-0.056609674728940795,-4.240512927439533
rev_short_vs_med,45,30,Validation,97,0.4329896907216495,-6.448453608247423,0.44495412844036697,218.0,0.47706422018348627,-0.044074529461836764,-4.779875626596047
disagree_follow_short,45,30,Validation,97,0.5567010309278351,6.448453608247423,0.44495412844036697,218.0,0.47706422018348627,0.07963681074434881,8.117031589898799
follow_5,45,30,Validation,218,0.45871559633027525,-0.6181192660550459,1.0,218.0,0.47706422018348627,-0.01834862385321101,1.0504587155963303
follow_15,45,30,Validation,216,0.4444444444444444,-4.019675925925926,0.9908256880733946,218.0,0.47706422018348627,-0.032619775739041845,-2.3510979442745494
persist_5m,45,30,Validation,119,0.3949579831932773,-5.014705882352941,0.5458715596330275,218.0,0.47706422018348627,-0.08210623699020897,-3.346127900701565
flip_5m,45,30,Validation,96,0.5416666666666666,5.171875,0.44036697247706424,218.0,0.47706422018348627,0.06460244648318036,6.840452981651376
HIGH_ALONE_FOLLOW,45,10,OOS,125,0.52,-2.804,1.0,,,,
HIGH_ALONE_LONG,45,10,OOS,125,0.512,-3.976,1.0,,,,
align_1_5,45,10,OOS,80,0.4375,-10.390625,0.64,125.0,0.52,-0.08250000000000002,-7.586625
align_1_5_15,45,10,OOS,60,0.43333333333333335,-10.533333333333333,0.48,125.0,0.52,-0.08666666666666667,-7.729333333333333
align_5_15,45,10,OOS,90,0.45555555555555555,-5.305555555555555,0.72,125.0,0.52,-0.06444444444444447,-2.5015555555555555
accel_with_med,45,10,OOS,57,0.43859649122807015,-14.837719298245615,0.456,125.0,0.52,-0.08140350877192987,-12.033719298245614
rev_short_vs_med,45,10,OOS,50,0.54,7.515,0.4,125.0,0.52,0.020000000000000018,10.318999999999999
disagree_follow_short,45,10,OOS,50,0.46,-7.515,0.4,125.0,0.52,-0.06,-4.711
follow_5,45,10,OOS,124,0.45161290322580644,-4.868951612903226,0.992,125.0,0.52,-0.06838709677419358,-2.064951612903226
follow_15,45,10,OOS,125,0.488,-2.648,1.0,125.0,0.52,-0.03200000000000003,0.1559999999999997
persist_5m,45,10,OOS,62,0.3870967741935484,-9.44758064516129,0.496,125.0,0.52,-0.13290322580645164,-6.64358064516129
flip_5m,45,10,OOS,62,0.5161290322580645,-0.2903225806451613,0.496,125.0,0.52,-0.003870967741935516,2.5136774193548383
HIGH_ALONE_FOLLOW,45,15,OOS,125,0.48,-4.936,1.0,,,,
HIGH_ALONE_LONG,45,15,OOS,125,0.44,-5.836,1.0,,,,
align_1_5,45,15,OOS,80,0.4375,-15.89375,0.64,125.0,0.48,-0.04249999999999998,-10.95775
align_1_5_15,45,15,OOS,60,0.43333333333333335,-17.575,0.48,125.0,0.48,-0.046666666666666634,-12.639
align_5_15,45,15,OOS,90,0.45555555555555555,-9.316666666666666,0.72,125.0,0.48,-0.024444444444444435,-4.3806666666666665
accel_with_med,45,15,OOS,57,0.40350877192982454,-22.153508771929825,0.456,125.0,0.48,-0.07649122807017544,-17.217508771929825
rev_short_vs_med,45,15,OOS,50,0.54,9.185,0.4,125.0,0.48,0.06000000000000005,14.121
disagree_follow_short,45,15,OOS,50,0.46,-9.185,0.4,125.0,0.48,-0.019999999999999962,-4.2490000000000006
follow_5,45,15,OOS,124,0.47580645161290325,-7.608870967741935,0.992,125.0,0.48,-0.004193548387096735,-2.672870967741935
follow_15,45,15,OOS,125,0.464,-5.804,1.0,125.0,0.48,-0.01599999999999996,-0.8680000000000003
persist_5m,45,15,OOS,62,0.46774193548387094,-13.975806451612904,0.496,125.0,0.48,-0.012258064516129041,-9.039806451612904
flip_5m,45,15,OOS,62,0.4838709677419355,-1.2419354838709677,0.496,125.0,0.48,0.003870967741935516,3.694064516129032
HIGH_ALONE_FOLLOW,45,30,OOS,125,0.528,3.11,1.0,,,,
HIGH_ALONE_LONG,45,30,OOS,125,0.472,-6.614,1.0,,,,
align_1_5,45,30,OOS,80,0.4375,-14.390625,0.64,125.0,0.528,-0.09050000000000002,-17.500625
align_1_5_15,45,30,OOS,60,0.48333333333333334,-14.554166666666667,0.48,125.0,0.528,-0.04466666666666669,-17.664166666666667
align_5_15,45,30,OOS,90,0.4888888888888889,-7.525,0.72,125.0,0.528,-0.03911111111111115,-10.635
accel_with_med,45,30,OOS,57,0.43859649122807015,-16.61842105263158,0.456,125.0,0.528,-0.08940350877192987,-19.728421052631578
rev_short_vs_med,45,30,OOS,50,0.6,9.885,0.4,125.0,0.528,0.07199999999999995,6.775
disagree_follow_short,45,30,OOS,50,0.4,-9.885,0.4,125.0,0.528,-0.128,-12.995
follow_5,45,30,OOS,124,0.47580645161290325,-5.820564516129032,0.992,125.0,0.528,-0.05219354838709678,-8.930564516129031
follow_15,45,30,OOS,125,0.512,-4.938,1.0,125.0,0.528,-0.016000000000000014,-8.048
persist_5m,45,30,OOS,62,0.46774193548387094,-9.681451612903226,0.496,125.0,0.528,-0.060258064516129084,-12.791451612903225
flip_5m,45,30,OOS,62,0.4838709677419355,-1.9596774193548387,0.496,125.0,0.528,-0.04412903225806453,-5.069677419354838
HIGH_ALONE_FOLLOW,45,10,ALL,1161,0.48664944013781225,-0.6729112833763996,0.9965665236051502,,,,
HIGH_ALONE_LONG,45,10,ALL,1165,0.5296137339055794,0.1203862660944206,1.0,,,,
align_1_5,45,10,ALL,699,0.46494992846924177,-1.392346208869814,0.6,1165.0,0.48664944013781225,-0.02169951166857048,-0.7194349254934144
align_1_5_15,45,10,ALL,489,0.44785276073619634,-2.107873210633947,0.41974248927038627,1165.0,0.48664944013781225,-0.03879667940161591,-1.4349619272575471
align_5_15,45,10,ALL,775,0.46838709677419355,-1.4296774193548387,0.6652360515021459,1165.0,0.48664944013781225,-0.018262343363618705,-0.7567661359784391
accel_with_med,45,10,ALL,517,0.44874274661508706,-2.729690522243714,0.44377682403433477,1165.0,0.48664944013781225,-0.03790669352272519,-2.056779238867314
rev_short_vs_med,45,10,ALL,472,0.5021186440677966,-0.048728813559322036,0.4051502145922747,1165.0,0.48664944013781225,0.015469203929984354,0.6241824698170776
disagree_follow_short,45,10,ALL,472,0.4894067796610169,0.048728813559322036,0.4051502145922747,1165.0,0.48664944013781225,0.0027573395232046716,0.7216400969357216
follow_5,45,10,ALL,1143,0.4768153980752406,-0.9162292213473315,0.9811158798283262,1165.0,0.48664944013781225,-0.009834042062571657,-0.24331793797093193
follow_15,45,10,ALL,1154,0.475736568457539,-0.9239601386481803,0.9905579399141631,1165.0,0.48664944013781225,-0.010912871680273273,-0.25104885527178067
persist_5m,45,10,ALL,592,0.4594594594594595,-2.105574324324324,0.5081545064377683,1165.0,0.48664944013781225,-0.027189980678352765,-1.4326630409479244
flip_5m,45,10,ALL,537,0.49534450651769085,0.3621973929236499,0.4609442060085837,1165.0,0.48664944013781225,0.008695066379878602,1.0351086763000494
HIGH_ALONE_FOLLOW,45,15,ALL,1161,0.4909560723514212,-0.8796296296296297,0.9965665236051502,,,,
HIGH_ALONE_LONG,45,15,ALL,1165,0.534763948497854,0.0944206008583691,1.0,,,,
align_1_5,45,15,ALL,699,0.47353361945636624,-1.530758226037196,0.6,1165.0,0.4909560723514212,-0.017422452895054952,-0.6511285964075663
align_1_5_15,45,15,ALL,489,0.4498977505112474,-2.8098159509202456,0.41974248927038627,1165.0,0.4909560723514212,-0.04105832184017377,-1.9301863212906158
align_5_15,45,15,ALL,775,0.472258064516129,-1.9867741935483871,0.6652360515021459,1165.0,0.4909560723514212,-0.018698007835292185,-1.1071445639187574
accel_with_med,45,15,ALL,517,0.4506769825918762,-3.5971953578336557,0.44377682403433477,1165.0,0.4909560723514212,-0.04027908975954497,-2.717565728204026
rev_short_vs_med,45,15,ALL,472,0.4915254237288136,-0.6663135593220338,0.4051502145922747,1165.0,0.4909560723514212,0.0005693513773923908,0.2133160703075958
disagree_follow_short,45,15,ALL,472,0.5042372881355932,0.6663135593220338,0.4051502145922747,1165.0,0.4909560723514212,0.013281215784172018,1.5459431889516635
follow_5,45,15,ALL,1143,0.4776902887139108,-1.1281714785651793,0.9811158798283262,1165.0,0.4909560723514212,-0.013265783637510409,-0.24854184893554965
follow_15,45,15,ALL,1154,0.47746967071057195,-1.4187608318890814,0.9905579399141631,1165.0,0.4909560723514212,-0.013486401640849244,-0.5391312022594518
persist_5m,45,15,ALL,592,0.46621621621621623,-2.70777027027027,0.5081545064377683,1165.0,0.4909560723514212,-0.024739856135204963,-1.8281406406406404
flip_5m,45,15,ALL,537,0.49162011173184356,0.5484171322160148,0.4609442060085837,1165.0,0.4909560723514212,0.0006640393804223654,1.4280467618456445
HIGH_ALONE_FOLLOW,45,30,ALL,1161,0.4806201550387597,-0.12661498708010335,0.9965665236051502,,,,
HIGH_ALONE_LONG,45,30,ALL,1165,0.5364806866952789,-0.784549356223176,1.0,,,,
align_1_5,45,30,ALL,699,0.47782546494992845,-1.7668097281831188,0.6,1165.0,0.4806201550387597,-0.0027946900888312642,-1.6401947411030153
align_1_5_15,45,30,ALL,489,0.4662576687116564,-2.4974437627811863,0.41974248927038627,1165.0,0.4806201550387597,-0.014362486327103297,-2.370828775701083
align_5_15,45,30,ALL,775,0.4774193548387097,-1.404516129032258,0.6652360515021459,1165.0,0.4806201550387597,-0.0032008002000500357,-1.2779011419521547
accel_with_med,45,30,ALL,517,0.46034816247582205,-3.4482591876208897,0.44377682403433477,1165.0,0.4806201550387597,-0.020271992562937657,-3.3216442005407862
rev_short_vs_med,45,30,ALL,472,0.5,0.7139830508474576,0.4051502145922747,1165.0,0.4806201550387597,0.01937984496124029,0.8405980379275609
disagree_follow_short,45,30,ALL,472,0.4936440677966102,-0.7139830508474576,0.4051502145922747,1165.0,0.4806201550387597,0.013023912757850475,-0.5873680637673543
follow_5,45,30,ALL,1143,0.48556430446194226,-0.744750656167979,0.9811158798283262,1165.0,0.4806201550387597,0.004944149423182553,-0.6181356690878756
follow_15,45,30,ALL,1154,0.48180242634315423,-0.9924176776429809,0.9905579399141631,1165.0,0.4806201550387597,0.001182271304394522,-0.8658026905628776
persist_5m,45,30,ALL,592,0.46452702702702703,-1.5333614864864864,0.5081545064377683,1165.0,0.4806201550387597,-0.016093128011732682,-1.406746499406383
flip_5m,45,30,ALL,537,0.5139664804469274,0.1713221601489758,0.4609442060085837,1165.0,0.4806201550387597,0.033346325408167676,0.29793714722907916
HIGH_ALONE_FOLLOW,50,10,IS,816,0.47181372549019607,-0.3648897058823529,0.9939098660170523,,,,
HIGH_ALONE_LONG,50,10,IS,821,0.5261875761266748,0.37728380024360536,1.0,,,,
align_1_5,50,10,IS,491,0.4969450101832994,-0.3182281059063136,0.5980511571254568,821.0,0.47181372549019607,0.02513128469310333,0.0466615999760393
align_1_5_15,50,10,IS,347,0.4697406340057637,-0.5648414985590778,0.4226552984165652,821.0,0.47181372549019607,-0.0020730914844323545,-0.19995179267672492
align_5_15,50,10,IS,554,0.4855595667870036,-0.6119133574007221,0.6747868453105969,821.0,0.47181372549019607,0.01374584129680756,-0.24702365151836914
accel_with_med,50,10,IS,354,0.4745762711864407,-0.5282485875706214,0.43118148599269185,821.0,0.47181372549019607,0.0027625456962446227,-0.1633588816882685
rev_short_vs_med,50,10,IS,328,0.4725609756097561,-0.6402439024390244,0.3995127892813642,821.0,0.47181372549019607,0.0007472501195600056,-0.2753541965566715
disagree_follow_short,50,10,IS,328,0.5182926829268293,0.6402439024390244,0.3995127892813642,821.0,0.47181372549019607,0.04647895743663322,1.0051336083213773
follow_5,50,10,IS,799,0.5131414267834794,-0.11295369211514393,0.9732034104750305,821.0,0.47181372549019607,0.041327701293283337,0.251936013767209
follow_15,50,10,IS,813,0.46494464944649444,-0.7392373923739237,0.9902557856272838,821.0,0.47181372549019607,-0.006869076043701627,-0.3743476864915708
persist_5m,50,10,IS,419,0.4988066825775656,-0.36992840095465396,0.510353227771011,821.0,0.47181372549019607,0.02699295708736954,-0.005038695072301036
flip_5m,50,10,IS,360,0.5194444444444445,0.05277777777777778,0.438489646772229,821.0,0.47181372549019607,0.04763071895424842,0.4176674836601307
HIGH_ALONE_FOLLOW,50,15,IS,816,0.4730392156862745,-0.20925245098039216,0.9939098660170523,,,,
HIGH_ALONE_LONG,50,15,IS,821,0.5140073081607796,-0.19701583434835565,1.0,,,,
align_1_5,50,15,IS,491,0.45213849287169044,-0.6410386965376782,0.5980511571254568,821.0,0.4730392156862745,-0.02090072281458405,-0.43178624555728606
align_1_5_15,50,15,IS,347,0.4438040345821326,-0.41354466858789624,0.4226552984165652,821.0,0.4730392156862745,-0.029235181104141916,-0.20429221760750407
align_5_15,50,15,IS,554,0.47653429602888087,-0.490072202166065,0.6747868453105969,821.0,0.4730392156862745,0.0034950803426063715,-0.2808197511856728
accel_with_med,50,15,IS,354,0.4435028248587571,-0.5621468926553672,0.43118148599269185,821.0,0.4730392156862745,-0.02953639082751741,-0.3528944416749751
rev_short_vs_med,50,15,IS,328,0.5213414634146342,0.06554878048780488,0.3995127892813642,821.0,0.4730392156862745,0.04830224772835967,0.274801231468197
disagree_follow_short,50,15,IS,328,0.4725609756097561,-0.06554878048780488,0.3995127892813642,821.0,0.4730392156862745,-0.0004782400765184214,0.14370367049258728
follow_5,50,15,IS,799,0.48685857321652065,-0.22090112640801002,0.9732034104750305,821.0,0.4730392156862745,0.013819357530246157,-0.011648675427617855
follow_15,50,15,IS,813,0.4784747847478475,-0.43573185731857317,0.9902557856272838,821.0,0.4730392156862745,0.005435569061572998,-0.226479406338181
persist_5m,50,15,IS,419,0.4797136038186158,-0.8323389021479713,0.510353227771011,821.0,0.4730392156862745,0.00667438813234128,-0.6230864511675792
flip_5m,50,15,IS,360,0.4888888888888889,0.1388888888888889,0.438489646772229,821.0,0.4730392156862745,0.01584967320261438,0.3481413398692811
HIGH_ALONE_FOLLOW,50,30,IS,816,0.48284313725490197,-0.057291666666666664,0.9939098660170523,,,,
HIGH_ALONE_LONG,50,30,IS,821,0.5420219244823387,-0.1559074299634592,1.0,,,,
align_1_5,50,30,IS,491,0.5112016293279023,0.05855397148676171,0.5980511571254568,821.0,0.48284313725490197,0.028358492073000285,0.11584563815342838
align_1_5_15,50,30,IS,347,0.5043227665706052,0.2903458213256484,0.4226552984165652,821.0,0.48284313725490197,0.021479629315703186,0.3476374879923151
align_5_15,50,30,IS,554,0.5252707581227437,-0.3700361010830325,0.6747868453105969,821.0,0.48284313725490197,0.04242762086784174,-0.3127444344163658
accel_with_med,50,30,IS,354,0.4887005649717514,-0.01059322033898305,0.43118148599269185,821.0,0.48284313725490197,0.005857427716849439,0.046698446327683614
rev_short_vs_med,50,30,IS,328,0.5213414634146342,-0.6486280487804879,0.3995127892813642,821.0,0.48284313725490197,0.0384983261597322,-0.5913363821138212
disagree_follow_short,50,30,IS,328,0.47560975609756095,0.6486280487804879,0.3995127892813642,821.0,0.48284313725490197,-0.007233381157341012,0.7059197154471545
follow_5,50,30,IS,799,0.5269086357947435,-0.18992490613266583,0.9732034104750305,821.0,0.48284313725490197,0.044065498539841486,-0.13263323946599917
follow_15,50,30,IS,813,0.5030750307503075,-0.3404059040590406,0.9902557856272838,821.0,0.48284313725490197,0.020231893495405495,-0.2831142373923739
persist_5m,50,30,IS,419,0.5202863961813843,-0.2786396181384248,0.510353227771011,821.0,0.48284313725490197,0.037443258926482315,-0.22134795147175815
flip_5m,50,30,IS,360,0.5305555555555556,-0.47430555555555554,0.438489646772229,821.0,0.48284313725490197,0.04771241830065359,-0.41701388888888885
HIGH_ALONE_FOLLOW,50,10,Validation,226,0.4911504424778761,-0.8075221238938053,0.9955947136563876,,,,
HIGH_ALONE_LONG,50,10,Validation,227,0.4977973568281938,0.6244493392070485,1.0,,,,
align_1_5,50,10,Validation,144,0.4513888888888889,0.07291666666666667,0.6343612334801763,227.0,0.4911504424778761,-0.0397615535889872,0.8804387905604719
align_1_5_15,50,10,Validation,97,0.44329896907216493,-1.541237113402062,0.42731277533039647,227.0,0.4911504424778761,-0.047851473405711165,-0.7337149895082566
align_5_15,50,10,Validation,162,0.4382716049382716,-2.498456790123457,0.7136563876651982,227.0,0.4911504424778761,-0.052878837539604484,-1.6909346662296516
accel_with_med,50,10,Validation,88,0.42045454545454547,-1.5909090909090908,0.3876651982378855,227.0,0.4911504424778761,-0.07069589702333062,-0.7833869670152855
rev_short_vs_med,50,10,Validation,110,0.4636363636363636,-3.477272727272727,0.4845814977973568,227.0,0.4911504424778761,-0.027514078841512468,-2.6697506033789216
disagree_follow_short,50,10,Validation,110,0.5272727272727272,3.477272727272727,0.4845814977973568,227.0,0.4911504424778761,0.036122284794851134,4.284794851166533
follow_5,50,10,Validation,227,0.46255506607929514,-0.6861233480176211,1.0,227.0,0.4911504424778761,-0.02859537639858095,0.1213987758761842
follow_15,50,10,Validation,226,0.4469026548672566,-2.6991150442477876,0.9955947136563876,227.0,0.4911504424778761,-0.04424778761061948,-1.8915929203539823
persist_5m,50,10,Validation,120,0.4583333333333333,-0.12916666666666668,0.5286343612334802,227.0,0.4911504424778761,-0.03281710914454278,0.6783554572271386
flip_5m,50,10,Validation,107,0.4672897196261682,-1.310747663551402,0.4713656387665198,227.0,0.4911504424778761,-0.023860722851707872,-0.5032255396575966
HIGH_ALONE_FOLLOW,50,15,Validation,226,0.504424778761062,0.9845132743362832,0.9955947136563876,,,,
HIGH_ALONE_LONG,50,15,Validation,227,0.4933920704845815,-0.46916299559471364,1.0,,,,
align_1_5,50,15,Validation,144,0.4583333333333333,-0.1371527777777778,0.6343612334801763,227.0,0.504424778761062,-0.04609144542772864,-1.121666052114061
align_1_5_15,50,15,Validation,97,0.4329896907216495,-2.1391752577319587,0.42731277533039647,227.0,0.504424778761062,-0.07143508803941245,-3.123688532068242
align_5_15,50,15,Validation,162,0.47530864197530864,-0.9938271604938271,0.7136563876651982,227.0,0.504424778761062,-0.02911613678575331,-1.9783404348301104
accel_with_med,50,15,Validation,88,0.4431818181818182,-1.2670454545454546,0.3876651982378855,227.0,0.504424778761062,-0.06124296057924378,-2.251558728881738
rev_short_vs_med,50,15,Validation,110,0.509090909090909,-0.9568181818181818,0.4845814977973568,227.0,0.504424778761062,0.004666130329847085,-1.941331456154465
disagree_follow_short,50,15,Validation,110,0.4727272727272727,0.9568181818181818,0.4845814977973568,227.0,0.504424778761062,-0.031697506033789236,-0.027695092518101427
follow_5,50,15,Validation,227,0.4889867841409692,0.11233480176211454,1.0,227.0,0.504424778761062,-0.015437994620092765,-0.8721784725741687
follow_15,50,15,Validation,226,0.47345132743362833,-1.2787610619469028,0.9955947136563876,227.0,0.504424778761062,-0.03097345132743362,-2.263274336283186
persist_5m,50,15,Validation,120,0.5,2.4208333333333334,0.5286343612334802,227.0,0.504424778761062,-0.004424778761061954,1.4363200589970502
flip_5m,50,15,Validation,107,0.4766355140186916,-2.4766355140186915,0.4713656387665198,227.0,0.504424778761062,-0.027789264742370368,-3.4611487883549747
HIGH_ALONE_FOLLOW,50,30,Validation,226,0.5221238938053098,-0.7013274336283186,0.9955947136563876,,,,
HIGH_ALONE_LONG,50,30,Validation,227,0.4713656387665198,-0.30176211453744495,1.0,,,,
align_1_5,50,30,Validation,144,0.5277777777777778,3.3958333333333335,0.6343612334801763,227.0,0.5221238938053098,0.005653883972468021,4.097160766961652
align_1_5_15,50,30,Validation,97,0.5257731958762887,-1.8298969072164948,0.42731277533039647,227.0,0.5221238938053098,0.0036493020709789104,-1.1285694735881762
align_5_15,50,30,Validation,162,0.5308641975308642,-1.3348765432098766,0.7136563876651982,227.0,0.5221238938053098,0.008740303725554455,-0.633549109581558
accel_with_med,50,30,Validation,88,0.5454545454545454,0.8011363636363636,0.3876651982378855,227.0,0.5221238938053098,0.023330651649235645,1.5024637972646824
rev_short_vs_med,50,30,Validation,110,0.5,-6.390909090909091,0.4845814977973568,227.0,0.5221238938053098,-0.02212389380530977,-5.6895816572807725
disagree_follow_short,50,30,Validation,110,0.4909090909090909,6.390909090909091,0.4845814977973568,227.0,0.5221238938053098,-0.031214802896218863,7.092236524537409
follow_5,50,30,Validation,227,0.5330396475770925,2.645374449339207,1.0,227.0,0.5221238938053098,0.010915753771782777,3.3467018829675257
follow_15,50,30,Validation,226,0.5088495575221239,-4.410398230088496,0.9955947136563876,227.0,0.5221238938053098,-0.013274336283185861,-3.709070796460177
persist_5m,50,30,Validation,120,0.5416666666666666,2.3604166666666666,0.5286343612334802,227.0,0.5221238938053098,0.01954277286135686,3.0617441002949852
flip_5m,50,30,Validation,107,0.5233644859813084,2.9649532710280373,0.4713656387665198,227.0,0.5221238938053098,0.0012405921759985894,3.666280704656356
HIGH_ALONE_FOLLOW,50,10,OOS,122,0.4672131147540984,0.32172131147540983,1.0,,,,
HIGH_ALONE_LONG,50,10,OOS,122,0.5409836065573771,-2.5594262295081966,1.0,,,,
align_1_5,50,10,OOS,84,0.4642857142857143,3.2976190476190474,0.6885245901639344,122.0,0.4672131147540984,-0.002927400468384078,2.9758977361436374
align_1_5_15,50,10,OOS,59,0.4406779661016949,-2.059322033898305,0.48360655737704916,122.0,0.4672131147540984,-0.026535148652403473,-2.3810433453737145
align_5_15,50,10,OOS,85,0.4588235294117647,-3.7941176470588234,0.6967213114754098,122.0,0.4672131147540984,-0.008389585342333694,-4.115838958534233
accel_with_med,50,10,OOS,58,0.41379310344827586,-5.245689655172414,0.47540983606557374,122.0,0.4672131147540984,-0.05342001130582252,-5.567410966647824
rev_short_vs_med,50,10,OOS,51,0.47058823529411764,-11.754901960784315,0.4180327868852459,122.0,0.4672131147540984,0.0033751205400192608,-12.076623272259724
disagree_follow_short,50,10,OOS,51,0.5098039215686274,11.754901960784315,0.4180327868852459,122.0,0.4672131147540984,0.042590806814529036,11.433180649308905
follow_5,50,10,OOS,122,0.47540983606557374,0.5020491803278688,1.0,122.0,0.4672131147540984,0.008196721311475363,0.180327868852459
follow_15,50,10,OOS,122,0.45901639344262296,-5.788934426229508,1.0,122.0,0.4672131147540984,-0.008196721311475419,-6.110655737704918
persist_5m,50,10,OOS,58,0.46551724137931033,-1.0689655172413792,0.47540983606557374,122.0,0.4672131147540984,-0.0016958733747880483,-1.390686828716789
flip_5m,50,10,OOS,63,0.49206349206349204,2.0555555555555554,0.5163934426229508,122.0,0.4672131147540984,0.024850377309393656,1.7338342440801455
HIGH_ALONE_FOLLOW,50,15,OOS,122,0.5573770491803278,4.081967213114754,1.0,,,,
HIGH_ALONE_LONG,50,15,OOS,122,0.4918032786885246,-3.1844262295081966,1.0,,,,
align_1_5,50,15,OOS,84,0.38095238095238093,-0.30654761904761907,0.6885245901639344,122.0,0.5573770491803278,-0.1764246682279469,-4.3885148321623735
align_1_5_15,50,15,OOS,59,0.3559322033898305,-8.203389830508474,0.48360655737704916,122.0,0.5573770491803278,-0.20144484579049732,-12.285357043623229
align_5_15,50,15,OOS,85,0.38823529411764707,-7.823529411764706,0.6967213114754098,122.0,0.5573770491803278,-0.16914175506268075,-11.90549662487946
accel_with_med,50,15,OOS,58,0.3275862068965517,-12.193965517241379,0.47540983606557374,122.0,0.5573770491803278,-0.2297908422837761,-16.275932730356132
rev_short_vs_med,50,15,OOS,51,0.5098039215686274,-12.534313725490197,0.4180327868852459,122.0,0.5573770491803278,-0.047573127611700405,-16.61628093860495
disagree_follow_short,50,15,OOS,51,0.49019607843137253,12.534313725490197,0.4180327868852459,122.0,0.5573770491803278,-0.0671809707489553,8.452346512375442
follow_5,50,15,OOS,122,0.4180327868852459,-1.0737704918032787,1.0,122.0,0.5573770491803278,-0.1393442622950819,-5.155737704918033
follow_15,50,15,OOS,122,0.4262295081967213,-9.827868852459016,1.0,122.0,0.5573770491803278,-0.13114754098360654,-13.90983606557377
persist_5m,50,15,OOS,58,0.39655172413793105,-4.706896551724138,0.47540983606557374,122.0,0.5573770491803278,-0.16082532504239677,-8.788863764838892
flip_5m,50,15,OOS,63,0.4444444444444444,2.373015873015873,0.5163934426229508,122.0,0.5573770491803278,-0.1129326047358834,-1.708951340098881
HIGH_ALONE_FOLLOW,50,30,OOS,122,0.5245901639344263,7.030737704918033,1.0,,,,
HIGH_ALONE_LONG,50,30,OOS,122,0.45901639344262296,-9.055327868852459,1.0,,,,
align_1_5,50,30,OOS,84,0.4880952380952381,-6.026785714285714,0.6885245901639344,122.0,0.5245901639344263,-0.036494925839188175,-13.057523419203747
align_1_5_15,50,30,OOS,59,0.4576271186440678,-16.46186440677966,0.48360655737704916,122.0,0.5245901639344263,-0.06696304529035846,-23.492602111697693
align_5_15,50,30,OOS,85,0.47058823529411764,-9.520588235294118,0.6967213114754098,122.0,0.5245901639344263,-0.054001928640308616,-16.551325940212152
accel_with_med,50,30,OOS,58,0.43103448275862066,-19.155172413793103,0.47540983606557374,122.0,0.5245901639344263,-0.0935556811758056,-26.185910118711135
rev_short_vs_med,50,30,OOS,51,0.47058823529411764,-5.9411764705882355,0.4180327868852459,122.0,0.5245901639344263,-0.054001928640308616,-12.971914175506267
disagree_follow_short,50,30,OOS,51,0.5294117647058824,5.9411764705882355,0.4180327868852459,122.0,0.5245901639344263,0.004821600771456103,-1.0895612343297971
follow_5,50,30,OOS,122,0.5,-1.3913934426229508,1.0,122.0,0.5245901639344263,-0.024590163934426257,-8.422131147540984
follow_15,50,30,OOS,122,0.45901639344262296,-11.875,1.0,122.0,0.5245901639344263,-0.0655737704918033,-18.90573770491803
persist_5m,50,30,OOS,58,0.5172413793103449,-3.4008620689655173,0.47540983606557374,122.0,0.5245901639344263,-0.007348784624081395,-10.43159977388355
flip_5m,50,30,OOS,63,0.47619047619047616,0.24603174603174602,0.5163934426229508,122.0,0.5245901639344263,-0.04839968774395009,-6.784705958886287
HIGH_ALONE_FOLLOW,50,10,ALL,1164,0.47508591065292094,-0.3788659793814433,0.9948717948717949,,,,
HIGH_ALONE_LONG,50,10,ALL,1170,0.5222222222222223,0.11901709401709401,1.0,,,,
align_1_5,50,10,ALL,719,0.48400556328233657,0.1825452016689847,0.6145299145299146,1170.0,0.47508591065292094,0.00891965262941563,0.561411181050428
align_1_5_15,50,10,ALL,503,0.46123260437375746,-0.9284294234592445,0.42991452991452994,1170.0,0.47508591065292094,-0.01385330627916348,-0.5495634440778012
align_5_15,50,10,ALL,801,0.4731585518102372,-1.3311485642946317,0.6846153846153846,1170.0,0.47508591065292094,-0.0019273588426837462,-0.9522825849131884
accel_with_med,50,10,ALL,500,0.458,-1.2625,0.42735042735042733,1170.0,0.47508591065292094,-0.01708591065292092,-0.8836340206185567
rev_short_vs_med,50,10,ALL,489,0.4703476482617587,-2.4376278118609407,0.41794871794871796,1170.0,0.47508591065292094,-0.004738262391162262,-2.0587618324794974
disagree_follow_short,50,10,ALL,489,0.5194274028629857,2.4376278118609407,0.41794871794871796,1170.0,0.47508591065292094,0.04434149221006478,2.816493791242384
follow_5,50,10,ALL,1148,0.4991289198606272,-0.16093205574912892,0.9811965811965812,1170.0,0.47508591065292094,0.024043009207706245,0.21793392363231437
follow_15,50,10,ALL,1161,0.4608096468561585,-1.6513781223083548,0.9923076923076923,1170.0,0.47508591065292094,-0.014276263796762445,-1.2725121429269115
persist_5m,50,10,ALL,597,0.48743718592964824,-0.38944723618090454,0.5102564102564102,1170.0,0.47508591065292094,0.012351275276727303,-0.010581256799461258
flip_5m,50,10,ALL,530,0.5056603773584906,0.015566037735849057,0.452991452991453,1170.0,0.47508591065292094,0.030574466705569625,0.39443201711729237
HIGH_ALONE_FOLLOW,50,15,ALL,1164,0.4879725085910653,0.4722938144329897,0.9948717948717949,,,,
HIGH_ALONE_LONG,50,15,ALL,1170,0.5076923076923077,-0.5613247863247863,1.0,,,,
align_1_5,50,15,ALL,719,0.44506258692628653,-0.5010431154381085,0.6145299145299146,1170.0,0.4879725085910653,-0.04290992166477875,-0.9733369298710982
align_1_5_15,50,15,ALL,503,0.43141153081510936,-1.6600397614314115,0.42991452991452994,1170.0,0.4879725085910653,-0.05656097777595592,-2.132333575864401
align_5_15,50,15,ALL,801,0.46691635455680397,-1.3701622971285892,0.6846153846153846,1170.0,0.4879725085910653,-0.02105615403426131,-1.842456111561579
accel_with_med,50,15,ALL,500,0.43,-2.0355,0.42735042735042733,1170.0,0.4879725085910653,-0.057972508591065286,-2.5077938144329894
rev_short_vs_med,50,15,ALL,489,0.5173824130879345,-1.478527607361963,0.41794871794871796,1170.0,0.4879725085910653,0.029409904496869255,-1.9508214217949527
disagree_follow_short,50,15,ALL,489,0.47443762781186094,1.478527607361963,0.41794871794871796,1170.0,0.4879725085910653,-0.013534880779204339,1.0062337929289735
follow_5,50,15,ALL,1148,0.4799651567944251,-0.2456445993031359,0.9811965811965812,1170.0,0.4879725085910653,-0.008007351796640194,-0.7179384137361255
follow_15,50,15,ALL,1161,0.4720068906115418,-1.5867786391042205,0.9923076923076923,1170.0,0.4879725085910653,-0.015965617979523505,-2.05907245353721
persist_5m,50,15,ALL,597,0.47571189279731996,-0.554857621440536,0.5102564102564102,1170.0,0.4879725085910653,-0.012260615793745322,-1.0271514358735256
flip_5m,50,15,ALL,530,0.4811320754716981,-0.12358490566037736,0.452991452991453,1170.0,0.4879725085910653,-0.006840433119367162,-0.5958787200933671
HIGH_ALONE_FOLLOW,50,30,ALL,1164,0.4948453608247423,0.5605670103092784,0.9948717948717949,,,,
HIGH_ALONE_LONG,50,30,ALL,1170,0.5196581196581197,-1.1121794871794872,1.0,,,,
align_1_5,50,30,ALL,719,0.5118219749652295,0.015994436717663423,0.6145299145299146,1170.0,0.4948453608247423,0.016976614140487234,-0.5445725735916149
align_1_5_15,50,30,ALL,503,0.5029821073558648,-2.0834990059642147,0.42991452991452994,1170.0,0.4948453608247423,0.008136746531122507,-2.6440660162734932
align_5_15,50,30,ALL,801,0.5205992509363296,-1.5362047440699127,0.6846153846153846,1170.0,0.4948453608247423,0.025753890111587352,-2.096771754379191
accel_with_med,50,30,ALL,500,0.492,-2.0885,0.42735042735042733,1170.0,0.4948453608247423,-0.0028453608247422935,-2.6490670103092784
rev_short_vs_med,50,30,ALL,489,0.5112474437627812,-2.4923312883435584,0.41794871794871796,1170.0,0.4948453608247423,0.01640208293803891,-3.0528982986528366
disagree_follow_short,50,30,ALL,489,0.48466257668711654,2.4923312883435584,0.41794871794871796,1170.0,0.4948453608247423,-0.010182784137625744,1.93176427803428
follow_5,50,30,ALL,1148,0.5252613240418118,0.24303135888501742,0.9811965811965812,1170.0,0.4948453608247423,0.03041596321706952,-0.31753565142426093
follow_15,50,30,ALL,1161,0.49956933677863913,-2.344745908699397,0.9923076923076923,1170.0,0.4948453608247423,0.004723975953896842,-2.9053129190086757
persist_5m,50,30,ALL,597,0.52428810720268,-0.05150753768844221,0.5102564102564102,1170.0,0.4948453608247423,0.029442746377937756,-0.6120745479977205
flip_5m,50,30,ALL,530,0.5226415094339623,0.30566037735849055,0.452991452991453,1170.0,0.4948453608247423,0.027796148609219973,-0.2549066329507878
HIGH_ALONE_FOLLOW,55,10,IS,819,0.4652014652014652,0.11324786324786325,0.998780487804878,,,,
HIGH_ALONE_LONG,55,10,IS,820,0.5182926829268293,-0.45640243902439026,1.0,,,,
align_1_5,55,10,IS,461,0.47071583514099785,0.2077006507592191,0.5621951219512196,820.0,0.4652014652014652,0.005514369939532637,0.09445278751135584
align_1_5_15,55,10,IS,310,0.46774193548387094,0.30483870967741933,0.3780487804878049,820.0,0.4652014652014652,0.002540470282405727,0.1915908464295561
align_5_15,55,10,IS,515,0.47184466019417476,0.712135922330097,0.6280487804878049,820.0,0.4652014652014652,0.006643194992709545,0.5988880590822337
accel_with_med,55,10,IS,348,0.46264367816091956,-0.5337643678160919,0.424390243902439,820.0,0.4652014652014652,-0.002557787040545656,-0.6470122310639552
rev_short_vs_med,55,10,IS,326,0.46932515337423314,0.8343558282208589,0.3975609756097561,820.0,0.4652014652014652,0.004123688172767925,0.7211079649729956
disagree_follow_short,55,10,IS,326,0.48466257668711654,-0.8343558282208589,0.3975609756097561,820.0,0.4652014652014652,0.019461111485651328,-0.9476036914687221
follow_5,55,10,IS,800,0.47,0.455,0.975609756097561,820.0,0.4652014652014652,0.004798534798534759,0.3417521367521368
follow_15,55,10,IS,812,0.479064039408867,0.46798029556650245,0.9902439024390244,820.0,0.4652014652014652,0.013862574207401779,0.3547324323186392
persist_5m,55,10,IS,390,0.46153846153846156,0.5108974358974359,0.47560975609756095,820.0,0.4652014652014652,-0.00366300366300365,0.3976495726495726
flip_5m,55,10,IS,388,0.4742268041237113,0.3865979381443299,0.47317073170731705,820.0,0.4652014652014652,0.009025338922246107,0.2733500748964667
HIGH_ALONE_FOLLOW,55,15,IS,819,0.48595848595848595,0.46703296703296704,0.998780487804878,,,,
HIGH_ALONE_LONG,55,15,IS,820,0.5036585365853659,-0.5271341463414634,1.0,,,,
align_1_5,55,15,IS,461,0.48590021691973967,0.27006507592190887,0.5621951219512196,820.0,0.48595848595848595,-5.826903874628364e-05,-0.19696789111105817
align_1_5_15,55,15,IS,310,0.5,0.3,0.3780487804878049,820.0,0.48595848595848595,0.014041514041514047,-0.16703296703296705
align_5_15,55,15,IS,515,0.5048543689320388,1.0014563106796117,0.6280487804878049,820.0,0.48595848595848595,0.01889588297355288,0.5344233436466447
accel_with_med,55,15,IS,348,0.49137931034482757,-0.3232758620689655,0.424390243902439,820.0,0.48595848595848595,0.005420824386341616,-0.7903088291019326
rev_short_vs_med,55,15,IS,326,0.5184049079754601,1.1855828220858895,0.3975609756097561,820.0,0.48595848595848595,0.032446422016974175,0.7185498550529225
disagree_follow_short,55,15,IS,326,0.46932515337423314,-1.1855828220858895,0.3975609756097561,820.0,0.48595848595848595,-0.016633332584252813,-1.6526157891188564
follow_5,55,15,IS,800,0.48375,0.531875,0.975609756097561,820.0,0.48595848595848595,-0.0022084859584859395,0.06484203296703295
follow_15,55,15,IS,812,0.5123152709359606,0.7598522167487685,0.9902439024390244,820.0,0.48595848595848595,0.02635678497747468,0.2928192497158014
persist_5m,55,15,IS,390,0.4641025641025641,0.7185897435897436,0.47560975609756095,820.0,0.48595848595848595,-0.021855921855921834,0.25155677655677655
flip_5m,55,15,IS,388,0.5025773195876289,0.3292525773195876,0.47317073170731705,820.0,0.48595848595848595,0.016618833629142904,-0.13778038971337941
HIGH_ALONE_FOLLOW,55,30,IS,819,0.48717948717948717,0.27075702075702074,0.998780487804878,,,,
HIGH_ALONE_LONG,55,30,IS,820,0.5353658536585366,-0.20548780487804877,1.0,,,,
align_1_5,55,30,IS,461,0.5075921908893709,-0.06019522776572668,0.5621951219512196,820.0,0.48717948717948717,0.02041270370988374,-0.3309522485227474
align_1_5_15,55,30,IS,310,0.5193548387096775,0.4403225806451613,0.3780487804878049,820.0,0.48717948717948717,0.0321753515301903,0.16956555988814054
align_5_15,55,30,IS,515,0.5009708737864078,0.525242718446602,0.6280487804878049,820.0,0.48717948717948717,0.013791386606920641,0.25448569768958124
accel_with_med,55,30,IS,348,0.5172413793103449,-0.29454022988505746,0.424390243902439,820.0,0.48717948717948717,0.030061892130857693,-0.5652972506420781
rev_short_vs_med,55,30,IS,326,0.4785276073619632,0.8565950920245399,0.3975609756097561,820.0,0.48717948717948717,-0.008651879817523966,0.5858380712675191
disagree_follow_short,55,30,IS,326,0.5030674846625767,-0.8565950920245399,0.3975609756097561,820.0,0.48717948717948717,0.0158879974830895,-1.1273521127815607
follow_5,55,30,IS,800,0.49,-0.0828125,0.975609756097561,820.0,0.48717948717948717,0.0028205128205128216,-0.35356952075702075
follow_15,55,30,IS,812,0.5073891625615764,0.7318349753694581,0.9902439024390244,820.0,0.48717948717948717,0.02020967538208923,0.46107795461243734
persist_5m,55,30,IS,390,0.4948717948717949,0.12243589743589743,0.47560975609756095,820.0,0.48717948717948717,0.0076923076923077205,-0.1483211233211233
flip_5m,55,30,IS,388,0.4845360824742268,-0.3865979381443299,0.47317073170731705,820.0,0.48717948717948717,-0.002643404705260366,-0.6573549589013507
HIGH_ALONE_FOLLOW,55,10,Validation,226,0.5309734513274337,0.1084070796460177,1.0,,,,
HIGH_ALONE_LONG,55,10,Validation,226,0.4823008849557522,-3.1924778761061945,1.0,,,,
align_1_5,55,10,Validation,148,0.44594594594594594,-1.6114864864864864,0.6548672566371682,226.0,0.5309734513274337,-0.08502750538148773,-1.719893566132504
align_1_5_15,55,10,Validation,106,0.44339622641509435,-2.858490566037736,0.4690265486725664,226.0,0.5309734513274337,-0.08757722491233932,-2.966897645683754
align_5_15,55,10,Validation,153,0.47058823529411764,-2.145424836601307,0.6769911504424779,226.0,0.5309734513274337,-0.060385216033316036,-2.253831916247325
accel_with_med,55,10,Validation,93,0.3978494623655914,-5.182795698924731,0.41150442477876104,226.0,0.5309734513274337,-0.1331239889618423,-5.2912027785707485
rev_short_vs_med,55,10,Validation,86,0.5581395348837209,0.09883720930232558,0.3805309734513274,226.0,0.5309734513274337,0.027166083556287246,-0.009569870343692125
disagree_follow_short,55,10,Validation,86,0.4418604651162791,-0.09883720930232558,0.3805309734513274,226.0,0.5309734513274337,-0.0891129862111546,-0.2072442889483433
follow_5,55,10,Validation,225,0.4666666666666667,-1.9277777777777778,0.995575221238938,226.0,0.5309734513274337,-0.064306784660767,-2.0361848574237955
follow_15,55,10,Validation,225,0.49777777777777776,-0.9277777777777778,0.995575221238938,226.0,0.5309734513274337,-0.03319567354965591,-1.0361848574237955
persist_5m,55,10,Validation,105,0.4857142857142857,-0.4357142857142857,0.4646017699115044,226.0,0.5309734513274337,-0.04525916561314797,-0.5441213653603034
flip_5m,55,10,Validation,120,0.45,-3.2333333333333334,0.5309734513274337,226.0,0.5309734513274337,-0.08097345132743367,-3.341740412979351
HIGH_ALONE_FOLLOW,55,15,Validation,226,0.504424778761062,0.3926991150442478,1.0,,,,
HIGH_ALONE_LONG,55,15,Validation,226,0.47345132743362833,-4.138274336283186,1.0,,,,
align_1_5,55,15,Validation,148,0.4391891891891892,-4.337837837837838,0.6548672566371682,226.0,0.504424778761062,-0.06523558957187275,-4.730536952882085
align_1_5_15,55,15,Validation,106,0.4339622641509434,-4.53066037735849,0.4690265486725664,226.0,0.504424778761062,-0.07046251461011854,-4.923359492402739
align_5_15,55,15,Validation,153,0.47058823529411764,-2.723856209150327,0.6769911504424779,226.0,0.504424778761062,-0.03383654346694431,-3.1165553241945747
accel_with_med,55,15,Validation,93,0.44086021505376344,-4.14247311827957,0.41150442477876104,226.0,0.504424778761062,-0.06356456370729852,-4.535172233323818
rev_short_vs_med,55,15,Validation,86,0.5465116279069767,3.811046511627907,0.3805309734513274,226.0,0.504424778761062,0.04208684914591476,3.418347396583659
disagree_follow_short,55,15,Validation,86,0.43023255813953487,-3.811046511627907,0.3805309734513274,226.0,0.504424778761062,-0.07419222062152708,-4.203745626672155
follow_5,55,15,Validation,225,0.4666666666666667,-3.641111111111111,0.995575221238938,226.0,0.504424778761062,-0.03775811209439528,-4.033810226155358
follow_15,55,15,Validation,225,0.48444444444444446,-0.07555555555555556,0.995575221238938,226.0,0.504424778761062,-0.0199803343166175,-0.46825467059980336
persist_5m,55,15,Validation,105,0.49523809523809526,-0.6095238095238096,0.4646017699115044,226.0,0.504424778761062,-0.009186683522966699,-1.0022229245680574
flip_5m,55,15,Validation,120,0.44166666666666665,-6.29375,0.5309734513274337,226.0,0.504424778761062,-0.0627581120943953,-6.6864491150442475
HIGH_ALONE_FOLLOW,55,30,Validation,226,0.5398230088495575,-1.0420353982300885,1.0,,,,
HIGH_ALONE_LONG,55,30,Validation,226,0.47345132743362833,-3.6194690265486726,1.0,,,,
align_1_5,55,30,Validation,148,0.4594594594594595,-1.3074324324324325,0.6548672566371682,226.0,0.5398230088495575,-0.08036354939009799,-0.26539703420234395
align_1_5_15,55,30,Validation,106,0.46226415094339623,-3.568396226415094,0.4690265486725664,226.0,0.5398230088495575,-0.07755885790616124,-2.5263608281850054
align_5_15,55,30,Validation,153,0.48366013071895425,-2.954248366013072,0.6769911504424779,226.0,0.5398230088495575,-0.05616287813060322,-1.9122129677829836
accel_with_med,55,30,Validation,93,0.5053763440860215,-3.271505376344086,0.41150442477876104,226.0,0.5398230088495575,-0.03444666476353597,-2.2294699781139977
rev_short_vs_med,55,30,Validation,86,0.5348837209302325,-3.511627906976744,0.3805309734513274,226.0,0.5398230088495575,-0.004939287919324964,-2.469592508746656
disagree_follow_short,55,30,Validation,86,0.46511627906976744,3.511627906976744,0.3805309734513274,226.0,0.5398230088495575,-0.07470672977979004,4.5536633052068325
follow_5,55,30,Validation,225,0.4666666666666667,-2.71,0.995575221238938,226.0,0.5398230088495575,-0.0731563421828908,-1.6679646017699115
follow_15,55,30,Validation,225,0.5022222222222222,-1.5844444444444445,0.995575221238938,226.0,0.5398230088495575,-0.037600786627335236,-0.542409046214356
persist_5m,55,30,Validation,105,0.47619047619047616,-1.6642857142857144,0.4646017699115044,226.0,0.5398230088495575,-0.06363253265908131,-0.6222503160556259
flip_5m,55,30,Validation,120,0.4583333333333333,-3.625,0.5309734513274337,226.0,0.5398230088495575,-0.08148967551622416,-2.5829646017699117
HIGH_ALONE_FOLLOW,55,10,OOS,128,0.4921875,2.0234375,1.0,,,,
HIGH_ALONE_LONG,55,10,OOS,128,0.515625,-1.32421875,1.0,,,,
align_1_5,55,10,OOS,80,0.4875,-6.940625,0.625,128.0,0.4921875,-0.004687500000000011,-8.9640625
align_1_5_15,55,10,OOS,61,0.45901639344262296,-9.62704918032787,0.4765625,128.0,0.4921875,-0.03317110655737704,-11.65048668032787
align_5_15,55,10,OOS,88,0.4318181818181818,-12.508522727272727,0.6875,128.0,0.4921875,-0.06036931818181818,-14.531960227272727
accel_with_med,55,10,OOS,67,0.4626865671641791,-10.093283582089553,0.5234375,128.0,0.4921875,-0.029500932835820892,-12.116721082089553
rev_short_vs_med,55,10,OOS,45,0.37777777777777777,-10.733333333333333,0.3515625,128.0,0.4921875,-0.11440972222222223,-12.756770833333333
disagree_follow_short,55,10,OOS,45,0.6,10.733333333333333,0.3515625,128.0,0.4921875,0.10781249999999998,8.709895833333333
follow_5,55,10,OOS,128,0.484375,-5.546875,1.0,128.0,0.4921875,-0.0078125,-7.5703125
follow_15,55,10,OOS,127,0.41732283464566927,-9.850393700787402,0.9921875,128.0,0.4921875,-0.07486466535433073,-11.873831200787402
persist_5m,55,10,OOS,62,0.4838709677419355,-0.7903225806451613,0.484375,128.0,0.4921875,-0.008316532258064502,-2.813760080645161
flip_5m,55,10,OOS,66,0.48484848484848486,-10.015151515151516,0.515625,128.0,0.4921875,-0.007339015151515138,-12.038589015151516
HIGH_ALONE_FOLLOW,55,15,OOS,128,0.5390625,0.939453125,1.0,,,,
HIGH_ALONE_LONG,55,15,OOS,128,0.5703125,-1.224609375,1.0,,,,
align_1_5,55,15,OOS,80,0.4875,-4.89375,0.625,128.0,0.5390625,-0.05156250000000001,-5.833203125
align_1_5_15,55,15,OOS,61,0.45901639344262296,-7.549180327868853,0.4765625,128.0,0.5390625,-0.08004610655737704,-8.488633452868854
align_5_15,55,15,OOS,88,0.42045454545454547,-11.926136363636363,0.6875,128.0,0.5390625,-0.11860795454545453,-12.865589488636363
accel_with_med,55,15,OOS,67,0.44776119402985076,-11.996268656716419,0.5234375,128.0,0.5390625,-0.09130130597014924,-12.935721781716419
rev_short_vs_med,55,15,OOS,45,0.35555555555555557,-14.11111111111111,0.3515625,128.0,0.5390625,-0.18350694444444443,-15.05056423611111
disagree_follow_short,55,15,OOS,45,0.6222222222222222,14.11111111111111,0.3515625,128.0,0.5390625,0.08315972222222223,13.17165798611111
follow_5,55,15,OOS,128,0.4765625,-3.052734375,1.0,128.0,0.5390625,-0.0625,-3.9921875
follow_15,55,15,OOS,127,0.4094488188976378,-10.923228346456693,0.9921875,128.0,0.5390625,-0.1296136811023622,-11.862681471456693
persist_5m,55,15,OOS,62,0.5,0.9112903225806451,0.484375,128.0,0.5390625,-0.0390625,-0.02816280241935487
flip_5m,55,15,OOS,66,0.45454545454545453,-6.776515151515151,0.515625,128.0,0.5390625,-0.08451704545454547,-7.715968276515151
HIGH_ALONE_FOLLOW,55,30,OOS,128,0.5,5.78125,1.0,,,,
HIGH_ALONE_LONG,55,30,OOS,128,0.46875,-4.65234375,1.0,,,,
align_1_5,55,30,OOS,80,0.575,-3.14375,0.625,128.0,0.5,0.07499999999999996,-8.925
align_1_5_15,55,30,OOS,61,0.5737704918032787,-5.258196721311475,0.4765625,128.0,0.5,0.07377049180327866,-11.039446721311474
align_5_15,55,30,OOS,88,0.4772727272727273,-14.863636363636363,0.6875,128.0,0.5,-0.022727272727272707,-20.644886363636363
accel_with_med,55,30,OOS,67,0.5074626865671642,-14.246268656716419,0.5234375,128.0,0.5,0.007462686567164201,-20.027518656716417
rev_short_vs_med,55,30,OOS,45,0.3333333333333333,-22.038888888888888,0.3515625,128.0,0.5,-0.16666666666666669,-27.820138888888888
disagree_follow_short,55,30,OOS,45,0.6666666666666666,22.038888888888888,0.3515625,128.0,0.5,0.16666666666666663,16.257638888888888
follow_5,55,30,OOS,128,0.5078125,-6.55078125,1.0,128.0,0.5,0.0078125,-12.33203125
follow_15,55,30,OOS,127,0.4566929133858268,-15.238188976377952,0.9921875,128.0,0.5,-0.04330708661417321,-21.019438976377952
persist_5m,55,30,OOS,62,0.5,0.17338709677419356,0.484375,128.0,0.5,0.0,-5.607862903225806
flip_5m,55,30,OOS,66,0.5151515151515151,-12.867424242424242,0.515625,128.0,0.5,0.015151515151515138,-18.648674242424242
HIGH_ALONE_FOLLOW,55,10,ALL,1173,0.48081841432225064,0.32075873827791984,0.9991482112436116,,,,
HIGH_ALONE_LONG,55,10,ALL,1174,0.5110732538330494,-1.077725724020443,1.0,,,,
align_1_5,55,10,ALL,689,0.46734397677793904,-1.0130624092888243,0.5868824531516184,1174.0,0.48081841432225064,-0.013474437544311602,-1.333821147566744
align_1_5_15,55,10,ALL,477,0.4612159329140461,-1.6682389937106918,0.40630323679727426,1174.0,0.48081841432225064,-0.01960248140820453,-1.9889977319886116
align_5_15,55,10,ALL,756,0.4669312169312169,-1.4050925925925926,0.6439522998296422,1174.0,0.48081841432225064,-0.013887197391033723,-1.7258513308705123
accel_with_med,55,10,ALL,508,0.4507874015748031,-2.645669291338583,0.43270868824531517,1174.0,0.48081841432225064,-0.030031012747447516,-2.9664280296165026
rev_short_vs_med,55,10,ALL,457,0.47702407002188185,-0.4431072210065646,0.389267461669506,1174.0,0.48081841432225064,-0.0037943443003687904,-0.7638659592844844
disagree_follow_short,55,10,ALL,457,0.487964989059081,0.4431072210065646,0.389267461669506,1174.0,0.48081841432225064,0.007146574736830336,0.12234848272864474
follow_5,55,10,ALL,1153,0.47094535993061576,-0.6762792714657415,0.9821124361158433,1174.0,0.48081841432225064,-0.009873054391634883,-0.9970380097436613
follow_15,55,10,ALL,1164,0.47594501718213056,-0.9276202749140894,0.9914821124361158,1174.0,0.48081841432225064,-0.004873397140120084,-1.2483790131920092
persist_5m,55,10,ALL,557,0.46858168761220825,0.18761220825852784,0.4744463373083475,1174.0,0.48081841432225064,-0.01223672671004239,-0.133146530019392
flip_5m,55,10,ALL,574,0.47038327526132406,-1.5662020905923344,0.4889267461669506,1174.0,0.48081841432225064,-0.01043513906092658,-1.8869608288702542
HIGH_ALONE_FOLLOW,55,15,ALL,1173,0.49531116794543906,0.5042625745950554,0.9991482112436116,,,,
HIGH_ALONE_LONG,55,15,ALL,1174,0.5051107325383305,-1.2983390119250426,1.0,,,,
align_1_5,55,15,ALL,689,0.4760522496371553,-1.3193033381712627,0.5868824531516184,1174.0,0.49531116794543906,-0.019258918308283746,-1.823565912766318
align_1_5_15,55,15,ALL,477,0.480083857442348,-1.7772536687631026,0.40630323679727426,1174.0,0.49531116794543906,-0.015227310503091063,-2.281516243358158
align_5_15,55,15,ALL,756,0.4880952380952381,-1.2572751322751323,0.6439522998296422,1174.0,0.49531116794543906,-0.007215929850200975,-1.7615377068701878
accel_with_med,55,15,ALL,508,0.4763779527559055,-2.562007874015748,0.43270868824531517,1174.0,0.49531116794543906,-0.01893321518953356,-3.0662704486108034
rev_short_vs_med,55,15,ALL,457,0.5076586433260394,0.17341356673960612,0.389267461669506,1174.0,0.49531116794543906,0.012347475380600326,-0.3308490078554493
disagree_follow_short,55,15,ALL,457,0.47702407002188185,-0.17341356673960612,0.389267461669506,1174.0,0.49531116794543906,-0.018287097923557205,-0.6776761413346615
follow_5,55,15,ALL,1153,0.47961838681699914,-0.6803989592367736,0.9821124361158433,1174.0,0.49531116794543906,-0.015692781128439914,-1.1846615338318291
follow_15,55,15,ALL,1164,0.4957044673539519,-0.676331615120275,0.9914821124361158,1174.0,0.49531116794543906,0.0003932994085128483,-1.1805941897153303
persist_5m,55,15,ALL,557,0.473967684021544,0.48967684021543983,0.4744463373083475,1174.0,0.49531116794543906,-0.021343483923895068,-0.014585734379615578
flip_5m,55,15,ALL,574,0.4843205574912892,-1.8723867595818815,0.4889267461669506,1174.0,0.49531116794543906,-0.01099061045414984,-2.376649334176937
HIGH_ALONE_FOLLOW,55,30,ALL,1173,0.49872122762148335,0.6191389599317988,0.9991482112436116,,,,
HIGH_ALONE_LONG,55,30,ALL,1174,0.5161839863713799,-1.3475298126064736,1.0,,,,
align_1_5,55,30,ALL,689,0.5050798258345428,-0.6861393323657474,0.5868824531516184,1174.0,0.49872122762148335,0.006358598213059452,-1.305278292297546
align_1_5_15,55,30,ALL,477,0.5136268343815513,-1.179245283018868,0.40630323679727426,1174.0,0.49872122762148335,0.014905606760067969,-1.7983842429506667
align_5_15,55,30,ALL,756,0.4947089947089947,-1.9702380952380953,0.6439522998296422,1174.0,0.49872122762148335,-0.004012232912488645,-2.5893770551698942
accel_with_med,55,30,ALL,508,0.5137795275590551,-2.6796259842519685,0.43270868824531517,1174.0,0.49872122762148335,0.01505829993757174,-3.2987649441837674
rev_short_vs_med,55,30,ALL,457,0.474835886214442,-2.219912472647702,0.389267461669506,1174.0,0.49872122762148335,-0.02388534140704135,-2.839051432579501
disagree_follow_short,55,30,ALL,457,0.5120350109409191,2.219912472647702,0.389267461669506,1174.0,0.49872122762148335,0.013313783319435724,1.6007735127159033
follow_5,55,30,ALL,1153,0.48742411101474414,-1.313529921942758,0.9821124361158433,1174.0,0.49872122762148335,-0.01129711660673921,-1.932668881874557
follow_15,55,30,ALL,1164,0.5008591065292096,-1.4583333333333333,0.9914821124361158,1174.0,0.49872122762148335,0.002137878907726265,-2.077472293265132
persist_5m,55,30,ALL,557,0.4919210053859964,-0.20870736086175942,0.4744463373083475,1174.0,0.49872122762148335,-0.00680022223548693,-0.8278463207935582
flip_5m,55,30,ALL,574,0.48257839721254353,-2.4986933797909407,0.4889267461669506,1174.0,0.49872122762148335,-0.016142830408939823,-3.1178323397227397
HIGH_ALONE_FOLLOW,60,10,IS,822,0.4586374695863747,0.11709245742092457,0.9963636363636363,,,,
HIGH_ALONE_LONG,60,10,IS,825,0.4909090909090909,-0.6972727272727273,1.0,,,,
align_1_5,60,10,IS,522,0.4559386973180077,-0.11733716475095786,0.6327272727272727,825.0,0.4586374695863747,-0.0026987722683670112,-0.23442962217188243
align_1_5_15,60,10,IS,370,0.44324324324324327,-0.13851351351351351,0.4484848484848485,825.0,0.4586374695863747,-0.015394226343131423,-0.2556059709344381
align_5_15,60,10,IS,544,0.43014705882352944,-0.13143382352941177,0.6593939393939394,825.0,0.4586374695863747,-0.028490410762845253,-0.24852628095033635
accel_with_med,60,10,IS,412,0.42475728155339804,-0.6699029126213593,0.4993939393939394,825.0,0.4586374695863747,-0.033880188032976655,-0.7869953700422838
rev_short_vs_med,60,10,IS,309,0.4563106796116505,0.127831715210356,0.37454545454545457,825.0,0.4586374695863747,-0.002326789974724186,0.010739257789431425
disagree_follow_short,60,10,IS,309,0.5307443365695793,-0.127831715210356,0.37454545454545457,825.0,0.4586374695863747,0.07210686698320462,-0.24492417263128058
follow_5,60,10,IS,804,0.4465174129353234,-0.1402363184079602,0.9745454545454545,825.0,0.4586374695863747,-0.012120056651051314,-0.25732877582888475
follow_15,60,10,IS,813,0.44157441574415746,-0.06519065190651907,0.9854545454545455,825.0,0.4586374695863747,-0.017063053842217235,-0.18228310932744363
persist_5m,60,10,IS,397,0.4357682619647355,0.17002518891687657,0.4812121212121212,825.0,0.4586374695863747,-0.022869207621639187,0.052932731495952
flip_5m,60,10,IS,387,0.46770025839793283,-0.4018087855297158,0.4690909090909091,825.0,0.4586374695863747,0.009062788811558142,-0.5189012429506403
HIGH_ALONE_FOLLOW,60,15,IS,822,0.4586374695863747,0.07025547445255474,0.9963636363636363,,,,
HIGH_ALONE_LONG,60,15,IS,825,0.48363636363636364,-0.8360606060606061,1.0,,,,
align_1_5,60,15,IS,522,0.4425287356321839,-0.09722222222222222,0.6327272727272727,825.0,0.4586374695863747,-0.016108733954190768,-0.16747769667477697
align_1_5_15,60,15,IS,370,0.4486486486486487,0.35,0.4484848484848485,825.0,0.4586374695863747,-0.009988820937726017,0.2797445255474452
align_5_15,60,15,IS,544,0.44485294117647056,0.15900735294117646,0.6593939393939394,825.0,0.4586374695863747,-0.013784528409904129,0.08875187848862172
accel_with_med,60,15,IS,412,0.46359223300970875,-0.02487864077669903,0.4993939393939394,825.0,0.4586374695863747,0.004954763423334063,-0.09513411522925377
rev_short_vs_med,60,15,IS,309,0.49514563106796117,0.6610032362459547,0.37454545454545457,825.0,0.4586374695863747,0.036508161481586476,0.5907477617933999
disagree_follow_short,60,15,IS,309,0.47572815533980584,-0.6610032362459547,0.37454545454545457,825.0,0.4586374695863747,0.017090685753431145,-0.7312587106985095
follow_5,60,15,IS,804,0.4427860696517413,-0.30006218905472637,0.9745454545454545,825.0,0.4586374695863747,-0.015851399934633414,-0.3703176635072811
follow_15,60,15,IS,813,0.4735547355473555,0.491389913899139,0.9854545454545455,825.0,0.4586374695863747,0.014917265960980808,0.42113443944658424
persist_5m,60,15,IS,397,0.43073047858942065,0.09760705289672544,0.4812121212121212,825.0,0.4586374695863747,-0.02790699099695404,0.0273515784441707
flip_5m,60,15,IS,387,0.45478036175710596,-0.6821705426356589,0.4690909090909091,825.0,0.4586374695863747,-0.0038571078292687355,-0.7524260170882137
HIGH_ALONE_FOLLOW,60,30,IS,822,0.4793187347931874,-0.3871654501216545,0.9963636363636363,,,,
HIGH_ALONE_LONG,60,30,IS,825,0.526060606060606,-0.12575757575757576,1.0,,,,
align_1_5,60,30,IS,522,0.48659003831417624,-0.01532567049808429,0.6327272727272727,825.0,0.4793187347931874,0.00727130352098887,0.3718397796235702
align_1_5_15,60,30,IS,370,0.4837837837837838,0.5621621621621622,0.4484848484848485,825.0,0.4793187347931874,0.00446504899059641,0.9493276122838167
align_5_15,60,30,IS,544,0.4724264705882353,0.46599264705882354,0.6593939393939394,825.0,0.4793187347931874,-0.006892264204952092,0.853158097180478
accel_with_med,60,30,IS,412,0.49514563106796117,0.4387135922330097,0.4993939393939394,825.0,0.4793187347931874,0.015826896274773794,0.8258790423546643
rev_short_vs_med,60,30,IS,309,0.48220064724919093,1.034789644012945,0.37454545454545457,825.0,0.4793187347931874,0.0028819124560035547,1.4219550941345993
disagree_follow_short,60,30,IS,309,0.5048543689320388,-1.034789644012945,0.37454545454545457,825.0,0.4793187347931874,0.02553563413885146,-0.6476241938912904
follow_5,60,30,IS,804,0.47139303482587064,-0.2879353233830846,0.9745454545454545,825.0,0.4793187347931874,-0.007925699967316735,0.0992301267385699
follow_15,60,30,IS,813,0.4907749077490775,0.9123616236162362,0.9854545454545455,825.0,0.4793187347931874,0.011456172955890132,1.2995270737378908
persist_5m,60,30,IS,397,0.4609571788413098,-0.036523929471032744,0.4812121212121212,825.0,0.4793187347931874,-0.01836155595187755,0.35064152065062176
flip_5m,60,30,IS,387,0.48320413436692505,-0.4935400516795866,0.4690909090909091,825.0,0.4793187347931874,0.00388539957373768,-0.1063746015579321
HIGH_ALONE_FOLLOW,60,10,Validation,228,0.543859649122807,3.5559210526315788,1.0,,,,
HIGH_ALONE_LONG,60,10,Validation,228,0.5131578947368421,-1.9616228070175439,1.0,,,,
align_1_5,60,10,Validation,153,0.5032679738562091,-0.3954248366013072,0.6710526315789473,228.0,0.543859649122807,-0.040591675266597904,-3.951345889232886
align_1_5_15,60,10,Validation,118,0.5169491525423728,1.5805084745762712,0.5175438596491229,228.0,0.543859649122807,-0.026910496580434207,-1.9754125780553076
align_5_15,60,10,Validation,167,0.5029940119760479,0.7799401197604791,0.7324561403508771,228.0,0.543859649122807,-0.04086563714675917,-2.7759809328710996
accel_with_med,60,10,Validation,122,0.4918032786885246,-0.9918032786885246,0.5350877192982456,228.0,0.543859649122807,-0.05205637043428246,-4.5477243313201035
rev_short_vs_med,60,10,Validation,80,0.5125,3.2375,0.3508771929824561,228.0,0.543859649122807,-0.03135964912280709,-0.31842105263157894
disagree_follow_short,60,10,Validation,80,0.4875,-3.2375,0.3508771929824561,228.0,0.543859649122807,-0.056359649122807054,-6.793421052631579
follow_5,60,10,Validation,227,0.4977973568281938,0.1949339207048458,0.9956140350877193,228.0,0.543859649122807,-0.04606229229461323,-3.360987131926733
follow_15,60,10,Validation,226,0.5088495575221239,1.1648230088495575,0.9912280701754386,228.0,0.543859649122807,-0.035010091600683135,-2.391098043782021
persist_5m,60,10,Validation,107,0.5327102803738317,0.16822429906542055,0.4692982456140351,228.0,0.543859649122807,-0.011149368748975319,-3.3876967535661584
flip_5m,60,10,Validation,119,0.47058823529411764,0.27941176470588236,0.5219298245614035,228.0,0.543859649122807,-0.0732714138286894,-3.2765092879256965
HIGH_ALONE_FOLLOW,60,15,Validation,228,0.4956140350877193,1.3453947368421053,1.0,,,,
HIGH_ALONE_LONG,60,15,Validation,228,0.5087719298245614,-1.025219298245614,1.0,,,,
align_1_5,60,15,Validation,153,0.48366013071895425,-1.727124183006536,0.6710526315789473,228.0,0.4956140350877193,-0.011953904368765034,-3.0725189198486413
align_1_5_15,60,15,Validation,118,0.4661016949152542,-0.9978813559322034,0.5175438596491229,228.0,0.4956140350877193,-0.029512340172465068,-2.3432760927743086
align_5_15,60,15,Validation,167,0.46107784431137727,-0.6152694610778443,0.7324561403508771,228.0,0.4956140350877193,-0.03453619077634201,-1.9606641979199497
accel_with_med,60,15,Validation,122,0.45901639344262296,-3.651639344262295,0.5350877192982456,228.0,0.4956140350877193,-0.036597641645096324,-4.997034081104401
rev_short_vs_med,60,15,Validation,80,0.475,2.825,0.3508771929824561,228.0,0.4956140350877193,-0.020614035087719307,1.4796052631578949
disagree_follow_short,60,15,Validation,80,0.525,-2.825,0.3508771929824561,228.0,0.4956140350877193,0.029385964912280738,-4.1703947368421055
follow_5,60,15,Validation,227,0.47577092511013214,-0.0473568281938326,0.9956140350877193,228.0,0.4956140350877193,-0.019843109977587148,-1.3927515650359379
follow_15,60,15,Validation,226,0.4690265486725664,-0.7699115044247787,0.9912280701754386,228.0,0.4956140350877193,-0.026587486415152906,-2.115306241266884
persist_5m,60,15,Validation,107,0.4392523364485981,-1.469626168224299,0.4692982456140351,228.0,0.4956140350877193,-0.05636169863912116,-2.8150209050664046
flip_5m,60,15,Validation,119,0.5126050420168067,1.3046218487394958,0.5219298245614035,228.0,0.4956140350877193,0.016991006929087393,-0.040772888102609484
HIGH_ALONE_FOLLOW,60,30,Validation,228,0.5570175438596491,0.9331140350877193,1.0,,,,
HIGH_ALONE_LONG,60,30,Validation,228,0.4868421052631579,-0.8541666666666666,1.0,,,,
align_1_5,60,30,Validation,153,0.477124183006536,-7.852941176470588,0.6710526315789473,228.0,0.5570175438596491,-0.0798933608531131,-8.786055211558308
align_1_5_15,60,30,Validation,118,0.4661016949152542,-9.455508474576272,0.5175438596491229,228.0,0.5570175438596491,-0.09091584894439486,-10.38862250966399
align_5_15,60,30,Validation,167,0.46706586826347307,-7.660179640718563,0.7324561403508771,228.0,0.5570175438596491,-0.089951675596176,-8.593293675806283
accel_with_med,60,30,Validation,122,0.47540983606557374,-6.694672131147541,0.5350877192982456,228.0,0.5570175438596491,-0.08160770779407533,-7.62778616623526
rev_short_vs_med,60,30,Validation,80,0.4625,-0.14375,0.3508771929824561,228.0,0.5570175438596491,-0.09451754385964906,-1.0768640350877192
disagree_follow_short,60,30,Validation,80,0.5125,0.14375,0.3508771929824561,228.0,0.5570175438596491,-0.04451754385964912,-0.7893640350877194
follow_5,60,30,Validation,227,0.47577092511013214,-5.506607929515418,0.9956140350877193,228.0,0.5570175438596491,-0.08124661874951694,-6.439721964603137
follow_15,60,30,Validation,226,0.47345132743362833,-5.636061946902655,0.9912280701754386,228.0,0.5570175438596491,-0.08356621642602075,-6.569175981990374
persist_5m,60,30,Validation,107,0.5046728971962616,-4.658878504672897,0.4692982456140351,228.0,0.5570175438596491,-0.05234464666338745,-5.591992539760616
flip_5m,60,30,Validation,119,0.453781512605042,-5.968487394957983,0.5219298245614035,228.0,0.5570175438596491,-0.10323603125460706,-6.9016014300457025
HIGH_ALONE_FOLLOW,60,10,OOS,131,0.5038167938931297,0.4541984732824427,1.0,,,,
HIGH_ALONE_LONG,60,10,OOS,131,0.5267175572519084,0.0916030534351145,1.0,,,,
align_1_5,60,10,OOS,86,0.4883720930232558,2.502906976744186,0.6564885496183206,131.0,0.5038167938931297,-0.015444700869873929,2.048708503461743
align_1_5_15,60,10,OOS,60,0.4166666666666667,-5.295833333333333,0.4580152671755725,131.0,0.5038167938931297,-0.08715012722646304,-5.750031806615776
align_5_15,60,10,OOS,93,0.45161290322580644,-3.954301075268817,0.7099236641221374,131.0,0.5038167938931297,-0.05220389066732328,-4.4084995485512595
accel_with_med,60,10,OOS,54,0.4074074074074074,-7.662037037037037,0.4122137404580153,131.0,0.5038167938931297,-0.09640938648572234,-8.11623551031948
rev_short_vs_med,60,10,OOS,59,0.4406779661016949,-9.88135593220339,0.45038167938931295,131.0,0.5038167938931297,-0.06313882779143482,-10.335554405485832
disagree_follow_short,60,10,OOS,59,0.559322033898305,9.88135593220339,0.45038167938931295,131.0,0.5038167938931297,0.055505240005175316,9.427157458920947
follow_5,60,10,OOS,131,0.4961832061068702,0.5648854961832062,1.0,131.0,0.5038167938931297,-0.007633587786259499,0.11068702290076343
follow_15,60,10,OOS,131,0.4351145038167939,-6.179389312977099,1.0,131.0,0.5038167938931297,-0.06870229007633583,-6.633587786259541
persist_5m,60,10,OOS,64,0.46875,-1.66015625,0.48854961832061067,131.0,0.5038167938931297,-0.03506679389312972,-2.114354723282443
flip_5m,60,10,OOS,67,0.5223880597014925,2.6902985074626864,0.5114503816793893,131.0,0.5038167938931297,0.01857126580836277,2.2361000341802435
HIGH_ALONE_FOLLOW,60,15,OOS,131,0.549618320610687,7.3320610687022905,1.0,,,,
HIGH_ALONE_LONG,60,15,OOS,131,0.40458015267175573,-5.515267175572519,1.0,,,,
align_1_5,60,15,OOS,86,0.5116279069767442,4.215116279069767,0.6564885496183206,131.0,0.549618320610687,-0.03799041363394284,-3.116944789632523
align_1_5_15,60,15,OOS,60,0.48333333333333334,0.49583333333333335,0.4580152671755725,131.0,0.549618320610687,-0.06628498727735371,-6.836227735368957
align_5_15,60,15,OOS,93,0.46236559139784944,-1.7795698924731183,0.7099236641221374,131.0,0.549618320610687,-0.08725272921283761,-9.11163096117541
accel_with_med,60,15,OOS,54,0.46296296296296297,-0.5740740740740741,0.4122137404580153,131.0,0.549618320610687,-0.08665535764772409,-7.906135142776365
rev_short_vs_med,60,15,OOS,59,0.423728813559322,-8.94915254237288,0.45038167938931295,131.0,0.549618320610687,-0.12588950705136503,-16.28121361107517
disagree_follow_short,60,15,OOS,59,0.576271186440678,8.94915254237288,0.45038167938931295,131.0,0.549618320610687,0.026652865829990935,1.6170914736705901
follow_5,60,15,OOS,131,0.48091603053435117,-0.16412213740458015,1.0,131.0,0.549618320610687,-0.06870229007633588,-7.4961832061068705
follow_15,60,15,OOS,131,0.46564885496183206,-2.3625954198473282,1.0,131.0,0.549618320610687,-0.08396946564885499,-9.694656488549619
persist_5m,60,15,OOS,64,0.453125,-3.453125,0.48854961832061067,131.0,0.549618320610687,-0.09649332061068705,-10.785186068702291
flip_5m,60,15,OOS,67,0.5074626865671642,2.9776119402985075,0.5114503816793893,131.0,0.549618320610687,-0.04215563404352285,-4.3544491284037825
HIGH_ALONE_FOLLOW,60,30,OOS,131,0.4961832061068702,5.146946564885496,1.0,,,,
HIGH_ALONE_LONG,60,30,OOS,131,0.4732824427480916,-4.627862595419847,1.0,,,,
align_1_5,60,30,OOS,86,0.47674418604651164,0.9011627906976745,0.6564885496183206,131.0,0.4961832061068702,-0.01943902006035858,-4.245783774187822
align_1_5_15,60,30,OOS,60,0.45,-1.6916666666666667,0.4580152671755725,131.0,0.4961832061068702,-0.04618320610687021,-6.838613231552163
align_5_15,60,30,OOS,93,0.45161290322580644,-1.6559139784946237,0.7099236641221374,131.0,0.4961832061068702,-0.044570302881063784,-6.80286054338012
accel_with_med,60,30,OOS,54,0.46296296296296297,1.8888888888888888,0.4122137404580153,131.0,0.4961832061068702,-0.03322024314390726,-3.2580576759966076
rev_short_vs_med,60,30,OOS,59,0.4576271186440678,-3.9237288135593222,0.45038167938931295,131.0,0.4961832061068702,-0.038556087462802424,-9.070675378444818
disagree_follow_short,60,30,OOS,59,0.5423728813559322,3.9237288135593222,0.45038167938931295,131.0,0.4961832061068702,0.04618967524906198,-1.2232177513261742
follow_5,60,30,OOS,131,0.4732824427480916,-1.2805343511450382,1.0,131.0,0.4961832061068702,-0.02290076335877861,-6.427480916030534
follow_15,60,30,OOS,131,0.4580152671755725,-1.0706106870229009,1.0,131.0,0.4961832061068702,-0.03816793893129772,-6.2175572519083975
persist_5m,60,30,OOS,64,0.484375,-3.26171875,0.48854961832061067,131.0,0.4961832061068702,-0.011808206106870223,-8.408665314885496
flip_5m,60,30,OOS,67,0.4626865671641791,0.6119402985074627,0.5114503816793893,131.0,0.4961832061068702,-0.033496638942691115,-4.5350062663780335
HIGH_ALONE_FOLLOW,60,10,ALL,1181,0.48010160880609654,0.8183742591024555,0.9974662162162162,,,,
HIGH_ALONE_LONG,60,10,ALL,1184,0.49915540540540543,-0.8534628378378378,1.0,,,,
align_1_5,60,10,ALL,761,0.469119579500657,0.1228646517739816,0.6427364864864865,1184.0,0.48010160880609654,-0.010982029305439511,-0.6955096073284739
align_1_5_15,60,10,ALL,548,0.4562043795620438,-0.333029197080292,0.46283783783783783,1184.0,0.48010160880609654,-0.023897229244052742,-1.1514034561827475
align_5_15,60,10,ALL,804,0.44776119402985076,-0.3843283582089552,0.6790540540540541,1184.0,0.48010160880609654,-0.032340414776245774,-1.2027026173114108
accel_with_med,60,10,ALL,588,0.4370748299319728,-1.378826530612245,0.4966216216216216,1184.0,0.48010160880609654,-0.04302677887412376,-2.1972007897147003
rev_short_vs_med,60,10,ALL,448,0.4642857142857143,-0.6350446428571429,0.3783783783783784,1184.0,0.48010160880609654,-0.015815894520382234,-1.4534189019595984
disagree_follow_short,60,10,ALL,448,0.5267857142857143,0.6350446428571429,0.3783783783783784,1184.0,0.48010160880609654,0.046684105479617766,-0.18332961624531263
follow_5,60,10,ALL,1162,0.4621342512908778,0.004733218588640275,0.981418918918919,1184.0,0.48010160880609654,-0.017967357515218718,-0.8136410405138153
follow_15,60,10,ALL,1170,0.45384615384615384,-0.5121794871794871,0.9881756756756757,1184.0,0.48010160880609654,-0.026255454959942692,-1.3305537462819426
persist_5m,60,10,ALL,568,0.45774647887323944,-0.03653169014084507,0.4797297297297297,1184.0,0.48010160880609654,-0.0223551299328571,-0.8549059492433007
flip_5m,60,10,ALL,573,0.47469458987783597,0.1012216404886562,0.4839527027027027,1184.0,0.48010160880609654,-0.005407018928260565,-0.7171526186137993
HIGH_ALONE_FOLLOW,60,15,ALL,1181,0.4758679085520745,1.121930567315834,0.9974662162162162,,,,
HIGH_ALONE_LONG,60,15,ALL,1184,0.4797297297297297,-1.3902027027027026,1.0,,,,
align_1_5,60,15,ALL,761,0.45860709592641263,0.06241787122207622,0.6427364864864865,1184.0,0.4758679085520745,-0.01726081262566187,-1.0595126960937578
align_1_5_15,60,15,ALL,548,0.4562043795620438,0.07572992700729927,0.46283783783783783,1184.0,0.4758679085520745,-0.01966352899003071,-1.0462006403085347
align_5_15,60,15,ALL,804,0.4502487562189055,-0.22605721393034825,0.6790540540540541,1184.0,0.4758679085520745,-0.025619152333169026,-1.3479877812461822
accel_with_med,60,15,ALL,588,0.46258503401360546,-0.8278061224489796,0.4966216216216216,1184.0,0.4758679085520745,-0.013282874538469047,-1.9497366897648134
rev_short_vs_med,60,15,ALL,448,0.48214285714285715,-0.21819196428571427,0.3783783783783784,1184.0,0.4758679085520745,0.0062749485907826474,-1.3401225316015482
disagree_follow_short,60,15,ALL,448,0.49776785714285715,0.21819196428571427,0.3783783783783784,1184.0,0.4758679085520745,0.021899948590782647,-0.9037386030301197
follow_5,60,15,ALL,1162,0.4535283993115318,-0.23537005163511188,0.981418918918919,1184.0,0.4758679085520745,-0.022339509240542677,-1.3573006189509458
follow_15,60,15,ALL,1170,0.4717948717948718,-0.07179487179487179,0.9881756756756757,1184.0,0.4758679085520745,-0.004073036757202719,-1.1937254391107057
persist_5m,60,15,ALL,568,0.43485915492957744,-0.5977112676056338,0.4797297297297297,1184.0,0.4758679085520745,-0.04100875362249706,-1.7196418349214677
flip_5m,60,15,ALL,573,0.47294938917975565,0.15837696335078533,0.4839527027027027,1184.0,0.4758679085520745,-0.0029185193723188507,-0.9635536039650486
HIGH_ALONE_FOLLOW,60,30,ALL,1181,0.4961896697713802,0.48158340389500426,0.9974662162162162,,,,
HIGH_ALONE_LONG,60,30,ALL,1184,0.512668918918919,-0.7641469594594594,1.0,,,,
align_1_5,60,30,ALL,761,0.4835742444152431,-1.4875164257555848,0.6427364864864865,1184.0,0.4961896697713802,-0.012615425356137078,-1.969099829650589
align_1_5_15,60,30,ALL,548,0.4762773722627737,-1.8416970802919708,0.46283783783783783,1184.0,0.4961896697713802,-0.019912297508606458,-2.323280484186975
align_5_15,60,30,ALL,804,0.4689054726368159,-1.4673507462686568,0.6790540540540541,1184.0,0.4961896697713802,-0.02728419713456426,-1.948934150163661
accel_with_med,60,30,ALL,588,0.4880952380952381,-0.9081632653061225,0.4966216216216216,1184.0,0.4961896697713802,-0.0080944316761421,-1.3897466692011267
rev_short_vs_med,60,30,ALL,448,0.47544642857142855,0.17131696428571427,0.3783783783783784,1184.0,0.4961896697713802,-0.020743241199951634,-0.31026643960929
disagree_follow_short,60,30,ALL,448,0.5111607142857143,-0.17131696428571427,0.3783783783783784,1184.0,0.4961896697713802,0.01497104451433412,-0.6529003681807185
follow_5,60,30,ALL,1162,0.4724612736660929,-1.4193201376936317,0.981418918918919,1184.0,0.4961896697713802,-0.023728396105287264,-1.900903541588636
follow_15,60,30,ALL,1170,0.48376068376068376,-0.5745726495726495,0.9881756756756757,1184.0,0.4961896697713802,-0.012428986010696419,-1.0561560534676537
persist_5m,60,30,ALL,568,0.47183098591549294,-1.2706866197183098,0.4797297297297297,1184.0,0.4961896697713802,-0.024358683855887242,-1.752270023613314
flip_5m,60,30,ALL,573,0.47469458987783597,-1.5013089005235603,0.4839527027027027,1184.0,0.4961896697713802,-0.02149507989354421,-1.9828923044185645
HIGH_ALONE_FOLLOW,65,10,IS,818,0.5061124694376528,0.6512836185819071,0.9975609756097561,,,,
HIGH_ALONE_LONG,65,10,IS,820,0.4902439024390244,-0.3545731707317073,1.0,,,,
align_1_5,65,10,IS,473,0.5031712473572939,0.47832980972515854,0.5768292682926829,820.0,0.5061124694376528,-0.002941222080358852,-0.17295380885674855
align_1_5_15,65,10,IS,337,0.49554896142433236,0.7737388724035609,0.41097560975609754,820.0,0.5061124694376528,-0.0105635080133204,0.12245525382165379
align_5_15,65,10,IS,540,0.5037037037037037,0.6074074074074074,0.6585365853658537,820.0,0.5061124694376528,-0.002408765733949103,-0.04387621117449969
accel_with_med,65,10,IS,349,0.498567335243553,0.7385386819484241,0.42560975609756097,820.0,0.5061124694376528,-0.007545134194099745,0.087255063366517
rev_short_vs_med,65,10,IS,316,0.509493670886076,0.4319620253164557,0.3853658536585366,820.0,0.5061124694376528,0.0033812014484232433,-0.21932159326545136
disagree_follow_short,65,10,IS,316,0.4778481012658228,-0.4319620253164557,0.3853658536585366,820.0,0.5061124694376528,-0.02826436817182998,-1.0832456438983629
follow_5,65,10,IS,796,0.5050251256281407,0.43655778894472363,0.9707317073170731,820.0,0.5061124694376528,-0.0010873438095120314,-0.21472582963718345
follow_15,65,10,IS,808,0.5,0.44863861386138615,0.9853658536585366,820.0,0.5061124694376528,-0.006112469437652757,-0.20264500472052094
persist_5m,65,10,IS,384,0.484375,0.15625,0.4682926829268293,820.0,0.5061124694376528,-0.021737469437652757,-0.4950336185819071
flip_5m,65,10,IS,392,0.5280612244897959,0.8080357142857143,0.47804878048780486,820.0,0.5061124694376528,0.02194875505214311,0.15675209570380721
HIGH_ALONE_FOLLOW,65,15,IS,818,0.5036674816625917,0.5378973105134475,0.9975609756097561,,,,
HIGH_ALONE_LONG,65,15,IS,820,0.5109756097560976,0.2774390243902439,1.0,,,,
align_1_5,65,15,IS,473,0.5264270613107822,0.4963002114164905,0.5768292682926829,820.0,0.5036674816625917,0.02275957964819053,-0.04159709909695697
align_1_5_15,65,15,IS,337,0.5222551928783383,0.8946587537091988,0.41097560975609754,820.0,0.5036674816625917,0.01858771121574665,0.3567614431957513
align_5_15,65,15,IS,540,0.5203703703703704,0.8375,0.6585365853658537,820.0,0.5036674816625917,0.016702888707778696,0.29960268948655255
accel_with_med,65,15,IS,349,0.5214899713467048,0.9240687679083095,0.42560975609756097,820.0,0.5036674816625917,0.017822489684113152,0.386171457394862
rev_short_vs_med,65,15,IS,316,0.509493670886076,0.8457278481012658,0.3853658536585366,820.0,0.5036674816625917,0.005826189223484324,0.3078305375878183
disagree_follow_short,65,15,IS,316,0.4778481012658228,-0.8457278481012658,0.3853658536585366,820.0,0.5036674816625917,-0.0258193803967689,-1.3836251586147132
follow_5,65,15,IS,796,0.5188442211055276,0.6529522613065326,0.9707317073170731,820.0,0.5036674816625917,0.01517673944293596,0.11505495079308514
follow_15,65,15,IS,808,0.5136138613861386,0.5603341584158416,0.9853658536585366,820.0,0.5036674816625917,0.00994637972354695,0.022436847902394086
persist_5m,65,15,IS,384,0.5026041666666666,0.3990885416666667,0.4682926829268293,820.0,0.5036674816625917,-0.0010633149959250465,-0.13880876884678078
flip_5m,65,15,IS,392,0.5357142857142857,0.9661989795918368,0.47804878048780486,820.0,0.5036674816625917,0.03204680405169402,0.4283016690783893
HIGH_ALONE_FOLLOW,65,30,IS,818,0.5183374083129584,0.6436430317848411,0.9975609756097561,,,,
HIGH_ALONE_LONG,65,30,IS,820,0.525609756097561,-0.29634146341463413,1.0,,,,
align_1_5,65,30,IS,473,0.5412262156448203,1.8213530655391121,0.5768292682926829,820.0,0.5183374083129584,0.022888807331861938,1.1777100337542712
align_1_5_15,65,30,IS,337,0.5578635014836796,2.3820474777448073,0.41097560975609754,820.0,0.5183374083129584,0.0395260931707212,1.7384044459599663
align_5_15,65,30,IS,540,0.5277777777777778,1.4833333333333334,0.6585365853658537,820.0,0.5183374083129584,0.00944036946481941,0.8396903015484923
accel_with_med,65,30,IS,349,0.5873925501432665,3.2478510028653296,0.42560975609756097,820.0,0.5183374083129584,0.06905514183030814,2.6042079710804886
rev_short_vs_med,65,30,IS,316,0.49050632911392406,0.0490506329113924,0.3853658536585366,820.0,0.5183374083129584,-0.027831079199034325,-0.5945923988734486
disagree_follow_short,65,30,IS,316,0.49683544303797467,-0.0490506329113924,0.3853658536585366,820.0,0.5183374083129584,-0.021501965274983714,-0.6926936646962335
follow_5,65,30,IS,796,0.5150753768844221,1.1940954773869348,0.9707317073170731,820.0,0.5183374083129584,-0.003262031428536316,0.5504524456020937
follow_15,65,30,IS,808,0.5235148514851485,0.9591584158415841,0.9853658536585366,820.0,0.5183374083129584,0.005177443172190155,0.31551538405674306
persist_5m,65,30,IS,384,0.5208333333333334,1.1751302083333333,0.4682926829268293,820.0,0.5183374083129584,0.0024959250203749894,0.5314871765484922
flip_5m,65,30,IS,392,0.5076530612244898,1.2104591836734695,0.47804878048780486,820.0,0.5183374083129584,-0.010684347088468549,0.5668161518886284
HIGH_ALONE_FOLLOW,65,10,Validation,239,0.4686192468619247,-1.2217573221757323,1.0,,,,
HIGH_ALONE_LONG,65,10,Validation,239,0.5230125523012552,0.6652719665271967,1.0,,,,
align_1_5,65,10,Validation,141,0.5035460992907801,0.7677304964539007,0.5899581589958159,239.0,0.4686192468619247,0.034926852428855404,1.989487818629633
align_1_5_15,65,10,Validation,99,0.5050505050505051,0.6035353535353535,0.41422594142259417,239.0,0.4686192468619247,0.036431258188580395,1.8252926757110859
align_5_15,65,10,Validation,160,0.5125,-0.246875,0.6694560669456067,239.0,0.4686192468619247,0.04388075313807527,0.9748823221757323
accel_with_med,65,10,Validation,100,0.45,-2.555,0.41841004184100417,239.0,0.4686192468619247,-0.018619246861924676,-1.3332426778242679
rev_short_vs_med,65,10,Validation,100,0.51,-1.1375,0.41841004184100417,239.0,0.4686192468619247,0.04138075313807532,0.08425732217573234
disagree_follow_short,65,10,Validation,100,0.48,1.1375,0.41841004184100417,239.0,0.4686192468619247,0.011380753138075295,2.3592573221757323
follow_5,65,10,Validation,238,0.5294117647058824,0.5850840336134454,0.99581589958159,239.0,0.4686192468619247,0.06079251784395767,1.8068413557891776
follow_15,65,10,Validation,236,0.4872881355932203,-0.7574152542372882,0.9874476987447699,239.0,0.4686192468619247,0.01866888873129563,0.4643420679384441
persist_5m,65,10,Validation,131,0.5419847328244275,1.515267175572519,0.5481171548117155,239.0,0.4686192468619247,0.07336548596250281,2.7370244977482514
flip_5m,65,10,Validation,106,0.5094339622641509,-0.8349056603773585,0.4435146443514644,239.0,0.4686192468619247,0.040814715402226254,0.3868516617983738
HIGH_ALONE_FOLLOW,65,15,Validation,239,0.48535564853556484,-1.786610878661088,1.0,,,,
HIGH_ALONE_LONG,65,15,Validation,239,0.5313807531380753,1.8661087866108788,1.0,,,,
align_1_5,65,15,Validation,141,0.5460992907801419,4.25,0.5899581589958159,239.0,0.48535564853556484,0.06074364224457701,6.036610878661088
align_1_5_15,65,15,Validation,99,0.5353535353535354,3.6843434343434343,0.41422594142259417,239.0,0.48535564853556484,0.049997886817970516,5.470954313004523
align_5_15,65,15,Validation,160,0.5375,1.759375,0.6694560669456067,239.0,0.48535564853556484,0.052144351464435135,3.545985878661088
accel_with_med,65,15,Validation,100,0.5,0.55,0.41841004184100417,239.0,0.48535564853556484,0.014644351464435157,2.336610878661088
rev_short_vs_med,65,15,Validation,100,0.5,-2.9525,0.41841004184100417,239.0,0.48535564853556484,0.014644351464435157,-1.1658891213389122
disagree_follow_short,65,15,Validation,100,0.5,2.9525,0.41841004184100417,239.0,0.48535564853556484,0.014644351464435157,4.739110878661088
follow_5,65,15,Validation,238,0.5504201680672269,2.8949579831932772,0.99581589958159,239.0,0.48535564853556484,0.06506451953166209,4.681568861854365
follow_15,65,15,Validation,236,0.5042372881355932,-0.3908898305084746,0.9874476987447699,239.0,0.48535564853556484,0.018881639600028366,1.3957210481526134
persist_5m,65,15,Validation,131,0.5419847328244275,2.0438931297709924,0.5481171548117155,239.0,0.48535564853556484,0.05662908428886265,3.8305040084320803
flip_5m,65,15,Validation,106,0.5566037735849056,3.672169811320755,0.4435146443514644,239.0,0.48535564853556484,0.0712481250493408,5.458780689981843
HIGH_ALONE_FOLLOW,65,30,Validation,239,0.5271966527196653,-0.14435146443514643,1.0,,,,
HIGH_ALONE_LONG,65,30,Validation,239,0.5397489539748954,2.9728033472803346,1.0,,,,
align_1_5,65,30,Validation,141,0.5531914893617021,9.28014184397163,0.5899581589958159,239.0,0.5271966527196653,0.025994836642036834,9.424493308406777
align_1_5_15,65,30,Validation,99,0.5454545454545454,8.406565656565656,0.41422594142259417,239.0,0.5271966527196653,0.0182578927348801,8.550917121000802
align_5_15,65,30,Validation,160,0.525,4.90625,0.6694560669456067,239.0,0.5271966527196653,-0.002196652719665293,5.050601464435147
accel_with_med,65,30,Validation,100,0.51,4.655,0.41841004184100417,239.0,0.5271966527196653,-0.017196652719665306,4.799351464435147
rev_short_vs_med,65,30,Validation,100,0.47,-4.3675,0.41841004184100417,239.0,0.5271966527196653,-0.05719665271966534,-4.223148535564853
disagree_follow_short,65,30,Validation,100,0.53,4.3675,0.41841004184100417,239.0,0.5271966527196653,0.0028033472803347115,4.511851464435146
follow_5,65,30,Validation,238,0.5294117647058824,6.04936974789916,0.99581589958159,239.0,0.5271966527196653,0.0022151119862170443,6.193721212334307
follow_15,65,30,Validation,236,0.5084745762711864,1.1440677966101696,0.9874476987447699,239.0,0.5271966527196653,-0.018722076448478897,1.288419261045316
persist_5m,65,30,Validation,131,0.5343511450381679,4.0534351145038165,0.5481171548117155,239.0,0.5271966527196653,0.0071544923185026255,4.197786578938963
flip_5m,65,30,Validation,106,0.5188679245283019,8.337264150943396,0.4435146443514644,239.0,0.5271966527196653,-0.008328728191363433,8.481615615378542
HIGH_ALONE_FOLLOW,65,10,OOS,134,0.5223880597014925,3.1044776119402986,1.0,,,,
HIGH_ALONE_LONG,65,10,OOS,134,0.47761194029850745,-4.111940298507463,1.0,,,,
align_1_5,65,10,OOS,104,0.5096153846153846,-1.3653846153846154,0.7761194029850746,134.0,0.5223880597014925,-0.01277267508610791,-4.469862227324914
align_1_5_15,65,10,OOS,79,0.5189873417721519,-1.0569620253164558,0.5895522388059702,134.0,0.5223880597014925,-0.003400717929340602,-4.161439637256755
align_5_15,65,10,OOS,101,0.504950495049505,-0.9529702970297029,0.753731343283582,134.0,0.5223880597014925,-0.017437564651987536,-4.057447908970001
accel_with_med,65,10,OOS,68,0.5147058823529411,-3.735294117647059,0.5074626865671642,134.0,0.5223880597014925,-0.007682177348551367,-6.8397717295873575
rev_short_vs_med,65,10,OOS,46,0.4782608695652174,2.5434782608695654,0.34328358208955223,134.0,0.5223880597014925,-0.044127190136275085,-0.5609993510707332
disagree_follow_short,65,10,OOS,46,0.5,-2.5434782608695654,0.34328358208955223,134.0,0.5223880597014925,-0.02238805970149249,-5.647955872809864
follow_5,65,10,OOS,134,0.5074626865671642,-0.7611940298507462,1.0,134.0,0.5223880597014925,-0.01492537313432829,-3.865671641791045
follow_15,65,10,OOS,134,0.4925373134328358,-0.6753731343283582,1.0,134.0,0.5223880597014925,-0.02985074626865669,-3.779850746268657
persist_5m,65,10,OOS,76,0.4868421052631579,-4.292763157894737,0.5671641791044776,134.0,0.5223880597014925,-0.03554595443833458,-7.397240769835036
flip_5m,65,10,OOS,58,0.5344827586206896,3.8663793103448274,0.43283582089552236,134.0,0.5223880597014925,0.012094698919197122,0.7619016984045288
HIGH_ALONE_FOLLOW,65,15,OOS,134,0.5149253731343284,4.272388059701493,1.0,,,,
HIGH_ALONE_LONG,65,15,OOS,134,0.43283582089552236,-5.037313432835821,1.0,,,,
align_1_5,65,15,OOS,104,0.5,-0.6033653846153846,0.7761194029850746,134.0,0.5149253731343284,-0.014925373134328401,-4.875753444316878
align_1_5_15,65,15,OOS,79,0.4936708860759494,-0.8860759493670886,0.5895522388059702,134.0,0.5149253731343284,-0.021254487058379012,-5.158464009068582
align_5_15,65,15,OOS,101,0.4752475247524752,-4.037128712871287,0.753731343283582,134.0,0.5149253731343284,-0.039677848381853176,-8.309516772572781
accel_with_med,65,15,OOS,68,0.45588235294117646,-6.025735294117647,0.5074626865671642,134.0,0.5149253731343284,-0.05904302019315194,-10.29812335381914
rev_short_vs_med,65,15,OOS,46,0.45652173913043476,-7.320652173913044,0.34328358208955223,134.0,0.5149253731343284,-0.058403634003893645,-11.593040233614538
disagree_follow_short,65,15,OOS,46,0.5434782608695652,7.320652173913044,0.34328358208955223,134.0,0.5149253731343284,0.028552887735236787,3.048264114211551
follow_5,65,15,OOS,134,0.4925373134328358,-2.955223880597015,1.0,134.0,0.5149253731343284,-0.022388059701492602,-7.227611940298508
follow_15,65,15,OOS,134,0.4701492537313433,-3.1305970149253732,1.0,134.0,0.5149253731343284,-0.04477611940298509,-7.402985074626866
persist_5m,65,15,OOS,76,0.39473684210526316,-7.904605263157895,0.5671641791044776,134.0,0.5149253731343284,-0.12018853102906524,-12.176993322859389
flip_5m,65,15,OOS,58,0.6206896551724138,3.5301724137931036,0.43283582089552236,134.0,0.5149253731343284,0.10576428203808541,-0.7422156459083893
HIGH_ALONE_FOLLOW,65,30,OOS,134,0.5298507462686567,7.6585820895522385,1.0,,,,
HIGH_ALONE_LONG,65,30,OOS,134,0.4626865671641791,-7.05410447761194,1.0,,,,
align_1_5,65,30,OOS,104,0.5769230769230769,-2.014423076923077,0.7761194029850746,134.0,0.5298507462686567,0.04707233065442018,-9.673005166475315
align_1_5_15,65,30,OOS,79,0.5822784810126582,-3.7848101265822787,0.5895522388059702,134.0,0.5298507462686567,0.05242773474400153,-11.443392216134518
align_5_15,65,30,OOS,101,0.5544554455445545,-8.945544554455445,0.753731343283582,134.0,0.5298507462686567,0.024604699275897812,-16.604126644007685
accel_with_med,65,30,OOS,68,0.5588235294117647,-6.930147058823529,0.5074626865671642,134.0,0.5298507462686567,0.028972783143108027,-14.588729148375768
rev_short_vs_med,65,30,OOS,46,0.43478260869565216,-16.777173913043477,0.34328358208955223,134.0,0.5298507462686567,-0.09506813757300453,-24.435756002595717
disagree_follow_short,65,30,OOS,46,0.5652173913043478,16.777173913043477,0.34328358208955223,134.0,0.5298507462686567,0.03536664503569109,9.118591823491238
follow_5,65,30,OOS,134,0.5522388059701493,-6.8638059701492535,1.0,134.0,0.5298507462686567,0.022388059701492602,-14.522388059701491
follow_15,65,30,OOS,134,0.5298507462686567,-6.621268656716418,1.0,134.0,0.5298507462686567,0.0,-14.279850746268657
persist_5m,65,30,OOS,76,0.5526315789473685,-11.677631578947368,0.5671641791044776,134.0,0.5298507462686567,0.022780832678711782,-19.336213668499607
flip_5m,65,30,OOS,58,0.5517241379310345,-0.5560344827586207,0.43283582089552236,134.0,0.5298507462686567,0.021873391662377784,-8.21461657231086
HIGH_ALONE_FOLLOW,65,10,ALL,1191,0.5004198152812762,0.5514273719563392,0.9983235540653814,,,,
HIGH_ALONE_LONG,65,10,ALL,1193,0.4953897736797988,-0.5722967309304275,1.0,,,,
align_1_5,65,10,ALL,718,0.5041782729805014,0.2681058495821727,0.6018440905280805,1193.0,0.5004198152812762,0.003758457699225226,-0.28332152237416647
align_1_5_15,65,10,ALL,515,0.5009708737864078,0.4601941747572815,0.4316848281642917,1193.0,0.5004198152812762,0.0005510585051315964,-0.09123319719905765
align_5_15,65,10,ALL,801,0.5056179775280899,0.24001248439450687,0.6714165968147527,1193.0,0.5004198152812762,0.005198162246813687,-0.31141488756183233
accel_with_med,65,10,ALL,517,0.4912959381044487,-0.48694390715667313,0.4333612740989103,1193.0,0.5004198152812762,-0.0091238771768275,-1.0383712791130124
rev_short_vs_med,65,10,ALL,462,0.5064935064935064,0.3024891774891775,0.38725901089689857,1193.0,0.5004198152812762,0.006073691212230226,-0.2489381944671617
disagree_follow_short,65,10,ALL,462,0.4805194805194805,-0.3024891774891775,0.38725901089689857,1193.0,0.5004198152812762,-0.0199003347617957,-0.8539165494455166
follow_5,65,10,ALL,1168,0.5102739726027398,0.3294092465753425,0.9790444258172674,1193.0,0.5004198152812762,0.009854157321463552,-0.2220181253809967
follow_15,65,10,ALL,1178,0.4966044142614601,0.07915959252971137,0.9874266554903605,1193.0,0.5004198152812762,-0.0038154010198160893,-0.4722677794266278
persist_5m,65,10,ALL,591,0.49746192893401014,-0.11463620981387479,0.4953897736797988,1193.0,0.5004198152812762,-0.00295788634726607,-0.666063581770214
flip_5m,65,10,ALL,556,0.5251798561151079,0.8138489208633094,0.4660519698239732,1193.0,0.5004198152812762,0.024760040833831654,0.2624215489069702
HIGH_ALONE_FOLLOW,65,15,ALL,1191,0.5012594458438288,0.4916036943744752,0.9983235540653814,,,,
HIGH_ALONE_LONG,65,15,ALL,1193,0.5062866722548198,-0.0012573344509639564,1.0,,,,
align_1_5,65,15,ALL,718,0.5264623955431755,1.0741643454038998,0.6018440905280805,1193.0,0.5012594458438288,0.025202949699346777,0.5825606510294246
align_1_5_15,65,15,ALL,515,0.5203883495145631,1.1577669902912622,0.4316848281642917,1193.0,0.5012594458438288,0.019128903670734387,0.6661632959167869
align_5_15,65,15,ALL,801,0.5181023720349563,0.4069912609238452,0.6714165968147527,1193.0,0.5012594458438288,0.016842926191127594,-0.08461243345063002
accel_with_med,65,15,ALL,517,0.5087040618955513,-0.062379110251450674,0.4333612740989103,1193.0,0.5012594458438288,0.00744461605172253,-0.5539828046259259
rev_short_vs_med,65,15,ALL,462,0.5021645021645021,-0.7895021645021645,0.38725901089689857,1193.0,0.5012594458438288,0.0009050563206733919,-1.2811058588766397
disagree_follow_short,65,15,ALL,462,0.48917748917748916,0.7895021645021645,0.38725901089689857,1193.0,0.5012594458438288,-0.0120819566663396,0.2978984701276893
follow_5,65,15,ALL,1168,0.5222602739726028,0.695847602739726,0.9790444258172674,1193.0,0.5012594458438288,0.02100082812877402,0.2042439083652508
follow_15,65,15,ALL,1178,0.5067911714770797,-0.0500848896434635,0.9874266554903605,1193.0,0.5012594458438288,0.0055317256332509945,-0.5416885840179387
persist_5m,65,15,ALL,591,0.49746192893401014,-0.30414551607445006,0.4953897736797988,1193.0,0.5012594458438288,-0.00379751690981861,-0.7957492104489252
flip_5m,65,15,ALL,556,0.5485611510791367,1.7495503597122302,0.4660519698239732,1193.0,0.5012594458438288,0.04730170523530797,1.257946665337755
HIGH_ALONE_FOLLOW,65,30,ALL,1191,0.5214105793450882,1.274769101595298,0.9983235540653814,,,,
HIGH_ALONE_LONG,65,30,ALL,1193,0.5213746856663872,-0.4004610226320201,1.0,,,,
align_1_5,65,30,ALL,718,0.5487465181058496,2.73050139275766,0.6018440905280805,1193.0,0.5214105793450882,0.027335938760761458,1.455732291162362
align_1_5_15,65,30,ALL,515,0.5592233009708738,2.5941747572815532,0.4316848281642917,1193.0,0.5214105793450882,0.03781272162578564,1.3194056556862552
align_5_15,65,30,ALL,801,0.5305867665418227,0.8520599250936329,0.6714165968147527,1193.0,0.5214105793450882,0.00917618719673452,-0.42270917650166506
accel_with_med,65,30,ALL,517,0.5686653771760155,2.1813346228239845,0.4333612740989103,1193.0,0.5214105793450882,0.04725479783092734,0.9065655212286865
rev_short_vs_med,65,30,ALL,462,0.4805194805194805,-2.5822510822510822,0.38725901089689857,1193.0,0.5214105793450882,-0.04089109882560765,-3.8570201838463802
disagree_follow_short,65,30,ALL,462,0.5108225108225108,2.5822510822510822,0.38725901089689857,1193.0,0.5214105793450882,-0.01058806852257732,1.3074819806557842
follow_5,65,30,ALL,1168,0.5222602739726028,1.2589897260273972,0.9790444258172674,1193.0,0.5214105793450882,0.0008496946275146078,-0.015779375567900766
follow_15,65,30,ALL,1178,0.5212224108658744,0.13391341256366723,0.9874266554903605,1193.0,0.5214105793450882,-0.00018816847921376834,-1.1408556890316308
persist_5m,65,30,ALL,591,0.5279187817258884,0.16032148900169205,0.4953897736797988,1193.0,0.5214105793450882,0.006508202380800188,-1.114447612593606
flip_5m,65,30,ALL,556,0.5143884892086331,2.384892086330935,0.4660519698239732,1193.0,0.5214105793450882,-0.00702209013645505,1.110122984735637
HIGH_ALONE_FOLLOW,70,10,IS,819,0.463980463980464,0.03021978021978022,0.997563946406821,,,,
HIGH_ALONE_LONG,70,10,IS,821,0.5249695493300852,0.29506699147381243,1.0,,,,
align_1_5,70,10,IS,465,0.4774193548387097,-0.3510752688172043,0.5663824604141291,821.0,0.463980463980464,0.013438890858245678,-0.3812950490369845
align_1_5_15,70,10,IS,323,0.4674922600619195,-0.8955108359133127,0.3934226552984166,821.0,0.463980463980464,0.0035117960814555205,-0.9257306161330929
align_5_15,70,10,IS,542,0.48523985239852396,-0.09271217712177121,0.6601705237515225,821.0,0.463980463980464,0.021259388418059966,-0.12293195734155143
accel_with_med,70,10,IS,361,0.49584487534626037,-0.12534626038781163,0.4397076735688185,821.0,0.463980463980464,0.031864411365796375,-0.15556604060759185
rev_short_vs_med,70,10,IS,328,0.47865853658536583,0.22103658536585366,0.3995127892813642,821.0,0.463980463980464,0.014678072604901837,0.19081680514607344
disagree_follow_short,70,10,IS,328,0.4847560975609756,-0.22103658536585366,0.3995127892813642,821.0,0.463980463980464,0.0207756335805116,-0.25125636558563386
follow_5,70,10,IS,802,0.4800498753117207,-0.11097256857855362,0.976857490864799,821.0,0.463980463980464,0.016069411331256722,-0.14119234879833384
follow_15,70,10,IS,810,0.48148148148148145,-0.0728395061728395,0.9866017052375152,821.0,0.463980463980464,0.017501017501017457,-0.10305928639261973
persist_5m,70,10,IS,407,0.5085995085995086,0.049754299754299756,0.49573690621193667,821.0,0.463980463980464,0.044619044619044645,0.019534519534519536
flip_5m,70,10,IS,373,0.4477211796246649,-0.35187667560321717,0.4543239951278928,821.0,0.463980463980464,-0.016259284355799097,-0.3820964558229974
HIGH_ALONE_FOLLOW,70,15,IS,819,0.4700854700854701,0.21153846153846154,0.997563946406821,,,,
HIGH_ALONE_LONG,70,15,IS,821,0.5225334957369062,0.07582216808769793,1.0,,,,
align_1_5,70,15,IS,465,0.5204301075268817,-0.1575268817204301,0.5663824604141291,821.0,0.4700854700854701,0.0503446374414116,-0.3690653432588916
align_1_5_15,70,15,IS,323,0.5015479876160991,-0.9891640866873065,0.3934226552984166,821.0,0.4700854700854701,0.03146251753062901,-1.200702548225768
align_5_15,70,15,IS,542,0.4981549815498155,-0.32518450184501846,0.6601705237515225,821.0,0.4700854700854701,0.028069511464345442,-0.53672296338348
accel_with_med,70,15,IS,361,0.5152354570637119,0.13157894736842105,0.4397076735688185,821.0,0.4700854700854701,0.045149986978241796,-0.07995951417004049
rev_short_vs_med,70,15,IS,328,0.47865853658536583,-0.31097560975609756,0.3995127892813642,821.0,0.4700854700854701,0.008573066499895754,-0.5225140712945591
disagree_follow_short,70,15,IS,328,0.5,0.31097560975609756,0.3995127892813642,821.0,0.4700854700854701,0.02991452991452992,0.09943714821763602
follow_5,70,15,IS,802,0.5024937655860349,-0.21228179551122195,0.976857490864799,821.0,0.4700854700854701,0.03240829550056479,-0.4238202570496835
follow_15,70,15,IS,810,0.49135802469135803,-0.25462962962962965,0.9866017052375152,821.0,0.4700854700854701,0.02127255460588795,-0.4661680911680912
persist_5m,70,15,IS,407,0.515970515970516,-0.31633906633906633,0.49573690621193667,821.0,0.4700854700854701,0.04588504588504594,-0.5278775278775278
flip_5m,70,15,IS,373,0.4959785522788204,-0.2084450402144772,0.4543239951278928,821.0,0.4700854700854701,0.025893082193350292,-0.41998350175293875
HIGH_ALONE_FOLLOW,70,30,IS,819,0.4713064713064713,-0.4365079365079365,0.997563946406821,,,,
HIGH_ALONE_LONG,70,30,IS,821,0.5322777101096224,-0.27192448233861144,1.0,,,,
align_1_5,70,30,IS,465,0.5290322580645161,-0.025268817204301075,0.5663824604141291,821.0,0.4713064713064713,0.05772578675804485,0.41123911930363544
align_1_5_15,70,30,IS,323,0.5386996904024768,-0.6586687306501547,0.3934226552984166,821.0,0.4713064713064713,0.06739321909600549,-0.22216079414221823
align_5_15,70,30,IS,542,0.5295202952029521,0.28505535055350556,0.6601705237515225,821.0,0.4713064713064713,0.058213823896480776,0.7215632870614421
accel_with_med,70,30,IS,361,0.5207756232686981,0.28878116343490307,0.4397076735688185,821.0,0.4713064713064713,0.04946915196222679,0.7252890999428396
rev_short_vs_med,70,30,IS,328,0.5091463414634146,0.07698170731707317,0.3995127892813642,821.0,0.4713064713064713,0.037839870156943345,0.5134896438250097
disagree_follow_short,70,30,IS,328,0.4817073170731707,-0.07698170731707317,0.3995127892813642,821.0,0.4713064713064713,0.010400845766699418,0.35952622919086336
follow_5,70,30,IS,802,0.513715710723192,0.16801745635910226,0.976857490864799,821.0,0.4713064713064713,0.0424092394167207,0.6045253928670388
follow_15,70,30,IS,810,0.519753086419753,0.19290123456790123,0.9866017052375152,821.0,0.4713064713064713,0.048446615113281744,0.6294091710758377
persist_5m,70,30,IS,407,0.538083538083538,0.9926289926289926,0.49573690621193667,821.0,0.4713064713064713,0.06677706677706674,1.4291369291369291
flip_5m,70,30,IS,373,0.4932975871313673,-0.6849865951742627,0.4543239951278928,821.0,0.4713064713064713,0.02199111582489599,-0.24847865866632624
HIGH_ALONE_FOLLOW,70,10,Validation,237,0.4936708860759494,-1.0411392405063291,0.9957983193277311,,,,
HIGH_ALONE_LONG,70,10,Validation,238,0.5,1.6197478991596639,1.0,,,,
align_1_5,70,10,Validation,152,0.5328947368421053,-0.06085526315789474,0.6386554621848739,238.0,0.4936708860759494,0.03922385076615592,0.9802839773484344
align_1_5_15,70,10,Validation,98,0.5408163265306123,1.058673469387755,0.4117647058823529,238.0,0.4936708860759494,0.0471454404546629,2.099812709894084
align_5_15,70,10,Validation,152,0.5197368421052632,0.4473684210526316,0.6386554621848739,238.0,0.4936708860759494,0.026065956029313775,1.4885076615589607
accel_with_med,70,10,Validation,99,0.5151515151515151,1.3888888888888888,0.41596638655462187,238.0,0.4936708860759494,0.02148062907556575,2.430028129395218
rev_short_vs_med,70,10,Validation,107,0.48598130841121495,0.9042056074766355,0.4495798319327731,238.0,0.4936708860759494,-0.007689577664734437,1.9453448479829647
disagree_follow_short,70,10,Validation,107,0.514018691588785,-0.9042056074766355,0.4495798319327731,238.0,0.4936708860759494,0.020347805512835604,0.13693363302969364
follow_5,70,10,Validation,238,0.5168067226890757,-0.2920168067226891,1.0,238.0,0.4936708860759494,0.023135836613126293,0.74912243378364
follow_15,70,10,Validation,237,0.5063291139240507,0.9493670886075949,0.9957983193277311,238.0,0.4936708860759494,0.012658227848101278,1.990506329113924
persist_5m,70,10,Validation,113,0.5486725663716814,4.238938053097345,0.47478991596638653,238.0,0.4936708860759494,0.05500168029573199,5.280077293603674
flip_5m,70,10,Validation,124,0.49193548387096775,-4.381048387096774,0.5210084033613446,238.0,0.4936708860759494,-0.0017354022049816398,-3.339909146590445
HIGH_ALONE_FOLLOW,70,15,Validation,237,0.5232067510548524,-0.22046413502109705,0.9957983193277311,,,,
HIGH_ALONE_LONG,70,15,Validation,238,0.5126050420168067,1.4233193277310925,1.0,,,,
align_1_5,70,15,Validation,152,0.4934210526315789,-1.8026315789473684,0.6386554621848739,238.0,0.5232067510548524,-0.029785698423273443,-1.5821674439262714
align_1_5_15,70,15,Validation,98,0.5102040816326531,-1.5178571428571428,0.4117647058823529,238.0,0.5232067510548524,-0.013002669422199298,-1.2973930078360458
align_5_15,70,15,Validation,152,0.5,-1.5773026315789473,0.6386554621848739,238.0,0.5232067510548524,-0.02320675105485237,-1.3568384965578504
accel_with_med,70,15,Validation,99,0.48484848484848486,-1.755050505050505,0.41596638655462187,238.0,0.5232067510548524,-0.03835826620636751,-1.534586370029408
rev_short_vs_med,70,15,Validation,107,0.514018691588785,0.5397196261682243,0.4495798319327731,238.0,0.5232067510548524,-0.009188059466067378,0.7601837611893214
disagree_follow_short,70,15,Validation,107,0.48598130841121495,-0.5397196261682243,0.4495798319327731,238.0,0.5232067510548524,-0.03722544264363742,-0.31925549114712726
follow_5,70,15,Validation,238,0.49159663865546216,-1.593487394957983,1.0,238.0,0.5232067510548524,-0.03161011239939021,-1.3730232599368861
follow_15,70,15,Validation,237,0.510548523206751,-0.32383966244725737,0.9957983193277311,238.0,0.5232067510548524,-0.012658227848101333,-0.10337552742616032
persist_5m,70,15,Validation,113,0.5221238938053098,3.002212389380531,0.47478991596638653,238.0,0.5232067510548524,-0.0010828572495426014,3.222676524401628
flip_5m,70,15,Validation,124,0.46774193548387094,-5.780241935483871,0.5210084033613446,238.0,0.5232067510548524,-0.05546481557098143,-5.559777800462774
HIGH_ALONE_FOLLOW,70,30,Validation,237,0.5021097046413502,1.3565400843881856,0.9957983193277311,,,,
HIGH_ALONE_LONG,70,30,Validation,238,0.5378151260504201,2.1901260504201683,1.0,,,,
align_1_5,70,30,Validation,152,0.46710526315789475,-2.4128289473684212,0.6386554621848739,238.0,0.5021097046413502,-0.03500444148345544,-3.769369031756607
align_1_5_15,70,30,Validation,98,0.47959183673469385,-0.25,0.4117647058823529,238.0,0.5021097046413502,-0.02251786790665633,-1.6065400843881856
align_5_15,70,30,Validation,152,0.506578947368421,1.6266447368421053,0.6386554621848739,238.0,0.5021097046413502,0.004469242727070832,0.2701046524539197
accel_with_med,70,30,Validation,99,0.5050505050505051,-0.45707070707070707,0.41596638655462187,238.0,0.5021097046413502,0.002940800409154898,-1.8136107914588928
rev_short_vs_med,70,30,Validation,107,0.5514018691588785,5.934579439252336,0.4495798319327731,238.0,0.5021097046413502,0.04929216451752827,4.578039354864151
disagree_follow_short,70,30,Validation,107,0.4392523364485981,-5.934579439252336,0.4495798319327731,238.0,0.5021097046413502,-0.06285736819275206,-7.291119523640521
follow_5,70,30,Validation,238,0.4831932773109244,-0.2027310924369748,1.0,238.0,0.5021097046413502,-0.01891642733042581,-1.5592711768251604
follow_15,70,30,Validation,237,0.5232067510548524,2.378691983122363,0.9957983193277311,238.0,0.5021097046413502,0.021097046413502185,1.0221518987341773
persist_5m,70,30,Validation,113,0.5575221238938053,9.188053097345133,0.47478991596638653,238.0,0.5021097046413502,0.0554124192524551,7.831513012956947
flip_5m,70,30,Validation,124,0.41935483870967744,-8.012096774193548,0.5210084033613446,238.0,0.5021097046413502,-0.08275486593167275,-9.368636858581734
HIGH_ALONE_FOLLOW,70,10,OOS,134,0.5074626865671642,6.856343283582089,1.0,,,,
HIGH_ALONE_LONG,70,10,OOS,134,0.44029850746268656,-4.389925373134329,1.0,,,,
align_1_5,70,10,OOS,80,0.4625,-8.98125,0.5970149253731343,134.0,0.5074626865671642,-0.04496268656716418,-15.837593283582088
align_1_5_15,70,10,OOS,50,0.44,-3.405,0.373134328358209,134.0,0.5074626865671642,-0.0674626865671642,-10.26134328358209
align_5_15,70,10,OOS,80,0.375,-10.209375,0.5970149253731343,134.0,0.5074626865671642,-0.1324626865671642,-17.06571828358209
accel_with_med,70,10,OOS,57,0.45614035087719296,-2.3947368421052633,0.4253731343283582,134.0,0.5074626865671642,-0.051322335689971244,-9.251080125687352
rev_short_vs_med,70,10,OOS,58,0.41379310344827586,-0.2974137931034483,0.43283582089552236,134.0,0.5074626865671642,-0.09366958311888834,-7.153757076685538
disagree_follow_short,70,10,OOS,58,0.5862068965517241,0.2974137931034483,0.43283582089552236,134.0,0.5074626865671642,0.07874420998455989,-6.558929490478641
follow_5,70,10,OOS,133,0.42105263157894735,-10.881578947368421,0.9925373134328358,134.0,0.5074626865671642,-0.08641005498821686,-17.73792223095051
follow_15,70,10,OOS,133,0.43609022556390975,-1.0432330827067668,0.9925373134328358,134.0,0.5074626865671642,-0.07137246100325445,-7.899576366288856
persist_5m,70,10,OOS,71,0.43661971830985913,-16.176056338028168,0.5298507462686567,134.0,0.5074626865671642,-0.07084296825730507,-23.032399621610256
flip_5m,70,10,OOS,62,0.4032258064516129,-4.818548387096774,0.4626865671641791,134.0,0.5074626865671642,-0.10423688011555132,-11.674891670678864
HIGH_ALONE_FOLLOW,70,15,OOS,134,0.5149253731343284,4.940298507462686,1.0,,,,
HIGH_ALONE_LONG,70,15,OOS,134,0.4925373134328358,-0.7649253731343284,1.0,,,,
align_1_5,70,15,OOS,80,0.5,-6.790625,0.5970149253731343,134.0,0.5149253731343284,-0.014925373134328401,-11.730923507462688
align_1_5_15,70,15,OOS,50,0.48,-1.815,0.373134328358209,134.0,0.5149253731343284,-0.03492537313432842,-6.755298507462687
align_5_15,70,15,OOS,80,0.4375,-10.853125,0.5970149253731343,134.0,0.5149253731343284,-0.0774253731343284,-15.793423507462688
accel_with_med,70,15,OOS,57,0.5087719298245614,-0.9692982456140351,0.4253731343283582,134.0,0.5149253731343284,-0.0061534433097669705,-5.9095967530767215
rev_short_vs_med,70,15,OOS,58,0.43103448275862066,-3.1508620689655173,0.43283582089552236,134.0,0.5149253731343284,-0.08389089037570774,-8.091160576428203
disagree_follow_short,70,15,OOS,58,0.5689655172413793,3.1508620689655173,0.43283582089552236,134.0,0.5149253731343284,0.054040144107050936,-1.789436438497169
follow_5,70,15,OOS,133,0.44360902255639095,-10.261278195488721,0.9925373134328358,134.0,0.5149253731343284,-0.07131635057793745,-15.201576702951407
follow_15,70,15,OOS,133,0.48872180451127817,-2.236842105263158,0.9925373134328358,134.0,0.5149253731343284,-0.026203568623050233,-7.177140612725845
persist_5m,70,15,OOS,71,0.4788732394366197,-16.387323943661972,0.5298507462686567,134.0,0.5149253731343284,-0.03605213369770871,-21.327622451124657
flip_5m,70,15,OOS,62,0.4032258064516129,-3.245967741935484,0.4626865671641791,134.0,0.5149253731343284,-0.11169956668271552,-8.18626624939817
HIGH_ALONE_FOLLOW,70,30,OOS,134,0.582089552238806,8.787313432835822,1.0,,,,
HIGH_ALONE_LONG,70,30,OOS,134,0.5,-0.373134328358209,1.0,,,,
align_1_5,70,30,OOS,80,0.5,-10.2125,0.5970149253731343,134.0,0.582089552238806,-0.08208955223880599,-18.999813432835822
align_1_5_15,70,30,OOS,50,0.5,-4.895,0.373134328358209,134.0,0.582089552238806,-0.08208955223880599,-13.682313432835821
align_5_15,70,30,OOS,80,0.45,-14.7875,0.5970149253731343,134.0,0.582089552238806,-0.13208955223880597,-23.57481343283582
accel_with_med,70,30,OOS,57,0.5263157894736842,0.30701754385964913,0.4253731343283582,134.0,0.582089552238806,-0.055773762765121804,-8.480295888976173
rev_short_vs_med,70,30,OOS,58,0.46551724137931033,-4.133620689655173,0.43283582089552236,134.0,0.582089552238806,-0.11657231085949565,-12.920934122490994
disagree_follow_short,70,30,OOS,58,0.5344827586206896,4.133620689655173,0.43283582089552236,134.0,0.582089552238806,-0.04760679361811637,-4.653692743180649
follow_5,70,30,OOS,133,0.45112781954887216,-15.486842105263158,0.9925373134328358,134.0,0.582089552238806,-0.13096173268993383,-24.27415553809898
follow_15,70,30,OOS,133,0.49624060150375937,-2.1654135338345863,0.9925373134328358,134.0,0.582089552238806,-0.08584895073504661,-10.952726966670408
persist_5m,70,30,OOS,71,0.5070422535211268,-21.299295774647888,0.5298507462686567,134.0,0.582089552238806,-0.07504729871767923,-30.08660920748371
flip_5m,70,30,OOS,62,0.3870967741935484,-8.830645161290322,0.4626865671641791,134.0,0.582089552238806,-0.1949927780452576,-17.617958594126144
HIGH_ALONE_FOLLOW,70,10,ALL,1190,0.47478991596638653,0.5855042016806723,0.9974853310980721,,,,
HIGH_ALONE_LONG,70,10,ALL,1193,0.5104777870913663,0.03310980720871752,1.0,,,,
align_1_5,70,10,ALL,697,0.4878048780487805,-1.278335724533716,0.584241408214585,1193.0,0.47478991596638653,0.013014962082393944,-1.8638399262143883
align_1_5_15,70,10,ALL,471,0.47983014861995754,-0.755307855626327,0.3948030176026823,1193.0,0.47478991596638653,0.0050402326535710085,-1.3408120573069993
align_5_15,70,10,ALL,774,0.4806201550387597,-1.0322997416020672,0.6487845766974015,1193.0,0.47478991596638653,0.005830239072373178,-1.6178039432827394
accel_with_med,70,10,ALL,517,0.4951644100580271,-0.08558994197292069,0.4333612740989103,1193.0,0.47478991596638653,0.02037449409164055,-0.671094143653593
rev_short_vs_med,70,10,ALL,493,0.4726166328600406,0.30831643002028397,0.413243922883487,1193.0,0.47478991596638653,-0.002173283106345958,-0.2771877716603883
disagree_follow_short,70,10,ALL,493,0.5030425963488844,-0.30831643002028397,0.413243922883487,1193.0,0.47478991596638653,0.02825268038249784,-0.8938206317009563
follow_5,70,10,ALL,1173,0.48081841432225064,-1.368925831202046,0.9832355406538139,1193.0,0.47478991596638653,0.006028498355864109,-1.9544300328827182
follow_15,70,10,ALL,1180,0.48135593220338985,0.02309322033898305,0.989103101424979,1193.0,0.47478991596638653,0.006566016237003314,-0.5624109813416892
persist_5m,70,10,ALL,591,0.5076142131979695,-1.0985617597292725,0.4953897736797988,1193.0,0.47478991596638653,0.03282429723158298,-1.684065961409945
flip_5m,70,10,ALL,559,0.4525939177101968,-1.7410554561717353,0.4685666387259011,1193.0,0.47478991596638653,-0.02219599825618973,-2.3265596578524077
HIGH_ALONE_FOLLOW,70,15,ALL,1190,0.4857142857142857,0.6579831932773109,0.9974853310980721,,,,
HIGH_ALONE_LONG,70,15,ALL,1193,0.5171835708298408,0.25020955574182735,1.0,,,,
align_1_5,70,15,ALL,697,0.5121951219512195,-1.2776183644189383,0.584241408214585,1193.0,0.4857142857142857,0.026480836236933813,-1.9356015576962493
align_1_5_15,70,15,ALL,471,0.5010615711252654,-1.186836518046709,0.3948030176026823,1193.0,0.4857142857142857,0.015347285410979683,-1.84481971132402
align_5_15,70,15,ALL,774,0.49224806201550386,-1.6592377260981912,0.6487845766974015,1193.0,0.4857142857142857,0.006533776301218153,-2.3172209193755022
accel_with_med,70,15,ALL,517,0.5087040618955513,-0.35106382978723405,0.4333612740989103,1193.0,0.4857142857142857,0.022989776181265575,-1.009047023064545
rev_short_vs_med,70,15,ALL,493,0.48073022312373226,-0.460446247464503,0.413243922883487,1193.0,0.4857142857142857,-0.004984062590553451,-1.118429440741814
disagree_follow_short,70,15,ALL,493,0.5050709939148073,0.460446247464503,0.413243922883487,1193.0,0.4857142857142857,0.019356708200521544,-0.1975369458128079
follow_5,70,15,ALL,1173,0.4936061381074169,-1.631926683716965,0.9832355406538139,1193.0,0.4857142857142857,0.007891852393131171,-2.289909876994276
follow_15,70,15,ALL,1180,0.49491525423728816,-0.49194915254237287,0.989103101424979,1193.0,0.4857142857142857,0.00920096852300245,-1.1499323458196837
persist_5m,70,15,ALL,591,0.5126903553299492,-1.6125211505922166,0.4953897736797988,1193.0,0.4857142857142857,0.02697606961566351,-2.2705043438695274
flip_5m,70,15,ALL,559,0.47942754919499103,-1.7813059033989267,0.4685666387259011,1193.0,0.4857142857142857,-0.006286736519294678,-2.4392890966762377
HIGH_ALONE_FOLLOW,70,30,ALL,1190,0.4899159663865546,0.9592436974789916,0.9974853310980721,,,,
HIGH_ALONE_LONG,70,30,ALL,1193,0.5297569153394803,0.20787929589270746,1.0,,,,
align_1_5,70,30,ALL,697,0.5121951219512195,-1.7152080344332854,0.584241408214585,1193.0,0.4899159663865546,0.02227915556466492,-2.674451731912277
align_1_5_15,70,30,ALL,471,0.5222929936305732,-1.0233545647558386,0.3948030176026823,1193.0,0.4899159663865546,0.03237702724401864,-1.9825982622348302
align_5_15,70,30,ALL,774,0.5167958656330749,-1.0093669250645996,0.6487845766974015,1193.0,0.4899159663865546,0.02687989924652029,-1.9686106225435913
accel_with_med,70,30,ALL,517,0.5183752417794971,0.14796905222437137,0.4333612740989103,1193.0,0.4899159663865546,0.028459275392942518,-0.8112746452546202
rev_short_vs_med,70,30,ALL,493,0.513184584178499,0.8529411764705882,0.413243922883487,1193.0,0.4899159663865546,0.02326861779194439,-0.10630252100840343
disagree_follow_short,70,30,ALL,493,0.4787018255578093,-0.8529411764705882,0.413243922883487,1193.0,0.4899159663865546,-0.011214140828745278,-1.8121848739495798
follow_5,70,30,ALL,1173,0.5004262574595055,-1.682225063938619,0.9832355406538139,1193.0,0.4899159663865546,0.010510291072950928,-2.6414687614176104
follow_15,70,30,ALL,1180,0.5177966101694915,0.36610169491525424,0.989103101424979,1193.0,0.4899159663865546,0.02788064378293692,-0.5931420025637374
persist_5m,70,30,ALL,591,0.5380710659898477,-0.11844331641285956,0.4953897736797988,1193.0,0.4899159663865546,0.04815509960329306,-1.0776870138918513
flip_5m,70,30,ALL,559,0.46511627906976744,-3.2137745974955276,0.4685666387259011,1193.0,0.4899159663865546,-0.024799687316787167,-4.173018294974519
HIGH_ALONE_FOLLOW,75,10,IS,821,0.46772228989037756,-0.18270401948842874,0.9987834549878345,,,,
HIGH_ALONE_LONG,75,10,IS,822,0.5109489051094891,0.4352189781021898,1.0,,,,
align_1_5,75,10,IS,480,0.47291666666666665,-0.0875,0.583941605839416,822.0,0.46772228989037756,0.005194376776289089,0.09520401948842874
align_1_5_15,75,10,IS,347,0.49855907780979825,0.2788184438040346,0.4221411192214112,822.0,0.46772228989037756,0.030836787919420683,0.4615224632924633
align_5_15,75,10,IS,558,0.46953405017921146,-0.8198924731182796,0.6788321167883211,822.0,0.46772228989037756,0.0018117602888338968,-0.6371884536298509
accel_with_med,75,10,IS,370,0.5027027027027027,0.23175675675675675,0.45012165450121655,822.0,0.46772228989037756,0.03498041281232511,0.4144607762451855
rev_short_vs_med,75,10,IS,302,0.47019867549668876,-1.4577814569536425,0.36739659367396593,822.0,0.46772228989037756,0.0024763856063111933,-1.2750774374652138
disagree_follow_short,75,10,IS,302,0.5231788079470199,1.4577814569536425,0.36739659367396593,822.0,0.46772228989037756,0.05545651805664231,1.640485476442071
follow_5,75,10,IS,805,0.4745341614906832,-0.6232919254658386,0.9793187347931873,822.0,0.46772228989037756,0.006811871600305663,-0.4405879059774098
follow_15,75,10,IS,807,0.483271375464684,-0.4516728624535316,0.9817518248175182,822.0,0.46772228989037756,0.015549085574306454,-0.2689688429651029
persist_5m,75,10,IS,393,0.4758269720101781,-0.8619592875318066,0.4781021897810219,822.0,0.46772228989037756,0.008104682119800533,-0.6792552680433779
flip_5m,75,10,IS,392,0.4744897959183674,-0.38010204081632654,0.4768856447688564,822.0,0.46772228989037756,0.006767506027989811,-0.1973980213278978
HIGH_ALONE_FOLLOW,75,15,IS,821,0.47503045066991473,-0.08830694275274056,0.9987834549878345,,,,
HIGH_ALONE_LONG,75,15,IS,822,0.5182481751824818,0.39324817518248173,1.0,,,,
align_1_5,75,15,IS,480,0.5,0.26875,0.583941605839416,822.0,0.47503045066991473,0.024969549330085272,0.3570569427527406
align_1_5_15,75,15,IS,347,0.5072046109510087,0.8047550432276657,0.4221411192214112,822.0,0.47503045066991473,0.03217416028109393,0.8930619859804062
align_5_15,75,15,IS,558,0.46774193548387094,-0.41845878136200715,0.6788321167883211,822.0,0.47503045066991473,-0.007288515186043787,-0.33015183860926656
accel_with_med,75,15,IS,370,0.4891891891891892,0.3993243243243243,0.45012165450121655,822.0,0.47503045066991473,0.01415873851927446,0.48763126707706483
rev_short_vs_med,75,15,IS,302,0.4602649006622517,-1.2682119205298013,0.36739659367396593,822.0,0.47503045066991473,-0.014765550007663053,-1.1799049777770607
disagree_follow_short,75,15,IS,302,0.5298013245033113,1.2682119205298013,0.36739659367396593,822.0,0.47503045066991473,0.05477087383339657,1.3565188632825418
follow_5,75,15,IS,805,0.48198757763975153,-0.40279503105590064,0.9793187347931873,822.0,0.47503045066991473,0.006957126969836802,-0.3144880883031601
follow_15,75,15,IS,807,0.48079306071871125,-0.06133828996282528,0.9817518248175182,822.0,0.47503045066991473,0.005762610048796524,0.02696865278991528
persist_5m,75,15,IS,393,0.4580152671755725,-0.2989821882951654,0.4781021897810219,822.0,0.47503045066991473,-0.017015183494342223,-0.2106752455424248
flip_5m,75,15,IS,392,0.49744897959183676,-0.5784438775510204,0.4768856447688564,822.0,0.47503045066991473,0.022418528921922032,-0.4901369347982799
HIGH_ALONE_FOLLOW,75,30,IS,821,0.4762484774665043,-0.2028014616321559,0.9987834549878345,,,,
HIGH_ALONE_LONG,75,30,IS,822,0.5364963503649635,0.20498783454987834,1.0,,,,
align_1_5,75,30,IS,480,0.49583333333333335,0.5583333333333333,0.583941605839416,822.0,0.4762484774665043,0.019584855866829065,0.7611347949654892
align_1_5_15,75,30,IS,347,0.5100864553314121,0.9949567723342939,0.4221411192214112,822.0,0.4762484774665043,0.033837977864907776,1.1977582339664499
align_5_15,75,30,IS,558,0.46415770609318996,-0.5062724014336918,0.6788321167883211,822.0,0.4762484774665043,-0.012090771373314324,-0.3034709398015359
accel_with_med,75,30,IS,370,0.47297297297297297,0.39864864864864863,0.45012165450121655,822.0,0.4762484774665043,-0.0032755044935313116,0.6014501102808045
rev_short_vs_med,75,30,IS,302,0.4503311258278146,-1.6870860927152318,0.36739659367396593,822.0,0.4762484774665043,-0.02591735163868969,-1.484284631083076
disagree_follow_short,75,30,IS,302,0.5397350993377483,1.6870860927152318,0.36739659367396593,822.0,0.4762484774665043,0.06348662187124404,1.8898875543473876
follow_5,75,30,IS,805,0.48074534161490684,-0.5680124223602484,0.9793187347931873,822.0,0.4762484774665043,0.004496864148402557,-0.3652109607280925
follow_15,75,30,IS,807,0.4684014869888476,-0.06908302354399008,0.9817518248175182,822.0,0.4762484774665043,-0.00784699047765669,0.1337184380881658
persist_5m,75,30,IS,393,0.4580152671755725,-0.8861323155216285,0.4781021897810219,822.0,0.4762484774665043,-0.01823321029093178,-0.6833308538894727
flip_5m,75,30,IS,392,0.5051020408163265,-0.34375,0.4768856447688564,822.0,0.4762484774665043,0.028853563349822198,-0.1409485383678441
HIGH_ALONE_FOLLOW,75,10,Validation,243,0.5390946502057613,0.5,1.0,,,,
HIGH_ALONE_LONG,75,10,Validation,243,0.4897119341563786,0.5452674897119342,1.0,,,,
align_1_5,75,10,Validation,157,0.5222929936305732,-0.9729299363057324,0.6460905349794238,243.0,0.5390946502057613,-0.016801656575188062,-1.4729299363057324
align_1_5_15,75,10,Validation,113,0.5132743362831859,0.09955752212389381,0.46502057613168724,243.0,0.5390946502057613,-0.025820313922575444,-0.4004424778761062
align_5_15,75,10,Validation,168,0.5178571428571429,1.1264880952380953,0.691358024691358,243.0,0.5390946502057613,-0.0212375073486184,0.6264880952380953
accel_with_med,75,10,Validation,105,0.45714285714285713,-0.9452380952380952,0.43209876543209874,243.0,0.5390946502057613,-0.08195179306290418,-1.4452380952380952
rev_short_vs_med,75,10,Validation,97,0.4845360824742268,3.2422680412371134,0.3991769547325103,243.0,0.5390946502057613,-0.0545585677315345,2.7422680412371134
disagree_follow_short,75,10,Validation,97,0.5154639175257731,-3.2422680412371134,0.3991769547325103,243.0,0.5390946502057613,-0.023630732679988165,-3.7422680412371134
follow_5,75,10,Validation,241,0.5269709543568465,0.5601659751037344,0.9917695473251029,243.0,0.5390946502057613,-0.012123695848914817,0.06016597510373445
follow_15,75,10,Validation,242,0.5,1.115702479338843,0.9958847736625515,243.0,0.5390946502057613,-0.039094650205761305,0.615702479338843
persist_5m,75,10,Validation,128,0.53125,-1.318359375,0.5267489711934157,243.0,0.5390946502057613,-0.007844650205761305,-1.818359375
flip_5m,75,10,Validation,113,0.5221238938053098,2.688053097345133,0.46502057613168724,243.0,0.5390946502057613,-0.016970756400451537,2.188053097345133
HIGH_ALONE_FOLLOW,75,15,Validation,243,0.5267489711934157,-0.26440329218106995,1.0,,,,
HIGH_ALONE_LONG,75,15,Validation,243,0.51440329218107,-0.01954732510288066,1.0,,,,
align_1_5,75,15,Validation,157,0.5222929936305732,1.2404458598726114,0.6460905349794238,243.0,0.5267489711934157,-0.004455977562842439,1.5048491520536813
align_1_5_15,75,15,Validation,113,0.5132743362831859,3.3827433628318584,0.46502057613168724,243.0,0.5267489711934157,-0.013474634910229821,3.6471466550129286
align_5_15,75,15,Validation,168,0.5059523809523809,2.7395833333333335,0.691358024691358,243.0,0.5267489711934157,-0.02079659024103475,3.003986625514403
accel_with_med,75,15,Validation,105,0.5142857142857142,2.45,0.43209876543209874,243.0,0.5267489711934157,-0.012463256907701448,2.7144032921810703
rev_short_vs_med,75,15,Validation,97,0.4742268041237113,2.6288659793814433,0.3991769547325103,243.0,0.5267489711934157,-0.05252216706970436,2.893269271562513
disagree_follow_short,75,15,Validation,97,0.5257731958762887,-2.6288659793814433,0.3991769547325103,243.0,0.5267489711934157,-0.0009757753171270034,-2.3644626872003736
follow_5,75,15,Validation,241,0.5020746887966805,0.5093360995850622,0.9917695473251029,243.0,0.5267489711934157,-0.024674282396735192,0.7737393917661322
follow_15,75,15,Validation,242,0.512396694214876,3.4318181818181817,0.9958847736625515,243.0,0.5267489711934157,-0.01435227697853969,3.696221473999252
persist_5m,75,15,Validation,128,0.453125,-0.921875,0.5267489711934157,243.0,0.5267489711934157,-0.07362397119341568,-0.65747170781893
flip_5m,75,15,Validation,113,0.5575221238938053,2.1305309734513274,0.46502057613168724,243.0,0.5267489711934157,0.030773152700389605,2.394934265632397
HIGH_ALONE_FOLLOW,75,30,Validation,243,0.551440329218107,3.626543209876543,1.0,,,,
HIGH_ALONE_LONG,75,30,Validation,243,0.5555555555555556,1.8384773662551441,1.0,,,,
align_1_5,75,30,Validation,157,0.5159235668789809,-0.31369426751592355,0.6460905349794238,243.0,0.551440329218107,-0.03551676233912615,-3.9402374773924667
align_1_5_15,75,30,Validation,113,0.5486725663716814,3.6991150442477876,0.46502057613168724,243.0,0.551440329218107,-0.0027677628464256587,0.07257183437124448
align_5_15,75,30,Validation,168,0.5595238095238095,2.6339285714285716,0.691358024691358,243.0,0.551440329218107,0.008083480305702495,-0.9926146384479715
accel_with_med,75,30,Validation,105,0.5523809523809524,1.3452380952380953,0.43209876543209874,243.0,0.551440329218107,0.0009406231628453776,-2.2813051146384478
rev_short_vs_med,75,30,Validation,97,0.5876288659793815,5.224226804123711,0.3991769547325103,243.0,0.551440329218107,0.036188536761274426,1.5976835942471683
disagree_follow_short,75,30,Validation,97,0.41237113402061853,-5.224226804123711,0.3991769547325103,243.0,0.551440329218107,-0.1390691951974885,-8.850770014000254
follow_5,75,30,Validation,241,0.5228215767634855,-0.5466804979253111,0.9917695473251029,243.0,0.551440329218107,-0.028618752454621532,-4.173223707801855
follow_15,75,30,Validation,242,0.5619834710743802,4.244834710743802,0.9958847736625515,243.0,0.551440329218107,0.010543141856273142,0.6182915008672585
persist_5m,75,30,Validation,128,0.5,-1.689453125,0.5267489711934157,243.0,0.551440329218107,-0.05144032921810704,-5.315996334876543
flip_5m,75,30,Validation,113,0.5486725663716814,0.7477876106194691,0.46502057613168724,243.0,0.551440329218107,-0.0027677628464256587,-2.878755599257074
HIGH_ALONE_FOLLOW,75,10,OOS,133,0.49624060150375937,-0.5206766917293233,1.0,,,,
HIGH_ALONE_LONG,75,10,OOS,133,0.48120300751879697,2.058270676691729,1.0,,,,
align_1_5,75,10,OOS,86,0.5,-3.1482558139534884,0.6466165413533834,133.0,0.49624060150375937,0.003759398496240629,-2.627579122224165
align_1_5_15,75,10,OOS,66,0.5,-2.212121212121212,0.49624060150375937,133.0,0.49624060150375937,0.003759398496240629,-1.6914445203918886
align_5_15,75,10,OOS,95,0.5052631578947369,-2.6868421052631577,0.7142857142857143,133.0,0.49624060150375937,0.009022556390977488,-2.166165413533834
accel_with_med,75,10,OOS,61,0.47540983606557374,-5.463114754098361,0.45864661654135336,133.0,0.49624060150375937,-0.020830765438185628,-4.942438062369037
rev_short_vs_med,75,10,OOS,49,0.5102040816326531,0.3163265306122449,0.3684210526315789,133.0,0.49624060150375937,0.013963480128893702,0.8370032223415682
disagree_follow_short,75,10,OOS,49,0.4897959183673469,-0.3163265306122449,0.3684210526315789,133.0,0.49624060150375937,-0.0064446831364124435,0.20435016111707838
follow_5,75,10,OOS,133,0.5112781954887218,-2.1259398496240602,1.0,133.0,0.49624060150375937,0.015037593984962405,-1.605263157894737
follow_15,75,10,OOS,133,0.49624060150375937,-1.712406015037594,1.0,133.0,0.49624060150375937,0.0,-1.1917293233082706
persist_5m,75,10,OOS,61,0.5081967213114754,-5.635245901639344,0.45864661654135336,133.0,0.49624060150375937,0.011956119807716048,-5.11456920991002
flip_5m,75,10,OOS,71,0.5070422535211268,0.4471830985915493,0.5338345864661654,133.0,0.49624060150375937,0.01080165201736738,0.9678597903208725
HIGH_ALONE_FOLLOW,75,15,OOS,133,0.5338345864661654,-1.056390977443609,1.0,,,,
HIGH_ALONE_LONG,75,15,OOS,133,0.45864661654135336,0.9323308270676691,1.0,,,,
align_1_5,75,15,OOS,86,0.5348837209302325,-0.6017441860465116,0.6466165413533834,133.0,0.5338345864661654,0.0010491344640670697,0.4546467913970975
align_1_5_15,75,15,OOS,66,0.5606060606060606,2.147727272727273,0.49624060150375937,133.0,0.5338345864661654,0.026771474139895113,3.204118250170882
align_5_15,75,15,OOS,95,0.5263157894736842,-4.5131578947368425,0.7142857142857143,133.0,0.5338345864661654,-0.007518796992481258,-3.4567669172932334
accel_with_med,75,15,OOS,61,0.5573770491803278,-1.7581967213114753,0.45864661654135336,133.0,0.5338345864661654,0.023542462714162382,-0.7018057438678662
rev_short_vs_med,75,15,OOS,49,0.4897959183673469,-7.6938775510204085,0.3684210526315789,133.0,0.5338345864661654,-0.04403866809881851,-6.637486573576799
disagree_follow_short,75,15,OOS,49,0.5102040816326531,7.6938775510204085,0.3684210526315789,133.0,0.5338345864661654,-0.023630504833512367,8.750268528464018
follow_5,75,15,OOS,133,0.518796992481203,-3.5676691729323307,1.0,133.0,0.5338345864661654,-0.015037593984962405,-2.5112781954887216
follow_15,75,15,OOS,133,0.518796992481203,-2.8796992481203008,1.0,133.0,0.5338345864661654,-0.015037593984962405,-1.8233082706766917
persist_5m,75,15,OOS,61,0.47540983606557374,-11.545081967213115,0.45864661654135336,133.0,0.5338345864661654,-0.058424750400591696,-10.488690989769506
flip_5m,75,15,OOS,71,0.5633802816901409,3.545774647887324,0.5338345864661654,133.0,0.5338345864661654,0.029545695223975432,4.602165625330933
HIGH_ALONE_FOLLOW,75,30,OOS,133,0.49624060150375937,-3.223684210526316,1.0,,,,
HIGH_ALONE_LONG,75,30,OOS,133,0.5112781954887218,1.8928571428571428,1.0,,,,
align_1_5,75,30,OOS,86,0.4186046511627907,-11.534883720930232,0.6466165413533834,133.0,0.49624060150375937,-0.07763595034096865,-8.311199510403917
align_1_5_15,75,30,OOS,66,0.4090909090909091,-11.784090909090908,0.49624060150375937,133.0,0.49624060150375937,-0.08714969241285025,-8.560406698564591
align_5_15,75,30,OOS,95,0.4,-11.407894736842104,0.7142857142857143,133.0,0.49624060150375937,-0.09624060150375935,-8.184210526315788
accel_with_med,75,30,OOS,61,0.4262295081967213,-7.020491803278689,0.45864661654135336,133.0,0.49624060150375937,-0.07001109330703809,-3.796807592752373
rev_short_vs_med,75,30,OOS,49,0.4489795918367347,-1.8724489795918366,0.3684210526315789,133.0,0.49624060150375937,-0.04726100966702468,1.3512352309344793
disagree_follow_short,75,30,OOS,49,0.5510204081632653,1.8724489795918366,0.3684210526315789,133.0,0.49624060150375937,0.05477980665950588,5.096133190118152
follow_5,75,30,OOS,133,0.42105263157894735,-7.930451127819549,1.0,133.0,0.49624060150375937,-0.07518796992481203,-4.706766917293233
follow_15,75,30,OOS,133,0.43609022556390975,-8.36654135338346,1.0,133.0,0.49624060150375937,-0.06015037593984962,-5.142857142857143
persist_5m,75,30,OOS,61,0.36065573770491804,-16.721311475409838,0.45864661654135336,133.0,0.49624060150375937,-0.13558486379884133,-13.497627264883523
flip_5m,75,30,OOS,71,0.4788732394366197,0.1936619718309859,0.5338345864661654,133.0,0.49624060150375937,-0.01736736206713968,3.417346182357302
HIGH_ALONE_FOLLOW,75,10,ALL,1197,0.4853801169590643,-0.0816624895572264,0.9991652754590985,,,,
HIGH_ALONE_LONG,75,10,ALL,1198,0.503338898163606,0.6377295492487479,1.0,,,,
align_1_5,75,10,ALL,723,0.48686030428769017,-0.6438450899031812,0.6035058430717863,1198.0,0.4853801169590643,0.0014801873286258704,-0.5621826003459548
align_1_5_15,75,10,ALL,526,0.5019011406844106,-0.07224334600760456,0.43906510851419034,1198.0,0.4853801169590643,0.016521023725346307,0.009419143549621839
align_5_15,75,10,ALL,821,0.4835566382460414,-0.6376370280146163,0.6853088480801336,1198.0,0.4853801169590643,-0.001823478713022908,-0.5559745384573899
accel_with_med,75,10,ALL,536,0.4906716417910448,-0.6469216417910447,0.44741235392320533,1198.0,0.4853801169590643,0.005291524831980476,-0.5652591522338183
rev_short_vs_med,75,10,ALL,448,0.47767857142857145,-0.24609375,0.3739565943238731,1198.0,0.4853801169590643,-0.007701545530492848,-0.16443126044277362
disagree_follow_short,75,10,ALL,448,0.5178571428571429,0.24609375,0.3739565943238731,1198.0,0.4853801169590643,0.032477025898078604,0.3277562395572264
follow_5,75,10,ALL,1179,0.4893977947413062,-0.5508905852417303,0.9841402337228714,1198.0,0.4853801169590643,0.00401767778224188,-0.4692280956845039
follow_15,75,10,ALL,1182,0.48815566835871405,-0.2726311336717428,0.986644407345576,1198.0,0.4853801169590643,0.002775551399649745,-0.19096864411451642
persist_5m,75,10,ALL,582,0.49140893470790376,-1.4626288659793814,0.48580968280467446,1198.0,0.4853801169590643,0.0060288177488394545,-1.380966376422155
flip_5m,75,10,ALL,576,0.4878472222222222,0.3237847222222222,0.48080133555926546,1198.0,0.4853801169590643,0.0024671052631579093,0.4054472117794486
HIGH_ALONE_FOLLOW,75,15,ALL,1197,0.49206349206349204,-0.23162071846282373,0.9991652754590985,,,,
HIGH_ALONE_LONG,75,15,ALL,1198,0.5108514190317195,0.3693656093489149,1.0,,,,
align_1_5,75,15,ALL,723,0.5089903181189488,0.37621023513139695,0.6035058430717863,1198.0,0.49206349206349204,0.016926826055456756,0.6078309535942207
align_1_5_15,75,15,ALL,526,0.5152091254752852,1.5270912547528517,0.43906510851419034,1198.0,0.49206349206349204,0.023145633411793154,1.7587119732156755
align_5_15,75,15,ALL,821,0.4823386114494519,-0.24604141291108406,0.6853088480801336,1198.0,0.49206349206349204,-0.009724880614040143,-0.01442069444826033
accel_with_med,75,15,ALL,536,0.5018656716417911,0.5555037313432836,0.44741235392320533,1198.0,0.49206349206349204,0.009802179578299042,0.7871244498061073
rev_short_vs_med,75,15,ALL,448,0.46651785714285715,-1.1272321428571428,0.3739565943238731,1198.0,0.49206349206349204,-0.025545634920634885,-0.8956114243943191
disagree_follow_short,75,15,ALL,448,0.5267857142857143,1.1272321428571428,0.3739565943238731,1198.0,0.49206349206349204,0.034722222222222265,1.3588528613199666
follow_5,75,15,ALL,1179,0.4902459711620017,-0.5733672603901612,0.9841402337228714,1198.0,0.49206349206349204,-0.0018175209014903437,-0.34174654192733744
follow_15,75,15,ALL,1182,0.49153976311336717,0.33671742808798644,0.986644407345576,1198.0,0.49206349206349204,-0.0005237289501248688,0.5683381465508102
persist_5m,75,15,ALL,582,0.4587628865979381,-1.6146907216494846,0.48580968280467446,1198.0,0.49206349206349204,-0.03330060546555391,-1.3830700031866607
flip_5m,75,15,ALL,576,0.5173611111111112,0.4613715277777778,0.48080133555926546,1198.0,0.49206349206349204,0.025297619047619124,0.6929922462406015
HIGH_ALONE_FOLLOW,75,30,ALL,1197,0.49373433583959897,0.23893065998329155,0.9991652754590985,,,,
HIGH_ALONE_LONG,75,30,ALL,1198,0.5375626043405676,0.7237061769616027,1.0,,,,
align_1_5,75,30,ALL,723,0.49100968188105115,-1.0695020746887967,0.6035058430717863,1198.0,0.49373433583959897,-0.002724653958547818,-1.3084327346720883
align_1_5_15,75,30,ALL,526,0.5057034220532319,-0.027566539923954372,0.43906510851419034,1198.0,0.49373433583959897,0.011969086213632962,-0.2664971999072459
align_5_15,75,30,ALL,821,0.4762484774665043,-1.1251522533495737,0.6853088480801336,1198.0,0.49373433583959897,-0.017485858373094687,-1.3640829133328651
accel_with_med,75,30,ALL,536,0.4832089552238806,-0.26026119402985076,0.44741235392320533,1198.0,0.49373433583959897,-0.010525380615718394,-0.4991918540131423
rev_short_vs_med,75,30,ALL,448,0.4799107142857143,-0.2109375,0.3739565943238731,1198.0,0.49373433583959897,-0.013823621553884669,-0.44986815998329155
disagree_follow_short,75,30,ALL,448,0.5133928571428571,0.2109375,0.3739565943238731,1198.0,0.49373433583959897,0.019658521303258125,-0.02799315998329155
follow_5,75,30,ALL,1179,0.48261238337574214,-1.3941899915182359,0.9841402337228714,1198.0,0.49373433583959897,-0.011121952463856832,-1.6331206515015273
follow_15,75,30,ALL,1182,0.48392554991539766,-0.11950084602368867,0.986644407345576,1198.0,0.49373433583959897,-0.009808785924201313,-0.3584315060069802
persist_5m,75,30,ALL,582,0.4570446735395189,-2.722508591065292,0.48580968280467446,1198.0,0.49373433583959897,-0.036689662300080084,-2.9614392510485836
flip_5m,75,30,ALL,576,0.5104166666666666,-0.06336805555555555,0.48080133555926546,1198.0,0.49373433583959897,0.01668233082706766,-0.30229871553884713
HIGH_ALONE_FOLLOW,80,10,IS,817,0.49938800489596086,0.12698898408812728,0.9975579975579976,,,,
HIGH_ALONE_LONG,80,10,IS,819,0.49206349206349204,-0.13064713064713065,1.0,,,,
align_1_5,80,10,IS,502,0.48406374501992033,0.4815737051792829,0.612942612942613,819.0,0.49938800489596086,-0.015324259876040525,0.3545847210911556
align_1_5_15,80,10,IS,347,0.5072046109510087,0.7334293948126801,0.4236874236874237,819.0,0.49938800489596086,0.007816606055047803,0.6064404107245528
align_5_15,80,10,IS,534,0.49812734082397003,0.9410112359550562,0.652014652014652,819.0,0.49938800489596086,-0.0012606640719908246,0.8140222518669289
accel_with_med,80,10,IS,345,0.5130434782608696,0.9108695652173913,0.42124542124542125,819.0,0.49938800489596086,0.013655473364908743,0.783880581129264
rev_short_vs_med,80,10,IS,321,0.5171339563862928,0.6838006230529595,0.39194139194139194,819.0,0.49938800489596086,0.017745951490331924,0.5568116389648322
disagree_follow_short,80,10,IS,321,0.4766355140186916,-0.6838006230529595,0.39194139194139194,819.0,0.49938800489596086,-0.02275249087726927,-0.8107896071410868
follow_5,80,10,IS,791,0.4829329962073325,0.5565739570164349,0.9658119658119658,819.0,0.49938800489596086,-0.01645500868862837,0.42958497292830755
follow_15,80,10,IS,808,0.504950495049505,0.6683168316831684,0.9865689865689866,819.0,0.49938800489596086,0.005562490153544097,0.541327847595041
persist_5m,80,10,IS,356,0.47752808988764045,0.886938202247191,0.4346764346764347,819.0,0.49938800489596086,-0.021859915008320407,0.7599492181590637
flip_5m,80,10,IS,420,0.4857142857142857,0.3142857142857143,0.5128205128205128,819.0,0.49938800489596086,-0.013673719181675148,0.187296730197587
HIGH_ALONE_FOLLOW,80,15,IS,817,0.5030599755201959,0.5348837209302325,0.9975579975579976,,,,
HIGH_ALONE_LONG,80,15,IS,819,0.4945054945054945,-0.7554945054945055,1.0,,,,
align_1_5,80,15,IS,502,0.5119521912350598,0.7644422310756972,0.612942612942613,819.0,0.5030599755201959,0.008892215714863871,0.2295585101454647
align_1_5_15,80,15,IS,347,0.5360230547550432,1.2492795389048992,0.4236874236874237,819.0,0.5030599755201959,0.032963079234847315,0.7143958179746667
align_5_15,80,15,IS,534,0.5074906367041199,1.220505617977528,0.652014652014652,819.0,0.5030599755201959,0.0044306611839239896,0.6856218970472955
accel_with_med,80,15,IS,345,0.5333333333333333,1.3195652173913044,0.42124542124542125,819.0,0.5030599755201959,0.030273357813137447,0.7846814964610719
rev_short_vs_med,80,15,IS,321,0.49221183800623053,0.6386292834890965,0.39194139194139194,819.0,0.5030599755201959,-0.01084813751396535,0.10374556255886402
disagree_follow_short,80,15,IS,321,0.48286604361370716,-0.6386292834890965,0.39194139194139194,819.0,0.5030599755201959,-0.020193931906488716,-1.1735130044193292
follow_5,80,15,IS,791,0.4968394437420986,0.7104930467762326,0.9658119658119658,819.0,0.5030599755201959,-0.006220531778097282,0.17560932584600009
follow_15,80,15,IS,808,0.5099009900990099,0.9415222772277227,0.9865689865689866,819.0,0.5030599755201959,0.006841014578814031,0.40663855629749024
persist_5m,80,15,IS,356,0.49157303370786515,1.5042134831460674,0.4346764346764347,819.0,0.5030599755201959,-0.011486941812330731,0.9693297622158349
flip_5m,80,15,IS,420,0.49523809523809526,0.041666666666666664,0.5128205128205128,819.0,0.5030599755201959,-0.007821880282100624,-0.4932170542635658
HIGH_ALONE_FOLLOW,80,30,IS,817,0.4565483476132191,-0.04865361077111383,0.9975579975579976,,,,
HIGH_ALONE_LONG,80,30,IS,819,0.5335775335775336,0.046703296703296704,1.0,,,,
align_1_5,80,30,IS,502,0.4960159362549801,-0.15687250996015936,0.612942612942613,819.0,0.4565483476132191,0.039467588641760976,-0.10821889918904554
align_1_5_15,80,30,IS,347,0.5100864553314121,-0.15706051873198848,0.4236874236874237,819.0,0.4565483476132191,0.05353810771819295,-0.10840690796087465
align_5_15,80,30,IS,534,0.4850187265917603,0.24765917602996254,0.652014652014652,819.0,0.4565483476132191,0.02847037897854121,0.29631278680107637
accel_with_med,80,30,IS,345,0.5043478260869565,-0.009420289855072464,0.42124542124542125,819.0,0.4565483476132191,0.04779947847373739,0.03923332091604137
rev_short_vs_med,80,30,IS,321,0.4766355140186916,0.48520249221183803,0.39194139194139194,819.0,0.4565483476132191,0.02008716640547248,0.5338561029829518
disagree_follow_short,80,30,IS,321,0.5109034267912772,-0.48520249221183803,0.39194139194139194,819.0,0.4565483476132191,0.0543550791780581,-0.4365488814407242
follow_5,80,30,IS,791,0.48166877370417194,0.24620733249051832,0.9658119658119658,819.0,0.4565483476132191,0.02512042609095283,0.29486094326163215
follow_15,80,30,IS,808,0.49504950495049505,0.16027227722772278,0.9865689865689866,819.0,0.4565483476132191,0.03850115733727594,0.2089258879988366
persist_5m,80,30,IS,356,0.4747191011235955,0.23946629213483145,0.4346764346764347,819.0,0.4565483476132191,0.018170753510376392,0.2881199029059453
flip_5m,80,30,IS,420,0.4928571428571429,0.3547619047619048,0.5128205128205128,819.0,0.4565483476132191,0.036308795243923775,0.40341551553301863
HIGH_ALONE_FOLLOW,80,10,Validation,241,0.5062240663900415,-0.25933609958506226,0.9958677685950413,,,,
HIGH_ALONE_LONG,80,10,Validation,242,0.5247933884297521,-0.10537190082644628,1.0,,,,
align_1_5,80,10,Validation,134,0.5597014925373134,3.1473880597014925,0.5537190082644629,242.0,0.5062240663900415,0.05347742614727191,3.4067241592865547
align_1_5_15,80,10,Validation,93,0.5591397849462365,4.287634408602151,0.384297520661157,242.0,0.5062240663900415,0.052915718556195035,4.546970508187213
align_5_15,80,10,Validation,175,0.5142857142857142,1.5885714285714285,0.7231404958677686,242.0,0.5062240663900415,0.008061647895672763,1.8479075281564907
accel_with_med,80,10,Validation,93,0.5268817204301075,3.674731182795699,0.384297520661157,242.0,0.5062240663900415,0.02065765404006603,3.934067282380761
rev_short_vs_med,80,10,Validation,122,0.45901639344262296,-0.9344262295081968,0.5041322314049587,242.0,0.5062240663900415,-0.04720767294741851,-0.6750901299231344
disagree_follow_short,80,10,Validation,122,0.5409836065573771,0.9344262295081968,0.5041322314049587,242.0,0.5062240663900415,0.03475954016733562,1.193762329093259
follow_5,80,10,Validation,242,0.5206611570247934,0.8863636363636364,1.0,242.0,0.5062240663900415,0.014437090634751959,1.1456997359486987
follow_15,80,10,Validation,242,0.5,1.4111570247933884,1.0,242.0,0.5062240663900415,-0.006224066390041472,1.6704931243784507
persist_5m,80,10,Validation,137,0.5036496350364964,0.6441605839416058,0.5661157024793388,242.0,0.5062240663900415,-0.0025744313535450702,0.903496683526668
flip_5m,80,10,Validation,103,0.5436893203883495,1.2257281553398058,0.4256198347107438,242.0,0.5062240663900415,0.037465253998308023,1.485064254924868
HIGH_ALONE_FOLLOW,80,15,Validation,241,0.5311203319502075,1.120331950207469,0.9958677685950413,,,,
HIGH_ALONE_LONG,80,15,Validation,242,0.5165289256198347,-0.2644628099173554,1.0,,,,
align_1_5,80,15,Validation,134,0.5074626865671642,3.666044776119403,0.5537190082644629,242.0,0.5311203319502075,-0.02365764538304327,2.545712825911934
align_1_5_15,80,15,Validation,93,0.5376344086021505,5.086021505376344,0.384297520661157,242.0,0.5311203319502075,0.006514076651943035,3.965689555168875
align_5_15,80,15,Validation,175,0.5085714285714286,2.2085714285714286,0.7231404958677686,242.0,0.5311203319502075,-0.022548903378778906,1.0882394783639597
accel_with_med,80,15,Validation,93,0.5268817204301075,5.338709677419355,0.384297520661157,242.0,0.5311203319502075,-0.004238611520099966,4.218377727211886
rev_short_vs_med,80,15,Validation,122,0.5081967213114754,-0.5819672131147541,0.5041322314049587,242.0,0.5311203319502075,-0.02292361063873205,-1.7022991633222229
disagree_follow_short,80,15,Validation,122,0.4918032786885246,0.5819672131147541,0.5041322314049587,242.0,0.5311203319502075,-0.03931705326168289,-0.5383647370927148
follow_5,80,15,Validation,242,0.48760330578512395,1.1425619834710743,1.0,242.0,0.5311203319502075,-0.04351702616508352,0.022230033263605398
follow_15,80,15,Validation,242,0.5247933884297521,2.0516528925619837,1.0,242.0,0.5311203319502075,-0.006326943520455375,0.9313209423545148
persist_5m,80,15,Validation,137,0.48175182481751827,-0.8722627737226277,0.5661157024793388,242.0,0.5311203319502075,-0.0493685071326892,-1.9925947239300967
flip_5m,80,15,Validation,103,0.49514563106796117,3.7694174757281553,0.4256198347107438,242.0,0.5311203319502075,-0.0359747008822463,2.6490855255206864
HIGH_ALONE_FOLLOW,80,30,Validation,241,0.5311203319502075,2.404564315352697,0.9958677685950413,,,,
HIGH_ALONE_LONG,80,30,Validation,242,0.5247933884297521,0.5878099173553719,1.0,,,,
align_1_5,80,30,Validation,134,0.5,4.707089552238806,0.5537190082644629,242.0,0.5311203319502075,-0.03112033195020747,2.3025252368861087
align_1_5_15,80,30,Validation,93,0.5053763440860215,6.833333333333333,0.384297520661157,242.0,0.5311203319502075,-0.02574398786418597,4.4287690179806365
align_5_15,80,30,Validation,175,0.5142857142857142,5.118571428571428,0.7231404958677686,242.0,0.5311203319502075,-0.016834617664493234,2.7140071132187313
accel_with_med,80,30,Validation,93,0.5376344086021505,7.43010752688172,0.384297520661157,242.0,0.5311203319502075,0.006514076651943035,5.025543211529023
rev_short_vs_med,80,30,Validation,122,0.5163934426229508,2.0327868852459017,0.5041322314049587,242.0,0.5311203319502075,-0.014726889327256631,-0.3717774301067953
disagree_follow_short,80,30,Validation,122,0.48360655737704916,-2.0327868852459017,0.5041322314049587,242.0,0.5311203319502075,-0.04751377457315831,-4.437351200598599
follow_5,80,30,Validation,242,0.5041322314049587,3.697314049586777,1.0,242.0,0.5311203319502075,-0.026988100545248805,1.29274973423408
follow_15,80,30,Validation,242,0.5165289256198347,3.705578512396694,1.0,242.0,0.5311203319502075,-0.014591406330372814,1.301014197043997
persist_5m,80,30,Validation,137,0.49635036496350365,1.9872262773722629,0.5661157024793388,242.0,0.5311203319502075,-0.034769966986703815,-0.4173380379804341
flip_5m,80,30,Validation,103,0.5242718446601942,6.342233009708738,0.4256198347107438,242.0,0.5311203319502075,-0.006848487290013305,3.937668694356041
HIGH_ALONE_FOLLOW,80,10,OOS,128,0.5390625,2.830078125,1.0,,,,
HIGH_ALONE_LONG,80,10,OOS,128,0.5,2.205078125,1.0,,,,
align_1_5,80,10,OOS,85,0.5764705882352941,11.961764705882352,0.6640625,128.0,0.5390625,0.03740808823529407,9.131686580882352
align_1_5_15,80,10,OOS,62,0.5967741935483871,10.35483870967742,0.484375,128.0,0.5390625,0.05771169354838712,7.52476058467742
align_5_15,80,10,OOS,92,0.5434782608695652,4.741847826086956,0.71875,128.0,0.5390625,0.004415760869565188,1.911769701086956
accel_with_med,80,10,OOS,62,0.5483870967741935,6.596774193548387,0.484375,128.0,0.5390625,0.009324596774193505,3.766696068548387
rev_short_vs_med,80,10,OOS,53,0.4528301886792453,-10.952830188679245,0.4140625,128.0,0.5390625,-0.0862323113207547,-13.782908313679245
disagree_follow_short,80,10,OOS,53,0.5471698113207547,10.952830188679245,0.4140625,128.0,0.5390625,0.008107311320754707,8.122752063679245
follow_5,80,10,OOS,128,0.5390625,7.099609375,1.0,128.0,0.5390625,0.0,4.26953125
follow_15,80,10,OOS,128,0.5234375,-0.283203125,1.0,128.0,0.5390625,-0.015625,-3.11328125
persist_5m,80,10,OOS,57,0.5614035087719298,6.574561403508772,0.4453125,128.0,0.5390625,0.022341008771929793,3.7444832785087723
flip_5m,80,10,OOS,71,0.5211267605633803,7.52112676056338,0.5546875,128.0,0.5390625,-0.017935739436619746,4.69104863556338
HIGH_ALONE_FOLLOW,80,15,OOS,128,0.5546875,8.521484375,1.0,,,,
HIGH_ALONE_LONG,80,15,OOS,128,0.53125,-1.123046875,1.0,,,,
align_1_5,80,15,OOS,85,0.6235294117647059,11.985294117647058,0.6640625,128.0,0.5546875,0.06884191176470589,3.463809742647058
align_1_5_15,80,15,OOS,62,0.6290322580645161,10.411290322580646,0.484375,128.0,0.5546875,0.07434475806451613,1.889805947580646
align_5_15,80,15,OOS,92,0.5760869565217391,6.149456521739131,0.71875,128.0,0.5546875,0.021399456521739135,-2.372027853260869
accel_with_med,80,15,OOS,62,0.5645161290322581,7.479838709677419,0.484375,128.0,0.5546875,0.009828629032258118,-1.041645665322581
rev_short_vs_med,80,15,OOS,53,0.4339622641509434,-8.547169811320755,0.4140625,128.0,0.5546875,-0.12072523584905659,-17.068654186320757
disagree_follow_short,80,15,OOS,53,0.5660377358490566,8.547169811320755,0.4140625,128.0,0.5546875,0.011350235849056589,0.025685436320754818
follow_5,80,15,OOS,128,0.59375,8.673828125,1.0,128.0,0.5546875,0.0390625,0.15234375
follow_15,80,15,OOS,128,0.515625,0.166015625,1.0,128.0,0.5546875,-0.0390625,-8.35546875
persist_5m,80,15,OOS,57,0.5964912280701754,9.464912280701755,0.4453125,128.0,0.5546875,0.041803728070175405,0.9434279057017552
flip_5m,80,15,OOS,71,0.5915492957746479,8.038732394366198,0.5546875,128.0,0.5546875,0.036861795774647876,-0.4827519806338021
HIGH_ALONE_FOLLOW,80,30,OOS,128,0.5078125,-1.767578125,1.0,,,,
HIGH_ALONE_LONG,80,30,OOS,128,0.59375,4.791015625,1.0,,,,
align_1_5,80,30,OOS,85,0.5294117647058824,3.711764705882353,0.6640625,128.0,0.5078125,0.02159926470588236,5.479342830882353
align_1_5_15,80,30,OOS,62,0.5483870967741935,1.9798387096774193,0.484375,128.0,0.5078125,0.040574596774193505,3.747416834677419
align_5_15,80,30,OOS,92,0.5108695652173914,0.3070652173913043,0.71875,128.0,0.5078125,0.0030570652173913526,2.074643342391304
accel_with_med,80,30,OOS,62,0.46774193548387094,-1.7661290322580645,0.484375,128.0,0.5078125,-0.04007056451612906,0.0014490927419354982
rev_short_vs_med,80,30,OOS,53,0.4716981132075472,-5.419811320754717,0.4140625,128.0,0.5078125,-0.036114386792452824,-3.652233195754717
disagree_follow_short,80,30,OOS,53,0.5283018867924528,5.419811320754717,0.4140625,128.0,0.5078125,0.020489386792452824,7.187389445754717
follow_5,80,30,OOS,128,0.5234375,2.900390625,1.0,128.0,0.5078125,0.015625,4.66796875
follow_15,80,30,OOS,128,0.4921875,-2.458984375,1.0,128.0,0.5078125,-0.015625,-0.69140625
persist_5m,80,30,OOS,57,0.5087719298245614,2.0526315789473686,0.4453125,128.0,0.5078125,0.0009594298245614308,3.8202097039473686
flip_5m,80,30,OOS,71,0.5352112676056338,3.5809859154929575,0.5546875,128.0,0.5078125,0.027398767605633756,5.348564040492958
HIGH_ALONE_FOLLOW,80,10,ALL,1186,0.5050590219224284,0.34021922428330525,0.9974768713204374,,,,
HIGH_ALONE_LONG,80,10,ALL,1189,0.49957947855340623,0.125946173254836,1.0,,,,
align_1_5,80,10,ALL,721,0.5090152565880721,2.3304438280166435,0.6063919259882254,1189.0,0.5050590219224284,0.003956234665643765,1.9902246037333382
align_1_5_15,80,10,ALL,502,0.5278884462151394,2.5801792828685257,0.4222035323801514,1189.0,0.5050590219224284,0.022829424292711065,2.2399600585852206
align_5_15,80,10,ALL,801,0.5068664169787765,1.5190387016229714,0.6736753574432296,1189.0,0.5050590219224284,0.0018073950563481933,1.178819477339666
accel_with_med,80,10,ALL,500,0.52,2.13,0.42052144659377627,1189.0,0.5050590219224284,0.014940978077571665,1.7897807757166946
rev_short_vs_med,80,10,ALL,496,0.4959677419354839,-0.9576612903225806,0.41715727502102606,1189.0,0.5050590219224284,-0.009091279986944478,-1.2978805146058858
disagree_follow_short,80,10,ALL,496,0.5,0.9576612903225806,0.41715727502102606,1189.0,0.5050590219224284,-0.005059021922428353,0.6174420660392754
follow_5,80,10,ALL,1161,0.49698535745047373,1.3466838931955212,0.9764507989907485,1189.0,0.5050590219224284,-0.008073664471954622,1.0064646689122159
follow_15,80,10,ALL,1178,0.5059422750424448,0.7175297113752123,0.990748528174937,1189.0,0.5050590219224284,0.0008832531200164695,0.377310487091907
persist_5m,80,10,ALL,550,0.49272727272727274,1.415909090909091,0.4625735912531539,1189.0,0.5050590219224284,-0.012331749195155617,1.0756898666257857
flip_5m,80,10,ALL,594,0.5,1.3337542087542087,0.49957947855340623,1189.0,0.5050590219224284,-0.005059021922428353,0.9935349844709034
HIGH_ALONE_FOLLOW,80,15,ALL,1186,0.5143338954468802,1.5158094435075886,0.9974768713204374,,,,
HIGH_ALONE_LONG,80,15,ALL,1189,0.5029436501261564,-0.6951219512195121,1.0,,,,
align_1_5,80,15,ALL,721,0.5242718446601942,2.6265603328710125,0.6063919259882254,1189.0,0.5143338954468802,0.009937949213313924,1.110750889363424
align_1_5_15,80,15,ALL,502,0.547808764940239,3.091633466135458,0.4222035323801514,1189.0,0.5143338954468802,0.03347486949335876,1.5758240226278695
align_5_15,80,15,ALL,801,0.5156054931335831,2.0024968789013733,0.6736753574432296,1189.0,0.5143338954468802,0.001271597686702819,0.4866874353937847
accel_with_med,80,15,ALL,500,0.536,2.831,0.42052144659377627,1189.0,0.5143338954468802,0.02166610455311979,1.3151905564924113
rev_short_vs_med,80,15,ALL,496,0.4899193548387097,-0.6431451612903226,0.41715727502102606,1189.0,0.5143338954468802,-0.024414540608170554,-2.1589546047979113
disagree_follow_short,80,15,ALL,496,0.4939516129032258,0.6431451612903226,0.41715727502102606,1189.0,0.5143338954468802,-0.02038228254365443,-0.872664282217266
follow_5,80,15,ALL,1161,0.5055986218776917,1.6785099052540913,0.9764507989907485,1189.0,0.5143338954468802,-0.008735273569188573,0.16270046174650266
follow_15,80,15,ALL,1178,0.5135823429541596,1.0853140916808148,0.990748528174937,1189.0,0.5143338954468802,-0.0007515524927206307,-0.4304953518267738
persist_5m,80,15,ALL,550,0.5,1.7372727272727273,0.4625735912531539,1189.0,0.5143338954468802,-0.01433389544688024,0.22146328376513869
flip_5m,80,15,ALL,594,0.5067340067340067,1.643939393939394,0.49957947855340623,1189.0,0.5143338954468802,-0.007599888712873537,0.12812995043180542
HIGH_ALONE_FOLLOW,80,30,ALL,1186,0.4772344013490725,0.2643338954468803,0.9974768713204374,,,,
HIGH_ALONE_LONG,80,30,ALL,1189,0.5382674516400336,0.6675777964676198,1.0,,,,
align_1_5,80,30,ALL,721,0.5006934812760055,1.2031900138696254,0.6063919259882254,1189.0,0.4772344013490725,0.023459079926933024,0.9388561184227451
align_1_5_15,80,30,ALL,502,0.5139442231075697,1.4018924302788844,0.4222035323801514,1189.0,0.4772344013490725,0.036709821758497185,1.137558534832004
align_5_15,80,30,ALL,801,0.4943820224719101,1.3186641697877652,0.6736753574432296,1189.0,0.4772344013490725,0.017147621122837575,1.0543302743408849
accel_with_med,80,30,ALL,500,0.506,1.1565,0.42052144659377627,1189.0,0.4772344013490725,0.028765598650927482,0.8921661045531197
rev_short_vs_med,80,30,ALL,496,0.48588709677419356,0.23487903225806453,0.41715727502102606,1189.0,0.4772344013490725,0.008652695425121038,-0.029454863188815766
disagree_follow_short,80,30,ALL,496,0.5060483870967742,-0.23487903225806453,0.41715727502102606,1189.0,0.4772344013490725,0.02881398574770172,-0.49921292770494485
follow_5,80,30,ALL,1161,0.4909560723514212,1.258182601205857,0.9764507989907485,1189.0,0.4772344013490725,0.013721671002348668,0.9938487057589767
follow_15,80,30,ALL,1178,0.499151103565365,0.6039898132427843,0.990748528174937,1189.0,0.4772344013490725,0.021916702216292494,0.33965591779590404
persist_5m,80,30,ALL,550,0.48363636363636364,0.8627272727272727,0.4625735912531539,1189.0,0.4772344013490725,0.006401962287291119,0.5983933772803924
flip_5m,80,30,ALL,594,0.5033670033670034,1.7786195286195285,0.49957947855340623,1189.0,0.4772344013490725,0.026132602017930828,1.5142856331726482
HIGH_ALONE_FOLLOW,85,10,IS,818,0.5073349633251834,0.6943765281173594,0.9987789987789988,,,,
HIGH_ALONE_LONG,85,10,IS,819,0.4896214896214896,-0.6852869352869353,1.0,,,,
align_1_5,85,10,IS,485,0.5319587628865979,0.6097938144329897,0.5921855921855922,819.0,0.5073349633251834,0.024623799561414583,-0.08458271368436965
align_1_5_15,85,10,IS,351,0.5413105413105413,1.3027065527065527,0.42857142857142855,819.0,0.5073349633251834,0.033975577985357996,0.6083300245891933
align_5_15,85,10,IS,559,0.5223613595706619,0.8680679785330948,0.6825396825396826,819.0,0.5073349633251834,0.015026396245478524,0.17369145041573542
accel_with_med,85,10,IS,371,0.5202156334231806,1.423854447439353,0.452991452991453,819.0,0.5073349633251834,0.012880670097997204,0.7294779193219937
rev_short_vs_med,85,10,IS,322,0.48757763975155277,0.5481366459627329,0.39316239316239315,819.0,0.5073349633251834,-0.01975732357363058,-0.14623988215462647
disagree_follow_short,85,10,IS,322,0.5,-0.5481366459627329,0.39316239316239315,819.0,0.5073349633251834,-0.007334963325183352,-1.2425131740800923
follow_5,85,10,IS,792,0.5075757575757576,0.23106060606060605,0.967032967032967,819.0,0.5073349633251834,0.00024079425057421666,-0.4633159220567533
follow_15,85,10,IS,806,0.511166253101737,0.8774813895781638,0.9841269841269841,819.0,0.5073349633251834,0.00383128977655367,0.1831048614608044
persist_5m,85,10,IS,399,0.5012531328320802,0.62468671679198,0.48717948717948717,819.0,0.5073349633251834,-0.00608183049310318,-0.06968981132537944
flip_5m,85,10,IS,367,0.5149863760217984,-0.18664850136239783,0.4481074481074481,819.0,0.5073349633251834,0.0076514126966150675,-0.8810250294797572
HIGH_ALONE_FOLLOW,85,15,IS,818,0.460880195599022,0.17573349633251834,0.9987789987789988,,,,
HIGH_ALONE_LONG,85,15,IS,819,0.5115995115995116,-0.525946275946276,1.0,,,,
align_1_5,85,15,IS,485,0.5298969072164949,0.8494845360824742,0.5921855921855922,819.0,0.460880195599022,0.06901671161747286,0.6737510397499559
align_1_5_15,85,15,IS,351,0.5327635327635327,1.3283475783475784,0.42857142857142855,819.0,0.460880195599022,0.07188333716451073,1.15261408201506
align_5_15,85,15,IS,559,0.5062611806797853,0.9432021466905188,0.6825396825396826,819.0,0.460880195599022,0.045380985080763325,0.7674686503580005
accel_with_med,85,15,IS,371,0.5121293800539084,1.3564690026954178,0.452991452991453,819.0,0.460880195599022,0.05124918445488641,1.1807355063628995
rev_short_vs_med,85,15,IS,322,0.45962732919254656,0.3610248447204969,0.39316239316239315,819.0,0.460880195599022,-0.001252866406475428,0.18529134838797856
disagree_follow_short,85,15,IS,322,0.515527950310559,-0.3610248447204969,0.39316239316239315,819.0,0.460880195599022,0.05464775471153699,-0.5367583410530152
follow_5,85,15,IS,792,0.5012626262626263,0.43970959595959597,0.967032967032967,819.0,0.460880195599022,0.04038243066360431,0.26397609962707763
follow_15,85,15,IS,806,0.49255583126550867,0.7779156327543424,0.9841269841269841,819.0,0.460880195599022,0.03167563566648668,0.602182136421824
persist_5m,85,15,IS,399,0.47869674185463656,0.6622807017543859,0.48717948717948717,819.0,0.460880195599022,0.017816546255614574,0.4865472054218676
flip_5m,85,15,IS,367,0.5204359673024523,0.1505449591280654,0.4481074481074481,819.0,0.460880195599022,0.05955577170343035,-0.025188537204452938
HIGH_ALONE_FOLLOW,85,30,IS,818,0.4718826405867971,0.40495110024449876,0.9987789987789988,,,,
HIGH_ALONE_LONG,85,30,IS,819,0.5506715506715507,0.12454212454212454,1.0,,,,
align_1_5,85,30,IS,485,0.49690721649484537,0.29175257731958765,0.5921855921855922,819.0,0.4718826405867971,0.025024575908048297,-0.11319852292491112
align_1_5_15,85,30,IS,351,0.5156695156695157,0.7991452991452992,0.42857142857142855,819.0,0.4718826405867971,0.04378687508271861,0.39419419890080043
align_5_15,85,30,IS,559,0.49016100178890876,0.3949016100178891,0.6825396825396826,819.0,0.4718826405867971,0.01827836120211168,-0.01004949022660967
accel_with_med,85,30,IS,371,0.5094339622641509,0.6920485175202157,0.452991452991453,819.0,0.4718826405867971,0.037551321677353866,0.2870974172757169
rev_short_vs_med,85,30,IS,322,0.4968944099378882,0.47748447204968947,0.39316239316239315,819.0,0.4718826405867971,0.025011769351091118,0.0725333718051907
disagree_follow_short,85,30,IS,322,0.4968944099378882,-0.47748447204968947,0.39316239316239315,819.0,0.4718826405867971,0.025011769351091118,-0.8824355722941882
follow_5,85,30,IS,792,0.4823232323232323,0.26073232323232326,0.967032967032967,819.0,0.4718826405867971,0.010440591736435245,-0.1442187770121755
follow_15,85,30,IS,806,0.5024813895781638,0.2707816377171216,0.9841269841269841,819.0,0.4718826405867971,0.03059874899136672,-0.13416946252737716
persist_5m,85,30,IS,399,0.47619047619047616,0.3659147869674185,0.48717948717948717,819.0,0.4718826405867971,0.004307835603679089,-0.03903631327708024
flip_5m,85,30,IS,367,0.4822888283378747,0.11989100817438691,0.4481074481074481,819.0,0.4718826405867971,0.0104061877510776,-0.28506009207011185
HIGH_ALONE_FOLLOW,85,10,Validation,243,0.5185185185185185,-0.18415637860082304,1.0,,,,
HIGH_ALONE_LONG,85,10,Validation,243,0.5185185185185185,-0.338477366255144,1.0,,,,
align_1_5,85,10,Validation,151,0.4966887417218543,-1.2549668874172186,0.6213991769547325,243.0,0.5185185185185185,-0.021829776796664202,-1.0708105088163955
align_1_5_15,85,10,Validation,115,0.4782608695652174,-1.4282608695652175,0.4732510288065844,243.0,0.5185185185185185,-0.040257648953301084,-1.2441044909643943
align_5_15,85,10,Validation,179,0.441340782122905,-2.9804469273743015,0.7366255144032922,243.0,0.5185185185185185,-0.07717773639561348,-2.7962905487734786
accel_with_med,85,10,Validation,107,0.5046728971962616,-0.5070093457943925,0.4403292181069959,243.0,0.5185185185185185,-0.013845621322256862,-0.3228529671935695
rev_short_vs_med,85,10,Validation,98,0.3979591836734694,-3.7831632653061225,0.40329218106995884,243.0,0.5185185185185185,-0.1205593348450491,-3.5990068867052996
disagree_follow_short,85,10,Validation,98,0.6020408163265306,3.7831632653061225,0.40329218106995884,243.0,0.5185185185185185,0.08352229780801212,3.9673196439069454
follow_5,85,10,Validation,242,0.45454545454545453,-2.6229338842975207,0.9958847736625515,243.0,0.5185185185185185,-0.06397306397306396,-2.438777505696698
follow_15,85,10,Validation,243,0.4609053497942387,-1.7479423868312758,1.0,243.0,0.5185185185185185,-0.057613168724279795,-1.5637860082304527
persist_5m,85,10,Validation,141,0.44680851063829785,-2.1790780141843973,0.5802469135802469,243.0,0.5185185185185185,-0.07171000788022064,-1.9949216355835742
flip_5m,85,10,Validation,100,0.47,-3.1625,0.411522633744856,243.0,0.5185185185185185,-0.048518518518518516,-2.978343621399177
HIGH_ALONE_FOLLOW,85,15,Validation,243,0.5020576131687243,1.3106995884773662,1.0,,,,
HIGH_ALONE_LONG,85,15,Validation,243,0.522633744855967,-0.27983539094650206,1.0,,,,
align_1_5,85,15,Validation,151,0.4503311258278146,-2.5033112582781456,0.6213991769547325,243.0,0.5020576131687243,-0.05172648734090973,-3.8140108467555116
align_1_5_15,85,15,Validation,115,0.4608695652173913,-0.6152173913043478,0.4732510288065844,243.0,0.5020576131687243,-0.04118804795133302,-1.925916979781714
align_5_15,85,15,Validation,179,0.4692737430167598,-1.8798882681564246,0.7366255144032922,243.0,0.5020576131687243,-0.032783870151964545,-3.190587856633791
accel_with_med,85,15,Validation,107,0.4672897196261682,-0.45794392523364486,0.4403292181069959,243.0,0.5020576131687243,-0.034767893542556105,-1.768643513711011
rev_short_vs_med,85,15,Validation,98,0.5102040816326531,0.21683673469387754,0.40329218106995884,243.0,0.5020576131687243,0.008146468463928747,-1.0938628537834887
disagree_follow_short,85,15,Validation,98,0.4897959183673469,-0.21683673469387754,0.40329218106995884,243.0,0.5020576131687243,-0.012261694801377399,-1.5275363231712438
follow_5,85,15,Validation,242,0.45041322314049587,-3.2262396694214877,0.9958847736625515,243.0,0.5020576131687243,-0.05164439002822846,-4.536939257898854
follow_15,85,15,Validation,243,0.5020576131687243,0.3950617283950617,1.0,243.0,0.5020576131687243,0.0,-0.9156378600823045
persist_5m,85,15,Validation,141,0.48226950354609927,-1.7074468085106382,0.5802469135802469,243.0,0.5020576131687243,-0.01978810962262506,-3.0181463969880045
flip_5m,85,15,Validation,100,0.41,-5.3375,0.411522633744856,243.0,0.5020576131687243,-0.09205761316872435,-6.648199588477366
HIGH_ALONE_FOLLOW,85,30,Validation,243,0.5185185185185185,2.5843621399176953,1.0,,,,
HIGH_ALONE_LONG,85,30,Validation,243,0.5102880658436214,-0.7057613168724279,1.0,,,,
align_1_5,85,30,Validation,151,0.4900662251655629,-4.672185430463577,0.6213991769547325,243.0,0.5185185185185185,-0.02845229335295557,-7.256547570381272
align_1_5_15,85,30,Validation,115,0.48695652173913045,-3.8978260869565218,0.4732510288065844,243.0,0.5185185185185185,-0.031561996779388035,-6.482188226874217
align_5_15,85,30,Validation,179,0.5083798882681564,-0.5963687150837989,0.7366255144032922,243.0,0.5185185185185185,-0.010138630250362102,-3.180730855001494
accel_with_med,85,30,Validation,107,0.514018691588785,-2.336448598130841,0.4403292181069959,243.0,0.5185185185185185,-0.004499826929733497,-4.920810738048536
rev_short_vs_med,85,30,Validation,98,0.5102040816326531,5.553571428571429,0.40329218106995884,243.0,0.5185185185185185,-0.008314436885865417,2.9692092886537336
disagree_follow_short,85,30,Validation,98,0.4897959183673469,-5.553571428571429,0.40329218106995884,243.0,0.5185185185185185,-0.028722600151171562,-8.137933568489125
follow_5,85,30,Validation,242,0.4834710743801653,-3.2830578512396693,0.9958847736625515,243.0,0.5185185185185185,-0.0350474441383532,-5.867419991157364
follow_15,85,30,Validation,243,0.5267489711934157,2.3004115226337447,1.0,243.0,0.5185185185185185,0.008230452674897193,-0.28395061728395055
persist_5m,85,30,Validation,141,0.475177304964539,-0.0425531914893617,0.5802469135802469,243.0,0.5185185185185185,-0.04334121355397946,-2.626915331407057
flip_5m,85,30,Validation,100,0.49,-7.9625,0.411522633744856,243.0,0.5185185185185185,-0.0285185185185185,-10.546862139917696
HIGH_ALONE_FOLLOW,85,10,OOS,127,0.5511811023622047,7.633858267716535,1.0,,,,
HIGH_ALONE_LONG,85,10,OOS,127,0.5196850393700787,-3.4606299212598426,1.0,,,,
align_1_5,85,10,OOS,85,0.4588235294117647,-3.8441176470588236,0.6692913385826772,127.0,0.5511811023622047,-0.09235757295044006,-11.477975914775358
align_1_5_15,85,10,OOS,65,0.47692307692307695,0.19230769230769232,0.5118110236220472,127.0,0.5511811023622047,-0.0742580254391278,-7.441550575408843
align_5_15,85,10,OOS,94,0.43617021276595747,-5.101063829787234,0.7401574803149606,127.0,0.5511811023622047,-0.11501088959624728,-12.73492209750377
accel_with_med,85,10,OOS,63,0.5079365079365079,-1.0952380952380953,0.49606299212598426,127.0,0.5511811023622047,-0.043244594425696836,-8.72909636295463
rev_short_vs_med,85,10,OOS,50,0.46,-3.03,0.3937007874015748,127.0,0.5511811023622047,-0.09118110236220472,-10.663858267716535
disagree_follow_short,85,10,OOS,50,0.54,3.03,0.3937007874015748,127.0,0.5511811023622047,-0.011181102362204709,-4.603858267716536
follow_5,85,10,OOS,126,0.42063492063492064,-7.740079365079365,0.9921259842519685,127.0,0.5511811023622047,-0.1305461817272841,-15.3739376327959
follow_15,85,10,OOS,127,0.4881889763779528,0.1377952755905512,1.0,127.0,0.5511811023622047,-0.06299212598425197,-7.496062992125984
persist_5m,85,10,OOS,64,0.515625,1.11328125,0.5039370078740157,127.0,0.5511811023622047,-0.035556102362204745,-6.520577017716535
flip_5m,85,10,OOS,62,0.3225806451612903,-16.879032258064516,0.4881889763779528,127.0,0.5511811023622047,-0.22860045720091443,-24.512890525781053
HIGH_ALONE_FOLLOW,85,15,OOS,127,0.5039370078740157,2.372047244094488,1.0,,,,
HIGH_ALONE_LONG,85,15,OOS,127,0.5354330708661418,1.3208661417322836,1.0,,,,
align_1_5,85,15,OOS,85,0.4588235294117647,-2.838235294117647,0.6692913385826772,127.0,0.5039370078740157,-0.045113478462251055,-5.210282538212136
align_1_5_15,85,15,OOS,65,0.49230769230769234,0.13076923076923078,0.5118110236220472,127.0,0.5039370078740157,-0.011629315566323406,-2.2412780133252572
align_5_15,85,15,OOS,94,0.46808510638297873,-4.803191489361702,0.7401574803149606,127.0,0.5039370078740157,-0.03585190149103701,-7.17523873345619
accel_with_med,85,15,OOS,63,0.49206349206349204,-3.1626984126984126,0.49606299212598426,127.0,0.5039370078740157,-0.011873515810523705,-5.5347456567929
rev_short_vs_med,85,15,OOS,50,0.5,-4.385,0.3937007874015748,127.0,0.5039370078740157,-0.003937007874015741,-6.757047244094488
disagree_follow_short,85,15,OOS,50,0.5,4.385,0.3937007874015748,127.0,0.5039370078740157,-0.003937007874015741,2.012952755905512
follow_5,85,15,OOS,126,0.4603174603174603,-5.10515873015873,0.9921259842519685,127.0,0.5039370078740157,-0.04361954755655545,-7.477205974253218
follow_15,85,15,OOS,127,0.4881889763779528,-2.1161417322834644,1.0,127.0,0.5039370078740157,-0.015748031496062964,-4.488188976377952
persist_5m,85,15,OOS,64,0.5625,1.65234375,0.5039370078740157,127.0,0.5039370078740157,0.05856299212598426,-0.719703494094488
flip_5m,85,15,OOS,62,0.3548387096774194,-12.080645161290322,0.4881889763779528,127.0,0.5039370078740157,-0.14909829819659637,-14.45269240538481
HIGH_ALONE_FOLLOW,85,30,OOS,127,0.5275590551181102,-4.452755905511811,1.0,,,,
HIGH_ALONE_LONG,85,30,OOS,127,0.48031496062992124,-1.594488188976378,1.0,,,,
align_1_5,85,30,OOS,85,0.4588235294117647,-1.5823529411764705,0.6692913385826772,127.0,0.5275590551181102,-0.0687355257063455,2.870402964335341
align_1_5_15,85,30,OOS,65,0.46153846153846156,0.6,0.5118110236220472,127.0,0.5275590551181102,-0.06602059357964862,5.052755905511811
align_5_15,85,30,OOS,94,0.425531914893617,-11.47340425531915,0.7401574803149606,127.0,0.5275590551181102,-0.10202714022449316,-7.020648349807338
accel_with_med,85,30,OOS,63,0.4444444444444444,3.2142857142857144,0.49606299212598426,127.0,0.5275590551181102,-0.08311461067366577,7.6670416197975255
rev_short_vs_med,85,30,OOS,50,0.42,-21.325,0.3937007874015748,127.0,0.5275590551181102,-0.1075590551181102,-16.872244094488188
disagree_follow_short,85,30,OOS,50,0.58,21.325,0.3937007874015748,127.0,0.5275590551181102,0.05244094488188977,25.77775590551181
follow_5,85,30,OOS,126,0.42063492063492064,-12.41468253968254,0.9921259842519685,127.0,0.5275590551181102,-0.10692413448318955,-7.961926634170728
follow_15,85,30,OOS,127,0.4645669291338583,-5.6299212598425195,1.0,127.0,0.5275590551181102,-0.06299212598425191,-1.1771653543307083
persist_5m,85,30,OOS,64,0.4375,-12.37890625,0.5039370078740157,127.0,0.5275590551181102,-0.09005905511811019,-7.926150344488189
flip_5m,85,30,OOS,62,0.4032258064516129,-12.451612903225806,0.4881889763779528,127.0,0.5275590551181102,-0.12433324866649731,-7.998856997713995
HIGH_ALONE_FOLLOW,85,10,ALL,1188,0.5143097643097643,1.256523569023569,0.9991589571068125,,,,
HIGH_ALONE_LONG,85,10,ALL,1189,0.4987384356602187,-0.9108494533221194,1.0,,,,
align_1_5,85,10,ALL,721,0.5159500693481276,-0.3058252427184466,0.6063919259882254,1189.0,0.5143097643097643,0.001640305038363321,-1.5623488117420155
align_1_5_15,85,10,ALL,531,0.519774011299435,0.5753295668549906,0.4465937762825904,1189.0,0.5143097643097643,0.00546424698967074,-0.6811940021685784
align_5_15,85,10,ALL,832,0.4951923076923077,-0.6343149038461539,0.6997476871320437,1189.0,0.5143097643097643,-0.019117456617456563,-1.890838472869723
accel_with_med,85,10,ALL,541,0.5157116451016636,0.7486136783733827,0.45500420521446594,1189.0,0.5143097643097643,0.0014018807918992904,-0.5079098906501863
rev_short_vs_med,85,10,ALL,470,0.46595744680851064,-0.7356382978723405,0.3952901597981497,1189.0,0.5143097643097643,-0.04835231750125363,-1.9921618668959096
disagree_follow_short,85,10,ALL,470,0.5255319148936171,0.7356382978723405,0.3952901597981497,1189.0,0.5143097643097643,0.011222150583852786,-0.5208852711512285
follow_5,85,10,ALL,1160,0.4870689655172414,-1.2301724137931034,0.975609756097561,1189.0,0.5143097643097643,-0.02724079879252289,-2.4866959828166726
follow_15,85,10,ALL,1176,0.49829931972789115,0.25510204081632654,0.9890664423885618,1189.0,0.5143097643097643,-0.016010444581873118,-1.0014215282072425
persist_5m,85,10,ALL,604,0.4900662251655629,0.021937086092715233,0.5079899074852817,1189.0,0.5143097643097643,-0.024243539144201354,-1.2345864829308537
flip_5m,85,10,ALL,529,0.4839319470699433,-2.705576559546314,0.4449116904962153,1189.0,0.5143097643097643,-0.03037781723982097,-3.962100128569883
HIGH_ALONE_FOLLOW,85,15,ALL,1188,0.4739057239057239,0.6426767676767676,0.9991589571068125,,,,
HIGH_ALONE_LONG,85,15,ALL,1189,0.5164003364171573,-0.2783851976450799,1.0,,,,
align_1_5,85,15,ALL,721,0.5048543689320388,-0.28744798890429957,0.6063919259882254,1189.0,0.4739057239057239,0.030948645026314947,-0.9301247565810672
align_1_5_15,85,15,ALL,531,0.512241054613936,0.7608286252354048,0.4465937762825904,1189.0,0.4739057239057239,0.0383353307082121,0.11815185755863722
align_5_15,85,15,ALL,832,0.49399038461538464,-0.3134014423076923,0.6997476871320437,1189.0,0.4739057239057239,0.02008466070966075,-0.9560782099844599
accel_with_med,85,15,ALL,541,0.5009242144177449,0.4713493530499076,0.45500420521446594,1189.0,0.4739057239057239,0.027018490512021043,-0.17132741462686002
rev_short_vs_med,85,15,ALL,470,0.474468085106383,-0.17393617021276594,0.3952901597981497,1189.0,0.4739057239057239,0.0005623612006591117,-0.8166129378895336
disagree_follow_short,85,15,ALL,470,0.5085106382978724,0.17393617021276594,0.3952901597981497,1189.0,0.4739057239057239,0.03460491439214847,-0.46874059746400165
follow_5,85,15,ALL,1160,0.4862068965517241,-0.9273706896551724,0.975609756097561,1189.0,0.4739057239057239,0.012301172646000225,-1.57004745733194
follow_15,85,15,ALL,1176,0.49404761904761907,0.3862670068027211,0.9890664423885618,1189.0,0.4739057239057239,0.020141895141895183,-0.25640976087404654
persist_5m,85,15,ALL,604,0.48841059602649006,0.21399006622516556,0.5079899074852817,1189.0,0.4739057239057239,0.014504872120766177,-0.42868670145160204
flip_5m,85,15,ALL,529,0.48015122873345933,-2.320415879017013,0.4449116904962153,1189.0,0.4739057239057239,0.006245504827735449,-2.963092646693781
HIGH_ALONE_FOLLOW,85,30,ALL,1188,0.48737373737373735,0.3314393939393939,0.9991589571068125,,,,
HIGH_ALONE_LONG,85,30,ALL,1189,0.5349032800672834,-0.2287636669470143,1.0,,,,
align_1_5,85,30,ALL,721,0.4909847434119279,-0.9687933425797504,0.6063919259882254,1189.0,0.48737373737373735,0.003611006038190534,-1.3002327365191442
align_1_5_15,85,30,ALL,531,0.5028248587570622,-0.24246704331450095,0.4465937762825904,1189.0,0.48737373737373735,0.015451121383324828,-0.5739064372538949
align_5_15,85,30,ALL,832,0.48677884615384615,-1.1592548076923077,0.6997476871320437,1189.0,0.48737373737373735,-0.0005948912198912026,-1.4906942016317015
accel_with_med,85,30,ALL,541,0.5027726432532348,0.3867837338262477,0.45500420521446594,1189.0,0.48737373737373735,0.015398905879497438,0.05534433988685378
rev_short_vs_med,85,30,ALL,470,0.49148936170212765,-0.7835106382978724,0.3952901597981497,1189.0,0.48737373737373735,0.004115624328390299,-1.1149500322372663
disagree_follow_short,85,30,ALL,470,0.5042553191489362,0.7835106382978724,0.3952901597981497,1189.0,0.48737373737373735,0.01688158177519883,0.45207124435847845
follow_5,85,30,ALL,1160,0.47586206896551725,-1.8553879310344827,0.975609756097561,1189.0,0.48737373737373735,-0.0115116684082201,-2.1868273249738768
follow_15,85,30,ALL,1176,0.5034013605442177,0.05293367346938776,0.9890664423885618,1189.0,0.48737373737373735,0.016027623170480343,-0.27850572047000616
persist_5m,85,30,ALL,604,0.4718543046357616,-1.0798841059602649,0.5079899074852817,1189.0,0.48737373737373735,-0.015519432737975736,-1.4113234998996589
flip_5m,85,30,ALL,529,0.47448015122873344,-2.8813799621928164,0.4449116904962153,1189.0,0.48737373737373735,-0.01289358614500391,-3.2128193561322105
HIGH_ALONE_FOLLOW,90,10,IS,819,0.4358974358974359,-0.32264957264957267,0.998780487804878,,,,
HIGH_ALONE_LONG,90,10,IS,820,0.5048780487804878,-0.4600609756097561,1.0,,,,
align_1_5,90,10,IS,523,0.4665391969407266,0.05449330783938815,0.6378048780487805,820.0,0.4358974358974359,0.030641761043290694,0.37714288048896083
align_1_5_15,90,10,IS,375,0.45066666666666666,0.043333333333333335,0.4573170731707317,820.0,0.4358974358974359,0.014769230769230757,0.365982905982906
align_5_15,90,10,IS,549,0.46265938069216755,0.4562841530054645,0.6695121951219513,820.0,0.4358974358974359,0.02676194479473165,0.7789337256550372
accel_with_med,90,10,IS,383,0.46736292428198434,0.3381201044386423,0.46707317073170734,820.0,0.4358974358974359,0.031465488384548435,0.660769677088215
rev_short_vs_med,90,10,IS,295,0.48135593220338985,0.6491525423728813,0.3597560975609756,820.0,0.4358974358974359,0.045458496305953944,0.9718021150224541
disagree_follow_short,90,10,IS,295,0.49830508474576274,-0.6491525423728813,0.3597560975609756,820.0,0.4358974358974359,0.062407648848326835,-0.32650296972330867
follow_5,90,10,IS,798,0.47368421052631576,0.20112781954887218,0.973170731707317,820.0,0.4358974358974359,0.03778677462887986,0.5237773921984449
follow_15,90,10,IS,811,0.46732429099876693,0.38378545006165227,0.9890243902439024,820.0,0.4358974358974359,0.03142685510133103,0.7064350227112249
persist_5m,90,10,IS,391,0.46035805626598464,0.41304347826086957,0.4768292682926829,820.0,0.4358974358974359,0.024460620368548736,0.7356930509104422
flip_5m,90,10,IS,380,0.4868421052631579,-0.06907894736842106,0.4634146341463415,820.0,0.4358974358974359,0.050944669365722006,0.2535706252811516
HIGH_ALONE_FOLLOW,90,15,IS,819,0.4456654456654457,-0.28174603174603174,0.998780487804878,,,,
HIGH_ALONE_LONG,90,15,IS,820,0.5329268292682927,-0.0722560975609756,1.0,,,,
align_1_5,90,15,IS,523,0.4627151051625239,0.3326959847036329,0.6378048780487805,820.0,0.4456654456654457,0.017049659497078207,0.6144420164496647
align_1_5_15,90,15,IS,375,0.4666666666666667,0.684,0.4573170731707317,820.0,0.4456654456654457,0.021001221001220982,0.9657460317460318
align_5_15,90,15,IS,549,0.46083788706739526,0.5414389799635702,0.6695121951219513,820.0,0.4456654456654457,0.015172441401949566,0.8231850117096019
accel_with_med,90,15,IS,383,0.4699738903394256,1.0548302872062663,0.46707317073170734,820.0,0.4456654456654457,0.024308444673979912,1.336576318952298
rev_short_vs_med,90,15,IS,295,0.4847457627118644,0.27288135593220336,0.3597560975609756,820.0,0.4456654456654457,0.03908031704641873,0.554627387678235
disagree_follow_short,90,15,IS,295,0.5050847457627119,-0.27288135593220336,0.3597560975609756,820.0,0.4456654456654457,0.0594193000972662,0.008864675813828382
follow_5,90,15,IS,798,0.46365914786967416,0.1287593984962406,0.973170731707317,820.0,0.4456654456654457,0.017993702204228468,0.4105054302422724
follow_15,90,15,IS,811,0.4747225647348952,0.5434648581997534,0.9890243902439024,820.0,0.4456654456654457,0.029057119069449522,0.8252108899457852
persist_5m,90,15,IS,391,0.4782608695652174,0.7391304347826086,0.4768292682926829,820.0,0.4456654456654457,0.032595423899771714,1.0208764665286405
flip_5m,90,15,IS,380,0.45526315789473687,-0.569078947368421,0.4634146341463415,820.0,0.4456654456654457,0.009597712229291178,-0.2873329156223893
HIGH_ALONE_FOLLOW,90,30,IS,819,0.47985347985347987,-0.24053724053724054,0.998780487804878,,,,
HIGH_ALONE_LONG,90,30,IS,820,0.5463414634146342,0.6777439024390244,1.0,,,,
align_1_5,90,30,IS,523,0.5086042065009561,0.7084130019120459,0.6378048780487805,820.0,0.47985347985347987,0.028750726647476188,0.9489502424492865
align_1_5_15,90,30,IS,375,0.49866666666666665,0.672,0.4573170731707317,820.0,0.47985347985347987,0.018813186813186777,0.9125372405372406
align_5_15,90,30,IS,549,0.4899817850637523,0.5314207650273224,0.6695121951219513,820.0,0.47985347985347987,0.010128305210272415,0.771958005564563
accel_with_med,90,30,IS,383,0.4960835509138381,1.0718015665796345,0.46707317073170734,820.0,0.47985347985347987,0.01623007106035823,1.3123388071168751
rev_short_vs_med,90,30,IS,295,0.4745762711864407,-0.3474576271186441,0.3597560975609756,820.0,0.47985347985347987,-0.005277208667039179,-0.10692038658140354
disagree_follow_short,90,30,IS,295,0.5220338983050847,0.3474576271186441,0.3597560975609756,820.0,0.47985347985347987,0.04218041845160486,0.5879948676558846
follow_5,90,30,IS,798,0.5012531328320802,0.3117167919799499,0.973170731707317,820.0,0.47985347985347987,0.021399652978600303,0.5522540325171904
follow_15,90,30,IS,811,0.4833538840937115,0.40443896424167697,0.9890243902439024,820.0,0.47985347985347987,0.003500404240231625,0.6449762047789175
persist_5m,90,30,IS,391,0.47570332480818417,0.44820971867007675,0.4768292682926829,820.0,0.47985347985347987,-0.0041501550452957,0.6887469592073173
flip_5m,90,30,IS,380,0.5210526315789473,0.09539473684210527,0.4634146341463415,820.0,0.47985347985347987,0.04119915172546745,0.3359319773793458
HIGH_ALONE_FOLLOW,90,10,Validation,246,0.556910569105691,2.1686991869918697,1.0,,,,
HIGH_ALONE_LONG,90,10,Validation,246,0.5365853658536586,0.5772357723577236,1.0,,,,
align_1_5,90,10,Validation,167,0.4251497005988024,-5.229041916167665,0.6788617886178862,246.0,0.556910569105691,-0.13176086850688862,-7.397741103159534
align_1_5_15,90,10,Validation,119,0.42857142857142855,-7.165966386554622,0.483739837398374,246.0,0.556910569105691,-0.12833914053426249,-9.334665573546491
align_5_15,90,10,Validation,170,0.43529411764705883,-5.647058823529412,0.6910569105691057,246.0,0.556910569105691,-0.1216164514586322,-7.815758010521282
accel_with_med,90,10,Validation,119,0.4789915966386555,-3.9831932773109244,0.483739837398374,246.0,0.556910569105691,-0.07791897246703555,-6.151892464302794
rev_short_vs_med,90,10,Validation,98,0.5,-1.0153061224489797,0.3983739837398374,246.0,0.556910569105691,-0.05691056910569103,-3.1840053094408494
disagree_follow_short,90,10,Validation,98,0.4897959183673469,1.0153061224489797,0.3983739837398374,246.0,0.556910569105691,-0.0671146507383441,-1.15339306454289
follow_5,90,10,Validation,246,0.4349593495934959,-3.928861788617886,1.0,246.0,0.556910569105691,-0.12195121951219512,-6.097560975609756
follow_15,90,10,Validation,246,0.4715447154471545,-3.8760162601626016,1.0,246.0,0.556910569105691,-0.08536585365853655,-6.044715447154472
persist_5m,90,10,Validation,116,0.43103448275862066,-4.834051724137931,0.4715447154471545,246.0,0.556910569105691,-0.12587608634707037,-7.0027509111298
flip_5m,90,10,Validation,129,0.4418604651162791,-2.9689922480620154,0.524390243902439,246.0,0.556910569105691,-0.11505010398941196,-5.137691435053885
HIGH_ALONE_FOLLOW,90,15,Validation,246,0.524390243902439,2.6463414634146343,1.0,,,,
HIGH_ALONE_LONG,90,15,Validation,246,0.5487804878048781,1.3678861788617886,1.0,,,,
align_1_5,90,15,Validation,167,0.47904191616766467,-2.2934131736526946,0.6788617886178862,246.0,0.524390243902439,-0.045348327734774374,-4.939754637067329
align_1_5_15,90,15,Validation,119,0.46218487394957986,-3.592436974789916,0.483739837398374,246.0,0.524390243902439,-0.06220536995285919,-6.23877843820455
align_5_15,90,15,Validation,170,0.4588235294117647,-2.572058823529412,0.6910569105691057,246.0,0.524390243902439,-0.06556671449067436,-5.218400286944046
accel_with_med,90,15,Validation,119,0.5042016806722689,-1.504201680672269,0.483739837398374,246.0,0.524390243902439,-0.020188563230170153,-4.150543144086903
rev_short_vs_med,90,15,Validation,98,0.45918367346938777,-0.6020408163265306,0.3983739837398374,246.0,0.524390243902439,-0.06520657043305128,-3.248382279741165
disagree_follow_short,90,15,Validation,98,0.5204081632653061,0.6020408163265306,0.3983739837398374,246.0,0.524390243902439,-0.003982080637132901,-2.0443006470881038
follow_5,90,15,Validation,246,0.47560975609756095,-1.1829268292682926,1.0,246.0,0.524390243902439,-0.04878048780487809,-3.8292682926829267
follow_15,90,15,Validation,246,0.4634146341463415,-2.3719512195121952,1.0,246.0,0.524390243902439,-0.06097560975609756,-5.0182926829268295
persist_5m,90,15,Validation,116,0.49137931034482757,-1.7844827586206897,0.4715447154471545,246.0,0.524390243902439,-0.03301093355761148,-4.430824222035324
flip_5m,90,15,Validation,129,0.46511627906976744,-0.35271317829457366,0.524390243902439,246.0,0.524390243902439,-0.05927396483267161,-2.999054641709208
HIGH_ALONE_FOLLOW,90,30,Validation,246,0.540650406504065,2.5813008130081303,1.0,,,,
HIGH_ALONE_LONG,90,30,Validation,246,0.516260162601626,0.5548780487804879,1.0,,,,
align_1_5,90,30,Validation,167,0.46706586826347307,-2.065868263473054,0.6788617886178862,246.0,0.540650406504065,-0.07358453824059197,-4.647169076481184
align_1_5_15,90,30,Validation,119,0.453781512605042,-4.436974789915967,0.483739837398374,246.0,0.540650406504065,-0.08686889389902303,-7.018275602924097
align_5_15,90,30,Validation,170,0.4411764705882353,-6.577941176470588,0.6910569105691057,246.0,0.540650406504065,-0.09947393591582976,-9.15924198947872
accel_with_med,90,30,Validation,119,0.4957983193277311,-1.888655462184874,0.483739837398374,246.0,0.540650406504065,-0.04485208717633393,-4.469956275193004
rev_short_vs_med,90,30,Validation,98,0.4489795918367347,-8.076530612244898,0.3983739837398374,246.0,0.540650406504065,-0.09167081466733035,-10.657831425253029
disagree_follow_short,90,30,Validation,98,0.5510204081632653,8.076530612244898,0.3983739837398374,246.0,0.540650406504065,0.010370001659200212,5.495229799236768
follow_5,90,30,Validation,246,0.45121951219512196,-4.095528455284553,1.0,246.0,0.540650406504065,-0.08943089430894308,-6.676829268292684
follow_15,90,30,Validation,246,0.46747967479674796,-4.995934959349594,1.0,246.0,0.540650406504065,-0.07317073170731708,-7.577235772357724
persist_5m,90,30,Validation,116,0.43103448275862066,-6.230603448275862,0.4715447154471545,246.0,0.540650406504065,-0.10961592374544438,-8.811904261283992
flip_5m,90,30,Validation,129,0.4728682170542636,-1.9593023255813953,0.524390243902439,246.0,0.540650406504065,-0.06778218944980147,-4.540603138589526
HIGH_ALONE_FOLLOW,90,10,OOS,128,0.515625,-0.8359375,1.0,,,,
HIGH_ALONE_LONG,90,10,OOS,128,0.515625,0.9453125,1.0,,,,
align_1_5,90,10,OOS,85,0.4823529411764706,1.7970588235294118,0.6640625,128.0,0.515625,-0.033272058823529405,2.6329963235294116
align_1_5_15,90,10,OOS,58,0.43103448275862066,-2.8491379310344827,0.453125,128.0,0.515625,-0.08459051724137934,-2.0132004310344827
align_5_15,90,10,OOS,86,0.45348837209302323,-2.0290697674418605,0.671875,128.0,0.515625,-0.06213662790697677,-1.1931322674418605
accel_with_med,90,10,OOS,52,0.4230769230769231,-2.735576923076923,0.40625,128.0,0.515625,-0.09254807692307693,-1.899639423076923
rev_short_vs_med,90,10,OOS,56,0.4642857142857143,-5.357142857142857,0.4375,128.0,0.515625,-0.0513392857142857,-4.521205357142857
disagree_follow_short,90,10,OOS,56,0.5357142857142857,5.357142857142857,0.4375,128.0,0.515625,0.0200892857142857,6.193080357142857
follow_5,90,10,OOS,126,0.49206349206349204,1.9841269841269842,0.984375,128.0,0.515625,-0.023561507936507964,2.820064484126984
follow_15,90,10,OOS,128,0.4453125,-4.62109375,1.0,128.0,0.515625,-0.0703125,-3.78515625
persist_5m,90,10,OOS,59,0.4745762711864407,3.9745762711864407,0.4609375,128.0,0.515625,-0.04104872881355931,4.810513771186441
flip_5m,90,10,OOS,66,0.5151515151515151,0.3939393939393939,0.515625,128.0,0.515625,-0.00047348484848486194,1.229876893939394
HIGH_ALONE_FOLLOW,90,15,OOS,128,0.484375,-5.1796875,1.0,,,,
HIGH_ALONE_LONG,90,15,OOS,128,0.546875,-0.0390625,1.0,,,,
align_1_5,90,15,OOS,85,0.49411764705882355,-0.711764705882353,0.6640625,128.0,0.484375,0.00974264705882355,4.467922794117647
align_1_5_15,90,15,OOS,58,0.41379310344827586,-7.021551724137931,0.453125,128.0,0.484375,-0.07058189655172414,-1.8418642241379306
align_5_15,90,15,OOS,86,0.4418604651162791,-6.901162790697675,0.671875,128.0,0.484375,-0.04251453488372092,-1.7214752906976747
accel_with_med,90,15,OOS,52,0.4807692307692308,-1.5,0.40625,128.0,0.484375,-0.003605769230769218,3.6796875
rev_short_vs_med,90,15,OOS,56,0.42857142857142855,-8.758928571428571,0.4375,128.0,0.484375,-0.05580357142857145,-3.579241071428571
disagree_follow_short,90,15,OOS,56,0.5714285714285714,8.758928571428571,0.4375,128.0,0.484375,0.0870535714285714,13.938616071428571
follow_5,90,15,OOS,126,0.47619047619047616,1.2916666666666667,0.984375,128.0,0.484375,-0.008184523809523836,6.471354166666667
follow_15,90,15,OOS,128,0.4453125,-10.22265625,1.0,128.0,0.484375,-0.0390625,-5.04296875
persist_5m,90,15,OOS,59,0.5084745762711864,-2.1016949152542375,0.4609375,128.0,0.484375,0.024099576271186418,3.0779925847457625
flip_5m,90,15,OOS,66,0.4393939393939394,3.337121212121212,0.515625,128.0,0.484375,-0.04498106060606061,8.516808712121211
HIGH_ALONE_FOLLOW,90,30,OOS,128,0.453125,-2.81640625,1.0,,,,
HIGH_ALONE_LONG,90,30,OOS,128,0.5625,-4.2578125,1.0,,,,
align_1_5,90,30,OOS,85,0.35294117647058826,-0.7617647058823529,0.6640625,128.0,0.453125,-0.10018382352941174,2.054641544117647
align_1_5_15,90,30,OOS,58,0.2413793103448276,-11.758620689655173,0.453125,128.0,0.453125,-0.2117456896551724,-8.942214439655173
align_5_15,90,30,OOS,86,0.3023255813953488,-13.284883720930232,0.671875,128.0,0.453125,-0.15079941860465118,-10.468477470930232
accel_with_med,90,30,OOS,52,0.3269230769230769,0.11538461538461539,0.40625,128.0,0.453125,-0.12620192307692307,2.9317908653846154
rev_short_vs_med,90,30,OOS,56,0.42857142857142855,-18.633928571428573,0.4375,128.0,0.453125,-0.024553571428571452,-15.817522321428573
disagree_follow_short,90,30,OOS,56,0.5714285714285714,18.633928571428573,0.4375,128.0,0.453125,0.1183035714285714,21.450334821428573
follow_5,90,30,OOS,126,0.3888888888888889,-4.501984126984127,0.984375,128.0,0.453125,-0.0642361111111111,-1.6855778769841274
follow_15,90,30,OOS,128,0.3515625,-13.1015625,1.0,128.0,0.453125,-0.1015625,-10.28515625
persist_5m,90,30,OOS,59,0.3898305084745763,-7.38135593220339,0.4609375,128.0,0.453125,-0.06329449152542371,-4.56494968220339
flip_5m,90,30,OOS,66,0.3787878787878788,-3.4583333333333335,0.515625,128.0,0.453125,-0.07433712121212122,-0.6419270833333335
HIGH_ALONE_FOLLOW,90,10,ALL,1193,0.4694048616932104,0.1360016764459346,0.9991624790619765,,,,
HIGH_ALONE_LONG,90,10,ALL,1194,0.5125628140703518,-0.09568676716917923,1.0,,,,
align_1_5,90,10,ALL,775,0.4593548387096774,-0.8929032258064517,0.6490787269681743,1194.0,0.4694048616932104,-0.010050022983532969,-1.0289049022523862
align_1_5_15,90,10,ALL,552,0.4438405797101449,-1.8147644927536233,0.4623115577889447,1194.0,0.4694048616932104,-0.025564281983065484,-1.950766169199558
align_5_15,90,10,ALL,805,0.45590062111801244,-1.0981366459627329,0.6742043551088778,1194.0,0.4694048616932104,-0.013504240575197946,-1.2341383224086675
accel_with_med,90,10,ALL,554,0.4657039711191336,-0.8786101083032491,0.4639865996649916,1194.0,0.4694048616932104,-0.0037008905740767983,-1.0146117847491838
rev_short_vs_med,90,10,ALL,449,0.48329621380846327,-0.46325167037861914,0.3760469011725293,1194.0,0.4694048616932104,0.013891352115252886,-0.5992533468245538
disagree_follow_short,90,10,ALL,449,0.5011135857461024,0.46325167037861914,0.3760469011725293,1194.0,0.4694048616932104,0.031708724052892046,0.3272499939326845
follow_5,90,10,ALL,1170,0.4675213675213675,-0.4752136752136752,0.9798994974874372,1194.0,0.4694048616932104,-0.0018834941718428588,-0.6112153516596098
follow_15,90,10,ALL,1185,0.46582278481012657,-1.0411392405063291,0.992462311557789,1194.0,0.4694048616932104,-0.003582076883083818,-1.1771409169522637
persist_5m,90,10,ALL,566,0.4558303886925795,-0.2910777385159011,0.474036850921273,1194.0,0.4694048616932104,-0.01357447300063086,-0.42707941496183566
flip_5m,90,10,ALL,575,0.48,-0.6665217391304348,0.4815745393634841,1194.0,0.4694048616932104,0.010595138306789598,-0.8025234155763694
HIGH_ALONE_FOLLOW,90,15,ALL,1193,0.4660519698239732,-0.2034786253143336,0.9991624790619765,,,,
HIGH_ALONE_LONG,90,15,ALL,1194,0.5376884422110553,0.22801507537688442,1.0,,,,
align_1_5,90,15,ALL,775,0.4696774193548387,-0.34774193548387095,0.6490787269681743,1194.0,0.4660519698239732,0.003625449530865521,-0.14426331016953733
align_1_5_15,90,15,ALL,552,0.4601449275362319,-1.047554347826087,0.4623115577889447,1194.0,0.4660519698239732,-0.005907042287741304,-0.8440757225117533
align_5_15,90,15,ALL,805,0.4583850931677019,-0.9111801242236025,0.6742043551088778,1194.0,0.4660519698239732,-0.007666876656271304,-0.7077014989092689
accel_with_med,90,15,ALL,554,0.47833935018050544,0.26534296028880866,0.4639865996649916,1194.0,0.4660519698239732,0.012287380356532263,0.46882158560314224
rev_short_vs_med,90,15,ALL,449,0.47216035634743875,-1.044543429844098,0.3760469011725293,1194.0,0.4660519698239732,0.00610838652346557,-0.8410648045297645
disagree_follow_short,90,15,ALL,449,0.5167037861915368,1.044543429844098,0.3760469011725293,1194.0,0.4660519698239732,0.05065181636756361,1.2480220551584318
follow_5,90,15,ALL,1170,0.4675213675213675,-0.021794871794871794,0.9798994974874372,1194.0,0.4660519698239732,0.0014693976973943479,0.1816837535194618
follow_15,90,15,ALL,1185,0.46919831223628694,-1.2246835443037976,0.992462311557789,1194.0,0.4660519698239732,0.003146342412313763,-1.0212049189894639
persist_5m,90,15,ALL,566,0.4840989399293286,-0.07420494699646643,0.474036850921273,1194.0,0.4660519698239732,0.018046970105355442,0.12927367831786718
flip_5m,90,15,ALL,575,0.45565217391304347,-0.07217391304347825,0.4815745393634841,1194.0,0.4660519698239732,-0.01039979591092971,0.13130471227085536
HIGH_ALONE_FOLLOW,90,30,ALL,1193,0.4895222129086337,0.06496227996647108,0.9991624790619765,,,,
HIGH_ALONE_LONG,90,30,ALL,1194,0.5418760469011725,0.1233249581239531,1.0,,,,
align_1_5,90,30,ALL,775,0.48258064516129034,-0.05064516129032258,0.6490787269681743,1194.0,0.4895222129086337,-0.006941567747343336,-0.11560744125679366
align_1_5_15,90,30,ALL,552,0.46195652173913043,-1.7355072463768115,0.4623115577889447,1194.0,0.4895222129086337,-0.027565691169503248,-1.8004695263432826
align_5_15,90,30,ALL,805,0.45962732919254656,-2.445962732919255,0.6742043551088778,1194.0,0.4895222129086337,-0.029894883716087117,-2.5109250128857257
accel_with_med,90,30,ALL,554,0.48014440433212996,0.3461191335740072,0.4639865996649916,1194.0,0.4895222129086337,-0.009377808576503721,0.2811568536075361
rev_short_vs_med,90,30,ALL,449,0.46325167037861914,-4.315144766146993,0.3760469011725293,1194.0,0.4895222129086337,-0.02627054253001454,-4.380107046113464
disagree_follow_short,90,30,ALL,449,0.534521158129176,4.315144766146993,0.3760469011725293,1194.0,0.4895222129086337,0.04499894522054232,4.250182486180522
follow_5,90,30,ALL,1170,0.47863247863247865,-1.1333333333333333,0.9798994974874372,1194.0,0.4895222129086337,-0.010889734276155028,-1.1982956132998044
follow_15,90,30,ALL,1185,0.46582278481012657,-2.1755274261603375,0.992462311557789,1194.0,0.4895222129086337,-0.023699428098507114,-2.2404897061268088
persist_5m,90,30,ALL,566,0.4575971731448763,-1.7367491166077738,0.474036850921273,1194.0,0.4895222129086337,-0.03192503976375738,-1.8017113965742448
flip_5m,90,30,ALL,575,0.49391304347826087,-0.7734782608695652,0.4815745393634841,1194.0,0.4895222129086337,0.004390830569627191,-0.8384405408360363
