candidate,session_date,year,period,original_risk_points,risk_points,stop_dollars,exit_kind,net_points,net_dollars
hard_150_1r,2010-06-07,2010,Train,9.625,75.0,150.0,time,20.5,41.0
hard_150_2r,2010-06-07,2010,Train,9.625,75.0,150.0,time,20.5,41.0
hard_200_1p5r,2010-06-07,2010,Train,9.625,100.0,200.0,time,20.5,41.0
hard_200_2r,2010-06-07,2010,Train,9.625,100.0,200.0,time,20.5,41.0
skip_if_original_stop_over_200,2010-06-07,2010,Train,9.625,9.625,19.25,stop,-10.625,-21.25
hard_150_1r,2010-08-23,2010,Train,11.625,75.0,150.0,time,6.25,12.5
hard_150_2r,2010-08-23,2010,Train,11.625,75.0,150.0,time,6.25,12.5
hard_200_1p5r,2010-08-23,2010,Train,11.625,100.0,200.0,time,6.25,12.5
hard_200_2r,2010-08-23,2010,Train,11.625,100.0,200.0,time,6.25,12.5
skip_if_original_stop_over_200,2010-08-23,2010,Train,11.625,11.625,23.25,time,6.25,12.5
hard_150_1r,2010-09-27,2010,Train,4.5,75.0,150.0,time,0.0,0.0
hard_150_2r,2010-09-27,2010,Train,4.5,75.0,150.0,time,0.0,0.0
hard_200_1p5r,2010-09-27,2010,Train,4.5,100.0,200.0,time,0.0,0.0
hard_200_2r,2010-09-27,2010,Train,4.5,100.0,200.0,time,0.0,0.0
skip_if_original_stop_over_200,2010-09-27,2010,Train,4.5,4.5,9.0,stop,-5.5,-11.0
hard_150_1r,2010-11-01,2010,Train,7.75,75.0,150.0,time,5.25,10.5
hard_150_2r,2010-11-01,2010,Train,7.75,75.0,150.0,time,5.25,10.5
hard_200_1p5r,2010-11-01,2010,Train,7.75,100.0,200.0,time,5.25,10.5
hard_200_2r,2010-11-01,2010,Train,7.75,100.0,200.0,time,5.25,10.5
skip_if_original_stop_over_200,2010-11-01,2010,Train,7.75,7.75,15.5,target,14.5,29.0
hard_150_1r,2011-01-24,2011,Train,6.125,75.0,150.0,time,14.5,29.0
hard_150_2r,2011-01-24,2011,Train,6.125,75.0,150.0,time,14.5,29.0
hard_200_1p5r,2011-01-24,2011,Train,6.125,100.0,200.0,time,14.5,29.0
hard_200_2r,2011-01-24,2011,Train,6.125,100.0,200.0,time,14.5,29.0
skip_if_original_stop_over_200,2011-01-24,2011,Train,6.125,6.125,12.25,target,11.25,22.5
hard_150_1r,2011-02-28,2011,Train,4.5,75.0,150.0,time,3.0,6.0
hard_150_2r,2011-02-28,2011,Train,4.5,75.0,150.0,time,3.0,6.0
hard_200_1p5r,2011-02-28,2011,Train,4.5,100.0,200.0,time,3.0,6.0
hard_200_2r,2011-02-28,2011,Train,4.5,100.0,200.0,time,3.0,6.0
skip_if_original_stop_over_200,2011-02-28,2011,Train,4.5,4.5,9.0,target,8.0,16.0
hard_150_1r,2011-03-07,2011,Train,8.125,75.0,150.0,time,18.25,36.5
hard_150_2r,2011-03-07,2011,Train,8.125,75.0,150.0,time,18.25,36.5
hard_200_1p5r,2011-03-07,2011,Train,8.125,100.0,200.0,time,18.25,36.5
hard_200_2r,2011-03-07,2011,Train,8.125,100.0,200.0,time,18.25,36.5
skip_if_original_stop_over_200,2011-03-07,2011,Train,8.125,8.125,16.25,target,15.25,30.5
hard_150_1r,2011-03-14,2011,Train,9.0,75.0,150.0,time,-10.0,-20.0
hard_150_2r,2011-03-14,2011,Train,9.0,75.0,150.0,time,-10.0,-20.0
hard_200_1p5r,2011-03-14,2011,Train,9.0,100.0,200.0,time,-10.0,-20.0
hard_200_2r,2011-03-14,2011,Train,9.0,100.0,200.0,time,-10.0,-20.0
skip_if_original_stop_over_200,2011-03-14,2011,Train,9.0,9.0,18.0,stop,-10.0,-20.0
hard_150_1r,2011-03-25,2011,Train,4.0,75.0,150.0,time,-8.25,-16.5
hard_150_2r,2011-03-25,2011,Train,4.0,75.0,150.0,time,-8.25,-16.5
hard_200_1p5r,2011-03-25,2011,Train,4.0,100.0,200.0,time,-8.25,-16.5
hard_200_2r,2011-03-25,2011,Train,4.0,100.0,200.0,time,-8.25,-16.5
skip_if_original_stop_over_200,2011-03-25,2011,Train,4.0,4.0,8.0,target,7.0,14.0
hard_150_1r,2011-05-02,2011,Train,5.875,75.0,150.0,time,-13.75,-27.5
hard_150_2r,2011-05-02,2011,Train,5.875,75.0,150.0,time,-13.75,-27.5
hard_200_1p5r,2011-05-02,2011,Train,5.875,100.0,200.0,time,-13.75,-27.5
hard_200_2r,2011-05-02,2011,Train,5.875,100.0,200.0,time,-13.75,-27.5
skip_if_original_stop_over_200,2011-05-02,2011,Train,5.875,5.875,11.75,stop,-6.875,-13.75
hard_150_1r,2011-10-31,2011,Train,7.25,75.0,150.0,time,-14.5,-29.0
hard_150_2r,2011-10-31,2011,Train,7.25,75.0,150.0,time,-14.5,-29.0
hard_200_1p5r,2011-10-31,2011,Train,7.25,100.0,200.0,time,-14.5,-29.0
hard_200_2r,2011-10-31,2011,Train,7.25,100.0,200.0,time,-14.5,-29.0
skip_if_original_stop_over_200,2011-10-31,2011,Train,7.25,7.25,14.5,stop,-8.25,-16.5
hard_150_1r,2011-11-07,2011,Train,10.0,75.0,150.0,time,-27.75,-55.5
hard_150_2r,2011-11-07,2011,Train,10.0,75.0,150.0,time,-27.75,-55.5
hard_200_1p5r,2011-11-07,2011,Train,10.0,100.0,200.0,time,-27.75,-55.5
hard_200_2r,2011-11-07,2011,Train,10.0,100.0,200.0,time,-27.75,-55.5
skip_if_original_stop_over_200,2011-11-07,2011,Train,10.0,10.0,20.0,stop,-11.0,-22.0
hard_150_1r,2011-12-19,2011,Train,5.25,75.0,150.0,time,27.25,54.5
hard_150_2r,2011-12-19,2011,Train,5.25,75.0,150.0,time,27.25,54.5
hard_200_1p5r,2011-12-19,2011,Train,5.25,100.0,200.0,time,27.25,54.5
hard_200_2r,2011-12-19,2011,Train,5.25,100.0,200.0,time,27.25,54.5
skip_if_original_stop_over_200,2011-12-19,2011,Train,5.25,5.25,10.5,target,9.5,19.0
hard_150_1r,2012-01-09,2012,Train,5.875,75.0,150.0,time,-0.75,-1.5
hard_150_2r,2012-01-09,2012,Train,5.875,75.0,150.0,time,-0.75,-1.5
hard_200_1p5r,2012-01-09,2012,Train,5.875,100.0,200.0,time,-0.75,-1.5
hard_200_2r,2012-01-09,2012,Train,5.875,100.0,200.0,time,-0.75,-1.5
skip_if_original_stop_over_200,2012-01-09,2012,Train,5.875,5.875,11.75,stop,-6.875,-13.75
hard_150_1r,2012-01-30,2012,Train,6.75,75.0,150.0,time,13.0,26.0
hard_150_2r,2012-01-30,2012,Train,6.75,75.0,150.0,time,13.0,26.0
hard_200_1p5r,2012-01-30,2012,Train,6.75,100.0,200.0,time,13.0,26.0
hard_200_2r,2012-01-30,2012,Train,6.75,100.0,200.0,time,13.0,26.0
skip_if_original_stop_over_200,2012-01-30,2012,Train,6.75,6.75,13.5,target,12.5,25.0
hard_150_1r,2012-02-13,2012,Train,5.0,75.0,150.0,time,-12.0,-24.0
hard_150_2r,2012-02-13,2012,Train,5.0,75.0,150.0,time,-12.0,-24.0
hard_200_1p5r,2012-02-13,2012,Train,5.0,100.0,200.0,time,-12.0,-24.0
hard_200_2r,2012-02-13,2012,Train,5.0,100.0,200.0,time,-12.0,-24.0
skip_if_original_stop_over_200,2012-02-13,2012,Train,5.0,5.0,10.0,stop,-6.0,-12.0
hard_150_1r,2012-02-27,2012,Train,9.875,75.0,150.0,time,5.0,10.0
hard_150_2r,2012-02-27,2012,Train,9.875,75.0,150.0,time,5.0,10.0
hard_200_1p5r,2012-02-27,2012,Train,9.875,100.0,200.0,time,5.0,10.0
hard_200_2r,2012-02-27,2012,Train,9.875,100.0,200.0,time,5.0,10.0
skip_if_original_stop_over_200,2012-02-27,2012,Train,9.875,9.875,19.75,time,5.0,10.0
hard_150_1r,2012-03-05,2012,Train,8.125,75.0,150.0,time,9.75,19.5
hard_150_2r,2012-03-05,2012,Train,8.125,75.0,150.0,time,9.75,19.5
hard_200_1p5r,2012-03-05,2012,Train,8.125,100.0,200.0,time,9.75,19.5
hard_200_2r,2012-03-05,2012,Train,8.125,100.0,200.0,time,9.75,19.5
skip_if_original_stop_over_200,2012-03-05,2012,Train,8.125,8.125,16.25,target,15.25,30.5
hard_150_1r,2012-03-12,2012,Train,4.625,75.0,150.0,time,-6.25,-12.5
hard_150_2r,2012-03-12,2012,Train,4.625,75.0,150.0,time,-6.25,-12.5
hard_200_1p5r,2012-03-12,2012,Train,4.625,100.0,200.0,time,-6.25,-12.5
hard_200_2r,2012-03-12,2012,Train,4.625,100.0,200.0,time,-6.25,-12.5
skip_if_original_stop_over_200,2012-03-12,2012,Train,4.625,4.625,9.25,stop,-5.625,-11.25
hard_150_1r,2012-05-14,2012,Train,7.0,75.0,150.0,time,-15.5,-31.0
hard_150_2r,2012-05-14,2012,Train,7.0,75.0,150.0,time,-15.5,-31.0
hard_200_1p5r,2012-05-14,2012,Train,7.0,100.0,200.0,time,-15.5,-31.0
hard_200_2r,2012-05-14,2012,Train,7.0,100.0,200.0,time,-15.5,-31.0
skip_if_original_stop_over_200,2012-05-14,2012,Train,7.0,7.0,14.0,stop,-8.0,-16.0
hard_150_1r,2012-05-21,2012,Train,13.625,75.0,150.0,time,32.0,64.0
hard_150_2r,2012-05-21,2012,Train,13.625,75.0,150.0,time,32.0,64.0
hard_200_1p5r,2012-05-21,2012,Train,13.625,100.0,200.0,time,32.0,64.0
hard_200_2r,2012-05-21,2012,Train,13.625,100.0,200.0,time,32.0,64.0
skip_if_original_stop_over_200,2012-05-21,2012,Train,13.625,13.625,27.25,target,26.25,52.5
hard_150_1r,2012-06-18,2012,Train,16.625,75.0,150.0,time,0.5,1.0
hard_150_2r,2012-06-18,2012,Train,16.625,75.0,150.0,time,0.5,1.0
hard_200_1p5r,2012-06-18,2012,Train,16.625,100.0,200.0,time,0.5,1.0
hard_200_2r,2012-06-18,2012,Train,16.625,100.0,200.0,time,0.5,1.0
skip_if_original_stop_over_200,2012-06-18,2012,Train,16.625,16.625,33.25,time,0.5,1.0
hard_150_1r,2012-07-16,2012,Train,8.5,75.0,150.0,time,-11.5,-23.0
hard_150_2r,2012-07-16,2012,Train,8.5,75.0,150.0,time,-11.5,-23.0
hard_200_1p5r,2012-07-16,2012,Train,8.5,100.0,200.0,time,-11.5,-23.0
hard_200_2r,2012-07-16,2012,Train,8.5,100.0,200.0,time,-11.5,-23.0
skip_if_original_stop_over_200,2012-07-16,2012,Train,8.5,8.5,17.0,stop,-9.5,-19.0
hard_150_1r,2012-08-31,2012,Train,17.75,75.0,150.0,time,-11.0,-22.0
hard_150_2r,2012-08-31,2012,Train,17.75,75.0,150.0,time,-11.0,-22.0
hard_200_1p5r,2012-08-31,2012,Train,17.75,100.0,200.0,time,-11.0,-22.0
hard_200_2r,2012-08-31,2012,Train,17.75,100.0,200.0,time,-11.0,-22.0
skip_if_original_stop_over_200,2012-08-31,2012,Train,17.75,17.75,35.5,stop,-18.75,-37.5
hard_150_1r,2012-09-04,2012,Train,8.5,75.0,150.0,time,-19.75,-39.5
hard_150_2r,2012-09-04,2012,Train,8.5,75.0,150.0,time,-19.75,-39.5
hard_200_1p5r,2012-09-04,2012,Train,8.5,100.0,200.0,time,-19.75,-39.5
hard_200_2r,2012-09-04,2012,Train,8.5,100.0,200.0,time,-19.75,-39.5
skip_if_original_stop_over_200,2012-09-04,2012,Train,8.5,8.5,17.0,stop,-9.5,-19.0
hard_150_1r,2012-09-06,2012,Train,14.5,75.0,150.0,time,9.25,18.5
hard_150_2r,2012-09-06,2012,Train,14.5,75.0,150.0,time,9.25,18.5
hard_200_1p5r,2012-09-06,2012,Train,14.5,100.0,200.0,time,9.25,18.5
hard_200_2r,2012-09-06,2012,Train,14.5,100.0,200.0,time,9.25,18.5
skip_if_original_stop_over_200,2012-09-06,2012,Train,14.5,14.5,29.0,time,9.25,18.5
hard_150_1r,2012-09-12,2012,Train,7.75,75.0,150.0,time,-5.0,-10.0
hard_150_2r,2012-09-12,2012,Train,7.75,75.0,150.0,time,-5.0,-10.0
hard_200_1p5r,2012-09-12,2012,Train,7.75,100.0,200.0,time,-5.0,-10.0
hard_200_2r,2012-09-12,2012,Train,7.75,100.0,200.0,time,-5.0,-10.0
skip_if_original_stop_over_200,2012-09-12,2012,Train,7.75,7.75,15.5,stop,-8.75,-17.5
hard_150_1r,2012-09-19,2012,Train,5.25,75.0,150.0,time,-16.25,-32.5
hard_150_2r,2012-09-19,2012,Train,5.25,75.0,150.0,time,-16.25,-32.5
hard_200_1p5r,2012-09-19,2012,Train,5.25,100.0,200.0,time,-16.25,-32.5
hard_200_2r,2012-09-19,2012,Train,5.25,100.0,200.0,time,-16.25,-32.5
skip_if_original_stop_over_200,2012-09-19,2012,Train,5.25,5.25,10.5,stop,-6.25,-12.5
hard_150_1r,2012-09-26,2012,Train,13.75,75.0,150.0,time,-12.0,-24.0
hard_150_2r,2012-09-26,2012,Train,13.75,75.0,150.0,time,-12.0,-24.0
hard_200_1p5r,2012-09-26,2012,Train,13.75,100.0,200.0,time,-12.0,-24.0
hard_200_2r,2012-09-26,2012,Train,13.75,100.0,200.0,time,-12.0,-24.0
skip_if_original_stop_over_200,2012-09-26,2012,Train,13.75,13.75,27.5,stop,-14.75,-29.5
hard_150_1r,2012-10-03,2012,Train,8.625,75.0,150.0,time,-1.0,-2.0
hard_150_2r,2012-10-03,2012,Train,8.625,75.0,150.0,time,-1.0,-2.0
hard_200_1p5r,2012-10-03,2012,Train,8.625,100.0,200.0,time,-1.0,-2.0
hard_200_2r,2012-10-03,2012,Train,8.625,100.0,200.0,time,-1.0,-2.0
skip_if_original_stop_over_200,2012-10-03,2012,Train,8.625,8.625,17.25,stop,-9.625,-19.25
hard_150_1r,2012-10-16,2012,Train,6.875,75.0,150.0,time,19.75,39.5
hard_150_2r,2012-10-16,2012,Train,6.875,75.0,150.0,time,19.75,39.5
hard_200_1p5r,2012-10-16,2012,Train,6.875,100.0,200.0,time,19.75,39.5
hard_200_2r,2012-10-16,2012,Train,6.875,100.0,200.0,time,19.75,39.5
skip_if_original_stop_over_200,2012-10-16,2012,Train,6.875,6.875,13.75,target,12.75,25.5
hard_150_1r,2012-10-19,2012,Train,12.375,75.0,150.0,time,31.5,63.0
hard_150_2r,2012-10-19,2012,Train,12.375,75.0,150.0,time,31.5,63.0
hard_200_1p5r,2012-10-19,2012,Train,12.375,100.0,200.0,time,31.5,63.0
hard_200_2r,2012-10-19,2012,Train,12.375,100.0,200.0,time,31.5,63.0
skip_if_original_stop_over_200,2012-10-19,2012,Train,12.375,12.375,24.75,target,23.75,47.5
hard_150_1r,2012-10-23,2012,Train,7.625,75.0,150.0,time,-10.25,-20.5
hard_150_2r,2012-10-23,2012,Train,7.625,75.0,150.0,time,-10.25,-20.5
hard_200_1p5r,2012-10-23,2012,Train,7.625,100.0,200.0,time,-10.25,-20.5
hard_200_2r,2012-10-23,2012,Train,7.625,100.0,200.0,time,-10.25,-20.5
skip_if_original_stop_over_200,2012-10-23,2012,Train,7.625,7.625,15.25,stop,-8.625,-17.25
hard_150_1r,2012-10-26,2012,Train,10.125,75.0,150.0,time,-20.0,-40.0
hard_150_2r,2012-10-26,2012,Train,10.125,75.0,150.0,time,-20.0,-40.0
hard_200_1p5r,2012-10-26,2012,Train,10.125,100.0,200.0,time,-20.0,-40.0
hard_200_2r,2012-10-26,2012,Train,10.125,100.0,200.0,time,-20.0,-40.0
skip_if_original_stop_over_200,2012-10-26,2012,Train,10.125,10.125,20.25,stop,-11.125,-22.25
hard_150_1r,2012-10-31,2012,Train,9.0,75.0,150.0,time,-1.75,-3.5
hard_150_2r,2012-10-31,2012,Train,9.0,75.0,150.0,time,-1.75,-3.5
hard_200_1p5r,2012-10-31,2012,Train,9.0,100.0,200.0,time,-1.75,-3.5
hard_200_2r,2012-10-31,2012,Train,9.0,100.0,200.0,time,-1.75,-3.5
skip_if_original_stop_over_200,2012-10-31,2012,Train,9.0,9.0,18.0,stop,-10.0,-20.0
hard_150_1r,2012-11-07,2012,Train,12.5,75.0,150.0,time,-0.25,-0.5
hard_150_2r,2012-11-07,2012,Train,12.5,75.0,150.0,time,-0.25,-0.5
hard_200_1p5r,2012-11-07,2012,Train,12.5,100.0,200.0,time,-0.25,-0.5
hard_200_2r,2012-11-07,2012,Train,12.5,100.0,200.0,time,-0.25,-0.5
skip_if_original_stop_over_200,2012-11-07,2012,Train,12.5,12.5,25.0,time,-0.25,-0.5
hard_150_1r,2012-11-28,2012,Train,10.375,75.0,150.0,time,26.5,53.0
hard_150_2r,2012-11-28,2012,Train,10.375,75.0,150.0,time,26.5,53.0
hard_200_1p5r,2012-11-28,2012,Train,10.375,100.0,200.0,time,26.5,53.0
hard_200_2r,2012-11-28,2012,Train,10.375,100.0,200.0,time,26.5,53.0
skip_if_original_stop_over_200,2012-11-28,2012,Train,10.375,10.375,20.75,target,19.75,39.5
hard_150_1r,2012-12-03,2012,Train,6.0,75.0,150.0,time,5.25,10.5
hard_150_2r,2012-12-03,2012,Train,6.0,75.0,150.0,time,5.25,10.5
hard_200_1p5r,2012-12-03,2012,Train,6.0,100.0,200.0,time,5.25,10.5
hard_200_2r,2012-12-03,2012,Train,6.0,100.0,200.0,time,5.25,10.5
skip_if_original_stop_over_200,2012-12-03,2012,Train,6.0,6.0,12.0,stop,-7.0,-14.0
hard_150_1r,2012-12-05,2012,Train,12.875,75.0,150.0,time,-4.5,-9.0
hard_150_2r,2012-12-05,2012,Train,12.875,75.0,150.0,time,-4.5,-9.0
hard_200_1p5r,2012-12-05,2012,Train,12.875,100.0,200.0,time,-4.5,-9.0
hard_200_2r,2012-12-05,2012,Train,12.875,100.0,200.0,time,-4.5,-9.0
skip_if_original_stop_over_200,2012-12-05,2012,Train,12.875,12.875,25.75,stop,-13.875,-27.75
hard_150_1r,2012-12-07,2012,Train,12.625,75.0,150.0,time,-2.5,-5.0
hard_150_2r,2012-12-07,2012,Train,12.625,75.0,150.0,time,-2.5,-5.0
hard_200_1p5r,2012-12-07,2012,Train,12.625,100.0,200.0,time,-2.5,-5.0
hard_200_2r,2012-12-07,2012,Train,12.625,100.0,200.0,time,-2.5,-5.0
skip_if_original_stop_over_200,2012-12-07,2012,Train,12.625,12.625,25.25,time,-2.5,-5.0
hard_150_1r,2012-12-26,2012,Train,5.25,75.0,150.0,time,13.0,26.0
hard_150_2r,2012-12-26,2012,Train,5.25,75.0,150.0,time,13.0,26.0
hard_200_1p5r,2012-12-26,2012,Train,5.25,100.0,200.0,time,13.0,26.0
hard_200_2r,2012-12-26,2012,Train,5.25,100.0,200.0,time,13.0,26.0
skip_if_original_stop_over_200,2012-12-26,2012,Train,5.25,5.25,10.5,target,9.5,19.0
hard_150_1r,2012-12-28,2012,Train,6.125,75.0,150.0,time,-15.25,-30.5
hard_150_2r,2012-12-28,2012,Train,6.125,75.0,150.0,time,-15.25,-30.5
hard_200_1p5r,2012-12-28,2012,Train,6.125,100.0,200.0,time,-15.25,-30.5
hard_200_2r,2012-12-28,2012,Train,6.125,100.0,200.0,time,-15.25,-30.5
skip_if_original_stop_over_200,2012-12-28,2012,Train,6.125,6.125,12.25,stop,-7.125,-14.25
hard_150_1r,2013-01-08,2013,Train,8.625,75.0,150.0,time,-9.75,-19.5
hard_150_2r,2013-01-08,2013,Train,8.625,75.0,150.0,time,-9.75,-19.5
hard_200_1p5r,2013-01-08,2013,Train,8.625,100.0,200.0,time,-9.75,-19.5
hard_200_2r,2013-01-08,2013,Train,8.625,100.0,200.0,time,-9.75,-19.5
skip_if_original_stop_over_200,2013-01-08,2013,Train,8.625,8.625,17.25,stop,-9.625,-19.25
hard_150_1r,2013-01-10,2013,Train,7.5,75.0,150.0,time,-14.25,-28.5
hard_150_2r,2013-01-10,2013,Train,7.5,75.0,150.0,time,-14.25,-28.5
hard_200_1p5r,2013-01-10,2013,Train,7.5,100.0,200.0,time,-14.25,-28.5
hard_200_2r,2013-01-10,2013,Train,7.5,100.0,200.0,time,-14.25,-28.5
skip_if_original_stop_over_200,2013-01-10,2013,Train,7.5,7.5,15.0,stop,-8.5,-17.0
hard_150_1r,2013-01-18,2013,Train,5.375,75.0,150.0,time,-11.5,-23.0
hard_150_2r,2013-01-18,2013,Train,5.375,75.0,150.0,time,-11.5,-23.0
hard_200_1p5r,2013-01-18,2013,Train,5.375,100.0,200.0,time,-11.5,-23.0
hard_200_2r,2013-01-18,2013,Train,5.375,100.0,200.0,time,-11.5,-23.0
skip_if_original_stop_over_200,2013-01-18,2013,Train,5.375,5.375,10.75,stop,-6.375,-12.75
hard_150_1r,2013-01-29,2013,Train,9.25,75.0,150.0,time,1.5,3.0
hard_150_2r,2013-01-29,2013,Train,9.25,75.0,150.0,time,1.5,3.0
hard_200_1p5r,2013-01-29,2013,Train,9.25,100.0,200.0,time,1.5,3.0
hard_200_2r,2013-01-29,2013,Train,9.25,100.0,200.0,time,1.5,3.0
skip_if_original_stop_over_200,2013-01-29,2013,Train,9.25,9.25,18.5,time,1.5,3.0
hard_150_1r,2013-02-07,2013,Train,15.125,75.0,150.0,time,-28.75,-57.5
hard_150_2r,2013-02-07,2013,Train,15.125,75.0,150.0,time,-28.75,-57.5
hard_200_1p5r,2013-02-07,2013,Train,15.125,100.0,200.0,time,-28.75,-57.5
hard_200_2r,2013-02-07,2013,Train,15.125,100.0,200.0,time,-28.75,-57.5
skip_if_original_stop_over_200,2013-02-07,2013,Train,15.125,15.125,30.25,stop,-16.125,-32.25
hard_150_1r,2013-02-12,2013,Train,4.625,75.0,150.0,time,0.75,1.5
hard_150_2r,2013-02-12,2013,Train,4.625,75.0,150.0,time,0.75,1.5
hard_200_1p5r,2013-02-12,2013,Train,4.625,100.0,200.0,time,0.75,1.5
hard_200_2r,2013-02-12,2013,Train,4.625,100.0,200.0,time,0.75,1.5
skip_if_original_stop_over_200,2013-02-12,2013,Train,4.625,4.625,9.25,stop,-5.625,-11.25
hard_150_1r,2013-02-25,2013,Train,6.375,75.0,150.0,time,41.0,82.0
hard_150_2r,2013-02-25,2013,Train,6.375,75.0,150.0,time,41.0,82.0
hard_200_1p5r,2013-02-25,2013,Train,6.375,100.0,200.0,time,41.0,82.0
hard_200_2r,2013-02-25,2013,Train,6.375,100.0,200.0,time,41.0,82.0
skip_if_original_stop_over_200,2013-02-25,2013,Train,6.375,6.375,12.75,target,11.75,23.5
hard_150_1r,2013-03-19,2013,Train,6.875,75.0,150.0,time,5.5,11.0
hard_150_2r,2013-03-19,2013,Train,6.875,75.0,150.0,time,5.5,11.0
hard_200_1p5r,2013-03-19,2013,Train,6.875,100.0,200.0,time,5.5,11.0
hard_200_2r,2013-03-19,2013,Train,6.875,100.0,200.0,time,5.5,11.0
skip_if_original_stop_over_200,2013-03-19,2013,Train,6.875,6.875,13.75,target,12.75,25.5
hard_150_1r,2013-03-20,2013,Train,6.625,75.0,150.0,time,-7.25,-14.5
hard_150_2r,2013-03-20,2013,Train,6.625,75.0,150.0,time,-7.25,-14.5
hard_200_1p5r,2013-03-20,2013,Train,6.625,100.0,200.0,time,-7.25,-14.5
hard_200_2r,2013-03-20,2013,Train,6.625,100.0,200.0,time,-7.25,-14.5
skip_if_original_stop_over_200,2013-03-20,2013,Train,6.625,6.625,13.25,stop,-7.625,-15.25
hard_150_1r,2013-03-25,2013,Train,6.375,75.0,150.0,time,8.75,17.5
hard_150_2r,2013-03-25,2013,Train,6.375,75.0,150.0,time,8.75,17.5
hard_200_1p5r,2013-03-25,2013,Train,6.375,100.0,200.0,time,8.75,17.5
hard_200_2r,2013-03-25,2013,Train,6.375,100.0,200.0,time,8.75,17.5
skip_if_original_stop_over_200,2013-03-25,2013,Train,6.375,6.375,12.75,target,11.75,23.5
hard_150_1r,2013-03-26,2013,Train,3.75,75.0,150.0,time,-7.0,-14.0
hard_150_2r,2013-03-26,2013,Train,3.75,75.0,150.0,time,-7.0,-14.0
hard_200_1p5r,2013-03-26,2013,Train,3.75,100.0,200.0,time,-7.0,-14.0
hard_200_2r,2013-03-26,2013,Train,3.75,100.0,200.0,time,-7.0,-14.0
skip_if_original_stop_over_200,2013-03-26,2013,Train,3.75,3.75,7.5,stop,-4.75,-9.5
hard_150_1r,2013-04-01,2013,Train,7.0,75.0,150.0,time,8.5,17.0
hard_150_2r,2013-04-01,2013,Train,7.0,75.0,150.0,time,8.5,17.0
hard_200_1p5r,2013-04-01,2013,Train,7.0,100.0,200.0,time,8.5,17.0
hard_200_2r,2013-04-01,2013,Train,7.0,100.0,200.0,time,8.5,17.0
skip_if_original_stop_over_200,2013-04-01,2013,Train,7.0,7.0,14.0,target,13.0,26.0
hard_150_1r,2013-04-02,2013,Train,8.625,75.0,150.0,time,-12.25,-24.5
hard_150_2r,2013-04-02,2013,Train,8.625,75.0,150.0,time,-12.25,-24.5
hard_200_1p5r,2013-04-02,2013,Train,8.625,100.0,200.0,time,-12.25,-24.5
hard_200_2r,2013-04-02,2013,Train,8.625,100.0,200.0,time,-12.25,-24.5
skip_if_original_stop_over_200,2013-04-02,2013,Train,8.625,8.625,17.25,stop,-9.625,-19.25
hard_150_1r,2013-04-09,2013,Train,6.875,75.0,150.0,time,-27.25,-54.5
hard_150_2r,2013-04-09,2013,Train,6.875,75.0,150.0,time,-27.25,-54.5
hard_200_1p5r,2013-04-09,2013,Train,6.875,100.0,200.0,time,-27.25,-54.5
hard_200_2r,2013-04-09,2013,Train,6.875,100.0,200.0,time,-27.25,-54.5
skip_if_original_stop_over_200,2013-04-09,2013,Train,6.875,6.875,13.75,stop,-7.875,-15.75
hard_150_1r,2013-04-16,2013,Train,5.25,75.0,150.0,time,14.25,28.5
hard_150_2r,2013-04-16,2013,Train,5.25,75.0,150.0,time,14.25,28.5
hard_200_1p5r,2013-04-16,2013,Train,5.25,100.0,200.0,time,14.25,28.5
hard_200_2r,2013-04-16,2013,Train,5.25,100.0,200.0,time,14.25,28.5
skip_if_original_stop_over_200,2013-04-16,2013,Train,5.25,5.25,10.5,target,9.5,19.0
hard_150_1r,2013-05-08,2013,Train,8.375,75.0,150.0,time,1.75,3.5
hard_150_2r,2013-05-08,2013,Train,8.375,75.0,150.0,time,1.75,3.5
hard_200_1p5r,2013-05-08,2013,Train,8.375,100.0,200.0,time,1.75,3.5
hard_200_2r,2013-05-08,2013,Train,8.375,100.0,200.0,time,1.75,3.5
skip_if_original_stop_over_200,2013-05-08,2013,Train,8.375,8.375,16.75,time,1.75,3.5
hard_150_1r,2013-05-15,2013,Train,6.125,75.0,150.0,time,-3.5,-7.0
hard_150_2r,2013-05-15,2013,Train,6.125,75.0,150.0,time,-3.5,-7.0
hard_200_1p5r,2013-05-15,2013,Train,6.125,100.0,200.0,time,-3.5,-7.0
hard_200_2r,2013-05-15,2013,Train,6.125,100.0,200.0,time,-3.5,-7.0
skip_if_original_stop_over_200,2013-05-15,2013,Train,6.125,6.125,12.25,stop,-7.125,-14.25
hard_150_1r,2013-05-31,2013,Train,9.0,75.0,150.0,time,-28.25,-56.5
hard_150_2r,2013-05-31,2013,Train,9.0,75.0,150.0,time,-28.25,-56.5
hard_200_1p5r,2013-05-31,2013,Train,9.0,100.0,200.0,time,-28.25,-56.5
hard_200_2r,2013-05-31,2013,Train,9.0,100.0,200.0,time,-28.25,-56.5
skip_if_original_stop_over_200,2013-05-31,2013,Train,9.0,9.0,18.0,stop,-10.0,-20.0
hard_150_1r,2013-06-04,2013,Train,6.75,75.0,150.0,time,-30.5,-61.0
hard_150_2r,2013-06-04,2013,Train,6.75,75.0,150.0,time,-30.5,-61.0
hard_200_1p5r,2013-06-04,2013,Train,6.75,100.0,200.0,time,-30.5,-61.0
hard_200_2r,2013-06-04,2013,Train,6.75,100.0,200.0,time,-30.5,-61.0
skip_if_original_stop_over_200,2013-06-04,2013,Train,6.75,6.75,13.5,stop,-7.75,-15.5
hard_150_1r,2013-06-05,2013,Train,9.0,75.0,150.0,time,15.75,31.5
hard_150_2r,2013-06-05,2013,Train,9.0,75.0,150.0,time,15.75,31.5
hard_200_1p5r,2013-06-05,2013,Train,9.0,100.0,200.0,time,15.75,31.5
hard_200_2r,2013-06-05,2013,Train,9.0,100.0,200.0,time,15.75,31.5
skip_if_original_stop_over_200,2013-06-05,2013,Train,9.0,9.0,18.0,target,17.0,34.0
hard_150_1r,2013-06-10,2013,Train,4.625,75.0,150.0,time,-11.5,-23.0
hard_150_2r,2013-06-10,2013,Train,4.625,75.0,150.0,time,-11.5,-23.0
hard_200_1p5r,2013-06-10,2013,Train,4.625,100.0,200.0,time,-11.5,-23.0
hard_200_2r,2013-06-10,2013,Train,4.625,100.0,200.0,time,-11.5,-23.0
skip_if_original_stop_over_200,2013-06-10,2013,Train,4.625,4.625,9.25,stop,-5.625,-11.25
hard_150_1r,2013-06-14,2013,Train,5.125,75.0,150.0,time,6.0,12.0
hard_150_2r,2013-06-14,2013,Train,5.125,75.0,150.0,time,6.0,12.0
hard_200_1p5r,2013-06-14,2013,Train,5.125,100.0,200.0,time,6.0,12.0
hard_200_2r,2013-06-14,2013,Train,5.125,100.0,200.0,time,6.0,12.0
skip_if_original_stop_over_200,2013-06-14,2013,Train,5.125,5.125,10.25,target,9.25,18.5
hard_150_1r,2013-06-27,2013,Train,7.125,75.0,150.0,time,-13.75,-27.5
hard_150_2r,2013-06-27,2013,Train,7.125,75.0,150.0,time,-13.75,-27.5
hard_200_1p5r,2013-06-27,2013,Train,7.125,100.0,200.0,time,-13.75,-27.5
hard_200_2r,2013-06-27,2013,Train,7.125,100.0,200.0,time,-13.75,-27.5
skip_if_original_stop_over_200,2013-06-27,2013,Train,7.125,7.125,14.25,stop,-8.125,-16.25
hard_150_1r,2013-06-28,2013,Train,8.25,75.0,150.0,time,6.75,13.5
hard_150_2r,2013-06-28,2013,Train,8.25,75.0,150.0,time,6.75,13.5
hard_200_1p5r,2013-06-28,2013,Train,8.25,100.0,200.0,time,6.75,13.5
hard_200_2r,2013-06-28,2013,Train,8.25,100.0,200.0,time,6.75,13.5
skip_if_original_stop_over_200,2013-06-28,2013,Train,8.25,8.25,16.5,target,15.5,31.0
hard_150_1r,2013-07-11,2013,Train,4.25,75.0,150.0,time,15.75,31.5
hard_150_2r,2013-07-11,2013,Train,4.25,75.0,150.0,time,15.75,31.5
hard_200_1p5r,2013-07-11,2013,Train,4.25,100.0,200.0,time,15.75,31.5
hard_200_2r,2013-07-11,2013,Train,4.25,100.0,200.0,time,15.75,31.5
skip_if_original_stop_over_200,2013-07-11,2013,Train,4.25,4.25,8.5,target,7.5,15.0
hard_150_1r,2013-07-16,2013,Train,3.375,75.0,150.0,time,-1.25,-2.5
hard_150_2r,2013-07-16,2013,Train,3.375,75.0,150.0,time,-1.25,-2.5
hard_200_1p5r,2013-07-16,2013,Train,3.375,100.0,200.0,time,-1.25,-2.5
hard_200_2r,2013-07-16,2013,Train,3.375,100.0,200.0,time,-1.25,-2.5
skip_if_original_stop_over_200,2013-07-16,2013,Train,3.375,3.375,6.75,target,5.75,11.5
hard_150_1r,2013-07-30,2013,Train,5.75,75.0,150.0,time,-4.5,-9.0
hard_150_2r,2013-07-30,2013,Train,5.75,75.0,150.0,time,-4.5,-9.0
hard_200_1p5r,2013-07-30,2013,Train,5.75,100.0,200.0,time,-4.5,-9.0
hard_200_2r,2013-07-30,2013,Train,5.75,100.0,200.0,time,-4.5,-9.0
skip_if_original_stop_over_200,2013-07-30,2013,Train,5.75,5.75,11.5,stop,-6.75,-13.5
hard_150_1r,2013-08-05,2013,Train,3.375,75.0,150.0,time,-3.25,-6.5
hard_150_2r,2013-08-05,2013,Train,3.375,75.0,150.0,time,-3.25,-6.5
hard_200_1p5r,2013-08-05,2013,Train,3.375,100.0,200.0,time,-3.25,-6.5
hard_200_2r,2013-08-05,2013,Train,3.375,100.0,200.0,time,-3.25,-6.5
skip_if_original_stop_over_200,2013-08-05,2013,Train,3.375,3.375,6.75,stop,-4.375,-8.75
hard_150_1r,2013-08-06,2013,Train,7.0,75.0,150.0,time,0.0,0.0
hard_150_2r,2013-08-06,2013,Train,7.0,75.0,150.0,time,0.0,0.0
hard_200_1p5r,2013-08-06,2013,Train,7.0,100.0,200.0,time,0.0,0.0
hard_200_2r,2013-08-06,2013,Train,7.0,100.0,200.0,time,0.0,0.0
skip_if_original_stop_over_200,2013-08-06,2013,Train,7.0,7.0,14.0,time,0.0,0.0
hard_150_1r,2013-08-09,2013,Train,6.875,75.0,150.0,time,1.0,2.0
hard_150_2r,2013-08-09,2013,Train,6.875,75.0,150.0,time,1.0,2.0
hard_200_1p5r,2013-08-09,2013,Train,6.875,100.0,200.0,time,1.0,2.0
hard_200_2r,2013-08-09,2013,Train,6.875,100.0,200.0,time,1.0,2.0
skip_if_original_stop_over_200,2013-08-09,2013,Train,6.875,6.875,13.75,stop,-7.875,-15.75
hard_150_1r,2013-08-14,2013,Train,5.75,75.0,150.0,time,-4.5,-9.0
hard_150_2r,2013-08-14,2013,Train,5.75,75.0,150.0,time,-4.5,-9.0
hard_200_1p5r,2013-08-14,2013,Train,5.75,100.0,200.0,time,-4.5,-9.0
hard_200_2r,2013-08-14,2013,Train,5.75,100.0,200.0,time,-4.5,-9.0
skip_if_original_stop_over_200,2013-08-14,2013,Train,5.75,5.75,11.5,stop,-6.75,-13.5
hard_150_1r,2013-08-20,2013,Train,6.0,75.0,150.0,time,-6.5,-13.0
hard_150_2r,2013-08-20,2013,Train,6.0,75.0,150.0,time,-6.5,-13.0
hard_200_1p5r,2013-08-20,2013,Train,6.0,100.0,200.0,time,-6.5,-13.0
hard_200_2r,2013-08-20,2013,Train,6.0,100.0,200.0,time,-6.5,-13.0
skip_if_original_stop_over_200,2013-08-20,2013,Train,6.0,6.0,12.0,time,-6.5,-13.0
hard_150_1r,2013-08-22,2013,Train,8.25,75.0,150.0,time,-1.5,-3.0
hard_150_2r,2013-08-22,2013,Train,8.25,75.0,150.0,time,-1.5,-3.0
hard_200_1p5r,2013-08-22,2013,Train,8.25,100.0,200.0,time,-1.5,-3.0
hard_200_2r,2013-08-22,2013,Train,8.25,100.0,200.0,time,-1.5,-3.0
skip_if_original_stop_over_200,2013-08-22,2013,Train,8.25,8.25,16.5,stop,-9.25,-18.5
hard_150_1r,2013-08-29,2013,Train,15.125,75.0,150.0,time,-7.5,-15.0
hard_150_2r,2013-08-29,2013,Train,15.125,75.0,150.0,time,-7.5,-15.0
hard_200_1p5r,2013-08-29,2013,Train,15.125,100.0,200.0,time,-7.5,-15.0
hard_200_2r,2013-08-29,2013,Train,15.125,100.0,200.0,time,-7.5,-15.0
skip_if_original_stop_over_200,2013-08-29,2013,Train,15.125,15.125,30.25,time,-7.5,-15.0
hard_150_1r,2013-08-30,2013,Train,10.25,75.0,150.0,time,8.0,16.0
hard_150_2r,2013-08-30,2013,Train,10.25,75.0,150.0,time,8.0,16.0
hard_200_1p5r,2013-08-30,2013,Train,10.25,100.0,200.0,time,8.0,16.0
hard_200_2r,2013-08-30,2013,Train,10.25,100.0,200.0,time,8.0,16.0
skip_if_original_stop_over_200,2013-08-30,2013,Train,10.25,10.25,20.5,time,8.0,16.0
hard_150_1r,2013-09-03,2013,Train,7.625,75.0,150.0,time,4.75,9.5
hard_150_2r,2013-09-03,2013,Train,7.625,75.0,150.0,time,4.75,9.5
hard_200_1p5r,2013-09-03,2013,Train,7.625,100.0,200.0,time,4.75,9.5
hard_200_2r,2013-09-03,2013,Train,7.625,100.0,200.0,time,4.75,9.5
skip_if_original_stop_over_200,2013-09-03,2013,Train,7.625,7.625,15.25,target,14.25,28.5
hard_150_1r,2013-10-01,2013,Train,9.125,75.0,150.0,time,1.25,2.5
hard_150_2r,2013-10-01,2013,Train,9.125,75.0,150.0,time,1.25,2.5
hard_200_1p5r,2013-10-01,2013,Train,9.125,100.0,200.0,time,1.25,2.5
hard_200_2r,2013-10-01,2013,Train,9.125,100.0,200.0,time,1.25,2.5
skip_if_original_stop_over_200,2013-10-01,2013,Train,9.125,9.125,18.25,time,1.25,2.5
hard_150_1r,2013-10-09,2013,Train,14.875,75.0,150.0,time,-19.5,-39.0
hard_150_2r,2013-10-09,2013,Train,14.875,75.0,150.0,time,-19.5,-39.0
hard_200_1p5r,2013-10-09,2013,Train,14.875,100.0,200.0,time,-19.5,-39.0
hard_200_2r,2013-10-09,2013,Train,14.875,100.0,200.0,time,-19.5,-39.0
skip_if_original_stop_over_200,2013-10-09,2013,Train,14.875,14.875,29.75,stop,-15.875,-31.75
hard_150_1r,2013-10-22,2013,Train,6.375,75.0,150.0,time,-3.25,-6.5
hard_150_2r,2013-10-22,2013,Train,6.375,75.0,150.0,time,-3.25,-6.5
hard_200_1p5r,2013-10-22,2013,Train,6.375,100.0,200.0,time,-3.25,-6.5
hard_200_2r,2013-10-22,2013,Train,6.375,100.0,200.0,time,-3.25,-6.5
skip_if_original_stop_over_200,2013-10-22,2013,Train,6.375,6.375,12.75,target,11.75,23.5
hard_150_1r,2013-10-23,2013,Train,10.375,75.0,150.0,time,-13.5,-27.0
hard_150_2r,2013-10-23,2013,Train,10.375,75.0,150.0,time,-13.5,-27.0
hard_200_1p5r,2013-10-23,2013,Train,10.375,100.0,200.0,time,-13.5,-27.0
hard_200_2r,2013-10-23,2013,Train,10.375,100.0,200.0,time,-13.5,-27.0
skip_if_original_stop_over_200,2013-10-23,2013,Train,10.375,10.375,20.75,stop,-11.375,-22.75
hard_150_1r,2013-10-28,2013,Train,5.375,75.0,150.0,time,-5.5,-11.0
hard_150_2r,2013-10-28,2013,Train,5.375,75.0,150.0,time,-5.5,-11.0
hard_200_1p5r,2013-10-28,2013,Train,5.375,100.0,200.0,time,-5.5,-11.0
hard_200_2r,2013-10-28,2013,Train,5.375,100.0,200.0,time,-5.5,-11.0
skip_if_original_stop_over_200,2013-10-28,2013,Train,5.375,5.375,10.75,stop,-6.375,-12.75
hard_150_1r,2013-11-08,2013,Train,12.125,75.0,150.0,time,9.5,19.0
hard_150_2r,2013-11-08,2013,Train,12.125,75.0,150.0,time,9.5,19.0
hard_200_1p5r,2013-11-08,2013,Train,12.125,100.0,200.0,time,9.5,19.0
hard_200_2r,2013-11-08,2013,Train,12.125,100.0,200.0,time,9.5,19.0
skip_if_original_stop_over_200,2013-11-08,2013,Train,12.125,12.125,24.25,time,9.5,19.0
hard_150_1r,2013-11-11,2013,Train,8.375,75.0,150.0,time,-15.0,-30.0
hard_150_2r,2013-11-11,2013,Train,8.375,75.0,150.0,time,-15.0,-30.0
hard_200_1p5r,2013-11-11,2013,Train,8.375,100.0,200.0,time,-15.0,-30.0
hard_200_2r,2013-11-11,2013,Train,8.375,100.0,200.0,time,-15.0,-30.0
skip_if_original_stop_over_200,2013-11-11,2013,Train,8.375,8.375,16.75,stop,-9.375,-18.75
hard_150_1r,2013-11-14,2013,Train,6.5,75.0,150.0,time,8.5,17.0
hard_150_2r,2013-11-14,2013,Train,6.5,75.0,150.0,time,8.5,17.0
hard_200_1p5r,2013-11-14,2013,Train,6.5,100.0,200.0,time,8.5,17.0
hard_200_2r,2013-11-14,2013,Train,6.5,100.0,200.0,time,8.5,17.0
skip_if_original_stop_over_200,2013-11-14,2013,Train,6.5,6.5,13.0,time,8.5,17.0
hard_150_1r,2013-12-27,2013,Train,4.5,75.0,150.0,time,5.75,11.5
hard_150_2r,2013-12-27,2013,Train,4.5,75.0,150.0,time,5.75,11.5
hard_200_1p5r,2013-12-27,2013,Train,4.5,100.0,200.0,time,5.75,11.5
hard_200_2r,2013-12-27,2013,Train,4.5,100.0,200.0,time,5.75,11.5
skip_if_original_stop_over_200,2013-12-27,2013,Train,4.5,4.5,9.0,time,5.75,11.5
hard_150_1r,2014-01-06,2014,Train,12.75,75.0,150.0,time,-18.5,-37.0
hard_150_2r,2014-01-06,2014,Train,12.75,75.0,150.0,time,-18.5,-37.0
hard_200_1p5r,2014-01-06,2014,Train,12.75,100.0,200.0,time,-18.5,-37.0
hard_200_2r,2014-01-06,2014,Train,12.75,100.0,200.0,time,-18.5,-37.0
skip_if_original_stop_over_200,2014-01-06,2014,Train,12.75,12.75,25.5,stop,-13.75,-27.5
hard_150_1r,2014-01-09,2014,Train,10.25,75.0,150.0,time,-1.0,-2.0
hard_150_2r,2014-01-09,2014,Train,10.25,75.0,150.0,time,-1.0,-2.0
hard_200_1p5r,2014-01-09,2014,Train,10.25,100.0,200.0,time,-1.0,-2.0
hard_200_2r,2014-01-09,2014,Train,10.25,100.0,200.0,time,-1.0,-2.0
skip_if_original_stop_over_200,2014-01-09,2014,Train,10.25,10.25,20.5,time,-1.0,-2.0
hard_150_1r,2014-01-15,2014,Train,9.25,75.0,150.0,time,-2.0,-4.0
hard_150_2r,2014-01-15,2014,Train,9.25,75.0,150.0,time,-2.0,-4.0
hard_200_1p5r,2014-01-15,2014,Train,9.25,100.0,200.0,time,-2.0,-4.0
hard_200_2r,2014-01-15,2014,Train,9.25,100.0,200.0,time,-2.0,-4.0
skip_if_original_stop_over_200,2014-01-15,2014,Train,9.25,9.25,18.5,stop,-10.25,-20.5
hard_150_1r,2014-01-27,2014,Train,21.125,75.0,150.0,time,-13.25,-26.5
hard_150_2r,2014-01-27,2014,Train,21.125,75.0,150.0,time,-13.25,-26.5
hard_200_1p5r,2014-01-27,2014,Train,21.125,100.0,200.0,time,-13.25,-26.5
hard_200_2r,2014-01-27,2014,Train,21.125,100.0,200.0,time,-13.25,-26.5
skip_if_original_stop_over_200,2014-01-27,2014,Train,21.125,21.125,42.25,stop,-22.125,-44.25
hard_150_1r,2014-02-06,2014,Train,15.625,75.0,150.0,time,-0.5,-1.0
hard_150_2r,2014-02-06,2014,Train,15.625,75.0,150.0,time,-0.5,-1.0
hard_200_1p5r,2014-02-06,2014,Train,15.625,100.0,200.0,time,-0.5,-1.0
hard_200_2r,2014-02-06,2014,Train,15.625,100.0,200.0,time,-0.5,-1.0
skip_if_original_stop_over_200,2014-02-06,2014,Train,15.625,15.625,31.25,time,-0.5,-1.0
hard_150_1r,2014-02-13,2014,Train,18.25,75.0,150.0,time,14.0,28.0
hard_150_2r,2014-02-13,2014,Train,18.25,75.0,150.0,time,14.0,28.0
hard_200_1p5r,2014-02-13,2014,Train,18.25,100.0,200.0,time,14.0,28.0
hard_200_2r,2014-02-13,2014,Train,18.25,100.0,200.0,time,14.0,28.0
skip_if_original_stop_over_200,2014-02-13,2014,Train,18.25,18.25,36.5,time,14.0,28.0
hard_150_1r,2014-02-24,2014,Train,11.625,75.0,150.0,time,-3.0,-6.0
hard_150_2r,2014-02-24,2014,Train,11.625,75.0,150.0,time,-3.0,-6.0
hard_200_1p5r,2014-02-24,2014,Train,11.625,100.0,200.0,time,-3.0,-6.0
hard_200_2r,2014-02-24,2014,Train,11.625,100.0,200.0,time,-3.0,-6.0
skip_if_original_stop_over_200,2014-02-24,2014,Train,11.625,11.625,23.25,time,-3.0,-6.0
hard_150_1r,2014-03-07,2014,Train,20.625,75.0,150.0,time,-9.5,-19.0
hard_150_2r,2014-03-07,2014,Train,20.625,75.0,150.0,time,-9.5,-19.0
hard_200_1p5r,2014-03-07,2014,Train,20.625,100.0,200.0,time,-9.5,-19.0
hard_200_2r,2014-03-07,2014,Train,20.625,100.0,200.0,time,-9.5,-19.0
skip_if_original_stop_over_200,2014-03-07,2014,Train,20.625,20.625,41.25,time,-9.5,-19.0
hard_150_1r,2014-03-11,2014,Train,8.125,75.0,150.0,time,-31.25,-62.5
hard_150_2r,2014-03-11,2014,Train,8.125,75.0,150.0,time,-31.25,-62.5
hard_200_1p5r,2014-03-11,2014,Train,8.125,100.0,200.0,time,-31.25,-62.5
hard_200_2r,2014-03-11,2014,Train,8.125,100.0,200.0,time,-31.25,-62.5
skip_if_original_stop_over_200,2014-03-11,2014,Train,8.125,8.125,16.25,stop,-9.125,-18.25
hard_150_1r,2014-03-19,2014,Train,7.25,75.0,150.0,time,10.75,21.5
hard_150_2r,2014-03-19,2014,Train,7.25,75.0,150.0,time,10.75,21.5
hard_200_1p5r,2014-03-19,2014,Train,7.25,100.0,200.0,time,10.75,21.5
hard_200_2r,2014-03-19,2014,Train,7.25,100.0,200.0,time,10.75,21.5
skip_if_original_stop_over_200,2014-03-19,2014,Train,7.25,7.25,14.5,stop,-8.25,-16.5
hard_150_1r,2014-03-24,2014,Train,23.75,75.0,150.0,time,-17.0,-34.0
hard_150_2r,2014-03-24,2014,Train,23.75,75.0,150.0,time,-17.0,-34.0
hard_200_1p5r,2014-03-24,2014,Train,23.75,100.0,200.0,time,-17.0,-34.0
hard_200_2r,2014-03-24,2014,Train,23.75,100.0,200.0,time,-17.0,-34.0
skip_if_original_stop_over_200,2014-03-24,2014,Train,23.75,23.75,47.5,stop,-24.75,-49.5
hard_150_1r,2014-03-25,2014,Train,12.125,75.0,150.0,time,2.25,4.5
hard_150_2r,2014-03-25,2014,Train,12.125,75.0,150.0,time,2.25,4.5
hard_200_1p5r,2014-03-25,2014,Train,12.125,100.0,200.0,time,2.25,4.5
hard_200_2r,2014-03-25,2014,Train,12.125,100.0,200.0,time,2.25,4.5
skip_if_original_stop_over_200,2014-03-25,2014,Train,12.125,12.125,24.25,target,23.25,46.5
hard_150_1r,2014-03-26,2014,Train,11.625,75.0,150.0,time,38.75,77.5
hard_150_2r,2014-03-26,2014,Train,11.625,75.0,150.0,time,38.75,77.5
hard_200_1p5r,2014-03-26,2014,Train,11.625,100.0,200.0,time,38.75,77.5
hard_200_2r,2014-03-26,2014,Train,11.625,100.0,200.0,time,38.75,77.5
skip_if_original_stop_over_200,2014-03-26,2014,Train,11.625,11.625,23.25,stop,-12.625,-25.25
hard_150_1r,2014-04-01,2014,Train,17.625,75.0,150.0,time,8.75,17.5
hard_150_2r,2014-04-01,2014,Train,17.625,75.0,150.0,time,8.75,17.5
hard_200_1p5r,2014-04-01,2014,Train,17.625,100.0,200.0,time,8.75,17.5
hard_200_2r,2014-04-01,2014,Train,17.625,100.0,200.0,time,8.75,17.5
skip_if_original_stop_over_200,2014-04-01,2014,Train,17.625,17.625,35.25,time,8.75,17.5
hard_150_1r,2014-04-11,2014,Train,21.875,75.0,150.0,time,-50.5,-101.0
hard_150_2r,2014-04-11,2014,Train,21.875,75.0,150.0,time,-50.5,-101.0
hard_200_1p5r,2014-04-11,2014,Train,21.875,100.0,200.0,time,-50.5,-101.0
hard_200_2r,2014-04-11,2014,Train,21.875,100.0,200.0,time,-50.5,-101.0
skip_if_original_stop_over_200,2014-04-11,2014,Train,21.875,21.875,43.75,stop,-22.875,-45.75
hard_150_1r,2014-04-14,2014,Train,13.125,75.0,150.0,time,-12.5,-25.0
hard_150_2r,2014-04-14,2014,Train,13.125,75.0,150.0,time,-12.5,-25.0
hard_200_1p5r,2014-04-14,2014,Train,13.125,100.0,200.0,time,-12.5,-25.0
hard_200_2r,2014-04-14,2014,Train,13.125,100.0,200.0,time,-12.5,-25.0
skip_if_original_stop_over_200,2014-04-14,2014,Train,13.125,13.125,26.25,stop,-14.125,-28.25
hard_150_1r,2014-04-15,2014,Train,23.25,75.0,150.0,time,-32.25,-64.5
hard_150_2r,2014-04-15,2014,Train,23.25,75.0,150.0,time,-32.25,-64.5
hard_200_1p5r,2014-04-15,2014,Train,23.25,100.0,200.0,time,-32.25,-64.5
hard_200_2r,2014-04-15,2014,Train,23.25,100.0,200.0,time,-32.25,-64.5
skip_if_original_stop_over_200,2014-04-15,2014,Train,23.25,23.25,46.5,target,45.5,91.0
hard_150_1r,2014-04-21,2014,Train,10.25,75.0,150.0,time,-28.25,-56.5
hard_150_2r,2014-04-21,2014,Train,10.25,75.0,150.0,time,-28.25,-56.5
hard_200_1p5r,2014-04-21,2014,Train,10.25,100.0,200.0,time,-28.25,-56.5
hard_200_2r,2014-04-21,2014,Train,10.25,100.0,200.0,time,-28.25,-56.5
skip_if_original_stop_over_200,2014-04-21,2014,Train,10.25,10.25,20.5,stop,-11.25,-22.5
hard_150_1r,2014-04-25,2014,Train,12.625,75.0,150.0,time,6.5,13.0
hard_150_2r,2014-04-25,2014,Train,12.625,75.0,150.0,time,6.5,13.0
hard_200_1p5r,2014-04-25,2014,Train,12.625,100.0,200.0,time,6.5,13.0
hard_200_2r,2014-04-25,2014,Train,12.625,100.0,200.0,time,6.5,13.0
skip_if_original_stop_over_200,2014-04-25,2014,Train,12.625,12.625,25.25,time,6.5,13.0
hard_150_1r,2014-05-01,2014,Train,8.875,75.0,150.0,time,-7.5,-15.0
hard_150_2r,2014-05-01,2014,Train,8.875,75.0,150.0,time,-7.5,-15.0
hard_200_1p5r,2014-05-01,2014,Train,8.875,100.0,200.0,time,-7.5,-15.0
hard_200_2r,2014-05-01,2014,Train,8.875,100.0,200.0,time,-7.5,-15.0
skip_if_original_stop_over_200,2014-05-01,2014,Train,8.875,8.875,17.75,stop,-9.875,-19.75
hard_150_1r,2014-05-02,2014,Train,12.875,75.0,150.0,time,-9.75,-19.5
hard_150_2r,2014-05-02,2014,Train,12.875,75.0,150.0,time,-9.75,-19.5
hard_200_1p5r,2014-05-02,2014,Train,12.875,100.0,200.0,time,-9.75,-19.5
hard_200_2r,2014-05-02,2014,Train,12.875,100.0,200.0,time,-9.75,-19.5
skip_if_original_stop_over_200,2014-05-02,2014,Train,12.875,12.875,25.75,stop,-13.875,-27.75
hard_150_1r,2014-05-06,2014,Train,6.75,75.0,150.0,time,25.25,50.5
hard_150_2r,2014-05-06,2014,Train,6.75,75.0,150.0,time,25.25,50.5
hard_200_1p5r,2014-05-06,2014,Train,6.75,100.0,200.0,time,25.25,50.5
hard_200_2r,2014-05-06,2014,Train,6.75,100.0,200.0,time,25.25,50.5
skip_if_original_stop_over_200,2014-05-06,2014,Train,6.75,6.75,13.5,target,12.5,25.0
hard_150_1r,2014-06-19,2014,Train,6.375,75.0,150.0,time,-5.0,-10.0
hard_150_2r,2014-06-19,2014,Train,6.375,75.0,150.0,time,-5.0,-10.0
hard_200_1p5r,2014-06-19,2014,Train,6.375,100.0,200.0,time,-5.0,-10.0
hard_200_2r,2014-06-19,2014,Train,6.375,100.0,200.0,time,-5.0,-10.0
skip_if_original_stop_over_200,2014-06-19,2014,Train,6.375,6.375,12.75,stop,-7.375,-14.75
hard_150_1r,2014-07-07,2014,Train,4.5,75.0,150.0,time,2.5,5.0
hard_150_2r,2014-07-07,2014,Train,4.5,75.0,150.0,time,2.5,5.0
hard_200_1p5r,2014-07-07,2014,Train,4.5,100.0,200.0,time,2.5,5.0
hard_200_2r,2014-07-07,2014,Train,4.5,100.0,200.0,time,2.5,5.0
skip_if_original_stop_over_200,2014-07-07,2014,Train,4.5,4.5,9.0,target,8.0,16.0
hard_150_1r,2014-07-08,2014,Train,19.375,75.0,150.0,time,1.0,2.0
hard_150_2r,2014-07-08,2014,Train,19.375,75.0,150.0,time,1.0,2.0
hard_200_1p5r,2014-07-08,2014,Train,19.375,100.0,200.0,time,1.0,2.0
hard_200_2r,2014-07-08,2014,Train,19.375,100.0,200.0,time,1.0,2.0
skip_if_original_stop_over_200,2014-07-08,2014,Train,19.375,19.375,38.75,time,1.0,2.0
hard_150_1r,2014-07-15,2014,Train,11.125,75.0,150.0,time,4.75,9.5
hard_150_2r,2014-07-15,2014,Train,11.125,75.0,150.0,time,4.75,9.5
hard_200_1p5r,2014-07-15,2014,Train,11.125,100.0,200.0,time,4.75,9.5
hard_200_2r,2014-07-15,2014,Train,11.125,100.0,200.0,time,4.75,9.5
skip_if_original_stop_over_200,2014-07-15,2014,Train,11.125,11.125,22.25,target,21.25,42.5
hard_150_1r,2014-07-16,2014,Train,6.125,75.0,150.0,time,-0.75,-1.5
hard_150_2r,2014-07-16,2014,Train,6.125,75.0,150.0,time,-0.75,-1.5
hard_200_1p5r,2014-07-16,2014,Train,6.125,100.0,200.0,time,-0.75,-1.5
hard_200_2r,2014-07-16,2014,Train,6.125,100.0,200.0,time,-0.75,-1.5
skip_if_original_stop_over_200,2014-07-16,2014,Train,6.125,6.125,12.25,stop,-7.125,-14.25
hard_150_1r,2014-07-17,2014,Train,7.625,75.0,150.0,time,36.75,73.5
hard_150_2r,2014-07-17,2014,Train,7.625,75.0,150.0,time,36.75,73.5
hard_200_1p5r,2014-07-17,2014,Train,7.625,100.0,200.0,time,36.75,73.5
hard_200_2r,2014-07-17,2014,Train,7.625,100.0,200.0,time,36.75,73.5
skip_if_original_stop_over_200,2014-07-17,2014,Train,7.625,7.625,15.25,target,14.25,28.5
hard_150_1r,2014-07-18,2014,Train,8.125,75.0,150.0,time,24.25,48.5
hard_150_2r,2014-07-18,2014,Train,8.125,75.0,150.0,time,24.25,48.5
hard_200_1p5r,2014-07-18,2014,Train,8.125,100.0,200.0,time,24.25,48.5
hard_200_2r,2014-07-18,2014,Train,8.125,100.0,200.0,time,24.25,48.5
skip_if_original_stop_over_200,2014-07-18,2014,Train,8.125,8.125,16.25,target,15.25,30.5
hard_150_1r,2014-07-21,2014,Train,8.375,75.0,150.0,time,-17.0,-34.0
hard_150_2r,2014-07-21,2014,Train,8.375,75.0,150.0,time,-17.0,-34.0
hard_200_1p5r,2014-07-21,2014,Train,8.375,100.0,200.0,time,-17.0,-34.0
hard_200_2r,2014-07-21,2014,Train,8.375,100.0,200.0,time,-17.0,-34.0
skip_if_original_stop_over_200,2014-07-21,2014,Train,8.375,8.375,16.75,stop,-9.375,-18.75
hard_150_1r,2014-07-23,2014,Train,7.5,75.0,150.0,time,0.5,1.0
hard_150_2r,2014-07-23,2014,Train,7.5,75.0,150.0,time,0.5,1.0
hard_200_1p5r,2014-07-23,2014,Train,7.5,100.0,200.0,time,0.5,1.0
hard_200_2r,2014-07-23,2014,Train,7.5,100.0,200.0,time,0.5,1.0
skip_if_original_stop_over_200,2014-07-23,2014,Train,7.5,7.5,15.0,time,0.5,1.0
hard_150_1r,2014-07-25,2014,Train,8.875,75.0,150.0,time,-18.0,-36.0
hard_150_2r,2014-07-25,2014,Train,8.875,75.0,150.0,time,-18.0,-36.0
hard_200_1p5r,2014-07-25,2014,Train,8.875,100.0,200.0,time,-18.0,-36.0
hard_200_2r,2014-07-25,2014,Train,8.875,100.0,200.0,time,-18.0,-36.0
skip_if_original_stop_over_200,2014-07-25,2014,Train,8.875,8.875,17.75,stop,-9.875,-19.75
hard_150_1r,2014-07-30,2014,Train,10.75,75.0,150.0,time,-13.5,-27.0
hard_150_2r,2014-07-30,2014,Train,10.75,75.0,150.0,time,-13.5,-27.0
hard_200_1p5r,2014-07-30,2014,Train,10.75,100.0,200.0,time,-13.5,-27.0
hard_200_2r,2014-07-30,2014,Train,10.75,100.0,200.0,time,-13.5,-27.0
skip_if_original_stop_over_200,2014-07-30,2014,Train,10.75,10.75,21.5,stop,-11.75,-23.5
hard_150_1r,2014-07-31,2014,Train,11.5,75.0,150.0,time,23.75,47.5
hard_150_2r,2014-07-31,2014,Train,11.5,75.0,150.0,time,23.75,47.5
hard_200_1p5r,2014-07-31,2014,Train,11.5,100.0,200.0,time,23.75,47.5
hard_200_2r,2014-07-31,2014,Train,11.5,100.0,200.0,time,23.75,47.5
skip_if_original_stop_over_200,2014-07-31,2014,Train,11.5,11.5,23.0,target,22.0,44.0
hard_150_1r,2014-08-07,2014,Train,6.5,75.0,150.0,time,21.25,42.5
hard_150_2r,2014-08-07,2014,Train,6.5,75.0,150.0,time,21.25,42.5
hard_200_1p5r,2014-08-07,2014,Train,6.5,100.0,200.0,time,21.25,42.5
hard_200_2r,2014-08-07,2014,Train,6.5,100.0,200.0,time,21.25,42.5
skip_if_original_stop_over_200,2014-08-07,2014,Train,6.5,6.5,13.0,target,12.0,24.0
hard_150_1r,2014-08-13,2014,Train,6.0,75.0,150.0,time,12.5,25.0
hard_150_2r,2014-08-13,2014,Train,6.0,75.0,150.0,time,12.5,25.0
hard_200_1p5r,2014-08-13,2014,Train,6.0,100.0,200.0,time,12.5,25.0
hard_200_2r,2014-08-13,2014,Train,6.0,100.0,200.0,time,12.5,25.0
skip_if_original_stop_over_200,2014-08-13,2014,Train,6.0,6.0,12.0,target,11.0,22.0
hard_150_1r,2014-08-15,2014,Train,4.75,75.0,150.0,time,-5.0,-10.0
hard_150_2r,2014-08-15,2014,Train,4.75,75.0,150.0,time,-5.0,-10.0
hard_200_1p5r,2014-08-15,2014,Train,4.75,100.0,200.0,time,-5.0,-10.0
hard_200_2r,2014-08-15,2014,Train,4.75,100.0,200.0,time,-5.0,-10.0
skip_if_original_stop_over_200,2014-08-15,2014,Train,4.75,4.75,9.5,target,8.5,17.0
hard_150_1r,2014-08-22,2014,Train,8.0,75.0,150.0,time,-7.0,-14.0
hard_150_2r,2014-08-22,2014,Train,8.0,75.0,150.0,time,-7.0,-14.0
hard_200_1p5r,2014-08-22,2014,Train,8.0,100.0,200.0,time,-7.0,-14.0
hard_200_2r,2014-08-22,2014,Train,8.0,100.0,200.0,time,-7.0,-14.0
skip_if_original_stop_over_200,2014-08-22,2014,Train,8.0,8.0,16.0,stop,-9.0,-18.0
hard_150_1r,2014-08-25,2014,Train,2.875,75.0,150.0,time,-10.5,-21.0
hard_150_2r,2014-08-25,2014,Train,2.875,75.0,150.0,time,-10.5,-21.0
hard_200_1p5r,2014-08-25,2014,Train,2.875,100.0,200.0,time,-10.5,-21.0
hard_200_2r,2014-08-25,2014,Train,2.875,100.0,200.0,time,-10.5,-21.0
skip_if_original_stop_over_200,2014-08-25,2014,Train,2.875,2.875,5.75,stop,-3.875,-7.75
hard_150_1r,2014-08-28,2014,Train,5.0,75.0,150.0,time,-1.5,-3.0
hard_150_2r,2014-08-28,2014,Train,5.0,75.0,150.0,time,-1.5,-3.0
hard_200_1p5r,2014-08-28,2014,Train,5.0,100.0,200.0,time,-1.5,-3.0
hard_200_2r,2014-08-28,2014,Train,5.0,100.0,200.0,time,-1.5,-3.0
skip_if_original_stop_over_200,2014-08-28,2014,Train,5.0,5.0,10.0,time,-1.5,-3.0
hard_150_1r,2014-09-11,2014,Train,8.125,75.0,150.0,time,-20.0,-40.0
hard_150_2r,2014-09-11,2014,Train,8.125,75.0,150.0,time,-20.0,-40.0
hard_200_1p5r,2014-09-11,2014,Train,8.125,100.0,200.0,time,-20.0,-40.0
hard_200_2r,2014-09-11,2014,Train,8.125,100.0,200.0,time,-20.0,-40.0
skip_if_original_stop_over_200,2014-09-11,2014,Train,8.125,8.125,16.25,stop,-9.125,-18.25
hard_150_1r,2014-09-17,2014,Train,5.75,75.0,150.0,time,-12.75,-25.5
hard_150_2r,2014-09-17,2014,Train,5.75,75.0,150.0,time,-12.75,-25.5
hard_200_1p5r,2014-09-17,2014,Train,5.75,100.0,200.0,time,-12.75,-25.5
hard_200_2r,2014-09-17,2014,Train,5.75,100.0,200.0,time,-12.75,-25.5
skip_if_original_stop_over_200,2014-09-17,2014,Train,5.75,5.75,11.5,stop,-6.75,-13.5
hard_150_1r,2014-09-19,2014,Train,5.375,75.0,150.0,time,3.5,7.0
hard_150_2r,2014-09-19,2014,Train,5.375,75.0,150.0,time,3.5,7.0
hard_200_1p5r,2014-09-19,2014,Train,5.375,100.0,200.0,time,3.5,7.0
hard_200_2r,2014-09-19,2014,Train,5.375,100.0,200.0,time,3.5,7.0
skip_if_original_stop_over_200,2014-09-19,2014,Train,5.375,5.375,10.75,stop,-6.375,-12.75
hard_150_1r,2014-09-22,2014,Train,13.25,75.0,150.0,time,0.0,0.0
hard_150_2r,2014-09-22,2014,Train,13.25,75.0,150.0,time,0.0,0.0
hard_200_1p5r,2014-09-22,2014,Train,13.25,100.0,200.0,time,0.0,0.0
hard_200_2r,2014-09-22,2014,Train,13.25,100.0,200.0,time,0.0,0.0
skip_if_original_stop_over_200,2014-09-22,2014,Train,13.25,13.25,26.5,time,0.0,0.0
hard_150_1r,2014-10-02,2014,Train,8.375,75.0,150.0,time,-21.75,-43.5
hard_150_2r,2014-10-02,2014,Train,8.375,75.0,150.0,time,-21.75,-43.5
hard_200_1p5r,2014-10-02,2014,Train,8.375,100.0,200.0,time,-21.75,-43.5
hard_200_2r,2014-10-02,2014,Train,8.375,100.0,200.0,time,-21.75,-43.5
skip_if_original_stop_over_200,2014-10-02,2014,Train,8.375,8.375,16.75,target,15.75,31.5
hard_150_1r,2014-10-06,2014,Train,9.625,75.0,150.0,time,8.0,16.0
hard_150_2r,2014-10-06,2014,Train,9.625,75.0,150.0,time,8.0,16.0
hard_200_1p5r,2014-10-06,2014,Train,9.625,100.0,200.0,time,8.0,16.0
hard_200_2r,2014-10-06,2014,Train,9.625,100.0,200.0,time,8.0,16.0
skip_if_original_stop_over_200,2014-10-06,2014,Train,9.625,9.625,19.25,target,18.25,36.5
hard_150_1r,2014-10-07,2014,Train,10.0,75.0,150.0,time,-44.25,-88.5
hard_150_2r,2014-10-07,2014,Train,10.0,75.0,150.0,time,-44.25,-88.5
hard_200_1p5r,2014-10-07,2014,Train,10.0,100.0,200.0,time,-44.25,-88.5
hard_200_2r,2014-10-07,2014,Train,10.0,100.0,200.0,time,-44.25,-88.5
skip_if_original_stop_over_200,2014-10-07,2014,Train,10.0,10.0,20.0,stop,-11.0,-22.0
hard_150_1r,2014-10-09,2014,Train,11.5,75.0,150.0,time,41.75,83.5
hard_150_2r,2014-10-09,2014,Train,11.5,75.0,150.0,time,41.75,83.5
hard_200_1p5r,2014-10-09,2014,Train,11.5,100.0,200.0,time,41.75,83.5
hard_200_2r,2014-10-09,2014,Train,11.5,100.0,200.0,time,41.75,83.5
skip_if_original_stop_over_200,2014-10-09,2014,Train,11.5,11.5,23.0,stop,-12.5,-25.0
hard_150_1r,2014-10-13,2014,Train,26.875,75.0,150.0,time,15.0,30.0
hard_150_2r,2014-10-13,2014,Train,26.875,75.0,150.0,time,15.0,30.0
hard_200_1p5r,2014-10-13,2014,Train,26.875,100.0,200.0,time,15.0,30.0
hard_200_2r,2014-10-13,2014,Train,26.875,100.0,200.0,time,15.0,30.0
skip_if_original_stop_over_200,2014-10-13,2014,Train,26.875,26.875,53.75,stop,-27.875,-55.75
hard_150_1r,2014-10-27,2014,Train,12.625,75.0,150.0,time,0.75,1.5
hard_150_2r,2014-10-27,2014,Train,12.625,75.0,150.0,time,0.75,1.5
hard_200_1p5r,2014-10-27,2014,Train,12.625,100.0,200.0,time,0.75,1.5
hard_200_2r,2014-10-27,2014,Train,12.625,100.0,200.0,time,0.75,1.5
skip_if_original_stop_over_200,2014-10-27,2014,Train,12.625,12.625,25.25,stop,-13.625,-27.25
hard_150_1r,2014-11-17,2014,Train,7.0,75.0,150.0,time,-2.25,-4.5
hard_150_2r,2014-11-17,2014,Train,7.0,75.0,150.0,time,-2.25,-4.5
hard_200_1p5r,2014-11-17,2014,Train,7.0,100.0,200.0,time,-2.25,-4.5
hard_200_2r,2014-11-17,2014,Train,7.0,100.0,200.0,time,-2.25,-4.5
skip_if_original_stop_over_200,2014-11-17,2014,Train,7.0,7.0,14.0,target,13.0,26.0
hard_150_1r,2014-11-21,2014,Train,10.0,75.0,150.0,time,13.25,26.5
hard_150_2r,2014-11-21,2014,Train,10.0,75.0,150.0,time,13.25,26.5
hard_200_1p5r,2014-11-21,2014,Train,10.0,100.0,200.0,time,13.25,26.5
hard_200_2r,2014-11-21,2014,Train,10.0,100.0,200.0,time,13.25,26.5
skip_if_original_stop_over_200,2014-11-21,2014,Train,10.0,10.0,20.0,target,19.0,38.0
hard_150_1r,2014-12-10,2014,Train,12.75,75.0,150.0,time,35.5,71.0
hard_150_2r,2014-12-10,2014,Train,12.75,75.0,150.0,time,35.5,71.0
hard_200_1p5r,2014-12-10,2014,Train,12.75,100.0,200.0,time,35.5,71.0
hard_200_2r,2014-12-10,2014,Train,12.75,100.0,200.0,time,35.5,71.0
skip_if_original_stop_over_200,2014-12-10,2014,Train,12.75,12.75,25.5,stop,-13.75,-27.5
hard_150_1r,2014-12-15,2014,Train,19.125,75.0,150.0,time,19.25,38.5
hard_150_2r,2014-12-15,2014,Train,19.125,75.0,150.0,time,19.25,38.5
hard_200_1p5r,2014-12-15,2014,Train,19.125,100.0,200.0,time,19.25,38.5
hard_200_2r,2014-12-15,2014,Train,19.125,100.0,200.0,time,19.25,38.5
skip_if_original_stop_over_200,2014-12-15,2014,Train,19.125,19.125,38.25,stop,-20.125,-40.25
hard_150_1r,2015-01-02,2015,Train,15.25,75.0,150.0,time,6.75,13.5
hard_150_2r,2015-01-02,2015,Train,15.25,75.0,150.0,time,6.75,13.5
hard_200_1p5r,2015-01-02,2015,Train,15.25,100.0,200.0,time,6.75,13.5
hard_200_2r,2015-01-02,2015,Train,15.25,100.0,200.0,time,6.75,13.5
skip_if_original_stop_over_200,2015-01-02,2015,Train,15.25,15.25,30.5,target,29.5,59.0
hard_150_1r,2015-02-06,2015,Train,11.125,75.0,150.0,time,-44.5,-89.0
hard_150_2r,2015-02-06,2015,Train,11.125,75.0,150.0,time,-44.5,-89.0
hard_200_1p5r,2015-02-06,2015,Train,11.125,100.0,200.0,time,-44.5,-89.0
hard_200_2r,2015-02-06,2015,Train,11.125,100.0,200.0,time,-44.5,-89.0
skip_if_original_stop_over_200,2015-02-06,2015,Train,11.125,11.125,22.25,stop,-12.125,-24.25
hard_150_1r,2015-02-11,2015,Train,7.75,75.0,150.0,time,-6.25,-12.5
hard_150_2r,2015-02-11,2015,Train,7.75,75.0,150.0,time,-6.25,-12.5
hard_200_1p5r,2015-02-11,2015,Train,7.75,100.0,200.0,time,-6.25,-12.5
hard_200_2r,2015-02-11,2015,Train,7.75,100.0,200.0,time,-6.25,-12.5
skip_if_original_stop_over_200,2015-02-11,2015,Train,7.75,7.75,15.5,stop,-8.75,-17.5
hard_150_1r,2015-03-04,2015,Train,14.125,75.0,150.0,time,-5.5,-11.0
hard_150_2r,2015-03-04,2015,Train,14.125,75.0,150.0,time,-5.5,-11.0
hard_200_1p5r,2015-03-04,2015,Train,14.125,100.0,200.0,time,-5.5,-11.0
hard_200_2r,2015-03-04,2015,Train,14.125,100.0,200.0,time,-5.5,-11.0
skip_if_original_stop_over_200,2015-03-04,2015,Train,14.125,14.125,28.25,time,-5.5,-11.0
hard_150_1r,2015-03-05,2015,Train,7.75,75.0,150.0,time,-6.0,-12.0
hard_150_2r,2015-03-05,2015,Train,7.75,75.0,150.0,time,-6.0,-12.0
hard_200_1p5r,2015-03-05,2015,Train,7.75,100.0,200.0,time,-6.0,-12.0
hard_200_2r,2015-03-05,2015,Train,7.75,100.0,200.0,time,-6.0,-12.0
skip_if_original_stop_over_200,2015-03-05,2015,Train,7.75,7.75,15.5,stop,-8.75,-17.5
hard_150_1r,2015-03-11,2015,Train,9.875,75.0,150.0,time,14.5,29.0
hard_150_2r,2015-03-11,2015,Train,9.875,75.0,150.0,time,14.5,29.0
hard_200_1p5r,2015-03-11,2015,Train,9.875,100.0,200.0,time,14.5,29.0
hard_200_2r,2015-03-11,2015,Train,9.875,100.0,200.0,time,14.5,29.0
skip_if_original_stop_over_200,2015-03-11,2015,Train,9.875,9.875,19.75,stop,-10.875,-21.75
hard_150_1r,2015-03-13,2015,Train,15.125,75.0,150.0,time,-13.0,-26.0
hard_150_2r,2015-03-13,2015,Train,15.125,75.0,150.0,time,-13.0,-26.0
hard_200_1p5r,2015-03-13,2015,Train,15.125,100.0,200.0,time,-13.0,-26.0
hard_200_2r,2015-03-13,2015,Train,15.125,100.0,200.0,time,-13.0,-26.0
skip_if_original_stop_over_200,2015-03-13,2015,Train,15.125,15.125,30.25,time,-13.0,-26.0
hard_150_1r,2015-03-17,2015,Train,7.375,75.0,150.0,time,-31.0,-62.0
hard_150_2r,2015-03-17,2015,Train,7.375,75.0,150.0,time,-31.0,-62.0
hard_200_1p5r,2015-03-17,2015,Train,7.375,100.0,200.0,time,-31.0,-62.0
hard_200_2r,2015-03-17,2015,Train,7.375,100.0,200.0,time,-31.0,-62.0
skip_if_original_stop_over_200,2015-03-17,2015,Train,7.375,7.375,14.75,stop,-8.375,-16.75
hard_150_1r,2015-03-31,2015,Train,9.875,75.0,150.0,time,-43.0,-86.0
hard_150_2r,2015-03-31,2015,Train,9.875,75.0,150.0,time,-43.0,-86.0
hard_200_1p5r,2015-03-31,2015,Train,9.875,100.0,200.0,time,-43.0,-86.0
hard_200_2r,2015-03-31,2015,Train,9.875,100.0,200.0,time,-43.0,-86.0
skip_if_original_stop_over_200,2015-03-31,2015,Train,9.875,9.875,19.75,stop,-10.875,-21.75
hard_150_1r,2015-04-20,2015,Train,16.625,75.0,150.0,time,9.5,19.0
hard_150_2r,2015-04-20,2015,Train,16.625,75.0,150.0,time,9.5,19.0
hard_200_1p5r,2015-04-20,2015,Train,16.625,100.0,200.0,time,9.5,19.0
hard_200_2r,2015-04-20,2015,Train,16.625,100.0,200.0,time,9.5,19.0
skip_if_original_stop_over_200,2015-04-20,2015,Train,16.625,16.625,33.25,time,9.5,19.0
hard_150_1r,2015-05-08,2015,Train,10.0,75.0,150.0,time,-2.25,-4.5
hard_150_2r,2015-05-08,2015,Train,10.0,75.0,150.0,time,-2.25,-4.5
hard_200_1p5r,2015-05-08,2015,Train,10.0,100.0,200.0,time,-2.25,-4.5
hard_200_2r,2015-05-08,2015,Train,10.0,100.0,200.0,time,-2.25,-4.5
skip_if_original_stop_over_200,2015-05-08,2015,Train,10.0,10.0,20.0,stop,-11.0,-22.0
hard_150_1r,2015-05-11,2015,Train,9.875,75.0,150.0,time,4.75,9.5
hard_150_2r,2015-05-11,2015,Train,9.875,75.0,150.0,time,4.75,9.5
hard_200_1p5r,2015-05-11,2015,Train,9.875,100.0,200.0,time,4.75,9.5
hard_200_2r,2015-05-11,2015,Train,9.875,100.0,200.0,time,4.75,9.5
skip_if_original_stop_over_200,2015-05-11,2015,Train,9.875,9.875,19.75,stop,-10.875,-21.75
hard_150_1r,2015-05-12,2015,Train,17.5,75.0,150.0,time,13.0,26.0
hard_150_2r,2015-05-12,2015,Train,17.5,75.0,150.0,time,13.0,26.0
hard_200_1p5r,2015-05-12,2015,Train,17.5,100.0,200.0,time,13.0,26.0
hard_200_2r,2015-05-12,2015,Train,17.5,100.0,200.0,time,13.0,26.0
skip_if_original_stop_over_200,2015-05-12,2015,Train,17.5,17.5,35.0,time,13.0,26.0
hard_150_1r,2015-05-13,2015,Train,14.375,75.0,150.0,time,2.25,4.5
hard_150_2r,2015-05-13,2015,Train,14.375,75.0,150.0,time,2.25,4.5
hard_200_1p5r,2015-05-13,2015,Train,14.375,100.0,200.0,time,2.25,4.5
hard_200_2r,2015-05-13,2015,Train,14.375,100.0,200.0,time,2.25,4.5
skip_if_original_stop_over_200,2015-05-13,2015,Train,14.375,14.375,28.75,time,2.25,4.5
hard_150_1r,2015-05-14,2015,Train,12.5,75.0,150.0,time,16.0,32.0
hard_150_2r,2015-05-14,2015,Train,12.5,75.0,150.0,time,16.0,32.0
hard_200_1p5r,2015-05-14,2015,Train,12.5,100.0,200.0,time,16.0,32.0
hard_200_2r,2015-05-14,2015,Train,12.5,100.0,200.0,time,16.0,32.0
skip_if_original_stop_over_200,2015-05-14,2015,Train,12.5,12.5,25.0,time,16.0,32.0
hard_150_1r,2015-05-18,2015,Train,7.375,75.0,150.0,time,14.5,29.0
hard_150_2r,2015-05-18,2015,Train,7.375,75.0,150.0,time,14.5,29.0
hard_200_1p5r,2015-05-18,2015,Train,7.375,100.0,200.0,time,14.5,29.0
hard_200_2r,2015-05-18,2015,Train,7.375,100.0,200.0,time,14.5,29.0
skip_if_original_stop_over_200,2015-05-18,2015,Train,7.375,7.375,14.75,target,13.75,27.5
hard_150_1r,2015-05-26,2015,Train,25.0,75.0,150.0,time,-8.0,-16.0
hard_150_2r,2015-05-26,2015,Train,25.0,75.0,150.0,time,-8.0,-16.0
hard_200_1p5r,2015-05-26,2015,Train,25.0,100.0,200.0,time,-8.0,-16.0
hard_200_2r,2015-05-26,2015,Train,25.0,100.0,200.0,time,-8.0,-16.0
skip_if_original_stop_over_200,2015-05-26,2015,Train,25.0,25.0,50.0,time,-8.0,-16.0
hard_150_1r,2015-05-29,2015,Train,10.875,75.0,150.0,time,2.75,5.5
hard_150_2r,2015-05-29,2015,Train,10.875,75.0,150.0,time,2.75,5.5
hard_200_1p5r,2015-05-29,2015,Train,10.875,100.0,200.0,time,2.75,5.5
hard_200_2r,2015-05-29,2015,Train,10.875,100.0,200.0,time,2.75,5.5
skip_if_original_stop_over_200,2015-05-29,2015,Train,10.875,10.875,21.75,stop,-11.875,-23.75
hard_150_1r,2015-06-11,2015,Train,8.0,75.0,150.0,time,3.25,6.5
hard_150_2r,2015-06-11,2015,Train,8.0,75.0,150.0,time,3.25,6.5
hard_200_1p5r,2015-06-11,2015,Train,8.0,100.0,200.0,time,3.25,6.5
hard_200_2r,2015-06-11,2015,Train,8.0,100.0,200.0,time,3.25,6.5
skip_if_original_stop_over_200,2015-06-11,2015,Train,8.0,8.0,16.0,stop,-9.0,-18.0
hard_150_1r,2015-06-12,2015,Train,9.25,75.0,150.0,time,1.75,3.5
hard_150_2r,2015-06-12,2015,Train,9.25,75.0,150.0,time,1.75,3.5
hard_200_1p5r,2015-06-12,2015,Train,9.25,100.0,200.0,time,1.75,3.5
hard_200_2r,2015-06-12,2015,Train,9.25,100.0,200.0,time,1.75,3.5
skip_if_original_stop_over_200,2015-06-12,2015,Train,9.25,9.25,18.5,time,1.75,3.5
hard_150_1r,2015-06-15,2015,Train,13.75,75.0,150.0,time,7.75,15.5
hard_150_2r,2015-06-15,2015,Train,13.75,75.0,150.0,time,7.75,15.5
hard_200_1p5r,2015-06-15,2015,Train,13.75,100.0,200.0,time,7.75,15.5
hard_200_2r,2015-06-15,2015,Train,13.75,100.0,200.0,time,7.75,15.5
skip_if_original_stop_over_200,2015-06-15,2015,Train,13.75,13.75,27.5,time,7.75,15.5
hard_150_1r,2015-06-17,2015,Train,5.125,75.0,150.0,time,-16.5,-33.0
hard_150_2r,2015-06-17,2015,Train,5.125,75.0,150.0,time,-16.5,-33.0
hard_200_1p5r,2015-06-17,2015,Train,5.125,100.0,200.0,time,-16.5,-33.0
hard_200_2r,2015-06-17,2015,Train,5.125,100.0,200.0,time,-16.5,-33.0
skip_if_original_stop_over_200,2015-06-17,2015,Train,5.125,5.125,10.25,target,9.25,18.5
hard_150_1r,2015-06-22,2015,Train,7.375,75.0,150.0,time,-14.5,-29.0
hard_150_2r,2015-06-22,2015,Train,7.375,75.0,150.0,time,-14.5,-29.0
hard_200_1p5r,2015-06-22,2015,Train,7.375,100.0,200.0,time,-14.5,-29.0
hard_200_2r,2015-06-22,2015,Train,7.375,100.0,200.0,time,-14.5,-29.0
skip_if_original_stop_over_200,2015-06-22,2015,Train,7.375,7.375,14.75,stop,-8.375,-16.75
hard_150_1r,2015-06-26,2015,Train,13.75,75.0,150.0,time,7.5,15.0
hard_150_2r,2015-06-26,2015,Train,13.75,75.0,150.0,time,7.5,15.0
hard_200_1p5r,2015-06-26,2015,Train,13.75,100.0,200.0,time,7.5,15.0
hard_200_2r,2015-06-26,2015,Train,13.75,100.0,200.0,time,7.5,15.0
skip_if_original_stop_over_200,2015-06-26,2015,Train,13.75,13.75,27.5,time,7.5,15.0
hard_150_1r,2015-06-30,2015,Train,11.375,75.0,150.0,time,-19.0,-38.0
hard_150_2r,2015-06-30,2015,Train,11.375,75.0,150.0,time,-19.0,-38.0
hard_200_1p5r,2015-06-30,2015,Train,11.375,100.0,200.0,time,-19.0,-38.0
hard_200_2r,2015-06-30,2015,Train,11.375,100.0,200.0,time,-19.0,-38.0
skip_if_original_stop_over_200,2015-06-30,2015,Train,11.375,11.375,22.75,stop,-12.375,-24.75
hard_150_1r,2015-07-06,2015,Train,17.125,75.0,150.0,time,-12.5,-25.0
hard_150_2r,2015-07-06,2015,Train,17.125,75.0,150.0,time,-12.5,-25.0
hard_200_1p5r,2015-07-06,2015,Train,17.125,100.0,200.0,time,-12.5,-25.0
hard_200_2r,2015-07-06,2015,Train,17.125,100.0,200.0,time,-12.5,-25.0
skip_if_original_stop_over_200,2015-07-06,2015,Train,17.125,17.125,34.25,stop,-18.125,-36.25
hard_150_1r,2015-07-07,2015,Train,26.25,75.0,150.0,time,-56.75,-113.5
hard_150_2r,2015-07-07,2015,Train,26.25,75.0,150.0,time,-56.75,-113.5
hard_200_1p5r,2015-07-07,2015,Train,26.25,100.0,200.0,time,-56.75,-113.5
hard_200_2r,2015-07-07,2015,Train,26.25,100.0,200.0,time,-56.75,-113.5
skip_if_original_stop_over_200,2015-07-07,2015,Train,26.25,26.25,52.5,stop,-27.25,-54.5
hard_150_1r,2015-07-27,2015,Train,13.25,75.0,150.0,time,-32.25,-64.5
hard_150_2r,2015-07-27,2015,Train,13.25,75.0,150.0,time,-32.25,-64.5
hard_200_1p5r,2015-07-27,2015,Train,13.25,100.0,200.0,time,-32.25,-64.5
hard_200_2r,2015-07-27,2015,Train,13.25,100.0,200.0,time,-32.25,-64.5
skip_if_original_stop_over_200,2015-07-27,2015,Train,13.25,13.25,26.5,stop,-14.25,-28.5
hard_150_1r,2015-08-04,2015,Train,12.375,75.0,150.0,time,-12.5,-25.0
hard_150_2r,2015-08-04,2015,Train,12.375,75.0,150.0,time,-12.5,-25.0
hard_200_1p5r,2015-08-04,2015,Train,12.375,100.0,200.0,time,-12.5,-25.0
hard_200_2r,2015-08-04,2015,Train,12.375,100.0,200.0,time,-12.5,-25.0
skip_if_original_stop_over_200,2015-08-04,2015,Train,12.375,12.375,24.75,stop,-13.375,-26.75
hard_150_1r,2015-08-06,2015,Train,26.5,75.0,150.0,time,25.5,51.0
hard_150_2r,2015-08-06,2015,Train,26.5,75.0,150.0,time,25.5,51.0
hard_200_1p5r,2015-08-06,2015,Train,26.5,100.0,200.0,time,25.5,51.0
hard_200_2r,2015-08-06,2015,Train,26.5,100.0,200.0,time,25.5,51.0
skip_if_original_stop_over_200,2015-08-06,2015,Train,26.5,26.5,53.0,time,25.5,51.0
hard_150_1r,2015-08-07,2015,Train,16.75,75.0,150.0,time,-27.75,-55.5
hard_150_2r,2015-08-07,2015,Train,16.75,75.0,150.0,time,-27.75,-55.5
hard_200_1p5r,2015-08-07,2015,Train,16.75,100.0,200.0,time,-27.75,-55.5
hard_200_2r,2015-08-07,2015,Train,16.75,100.0,200.0,time,-27.75,-55.5
skip_if_original_stop_over_200,2015-08-07,2015,Train,16.75,16.75,33.5,stop,-17.75,-35.5
hard_150_1r,2015-08-11,2015,Train,14.625,75.0,150.0,time,15.0,30.0
hard_150_2r,2015-08-11,2015,Train,14.625,75.0,150.0,time,15.0,30.0
hard_200_1p5r,2015-08-11,2015,Train,14.625,100.0,200.0,time,15.0,30.0
hard_200_2r,2015-08-11,2015,Train,14.625,100.0,200.0,time,15.0,30.0
skip_if_original_stop_over_200,2015-08-11,2015,Train,14.625,14.625,29.25,target,28.25,56.5
hard_150_1r,2015-08-21,2015,Train,28.625,75.0,150.0,target,74.0,148.0
hard_150_2r,2015-08-21,2015,Train,28.625,75.0,150.0,time,89.0,178.0
hard_200_1p5r,2015-08-21,2015,Train,28.625,100.0,200.0,time,89.0,178.0
hard_200_2r,2015-08-21,2015,Train,28.625,100.0,200.0,time,89.0,178.0
skip_if_original_stop_over_200,2015-08-21,2015,Train,28.625,28.625,57.25,target,56.25,112.5
hard_150_1r,2015-09-02,2015,Train,18.0,75.0,150.0,time,-62.5,-125.0
hard_150_2r,2015-09-02,2015,Train,18.0,75.0,150.0,time,-62.5,-125.0
hard_200_1p5r,2015-09-02,2015,Train,18.0,100.0,200.0,time,-62.5,-125.0
hard_200_2r,2015-09-02,2015,Train,18.0,100.0,200.0,time,-62.5,-125.0
skip_if_original_stop_over_200,2015-09-02,2015,Train,18.0,18.0,36.0,stop,-19.0,-38.0
hard_150_1r,2015-09-08,2015,Train,16.125,75.0,150.0,time,-48.0,-96.0
hard_150_2r,2015-09-08,2015,Train,16.125,75.0,150.0,time,-48.0,-96.0
hard_200_1p5r,2015-09-08,2015,Train,16.125,100.0,200.0,time,-48.0,-96.0
hard_200_2r,2015-09-08,2015,Train,16.125,100.0,200.0,time,-48.0,-96.0
skip_if_original_stop_over_200,2015-09-08,2015,Train,16.125,16.125,32.25,stop,-17.125,-34.25
hard_150_1r,2015-09-16,2015,Train,11.875,75.0,150.0,time,14.5,29.0
hard_150_2r,2015-09-16,2015,Train,11.875,75.0,150.0,time,14.5,29.0
hard_200_1p5r,2015-09-16,2015,Train,11.875,100.0,200.0,time,14.5,29.0
hard_200_2r,2015-09-16,2015,Train,11.875,100.0,200.0,time,14.5,29.0
skip_if_original_stop_over_200,2015-09-16,2015,Train,11.875,11.875,23.75,stop,-12.875,-25.75
hard_150_1r,2015-09-21,2015,Train,11.125,75.0,150.0,time,-36.25,-72.5
hard_150_2r,2015-09-21,2015,Train,11.125,75.0,150.0,time,-36.25,-72.5
hard_200_1p5r,2015-09-21,2015,Train,11.125,100.0,200.0,time,-36.25,-72.5
hard_200_2r,2015-09-21,2015,Train,11.125,100.0,200.0,time,-36.25,-72.5
skip_if_original_stop_over_200,2015-09-21,2015,Train,11.125,11.125,22.25,stop,-12.125,-24.25
hard_150_1r,2015-09-28,2015,Train,28.375,75.0,150.0,time,29.5,59.0
hard_150_2r,2015-09-28,2015,Train,28.375,75.0,150.0,time,29.5,59.0
hard_200_1p5r,2015-09-28,2015,Train,28.375,100.0,200.0,time,29.5,59.0
hard_200_2r,2015-09-28,2015,Train,28.375,100.0,200.0,time,29.5,59.0
skip_if_original_stop_over_200,2015-09-28,2015,Train,28.375,28.375,56.75,time,29.5,59.0
hard_150_1r,2015-09-30,2015,Train,20.0,75.0,150.0,time,-2.5,-5.0
hard_150_2r,2015-09-30,2015,Train,20.0,75.0,150.0,time,-2.5,-5.0
hard_200_1p5r,2015-09-30,2015,Train,20.0,100.0,200.0,time,-2.5,-5.0
hard_200_2r,2015-09-30,2015,Train,20.0,100.0,200.0,time,-2.5,-5.0
skip_if_original_stop_over_200,2015-09-30,2015,Train,20.0,20.0,40.0,stop,-21.0,-42.0
hard_150_1r,2015-10-02,2015,Train,17.125,75.0,150.0,target,74.0,148.0
hard_150_2r,2015-10-02,2015,Train,17.125,75.0,150.0,time,96.25,192.5
hard_200_1p5r,2015-10-02,2015,Train,17.125,100.0,200.0,time,96.25,192.5
hard_200_2r,2015-10-02,2015,Train,17.125,100.0,200.0,time,96.25,192.5
skip_if_original_stop_over_200,2015-10-02,2015,Train,17.125,17.125,34.25,target,33.25,66.5
hard_150_1r,2015-10-07,2015,Train,12.625,75.0,150.0,time,-13.5,-27.0
hard_150_2r,2015-10-07,2015,Train,12.625,75.0,150.0,time,-13.5,-27.0
hard_200_1p5r,2015-10-07,2015,Train,12.625,100.0,200.0,time,-13.5,-27.0
hard_200_2r,2015-10-07,2015,Train,12.625,100.0,200.0,time,-13.5,-27.0
skip_if_original_stop_over_200,2015-10-07,2015,Train,12.625,12.625,25.25,target,24.25,48.5
hard_150_1r,2015-10-09,2015,Train,12.5,75.0,150.0,time,-4.75,-9.5
hard_150_2r,2015-10-09,2015,Train,12.5,75.0,150.0,time,-4.75,-9.5
hard_200_1p5r,2015-10-09,2015,Train,12.5,100.0,200.0,time,-4.75,-9.5
hard_200_2r,2015-10-09,2015,Train,12.5,100.0,200.0,time,-4.75,-9.5
skip_if_original_stop_over_200,2015-10-09,2015,Train,12.5,12.5,25.0,stop,-13.5,-27.0
hard_150_1r,2015-10-13,2015,Train,18.5,75.0,150.0,time,-45.75,-91.5
hard_150_2r,2015-10-13,2015,Train,18.5,75.0,150.0,time,-45.75,-91.5
hard_200_1p5r,2015-10-13,2015,Train,18.5,100.0,200.0,time,-45.75,-91.5
hard_200_2r,2015-10-13,2015,Train,18.5,100.0,200.0,time,-45.75,-91.5
skip_if_original_stop_over_200,2015-10-13,2015,Train,18.5,18.5,37.0,stop,-19.5,-39.0
hard_150_1r,2015-10-14,2015,Train,20.125,75.0,150.0,time,-8.25,-16.5
hard_150_2r,2015-10-14,2015,Train,20.125,75.0,150.0,time,-8.25,-16.5
hard_200_1p5r,2015-10-14,2015,Train,20.125,100.0,200.0,time,-8.25,-16.5
hard_200_2r,2015-10-14,2015,Train,20.125,100.0,200.0,time,-8.25,-16.5
skip_if_original_stop_over_200,2015-10-14,2015,Train,20.125,20.125,40.25,stop,-21.125,-42.25
hard_150_1r,2015-10-22,2015,Train,20.0,75.0,150.0,time,10.0,20.0
hard_150_2r,2015-10-22,2015,Train,20.0,75.0,150.0,time,10.0,20.0
hard_200_1p5r,2015-10-22,2015,Train,20.0,100.0,200.0,time,10.0,20.0
hard_200_2r,2015-10-22,2015,Train,20.0,100.0,200.0,time,10.0,20.0
skip_if_original_stop_over_200,2015-10-22,2015,Train,20.0,20.0,40.0,time,10.0,20.0
hard_150_1r,2015-10-27,2015,Train,10.625,75.0,150.0,time,-9.0,-18.0
hard_150_2r,2015-10-27,2015,Train,10.625,75.0,150.0,time,-9.0,-18.0
hard_200_1p5r,2015-10-27,2015,Train,10.625,100.0,200.0,time,-9.0,-18.0
hard_200_2r,2015-10-27,2015,Train,10.625,100.0,200.0,time,-9.0,-18.0
skip_if_original_stop_over_200,2015-10-27,2015,Train,10.625,10.625,21.25,stop,-11.625,-23.25
hard_150_1r,2015-11-02,2015,Train,14.625,75.0,150.0,time,14.25,28.5
hard_150_2r,2015-11-02,2015,Train,14.625,75.0,150.0,time,14.25,28.5
hard_200_1p5r,2015-11-02,2015,Train,14.625,100.0,200.0,time,14.25,28.5
hard_200_2r,2015-11-02,2015,Train,14.625,100.0,200.0,time,14.25,28.5
skip_if_original_stop_over_200,2015-11-02,2015,Train,14.625,14.625,29.25,time,14.25,28.5
hard_150_1r,2015-11-09,2015,Train,18.125,75.0,150.0,time,-13.75,-27.5
hard_150_2r,2015-11-09,2015,Train,18.125,75.0,150.0,time,-13.75,-27.5
hard_200_1p5r,2015-11-09,2015,Train,18.125,100.0,200.0,time,-13.75,-27.5
hard_200_2r,2015-11-09,2015,Train,18.125,100.0,200.0,time,-13.75,-27.5
skip_if_original_stop_over_200,2015-11-09,2015,Train,18.125,18.125,36.25,time,-13.75,-27.5
hard_150_1r,2015-11-24,2015,Train,11.5,75.0,150.0,time,-43.5,-87.0
hard_150_2r,2015-11-24,2015,Train,11.5,75.0,150.0,time,-43.5,-87.0
hard_200_1p5r,2015-11-24,2015,Train,11.5,100.0,200.0,time,-43.5,-87.0
hard_200_2r,2015-11-24,2015,Train,11.5,100.0,200.0,time,-43.5,-87.0
skip_if_original_stop_over_200,2015-11-24,2015,Train,11.5,11.5,23.0,stop,-12.5,-25.0
hard_150_1r,2015-12-07,2015,Train,15.625,75.0,150.0,time,-9.75,-19.5
hard_150_2r,2015-12-07,2015,Train,15.625,75.0,150.0,time,-9.75,-19.5
hard_200_1p5r,2015-12-07,2015,Train,15.625,100.0,200.0,time,-9.75,-19.5
hard_200_2r,2015-12-07,2015,Train,15.625,100.0,200.0,time,-9.75,-19.5
skip_if_original_stop_over_200,2015-12-07,2015,Train,15.625,15.625,31.25,time,-9.75,-19.5
hard_150_1r,2015-12-08,2015,Train,13.125,75.0,150.0,time,33.75,67.5
hard_150_2r,2015-12-08,2015,Train,13.125,75.0,150.0,time,33.75,67.5
hard_200_1p5r,2015-12-08,2015,Train,13.125,100.0,200.0,time,33.75,67.5
hard_200_2r,2015-12-08,2015,Train,13.125,100.0,200.0,time,33.75,67.5
skip_if_original_stop_over_200,2015-12-08,2015,Train,13.125,13.125,26.25,target,25.25,50.5
hard_150_1r,2015-12-09,2015,Train,16.5,75.0,150.0,stop,-76.0,-152.0
hard_150_2r,2015-12-09,2015,Train,16.5,75.0,150.0,stop,-76.0,-152.0
hard_200_1p5r,2015-12-09,2015,Train,16.5,100.0,200.0,stop,-101.0,-202.0
hard_200_2r,2015-12-09,2015,Train,16.5,100.0,200.0,stop,-101.0,-202.0
skip_if_original_stop_over_200,2015-12-09,2015,Train,16.5,16.5,33.0,stop,-17.5,-35.0
hard_150_1r,2015-12-16,2015,Train,18.25,75.0,150.0,time,-68.5,-137.0
hard_150_2r,2015-12-16,2015,Train,18.25,75.0,150.0,time,-68.5,-137.0
hard_200_1p5r,2015-12-16,2015,Train,18.25,100.0,200.0,time,-68.5,-137.0
hard_200_2r,2015-12-16,2015,Train,18.25,100.0,200.0,time,-68.5,-137.0
skip_if_original_stop_over_200,2015-12-16,2015,Train,18.25,18.25,36.5,stop,-19.25,-38.5
hard_150_1r,2015-12-17,2015,Train,18.25,75.0,150.0,time,27.25,54.5
hard_150_2r,2015-12-17,2015,Train,18.25,75.0,150.0,time,27.25,54.5
hard_200_1p5r,2015-12-17,2015,Train,18.25,100.0,200.0,time,27.25,54.5
hard_200_2r,2015-12-17,2015,Train,18.25,100.0,200.0,time,27.25,54.5
skip_if_original_stop_over_200,2015-12-17,2015,Train,18.25,18.25,36.5,time,27.25,54.5
hard_150_1r,2015-12-18,2015,Train,18.5,75.0,150.0,time,29.75,59.5
hard_150_2r,2015-12-18,2015,Train,18.5,75.0,150.0,time,29.75,59.5
hard_200_1p5r,2015-12-18,2015,Train,18.5,100.0,200.0,time,29.75,59.5
hard_200_2r,2015-12-18,2015,Train,18.5,100.0,200.0,time,29.75,59.5
skip_if_original_stop_over_200,2015-12-18,2015,Train,18.5,18.5,37.0,stop,-19.5,-39.0
hard_150_1r,2015-12-28,2015,Train,10.75,75.0,150.0,time,-35.25,-70.5
hard_150_2r,2015-12-28,2015,Train,10.75,75.0,150.0,time,-35.25,-70.5
hard_200_1p5r,2015-12-28,2015,Train,10.75,100.0,200.0,time,-35.25,-70.5
hard_200_2r,2015-12-28,2015,Train,10.75,100.0,200.0,time,-35.25,-70.5
skip_if_original_stop_over_200,2015-12-28,2015,Train,10.75,10.75,21.5,stop,-11.75,-23.5
hard_150_1r,2015-12-31,2015,Train,12.25,75.0,150.0,time,5.75,11.5
hard_150_2r,2015-12-31,2015,Train,12.25,75.0,150.0,time,5.75,11.5
hard_200_1p5r,2015-12-31,2015,Train,12.25,100.0,200.0,time,5.75,11.5
hard_200_2r,2015-12-31,2015,Train,12.25,100.0,200.0,time,5.75,11.5
skip_if_original_stop_over_200,2015-12-31,2015,Train,12.25,12.25,24.5,stop,-13.25,-26.5
hard_150_1r,2016-01-07,2016,Train,18.0,75.0,150.0,stop,-76.0,-152.0
hard_150_2r,2016-01-07,2016,Train,18.0,75.0,150.0,stop,-76.0,-152.0
hard_200_1p5r,2016-01-07,2016,Train,18.0,100.0,200.0,time,-68.5,-137.0
hard_200_2r,2016-01-07,2016,Train,18.0,100.0,200.0,time,-68.5,-137.0
skip_if_original_stop_over_200,2016-01-07,2016,Train,18.0,18.0,36.0,stop,-19.0,-38.0
hard_150_1r,2016-01-11,2016,Train,21.125,75.0,150.0,time,-33.25,-66.5
hard_150_2r,2016-01-11,2016,Train,21.125,75.0,150.0,time,-33.25,-66.5
hard_200_1p5r,2016-01-11,2016,Train,21.125,100.0,200.0,time,-33.25,-66.5
hard_200_2r,2016-01-11,2016,Train,21.125,100.0,200.0,time,-33.25,-66.5
skip_if_original_stop_over_200,2016-01-11,2016,Train,21.125,21.125,42.25,stop,-22.125,-44.25
hard_150_1r,2016-01-13,2016,Train,20.25,75.0,150.0,target,74.0,148.0
hard_150_2r,2016-01-13,2016,Train,20.25,75.0,150.0,time,126.5,253.0
hard_200_1p5r,2016-01-13,2016,Train,20.25,100.0,200.0,time,126.5,253.0
hard_200_2r,2016-01-13,2016,Train,20.25,100.0,200.0,time,126.5,253.0
skip_if_original_stop_over_200,2016-01-13,2016,Train,20.25,20.25,40.5,stop,-21.25,-42.5
hard_150_1r,2016-01-14,2016,Train,39.875,75.0,150.0,target,74.0,148.0
hard_150_2r,2016-01-14,2016,Train,39.875,75.0,150.0,time,46.75,93.5
hard_200_1p5r,2016-01-14,2016,Train,39.875,100.0,200.0,time,46.75,93.5
hard_200_2r,2016-01-14,2016,Train,39.875,100.0,200.0,time,46.75,93.5
skip_if_original_stop_over_200,2016-01-14,2016,Train,39.875,39.875,79.75,target,78.75,157.5
hard_150_1r,2016-01-20,2016,Train,30.125,75.0,150.0,stop,-76.0,-152.0
hard_150_2r,2016-01-20,2016,Train,30.125,75.0,150.0,stop,-76.0,-152.0
hard_200_1p5r,2016-01-20,2016,Train,30.125,100.0,200.0,stop,-101.0,-202.0
hard_200_2r,2016-01-20,2016,Train,30.125,100.0,200.0,stop,-101.0,-202.0
skip_if_original_stop_over_200,2016-01-20,2016,Train,30.125,30.125,60.25,stop,-31.125,-62.25
hard_150_1r,2016-01-28,2016,Train,36.375,75.0,150.0,time,-60.75,-121.5
hard_150_2r,2016-01-28,2016,Train,36.375,75.0,150.0,time,-60.75,-121.5
hard_200_1p5r,2016-01-28,2016,Train,36.375,100.0,200.0,time,-60.75,-121.5
hard_200_2r,2016-01-28,2016,Train,36.375,100.0,200.0,time,-60.75,-121.5
skip_if_original_stop_over_200,2016-01-28,2016,Train,36.375,36.375,72.75,stop,-37.375,-74.75
hard_150_1r,2016-02-03,2016,Train,48.625,75.0,150.0,stop,-76.0,-152.0
hard_150_2r,2016-02-03,2016,Train,48.625,75.0,150.0,stop,-76.0,-152.0
hard_200_1p5r,2016-02-03,2016,Train,48.625,100.0,200.0,time,-63.5,-127.0
hard_200_2r,2016-02-03,2016,Train,48.625,100.0,200.0,time,-63.5,-127.0
skip_if_original_stop_over_200,2016-02-03,2016,Train,48.625,48.625,97.25,stop,-49.625,-99.25
hard_150_1r,2016-02-05,2016,Train,39.125,75.0,150.0,time,65.0,130.0
hard_150_2r,2016-02-05,2016,Train,39.125,75.0,150.0,time,65.0,130.0
hard_200_1p5r,2016-02-05,2016,Train,39.125,100.0,200.0,time,65.0,130.0
hard_200_2r,2016-02-05,2016,Train,39.125,100.0,200.0,time,65.0,130.0
skip_if_original_stop_over_200,2016-02-05,2016,Train,39.125,39.125,78.25,time,65.0,130.0
hard_150_1r,2016-02-10,2016,Train,27.5,75.0,150.0,stop,-76.0,-152.0
hard_150_2r,2016-02-10,2016,Train,27.5,75.0,150.0,stop,-76.0,-152.0
hard_200_1p5r,2016-02-10,2016,Train,27.5,100.0,200.0,time,-79.5,-159.0
hard_200_2r,2016-02-10,2016,Train,27.5,100.0,200.0,time,-79.5,-159.0
skip_if_original_stop_over_200,2016-02-10,2016,Train,27.5,27.5,55.0,stop,-28.5,-57.0
hard_150_1r,2016-02-16,2016,Train,15.25,75.0,150.0,time,-48.0,-96.0
hard_150_2r,2016-02-16,2016,Train,15.25,75.0,150.0,time,-48.0,-96.0
hard_200_1p5r,2016-02-16,2016,Train,15.25,100.0,200.0,time,-48.0,-96.0
hard_200_2r,2016-02-16,2016,Train,15.25,100.0,200.0,time,-48.0,-96.0
skip_if_original_stop_over_200,2016-02-16,2016,Train,15.25,15.25,30.5,stop,-16.25,-32.5
hard_150_1r,2016-02-23,2016,Train,16.75,75.0,150.0,time,16.0,32.0
hard_150_2r,2016-02-23,2016,Train,16.75,75.0,150.0,time,16.0,32.0
hard_200_1p5r,2016-02-23,2016,Train,16.75,100.0,200.0,time,16.0,32.0
hard_200_2r,2016-02-23,2016,Train,16.75,100.0,200.0,time,16.0,32.0
skip_if_original_stop_over_200,2016-02-23,2016,Train,16.75,16.75,33.5,time,16.0,32.0
hard_150_1r,2016-03-01,2016,Train,24.125,75.0,150.0,time,47.0,94.0
hard_150_2r,2016-03-01,2016,Train,24.125,75.0,150.0,time,47.0,94.0
hard_200_1p5r,2016-03-01,2016,Train,24.125,100.0,200.0,time,47.0,94.0
hard_200_2r,2016-03-01,2016,Train,24.125,100.0,200.0,time,47.0,94.0
skip_if_original_stop_over_200,2016-03-01,2016,Train,24.125,24.125,48.25,target,47.25,94.5
hard_150_1r,2016-03-03,2016,Train,13.875,75.0,150.0,time,-24.0,-48.0
hard_150_2r,2016-03-03,2016,Train,13.875,75.0,150.0,time,-24.0,-48.0
hard_200_1p5r,2016-03-03,2016,Train,13.875,100.0,200.0,time,-24.0,-48.0
hard_200_2r,2016-03-03,2016,Train,13.875,100.0,200.0,time,-24.0,-48.0
skip_if_original_stop_over_200,2016-03-03,2016,Train,13.875,13.875,27.75,stop,-14.875,-29.75
hard_150_1r,2016-03-09,2016,Train,13.25,75.0,150.0,time,-1.5,-3.0
hard_150_2r,2016-03-09,2016,Train,13.25,75.0,150.0,time,-1.5,-3.0
hard_200_1p5r,2016-03-09,2016,Train,13.25,100.0,200.0,time,-1.5,-3.0
hard_200_2r,2016-03-09,2016,Train,13.25,100.0,200.0,time,-1.5,-3.0
skip_if_original_stop_over_200,2016-03-09,2016,Train,13.25,13.25,26.5,stop,-14.25,-28.5
hard_150_1r,2016-03-10,2016,Train,17.75,75.0,150.0,time,12.5,25.0
hard_150_2r,2016-03-10,2016,Train,17.75,75.0,150.0,time,12.5,25.0
hard_200_1p5r,2016-03-10,2016,Train,17.75,100.0,200.0,time,12.5,25.0
hard_200_2r,2016-03-10,2016,Train,17.75,100.0,200.0,time,12.5,25.0
skip_if_original_stop_over_200,2016-03-10,2016,Train,17.75,17.75,35.5,target,34.5,69.0
hard_150_1r,2016-03-11,2016,Train,11.0,75.0,150.0,time,16.25,32.5
hard_150_2r,2016-03-11,2016,Train,11.0,75.0,150.0,time,16.25,32.5
hard_200_1p5r,2016-03-11,2016,Train,11.0,100.0,200.0,time,16.25,32.5
hard_200_2r,2016-03-11,2016,Train,11.0,100.0,200.0,time,16.25,32.5
skip_if_original_stop_over_200,2016-03-11,2016,Train,11.0,11.0,22.0,time,16.25,32.5
hard_150_1r,2016-04-01,2016,Train,21.125,75.0,150.0,time,32.25,64.5
hard_150_2r,2016-04-01,2016,Train,21.125,75.0,150.0,time,32.25,64.5
hard_200_1p5r,2016-04-01,2016,Train,21.125,100.0,200.0,time,32.25,64.5
hard_200_2r,2016-04-01,2016,Train,21.125,100.0,200.0,time,32.25,64.5
skip_if_original_stop_over_200,2016-04-01,2016,Train,21.125,21.125,42.25,time,32.25,64.5
hard_150_1r,2016-04-21,2016,Train,10.625,75.0,150.0,time,-9.5,-19.0
hard_150_2r,2016-04-21,2016,Train,10.625,75.0,150.0,time,-9.5,-19.0
hard_200_1p5r,2016-04-21,2016,Train,10.625,100.0,200.0,time,-9.5,-19.0
hard_200_2r,2016-04-21,2016,Train,10.625,100.0,200.0,time,-9.5,-19.0
skip_if_original_stop_over_200,2016-04-21,2016,Train,10.625,10.625,21.25,stop,-11.625,-23.25
hard_150_1r,2016-04-28,2016,Train,11.875,75.0,150.0,stop,-76.0,-152.0
hard_150_2r,2016-04-28,2016,Train,11.875,75.0,150.0,stop,-76.0,-152.0
hard_200_1p5r,2016-04-28,2016,Train,11.875,100.0,200.0,time,-84.75,-169.5
hard_200_2r,2016-04-28,2016,Train,11.875,100.0,200.0,time,-84.75,-169.5
skip_if_original_stop_over_200,2016-04-28,2016,Train,11.875,11.875,23.75,stop,-12.875,-25.75
hard_150_1r,2016-05-11,2016,Train,7.5,75.0,150.0,time,-44.75,-89.5
hard_150_2r,2016-05-11,2016,Train,7.5,75.0,150.0,time,-44.75,-89.5
hard_200_1p5r,2016-05-11,2016,Train,7.5,100.0,200.0,time,-44.75,-89.5
hard_200_2r,2016-05-11,2016,Train,7.5,100.0,200.0,time,-44.75,-89.5
skip_if_original_stop_over_200,2016-05-11,2016,Train,7.5,7.5,15.0,stop,-8.5,-17.0
hard_150_1r,2016-05-12,2016,Train,16.125,75.0,150.0,time,-0.25,-0.5
hard_150_2r,2016-05-12,2016,Train,16.125,75.0,150.0,time,-0.25,-0.5
hard_200_1p5r,2016-05-12,2016,Train,16.125,100.0,200.0,time,-0.25,-0.5
hard_200_2r,2016-05-12,2016,Train,16.125,100.0,200.0,time,-0.25,-0.5
skip_if_original_stop_over_200,2016-05-12,2016,Train,16.125,16.125,32.25,stop,-17.125,-34.25
hard_150_1r,2016-05-13,2016,Train,11.5,75.0,150.0,time,-37.75,-75.5
hard_150_2r,2016-05-13,2016,Train,11.5,75.0,150.0,time,-37.75,-75.5
hard_200_1p5r,2016-05-13,2016,Train,11.5,100.0,200.0,time,-37.75,-75.5
hard_200_2r,2016-05-13,2016,Train,11.5,100.0,200.0,time,-37.75,-75.5
skip_if_original_stop_over_200,2016-05-13,2016,Train,11.5,11.5,23.0,stop,-12.5,-25.0
hard_150_1r,2016-05-17,2016,Train,16.875,75.0,150.0,time,25.75,51.5
hard_150_2r,2016-05-17,2016,Train,16.875,75.0,150.0,time,25.75,51.5
hard_200_1p5r,2016-05-17,2016,Train,16.875,100.0,200.0,time,25.75,51.5
hard_200_2r,2016-05-17,2016,Train,16.875,100.0,200.0,time,25.75,51.5
skip_if_original_stop_over_200,2016-05-17,2016,Train,16.875,16.875,33.75,stop,-17.875,-35.75
hard_150_1r,2016-06-01,2016,Train,10.375,75.0,150.0,time,-7.25,-14.5
hard_150_2r,2016-06-01,2016,Train,10.375,75.0,150.0,time,-7.25,-14.5
hard_200_1p5r,2016-06-01,2016,Train,10.375,100.0,200.0,time,-7.25,-14.5
hard_200_2r,2016-06-01,2016,Train,10.375,100.0,200.0,time,-7.25,-14.5
skip_if_original_stop_over_200,2016-06-01,2016,Train,10.375,10.375,20.75,time,-7.25,-14.5
hard_150_1r,2016-06-07,2016,Train,4.5,75.0,150.0,time,7.0,14.0
hard_150_2r,2016-06-07,2016,Train,4.5,75.0,150.0,time,7.0,14.0
hard_200_1p5r,2016-06-07,2016,Train,4.5,100.0,200.0,time,7.0,14.0
hard_200_2r,2016-06-07,2016,Train,4.5,100.0,200.0,time,7.0,14.0
skip_if_original_stop_over_200,2016-06-07,2016,Train,4.5,4.5,9.0,stop,-5.5,-11.0
hard_150_1r,2016-06-17,2016,Train,20.625,75.0,150.0,time,-4.75,-9.5
hard_150_2r,2016-06-17,2016,Train,20.625,75.0,150.0,time,-4.75,-9.5
hard_200_1p5r,2016-06-17,2016,Train,20.625,100.0,200.0,time,-4.75,-9.5
hard_200_2r,2016-06-17,2016,Train,20.625,100.0,200.0,time,-4.75,-9.5
skip_if_original_stop_over_200,2016-06-17,2016,Train,20.625,20.625,41.25,time,-4.75,-9.5
hard_150_1r,2016-06-22,2016,Train,6.25,75.0,150.0,time,-19.5,-39.0
hard_150_2r,2016-06-22,2016,Train,6.25,75.0,150.0,time,-19.5,-39.0
hard_200_1p5r,2016-06-22,2016,Train,6.25,100.0,200.0,time,-19.5,-39.0
hard_200_2r,2016-06-22,2016,Train,6.25,100.0,200.0,time,-19.5,-39.0
skip_if_original_stop_over_200,2016-06-22,2016,Train,6.25,6.25,12.5,target,11.5,23.0
hard_150_1r,2016-06-27,2016,Train,25.75,75.0,150.0,time,-10.25,-20.5
hard_150_2r,2016-06-27,2016,Train,25.75,75.0,150.0,time,-10.25,-20.5
hard_200_1p5r,2016-06-27,2016,Train,25.75,100.0,200.0,time,-10.25,-20.5
hard_200_2r,2016-06-27,2016,Train,25.75,100.0,200.0,time,-10.25,-20.5
skip_if_original_stop_over_200,2016-06-27,2016,Train,25.75,25.75,51.5,time,-10.25,-20.5
hard_150_1r,2016-07-01,2016,Train,19.5,75.0,150.0,time,-13.25,-26.5
hard_150_2r,2016-07-01,2016,Train,19.5,75.0,150.0,time,-13.25,-26.5
hard_200_1p5r,2016-07-01,2016,Train,19.5,100.0,200.0,time,-13.25,-26.5
hard_200_2r,2016-07-01,2016,Train,19.5,100.0,200.0,time,-13.25,-26.5
skip_if_original_stop_over_200,2016-07-01,2016,Train,19.5,19.5,39.0,stop,-20.5,-41.0
hard_150_1r,2016-07-06,2016,Train,17.5,75.0,150.0,time,29.25,58.5
hard_150_2r,2016-07-06,2016,Train,17.5,75.0,150.0,time,29.25,58.5
hard_200_1p5r,2016-07-06,2016,Train,17.5,100.0,200.0,time,29.25,58.5
hard_200_2r,2016-07-06,2016,Train,17.5,100.0,200.0,time,29.25,58.5
skip_if_original_stop_over_200,2016-07-06,2016,Train,17.5,17.5,35.0,time,29.25,58.5
hard_150_1r,2016-07-07,2016,Train,10.0,75.0,150.0,time,-11.25,-22.5
hard_150_2r,2016-07-07,2016,Train,10.0,75.0,150.0,time,-11.25,-22.5
hard_200_1p5r,2016-07-07,2016,Train,10.0,100.0,200.0,time,-11.25,-22.5
hard_200_2r,2016-07-07,2016,Train,10.0,100.0,200.0,time,-11.25,-22.5
skip_if_original_stop_over_200,2016-07-07,2016,Train,10.0,10.0,20.0,stop,-11.0,-22.0
hard_150_1r,2016-07-18,2016,Train,12.375,75.0,150.0,time,2.75,5.5
hard_150_2r,2016-07-18,2016,Train,12.375,75.0,150.0,time,2.75,5.5
hard_200_1p5r,2016-07-18,2016,Train,12.375,100.0,200.0,time,2.75,5.5
hard_200_2r,2016-07-18,2016,Train,12.375,100.0,200.0,time,2.75,5.5
skip_if_original_stop_over_200,2016-07-18,2016,Train,12.375,12.375,24.75,time,2.75,5.5
hard_150_1r,2016-07-26,2016,Train,12.25,75.0,150.0,time,-10.25,-20.5
hard_150_2r,2016-07-26,2016,Train,12.25,75.0,150.0,time,-10.25,-20.5
hard_200_1p5r,2016-07-26,2016,Train,12.25,100.0,200.0,time,-10.25,-20.5
hard_200_2r,2016-07-26,2016,Train,12.25,100.0,200.0,time,-10.25,-20.5
skip_if_original_stop_over_200,2016-07-26,2016,Train,12.25,12.25,24.5,stop,-13.25,-26.5
hard_150_1r,2016-08-09,2016,Train,9.875,75.0,150.0,time,-11.25,-22.5
hard_150_2r,2016-08-09,2016,Train,9.875,75.0,150.0,time,-11.25,-22.5
hard_200_1p5r,2016-08-09,2016,Train,9.875,100.0,200.0,time,-11.25,-22.5
hard_200_2r,2016-08-09,2016,Train,9.875,100.0,200.0,time,-11.25,-22.5
skip_if_original_stop_over_200,2016-08-09,2016,Train,9.875,9.875,19.75,stop,-10.875,-21.75
hard_150_1r,2016-08-10,2016,Train,6.0,75.0,150.0,time,1.75,3.5
hard_150_2r,2016-08-10,2016,Train,6.0,75.0,150.0,time,1.75,3.5
hard_200_1p5r,2016-08-10,2016,Train,6.0,100.0,200.0,time,1.75,3.5
hard_200_2r,2016-08-10,2016,Train,6.0,100.0,200.0,time,1.75,3.5
skip_if_original_stop_over_200,2016-08-10,2016,Train,6.0,6.0,12.0,target,11.0,22.0
hard_150_1r,2016-08-23,2016,Train,5.375,75.0,150.0,time,4.5,9.0
hard_150_2r,2016-08-23,2016,Train,5.375,75.0,150.0,time,4.5,9.0
hard_200_1p5r,2016-08-23,2016,Train,5.375,100.0,200.0,time,4.5,9.0
hard_200_2r,2016-08-23,2016,Train,5.375,100.0,200.0,time,4.5,9.0
skip_if_original_stop_over_200,2016-08-23,2016,Train,5.375,5.375,10.75,time,4.5,9.0
hard_150_1r,2016-08-24,2016,Train,5.625,75.0,150.0,time,29.25,58.5
hard_150_2r,2016-08-24,2016,Train,5.625,75.0,150.0,time,29.25,58.5
hard_200_1p5r,2016-08-24,2016,Train,5.625,100.0,200.0,time,29.25,58.5
hard_200_2r,2016-08-24,2016,Train,5.625,100.0,200.0,time,29.25,58.5
skip_if_original_stop_over_200,2016-08-24,2016,Train,5.625,5.625,11.25,stop,-6.625,-13.25
hard_150_1r,2016-08-25,2016,Train,8.875,75.0,150.0,time,-15.0,-30.0
hard_150_2r,2016-08-25,2016,Train,8.875,75.0,150.0,time,-15.0,-30.0
hard_200_1p5r,2016-08-25,2016,Train,8.875,100.0,200.0,time,-15.0,-30.0
hard_200_2r,2016-08-25,2016,Train,8.875,100.0,200.0,time,-15.0,-30.0
skip_if_original_stop_over_200,2016-08-25,2016,Train,8.875,8.875,17.75,stop,-9.875,-19.75
hard_150_1r,2016-08-30,2016,Train,11.5,75.0,150.0,time,-7.75,-15.5
hard_150_2r,2016-08-30,2016,Train,11.5,75.0,150.0,time,-7.75,-15.5
hard_200_1p5r,2016-08-30,2016,Train,11.5,100.0,200.0,time,-7.75,-15.5
hard_200_2r,2016-08-30,2016,Train,11.5,100.0,200.0,time,-7.75,-15.5
skip_if_original_stop_over_200,2016-08-30,2016,Train,11.5,11.5,23.0,stop,-12.5,-25.0
hard_150_1r,2016-09-01,2016,Train,13.375,75.0,150.0,time,-29.75,-59.5
hard_150_2r,2016-09-01,2016,Train,13.375,75.0,150.0,time,-29.75,-59.5
hard_200_1p5r,2016-09-01,2016,Train,13.375,100.0,200.0,time,-29.75,-59.5
hard_200_2r,2016-09-01,2016,Train,13.375,100.0,200.0,time,-29.75,-59.5
skip_if_original_stop_over_200,2016-09-01,2016,Train,13.375,13.375,26.75,stop,-14.375,-28.75
hard_150_1r,2016-09-07,2016,Train,5.5,75.0,150.0,time,-2.5,-5.0
hard_150_2r,2016-09-07,2016,Train,5.5,75.0,150.0,time,-2.5,-5.0
hard_200_1p5r,2016-09-07,2016,Train,5.5,100.0,200.0,time,-2.5,-5.0
hard_200_2r,2016-09-07,2016,Train,5.5,100.0,200.0,time,-2.5,-5.0
skip_if_original_stop_over_200,2016-09-07,2016,Train,5.5,5.5,11.0,target,10.0,20.0
hard_150_1r,2016-09-09,2016,Train,7.375,75.0,150.0,time,61.25,122.5
hard_150_2r,2016-09-09,2016,Train,7.375,75.0,150.0,time,61.25,122.5
hard_200_1p5r,2016-09-09,2016,Train,7.375,100.0,200.0,time,61.25,122.5
hard_200_2r,2016-09-09,2016,Train,7.375,100.0,200.0,time,61.25,122.5
skip_if_original_stop_over_200,2016-09-09,2016,Train,7.375,7.375,14.75,target,13.75,27.5
hard_150_1r,2016-09-14,2016,Train,20.375,75.0,150.0,time,-24.0,-48.0
hard_150_2r,2016-09-14,2016,Train,20.375,75.0,150.0,time,-24.0,-48.0
hard_200_1p5r,2016-09-14,2016,Train,20.375,100.0,200.0,time,-24.0,-48.0
hard_200_2r,2016-09-14,2016,Train,20.375,100.0,200.0,time,-24.0,-48.0
skip_if_original_stop_over_200,2016-09-14,2016,Train,20.375,20.375,40.75,stop,-21.375,-42.75
hard_150_1r,2016-09-19,2016,Train,8.375,75.0,150.0,time,25.0,50.0
hard_150_2r,2016-09-19,2016,Train,8.375,75.0,150.0,time,25.0,50.0
hard_200_1p5r,2016-09-19,2016,Train,8.375,100.0,200.0,time,25.0,50.0
hard_200_2r,2016-09-19,2016,Train,8.375,100.0,200.0,time,25.0,50.0
skip_if_original_stop_over_200,2016-09-19,2016,Train,8.375,8.375,16.75,target,15.75,31.5
hard_150_1r,2016-09-22,2016,Train,6.125,75.0,150.0,time,1.75,3.5
hard_150_2r,2016-09-22,2016,Train,6.125,75.0,150.0,time,1.75,3.5
hard_200_1p5r,2016-09-22,2016,Train,6.125,100.0,200.0,time,1.75,3.5
hard_200_2r,2016-09-22,2016,Train,6.125,100.0,200.0,time,1.75,3.5
skip_if_original_stop_over_200,2016-09-22,2016,Train,6.125,6.125,12.25,stop,-7.125,-14.25
hard_150_1r,2016-10-04,2016,Train,12.125,75.0,150.0,time,4.25,8.5
hard_150_2r,2016-10-04,2016,Train,12.125,75.0,150.0,time,4.25,8.5
hard_200_1p5r,2016-10-04,2016,Train,12.125,100.0,200.0,time,4.25,8.5
hard_200_2r,2016-10-04,2016,Train,12.125,100.0,200.0,time,4.25,8.5
skip_if_original_stop_over_200,2016-10-04,2016,Train,12.125,12.125,24.25,stop,-13.125,-26.25
hard_150_1r,2016-10-06,2016,Train,9.0,75.0,150.0,time,-23.75,-47.5
hard_150_2r,2016-10-06,2016,Train,9.0,75.0,150.0,time,-23.75,-47.5
hard_200_1p5r,2016-10-06,2016,Train,9.0,100.0,200.0,time,-23.75,-47.5
hard_200_2r,2016-10-06,2016,Train,9.0,100.0,200.0,time,-23.75,-47.5
skip_if_original_stop_over_200,2016-10-06,2016,Train,9.0,9.0,18.0,stop,-10.0,-20.0
hard_150_1r,2016-10-11,2016,Train,19.125,75.0,150.0,time,26.75,53.5
hard_150_2r,2016-10-11,2016,Train,19.125,75.0,150.0,time,26.75,53.5
hard_200_1p5r,2016-10-11,2016,Train,19.125,100.0,200.0,time,26.75,53.5
hard_200_2r,2016-10-11,2016,Train,19.125,100.0,200.0,time,26.75,53.5
skip_if_original_stop_over_200,2016-10-11,2016,Train,19.125,19.125,38.25,target,37.25,74.5
hard_150_1r,2016-10-19,2016,Train,6.5,75.0,150.0,time,-7.75,-15.5
hard_150_2r,2016-10-19,2016,Train,6.5,75.0,150.0,time,-7.75,-15.5
hard_200_1p5r,2016-10-19,2016,Train,6.5,100.0,200.0,time,-7.75,-15.5
hard_200_2r,2016-10-19,2016,Train,6.5,100.0,200.0,time,-7.75,-15.5
skip_if_original_stop_over_200,2016-10-19,2016,Train,6.5,6.5,13.0,stop,-7.5,-15.0
hard_150_1r,2016-10-20,2016,Train,15.25,75.0,150.0,time,-31.75,-63.5
hard_150_2r,2016-10-20,2016,Train,15.25,75.0,150.0,time,-31.75,-63.5
hard_200_1p5r,2016-10-20,2016,Train,15.25,100.0,200.0,time,-31.75,-63.5
hard_200_2r,2016-10-20,2016,Train,15.25,100.0,200.0,time,-31.75,-63.5
skip_if_original_stop_over_200,2016-10-20,2016,Train,15.25,15.25,30.5,stop,-16.25,-32.5
hard_150_1r,2016-10-25,2016,Train,5.5,75.0,150.0,time,9.75,19.5
hard_150_2r,2016-10-25,2016,Train,5.5,75.0,150.0,time,9.75,19.5
hard_200_1p5r,2016-10-25,2016,Train,5.5,100.0,200.0,time,9.75,19.5
hard_200_2r,2016-10-25,2016,Train,5.5,100.0,200.0,time,9.75,19.5
skip_if_original_stop_over_200,2016-10-25,2016,Train,5.5,5.5,11.0,target,10.0,20.0
hard_150_1r,2016-10-26,2016,Train,9.125,75.0,150.0,time,-10.75,-21.5
hard_150_2r,2016-10-26,2016,Train,9.125,75.0,150.0,time,-10.75,-21.5
hard_200_1p5r,2016-10-26,2016,Train,9.125,100.0,200.0,time,-10.75,-21.5
hard_200_2r,2016-10-26,2016,Train,9.125,100.0,200.0,time,-10.75,-21.5
skip_if_original_stop_over_200,2016-10-26,2016,Train,9.125,9.125,18.25,target,17.25,34.5
hard_150_1r,2016-10-27,2016,Train,16.0,75.0,150.0,time,14.5,29.0
hard_150_2r,2016-10-27,2016,Train,16.0,75.0,150.0,time,14.5,29.0
hard_200_1p5r,2016-10-27,2016,Train,16.0,100.0,200.0,time,14.5,29.0
hard_200_2r,2016-10-27,2016,Train,16.0,100.0,200.0,time,14.5,29.0
skip_if_original_stop_over_200,2016-10-27,2016,Train,16.0,16.0,32.0,time,14.5,29.0
hard_150_1r,2016-10-28,2016,Train,16.375,75.0,150.0,time,-41.25,-82.5
hard_150_2r,2016-10-28,2016,Train,16.375,75.0,150.0,time,-41.25,-82.5
hard_200_1p5r,2016-10-28,2016,Train,16.375,100.0,200.0,time,-41.25,-82.5
hard_200_2r,2016-10-28,2016,Train,16.375,100.0,200.0,time,-41.25,-82.5
skip_if_original_stop_over_200,2016-10-28,2016,Train,16.375,16.375,32.75,stop,-17.375,-34.75
hard_150_1r,2016-11-01,2016,Train,12.0,75.0,150.0,time,19.0,38.0
hard_150_2r,2016-11-01,2016,Train,12.0,75.0,150.0,time,19.0,38.0
hard_200_1p5r,2016-11-01,2016,Train,12.0,100.0,200.0,time,19.0,38.0
hard_200_2r,2016-11-01,2016,Train,12.0,100.0,200.0,time,19.0,38.0
skip_if_original_stop_over_200,2016-11-01,2016,Train,12.0,12.0,24.0,target,23.0,46.0
hard_150_1r,2016-11-02,2016,Train,9.0,75.0,150.0,time,25.5,51.0
hard_150_2r,2016-11-02,2016,Train,9.0,75.0,150.0,time,25.5,51.0
hard_200_1p5r,2016-11-02,2016,Train,9.0,100.0,200.0,time,25.5,51.0
hard_200_2r,2016-11-02,2016,Train,9.0,100.0,200.0,time,25.5,51.0
skip_if_original_stop_over_200,2016-11-02,2016,Train,9.0,9.0,18.0,stop,-10.0,-20.0
hard_150_1r,2016-11-07,2016,Train,9.375,75.0,150.0,time,19.75,39.5
hard_150_2r,2016-11-07,2016,Train,9.375,75.0,150.0,time,19.75,39.5
hard_200_1p5r,2016-11-07,2016,Train,9.375,100.0,200.0,time,19.75,39.5
hard_200_2r,2016-11-07,2016,Train,9.375,100.0,200.0,time,19.75,39.5
skip_if_original_stop_over_200,2016-11-07,2016,Train,9.375,9.375,18.75,target,17.75,35.5
hard_150_1r,2016-11-10,2016,Train,64.875,75.0,150.0,stop,-76.0,-152.0
hard_150_2r,2016-11-10,2016,Train,64.875,75.0,150.0,stop,-76.0,-152.0
hard_200_1p5r,2016-11-10,2016,Train,64.875,100.0,200.0,time,-58.5,-117.0
hard_200_2r,2016-11-10,2016,Train,64.875,100.0,200.0,time,-58.5,-117.0
skip_if_original_stop_over_200,2016-11-10,2016,Train,64.875,64.875,129.75,stop,-65.875,-131.75
hard_150_1r,2016-11-14,2016,Train,25.25,75.0,150.0,time,0.0,0.0
hard_150_2r,2016-11-14,2016,Train,25.25,75.0,150.0,time,0.0,0.0
hard_200_1p5r,2016-11-14,2016,Train,25.25,100.0,200.0,time,0.0,0.0
hard_200_2r,2016-11-14,2016,Train,25.25,100.0,200.0,time,0.0,0.0
skip_if_original_stop_over_200,2016-11-14,2016,Train,25.25,25.25,50.5,time,0.0,0.0
hard_150_1r,2016-11-18,2016,Train,13.0,75.0,150.0,time,-1.5,-3.0
hard_150_2r,2016-11-18,2016,Train,13.0,75.0,150.0,time,-1.5,-3.0
hard_200_1p5r,2016-11-18,2016,Train,13.0,100.0,200.0,time,-1.5,-3.0
hard_200_2r,2016-11-18,2016,Train,13.0,100.0,200.0,time,-1.5,-3.0
skip_if_original_stop_over_200,2016-11-18,2016,Train,13.0,13.0,26.0,time,-1.5,-3.0
hard_150_1r,2016-11-22,2016,Train,6.75,75.0,150.0,time,-11.0,-22.0
hard_150_2r,2016-11-22,2016,Train,6.75,75.0,150.0,time,-11.0,-22.0
hard_200_1p5r,2016-11-22,2016,Train,6.75,100.0,200.0,time,-11.0,-22.0
hard_200_2r,2016-11-22,2016,Train,6.75,100.0,200.0,time,-11.0,-22.0
skip_if_original_stop_over_200,2016-11-22,2016,Train,6.75,6.75,13.5,stop,-7.75,-15.5
hard_150_1r,2016-11-28,2016,Train,10.25,75.0,150.0,time,-20.5,-41.0
hard_150_2r,2016-11-28,2016,Train,10.25,75.0,150.0,time,-20.5,-41.0
hard_200_1p5r,2016-11-28,2016,Train,10.25,100.0,200.0,time,-20.5,-41.0
hard_200_2r,2016-11-28,2016,Train,10.25,100.0,200.0,time,-20.5,-41.0
skip_if_original_stop_over_200,2016-11-28,2016,Train,10.25,10.25,20.5,stop,-11.25,-22.5
hard_150_1r,2016-11-29,2016,Train,10.625,75.0,150.0,time,1.5,3.0
hard_150_2r,2016-11-29,2016,Train,10.625,75.0,150.0,time,1.5,3.0
hard_200_1p5r,2016-11-29,2016,Train,10.625,100.0,200.0,time,1.5,3.0
hard_200_2r,2016-11-29,2016,Train,10.625,100.0,200.0,time,1.5,3.0
skip_if_original_stop_over_200,2016-11-29,2016,Train,10.625,10.625,21.25,target,20.25,40.5
hard_150_1r,2016-12-15,2016,Train,13.25,75.0,150.0,time,-16.0,-32.0
hard_150_2r,2016-12-15,2016,Train,13.25,75.0,150.0,time,-16.0,-32.0
hard_200_1p5r,2016-12-15,2016,Train,13.25,100.0,200.0,time,-16.0,-32.0
hard_200_2r,2016-12-15,2016,Train,13.25,100.0,200.0,time,-16.0,-32.0
skip_if_original_stop_over_200,2016-12-15,2016,Train,13.25,13.25,26.5,stop,-14.25,-28.5
hard_150_1r,2016-12-19,2016,Train,15.5,75.0,150.0,time,-15.0,-30.0
hard_150_2r,2016-12-19,2016,Train,15.5,75.0,150.0,time,-15.0,-30.0
hard_200_1p5r,2016-12-19,2016,Train,15.5,100.0,200.0,time,-15.0,-30.0
hard_200_2r,2016-12-19,2016,Train,15.5,100.0,200.0,time,-15.0,-30.0
skip_if_original_stop_over_200,2016-12-19,2016,Train,15.5,15.5,31.0,stop,-16.5,-33.0
hard_150_1r,2016-12-21,2016,Train,7.875,75.0,150.0,time,-11.75,-23.5
hard_150_2r,2016-12-21,2016,Train,7.875,75.0,150.0,time,-11.75,-23.5
hard_200_1p5r,2016-12-21,2016,Train,7.875,100.0,200.0,time,-11.75,-23.5
hard_200_2r,2016-12-21,2016,Train,7.875,100.0,200.0,time,-11.75,-23.5
skip_if_original_stop_over_200,2016-12-21,2016,Train,7.875,7.875,15.75,stop,-8.875,-17.75
hard_150_1r,2017-01-10,2017,Train,8.5,75.0,150.0,time,-3.0,-6.0
hard_150_2r,2017-01-10,2017,Train,8.5,75.0,150.0,time,-3.0,-6.0
hard_200_1p5r,2017-01-10,2017,Train,8.5,100.0,200.0,time,-3.0,-6.0
hard_200_2r,2017-01-10,2017,Train,8.5,100.0,200.0,time,-3.0,-6.0
skip_if_original_stop_over_200,2017-01-10,2017,Train,8.5,8.5,17.0,time,-3.0,-6.0
hard_150_1r,2017-01-12,2017,Train,17.0,75.0,150.0,time,-44.75,-89.5
hard_150_2r,2017-01-12,2017,Train,17.0,75.0,150.0,time,-44.75,-89.5
hard_200_1p5r,2017-01-12,2017,Train,17.0,100.0,200.0,time,-44.75,-89.5
hard_200_2r,2017-01-12,2017,Train,17.0,100.0,200.0,time,-44.75,-89.5
skip_if_original_stop_over_200,2017-01-12,2017,Train,17.0,17.0,34.0,stop,-18.0,-36.0
hard_150_1r,2017-01-23,2017,Train,12.0,75.0,150.0,time,-22.75,-45.5
hard_150_2r,2017-01-23,2017,Train,12.0,75.0,150.0,time,-22.75,-45.5
hard_200_1p5r,2017-01-23,2017,Train,12.0,100.0,200.0,time,-22.75,-45.5
hard_200_2r,2017-01-23,2017,Train,12.0,100.0,200.0,time,-22.75,-45.5
skip_if_original_stop_over_200,2017-01-23,2017,Train,12.0,12.0,24.0,stop,-13.0,-26.0
hard_150_1r,2017-02-01,2017,Train,12.375,75.0,150.0,time,-21.25,-42.5
hard_150_2r,2017-02-01,2017,Train,12.375,75.0,150.0,time,-21.25,-42.5
hard_200_1p5r,2017-02-01,2017,Train,12.375,100.0,200.0,time,-21.25,-42.5
hard_200_2r,2017-02-01,2017,Train,12.375,100.0,200.0,time,-21.25,-42.5
skip_if_original_stop_over_200,2017-02-01,2017,Train,12.375,12.375,24.75,stop,-13.375,-26.75
hard_150_1r,2017-02-08,2017,Train,10.125,75.0,150.0,time,6.5,13.0
hard_150_2r,2017-02-08,2017,Train,10.125,75.0,150.0,time,6.5,13.0
hard_200_1p5r,2017-02-08,2017,Train,10.125,100.0,200.0,time,6.5,13.0
hard_200_2r,2017-02-08,2017,Train,10.125,100.0,200.0,time,6.5,13.0
skip_if_original_stop_over_200,2017-02-08,2017,Train,10.125,10.125,20.25,time,6.5,13.0
hard_150_1r,2017-02-10,2017,Train,5.625,75.0,150.0,time,0.5,1.0
hard_150_2r,2017-02-10,2017,Train,5.625,75.0,150.0,time,0.5,1.0
hard_200_1p5r,2017-02-10,2017,Train,5.625,100.0,200.0,time,0.5,1.0
hard_200_2r,2017-02-10,2017,Train,5.625,100.0,200.0,time,0.5,1.0
skip_if_original_stop_over_200,2017-02-10,2017,Train,5.625,5.625,11.25,stop,-6.625,-13.25
hard_150_1r,2017-02-14,2017,Train,5.375,75.0,150.0,time,-28.75,-57.5
hard_150_2r,2017-02-14,2017,Train,5.375,75.0,150.0,time,-28.75,-57.5
hard_200_1p5r,2017-02-14,2017,Train,5.375,100.0,200.0,time,-28.75,-57.5
hard_200_2r,2017-02-14,2017,Train,5.375,100.0,200.0,time,-28.75,-57.5
skip_if_original_stop_over_200,2017-02-14,2017,Train,5.375,5.375,10.75,stop,-6.375,-12.75
hard_150_1r,2017-02-16,2017,Train,9.125,75.0,150.0,time,-10.25,-20.5
hard_150_2r,2017-02-16,2017,Train,9.125,75.0,150.0,time,-10.25,-20.5
hard_200_1p5r,2017-02-16,2017,Train,9.125,100.0,200.0,time,-10.25,-20.5
hard_200_2r,2017-02-16,2017,Train,9.125,100.0,200.0,time,-10.25,-20.5
skip_if_original_stop_over_200,2017-02-16,2017,Train,9.125,9.125,18.25,stop,-10.125,-20.25
hard_150_1r,2017-02-21,2017,Train,8.75,75.0,150.0,time,0.0,0.0
hard_150_2r,2017-02-21,2017,Train,8.75,75.0,150.0,time,0.0,0.0
hard_200_1p5r,2017-02-21,2017,Train,8.75,100.0,200.0,time,0.0,0.0
hard_200_2r,2017-02-21,2017,Train,8.75,100.0,200.0,time,0.0,0.0
skip_if_original_stop_over_200,2017-02-21,2017,Train,8.75,8.75,17.5,stop,-9.75,-19.5
hard_150_1r,2017-03-03,2017,Train,9.0,75.0,150.0,time,-29.25,-58.5
hard_150_2r,2017-03-03,2017,Train,9.0,75.0,150.0,time,-29.25,-58.5
hard_200_1p5r,2017-03-03,2017,Train,9.0,100.0,200.0,time,-29.25,-58.5
hard_200_2r,2017-03-03,2017,Train,9.0,100.0,200.0,time,-29.25,-58.5
skip_if_original_stop_over_200,2017-03-03,2017,Train,9.0,9.0,18.0,stop,-10.0,-20.0
hard_150_1r,2017-03-07,2017,Train,12.375,75.0,150.0,time,-26.0,-52.0
hard_150_2r,2017-03-07,2017,Train,12.375,75.0,150.0,time,-26.0,-52.0
hard_200_1p5r,2017-03-07,2017,Train,12.375,100.0,200.0,time,-26.0,-52.0
hard_200_2r,2017-03-07,2017,Train,12.375,100.0,200.0,time,-26.0,-52.0
skip_if_original_stop_over_200,2017-03-07,2017,Train,12.375,12.375,24.75,stop,-13.375,-26.75
hard_150_1r,2017-03-16,2017,Train,7.875,75.0,150.0,time,-5.25,-10.5
hard_150_2r,2017-03-16,2017,Train,7.875,75.0,150.0,time,-5.25,-10.5
hard_200_1p5r,2017-03-16,2017,Train,7.875,100.0,200.0,time,-5.25,-10.5
hard_200_2r,2017-03-16,2017,Train,7.875,100.0,200.0,time,-5.25,-10.5
skip_if_original_stop_over_200,2017-03-16,2017,Train,7.875,7.875,15.75,stop,-8.875,-17.75
hard_150_1r,2017-03-21,2017,Train,18.0,75.0,150.0,time,61.5,123.0
hard_150_2r,2017-03-21,2017,Train,18.0,75.0,150.0,time,61.5,123.0
hard_200_1p5r,2017-03-21,2017,Train,18.0,100.0,200.0,time,61.5,123.0
hard_200_2r,2017-03-21,2017,Train,18.0,100.0,200.0,time,61.5,123.0
skip_if_original_stop_over_200,2017-03-21,2017,Train,18.0,18.0,36.0,target,35.0,70.0
hard_150_1r,2017-03-28,2017,Train,10.875,75.0,150.0,time,24.5,49.0
hard_150_2r,2017-03-28,2017,Train,10.875,75.0,150.0,time,24.5,49.0
hard_200_1p5r,2017-03-28,2017,Train,10.875,100.0,200.0,time,24.5,49.0
hard_200_2r,2017-03-28,2017,Train,10.875,100.0,200.0,time,24.5,49.0
skip_if_original_stop_over_200,2017-03-28,2017,Train,10.875,10.875,21.75,target,20.75,41.5
hard_150_1r,2017-03-29,2017,Train,8.75,75.0,150.0,time,5.75,11.5
hard_150_2r,2017-03-29,2017,Train,8.75,75.0,150.0,time,5.75,11.5
hard_200_1p5r,2017-03-29,2017,Train,8.75,100.0,200.0,time,5.75,11.5
hard_200_2r,2017-03-29,2017,Train,8.75,100.0,200.0,time,5.75,11.5
skip_if_original_stop_over_200,2017-03-29,2017,Train,8.75,8.75,17.5,stop,-9.75,-19.5
hard_150_1r,2017-04-03,2017,Train,10.75,75.0,150.0,time,-5.0,-10.0
hard_150_2r,2017-04-03,2017,Train,10.75,75.0,150.0,time,-5.0,-10.0
hard_200_1p5r,2017-04-03,2017,Train,10.75,100.0,200.0,time,-5.0,-10.0
hard_200_2r,2017-04-03,2017,Train,10.75,100.0,200.0,time,-5.0,-10.0
skip_if_original_stop_over_200,2017-04-03,2017,Train,10.75,10.75,21.5,target,20.5,41.0
hard_150_1r,2017-04-05,2017,Train,10.75,75.0,150.0,time,-43.75,-87.5
hard_150_2r,2017-04-05,2017,Train,10.75,75.0,150.0,time,-43.75,-87.5
hard_200_1p5r,2017-04-05,2017,Train,10.75,100.0,200.0,time,-43.75,-87.5
hard_200_2r,2017-04-05,2017,Train,10.75,100.0,200.0,time,-43.75,-87.5
skip_if_original_stop_over_200,2017-04-05,2017,Train,10.75,10.75,21.5,stop,-11.75,-23.5
hard_150_1r,2017-04-10,2017,Train,8.0,75.0,150.0,time,-23.25,-46.5
hard_150_2r,2017-04-10,2017,Train,8.0,75.0,150.0,time,-23.25,-46.5
hard_200_1p5r,2017-04-10,2017,Train,8.0,100.0,200.0,time,-23.25,-46.5
hard_200_2r,2017-04-10,2017,Train,8.0,100.0,200.0,time,-23.25,-46.5
skip_if_original_stop_over_200,2017-04-10,2017,Train,8.0,8.0,16.0,stop,-9.0,-18.0
hard_150_1r,2017-04-11,2017,Train,26.75,75.0,150.0,time,-25.25,-50.5
hard_150_2r,2017-04-11,2017,Train,26.75,75.0,150.0,time,-25.25,-50.5
hard_200_1p5r,2017-04-11,2017,Train,26.75,100.0,200.0,time,-25.25,-50.5
hard_200_2r,2017-04-11,2017,Train,26.75,100.0,200.0,time,-25.25,-50.5
skip_if_original_stop_over_200,2017-04-11,2017,Train,26.75,26.75,53.5,stop,-27.75,-55.5
hard_150_1r,2017-04-12,2017,Train,7.625,75.0,150.0,time,6.0,12.0
hard_150_2r,2017-04-12,2017,Train,7.625,75.0,150.0,time,6.0,12.0
hard_200_1p5r,2017-04-12,2017,Train,7.625,100.0,200.0,time,6.0,12.0
hard_200_2r,2017-04-12,2017,Train,7.625,100.0,200.0,time,6.0,12.0
skip_if_original_stop_over_200,2017-04-12,2017,Train,7.625,7.625,15.25,time,6.0,12.0
hard_150_1r,2017-05-05,2017,Train,10.5,75.0,150.0,time,-24.0,-48.0
hard_150_2r,2017-05-05,2017,Train,10.5,75.0,150.0,time,-24.0,-48.0
hard_200_1p5r,2017-05-05,2017,Train,10.5,100.0,200.0,time,-24.0,-48.0
hard_200_2r,2017-05-05,2017,Train,10.5,100.0,200.0,time,-24.0,-48.0
skip_if_original_stop_over_200,2017-05-05,2017,Train,10.5,10.5,21.0,stop,-11.5,-23.0
hard_150_1r,2017-05-08,2017,Train,7.125,75.0,150.0,time,-17.5,-35.0
hard_150_2r,2017-05-08,2017,Train,7.125,75.0,150.0,time,-17.5,-35.0
hard_200_1p5r,2017-05-08,2017,Train,7.125,100.0,200.0,time,-17.5,-35.0
hard_200_2r,2017-05-08,2017,Train,7.125,100.0,200.0,time,-17.5,-35.0
skip_if_original_stop_over_200,2017-05-08,2017,Train,7.125,7.125,14.25,stop,-8.125,-16.25
hard_150_1r,2017-05-17,2017,Train,19.75,75.0,150.0,time,62.75,125.5
hard_150_2r,2017-05-17,2017,Train,19.75,75.0,150.0,time,62.75,125.5
hard_200_1p5r,2017-05-17,2017,Train,19.75,100.0,200.0,time,62.75,125.5
hard_200_2r,2017-05-17,2017,Train,19.75,100.0,200.0,time,62.75,125.5
skip_if_original_stop_over_200,2017-05-17,2017,Train,19.75,19.75,39.5,target,38.5,77.0
hard_150_1r,2017-05-25,2017,Train,12.5,75.0,150.0,time,13.5,27.0
hard_150_2r,2017-05-25,2017,Train,12.5,75.0,150.0,time,13.5,27.0
hard_200_1p5r,2017-05-25,2017,Train,12.5,100.0,200.0,time,13.5,27.0
hard_200_2r,2017-05-25,2017,Train,12.5,100.0,200.0,time,13.5,27.0
skip_if_original_stop_over_200,2017-05-25,2017,Train,12.5,12.5,25.0,target,24.0,48.0
hard_150_1r,2017-06-07,2017,Train,8.875,75.0,150.0,time,-17.5,-35.0
hard_150_2r,2017-06-07,2017,Train,8.875,75.0,150.0,time,-17.5,-35.0
hard_200_1p5r,2017-06-07,2017,Train,8.875,100.0,200.0,time,-17.5,-35.0
hard_200_2r,2017-06-07,2017,Train,8.875,100.0,200.0,time,-17.5,-35.0
skip_if_original_stop_over_200,2017-06-07,2017,Train,8.875,8.875,17.75,stop,-9.875,-19.75
hard_150_1r,2017-06-09,2017,Train,10.125,75.0,150.0,target,74.0,148.0
hard_150_2r,2017-06-09,2017,Train,10.125,75.0,150.0,target,149.0,298.0
hard_200_1p5r,2017-06-09,2017,Train,10.125,100.0,200.0,target,149.0,298.0
hard_200_2r,2017-06-09,2017,Train,10.125,100.0,200.0,target,199.0,398.0
skip_if_original_stop_over_200,2017-06-09,2017,Train,10.125,10.125,20.25,target,19.25,38.5
hard_150_1r,2017-06-23,2017,Train,11.25,75.0,150.0,time,16.0,32.0
hard_150_2r,2017-06-23,2017,Train,11.25,75.0,150.0,time,16.0,32.0
hard_200_1p5r,2017-06-23,2017,Train,11.25,100.0,200.0,time,16.0,32.0
hard_200_2r,2017-06-23,2017,Train,11.25,100.0,200.0,time,16.0,32.0
skip_if_original_stop_over_200,2017-06-23,2017,Train,11.25,11.25,22.5,target,21.5,43.0
hard_150_1r,2017-06-26,2017,Train,18.125,75.0,150.0,time,18.75,37.5
hard_150_2r,2017-06-26,2017,Train,18.125,75.0,150.0,time,18.75,37.5
hard_200_1p5r,2017-06-26,2017,Train,18.125,100.0,200.0,time,18.75,37.5
hard_200_2r,2017-06-26,2017,Train,18.125,100.0,200.0,time,18.75,37.5
skip_if_original_stop_over_200,2017-06-26,2017,Train,18.125,18.125,36.25,time,18.75,37.5
hard_150_1r,2017-06-28,2017,Train,18.625,75.0,150.0,time,55.25,110.5
hard_150_2r,2017-06-28,2017,Train,18.625,75.0,150.0,time,55.25,110.5
hard_200_1p5r,2017-06-28,2017,Train,18.625,100.0,200.0,time,55.25,110.5
hard_200_2r,2017-06-28,2017,Train,18.625,100.0,200.0,time,55.25,110.5
skip_if_original_stop_over_200,2017-06-28,2017,Train,18.625,18.625,37.25,target,36.25,72.5
hard_150_1r,2017-06-29,2017,Train,29.875,75.0,150.0,time,6.75,13.5
hard_150_2r,2017-06-29,2017,Train,29.875,75.0,150.0,time,6.75,13.5
hard_200_1p5r,2017-06-29,2017,Train,29.875,100.0,200.0,time,6.75,13.5
hard_200_2r,2017-06-29,2017,Train,29.875,100.0,200.0,time,6.75,13.5
skip_if_original_stop_over_200,2017-06-29,2017,Train,29.875,29.875,59.75,target,58.75,117.5
hard_150_1r,2017-07-07,2017,Train,13.875,75.0,150.0,time,9.75,19.5
hard_150_2r,2017-07-07,2017,Train,13.875,75.0,150.0,time,9.75,19.5
hard_200_1p5r,2017-07-07,2017,Train,13.875,100.0,200.0,time,9.75,19.5
hard_200_2r,2017-07-07,2017,Train,13.875,100.0,200.0,time,9.75,19.5
skip_if_original_stop_over_200,2017-07-07,2017,Train,13.875,13.875,27.75,time,9.75,19.5
hard_150_1r,2017-07-11,2017,Train,18.0,75.0,150.0,time,-33.75,-67.5
hard_150_2r,2017-07-11,2017,Train,18.0,75.0,150.0,time,-33.75,-67.5
hard_200_1p5r,2017-07-11,2017,Train,18.0,100.0,200.0,time,-33.75,-67.5
hard_200_2r,2017-07-11,2017,Train,18.0,100.0,200.0,time,-33.75,-67.5
skip_if_original_stop_over_200,2017-07-11,2017,Train,18.0,18.0,36.0,stop,-19.0,-38.0
hard_150_1r,2017-07-17,2017,Train,11.75,75.0,150.0,time,-4.5,-9.0
hard_150_2r,2017-07-17,2017,Train,11.75,75.0,150.0,time,-4.5,-9.0
hard_200_1p5r,2017-07-17,2017,Train,11.75,100.0,200.0,time,-4.5,-9.0
hard_200_2r,2017-07-17,2017,Train,11.75,100.0,200.0,time,-4.5,-9.0
skip_if_original_stop_over_200,2017-07-17,2017,Train,11.75,11.75,23.5,stop,-12.75,-25.5
hard_150_1r,2017-07-18,2017,Train,16.125,75.0,150.0,time,22.0,44.0
hard_150_2r,2017-07-18,2017,Train,16.125,75.0,150.0,time,22.0,44.0
hard_200_1p5r,2017-07-18,2017,Train,16.125,100.0,200.0,time,22.0,44.0
hard_200_2r,2017-07-18,2017,Train,16.125,100.0,200.0,time,22.0,44.0
skip_if_original_stop_over_200,2017-07-18,2017,Train,16.125,16.125,32.25,time,22.0,44.0
hard_150_1r,2017-07-20,2017,Train,14.0,75.0,150.0,time,-19.5,-39.0
hard_150_2r,2017-07-20,2017,Train,14.0,75.0,150.0,time,-19.5,-39.0
hard_200_1p5r,2017-07-20,2017,Train,14.0,100.0,200.0,time,-19.5,-39.0
hard_200_2r,2017-07-20,2017,Train,14.0,100.0,200.0,time,-19.5,-39.0
skip_if_original_stop_over_200,2017-07-20,2017,Train,14.0,14.0,28.0,stop,-15.0,-30.0
hard_150_1r,2017-07-31,2017,Train,24.0,75.0,150.0,time,-2.5,-5.0
hard_150_2r,2017-07-31,2017,Train,24.0,75.0,150.0,time,-2.5,-5.0
hard_200_1p5r,2017-07-31,2017,Train,24.0,100.0,200.0,time,-2.5,-5.0
hard_200_2r,2017-07-31,2017,Train,24.0,100.0,200.0,time,-2.5,-5.0
skip_if_original_stop_over_200,2017-07-31,2017,Train,24.0,24.0,48.0,time,-2.5,-5.0
hard_150_1r,2017-08-02,2017,Train,30.0,75.0,150.0,time,-48.0,-96.0
hard_150_2r,2017-08-02,2017,Train,30.0,75.0,150.0,time,-48.0,-96.0
hard_200_1p5r,2017-08-02,2017,Train,30.0,100.0,200.0,time,-48.0,-96.0
hard_200_2r,2017-08-02,2017,Train,30.0,100.0,200.0,time,-48.0,-96.0
skip_if_original_stop_over_200,2017-08-02,2017,Train,30.0,30.0,60.0,stop,-31.0,-62.0
hard_150_1r,2017-08-08,2017,Train,8.875,75.0,150.0,time,-13.0,-26.0
hard_150_2r,2017-08-08,2017,Train,8.875,75.0,150.0,time,-13.0,-26.0
hard_200_1p5r,2017-08-08,2017,Train,8.875,100.0,200.0,time,-13.0,-26.0
hard_200_2r,2017-08-08,2017,Train,8.875,100.0,200.0,time,-13.0,-26.0
skip_if_original_stop_over_200,2017-08-08,2017,Train,8.875,8.875,17.75,target,16.75,33.5
hard_150_1r,2017-08-16,2017,Train,10.5,75.0,150.0,time,-12.5,-25.0
hard_150_2r,2017-08-16,2017,Train,10.5,75.0,150.0,time,-12.5,-25.0
hard_200_1p5r,2017-08-16,2017,Train,10.5,100.0,200.0,time,-12.5,-25.0
hard_200_2r,2017-08-16,2017,Train,10.5,100.0,200.0,time,-12.5,-25.0
skip_if_original_stop_over_200,2017-08-16,2017,Train,10.5,10.5,21.0,stop,-11.5,-23.0
hard_150_1r,2017-08-18,2017,Train,18.625,75.0,150.0,time,-17.75,-35.5
hard_150_2r,2017-08-18,2017,Train,18.625,75.0,150.0,time,-17.75,-35.5
hard_200_1p5r,2017-08-18,2017,Train,18.625,100.0,200.0,time,-17.75,-35.5
hard_200_2r,2017-08-18,2017,Train,18.625,100.0,200.0,time,-17.75,-35.5
skip_if_original_stop_over_200,2017-08-18,2017,Train,18.625,18.625,37.25,stop,-19.625,-39.25
hard_150_1r,2017-08-24,2017,Train,25.875,75.0,150.0,time,-19.75,-39.5
hard_150_2r,2017-08-24,2017,Train,25.875,75.0,150.0,time,-19.75,-39.5
hard_200_1p5r,2017-08-24,2017,Train,25.875,100.0,200.0,time,-19.75,-39.5
hard_200_2r,2017-08-24,2017,Train,25.875,100.0,200.0,time,-19.75,-39.5
skip_if_original_stop_over_200,2017-08-24,2017,Train,25.875,25.875,51.75,stop,-26.875,-53.75
hard_150_1r,2017-08-25,2017,Train,14.375,75.0,150.0,time,10.75,21.5
hard_150_2r,2017-08-25,2017,Train,14.375,75.0,150.0,time,10.75,21.5
hard_200_1p5r,2017-08-25,2017,Train,14.375,100.0,200.0,time,10.75,21.5
hard_200_2r,2017-08-25,2017,Train,14.375,100.0,200.0,time,10.75,21.5
skip_if_original_stop_over_200,2017-08-25,2017,Train,14.375,14.375,28.75,time,10.75,21.5
hard_150_1r,2017-08-29,2017,Train,22.625,75.0,150.0,time,28.75,57.5
hard_150_2r,2017-08-29,2017,Train,22.625,75.0,150.0,time,28.75,57.5
hard_200_1p5r,2017-08-29,2017,Train,22.625,100.0,200.0,time,28.75,57.5
hard_200_2r,2017-08-29,2017,Train,22.625,100.0,200.0,time,28.75,57.5
skip_if_original_stop_over_200,2017-08-29,2017,Train,22.625,22.625,45.25,time,28.75,57.5
hard_150_1r,2017-08-30,2017,Train,16.375,75.0,150.0,time,29.25,58.5
hard_150_2r,2017-08-30,2017,Train,16.375,75.0,150.0,time,29.25,58.5
hard_200_1p5r,2017-08-30,2017,Train,16.375,100.0,200.0,time,29.25,58.5
hard_200_2r,2017-08-30,2017,Train,16.375,100.0,200.0,time,29.25,58.5
skip_if_original_stop_over_200,2017-08-30,2017,Train,16.375,16.375,32.75,target,31.75,63.5
hard_150_1r,2017-09-15,2017,Train,9.75,75.0,150.0,time,8.75,17.5
hard_150_2r,2017-09-15,2017,Train,9.75,75.0,150.0,time,8.75,17.5
hard_200_1p5r,2017-09-15,2017,Train,9.75,100.0,200.0,time,8.75,17.5
hard_200_2r,2017-09-15,2017,Train,9.75,100.0,200.0,time,8.75,17.5
skip_if_original_stop_over_200,2017-09-15,2017,Train,9.75,9.75,19.5,target,18.5,37.0
hard_150_1r,2017-09-25,2017,Train,13.75,75.0,150.0,time,16.0,32.0
hard_150_2r,2017-09-25,2017,Train,13.75,75.0,150.0,time,16.0,32.0
hard_200_1p5r,2017-09-25,2017,Train,13.75,100.0,200.0,time,16.0,32.0
hard_200_2r,2017-09-25,2017,Train,13.75,100.0,200.0,time,16.0,32.0
skip_if_original_stop_over_200,2017-09-25,2017,Train,13.75,13.75,27.5,target,26.5,53.0
hard_150_1r,2017-09-26,2017,Train,8.625,75.0,150.0,time,4.25,8.5
hard_150_2r,2017-09-26,2017,Train,8.625,75.0,150.0,time,4.25,8.5
hard_200_1p5r,2017-09-26,2017,Train,8.625,100.0,200.0,time,4.25,8.5
hard_200_2r,2017-09-26,2017,Train,8.625,100.0,200.0,time,4.25,8.5
skip_if_original_stop_over_200,2017-09-26,2017,Train,8.625,8.625,17.25,target,16.25,32.5
hard_150_1r,2017-09-29,2017,Train,12.125,75.0,150.0,time,22.75,45.5
hard_150_2r,2017-09-29,2017,Train,12.125,75.0,150.0,time,22.75,45.5
hard_200_1p5r,2017-09-29,2017,Train,12.125,100.0,200.0,time,22.75,45.5
hard_200_2r,2017-09-29,2017,Train,12.125,100.0,200.0,time,22.75,45.5
skip_if_original_stop_over_200,2017-09-29,2017,Train,12.125,12.125,24.25,target,23.25,46.5
hard_150_1r,2017-10-17,2017,Train,5.625,75.0,150.0,time,4.5,9.0
hard_150_2r,2017-10-17,2017,Train,5.625,75.0,150.0,time,4.5,9.0
hard_200_1p5r,2017-10-17,2017,Train,5.625,100.0,200.0,time,4.5,9.0
hard_200_2r,2017-10-17,2017,Train,5.625,100.0,200.0,time,4.5,9.0
skip_if_original_stop_over_200,2017-10-17,2017,Train,5.625,5.625,11.25,stop,-6.625,-13.25
hard_150_1r,2017-10-23,2017,Train,15.75,75.0,150.0,time,23.75,47.5
hard_150_2r,2017-10-23,2017,Train,15.75,75.0,150.0,time,23.75,47.5
hard_200_1p5r,2017-10-23,2017,Train,15.75,100.0,200.0,time,23.75,47.5
hard_200_2r,2017-10-23,2017,Train,15.75,100.0,200.0,time,23.75,47.5
skip_if_original_stop_over_200,2017-10-23,2017,Train,15.75,15.75,31.5,time,23.75,47.5
hard_150_1r,2017-10-25,2017,Train,13.125,75.0,150.0,time,-7.0,-14.0
hard_150_2r,2017-10-25,2017,Train,13.125,75.0,150.0,time,-7.0,-14.0
hard_200_1p5r,2017-10-25,2017,Train,13.125,100.0,200.0,time,-7.0,-14.0
hard_200_2r,2017-10-25,2017,Train,13.125,100.0,200.0,time,-7.0,-14.0
skip_if_original_stop_over_200,2017-10-25,2017,Train,13.125,13.125,26.25,target,25.25,50.5
hard_150_1r,2017-11-07,2017,Train,9.875,75.0,150.0,time,-12.0,-24.0
hard_150_2r,2017-11-07,2017,Train,9.875,75.0,150.0,time,-12.0,-24.0
hard_200_1p5r,2017-11-07,2017,Train,9.875,100.0,200.0,time,-12.0,-24.0
hard_200_2r,2017-11-07,2017,Train,9.875,100.0,200.0,time,-12.0,-24.0
skip_if_original_stop_over_200,2017-11-07,2017,Train,9.875,9.875,19.75,stop,-10.875,-21.75
hard_150_1r,2017-11-27,2017,Train,10.375,75.0,150.0,time,-11.5,-23.0
hard_150_2r,2017-11-27,2017,Train,10.375,75.0,150.0,time,-11.5,-23.0
hard_200_1p5r,2017-11-27,2017,Train,10.375,100.0,200.0,time,-11.5,-23.0
hard_200_2r,2017-11-27,2017,Train,10.375,100.0,200.0,time,-11.5,-23.0
skip_if_original_stop_over_200,2017-11-27,2017,Train,10.375,10.375,20.75,stop,-11.375,-22.75
hard_150_1r,2017-11-30,2017,Train,13.875,75.0,150.0,time,16.0,32.0
hard_150_2r,2017-11-30,2017,Train,13.875,75.0,150.0,time,16.0,32.0
hard_200_1p5r,2017-11-30,2017,Train,13.875,100.0,200.0,time,16.0,32.0
hard_200_2r,2017-11-30,2017,Train,13.875,100.0,200.0,time,16.0,32.0
skip_if_original_stop_over_200,2017-11-30,2017,Train,13.875,13.875,27.75,time,16.0,32.0
hard_150_1r,2017-12-01,2017,Train,22.5,75.0,150.0,time,-27.25,-54.5
hard_150_2r,2017-12-01,2017,Train,22.5,75.0,150.0,time,-27.25,-54.5
hard_200_1p5r,2017-12-01,2017,Train,22.5,100.0,200.0,time,-27.25,-54.5
hard_200_2r,2017-12-01,2017,Train,22.5,100.0,200.0,time,-27.25,-54.5
skip_if_original_stop_over_200,2017-12-01,2017,Train,22.5,22.5,45.0,target,44.0,88.0
hard_150_1r,2017-12-04,2017,Train,39.5,75.0,150.0,time,32.0,64.0
hard_150_2r,2017-12-04,2017,Train,39.5,75.0,150.0,time,32.0,64.0
hard_200_1p5r,2017-12-04,2017,Train,39.5,100.0,200.0,time,32.0,64.0
hard_200_2r,2017-12-04,2017,Train,39.5,100.0,200.0,time,32.0,64.0
skip_if_original_stop_over_200,2017-12-04,2017,Train,39.5,39.5,79.0,time,32.0,64.0
hard_150_1r,2017-12-07,2017,Train,13.75,75.0,150.0,time,-5.25,-10.5
hard_150_2r,2017-12-07,2017,Train,13.75,75.0,150.0,time,-5.25,-10.5
hard_200_1p5r,2017-12-07,2017,Train,13.75,100.0,200.0,time,-5.25,-10.5
hard_200_2r,2017-12-07,2017,Train,13.75,100.0,200.0,time,-5.25,-10.5
skip_if_original_stop_over_200,2017-12-07,2017,Train,13.75,13.75,27.5,stop,-14.75,-29.5
hard_150_1r,2017-12-08,2017,Train,8.75,75.0,150.0,time,9.75,19.5
hard_150_2r,2017-12-08,2017,Train,8.75,75.0,150.0,time,9.75,19.5
hard_200_1p5r,2017-12-08,2017,Train,8.75,100.0,200.0,time,9.75,19.5
hard_200_2r,2017-12-08,2017,Train,8.75,100.0,200.0,time,9.75,19.5
skip_if_original_stop_over_200,2017-12-08,2017,Train,8.75,8.75,17.5,stop,-9.75,-19.5
hard_150_1r,2017-12-29,2017,Train,13.125,75.0,150.0,time,16.25,32.5
hard_150_2r,2017-12-29,2017,Train,13.125,75.0,150.0,time,16.25,32.5
hard_200_1p5r,2017-12-29,2017,Train,13.125,100.0,200.0,time,16.25,32.5
hard_200_2r,2017-12-29,2017,Train,13.125,100.0,200.0,time,16.25,32.5
skip_if_original_stop_over_200,2017-12-29,2017,Train,13.125,13.125,26.25,time,16.25,32.5
hard_150_1r,2018-01-11,2018,Train,9.25,75.0,150.0,time,-40.25,-80.5
hard_150_2r,2018-01-11,2018,Train,9.25,75.0,150.0,time,-40.25,-80.5
hard_200_1p5r,2018-01-11,2018,Train,9.25,100.0,200.0,time,-40.25,-80.5
hard_200_2r,2018-01-11,2018,Train,9.25,100.0,200.0,time,-40.25,-80.5
skip_if_original_stop_over_200,2018-01-11,2018,Train,9.25,9.25,18.5,stop,-10.25,-20.5
hard_150_1r,2018-01-24,2018,Train,17.0,75.0,150.0,time,19.5,39.0
hard_150_2r,2018-01-24,2018,Train,17.0,75.0,150.0,time,19.5,39.0
hard_200_1p5r,2018-01-24,2018,Train,17.0,100.0,200.0,time,19.5,39.0
hard_200_2r,2018-01-24,2018,Train,17.0,100.0,200.0,time,19.5,39.0
skip_if_original_stop_over_200,2018-01-24,2018,Train,17.0,17.0,34.0,target,33.0,66.0
hard_150_1r,2018-01-29,2018,Train,14.375,75.0,150.0,time,-17.0,-34.0
hard_150_2r,2018-01-29,2018,Train,14.375,75.0,150.0,time,-17.0,-34.0
hard_200_1p5r,2018-01-29,2018,Train,14.375,100.0,200.0,time,-17.0,-34.0
hard_200_2r,2018-01-29,2018,Train,14.375,100.0,200.0,time,-17.0,-34.0
skip_if_original_stop_over_200,2018-01-29,2018,Train,14.375,14.375,28.75,stop,-15.375,-30.75
hard_150_1r,2018-01-31,2018,Train,10.625,75.0,150.0,time,12.5,25.0
hard_150_2r,2018-01-31,2018,Train,10.625,75.0,150.0,time,12.5,25.0
hard_200_1p5r,2018-01-31,2018,Train,10.625,100.0,200.0,time,12.5,25.0
hard_200_2r,2018-01-31,2018,Train,10.625,100.0,200.0,time,12.5,25.0
skip_if_original_stop_over_200,2018-01-31,2018,Train,10.625,10.625,21.25,target,20.25,40.5
hard_150_1r,2018-02-08,2018,Train,31.25,75.0,150.0,target,74.0,148.0
hard_150_2r,2018-02-08,2018,Train,31.25,75.0,150.0,target,149.0,298.0
hard_200_1p5r,2018-02-08,2018,Train,31.25,100.0,200.0,target,149.0,298.0
hard_200_2r,2018-02-08,2018,Train,31.25,100.0,200.0,time,184.25,368.5
skip_if_original_stop_over_200,2018-02-08,2018,Train,31.25,31.25,62.5,target,61.5,123.0
hard_150_1r,2018-02-09,2018,Train,36.375,75.0,150.0,target,74.0,148.0
hard_150_2r,2018-02-09,2018,Train,36.375,75.0,150.0,target,149.0,298.0
hard_200_1p5r,2018-02-09,2018,Train,36.375,100.0,200.0,target,149.0,298.0
hard_200_2r,2018-02-09,2018,Train,36.375,100.0,200.0,stop,-101.0,-202.0
skip_if_original_stop_over_200,2018-02-09,2018,Train,36.375,36.375,72.75,stop,-37.375,-74.75
hard_150_1r,2018-02-15,2018,Train,25.875,75.0,150.0,stop,-76.0,-152.0
hard_150_2r,2018-02-15,2018,Train,25.875,75.0,150.0,stop,-76.0,-152.0
hard_200_1p5r,2018-02-15,2018,Train,25.875,100.0,200.0,time,-85.25,-170.5
hard_200_2r,2018-02-15,2018,Train,25.875,100.0,200.0,time,-85.25,-170.5
skip_if_original_stop_over_200,2018-02-15,2018,Train,25.875,25.875,51.75,stop,-26.875,-53.75
hard_150_1r,2018-02-27,2018,Train,20.75,75.0,150.0,time,29.25,58.5
hard_150_2r,2018-02-27,2018,Train,20.75,75.0,150.0,time,29.25,58.5
hard_200_1p5r,2018-02-27,2018,Train,20.75,100.0,200.0,time,29.25,58.5
hard_200_2r,2018-02-27,2018,Train,20.75,100.0,200.0,time,29.25,58.5
skip_if_original_stop_over_200,2018-02-27,2018,Train,20.75,20.75,41.5,stop,-21.75,-43.5
hard_150_1r,2018-02-28,2018,Train,18.5,75.0,150.0,time,57.75,115.5
hard_150_2r,2018-02-28,2018,Train,18.5,75.0,150.0,time,57.75,115.5
hard_200_1p5r,2018-02-28,2018,Train,18.5,100.0,200.0,time,57.75,115.5
hard_200_2r,2018-02-28,2018,Train,18.5,100.0,200.0,time,57.75,115.5
skip_if_original_stop_over_200,2018-02-28,2018,Train,18.5,18.5,37.0,stop,-19.5,-39.0
hard_150_1r,2018-03-02,2018,Train,29.125,75.0,150.0,target,74.0,148.0
hard_150_2r,2018-03-02,2018,Train,29.125,75.0,150.0,time,108.25,216.5
hard_200_1p5r,2018-03-02,2018,Train,29.125,100.0,200.0,time,108.25,216.5
hard_200_2r,2018-03-02,2018,Train,29.125,100.0,200.0,time,108.25,216.5
skip_if_original_stop_over_200,2018-03-02,2018,Train,29.125,29.125,58.25,target,57.25,114.5
hard_150_1r,2018-03-06,2018,Train,19.875,75.0,150.0,time,-17.25,-34.5
hard_150_2r,2018-03-06,2018,Train,19.875,75.0,150.0,time,-17.25,-34.5
hard_200_1p5r,2018-03-06,2018,Train,19.875,100.0,200.0,time,-17.25,-34.5
hard_200_2r,2018-03-06,2018,Train,19.875,100.0,200.0,time,-17.25,-34.5
skip_if_original_stop_over_200,2018-03-06,2018,Train,19.875,19.875,39.75,stop,-20.875,-41.75
hard_150_1r,2018-03-07,2018,Train,23.0,75.0,150.0,time,21.25,42.5
hard_150_2r,2018-03-07,2018,Train,23.0,75.0,150.0,time,21.25,42.5
hard_200_1p5r,2018-03-07,2018,Train,23.0,100.0,200.0,time,21.25,42.5
hard_200_2r,2018-03-07,2018,Train,23.0,100.0,200.0,time,21.25,42.5
skip_if_original_stop_over_200,2018-03-07,2018,Train,23.0,23.0,46.0,stop,-24.0,-48.0
hard_150_1r,2018-03-09,2018,Train,18.375,75.0,150.0,time,43.5,87.0
hard_150_2r,2018-03-09,2018,Train,18.375,75.0,150.0,time,43.5,87.0
hard_200_1p5r,2018-03-09,2018,Train,18.375,100.0,200.0,time,43.5,87.0
hard_200_2r,2018-03-09,2018,Train,18.375,100.0,200.0,time,43.5,87.0
skip_if_original_stop_over_200,2018-03-09,2018,Train,18.375,18.375,36.75,target,35.75,71.5
hard_150_1r,2018-03-12,2018,Train,16.125,75.0,150.0,time,-28.0,-56.0
hard_150_2r,2018-03-12,2018,Train,16.125,75.0,150.0,time,-28.0,-56.0
hard_200_1p5r,2018-03-12,2018,Train,16.125,100.0,200.0,time,-28.0,-56.0
hard_200_2r,2018-03-12,2018,Train,16.125,100.0,200.0,time,-28.0,-56.0
skip_if_original_stop_over_200,2018-03-12,2018,Train,16.125,16.125,32.25,stop,-17.125,-34.25
hard_150_1r,2018-03-13,2018,Train,13.375,75.0,150.0,target,74.0,148.0
hard_150_2r,2018-03-13,2018,Train,13.375,75.0,150.0,time,105.75,211.5
hard_200_1p5r,2018-03-13,2018,Train,13.375,100.0,200.0,time,105.75,211.5
hard_200_2r,2018-03-13,2018,Train,13.375,100.0,200.0,time,105.75,211.5
skip_if_original_stop_over_200,2018-03-13,2018,Train,13.375,13.375,26.75,target,25.75,51.5
hard_150_1r,2018-03-19,2018,Train,19.25,75.0,150.0,target,74.0,148.0
hard_150_2r,2018-03-19,2018,Train,19.25,75.0,150.0,time,48.75,97.5
hard_200_1p5r,2018-03-19,2018,Train,19.25,100.0,200.0,time,48.75,97.5
hard_200_2r,2018-03-19,2018,Train,19.25,100.0,200.0,time,48.75,97.5
skip_if_original_stop_over_200,2018-03-19,2018,Train,19.25,19.25,38.5,target,37.5,75.0
hard_150_1r,2018-03-22,2018,Train,29.0,75.0,150.0,time,50.25,100.5
hard_150_2r,2018-03-22,2018,Train,29.0,75.0,150.0,time,50.25,100.5
hard_200_1p5r,2018-03-22,2018,Train,29.0,100.0,200.0,time,50.25,100.5
hard_200_2r,2018-03-22,2018,Train,29.0,100.0,200.0,time,50.25,100.5
skip_if_original_stop_over_200,2018-03-22,2018,Train,29.0,29.0,58.0,stop,-30.0,-60.0
hard_150_1r,2018-03-28,2018,Train,57.625,75.0,150.0,stop,-76.0,-152.0
hard_150_2r,2018-03-28,2018,Train,57.625,75.0,150.0,stop,-76.0,-152.0
hard_200_1p5r,2018-03-28,2018,Train,57.625,100.0,200.0,stop,-101.0,-202.0
hard_200_2r,2018-03-28,2018,Train,57.625,100.0,200.0,stop,-101.0,-202.0
skip_if_original_stop_over_200,2018-03-28,2018,Train,57.625,57.625,115.25,stop,-58.625,-117.25
hard_150_1r,2018-04-02,2018,Train,51.25,75.0,150.0,target,74.0,148.0
hard_150_2r,2018-04-02,2018,Train,51.25,75.0,150.0,time,45.0,90.0
hard_200_1p5r,2018-04-02,2018,Train,51.25,100.0,200.0,time,45.0,90.0
hard_200_2r,2018-04-02,2018,Train,51.25,100.0,200.0,time,45.0,90.0
skip_if_original_stop_over_200,2018-04-02,2018,Train,51.25,51.25,102.5,target,101.5,203.0
hard_150_1r,2018-04-03,2018,Train,58.0,75.0,150.0,stop,-76.0,-152.0
hard_150_2r,2018-04-03,2018,Train,58.0,75.0,150.0,stop,-76.0,-152.0
hard_200_1p5r,2018-04-03,2018,Train,58.0,100.0,200.0,stop,-101.0,-202.0
hard_200_2r,2018-04-03,2018,Train,58.0,100.0,200.0,stop,-101.0,-202.0
skip_if_original_stop_over_200,2018-04-03,2018,Train,58.0,58.0,116.0,stop,-59.0,-118.0
hard_150_1r,2018-04-04,2018,Train,36.5,75.0,150.0,target,74.0,148.0
hard_150_2r,2018-04-04,2018,Train,36.5,75.0,150.0,target,149.0,298.0
hard_200_1p5r,2018-04-04,2018,Train,36.5,100.0,200.0,target,149.0,298.0
hard_200_2r,2018-04-04,2018,Train,36.5,100.0,200.0,time,168.75,337.5
skip_if_original_stop_over_200,2018-04-04,2018,Train,36.5,36.5,73.0,target,72.0,144.0
hard_150_1r,2018-04-06,2018,Train,37.375,75.0,150.0,target,74.0,148.0
hard_150_2r,2018-04-06,2018,Train,37.375,75.0,150.0,time,60.5,121.0
hard_200_1p5r,2018-04-06,2018,Train,37.375,100.0,200.0,time,60.5,121.0
hard_200_2r,2018-04-06,2018,Train,37.375,100.0,200.0,time,60.5,121.0
skip_if_original_stop_over_200,2018-04-06,2018,Train,37.375,37.375,74.75,stop,-38.375,-76.75
hard_150_1r,2018-04-13,2018,Train,39.0,75.0,150.0,time,-13.25,-26.5
hard_150_2r,2018-04-13,2018,Train,39.0,75.0,150.0,time,-13.25,-26.5
hard_200_1p5r,2018-04-13,2018,Train,39.0,100.0,200.0,time,-13.25,-26.5
hard_200_2r,2018-04-13,2018,Train,39.0,100.0,200.0,time,-13.25,-26.5
skip_if_original_stop_over_200,2018-04-13,2018,Train,39.0,39.0,78.0,stop,-40.0,-80.0
hard_150_1r,2018-04-20,2018,Train,26.5,75.0,150.0,time,35.75,71.5
hard_150_2r,2018-04-20,2018,Train,26.5,75.0,150.0,time,35.75,71.5
hard_200_1p5r,2018-04-20,2018,Train,26.5,100.0,200.0,time,35.75,71.5
hard_200_2r,2018-04-20,2018,Train,26.5,100.0,200.0,time,35.75,71.5
skip_if_original_stop_over_200,2018-04-20,2018,Train,26.5,26.5,53.0,target,52.0,104.0
hard_150_1r,2018-04-23,2018,Train,23.25,75.0,150.0,stop,-76.0,-152.0
hard_150_2r,2018-04-23,2018,Train,23.25,75.0,150.0,stop,-76.0,-152.0
hard_200_1p5r,2018-04-23,2018,Train,23.25,100.0,200.0,time,-58.25,-116.5
hard_200_2r,2018-04-23,2018,Train,23.25,100.0,200.0,time,-58.25,-116.5
skip_if_original_stop_over_200,2018-04-23,2018,Train,23.25,23.25,46.5,stop,-24.25,-48.5
hard_150_1r,2018-04-24,2018,Train,40.125,75.0,150.0,target,74.0,148.0
hard_150_2r,2018-04-24,2018,Train,40.125,75.0,150.0,time,90.0,180.0
hard_200_1p5r,2018-04-24,2018,Train,40.125,100.0,200.0,time,90.0,180.0
hard_200_2r,2018-04-24,2018,Train,40.125,100.0,200.0,time,90.0,180.0
skip_if_original_stop_over_200,2018-04-24,2018,Train,40.125,40.125,80.25,target,79.25,158.5
hard_150_1r,2018-04-27,2018,Train,50.125,75.0,150.0,time,-26.25,-52.5
hard_150_2r,2018-04-27,2018,Train,50.125,75.0,150.0,time,-26.25,-52.5
hard_200_1p5r,2018-04-27,2018,Train,50.125,100.0,200.0,time,-26.25,-52.5
hard_200_2r,2018-04-27,2018,Train,50.125,100.0,200.0,time,-26.25,-52.5
skip_if_original_stop_over_200,2018-04-27,2018,Train,50.125,50.125,100.25,time,-26.25,-52.5
hard_150_1r,2018-05-03,2018,Train,30.5,75.0,150.0,stop,-76.0,-152.0
hard_150_2r,2018-05-03,2018,Train,30.5,75.0,150.0,stop,-76.0,-152.0
hard_200_1p5r,2018-05-03,2018,Train,30.5,100.0,200.0,stop,-101.0,-202.0
hard_200_2r,2018-05-03,2018,Train,30.5,100.0,200.0,stop,-101.0,-202.0
skip_if_original_stop_over_200,2018-05-03,2018,Train,30.5,30.5,61.0,stop,-31.5,-63.0
hard_150_1r,2018-05-04,2018,Train,47.0,75.0,150.0,time,41.5,83.0
hard_150_2r,2018-05-04,2018,Train,47.0,75.0,150.0,time,41.5,83.0
hard_200_1p5r,2018-05-04,2018,Train,47.0,100.0,200.0,time,41.5,83.0
hard_200_2r,2018-05-04,2018,Train,47.0,100.0,200.0,time,41.5,83.0
skip_if_original_stop_over_200,2018-05-04,2018,Train,47.0,47.0,94.0,time,41.5,83.0
hard_150_1r,2018-05-09,2018,Train,14.0,75.0,150.0,stop,-76.0,-152.0
hard_150_2r,2018-05-09,2018,Train,14.0,75.0,150.0,stop,-76.0,-152.0
hard_200_1p5r,2018-05-09,2018,Train,14.0,100.0,200.0,time,-77.0,-154.0
hard_200_2r,2018-05-09,2018,Train,14.0,100.0,200.0,time,-77.0,-154.0
skip_if_original_stop_over_200,2018-05-09,2018,Train,14.0,14.0,28.0,stop,-15.0,-30.0
hard_150_1r,2018-05-21,2018,Train,16.625,75.0,150.0,time,9.5,19.0
hard_150_2r,2018-05-21,2018,Train,16.625,75.0,150.0,time,9.5,19.0
hard_200_1p5r,2018-05-21,2018,Train,16.625,100.0,200.0,time,9.5,19.0
hard_200_2r,2018-05-21,2018,Train,16.625,100.0,200.0,time,9.5,19.0
skip_if_original_stop_over_200,2018-05-21,2018,Train,16.625,16.625,33.25,target,32.25,64.5
hard_150_1r,2018-05-30,2018,Train,14.75,75.0,150.0,time,6.75,13.5
hard_150_2r,2018-05-30,2018,Train,14.75,75.0,150.0,time,6.75,13.5
hard_200_1p5r,2018-05-30,2018,Train,14.75,100.0,200.0,time,6.75,13.5
hard_200_2r,2018-05-30,2018,Train,14.75,100.0,200.0,time,6.75,13.5
skip_if_original_stop_over_200,2018-05-30,2018,Train,14.75,14.75,29.5,time,6.75,13.5
hard_150_1r,2018-05-31,2018,Train,13.625,75.0,150.0,time,-8.75,-17.5
hard_150_2r,2018-05-31,2018,Train,13.625,75.0,150.0,time,-8.75,-17.5
hard_200_1p5r,2018-05-31,2018,Train,13.625,100.0,200.0,time,-8.75,-17.5
hard_200_2r,2018-05-31,2018,Train,13.625,100.0,200.0,time,-8.75,-17.5
skip_if_original_stop_over_200,2018-05-31,2018,Train,13.625,13.625,27.25,stop,-14.625,-29.25
hard_150_1r,2018-06-05,2018,Train,14.0,75.0,150.0,time,-18.75,-37.5
hard_150_2r,2018-06-05,2018,Train,14.0,75.0,150.0,time,-18.75,-37.5
hard_200_1p5r,2018-06-05,2018,Train,14.0,100.0,200.0,time,-18.75,-37.5
hard_200_2r,2018-06-05,2018,Train,14.0,100.0,200.0,time,-18.75,-37.5
skip_if_original_stop_over_200,2018-06-05,2018,Train,14.0,14.0,28.0,stop,-15.0,-30.0
hard_150_1r,2018-06-06,2018,Train,20.875,75.0,150.0,time,-64.75,-129.5
hard_150_2r,2018-06-06,2018,Train,20.875,75.0,150.0,time,-64.75,-129.5
hard_200_1p5r,2018-06-06,2018,Train,20.875,100.0,200.0,time,-64.75,-129.5
hard_200_2r,2018-06-06,2018,Train,20.875,100.0,200.0,time,-64.75,-129.5
skip_if_original_stop_over_200,2018-06-06,2018,Train,20.875,20.875,41.75,stop,-21.875,-43.75
hard_150_1r,2018-06-07,2018,Train,26.375,75.0,150.0,time,-8.25,-16.5
hard_150_2r,2018-06-07,2018,Train,26.375,75.0,150.0,time,-8.25,-16.5
hard_200_1p5r,2018-06-07,2018,Train,26.375,100.0,200.0,time,-8.25,-16.5
hard_200_2r,2018-06-07,2018,Train,26.375,100.0,200.0,time,-8.25,-16.5
skip_if_original_stop_over_200,2018-06-07,2018,Train,26.375,26.375,52.75,time,-8.25,-16.5
hard_150_1r,2018-06-18,2018,Train,19.75,75.0,150.0,time,20.5,41.0
hard_150_2r,2018-06-18,2018,Train,19.75,75.0,150.0,time,20.5,41.0
hard_200_1p5r,2018-06-18,2018,Train,19.75,100.0,200.0,time,20.5,41.0
hard_200_2r,2018-06-18,2018,Train,19.75,100.0,200.0,time,20.5,41.0
skip_if_original_stop_over_200,2018-06-18,2018,Train,19.75,19.75,39.5,time,20.5,41.0
hard_150_1r,2018-07-06,2018,Train,24.0,75.0,150.0,time,50.75,101.5
hard_150_2r,2018-07-06,2018,Train,24.0,75.0,150.0,time,50.75,101.5
hard_200_1p5r,2018-07-06,2018,Train,24.0,100.0,200.0,time,50.75,101.5
hard_200_2r,2018-07-06,2018,Train,24.0,100.0,200.0,time,50.75,101.5
skip_if_original_stop_over_200,2018-07-06,2018,Train,24.0,24.0,48.0,target,47.0,94.0
hard_150_1r,2018-07-24,2018,Train,14.375,75.0,150.0,time,31.75,63.5
hard_150_2r,2018-07-24,2018,Train,14.375,75.0,150.0,time,31.75,63.5
hard_200_1p5r,2018-07-24,2018,Train,14.375,100.0,200.0,time,31.75,63.5
hard_200_2r,2018-07-24,2018,Train,14.375,100.0,200.0,time,31.75,63.5
skip_if_original_stop_over_200,2018-07-24,2018,Train,14.375,14.375,28.75,target,27.75,55.5
hard_150_1r,2018-07-27,2018,Train,34.0,75.0,150.0,target,74.0,148.0
hard_150_2r,2018-07-27,2018,Train,34.0,75.0,150.0,time,76.75,153.5
hard_200_1p5r,2018-07-27,2018,Train,34.0,100.0,200.0,time,76.75,153.5
hard_200_2r,2018-07-27,2018,Train,34.0,100.0,200.0,time,76.75,153.5
skip_if_original_stop_over_200,2018-07-27,2018,Train,34.0,34.0,68.0,target,67.0,134.0
hard_150_1r,2018-08-02,2018,Train,37.375,75.0,150.0,target,74.0,148.0
hard_150_2r,2018-08-02,2018,Train,37.375,75.0,150.0,time,74.5,149.0
hard_200_1p5r,2018-08-02,2018,Train,37.375,100.0,200.0,time,74.5,149.0
hard_200_2r,2018-08-02,2018,Train,37.375,100.0,200.0,time,74.5,149.0
skip_if_original_stop_over_200,2018-08-02,2018,Train,37.375,37.375,74.75,target,73.75,147.5
hard_150_1r,2018-08-16,2018,Train,12.5,75.0,150.0,time,-51.0,-102.0
hard_150_2r,2018-08-16,2018,Train,12.5,75.0,150.0,time,-51.0,-102.0
hard_200_1p5r,2018-08-16,2018,Train,12.5,100.0,200.0,time,-51.0,-102.0
hard_200_2r,2018-08-16,2018,Train,12.5,100.0,200.0,time,-51.0,-102.0
skip_if_original_stop_over_200,2018-08-16,2018,Train,12.5,12.5,25.0,stop,-13.5,-27.0
hard_150_1r,2018-08-22,2018,Train,17.5,75.0,150.0,time,9.0,18.0
hard_150_2r,2018-08-22,2018,Train,17.5,75.0,150.0,time,9.0,18.0
hard_200_1p5r,2018-08-22,2018,Train,17.5,100.0,200.0,time,9.0,18.0
hard_200_2r,2018-08-22,2018,Train,17.5,100.0,200.0,time,9.0,18.0
skip_if_original_stop_over_200,2018-08-22,2018,Train,17.5,17.5,35.0,time,9.0,18.0
hard_150_1r,2018-08-23,2018,Train,26.125,75.0,150.0,time,-0.25,-0.5
hard_150_2r,2018-08-23,2018,Train,26.125,75.0,150.0,time,-0.25,-0.5
hard_200_1p5r,2018-08-23,2018,Train,26.125,100.0,200.0,time,-0.25,-0.5
hard_200_2r,2018-08-23,2018,Train,26.125,100.0,200.0,time,-0.25,-0.5
skip_if_original_stop_over_200,2018-08-23,2018,Train,26.125,26.125,52.25,stop,-27.125,-54.25
hard_150_1r,2018-08-24,2018,Train,14.5,75.0,150.0,time,15.25,30.5
hard_150_2r,2018-08-24,2018,Train,14.5,75.0,150.0,time,15.25,30.5
hard_200_1p5r,2018-08-24,2018,Train,14.5,100.0,200.0,time,15.25,30.5
hard_200_2r,2018-08-24,2018,Train,14.5,100.0,200.0,time,15.25,30.5
skip_if_original_stop_over_200,2018-08-24,2018,Train,14.5,14.5,29.0,time,15.25,30.5
hard_150_1r,2018-08-28,2018,Train,11.125,75.0,150.0,time,-3.25,-6.5
hard_150_2r,2018-08-28,2018,Train,11.125,75.0,150.0,time,-3.25,-6.5
hard_200_1p5r,2018-08-28,2018,Train,11.125,100.0,200.0,time,-3.25,-6.5
hard_200_2r,2018-08-28,2018,Train,11.125,100.0,200.0,time,-3.25,-6.5
skip_if_original_stop_over_200,2018-08-28,2018,Train,11.125,11.125,22.25,stop,-12.125,-24.25
hard_150_1r,2018-08-30,2018,Train,12.125,75.0,150.0,time,-26.25,-52.5
hard_150_2r,2018-08-30,2018,Train,12.125,75.0,150.0,time,-26.25,-52.5
hard_200_1p5r,2018-08-30,2018,Train,12.125,100.0,200.0,time,-26.25,-52.5
hard_200_2r,2018-08-30,2018,Train,12.125,100.0,200.0,time,-26.25,-52.5
skip_if_original_stop_over_200,2018-08-30,2018,Train,12.125,12.125,24.25,stop,-13.125,-26.25
hard_150_1r,2018-09-06,2018,Train,38.375,75.0,150.0,time,-5.5,-11.0
hard_150_2r,2018-09-06,2018,Train,38.375,75.0,150.0,time,-5.5,-11.0
hard_200_1p5r,2018-09-06,2018,Train,38.375,100.0,200.0,time,-5.5,-11.0
hard_200_2r,2018-09-06,2018,Train,38.375,100.0,200.0,time,-5.5,-11.0
skip_if_original_stop_over_200,2018-09-06,2018,Train,38.375,38.375,76.75,time,-5.5,-11.0
hard_150_1r,2018-09-12,2018,Train,30.625,75.0,150.0,time,-68.25,-136.5
hard_150_2r,2018-09-12,2018,Train,30.625,75.0,150.0,time,-68.25,-136.5
hard_200_1p5r,2018-09-12,2018,Train,30.625,100.0,200.0,time,-68.25,-136.5
hard_200_2r,2018-09-12,2018,Train,30.625,100.0,200.0,time,-68.25,-136.5
skip_if_original_stop_over_200,2018-09-12,2018,Train,30.625,30.625,61.25,stop,-31.625,-63.25
hard_150_1r,2018-10-11,2018,Train,68.0,75.0,150.0,stop,-76.0,-152.0
hard_150_2r,2018-10-11,2018,Train,68.0,75.0,150.0,stop,-76.0,-152.0
hard_200_1p5r,2018-10-11,2018,Train,68.0,100.0,200.0,stop,-101.0,-202.0
hard_200_2r,2018-10-11,2018,Train,68.0,100.0,200.0,stop,-101.0,-202.0
skip_if_original_stop_over_200,2018-10-11,2018,Train,68.0,68.0,136.0,stop,-69.0,-138.0
hard_150_1r,2018-10-16,2018,Train,23.25,75.0,150.0,target,74.0,148.0
hard_150_2r,2018-10-16,2018,Train,23.25,75.0,150.0,time,96.5,193.0
hard_200_1p5r,2018-10-16,2018,Train,23.25,100.0,200.0,time,96.5,193.0
hard_200_2r,2018-10-16,2018,Train,23.25,100.0,200.0,time,96.5,193.0
skip_if_original_stop_over_200,2018-10-16,2018,Train,23.25,23.25,46.5,target,45.5,91.0
hard_150_1r,2018-10-18,2018,Train,30.125,75.0,150.0,target,74.0,148.0
hard_150_2r,2018-10-18,2018,Train,30.125,75.0,150.0,time,61.25,122.5
hard_200_1p5r,2018-10-18,2018,Train,30.125,100.0,200.0,time,61.25,122.5
hard_200_2r,2018-10-18,2018,Train,30.125,100.0,200.0,time,61.25,122.5
skip_if_original_stop_over_200,2018-10-18,2018,Train,30.125,30.125,60.25,target,59.25,118.5
hard_150_1r,2018-10-22,2018,Train,41.25,75.0,150.0,time,-29.0,-58.0
hard_150_2r,2018-10-22,2018,Train,41.25,75.0,150.0,time,-29.0,-58.0
hard_200_1p5r,2018-10-22,2018,Train,41.25,100.0,200.0,time,-29.0,-58.0
hard_200_2r,2018-10-22,2018,Train,41.25,100.0,200.0,time,-29.0,-58.0
skip_if_original_stop_over_200,2018-10-22,2018,Train,41.25,41.25,82.5,stop,-42.25,-84.5
hard_150_1r,2018-11-02,2018,Train,54.0,75.0,150.0,time,16.5,33.0
hard_150_2r,2018-11-02,2018,Train,54.0,75.0,150.0,time,16.5,33.0
hard_200_1p5r,2018-11-02,2018,Train,54.0,100.0,200.0,time,16.5,33.0
hard_200_2r,2018-11-02,2018,Train,54.0,100.0,200.0,time,16.5,33.0
skip_if_original_stop_over_200,2018-11-02,2018,Train,54.0,54.0,108.0,time,16.5,33.0
hard_150_1r,2018-11-13,2018,Train,43.0,75.0,150.0,stop,-76.0,-152.0
hard_150_2r,2018-11-13,2018,Train,43.0,75.0,150.0,stop,-76.0,-152.0
hard_200_1p5r,2018-11-13,2018,Train,43.0,100.0,200.0,stop,-101.0,-202.0
hard_200_2r,2018-11-13,2018,Train,43.0,100.0,200.0,stop,-101.0,-202.0
skip_if_original_stop_over_200,2018-11-13,2018,Train,43.0,43.0,86.0,stop,-44.0,-88.0
hard_150_1r,2018-11-14,2018,Train,49.5,75.0,150.0,target,74.0,148.0
hard_150_2r,2018-11-14,2018,Train,49.5,75.0,150.0,time,41.75,83.5
hard_200_1p5r,2018-11-14,2018,Train,49.5,100.0,200.0,time,41.75,83.5
hard_200_2r,2018-11-14,2018,Train,49.5,100.0,200.0,time,41.75,83.5
skip_if_original_stop_over_200,2018-11-14,2018,Train,49.5,49.5,99.0,time,41.75,83.5
hard_150_1r,2018-11-15,2018,Train,35.5,75.0,150.0,stop,-76.0,-152.0
hard_150_2r,2018-11-15,2018,Train,35.5,75.0,150.0,stop,-76.0,-152.0
hard_200_1p5r,2018-11-15,2018,Train,35.5,100.0,200.0,stop,-101.0,-202.0
hard_200_2r,2018-11-15,2018,Train,35.5,100.0,200.0,stop,-101.0,-202.0
skip_if_original_stop_over_200,2018-11-15,2018,Train,35.5,35.5,71.0,stop,-36.5,-73.0
hard_150_1r,2018-11-16,2018,Train,38.0,75.0,150.0,time,-1.5,-3.0
hard_150_2r,2018-11-16,2018,Train,38.0,75.0,150.0,time,-1.5,-3.0
hard_200_1p5r,2018-11-16,2018,Train,38.0,100.0,200.0,time,-1.5,-3.0
hard_200_2r,2018-11-16,2018,Train,38.0,100.0,200.0,time,-1.5,-3.0
skip_if_original_stop_over_200,2018-11-16,2018,Train,38.0,38.0,76.0,stop,-39.0,-78.0
hard_150_1r,2018-11-19,2018,Train,59.125,75.0,150.0,target,74.0,148.0
hard_150_2r,2018-11-19,2018,Train,59.125,75.0,150.0,time,85.0,170.0
hard_200_1p5r,2018-11-19,2018,Train,59.125,100.0,200.0,time,85.0,170.0
hard_200_2r,2018-11-19,2018,Train,59.125,100.0,200.0,time,85.0,170.0
skip_if_original_stop_over_200,2018-11-19,2018,Train,59.125,59.125,118.25,time,85.0,170.0
hard_150_1r,2018-11-30,2018,Train,18.625,75.0,150.0,time,6.5,13.0
hard_150_2r,2018-11-30,2018,Train,18.625,75.0,150.0,time,6.5,13.0
hard_200_1p5r,2018-11-30,2018,Train,18.625,100.0,200.0,time,6.5,13.0
hard_200_2r,2018-11-30,2018,Train,18.625,100.0,200.0,time,6.5,13.0
skip_if_original_stop_over_200,2018-11-30,2018,Train,18.625,18.625,37.25,stop,-19.625,-39.25
hard_150_1r,2018-12-07,2018,Train,52.625,75.0,150.0,target,74.0,148.0
hard_150_2r,2018-12-07,2018,Train,52.625,75.0,150.0,time,114.25,228.5
hard_200_1p5r,2018-12-07,2018,Train,52.625,100.0,200.0,time,114.25,228.5
hard_200_2r,2018-12-07,2018,Train,52.625,100.0,200.0,time,114.25,228.5
skip_if_original_stop_over_200,2018-12-07,2018,Train,52.625,52.625,105.25,target,104.25,208.5
hard_150_1r,2018-12-21,2018,Train,53.125,75.0,150.0,target,74.0,148.0
hard_150_2r,2018-12-21,2018,Train,53.125,75.0,150.0,target,149.0,298.0
hard_200_1p5r,2018-12-21,2018,Train,53.125,100.0,200.0,target,149.0,298.0
hard_200_2r,2018-12-21,2018,Train,53.125,100.0,200.0,time,133.75,267.5
skip_if_original_stop_over_200,2018-12-21,2018,Train,53.125,53.125,106.25,target,105.25,210.5
hard_150_1r,2018-12-26,2018,Train,52.375,75.0,150.0,stop,-76.0,-152.0
hard_150_2r,2018-12-26,2018,Train,52.375,75.0,150.0,stop,-76.0,-152.0
hard_200_1p5r,2018-12-26,2018,Train,52.375,100.0,200.0,stop,-101.0,-202.0
hard_200_2r,2018-12-26,2018,Train,52.375,100.0,200.0,stop,-101.0,-202.0
skip_if_original_stop_over_200,2018-12-26,2018,Train,52.375,52.375,104.75,stop,-53.375,-106.75
hard_150_1r,2018-12-31,2018,Train,29.125,75.0,150.0,time,8.0,16.0
hard_150_2r,2018-12-31,2018,Train,29.125,75.0,150.0,time,8.0,16.0
hard_200_1p5r,2018-12-31,2018,Train,29.125,100.0,200.0,time,8.0,16.0
hard_200_2r,2018-12-31,2018,Train,29.125,100.0,200.0,time,8.0,16.0
skip_if_original_stop_over_200,2018-12-31,2018,Train,29.125,29.125,58.25,stop,-30.125,-60.25
hard_150_1r,2019-01-07,2019,Inner Validation,19.875,75.0,150.0,time,29.0,58.0
hard_150_2r,2019-01-07,2019,Inner Validation,19.875,75.0,150.0,time,29.0,58.0
hard_200_1p5r,2019-01-07,2019,Inner Validation,19.875,100.0,200.0,time,29.0,58.0
hard_200_2r,2019-01-07,2019,Inner Validation,19.875,100.0,200.0,time,29.0,58.0
skip_if_original_stop_over_200,2019-01-07,2019,Inner Validation,19.875,19.875,39.75,target,38.75,77.5
hard_150_1r,2019-01-16,2019,Inner Validation,25.75,75.0,150.0,time,-0.5,-1.0
hard_150_2r,2019-01-16,2019,Inner Validation,25.75,75.0,150.0,time,-0.5,-1.0
hard_200_1p5r,2019-01-16,2019,Inner Validation,25.75,100.0,200.0,time,-0.5,-1.0
hard_200_2r,2019-01-16,2019,Inner Validation,25.75,100.0,200.0,time,-0.5,-1.0
skip_if_original_stop_over_200,2019-01-16,2019,Inner Validation,25.75,25.75,51.5,stop,-26.75,-53.5
hard_150_1r,2019-01-24,2019,Inner Validation,22.875,75.0,150.0,time,-38.75,-77.5
hard_150_2r,2019-01-24,2019,Inner Validation,22.875,75.0,150.0,time,-38.75,-77.5
hard_200_1p5r,2019-01-24,2019,Inner Validation,22.875,100.0,200.0,time,-38.75,-77.5
hard_200_2r,2019-01-24,2019,Inner Validation,22.875,100.0,200.0,time,-38.75,-77.5
skip_if_original_stop_over_200,2019-01-24,2019,Inner Validation,22.875,22.875,45.75,stop,-23.875,-47.75
hard_150_1r,2019-02-11,2019,Inner Validation,21.375,75.0,150.0,time,-10.75,-21.5
hard_150_2r,2019-02-11,2019,Inner Validation,21.375,75.0,150.0,time,-10.75,-21.5
hard_200_1p5r,2019-02-11,2019,Inner Validation,21.375,100.0,200.0,time,-10.75,-21.5
hard_200_2r,2019-02-11,2019,Inner Validation,21.375,100.0,200.0,time,-10.75,-21.5
skip_if_original_stop_over_200,2019-02-11,2019,Inner Validation,21.375,21.375,42.75,stop,-22.375,-44.75
hard_150_1r,2019-02-12,2019,Inner Validation,22.5,75.0,150.0,time,7.25,14.5
hard_150_2r,2019-02-12,2019,Inner Validation,22.5,75.0,150.0,time,7.25,14.5
hard_200_1p5r,2019-02-12,2019,Inner Validation,22.5,100.0,200.0,time,7.25,14.5
hard_200_2r,2019-02-12,2019,Inner Validation,22.5,100.0,200.0,time,7.25,14.5
skip_if_original_stop_over_200,2019-02-12,2019,Inner Validation,22.5,22.5,45.0,time,7.25,14.5
hard_150_1r,2019-03-04,2019,Inner Validation,14.0,75.0,150.0,target,74.0,148.0
hard_150_2r,2019-03-04,2019,Inner Validation,14.0,75.0,150.0,time,29.75,59.5
hard_200_1p5r,2019-03-04,2019,Inner Validation,14.0,100.0,200.0,time,29.75,59.5
hard_200_2r,2019-03-04,2019,Inner Validation,14.0,100.0,200.0,time,29.75,59.5
skip_if_original_stop_over_200,2019-03-04,2019,Inner Validation,14.0,14.0,28.0,target,27.0,54.0
hard_150_1r,2019-03-06,2019,Inner Validation,18.25,75.0,150.0,time,-1.0,-2.0
hard_150_2r,2019-03-06,2019,Inner Validation,18.25,75.0,150.0,time,-1.0,-2.0
hard_200_1p5r,2019-03-06,2019,Inner Validation,18.25,100.0,200.0,time,-1.0,-2.0
hard_200_2r,2019-03-06,2019,Inner Validation,18.25,100.0,200.0,time,-1.0,-2.0
skip_if_original_stop_over_200,2019-03-06,2019,Inner Validation,18.25,18.25,36.5,stop,-19.25,-38.5
hard_150_1r,2019-03-12,2019,Inner Validation,13.5,75.0,150.0,time,1.5,3.0
hard_150_2r,2019-03-12,2019,Inner Validation,13.5,75.0,150.0,time,1.5,3.0
hard_200_1p5r,2019-03-12,2019,Inner Validation,13.5,100.0,200.0,time,1.5,3.0
hard_200_2r,2019-03-12,2019,Inner Validation,13.5,100.0,200.0,time,1.5,3.0
skip_if_original_stop_over_200,2019-03-12,2019,Inner Validation,13.5,13.5,27.0,time,1.5,3.0
hard_150_1r,2019-03-13,2019,Inner Validation,12.875,75.0,150.0,time,-0.25,-0.5
hard_150_2r,2019-03-13,2019,Inner Validation,12.875,75.0,150.0,time,-0.25,-0.5
hard_200_1p5r,2019-03-13,2019,Inner Validation,12.875,100.0,200.0,time,-0.25,-0.5
hard_200_2r,2019-03-13,2019,Inner Validation,12.875,100.0,200.0,time,-0.25,-0.5
skip_if_original_stop_over_200,2019-03-13,2019,Inner Validation,12.875,12.875,25.75,target,24.75,49.5
hard_150_1r,2019-03-15,2019,Inner Validation,19.25,75.0,150.0,time,-12.0,-24.0
hard_150_2r,2019-03-15,2019,Inner Validation,19.25,75.0,150.0,time,-12.0,-24.0
hard_200_1p5r,2019-03-15,2019,Inner Validation,19.25,100.0,200.0,time,-12.0,-24.0
hard_200_2r,2019-03-15,2019,Inner Validation,19.25,100.0,200.0,time,-12.0,-24.0
skip_if_original_stop_over_200,2019-03-15,2019,Inner Validation,19.25,19.25,38.5,time,-12.0,-24.0
hard_150_1r,2019-03-27,2019,Inner Validation,21.75,75.0,150.0,target,74.0,148.0
hard_150_2r,2019-03-27,2019,Inner Validation,21.75,75.0,150.0,time,26.75,53.5
hard_200_1p5r,2019-03-27,2019,Inner Validation,21.75,100.0,200.0,time,26.75,53.5
hard_200_2r,2019-03-27,2019,Inner Validation,21.75,100.0,200.0,time,26.75,53.5
skip_if_original_stop_over_200,2019-03-27,2019,Inner Validation,21.75,21.75,43.5,target,42.5,85.0
hard_150_1r,2019-03-29,2019,Inner Validation,16.75,75.0,150.0,time,-35.0,-70.0
hard_150_2r,2019-03-29,2019,Inner Validation,16.75,75.0,150.0,time,-35.0,-70.0
hard_200_1p5r,2019-03-29,2019,Inner Validation,16.75,100.0,200.0,time,-35.0,-70.0
hard_200_2r,2019-03-29,2019,Inner Validation,16.75,100.0,200.0,time,-35.0,-70.0
skip_if_original_stop_over_200,2019-03-29,2019,Inner Validation,16.75,16.75,33.5,stop,-17.75,-35.5
hard_150_1r,2019-04-04,2019,Inner Validation,22.875,75.0,150.0,time,-26.25,-52.5
hard_150_2r,2019-04-04,2019,Inner Validation,22.875,75.0,150.0,time,-26.25,-52.5
hard_200_1p5r,2019-04-04,2019,Inner Validation,22.875,100.0,200.0,time,-26.25,-52.5
hard_200_2r,2019-04-04,2019,Inner Validation,22.875,100.0,200.0,time,-26.25,-52.5
skip_if_original_stop_over_200,2019-04-04,2019,Inner Validation,22.875,22.875,45.75,stop,-23.875,-47.75
hard_150_1r,2019-04-10,2019,Inner Validation,9.875,75.0,150.0,time,3.25,6.5
hard_150_2r,2019-04-10,2019,Inner Validation,9.875,75.0,150.0,time,3.25,6.5
hard_200_1p5r,2019-04-10,2019,Inner Validation,9.875,100.0,200.0,time,3.25,6.5
hard_200_2r,2019-04-10,2019,Inner Validation,9.875,100.0,200.0,time,3.25,6.5
skip_if_original_stop_over_200,2019-04-10,2019,Inner Validation,9.875,9.875,19.75,stop,-10.875,-21.75
hard_150_1r,2019-04-12,2019,Inner Validation,8.625,75.0,150.0,time,-10.25,-20.5
hard_150_2r,2019-04-12,2019,Inner Validation,8.625,75.0,150.0,time,-10.25,-20.5
hard_200_1p5r,2019-04-12,2019,Inner Validation,8.625,100.0,200.0,time,-10.25,-20.5
hard_200_2r,2019-04-12,2019,Inner Validation,8.625,100.0,200.0,time,-10.25,-20.5
skip_if_original_stop_over_200,2019-04-12,2019,Inner Validation,8.625,8.625,17.25,stop,-9.625,-19.25
hard_150_1r,2019-04-15,2019,Inner Validation,22.5,75.0,150.0,time,-39.25,-78.5
hard_150_2r,2019-04-15,2019,Inner Validation,22.5,75.0,150.0,time,-39.25,-78.5
hard_200_1p5r,2019-04-15,2019,Inner Validation,22.5,100.0,200.0,time,-39.25,-78.5
hard_200_2r,2019-04-15,2019,Inner Validation,22.5,100.0,200.0,time,-39.25,-78.5
skip_if_original_stop_over_200,2019-04-15,2019,Inner Validation,22.5,22.5,45.0,stop,-23.5,-47.0
hard_150_1r,2019-04-23,2019,Inner Validation,27.375,75.0,150.0,time,20.0,40.0
hard_150_2r,2019-04-23,2019,Inner Validation,27.375,75.0,150.0,time,20.0,40.0
hard_200_1p5r,2019-04-23,2019,Inner Validation,27.375,100.0,200.0,time,20.0,40.0
hard_200_2r,2019-04-23,2019,Inner Validation,27.375,100.0,200.0,time,20.0,40.0
skip_if_original_stop_over_200,2019-04-23,2019,Inner Validation,27.375,27.375,54.75,time,20.0,40.0
hard_150_1r,2019-05-02,2019,Inner Validation,25.625,75.0,150.0,time,5.75,11.5
hard_150_2r,2019-05-02,2019,Inner Validation,25.625,75.0,150.0,time,5.75,11.5
hard_200_1p5r,2019-05-02,2019,Inner Validation,25.625,100.0,200.0,time,5.75,11.5
hard_200_2r,2019-05-02,2019,Inner Validation,25.625,100.0,200.0,time,5.75,11.5
skip_if_original_stop_over_200,2019-05-02,2019,Inner Validation,25.625,25.625,51.25,target,50.25,100.5
hard_150_1r,2019-05-07,2019,Inner Validation,35.25,75.0,150.0,target,74.0,148.0
hard_150_2r,2019-05-07,2019,Inner Validation,35.25,75.0,150.0,time,31.25,62.5
hard_200_1p5r,2019-05-07,2019,Inner Validation,35.25,100.0,200.0,time,31.25,62.5
hard_200_2r,2019-05-07,2019,Inner Validation,35.25,100.0,200.0,time,31.25,62.5
skip_if_original_stop_over_200,2019-05-07,2019,Inner Validation,35.25,35.25,70.5,target,69.5,139.0
hard_150_1r,2019-05-08,2019,Inner Validation,30.5,75.0,150.0,time,-32.75,-65.5
hard_150_2r,2019-05-08,2019,Inner Validation,30.5,75.0,150.0,time,-32.75,-65.5
hard_200_1p5r,2019-05-08,2019,Inner Validation,30.5,100.0,200.0,time,-32.75,-65.5
hard_200_2r,2019-05-08,2019,Inner Validation,30.5,100.0,200.0,time,-32.75,-65.5
skip_if_original_stop_over_200,2019-05-08,2019,Inner Validation,30.5,30.5,61.0,stop,-31.5,-63.0
hard_150_1r,2019-05-10,2019,Inner Validation,43.125,75.0,150.0,stop,-76.0,-152.0
hard_150_2r,2019-05-10,2019,Inner Validation,43.125,75.0,150.0,stop,-76.0,-152.0
hard_200_1p5r,2019-05-10,2019,Inner Validation,43.125,100.0,200.0,stop,-101.0,-202.0
hard_200_2r,2019-05-10,2019,Inner Validation,43.125,100.0,200.0,stop,-101.0,-202.0
skip_if_original_stop_over_200,2019-05-10,2019,Inner Validation,43.125,43.125,86.25,stop,-44.125,-88.25
hard_150_1r,2019-05-16,2019,Inner Validation,49.0,75.0,150.0,time,-31.5,-63.0
hard_150_2r,2019-05-16,2019,Inner Validation,49.0,75.0,150.0,time,-31.5,-63.0
hard_200_1p5r,2019-05-16,2019,Inner Validation,49.0,100.0,200.0,time,-31.5,-63.0
hard_200_2r,2019-05-16,2019,Inner Validation,49.0,100.0,200.0,time,-31.5,-63.0
skip_if_original_stop_over_200,2019-05-16,2019,Inner Validation,49.0,49.0,98.0,time,-31.5,-63.0
hard_150_1r,2019-06-05,2019,Inner Validation,34.625,75.0,150.0,time,-56.5,-113.0
hard_150_2r,2019-06-05,2019,Inner Validation,34.625,75.0,150.0,time,-56.5,-113.0
hard_200_1p5r,2019-06-05,2019,Inner Validation,34.625,100.0,200.0,time,-56.5,-113.0
hard_200_2r,2019-06-05,2019,Inner Validation,34.625,100.0,200.0,time,-56.5,-113.0
skip_if_original_stop_over_200,2019-06-05,2019,Inner Validation,34.625,34.625,69.25,stop,-35.625,-71.25
hard_150_1r,2019-06-07,2019,Inner Validation,43.375,75.0,150.0,time,6.75,13.5
hard_150_2r,2019-06-07,2019,Inner Validation,43.375,75.0,150.0,time,6.75,13.5
hard_200_1p5r,2019-06-07,2019,Inner Validation,43.375,100.0,200.0,time,6.75,13.5
hard_200_2r,2019-06-07,2019,Inner Validation,43.375,100.0,200.0,time,6.75,13.5
skip_if_original_stop_over_200,2019-06-07,2019,Inner Validation,43.375,43.375,86.75,time,6.75,13.5
hard_150_1r,2019-06-12,2019,Inner Validation,19.875,75.0,150.0,time,-9.75,-19.5
hard_150_2r,2019-06-12,2019,Inner Validation,19.875,75.0,150.0,time,-9.75,-19.5
hard_200_1p5r,2019-06-12,2019,Inner Validation,19.875,100.0,200.0,time,-9.75,-19.5
hard_200_2r,2019-06-12,2019,Inner Validation,19.875,100.0,200.0,time,-9.75,-19.5
skip_if_original_stop_over_200,2019-06-12,2019,Inner Validation,19.875,19.875,39.75,stop,-20.875,-41.75
hard_150_1r,2019-06-25,2019,Inner Validation,26.0,75.0,150.0,target,74.0,148.0
hard_150_2r,2019-06-25,2019,Inner Validation,26.0,75.0,150.0,time,73.25,146.5
hard_200_1p5r,2019-06-25,2019,Inner Validation,26.0,100.0,200.0,time,73.25,146.5
hard_200_2r,2019-06-25,2019,Inner Validation,26.0,100.0,200.0,time,73.25,146.5
skip_if_original_stop_over_200,2019-06-25,2019,Inner Validation,26.0,26.0,52.0,target,51.0,102.0
hard_150_1r,2019-06-27,2019,Inner Validation,13.5,75.0,150.0,time,-17.75,-35.5
hard_150_2r,2019-06-27,2019,Inner Validation,13.5,75.0,150.0,time,-17.75,-35.5
hard_200_1p5r,2019-06-27,2019,Inner Validation,13.5,100.0,200.0,time,-17.75,-35.5
hard_200_2r,2019-06-27,2019,Inner Validation,13.5,100.0,200.0,time,-17.75,-35.5
skip_if_original_stop_over_200,2019-06-27,2019,Inner Validation,13.5,13.5,27.0,stop,-14.5,-29.0
hard_150_1r,2019-07-01,2019,Inner Validation,23.75,75.0,150.0,time,5.25,10.5
hard_150_2r,2019-07-01,2019,Inner Validation,23.75,75.0,150.0,time,5.25,10.5
hard_200_1p5r,2019-07-01,2019,Inner Validation,23.75,100.0,200.0,time,5.25,10.5
hard_200_2r,2019-07-01,2019,Inner Validation,23.75,100.0,200.0,time,5.25,10.5
skip_if_original_stop_over_200,2019-07-01,2019,Inner Validation,23.75,23.75,47.5,time,5.25,10.5
hard_150_1r,2019-07-02,2019,Inner Validation,10.75,75.0,150.0,time,12.0,24.0
hard_150_2r,2019-07-02,2019,Inner Validation,10.75,75.0,150.0,time,12.0,24.0
hard_200_1p5r,2019-07-02,2019,Inner Validation,10.75,100.0,200.0,time,12.0,24.0
hard_200_2r,2019-07-02,2019,Inner Validation,10.75,100.0,200.0,time,12.0,24.0
skip_if_original_stop_over_200,2019-07-02,2019,Inner Validation,10.75,10.75,21.5,stop,-11.75,-23.5
hard_150_1r,2019-07-11,2019,Inner Validation,12.0,75.0,150.0,time,3.0,6.0
hard_150_2r,2019-07-11,2019,Inner Validation,12.0,75.0,150.0,time,3.0,6.0
hard_200_1p5r,2019-07-11,2019,Inner Validation,12.0,100.0,200.0,time,3.0,6.0
hard_200_2r,2019-07-11,2019,Inner Validation,12.0,100.0,200.0,time,3.0,6.0
skip_if_original_stop_over_200,2019-07-11,2019,Inner Validation,12.0,12.0,24.0,stop,-13.0,-26.0
hard_150_1r,2019-07-16,2019,Inner Validation,10.0,75.0,150.0,time,15.5,31.0
hard_150_2r,2019-07-16,2019,Inner Validation,10.0,75.0,150.0,time,15.5,31.0
hard_200_1p5r,2019-07-16,2019,Inner Validation,10.0,100.0,200.0,time,15.5,31.0
hard_200_2r,2019-07-16,2019,Inner Validation,10.0,100.0,200.0,time,15.5,31.0
skip_if_original_stop_over_200,2019-07-16,2019,Inner Validation,10.0,10.0,20.0,target,19.0,38.0
hard_150_1r,2019-07-17,2019,Inner Validation,12.5,75.0,150.0,time,4.25,8.5
hard_150_2r,2019-07-17,2019,Inner Validation,12.5,75.0,150.0,time,4.25,8.5
hard_200_1p5r,2019-07-17,2019,Inner Validation,12.5,100.0,200.0,time,4.25,8.5
hard_200_2r,2019-07-17,2019,Inner Validation,12.5,100.0,200.0,time,4.25,8.5
skip_if_original_stop_over_200,2019-07-17,2019,Inner Validation,12.5,12.5,25.0,stop,-13.5,-27.0
hard_150_1r,2019-07-18,2019,Inner Validation,20.75,75.0,150.0,stop,-76.0,-152.0
hard_150_2r,2019-07-18,2019,Inner Validation,20.75,75.0,150.0,stop,-76.0,-152.0
hard_200_1p5r,2019-07-18,2019,Inner Validation,20.75,100.0,200.0,time,-53.5,-107.0
hard_200_2r,2019-07-18,2019,Inner Validation,20.75,100.0,200.0,time,-53.5,-107.0
skip_if_original_stop_over_200,2019-07-18,2019,Inner Validation,20.75,20.75,41.5,stop,-21.75,-43.5
hard_150_1r,2019-07-19,2019,Inner Validation,22.0,75.0,150.0,time,55.75,111.5
hard_150_2r,2019-07-19,2019,Inner Validation,22.0,75.0,150.0,time,55.75,111.5
hard_200_1p5r,2019-07-19,2019,Inner Validation,22.0,100.0,200.0,time,55.75,111.5
hard_200_2r,2019-07-19,2019,Inner Validation,22.0,100.0,200.0,time,55.75,111.5
skip_if_original_stop_over_200,2019-07-19,2019,Inner Validation,22.0,22.0,44.0,stop,-23.0,-46.0
hard_150_1r,2019-07-24,2019,Inner Validation,21.0,75.0,150.0,time,34.0,68.0
hard_150_2r,2019-07-24,2019,Inner Validation,21.0,75.0,150.0,time,34.0,68.0
hard_200_1p5r,2019-07-24,2019,Inner Validation,21.0,100.0,200.0,time,34.0,68.0
hard_200_2r,2019-07-24,2019,Inner Validation,21.0,100.0,200.0,time,34.0,68.0
skip_if_original_stop_over_200,2019-07-24,2019,Inner Validation,21.0,21.0,42.0,time,34.0,68.0
hard_150_1r,2019-08-02,2019,Inner Validation,38.5,75.0,150.0,time,-17.25,-34.5
hard_150_2r,2019-08-02,2019,Inner Validation,38.5,75.0,150.0,time,-17.25,-34.5
hard_200_1p5r,2019-08-02,2019,Inner Validation,38.5,100.0,200.0,time,-17.25,-34.5
hard_200_2r,2019-08-02,2019,Inner Validation,38.5,100.0,200.0,time,-17.25,-34.5
skip_if_original_stop_over_200,2019-08-02,2019,Inner Validation,38.5,38.5,77.0,stop,-39.5,-79.0
hard_150_1r,2019-08-07,2019,Inner Validation,54.875,75.0,150.0,time,31.0,62.0
hard_150_2r,2019-08-07,2019,Inner Validation,54.875,75.0,150.0,time,31.0,62.0
hard_200_1p5r,2019-08-07,2019,Inner Validation,54.875,100.0,200.0,time,31.0,62.0
hard_200_2r,2019-08-07,2019,Inner Validation,54.875,100.0,200.0,time,31.0,62.0
skip_if_original_stop_over_200,2019-08-07,2019,Inner Validation,54.875,54.875,109.75,stop,-55.875,-111.75
hard_150_1r,2019-08-09,2019,Inner Validation,39.0,75.0,150.0,time,-40.75,-81.5
hard_150_2r,2019-08-09,2019,Inner Validation,39.0,75.0,150.0,time,-40.75,-81.5
hard_200_1p5r,2019-08-09,2019,Inner Validation,39.0,100.0,200.0,time,-40.75,-81.5
hard_200_2r,2019-08-09,2019,Inner Validation,39.0,100.0,200.0,time,-40.75,-81.5
skip_if_original_stop_over_200,2019-08-09,2019,Inner Validation,39.0,39.0,78.0,stop,-40.0,-80.0
hard_150_1r,2019-08-20,2019,Inner Validation,20.5,75.0,150.0,time,-33.25,-66.5
hard_150_2r,2019-08-20,2019,Inner Validation,20.5,75.0,150.0,time,-33.25,-66.5
hard_200_1p5r,2019-08-20,2019,Inner Validation,20.5,100.0,200.0,time,-33.25,-66.5
hard_200_2r,2019-08-20,2019,Inner Validation,20.5,100.0,200.0,time,-33.25,-66.5
skip_if_original_stop_over_200,2019-08-20,2019,Inner Validation,20.5,20.5,41.0,stop,-21.5,-43.0
hard_150_1r,2019-08-22,2019,Inner Validation,35.0,75.0,150.0,time,-64.5,-129.0
hard_150_2r,2019-08-22,2019,Inner Validation,35.0,75.0,150.0,time,-64.5,-129.0
hard_200_1p5r,2019-08-22,2019,Inner Validation,35.0,100.0,200.0,time,-64.5,-129.0
hard_200_2r,2019-08-22,2019,Inner Validation,35.0,100.0,200.0,time,-64.5,-129.0
skip_if_original_stop_over_200,2019-08-22,2019,Inner Validation,35.0,35.0,70.0,stop,-36.0,-72.0
hard_150_1r,2019-08-23,2019,Inner Validation,34.75,75.0,150.0,stop,-76.0,-152.0
hard_150_2r,2019-08-23,2019,Inner Validation,34.75,75.0,150.0,stop,-76.0,-152.0
hard_200_1p5r,2019-08-23,2019,Inner Validation,34.75,100.0,200.0,stop,-101.0,-202.0
hard_200_2r,2019-08-23,2019,Inner Validation,34.75,100.0,200.0,stop,-101.0,-202.0
skip_if_original_stop_over_200,2019-08-23,2019,Inner Validation,34.75,34.75,69.5,stop,-35.75,-71.5
hard_150_1r,2019-08-28,2019,Inner Validation,33.75,75.0,150.0,time,14.0,28.0
hard_150_2r,2019-08-28,2019,Inner Validation,33.75,75.0,150.0,time,14.0,28.0
hard_200_1p5r,2019-08-28,2019,Inner Validation,33.75,100.0,200.0,time,14.0,28.0
hard_200_2r,2019-08-28,2019,Inner Validation,33.75,100.0,200.0,time,14.0,28.0
skip_if_original_stop_over_200,2019-08-28,2019,Inner Validation,33.75,33.75,67.5,time,14.0,28.0
hard_150_1r,2019-08-29,2019,Inner Validation,21.25,75.0,150.0,time,-32.0,-64.0
hard_150_2r,2019-08-29,2019,Inner Validation,21.25,75.0,150.0,time,-32.0,-64.0
hard_200_1p5r,2019-08-29,2019,Inner Validation,21.25,100.0,200.0,time,-32.0,-64.0
hard_200_2r,2019-08-29,2019,Inner Validation,21.25,100.0,200.0,time,-32.0,-64.0
skip_if_original_stop_over_200,2019-08-29,2019,Inner Validation,21.25,21.25,42.5,stop,-22.25,-44.5
hard_150_1r,2019-08-30,2019,Inner Validation,25.125,75.0,150.0,time,-1.5,-3.0
hard_150_2r,2019-08-30,2019,Inner Validation,25.125,75.0,150.0,time,-1.5,-3.0
hard_200_1p5r,2019-08-30,2019,Inner Validation,25.125,100.0,200.0,time,-1.5,-3.0
hard_200_2r,2019-08-30,2019,Inner Validation,25.125,100.0,200.0,time,-1.5,-3.0
skip_if_original_stop_over_200,2019-08-30,2019,Inner Validation,25.125,25.125,50.25,time,-1.5,-3.0
hard_150_1r,2019-09-24,2019,Inner Validation,23.125,75.0,150.0,target,74.0,148.0
hard_150_2r,2019-09-24,2019,Inner Validation,23.125,75.0,150.0,time,107.25,214.5
hard_200_1p5r,2019-09-24,2019,Inner Validation,23.125,100.0,200.0,time,107.25,214.5
hard_200_2r,2019-09-24,2019,Inner Validation,23.125,100.0,200.0,time,107.25,214.5
skip_if_original_stop_over_200,2019-09-24,2019,Inner Validation,23.125,23.125,46.25,target,45.25,90.5
hard_150_1r,2019-09-25,2019,Inner Validation,38.25,75.0,150.0,target,74.0,148.0
hard_150_2r,2019-09-25,2019,Inner Validation,38.25,75.0,150.0,time,90.25,180.5
hard_200_1p5r,2019-09-25,2019,Inner Validation,38.25,100.0,200.0,time,90.25,180.5
hard_200_2r,2019-09-25,2019,Inner Validation,38.25,100.0,200.0,time,90.25,180.5
skip_if_original_stop_over_200,2019-09-25,2019,Inner Validation,38.25,38.25,76.5,target,75.5,151.0
hard_150_1r,2019-09-26,2019,Inner Validation,27.875,75.0,150.0,time,-36.0,-72.0
hard_150_2r,2019-09-26,2019,Inner Validation,27.875,75.0,150.0,time,-36.0,-72.0
hard_200_1p5r,2019-09-26,2019,Inner Validation,27.875,100.0,200.0,time,-36.0,-72.0
hard_200_2r,2019-09-26,2019,Inner Validation,27.875,100.0,200.0,time,-36.0,-72.0
skip_if_original_stop_over_200,2019-09-26,2019,Inner Validation,27.875,27.875,55.75,stop,-28.875,-57.75
hard_150_1r,2019-09-30,2019,Inner Validation,20.75,75.0,150.0,time,3.5,7.0
hard_150_2r,2019-09-30,2019,Inner Validation,20.75,75.0,150.0,time,3.5,7.0
hard_200_1p5r,2019-09-30,2019,Inner Validation,20.75,100.0,200.0,time,3.5,7.0
hard_200_2r,2019-09-30,2019,Inner Validation,20.75,100.0,200.0,time,3.5,7.0
skip_if_original_stop_over_200,2019-09-30,2019,Inner Validation,20.75,20.75,41.5,time,3.5,7.0
hard_150_1r,2019-10-02,2019,Inner Validation,35.5,75.0,150.0,time,7.25,14.5
hard_150_2r,2019-10-02,2019,Inner Validation,35.5,75.0,150.0,time,7.25,14.5
hard_200_1p5r,2019-10-02,2019,Inner Validation,35.5,100.0,200.0,time,7.25,14.5
hard_200_2r,2019-10-02,2019,Inner Validation,35.5,100.0,200.0,time,7.25,14.5
skip_if_original_stop_over_200,2019-10-02,2019,Inner Validation,35.5,35.5,71.0,time,7.25,14.5
hard_150_1r,2019-10-03,2019,Inner Validation,55.375,75.0,150.0,time,34.25,68.5
hard_150_2r,2019-10-03,2019,Inner Validation,55.375,75.0,150.0,time,34.25,68.5
hard_200_1p5r,2019-10-03,2019,Inner Validation,55.375,100.0,200.0,time,34.25,68.5
hard_200_2r,2019-10-03,2019,Inner Validation,55.375,100.0,200.0,time,34.25,68.5
skip_if_original_stop_over_200,2019-10-03,2019,Inner Validation,55.375,55.375,110.75,time,34.25,68.5
hard_150_1r,2019-10-15,2019,Inner Validation,28.125,75.0,150.0,time,22.25,44.5
hard_150_2r,2019-10-15,2019,Inner Validation,28.125,75.0,150.0,time,22.25,44.5
hard_200_1p5r,2019-10-15,2019,Inner Validation,28.125,100.0,200.0,time,22.25,44.5
hard_200_2r,2019-10-15,2019,Inner Validation,28.125,100.0,200.0,time,22.25,44.5
skip_if_original_stop_over_200,2019-10-15,2019,Inner Validation,28.125,28.125,56.25,time,22.25,44.5
hard_150_1r,2019-10-17,2019,Inner Validation,16.875,75.0,150.0,time,-2.0,-4.0
hard_150_2r,2019-10-17,2019,Inner Validation,16.875,75.0,150.0,time,-2.0,-4.0
hard_200_1p5r,2019-10-17,2019,Inner Validation,16.875,100.0,200.0,time,-2.0,-4.0
hard_200_2r,2019-10-17,2019,Inner Validation,16.875,100.0,200.0,time,-2.0,-4.0
skip_if_original_stop_over_200,2019-10-17,2019,Inner Validation,16.875,16.875,33.75,target,32.75,65.5
hard_150_1r,2019-10-18,2019,Inner Validation,18.375,75.0,150.0,target,74.0,148.0
hard_150_2r,2019-10-18,2019,Inner Validation,18.375,75.0,150.0,time,18.75,37.5
hard_200_1p5r,2019-10-18,2019,Inner Validation,18.375,100.0,200.0,time,18.75,37.5
hard_200_2r,2019-10-18,2019,Inner Validation,18.375,100.0,200.0,time,18.75,37.5
skip_if_original_stop_over_200,2019-10-18,2019,Inner Validation,18.375,18.375,36.75,target,35.75,71.5
hard_150_1r,2019-10-23,2019,Inner Validation,17.25,75.0,150.0,time,-0.75,-1.5
hard_150_2r,2019-10-23,2019,Inner Validation,17.25,75.0,150.0,time,-0.75,-1.5
hard_200_1p5r,2019-10-23,2019,Inner Validation,17.25,100.0,200.0,time,-0.75,-1.5
hard_200_2r,2019-10-23,2019,Inner Validation,17.25,100.0,200.0,time,-0.75,-1.5
skip_if_original_stop_over_200,2019-10-23,2019,Inner Validation,17.25,17.25,34.5,stop,-18.25,-36.5
hard_150_1r,2019-10-25,2019,Inner Validation,33.625,75.0,150.0,time,26.25,52.5
hard_150_2r,2019-10-25,2019,Inner Validation,33.625,75.0,150.0,time,26.25,52.5
hard_200_1p5r,2019-10-25,2019,Inner Validation,33.625,100.0,200.0,time,26.25,52.5
hard_200_2r,2019-10-25,2019,Inner Validation,33.625,100.0,200.0,time,26.25,52.5
skip_if_original_stop_over_200,2019-10-25,2019,Inner Validation,33.625,33.625,67.25,time,26.25,52.5
hard_150_1r,2019-10-31,2019,Inner Validation,30.375,75.0,150.0,time,-23.25,-46.5
hard_150_2r,2019-10-31,2019,Inner Validation,30.375,75.0,150.0,time,-23.25,-46.5
hard_200_1p5r,2019-10-31,2019,Inner Validation,30.375,100.0,200.0,time,-23.25,-46.5
hard_200_2r,2019-10-31,2019,Inner Validation,30.375,100.0,200.0,time,-23.25,-46.5
skip_if_original_stop_over_200,2019-10-31,2019,Inner Validation,30.375,30.375,60.75,stop,-31.375,-62.75
hard_150_1r,2019-11-13,2019,Inner Validation,15.75,75.0,150.0,time,-10.75,-21.5
hard_150_2r,2019-11-13,2019,Inner Validation,15.75,75.0,150.0,time,-10.75,-21.5
hard_200_1p5r,2019-11-13,2019,Inner Validation,15.75,100.0,200.0,time,-10.75,-21.5
hard_200_2r,2019-11-13,2019,Inner Validation,15.75,100.0,200.0,time,-10.75,-21.5
skip_if_original_stop_over_200,2019-11-13,2019,Inner Validation,15.75,15.75,31.5,stop,-16.75,-33.5
hard_150_1r,2019-11-14,2019,Inner Validation,13.25,75.0,150.0,time,-32.25,-64.5
hard_150_2r,2019-11-14,2019,Inner Validation,13.25,75.0,150.0,time,-32.25,-64.5
hard_200_1p5r,2019-11-14,2019,Inner Validation,13.25,100.0,200.0,time,-32.25,-64.5
hard_200_2r,2019-11-14,2019,Inner Validation,13.25,100.0,200.0,time,-32.25,-64.5
skip_if_original_stop_over_200,2019-11-14,2019,Inner Validation,13.25,13.25,26.5,stop,-14.25,-28.5
hard_150_1r,2019-11-19,2019,Inner Validation,17.0,75.0,150.0,time,-20.75,-41.5
hard_150_2r,2019-11-19,2019,Inner Validation,17.0,75.0,150.0,time,-20.75,-41.5
hard_200_1p5r,2019-11-19,2019,Inner Validation,17.0,100.0,200.0,time,-20.75,-41.5
hard_200_2r,2019-11-19,2019,Inner Validation,17.0,100.0,200.0,time,-20.75,-41.5
skip_if_original_stop_over_200,2019-11-19,2019,Inner Validation,17.0,17.0,34.0,stop,-18.0,-36.0
hard_150_1r,2019-11-21,2019,Inner Validation,16.75,75.0,150.0,time,-14.25,-28.5
hard_150_2r,2019-11-21,2019,Inner Validation,16.75,75.0,150.0,time,-14.25,-28.5
hard_200_1p5r,2019-11-21,2019,Inner Validation,16.75,100.0,200.0,time,-14.25,-28.5
hard_200_2r,2019-11-21,2019,Inner Validation,16.75,100.0,200.0,time,-14.25,-28.5
skip_if_original_stop_over_200,2019-11-21,2019,Inner Validation,16.75,16.75,33.5,stop,-17.75,-35.5
hard_150_1r,2019-11-22,2019,Inner Validation,18.875,75.0,150.0,time,-21.0,-42.0
hard_150_2r,2019-11-22,2019,Inner Validation,18.875,75.0,150.0,time,-21.0,-42.0
hard_200_1p5r,2019-11-22,2019,Inner Validation,18.875,100.0,200.0,time,-21.0,-42.0
hard_200_2r,2019-11-22,2019,Inner Validation,18.875,100.0,200.0,time,-21.0,-42.0
skip_if_original_stop_over_200,2019-11-22,2019,Inner Validation,18.875,18.875,37.75,stop,-19.875,-39.75
hard_150_1r,2019-11-25,2019,Inner Validation,24.5,75.0,150.0,time,8.0,16.0
hard_150_2r,2019-11-25,2019,Inner Validation,24.5,75.0,150.0,time,8.0,16.0
hard_200_1p5r,2019-11-25,2019,Inner Validation,24.5,100.0,200.0,time,8.0,16.0
hard_200_2r,2019-11-25,2019,Inner Validation,24.5,100.0,200.0,time,8.0,16.0
skip_if_original_stop_over_200,2019-11-25,2019,Inner Validation,24.5,24.5,49.0,time,8.0,16.0
hard_150_1r,2019-12-02,2019,Inner Validation,57.125,75.0,150.0,time,-25.25,-50.5
hard_150_2r,2019-12-02,2019,Inner Validation,57.125,75.0,150.0,time,-25.25,-50.5
hard_200_1p5r,2019-12-02,2019,Inner Validation,57.125,100.0,200.0,time,-25.25,-50.5
hard_200_2r,2019-12-02,2019,Inner Validation,57.125,100.0,200.0,time,-25.25,-50.5
skip_if_original_stop_over_200,2019-12-02,2019,Inner Validation,57.125,57.125,114.25,time,-25.25,-50.5
hard_150_1r,2019-12-18,2019,Inner Validation,10.75,75.0,150.0,time,-18.0,-36.0
hard_150_2r,2019-12-18,2019,Inner Validation,10.75,75.0,150.0,time,-18.0,-36.0
hard_200_1p5r,2019-12-18,2019,Inner Validation,10.75,100.0,200.0,time,-18.0,-36.0
hard_200_2r,2019-12-18,2019,Inner Validation,10.75,100.0,200.0,time,-18.0,-36.0
skip_if_original_stop_over_200,2019-12-18,2019,Inner Validation,10.75,10.75,21.5,stop,-11.75,-23.5
hard_150_1r,2020-01-16,2020,Inner Validation,15.75,75.0,150.0,time,-49.75,-99.5
hard_150_2r,2020-01-16,2020,Inner Validation,15.75,75.0,150.0,time,-49.75,-99.5
hard_200_1p5r,2020-01-16,2020,Inner Validation,15.75,100.0,200.0,time,-49.75,-99.5
hard_200_2r,2020-01-16,2020,Inner Validation,15.75,100.0,200.0,time,-49.75,-99.5
skip_if_original_stop_over_200,2020-01-16,2020,Inner Validation,15.75,15.75,31.5,stop,-16.75,-33.5
hard_150_1r,2020-01-17,2020,Inner Validation,20.0,75.0,150.0,time,-53.25,-106.5
hard_150_2r,2020-01-17,2020,Inner Validation,20.0,75.0,150.0,time,-53.25,-106.5
hard_200_1p5r,2020-01-17,2020,Inner Validation,20.0,100.0,200.0,time,-53.25,-106.5
hard_200_2r,2020-01-17,2020,Inner Validation,20.0,100.0,200.0,time,-53.25,-106.5
skip_if_original_stop_over_200,2020-01-17,2020,Inner Validation,20.0,20.0,40.0,stop,-21.0,-42.0
hard_150_1r,2020-01-24,2020,Inner Validation,25.375,75.0,150.0,target,74.0,148.0
hard_150_2r,2020-01-24,2020,Inner Validation,25.375,75.0,150.0,time,64.25,128.5
hard_200_1p5r,2020-01-24,2020,Inner Validation,25.375,100.0,200.0,time,64.25,128.5
hard_200_2r,2020-01-24,2020,Inner Validation,25.375,100.0,200.0,time,64.25,128.5
skip_if_original_stop_over_200,2020-01-24,2020,Inner Validation,25.375,25.375,50.75,target,49.75,99.5
hard_150_1r,2020-01-30,2020,Inner Validation,35.125,75.0,150.0,stop,-76.0,-152.0
hard_150_2r,2020-01-30,2020,Inner Validation,35.125,75.0,150.0,stop,-76.0,-152.0
hard_200_1p5r,2020-01-30,2020,Inner Validation,35.125,100.0,200.0,stop,-101.0,-202.0
hard_200_2r,2020-01-30,2020,Inner Validation,35.125,100.0,200.0,stop,-101.0,-202.0
skip_if_original_stop_over_200,2020-01-30,2020,Inner Validation,35.125,35.125,70.25,stop,-36.125,-72.25
hard_150_1r,2020-02-05,2020,Inner Validation,57.375,75.0,150.0,time,-38.25,-76.5
hard_150_2r,2020-02-05,2020,Inner Validation,57.375,75.0,150.0,time,-38.25,-76.5
hard_200_1p5r,2020-02-05,2020,Inner Validation,57.375,100.0,200.0,time,-38.25,-76.5
hard_200_2r,2020-02-05,2020,Inner Validation,57.375,100.0,200.0,time,-38.25,-76.5
skip_if_original_stop_over_200,2020-02-05,2020,Inner Validation,57.375,57.375,114.75,stop,-58.375,-116.75
hard_150_1r,2020-02-20,2020,Inner Validation,20.0,75.0,150.0,target,74.0,148.0
hard_150_2r,2020-02-20,2020,Inner Validation,20.0,75.0,150.0,time,24.0,48.0
hard_200_1p5r,2020-02-20,2020,Inner Validation,20.0,100.0,200.0,time,24.0,48.0
hard_200_2r,2020-02-20,2020,Inner Validation,20.0,100.0,200.0,time,24.0,48.0
skip_if_original_stop_over_200,2020-02-20,2020,Inner Validation,20.0,20.0,40.0,target,39.0,78.0
hard_150_1r,2020-02-25,2020,Inner Validation,76.125,75.0,150.0,target,74.0,148.0
hard_150_2r,2020-02-25,2020,Inner Validation,76.125,75.0,150.0,target,149.0,298.0
hard_200_1p5r,2020-02-25,2020,Inner Validation,76.125,100.0,200.0,target,149.0,298.0
hard_200_2r,2020-02-25,2020,Inner Validation,76.125,100.0,200.0,target,199.0,398.0
skip_if_original_stop_over_200,2020-02-25,2020,Inner Validation,76.125,76.125,152.25,target,151.25,302.5
hard_150_1r,2020-02-27,2020,Inner Validation,76.125,75.0,150.0,stop,-76.0,-152.0
hard_150_2r,2020-02-27,2020,Inner Validation,76.125,75.0,150.0,stop,-76.0,-152.0
hard_200_1p5r,2020-02-27,2020,Inner Validation,76.125,100.0,200.0,stop,-101.0,-202.0
hard_200_2r,2020-02-27,2020,Inner Validation,76.125,100.0,200.0,stop,-101.0,-202.0
skip_if_original_stop_over_200,2020-02-27,2020,Inner Validation,76.125,76.125,152.25,stop,-77.125,-154.25
hard_150_1r,2020-03-02,2020,Inner Validation,76.5,75.0,150.0,target,74.0,148.0
hard_150_2r,2020-03-02,2020,Inner Validation,76.5,75.0,150.0,target,149.0,298.0
hard_200_1p5r,2020-03-02,2020,Inner Validation,76.5,100.0,200.0,target,149.0,298.0
hard_200_2r,2020-03-02,2020,Inner Validation,76.5,100.0,200.0,target,199.0,398.0
skip_if_original_stop_over_200,2020-03-02,2020,Inner Validation,76.5,76.5,153.0,target,152.0,304.0
hard_150_1r,2020-03-10,2020,Inner Validation,59.5,75.0,150.0,target,74.0,148.0
hard_150_2r,2020-03-10,2020,Inner Validation,59.5,75.0,150.0,target,149.0,298.0
hard_200_1p5r,2020-03-10,2020,Inner Validation,59.5,100.0,200.0,target,149.0,298.0
hard_200_2r,2020-03-10,2020,Inner Validation,59.5,100.0,200.0,stop,-101.0,-202.0
skip_if_original_stop_over_200,2020-03-10,2020,Inner Validation,59.5,59.5,119.0,target,118.0,236.0
hard_150_1r,2020-03-17,2020,Inner Validation,151.5,75.0,150.0,target,74.0,148.0
hard_150_2r,2020-03-17,2020,Inner Validation,151.5,75.0,150.0,target,149.0,298.0
hard_200_1p5r,2020-03-17,2020,Inner Validation,151.5,100.0,200.0,target,149.0,298.0
hard_200_2r,2020-03-17,2020,Inner Validation,151.5,100.0,200.0,target,199.0,398.0
hard_150_1r,2020-03-30,2020,Inner Validation,67.5,75.0,150.0,target,74.0,148.0
hard_150_2r,2020-03-30,2020,Inner Validation,67.5,75.0,150.0,time,94.5,189.0
hard_200_1p5r,2020-03-30,2020,Inner Validation,67.5,100.0,200.0,time,94.5,189.0
hard_200_2r,2020-03-30,2020,Inner Validation,67.5,100.0,200.0,time,94.5,189.0
skip_if_original_stop_over_200,2020-03-30,2020,Inner Validation,67.5,67.5,135.0,time,94.5,189.0
hard_150_1r,2020-04-02,2020,Inner Validation,59.875,75.0,150.0,stop,-76.0,-152.0
hard_150_2r,2020-04-02,2020,Inner Validation,59.875,75.0,150.0,stop,-76.0,-152.0
hard_200_1p5r,2020-04-02,2020,Inner Validation,59.875,100.0,200.0,stop,-101.0,-202.0
hard_200_2r,2020-04-02,2020,Inner Validation,59.875,100.0,200.0,stop,-101.0,-202.0
skip_if_original_stop_over_200,2020-04-02,2020,Inner Validation,59.875,59.875,119.75,stop,-60.875,-121.75
hard_150_1r,2020-04-28,2020,Inner Validation,77.375,75.0,150.0,target,74.0,148.0
hard_150_2r,2020-04-28,2020,Inner Validation,77.375,75.0,150.0,time,82.0,164.0
hard_200_1p5r,2020-04-28,2020,Inner Validation,77.375,100.0,200.0,time,82.0,164.0
hard_200_2r,2020-04-28,2020,Inner Validation,77.375,100.0,200.0,time,82.0,164.0
skip_if_original_stop_over_200,2020-04-28,2020,Inner Validation,77.375,77.375,154.75,time,82.0,164.0
hard_150_1r,2020-05-06,2020,Inner Validation,46.75,75.0,150.0,stop,-76.0,-152.0
hard_150_2r,2020-05-06,2020,Inner Validation,46.75,75.0,150.0,stop,-76.0,-152.0
hard_200_1p5r,2020-05-06,2020,Inner Validation,46.75,100.0,200.0,time,-50.25,-100.5
hard_200_2r,2020-05-06,2020,Inner Validation,46.75,100.0,200.0,time,-50.25,-100.5
skip_if_original_stop_over_200,2020-05-06,2020,Inner Validation,46.75,46.75,93.5,stop,-47.75,-95.5
hard_150_1r,2020-05-13,2020,Inner Validation,70.375,75.0,150.0,stop,-76.0,-152.0
hard_150_2r,2020-05-13,2020,Inner Validation,70.375,75.0,150.0,stop,-76.0,-152.0
hard_200_1p5r,2020-05-13,2020,Inner Validation,70.375,100.0,200.0,stop,-101.0,-202.0
hard_200_2r,2020-05-13,2020,Inner Validation,70.375,100.0,200.0,stop,-101.0,-202.0
skip_if_original_stop_over_200,2020-05-13,2020,Inner Validation,70.375,70.375,140.75,stop,-71.375,-142.75
hard_150_1r,2020-05-21,2020,Inner Validation,40.125,75.0,150.0,time,43.25,86.5
hard_150_2r,2020-05-21,2020,Inner Validation,40.125,75.0,150.0,time,43.25,86.5
hard_200_1p5r,2020-05-21,2020,Inner Validation,40.125,100.0,200.0,time,43.25,86.5
hard_200_2r,2020-05-21,2020,Inner Validation,40.125,100.0,200.0,time,43.25,86.5
skip_if_original_stop_over_200,2020-05-21,2020,Inner Validation,40.125,40.125,80.25,time,43.25,86.5
hard_150_1r,2020-05-29,2020,Inner Validation,51.375,75.0,150.0,stop,-76.0,-152.0
hard_150_2r,2020-05-29,2020,Inner Validation,51.375,75.0,150.0,stop,-76.0,-152.0
hard_200_1p5r,2020-05-29,2020,Inner Validation,51.375,100.0,200.0,stop,-101.0,-202.0
hard_200_2r,2020-05-29,2020,Inner Validation,51.375,100.0,200.0,stop,-101.0,-202.0
skip_if_original_stop_over_200,2020-05-29,2020,Inner Validation,51.375,51.375,102.75,stop,-52.375,-104.75
hard_150_1r,2020-06-02,2020,Inner Validation,26.625,75.0,150.0,stop,-76.0,-152.0
hard_150_2r,2020-06-02,2020,Inner Validation,26.625,75.0,150.0,stop,-76.0,-152.0
hard_200_1p5r,2020-06-02,2020,Inner Validation,26.625,100.0,200.0,stop,-101.0,-202.0
hard_200_2r,2020-06-02,2020,Inner Validation,26.625,100.0,200.0,stop,-101.0,-202.0
skip_if_original_stop_over_200,2020-06-02,2020,Inner Validation,26.625,26.625,53.25,stop,-27.625,-55.25
hard_150_1r,2020-06-04,2020,Inner Validation,36.375,75.0,150.0,target,74.0,148.0
hard_150_2r,2020-06-04,2020,Inner Validation,36.375,75.0,150.0,time,55.75,111.5
hard_200_1p5r,2020-06-04,2020,Inner Validation,36.375,100.0,200.0,time,55.75,111.5
hard_200_2r,2020-06-04,2020,Inner Validation,36.375,100.0,200.0,time,55.75,111.5
skip_if_original_stop_over_200,2020-06-04,2020,Inner Validation,36.375,36.375,72.75,target,71.75,143.5
hard_150_1r,2020-06-12,2020,Inner Validation,47.625,75.0,150.0,target,74.0,148.0
hard_150_2r,2020-06-12,2020,Inner Validation,47.625,75.0,150.0,target,149.0,298.0
hard_200_1p5r,2020-06-12,2020,Inner Validation,47.625,100.0,200.0,target,149.0,298.0
hard_200_2r,2020-06-12,2020,Inner Validation,47.625,100.0,200.0,target,199.0,398.0
skip_if_original_stop_over_200,2020-06-12,2020,Inner Validation,47.625,47.625,95.25,target,94.25,188.5
hard_150_1r,2020-06-16,2020,Inner Validation,30.625,75.0,150.0,target,74.0,148.0
hard_150_2r,2020-06-16,2020,Inner Validation,30.625,75.0,150.0,time,23.5,47.0
hard_200_1p5r,2020-06-16,2020,Inner Validation,30.625,100.0,200.0,time,23.5,47.0
hard_200_2r,2020-06-16,2020,Inner Validation,30.625,100.0,200.0,time,23.5,47.0
skip_if_original_stop_over_200,2020-06-16,2020,Inner Validation,30.625,30.625,61.25,target,60.25,120.5
hard_150_1r,2020-06-24,2020,Inner Validation,75.125,75.0,150.0,target,74.0,148.0
hard_150_2r,2020-06-24,2020,Inner Validation,75.125,75.0,150.0,time,86.75,173.5
hard_200_1p5r,2020-06-24,2020,Inner Validation,75.125,100.0,200.0,time,86.75,173.5
hard_200_2r,2020-06-24,2020,Inner Validation,75.125,100.0,200.0,time,86.75,173.5
skip_if_original_stop_over_200,2020-06-24,2020,Inner Validation,75.125,75.125,150.25,time,86.75,173.5
hard_150_1r,2020-06-26,2020,Inner Validation,93.375,75.0,150.0,stop,-76.0,-152.0
hard_150_2r,2020-06-26,2020,Inner Validation,93.375,75.0,150.0,stop,-76.0,-152.0
hard_200_1p5r,2020-06-26,2020,Inner Validation,93.375,100.0,200.0,time,60.25,120.5
hard_200_2r,2020-06-26,2020,Inner Validation,93.375,100.0,200.0,time,60.25,120.5
skip_if_original_stop_over_200,2020-06-26,2020,Inner Validation,93.375,93.375,186.75,time,60.25,120.5
hard_150_1r,2020-06-29,2020,Inner Validation,63.5,75.0,150.0,time,52.0,104.0
hard_150_2r,2020-06-29,2020,Inner Validation,63.5,75.0,150.0,time,52.0,104.0
hard_200_1p5r,2020-06-29,2020,Inner Validation,63.5,100.0,200.0,time,52.0,104.0
hard_200_2r,2020-06-29,2020,Inner Validation,63.5,100.0,200.0,time,52.0,104.0
skip_if_original_stop_over_200,2020-06-29,2020,Inner Validation,63.5,63.5,127.0,time,52.0,104.0
hard_150_1r,2020-07-02,2020,Inner Validation,30.375,75.0,150.0,time,23.75,47.5
hard_150_2r,2020-07-02,2020,Inner Validation,30.375,75.0,150.0,time,23.75,47.5
hard_200_1p5r,2020-07-02,2020,Inner Validation,30.375,100.0,200.0,time,23.75,47.5
hard_200_2r,2020-07-02,2020,Inner Validation,30.375,100.0,200.0,time,23.75,47.5
skip_if_original_stop_over_200,2020-07-02,2020,Inner Validation,30.375,30.375,60.75,stop,-31.375,-62.75
hard_150_1r,2020-07-08,2020,Inner Validation,37.0,75.0,150.0,stop,-76.0,-152.0
hard_150_2r,2020-07-08,2020,Inner Validation,37.0,75.0,150.0,stop,-76.0,-152.0
hard_200_1p5r,2020-07-08,2020,Inner Validation,37.0,100.0,200.0,stop,-101.0,-202.0
hard_200_2r,2020-07-08,2020,Inner Validation,37.0,100.0,200.0,stop,-101.0,-202.0
skip_if_original_stop_over_200,2020-07-08,2020,Inner Validation,37.0,37.0,74.0,stop,-38.0,-76.0
hard_150_1r,2020-07-09,2020,Inner Validation,34.5,75.0,150.0,target,74.0,148.0
hard_150_2r,2020-07-09,2020,Inner Validation,34.5,75.0,150.0,stop,-76.0,-152.0
hard_200_1p5r,2020-07-09,2020,Inner Validation,34.5,100.0,200.0,stop,-101.0,-202.0
hard_200_2r,2020-07-09,2020,Inner Validation,34.5,100.0,200.0,stop,-101.0,-202.0
skip_if_original_stop_over_200,2020-07-09,2020,Inner Validation,34.5,34.5,69.0,target,68.0,136.0
hard_150_1r,2020-07-15,2020,Inner Validation,44.625,75.0,150.0,target,74.0,148.0
hard_150_2r,2020-07-15,2020,Inner Validation,44.625,75.0,150.0,time,-18.75,-37.5
hard_200_1p5r,2020-07-15,2020,Inner Validation,44.625,100.0,200.0,time,-18.75,-37.5
hard_200_2r,2020-07-15,2020,Inner Validation,44.625,100.0,200.0,time,-18.75,-37.5
skip_if_original_stop_over_200,2020-07-15,2020,Inner Validation,44.625,44.625,89.25,target,88.25,176.5
hard_150_1r,2020-07-16,2020,Inner Validation,47.25,75.0,150.0,stop,-76.0,-152.0
hard_150_2r,2020-07-16,2020,Inner Validation,47.25,75.0,150.0,stop,-76.0,-152.0
hard_200_1p5r,2020-07-16,2020,Inner Validation,47.25,100.0,200.0,stop,-101.0,-202.0
hard_200_2r,2020-07-16,2020,Inner Validation,47.25,100.0,200.0,stop,-101.0,-202.0
skip_if_original_stop_over_200,2020-07-16,2020,Inner Validation,47.25,47.25,94.5,stop,-48.25,-96.5
hard_150_1r,2020-07-22,2020,Inner Validation,38.875,75.0,150.0,time,-55.5,-111.0
hard_150_2r,2020-07-22,2020,Inner Validation,38.875,75.0,150.0,time,-55.5,-111.0
hard_200_1p5r,2020-07-22,2020,Inner Validation,38.875,100.0,200.0,time,-55.5,-111.0
hard_200_2r,2020-07-22,2020,Inner Validation,38.875,100.0,200.0,time,-55.5,-111.0
skip_if_original_stop_over_200,2020-07-22,2020,Inner Validation,38.875,38.875,77.75,stop,-39.875,-79.75
hard_150_1r,2020-08-07,2020,Inner Validation,22.875,75.0,150.0,stop,-76.0,-152.0
hard_150_2r,2020-08-07,2020,Inner Validation,22.875,75.0,150.0,stop,-76.0,-152.0
hard_200_1p5r,2020-08-07,2020,Inner Validation,22.875,100.0,200.0,stop,-101.0,-202.0
hard_200_2r,2020-08-07,2020,Inner Validation,22.875,100.0,200.0,stop,-101.0,-202.0
skip_if_original_stop_over_200,2020-08-07,2020,Inner Validation,22.875,22.875,45.75,stop,-23.875,-47.75
hard_150_1r,2020-08-24,2020,Inner Validation,65.625,75.0,150.0,time,-22.0,-44.0
hard_150_2r,2020-08-24,2020,Inner Validation,65.625,75.0,150.0,time,-22.0,-44.0
hard_200_1p5r,2020-08-24,2020,Inner Validation,65.625,100.0,200.0,time,-22.0,-44.0
hard_200_2r,2020-08-24,2020,Inner Validation,65.625,100.0,200.0,time,-22.0,-44.0
skip_if_original_stop_over_200,2020-08-24,2020,Inner Validation,65.625,65.625,131.25,time,-22.0,-44.0
hard_150_1r,2020-09-03,2020,Inner Validation,105.25,75.0,150.0,target,74.0,148.0
hard_150_2r,2020-09-03,2020,Inner Validation,105.25,75.0,150.0,target,149.0,298.0
hard_200_1p5r,2020-09-03,2020,Inner Validation,105.25,100.0,200.0,target,149.0,298.0
hard_200_2r,2020-09-03,2020,Inner Validation,105.25,100.0,200.0,target,199.0,398.0
hard_150_1r,2020-09-10,2020,Inner Validation,55.125,75.0,150.0,target,74.0,148.0
hard_150_2r,2020-09-10,2020,Inner Validation,55.125,75.0,150.0,target,149.0,298.0
hard_200_1p5r,2020-09-10,2020,Inner Validation,55.125,100.0,200.0,target,149.0,298.0
hard_200_2r,2020-09-10,2020,Inner Validation,55.125,100.0,200.0,target,199.0,398.0
skip_if_original_stop_over_200,2020-09-10,2020,Inner Validation,55.125,55.125,110.25,target,109.25,218.5
hard_150_1r,2020-09-15,2020,Inner Validation,38.625,75.0,150.0,stop,-76.0,-152.0
hard_150_2r,2020-09-15,2020,Inner Validation,38.625,75.0,150.0,stop,-76.0,-152.0
hard_200_1p5r,2020-09-15,2020,Inner Validation,38.625,100.0,200.0,stop,-101.0,-202.0
hard_200_2r,2020-09-15,2020,Inner Validation,38.625,100.0,200.0,stop,-101.0,-202.0
skip_if_original_stop_over_200,2020-09-15,2020,Inner Validation,38.625,38.625,77.25,stop,-39.625,-79.25
hard_150_1r,2020-09-16,2020,Inner Validation,46.125,75.0,150.0,target,74.0,148.0
hard_150_2r,2020-09-16,2020,Inner Validation,46.125,75.0,150.0,time,125.25,250.5
hard_200_1p5r,2020-09-16,2020,Inner Validation,46.125,100.0,200.0,time,125.25,250.5
hard_200_2r,2020-09-16,2020,Inner Validation,46.125,100.0,200.0,time,125.25,250.5
skip_if_original_stop_over_200,2020-09-16,2020,Inner Validation,46.125,46.125,92.25,stop,-47.125,-94.25
hard_150_1r,2020-09-18,2020,Inner Validation,58.375,75.0,150.0,target,74.0,148.0
hard_150_2r,2020-09-18,2020,Inner Validation,58.375,75.0,150.0,target,149.0,298.0
hard_200_1p5r,2020-09-18,2020,Inner Validation,58.375,100.0,200.0,target,149.0,298.0
hard_200_2r,2020-09-18,2020,Inner Validation,58.375,100.0,200.0,target,199.0,398.0
skip_if_original_stop_over_200,2020-09-18,2020,Inner Validation,58.375,58.375,116.75,target,115.75,231.5
hard_150_1r,2020-09-22,2020,Inner Validation,62.125,75.0,150.0,stop,-76.0,-152.0
hard_150_2r,2020-09-22,2020,Inner Validation,62.125,75.0,150.0,stop,-76.0,-152.0
hard_200_1p5r,2020-09-22,2020,Inner Validation,62.125,100.0,200.0,stop,-101.0,-202.0
hard_200_2r,2020-09-22,2020,Inner Validation,62.125,100.0,200.0,stop,-101.0,-202.0
skip_if_original_stop_over_200,2020-09-22,2020,Inner Validation,62.125,62.125,124.25,stop,-63.125,-126.25
hard_150_1r,2020-09-29,2020,Inner Validation,28.5,75.0,150.0,time,-5.25,-10.5
hard_150_2r,2020-09-29,2020,Inner Validation,28.5,75.0,150.0,time,-5.25,-10.5
hard_200_1p5r,2020-09-29,2020,Inner Validation,28.5,100.0,200.0,time,-5.25,-10.5
hard_200_2r,2020-09-29,2020,Inner Validation,28.5,100.0,200.0,time,-5.25,-10.5
skip_if_original_stop_over_200,2020-09-29,2020,Inner Validation,28.5,28.5,57.0,stop,-29.5,-59.0
hard_150_1r,2020-10-05,2020,Inner Validation,47.5,75.0,150.0,time,65.0,130.0
hard_150_2r,2020-10-05,2020,Inner Validation,47.5,75.0,150.0,time,65.0,130.0
hard_200_1p5r,2020-10-05,2020,Inner Validation,47.5,100.0,200.0,time,65.0,130.0
hard_200_2r,2020-10-05,2020,Inner Validation,47.5,100.0,200.0,time,65.0,130.0
skip_if_original_stop_over_200,2020-10-05,2020,Inner Validation,47.5,47.5,95.0,time,65.0,130.0
hard_150_1r,2020-10-14,2020,Inner Validation,55.25,75.0,150.0,target,74.0,148.0
hard_150_2r,2020-10-14,2020,Inner Validation,55.25,75.0,150.0,time,34.0,68.0
hard_200_1p5r,2020-10-14,2020,Inner Validation,55.25,100.0,200.0,time,34.0,68.0
hard_200_2r,2020-10-14,2020,Inner Validation,55.25,100.0,200.0,time,34.0,68.0
skip_if_original_stop_over_200,2020-10-14,2020,Inner Validation,55.25,55.25,110.5,stop,-56.25,-112.5
hard_150_1r,2020-10-16,2020,Inner Validation,47.625,75.0,150.0,time,69.0,138.0
hard_150_2r,2020-10-16,2020,Inner Validation,47.625,75.0,150.0,time,69.0,138.0
hard_200_1p5r,2020-10-16,2020,Inner Validation,47.625,100.0,200.0,time,69.0,138.0
hard_200_2r,2020-10-16,2020,Inner Validation,47.625,100.0,200.0,time,69.0,138.0
skip_if_original_stop_over_200,2020-10-16,2020,Inner Validation,47.625,47.625,95.25,time,69.0,138.0
hard_150_1r,2020-10-19,2020,Inner Validation,70.875,75.0,150.0,target,74.0,148.0
hard_150_2r,2020-10-19,2020,Inner Validation,70.875,75.0,150.0,target,149.0,298.0
hard_200_1p5r,2020-10-19,2020,Inner Validation,70.875,100.0,200.0,target,149.0,298.0
hard_200_2r,2020-10-19,2020,Inner Validation,70.875,100.0,200.0,time,186.5,373.0
skip_if_original_stop_over_200,2020-10-19,2020,Inner Validation,70.875,70.875,141.75,target,140.75,281.5
hard_150_1r,2020-10-20,2020,Inner Validation,52.5,75.0,150.0,stop,-76.0,-152.0
hard_150_2r,2020-10-20,2020,Inner Validation,52.5,75.0,150.0,stop,-76.0,-152.0
hard_200_1p5r,2020-10-20,2020,Inner Validation,52.5,100.0,200.0,stop,-101.0,-202.0
hard_200_2r,2020-10-20,2020,Inner Validation,52.5,100.0,200.0,stop,-101.0,-202.0
skip_if_original_stop_over_200,2020-10-20,2020,Inner Validation,52.5,52.5,105.0,stop,-53.5,-107.0
hard_150_1r,2020-10-21,2020,Inner Validation,62.0,75.0,150.0,stop,-76.0,-152.0
hard_150_2r,2020-10-21,2020,Inner Validation,62.0,75.0,150.0,stop,-76.0,-152.0
hard_200_1p5r,2020-10-21,2020,Inner Validation,62.0,100.0,200.0,stop,-101.0,-202.0
hard_200_2r,2020-10-21,2020,Inner Validation,62.0,100.0,200.0,stop,-101.0,-202.0
skip_if_original_stop_over_200,2020-10-21,2020,Inner Validation,62.0,62.0,124.0,stop,-63.0,-126.0
hard_150_1r,2020-10-22,2020,Inner Validation,75.25,75.0,150.0,stop,-76.0,-152.0
hard_150_2r,2020-10-22,2020,Inner Validation,75.25,75.0,150.0,stop,-76.0,-152.0
hard_200_1p5r,2020-10-22,2020,Inner Validation,75.25,100.0,200.0,stop,-101.0,-202.0
hard_200_2r,2020-10-22,2020,Inner Validation,75.25,100.0,200.0,stop,-101.0,-202.0
skip_if_original_stop_over_200,2020-10-22,2020,Inner Validation,75.25,75.25,150.5,stop,-76.25,-152.5
hard_150_1r,2020-10-26,2020,Inner Validation,64.5,75.0,150.0,target,74.0,148.0
hard_150_2r,2020-10-26,2020,Inner Validation,64.5,75.0,150.0,target,149.0,298.0
hard_200_1p5r,2020-10-26,2020,Inner Validation,64.5,100.0,200.0,target,149.0,298.0
hard_200_2r,2020-10-26,2020,Inner Validation,64.5,100.0,200.0,target,199.0,398.0
skip_if_original_stop_over_200,2020-10-26,2020,Inner Validation,64.5,64.5,129.0,target,128.0,256.0
hard_150_1r,2020-10-30,2020,Inner Validation,114.875,75.0,150.0,target,74.0,148.0
hard_150_2r,2020-10-30,2020,Inner Validation,114.875,75.0,150.0,time,52.75,105.5
hard_200_1p5r,2020-10-30,2020,Inner Validation,114.875,100.0,200.0,time,52.75,105.5
hard_200_2r,2020-10-30,2020,Inner Validation,114.875,100.0,200.0,time,52.75,105.5
hard_150_1r,2020-11-13,2020,Inner Validation,46.0,75.0,150.0,stop,-76.0,-152.0
hard_150_2r,2020-11-13,2020,Inner Validation,46.0,75.0,150.0,stop,-76.0,-152.0
hard_200_1p5r,2020-11-13,2020,Inner Validation,46.0,100.0,200.0,stop,-101.0,-202.0
hard_200_2r,2020-11-13,2020,Inner Validation,46.0,100.0,200.0,stop,-101.0,-202.0
skip_if_original_stop_over_200,2020-11-13,2020,Inner Validation,46.0,46.0,92.0,stop,-47.0,-94.0
hard_150_1r,2020-11-23,2020,Inner Validation,65.25,75.0,150.0,stop,-76.0,-152.0
hard_150_2r,2020-11-23,2020,Inner Validation,65.25,75.0,150.0,stop,-76.0,-152.0
hard_200_1p5r,2020-11-23,2020,Inner Validation,65.25,100.0,200.0,time,-37.0,-74.0
hard_200_2r,2020-11-23,2020,Inner Validation,65.25,100.0,200.0,time,-37.0,-74.0
skip_if_original_stop_over_200,2020-11-23,2020,Inner Validation,65.25,65.25,130.5,stop,-66.25,-132.5
hard_150_1r,2020-11-24,2020,Inner Validation,41.75,75.0,150.0,target,74.0,148.0
hard_150_2r,2020-11-24,2020,Inner Validation,41.75,75.0,150.0,time,108.5,217.0
hard_200_1p5r,2020-11-24,2020,Inner Validation,41.75,100.0,200.0,time,108.5,217.0
hard_200_2r,2020-11-24,2020,Inner Validation,41.75,100.0,200.0,time,108.5,217.0
skip_if_original_stop_over_200,2020-11-24,2020,Inner Validation,41.75,41.75,83.5,target,82.5,165.0
hard_150_1r,2020-11-30,2020,Inner Validation,49.0,75.0,150.0,target,74.0,148.0
hard_150_2r,2020-11-30,2020,Inner Validation,49.0,75.0,150.0,stop,-76.0,-152.0
hard_200_1p5r,2020-11-30,2020,Inner Validation,49.0,100.0,200.0,stop,-101.0,-202.0
hard_200_2r,2020-11-30,2020,Inner Validation,49.0,100.0,200.0,stop,-101.0,-202.0
skip_if_original_stop_over_200,2020-11-30,2020,Inner Validation,49.0,49.0,98.0,target,97.0,194.0
hard_150_1r,2020-12-07,2020,Inner Validation,37.75,75.0,150.0,time,-28.5,-57.0
hard_150_2r,2020-12-07,2020,Inner Validation,37.75,75.0,150.0,time,-28.5,-57.0
hard_200_1p5r,2020-12-07,2020,Inner Validation,37.75,100.0,200.0,time,-28.5,-57.0
hard_200_2r,2020-12-07,2020,Inner Validation,37.75,100.0,200.0,time,-28.5,-57.0
skip_if_original_stop_over_200,2020-12-07,2020,Inner Validation,37.75,37.75,75.5,stop,-38.75,-77.5
hard_150_1r,2020-12-18,2020,Inner Validation,52.5,75.0,150.0,time,-12.5,-25.0
hard_150_2r,2020-12-18,2020,Inner Validation,52.5,75.0,150.0,time,-12.5,-25.0
hard_200_1p5r,2020-12-18,2020,Inner Validation,52.5,100.0,200.0,time,-12.5,-25.0
hard_200_2r,2020-12-18,2020,Inner Validation,52.5,100.0,200.0,time,-12.5,-25.0
skip_if_original_stop_over_200,2020-12-18,2020,Inner Validation,52.5,52.5,105.0,time,-12.5,-25.0
hard_150_1r,2020-12-30,2020,Inner Validation,37.375,75.0,150.0,time,-20.25,-40.5
hard_150_2r,2020-12-30,2020,Inner Validation,37.375,75.0,150.0,time,-20.25,-40.5
hard_200_1p5r,2020-12-30,2020,Inner Validation,37.375,100.0,200.0,time,-20.25,-40.5
hard_200_2r,2020-12-30,2020,Inner Validation,37.375,100.0,200.0,time,-20.25,-40.5
skip_if_original_stop_over_200,2020-12-30,2020,Inner Validation,37.375,37.375,74.75,stop,-38.375,-76.75
hard_150_1r,2021-01-04,2021,Inner Validation,47.375,75.0,150.0,target,74.0,148.0
hard_150_2r,2021-01-04,2021,Inner Validation,47.375,75.0,150.0,target,149.0,298.0
hard_200_1p5r,2021-01-04,2021,Inner Validation,47.375,100.0,200.0,target,149.0,298.0
hard_200_2r,2021-01-04,2021,Inner Validation,47.375,100.0,200.0,target,199.0,398.0
skip_if_original_stop_over_200,2021-01-04,2021,Inner Validation,47.375,47.375,94.75,target,93.75,187.5
hard_150_1r,2021-01-29,2021,Inner Validation,79.5,75.0,150.0,target,74.0,148.0
hard_150_2r,2021-01-29,2021,Inner Validation,79.5,75.0,150.0,target,149.0,298.0
hard_200_1p5r,2021-01-29,2021,Inner Validation,79.5,100.0,200.0,target,149.0,298.0
hard_200_2r,2021-01-29,2021,Inner Validation,79.5,100.0,200.0,time,28.75,57.5
skip_if_original_stop_over_200,2021-01-29,2021,Inner Validation,79.5,79.5,159.0,target,158.0,316.0
hard_150_1r,2021-02-10,2021,Inner Validation,99.875,75.0,150.0,stop,-76.0,-152.0
hard_150_2r,2021-02-10,2021,Inner Validation,99.875,75.0,150.0,stop,-76.0,-152.0
hard_200_1p5r,2021-02-10,2021,Inner Validation,99.875,100.0,200.0,stop,-101.0,-202.0
hard_200_2r,2021-02-10,2021,Inner Validation,99.875,100.0,200.0,stop,-101.0,-202.0
skip_if_original_stop_over_200,2021-02-10,2021,Inner Validation,99.875,99.875,199.75,stop,-100.875,-201.75
hard_150_1r,2021-02-22,2021,Inner Validation,53.75,75.0,150.0,target,74.0,148.0
hard_150_2r,2021-02-22,2021,Inner Validation,53.75,75.0,150.0,time,107.0,214.0
hard_200_1p5r,2021-02-22,2021,Inner Validation,53.75,100.0,200.0,time,107.0,214.0
hard_200_2r,2021-02-22,2021,Inner Validation,53.75,100.0,200.0,time,107.0,214.0
skip_if_original_stop_over_200,2021-02-22,2021,Inner Validation,53.75,53.75,107.5,stop,-54.75,-109.5
hard_150_1r,2021-02-25,2021,Inner Validation,84.25,75.0,150.0,target,74.0,148.0
hard_150_2r,2021-02-25,2021,Inner Validation,84.25,75.0,150.0,target,149.0,298.0
hard_200_1p5r,2021-02-25,2021,Inner Validation,84.25,100.0,200.0,target,149.0,298.0
hard_200_2r,2021-02-25,2021,Inner Validation,84.25,100.0,200.0,target,199.0,398.0
skip_if_original_stop_over_200,2021-02-25,2021,Inner Validation,84.25,84.25,168.5,target,167.5,335.0
hard_150_1r,2021-03-05,2021,Inner Validation,130.375,75.0,150.0,stop,-76.0,-152.0
hard_150_2r,2021-03-05,2021,Inner Validation,130.375,75.0,150.0,stop,-76.0,-152.0
hard_200_1p5r,2021-03-05,2021,Inner Validation,130.375,100.0,200.0,stop,-101.0,-202.0
hard_200_2r,2021-03-05,2021,Inner Validation,130.375,100.0,200.0,stop,-101.0,-202.0
hard_150_1r,2021-03-23,2021,Inner Validation,42.0,75.0,150.0,stop,-76.0,-152.0
hard_150_2r,2021-03-23,2021,Inner Validation,42.0,75.0,150.0,stop,-76.0,-152.0
hard_200_1p5r,2021-03-23,2021,Inner Validation,42.0,100.0,200.0,stop,-101.0,-202.0
hard_200_2r,2021-03-23,2021,Inner Validation,42.0,100.0,200.0,stop,-101.0,-202.0
skip_if_original_stop_over_200,2021-03-23,2021,Inner Validation,42.0,42.0,84.0,stop,-43.0,-86.0
hard_150_1r,2021-03-25,2021,Inner Validation,74.125,75.0,150.0,stop,-76.0,-152.0
hard_150_2r,2021-03-25,2021,Inner Validation,74.125,75.0,150.0,stop,-76.0,-152.0
hard_200_1p5r,2021-03-25,2021,Inner Validation,74.125,100.0,200.0,stop,-101.0,-202.0
hard_200_2r,2021-03-25,2021,Inner Validation,74.125,100.0,200.0,stop,-101.0,-202.0
skip_if_original_stop_over_200,2021-03-25,2021,Inner Validation,74.125,74.125,148.25,stop,-75.125,-150.25
hard_150_1r,2021-03-31,2021,Inner Validation,74.375,75.0,150.0,time,-23.75,-47.5
hard_150_2r,2021-03-31,2021,Inner Validation,74.375,75.0,150.0,time,-23.75,-47.5
hard_200_1p5r,2021-03-31,2021,Inner Validation,74.375,100.0,200.0,time,-23.75,-47.5
hard_200_2r,2021-03-31,2021,Inner Validation,74.375,100.0,200.0,time,-23.75,-47.5
skip_if_original_stop_over_200,2021-03-31,2021,Inner Validation,74.375,74.375,148.75,time,-23.75,-47.5
hard_150_1r,2021-04-15,2021,Inner Validation,33.125,75.0,150.0,time,24.75,49.5
hard_150_2r,2021-04-15,2021,Inner Validation,33.125,75.0,150.0,time,24.75,49.5
hard_200_1p5r,2021-04-15,2021,Inner Validation,33.125,100.0,200.0,time,24.75,49.5
hard_200_2r,2021-04-15,2021,Inner Validation,33.125,100.0,200.0,time,24.75,49.5
skip_if_original_stop_over_200,2021-04-15,2021,Inner Validation,33.125,33.125,66.25,stop,-34.125,-68.25
hard_150_1r,2021-04-19,2021,Inner Validation,61.375,75.0,150.0,time,5.0,10.0
hard_150_2r,2021-04-19,2021,Inner Validation,61.375,75.0,150.0,time,5.0,10.0
hard_200_1p5r,2021-04-19,2021,Inner Validation,61.375,100.0,200.0,time,5.0,10.0
hard_200_2r,2021-04-19,2021,Inner Validation,61.375,100.0,200.0,time,5.0,10.0
skip_if_original_stop_over_200,2021-04-19,2021,Inner Validation,61.375,61.375,122.75,stop,-62.375,-124.75
hard_150_1r,2021-04-20,2021,Inner Validation,38.875,75.0,150.0,target,74.0,148.0
hard_150_2r,2021-04-20,2021,Inner Validation,38.875,75.0,150.0,time,20.5,41.0
hard_200_1p5r,2021-04-20,2021,Inner Validation,38.875,100.0,200.0,time,20.5,41.0
hard_200_2r,2021-04-20,2021,Inner Validation,38.875,100.0,200.0,time,20.5,41.0
skip_if_original_stop_over_200,2021-04-20,2021,Inner Validation,38.875,38.875,77.75,target,76.75,153.5
hard_150_1r,2021-04-23,2021,Inner Validation,38.5,75.0,150.0,target,74.0,148.0
hard_150_2r,2021-04-23,2021,Inner Validation,38.5,75.0,150.0,time,82.25,164.5
hard_200_1p5r,2021-04-23,2021,Inner Validation,38.5,100.0,200.0,time,82.25,164.5
hard_200_2r,2021-04-23,2021,Inner Validation,38.5,100.0,200.0,time,82.25,164.5
skip_if_original_stop_over_200,2021-04-23,2021,Inner Validation,38.5,38.5,77.0,target,76.0,152.0
hard_150_1r,2021-04-29,2021,Inner Validation,69.625,75.0,150.0,target,74.0,148.0
hard_150_2r,2021-04-29,2021,Inner Validation,69.625,75.0,150.0,time,-36.5,-73.0
hard_200_1p5r,2021-04-29,2021,Inner Validation,69.625,100.0,200.0,time,-36.5,-73.0
hard_200_2r,2021-04-29,2021,Inner Validation,69.625,100.0,200.0,time,-36.5,-73.0
skip_if_original_stop_over_200,2021-04-29,2021,Inner Validation,69.625,69.625,139.25,time,-36.5,-73.0
hard_150_1r,2021-05-03,2021,Inner Validation,48.25,75.0,150.0,target,74.0,148.0
hard_150_2r,2021-05-03,2021,Inner Validation,48.25,75.0,150.0,time,66.25,132.5
hard_200_1p5r,2021-05-03,2021,Inner Validation,48.25,100.0,200.0,time,66.25,132.5
hard_200_2r,2021-05-03,2021,Inner Validation,48.25,100.0,200.0,time,66.25,132.5
skip_if_original_stop_over_200,2021-05-03,2021,Inner Validation,48.25,48.25,96.5,time,66.25,132.5
hard_150_1r,2021-05-12,2021,Inner Validation,64.625,75.0,150.0,target,74.0,148.0
hard_150_2r,2021-05-12,2021,Inner Validation,64.625,75.0,150.0,time,123.0,246.0
hard_200_1p5r,2021-05-12,2021,Inner Validation,64.625,100.0,200.0,time,123.0,246.0
hard_200_2r,2021-05-12,2021,Inner Validation,64.625,100.0,200.0,time,123.0,246.0
skip_if_original_stop_over_200,2021-05-12,2021,Inner Validation,64.625,64.625,129.25,time,123.0,246.0
hard_150_1r,2021-05-21,2021,Inner Validation,47.0,75.0,150.0,target,74.0,148.0
hard_150_2r,2021-05-21,2021,Inner Validation,47.0,75.0,150.0,time,68.25,136.5
hard_200_1p5r,2021-05-21,2021,Inner Validation,47.0,100.0,200.0,time,68.25,136.5
hard_200_2r,2021-05-21,2021,Inner Validation,47.0,100.0,200.0,time,68.25,136.5
skip_if_original_stop_over_200,2021-05-21,2021,Inner Validation,47.0,47.0,94.0,time,68.25,136.5
hard_150_1r,2021-05-25,2021,Inner Validation,44.0,75.0,150.0,time,-0.75,-1.5
hard_150_2r,2021-05-25,2021,Inner Validation,44.0,75.0,150.0,time,-0.75,-1.5
hard_200_1p5r,2021-05-25,2021,Inner Validation,44.0,100.0,200.0,time,-0.75,-1.5
hard_200_2r,2021-05-25,2021,Inner Validation,44.0,100.0,200.0,time,-0.75,-1.5
skip_if_original_stop_over_200,2021-05-25,2021,Inner Validation,44.0,44.0,88.0,stop,-45.0,-90.0
hard_150_1r,2021-06-01,2021,Inner Validation,72.125,75.0,150.0,stop,-76.0,-152.0
hard_150_2r,2021-06-01,2021,Inner Validation,72.125,75.0,150.0,stop,-76.0,-152.0
hard_200_1p5r,2021-06-01,2021,Inner Validation,72.125,100.0,200.0,time,-50.75,-101.5
hard_200_2r,2021-06-01,2021,Inner Validation,72.125,100.0,200.0,time,-50.75,-101.5
skip_if_original_stop_over_200,2021-06-01,2021,Inner Validation,72.125,72.125,144.25,stop,-73.125,-146.25
hard_150_1r,2021-06-03,2021,Inner Validation,53.75,75.0,150.0,time,-54.5,-109.0
hard_150_2r,2021-06-03,2021,Inner Validation,53.75,75.0,150.0,time,-54.5,-109.0
hard_200_1p5r,2021-06-03,2021,Inner Validation,53.75,100.0,200.0,time,-54.5,-109.0
hard_200_2r,2021-06-03,2021,Inner Validation,53.75,100.0,200.0,time,-54.5,-109.0
skip_if_original_stop_over_200,2021-06-03,2021,Inner Validation,53.75,53.75,107.5,stop,-54.75,-109.5
hard_150_1r,2021-06-17,2021,Inner Validation,82.25,75.0,150.0,target,74.0,148.0
hard_150_2r,2021-06-17,2021,Inner Validation,82.25,75.0,150.0,time,59.75,119.5
hard_200_1p5r,2021-06-17,2021,Inner Validation,82.25,100.0,200.0,time,59.75,119.5
hard_200_2r,2021-06-17,2021,Inner Validation,82.25,100.0,200.0,time,59.75,119.5
skip_if_original_stop_over_200,2021-06-17,2021,Inner Validation,82.25,82.25,164.5,time,59.75,119.5
hard_150_1r,2021-06-18,2021,Inner Validation,43.5,75.0,150.0,stop,-76.0,-152.0
hard_150_2r,2021-06-18,2021,Inner Validation,43.5,75.0,150.0,stop,-76.0,-152.0
hard_200_1p5r,2021-06-18,2021,Inner Validation,43.5,100.0,200.0,time,-49.25,-98.5
hard_200_2r,2021-06-18,2021,Inner Validation,43.5,100.0,200.0,time,-49.25,-98.5
skip_if_original_stop_over_200,2021-06-18,2021,Inner Validation,43.5,43.5,87.0,stop,-44.5,-89.0
hard_150_1r,2021-06-23,2021,Inner Validation,30.875,75.0,150.0,time,-7.25,-14.5
hard_150_2r,2021-06-23,2021,Inner Validation,30.875,75.0,150.0,time,-7.25,-14.5
hard_200_1p5r,2021-06-23,2021,Inner Validation,30.875,100.0,200.0,time,-7.25,-14.5
hard_200_2r,2021-06-23,2021,Inner Validation,30.875,100.0,200.0,time,-7.25,-14.5
skip_if_original_stop_over_200,2021-06-23,2021,Inner Validation,30.875,30.875,61.75,stop,-31.875,-63.75
hard_150_1r,2021-07-01,2021,Inner Validation,31.0,75.0,150.0,time,-42.5,-85.0
hard_150_2r,2021-07-01,2021,Inner Validation,31.0,75.0,150.0,time,-42.5,-85.0
hard_200_1p5r,2021-07-01,2021,Inner Validation,31.0,100.0,200.0,time,-42.5,-85.0
hard_200_2r,2021-07-01,2021,Inner Validation,31.0,100.0,200.0,time,-42.5,-85.0
skip_if_original_stop_over_200,2021-07-01,2021,Inner Validation,31.0,31.0,62.0,stop,-32.0,-64.0
hard_150_1r,2021-07-06,2021,Inner Validation,26.0,75.0,150.0,target,74.0,148.0
hard_150_2r,2021-07-06,2021,Inner Validation,26.0,75.0,150.0,time,-47.0,-94.0
hard_200_1p5r,2021-07-06,2021,Inner Validation,26.0,100.0,200.0,time,-47.0,-94.0
hard_200_2r,2021-07-06,2021,Inner Validation,26.0,100.0,200.0,time,-47.0,-94.0
skip_if_original_stop_over_200,2021-07-06,2021,Inner Validation,26.0,26.0,52.0,stop,-27.0,-54.0
hard_150_1r,2021-07-07,2021,Inner Validation,49.625,75.0,150.0,time,-38.25,-76.5
hard_150_2r,2021-07-07,2021,Inner Validation,49.625,75.0,150.0,time,-38.25,-76.5
hard_200_1p5r,2021-07-07,2021,Inner Validation,49.625,100.0,200.0,time,-38.25,-76.5
hard_200_2r,2021-07-07,2021,Inner Validation,49.625,100.0,200.0,time,-38.25,-76.5
skip_if_original_stop_over_200,2021-07-07,2021,Inner Validation,49.625,49.625,99.25,stop,-50.625,-101.25
hard_150_1r,2021-07-14,2021,Inner Validation,30.5,75.0,150.0,time,23.75,47.5
hard_150_2r,2021-07-14,2021,Inner Validation,30.5,75.0,150.0,time,23.75,47.5
hard_200_1p5r,2021-07-14,2021,Inner Validation,30.5,100.0,200.0,time,23.75,47.5
hard_200_2r,2021-07-14,2021,Inner Validation,30.5,100.0,200.0,time,23.75,47.5
skip_if_original_stop_over_200,2021-07-14,2021,Inner Validation,30.5,30.5,61.0,time,23.75,47.5
hard_150_1r,2021-07-15,2021,Inner Validation,58.25,75.0,150.0,time,-15.0,-30.0
hard_150_2r,2021-07-15,2021,Inner Validation,58.25,75.0,150.0,time,-15.0,-30.0
hard_200_1p5r,2021-07-15,2021,Inner Validation,58.25,100.0,200.0,time,-15.0,-30.0
hard_200_2r,2021-07-15,2021,Inner Validation,58.25,100.0,200.0,time,-15.0,-30.0
skip_if_original_stop_over_200,2021-07-15,2021,Inner Validation,58.25,58.25,116.5,stop,-59.25,-118.5
hard_150_1r,2021-07-27,2021,Inner Validation,77.875,75.0,150.0,target,74.0,148.0
hard_150_2r,2021-07-27,2021,Inner Validation,77.875,75.0,150.0,target,149.0,298.0
hard_200_1p5r,2021-07-27,2021,Inner Validation,77.875,100.0,200.0,target,149.0,298.0
hard_200_2r,2021-07-27,2021,Inner Validation,77.875,100.0,200.0,time,13.25,26.5
skip_if_original_stop_over_200,2021-07-27,2021,Inner Validation,77.875,77.875,155.75,target,154.75,309.5
hard_150_1r,2021-08-05,2021,Inner Validation,30.0,75.0,150.0,time,9.75,19.5
hard_150_2r,2021-08-05,2021,Inner Validation,30.0,75.0,150.0,time,9.75,19.5
hard_200_1p5r,2021-08-05,2021,Inner Validation,30.0,100.0,200.0,time,9.75,19.5
hard_200_2r,2021-08-05,2021,Inner Validation,30.0,100.0,200.0,time,9.75,19.5
skip_if_original_stop_over_200,2021-08-05,2021,Inner Validation,30.0,30.0,60.0,time,9.75,19.5
hard_150_1r,2021-08-10,2021,Inner Validation,31.0,75.0,150.0,time,29.0,58.0
hard_150_2r,2021-08-10,2021,Inner Validation,31.0,75.0,150.0,time,29.0,58.0
hard_200_1p5r,2021-08-10,2021,Inner Validation,31.0,100.0,200.0,time,29.0,58.0
hard_200_2r,2021-08-10,2021,Inner Validation,31.0,100.0,200.0,time,29.0,58.0
skip_if_original_stop_over_200,2021-08-10,2021,Inner Validation,31.0,31.0,62.0,target,61.0,122.0
hard_150_1r,2021-08-19,2021,Inner Validation,61.125,75.0,150.0,target,74.0,148.0
hard_150_2r,2021-08-19,2021,Inner Validation,61.125,75.0,150.0,time,25.75,51.5
hard_200_1p5r,2021-08-19,2021,Inner Validation,61.125,100.0,200.0,time,25.75,51.5
hard_200_2r,2021-08-19,2021,Inner Validation,61.125,100.0,200.0,time,25.75,51.5
skip_if_original_stop_over_200,2021-08-19,2021,Inner Validation,61.125,61.125,122.25,time,25.75,51.5
hard_150_1r,2021-08-25,2021,Inner Validation,21.5,75.0,150.0,time,-20.75,-41.5
hard_150_2r,2021-08-25,2021,Inner Validation,21.5,75.0,150.0,time,-20.75,-41.5
hard_200_1p5r,2021-08-25,2021,Inner Validation,21.5,100.0,200.0,time,-20.75,-41.5
hard_200_2r,2021-08-25,2021,Inner Validation,21.5,100.0,200.0,time,-20.75,-41.5
skip_if_original_stop_over_200,2021-08-25,2021,Inner Validation,21.5,21.5,43.0,stop,-22.5,-45.0
hard_150_1r,2021-09-08,2021,Inner Validation,27.625,75.0,150.0,time,-21.0,-42.0
hard_150_2r,2021-09-08,2021,Inner Validation,27.625,75.0,150.0,time,-21.0,-42.0
hard_200_1p5r,2021-09-08,2021,Inner Validation,27.625,100.0,200.0,time,-21.0,-42.0
hard_200_2r,2021-09-08,2021,Inner Validation,27.625,100.0,200.0,time,-21.0,-42.0
skip_if_original_stop_over_200,2021-09-08,2021,Inner Validation,27.625,27.625,55.25,target,54.25,108.5
hard_150_1r,2021-09-09,2021,Inner Validation,26.875,75.0,150.0,time,51.75,103.5
hard_150_2r,2021-09-09,2021,Inner Validation,26.875,75.0,150.0,time,51.75,103.5
hard_200_1p5r,2021-09-09,2021,Inner Validation,26.875,100.0,200.0,time,51.75,103.5
hard_200_2r,2021-09-09,2021,Inner Validation,26.875,100.0,200.0,time,51.75,103.5
skip_if_original_stop_over_200,2021-09-09,2021,Inner Validation,26.875,26.875,53.75,target,52.75,105.5
hard_150_1r,2021-09-10,2021,Inner Validation,33.875,75.0,150.0,target,74.0,148.0
hard_150_2r,2021-09-10,2021,Inner Validation,33.875,75.0,150.0,time,144.0,288.0
hard_200_1p5r,2021-09-10,2021,Inner Validation,33.875,100.0,200.0,time,144.0,288.0
hard_200_2r,2021-09-10,2021,Inner Validation,33.875,100.0,200.0,time,144.0,288.0
skip_if_original_stop_over_200,2021-09-10,2021,Inner Validation,33.875,33.875,67.75,target,66.75,133.5
hard_150_1r,2021-09-21,2021,Inner Validation,64.25,75.0,150.0,stop,-76.0,-152.0
hard_150_2r,2021-09-21,2021,Inner Validation,64.25,75.0,150.0,stop,-76.0,-152.0
hard_200_1p5r,2021-09-21,2021,Inner Validation,64.25,100.0,200.0,stop,-101.0,-202.0
hard_200_2r,2021-09-21,2021,Inner Validation,64.25,100.0,200.0,stop,-101.0,-202.0
skip_if_original_stop_over_200,2021-09-21,2021,Inner Validation,64.25,64.25,128.5,stop,-65.25,-130.5
hard_150_1r,2021-10-04,2021,Inner Validation,104.875,75.0,150.0,target,74.0,148.0
hard_150_2r,2021-10-04,2021,Inner Validation,104.875,75.0,150.0,time,49.5,99.0
hard_200_1p5r,2021-10-04,2021,Inner Validation,104.875,100.0,200.0,time,49.5,99.0
hard_200_2r,2021-10-04,2021,Inner Validation,104.875,100.0,200.0,time,49.5,99.0
hard_150_1r,2021-10-08,2021,Inner Validation,48.625,75.0,150.0,time,18.0,36.0
hard_150_2r,2021-10-08,2021,Inner Validation,48.625,75.0,150.0,time,18.0,36.0
hard_200_1p5r,2021-10-08,2021,Inner Validation,48.625,100.0,200.0,time,18.0,36.0
hard_200_2r,2021-10-08,2021,Inner Validation,48.625,100.0,200.0,time,18.0,36.0
skip_if_original_stop_over_200,2021-10-08,2021,Inner Validation,48.625,48.625,97.25,stop,-49.625,-99.25
hard_150_1r,2021-10-20,2021,Inner Validation,29.5,75.0,150.0,stop,-76.0,-152.0
hard_150_2r,2021-10-20,2021,Inner Validation,29.5,75.0,150.0,stop,-76.0,-152.0
hard_200_1p5r,2021-10-20,2021,Inner Validation,29.5,100.0,200.0,stop,-101.0,-202.0
hard_200_2r,2021-10-20,2021,Inner Validation,29.5,100.0,200.0,stop,-101.0,-202.0
skip_if_original_stop_over_200,2021-10-20,2021,Inner Validation,29.5,29.5,59.0,stop,-30.5,-61.0
hard_150_1r,2021-10-22,2021,Inner Validation,38.875,75.0,150.0,target,74.0,148.0
hard_150_2r,2021-10-22,2021,Inner Validation,38.875,75.0,150.0,time,7.75,15.5
hard_200_1p5r,2021-10-22,2021,Inner Validation,38.875,100.0,200.0,time,7.75,15.5
hard_200_2r,2021-10-22,2021,Inner Validation,38.875,100.0,200.0,time,7.75,15.5
skip_if_original_stop_over_200,2021-10-22,2021,Inner Validation,38.875,38.875,77.75,target,76.75,153.5
hard_150_1r,2021-11-04,2021,Inner Validation,70.125,75.0,150.0,time,26.5,53.0
hard_150_2r,2021-11-04,2021,Inner Validation,70.125,75.0,150.0,time,26.5,53.0
hard_200_1p5r,2021-11-04,2021,Inner Validation,70.125,100.0,200.0,time,26.5,53.0
hard_200_2r,2021-11-04,2021,Inner Validation,70.125,100.0,200.0,time,26.5,53.0
skip_if_original_stop_over_200,2021-11-04,2021,Inner Validation,70.125,70.125,140.25,time,26.5,53.0
hard_150_1r,2021-11-08,2021,Inner Validation,38.375,75.0,150.0,time,-20.75,-41.5
hard_150_2r,2021-11-08,2021,Inner Validation,38.375,75.0,150.0,time,-20.75,-41.5
hard_200_1p5r,2021-11-08,2021,Inner Validation,38.375,100.0,200.0,time,-20.75,-41.5
hard_200_2r,2021-11-08,2021,Inner Validation,38.375,100.0,200.0,time,-20.75,-41.5
skip_if_original_stop_over_200,2021-11-08,2021,Inner Validation,38.375,38.375,76.75,stop,-39.375,-78.75
hard_150_1r,2021-11-30,2021,Inner Validation,68.625,75.0,150.0,target,74.0,148.0
hard_150_2r,2021-11-30,2021,Inner Validation,68.625,75.0,150.0,target,149.0,298.0
hard_200_1p5r,2021-11-30,2021,Inner Validation,68.625,100.0,200.0,target,149.0,298.0
hard_200_2r,2021-11-30,2021,Inner Validation,68.625,100.0,200.0,target,199.0,398.0
skip_if_original_stop_over_200,2021-11-30,2021,Inner Validation,68.625,68.625,137.25,target,136.25,272.5
hard_150_1r,2021-12-16,2021,Inner Validation,125.625,75.0,150.0,target,74.0,148.0
hard_150_2r,2021-12-16,2021,Inner Validation,125.625,75.0,150.0,target,149.0,298.0
hard_200_1p5r,2021-12-16,2021,Inner Validation,125.625,100.0,200.0,target,149.0,298.0
hard_200_2r,2021-12-16,2021,Inner Validation,125.625,100.0,200.0,target,199.0,398.0
hard_150_1r,2021-12-22,2021,Inner Validation,55.75,75.0,150.0,target,74.0,148.0
hard_150_2r,2021-12-22,2021,Inner Validation,55.75,75.0,150.0,time,85.5,171.0
hard_200_1p5r,2021-12-22,2021,Inner Validation,55.75,100.0,200.0,time,85.5,171.0
hard_200_2r,2021-12-22,2021,Inner Validation,55.75,100.0,200.0,time,85.5,171.0
skip_if_original_stop_over_200,2021-12-22,2021,Inner Validation,55.75,55.75,111.5,time,85.5,171.0
hard_150_1r,2021-12-27,2021,Inner Validation,81.125,75.0,150.0,time,31.0,62.0
hard_150_2r,2021-12-27,2021,Inner Validation,81.125,75.0,150.0,time,31.0,62.0
hard_200_1p5r,2021-12-27,2021,Inner Validation,81.125,100.0,200.0,time,31.0,62.0
hard_200_2r,2021-12-27,2021,Inner Validation,81.125,100.0,200.0,time,31.0,62.0
skip_if_original_stop_over_200,2021-12-27,2021,Inner Validation,81.125,81.125,162.25,time,31.0,62.0
hard_150_1r,2022-01-04,2022,Validation,73.375,75.0,150.0,target,74.0,148.0
hard_150_2r,2022-01-04,2022,Validation,73.375,75.0,150.0,target,149.0,298.0
hard_200_1p5r,2022-01-04,2022,Validation,73.375,100.0,200.0,target,149.0,298.0
hard_200_2r,2022-01-04,2022,Validation,73.375,100.0,200.0,target,199.0,398.0
skip_if_original_stop_over_200,2022-01-04,2022,Validation,73.375,73.375,146.75,target,145.75,291.5
hard_150_1r,2022-01-11,2022,Validation,88.875,75.0,150.0,target,74.0,148.0
hard_150_2r,2022-01-11,2022,Validation,88.875,75.0,150.0,time,96.75,193.5
hard_200_1p5r,2022-01-11,2022,Validation,88.875,100.0,200.0,time,96.75,193.5
hard_200_2r,2022-01-11,2022,Validation,88.875,100.0,200.0,time,96.75,193.5
skip_if_original_stop_over_200,2022-01-11,2022,Validation,88.875,88.875,177.75,time,96.75,193.5
hard_150_1r,2022-01-13,2022,Validation,74.25,75.0,150.0,target,74.0,148.0
hard_150_2r,2022-01-13,2022,Validation,74.25,75.0,150.0,target,149.0,298.0
hard_200_1p5r,2022-01-13,2022,Validation,74.25,100.0,200.0,target,149.0,298.0
hard_200_2r,2022-01-13,2022,Validation,74.25,100.0,200.0,target,199.0,398.0
skip_if_original_stop_over_200,2022-01-13,2022,Validation,74.25,74.25,148.5,target,147.5,295.0
hard_150_1r,2022-01-20,2022,Validation,66.625,75.0,150.0,stop,-76.0,-152.0
hard_150_2r,2022-01-20,2022,Validation,66.625,75.0,150.0,stop,-76.0,-152.0
hard_200_1p5r,2022-01-20,2022,Validation,66.625,100.0,200.0,stop,-101.0,-202.0
hard_200_2r,2022-01-20,2022,Validation,66.625,100.0,200.0,stop,-101.0,-202.0
skip_if_original_stop_over_200,2022-01-20,2022,Validation,66.625,66.625,133.25,stop,-67.625,-135.25
hard_150_1r,2022-02-08,2022,Validation,60.25,75.0,150.0,target,74.0,148.0
hard_150_2r,2022-02-08,2022,Validation,60.25,75.0,150.0,target,149.0,298.0
hard_200_1p5r,2022-02-08,2022,Validation,60.25,100.0,200.0,target,149.0,298.0
hard_200_2r,2022-02-08,2022,Validation,60.25,100.0,200.0,time,165.25,330.5
skip_if_original_stop_over_200,2022-02-08,2022,Validation,60.25,60.25,120.5,target,119.5,239.0
hard_150_1r,2022-02-18,2022,Validation,67.5,75.0,150.0,target,74.0,148.0
hard_150_2r,2022-02-18,2022,Validation,67.5,75.0,150.0,target,149.0,298.0
hard_200_1p5r,2022-02-18,2022,Validation,67.5,100.0,200.0,target,149.0,298.0
hard_200_2r,2022-02-18,2022,Validation,67.5,100.0,200.0,time,65.25,130.5
skip_if_original_stop_over_200,2022-02-18,2022,Validation,67.5,67.5,135.0,target,134.0,268.0
hard_150_1r,2022-03-02,2022,Validation,89.375,75.0,150.0,target,74.0,148.0
hard_150_2r,2022-03-02,2022,Validation,89.375,75.0,150.0,time,113.75,227.5
hard_200_1p5r,2022-03-02,2022,Validation,89.375,100.0,200.0,time,113.75,227.5
hard_200_2r,2022-03-02,2022,Validation,89.375,100.0,200.0,time,113.75,227.5
skip_if_original_stop_over_200,2022-03-02,2022,Validation,89.375,89.375,178.75,time,113.75,227.5
hard_150_1r,2022-04-25,2022,Validation,85.5,75.0,150.0,stop,-76.0,-152.0
hard_150_2r,2022-04-25,2022,Validation,85.5,75.0,150.0,stop,-76.0,-152.0
hard_200_1p5r,2022-04-25,2022,Validation,85.5,100.0,200.0,stop,-101.0,-202.0
hard_200_2r,2022-04-25,2022,Validation,85.5,100.0,200.0,stop,-101.0,-202.0
skip_if_original_stop_over_200,2022-04-25,2022,Validation,85.5,85.5,171.0,stop,-86.5,-173.0
hard_150_1r,2022-04-26,2022,Validation,141.5,75.0,150.0,target,74.0,148.0
hard_150_2r,2022-04-26,2022,Validation,141.5,75.0,150.0,time,126.5,253.0
hard_200_1p5r,2022-04-26,2022,Validation,141.5,100.0,200.0,time,126.5,253.0
hard_200_2r,2022-04-26,2022,Validation,141.5,100.0,200.0,time,126.5,253.0
hard_150_1r,2022-06-03,2022,Validation,61.0,75.0,150.0,target,74.0,148.0
hard_150_2r,2022-06-03,2022,Validation,61.0,75.0,150.0,time,19.75,39.5
hard_200_1p5r,2022-06-03,2022,Validation,61.0,100.0,200.0,time,19.75,39.5
hard_200_2r,2022-06-03,2022,Validation,61.0,100.0,200.0,time,19.75,39.5
skip_if_original_stop_over_200,2022-06-03,2022,Validation,61.0,61.0,122.0,stop,-62.0,-124.0
hard_150_1r,2022-06-06,2022,Validation,68.25,75.0,150.0,target,74.0,148.0
hard_150_2r,2022-06-06,2022,Validation,68.25,75.0,150.0,time,32.0,64.0
hard_200_1p5r,2022-06-06,2022,Validation,68.25,100.0,200.0,time,32.0,64.0
hard_200_2r,2022-06-06,2022,Validation,68.25,100.0,200.0,time,32.0,64.0
skip_if_original_stop_over_200,2022-06-06,2022,Validation,68.25,68.25,136.5,time,32.0,64.0
hard_150_1r,2022-06-07,2022,Validation,93.875,75.0,150.0,target,74.0,148.0
hard_150_2r,2022-06-07,2022,Validation,93.875,75.0,150.0,time,104.5,209.0
hard_200_1p5r,2022-06-07,2022,Validation,93.875,100.0,200.0,time,104.5,209.0
hard_200_2r,2022-06-07,2022,Validation,93.875,100.0,200.0,time,104.5,209.0
skip_if_original_stop_over_200,2022-06-07,2022,Validation,93.875,93.875,187.75,time,104.5,209.0
hard_150_1r,2022-06-17,2022,Validation,83.0,75.0,150.0,stop,-76.0,-152.0
hard_150_2r,2022-06-17,2022,Validation,83.0,75.0,150.0,stop,-76.0,-152.0
hard_200_1p5r,2022-06-17,2022,Validation,83.0,100.0,200.0,stop,-101.0,-202.0
hard_200_2r,2022-06-17,2022,Validation,83.0,100.0,200.0,stop,-101.0,-202.0
skip_if_original_stop_over_200,2022-06-17,2022,Validation,83.0,83.0,166.0,stop,-84.0,-168.0
hard_150_1r,2022-06-23,2022,Validation,72.0,75.0,150.0,stop,-76.0,-152.0
hard_150_2r,2022-06-23,2022,Validation,72.0,75.0,150.0,stop,-76.0,-152.0
hard_200_1p5r,2022-06-23,2022,Validation,72.0,100.0,200.0,stop,-101.0,-202.0
hard_200_2r,2022-06-23,2022,Validation,72.0,100.0,200.0,stop,-101.0,-202.0
skip_if_original_stop_over_200,2022-06-23,2022,Validation,72.0,72.0,144.0,stop,-73.0,-146.0
hard_150_1r,2022-06-28,2022,Validation,84.75,75.0,150.0,target,74.0,148.0
hard_150_2r,2022-06-28,2022,Validation,84.75,75.0,150.0,target,149.0,298.0
hard_200_1p5r,2022-06-28,2022,Validation,84.75,100.0,200.0,target,149.0,298.0
hard_200_2r,2022-06-28,2022,Validation,84.75,100.0,200.0,target,199.0,398.0
skip_if_original_stop_over_200,2022-06-28,2022,Validation,84.75,84.75,169.5,target,168.5,337.0
hard_150_1r,2022-07-05,2022,Validation,64.875,75.0,150.0,stop,-76.0,-152.0
hard_150_2r,2022-07-05,2022,Validation,64.875,75.0,150.0,stop,-76.0,-152.0
hard_200_1p5r,2022-07-05,2022,Validation,64.875,100.0,200.0,stop,-101.0,-202.0
hard_200_2r,2022-07-05,2022,Validation,64.875,100.0,200.0,stop,-101.0,-202.0
skip_if_original_stop_over_200,2022-07-05,2022,Validation,64.875,64.875,129.75,stop,-65.875,-131.75
hard_150_1r,2022-07-13,2022,Validation,88.75,75.0,150.0,target,74.0,148.0
hard_150_2r,2022-07-13,2022,Validation,88.75,75.0,150.0,time,70.0,140.0
hard_200_1p5r,2022-07-13,2022,Validation,88.75,100.0,200.0,time,70.0,140.0
hard_200_2r,2022-07-13,2022,Validation,88.75,100.0,200.0,time,70.0,140.0
skip_if_original_stop_over_200,2022-07-13,2022,Validation,88.75,88.75,177.5,time,70.0,140.0
hard_150_1r,2022-07-20,2022,Validation,68.125,75.0,150.0,target,74.0,148.0
hard_150_2r,2022-07-20,2022,Validation,68.125,75.0,150.0,time,44.75,89.5
hard_200_1p5r,2022-07-20,2022,Validation,68.125,100.0,200.0,time,44.75,89.5
hard_200_2r,2022-07-20,2022,Validation,68.125,100.0,200.0,time,44.75,89.5
skip_if_original_stop_over_200,2022-07-20,2022,Validation,68.125,68.125,136.25,time,44.75,89.5
hard_150_1r,2022-08-02,2022,Validation,68.375,75.0,150.0,stop,-76.0,-152.0
hard_150_2r,2022-08-02,2022,Validation,68.375,75.0,150.0,stop,-76.0,-152.0
hard_200_1p5r,2022-08-02,2022,Validation,68.375,100.0,200.0,time,-61.75,-123.5
hard_200_2r,2022-08-02,2022,Validation,68.375,100.0,200.0,time,-61.75,-123.5
skip_if_original_stop_over_200,2022-08-02,2022,Validation,68.375,68.375,136.75,stop,-69.375,-138.75
hard_150_1r,2022-08-04,2022,Validation,53.75,75.0,150.0,stop,-76.0,-152.0
hard_150_2r,2022-08-04,2022,Validation,53.75,75.0,150.0,stop,-76.0,-152.0
hard_200_1p5r,2022-08-04,2022,Validation,53.75,100.0,200.0,stop,-101.0,-202.0
hard_200_2r,2022-08-04,2022,Validation,53.75,100.0,200.0,stop,-101.0,-202.0
skip_if_original_stop_over_200,2022-08-04,2022,Validation,53.75,53.75,107.5,stop,-54.75,-109.5
hard_150_1r,2022-08-05,2022,Validation,97.75,75.0,150.0,stop,-76.0,-152.0
hard_150_2r,2022-08-05,2022,Validation,97.75,75.0,150.0,stop,-76.0,-152.0
hard_200_1p5r,2022-08-05,2022,Validation,97.75,100.0,200.0,stop,-101.0,-202.0
hard_200_2r,2022-08-05,2022,Validation,97.75,100.0,200.0,stop,-101.0,-202.0
skip_if_original_stop_over_200,2022-08-05,2022,Validation,97.75,97.75,195.5,stop,-98.75,-197.5
hard_150_1r,2022-08-10,2022,Validation,58.625,75.0,150.0,time,31.0,62.0
hard_150_2r,2022-08-10,2022,Validation,58.625,75.0,150.0,time,31.0,62.0
hard_200_1p5r,2022-08-10,2022,Validation,58.625,100.0,200.0,time,31.0,62.0
hard_200_2r,2022-08-10,2022,Validation,58.625,100.0,200.0,time,31.0,62.0
skip_if_original_stop_over_200,2022-08-10,2022,Validation,58.625,58.625,117.25,time,31.0,62.0
hard_150_1r,2022-08-11,2022,Validation,59.75,75.0,150.0,target,74.0,148.0
hard_150_2r,2022-08-11,2022,Validation,59.75,75.0,150.0,time,92.5,185.0
hard_200_1p5r,2022-08-11,2022,Validation,59.75,100.0,200.0,time,92.5,185.0
hard_200_2r,2022-08-11,2022,Validation,59.75,100.0,200.0,time,92.5,185.0
skip_if_original_stop_over_200,2022-08-11,2022,Validation,59.75,59.75,119.5,target,118.5,237.0
hard_150_1r,2022-08-16,2022,Validation,50.375,75.0,150.0,stop,-76.0,-152.0
hard_150_2r,2022-08-16,2022,Validation,50.375,75.0,150.0,stop,-76.0,-152.0
hard_200_1p5r,2022-08-16,2022,Validation,50.375,100.0,200.0,stop,-101.0,-202.0
hard_200_2r,2022-08-16,2022,Validation,50.375,100.0,200.0,stop,-101.0,-202.0
skip_if_original_stop_over_200,2022-08-16,2022,Validation,50.375,50.375,100.75,stop,-51.375,-102.75
hard_150_1r,2022-08-17,2022,Validation,50.125,75.0,150.0,stop,-76.0,-152.0
hard_150_2r,2022-08-17,2022,Validation,50.125,75.0,150.0,stop,-76.0,-152.0
hard_200_1p5r,2022-08-17,2022,Validation,50.125,100.0,200.0,stop,-101.0,-202.0
hard_200_2r,2022-08-17,2022,Validation,50.125,100.0,200.0,stop,-101.0,-202.0
skip_if_original_stop_over_200,2022-08-17,2022,Validation,50.125,50.125,100.25,stop,-51.125,-102.25
hard_150_1r,2022-08-18,2022,Validation,39.875,75.0,150.0,time,11.75,23.5
hard_150_2r,2022-08-18,2022,Validation,39.875,75.0,150.0,time,11.75,23.5
hard_200_1p5r,2022-08-18,2022,Validation,39.875,100.0,200.0,time,11.75,23.5
hard_200_2r,2022-08-18,2022,Validation,39.875,100.0,200.0,time,11.75,23.5
skip_if_original_stop_over_200,2022-08-18,2022,Validation,39.875,39.875,79.75,time,11.75,23.5
hard_150_1r,2022-08-26,2022,Validation,119.0,75.0,150.0,target,74.0,148.0
hard_150_2r,2022-08-26,2022,Validation,119.0,75.0,150.0,target,149.0,298.0
hard_200_1p5r,2022-08-26,2022,Validation,119.0,100.0,200.0,target,149.0,298.0
hard_200_2r,2022-08-26,2022,Validation,119.0,100.0,200.0,target,199.0,398.0
hard_150_1r,2022-08-30,2022,Validation,101.875,75.0,150.0,target,74.0,148.0
hard_150_2r,2022-08-30,2022,Validation,101.875,75.0,150.0,time,8.5,17.0
hard_200_1p5r,2022-08-30,2022,Validation,101.875,100.0,200.0,time,8.5,17.0
hard_200_2r,2022-08-30,2022,Validation,101.875,100.0,200.0,time,8.5,17.0
hard_150_1r,2022-09-02,2022,Validation,71.25,75.0,150.0,stop,-76.0,-152.0
hard_150_2r,2022-09-02,2022,Validation,71.25,75.0,150.0,stop,-76.0,-152.0
hard_200_1p5r,2022-09-02,2022,Validation,71.25,100.0,200.0,stop,-101.0,-202.0
hard_200_2r,2022-09-02,2022,Validation,71.25,100.0,200.0,stop,-101.0,-202.0
skip_if_original_stop_over_200,2022-09-02,2022,Validation,71.25,71.25,142.5,stop,-72.25,-144.5
hard_150_1r,2022-09-14,2022,Validation,57.625,75.0,150.0,stop,-76.0,-152.0
hard_150_2r,2022-09-14,2022,Validation,57.625,75.0,150.0,stop,-76.0,-152.0
hard_200_1p5r,2022-09-14,2022,Validation,57.625,100.0,200.0,stop,-101.0,-202.0
hard_200_2r,2022-09-14,2022,Validation,57.625,100.0,200.0,stop,-101.0,-202.0
skip_if_original_stop_over_200,2022-09-14,2022,Validation,57.625,57.625,115.25,stop,-58.625,-117.25
hard_150_1r,2022-09-15,2022,Validation,63.625,75.0,150.0,target,74.0,148.0
hard_150_2r,2022-09-15,2022,Validation,63.625,75.0,150.0,target,149.0,298.0
hard_200_1p5r,2022-09-15,2022,Validation,63.625,100.0,200.0,target,149.0,298.0
hard_200_2r,2022-09-15,2022,Validation,63.625,100.0,200.0,time,104.5,209.0
skip_if_original_stop_over_200,2022-09-15,2022,Validation,63.625,63.625,127.25,target,126.25,252.5
hard_150_1r,2022-09-19,2022,Validation,60.0,75.0,150.0,stop,-76.0,-152.0
hard_150_2r,2022-09-19,2022,Validation,60.0,75.0,150.0,stop,-76.0,-152.0
hard_200_1p5r,2022-09-19,2022,Validation,60.0,100.0,200.0,time,73.0,146.0
hard_200_2r,2022-09-19,2022,Validation,60.0,100.0,200.0,time,73.0,146.0
skip_if_original_stop_over_200,2022-09-19,2022,Validation,60.0,60.0,120.0,stop,-61.0,-122.0
hard_150_1r,2022-09-27,2022,Validation,81.5,75.0,150.0,target,74.0,148.0
hard_150_2r,2022-09-27,2022,Validation,81.5,75.0,150.0,time,33.75,67.5
hard_200_1p5r,2022-09-27,2022,Validation,81.5,100.0,200.0,time,33.75,67.5
hard_200_2r,2022-09-27,2022,Validation,81.5,100.0,200.0,time,33.75,67.5
skip_if_original_stop_over_200,2022-09-27,2022,Validation,81.5,81.5,163.0,time,33.75,67.5
hard_150_1r,2022-10-10,2022,Validation,71.5,75.0,150.0,target,74.0,148.0
hard_150_2r,2022-10-10,2022,Validation,71.5,75.0,150.0,stop,-76.0,-152.0
hard_200_1p5r,2022-10-10,2022,Validation,71.5,100.0,200.0,stop,-101.0,-202.0
hard_200_2r,2022-10-10,2022,Validation,71.5,100.0,200.0,stop,-101.0,-202.0
skip_if_original_stop_over_200,2022-10-10,2022,Validation,71.5,71.5,143.0,stop,-72.5,-145.0
hard_150_1r,2022-10-13,2022,Validation,106.125,75.0,150.0,target,74.0,148.0
hard_150_2r,2022-10-13,2022,Validation,106.125,75.0,150.0,target,149.0,298.0
hard_200_1p5r,2022-10-13,2022,Validation,106.125,100.0,200.0,target,149.0,298.0
hard_200_2r,2022-10-13,2022,Validation,106.125,100.0,200.0,target,199.0,398.0
hard_150_1r,2022-11-01,2022,Validation,121.875,75.0,150.0,time,28.25,56.5
hard_150_2r,2022-11-01,2022,Validation,121.875,75.0,150.0,time,28.25,56.5
hard_200_1p5r,2022-11-01,2022,Validation,121.875,100.0,200.0,time,28.25,56.5
hard_200_2r,2022-11-01,2022,Validation,121.875,100.0,200.0,time,28.25,56.5
hard_150_1r,2022-11-22,2022,Validation,50.5,75.0,150.0,target,74.0,148.0
hard_150_2r,2022-11-22,2022,Validation,50.5,75.0,150.0,time,101.25,202.5
hard_200_1p5r,2022-11-22,2022,Validation,50.5,100.0,200.0,time,101.25,202.5
hard_200_2r,2022-11-22,2022,Validation,50.5,100.0,200.0,time,101.25,202.5
skip_if_original_stop_over_200,2022-11-22,2022,Validation,50.5,50.5,101.0,target,100.0,200.0
hard_150_1r,2022-11-29,2022,Validation,33.375,75.0,150.0,target,74.0,148.0
hard_150_2r,2022-11-29,2022,Validation,33.375,75.0,150.0,time,31.25,62.5
hard_200_1p5r,2022-11-29,2022,Validation,33.375,100.0,200.0,time,31.25,62.5
hard_200_2r,2022-11-29,2022,Validation,33.375,100.0,200.0,time,31.25,62.5
skip_if_original_stop_over_200,2022-11-29,2022,Validation,33.375,33.375,66.75,target,65.75,131.5
hard_150_1r,2022-12-16,2022,Validation,76.875,75.0,150.0,time,-28.75,-57.5
hard_150_2r,2022-12-16,2022,Validation,76.875,75.0,150.0,time,-28.75,-57.5
hard_200_1p5r,2022-12-16,2022,Validation,76.875,100.0,200.0,time,-28.75,-57.5
hard_200_2r,2022-12-16,2022,Validation,76.875,100.0,200.0,time,-28.75,-57.5
skip_if_original_stop_over_200,2022-12-16,2022,Validation,76.875,76.875,153.75,time,-28.75,-57.5
hard_150_1r,2022-12-19,2022,Validation,64.375,75.0,150.0,target,74.0,148.0
hard_150_2r,2022-12-19,2022,Validation,64.375,75.0,150.0,time,35.75,71.5
hard_200_1p5r,2022-12-19,2022,Validation,64.375,100.0,200.0,time,35.75,71.5
hard_200_2r,2022-12-19,2022,Validation,64.375,100.0,200.0,time,35.75,71.5
skip_if_original_stop_over_200,2022-12-19,2022,Validation,64.375,64.375,128.75,time,35.75,71.5
hard_150_1r,2022-12-21,2022,Validation,61.0,75.0,150.0,time,6.0,12.0
hard_150_2r,2022-12-21,2022,Validation,61.0,75.0,150.0,time,6.0,12.0
hard_200_1p5r,2022-12-21,2022,Validation,61.0,100.0,200.0,time,6.0,12.0
hard_200_2r,2022-12-21,2022,Validation,61.0,100.0,200.0,time,6.0,12.0
skip_if_original_stop_over_200,2022-12-21,2022,Validation,61.0,61.0,122.0,time,6.0,12.0
hard_150_1r,2022-12-22,2022,Validation,92.5,75.0,150.0,target,74.0,148.0
hard_150_2r,2022-12-22,2022,Validation,92.5,75.0,150.0,time,-53.25,-106.5
hard_200_1p5r,2022-12-22,2022,Validation,92.5,100.0,200.0,time,-53.25,-106.5
hard_200_2r,2022-12-22,2022,Validation,92.5,100.0,200.0,time,-53.25,-106.5
skip_if_original_stop_over_200,2022-12-22,2022,Validation,92.5,92.5,185.0,time,-53.25,-106.5
hard_150_1r,2022-12-28,2022,Validation,67.375,75.0,150.0,time,59.75,119.5
hard_150_2r,2022-12-28,2022,Validation,67.375,75.0,150.0,time,59.75,119.5
hard_200_1p5r,2022-12-28,2022,Validation,67.375,100.0,200.0,time,59.75,119.5
hard_200_2r,2022-12-28,2022,Validation,67.375,100.0,200.0,time,59.75,119.5
skip_if_original_stop_over_200,2022-12-28,2022,Validation,67.375,67.375,134.75,time,59.75,119.5
hard_150_1r,2023-01-25,2023,Validation,54.625,75.0,150.0,target,74.0,148.0
hard_150_2r,2023-01-25,2023,Validation,54.625,75.0,150.0,target,149.0,298.0
hard_200_1p5r,2023-01-25,2023,Validation,54.625,100.0,200.0,target,149.0,298.0
hard_200_2r,2023-01-25,2023,Validation,54.625,100.0,200.0,time,124.5,249.0
skip_if_original_stop_over_200,2023-01-25,2023,Validation,54.625,54.625,109.25,target,108.25,216.5
hard_150_1r,2023-01-30,2023,Validation,57.875,75.0,150.0,time,27.5,55.0
hard_150_2r,2023-01-30,2023,Validation,57.875,75.0,150.0,time,27.5,55.0
hard_200_1p5r,2023-01-30,2023,Validation,57.875,100.0,200.0,time,27.5,55.0
hard_200_2r,2023-01-30,2023,Validation,57.875,100.0,200.0,time,27.5,55.0
skip_if_original_stop_over_200,2023-01-30,2023,Validation,57.875,57.875,115.75,stop,-58.875,-117.75
hard_150_1r,2023-02-02,2023,Validation,50.5,75.0,150.0,target,74.0,148.0
hard_150_2r,2023-02-02,2023,Validation,50.5,75.0,150.0,stop,-76.0,-152.0
hard_200_1p5r,2023-02-02,2023,Validation,50.5,100.0,200.0,time,24.25,48.5
hard_200_2r,2023-02-02,2023,Validation,50.5,100.0,200.0,time,24.25,48.5
skip_if_original_stop_over_200,2023-02-02,2023,Validation,50.5,50.5,101.0,target,100.0,200.0
hard_150_1r,2023-02-08,2023,Validation,48.375,75.0,150.0,target,74.0,148.0
hard_150_2r,2023-02-08,2023,Validation,48.375,75.0,150.0,time,65.25,130.5
hard_200_1p5r,2023-02-08,2023,Validation,48.375,100.0,200.0,time,65.25,130.5
hard_200_2r,2023-02-08,2023,Validation,48.375,100.0,200.0,time,65.25,130.5
skip_if_original_stop_over_200,2023-02-08,2023,Validation,48.375,48.375,96.75,target,95.75,191.5
hard_150_1r,2023-02-09,2023,Validation,55.25,75.0,150.0,target,74.0,148.0
hard_150_2r,2023-02-09,2023,Validation,55.25,75.0,150.0,target,149.0,298.0
hard_200_1p5r,2023-02-09,2023,Validation,55.25,100.0,200.0,target,149.0,298.0
hard_200_2r,2023-02-09,2023,Validation,55.25,100.0,200.0,target,199.0,398.0
skip_if_original_stop_over_200,2023-02-09,2023,Validation,55.25,55.25,110.5,target,109.5,219.0
hard_150_1r,2023-02-22,2023,Validation,67.25,75.0,150.0,stop,-76.0,-152.0
hard_150_2r,2023-02-22,2023,Validation,67.25,75.0,150.0,stop,-76.0,-152.0
hard_200_1p5r,2023-02-22,2023,Validation,67.25,100.0,200.0,stop,-101.0,-202.0
hard_200_2r,2023-02-22,2023,Validation,67.25,100.0,200.0,stop,-101.0,-202.0
skip_if_original_stop_over_200,2023-02-22,2023,Validation,67.25,67.25,134.5,stop,-68.25,-136.5
hard_150_1r,2023-02-23,2023,Validation,47.5,75.0,150.0,target,74.0,148.0
hard_150_2r,2023-02-23,2023,Validation,47.5,75.0,150.0,stop,-76.0,-152.0
hard_200_1p5r,2023-02-23,2023,Validation,47.5,100.0,200.0,stop,-101.0,-202.0
hard_200_2r,2023-02-23,2023,Validation,47.5,100.0,200.0,stop,-101.0,-202.0
skip_if_original_stop_over_200,2023-02-23,2023,Validation,47.5,47.5,95.0,stop,-48.5,-97.0
hard_150_1r,2023-02-27,2023,Validation,41.625,75.0,150.0,time,25.0,50.0
hard_150_2r,2023-02-27,2023,Validation,41.625,75.0,150.0,time,25.0,50.0
hard_200_1p5r,2023-02-27,2023,Validation,41.625,100.0,200.0,time,25.0,50.0
hard_200_2r,2023-02-27,2023,Validation,41.625,100.0,200.0,time,25.0,50.0
skip_if_original_stop_over_200,2023-02-27,2023,Validation,41.625,41.625,83.25,time,25.0,50.0
hard_150_1r,2023-03-01,2023,Validation,63.25,75.0,150.0,stop,-76.0,-152.0
hard_150_2r,2023-03-01,2023,Validation,63.25,75.0,150.0,stop,-76.0,-152.0
hard_200_1p5r,2023-03-01,2023,Validation,63.25,100.0,200.0,time,-19.5,-39.0
hard_200_2r,2023-03-01,2023,Validation,63.25,100.0,200.0,time,-19.5,-39.0
skip_if_original_stop_over_200,2023-03-01,2023,Validation,63.25,63.25,126.5,stop,-64.25,-128.5
hard_150_1r,2023-03-08,2023,Validation,53.875,75.0,150.0,stop,-76.0,-152.0
hard_150_2r,2023-03-08,2023,Validation,53.875,75.0,150.0,stop,-76.0,-152.0
hard_200_1p5r,2023-03-08,2023,Validation,53.875,100.0,200.0,time,6.0,12.0
hard_200_2r,2023-03-08,2023,Validation,53.875,100.0,200.0,time,6.0,12.0
skip_if_original_stop_over_200,2023-03-08,2023,Validation,53.875,53.875,107.75,stop,-54.875,-109.75
hard_150_1r,2023-03-16,2023,Validation,60.5,75.0,150.0,target,74.0,148.0
hard_150_2r,2023-03-16,2023,Validation,60.5,75.0,150.0,target,149.0,298.0
hard_200_1p5r,2023-03-16,2023,Validation,60.5,100.0,200.0,target,149.0,298.0
hard_200_2r,2023-03-16,2023,Validation,60.5,100.0,200.0,target,199.0,398.0
skip_if_original_stop_over_200,2023-03-16,2023,Validation,60.5,60.5,121.0,target,120.0,240.0
hard_150_1r,2023-03-17,2023,Validation,70.75,75.0,150.0,target,74.0,148.0
hard_150_2r,2023-03-17,2023,Validation,70.75,75.0,150.0,time,0.75,1.5
hard_200_1p5r,2023-03-17,2023,Validation,70.75,100.0,200.0,time,0.75,1.5
hard_200_2r,2023-03-17,2023,Validation,70.75,100.0,200.0,time,0.75,1.5
skip_if_original_stop_over_200,2023-03-17,2023,Validation,70.75,70.75,141.5,time,0.75,1.5
hard_150_1r,2023-03-28,2023,Validation,52.125,75.0,150.0,stop,-76.0,-152.0
hard_150_2r,2023-03-28,2023,Validation,52.125,75.0,150.0,stop,-76.0,-152.0
hard_200_1p5r,2023-03-28,2023,Validation,52.125,100.0,200.0,time,-71.0,-142.0
hard_200_2r,2023-03-28,2023,Validation,52.125,100.0,200.0,time,-71.0,-142.0
skip_if_original_stop_over_200,2023-03-28,2023,Validation,52.125,52.125,104.25,stop,-53.125,-106.25
hard_150_1r,2023-03-31,2023,Validation,41.25,75.0,150.0,target,74.0,148.0
hard_150_2r,2023-03-31,2023,Validation,41.25,75.0,150.0,time,114.5,229.0
hard_200_1p5r,2023-03-31,2023,Validation,41.25,100.0,200.0,time,114.5,229.0
hard_200_2r,2023-03-31,2023,Validation,41.25,100.0,200.0,time,114.5,229.0
skip_if_original_stop_over_200,2023-03-31,2023,Validation,41.25,41.25,82.5,target,81.5,163.0
hard_150_1r,2023-04-03,2023,Validation,35.0,75.0,150.0,stop,-76.0,-152.0
hard_150_2r,2023-04-03,2023,Validation,35.0,75.0,150.0,stop,-76.0,-152.0
hard_200_1p5r,2023-04-03,2023,Validation,35.0,100.0,200.0,time,-68.75,-137.5
hard_200_2r,2023-04-03,2023,Validation,35.0,100.0,200.0,time,-68.75,-137.5
skip_if_original_stop_over_200,2023-04-03,2023,Validation,35.0,35.0,70.0,stop,-36.0,-72.0
hard_150_1r,2023-04-12,2023,Validation,73.5,75.0,150.0,stop,-76.0,-152.0
hard_150_2r,2023-04-12,2023,Validation,73.5,75.0,150.0,stop,-76.0,-152.0
hard_200_1p5r,2023-04-12,2023,Validation,73.5,100.0,200.0,time,52.25,104.5
hard_200_2r,2023-04-12,2023,Validation,73.5,100.0,200.0,time,52.25,104.5
skip_if_original_stop_over_200,2023-04-12,2023,Validation,73.5,73.5,147.0,stop,-74.5,-149.0
hard_150_1r,2023-04-17,2023,Validation,33.875,75.0,150.0,time,-57.5,-115.0
hard_150_2r,2023-04-17,2023,Validation,33.875,75.0,150.0,time,-57.5,-115.0
hard_200_1p5r,2023-04-17,2023,Validation,33.875,100.0,200.0,time,-57.5,-115.0
hard_200_2r,2023-04-17,2023,Validation,33.875,100.0,200.0,time,-57.5,-115.0
skip_if_original_stop_over_200,2023-04-17,2023,Validation,33.875,33.875,67.75,stop,-34.875,-69.75
hard_150_1r,2023-04-18,2023,Validation,65.375,75.0,150.0,time,-32.25,-64.5
hard_150_2r,2023-04-18,2023,Validation,65.375,75.0,150.0,time,-32.25,-64.5
hard_200_1p5r,2023-04-18,2023,Validation,65.375,100.0,200.0,time,-32.25,-64.5
hard_200_2r,2023-04-18,2023,Validation,65.375,100.0,200.0,time,-32.25,-64.5
skip_if_original_stop_over_200,2023-04-18,2023,Validation,65.375,65.375,130.75,time,-32.25,-64.5
hard_150_1r,2023-04-24,2023,Validation,40.0,75.0,150.0,time,-16.25,-32.5
hard_150_2r,2023-04-24,2023,Validation,40.0,75.0,150.0,time,-16.25,-32.5
hard_200_1p5r,2023-04-24,2023,Validation,40.0,100.0,200.0,time,-16.25,-32.5
hard_200_2r,2023-04-24,2023,Validation,40.0,100.0,200.0,time,-16.25,-32.5
skip_if_original_stop_over_200,2023-04-24,2023,Validation,40.0,40.0,80.0,time,-16.25,-32.5
hard_150_1r,2023-04-27,2023,Validation,39.25,75.0,150.0,target,74.0,148.0
hard_150_2r,2023-04-27,2023,Validation,39.25,75.0,150.0,target,149.0,298.0
hard_200_1p5r,2023-04-27,2023,Validation,39.25,100.0,200.0,target,149.0,298.0
hard_200_2r,2023-04-27,2023,Validation,39.25,100.0,200.0,time,138.0,276.0
skip_if_original_stop_over_200,2023-04-27,2023,Validation,39.25,39.25,78.5,target,77.5,155.0
hard_150_1r,2023-05-01,2023,Validation,24.375,75.0,150.0,stop,-76.0,-152.0
hard_150_2r,2023-05-01,2023,Validation,24.375,75.0,150.0,stop,-76.0,-152.0
hard_200_1p5r,2023-05-01,2023,Validation,24.375,100.0,200.0,time,-33.5,-67.0
hard_200_2r,2023-05-01,2023,Validation,24.375,100.0,200.0,time,-33.5,-67.0
skip_if_original_stop_over_200,2023-05-01,2023,Validation,24.375,24.375,48.75,stop,-25.375,-50.75
hard_150_1r,2023-05-02,2023,Validation,57.75,75.0,150.0,time,-17.5,-35.0
hard_150_2r,2023-05-02,2023,Validation,57.75,75.0,150.0,time,-17.5,-35.0
hard_200_1p5r,2023-05-02,2023,Validation,57.75,100.0,200.0,time,-17.5,-35.0
hard_200_2r,2023-05-02,2023,Validation,57.75,100.0,200.0,time,-17.5,-35.0
skip_if_original_stop_over_200,2023-05-02,2023,Validation,57.75,57.75,115.5,time,-17.5,-35.0
hard_150_1r,2023-05-12,2023,Validation,42.5,75.0,150.0,target,74.0,148.0
hard_150_2r,2023-05-12,2023,Validation,42.5,75.0,150.0,time,-6.25,-12.5
hard_200_1p5r,2023-05-12,2023,Validation,42.5,100.0,200.0,time,-6.25,-12.5
hard_200_2r,2023-05-12,2023,Validation,42.5,100.0,200.0,time,-6.25,-12.5
skip_if_original_stop_over_200,2023-05-12,2023,Validation,42.5,42.5,85.0,time,-6.25,-12.5
hard_150_1r,2023-05-16,2023,Validation,40.625,75.0,150.0,time,-31.0,-62.0
hard_150_2r,2023-05-16,2023,Validation,40.625,75.0,150.0,time,-31.0,-62.0
hard_200_1p5r,2023-05-16,2023,Validation,40.625,100.0,200.0,time,-31.0,-62.0
hard_200_2r,2023-05-16,2023,Validation,40.625,100.0,200.0,time,-31.0,-62.0
skip_if_original_stop_over_200,2023-05-16,2023,Validation,40.625,40.625,81.25,time,-31.0,-62.0
hard_150_1r,2023-05-18,2023,Validation,61.5,75.0,150.0,target,74.0,148.0
hard_150_2r,2023-05-18,2023,Validation,61.5,75.0,150.0,time,94.0,188.0
hard_200_1p5r,2023-05-18,2023,Validation,61.5,100.0,200.0,time,94.0,188.0
hard_200_2r,2023-05-18,2023,Validation,61.5,100.0,200.0,time,94.0,188.0
skip_if_original_stop_over_200,2023-05-18,2023,Validation,61.5,61.5,123.0,time,94.0,188.0
hard_150_1r,2023-05-19,2023,Validation,33.625,75.0,150.0,time,-10.25,-20.5
hard_150_2r,2023-05-19,2023,Validation,33.625,75.0,150.0,time,-10.25,-20.5
hard_200_1p5r,2023-05-19,2023,Validation,33.625,100.0,200.0,time,-10.25,-20.5
hard_200_2r,2023-05-19,2023,Validation,33.625,100.0,200.0,time,-10.25,-20.5
skip_if_original_stop_over_200,2023-05-19,2023,Validation,33.625,33.625,67.25,time,-10.25,-20.5
hard_150_1r,2023-05-26,2023,Validation,95.125,75.0,150.0,target,74.0,148.0
hard_150_2r,2023-05-26,2023,Validation,95.125,75.0,150.0,target,149.0,298.0
hard_200_1p5r,2023-05-26,2023,Validation,95.125,100.0,200.0,target,149.0,298.0
hard_200_2r,2023-05-26,2023,Validation,95.125,100.0,200.0,time,131.25,262.5
skip_if_original_stop_over_200,2023-05-26,2023,Validation,95.125,95.125,190.25,time,131.25,262.5
hard_150_1r,2023-06-06,2023,Validation,38.625,75.0,150.0,time,-15.5,-31.0
hard_150_2r,2023-06-06,2023,Validation,38.625,75.0,150.0,time,-15.5,-31.0
hard_200_1p5r,2023-06-06,2023,Validation,38.625,100.0,200.0,time,-15.5,-31.0
hard_200_2r,2023-06-06,2023,Validation,38.625,100.0,200.0,time,-15.5,-31.0
skip_if_original_stop_over_200,2023-06-06,2023,Validation,38.625,38.625,77.25,stop,-39.625,-79.25
hard_150_1r,2023-06-07,2023,Validation,71.875,75.0,150.0,target,74.0,148.0
hard_150_2r,2023-06-07,2023,Validation,71.875,75.0,150.0,target,149.0,298.0
hard_200_1p5r,2023-06-07,2023,Validation,71.875,100.0,200.0,target,149.0,298.0
hard_200_2r,2023-06-07,2023,Validation,71.875,100.0,200.0,target,199.0,398.0
skip_if_original_stop_over_200,2023-06-07,2023,Validation,71.875,71.875,143.75,target,142.75,285.5
hard_150_1r,2023-06-09,2023,Validation,65.25,75.0,150.0,time,1.5,3.0
hard_150_2r,2023-06-09,2023,Validation,65.25,75.0,150.0,time,1.5,3.0
hard_200_1p5r,2023-06-09,2023,Validation,65.25,100.0,200.0,time,1.5,3.0
hard_200_2r,2023-06-09,2023,Validation,65.25,100.0,200.0,time,1.5,3.0
skip_if_original_stop_over_200,2023-06-09,2023,Validation,65.25,65.25,130.5,time,1.5,3.0
hard_150_1r,2023-07-07,2023,Validation,44.625,75.0,150.0,stop,-76.0,-152.0
hard_150_2r,2023-07-07,2023,Validation,44.625,75.0,150.0,stop,-76.0,-152.0
hard_200_1p5r,2023-07-07,2023,Validation,44.625,100.0,200.0,stop,-101.0,-202.0
hard_200_2r,2023-07-07,2023,Validation,44.625,100.0,200.0,stop,-101.0,-202.0
skip_if_original_stop_over_200,2023-07-07,2023,Validation,44.625,44.625,89.25,stop,-45.625,-91.25
hard_150_1r,2023-07-20,2023,Validation,74.875,75.0,150.0,target,74.0,148.0
hard_150_2r,2023-07-20,2023,Validation,74.875,75.0,150.0,target,149.0,298.0
hard_200_1p5r,2023-07-20,2023,Validation,74.875,100.0,200.0,target,149.0,298.0
hard_200_2r,2023-07-20,2023,Validation,74.875,100.0,200.0,time,122.75,245.5
skip_if_original_stop_over_200,2023-07-20,2023,Validation,74.875,74.875,149.75,target,148.75,297.5
hard_150_1r,2023-07-26,2023,Validation,36.625,75.0,150.0,stop,-76.0,-152.0
hard_150_2r,2023-07-26,2023,Validation,36.625,75.0,150.0,stop,-76.0,-152.0
hard_200_1p5r,2023-07-26,2023,Validation,36.625,100.0,200.0,stop,-101.0,-202.0
hard_200_2r,2023-07-26,2023,Validation,36.625,100.0,200.0,stop,-101.0,-202.0
skip_if_original_stop_over_200,2023-07-26,2023,Validation,36.625,36.625,73.25,stop,-37.625,-75.25
hard_150_1r,2023-08-09,2023,Validation,55.625,75.0,150.0,target,74.0,148.0
hard_150_2r,2023-08-09,2023,Validation,55.625,75.0,150.0,stop,-76.0,-152.0
hard_200_1p5r,2023-08-09,2023,Validation,55.625,100.0,200.0,time,32.75,65.5
hard_200_2r,2023-08-09,2023,Validation,55.625,100.0,200.0,time,32.75,65.5
skip_if_original_stop_over_200,2023-08-09,2023,Validation,55.625,55.625,111.25,stop,-56.625,-113.25
hard_150_1r,2023-08-22,2023,Validation,47.25,75.0,150.0,stop,-76.0,-152.0
hard_150_2r,2023-08-22,2023,Validation,47.25,75.0,150.0,stop,-76.0,-152.0
hard_200_1p5r,2023-08-22,2023,Validation,47.25,100.0,200.0,time,24.0,48.0
hard_200_2r,2023-08-22,2023,Validation,47.25,100.0,200.0,time,24.0,48.0
skip_if_original_stop_over_200,2023-08-22,2023,Validation,47.25,47.25,94.5,stop,-48.25,-96.5
hard_150_1r,2023-08-23,2023,Validation,72.75,75.0,150.0,target,74.0,148.0
hard_150_2r,2023-08-23,2023,Validation,72.75,75.0,150.0,time,34.25,68.5
hard_200_1p5r,2023-08-23,2023,Validation,72.75,100.0,200.0,time,34.25,68.5
hard_200_2r,2023-08-23,2023,Validation,72.75,100.0,200.0,time,34.25,68.5
skip_if_original_stop_over_200,2023-08-23,2023,Validation,72.75,72.75,145.5,time,34.25,68.5
hard_150_1r,2023-08-24,2023,Validation,134.0,75.0,150.0,target,74.0,148.0
hard_150_2r,2023-08-24,2023,Validation,134.0,75.0,150.0,target,149.0,298.0
hard_200_1p5r,2023-08-24,2023,Validation,134.0,100.0,200.0,target,149.0,298.0
hard_200_2r,2023-08-24,2023,Validation,134.0,100.0,200.0,target,199.0,398.0
hard_150_1r,2023-08-25,2023,Validation,89.375,75.0,150.0,target,74.0,148.0
hard_150_2r,2023-08-25,2023,Validation,89.375,75.0,150.0,stop,-76.0,-152.0
hard_200_1p5r,2023-08-25,2023,Validation,89.375,100.0,200.0,stop,-101.0,-202.0
hard_200_2r,2023-08-25,2023,Validation,89.375,100.0,200.0,stop,-101.0,-202.0
skip_if_original_stop_over_200,2023-08-25,2023,Validation,89.375,89.375,178.75,stop,-90.375,-180.75
hard_150_1r,2023-09-07,2023,Validation,41.75,75.0,150.0,time,14.0,28.0
hard_150_2r,2023-09-07,2023,Validation,41.75,75.0,150.0,time,14.0,28.0
hard_200_1p5r,2023-09-07,2023,Validation,41.75,100.0,200.0,time,14.0,28.0
hard_200_2r,2023-09-07,2023,Validation,41.75,100.0,200.0,time,14.0,28.0
skip_if_original_stop_over_200,2023-09-07,2023,Validation,41.75,41.75,83.5,stop,-42.75,-85.5
hard_150_1r,2023-09-14,2023,Validation,53.875,75.0,150.0,time,22.5,45.0
hard_150_2r,2023-09-14,2023,Validation,53.875,75.0,150.0,time,22.5,45.0
hard_200_1p5r,2023-09-14,2023,Validation,53.875,100.0,200.0,time,22.5,45.0
hard_200_2r,2023-09-14,2023,Validation,53.875,100.0,200.0,time,22.5,45.0
skip_if_original_stop_over_200,2023-09-14,2023,Validation,53.875,53.875,107.75,time,22.5,45.0
hard_150_1r,2023-09-15,2023,Validation,79.125,75.0,150.0,target,74.0,148.0
hard_150_2r,2023-09-15,2023,Validation,79.125,75.0,150.0,time,47.5,95.0
hard_200_1p5r,2023-09-15,2023,Validation,79.125,100.0,200.0,time,47.5,95.0
hard_200_2r,2023-09-15,2023,Validation,79.125,100.0,200.0,time,47.5,95.0
skip_if_original_stop_over_200,2023-09-15,2023,Validation,79.125,79.125,158.25,time,47.5,95.0
hard_150_1r,2023-09-22,2023,Validation,38.0,75.0,150.0,stop,-76.0,-152.0
hard_150_2r,2023-09-22,2023,Validation,38.0,75.0,150.0,stop,-76.0,-152.0
hard_200_1p5r,2023-09-22,2023,Validation,38.0,100.0,200.0,stop,-101.0,-202.0
hard_200_2r,2023-09-22,2023,Validation,38.0,100.0,200.0,stop,-101.0,-202.0
skip_if_original_stop_over_200,2023-09-22,2023,Validation,38.0,38.0,76.0,stop,-39.0,-78.0
hard_150_1r,2023-09-25,2023,Validation,57.0,75.0,150.0,time,-20.25,-40.5
hard_150_2r,2023-09-25,2023,Validation,57.0,75.0,150.0,time,-20.25,-40.5
hard_200_1p5r,2023-09-25,2023,Validation,57.0,100.0,200.0,time,-20.25,-40.5
hard_200_2r,2023-09-25,2023,Validation,57.0,100.0,200.0,time,-20.25,-40.5
skip_if_original_stop_over_200,2023-09-25,2023,Validation,57.0,57.0,114.0,stop,-58.0,-116.0
hard_150_1r,2023-09-27,2023,Validation,50.0,75.0,150.0,target,74.0,148.0
hard_150_2r,2023-09-27,2023,Validation,50.0,75.0,150.0,stop,-76.0,-152.0
hard_200_1p5r,2023-09-27,2023,Validation,50.0,100.0,200.0,stop,-101.0,-202.0
hard_200_2r,2023-09-27,2023,Validation,50.0,100.0,200.0,stop,-101.0,-202.0
skip_if_original_stop_over_200,2023-09-27,2023,Validation,50.0,50.0,100.0,target,99.0,198.0
hard_150_1r,2023-09-29,2023,Validation,45.375,75.0,150.0,target,74.0,148.0
hard_150_2r,2023-09-29,2023,Validation,45.375,75.0,150.0,time,66.25,132.5
hard_200_1p5r,2023-09-29,2023,Validation,45.375,100.0,200.0,time,66.25,132.5
hard_200_2r,2023-09-29,2023,Validation,45.375,100.0,200.0,time,66.25,132.5
skip_if_original_stop_over_200,2023-09-29,2023,Validation,45.375,45.375,90.75,target,89.75,179.5
hard_150_1r,2023-10-05,2023,Validation,81.5,75.0,150.0,stop,-76.0,-152.0
hard_150_2r,2023-10-05,2023,Validation,81.5,75.0,150.0,stop,-76.0,-152.0
hard_200_1p5r,2023-10-05,2023,Validation,81.5,100.0,200.0,stop,-101.0,-202.0
hard_200_2r,2023-10-05,2023,Validation,81.5,100.0,200.0,stop,-101.0,-202.0
skip_if_original_stop_over_200,2023-10-05,2023,Validation,81.5,81.5,163.0,stop,-82.5,-165.0
hard_150_1r,2023-10-06,2023,Validation,71.25,75.0,150.0,target,74.0,148.0
hard_150_2r,2023-10-06,2023,Validation,71.25,75.0,150.0,target,149.0,298.0
hard_200_1p5r,2023-10-06,2023,Validation,71.25,100.0,200.0,target,149.0,298.0
hard_200_2r,2023-10-06,2023,Validation,71.25,100.0,200.0,target,199.0,398.0
skip_if_original_stop_over_200,2023-10-06,2023,Validation,71.25,71.25,142.5,target,141.5,283.0
hard_150_1r,2023-10-10,2023,Validation,57.5,75.0,150.0,target,74.0,148.0
hard_150_2r,2023-10-10,2023,Validation,57.5,75.0,150.0,time,-41.25,-82.5
hard_200_1p5r,2023-10-10,2023,Validation,57.5,100.0,200.0,time,-41.25,-82.5
hard_200_2r,2023-10-10,2023,Validation,57.5,100.0,200.0,time,-41.25,-82.5
skip_if_original_stop_over_200,2023-10-10,2023,Validation,57.5,57.5,115.0,time,-41.25,-82.5
hard_150_1r,2023-10-16,2023,Validation,65.875,75.0,150.0,stop,-76.0,-152.0
hard_150_2r,2023-10-16,2023,Validation,65.875,75.0,150.0,stop,-76.0,-152.0
hard_200_1p5r,2023-10-16,2023,Validation,65.875,100.0,200.0,time,6.0,12.0
hard_200_2r,2023-10-16,2023,Validation,65.875,100.0,200.0,time,6.0,12.0
skip_if_original_stop_over_200,2023-10-16,2023,Validation,65.875,65.875,131.75,stop,-66.875,-133.75
hard_150_1r,2023-10-18,2023,Validation,51.0,75.0,150.0,target,74.0,148.0
hard_150_2r,2023-10-18,2023,Validation,51.0,75.0,150.0,time,97.25,194.5
hard_200_1p5r,2023-10-18,2023,Validation,51.0,100.0,200.0,time,97.25,194.5
hard_200_2r,2023-10-18,2023,Validation,51.0,100.0,200.0,time,97.25,194.5
skip_if_original_stop_over_200,2023-10-18,2023,Validation,51.0,51.0,102.0,stop,-52.0,-104.0
hard_150_1r,2023-11-10,2023,Validation,42.625,75.0,150.0,target,74.0,148.0
hard_150_2r,2023-11-10,2023,Validation,42.625,75.0,150.0,target,149.0,298.0
hard_200_1p5r,2023-11-10,2023,Validation,42.625,100.0,200.0,target,149.0,298.0
hard_200_2r,2023-11-10,2023,Validation,42.625,100.0,200.0,target,199.0,398.0
skip_if_original_stop_over_200,2023-11-10,2023,Validation,42.625,42.625,85.25,target,84.25,168.5
hard_150_1r,2023-11-20,2023,Validation,53.75,75.0,150.0,target,74.0,148.0
hard_150_2r,2023-11-20,2023,Validation,53.75,75.0,150.0,time,64.25,128.5
hard_200_1p5r,2023-11-20,2023,Validation,53.75,100.0,200.0,time,64.25,128.5
hard_200_2r,2023-11-20,2023,Validation,53.75,100.0,200.0,time,64.25,128.5
skip_if_original_stop_over_200,2023-11-20,2023,Validation,53.75,53.75,107.5,time,64.25,128.5
hard_150_1r,2023-11-28,2023,Validation,24.5,75.0,150.0,time,27.0,54.0
hard_150_2r,2023-11-28,2023,Validation,24.5,75.0,150.0,time,27.0,54.0
hard_200_1p5r,2023-11-28,2023,Validation,24.5,100.0,200.0,time,27.0,54.0
hard_200_2r,2023-11-28,2023,Validation,24.5,100.0,200.0,time,27.0,54.0
skip_if_original_stop_over_200,2023-11-28,2023,Validation,24.5,24.5,49.0,target,48.0,96.0
hard_150_1r,2023-12-01,2023,Validation,45.0,75.0,150.0,time,28.75,57.5
hard_150_2r,2023-12-01,2023,Validation,45.0,75.0,150.0,time,28.75,57.5
hard_200_1p5r,2023-12-01,2023,Validation,45.0,100.0,200.0,time,28.75,57.5
hard_200_2r,2023-12-01,2023,Validation,45.0,100.0,200.0,time,28.75,57.5
skip_if_original_stop_over_200,2023-12-01,2023,Validation,45.0,45.0,90.0,stop,-46.0,-92.0
hard_150_1r,2023-12-04,2023,Validation,64.875,75.0,150.0,stop,-76.0,-152.0
hard_150_2r,2023-12-04,2023,Validation,64.875,75.0,150.0,stop,-76.0,-152.0
hard_200_1p5r,2023-12-04,2023,Validation,64.875,100.0,200.0,stop,-101.0,-202.0
hard_200_2r,2023-12-04,2023,Validation,64.875,100.0,200.0,stop,-101.0,-202.0
skip_if_original_stop_over_200,2023-12-04,2023,Validation,64.875,64.875,129.75,stop,-65.875,-131.75
hard_150_1r,2023-12-20,2023,Validation,41.75,75.0,150.0,stop,-76.0,-152.0
hard_150_2r,2023-12-20,2023,Validation,41.75,75.0,150.0,stop,-76.0,-152.0
hard_200_1p5r,2023-12-20,2023,Validation,41.75,100.0,200.0,stop,-101.0,-202.0
hard_200_2r,2023-12-20,2023,Validation,41.75,100.0,200.0,stop,-101.0,-202.0
skip_if_original_stop_over_200,2023-12-20,2023,Validation,41.75,41.75,83.5,stop,-42.75,-85.5
hard_150_1r,2023-12-22,2023,Validation,26.125,75.0,150.0,target,74.0,148.0
hard_150_2r,2023-12-22,2023,Validation,26.125,75.0,150.0,time,8.25,16.5
hard_200_1p5r,2023-12-22,2023,Validation,26.125,100.0,200.0,time,8.25,16.5
hard_200_2r,2023-12-22,2023,Validation,26.125,100.0,200.0,time,8.25,16.5
skip_if_original_stop_over_200,2023-12-22,2023,Validation,26.125,26.125,52.25,stop,-27.125,-54.25
hard_150_1r,2023-12-29,2023,Validation,16.875,75.0,150.0,target,74.0,148.0
hard_150_2r,2023-12-29,2023,Validation,16.875,75.0,150.0,time,62.0,124.0
hard_200_1p5r,2023-12-29,2023,Validation,16.875,100.0,200.0,time,62.0,124.0
hard_200_2r,2023-12-29,2023,Validation,16.875,100.0,200.0,time,62.0,124.0
skip_if_original_stop_over_200,2023-12-29,2023,Validation,16.875,16.875,33.75,target,32.75,65.5
hard_150_1r,2024-01-18,2024,Validation,34.0,75.0,150.0,stop,-76.0,-152.0
hard_150_2r,2024-01-18,2024,Validation,34.0,75.0,150.0,stop,-76.0,-152.0
hard_200_1p5r,2024-01-18,2024,Validation,34.0,100.0,200.0,stop,-101.0,-202.0
hard_200_2r,2024-01-18,2024,Validation,34.0,100.0,200.0,stop,-101.0,-202.0
skip_if_original_stop_over_200,2024-01-18,2024,Validation,34.0,34.0,68.0,stop,-35.0,-70.0
hard_150_1r,2024-01-22,2024,Validation,50.875,75.0,150.0,time,13.75,27.5
hard_150_2r,2024-01-22,2024,Validation,50.875,75.0,150.0,time,13.75,27.5
hard_200_1p5r,2024-01-22,2024,Validation,50.875,100.0,200.0,time,13.75,27.5
hard_200_2r,2024-01-22,2024,Validation,50.875,100.0,200.0,time,13.75,27.5
skip_if_original_stop_over_200,2024-01-22,2024,Validation,50.875,50.875,101.75,time,13.75,27.5
hard_150_1r,2024-01-26,2024,Validation,39.0,75.0,150.0,stop,-76.0,-152.0
hard_150_2r,2024-01-26,2024,Validation,39.0,75.0,150.0,stop,-76.0,-152.0
hard_200_1p5r,2024-01-26,2024,Validation,39.0,100.0,200.0,time,-70.25,-140.5
hard_200_2r,2024-01-26,2024,Validation,39.0,100.0,200.0,time,-70.25,-140.5
skip_if_original_stop_over_200,2024-01-26,2024,Validation,39.0,39.0,78.0,stop,-40.0,-80.0
hard_150_1r,2024-01-31,2024,Validation,54.25,75.0,150.0,stop,-76.0,-152.0
hard_150_2r,2024-01-31,2024,Validation,54.25,75.0,150.0,stop,-76.0,-152.0
hard_200_1p5r,2024-01-31,2024,Validation,54.25,100.0,200.0,stop,-101.0,-202.0
hard_200_2r,2024-01-31,2024,Validation,54.25,100.0,200.0,stop,-101.0,-202.0
skip_if_original_stop_over_200,2024-01-31,2024,Validation,54.25,54.25,108.5,stop,-55.25,-110.5
hard_150_1r,2024-02-02,2024,Validation,79.25,75.0,150.0,target,74.0,148.0
hard_150_2r,2024-02-02,2024,Validation,79.25,75.0,150.0,time,109.0,218.0
hard_200_1p5r,2024-02-02,2024,Validation,79.25,100.0,200.0,time,109.0,218.0
hard_200_2r,2024-02-02,2024,Validation,79.25,100.0,200.0,time,109.0,218.0
skip_if_original_stop_over_200,2024-02-02,2024,Validation,79.25,79.25,158.5,time,109.0,218.0
hard_150_1r,2024-02-05,2024,Validation,68.25,75.0,150.0,stop,-76.0,-152.0
hard_150_2r,2024-02-05,2024,Validation,68.25,75.0,150.0,stop,-76.0,-152.0
hard_200_1p5r,2024-02-05,2024,Validation,68.25,100.0,200.0,stop,-101.0,-202.0
hard_200_2r,2024-02-05,2024,Validation,68.25,100.0,200.0,stop,-101.0,-202.0
skip_if_original_stop_over_200,2024-02-05,2024,Validation,68.25,68.25,136.5,stop,-69.25,-138.5
hard_150_1r,2024-02-08,2024,Validation,29.0,75.0,150.0,time,-25.5,-51.0
hard_150_2r,2024-02-08,2024,Validation,29.0,75.0,150.0,time,-25.5,-51.0
hard_200_1p5r,2024-02-08,2024,Validation,29.0,100.0,200.0,time,-25.5,-51.0
hard_200_2r,2024-02-08,2024,Validation,29.0,100.0,200.0,time,-25.5,-51.0
skip_if_original_stop_over_200,2024-02-08,2024,Validation,29.0,29.0,58.0,stop,-30.0,-60.0
hard_150_1r,2024-02-13,2024,Validation,78.0,75.0,150.0,stop,-76.0,-152.0
hard_150_2r,2024-02-13,2024,Validation,78.0,75.0,150.0,stop,-76.0,-152.0
hard_200_1p5r,2024-02-13,2024,Validation,78.0,100.0,200.0,stop,-101.0,-202.0
hard_200_2r,2024-02-13,2024,Validation,78.0,100.0,200.0,stop,-101.0,-202.0
skip_if_original_stop_over_200,2024-02-13,2024,Validation,78.0,78.0,156.0,stop,-79.0,-158.0
hard_150_1r,2024-02-14,2024,Validation,52.0,75.0,150.0,stop,-76.0,-152.0
hard_150_2r,2024-02-14,2024,Validation,52.0,75.0,150.0,stop,-76.0,-152.0
hard_200_1p5r,2024-02-14,2024,Validation,52.0,100.0,200.0,stop,-101.0,-202.0
hard_200_2r,2024-02-14,2024,Validation,52.0,100.0,200.0,stop,-101.0,-202.0
skip_if_original_stop_over_200,2024-02-14,2024,Validation,52.0,52.0,104.0,stop,-53.0,-106.0
hard_150_1r,2024-02-15,2024,Validation,53.125,75.0,150.0,stop,-76.0,-152.0
hard_150_2r,2024-02-15,2024,Validation,53.125,75.0,150.0,stop,-76.0,-152.0
hard_200_1p5r,2024-02-15,2024,Validation,53.125,100.0,200.0,stop,-101.0,-202.0
hard_200_2r,2024-02-15,2024,Validation,53.125,100.0,200.0,stop,-101.0,-202.0
skip_if_original_stop_over_200,2024-02-15,2024,Validation,53.125,53.125,106.25,stop,-54.125,-108.25
hard_150_1r,2024-02-23,2024,Validation,50.5,75.0,150.0,target,74.0,148.0
hard_150_2r,2024-02-23,2024,Validation,50.5,75.0,150.0,time,18.0,36.0
hard_200_1p5r,2024-02-23,2024,Validation,50.5,100.0,200.0,time,18.0,36.0
hard_200_2r,2024-02-23,2024,Validation,50.5,100.0,200.0,time,18.0,36.0
skip_if_original_stop_over_200,2024-02-23,2024,Validation,50.5,50.5,101.0,time,18.0,36.0
hard_150_1r,2024-02-28,2024,Validation,35.25,75.0,150.0,time,-54.25,-108.5
hard_150_2r,2024-02-28,2024,Validation,35.25,75.0,150.0,time,-54.25,-108.5
hard_200_1p5r,2024-02-28,2024,Validation,35.25,100.0,200.0,time,-54.25,-108.5
hard_200_2r,2024-02-28,2024,Validation,35.25,100.0,200.0,time,-54.25,-108.5
skip_if_original_stop_over_200,2024-02-28,2024,Validation,35.25,35.25,70.5,stop,-36.25,-72.5
hard_150_1r,2024-03-08,2024,Validation,73.375,75.0,150.0,target,74.0,148.0
hard_150_2r,2024-03-08,2024,Validation,73.375,75.0,150.0,target,149.0,298.0
hard_200_1p5r,2024-03-08,2024,Validation,73.375,100.0,200.0,target,149.0,298.0
hard_200_2r,2024-03-08,2024,Validation,73.375,100.0,200.0,target,199.0,398.0
skip_if_original_stop_over_200,2024-03-08,2024,Validation,73.375,73.375,146.75,target,145.75,291.5
hard_150_1r,2024-03-12,2024,Validation,96.625,75.0,150.0,target,74.0,148.0
hard_150_2r,2024-03-12,2024,Validation,96.625,75.0,150.0,time,81.75,163.5
hard_200_1p5r,2024-03-12,2024,Validation,96.625,100.0,200.0,time,81.75,163.5
hard_200_2r,2024-03-12,2024,Validation,96.625,100.0,200.0,time,81.75,163.5
skip_if_original_stop_over_200,2024-03-12,2024,Validation,96.625,96.625,193.25,time,81.75,163.5
hard_150_1r,2024-04-08,2024,Validation,51.875,75.0,150.0,stop,-76.0,-152.0
hard_150_2r,2024-04-08,2024,Validation,51.875,75.0,150.0,stop,-76.0,-152.0
hard_200_1p5r,2024-04-08,2024,Validation,51.875,100.0,200.0,stop,-101.0,-202.0
hard_200_2r,2024-04-08,2024,Validation,51.875,100.0,200.0,stop,-101.0,-202.0
skip_if_original_stop_over_200,2024-04-08,2024,Validation,51.875,51.875,103.75,stop,-52.875,-105.75
hard_150_1r,2024-04-09,2024,Validation,67.25,75.0,150.0,target,74.0,148.0
hard_150_2r,2024-04-09,2024,Validation,67.25,75.0,150.0,stop,-76.0,-152.0
hard_200_1p5r,2024-04-09,2024,Validation,67.25,100.0,200.0,stop,-101.0,-202.0
hard_200_2r,2024-04-09,2024,Validation,67.25,100.0,200.0,stop,-101.0,-202.0
skip_if_original_stop_over_200,2024-04-09,2024,Validation,67.25,67.25,134.5,stop,-68.25,-136.5
hard_150_1r,2024-04-12,2024,Validation,42.25,75.0,150.0,target,74.0,148.0
hard_150_2r,2024-04-12,2024,Validation,42.25,75.0,150.0,time,61.0,122.0
hard_200_1p5r,2024-04-12,2024,Validation,42.25,100.0,200.0,time,61.0,122.0
hard_200_2r,2024-04-12,2024,Validation,42.25,100.0,200.0,time,61.0,122.0
skip_if_original_stop_over_200,2024-04-12,2024,Validation,42.25,42.25,84.5,stop,-43.25,-86.5
hard_150_1r,2024-04-17,2024,Validation,75.625,75.0,150.0,stop,-76.0,-152.0
hard_150_2r,2024-04-17,2024,Validation,75.625,75.0,150.0,stop,-76.0,-152.0
hard_200_1p5r,2024-04-17,2024,Validation,75.625,100.0,200.0,target,149.0,298.0
hard_200_2r,2024-04-17,2024,Validation,75.625,100.0,200.0,time,73.25,146.5
skip_if_original_stop_over_200,2024-04-17,2024,Validation,75.625,75.625,151.25,stop,-76.625,-153.25
hard_150_1r,2024-04-22,2024,Validation,74.625,75.0,150.0,stop,-76.0,-152.0
hard_150_2r,2024-04-22,2024,Validation,74.625,75.0,150.0,stop,-76.0,-152.0
hard_200_1p5r,2024-04-22,2024,Validation,74.625,100.0,200.0,stop,-101.0,-202.0
hard_200_2r,2024-04-22,2024,Validation,74.625,100.0,200.0,stop,-101.0,-202.0
skip_if_original_stop_over_200,2024-04-22,2024,Validation,74.625,74.625,149.25,stop,-75.625,-151.25
hard_150_1r,2024-04-23,2024,Validation,78.5,75.0,150.0,time,11.75,23.5
hard_150_2r,2024-04-23,2024,Validation,78.5,75.0,150.0,time,11.75,23.5
hard_200_1p5r,2024-04-23,2024,Validation,78.5,100.0,200.0,time,11.75,23.5
hard_200_2r,2024-04-23,2024,Validation,78.5,100.0,200.0,time,11.75,23.5
skip_if_original_stop_over_200,2024-04-23,2024,Validation,78.5,78.5,157.0,time,11.75,23.5
hard_150_1r,2024-05-07,2024,Validation,27.125,75.0,150.0,stop,-76.0,-152.0
hard_150_2r,2024-05-07,2024,Validation,27.125,75.0,150.0,stop,-76.0,-152.0
hard_200_1p5r,2024-05-07,2024,Validation,27.125,100.0,200.0,time,-41.0,-82.0
hard_200_2r,2024-05-07,2024,Validation,27.125,100.0,200.0,time,-41.0,-82.0
skip_if_original_stop_over_200,2024-05-07,2024,Validation,27.125,27.125,54.25,stop,-28.125,-56.25
hard_150_1r,2024-05-09,2024,Validation,47.625,75.0,150.0,time,2.75,5.5
hard_150_2r,2024-05-09,2024,Validation,47.625,75.0,150.0,time,2.75,5.5
hard_200_1p5r,2024-05-09,2024,Validation,47.625,100.0,200.0,time,2.75,5.5
hard_200_2r,2024-05-09,2024,Validation,47.625,100.0,200.0,time,2.75,5.5
skip_if_original_stop_over_200,2024-05-09,2024,Validation,47.625,47.625,95.25,time,2.75,5.5
hard_150_1r,2024-05-10,2024,Validation,61.25,75.0,150.0,time,-71.25,-142.5
hard_150_2r,2024-05-10,2024,Validation,61.25,75.0,150.0,time,-71.25,-142.5
hard_200_1p5r,2024-05-10,2024,Validation,61.25,100.0,200.0,time,-71.25,-142.5
hard_200_2r,2024-05-10,2024,Validation,61.25,100.0,200.0,time,-71.25,-142.5
skip_if_original_stop_over_200,2024-05-10,2024,Validation,61.25,61.25,122.5,stop,-62.25,-124.5
hard_150_1r,2024-05-30,2024,Validation,42.625,75.0,150.0,target,74.0,148.0
hard_150_2r,2024-05-30,2024,Validation,42.625,75.0,150.0,time,52.75,105.5
hard_200_1p5r,2024-05-30,2024,Validation,42.625,100.0,200.0,time,52.75,105.5
hard_200_2r,2024-05-30,2024,Validation,42.625,100.0,200.0,time,52.75,105.5
skip_if_original_stop_over_200,2024-05-30,2024,Validation,42.625,42.625,85.25,stop,-43.625,-87.25
hard_150_1r,2024-05-31,2024,Validation,108.25,75.0,150.0,target,74.0,148.0
hard_150_2r,2024-05-31,2024,Validation,108.25,75.0,150.0,stop,-76.0,-152.0
hard_200_1p5r,2024-05-31,2024,Validation,108.25,100.0,200.0,stop,-101.0,-202.0
hard_200_2r,2024-05-31,2024,Validation,108.25,100.0,200.0,stop,-101.0,-202.0
hard_150_1r,2024-06-03,2024,Validation,55.0,75.0,150.0,target,74.0,148.0
hard_150_2r,2024-06-03,2024,Validation,55.0,75.0,150.0,target,149.0,298.0
hard_200_1p5r,2024-06-03,2024,Validation,55.0,100.0,200.0,target,149.0,298.0
hard_200_2r,2024-06-03,2024,Validation,55.0,100.0,200.0,time,3.5,7.0
skip_if_original_stop_over_200,2024-06-03,2024,Validation,55.0,55.0,110.0,target,109.0,218.0
hard_150_1r,2024-06-05,2024,Validation,47.0,75.0,150.0,target,74.0,148.0
hard_150_2r,2024-06-05,2024,Validation,47.0,75.0,150.0,time,134.75,269.5
hard_200_1p5r,2024-06-05,2024,Validation,47.0,100.0,200.0,time,134.75,269.5
hard_200_2r,2024-06-05,2024,Validation,47.0,100.0,200.0,time,134.75,269.5
skip_if_original_stop_over_200,2024-06-05,2024,Validation,47.0,47.0,94.0,target,93.0,186.0
hard_150_1r,2024-06-07,2024,Validation,36.25,75.0,150.0,target,74.0,148.0
hard_150_2r,2024-06-07,2024,Validation,36.25,75.0,150.0,stop,-76.0,-152.0
hard_200_1p5r,2024-06-07,2024,Validation,36.25,100.0,200.0,time,-41.25,-82.5
hard_200_2r,2024-06-07,2024,Validation,36.25,100.0,200.0,time,-41.25,-82.5
skip_if_original_stop_over_200,2024-06-07,2024,Validation,36.25,36.25,72.5,stop,-37.25,-74.5
hard_150_1r,2024-06-24,2024,Validation,64.375,75.0,150.0,target,74.0,148.0
hard_150_2r,2024-06-24,2024,Validation,64.375,75.0,150.0,time,82.25,164.5
hard_200_1p5r,2024-06-24,2024,Validation,64.375,100.0,200.0,time,82.25,164.5
hard_200_2r,2024-06-24,2024,Validation,64.375,100.0,200.0,time,82.25,164.5
skip_if_original_stop_over_200,2024-06-24,2024,Validation,64.375,64.375,128.75,stop,-65.375,-130.75
hard_150_1r,2024-07-08,2024,Validation,28.375,75.0,150.0,time,6.0,12.0
hard_150_2r,2024-07-08,2024,Validation,28.375,75.0,150.0,time,6.0,12.0
hard_200_1p5r,2024-07-08,2024,Validation,28.375,100.0,200.0,time,6.0,12.0
hard_200_2r,2024-07-08,2024,Validation,28.375,100.0,200.0,time,6.0,12.0
skip_if_original_stop_over_200,2024-07-08,2024,Validation,28.375,28.375,56.75,stop,-29.375,-58.75
hard_150_1r,2024-07-10,2024,Validation,37.5,75.0,150.0,stop,-76.0,-152.0
hard_150_2r,2024-07-10,2024,Validation,37.5,75.0,150.0,stop,-76.0,-152.0
hard_200_1p5r,2024-07-10,2024,Validation,37.5,100.0,200.0,stop,-101.0,-202.0
hard_200_2r,2024-07-10,2024,Validation,37.5,100.0,200.0,stop,-101.0,-202.0
skip_if_original_stop_over_200,2024-07-10,2024,Validation,37.5,37.5,75.0,stop,-38.5,-77.0
hard_150_1r,2024-07-18,2024,Validation,64.75,75.0,150.0,target,74.0,148.0
hard_150_2r,2024-07-18,2024,Validation,64.75,75.0,150.0,target,149.0,298.0
hard_200_1p5r,2024-07-18,2024,Validation,64.75,100.0,200.0,target,149.0,298.0
hard_200_2r,2024-07-18,2024,Validation,64.75,100.0,200.0,target,199.0,398.0
skip_if_original_stop_over_200,2024-07-18,2024,Validation,64.75,64.75,129.5,target,128.5,257.0
hard_150_1r,2024-07-19,2024,Validation,88.875,75.0,150.0,stop,-76.0,-152.0
hard_150_2r,2024-07-19,2024,Validation,88.875,75.0,150.0,stop,-76.0,-152.0
hard_200_1p5r,2024-07-19,2024,Validation,88.875,100.0,200.0,time,81.0,162.0
hard_200_2r,2024-07-19,2024,Validation,88.875,100.0,200.0,time,81.0,162.0
skip_if_original_stop_over_200,2024-07-19,2024,Validation,88.875,88.875,177.75,time,81.0,162.0
hard_150_1r,2024-08-13,2024,Validation,53.125,75.0,150.0,target,74.0,148.0
hard_150_2r,2024-08-13,2024,Validation,53.125,75.0,150.0,target,149.0,298.0
hard_200_1p5r,2024-08-13,2024,Validation,53.125,100.0,200.0,target,149.0,298.0
hard_200_2r,2024-08-13,2024,Validation,53.125,100.0,200.0,time,128.75,257.5
skip_if_original_stop_over_200,2024-08-13,2024,Validation,53.125,53.125,106.25,target,105.25,210.5
hard_150_1r,2024-08-14,2024,Validation,104.75,75.0,150.0,stop,-76.0,-152.0
hard_150_2r,2024-08-14,2024,Validation,104.75,75.0,150.0,stop,-76.0,-152.0
hard_200_1p5r,2024-08-14,2024,Validation,104.75,100.0,200.0,stop,-101.0,-202.0
hard_200_2r,2024-08-14,2024,Validation,104.75,100.0,200.0,stop,-101.0,-202.0
hard_150_1r,2024-08-20,2024,Validation,60.875,75.0,150.0,stop,-76.0,-152.0
hard_150_2r,2024-08-20,2024,Validation,60.875,75.0,150.0,stop,-76.0,-152.0
hard_200_1p5r,2024-08-20,2024,Validation,60.875,100.0,200.0,stop,-101.0,-202.0
hard_200_2r,2024-08-20,2024,Validation,60.875,100.0,200.0,stop,-101.0,-202.0
skip_if_original_stop_over_200,2024-08-20,2024,Validation,60.875,60.875,121.75,stop,-61.875,-123.75
hard_150_1r,2024-08-21,2024,Validation,49.125,75.0,150.0,stop,-76.0,-152.0
hard_150_2r,2024-08-21,2024,Validation,49.125,75.0,150.0,stop,-76.0,-152.0
hard_200_1p5r,2024-08-21,2024,Validation,49.125,100.0,200.0,stop,-101.0,-202.0
hard_200_2r,2024-08-21,2024,Validation,49.125,100.0,200.0,stop,-101.0,-202.0
skip_if_original_stop_over_200,2024-08-21,2024,Validation,49.125,49.125,98.25,stop,-50.125,-100.25
hard_150_1r,2024-08-23,2024,Validation,98.875,75.0,150.0,stop,-76.0,-152.0
hard_150_2r,2024-08-23,2024,Validation,98.875,75.0,150.0,stop,-76.0,-152.0
hard_200_1p5r,2024-08-23,2024,Validation,98.875,100.0,200.0,stop,-101.0,-202.0
hard_200_2r,2024-08-23,2024,Validation,98.875,100.0,200.0,stop,-101.0,-202.0
skip_if_original_stop_over_200,2024-08-23,2024,Validation,98.875,98.875,197.75,stop,-99.875,-199.75
hard_150_1r,2024-08-26,2024,Validation,96.5,75.0,150.0,stop,-76.0,-152.0
hard_150_2r,2024-08-26,2024,Validation,96.5,75.0,150.0,stop,-76.0,-152.0
hard_200_1p5r,2024-08-26,2024,Validation,96.5,100.0,200.0,time,-33.25,-66.5
hard_200_2r,2024-08-26,2024,Validation,96.5,100.0,200.0,time,-33.25,-66.5
skip_if_original_stop_over_200,2024-08-26,2024,Validation,96.5,96.5,193.0,time,-33.25,-66.5
hard_150_1r,2024-08-27,2024,Validation,96.25,75.0,150.0,time,-5.75,-11.5
hard_150_2r,2024-08-27,2024,Validation,96.25,75.0,150.0,time,-5.75,-11.5
hard_200_1p5r,2024-08-27,2024,Validation,96.25,100.0,200.0,time,-5.75,-11.5
hard_200_2r,2024-08-27,2024,Validation,96.25,100.0,200.0,time,-5.75,-11.5
skip_if_original_stop_over_200,2024-08-27,2024,Validation,96.25,96.25,192.5,time,-5.75,-11.5
hard_150_1r,2024-08-28,2024,Validation,71.625,75.0,150.0,target,74.0,148.0
hard_150_2r,2024-08-28,2024,Validation,71.625,75.0,150.0,target,149.0,298.0
hard_200_1p5r,2024-08-28,2024,Validation,71.625,100.0,200.0,target,149.0,298.0
hard_200_2r,2024-08-28,2024,Validation,71.625,100.0,200.0,target,199.0,398.0
skip_if_original_stop_over_200,2024-08-28,2024,Validation,71.625,71.625,143.25,target,142.25,284.5
hard_150_1r,2024-08-30,2024,Validation,57.375,75.0,150.0,target,74.0,148.0
hard_150_2r,2024-08-30,2024,Validation,57.375,75.0,150.0,stop,-76.0,-152.0
hard_200_1p5r,2024-08-30,2024,Validation,57.375,100.0,200.0,stop,-101.0,-202.0
hard_200_2r,2024-08-30,2024,Validation,57.375,100.0,200.0,stop,-101.0,-202.0
skip_if_original_stop_over_200,2024-08-30,2024,Validation,57.375,57.375,114.75,stop,-58.375,-116.75
hard_150_1r,2024-09-03,2024,Validation,100.125,75.0,150.0,target,74.0,148.0
hard_150_2r,2024-09-03,2024,Validation,100.125,75.0,150.0,target,149.0,298.0
hard_200_1p5r,2024-09-03,2024,Validation,100.125,100.0,200.0,target,149.0,298.0
hard_200_2r,2024-09-03,2024,Validation,100.125,100.0,200.0,target,199.0,398.0
hard_150_1r,2024-09-04,2024,Validation,81.875,75.0,150.0,target,74.0,148.0
hard_150_2r,2024-09-04,2024,Validation,81.875,75.0,150.0,stop,-76.0,-152.0
hard_200_1p5r,2024-09-04,2024,Validation,81.875,100.0,200.0,stop,-101.0,-202.0
hard_200_2r,2024-09-04,2024,Validation,81.875,100.0,200.0,stop,-101.0,-202.0
skip_if_original_stop_over_200,2024-09-04,2024,Validation,81.875,81.875,163.75,stop,-82.875,-165.75
hard_150_1r,2024-09-05,2024,Validation,132.75,75.0,150.0,stop,-76.0,-152.0
hard_150_2r,2024-09-05,2024,Validation,132.75,75.0,150.0,stop,-76.0,-152.0
hard_200_1p5r,2024-09-05,2024,Validation,132.75,100.0,200.0,stop,-101.0,-202.0
hard_200_2r,2024-09-05,2024,Validation,132.75,100.0,200.0,stop,-101.0,-202.0
hard_150_1r,2024-09-06,2024,Validation,163.625,75.0,150.0,target,74.0,148.0
hard_150_2r,2024-09-06,2024,Validation,163.625,75.0,150.0,target,149.0,298.0
hard_200_1p5r,2024-09-06,2024,Validation,163.625,100.0,200.0,target,149.0,298.0
hard_200_2r,2024-09-06,2024,Validation,163.625,100.0,200.0,time,141.0,282.0
hard_150_1r,2024-09-09,2024,Validation,58.0,75.0,150.0,target,74.0,148.0
hard_150_2r,2024-09-09,2024,Validation,58.0,75.0,150.0,stop,-76.0,-152.0
hard_200_1p5r,2024-09-09,2024,Validation,58.0,100.0,200.0,stop,-101.0,-202.0
hard_200_2r,2024-09-09,2024,Validation,58.0,100.0,200.0,stop,-101.0,-202.0
skip_if_original_stop_over_200,2024-09-09,2024,Validation,58.0,58.0,116.0,stop,-59.0,-118.0
hard_150_1r,2024-09-16,2024,Validation,68.125,75.0,150.0,stop,-76.0,-152.0
hard_150_2r,2024-09-16,2024,Validation,68.125,75.0,150.0,stop,-76.0,-152.0
hard_200_1p5r,2024-09-16,2024,Validation,68.125,100.0,200.0,stop,-101.0,-202.0
hard_200_2r,2024-09-16,2024,Validation,68.125,100.0,200.0,stop,-101.0,-202.0
skip_if_original_stop_over_200,2024-09-16,2024,Validation,68.125,68.125,136.25,stop,-69.125,-138.25
hard_150_1r,2024-09-17,2024,Validation,59.875,75.0,150.0,stop,-76.0,-152.0
hard_150_2r,2024-09-17,2024,Validation,59.875,75.0,150.0,stop,-76.0,-152.0
hard_200_1p5r,2024-09-17,2024,Validation,59.875,100.0,200.0,stop,-101.0,-202.0
hard_200_2r,2024-09-17,2024,Validation,59.875,100.0,200.0,stop,-101.0,-202.0
skip_if_original_stop_over_200,2024-09-17,2024,Validation,59.875,59.875,119.75,stop,-60.875,-121.75
hard_150_1r,2024-09-19,2024,Validation,86.0,75.0,150.0,stop,-76.0,-152.0
hard_150_2r,2024-09-19,2024,Validation,86.0,75.0,150.0,stop,-76.0,-152.0
hard_200_1p5r,2024-09-19,2024,Validation,86.0,100.0,200.0,time,-58.5,-117.0
hard_200_2r,2024-09-19,2024,Validation,86.0,100.0,200.0,time,-58.5,-117.0
skip_if_original_stop_over_200,2024-09-19,2024,Validation,86.0,86.0,172.0,stop,-87.0,-174.0
hard_150_1r,2024-09-26,2024,Validation,89.625,75.0,150.0,target,74.0,148.0
hard_150_2r,2024-09-26,2024,Validation,89.625,75.0,150.0,time,-11.25,-22.5
hard_200_1p5r,2024-09-26,2024,Validation,89.625,100.0,200.0,time,-11.25,-22.5
hard_200_2r,2024-09-26,2024,Validation,89.625,100.0,200.0,time,-11.25,-22.5
skip_if_original_stop_over_200,2024-09-26,2024,Validation,89.625,89.625,179.25,time,-11.25,-22.5
hard_150_1r,2024-09-27,2024,Validation,48.875,75.0,150.0,target,74.0,148.0
hard_150_2r,2024-09-27,2024,Validation,48.875,75.0,150.0,time,43.25,86.5
hard_200_1p5r,2024-09-27,2024,Validation,48.875,100.0,200.0,time,43.25,86.5
hard_200_2r,2024-09-27,2024,Validation,48.875,100.0,200.0,time,43.25,86.5
skip_if_original_stop_over_200,2024-09-27,2024,Validation,48.875,48.875,97.75,stop,-49.875,-99.75
hard_150_1r,2024-10-15,2024,Validation,74.5,75.0,150.0,target,74.0,148.0
hard_150_2r,2024-10-15,2024,Validation,74.5,75.0,150.0,target,149.0,298.0
hard_200_1p5r,2024-10-15,2024,Validation,74.5,100.0,200.0,target,149.0,298.0
hard_200_2r,2024-10-15,2024,Validation,74.5,100.0,200.0,time,107.0,214.0
skip_if_original_stop_over_200,2024-10-15,2024,Validation,74.5,74.5,149.0,target,148.0,296.0
hard_150_1r,2024-10-21,2024,Validation,65.875,75.0,150.0,stop,-76.0,-152.0
hard_150_2r,2024-10-21,2024,Validation,65.875,75.0,150.0,stop,-76.0,-152.0
hard_200_1p5r,2024-10-21,2024,Validation,65.875,100.0,200.0,stop,-101.0,-202.0
hard_200_2r,2024-10-21,2024,Validation,65.875,100.0,200.0,stop,-101.0,-202.0
skip_if_original_stop_over_200,2024-10-21,2024,Validation,65.875,65.875,131.75,stop,-66.875,-133.75
hard_150_1r,2024-10-23,2024,Validation,58.375,75.0,150.0,target,74.0,148.0
hard_150_2r,2024-10-23,2024,Validation,58.375,75.0,150.0,target,149.0,298.0
hard_200_1p5r,2024-10-23,2024,Validation,58.375,100.0,200.0,target,149.0,298.0
hard_200_2r,2024-10-23,2024,Validation,58.375,100.0,200.0,target,199.0,398.0
skip_if_original_stop_over_200,2024-10-23,2024,Validation,58.375,58.375,116.75,target,115.75,231.5
hard_150_1r,2024-11-07,2024,Validation,62.625,75.0,150.0,target,74.0,148.0
hard_150_2r,2024-11-07,2024,Validation,62.625,75.0,150.0,time,60.0,120.0
hard_200_1p5r,2024-11-07,2024,Validation,62.625,100.0,200.0,time,60.0,120.0
hard_200_2r,2024-11-07,2024,Validation,62.625,100.0,200.0,time,60.0,120.0
skip_if_original_stop_over_200,2024-11-07,2024,Validation,62.625,62.625,125.25,time,60.0,120.0
hard_150_1r,2024-11-18,2024,Validation,76.0,75.0,150.0,stop,-76.0,-152.0
hard_150_2r,2024-11-18,2024,Validation,76.0,75.0,150.0,stop,-76.0,-152.0
hard_200_1p5r,2024-11-18,2024,Validation,76.0,100.0,200.0,stop,-101.0,-202.0
hard_200_2r,2024-11-18,2024,Validation,76.0,100.0,200.0,stop,-101.0,-202.0
skip_if_original_stop_over_200,2024-11-18,2024,Validation,76.0,76.0,152.0,stop,-77.0,-154.0
hard_150_1r,2024-11-19,2024,Validation,48.5,75.0,150.0,target,74.0,148.0
hard_150_2r,2024-11-19,2024,Validation,48.5,75.0,150.0,target,149.0,298.0
hard_200_1p5r,2024-11-19,2024,Validation,48.5,100.0,200.0,target,149.0,298.0
hard_200_2r,2024-11-19,2024,Validation,48.5,100.0,200.0,time,139.0,278.0
skip_if_original_stop_over_200,2024-11-19,2024,Validation,48.5,48.5,97.0,target,96.0,192.0
hard_150_1r,2024-11-27,2024,Validation,87.0,75.0,150.0,stop,-76.0,-152.0
hard_150_2r,2024-11-27,2024,Validation,87.0,75.0,150.0,stop,-76.0,-152.0
hard_200_1p5r,2024-11-27,2024,Validation,87.0,100.0,200.0,time,-64.0,-128.0
hard_200_2r,2024-11-27,2024,Validation,87.0,100.0,200.0,time,-64.0,-128.0
skip_if_original_stop_over_200,2024-11-27,2024,Validation,87.0,87.0,174.0,stop,-88.0,-176.0
hard_150_1r,2024-12-09,2024,Validation,51.875,75.0,150.0,target,74.0,148.0
hard_150_2r,2024-12-09,2024,Validation,51.875,75.0,150.0,time,64.25,128.5
hard_200_1p5r,2024-12-09,2024,Validation,51.875,100.0,200.0,time,64.25,128.5
hard_200_2r,2024-12-09,2024,Validation,51.875,100.0,200.0,time,64.25,128.5
skip_if_original_stop_over_200,2024-12-09,2024,Validation,51.875,51.875,103.75,time,64.25,128.5
hard_150_1r,2024-12-13,2024,Validation,59.0,75.0,150.0,target,74.0,148.0
hard_150_2r,2024-12-13,2024,Validation,59.0,75.0,150.0,stop,-76.0,-152.0
hard_200_1p5r,2024-12-13,2024,Validation,59.0,100.0,200.0,time,-52.0,-104.0
hard_200_2r,2024-12-13,2024,Validation,59.0,100.0,200.0,time,-52.0,-104.0
skip_if_original_stop_over_200,2024-12-13,2024,Validation,59.0,59.0,118.0,stop,-60.0,-120.0
hard_150_1r,2024-12-16,2024,Validation,49.875,75.0,150.0,target,74.0,148.0
hard_150_2r,2024-12-16,2024,Validation,49.875,75.0,150.0,time,87.25,174.5
hard_200_1p5r,2024-12-16,2024,Validation,49.875,100.0,200.0,time,87.25,174.5
hard_200_2r,2024-12-16,2024,Validation,49.875,100.0,200.0,time,87.25,174.5
skip_if_original_stop_over_200,2024-12-16,2024,Validation,49.875,49.875,99.75,target,98.75,197.5
hard_150_1r,2024-12-20,2024,Validation,150.375,75.0,150.0,target,74.0,148.0
hard_150_2r,2024-12-20,2024,Validation,150.375,75.0,150.0,target,149.0,298.0
hard_200_1p5r,2024-12-20,2024,Validation,150.375,100.0,200.0,target,149.0,298.0
hard_200_2r,2024-12-20,2024,Validation,150.375,100.0,200.0,target,199.0,398.0
hard_150_1r,2025-01-07,2025,OOS,140.375,75.0,150.0,target,74.0,148.0
hard_150_2r,2025-01-07,2025,OOS,140.375,75.0,150.0,target,149.0,298.0
hard_200_1p5r,2025-01-07,2025,OOS,140.375,100.0,200.0,target,149.0,298.0
hard_200_2r,2025-01-07,2025,OOS,140.375,100.0,200.0,target,199.0,398.0
hard_150_1r,2025-01-23,2025,OOS,26.0,75.0,150.0,target,74.0,148.0
hard_150_2r,2025-01-23,2025,OOS,26.0,75.0,150.0,time,84.0,168.0
hard_200_1p5r,2025-01-23,2025,OOS,26.0,100.0,200.0,time,84.0,168.0
hard_200_2r,2025-01-23,2025,OOS,26.0,100.0,200.0,time,84.0,168.0
skip_if_original_stop_over_200,2025-01-23,2025,OOS,26.0,26.0,52.0,target,51.0,102.0
hard_150_1r,2025-01-27,2025,OOS,130.625,75.0,150.0,stop,-76.0,-152.0
hard_150_2r,2025-01-27,2025,OOS,130.625,75.0,150.0,stop,-76.0,-152.0
hard_200_1p5r,2025-01-27,2025,OOS,130.625,100.0,200.0,stop,-101.0,-202.0
hard_200_2r,2025-01-27,2025,OOS,130.625,100.0,200.0,stop,-101.0,-202.0
hard_150_1r,2025-02-07,2025,OOS,141.0,75.0,150.0,stop,-76.0,-152.0
hard_150_2r,2025-02-07,2025,OOS,141.0,75.0,150.0,stop,-76.0,-152.0
hard_200_1p5r,2025-02-07,2025,OOS,141.0,100.0,200.0,stop,-101.0,-202.0
hard_200_2r,2025-02-07,2025,OOS,141.0,100.0,200.0,stop,-101.0,-202.0
hard_150_1r,2025-02-12,2025,OOS,101.625,75.0,150.0,stop,-76.0,-152.0
hard_150_2r,2025-02-12,2025,OOS,101.625,75.0,150.0,stop,-76.0,-152.0
hard_200_1p5r,2025-02-12,2025,OOS,101.625,100.0,200.0,stop,-101.0,-202.0
hard_200_2r,2025-02-12,2025,OOS,101.625,100.0,200.0,stop,-101.0,-202.0
hard_150_1r,2025-02-21,2025,OOS,97.875,75.0,150.0,target,74.0,148.0
hard_150_2r,2025-02-21,2025,OOS,97.875,75.0,150.0,target,149.0,298.0
hard_200_1p5r,2025-02-21,2025,OOS,97.875,100.0,200.0,target,149.0,298.0
hard_200_2r,2025-02-21,2025,OOS,97.875,100.0,200.0,target,199.0,398.0
skip_if_original_stop_over_200,2025-02-21,2025,OOS,97.875,97.875,195.75,target,194.75,389.5
hard_150_1r,2025-03-07,2025,OOS,109.125,75.0,150.0,stop,-76.0,-152.0
hard_150_2r,2025-03-07,2025,OOS,109.125,75.0,150.0,stop,-76.0,-152.0
hard_200_1p5r,2025-03-07,2025,OOS,109.125,100.0,200.0,stop,-101.0,-202.0
hard_200_2r,2025-03-07,2025,OOS,109.125,100.0,200.0,stop,-101.0,-202.0
hard_150_1r,2025-03-10,2025,OOS,125.125,75.0,150.0,target,74.0,148.0
hard_150_2r,2025-03-10,2025,OOS,125.125,75.0,150.0,target,149.0,298.0
hard_200_1p5r,2025-03-10,2025,OOS,125.125,100.0,200.0,target,149.0,298.0
hard_200_2r,2025-03-10,2025,OOS,125.125,100.0,200.0,target,199.0,398.0
hard_150_1r,2025-03-18,2025,OOS,132.875,75.0,150.0,stop,-76.0,-152.0
hard_150_2r,2025-03-18,2025,OOS,132.875,75.0,150.0,stop,-76.0,-152.0
hard_200_1p5r,2025-03-18,2025,OOS,132.875,100.0,200.0,stop,-101.0,-202.0
hard_200_2r,2025-03-18,2025,OOS,132.875,100.0,200.0,stop,-101.0,-202.0
hard_150_1r,2025-03-28,2025,OOS,155.125,75.0,150.0,target,74.0,148.0
hard_150_2r,2025-03-28,2025,OOS,155.125,75.0,150.0,target,149.0,298.0
hard_200_1p5r,2025-03-28,2025,OOS,155.125,100.0,200.0,target,149.0,298.0
hard_200_2r,2025-03-28,2025,OOS,155.125,100.0,200.0,time,145.75,291.5
hard_150_1r,2025-04-16,2025,OOS,85.125,75.0,150.0,stop,-76.0,-152.0
hard_150_2r,2025-04-16,2025,OOS,85.125,75.0,150.0,stop,-76.0,-152.0
hard_200_1p5r,2025-04-16,2025,OOS,85.125,100.0,200.0,stop,-101.0,-202.0
hard_200_2r,2025-04-16,2025,OOS,85.125,100.0,200.0,stop,-101.0,-202.0
skip_if_original_stop_over_200,2025-04-16,2025,OOS,85.125,85.125,170.25,stop,-86.125,-172.25
hard_150_1r,2025-04-17,2025,OOS,97.125,75.0,150.0,stop,-76.0,-152.0
hard_150_2r,2025-04-17,2025,OOS,97.125,75.0,150.0,stop,-76.0,-152.0
hard_200_1p5r,2025-04-17,2025,OOS,97.125,100.0,200.0,stop,-101.0,-202.0
hard_200_2r,2025-04-17,2025,OOS,97.125,100.0,200.0,stop,-101.0,-202.0
skip_if_original_stop_over_200,2025-04-17,2025,OOS,97.125,97.125,194.25,stop,-98.125,-196.25
hard_150_1r,2025-05-07,2025,OOS,59.75,75.0,150.0,stop,-76.0,-152.0
hard_150_2r,2025-05-07,2025,OOS,59.75,75.0,150.0,stop,-76.0,-152.0
hard_200_1p5r,2025-05-07,2025,OOS,59.75,100.0,200.0,target,149.0,298.0
hard_200_2r,2025-05-07,2025,OOS,59.75,100.0,200.0,stop,-101.0,-202.0
skip_if_original_stop_over_200,2025-05-07,2025,OOS,59.75,59.75,119.5,stop,-60.75,-121.5
hard_150_1r,2025-05-08,2025,OOS,74.5,75.0,150.0,stop,-76.0,-152.0
hard_150_2r,2025-05-08,2025,OOS,74.5,75.0,150.0,stop,-76.0,-152.0
hard_200_1p5r,2025-05-08,2025,OOS,74.5,100.0,200.0,stop,-101.0,-202.0
hard_200_2r,2025-05-08,2025,OOS,74.5,100.0,200.0,stop,-101.0,-202.0
skip_if_original_stop_over_200,2025-05-08,2025,OOS,74.5,74.5,149.0,stop,-75.5,-151.0
hard_150_1r,2025-05-09,2025,OOS,84.0,75.0,150.0,stop,-76.0,-152.0
hard_150_2r,2025-05-09,2025,OOS,84.0,75.0,150.0,stop,-76.0,-152.0
hard_200_1p5r,2025-05-09,2025,OOS,84.0,100.0,200.0,stop,-101.0,-202.0
hard_200_2r,2025-05-09,2025,OOS,84.0,100.0,200.0,stop,-101.0,-202.0
skip_if_original_stop_over_200,2025-05-09,2025,OOS,84.0,84.0,168.0,stop,-85.0,-170.0
hard_150_1r,2025-05-12,2025,OOS,99.375,75.0,150.0,stop,-76.0,-152.0
hard_150_2r,2025-05-12,2025,OOS,99.375,75.0,150.0,stop,-76.0,-152.0
hard_200_1p5r,2025-05-12,2025,OOS,99.375,100.0,200.0,stop,-101.0,-202.0
hard_200_2r,2025-05-12,2025,OOS,99.375,100.0,200.0,stop,-101.0,-202.0
skip_if_original_stop_over_200,2025-05-12,2025,OOS,99.375,99.375,198.75,stop,-100.375,-200.75
hard_150_1r,2025-05-21,2025,OOS,82.125,75.0,150.0,target,74.0,148.0
hard_150_2r,2025-05-21,2025,OOS,82.125,75.0,150.0,stop,-76.0,-152.0
hard_200_1p5r,2025-05-21,2025,OOS,82.125,100.0,200.0,stop,-101.0,-202.0
hard_200_2r,2025-05-21,2025,OOS,82.125,100.0,200.0,stop,-101.0,-202.0
skip_if_original_stop_over_200,2025-05-21,2025,OOS,82.125,82.125,164.25,stop,-83.125,-166.25
hard_150_1r,2025-06-09,2025,OOS,57.75,75.0,150.0,time,-56.0,-112.0
hard_150_2r,2025-06-09,2025,OOS,57.75,75.0,150.0,time,-56.0,-112.0
hard_200_1p5r,2025-06-09,2025,OOS,57.75,100.0,200.0,time,-56.0,-112.0
hard_200_2r,2025-06-09,2025,OOS,57.75,100.0,200.0,time,-56.0,-112.0
skip_if_original_stop_over_200,2025-06-09,2025,OOS,57.75,57.75,115.5,stop,-58.75,-117.5
hard_150_1r,2025-06-20,2025,OOS,121.0,75.0,150.0,target,74.0,148.0
hard_150_2r,2025-06-20,2025,OOS,121.0,75.0,150.0,time,59.25,118.5
hard_200_1p5r,2025-06-20,2025,OOS,121.0,100.0,200.0,time,59.25,118.5
hard_200_2r,2025-06-20,2025,OOS,121.0,100.0,200.0,time,59.25,118.5
hard_150_1r,2025-06-26,2025,OOS,49.5,75.0,150.0,target,74.0,148.0
hard_150_2r,2025-06-26,2025,OOS,49.5,75.0,150.0,time,99.0,198.0
hard_200_1p5r,2025-06-26,2025,OOS,49.5,100.0,200.0,time,99.0,198.0
hard_200_2r,2025-06-26,2025,OOS,49.5,100.0,200.0,time,99.0,198.0
skip_if_original_stop_over_200,2025-06-26,2025,OOS,49.5,49.5,99.0,target,98.0,196.0
hard_150_1r,2025-07-01,2025,OOS,49.75,75.0,150.0,target,74.0,148.0
hard_150_2r,2025-07-01,2025,OOS,49.75,75.0,150.0,time,20.75,41.5
hard_200_1p5r,2025-07-01,2025,OOS,49.75,100.0,200.0,time,20.75,41.5
hard_200_2r,2025-07-01,2025,OOS,49.75,100.0,200.0,time,20.75,41.5
skip_if_original_stop_over_200,2025-07-01,2025,OOS,49.75,49.75,99.5,target,98.5,197.0
hard_150_1r,2025-07-16,2025,OOS,70.375,75.0,150.0,target,74.0,148.0
hard_150_2r,2025-07-16,2025,OOS,70.375,75.0,150.0,stop,-76.0,-152.0
hard_200_1p5r,2025-07-16,2025,OOS,70.375,100.0,200.0,stop,-101.0,-202.0
hard_200_2r,2025-07-16,2025,OOS,70.375,100.0,200.0,stop,-101.0,-202.0
skip_if_original_stop_over_200,2025-07-16,2025,OOS,70.375,70.375,140.75,stop,-71.375,-142.75
hard_150_1r,2025-07-28,2025,OOS,32.125,75.0,150.0,time,-19.25,-38.5
hard_150_2r,2025-07-28,2025,OOS,32.125,75.0,150.0,time,-19.25,-38.5
hard_200_1p5r,2025-07-28,2025,OOS,32.125,100.0,200.0,time,-19.25,-38.5
hard_200_2r,2025-07-28,2025,OOS,32.125,100.0,200.0,time,-19.25,-38.5
skip_if_original_stop_over_200,2025-07-28,2025,OOS,32.125,32.125,64.25,stop,-33.125,-66.25
hard_150_1r,2025-07-29,2025,OOS,56.875,75.0,150.0,target,74.0,148.0
hard_150_2r,2025-07-29,2025,OOS,56.875,75.0,150.0,time,68.5,137.0
hard_200_1p5r,2025-07-29,2025,OOS,56.875,100.0,200.0,time,68.5,137.0
hard_200_2r,2025-07-29,2025,OOS,56.875,100.0,200.0,time,68.5,137.0
skip_if_original_stop_over_200,2025-07-29,2025,OOS,56.875,56.875,113.75,time,68.5,137.0
hard_150_1r,2025-09-05,2025,OOS,136.75,75.0,150.0,target,74.0,148.0
hard_150_2r,2025-09-05,2025,OOS,136.75,75.0,150.0,stop,-76.0,-152.0
hard_200_1p5r,2025-09-05,2025,OOS,136.75,100.0,200.0,time,-44.25,-88.5
hard_200_2r,2025-09-05,2025,OOS,136.75,100.0,200.0,time,-44.25,-88.5
hard_150_1r,2025-09-09,2025,OOS,38.25,75.0,150.0,stop,-76.0,-152.0
hard_150_2r,2025-09-09,2025,OOS,38.25,75.0,150.0,stop,-76.0,-152.0
hard_200_1p5r,2025-09-09,2025,OOS,38.25,100.0,200.0,stop,-101.0,-202.0
hard_200_2r,2025-09-09,2025,OOS,38.25,100.0,200.0,stop,-101.0,-202.0
skip_if_original_stop_over_200,2025-09-09,2025,OOS,38.25,38.25,76.5,stop,-39.25,-78.5
hard_150_1r,2025-09-30,2025,OOS,54.375,75.0,150.0,stop,-76.0,-152.0
hard_150_2r,2025-09-30,2025,OOS,54.375,75.0,150.0,stop,-76.0,-152.0
hard_200_1p5r,2025-09-30,2025,OOS,54.375,100.0,200.0,stop,-101.0,-202.0
hard_200_2r,2025-09-30,2025,OOS,54.375,100.0,200.0,stop,-101.0,-202.0
skip_if_original_stop_over_200,2025-09-30,2025,OOS,54.375,54.375,108.75,stop,-55.375,-110.75
hard_150_1r,2025-10-07,2025,OOS,28.625,75.0,150.0,target,74.0,148.0
hard_150_2r,2025-10-07,2025,OOS,28.625,75.0,150.0,target,149.0,298.0
hard_200_1p5r,2025-10-07,2025,OOS,28.625,100.0,200.0,target,149.0,298.0
hard_200_2r,2025-10-07,2025,OOS,28.625,100.0,200.0,target,199.0,398.0
skip_if_original_stop_over_200,2025-10-07,2025,OOS,28.625,28.625,57.25,target,56.25,112.5
hard_150_1r,2025-10-09,2025,OOS,45.25,75.0,150.0,time,-57.75,-115.5
hard_150_2r,2025-10-09,2025,OOS,45.25,75.0,150.0,time,-57.75,-115.5
hard_200_1p5r,2025-10-09,2025,OOS,45.25,100.0,200.0,time,-57.75,-115.5
hard_200_2r,2025-10-09,2025,OOS,45.25,100.0,200.0,time,-57.75,-115.5
skip_if_original_stop_over_200,2025-10-09,2025,OOS,45.25,45.25,90.5,stop,-46.25,-92.5
hard_150_1r,2025-10-10,2025,OOS,47.25,75.0,150.0,target,74.0,148.0
hard_150_2r,2025-10-10,2025,OOS,47.25,75.0,150.0,target,149.0,298.0
hard_200_1p5r,2025-10-10,2025,OOS,47.25,100.0,200.0,target,149.0,298.0
hard_200_2r,2025-10-10,2025,OOS,47.25,100.0,200.0,target,199.0,398.0
skip_if_original_stop_over_200,2025-10-10,2025,OOS,47.25,47.25,94.5,target,93.5,187.0
hard_150_1r,2025-10-22,2025,OOS,87.5,75.0,150.0,stop,-76.0,-152.0
hard_150_2r,2025-10-22,2025,OOS,87.5,75.0,150.0,stop,-76.0,-152.0
hard_200_1p5r,2025-10-22,2025,OOS,87.5,100.0,200.0,target,149.0,298.0
hard_200_2r,2025-10-22,2025,OOS,87.5,100.0,200.0,target,199.0,398.0
skip_if_original_stop_over_200,2025-10-22,2025,OOS,87.5,87.5,175.0,stop,-88.5,-177.0
hard_150_1r,2025-11-06,2025,OOS,140.625,75.0,150.0,target,74.0,148.0
hard_150_2r,2025-11-06,2025,OOS,140.625,75.0,150.0,target,149.0,298.0
hard_200_1p5r,2025-11-06,2025,OOS,140.625,100.0,200.0,target,149.0,298.0
hard_200_2r,2025-11-06,2025,OOS,140.625,100.0,200.0,time,112.0,224.0
hard_150_1r,2025-11-10,2025,OOS,70.625,75.0,150.0,stop,-76.0,-152.0
hard_150_2r,2025-11-10,2025,OOS,70.625,75.0,150.0,stop,-76.0,-152.0
hard_200_1p5r,2025-11-10,2025,OOS,70.625,100.0,200.0,stop,-101.0,-202.0
hard_200_2r,2025-11-10,2025,OOS,70.625,100.0,200.0,stop,-101.0,-202.0
skip_if_original_stop_over_200,2025-11-10,2025,OOS,70.625,70.625,141.25,stop,-71.625,-143.25
hard_150_1r,2025-11-11,2025,OOS,56.625,75.0,150.0,stop,-76.0,-152.0
hard_150_2r,2025-11-11,2025,OOS,56.625,75.0,150.0,stop,-76.0,-152.0
hard_200_1p5r,2025-11-11,2025,OOS,56.625,100.0,200.0,stop,-101.0,-202.0
hard_200_2r,2025-11-11,2025,OOS,56.625,100.0,200.0,stop,-101.0,-202.0
skip_if_original_stop_over_200,2025-11-11,2025,OOS,56.625,56.625,113.25,stop,-57.625,-115.25
hard_150_1r,2025-11-13,2025,OOS,110.875,75.0,150.0,target,74.0,148.0
hard_150_2r,2025-11-13,2025,OOS,110.875,75.0,150.0,target,149.0,298.0
hard_200_1p5r,2025-11-13,2025,OOS,110.875,100.0,200.0,target,149.0,298.0
hard_200_2r,2025-11-13,2025,OOS,110.875,100.0,200.0,target,199.0,398.0
hard_150_1r,2025-11-20,2025,OOS,76.875,75.0,150.0,target,74.0,148.0
hard_150_2r,2025-11-20,2025,OOS,76.875,75.0,150.0,target,149.0,298.0
hard_200_1p5r,2025-11-20,2025,OOS,76.875,100.0,200.0,target,149.0,298.0
hard_200_2r,2025-11-20,2025,OOS,76.875,100.0,200.0,target,199.0,398.0
skip_if_original_stop_over_200,2025-11-20,2025,OOS,76.875,76.875,153.75,target,152.75,305.5
hard_150_1r,2025-12-02,2025,OOS,91.75,75.0,150.0,stop,-76.0,-152.0
hard_150_2r,2025-12-02,2025,OOS,91.75,75.0,150.0,stop,-76.0,-152.0
hard_200_1p5r,2025-12-02,2025,OOS,91.75,100.0,200.0,stop,-101.0,-202.0
hard_200_2r,2025-12-02,2025,OOS,91.75,100.0,200.0,stop,-101.0,-202.0
skip_if_original_stop_over_200,2025-12-02,2025,OOS,91.75,91.75,183.5,stop,-92.75,-185.5
hard_150_1r,2025-12-03,2025,OOS,72.25,75.0,150.0,target,74.0,148.0
hard_150_2r,2025-12-03,2025,OOS,72.25,75.0,150.0,time,69.0,138.0
hard_200_1p5r,2025-12-03,2025,OOS,72.25,100.0,200.0,time,69.0,138.0
hard_200_2r,2025-12-03,2025,OOS,72.25,100.0,200.0,time,69.0,138.0
skip_if_original_stop_over_200,2025-12-03,2025,OOS,72.25,72.25,144.5,time,69.0,138.0
hard_150_1r,2025-12-08,2025,OOS,101.875,75.0,150.0,target,74.0,148.0
hard_150_2r,2025-12-08,2025,OOS,101.875,75.0,150.0,time,29.5,59.0
hard_200_1p5r,2025-12-08,2025,OOS,101.875,100.0,200.0,time,29.5,59.0
hard_200_2r,2025-12-08,2025,OOS,101.875,100.0,200.0,time,29.5,59.0
hard_150_1r,2025-12-10,2025,OOS,52.625,75.0,150.0,stop,-76.0,-152.0
hard_150_2r,2025-12-10,2025,OOS,52.625,75.0,150.0,stop,-76.0,-152.0
hard_200_1p5r,2025-12-10,2025,OOS,52.625,100.0,200.0,stop,-101.0,-202.0
hard_200_2r,2025-12-10,2025,OOS,52.625,100.0,200.0,stop,-101.0,-202.0
skip_if_original_stop_over_200,2025-12-10,2025,OOS,52.625,52.625,105.25,stop,-53.625,-107.25
hard_150_1r,2025-12-12,2025,OOS,152.25,75.0,150.0,target,74.0,148.0
hard_150_2r,2025-12-12,2025,OOS,152.25,75.0,150.0,stop,-76.0,-152.0
hard_200_1p5r,2025-12-12,2025,OOS,152.25,100.0,200.0,stop,-101.0,-202.0
hard_200_2r,2025-12-12,2025,OOS,152.25,100.0,200.0,stop,-101.0,-202.0
hard_150_1r,2025-12-17,2025,OOS,101.125,75.0,150.0,target,74.0,148.0
hard_150_2r,2025-12-17,2025,OOS,101.125,75.0,150.0,target,149.0,298.0
hard_200_1p5r,2025-12-17,2025,OOS,101.125,100.0,200.0,target,149.0,298.0
hard_200_2r,2025-12-17,2025,OOS,101.125,100.0,200.0,target,199.0,398.0
hard_150_1r,2025-12-22,2025,OOS,61.25,75.0,150.0,stop,-76.0,-152.0
hard_150_2r,2025-12-22,2025,OOS,61.25,75.0,150.0,stop,-76.0,-152.0
hard_200_1p5r,2025-12-22,2025,OOS,61.25,100.0,200.0,time,-52.75,-105.5
hard_200_2r,2025-12-22,2025,OOS,61.25,100.0,200.0,time,-52.75,-105.5
skip_if_original_stop_over_200,2025-12-22,2025,OOS,61.25,61.25,122.5,stop,-62.25,-124.5
hard_150_1r,2026-01-02,2026,OOS,173.25,75.0,150.0,target,74.0,148.0
hard_150_2r,2026-01-02,2026,OOS,173.25,75.0,150.0,stop,-76.0,-152.0
hard_200_1p5r,2026-01-02,2026,OOS,173.25,100.0,200.0,time,-3.25,-6.5
hard_200_2r,2026-01-02,2026,OOS,173.25,100.0,200.0,time,-3.25,-6.5
hard_150_1r,2026-01-09,2026,OOS,122.625,75.0,150.0,stop,-76.0,-152.0
hard_150_2r,2026-01-09,2026,OOS,122.625,75.0,150.0,stop,-76.0,-152.0
hard_200_1p5r,2026-01-09,2026,OOS,122.625,100.0,200.0,stop,-101.0,-202.0
hard_200_2r,2026-01-09,2026,OOS,122.625,100.0,200.0,stop,-101.0,-202.0
hard_150_1r,2026-01-14,2026,OOS,129.875,75.0,150.0,stop,-76.0,-152.0
hard_150_2r,2026-01-14,2026,OOS,129.875,75.0,150.0,stop,-76.0,-152.0
hard_200_1p5r,2026-01-14,2026,OOS,129.875,100.0,200.0,stop,-101.0,-202.0
hard_200_2r,2026-01-14,2026,OOS,129.875,100.0,200.0,stop,-101.0,-202.0
hard_150_1r,2026-01-15,2026,OOS,55.625,75.0,150.0,stop,-76.0,-152.0
hard_150_2r,2026-01-15,2026,OOS,55.625,75.0,150.0,stop,-76.0,-152.0
hard_200_1p5r,2026-01-15,2026,OOS,55.625,100.0,200.0,stop,-101.0,-202.0
hard_200_2r,2026-01-15,2026,OOS,55.625,100.0,200.0,stop,-101.0,-202.0
skip_if_original_stop_over_200,2026-01-15,2026,OOS,55.625,55.625,111.25,stop,-56.625,-113.25
hard_150_1r,2026-01-28,2026,OOS,48.0,75.0,150.0,target,74.0,148.0
hard_150_2r,2026-01-28,2026,OOS,48.0,75.0,150.0,time,22.5,45.0
hard_200_1p5r,2026-01-28,2026,OOS,48.0,100.0,200.0,time,22.5,45.0
hard_200_2r,2026-01-28,2026,OOS,48.0,100.0,200.0,time,22.5,45.0
skip_if_original_stop_over_200,2026-01-28,2026,OOS,48.0,48.0,96.0,time,22.5,45.0
hard_150_1r,2026-03-05,2026,OOS,112.25,75.0,150.0,stop,-76.0,-152.0
hard_150_2r,2026-03-05,2026,OOS,112.25,75.0,150.0,stop,-76.0,-152.0
hard_200_1p5r,2026-03-05,2026,OOS,112.25,100.0,200.0,stop,-101.0,-202.0
hard_200_2r,2026-03-05,2026,OOS,112.25,100.0,200.0,stop,-101.0,-202.0
hard_150_1r,2026-03-12,2026,OOS,108.875,75.0,150.0,stop,-76.0,-152.0
hard_150_2r,2026-03-12,2026,OOS,108.875,75.0,150.0,stop,-76.0,-152.0
hard_200_1p5r,2026-03-12,2026,OOS,108.875,100.0,200.0,stop,-101.0,-202.0
hard_200_2r,2026-03-12,2026,OOS,108.875,100.0,200.0,stop,-101.0,-202.0
hard_150_1r,2026-03-25,2026,OOS,99.25,75.0,150.0,stop,-76.0,-152.0
hard_150_2r,2026-03-25,2026,OOS,99.25,75.0,150.0,stop,-76.0,-152.0
hard_200_1p5r,2026-03-25,2026,OOS,99.25,100.0,200.0,stop,-101.0,-202.0
hard_200_2r,2026-03-25,2026,OOS,99.25,100.0,200.0,stop,-101.0,-202.0
skip_if_original_stop_over_200,2026-03-25,2026,OOS,99.25,99.25,198.5,stop,-100.25,-200.5
hard_150_1r,2026-04-01,2026,OOS,83.75,75.0,150.0,target,74.0,148.0
hard_150_2r,2026-04-01,2026,OOS,83.75,75.0,150.0,stop,-76.0,-152.0
hard_200_1p5r,2026-04-01,2026,OOS,83.75,100.0,200.0,time,-9.25,-18.5
hard_200_2r,2026-04-01,2026,OOS,83.75,100.0,200.0,time,-9.25,-18.5
skip_if_original_stop_over_200,2026-04-01,2026,OOS,83.75,83.75,167.5,stop,-84.75,-169.5
hard_150_1r,2026-04-02,2026,OOS,163.125,75.0,150.0,target,74.0,148.0
hard_150_2r,2026-04-02,2026,OOS,163.125,75.0,150.0,target,149.0,298.0
hard_200_1p5r,2026-04-02,2026,OOS,163.125,100.0,200.0,target,149.0,298.0
hard_200_2r,2026-04-02,2026,OOS,163.125,100.0,200.0,target,199.0,398.0
hard_150_1r,2026-04-15,2026,OOS,76.0,75.0,150.0,target,74.0,148.0
hard_150_2r,2026-04-15,2026,OOS,76.0,75.0,150.0,target,149.0,298.0
hard_200_1p5r,2026-04-15,2026,OOS,76.0,100.0,200.0,target,149.0,298.0
hard_200_2r,2026-04-15,2026,OOS,76.0,100.0,200.0,target,199.0,398.0
skip_if_original_stop_over_200,2026-04-15,2026,OOS,76.0,76.0,152.0,target,151.0,302.0
hard_150_1r,2026-04-20,2026,OOS,56.0,75.0,150.0,target,74.0,148.0
hard_150_2r,2026-04-20,2026,OOS,56.0,75.0,150.0,time,-30.5,-61.0
hard_200_1p5r,2026-04-20,2026,OOS,56.0,100.0,200.0,time,-30.5,-61.0
hard_200_2r,2026-04-20,2026,OOS,56.0,100.0,200.0,time,-30.5,-61.0
skip_if_original_stop_over_200,2026-04-20,2026,OOS,56.0,56.0,112.0,target,111.0,222.0
hard_150_1r,2026-04-21,2026,OOS,79.25,75.0,150.0,stop,-76.0,-152.0
hard_150_2r,2026-04-21,2026,OOS,79.25,75.0,150.0,stop,-76.0,-152.0
hard_200_1p5r,2026-04-21,2026,OOS,79.25,100.0,200.0,time,92.25,184.5
hard_200_2r,2026-04-21,2026,OOS,79.25,100.0,200.0,time,92.25,184.5
skip_if_original_stop_over_200,2026-04-21,2026,OOS,79.25,79.25,158.5,stop,-80.25,-160.5
hard_150_1r,2026-04-22,2026,OOS,89.875,75.0,150.0,target,74.0,148.0
hard_150_2r,2026-04-22,2026,OOS,89.875,75.0,150.0,time,87.75,175.5
hard_200_1p5r,2026-04-22,2026,OOS,89.875,100.0,200.0,time,87.75,175.5
hard_200_2r,2026-04-22,2026,OOS,89.875,100.0,200.0,time,87.75,175.5
skip_if_original_stop_over_200,2026-04-22,2026,OOS,89.875,89.875,179.75,time,87.75,175.5
hard_150_1r,2026-04-28,2026,OOS,91.875,75.0,150.0,stop,-76.0,-152.0
hard_150_2r,2026-04-28,2026,OOS,91.875,75.0,150.0,stop,-76.0,-152.0
hard_200_1p5r,2026-04-28,2026,OOS,91.875,100.0,200.0,stop,-101.0,-202.0
hard_200_2r,2026-04-28,2026,OOS,91.875,100.0,200.0,stop,-101.0,-202.0
skip_if_original_stop_over_200,2026-04-28,2026,OOS,91.875,91.875,183.75,stop,-92.875,-185.75
hard_150_1r,2026-04-29,2026,OOS,76.375,75.0,150.0,stop,-76.0,-152.0
hard_150_2r,2026-04-29,2026,OOS,76.375,75.0,150.0,stop,-76.0,-152.0
hard_200_1p5r,2026-04-29,2026,OOS,76.375,100.0,200.0,stop,-101.0,-202.0
hard_200_2r,2026-04-29,2026,OOS,76.375,100.0,200.0,stop,-101.0,-202.0
skip_if_original_stop_over_200,2026-04-29,2026,OOS,76.375,76.375,152.75,stop,-77.375,-154.75
hard_150_1r,2026-05-12,2026,OOS,107.5,75.0,150.0,stop,-76.0,-152.0
hard_150_2r,2026-05-12,2026,OOS,107.5,75.0,150.0,stop,-76.0,-152.0
hard_200_1p5r,2026-05-12,2026,OOS,107.5,100.0,200.0,target,149.0,298.0
hard_200_2r,2026-05-12,2026,OOS,107.5,100.0,200.0,target,199.0,398.0
hard_150_1r,2026-05-18,2026,OOS,113.625,75.0,150.0,stop,-76.0,-152.0
hard_150_2r,2026-05-18,2026,OOS,113.625,75.0,150.0,stop,-76.0,-152.0
hard_200_1p5r,2026-05-18,2026,OOS,113.625,100.0,200.0,stop,-101.0,-202.0
hard_200_2r,2026-05-18,2026,OOS,113.625,100.0,200.0,stop,-101.0,-202.0
hard_150_1r,2026-05-29,2026,OOS,95.0,75.0,150.0,stop,-76.0,-152.0
hard_150_2r,2026-05-29,2026,OOS,95.0,75.0,150.0,stop,-76.0,-152.0
hard_200_1p5r,2026-05-29,2026,OOS,95.0,100.0,200.0,stop,-101.0,-202.0
hard_200_2r,2026-05-29,2026,OOS,95.0,100.0,200.0,stop,-101.0,-202.0
skip_if_original_stop_over_200,2026-05-29,2026,OOS,95.0,95.0,190.0,stop,-96.0,-192.0
hard_150_1r,2026-06-09,2026,OOS,241.625,75.0,150.0,target,74.0,148.0
hard_150_2r,2026-06-09,2026,OOS,241.625,75.0,150.0,target,149.0,298.0
hard_200_1p5r,2026-06-09,2026,OOS,241.625,100.0,200.0,target,149.0,298.0
hard_200_2r,2026-06-09,2026,OOS,241.625,100.0,200.0,target,199.0,398.0
hard_150_1r,2026-06-16,2026,OOS,108.25,75.0,150.0,stop,-76.0,-152.0
hard_150_2r,2026-06-16,2026,OOS,108.25,75.0,150.0,stop,-76.0,-152.0
hard_200_1p5r,2026-06-16,2026,OOS,108.25,100.0,200.0,stop,-101.0,-202.0
hard_200_2r,2026-06-16,2026,OOS,108.25,100.0,200.0,stop,-101.0,-202.0
hard_150_1r,2026-06-22,2026,OOS,112.0,75.0,150.0,target,74.0,148.0
hard_150_2r,2026-06-22,2026,OOS,112.0,75.0,150.0,target,149.0,298.0
hard_200_1p5r,2026-06-22,2026,OOS,112.0,100.0,200.0,target,149.0,298.0
hard_200_2r,2026-06-22,2026,OOS,112.0,100.0,200.0,time,64.25,128.5
hard_150_1r,2026-07-02,2026,OOS,191.375,75.0,150.0,stop,-76.0,-152.0
hard_150_2r,2026-07-02,2026,OOS,191.375,75.0,150.0,stop,-76.0,-152.0
hard_200_1p5r,2026-07-02,2026,OOS,191.375,100.0,200.0,target,149.0,298.0
hard_200_2r,2026-07-02,2026,OOS,191.375,100.0,200.0,target,199.0,398.0
hard_150_1r,2026-07-15,2026,OOS,169.125,75.0,150.0,target,74.0,148.0
hard_150_2r,2026-07-15,2026,OOS,169.125,75.0,150.0,target,149.0,298.0
hard_200_1p5r,2026-07-15,2026,OOS,169.125,100.0,200.0,target,149.0,298.0
hard_200_2r,2026-07-15,2026,OOS,169.125,100.0,200.0,target,199.0,398.0
hard_150_1r,2026-07-27,2026,OOS,270.25,75.0,150.0,target,74.0,148.0
hard_150_2r,2026-07-27,2026,OOS,270.25,75.0,150.0,stop,-76.0,-152.0
hard_200_1p5r,2026-07-27,2026,OOS,270.25,100.0,200.0,stop,-101.0,-202.0
hard_200_2r,2026-07-27,2026,OOS,270.25,100.0,200.0,stop,-101.0,-202.0
hard_150_1r,2026-08-05,2026,OOS,86.375,75.0,150.0,target,74.0,148.0
hard_150_2r,2026-08-05,2026,OOS,86.375,75.0,150.0,target,149.0,298.0
hard_200_1p5r,2026-08-05,2026,OOS,86.375,100.0,200.0,target,149.0,298.0
hard_200_2r,2026-08-05,2026,OOS,86.375,100.0,200.0,time,173.0,346.0
skip_if_original_stop_over_200,2026-08-05,2026,OOS,86.375,86.375,172.75,target,171.75,343.5
