session_date,year,period,break_side,signal_end,extreme_end,reentry_end,rejection_minutes,entry_min,ib_width,excursion_ib,outside_5m,reentry_depth_ib,relvol,mfe60_ib,mae60_ib,reversal_net_ib
2010-06-07,2010,Train,-1,654,684,724,40,725,19.25,0.7792207792207793,14,0.07792207792207792,1.3692109162166037,0.12987012987012986,0.2857142857142857,-0.15584415584415584
2010-06-21,2010,Train,-1,649,664,679,15,680,13.0,0.4423076923076923,6,0.019230769230769232,0.5663536673451967,0.19230769230769232,0.7115384615384616,-0.5192307692307693
2010-06-28,2010,Train,1,664,704,724,20,725,22.0,0.375,12,0.022727272727272728,0.4642887733251759,0.20454545454545456,0.125,0.07954545454545456
2010-07-06,2010,Train,-1,754,754,759,5,760,17.0,0.1323529411764706,1,0.0,0.37289453856063,0.029411764705882353,0.7352941176470589,-0.7058823529411765
2010-07-12,2010,Train,-1,669,674,674,0,675,20.5,0.12195121951219512,1,0.10975609756097561,0.8036228664784534,0.17073170731707318,0.25609756097560976,-0.08536585365853658
2010-07-19,2010,Train,-1,649,659,664,5,665,20.0,0.2875,3,0.1875,0.6371872192993712,0.325,0.05,0.275
2010-07-26,2010,Train,1,679,679,684,5,685,15.25,0.16393442622950818,1,0.01639344262295082,0.7201067954993325,0.03278688524590164,0.32786885245901637,-0.29508196721311475
2010-08-16,2010,Train,1,634,644,664,20,665,26.25,0.1523809523809524,6,0.08571428571428572,0.7971500725901888,0.0761904761904762,0.2,-0.12380952380952381
2010-08-30,2010,Train,-1,819,824,824,0,825,15.75,0.07936507936507936,1,0.07936507936507936,0.23988594962775228,0.15873015873015872,0.31746031746031744,-0.15873015873015872
2010-09-13,2010,Train,1,644,649,694,45,695,12.25,0.2653061224489796,10,0.0,0.5564366359107391,0.6938775510204082,0.08163265306122448,0.6122448979591837
2010-09-27,2010,Train,-1,674,679,684,5,685,9.0,0.19444444444444445,2,0.05555555555555555,0.9748831553748527,0.3055555555555556,0.25,0.05555555555555558
2010-11-01,2010,Train,-1,664,699,829,130,830,15.5,0.7096774193548387,33,0.03225806451612903,1.4030460133061142,0.06451612903225806,0.5161290322580645,-0.45161290322580644
2010-11-08,2010,Train,1,804,809,809,0,810,14.0,0.10714285714285714,1,0.07142857142857142,0.3510465828439673,0.23214285714285715,0.14285714285714285,0.0892857142857143
2010-12-06,2010,Train,-1,699,699,704,5,705,8.75,0.17142857142857143,1,0.14285714285714285,0.8747114763179762,0.17142857142857143,0.22857142857142856,-0.057142857142857134
2011-01-03,2011,Train,1,659,664,664,0,665,27.0,0.037037037037037035,1,0.018518518518518517,0.3866033295563497,0.09259259259259259,0.1388888888888889,-0.04629629629629631
2011-01-10,2011,Train,1,719,729,734,5,735,12.0,0.20833333333333334,3,0.10416666666666667,0.8910554592423487,0.16666666666666666,0.375,-0.20833333333333334
2011-01-18,2011,Train,1,684,689,699,10,700,19.0,0.11842105263157894,3,0.0,0.523258879807149,0.11842105263157894,0.10526315789473684,0.013157894736842105
2011-01-31,2011,Train,1,724,749,874,125,875,20.0,0.5625,30,0.0125,0.2949867213790591,0.2875,0.2375,0.04999999999999999
2011-02-07,2011,Train,1,659,769,889,120,890,14.25,0.6140350877192983,46,0.03508771929824561,0.6397161796284194,0.5263157894736842,0.03508771929824561,0.49122807017543857
2011-03-14,2011,Train,-1,659,664,664,0,665,18.0,0.2361111111111111,1,0.027777777777777776,1.1665673904803162,0.06944444444444445,0.5694444444444444,-0.5
2011-03-21,2011,Train,1,664,669,694,25,695,20.25,0.2222222222222222,6,0.07407407407407407,0.8406889923855991,0.1111111111111111,0.06172839506172839,0.04938271604938271
2011-03-22,2011,Train,-1,674,679,679,0,680,10.5,0.09523809523809523,1,0.07142857142857142,0.478795536651777,0.5238095238095238,0.11904761904761904,0.40476190476190477
2011-03-25,2011,Train,1,634,709,844,135,845,8.0,1.3125,42,0.0,1.2709382326940077,0.625,0.3125,0.3125
2011-03-28,2011,Train,-1,704,709,714,5,715,11.25,0.4,2,0.022222222222222223,0.897610641267756,0.2222222222222222,0.044444444444444446,0.17777777777777776
2011-04-04,2011,Train,-1,774,774,779,5,780,18.75,0.05333333333333334,1,0.04,0.40138934114837727,0.06666666666666667,0.4666666666666667,-0.4
2011-04-11,2011,Train,-1,724,729,744,15,745,21.5,0.11627906976744186,4,0.05813953488372093,0.3864309070340467,0.08139534883720931,0.3488372093023256,-0.2674418604651163
2011-04-14,2011,Train,1,639,639,644,5,645,16.5,0.10606060606060606,1,0.22727272727272727,0.5137928674105003,0.3939393939393939,0.18181818181818182,0.2121212121212121
2011-04-19,2011,Train,-1,659,664,664,0,665,9.5,0.23684210526315788,1,0.0,0.3049564731912078,0.15789473684210525,0.5263157894736842,-0.3684210526315789
2011-04-25,2011,Train,-1,669,674,679,5,680,8.5,0.08823529411764706,2,0.058823529411764705,0.21845764854614413,0.5882352941176471,0.08823529411764706,0.5
2011-05-02,2011,Train,1,634,649,659,10,660,11.75,0.23404255319148937,5,0.0851063829787234,1.0086477987421383,0.8723404255319149,0.19148936170212766,0.6808510638297873
2011-05-05,2011,Train,1,704,724,774,50,775,17.25,0.5797101449275363,14,0.08695652173913043,0.6652637796729058,0.10144927536231885,0.36231884057971014,-0.2608695652173913
2011-05-06,2011,Train,1,674,709,729,20,730,14.5,0.5344827586206896,11,0.017241379310344827,0.4701037217815741,0.7413793103448276,0.2413793103448276,0.5
2011-05-24,2011,Train,-1,639,639,664,25,665,10.5,0.30952380952380953,5,0.09523809523809523,0.6670252198560942,0.16666666666666666,0.6666666666666666,-0.5
2011-05-25,2011,Train,1,639,639,649,10,650,11.5,0.30434782608695654,2,0.10869565217391304,0.8292595141057535,0.1956521739130435,0.6304347826086957,-0.4347826086956522
2011-05-31,2011,Train,-1,724,724,729,5,730,13.5,0.2037037037037037,1,0.05555555555555555,0.5295741997068149,0.2962962962962963,0.18518518518518517,0.1111111111111111
2011-06-02,2011,Train,-1,709,709,719,10,720,16.0,0.25,2,0.125,1.0062065021827362,0.328125,0.1875,0.140625
2011-06-06,2011,Train,1,684,689,694,5,695,10.25,0.12195121951219512,2,0.0,0.4905144268949087,0.6341463414634146,0.24390243902439024,0.3902439024390244
2011-06-08,2011,Train,-1,819,839,879,40,880,12.75,0.6862745098039216,12,0.09803921568627451,1.1674236383177894,0.13725490196078433,0.6862745098039216,-0.5490196078431373
2011-06-09,2011,Train,1,639,639,644,5,645,12.0,0.125,1,0.08333333333333333,0.41518685699883146,0.2708333333333333,0.25,0.020833333333333315
2011-06-13,2011,Train,-1,739,749,754,5,755,12.25,0.22448979591836735,3,0.0,0.44577142063602276,0.061224489795918366,0.5714285714285714,-0.5102040816326531
2011-07-05,2011,Train,1,704,709,724,15,725,10.0,0.325,4,0.025,0.17339069729685852,0.1,0.425,-0.32499999999999996
2011-07-18,2011,Train,-1,654,654,659,5,660,26.5,0.04716981132075472,1,0.09433962264150944,0.58129470988254,0.18867924528301888,0.33962264150943394,-0.15094339622641506
2011-08-01,2011,Train,-1,679,679,684,5,685,54.75,0.0136986301369863,1,0.0319634703196347,0.7921828199534074,0.0776255707762557,0.3744292237442922,-0.2968036529680365
2011-08-08,2011,Train,-1,829,829,834,5,835,58.5,0.1111111111111111,1,0.0641025641025641,0.4816819701812404,0.042735042735042736,0.8076923076923077,-0.764957264957265
2011-08-15,2011,Train,-1,679,694,704,10,705,22.0,0.3522727272727273,5,0.0,0.5815503211991435,0.29545454545454547,0.045454545454545456,0.25
2011-08-22,2011,Train,-1,659,664,664,0,665,26.5,0.1320754716981132,1,0.0,0.8257770984769047,0.02830188679245283,0.8301886792452831,-0.8018867924528302
2011-09-06,2011,Train,1,734,744,754,10,755,20.0,0.3,4,0.0375,0.22243377947023577,0.175,0.4875,-0.3125
2011-10-03,2011,Train,-1,784,784,789,5,790,43.0,0.05232558139534884,1,0.005813953488372093,0.6931898311375023,0.029069767441860465,0.4418604651162791,-0.4127906976744186
2011-10-31,2011,Train,1,634,639,649,10,650,14.5,0.5,3,0.017241379310344827,1.02817559581077,0.5,0.2413793103448276,0.2586206896551724
2011-11-07,2011,Train,-1,634,754,839,85,840,20.0,0.8625,41,0.225,1.097456499116672,0.6875,0.0625,0.625
2011-11-14,2011,Train,-1,739,759,809,50,810,20.75,0.43373493975903615,14,0.060240963855421686,0.4763752834732191,0.20481927710843373,0.25301204819277107,-0.04819277108433734
2011-11-21,2011,Train,-1,649,664,674,10,675,28.5,0.2631578947368421,5,0.02631578947368421,0.7408876326343362,0.05263157894736842,0.37719298245614036,-0.32456140350877194
2011-12-27,2011,Train,1,829,864,874,10,875,17.25,0.17391304347826086,9,0.014492753623188406,0.36020583190394506,0.057971014492753624,0.14492753623188406,-0.08695652173913043
2012-01-03,2012,Train,-1,759,759,764,5,765,13.5,0.2962962962962963,1,0.018518518518518517,0.9292846395841882,0.14814814814814814,0.35185185185185186,-0.20370370370370372
2012-01-09,2012,Train,-1,649,679,809,130,810,11.75,0.8936170212765957,32,0.0425531914893617,1.1334756403817179,0.3404255319148936,0.23404255319148937,0.10638297872340424
2012-01-17,2012,Train,1,664,679,754,75,755,7.5,0.5666666666666667,18,0.06666666666666667,0.5530626356071624,0.43333333333333335,0.26666666666666666,0.16666666666666669
2012-01-23,2012,Train,-1,699,729,839,110,840,19.25,0.6363636363636364,28,0.05194805194805195,1.161160826294221,0.03896103896103896,0.36363636363636365,-0.3246753246753247
2012-02-06,2012,Train,1,754,774,829,55,830,10.5,0.2857142857142857,15,0.047619047619047616,0.9808397244248018,0.09523809523809523,0.35714285714285715,-0.2619047619047619
2012-02-13,2012,Train,-1,634,649,664,15,665,10.0,0.55,6,0.2,1.7290831046372528,0.575,0.275,0.29999999999999993
2012-02-21,2012,Train,1,634,729,739,10,740,11.0,0.7272727272727273,21,0.022727272727272728,0.6833039240399966,0.4090909090909091,0.1590909090909091,0.25
2012-03-12,2012,Train,-1,634,639,654,15,655,9.25,0.43243243243243246,4,0.0,1.0949104522918143,0.05405405405405406,0.7027027027027027,-0.6486486486486487
2012-03-26,2012,Train,1,684,709,744,35,745,11.0,0.3181818181818182,12,0.0,0.6524865972191953,0.09090909090909091,0.25,-0.1590909090909091
2012-04-09,2012,Train,1,649,659,674,15,675,19.25,0.23376623376623376,5,0.14285714285714285,0.46301218717087117,0.22077922077922077,0.22077922077922077,0.0
2012-04-23,2012,Train,-1,649,649,654,5,655,22.5,0.24444444444444444,1,0.15555555555555556,0.6323578067194032,0.17777777777777778,0.36666666666666664,-0.18888888888888886
2012-04-30,2012,Train,-1,879,879,894,15,895,17.0,0.10294117647058823,3,0.058823529411764705,0.40041023270594694,0.20588235294117646,0.14705882352941177,0.05882352941176469
2012-05-07,2012,Train,1,754,759,759,0,760,23.0,0.11956521739130435,1,0.010869565217391304,0.805379746835443,0.15217391304347827,0.21739130434782608,-0.06521739130434781
2012-05-14,2012,Train,1,689,689,799,110,800,14.0,0.7321428571428571,22,0.10714285714285714,1.4993172884628647,0.03571428571428571,0.8928571428571429,-0.8571428571428572
2012-06-11,2012,Train,-1,654,659,669,10,670,28.0,0.16071428571428573,3,0.05357142857142857,0.5067937538024742,0.19642857142857142,0.11607142857142858,0.08035714285714285
2012-06-18,2012,Train,1,649,654,654,0,655,33.25,0.08270676691729323,1,0.06015037593984962,1.2710589920329425,0.3383458646616541,0.022556390977443608,0.3157894736842105
2012-06-25,2012,Train,-1,674,674,679,5,680,26.5,0.08490566037735849,1,0.018867924528301886,0.2838298296303677,0.02830188679245283,0.41509433962264153,-0.3867924528301887
2012-07-09,2012,Train,-1,634,634,639,5,640,21.5,0.11627906976744186,1,0.1744186046511628,0.6482243463948851,0.3372093023255814,0.011627906976744186,0.3255813953488372
2012-07-16,2012,Train,1,674,679,704,25,705,17.0,0.36764705882352944,6,0.058823529411764705,1.9808923105463314,0.6323529411764706,0.25,0.38235294117647056
2012-07-23,2012,Train,1,689,694,694,0,695,21.25,0.12941176470588237,1,0.058823529411764705,0.3119457344399464,0.3058823529411765,0.15294117647058825,0.15294117647058825
2012-07-30,2012,Train,-1,654,659,674,15,675,13.5,0.4074074074074074,4,0.0,0.5014372404982433,0.0,0.9444444444444444,-0.9444444444444444
2012-08-13,2012,Train,-1,659,669,684,15,685,13.5,0.42592592592592593,5,0.0,0.8246749591940115,0.2777777777777778,0.05555555555555555,0.22222222222222224
2012-08-20,2012,Train,1,714,734,759,25,760,11.5,0.45652173913043476,9,0.1956521739130435,0.48076419257975456,0.15217391304347827,0.32608695652173914,-0.17391304347826086
2012-08-22,2012,Train,1,844,849,849,0,850,17.5,0.2714285714285714,1,0.0,2.0616433541857035,0.4,0.6857142857142857,-0.2857142857142857
2012-08-23,2012,Train,1,674,689,704,15,705,18.0,0.4166666666666667,6,0.0,0.82348826507133,0.6388888888888888,0.041666666666666664,0.5972222222222222
2012-08-28,2012,Train,1,729,744,754,10,755,16.0,0.21875,5,0.015625,0.3401028126893532,0.21875,0.09375,0.125
2012-08-29,2012,Train,-1,639,659,709,50,710,8.0,1.28125,14,0.0,0.7326511627906976,0.3125,0.3125,0.0
2012-08-31,2012,Train,1,664,664,669,5,670,35.5,0.1267605633802817,1,0.014084507042253521,1.2309428498424326,0.31690140845070425,0.06338028169014084,0.2535211267605634
2012-09-04,2012,Train,-1,634,659,764,105,765,17.0,0.75,26,0.0,1.2745252067834203,0.3235294117647059,0.11764705882352941,0.2058823529411765
2012-09-10,2012,Train,-1,644,654,674,20,675,12.5,0.44,6,0.02,0.6598155659433602,0.14,0.24,-0.09999999999999998
2012-09-11,2012,Train,1,684,684,694,10,695,14.5,0.06896551724137931,2,0.10344827586206896,0.6253351206434317,0.41379310344827586,0.06896551724137931,0.3448275862068966
2012-09-12,2012,Train,-1,634,634,639,5,640,15.5,0.08064516129032258,1,0.0,1.262560984954916,0.2903225806451613,0.24193548387096775,0.04838709677419356
2012-09-20,2012,Train,1,634,664,749,85,750,11.0,0.5,23,0.13636363636363635,0.8554784277838537,0.18181818181818182,0.4318181818181818,-0.25
2012-09-21,2012,Train,-1,674,674,679,5,680,6.5,0.15384615384615385,1,0.038461538461538464,0.48330514617057263,0.2692307692307692,0.34615384615384615,-0.07692307692307693
2012-09-25,2012,Train,1,664,679,704,25,705,11.0,0.3409090909090909,8,0.06818181818181818,0.8037838730998017,1.5454545454545454,0.11363636363636363,1.4318181818181819
2012-09-26,2012,Train,-1,639,639,654,15,655,27.5,0.2636363636363636,3,0.00909090909090909,1.7716363636363637,0.23636363636363636,0.18181818181818182,0.054545454545454536
2012-09-27,2012,Train,1,634,649,674,25,675,10.0,0.5,8,0.05,0.9081643441669662,0.225,2.0,-1.775
2012-10-03,2012,Train,1,674,759,819,60,820,17.25,0.5507246376811594,29,0.13043478260869565,1.9870957302643557,0.2898550724637681,0.11594202898550725,0.17391304347826086
2012-10-08,2012,Train,-1,679,704,714,10,715,16.5,0.3333333333333333,7,0.015151515151515152,0.7559652928416486,0.18181818181818182,0.19696969696969696,-0.015151515151515138
2012-10-18,2012,Train,1,724,724,739,15,740,17.0,0.1323529411764706,3,0.029411764705882353,0.8842639789186173,2.0,0.07352941176470588,1.9264705882352942
2012-10-22,2012,Train,-1,809,809,814,5,815,17.75,0.07042253521126761,1,0.09859154929577464,0.5595521676989043,0.4225352112676056,0.30985915492957744,0.11267605633802819
2012-10-23,2012,Train,-1,639,639,649,10,650,15.25,0.32786885245901637,2,0.09836065573770492,1.5601186667442266,0.5245901639344263,0.03278688524590164,0.49180327868852464
2012-10-24,2012,Train,-1,654,654,664,10,665,17.75,0.16901408450704225,2,0.0,0.8124412900532304,0.04225352112676056,0.7183098591549296,-0.676056338028169
2012-10-25,2012,Train,-1,649,654,664,10,665,16.75,0.26865671641791045,3,0.05970149253731343,0.6228686551029433,0.07462686567164178,0.8955223880597015,-0.8208955223880597
2012-10-26,2012,Train,-1,654,664,689,25,690,20.25,0.38271604938271603,7,0.06172839506172839,1.084317776986106,0.1111111111111111,0.9012345679012346,-0.7901234567901234
2012-10-31,2012,Train,-1,644,669,684,15,685,18.0,0.5,8,0.041666666666666664,1.603428796872478,0.1527777777777778,0.375,-0.2222222222222222
2012-11-01,2012,Train,1,644,714,784,70,785,24.25,0.422680412371134,28,0.020618556701030927,0.7145073356677453,0.020618556701030927,0.21649484536082475,-0.1958762886597938
2012-11-02,2012,Train,-1,709,709,714,5,715,17.0,0.14705882352941177,1,0.07352941176470588,0.5913890225606477,0.25,0.08823529411764706,0.16176470588235292
2012-11-05,2012,Train,1,634,654,694,40,695,12.25,0.5918367346938775,12,0.02040816326530612,0.7449306732556003,0.7959183673469388,0.08163265306122448,0.7142857142857143
2012-11-09,2012,Train,1,644,644,649,5,650,19.25,0.12987012987012986,1,0.012987012987012988,0.6463017179473015,0.06493506493506493,0.4155844155844156,-0.35064935064935066
2012-11-12,2012,Train,-1,649,679,754,75,755,14.75,0.711864406779661,21,0.06779661016949153,0.6339260190955348,0.7288135593220338,0.05084745762711865,0.6779661016949152
2012-11-20,2012,Train,1,714,724,729,5,730,12.25,0.22448979591836735,3,0.02040816326530612,0.5818035264483626,1.1020408163265305,0.10204081632653061,0.9999999999999999
2012-11-29,2012,Train,-1,704,704,714,10,715,15.25,0.45901639344262296,2,0.14754098360655737,2.5756673174763782,0.4098360655737705,0.4098360655737705,0.0
2012-12-03,2012,Train,-1,654,694,719,25,720,12.0,0.6458333333333334,13,0.041666666666666664,1.1118196046605995,0.041666666666666664,0.6041666666666666,-0.5625
2012-12-05,2012,Train,-1,634,659,694,35,695,25.75,0.5922330097087378,12,0.21359223300970873,1.1401987420447355,0.49514563106796117,0.1941747572815534,0.30097087378640774
2012-12-10,2012,Train,1,654,664,714,50,715,21.5,0.37209302325581395,12,0.011627906976744186,0.7665470377125375,0.3372093023255814,0.09302325581395349,0.2441860465116279
2012-12-11,2012,Train,1,634,684,724,40,725,23.0,0.4673913043478261,18,0.043478260869565216,0.7300151773560106,0.010869565217391304,0.34782608695652173,-0.33695652173913043
2012-12-17,2012,Train,1,699,749,839,90,840,19.0,0.7631578947368421,28,0.013157894736842105,0.7500116403594543,0.25,0.2894736842105263,-0.03947368421052633
2012-12-28,2012,Train,1,644,649,684,35,685,12.25,0.673469387755102,8,0.061224489795918366,1.7689841936553554,0.2653061224489796,0.22448979591836735,0.04081632653061226
2013-01-02,2013,Train,-1,649,649,654,5,655,17.0,0.10294117647058823,1,0.029411764705882353,0.3381462505822077,0.14705882352941177,0.4411764705882353,-0.2941176470588235
2013-01-07,2013,Train,1,649,649,654,5,655,13.0,0.28846153846153844,1,0.038461538461538464,0.7148618440762334,0.4230769230769231,0.4423076923076923,-0.019230769230769218
2013-01-08,2013,Train,-1,639,679,799,120,800,17.25,0.5217391304347826,32,0.014492753623188406,1.6557722092053533,0.3333333333333333,0.043478260869565216,0.28985507246376807
2013-01-10,2013,Train,-1,634,679,884,205,885,15.0,0.9833333333333333,50,0.0,2.0461541331641886,0.7333333333333333,0.0,0.7333333333333333
2013-01-17,2013,Train,1,834,854,894,40,895,11.5,0.5,12,0.043478260869565216,0.7284530023246634,0.32608695652173914,0.13043478260869565,0.1956521739130435
2013-01-18,2013,Train,-1,664,674,679,5,680,10.75,0.32558139534883723,3,0.046511627906976744,1.0247866165926938,0.16279069767441862,0.4418604651162791,-0.27906976744186046
2013-01-22,2013,Train,-1,664,669,669,0,670,17.5,0.08571428571428572,1,0.1,0.5206206913351684,0.1,0.2857142857142857,-0.1857142857142857
2013-01-24,2013,Train,1,649,649,654,5,655,22.75,0.0989010989010989,1,0.01098901098901099,0.6906175514626219,0.14285714285714285,0.16483516483516483,-0.021978021978021983
2013-01-28,2013,Train,1,699,709,749,40,750,14.0,0.3392857142857143,10,0.0,0.6028406102051552,0.7321428571428571,0.23214285714285715,0.49999999999999994
2013-01-29,2013,Train,1,684,694,749,55,750,18.5,0.3108108108108108,13,0.06756756756756757,1.0950985995998856,0.06756756756756757,0.3108108108108108,-0.24324324324324323
2013-02-04,2013,Train,-1,659,664,664,0,665,11.0,0.25,1,0.022727272727272728,0.5259455790707719,0.09090909090909091,2.0681818181818183,-1.9772727272727275
2013-02-06,2013,Train,-1,634,639,649,10,650,10.75,0.2558139534883721,3,0.23255813953488372,0.9201212918000806,1.1627906976744187,0.13953488372093023,1.0232558139534884
2013-02-12,2013,Train,-1,639,644,644,0,645,9.25,0.35135135135135137,1,0.10810810810810811,1.3799794363449422,0.40540540540540543,0.5135135135135135,-0.10810810810810806
2013-03-04,2013,Train,1,689,694,694,0,695,10.75,0.2558139534883721,1,0.06976744186046512,0.630817923300612,1.069767441860465,0.27906976744186046,0.7906976744186045
2013-03-12,2013,Train,-1,649,649,654,5,655,10.5,0.14285714285714285,1,0.14285714285714285,0.6112013681060282,0.07142857142857142,1.2857142857142858,-1.2142857142857144
2013-03-13,2013,Train,1,824,829,864,35,865,17.25,0.21739130434782608,8,0.057971014492753624,0.4752610077167499,0.4057971014492754,0.17391304347826086,0.23188405797101452
2013-03-19,2013,Train,-1,634,639,644,5,645,13.75,0.16363636363636364,2,0.0,1.127321516842031,0.32727272727272727,0.43636363636363634,-0.10909090909090907
2013-03-20,2013,Train,-1,639,639,659,20,660,13.25,0.3018867924528302,4,0.11320754716981132,1.6114278854810635,0.05660377358490566,0.5660377358490566,-0.5094339622641509
2013-03-21,2013,Train,-1,844,849,854,5,855,12.75,0.49019607843137253,2,0.0196078431372549,1.3339250569212366,0.6666666666666666,0.058823529411764705,0.6078431372549019
2013-03-22,2013,Train,1,759,759,764,5,765,10.25,0.07317073170731707,1,0.0,0.22301190933538226,0.07317073170731707,1.0731707317073171,-1.0
2013-03-26,2013,Train,-1,644,649,654,5,655,7.5,0.4666666666666667,2,0.2,0.9581843191196698,0.5,0.43333333333333335,0.06666666666666665
2013-03-28,2013,Train,1,644,644,649,5,650,8.25,0.15151515151515152,1,0.09090909090909091,0.4944855587871109,0.18181818181818182,0.48484848484848486,-0.30303030303030304
2013-04-02,2013,Train,1,649,649,659,10,660,17.25,0.14492753623188406,2,0.0,1.3358186010760953,0.15942028985507245,0.17391304347826086,-0.014492753623188415
2013-04-03,2013,Train,-1,664,674,714,40,715,11.75,0.3617021276595745,10,0.02127659574468085,0.8663221935161264,0.02127659574468085,1.0425531914893618,-1.021276595744681
2013-04-04,2013,Train,-1,729,734,754,20,755,16.75,0.3283582089552239,5,0.13432835820895522,1.6304056069191768,0.1791044776119403,0.2835820895522388,-0.1044776119402985
2013-04-05,2013,Train,1,639,644,644,0,645,12.5,0.06,1,0.18,0.5082584758041148,0.02,0.84,-0.82
2013-04-08,2013,Train,1,829,829,834,5,835,11.5,0.08695652173913043,1,0.06521739130434782,0.8936522421952927,0.0,0.5869565217391305,-0.5869565217391305
2013-04-11,2013,Train,1,654,689,699,10,700,8.75,0.7428571428571429,9,0.05714285714285714,0.8397618431271033,0.34285714285714286,0.08571428571428572,0.2571428571428571
2013-04-12,2013,Train,-1,639,669,729,60,730,10.0,1.375,18,0.0,0.8193059263214094,0.65,0.425,0.22500000000000003
2013-04-17,2013,Train,-1,644,669,684,15,685,27.5,0.509090909090909,8,0.00909090909090909,0.9385964912280702,0.06363636363636363,0.6454545454545455,-0.5818181818181819
2013-04-19,2013,Train,1,644,644,649,5,650,28.25,0.07079646017699115,1,0.07079646017699115,0.51810450690324,0.13274336283185842,0.5752212389380531,-0.4424778761061947
2013-04-22,2013,Train,1,729,764,799,35,800,20.25,0.3333333333333333,14,0.012345679012345678,1.040954038110597,0.0,0.5555555555555556,-0.5555555555555556
2013-04-23,2013,Train,1,664,669,674,5,675,14.25,0.15789473684210525,2,0.10526315789473684,0.3651417492008594,0.017543859649122806,0.543859649122807,-0.5263157894736843
2013-04-29,2013,Train,1,724,729,734,5,735,24.0,0.11458333333333333,2,0.0,0.5675618073316283,0.020833333333333332,0.23958333333333334,-0.21875
2013-04-30,2013,Train,1,649,649,664,15,665,12.0,0.3125,3,0.0,0.7861459100957996,0.0,0.7708333333333334,-0.7708333333333334
2013-05-01,2013,Train,-1,789,804,804,0,805,18.0,0.125,3,0.08333333333333333,0.5371542460071642,0.3888888888888889,0.25,0.1388888888888889
2013-05-02,2013,Train,1,634,639,639,0,640,21.75,0.08045977011494253,1,0.06896551724137931,0.6065217391304348,0.0,0.5517241379310345,-0.5517241379310345
2013-05-03,2013,Train,1,634,634,639,5,640,15.0,0.16666666666666666,1,0.08333333333333333,0.6263987084562712,0.1,0.15,-0.04999999999999999
2013-05-06,2013,Train,1,719,739,744,5,745,8.25,0.3333333333333333,5,0.06060606060606061,0.4578211106401017,0.18181818181818182,0.18181818181818182,0.0
2013-05-08,2013,Train,1,639,744,874,130,875,16.75,0.31343283582089554,47,0.11940298507462686,1.1261296053139724,0.2537313432835821,0.5074626865671642,-0.2537313432835821
2013-05-09,2013,Train,1,779,829,889,60,890,10.5,1.2857142857142858,22,0.0,0.46033530975260684,1.0476190476190477,0.14285714285714285,0.9047619047619049
2013-05-13,2013,Train,1,714,744,809,65,810,13.25,0.4528301886792453,19,0.1320754716981132,0.8543344911684281,0.41509433962264153,0.0,0.41509433962264153
2013-05-14,2013,Train,1,634,739,779,40,780,16.25,0.5692307692307692,29,0.015384615384615385,0.8002521471909227,0.4,0.35384615384615387,0.046153846153846156
2013-05-15,2013,Train,1,664,679,689,10,690,12.25,0.32653061224489793,5,0.04081632653061224,1.2733081043888534,0.1836734693877551,0.20408163265306123,-0.020408163265306117
2013-05-16,2013,Train,1,699,704,704,0,705,13.25,0.1320754716981132,1,0.09433962264150944,0.5168279702267088,0.5283018867924528,0.18867924528301888,0.33962264150943394
2013-05-20,2013,Train,1,714,714,719,5,720,12.75,0.11764705882352941,1,0.0,0.5159267922162475,0.8627450980392157,0.09803921568627451,0.7647058823529412
2013-05-21,2013,Train,1,749,749,759,10,760,16.5,0.10606060606060606,2,0.06060606060606061,0.6774670955265703,0.07575757575757576,0.5606060606060606,-0.4848484848484848
2013-05-23,2013,Train,1,684,684,689,5,690,27.75,0.10810810810810811,1,0.15315315315315314,0.473316863742115,0.04504504504504504,0.35135135135135137,-0.30630630630630634
2013-05-24,2013,Train,1,704,704,709,5,710,16.5,0.13636363636363635,1,0.030303030303030304,0.6910549917394383,0.15151515151515152,0.2727272727272727,-0.12121212121212119
2013-05-28,2013,Train,-1,719,724,724,0,725,16.75,0.13432835820895522,1,0.05970149253731343,0.6724963004247305,0.08955223880597014,0.31343283582089554,-0.2238805970149254
2013-05-29,2013,Train,-1,644,669,684,15,685,14.5,0.5862068965517241,8,0.06896551724137931,0.7313801079414033,0.6379310344827587,0.034482758620689655,0.6034482758620691
2013-05-30,2013,Train,1,659,664,669,5,670,20.0,0.15,2,0.075,0.5291366639447703,0.125,0.375,-0.25
2013-05-31,2013,Train,1,669,679,724,45,725,18.0,0.4722222222222222,11,0.0,1.227586452890086,0.2638888888888889,0.1527777777777778,0.1111111111111111
2013-06-03,2013,Train,-1,644,644,654,10,655,17.5,0.2857142857142857,2,0.1,0.8258064516129032,0.0,1.1714285714285715,-1.1714285714285715
2013-06-04,2013,Train,1,634,634,654,20,655,13.5,0.2037037037037037,4,0.5,1.2836418209104552,0.5370370370370371,0.3333333333333333,0.20370370370370378
2013-06-06,2013,Train,-1,719,779,869,90,870,16.0,1.359375,30,0.140625,1.3026507645717278,0.484375,0.234375,0.25
2013-06-07,2013,Train,1,679,694,709,15,710,26.0,0.23076923076923078,6,0.019230769230769232,0.4209103329258647,0.125,0.14423076923076922,-0.019230769230769218
2013-06-10,2013,Train,1,639,729,774,45,775,9.25,0.918918918918919,27,0.08108108108108109,0.9506161226601448,0.7567567567567568,0.2972972972972973,0.4594594594594595
2013-06-11,2013,Train,1,634,694,814,120,815,20.5,0.8292682926829268,36,0.10975609756097561,0.927223838978456,0.24390243902439024,0.1951219512195122,0.04878048780487804
2013-06-12,2013,Train,-1,659,659,664,5,665,26.5,0.05660377358490566,1,0.03773584905660377,0.43306666666666666,0.12264150943396226,0.6226415094339622,-0.5
2013-06-17,2013,Train,1,664,674,709,35,710,17.5,0.32857142857142857,9,0.07142857142857142,0.26768628971155706,0.08571428571428572,0.2,-0.1142857142857143
2013-06-19,2013,Train,-1,784,784,789,5,790,10.25,0.04878048780487805,1,0.04878048780487805,0.2216565255184403,0.34146341463414637,1.2195121951219512,-0.8780487804878048
2013-06-20,2013,Train,-1,634,639,644,5,645,17.5,0.2,2,0.15714285714285714,0.8060812699122464,0.22857142857142856,0.8142857142857143,-0.5857142857142857
2013-06-21,2013,Train,-1,634,644,649,5,650,23.25,0.3010752688172043,3,0.053763440860215055,0.6706652878317821,0.22580645161290322,0.956989247311828,-0.7311827956989247
2013-06-27,2013,Train,1,634,634,639,5,640,14.25,0.17543859649122806,1,0.12280701754385964,1.1801396728211997,0.5964912280701754,0.19298245614035087,0.40350877192982454
2013-06-28,2013,Train,1,639,639,649,10,650,16.5,0.15151515151515152,2,0.06060606060606061,1.157540921657153,0.0,0.9090909090909091,-0.9090909090909091
2013-07-03,2013,Train,1,649,654,654,0,655,20.75,0.0963855421686747,1,0.08433734939759036,0.45957002350073983,0.0963855421686747,0.3614457831325301,-0.2650602409638554
2013-07-08,2013,Train,-1,639,644,649,5,650,9.75,0.28205128205128205,2,0.0,0.5971795805796951,0.0,1.0,-1.0
2013-07-09,2013,Train,1,689,694,714,20,715,16.5,0.15151515151515152,5,0.12121212121212122,0.4380139008767546,0.12121212121212122,0.2878787878787879,-0.16666666666666669
2013-07-10,2013,Train,1,844,844,889,45,890,15.75,0.6984126984126984,9,0.19047619047619047,3.4583233818963457,0.1111111111111111,0.8571428571428571,-0.746031746031746
2013-07-12,2013,Train,-1,689,699,704,5,705,8.5,0.35294117647058826,3,0.0,0.9334399221438253,0.0,0.5294117647058824,-0.5294117647058824
2013-07-15,2013,Train,1,694,694,699,5,700,10.25,0.0975609756097561,1,0.12195121951219512,0.9449692805707868,0.12195121951219512,0.21951219512195122,-0.0975609756097561
2013-07-16,2013,Train,-1,659,799,854,55,855,6.75,1.4074074074074074,39,0.18518518518518517,1.2442056195778841,0.037037037037037035,1.5555555555555556,-1.5185185185185186
2013-07-17,2013,Train,-1,699,699,709,10,710,9.5,0.2894736842105263,2,0.10526315789473684,0.7305133676415212,0.868421052631579,0.18421052631578946,0.6842105263157895
2013-07-19,2013,Train,-1,764,774,779,5,780,12.5,0.14,3,0.1,0.14687403440107116,0.12,0.3,-0.18
2013-07-23,2013,Train,-1,639,639,644,5,645,19.75,0.11392405063291139,1,0.02531645569620253,0.898964488387059,0.1518987341772152,0.22784810126582278,-0.07594936708860758
2013-07-24,2013,Train,-1,814,819,834,15,835,25.75,0.10679611650485436,4,0.0,1.0041361756283804,0.2815533980582524,0.05825242718446602,0.2233009708737864
2013-07-25,2013,Train,-1,679,684,694,10,695,15.75,0.19047619047619047,3,0.06349206349206349,0.6978049020572891,0.746031746031746,0.2222222222222222,0.5238095238095238
2013-07-29,2013,Train,-1,674,694,799,105,800,14.5,0.5,25,0.034482758620689655,0.7192195891018377,0.3793103448275862,0.3275862068965517,0.051724137931034475
2013-07-30,2013,Train,1,679,704,799,95,800,11.5,0.9347826086956522,24,0.2391304347826087,1.2888263066346393,0.9347826086956522,0.043478260869565216,0.891304347826087
2013-07-31,2013,Train,-1,764,769,769,0,770,11.0,0.11363636363636363,1,0.0,0.4018711766822598,0.2727272727272727,0.18181818181818182,0.09090909090909088
2013-08-05,2013,Train,1,634,654,694,40,695,6.75,0.5555555555555556,12,0.4074074074074074,0.9658571485353153,0.4074074074074074,0.3333333333333333,0.07407407407407407
2013-08-08,2013,Train,1,754,764,774,10,775,23.5,0.13829787234042554,4,0.031914893617021274,0.5005543585130641,0.06382978723404255,0.11702127659574468,-0.053191489361702135
2013-08-09,2013,Train,-1,664,689,749,60,750,13.75,1.018181818181818,17,0.05454545454545454,1.2133074261883323,0.36363636363636365,0.10909090909090909,0.2545454545454546
2013-08-12,2013,Train,1,659,664,664,0,665,22.0,0.1590909090909091,1,0.011363636363636364,0.7851859968224402,0.19318181818181818,0.09090909090909091,0.10227272727272727
2013-08-13,2013,Train,1,769,774,779,5,780,27.25,0.09174311926605505,2,0.03669724770642202,0.41581372786805726,0.027522935779816515,0.3211009174311927,-0.29357798165137616
2013-08-14,2013,Train,-1,649,654,679,25,680,11.5,0.717391304347826,6,0.021739130434782608,1.59117388128196,0.3695652173913043,0.2608695652173913,0.10869565217391303
2013-08-16,2013,Train,1,639,664,669,5,670,17.0,0.2647058823529412,6,0.0,0.8491455395418308,0.2647058823529412,0.10294117647058823,0.16176470588235295
2013-08-19,2013,Train,1,649,659,659,0,660,26.25,0.10476190476190476,2,0.0,0.6107925200356188,0.24761904761904763,0.0380952380952381,0.20952380952380953
2013-08-21,2013,Train,-1,844,849,854,5,855,19.25,0.5844155844155844,2,0.03896103896103896,2.2689064922377726,1.4025974025974026,0.15584415584415584,1.2467532467532467
2013-08-22,2013,Train,1,644,649,679,30,680,16.5,0.25757575757575757,7,0.030303030303030304,1.417044137785737,0.42424242424242425,0.015151515151515152,0.4090909090909091
2013-08-26,2013,Train,1,659,794,829,35,830,16.75,0.5074626865671642,34,0.014925373134328358,0.709412756392245,0.1044776119402985,0.2537313432835821,-0.1492537313432836
2013-08-28,2013,Train,1,659,664,679,15,680,16.75,0.19402985074626866,4,0.1044776119402985,0.5734035922715168,0.16417910447761194,0.40298507462686567,-0.23880597014925373
2013-08-29,2013,Train,1,639,729,814,85,815,30.25,0.39669421487603307,35,0.06611570247933884,1.1628927187268079,0.05785123966942149,0.24793388429752067,-0.19008264462809918
2013-08-30,2013,Train,-1,644,664,674,10,675,20.5,0.3048780487804878,6,0.0,1.4001744002671666,0.012195121951219513,0.4146341463414634,-0.40243902439024387
2013-09-03,2013,Train,-1,689,709,729,20,730,15.25,0.4918032786885246,8,0.03278688524590164,1.0598722044728435,0.03278688524590164,1.1311475409836065,-1.0983606557377048
2013-09-04,2013,Train,1,639,639,644,5,645,24.0,0.041666666666666664,1,0.11458333333333333,0.5085660495764042,0.052083333333333336,0.3541666666666667,-0.30208333333333337
2013-09-11,2013,Train,1,734,739,764,25,765,13.75,0.2545454545454545,6,0.03636363636363636,0.5423899190436016,0.03636363636363636,0.509090909090909,-0.47272727272727266
2013-09-12,2013,Train,1,634,649,659,10,660,13.5,0.2222222222222222,5,0.1111111111111111,0.5627556767652814,0.6481481481481481,0.3148148148148148,0.3333333333333333
2013-09-16,2013,Train,-1,644,644,684,40,685,22.0,0.17045454545454544,8,0.07954545454545454,0.7718079444226568,0.09090909090909091,0.11363636363636363,-0.02272727272727272
2013-09-17,2013,Train,1,664,679,694,15,695,13.5,0.2962962962962963,6,0.037037037037037035,0.4023327813377493,0.18518518518518517,0.25925925925925924,-0.07407407407407407
2013-09-18,2013,Train,-1,679,679,689,10,690,6.5,0.19230769230769232,2,0.038461538461538464,0.599869593566616,0.23076923076923078,0.8076923076923077,-0.5769230769230769
2013-09-23,2013,Train,-1,654,674,734,60,735,26.5,0.4716981132075472,16,0.0,0.7955136769566135,0.18867924528301888,0.12264150943396226,0.06603773584905662
2013-09-25,2013,Train,1,689,719,724,5,725,20.0,0.175,7,0.0,0.3453791145804902,0.35,0.2375,0.11249999999999999
2013-09-27,2013,Train,1,634,744,859,115,860,15.75,0.6190476190476191,45,0.07936507936507936,0.9115249047602093,0.19047619047619047,0.1746031746031746,0.015873015873015872
2013-09-30,2013,Train,1,639,669,674,5,675,33.5,0.1417910447761194,7,0.08955223880597014,0.502470401789876,0.022388059701492536,0.373134328358209,-0.35074626865671643
2013-10-02,2013,Train,1,679,679,684,5,685,16.5,0.18181818181818182,1,0.09090909090909091,0.9165040967616075,0.12121212121212122,0.5,-0.3787878787878788
2013-10-03,2013,Train,-1,644,649,649,0,650,33.25,0.12781954887218044,1,0.0,0.5358997314234557,0.24060150375939848,0.5789473684210527,-0.33834586466165417
2013-10-09,2013,Train,-1,669,684,754,70,755,29.75,0.4789915966386555,17,0.0,1.0220981129158495,0.5714285714285714,0.36134453781512604,0.21008403361344535
2013-10-10,2013,Train,1,649,649,654,5,655,18.75,0.18666666666666668,1,0.12,0.7414551428117218,0.36,0.5733333333333334,-0.21333333333333337
2013-10-15,2013,Train,1,684,689,699,10,700,17.5,0.34285714285714286,3,0.12857142857142856,0.8295621126576583,0.5571428571428572,0.18571428571428572,0.37142857142857144
2013-10-16,2013,Train,1,664,674,679,5,680,22.0,0.17045454545454544,3,0.022727272727272728,0.551333918012844,0.14772727272727273,0.13636363636363635,0.011363636363636381
2013-10-18,2013,Train,1,774,774,779,5,780,20.75,0.08433734939759036,1,0.0,0.2986799173825845,0.012048192771084338,0.4939759036144578,-0.4819277108433735
2013-10-21,2013,Train,-1,864,869,874,5,875,15.5,0.22580645161290322,2,0.016129032258064516,1.0520785935884178,0.4032258064516129,0.06451612903225806,0.3387096774193548
2013-10-23,2013,Train,-1,654,654,664,10,665,20.75,0.2891566265060241,2,0.08433734939759036,1.2583054339428277,0.25301204819277107,0.3253012048192771,-0.07228915662650603
2013-10-25,2013,Train,-1,664,734,849,115,850,17.25,0.8260869565217391,37,0.057971014492753624,0.583858570330515,0.014492753623188406,0.4057971014492754,-0.391304347826087
2013-10-28,2013,Train,-1,654,659,689,30,690,10.75,0.6046511627906976,7,0.11627906976744186,1.2003471948236408,0.6046511627906976,0.2558139534883721,0.34883720930232553
2013-10-30,2013,Train,-1,699,714,734,20,735,16.25,0.38461538461538464,7,0.0,0.9031164376811024,0.24615384615384617,0.3230769230769231,-0.07692307692307693
2013-10-31,2013,Train,1,694,714,724,10,725,25.0,0.19,6,0.08,0.37890941865705274,0.0,0.36,-0.36
2013-11-01,2013,Train,-1,669,719,744,25,745,19.25,0.5194805194805194,15,0.03896103896103896,0.9079709880817874,0.06493506493506493,0.6363636363636364,-0.5714285714285714
2013-11-08,2013,Train,1,634,634,644,10,645,24.25,0.24742268041237114,2,0.08247422680412371,1.2426026131714398,0.1134020618556701,0.38144329896907214,-0.26804123711340205
2013-11-11,2013,Train,-1,664,664,679,15,680,16.75,0.19402985074626866,3,0.1044776119402985,1.1975508802716157,0.5373134328358209,0.04477611940298507,0.4925373134328358
2013-11-15,2013,Train,1,874,879,879,0,880,10.5,0.07142857142857142,1,0.047619047619047616,0.1617580425917535,0.14285714285714285,0.35714285714285715,-0.2142857142857143
2013-11-18,2013,Train,-1,889,889,894,5,895,20.5,0.08536585365853659,1,0.036585365853658534,0.9178351257268432,0.012195121951219513,1.2439024390243902,-1.2317073170731707
2013-11-22,2013,Train,1,704,709,709,0,710,12.75,0.0784313725490196,1,0.0,0.6591648590021691,0.0392156862745098,0.2549019607843137,-0.2156862745098039
2013-11-27,2013,Train,1,699,699,704,5,705,15.75,0.047619047619047616,1,0.015873015873015872,0.27356344575215114,0.31746031746031744,0.1111111111111111,0.20634920634920634
2013-11-29,2013,Train,1,634,634,639,5,640,9.75,0.10256410256410256,1,0.1282051282051282,0.5753697488289751,0.1794871794871795,0.48717948717948717,-0.3076923076923077
2013-12-11,2013,Train,-1,699,704,704,0,705,24.25,0.05154639175257732,1,0.0,0.34839350778403444,0.020618556701030927,0.5567010309278351,-0.5360824742268041
2013-12-12,2013,Train,-1,744,754,769,15,770,16.75,0.2835820895522388,5,0.1044776119402985,0.901431881646961,0.43283582089552236,0.08955223880597014,0.34328358208955223
2013-12-13,2013,Train,-1,709,709,714,5,715,20.0,0.1,1,0.0,0.7272135568004835,0.2625,0.0375,0.225
2013-12-23,2013,Train,1,694,704,709,5,710,12.0,0.16666666666666666,3,0.10416666666666667,0.45066698714096864,0.0,0.4791666666666667,-0.4791666666666667
2013-12-26,2013,Train,1,689,699,704,5,705,10.0,0.275,3,0.025,0.3376706621370425,0.125,0.175,-0.04999999999999999
2013-12-31,2013,Train,1,634,634,639,5,640,7.0,0.14285714285714285,1,0.03571428571428571,0.8041047633634553,0.0,1.3928571428571428,-1.3928571428571428
2014-01-06,2014,Train,-1,679,689,714,25,715,25.5,0.23529411764705882,7,0.0392156862745098,1.286581386242005,0.16666666666666666,0.10784313725490197,0.05882352941176469
2014-01-10,2014,Train,-1,684,699,729,30,730,27.0,0.25925925925925924,9,0.037037037037037035,0.8234901568234901,0.23148148148148148,0.08333333333333333,0.14814814814814814
2014-01-15,2014,Train,1,669,669,674,5,675,18.5,0.25675675675675674,1,0.06756756756756757,1.251379251988492,0.40540540540540543,0.24324324324324326,0.16216216216216217
2014-01-17,2014,Train,1,729,744,759,15,760,14.25,0.2807017543859649,6,0.017543859649122806,0.2587231449032455,0.7192982456140351,0.10526315789473684,0.6140350877192983
2014-01-21,2014,Train,-1,634,639,639,0,640,16.5,0.18181818181818182,1,0.015151515151515152,0.8128886151890184,0.25757575757575757,0.9848484848484849,-0.7272727272727273
2014-01-27,2014,Train,-1,639,639,644,5,645,42.25,0.15976331360946747,1,0.23668639053254437,1.5978416345896662,0.17159763313609466,0.1952662721893491,-0.023668639053254448
2014-01-31,2014,Train,1,664,679,679,0,680,22.0,0.3522727272727273,3,0.011363636363636364,0.723879787349463,0.022727272727272728,0.8522727272727273,-0.8295454545454546
2014-02-03,2014,Train,-1,674,679,694,15,695,51.25,0.15121951219512195,4,0.03414634146341464,0.6350391772771793,0.0,0.4585365853658537,-0.4585365853658537
2014-02-05,2014,Train,1,789,799,804,5,805,47.75,0.07329842931937172,3,0.020942408376963352,0.37405322566384724,0.1099476439790576,0.07853403141361257,0.03141361256544503
2014-02-06,2014,Train,1,634,649,689,40,690,31.25,0.256,11,0.032,0.9504252820385066,0.08,0.176,-0.09599999999999999
2014-02-10,2014,Train,1,709,714,724,10,725,19.0,0.17105263157894737,3,0.02631578947368421,0.39302124041401637,0.17105263157894737,0.18421052631578946,-0.01315789473684209
2014-02-12,2014,Train,-1,659,664,664,0,665,12.75,0.17647058823529413,1,0.058823529411764705,0.41966752046607403,0.45098039215686275,0.5294117647058824,-0.0784313725490196
2014-02-14,2014,Train,1,634,634,639,5,640,14.75,0.22033898305084745,1,0.1694915254237288,0.6159364274450387,0.4406779661016949,0.23728813559322035,0.20338983050847456
2014-02-18,2014,Train,1,634,634,639,5,640,20.5,0.08536585365853659,1,0.036585365853658534,0.7883109292811221,0.07317073170731707,0.2926829268292683,-0.2195121951219512
2014-02-20,2014,Train,1,749,754,769,15,770,25.25,0.15841584158415842,4,0.04950495049504951,0.42872802565872276,0.0594059405940594,0.12871287128712872,-0.06930693069306931
2014-02-21,2014,Train,-1,764,769,789,20,790,12.25,0.2857142857142857,5,0.10204081632653061,0.15788279773156902,0.24489795918367346,0.42857142857142855,-0.18367346938775508
2014-02-26,2014,Train,1,634,639,639,0,640,18.75,0.2,1,0.013333333333333334,0.7793618912778638,0.26666666666666666,0.29333333333333333,-0.026666666666666672
2014-03-03,2014,Train,-1,699,704,704,0,705,26.25,0.06666666666666667,1,0.0,0.6508194941929881,0.0,0.6285714285714286,-0.6285714285714286
2014-03-07,2014,Train,-1,664,679,704,25,705,41.25,0.22424242424242424,8,0.06666666666666667,0.9520678418441841,0.08484848484848485,0.09090909090909091,-0.006060606060606058
2014-03-10,2014,Train,-1,634,649,669,20,670,17.25,0.5072463768115942,7,0.014492753623188406,0.7943118334179786,0.6376811594202898,0.11594202898550725,0.5217391304347826
2014-03-11,2014,Train,1,634,659,704,45,705,16.25,0.47692307692307695,14,0.36923076923076925,0.9597963787817435,0.5692307692307692,0.24615384615384617,0.32307692307692304
2014-03-12,2014,Train,1,634,634,639,5,640,26.25,0.13333333333333333,1,0.19047619047619047,0.8203022263236821,0.10476190476190476,0.9428571428571428,-0.8380952380952381
2014-03-14,2014,Train,-1,659,684,694,10,695,19.75,0.5443037974683544,7,0.0379746835443038,0.5989807294155121,0.8860759493670886,0.21518987341772153,0.670886075949367
2014-03-18,2014,Train,1,679,694,704,10,705,30.75,0.17073170731707318,5,0.008130081300813009,0.5158167251336571,0.032520325203252036,0.2682926829268293,-0.23577235772357724
2014-03-19,2014,Train,-1,644,644,649,5,650,14.5,0.20689655172413793,1,0.1896551724137931,1.6594833737690882,0.43103448275862066,0.10344827586206896,0.3275862068965517
2014-03-20,2014,Train,1,634,634,639,5,640,30.75,0.056910569105691054,1,0.0975609756097561,0.6018787361229718,0.3902439024390244,0.0975609756097561,0.29268292682926833
2014-03-21,2014,Train,-1,824,824,834,10,835,52.75,0.06635071090047394,2,0.02843601895734597,0.36274143725177366,0.03317535545023697,0.4265402843601896,-0.3933649289099526
2014-03-24,2014,Train,-1,634,674,869,195,870,47.5,0.7157894736842105,47,0.03684210526315789,1.726641652950017,0.14210526315789473,0.22631578947368422,-0.08421052631578949
2014-03-26,2014,Train,-1,654,664,664,0,665,23.25,0.3548387096774194,2,0.0,0.9713493654873568,0.3118279569892473,0.5161290322580645,-0.2043010752688172
2014-03-28,2014,Train,1,654,659,669,10,670,36.5,0.1232876712328767,3,0.03424657534246575,0.7633359660170342,0.273972602739726,0.03424657534246575,0.23972602739726026
2014-04-01,2014,Train,1,634,634,649,15,650,35.25,0.14184397163120568,3,0.07801418439716312,1.1934612718973305,0.12056737588652482,0.10638297872340426,0.01418439716312056
2014-04-02,2014,Train,-1,824,829,839,10,840,23.5,0.10638297872340426,3,0.11702127659574468,0.3909282466452257,0.1595744680851064,0.18085106382978725,-0.021276595744680854
2014-04-03,2014,Train,-1,639,644,649,5,650,20.5,0.07317073170731707,2,0.0975609756097561,0.7751526413591717,0.21951219512195122,0.573170731707317,-0.35365853658536583
2014-04-07,2014,Train,-1,734,744,754,10,755,43.75,0.19428571428571428,4,0.005714285714285714,0.5853051414837915,0.12,0.29714285714285715,-0.17714285714285716
2014-04-08,2014,Train,1,659,684,709,25,710,29.75,0.5294117647058824,10,0.01680672268907563,0.7021925498824065,0.008403361344537815,0.5126050420168067,-0.5042016806722689
2014-04-09,2014,Train,1,744,769,814,45,815,22.0,0.3181818181818182,14,0.0,0.22131747751969771,0.13636363636363635,1.2840909090909092,-1.147727272727273
2014-04-11,2014,Train,1,654,659,664,5,665,43.75,0.21142857142857144,2,0.06285714285714286,0.9891880008793493,0.29714285714285715,0.28,0.017142857142857126
2014-04-14,2014,Train,1,649,704,729,25,730,26.25,0.49523809523809526,16,0.009523809523809525,0.9685912090055148,0.009523809523809525,0.4380952380952381,-0.42857142857142855
2014-04-15,2014,Train,-1,644,784,874,90,875,46.5,1.0161290322580645,46,0.1935483870967742,0.9443712365098162,0.5376344086021505,0.08602150537634409,0.4516129032258064
2014-04-16,2014,Train,-1,644,649,649,0,650,27.25,0.1651376146788991,1,0.11009174311926606,0.777896599327254,0.5321100917431193,0.3211009174311927,0.21100917431192662
2014-04-17,2014,Train,1,794,794,799,5,800,31.0,0.08870967741935484,1,0.04032258064516129,0.5020146954254563,0.024193548387096774,0.3467741935483871,-0.32258064516129037
2014-04-21,2014,Train,-1,634,639,649,10,650,20.5,0.45121951219512196,3,0.012195121951219513,1.1091888825865004,0.7073170731707317,0.07317073170731707,0.6341463414634146
2014-04-23,2014,Train,-1,819,824,824,0,825,29.75,0.09243697478991597,1,0.01680672268907563,0.5020028978095968,0.04201680672268908,0.16806722689075632,-0.12605042016806722
2014-04-25,2014,Train,-1,634,669,714,45,715,25.25,0.8712871287128713,16,0.019801980198019802,1.3484054067054692,0.0594059405940594,0.40594059405940597,-0.34653465346534656
2014-04-30,2014,Train,1,649,654,659,5,660,26.0,0.20192307692307693,2,0.009615384615384616,0.4541430726243169,0.33653846153846156,0.10576923076923077,0.23076923076923078
2014-05-01,2014,Train,1,644,694,834,140,835,17.75,0.971830985915493,38,0.08450704225352113,0.974216647952374,0.5352112676056338,0.18309859154929578,0.352112676056338
2014-05-02,2014,Train,-1,649,654,664,10,665,25.75,0.3300970873786408,3,0.17475728155339806,1.7276624107932932,0.39805825242718446,0.2524271844660194,0.14563106796116504
2014-05-05,2014,Train,1,714,724,729,5,730,40.25,0.043478260869565216,3,0.08695652173913043,0.13134229458538432,0.08695652173913043,0.09316770186335403,-0.0062111801242236
2014-05-06,2014,Train,-1,659,664,679,15,680,13.5,0.48148148148148145,4,0.0,0.9786758732737612,0.3148148148148148,0.25925925925925924,0.05555555555555558
2014-05-09,2014,Train,1,759,774,799,25,800,31.75,0.1732283464566929,8,0.047244094488188976,0.6803861069436975,0.41732283464566927,0.08661417322834646,0.3307086614173228
2014-05-12,2014,Train,1,709,714,714,0,715,30.25,0.049586776859504134,1,0.0,0.2512050870055725,0.0743801652892562,0.19834710743801653,-0.12396694214876033
2014-05-15,2014,Train,-1,714,719,729,10,730,51.25,0.12195121951219512,3,0.00975609756097561,0.2837650829104858,0.1951219512195122,0.06829268292682927,0.12682926829268293
2014-05-16,2014,Train,1,884,884,889,5,890,25.0,0.06,1,0.01,0.45110042267890976,0.05,0.86,-0.8099999999999999
2014-05-20,2014,Train,1,659,659,669,10,670,17.0,0.10294117647058823,2,0.08823529411764706,0.9018179307011032,0.4411764705882353,0.5735294117647058,-0.13235294117647056
2014-05-21,2014,Train,1,654,659,659,0,660,22.25,0.0898876404494382,1,0.19101123595505617,0.6583581931341521,0.5393258426966292,0.11235955056179775,0.42696629213483145
2014-05-22,2014,Train,1,649,654,664,10,665,16.5,0.16666666666666666,3,0.07575757575757576,0.6786305046658968,0.030303030303030304,0.5454545454545454,-0.5151515151515151
2014-05-27,2014,Train,1,669,674,679,5,680,17.5,0.14285714285714285,2,0.1,0.47961367502606594,0.2,0.15714285714285714,0.04285714285714287
2014-05-30,2014,Train,1,664,669,669,0,670,11.5,0.21739130434782608,1,0.13043478260869565,0.35662323127348305,0.2608695652173913,0.32608695652173914,-0.06521739130434784
2014-06-06,2014,Train,1,669,674,679,5,680,10.0,0.3,2,0.075,0.6675011265208031,0.25,0.275,-0.025000000000000022
2014-06-09,2014,Train,1,689,729,804,75,805,11.25,0.4,23,0.13333333333333333,0.28324571904439705,1.2222222222222223,0.0,1.2222222222222223
2014-06-16,2014,Train,-1,694,699,704,5,705,24.75,0.1717171717171717,2,0.0,1.1260732415550774,0.42424242424242425,0.06060606060606061,0.36363636363636365
2014-06-18,2014,Train,-1,814,844,844,0,845,14.75,0.6779661016949152,6,0.288135593220339,0.728507264407566,1.2881355932203389,0.6271186440677966,0.6610169491525423
2014-06-24,2014,Train,1,634,689,784,95,785,26.0,0.25,30,0.0,0.8284371327849589,0.3557692307692308,0.0,0.3557692307692308
2014-06-25,2014,Train,1,669,689,709,20,710,18.75,0.36,8,0.12,0.5078315967717707,0.04,0.32,-0.28
2014-06-27,2014,Train,1,709,714,724,10,725,11.75,0.1276595744680851,3,0.0,0.47958042810969037,0.2127659574468085,0.0851063829787234,0.12765957446808512
2014-06-30,2014,Train,1,754,754,759,5,760,14.25,0.07017543859649122,1,0.07017543859649122,0.33236227662072265,0.08771929824561403,0.2807017543859649,-0.19298245614035087
2014-07-02,2014,Train,1,734,744,754,10,755,9.0,0.2777777777777778,4,0.16666666666666666,0.40278126832537486,0.2777777777777778,0.2777777777777778,0.0
2014-07-08,2014,Train,-1,634,649,654,5,655,38.75,0.14193548387096774,4,0.01935483870967742,1.033727922882103,0.05161290322580645,0.5096774193548387,-0.4580645161290322
2014-07-09,2014,Train,1,644,649,659,10,660,22.0,0.13636363636363635,3,0.011363636363636364,0.7664948592708529,0.2840909090909091,0.125,0.15909090909090912
2014-07-15,2014,Train,-1,634,724,859,135,860,22.25,1.404494382022472,45,0.11235955056179775,1.203310585160447,0.0449438202247191,0.5393258426966292,-0.4943820224719101
2014-07-16,2014,Train,-1,649,654,669,15,670,12.25,0.3673469387755102,4,0.08163265306122448,0.9871861096762369,0.20408163265306123,0.8367346938775511,-0.6326530612244898
2014-07-21,2014,Train,-1,644,644,654,10,655,16.75,0.208955223880597,2,0.029850746268656716,1.3659372528341682,0.5373134328358209,0.2537313432835821,0.2835820895522388
2014-07-23,2014,Train,1,634,644,759,115,760,15.0,0.55,25,0.15,1.0751199559506017,0.05,0.23333333333333334,-0.18333333333333335
2014-07-25,2014,Train,-1,684,684,704,20,705,17.75,0.4788732394366197,4,0.04225352112676056,1.473365889540467,0.4788732394366197,0.08450704225352113,0.39436619718309857
2014-07-28,2014,Train,1,814,824,859,35,860,34.25,0.20437956204379562,9,0.043795620437956206,0.6628417366716534,0.072992700729927,0.10948905109489052,-0.036496350364963515
2014-07-30,2014,Train,-1,644,649,654,5,655,21.5,0.27906976744186046,2,0.11627906976744186,0.9640654378042137,0.1744186046511628,0.46511627906976744,-0.2906976744186046
2014-08-01,2014,Train,-1,659,774,849,75,850,23.0,1.3369565217391304,38,0.0,0.7512839647074316,0.21739130434782608,0.391304347826087,-0.1739130434782609
2014-08-04,2014,Train,-1,644,649,654,5,655,17.0,0.29411764705882354,2,0.014705882352941176,0.6371844544197716,0.6176470588235294,0.6029411764705882,0.014705882352941235
2014-08-06,2014,Train,1,659,729,814,85,815,34.0,0.4485294117647059,31,0.007352941176470588,0.9043371761761496,0.23529411764705882,0.11029411764705882,0.125
2014-08-11,2014,Train,1,644,649,649,0,650,18.25,0.0684931506849315,1,0.0136986301369863,0.4322479476063094,0.2602739726027397,0.273972602739726,-0.0136986301369863
2014-08-12,2014,Train,-1,649,654,654,0,655,16.5,0.06060606060606061,1,0.06060606060606061,0.6872852233676976,0.07575757575757576,0.7575757575757576,-0.6818181818181818
2014-08-14,2014,Train,1,669,684,694,10,695,9.25,0.43243243243243246,5,0.16216216216216217,0.4847406852649317,0.10810810810810811,0.5405405405405406,-0.43243243243243246
2014-08-18,2014,Train,1,654,664,694,30,695,13.75,0.2909090909090909,8,0.0,0.8433998221318765,0.07272727272727272,0.4,-0.32727272727272727
2014-08-20,2014,Train,1,654,654,669,15,670,6.75,0.4074074074074074,3,0.0,0.7784625364904314,0.18518518518518517,0.5925925925925926,-0.4074074074074074
2014-08-22,2014,Train,1,634,634,639,5,640,16.0,0.328125,1,0.046875,1.579145285753457,0.859375,0.09375,0.765625
2014-08-25,2014,Train,1,639,639,644,5,645,5.75,0.2608695652173913,1,0.043478260869565216,1.1795437821927888,0.391304347826087,0.5652173913043478,-0.1739130434782608
2014-08-26,2014,Train,1,689,689,694,5,695,12.0,0.020833333333333332,1,0.10416666666666667,0.4079535122741827,0.22916666666666666,0.125,0.10416666666666666
2014-08-27,2014,Train,1,709,714,714,0,715,11.25,0.17777777777777778,1,0.0,0.49270013568521026,0.26666666666666666,0.06666666666666667,0.2
2014-08-28,2014,Train,1,649,654,684,30,685,10.0,0.275,7,0.125,1.3115349682107176,0.0,0.9,-0.9
2014-08-29,2014,Train,1,694,699,729,30,730,18.25,0.1780821917808219,7,0.0821917808219178,0.6164237913565577,0.1506849315068493,0.0410958904109589,0.1095890410958904
2014-09-02,2014,Train,-1,764,784,834,50,835,12.25,0.4489795918367347,14,0.04081632653061224,0.5864825581395349,0.32653061224489793,0.04081632653061224,0.2857142857142857
2014-09-05,2014,Train,1,764,764,769,5,770,22.0,0.11363636363636363,1,0.022727272727272728,0.3850581556905244,0.07954545454545454,0.2727272727272727,-0.19318181818181818
2014-09-08,2014,Train,-1,799,804,804,0,805,18.25,0.1643835616438356,1,0.0,1.006867009649142,0.0958904109589041,0.6027397260273972,-0.5068493150684932
2014-09-09,2014,Train,-1,789,789,794,5,795,16.25,0.38461538461538464,1,0.15384615384615385,1.841750492585295,1.7846153846153847,0.2,1.5846153846153848
2014-09-10,2014,Train,1,699,699,714,15,715,19.0,0.10526315789473684,3,0.05263157894736842,0.5934941768867196,0.05263157894736842,0.6973684210526315,-0.644736842105263
2014-09-11,2014,Train,-1,639,649,659,10,660,16.25,0.4153846153846154,4,0.015384615384615385,1.7235716729387616,0.6615384615384615,0.07692307692307693,0.5846153846153845
2014-09-12,2014,Train,-1,804,824,834,10,835,22.0,0.2727272727272727,6,0.056818181818181816,1.0227551915764843,0.26136363636363635,0.5,-0.23863636363636365
2014-09-15,2014,Train,-1,664,664,669,5,670,42.0,0.05357142857142857,1,0.011904761904761904,0.4602231907658413,0.05952380952380952,0.20833333333333334,-0.14880952380952384
2014-09-16,2014,Train,1,699,704,704,0,705,29.5,0.09322033898305085,1,0.00847457627118644,0.7002105315610478,0.03389830508474576,0.576271186440678,-0.5423728813559322
2014-09-17,2014,Train,-1,639,639,649,10,650,11.5,0.2826086956521739,2,0.15217391304347827,1.2129538763493621,0.2391304347826087,0.2826086956521739,-0.04347826086956519
2014-09-18,2014,Train,1,644,649,654,5,655,16.75,0.16417910447761194,2,0.08955223880597014,0.6466105673733252,0.3582089552238806,0.08955223880597014,0.26865671641791045
2014-09-19,2014,Train,-1,634,644,654,10,655,10.75,0.46511627906976744,4,0.20930232558139536,1.3297698695987514,0.2558139534883721,1.1627906976744187,-0.9069767441860466
2014-09-29,2014,Train,1,644,649,649,0,650,37.25,0.12080536912751678,1,0.03355704697986577,0.735018302248562,0.08053691275167785,0.33557046979865773,-0.2550335570469799
2014-09-30,2014,Train,1,669,689,709,20,710,31.5,0.2857142857142857,8,0.015873015873015872,0.740753961677227,0.47619047619047616,0.1349206349206349,0.3412698412698413
2014-10-02,2014,Train,-1,634,704,794,90,795,16.75,2.537313432835821,32,0.029850746268656716,1.7856113330313388,1.0,0.029850746268656716,0.9701492537313433
2014-10-03,2014,Train,1,764,764,769,5,770,39.5,0.056962025316455694,1,0.02531645569620253,0.39935678909114297,0.16455696202531644,0.0759493670886076,0.08860759493670885
2014-10-07,2014,Train,1,634,634,639,5,640,20.0,0.4,1,0.0375,1.2395198522622346,1.025,0.325,0.7
2014-10-08,2014,Train,-1,649,664,674,10,675,22.0,0.5909090909090909,5,0.0,0.7711390069684239,1.0568181818181819,0.2840909090909091,0.7727272727272727
2014-10-09,2014,Train,-1,639,644,644,0,645,23.0,0.2826086956521739,1,0.043478260869565216,1.0696977155259213,0.9021739130434783,0.29347826086956524,0.6086956521739131
2014-10-13,2014,Train,-1,634,639,639,0,640,53.75,0.07441860465116279,1,0.04186046511627907,1.3486198757165566,0.5627906976744186,0.27906976744186046,0.2837209302325581
2014-10-14,2014,Train,1,679,679,689,10,690,46.5,0.11827956989247312,2,0.12365591397849462,0.6872675324006744,0.10215053763440861,0.3817204301075269,-0.27956989247311825
2014-10-16,2014,Train,1,684,694,709,15,710,51.5,0.38349514563106796,5,0.11650485436893204,0.6123236267140503,0.22815533980582525,0.1650485436893204,0.06310679611650485
2014-10-17,2014,Train,1,674,714,774,60,775,42.0,0.4226190476190476,20,0.023809523809523808,0.6940381853959474,0.35119047619047616,0.16666666666666666,0.1845238095238095
2014-10-20,2014,Train,1,734,734,749,15,750,41.75,0.11377245508982035,3,0.023952095808383235,0.5510382743285359,0.17964071856287425,0.18562874251497005,-0.0059880239520958
2014-10-22,2014,Train,-1,764,774,779,5,780,24.0,0.34375,3,0.16666666666666666,0.7609787804514739,0.19791666666666666,0.3333333333333333,-0.13541666666666666
2014-10-23,2014,Train,1,649,674,699,25,700,29.75,0.23529411764705882,10,0.05042016806722689,0.8104318266319647,0.0,0.3949579831932773,-0.3949579831932773
2014-10-24,2014,Train,1,699,709,729,20,730,26.25,0.18095238095238095,6,0.009523809523809525,0.6189939198065499,0.3333333333333333,0.20952380952380953,0.12380952380952379
2014-10-27,2014,Train,1,644,649,654,5,655,25.25,0.25742574257425743,2,0.039603960396039604,1.1081235950103583,0.3564356435643564,0.37623762376237624,-0.01980198019801982
2014-10-28,2014,Train,1,664,679,714,35,715,22.25,0.2808988764044944,10,0.02247191011235955,0.631130467714448,0.3707865168539326,0.011235955056179775,0.3595505617977528
2014-10-30,2014,Train,1,754,754,759,5,760,26.75,0.07476635514018691,1,0.028037383177570093,0.5113915052425804,0.08411214953271028,0.6822429906542056,-0.5981308411214953
2014-10-31,2014,Train,-1,889,889,894,5,895,26.5,0.03773584905660377,1,0.009433962264150943,0.4247156679680869,0.5283018867924528,0.03773584905660377,0.49056603773584906
2014-11-10,2014,Train,1,634,634,639,5,640,13.5,0.18518518518518517,1,0.037037037037037035,0.9298720216418688,0.0,1.2037037037037037,-1.2037037037037037
2014-11-14,2014,Train,1,659,669,704,35,705,19.5,0.23076923076923078,9,0.0641025641025641,0.7763532763532763,0.10256410256410256,0.2692307692307692,-0.16666666666666666
2014-11-17,2014,Train,-1,649,649,659,10,660,14.0,0.42857142857142855,2,0.07142857142857142,1.2204044535332879,0.05357142857142857,1.4107142857142858,-1.3571428571428572
2014-11-18,2014,Train,1,779,809,819,10,820,25.0,0.15,8,0.09,0.33968741530400215,0.07,0.43,-0.36
2014-11-24,2014,Train,1,639,644,644,0,645,17.0,0.11764705882352941,1,0.04411764705882353,0.7270473585228244,0.2647058823529412,0.058823529411764705,0.20588235294117646
2014-11-28,2014,Train,1,634,644,719,75,720,15.0,0.4,17,0.0,0.55201269658058,0.7666666666666667,0.18333333333333332,0.5833333333333334
2014-12-04,2014,Train,-1,689,694,704,10,705,18.5,0.6081081081081081,3,0.13513513513513514,0.783537162545909,1.1486486486486487,0.05405405405405406,1.0945945945945947
2014-12-10,2014,Train,-1,634,634,654,20,655,25.5,0.4019607843137255,4,0.13725490196078433,1.0534323227151374,0.3235294117647059,0.30392156862745096,0.019607843137254943
2014-12-11,2014,Train,1,634,644,659,15,660,49.75,0.09045226130653267,5,0.020100502512562814,0.7849501169951455,0.06030150753768844,0.21105527638190955,-0.1507537688442211
2014-12-15,2014,Train,-1,639,649,654,5,655,38.25,0.5032679738562091,3,0.1895424836601307,0.984701405606896,0.006535947712418301,1.6209150326797386,-1.6143790849673203
2014-12-16,2014,Train,1,664,669,669,0,670,41.25,0.03636363636363636,1,0.19393939393939394,0.6332712657250555,0.0,1.2424242424242424,-1.2424242424242424
2014-12-17,2014,Train,1,684,689,689,0,690,28.75,0.10434782608695652,1,0.034782608695652174,0.49216071673447004,0.09565217391304348,0.7043478260869566,-0.6086956521739131
2014-12-18,2014,Train,1,804,839,889,50,890,33.25,0.24812030075187969,17,0.2631578947368421,0.7746397694524496,0.022556390977443608,0.6015037593984962,-0.5789473684210527
2014-12-24,2014,Train,1,664,664,674,10,675,14.5,0.13793103448275862,2,0.0,0.46752421788153087,0.2413793103448276,0.2413793103448276,0.0
2014-12-26,2014,Train,1,659,669,674,5,675,11.25,0.2222222222222222,3,0.022222222222222223,0.5358186117679788,0.1111111111111111,0.37777777777777777,-0.26666666666666666
2014-12-29,2014,Train,1,669,709,724,15,725,11.25,0.28888888888888886,11,0.0,0.6646066080342287,0.37777777777777777,0.06666666666666667,0.3111111111111111
2015-01-05,2015,Train,-1,644,649,649,0,650,31.0,0.1693548387096774,1,0.1935483870967742,0.8117243424117921,0.1935483870967742,0.5725806451612904,-0.3790322580645162
2015-01-07,2015,Train,1,719,729,734,5,735,35.0,0.30714285714285716,3,0.03571428571428571,0.7842524953995427,0.1,0.2357142857142857,-0.1357142857142857
2015-01-14,2015,Train,-1,819,829,844,15,845,46.25,0.2648648648648649,5,0.0972972972972973,0.2626139086324949,0.5459459459459459,0.13513513513513514,0.4108108108108108
2015-01-15,2015,Train,-1,764,769,784,15,785,65.5,0.22519083969465647,4,0.04961832061068702,0.569094044302958,0.12213740458015267,0.22519083969465647,-0.10305343511450381
2015-01-16,2015,Train,1,679,679,684,5,685,33.75,0.17777777777777778,1,0.15555555555555556,0.45952655550560045,0.3037037037037037,0.14074074074074075,0.16296296296296295
2015-01-20,2015,Train,-1,704,709,729,20,730,43.0,0.313953488372093,5,0.06395348837209303,0.4423770373575653,0.27906976744186046,0.11627906976744186,0.16279069767441862
2015-01-21,2015,Train,1,649,664,809,145,810,44.0,0.5511363636363636,32,0.022727272727272728,0.5649001076683814,0.3977272727272727,0.0,0.3977272727272727
2015-01-23,2015,Train,1,734,734,739,5,740,24.75,0.15151515151515152,1,0.23232323232323232,0.7555912145221141,0.1717171717171717,0.46464646464646464,-0.29292929292929293
2015-01-26,2015,Train,1,829,829,854,25,855,22.75,0.31868131868131866,5,0.02197802197802198,1.1466501240694789,0.3956043956043956,0.08791208791208792,0.30769230769230765
2015-02-06,2015,Train,1,644,649,754,105,755,22.25,0.3707865168539326,22,0.0449438202247191,1.0171089184787816,1.2696629213483146,0.11235955056179775,1.1573033707865168
2015-02-09,2015,Train,-1,659,659,664,5,665,19.25,0.24675324675324675,1,0.2077922077922078,0.5768181278918021,0.7792207792207793,0.11688311688311688,0.6623376623376623
2015-02-11,2015,Train,1,644,664,764,100,765,15.5,0.3870967741935484,24,0.3387096774193548,1.1456905057046725,0.9354838709677419,0.14516129032258066,0.7903225806451613
2015-02-13,2015,Train,1,709,719,749,30,750,16.0,0.234375,8,0.03125,0.42449420016185596,0.140625,0.34375,-0.203125
2015-02-16,2015,Train,1,654,694,719,25,720,3.25,1.8461538461538463,13,1.5384615384615385,3.192083818393481,2.5384615384615383,0.15384615384615385,2.3846153846153846
2015-02-17,2015,Train,1,644,644,649,5,650,13.25,0.1320754716981132,1,0.11320754716981132,0.5180057338647647,0.7358490566037735,0.11320754716981132,0.6226415094339622
2015-02-19,2015,Train,1,639,639,644,5,645,21.75,0.06896551724137931,1,0.0,0.49021498120119544,0.25287356321839083,0.2413793103448276,0.011494252873563232
2015-02-20,2015,Train,1,639,649,679,30,680,18.5,0.32432432432432434,8,0.0,0.7682812929218935,0.10810810810810811,0.28378378378378377,-0.17567567567567566
2015-02-23,2015,Train,1,864,869,874,5,875,14.0,0.08928571428571429,2,0.03571428571428571,0.28846637071781556,0.8571428571428571,0.07142857142857142,0.7857142857142857
2015-02-24,2015,Train,1,669,694,749,55,750,18.75,0.4666666666666667,16,0.08,0.6695479404354684,0.48,0.0,0.48
2015-02-26,2015,Train,1,644,649,649,0,650,18.75,0.17333333333333334,1,0.05333333333333334,0.5265893389110731,0.02666666666666667,0.49333333333333335,-0.4666666666666667
2015-03-02,2015,Train,1,684,689,689,0,690,25.25,0.039603960396039604,1,0.039603960396039604,0.5414396095973973,0.3465346534653465,0.1782178217821782,0.1683168316831683
2015-03-04,2015,Train,1,679,679,684,5,685,28.25,0.07079646017699115,1,0.017699115044247787,1.0455932589387382,0.21238938053097345,0.17699115044247787,0.035398230088495575
2015-03-05,2015,Train,-1,669,674,679,5,680,15.5,0.41935483870967744,2,0.016129032258064516,1.450599013389711,0.5,0.1935483870967742,0.3064516129032258
2015-03-09,2015,Train,1,814,829,859,30,860,21.25,0.5529411764705883,9,0.1411764705882353,0.6654051264407362,0.6470588235294118,0.2823529411764706,0.3647058823529412
2015-03-11,2015,Train,-1,634,639,639,0,640,19.75,0.10126582278481013,1,0.0379746835443038,1.2523819606182511,0.6455696202531646,0.4050632911392405,0.24050632911392406
2015-03-12,2015,Train,1,679,684,694,10,695,30.5,0.12295081967213115,3,0.05737704918032787,0.666883327916802,0.1885245901639344,0.09016393442622951,0.0983606557377049
2015-03-16,2015,Train,1,684,689,704,15,705,31.5,0.16666666666666666,4,0.015873015873015872,0.3328457037265168,0.2222222222222222,0.15873015873015872,0.06349206349206349
2015-03-18,2015,Train,1,669,674,674,0,675,14.5,0.15517241379310345,1,0.034482758620689655,0.40986272851473554,0.7068965517241379,0.1724137931034483,0.5344827586206896
2015-03-20,2015,Train,1,684,694,754,60,755,11.25,0.6,14,0.022222222222222223,0.3480434736552192,0.06666666666666667,1.1333333333333333,-1.0666666666666667
2015-03-24,2015,Train,1,654,654,664,10,665,21.75,0.10344827586206896,2,0.011494252873563218,0.703107760205958,0.022988505747126436,0.3333333333333333,-0.31034482758620685
2015-03-26,2015,Train,1,714,724,744,20,745,41.0,0.18902439024390244,6,0.1524390243902439,0.19768741639332246,0.10975609756097561,0.2865853658536585,-0.17682926829268292
2015-03-31,2015,Train,1,674,674,694,20,695,19.75,0.31645569620253167,4,0.21518987341772153,0.9990262901655308,0.6329113924050633,0.02531645569620253,0.6075949367088608
2015-04-07,2015,Train,1,634,634,644,10,645,26.75,0.17757009345794392,2,0.018691588785046728,0.9060260646790184,0.24299065420560748,0.24299065420560748,0.0
2015-04-09,2015,Train,-1,654,654,659,5,660,25.5,0.21568627450980393,1,0.08823529411764706,0.6723398461433726,0.14705882352941177,0.5490196078431373,-0.4019607843137255
2015-04-10,2015,Train,1,639,639,649,10,650,17.25,0.2028985507246377,2,0.07246376811594203,0.7693957811941365,0.028985507246376812,0.43478260869565216,-0.40579710144927533
2015-04-23,2015,Train,1,714,719,724,5,725,25.0,0.21,2,0.11,1.751529372328836,0.0,0.73,-0.73
2015-04-24,2015,Train,1,679,679,684,5,685,16.0,0.109375,1,0.109375,0.2924908424908425,0.03125,0.65625,-0.625
2015-04-28,2015,Train,1,729,734,739,5,740,53.5,0.06074766355140187,2,0.04205607476635514,0.16018349658764028,0.07476635514018691,0.14953271028037382,-0.07476635514018691
2015-04-29,2015,Train,-1,724,764,834,70,835,29.5,0.8559322033898306,22,0.03389830508474576,0.3437287287982552,0.6101694915254238,0.4830508474576271,0.12711864406779666
2015-04-30,2015,Train,-1,654,659,659,0,660,40.75,0.08588957055214724,1,0.03680981595092025,0.5299645344171477,0.5644171779141104,0.0,0.5644171779141104
2015-05-04,2015,Train,-1,789,789,819,30,820,25.25,0.22772277227722773,6,0.1485148514851485,0.812262731895996,0.19801980198019803,0.07920792079207921,0.11881188118811882
2015-05-05,2015,Train,-1,664,694,739,45,740,39.75,0.4716981132075472,15,0.012578616352201259,0.7853630646083476,0.031446540880503145,0.4591194968553459,-0.4276729559748428
2015-05-07,2015,Train,1,689,689,694,5,695,31.0,0.08064516129032258,1,0.04032258064516129,0.6140641508941732,0.1532258064516129,0.29838709677419356,-0.14516129032258066
2015-05-08,2015,Train,1,679,684,689,5,690,20.0,0.15,2,0.0875,1.0042309219956138,0.1,0.375,-0.275
2015-05-11,2015,Train,-1,634,634,644,10,645,19.75,0.31645569620253167,2,0.02531645569620253,1.5314338935692815,0.4050632911392405,0.26582278481012656,0.13924050632911394
2015-05-13,2015,Train,-1,664,664,669,5,670,28.75,0.20869565217391303,1,0.06086956521739131,1.386346934828853,0.16521739130434782,0.2782608695652174,-0.11304347826086958
2015-05-14,2015,Train,1,664,664,674,10,675,25.0,0.18,2,0.0,1.0098304490860601,0.12,0.26,-0.14
2015-05-22,2015,Train,1,784,784,794,10,795,16.75,0.19402985074626866,2,0.05970149253731343,1.9966483121857792,0.417910447761194,0.13432835820895522,0.2835820895522388
2015-05-26,2015,Train,-1,664,684,694,10,695,50.0,0.155,6,0.05,1.1843043995243756,0.09,0.08,0.009999999999999995
2015-05-29,2015,Train,-1,639,654,709,55,710,21.75,0.9195402298850575,14,0.0,0.9586366057163146,0.632183908045977,0.05747126436781609,0.5747126436781609
2015-06-02,2015,Train,1,639,649,654,5,655,27.0,0.2222222222222222,3,0.009259259259259259,0.818540269852097,0.3055555555555556,0.10185185185185185,0.20370370370370372
2015-06-11,2015,Train,-1,639,639,649,10,650,16.0,0.609375,2,0.0625,1.7421574104019053,0.171875,0.515625,-0.34375
2015-06-12,2015,Train,-1,634,664,679,15,680,18.5,0.5945945945945946,9,0.0,1.4466258847644367,0.33783783783783783,0.44594594594594594,-0.10810810810810811
2015-06-15,2015,Train,1,674,674,684,10,685,27.5,0.2545454545454545,2,0.045454545454545456,1.0350458956694761,0.19090909090909092,0.36363636363636365,-0.17272727272727273
2015-06-17,2015,Train,-1,689,844,844,0,845,10.25,2.341463414634146,31,0.6097560975609756,1.3152077450584911,1.4390243902439024,1.4878048780487805,-0.04878048780487809
2015-06-19,2015,Train,-1,639,639,644,5,645,21.25,0.07058823529411765,1,0.047058823529411764,0.7145696157069317,0.5058823529411764,0.023529411764705882,0.48235294117647054
2015-06-22,2015,Train,1,669,684,719,35,720,14.75,0.3898305084745763,10,0.11864406779661017,1.6461293622825963,1.0,0.06779661016949153,0.9322033898305084
2015-06-23,2015,Train,-1,639,644,649,5,650,19.5,0.1794871794871795,2,0.08974358974358974,0.499253330147542,0.46153846153846156,0.10256410256410256,0.35897435897435903
2015-06-26,2015,Train,-1,659,664,664,0,665,27.5,0.17272727272727273,1,0.01818181818181818,1.0109844559585492,0.3090909090909091,0.18181818181818182,0.12727272727272726
2015-06-29,2015,Train,-1,674,674,684,10,685,32.5,0.06923076923076923,2,0.13076923076923078,0.7476176358476981,0.05384615384615385,0.36153846153846153,-0.3076923076923077
2015-06-30,2015,Train,-1,649,654,654,0,655,22.75,0.26373626373626374,1,0.12087912087912088,0.9608889637174847,0.6593406593406593,0.07692307692307693,0.5824175824175823
2015-07-06,2015,Train,1,634,649,679,30,680,34.25,0.5328467153284672,9,0.10218978102189781,0.9495788882650197,0.18248175182481752,0.12408759124087591,0.058394160583941604
2015-07-07,2015,Train,-1,634,699,759,60,760,52.5,0.5952380952380952,25,0.06190476190476191,0.9504322354790312,0.5380952380952381,0.023809523809523808,0.5142857142857142
2015-07-08,2015,Train,-1,634,639,639,0,640,39.75,0.03773584905660377,1,0.27672955974842767,0.9799564038492211,0.4339622641509434,0.22641509433962265,0.20754716981132076
2015-07-09,2015,Train,-1,719,724,724,0,725,29.25,0.06837606837606838,1,0.09401709401709402,0.496844079090559,0.02564102564102564,0.2564102564102564,-0.23076923076923075
2015-07-10,2015,Train,-1,644,649,654,5,655,11.25,0.5333333333333333,2,0.28888888888888886,0.9145269370273981,2.111111111111111,0.0,2.111111111111111
2015-07-13,2015,Train,1,694,699,704,5,705,29.5,0.059322033898305086,2,0.03389830508474576,0.5106886232909851,0.07627118644067797,0.11864406779661017,-0.0423728813559322
2015-07-17,2015,Train,1,659,659,669,10,670,17.0,0.11764705882352941,2,0.08823529411764706,0.37547781135097746,0.014705882352941176,0.5,-0.4852941176470588
2015-07-21,2015,Train,-1,644,654,689,35,690,18.25,0.3561643835616438,9,0.1095890410958904,0.693884892086331,0.4931506849315068,0.136986301369863,0.3561643835616438
2015-07-24,2015,Train,-1,674,679,679,0,680,31.75,0.047244094488188976,1,0.07086614173228346,0.7492647058823529,0.2204724409448819,0.1732283464566929,0.047244094488188976
2015-07-27,2015,Train,1,634,644,654,10,655,26.5,0.4339622641509434,4,0.018867924528301886,1.094666868106965,0.6132075471698113,0.33962264150943394,0.27358490566037735
2015-07-31,2015,Train,-1,864,864,869,5,870,26.0,0.15384615384615385,1,0.0673076923076923,0.9070259593679458,0.125,0.28846153846153844,-0.16346153846153844
2015-08-04,2015,Train,-1,659,659,674,15,675,24.75,0.36363636363636365,3,0.2222222222222222,1.1828108158770327,0.42424242424242425,0.23232323232323232,0.19191919191919193
2015-08-05,2015,Train,1,659,664,669,5,670,38.0,0.1118421052631579,2,0.0,0.38310681382833167,0.2236842105263158,0.21052631578947367,0.013157894736842118
2015-08-06,2015,Train,-1,634,634,639,5,640,53.0,0.08018867924528301,1,0.05188679245283019,1.1200459506031017,0.04716981132075472,0.8443396226415094,-0.7971698113207547
2015-08-07,2015,Train,-1,679,699,729,30,730,33.5,0.44029850746268656,10,0.11194029850746269,0.96255429696775,0.05223880597014925,0.3582089552238806,-0.30597014925373134
2015-08-10,2015,Train,1,859,859,884,25,885,27.0,0.25925925925925924,5,0.027777777777777776,1.3952894273383523,0.3333333333333333,0.046296296296296294,0.28703703703703703
2015-08-13,2015,Train,1,749,754,764,10,765,35.25,0.16312056737588654,3,0.0,0.5226295447320428,0.04964539007092199,0.2624113475177305,-0.21276595744680848
2015-08-18,2015,Train,-1,829,834,849,15,850,18.75,0.4666666666666667,4,0.02666666666666667,0.592634511579314,0.24,0.41333333333333333,-0.17333333333333334
2015-08-19,2015,Train,-1,679,714,754,40,755,26.25,0.6571428571428571,15,0.009523809523809525,0.7625378242968401,0.5142857142857142,0.11428571428571428,0.39999999999999997
2015-08-21,2015,Train,-1,639,639,644,5,645,57.25,0.1222707423580786,1,0.09170305676855896,1.0354207436399216,0.07423580786026202,0.7510917030567685,-0.6768558951965065
2015-08-24,2015,Train,1,654,654,659,5,660,198.5,0.07934508816120907,1,0.012594458438287154,0.7360643590557849,0.18513853904282115,0.3413098236775819,-0.15617128463476074
2015-08-25,2015,Train,1,674,684,704,20,705,49.25,0.41624365482233505,6,0.005076142131979695,0.4376410691557064,0.17766497461928935,0.27411167512690354,-0.0964467005076142
2015-08-26,2015,Train,-1,694,704,704,0,705,71.75,0.289198606271777,2,0.027874564459930314,0.5867825445027934,0.1672473867595819,0.4529616724738676,-0.2857142857142857
2015-08-27,2015,Train,1,659,674,694,20,695,39.0,0.34615384615384615,7,0.11538461538461539,0.6535552193645991,0.28205128205128205,0.6858974358974359,-0.40384615384615385
2015-08-28,2015,Train,1,679,694,704,10,705,32.25,0.4496124031007752,5,0.24806201550387597,0.4634653602625133,0.6046511627906976,0.20155038759689922,0.4031007751937984
2015-08-31,2015,Train,1,704,704,714,10,715,44.5,0.14606741573033707,2,0.08426966292134831,1.8288432212620727,0.20786516853932585,0.24719101123595505,-0.0393258426966292
2015-09-01,2015,Train,-1,859,864,864,0,865,60.75,0.18106995884773663,1,0.01646090534979424,0.37601507623779334,0.3374485596707819,0.24691358024691357,0.09053497942386834
2015-09-02,2015,Train,-1,634,649,659,10,660,36.0,0.3611111111111111,5,0.1736111111111111,1.0476471804566803,0.4861111111111111,0.2152777777777778,0.2708333333333333
2015-09-03,2015,Train,1,659,669,679,10,680,32.0,0.3125,4,0.0390625,0.5645824763471823,0.671875,0.03125,0.640625
2015-09-04,2015,Train,1,634,634,644,10,645,32.25,0.18604651162790697,2,0.14728682170542637,0.7698546289211936,0.6124031007751938,0.015503875968992248,0.5968992248062015
2015-09-07,2015,Train,-1,634,634,649,15,650,7.0,0.4642857142857143,3,0.17857142857142858,2.7441130298273158,1.1428571428571428,0.2857142857142857,0.8571428571428571
2015-09-08,2015,Train,-1,644,644,659,15,660,32.25,0.2558139534883721,3,0.16279069767441862,1.006647741564555,0.11627906976744186,0.37209302325581395,-0.2558139534883721
2015-09-09,2015,Train,-1,639,659,674,15,675,34.25,0.4233576642335766,7,0.0364963503649635,0.8759029848452246,0.014598540145985401,0.5401459854014599,-0.5255474452554745
2015-09-14,2015,Train,-1,694,709,714,5,715,38.25,0.21568627450980393,4,0.058823529411764705,0.7758734828981243,0.06535947712418301,0.29411764705882354,-0.22875816993464054
2015-09-16,2015,Train,1,684,689,699,10,700,23.75,0.25263157894736843,3,0.05263157894736842,1.1042508818455676,0.14736842105263157,0.5894736842105263,-0.44210526315789467
2015-09-17,2015,Train,1,739,754,764,10,765,16.25,0.38461538461538464,5,0.015384615384615385,0.7224739258673639,0.16923076923076924,0.8461538461538461,-0.676923076923077
2015-09-18,2015,Train,1,704,709,724,15,725,47.5,0.21052631578947367,4,0.06842105263157895,0.3442074987692068,0.531578947368421,0.04736842105263158,0.4842105263157895
2015-09-21,2015,Train,1,634,654,694,40,695,22.25,0.5617977528089888,12,0.4044943820224719,0.9642776904066502,1.6067415730337078,0.056179775280898875,1.550561797752809
2015-09-23,2015,Train,1,649,654,674,20,675,26.75,0.3644859813084112,5,0.08411214953271028,0.33177452836644844,1.1214953271028036,0.0,1.1214953271028036
2015-09-24,2015,Train,-1,639,669,679,10,680,36.0,0.3472222222222222,8,0.020833333333333332,0.7031159881098508,0.3263888888888889,0.2013888888888889,0.125
2015-09-25,2015,Train,-1,739,744,754,10,755,32.75,0.26717557251908397,3,0.007633587786259542,0.49749214754394905,0.5419847328244275,0.12213740458015267,0.41984732824427484
2015-10-06,2015,Train,-1,659,659,664,5,665,33.25,0.15037593984962405,1,0.05263157894736842,0.6493146759635131,0.18796992481203006,0.6917293233082706,-0.5037593984962405
2015-10-07,2015,Train,-1,644,694,824,130,825,25.25,1.603960396039604,36,0.1188118811881188,1.6212891066716926,0.37623762376237624,0.5643564356435643,-0.18811881188118806
2015-10-08,2015,Train,-1,669,679,694,15,695,25.5,0.4803921568627451,5,0.0392156862745098,0.6595416483032173,0.43137254901960786,0.4019607843137255,0.02941176470588236
2015-10-09,2015,Train,1,639,644,654,10,655,25.0,0.39,3,0.02,1.2258536585365853,0.27,0.54,-0.27
2015-10-12,2015,Train,1,704,704,719,15,720,21.5,0.23255813953488372,3,0.1511627906976744,1.3022675913660096,0.22093023255813954,0.3023255813953488,-0.08139534883720928
2015-10-13,2015,Train,1,659,669,684,15,685,37.0,0.30405405405405406,5,0.006756756756756757,1.6587536532478553,0.19594594594594594,0.04054054054054054,0.1554054054054054
2015-10-14,2015,Train,-1,639,644,644,0,645,40.25,0.09316770186335403,1,0.012422360248447204,1.2354781894974436,0.30434782608695654,0.18633540372670807,0.11801242236024848
2015-10-15,2015,Train,1,649,654,654,0,655,27.5,0.09090909090909091,1,0.045454545454545456,0.674740654550222,0.8636363636363636,0.1,0.7636363636363637
2015-10-16,2015,Train,1,669,679,684,5,685,16.5,0.22727272727272727,3,0.030303030303030304,0.6182286706627079,0.6212121212121212,0.21212121212121213,0.40909090909090906
2015-10-19,2015,Train,1,674,714,774,60,775,30.25,0.45454545454545453,20,0.008264462809917356,0.6784574468085106,0.6115702479338843,0.23140495867768596,0.3801652892561983
2015-10-20,2015,Train,-1,724,724,729,5,730,20.5,0.15853658536585366,1,0.3048780487804878,0.5961500493583416,0.06097560975609756,0.7804878048780488,-0.7195121951219512
2015-10-21,2015,Train,-1,799,814,854,40,855,37.25,0.4228187919463087,11,0.013422818791946308,0.9634102286215617,0.42953020134228187,0.12751677852348994,0.30201342281879195
2015-10-22,2015,Train,1,649,764,859,95,860,40.0,0.68125,42,0.00625,0.9678694283832248,0.06875,0.65,-0.58125
2015-10-23,2015,Train,1,829,839,854,15,855,30.75,0.1951219512195122,5,0.016260162601626018,0.2877852793770451,0.008130081300813009,0.5447154471544715,-0.5365853658536585
2015-10-26,2015,Train,1,644,659,689,30,690,18.25,0.6712328767123288,9,0.0273972602739726,0.7560593569661995,0.2876712328767123,0.4246575342465753,-0.136986301369863
2015-10-27,2015,Train,1,664,669,699,30,700,21.25,0.4,7,0.08235294117647059,1.179706877113867,0.5176470588235295,0.27058823529411763,0.24705882352941183
2015-10-28,2015,Train,1,704,749,769,20,770,25.0,0.37,13,0.0,0.35903975162166657,0.07,0.32,-0.25
2015-10-29,2015,Train,1,694,694,699,5,700,15.75,0.12698412698412698,1,0.031746031746031744,0.5527716474101,0.42857142857142855,0.30158730158730157,0.12698412698412698
2015-10-30,2015,Train,-1,679,689,714,25,715,14.25,0.2807017543859649,7,0.10526315789473684,0.7986627742725304,0.543859649122807,0.45614035087719296,0.08771929824561409
2015-11-11,2015,Train,1,734,759,809,50,810,24.25,0.9175257731958762,15,0.05154639175257732,0.9812206572769953,0.1958762886597938,0.29896907216494845,-0.10309278350515463
2015-11-19,2015,Train,1,689,694,694,0,695,20.25,0.12345679012345678,1,0.08641975308641975,0.5834156504247562,0.5802469135802469,0.19753086419753085,0.3827160493827161
2015-11-24,2015,Train,-1,634,639,684,45,685,23.0,0.7608695652173914,10,0.10869565217391304,1.412126125357341,1.2282608695652173,0.010869565217391304,1.217391304347826
2015-11-25,2015,Train,1,754,759,759,0,760,17.25,0.07246376811594203,1,0.057971014492753624,0.23315392895586654,0.3188405797101449,0.14492753623188406,0.17391304347826084
2015-11-27,2015,Train,1,689,694,709,15,710,20.75,0.25301204819277107,4,0.04819277108433735,0.7215483870967742,0.0963855421686747,0.20481927710843373,-0.10843373493975902
2015-11-30,2015,Train,-1,689,724,829,105,830,26.75,0.5420560747663551,28,0.08411214953271028,0.7095208376672908,0.4485981308411215,0.009345794392523364,0.4392523364485981
2015-12-07,2015,Train,-1,634,639,639,0,640,31.25,0.12,1,0.088,1.030361500482379,0.0,0.68,-0.68
2015-12-10,2015,Train,1,639,649,669,20,670,28.75,0.4434782608695652,6,0.034782608695652174,0.7291293854968725,0.2608695652173913,0.3217391304347826,-0.060869565217391286
2015-12-11,2015,Train,-1,664,669,669,0,670,28.75,0.1565217391304348,1,0.1826086956521739,0.6776197426932347,0.16521739130434782,0.808695652173913,-0.6434782608695653
2015-12-14,2015,Train,-1,679,699,719,20,720,48.75,0.6,8,0.02564102564102564,0.7802104753840571,0.6666666666666666,0.12307692307692308,0.5435897435897435
2015-12-16,2015,Train,-1,639,639,644,5,645,36.5,0.22602739726027396,1,0.19863013698630136,1.2239603204883631,0.0273972602739726,0.3150684931506849,-0.2876712328767123
2015-12-18,2015,Train,-1,634,649,659,10,660,37.0,0.3108108108108108,5,0.19594594594594594,1.0128007721830257,0.3581081081081081,0.27702702702702703,0.08108108108108109
2015-12-21,2015,Train,-1,674,674,679,5,680,22.0,0.03409090909090909,1,0.022727272727272728,0.4640079902974959,0.26136363636363635,0.8409090909090909,-0.5795454545454546
2015-12-22,2015,Train,1,864,864,869,5,870,23.75,0.10526315789473684,1,0.09473684210526316,0.3643188341797306,0.07368421052631578,0.5894736842105263,-0.5157894736842105
2015-12-23,2015,Train,-1,799,799,804,5,805,15.5,0.12903225806451613,1,0.08064516129032258,0.3049571554416593,0.8225806451612904,0.22580645161290322,0.5967741935483871
2015-12-24,2015,Train,1,714,724,734,10,735,12.75,0.1568627450980392,4,0.0392156862745098,0.4587981696479219,1.5490196078431373,0.21568627450980393,1.3333333333333335
2015-12-28,2015,Train,-1,649,659,704,45,705,21.5,0.6744186046511628,11,0.09302325581395349,1.0346662553503259,0.32558139534883723,0.18604651162790697,0.13953488372093026
2015-12-31,2015,Train,-1,634,634,649,15,650,24.5,0.30612244897959184,3,0.061224489795918366,1.4056316590563165,0.673469387755102,0.061224489795918366,0.6122448979591837
2016-01-04,2016,Train,-1,659,669,694,25,695,39.5,0.43037974683544306,7,0.06329113924050633,0.6308910891089109,0.310126582278481,0.10126582278481013,0.2088607594936709
2016-01-05,2016,Train,-1,724,739,824,85,825,36.75,0.5510204081632653,20,0.2653061224489796,0.7178161305486535,0.4217687074829932,0.12244897959183673,0.29931972789115646
2016-01-06,2016,Train,1,664,664,669,5,670,50.75,0.09852216748768473,1,0.1330049261083744,0.6156040914732442,0.1330049261083744,0.3054187192118227,-0.1724137931034483
2016-01-07,2016,Train,1,634,664,709,45,710,36.0,0.7916666666666666,15,0.034722222222222224,0.9876656500499311,0.375,0.1875,0.1875
2016-01-08,2016,Train,-1,644,649,649,0,650,34.5,0.13768115942028986,1,0.15942028985507245,0.5503234574612667,0.0,1.4202898550724639,-1.4202898550724639
2016-01-11,2016,Train,-1,654,694,709,15,710,42.25,0.5443786982248521,11,0.14792899408284024,1.053619776339023,0.21301775147928995,0.6923076923076923,-0.47928994082840237
2016-01-12,2016,Train,-1,649,654,654,0,655,35.0,0.19285714285714287,1,0.03571428571428571,0.8073246543808769,0.17142857142857143,0.7357142857142858,-0.5642857142857143
2016-01-13,2016,Train,-1,634,634,644,10,645,40.5,0.19753086419753085,2,0.05555555555555555,1.8294787906137184,0.30246913580246915,0.4567901234567901,-0.15432098765432095
2016-01-14,2016,Train,1,634,654,684,30,685,79.75,0.44200626959247646,10,0.006269592476489028,1.4458866794885206,0.06269592476489028,0.4608150470219436,-0.3981191222570533
2016-01-15,2016,Train,-1,739,759,784,25,785,62.25,0.606425702811245,9,0.024096385542168676,0.7411111303354845,0.3092369477911647,0.2289156626506024,0.08032128514056228
2016-01-19,2016,Train,-1,674,684,689,5,690,39.5,0.4430379746835443,3,0.06329113924050633,0.8746723417507981,0.3291139240506329,0.6265822784810127,-0.2974683544303798
2016-01-20,2016,Train,-1,634,659,679,20,680,60.25,0.46473029045643155,9,0.04979253112033195,1.1622959337143481,0.23236514522821577,0.4854771784232365,-0.25311203319502074
2016-01-21,2016,Train,1,654,659,659,0,660,75.5,0.11589403973509933,1,0.1986754966887417,0.4750096788510023,0.13245033112582782,0.39403973509933776,-0.26158940397350994
2016-01-22,2016,Train,1,839,839,844,5,845,41.25,0.03636363636363636,1,0.048484848484848485,0.1920807367782496,0.17575757575757575,0.32727272727272727,-0.15151515151515152
2016-01-25,2016,Train,-1,674,674,684,10,685,23.0,0.20652173913043478,2,0.1956521739130435,0.5693565807745719,0.31521739130434784,0.2608695652173913,0.05434782608695654
2016-01-26,2016,Train,1,639,644,649,5,650,43.5,0.1724137931034483,2,0.04597701149425287,0.6634667214250879,0.10919540229885058,0.3275862068965517,-0.21839080459770113
2016-01-27,2016,Train,1,734,739,744,5,745,58.5,0.13675213675213677,2,0.05128205128205128,0.6088960877149264,0.24358974358974358,0.07692307692307693,0.16666666666666666
2016-02-01,2016,Train,1,644,659,684,25,685,28.75,0.3739130434782609,8,0.05217391304347826,0.6250826828945628,0.1565217391304348,0.48695652173913045,-0.33043478260869563
2016-02-03,2016,Train,-1,634,639,644,5,645,97.25,0.17480719794344474,2,0.02313624678663239,1.9171324208951284,0.35475578406169667,0.11568123393316196,0.2390745501285347
2016-02-04,2016,Train,1,634,639,644,5,645,71.25,0.16140350877192983,2,0.04912280701754386,0.7131598572954668,0.6,0.12982456140350876,0.47017543859649125
2016-02-08,2016,Train,-1,664,674,689,15,690,38.75,0.5096774193548387,5,0.05806451612903226,0.8389684231901716,0.6709677419354839,0.4129032258064516,0.2580645161290323
2016-02-10,2016,Train,1,634,634,644,10,645,55.0,0.25,2,0.23636363636363636,1.781725888324873,0.6545454545454545,0.05454545454545454,0.6
2016-02-12,2016,Train,1,689,694,714,20,715,43.75,0.25142857142857145,5,0.19428571428571428,0.7953592885942405,0.022857142857142857,0.26285714285714284,-0.24
2016-02-16,2016,Train,-1,669,674,694,20,695,30.5,0.5081967213114754,5,0.14754098360655737,1.0607422304622443,0.639344262295082,0.11475409836065574,0.5245901639344263
2016-02-17,2016,Train,1,659,669,669,0,670,48.5,0.10824742268041238,2,0.030927835051546393,0.5470007245547801,0.1134020618556701,0.14948453608247422,-0.03608247422680412
2016-02-18,2016,Train,-1,649,669,719,50,720,33.5,0.5373134328358209,14,0.13432835820895522,0.6366519580805294,0.03731343283582089,0.39552238805970147,-0.3582089552238806
2016-02-19,2016,Train,1,634,639,639,0,640,43.25,0.06936416184971098,1,0.15606936416184972,0.7064943107051629,0.3179190751445087,0.4277456647398844,-0.10982658959537572
2016-02-22,2016,Train,1,759,759,764,5,765,30.5,0.10655737704918032,1,0.09016393442622951,0.46865413356406826,0.22950819672131148,0.30327868852459017,-0.07377049180327869
2016-02-23,2016,Train,-1,649,674,704,30,705,33.5,0.5373134328358209,11,0.04477611940298507,1.163148944683405,0.05223880597014925,0.44029850746268656,-0.3880597014925373
2016-02-25,2016,Train,1,824,824,829,5,830,45.5,0.04395604395604396,1,0.04395604395604396,0.4238947013162335,0.15934065934065933,0.07692307692307693,0.0824175824175824
2016-02-26,2016,Train,-1,699,704,709,5,710,34.0,0.13970588235294118,2,0.051470588235294115,0.563466019879203,0.0661764705882353,0.4852941176470588,-0.41911764705882354
2016-02-29,2016,Train,1,679,709,809,100,810,23.0,0.6739130434782609,26,0.17391304347826086,0.5317738508199996,1.0326086956521738,0.06521739130434782,0.967391304347826
2016-03-01,2016,Train,1,634,639,649,10,650,48.25,0.15544041450777202,3,0.0,1.0483605971855132,0.10362694300518134,0.5233160621761658,-0.41968911917098445
2016-03-02,2016,Train,-1,714,729,779,50,780,23.25,0.4838709677419355,13,0.043010752688172046,0.4099858690532266,0.25806451612903225,0.27956989247311825,-0.021505376344086002
2016-03-03,2016,Train,-1,684,699,719,20,720,27.75,0.3333333333333333,7,0.05405405405405406,1.017823415756681,0.16216216216216217,0.18018018018018017,-0.018018018018018
2016-03-04,2016,Train,1,674,679,699,20,700,35.25,0.2978723404255319,5,0.07801418439716312,0.6027419551686262,0.1773049645390071,0.2127659574468085,-0.035460992907801414
2016-03-07,2016,Train,1,694,709,804,95,805,26.75,0.6822429906542056,22,0.06542056074766354,0.6190589921184618,1.0,0.018691588785046728,0.9813084112149533
2016-03-08,2016,Train,1,719,724,724,0,725,35.25,0.12056737588652482,1,0.07092198581560284,0.32896070108174724,0.04964539007092199,0.46099290780141844,-0.41134751773049644
2016-03-09,2016,Train,1,639,639,649,10,650,26.5,0.330188679245283,2,0.05660377358490566,1.2980954419002781,0.8207547169811321,0.27358490566037735,0.5471698113207548
2016-03-10,2016,Train,-1,634,639,644,5,645,35.5,0.4295774647887324,2,0.028169014084507043,1.4663545296167246,0.1056338028169014,1.232394366197183,-1.1267605633802815
2016-03-11,2016,Train,1,639,649,674,25,675,22.0,0.2727272727272727,7,0.03409090909090909,0.976240202461977,0.011363636363636364,0.22727272727272727,-0.2159090909090909
2016-03-15,2016,Train,1,639,639,644,5,645,20.25,0.12345679012345678,1,0.07407407407407407,0.6259532201217558,0.2962962962962963,0.5185185185185185,-0.2222222222222222
2016-03-16,2016,Train,1,644,649,649,0,650,19.75,0.13924050632911392,1,0.02531645569620253,0.6450541178913489,0.13924050632911392,0.3924050632911392,-0.25316455696202533
2016-03-17,2016,Train,1,749,759,779,20,780,28.0,0.21428571428571427,6,0.03571428571428571,0.5618341919990147,0.29464285714285715,0.20535714285714285,0.0892857142857143
2016-03-18,2016,Train,1,679,679,689,10,690,31.25,0.12,2,0.112,0.5052892404460116,0.128,0.184,-0.055999999999999994
2016-03-21,2016,Train,1,809,809,814,5,815,21.25,0.23529411764705882,1,0.023529411764705882,1.1206177286036327,0.2235294117647059,0.4,-0.17647058823529413
2016-03-22,2016,Train,1,639,679,714,35,715,28.25,0.30973451327433627,15,0.0,0.7421356105393767,0.09734513274336283,0.45132743362831856,-0.35398230088495575
2016-03-23,2016,Train,-1,664,664,669,5,670,19.5,0.20512820512820512,1,0.16666666666666666,0.7126507887411073,0.02564102564102564,0.8205128205128205,-0.7948717948717948
2016-03-24,2016,Train,1,649,674,689,15,690,20.25,0.49382716049382713,8,0.09876543209876543,0.5709745990165975,0.3950617283950617,0.3333333333333333,0.06172839506172839
2016-03-30,2016,Train,-1,694,699,709,10,710,29.0,0.22413793103448276,3,0.02586206896551724,1.310810301270691,0.11206896551724138,0.3275862068965517,-0.21551724137931033
2016-03-31,2016,Train,1,654,654,659,5,660,19.0,0.11842105263157894,1,0.05263157894736842,0.5907741041377945,0.35526315789473684,0.19736842105263158,0.15789473684210525
2016-04-04,2016,Train,-1,649,679,724,45,725,17.0,0.8088235294117647,15,0.014705882352941176,0.6826086956521739,0.7794117647058824,0.058823529411764705,0.7205882352941176
2016-04-07,2016,Train,-1,644,649,649,0,650,30.0,0.15,1,0.06666666666666667,0.7805928421345095,0.008333333333333333,0.6166666666666667,-0.6083333333333334
2016-04-11,2016,Train,-1,694,699,719,20,720,29.75,0.25210084033613445,5,0.15126050420168066,1.1782435836056702,0.48739495798319327,0.11764705882352941,0.3697478991596639
2016-04-14,2016,Train,1,654,654,659,5,660,15.25,0.11475409836065574,1,0.11475409836065574,0.8829571867736372,0.5409836065573771,0.5737704918032787,-0.032786885245901565
2016-04-15,2016,Train,1,649,649,654,5,655,14.5,0.15517241379310345,1,0.22413793103448276,0.5720071893273929,0.06896551724137931,0.5517241379310345,-0.48275862068965514
2016-04-19,2016,Train,-1,714,769,834,65,835,35.25,0.7588652482269503,24,0.03546099290780142,1.129563006667626,0.1276595744680851,0.2624113475177305,-0.1347517730496454
2016-04-20,2016,Train,1,679,689,789,100,790,28.75,0.33043478260869563,22,0.08695652173913043,0.8195684374874894,0.02608695652173913,0.3217391304347826,-0.29565217391304344
2016-04-21,2016,Train,1,639,664,709,45,710,21.25,0.7647058823529411,14,0.11764705882352941,1.076528481956457,0.4588235294117647,0.2235294117647059,0.2352941176470588
2016-04-22,2016,Train,-1,639,649,824,175,825,44.25,0.4915254237288136,37,0.07909604519774012,0.8479050004220954,0.3163841807909605,0.11864406779661017,0.1977401129943503
2016-04-26,2016,Train,-1,639,644,644,0,645,30.75,0.06504065040650407,1,0.10569105691056911,0.5307624200688638,0.016260162601626018,0.44715447154471544,-0.43089430894308944
2016-04-27,2016,Train,-1,639,644,649,5,650,40.5,0.1419753086419753,2,0.030864197530864196,0.6831926814687113,0.4567901234567901,0.030864197530864196,0.42592592592592593
2016-04-28,2016,Train,1,649,704,734,30,735,23.75,0.35789473684210527,17,0.07368421052631578,1.188167079070798,0.9473684210526315,0.042105263157894736,0.9052631578947368
2016-04-29,2016,Train,-1,654,654,659,5,660,42.75,0.07017543859649122,1,0.04093567251461988,0.686003157109792,0.1111111111111111,0.6081871345029239,-0.49707602339181284
2016-05-03,2016,Train,1,809,809,814,5,815,32.0,0.078125,1,0.0,0.3095766143456052,0.421875,0.28125,0.140625
2016-05-04,2016,Train,-1,779,784,784,0,785,21.0,0.13095238095238096,1,0.047619047619047616,0.3374969935059729,0.35714285714285715,0.3333333333333333,0.023809523809523836
2016-05-11,2016,Train,1,634,634,644,10,645,15.0,0.43333333333333335,2,0.25,2.2976077848357885,1.15,0.11666666666666667,1.0333333333333332
2016-05-12,2016,Train,-1,634,634,639,5,640,32.25,0.13178294573643412,1,0.007751937984496124,1.0924291686019507,0.0,1.0077519379844961,-1.0077519379844961
2016-05-13,2016,Train,1,689,689,699,10,700,23.0,0.1956521739130435,2,0.08695652173913043,1.0146063907296257,0.3695652173913043,0.043478260869565216,0.32608695652173914
2016-05-17,2016,Train,-1,634,634,639,5,640,33.75,0.17037037037037037,1,0.06666666666666667,0.9792023748520136,0.3111111111111111,0.08888888888888889,0.2222222222222222
2016-05-18,2016,Train,1,804,814,844,30,845,38.75,0.2064516129032258,8,0.5161290322580645,0.7593217864247778,0.7741935483870968,0.13548387096774195,0.6387096774193548
2016-05-19,2016,Train,-1,669,674,674,0,675,40.25,0.08695652173913043,1,0.018633540372670808,0.5871585588389233,0.18012422360248448,0.2360248447204969,-0.05590062111801242
2016-05-20,2016,Train,1,664,669,669,0,670,40.0,0.08125,1,0.025,0.46860809065533476,0.05,0.28125,-0.23125
2016-05-25,2016,Train,1,784,814,854,40,855,27.25,0.3669724770642202,14,0.01834862385321101,0.995542198847984,0.3669724770642202,0.21100917431192662,0.1559633027522936
2016-05-26,2016,Train,1,844,844,849,5,850,17.25,0.08695652173913043,1,0.0,0.23023425253350407,0.0,0.2753623188405797,-0.2753623188405797
2016-05-31,2016,Train,-1,724,739,804,65,805,12.25,0.5306122448979592,16,0.1836734693877551,0.4060340164673358,0.3673469387755102,1.346938775510204,-0.9795918367346939
2016-06-01,2016,Train,1,639,639,644,5,645,20.75,0.1686746987951807,1,0.20481927710843373,1.6577534306015078,0.20481927710843373,0.5542168674698795,-0.3493975903614458
2016-06-02,2016,Train,1,669,669,679,10,680,27.0,0.17592592592592593,2,0.027777777777777776,0.8367723805700521,0.3611111111111111,0.09259259259259259,0.2685185185185185
2016-06-06,2016,Train,1,669,669,679,10,680,17.25,0.08695652173913043,2,0.13043478260869565,0.5853736597855657,0.4782608695652174,0.11594202898550725,0.36231884057971014
2016-06-07,2016,Train,-1,654,659,679,20,680,9.0,0.6666666666666666,5,0.1111111111111111,1.109011214208459,0.3888888888888889,0.3055555555555556,0.08333333333333331
2016-06-09,2016,Train,-1,734,744,754,10,755,17.5,0.42857142857142855,4,0.04285714285714286,1.1936669493921401,0.8857142857142857,0.04285714285714286,0.8428571428571429
2016-06-13,2016,Train,-1,714,724,754,30,755,25.25,0.32673267326732675,8,0.019801980198019802,1.321661925157095,0.42574257425742573,0.009900990099009901,0.4158415841584158
2016-06-14,2016,Train,-1,649,694,744,50,745,29.75,0.6386554621848739,19,0.03361344537815126,0.8652287443587461,0.25210084033613445,0.15966386554621848,0.09243697478991597
2016-06-15,2016,Train,-1,689,689,699,10,700,14.75,0.23728813559322035,2,0.06779661016949153,0.929102447869447,0.4915254237288136,0.01694915254237288,0.4745762711864407
2016-06-16,2016,Train,-1,634,644,644,0,645,27.5,0.16363636363636364,2,0.0,0.8299509121547366,0.6818181818181818,0.18181818181818182,0.49999999999999994
2016-06-17,2016,Train,-1,634,694,729,35,730,41.25,0.3333333333333333,19,0.01818181818181818,1.0793894772437327,0.07878787878787878,0.22424242424242424,-0.14545454545454545
2016-06-21,2016,Train,-1,659,659,664,5,665,15.75,0.15873015873015872,1,0.4444444444444444,0.7245392822502424,0.2698412698412698,0.6349206349206349,-0.36507936507936506
2016-06-22,2016,Train,1,634,689,744,55,745,12.5,1.84,22,0.38,2.3108546700324557,1.12,0.3,0.8200000000000001
2016-06-24,2016,Train,-1,874,879,879,0,880,81.75,0.07951070336391437,1,0.0030581039755351682,0.48575253394530504,0.1345565749235474,0.2324159021406728,-0.0978593272171254
2016-06-27,2016,Train,-1,649,664,704,40,705,51.5,0.4563106796116505,11,0.04854368932038835,1.0536029108368656,0.21359223300970873,0.18446601941747573,0.029126213592232997
2016-07-01,2016,Train,1,644,649,649,0,650,39.0,0.08333333333333333,1,0.00641025641025641,1.0186666666666666,0.25,0.10897435897435898,0.14102564102564102
2016-07-04,2016,Train,1,644,654,659,5,660,5.5,0.45454545454545453,3,0.2727272727272727,0.8066390041493775,1.5909090909090908,0.09090909090909091,1.5
2016-07-05,2016,Train,-1,819,829,854,25,855,25.5,0.35294117647058826,7,0.12745098039215685,0.6483613817537645,0.13725490196078433,0.5,-0.3627450980392157
2016-07-07,2016,Train,-1,664,664,669,5,670,20.0,0.0625,1,0.1625,1.4328597372075633,0.2375,0.4125,-0.175
2016-07-11,2016,Train,1,674,674,679,5,680,19.25,0.07792207792207792,1,0.012987012987012988,0.30729656575739545,0.1038961038961039,0.18181818181818182,-0.07792207792207792
2016-07-22,2016,Train,1,644,654,664,10,665,23.25,0.13978494623655913,4,0.0,0.4963994457190886,0.1935483870967742,0.46236559139784944,-0.26881720430107525
2016-07-25,2016,Train,-1,744,744,749,5,750,15.0,0.13333333333333333,1,0.06666666666666667,0.7123544967006895,0.5666666666666667,0.16666666666666666,0.4
2016-07-26,2016,Train,-1,654,674,719,45,720,24.5,0.673469387755102,13,0.061224489795918366,1.7271328203412513,0.29591836734693877,0.10204081632653061,0.19387755102040816
2016-07-27,2016,Train,-1,644,654,654,0,655,13.5,0.35185185185185186,2,0.037037037037037035,0.7465431860569811,0.3333333333333333,0.3333333333333333,0.0
2016-07-29,2016,Train,1,684,684,689,5,690,22.25,0.0898876404494382,1,0.07865168539325842,0.4882349699674877,0.0449438202247191,0.3146067415730337,-0.2696629213483146
2016-08-01,2016,Train,1,644,689,724,35,725,28.25,0.3893805309734513,16,0.05309734513274336,0.6886288241798747,0.5132743362831859,0.008849557522123894,0.504424778761062
2016-08-02,2016,Train,-1,644,794,889,95,890,31.5,1.0396825396825398,49,0.06349206349206349,0.8248411303962297,0.11904761904761904,0.2619047619047619,-0.14285714285714288
2016-08-04,2016,Train,1,659,664,674,10,675,23.25,0.21505376344086022,3,0.06451612903225806,0.8288513468276462,0.13978494623655913,0.40860215053763443,-0.2688172043010753
2016-08-05,2016,Train,1,654,669,669,0,670,34.75,0.09352517985611511,3,0.0,0.41233085911141104,0.10071942446043165,0.07913669064748201,0.021582733812949645
2016-08-09,2016,Train,1,639,654,654,0,655,19.75,0.20253164556962025,3,0.02531645569620253,0.94228427632113,0.012658227848101266,0.31645569620253167,-0.3037974683544304
2016-08-12,2016,Train,1,664,664,674,10,675,10.75,0.18604651162790697,2,0.023255813953488372,0.4262587256794891,0.4418604651162791,0.3953488372093023,0.04651162790697677
2016-08-15,2016,Train,1,634,644,644,0,645,21.5,0.10465116279069768,2,0.023255813953488372,0.8297154345068569,0.05813953488372093,0.2558139534883721,-0.19767441860465118
2016-08-17,2016,Train,-1,689,719,749,30,750,22.5,0.3,12,0.0,0.6603777639297763,0.8,0.022222222222222223,0.7777777777777778
2016-08-18,2016,Train,1,634,634,639,5,640,16.75,0.07462686567164178,1,0.029850746268656716,0.7463852532035907,0.29850746268656714,0.13432835820895522,0.16417910447761191
2016-08-19,2016,Train,1,639,644,659,15,660,26.0,0.22115384615384615,4,0.009615384615384616,0.5549048570683812,0.0673076923076923,0.23076923076923078,-0.1634615384615385
2016-08-23,2016,Train,-1,669,669,679,10,680,10.75,0.37209302325581395,2,0.046511627906976744,1.1507177033492824,0.23255813953488372,0.5116279069767442,-0.2790697674418605
2016-08-24,2016,Train,-1,649,649,669,20,670,11.25,0.37777777777777777,4,0.044444444444444446,1.3082815901943392,0.044444444444444446,0.6,-0.5555555555555556
2016-08-25,2016,Train,1,664,679,729,50,730,17.75,0.4507042253521127,13,0.07042253521126761,1.087002161160852,0.14084507042253522,0.36619718309859156,-0.22535211267605634
2016-08-26,2016,Train,-1,729,734,764,30,765,44.0,0.3693181818181818,7,0.0,1.253063812715955,0.14204545454545456,0.125,0.017045454545454558
2016-08-29,2016,Train,1,709,784,869,85,870,13.25,0.4716981132075472,32,0.018867924528301886,1.2382004905792607,0.41509433962264153,0.07547169811320754,0.339622641509434
2016-08-30,2016,Train,-1,634,634,644,10,645,23.0,0.40217391304347827,2,0.021739130434782608,2.217671267943997,0.20652173913043478,0.29347826086956524,-0.08695652173913046
2016-08-31,2016,Train,-1,724,744,824,80,825,12.25,1.0816326530612246,20,0.02040816326530612,1.049114538370004,0.5510204081632653,0.2653061224489796,0.28571428571428564
2016-09-01,2016,Train,-1,634,664,684,20,685,26.75,0.3925233644859813,10,0.037383177570093455,2.2192763229381725,0.7850467289719626,0.18691588785046728,0.5981308411214953
2016-09-06,2016,Train,1,714,774,849,75,850,22.5,0.4,27,0.0,0.3330315667621436,0.03333333333333333,0.28888888888888886,-0.25555555555555554
2016-09-07,2016,Train,-1,649,649,654,5,655,11.0,0.20454545454545456,1,0.022727272727272728,1.140337224383917,0.20454545454545456,0.6136363636363636,-0.40909090909090906
2016-09-08,2016,Train,-1,824,834,839,5,840,22.75,0.25274725274725274,3,0.12087912087912088,0.240637193772879,0.3516483516483517,0.12087912087912088,0.23076923076923078
2016-09-12,2016,Train,1,644,649,649,0,650,60.5,0.01652892561983471,1,0.10743801652892562,0.47143571785892946,0.06611570247933884,0.384297520661157,-0.3181818181818182
2016-09-13,2016,Train,-1,659,694,734,40,735,34.5,0.427536231884058,15,0.08695652173913043,0.6448826063216647,0.007246376811594203,0.717391304347826,-0.7101449275362318
2016-09-14,2016,Train,1,634,639,639,0,640,40.75,0.10429447852760736,1,0.08588957055214724,1.1030419091109966,0.3496932515337423,0.15950920245398773,0.19018404907975459
2016-09-15,2016,Train,1,639,639,644,5,645,40.25,0.10559006211180125,1,0.13043478260869565,0.5037169122519549,0.0,0.7018633540372671,-0.7018633540372671
2016-09-20,2016,Train,-1,634,644,649,5,650,17.0,0.39705882352941174,3,0.10294117647058823,0.8169855227661196,0.4852941176470588,0.23529411764705882,0.25
2016-09-21,2016,Train,-1,669,749,844,95,845,14.25,1.631578947368421,35,0.15789473684210525,0.8288858893157511,1.3508771929824561,0.8947368421052632,0.45614035087719296
2016-09-22,2016,Train,1,634,634,644,10,645,12.25,0.3877551020408163,2,0.16326530612244897,0.9754010695187165,0.46938775510204084,0.14285714285714285,0.326530612244898
2016-09-26,2016,Train,-1,819,824,829,5,830,19.0,0.2236842105263158,2,0.0,0.46336941054719505,0.32894736842105265,0.039473684210526314,0.2894736842105263
2016-09-28,2016,Train,-1,649,694,734,40,735,13.5,0.9444444444444444,17,0.037037037037037035,0.9094096388791499,0.018518518518518517,0.7037037037037037,-0.6851851851851852
2016-09-29,2016,Train,-1,674,679,689,10,690,24.0,0.23958333333333334,3,0.020833333333333332,0.929204039036498,0.5,0.07291666666666667,0.4270833333333333
2016-10-03,2016,Train,1,649,654,659,5,660,16.25,0.27692307692307694,2,0.1076923076923077,0.565733270052207,1.1846153846153846,0.015384615384615385,1.1692307692307693
2016-10-04,2016,Train,-1,679,679,684,5,685,24.25,0.28865979381443296,1,0.14432989690721648,1.270053931308544,0.5360824742268041,0.28865979381443296,0.24742268041237114
2016-10-05,2016,Train,1,709,709,714,5,715,16.75,0.04477611940298507,1,0.014925373134328358,0.5117053061533225,0.11940298507462686,0.29850746268656714,-0.17910447761194026
2016-10-06,2016,Train,-1,669,679,689,10,690,18.0,0.4027777777777778,4,0.3055555555555556,1.2024960570527325,1.2361111111111112,0.09722222222222222,1.1388888888888888
2016-10-07,2016,Train,-1,699,709,809,100,810,29.0,0.5948275862068966,22,0.008620689655172414,0.7663242449988414,0.41379310344827586,0.02586206896551724,0.3879310344827586
2016-10-10,2016,Train,1,659,659,664,5,665,16.75,0.13432835820895522,1,0.14925373134328357,0.4535345679271856,0.26865671641791045,0.14925373134328357,0.11940298507462688
2016-10-12,2016,Train,1,809,814,814,0,815,22.5,0.044444444444444446,1,0.022222222222222223,0.32557498967084425,0.25555555555555554,0.4111111111111111,-0.15555555555555556
2016-10-14,2016,Train,-1,689,739,814,75,815,22.25,0.8089887640449438,25,0.011235955056179775,0.7168538464486948,0.033707865168539325,0.8539325842696629,-0.8202247191011236
2016-10-18,2016,Train,1,714,754,784,30,785,19.5,0.32051282051282054,14,0.0,0.6654404570891872,0.15384615384615385,0.14102564102564102,0.01282051282051283
2016-10-19,2016,Train,1,649,654,654,0,655,13.0,0.23076923076923078,1,0.019230769230769232,1.0608730136249045,0.7307692307692307,0.11538461538461539,0.6153846153846153
2016-10-20,2016,Train,-1,639,639,649,10,650,30.5,0.2786885245901639,2,0.05737704918032787,1.5749876258043227,0.23770491803278687,0.2459016393442623,-0.008196721311475419
2016-10-24,2016,Train,1,659,679,704,25,705,18.0,0.2777777777777778,9,0.027777777777777776,0.7347433488879462,0.19444444444444445,0.19444444444444445,0.0
2016-10-25,2016,Train,-1,644,649,689,40,690,11.0,0.75,9,0.0,1.2462406015037595,0.11363636363636363,1.1136363636363635,-0.9999999999999999
2016-10-26,2016,Train,1,639,674,794,120,795,18.25,1.2054794520547945,31,0.1506849315068493,1.3799375010333825,0.9452054794520548,0.136986301369863,0.8082191780821918
2016-10-27,2016,Train,-1,639,639,649,10,650,32.0,0.2421875,2,0.0078125,1.8699685375012685,0.140625,0.1875,-0.046875
2016-10-28,2016,Train,1,634,654,679,25,680,32.75,0.33587786259541985,9,0.022900763358778626,1.4570510463461817,0.16793893129770993,0.15267175572519084,0.015267175572519082
2016-10-31,2016,Train,-1,634,649,654,5,655,15.25,0.3114754098360656,4,0.47540983606557374,0.8940350877192983,0.3442622950819672,0.5901639344262295,-0.2459016393442623
2016-11-01,2016,Train,-1,639,649,659,10,660,24.0,0.3333333333333333,4,0.125,1.102020030555084,0.21875,0.3541666666666667,-0.13541666666666669
2016-11-02,2016,Train,-1,634,634,639,5,640,18.0,0.19444444444444445,1,0.2222222222222222,1.5018816706767846,0.3333333333333333,0.5972222222222222,-0.2638888888888889
2016-11-04,2016,Train,1,639,644,649,5,650,33.0,0.09848484848484848,2,0.0,0.7192685945463981,0.1590909090909091,0.2196969696969697,-0.06060606060606061
2016-11-08,2016,Train,1,649,649,654,5,655,14.75,0.11864406779661017,1,0.03389830508474576,0.646486433491017,0.01694915254237288,2.0,-1.9830508474576272
2016-11-09,2016,Train,1,694,714,729,15,730,63.5,0.42913385826771655,7,0.1220472440944882,0.49542696668169056,0.05905511811023622,0.4251968503937008,-0.3661417322834646
2016-11-10,2016,Train,-1,639,639,669,30,670,129.75,0.32755298651252407,6,0.0019267822736030828,1.8911564625850341,0.17533718689788053,0.11560693641618497,0.05973025048169556
2016-11-14,2016,Train,-1,649,669,679,10,680,50.5,0.5445544554455446,6,0.04455445544554455,1.050751694998526,0.08415841584158416,0.32673267326732675,-0.24257425742574257
2016-11-16,2016,Train,1,634,644,664,20,665,40.5,0.25925925925925924,6,0.06790123456790123,0.8928129966448879,0.08641975308641975,0.3950617283950617,-0.30864197530864196
2016-11-18,2016,Train,-1,634,654,774,120,775,26.0,0.4423076923076923,28,0.0,1.3615546851461284,0.16346153846153846,0.057692307692307696,0.10576923076923077
2016-11-21,2016,Train,1,719,724,724,0,725,33.5,0.1044776119402985,1,0.03731343283582089,0.359207033529755,0.08955223880597014,0.19402985074626866,-0.10447761194029852
2016-11-22,2016,Train,-1,649,649,669,20,670,13.5,0.5,4,0.018518518518518517,1.5119518840281705,0.24074074074074073,0.8333333333333334,-0.5925925925925927
2016-11-23,2016,Train,-1,684,699,704,5,705,25.5,0.24509803921568626,4,0.029411764705882353,0.5427475273661609,0.38235294117647056,0.08823529411764706,0.2941176470588235
2016-11-28,2016,Train,1,634,634,644,10,645,20.5,0.36585365853658536,2,0.14634146341463414,1.4092939870806183,0.4268292682926829,0.18292682926829268,0.24390243902439024
2016-12-05,2016,Train,1,649,654,669,15,670,45.75,0.18032786885245902,4,0.0,0.7208324574311541,0.3333333333333333,0.04371584699453552,0.2896174863387978
2016-12-07,2016,Train,1,644,664,664,0,665,24.0,0.22916666666666666,4,0.041666666666666664,0.8451115027040166,0.3541666666666667,0.4375,-0.08333333333333331
2016-12-08,2016,Train,1,669,669,674,5,675,24.5,0.07142857142857142,1,0.030612244897959183,0.46952077183667806,0.4387755102040816,0.16326530612244897,0.2755102040816326
2016-12-09,2016,Train,1,639,644,649,5,650,17.75,0.2535211267605634,2,0.04225352112676056,0.7872635965380917,0.4225352112676056,0.16901408450704225,0.2535211267605634
2016-12-12,2016,Train,-1,724,744,764,20,765,22.5,0.36666666666666664,8,0.05555555555555555,0.9534678213447118,0.24444444444444444,0.2111111111111111,0.033333333333333326
2016-12-13,2016,Train,1,684,724,779,55,780,61.25,0.22448979591836735,19,0.004081632653061225,0.4706717543703967,0.012244897959183673,0.23265306122448978,-0.2204081632653061
2016-12-14,2016,Train,-1,669,674,684,10,685,14.0,0.30357142857142855,3,0.26785714285714285,0.796282213772708,0.23214285714285715,0.4642857142857143,-0.23214285714285715
2016-12-15,2016,Train,1,669,679,709,30,710,26.5,0.4339622641509434,8,0.0,1.1084229544867934,0.29245283018867924,0.1509433962264151,0.14150943396226415
2016-12-16,2016,Train,-1,634,634,639,5,640,20.25,0.16049382716049382,1,0.12345679012345678,0.8933828996282528,0.2716049382716049,1.271604938271605,-1.0
2016-12-19,2016,Train,1,639,664,874,210,875,31.0,0.7338709677419355,47,0.016129032258064516,1.3280914939242316,0.4838709677419355,0.04838709677419355,0.43548387096774194
2016-12-21,2016,Train,-1,654,654,694,40,695,15.75,0.30158730158730157,8,0.1746031746031746,1.0165864985901476,0.3968253968253968,0.09523809523809523,0.30158730158730157
2016-12-22,2016,Train,-1,704,714,794,80,795,24.5,0.4489795918367347,18,0.030612244897959183,0.7675007028394714,0.29591836734693877,0.14285714285714285,0.15306122448979592
2016-12-23,2016,Train,-1,654,659,664,5,665,12.0,0.125,2,0.041666666666666664,0.529107819497072,0.16666666666666666,0.5625,-0.39583333333333337
2016-12-28,2016,Train,-1,734,739,749,10,750,41.75,0.08383233532934131,3,0.023952095808383235,0.614694838311943,0.0,0.30538922155688625,-0.30538922155688625
2016-12-29,2016,Train,-1,649,734,769,35,770,18.25,0.7671232876712328,24,0.0273972602739726,0.7696610221580257,0.0684931506849315,0.6438356164383562,-0.5753424657534247
2017-01-03,2017,Train,-1,704,704,709,5,710,41.75,0.11377245508982035,1,0.005988023952095809,0.984297906964666,0.15568862275449102,0.11976047904191617,0.035928143712574856
2017-01-04,2017,Train,1,724,729,739,10,740,21.75,0.10344827586206896,3,0.011494252873563218,0.2843343653250774,0.21839080459770116,0.06896551724137931,0.14942528735632185
2017-01-09,2017,Train,1,679,684,684,0,685,15.75,0.1746031746031746,1,0.12698412698412698,0.369274623706999,0.2222222222222222,0.23809523809523808,-0.015873015873015872
2017-01-11,2017,Train,1,639,639,644,5,645,13.0,0.21153846153846154,1,0.0,0.8208968855603251,2.576923076923077,0.19230769230769232,2.3846153846153846
2017-01-12,2017,Train,-1,664,664,674,10,675,34.0,0.14705882352941177,2,0.0661764705882353,0.9875041104899704,0.41911764705882354,0.08088235294117647,0.3382352941176471
2017-01-13,2017,Train,1,689,704,704,0,705,19.75,0.11392405063291139,3,0.0,0.4546459323994345,0.3924050632911392,0.17721518987341772,0.2151898734177215
2017-01-17,2017,Train,1,659,664,669,5,670,21.25,0.17647058823529413,2,0.09411764705882353,0.3022742859261181,0.29411764705882354,0.17647058823529413,0.11764705882352941
2017-01-18,2017,Train,-1,719,719,724,5,725,17.25,0.18840579710144928,1,0.15942028985507245,0.9026381909547739,0.2753623188405797,0.21739130434782608,0.05797101449275363
2017-01-19,2017,Train,-1,634,639,639,0,640,21.0,0.07142857142857142,1,0.0,0.5389690175989111,0.25,0.36904761904761907,-0.11904761904761907
2017-01-20,2017,Train,-1,649,654,654,0,655,21.0,0.11904761904761904,1,0.011904761904761904,0.4600160053090781,0.21428571428571427,0.15476190476190477,0.05952380952380951
2017-01-23,2017,Train,-1,634,714,749,35,750,24.0,0.6458333333333334,23,0.03125,1.0439247005134056,0.40625,0.0,0.40625
2017-01-25,2017,Train,1,644,669,694,25,695,10.25,0.7073170731707317,10,0.12195121951219512,0.5212427627823534,0.34146341463414637,0.4878048780487805,-0.1463414634146341
2017-01-31,2017,Train,-1,689,729,739,10,740,22.0,0.32954545454545453,10,0.011363636363636364,0.5369501315043061,0.2159090909090909,0.11363636363636363,0.10227272727272728
2017-02-01,2017,Train,-1,639,714,734,20,735,24.75,0.40404040404040403,19,0.0,1.421002732697563,0.3838383838383838,0.12121212121212122,0.2626262626262626
2017-02-02,2017,Train,1,659,664,689,25,690,29.0,0.1724137931034483,6,0.034482758620689655,0.9089403133927213,0.6724137931034483,0.0,0.6724137931034483
2017-02-06,2017,Train,1,674,689,754,65,755,12.75,0.6274509803921569,16,0.0,0.5003077956237059,0.5098039215686274,0.17647058823529413,0.33333333333333326
2017-02-07,2017,Train,1,644,664,679,15,680,17.25,0.391304347826087,7,0.028985507246376812,0.7133452354385181,0.2608695652173913,0.18840579710144928,0.07246376811594202
2017-02-08,2017,Train,1,644,669,759,90,760,20.25,0.4074074074074074,23,0.024691358024691357,1.3456177873880648,0.012345679012345678,0.3950617283950617,-0.38271604938271603
2017-02-09,2017,Train,1,659,659,664,5,665,13.75,0.07272727272727272,1,0.01818181818181818,0.6880876461450413,0.05454545454545454,0.9636363636363636,-0.9090909090909091
2017-02-10,2017,Train,1,634,649,654,5,655,11.25,0.28888888888888886,4,0.022222222222222223,0.9828708909751823,0.35555555555555557,0.28888888888888886,0.06666666666666671
2017-02-13,2017,Train,1,684,689,689,0,690,12.0,0.14583333333333334,1,0.0,0.6629251470687673,0.1875,0.14583333333333334,0.04166666666666666
2017-02-14,2017,Train,-1,639,639,649,10,650,10.75,0.5813953488372093,2,0.20930232558139536,1.5503008814202603,0.5813953488372093,0.6511627906976745,-0.06976744186046513
2017-02-16,2017,Train,-1,654,674,749,75,750,18.25,0.5616438356164384,19,0.0136986301369863,1.9478372316565205,0.1232876712328767,0.4246575342465753,-0.3013698630136986
2017-02-17,2017,Train,1,779,784,784,0,785,17.5,0.07142857142857142,1,0.08571428571428572,0.29036845507433745,0.08571428571428572,0.12857142857142856,-0.042857142857142844
2017-02-22,2017,Train,1,639,639,644,5,645,13.75,0.10909090909090909,1,0.09090909090909091,0.879117390269069,0.5818181818181818,0.07272727272727272,0.509090909090909
2017-02-23,2017,Train,-1,654,679,739,60,740,30.75,0.5853658536585366,17,0.016260162601626018,0.8944894902649383,0.11382113821138211,0.10569105691056911,0.008130081300812997
2017-02-24,2017,Train,1,769,774,774,0,775,18.25,0.1095890410958904,1,0.0821917808219178,0.30000000000000004,0.2054794520547945,0.1506849315068493,0.0547945205479452
2017-02-27,2017,Train,1,664,684,699,15,700,14.0,0.3392857142857143,7,0.03571428571428571,0.8667496886674968,0.17857142857142858,0.14285714285714285,0.035714285714285726
2017-02-28,2017,Train,-1,644,649,649,0,650,11.5,0.2391304347826087,1,0.10869565217391304,0.8847962901623053,0.5,0.08695652173913043,0.41304347826086957
2017-03-07,2017,Train,1,634,634,659,25,660,24.75,0.2222222222222222,5,0.0,1.5728243679455793,0.6565656565656566,0.030303030303030304,0.6262626262626263
2017-03-08,2017,Train,1,664,664,674,10,675,25.25,0.15841584158415842,2,0.04950495049504951,0.93667042595645,0.693069306930693,0.06930693069306931,0.6237623762376237
2017-03-09,2017,Train,-1,844,859,894,35,895,24.75,0.47474747474747475,10,0.020202020202020204,0.905568909447149,0.8383838383838383,0.030303030303030304,0.8080808080808081
2017-03-10,2017,Train,-1,759,789,864,75,865,16.75,0.9253731343283582,21,0.014925373134328358,0.38099956648293803,0.26865671641791045,0.14925373134328357,0.11940298507462688
2017-03-13,2017,Train,1,874,884,889,5,890,10.75,0.20930232558139536,3,0.0,0.4418653345697108,0.16279069767441862,0.37209302325581395,-0.20930232558139533
2017-03-15,2017,Train,1,764,774,799,25,800,17.75,0.2535211267605634,7,0.09859154929577464,0.5951463790446841,0.11267605633802817,1.5352112676056338,-1.4225352112676055
2017-03-16,2017,Train,-1,664,699,739,40,740,15.75,0.6825396825396826,15,0.07936507936507936,1.2107974855170713,0.20634920634920634,0.4126984126984127,-0.20634920634920634
2017-03-20,2017,Train,-1,879,879,884,5,885,22.75,0.12087912087912088,1,0.03296703296703297,1.0324987612579788,0.4835164835164835,0.1978021978021978,0.2857142857142857
2017-03-22,2017,Train,1,659,659,664,5,665,20.25,0.06172839506172839,1,0.18518518518518517,0.5977138352384707,0.07407407407407407,1.0493827160493827,-0.9753086419753086
2017-03-23,2017,Train,1,654,659,659,0,660,20.25,0.19753086419753085,1,0.06172839506172839,0.6302385123298747,0.04938271604938271,0.49382716049382713,-0.4444444444444444
2017-03-24,2017,Train,1,719,719,724,5,725,19.75,0.05063291139240506,1,0.0,0.2692212105465308,0.8607594936708861,0.0759493670886076,0.7848101265822786
2017-03-27,2017,Train,1,634,634,639,5,640,34.75,0.06474820143884892,1,0.06474820143884892,0.6126647114709406,0.05755395683453238,0.5467625899280576,-0.48920863309352525
2017-03-29,2017,Train,1,634,639,644,5,645,17.5,0.22857142857142856,2,0.0,1.5928096136657066,0.6714285714285714,0.22857142857142856,0.44285714285714284
2017-03-30,2017,Train,1,659,664,669,5,670,19.25,0.1038961038961039,2,0.09090909090909091,0.6683661199557501,0.6233766233766234,0.07792207792207792,0.5454545454545454
2017-03-31,2017,Train,1,669,674,714,40,715,17.25,0.2318840579710145,9,0.043478260869565216,0.570923726317856,0.07246376811594203,0.36231884057971014,-0.2898550724637681
2017-04-03,2017,Train,-1,654,724,884,160,885,21.5,1.4069767441860466,46,0.046511627906976744,1.511146993522817,0.3023255813953488,0.13953488372093023,0.1627906976744186
2017-04-05,2017,Train,1,644,664,689,25,690,21.5,0.5465116279069767,9,0.03488372093023256,0.9579323387266232,0.1511627906976744,0.6511627906976745,-0.5
2017-04-07,2017,Train,1,844,854,869,15,870,31.5,0.0873015873015873,5,0.047619047619047616,0.35969839583017055,0.1746031746031746,0.09523809523809523,0.07936507936507936
2017-04-10,2017,Train,1,634,639,649,10,650,16.0,0.3125,3,0.015625,1.6268082768723677,1.546875,0.0625,1.484375
2017-04-11,2017,Train,-1,634,634,639,5,640,53.5,0.13551401869158877,1,0.03271028037383177,1.1609722050231344,0.1308411214953271,0.27102803738317754,-0.14018691588785046
2017-04-12,2017,Train,-1,659,664,679,15,680,15.25,0.4098360655737705,4,0.11475409836065574,1.2326310259243827,0.13114754098360656,1.1311475409836065,-0.9999999999999999
2017-04-19,2017,Train,1,684,689,694,5,695,16.75,0.11940298507462686,2,0.04477611940298507,0.58210067523317,0.7313432835820896,0.13432835820895522,0.5970149253731343
2017-04-21,2017,Train,-1,794,794,804,10,805,14.5,0.39655172413793105,2,0.05172413793103448,1.9616585836528453,0.46551724137931033,0.29310344827586204,0.1724137931034483
2017-04-26,2017,Train,-1,709,714,724,10,725,19.5,0.2564102564102564,3,0.1282051282051282,1.863966099260217,0.3076923076923077,0.15384615384615385,0.15384615384615385
2017-04-27,2017,Train,1,779,784,814,30,815,17.75,0.15492957746478872,7,0.014084507042253521,0.9212807358924464,0.28169014084507044,0.056338028169014086,0.22535211267605634
2017-04-28,2017,Train,-1,694,694,699,5,700,20.0,0.0375,1,0.0,0.6210720887245841,0.3625,0.1,0.26249999999999996
2017-05-02,2017,Train,1,729,759,794,35,795,16.0,0.203125,13,0.015625,0.4654842414189103,0.328125,0.1875,0.140625
2017-05-04,2017,Train,1,699,704,714,10,715,22.75,0.1978021978021978,3,0.02197802197802198,0.8741133109847572,0.8901098901098901,0.03296703296703297,0.8571428571428571
2017-05-05,2017,Train,-1,634,639,639,0,640,21.0,0.10714285714285714,1,0.05952380952380952,1.1106914659699407,0.20238095238095238,0.11904761904761904,0.08333333333333334
2017-05-08,2017,Train,-1,684,684,694,10,695,14.25,0.22807017543859648,2,0.14035087719298245,1.0034987094924004,0.5789473684210527,0.03508771929824561,0.543859649122807
2017-05-11,2017,Train,1,839,839,844,5,845,30.75,0.032520325203252036,1,0.008130081300813009,0.19062397909180007,0.11382113821138211,0.17886178861788618,-0.06504065040650407
2017-05-12,2017,Train,1,694,694,704,10,705,11.75,0.2127659574468085,2,0.02127659574468085,1.0120402198488998,0.2127659574468085,0.3404255319148936,-0.1276595744680851
2017-05-15,2017,Train,1,644,654,679,25,680,17.5,0.37142857142857144,7,0.05714285714285714,0.7531006265183481,0.45714285714285713,0.07142857142857142,0.3857142857142857
2017-05-16,2017,Train,1,714,714,719,5,720,16.75,0.1044776119402985,1,0.1044776119402985,1.12223570028926,0.16417910447761194,0.29850746268656714,-0.1343283582089552
2017-05-17,2017,Train,-1,639,639,644,5,645,39.5,0.16455696202531644,1,0.06962025316455696,0.973107796462542,0.056962025316455694,0.8860759493670886,-0.8291139240506329
2017-05-19,2017,Train,1,754,754,759,5,760,26.25,0.10476190476190476,1,0.0,0.4515720723001367,0.12380952380952381,0.1523809523809524,-0.02857142857142858
2017-06-05,2017,Train,1,644,644,654,10,655,16.0,0.15625,2,0.109375,0.843840805871844,0.734375,0.015625,0.71875
2017-06-07,2017,Train,-1,644,644,649,5,650,17.75,0.352112676056338,1,0.15492957746478872,1.4174613336927586,0.5774647887323944,0.07042253521126761,0.5070422535211268
2017-06-12,2017,Train,1,674,689,704,15,705,65.5,0.24427480916030533,6,0.04580152671755725,0.40084232847865464,0.35877862595419846,0.07251908396946564,0.2862595419847328
2017-06-13,2017,Train,-1,654,664,679,15,680,27.0,0.9259259259259259,5,0.009259259259259259,0.8681944796150924,0.42592592592592593,0.37962962962962965,0.04629629629629628
2017-06-15,2017,Train,1,779,794,829,35,830,43.25,0.3179190751445087,10,0.046242774566473986,0.5143846978709364,0.023121387283236993,0.5895953757225434,-0.5664739884393064
2017-06-16,2017,Train,-1,654,654,664,10,665,36.75,0.22448979591836735,2,0.0,0.8502429655440225,0.5374149659863946,0.25170068027210885,0.28571428571428575
2017-06-19,2017,Train,1,814,819,849,30,850,44.0,0.23863636363636365,7,0.005681818181818182,0.5844204455658298,0.2784090909090909,0.045454545454545456,0.23295454545454541
2017-06-20,2017,Train,1,649,649,659,10,660,22.25,0.1797752808988764,2,0.011235955056179775,0.7906755908164984,1.2359550561797752,0.056179775280898875,1.1797752808988764
2017-06-21,2017,Train,1,634,644,664,20,665,18.75,0.8266666666666667,6,0.09333333333333334,0.8585710279294587,0.26666666666666666,0.84,-0.5733333333333333
2017-06-27,2017,Train,-1,759,764,764,0,765,28.25,0.18584070796460178,1,0.0,0.9406910004876767,0.061946902654867256,1.2920353982300885,-1.2300884955752212
2017-07-06,2017,Train,1,759,769,819,50,820,40.25,0.2919254658385093,12,0.018633540372670808,0.5399314353853033,0.30434782608695654,0.018633540372670808,0.28571428571428575
2017-07-12,2017,Train,1,784,789,789,0,790,20.75,0.1566265060240964,1,0.012048192771084338,0.30118727104206205,0.24096385542168675,0.3253012048192771,-0.08433734939759036
2017-07-17,2017,Train,-1,669,674,674,0,675,23.5,0.19148936170212766,1,0.0,1.3034205085422033,0.22340425531914893,0.13829787234042554,0.08510638297872339
2017-07-18,2017,Train,1,659,664,674,10,675,32.25,0.14728682170542637,3,0.007751937984496124,1.1355538593955534,0.03875968992248062,0.4728682170542636,-0.43410852713178294
2017-07-20,2017,Train,-1,634,644,649,5,650,28.0,0.375,3,0.09821428571428571,2.963028735016304,0.5982142857142857,0.05357142857142857,0.5446428571428571
2017-07-21,2017,Train,1,754,789,814,25,815,23.5,0.3191489361702128,12,0.10638297872340426,0.14685474647350363,0.20212765957446807,0.24468085106382978,-0.04255319148936171
2017-07-24,2017,Train,-1,684,684,694,10,695,11.25,0.26666666666666666,2,0.37777777777777777,0.5136889920260695,0.9333333333333333,0.1111111111111111,0.8222222222222222
2017-07-25,2017,Train,1,794,854,889,35,890,21.25,0.43529411764705883,19,0.023529411764705882,0.3391680836774645,0.3764705882352941,0.15294117647058825,0.22352941176470587
2017-07-26,2017,Train,-1,684,689,704,15,705,12.75,0.27450980392156865,4,0.058823529411764705,0.5808304575308917,0.45098039215686275,0.17647058823529413,0.27450980392156865
2017-07-31,2017,Train,-1,634,639,649,10,650,48.0,0.2916666666666667,3,0.010416666666666666,1.0708148919552198,0.2604166666666667,0.265625,-0.005208333333333315
2017-08-02,2017,Train,-1,644,669,684,15,685,60.0,0.32083333333333336,8,0.05416666666666667,1.3387311794228356,0.1125,0.13333333333333333,-0.02083333333333333
2017-08-09,2017,Train,1,634,644,649,5,650,32.75,0.26717557251908397,3,0.030534351145038167,0.7235387349310792,0.15267175572519084,0.24427480916030533,-0.09160305343511449
2017-08-10,2017,Train,-1,709,759,809,50,810,54.5,0.536697247706422,20,0.0045871559633027525,0.7009343591113766,0.01834862385321101,0.3394495412844037,-0.3211009174311927
2017-08-11,2017,Train,1,744,744,749,5,750,47.5,0.08421052631578947,1,0.05789473684210526,0.33517848410757944,0.07368421052631578,0.22631578947368422,-0.15263157894736845
2017-08-14,2017,Train,1,639,654,664,10,665,23.75,0.42105263157894735,5,0.07368421052631578,0.5963341600629122,0.15789473684210525,0.22105263157894736,-0.06315789473684211
2017-08-16,2017,Train,1,649,749,794,45,795,21.0,1.0,29,0.4880952380952381,1.2790508316854716,0.42857142857142855,0.5714285714285714,-0.14285714285714285
2017-08-18,2017,Train,1,689,764,824,60,825,37.25,0.6778523489932886,27,0.006711409395973154,0.9454673845882249,0.16778523489932887,0.2214765100671141,-0.05369127516778524
2017-08-23,2017,Train,1,709,714,719,5,720,20.5,0.17073170731707318,2,0.07317073170731707,0.40218216318785577,0.5975609756097561,0.17073170731707318,0.42682926829268286
2017-08-24,2017,Train,-1,679,694,759,65,760,51.75,0.3719806763285024,16,0.014492753623188406,1.7708488639678475,0.40096618357487923,0.043478260869565216,0.35748792270531404
2017-08-28,2017,Train,1,644,654,739,85,740,20.5,0.5975609756097561,19,0.012195121951219513,0.8105016282248131,0.7195121951219512,0.04878048780487805,0.6707317073170731
2017-08-31,2017,Train,1,714,714,719,5,720,29.5,0.05084745762711865,1,0.01694915254237288,0.40271257172665625,0.00847457627118644,0.4152542372881356,-0.4067796610169492
2017-09-04,2017,Train,1,634,639,694,55,695,9.25,0.4594594594594595,12,0.10810810810810811,2.6691943127962086,0.0,0.918918918918919,-0.918918918918919
2017-09-05,2017,Train,-1,679,684,699,15,700,33.25,0.23308270676691728,4,0.09022556390977443,0.5993136974549614,0.06015037593984962,1.744360902255639,-1.6842105263157894
2017-09-06,2017,Train,-1,669,674,694,20,695,38.25,0.3660130718954248,5,0.0718954248366013,0.7040035304988209,0.4444444444444444,0.026143790849673203,0.4183006535947712
2017-09-07,2017,Train,1,644,669,724,55,725,21.5,0.7441860465116279,16,0.046511627906976744,0.7587051377127778,0.6976744186046512,0.23255813953488372,0.4651162790697675
2017-09-08,2017,Train,-1,704,714,714,0,715,25.25,0.21782178217821782,2,0.009900990099009901,0.7415658476789426,0.039603960396039604,0.36633663366336633,-0.32673267326732675
2017-09-14,2017,Train,1,639,679,729,50,730,20.25,0.6666666666666666,18,0.06172839506172839,0.3962461624337148,0.49382716049382713,0.024691358024691357,0.4691358024691358
2017-09-19,2017,Train,1,724,724,749,25,750,23.5,0.26595744680851063,5,0.07446808510638298,1.2265734467765466,0.32978723404255317,0.10638297872340426,0.22340425531914893
2017-09-20,2017,Train,-1,654,669,759,90,760,17.25,1.7246376811594204,21,0.0,0.6091780131114473,0.07246376811594203,0.8115942028985508,-0.7391304347826088
2017-09-26,2017,Train,-1,634,639,639,0,640,17.25,0.34782608695652173,1,0.057971014492753624,1.0323369990468196,0.14492753623188406,1.7391304347826086,-1.5942028985507246
2017-09-27,2017,Train,-1,634,644,644,0,645,23.25,0.3763440860215054,2,0.20430107526881722,0.9062342398262017,0.26881720430107525,0.6451612903225806,-0.3763440860215054
2017-09-29,2017,Train,1,639,644,644,0,645,24.25,0.14432989690721648,1,0.030927835051546393,1.0108985862476474,0.13402061855670103,0.7525773195876289,-0.6185567010309279
2017-10-04,2017,Train,1,689,739,819,80,820,17.25,1.0869565217391304,26,0.4782608695652174,0.8356261249678582,0.057971014492753624,0.6376811594202898,-0.5797101449275361
2017-10-06,2017,Train,1,754,764,774,10,775,23.0,0.21739130434782608,4,0.0,0.7916181606519208,0.2608695652173913,0.043478260869565216,0.21739130434782608
2017-10-09,2017,Train,-1,649,649,654,5,655,15.5,0.16129032258064516,1,0.08064516129032258,0.8997498378578709,0.532258064516129,0.04838709677419355,0.48387096774193544
2017-10-10,2017,Train,-1,724,744,754,10,755,38.25,0.29411764705882354,6,0.0392156862745098,0.4333848207974448,0.3006535947712418,0.05228758169934641,0.2483660130718954
2017-10-11,2017,Train,1,859,859,864,5,865,19.0,0.2236842105263158,1,0.18421052631578946,0.7496573208722741,0.039473684210526314,0.6973684210526315,-0.6578947368421052
2017-10-12,2017,Train,1,674,679,679,0,680,18.5,0.08108108108108109,1,0.0945945945945946,0.35928272307527115,0.06756756756756757,0.6486486486486487,-0.5810810810810811
2017-10-16,2017,Train,-1,739,744,759,15,760,14.5,0.39655172413793105,4,0.06896551724137931,1.3627959001985983,0.3448275862068966,0.1724137931034483,0.1724137931034483
2017-10-17,2017,Train,1,669,679,694,15,695,11.25,0.3111111111111111,5,0.2,1.2030456852791878,0.37777777777777777,0.2222222222222222,0.15555555555555556
2017-10-20,2017,Train,-1,644,659,699,40,700,12.5,0.58,11,0.12,0.887127873715436,0.46,0.14,0.32
2017-10-23,2017,Train,-1,649,649,654,5,655,31.5,0.14285714285714285,1,0.031746031746031744,1.035626276138844,0.18253968253968253,0.14285714285714285,0.03968253968253968
2017-10-24,2017,Train,1,664,704,779,75,780,24.5,0.30612244897959184,23,0.0,0.6040190197323244,0.11224489795918367,0.4387755102040816,-0.32653061224489793
2017-10-31,2017,Train,1,719,719,724,5,725,20.5,0.04878048780487805,1,0.08536585365853659,0.29067581019798694,0.4024390243902439,0.0975609756097561,0.30487804878048785
2017-11-01,2017,Train,-1,639,639,644,5,645,26.0,0.10576923076923077,1,0.15384615384615385,0.8508502227520863,0.27884615384615385,0.2403846153846154,0.038461538461538464
2017-11-02,2017,Train,-1,694,699,714,15,715,34.75,0.43884892086330934,4,0.007194244604316547,1.151997927595363,0.5611510791366906,0.007194244604316547,0.5539568345323741
2017-11-07,2017,Train,-1,634,639,639,0,640,19.75,0.189873417721519,1,0.22784810126582278,1.4565011856972365,0.27848101265822783,0.43037974683544306,-0.15189873417721522
2017-11-09,2017,Train,-1,724,724,729,5,730,41.0,0.1402439024390244,1,0.024390243902439025,0.7938178668976084,0.07926829268292683,0.6951219512195121,-0.6158536585365854
2017-11-10,2017,Train,1,734,734,739,5,740,20.0,0.125,1,0.1,0.5882067874399578,0.475,0.075,0.39999999999999997
2017-11-13,2017,Train,1,679,684,684,0,685,32.5,0.09230769230769231,1,0.05384615384615385,0.5848059584476676,0.08461538461538462,0.13076923076923078,-0.046153846153846156
2017-11-14,2017,Train,1,649,649,654,5,655,35.0,0.08571428571428572,1,0.02142857142857143,0.9043230421616149,0.20714285714285716,0.07857142857142857,0.1285714285714286
2017-11-15,2017,Train,1,639,644,649,5,650,37.75,0.10596026490066225,2,0.052980132450331126,0.906173700732473,0.059602649006622516,0.40397350993377484,-0.3443708609271523
2017-11-17,2017,Train,-1,844,849,849,0,850,18.25,0.0958904109589041,1,0.0,0.13255176882971514,0.0136986301369863,0.4931506849315068,-0.4794520547945205
2017-11-20,2017,Train,-1,644,649,649,0,650,15.0,0.08333333333333333,1,0.15,0.5802556818181818,0.43333333333333335,0.23333333333333334,0.2
2017-11-21,2017,Train,1,664,669,669,0,670,40.75,0.049079754601226995,1,0.049079754601226995,0.5327455332888343,0.05521472392638037,0.13496932515337423,-0.07975460122699386
2017-11-24,2017,Train,1,634,634,639,5,640,10.0,0.075,1,0.05,0.7539530761695975,0.1,1.175,-1.075
2017-11-27,2017,Train,-1,684,689,709,20,710,20.75,0.43373493975903615,5,0.12048192771084337,1.8654083719799914,0.18072289156626506,0.20481927710843373,-0.02409638554216867
2017-11-28,2017,Train,1,749,749,754,5,755,14.25,0.21052631578947367,1,0.03508771929824561,0.6971163965480951,0.8070175438596491,0.22807017543859648,0.5789473684210527
2017-11-29,2017,Train,-1,669,674,674,0,675,98.0,0.09183673469387756,1,0.09438775510204081,0.6646662019918013,0.025510204081632654,0.47959183673469385,-0.45408163265306123
2017-11-30,2017,Train,1,634,634,654,20,655,27.75,0.25225225225225223,4,0.05405405405405406,1.0097863262334497,0.09009009009009009,0.7207207207207207,-0.6306306306306306
2017-12-01,2017,Train,-1,679,694,804,110,805,45.0,1.7333333333333334,25,0.0,2.5017079029789473,0.2777777777777778,0.06666666666666667,0.21111111111111114
2017-12-04,2017,Train,-1,649,674,734,60,735,79.0,0.38924050632911394,17,0.08860759493670886,1.19041446579604,0.18670886075949367,0.23417721518987342,-0.04746835443037975
2017-12-05,2017,Train,1,664,684,719,35,720,81.0,0.24691358024691357,11,0.046296296296296294,0.4914346895074947,0.25,0.043209876543209874,0.20679012345679013
2017-12-07,2017,Train,1,634,664,669,5,670,27.5,0.5909090909090909,7,0.0,1.004905395935529,0.045454545454545456,0.7,-0.6545454545454545
2017-12-08,2017,Train,-1,689,699,739,40,740,17.5,1.0857142857142856,10,0.05714285714285714,1.0090870453947502,0.18571428571428572,0.42857142857142855,-0.24285714285714283
2017-12-11,2017,Train,1,634,639,639,0,640,22.0,0.06818181818181818,1,0.13636363636363635,0.4135971972351103,0.375,0.2840909090909091,0.09090909090909088
2017-12-12,2017,Train,1,669,674,684,10,685,23.75,0.22105263157894736,3,0.0,0.4409581963363081,0.010526315789473684,0.4,-0.38947368421052636
2017-12-13,2017,Train,-1,724,739,744,5,745,19.25,0.3246753246753247,4,0.12987012987012986,0.8669650685247566,0.03896103896103896,0.6883116883116883,-0.6493506493506493
2017-12-14,2017,Train,-1,799,799,809,10,810,22.0,0.5340909090909091,2,0.056818181818181816,1.8735873700948378,0.3181818181818182,0.7159090909090909,-0.39772727272727276
2017-12-18,2017,Train,1,724,734,744,10,745,21.5,0.19767441860465115,4,0.023255813953488372,0.26653747908041925,0.05813953488372093,0.38372093023255816,-0.32558139534883723
2017-12-19,2017,Train,-1,644,659,664,5,665,33.25,0.18045112781954886,4,0.03759398496240601,0.8640937322014591,0.2556390977443609,0.42105263157894735,-0.16541353383458646
2017-12-21,2017,Train,1,694,699,719,20,720,25.75,0.22330097087378642,5,0.019417475728155338,0.7141746223464982,0.13592233009708737,0.30097087378640774,-0.16504854368932037
2017-12-22,2017,Train,1,864,864,869,5,870,20.75,0.03614457831325301,1,0.07228915662650602,0.2053077975376197,0.13253012048192772,0.21686746987951808,-0.08433734939759036
2017-12-26,2017,Train,1,764,764,794,30,795,28.25,0.18584070796460178,6,0.0,0.5685199686765857,0.11504424778761062,0.09734513274336283,0.017699115044247787
2017-12-27,2017,Train,-1,719,724,724,0,725,22.75,0.18681318681318682,1,0.04395604395604396,0.7049171869356586,0.21978021978021978,0.16483516483516483,0.054945054945054944
2017-12-28,2017,Train,-1,639,644,649,5,650,21.5,0.11627906976744186,2,0.05813953488372093,0.8425730117514789,0.45348837209302323,0.03488372093023256,0.41860465116279066
2017-12-29,2017,Train,-1,654,664,734,70,735,26.25,0.5619047619047619,16,0.06666666666666667,1.2058280718795533,0.1619047619047619,0.26666666666666666,-0.10476190476190475
2018-01-03,2018,Train,1,639,644,664,20,665,42.5,0.12352941176470589,5,0.0,0.5786815722827471,0.011764705882352941,0.2235294117647059,-0.21176470588235297
2018-01-05,2018,Train,1,639,639,644,5,645,20.0,0.1125,1,0.0125,0.7713895713895714,0.05,0.7625,-0.7124999999999999
2018-01-08,2018,Train,1,634,634,639,5,640,21.25,0.11764705882352941,1,0.1411764705882353,0.6605056783052944,0.23529411764705882,0.5294117647058824,-0.29411764705882354
2018-01-09,2018,Train,1,804,804,814,10,815,37.25,0.0738255033557047,2,0.06711409395973154,0.3092583291478319,0.2348993288590604,0.03355704697986577,0.20134228187919462
2018-01-10,2018,Train,1,834,839,849,10,850,40.75,0.12883435582822086,3,0.10429447852760736,0.309946158798884,0.4233128834355828,0.049079754601226995,0.37423312883435583
2018-01-16,2018,Train,-1,669,679,694,15,695,36.5,0.4657534246575342,5,0.1095890410958904,0.9199366864324695,0.02054794520547945,0.7397260273972602,-0.7191780821917808
2018-01-17,2018,Train,1,674,679,699,20,700,30.75,0.3983739837398374,5,0.016260162601626018,0.5936125158333414,0.11382113821138211,0.5284552845528455,-0.4146341463414634
2018-01-18,2018,Train,1,749,764,779,15,780,30.5,0.14754098360655737,6,0.01639344262295082,0.22376230586061058,0.22131147540983606,0.1885245901639344,0.03278688524590165
2018-01-22,2018,Train,1,634,639,659,20,660,47.25,0.13227513227513227,5,0.08465608465608465,0.8481427896116546,0.021164021164021163,0.3386243386243386,-0.31746031746031744
2018-01-23,2018,Train,1,639,664,709,45,710,32.0,0.34375,14,0.0546875,0.5243541484040632,0.171875,0.234375,-0.0625
2018-01-26,2018,Train,1,639,659,734,75,735,23.75,0.5789473684210527,19,0.05263157894736842,0.9243249222600509,0.042105263157894736,0.5894736842105263,-0.5473684210526315
2018-01-29,2018,Train,-1,644,644,649,5,650,28.75,0.3826086956521739,1,0.008695652173913044,1.1159129692832765,0.7652173913043478,0.4260869565217391,0.33913043478260874
2018-01-30,2018,Train,1,659,674,694,20,695,47.0,0.4148936170212766,7,0.05851063829787234,0.7636419486721909,0.26063829787234044,0.2712765957446808,-0.010638297872340385
2018-01-31,2018,Train,-1,659,724,804,80,805,21.25,1.1647058823529413,29,0.12941176470588237,1.3358697306346068,0.3058823529411765,1.223529411764706,-0.9176470588235295
2018-02-01,2018,Train,1,649,659,664,5,665,51.5,0.19902912621359223,3,0.038834951456310676,0.5405305821665438,0.23300970873786409,0.23300970873786409,0.0
2018-02-02,2018,Train,-1,869,869,874,5,875,92.75,0.06199460916442048,1,0.1778975741239892,0.8233400578257799,0.04851752021563342,0.522911051212938,-0.4743935309973046
2018-02-07,2018,Train,1,664,679,699,20,700,66.25,0.4226415094339623,7,0.01509433962264151,0.5120452137054045,0.5849056603773585,0.20754716981132076,0.3773584905660377
2018-02-09,2018,Train,-1,644,649,664,15,665,72.75,0.9106529209621993,4,0.16494845360824742,1.0198603568657874,0.07903780068728522,1.1958762886597938,-1.1168384879725086
2018-02-12,2018,Train,1,719,739,764,25,765,91.75,0.2452316076294278,9,0.05449591280653951,0.6552541870460945,0.15258855585831063,0.16076294277929154,-0.008174386920980908
2018-02-14,2018,Train,1,639,644,644,0,645,99.0,0.09595959595959595,1,0.09848484848484848,0.9317416346134683,0.08585858585858586,0.33080808080808083,-0.24494949494949497
2018-02-15,2018,Train,-1,644,649,654,5,655,51.75,0.14009661835748793,2,0.13526570048309178,1.0587337599576767,0.6666666666666666,0.7777777777777778,-0.11111111111111116
2018-02-16,2018,Train,1,649,649,654,5,655,43.0,0.0872093023255814,1,0.05813953488372093,0.7995790523138275,0.29651162790697677,0.28488372093023256,0.011627906976744207
2018-02-19,2018,Train,-1,669,674,679,5,680,39.75,0.1320754716981132,2,0.1509433962264151,0.5448217186170624,0.3584905660377358,0.025157232704402517,0.3333333333333333
2018-02-20,2018,Train,1,664,669,669,0,670,66.25,0.07924528301886792,1,0.0,0.9368235651381719,0.09811320754716982,0.4641509433962264,-0.36603773584905663
2018-02-21,2018,Train,1,644,649,649,0,650,33.5,0.19402985074626866,1,0.11940298507462686,0.4388133828202184,0.09701492537313433,0.7985074626865671,-0.7014925373134329
2018-02-22,2018,Train,1,639,644,644,0,645,40.0,0.06875,1,0.14375,0.8282054851733259,0.2375,0.33125,-0.09375
2018-02-23,2018,Train,1,669,679,679,0,680,33.5,0.23134328358208955,2,0.11940298507462686,0.7202734022076442,0.014925373134328358,0.6940298507462687,-0.6791044776119403
2018-02-28,2018,Train,-1,659,674,689,15,690,37.0,0.5472972972972973,6,0.05405405405405406,1.7476218694445311,0.08783783783783784,0.9459459459459459,-0.8581081081081081
2018-03-02,2018,Train,1,634,644,659,15,660,58.25,0.40772532188841204,5,0.034334763948497854,1.1491328688089573,0.17167381974248927,0.9957081545064378,-0.8240343347639485
2018-03-05,2018,Train,1,644,649,649,0,650,48.5,0.12886597938144329,1,0.03608247422680412,0.6686981850773023,0.07731958762886598,1.3608247422680413,-1.2835051546391754
2018-03-06,2018,Train,-1,659,664,669,5,670,39.75,0.29559748427672955,2,0.0,1.3043148011393606,0.1761006289308176,0.6477987421383647,-0.4716981132075472
2018-03-07,2018,Train,1,634,654,669,15,670,46.0,0.3423913043478261,7,0.0,0.977797936273954,1.0054347826086956,0.0,1.0054347826086956
2018-03-08,2018,Train,-1,809,809,834,25,835,27.25,0.46788990825688076,5,0.07339449541284404,1.0905245735828237,0.7522935779816514,0.43119266055045874,0.3211009174311927
2018-03-14,2018,Train,-1,679,684,689,5,690,42.5,0.3058823529411765,2,0.047058823529411764,0.8024554694575827,0.17058823529411765,0.8235294117647058,-0.6529411764705881
2018-03-15,2018,Train,1,659,689,734,45,735,36.0,0.7083333333333334,15,0.041666666666666664,0.631493967617994,0.2916666666666667,0.1875,0.10416666666666669
2018-03-16,2018,Train,-1,674,689,689,0,690,21.0,0.42857142857142855,3,0.03571428571428571,0.6421089385474861,0.16666666666666666,1.5119047619047619,-1.3452380952380951
2018-03-20,2018,Train,-1,709,714,719,5,720,41.5,0.3373493975903614,2,0.018072289156626505,0.8468013854164277,0.8493975903614458,0.15060240963855423,0.6987951807228916
2018-03-21,2018,Train,1,714,719,734,15,735,40.5,0.24691358024691357,4,0.04938271604938271,0.8619711360552609,0.09259259259259259,0.32098765432098764,-0.22839506172839505
2018-03-22,2018,Train,-1,659,659,679,20,680,58.0,0.3620689655172414,4,0.01293103448275862,1.1370014556040757,0.0,0.8879310344827587,-0.8879310344827587
2018-03-23,2018,Train,-1,704,719,749,30,750,69.75,0.4121863799283154,9,0.08960573476702509,0.7250051503098109,0.26881720430107525,0.5555555555555556,-0.28673835125448033
2018-03-26,2018,Train,-1,639,684,744,60,745,46.0,1.7771739130434783,21,0.005434782608695652,0.8549677706156924,0.9021739130434783,0.19021739130434784,0.7119565217391304
2018-03-27,2018,Train,-1,664,669,669,0,670,58.5,0.1752136752136752,1,0.042735042735042736,0.776281110363228,0.6709401709401709,0.2777777777777778,0.3931623931623931
2018-04-02,2018,Train,-1,634,639,644,5,645,102.5,0.15853658536585366,2,0.02195121951219512,1.0178642318380309,0.09024390243902439,1.0146341463414634,-0.9243902439024391
2018-04-03,2018,Train,1,669,669,674,5,675,116.0,0.1336206896551724,1,0.11637931034482758,1.1262647378543356,0.5366379310344828,0.11637931034482758,0.4202586206896552
2018-04-04,2018,Train,1,649,659,669,10,670,73.0,0.2636986301369863,4,0.017123287671232876,0.951165371809101,0.03767123287671233,1.0273972602739727,-0.9897260273972603
2018-04-05,2018,Train,-1,804,804,814,10,815,54.75,0.273972602739726,2,0.0182648401826484,0.8998101009681738,0.2328767123287671,0.6027397260273972,-0.3698630136986301
2018-04-06,2018,Train,-1,664,664,669,5,670,74.75,0.1605351170568562,1,0.08361204013377926,1.193457276762159,0.42474916387959866,0.20066889632107024,0.22408026755852842
2018-04-09,2018,Train,1,634,654,669,15,670,71.25,0.22807017543859648,7,0.056140350877192984,0.8794241151769646,0.0,0.8456140350877193,-0.8456140350877193
2018-04-10,2018,Train,1,644,649,659,10,660,55.75,0.27802690582959644,3,0.06278026905829596,0.5182897224259578,0.4170403587443946,0.37668161434977576,0.04035874439461884
2018-04-11,2018,Train,1,639,644,649,5,650,52.0,0.10096153846153846,2,0.17307692307692307,0.5281281760028697,0.6490384615384616,0.21153846153846154,0.4375
2018-04-13,2018,Train,-1,664,664,669,5,670,78.0,0.12179487179487179,1,0.10897435897435898,0.9489169925946515,0.266025641025641,0.08653846153846154,0.1794871794871795
2018-04-18,2018,Train,1,664,689,704,15,705,45.0,0.24444444444444444,8,0.0,0.620053731615136,0.13333333333333333,0.3611111111111111,-0.22777777777777777
2018-04-19,2018,Train,-1,664,679,684,5,685,36.0,0.4861111111111111,4,0.06944444444444445,0.8245825914812556,0.05555555555555555,0.9375,-0.8819444444444444
2018-04-23,2018,Train,1,654,684,729,45,730,46.5,0.489247311827957,15,0.026881720430107527,0.9812345158399662,0.8118279569892473,0.10215053763440861,0.7096774193548386
2018-04-24,2018,Train,-1,634,644,644,0,645,80.25,0.19003115264797507,2,0.03115264797507788,1.2802661990914164,0.1526479750778816,0.6978193146417445,-0.5451713395638629
2018-04-25,2018,Train,1,664,674,679,5,680,96.5,0.19948186528497408,3,0.007772020725388601,0.9391690735392135,0.43005181347150256,0.17875647668393782,0.25129533678756477
2018-04-26,2018,Train,1,764,764,769,5,770,62.0,0.04032258064516129,1,0.09274193548387097,0.2171254109030971,0.06854838709677419,0.42338709677419356,-0.3548387096774194
2018-04-27,2018,Train,-1,634,659,674,15,675,100.25,0.3316708229426434,8,0.07481296758104738,1.0578595672464999,0.16957605985037408,0.18204488778054864,-0.012468827930174564
2018-05-02,2018,Train,-1,704,709,734,25,735,42.5,0.38235294117647056,6,0.041176470588235294,1.0829801808914534,0.49411764705882355,0.011764705882352941,0.4823529411764706
2018-05-03,2018,Train,-1,639,659,709,50,710,61.0,0.6475409836065574,14,0.00819672131147541,1.4209447166523879,0.8237704918032787,0.23770491803278687,0.5860655737704918
2018-05-07,2018,Train,1,684,689,694,5,695,44.25,0.15819209039548024,2,0.022598870056497175,0.5775845553017463,0.1864406779661017,0.12429378531073447,0.06214689265536723
2018-05-09,2018,Train,-1,654,664,669,5,670,28.0,0.33035714285714285,3,0.1875,1.0021126964373572,0.7053571428571429,0.16964285714285715,0.5357142857142858
2018-05-11,2018,Train,1,654,659,669,10,670,32.25,0.16279069767441862,3,0.13953488372093023,0.7483748112154442,0.4108527131782946,0.06201550387596899,0.3488372093023256
2018-05-14,2018,Train,1,634,634,639,5,640,33.25,0.14285714285714285,1,0.007518796992481203,0.67044839683731,0.40601503759398494,0.19548872180451127,0.21052631578947367
2018-05-16,2018,Train,1,639,644,654,10,655,30.5,0.30327868852459017,3,0.02459016393442623,0.678228637726581,0.6475409836065574,0.02459016393442623,0.6229508196721312
2018-05-17,2018,Train,1,634,659,709,50,710,34.75,0.60431654676259,15,0.02877697841726619,0.8291099287582289,0.6330935251798561,0.14388489208633093,0.48920863309352514
2018-05-18,2018,Train,1,679,684,684,0,685,28.75,0.20869565217391303,1,0.0,0.6988904546262981,0.28695652173913044,0.3739130434782609,-0.08695652173913043
2018-05-22,2018,Train,-1,754,754,764,10,765,49.0,0.11224489795918367,2,0.03571428571428571,0.6664793481314976,0.20918367346938777,0.00510204081632653,0.20408163265306123
2018-05-23,2018,Train,1,709,714,714,0,715,50.25,0.15920398009950248,1,0.029850746268656716,0.707181340487329,0.2537313432835821,0.19900497512437812,0.05472636815920398
2018-05-24,2018,Train,-1,634,634,639,5,640,57.75,0.13852813852813853,1,0.11688311688311688,0.92649410305362,0.09956709956709957,0.5670995670995671,-0.4675324675324675
2018-05-28,2018,Train,1,634,669,699,30,700,16.5,0.6363636363636364,13,0.015151515151515152,1.4328989080662204,0.25757575757575757,0.5606060606060606,-0.303030303030303
2018-05-29,2018,Train,-1,719,739,754,15,755,56.25,0.4444444444444444,7,0.07111111111111111,0.436999696325539,0.28444444444444444,0.17777777777777778,0.10666666666666666
2018-05-31,2018,Train,-1,649,654,664,10,665,27.25,0.5229357798165137,3,0.13761467889908258,1.331599551041638,1.7339449541284404,0.3486238532110092,1.385321100917431
2018-06-04,2018,Train,1,719,719,724,5,725,28.25,0.07079646017699115,1,0.008849557522123894,0.3163437908913924,0.1592920353982301,0.7964601769911505,-0.6371681415929203
2018-06-05,2018,Train,-1,669,674,674,0,675,28.0,0.11607142857142858,1,0.23214285714285715,1.5287467884670283,0.16964285714285715,0.7946428571428571,-0.625
2018-06-07,2018,Train,-1,634,649,674,25,675,52.75,0.5165876777251185,8,0.09004739336492891,1.2312989849672364,0.12796208530805686,0.32701421800947866,-0.1990521327014218
2018-06-08,2018,Train,-1,639,644,649,5,650,27.25,0.3577981651376147,2,0.09174311926605505,0.7380815988797658,1.165137614678899,0.01834862385321101,1.146788990825688
2018-06-12,2018,Train,1,699,839,869,30,870,20.5,1.1341463414634145,34,0.2804878048780488,0.47475220147190195,0.45121951219512196,0.4878048780487805,-0.036585365853658514
2018-06-13,2018,Train,1,664,704,739,35,740,30.75,0.5934959349593496,15,0.0,0.9393571624319774,0.23577235772357724,0.17886178861788618,0.05691056910569106
2018-06-14,2018,Train,1,804,819,849,30,850,48.5,0.23195876288659795,9,0.010309278350515464,0.2562766640238608,0.41237113402061853,0.05670103092783505,0.35567010309278346
2018-06-15,2018,Train,1,779,779,784,5,785,39.25,0.03821656050955414,1,0.050955414012738856,0.354020979020979,0.31210191082802546,0.06369426751592357,0.2484076433121019
2018-06-26,2018,Train,1,789,804,849,45,850,51.25,0.34146341463414637,12,0.04878048780487805,0.2920840662901583,0.2926829268292683,0.14146341463414633,0.15121951219512195
2018-06-28,2018,Train,1,689,704,714,10,715,52.5,0.32857142857142857,5,0.014285714285714285,0.551893396014449,0.5142857142857142,0.18571428571428572,0.3285714285714285
2018-07-02,2018,Train,1,634,644,649,5,650,64.75,0.19305019305019305,3,0.007722007722007722,0.8075400316734119,0.23166023166023167,0.27413127413127414,-0.04247104247104247
2018-07-03,2018,Train,-1,714,714,719,5,720,54.25,0.16129032258064516,1,0.027649769585253458,0.7241965726246021,0.07834101382488479,1.1751152073732718,-1.096774193548387
2018-07-04,2018,Train,-1,639,649,654,5,655,16.75,0.373134328358209,3,0.0,1.8972421609369097,0.23880597014925373,0.22388059701492538,0.014925373134328346
2018-07-05,2018,Train,-1,639,639,644,5,645,41.25,0.15757575757575756,1,0.06666666666666667,0.6893415068222266,0.6484848484848484,0.46060606060606063,0.1878787878787878
2018-07-06,2018,Train,1,644,644,649,5,650,48.0,0.09895833333333333,1,0.005208333333333333,0.9959176349199228,0.046875,0.9114583333333334,-0.8645833333333334
2018-07-10,2018,Train,1,639,649,649,0,650,20.75,0.37349397590361444,2,0.012048192771084338,0.5993287517979863,0.5783132530120482,0.39759036144578314,0.18072289156626503
2018-07-12,2018,Train,1,634,639,644,5,645,52.75,0.0947867298578199,2,0.03317535545023697,0.7120223109972111,0.15639810426540285,0.1990521327014218,-0.042654028436018954
2018-07-13,2018,Train,1,639,644,644,0,645,32.0,0.109375,1,0.0703125,0.4370445819948288,0.1796875,0.265625,-0.0859375
2018-07-16,2018,Train,-1,659,664,679,15,680,25.0,0.28,4,0.11,0.8493249066360242,0.19,0.27,-0.08000000000000002
2018-07-20,2018,Train,1,634,649,709,60,710,19.25,0.8701298701298701,15,0.06493506493506493,0.8652543844417434,1.2467532467532467,0.0,1.2467532467532467
2018-07-23,2018,Train,1,644,644,649,5,650,42.5,0.13529411764705881,1,0.0,0.7357815463952656,0.20588235294117646,0.37058823529411766,-0.1647058823529412
2018-07-30,2018,Train,-1,674,674,679,5,680,98.0,0.08928571428571429,1,0.07142857142857142,0.6829709249359106,0.15051020408163265,0.20153061224489796,-0.05102040816326531
2018-07-31,2018,Train,1,724,724,729,5,730,81.5,0.08282208588957055,1,0.05521472392638037,0.516620684748496,0.11349693251533742,0.21779141104294478,-0.10429447852760736
2018-08-02,2018,Train,1,639,639,654,15,655,74.75,0.18394648829431437,3,0.033444816053511704,1.3253222249448664,0.1806020066889632,0.568561872909699,-0.38795986622073575
2018-08-08,2018,Train,1,649,659,719,60,720,32.75,0.6335877862595419,14,0.08396946564885496,0.5953459923823292,0.20610687022900764,0.3511450381679389,-0.14503816793893126
2018-08-09,2018,Train,1,799,839,859,20,860,33.25,0.22556390977443608,12,0.007518796992481203,0.3817731550272412,0.2781954887218045,0.13533834586466165,0.14285714285714285
2018-08-13,2018,Train,-1,714,719,724,5,725,51.75,0.14492753623188406,2,0.004830917874396135,0.9783127977435593,0.18840579710144928,0.3961352657004831,-0.2077294685990338
2018-08-14,2018,Train,1,654,669,679,10,680,48.0,0.19270833333333334,5,0.078125,0.8502342012006304,0.015625,0.40625,-0.390625
2018-08-16,2018,Train,1,679,734,754,20,755,25.0,0.51,15,0.01,0.9526411657559198,0.26,0.16,0.1
2018-08-21,2018,Train,1,699,779,874,95,875,31.75,0.7007874015748031,35,0.07086614173228346,0.7819217921006092,0.6929133858267716,0.031496062992125984,0.6614173228346456
2018-08-23,2018,Train,-1,679,684,684,0,685,52.25,0.1291866028708134,1,0.09090909090909091,1.6143952830077872,0.3062200956937799,0.3014354066985646,0.0047846889952152805
2018-08-27,2018,Train,1,659,664,664,0,665,46.25,0.07567567567567568,1,0.016216216216216217,0.58363575143103,0.2756756756756757,0.08108108108108109,0.1945945945945946
2018-08-28,2018,Train,-1,649,649,654,5,655,22.25,0.2696629213483146,1,0.033707865168539325,0.9521449673932281,0.4606741573033708,0.4606741573033708,0.0
2018-08-30,2018,Train,1,634,659,674,15,675,24.25,0.5876288659793815,8,0.020618556701030927,1.1400064717937655,0.3711340206185567,0.4329896907216495,-0.061855670103092786
2018-08-31,2018,Train,-1,859,869,869,0,870,41.5,0.18072289156626506,2,0.006024096385542169,0.3515684882895671,0.3433734939759036,0.0783132530120482,0.2650602409638554
2018-09-05,2018,Train,-1,639,644,644,0,645,103.5,0.0893719806763285,1,0.07004830917874397,0.8480860749017174,0.20772946859903382,0.15217391304347827,0.05555555555555555
2018-09-07,2018,Train,1,654,654,664,10,665,83.5,0.038922155688622756,2,0.059880239520958084,0.3676769387064003,0.2904191616766467,0.17065868263473055,0.11976047904191617
2018-09-12,2018,Train,-1,634,639,664,25,665,61.25,0.32653061224489793,6,0.053061224489795916,1.2232705527221226,0.8,0.08979591836734693,0.7102040816326531
2018-09-17,2018,Train,-1,649,659,664,5,665,72.0,0.15625,3,0.0798611111111111,0.7510268591434112,0.22569444444444445,0.0798611111111111,0.14583333333333334
2018-09-18,2018,Train,1,659,664,664,0,665,76.75,0.05211726384364821,1,0.05537459283387622,0.4610290465591141,0.02280130293159609,0.31596091205211724,-0.29315960912052114
2018-09-21,2018,Train,-1,634,634,639,5,640,47.75,0.1256544502617801,1,0.04712041884816754,0.9152553308171232,0.3193717277486911,0.2931937172774869,0.026178010471204216
2018-09-26,2018,Train,1,639,649,654,5,655,28.25,0.23893805309734514,3,0.05309734513274336,0.6546974913920315,0.09734513274336283,0.8141592920353983,-0.7168141592920354
2018-09-27,2018,Train,1,659,664,674,10,675,53.25,0.1784037558685446,3,0.03286384976525822,0.5057067603160668,0.17370892018779344,0.107981220657277,0.06572769953051644
2018-09-28,2018,Train,1,654,679,769,90,770,29.25,0.8376068376068376,23,0.4358974358974359,0.8407398510689407,0.008547008547008548,0.6153846153846154,-0.6068376068376069
2018-10-01,2018,Train,-1,764,769,799,30,800,37.5,0.23333333333333334,7,0.05333333333333334,0.5612675134215006,0.08666666666666667,0.4666666666666667,-0.38
2018-10-02,2018,Train,1,649,724,774,50,775,47.5,0.631578947368421,25,0.03684210526315789,0.747843309020967,0.06315789473684211,0.29473684210526313,-0.23157894736842102
2018-10-03,2018,Train,-1,659,674,679,5,680,27.5,0.4636363636363636,4,0.12727272727272726,0.8624169333005169,0.4727272727272727,0.38181818181818183,0.09090909090909088
2018-10-04,2018,Train,-1,659,664,664,0,665,90.75,0.04132231404958678,1,0.18181818181818182,0.4450062212391128,0.013774104683195593,0.5013774104683195,-0.4876033057851239
2018-10-05,2018,Train,-1,649,654,654,0,655,70.5,0.12056737588652482,1,0.01773049645390071,0.8250105970804115,0.13120567375886524,1.1453900709219857,-1.0141843971631206
2018-10-08,2018,Train,-1,694,784,874,90,875,79.75,0.9122257053291536,36,0.06896551724137931,1.2892793457254625,0.3573667711598746,0.07523510971786834,0.28213166144200624
2018-10-09,2018,Train,1,634,644,654,10,655,75.25,0.24916943521594684,4,0.0664451827242525,0.9347141662303398,0.4053156146179402,0.13953488372093023,0.26578073089700993
2018-10-10,2018,Train,-1,669,684,689,5,690,125.75,0.23260437375745527,4,0.02385685884691849,0.7350582932431847,0.16898608349900596,0.2286282306163022,-0.059642147117296235
2018-10-11,2018,Train,-1,664,664,669,5,670,136.0,0.15992647058823528,1,0.06066176470588235,0.9864201757389022,0.6102941176470589,0.2536764705882353,0.3566176470588236
2018-10-12,2018,Train,-1,704,774,894,120,895,57.25,1.445414847161572,38,0.039301310043668124,0.7952069878320962,1.1441048034934498,0.1965065502183406,0.9475982532751092
2018-10-17,2018,Train,-1,639,649,654,5,655,92.0,0.23369565217391305,3,0.02717391304347826,0.9013808712458358,0.5244565217391305,0.16304347826086957,0.3614130434782609
2018-10-19,2018,Train,-1,714,719,719,0,720,73.0,0.2191780821917808,1,0.0958904109589041,0.7978828686836105,0.07876712328767123,1.0582191780821917,-0.9794520547945205
2018-10-22,2018,Train,1,649,654,674,20,675,82.5,0.3333333333333333,5,0.03636363636363636,1.053878772761287,0.4303030303030303,0.34545454545454546,0.08484848484848484
2018-10-25,2018,Train,1,684,689,694,5,695,121.75,0.09650924024640657,2,0.004106776180698152,0.8261379588854061,0.2731006160164271,0.1437371663244353,0.1293634496919918
2018-10-26,2018,Train,-1,644,649,649,0,650,113.0,0.1747787610619469,1,0.011061946902654867,0.6955125582917451,0.8075221238938053,0.2920353982300885,0.5154867256637168
2018-10-29,2018,Train,-1,649,649,654,5,655,61.75,0.15789473684210525,1,0.19838056680161945,0.8452698229472577,0.0,1.0364372469635628,-1.0364372469635628
2018-10-31,2018,Train,1,849,859,874,15,875,94.0,0.19148936170212766,5,0.0425531914893617,0.501001138841954,0.14627659574468085,0.18617021276595744,-0.039893617021276584
2018-11-02,2018,Train,-1,634,644,659,15,660,108.0,0.29398148148148145,5,0.12037037037037036,0.9417349767057853,0.020833333333333332,0.4675925925925926,-0.4467592592592593
2018-11-08,2018,Train,-1,809,814,829,15,830,49.0,0.15306122448979592,4,0.04591836734693878,0.45577667751940976,0.6632653061224489,0.44387755102040816,0.21938775510204078
2018-11-09,2018,Train,-1,669,669,684,15,685,68.75,0.13818181818181818,3,0.06181818181818182,0.873853796294721,0.11272727272727273,0.5272727272727272,-0.4145454545454545
2018-11-13,2018,Train,1,664,679,699,20,700,86.0,0.48255813953488375,7,0.09593023255813954,1.536693010366417,0.3546511627906977,0.2005813953488372,0.1540697674418605
2018-11-14,2018,Train,-1,654,654,659,5,660,99.0,0.08585858585858586,1,0.08080808080808081,1.095485652629911,0.005050505050505051,0.5151515151515151,-0.51010101010101
2018-11-15,2018,Train,-1,634,639,649,10,650,71.0,0.39436619718309857,3,0.16549295774647887,1.2491521447006377,1.0387323943661972,0.04225352112676056,0.9964788732394367
2018-11-16,2018,Train,1,634,639,659,20,660,76.0,0.25,5,0.125,0.9619542695117961,0.6644736842105263,0.06907894736842106,0.5953947368421053
2018-11-19,2018,Train,-1,634,639,639,0,640,118.25,0.08879492600422834,1,0.07610993657505286,1.0246283836645282,0.2832980972515856,0.2748414376321353,0.008456659619450302
2018-11-20,2018,Train,1,639,664,689,25,690,108.5,0.5230414746543779,10,0.016129032258064516,0.9391467648007285,0.0069124423963133645,0.6359447004608295,-0.6290322580645161
2018-11-22,2018,Train,-1,664,664,669,5,670,37.0,0.30405405405405406,1,0.0,2.5805354866128347,0.4527027027027027,0.30405405405405406,0.14864864864864863
2018-11-26,2018,Train,1,874,874,884,10,885,67.25,0.13382899628252787,2,0.05947955390334572,0.6657354296073944,0.06319702602230483,0.31970260223048325,-0.25650557620817843
2018-11-27,2018,Train,1,664,669,674,5,675,98.75,0.11139240506329114,2,0.060759493670886074,0.666121627570593,0.22531645569620254,0.07341772151898734,0.1518987341772152
2018-11-28,2018,Train,-1,639,649,669,20,670,34.5,0.4057971014492754,6,0.057971014492753624,0.6051926755944247,2.746376811594203,0.3188405797101449,2.427536231884058
2018-11-29,2018,Train,-1,649,659,674,15,675,49.25,0.38578680203045684,5,0.0,0.8983092379318793,0.7309644670050761,0.18781725888324874,0.5431472081218274
2018-11-30,2018,Train,1,634,644,669,25,670,37.25,0.610738255033557,7,0.0738255033557047,1.430959350454973,0.37583892617449666,0.33557046979865773,0.040268456375838924
2018-12-03,2018,Train,-1,719,719,724,5,725,73.5,0.11564625850340136,1,0.09523809523809523,0.7716717652839639,0.30612244897959184,0.0782312925170068,0.22789115646258504
2018-12-07,2018,Train,-1,639,639,644,5,645,105.25,0.166270783847981,1,0.0166270783847981,1.0649906761516679,0.1330166270783848,0.5843230403800475,-0.45130641330166266
2018-12-10,2018,Train,-1,654,654,659,5,660,90.5,0.09116022099447514,1,0.03314917127071823,0.9185010854348841,0.3287292817679558,0.5524861878453039,-0.2237569060773481
2018-12-11,2018,Train,-1,674,679,679,0,680,53.0,0.25,1,0.04245283018867924,0.5583320243940749,0.16037735849056603,1.0141509433962264,-0.8537735849056604
2018-12-12,2018,Train,1,659,794,844,50,845,58.0,0.603448275862069,37,0.017241379310344827,0.5797233153474787,0.9870689655172413,0.02586206896551724,0.9612068965517241
2018-12-13,2018,Train,-1,649,654,704,50,705,59.25,0.5780590717299579,11,0.2320675105485232,0.8650414090750029,0.012658227848101266,1.0928270042194093,-1.080168776371308
2018-12-14,2018,Train,-1,719,719,739,20,740,57.0,0.2412280701754386,4,0.03070175438596491,1.1934886690073412,0.32456140350877194,0.23684210526315788,0.08771929824561406
2018-12-17,2018,Train,1,664,679,704,25,705,84.0,0.36607142857142855,8,0.0,0.7923668470521219,0.375,0.5059523809523809,-0.13095238095238093
2018-12-18,2018,Train,1,729,779,814,35,815,41.75,0.6706586826347305,17,0.0718562874251497,0.9792180345191969,0.5568862275449101,0.30538922155688625,0.2514970059880239
2018-12-19,2018,Train,-1,844,854,859,5,860,98.0,0.5561224489795918,3,0.02040816326530612,2.626635449662581,0.5280612244897959,1.9795918367346939,-1.4515306122448979
2018-12-21,2018,Train,-1,669,669,689,20,690,106.25,0.26823529411764707,4,0.1011764705882353,1.0942594806317878,0.07058823529411765,1.1411764705882352,-1.0705882352941176
2018-12-24,2018,Train,1,644,644,654,10,655,125.5,0.24900398406374502,2,0.17131474103585656,1.1552863620392524,0.5936254980079682,0.22310756972111553,0.3705179282868526
2018-12-26,2018,Train,-1,654,659,664,5,665,104.75,0.11455847255369929,2,0.2386634844868735,0.9890674593178498,1.035799522673031,0.1431980906921241,0.8926014319809069
2018-12-27,2018,Train,-1,749,749,754,5,755,115.25,0.12364425162689804,1,0.0021691973969631237,0.7886740623349181,0.21475054229934923,0.09544468546637744,0.11930585683297179
2018-12-31,2018,Train,-1,639,699,709,10,710,58.25,0.6094420600858369,14,0.02145922746781116,0.9515329229163149,0.4978540772532189,0.13733905579399142,0.3605150214592275
2019-01-03,2019,Inner,-1,639,644,654,10,655,118.25,0.13742071881606766,3,0.06976744186046512,0.9057795898529789,0.7526427061310782,0.006342494714587738,0.7463002114164905
2019-01-08,2019,Inner,-1,634,639,639,0,640,77.5,0.13225806451612904,1,0.02903225806451613,0.9346762137068219,0.11612903225806452,0.5645161290322581,-0.4483870967741936
2019-01-09,2019,Inner,1,714,849,859,10,860,45.75,0.6612021857923497,29,0.21311475409836064,0.8224610236646496,0.28415300546448086,0.6885245901639344,-0.40437158469945356
2019-01-10,2019,Inner,1,654,774,789,15,790,59.0,0.7076271186440678,27,0.00423728813559322,0.7090299680643855,0.3644067796610169,0.461864406779661,-0.09745762711864409
2019-01-11,2019,Inner,1,754,764,774,10,775,34.0,0.27941176470588236,4,0.0,0.41894274804318316,0.7132352941176471,0.1323529411764706,0.5808823529411765
2019-01-14,2019,Inner,1,634,659,679,20,680,39.0,0.4230769230769231,9,0.08974358974358974,0.8984265148978908,0.08333333333333333,0.5384615384615384,-0.4551282051282051
2019-01-15,2019,Inner,1,719,744,864,120,865,93.0,0.21505376344086022,29,0.06182795698924731,0.6062108935728496,0.3655913978494624,0.12634408602150538,0.239247311827957
2019-01-16,2019,Inner,-1,644,644,649,5,650,51.5,0.1262135922330097,1,0.19902912621359223,0.9658961928907087,0.3737864077669903,0.3883495145631068,-0.014563106796116498
2019-01-18,2019,Inner,1,649,764,869,105,870,50.0,0.84,44,0.035,0.5938893046562327,0.285,0.115,0.16999999999999998
2019-01-24,2019,Inner,-1,674,684,689,5,690,45.75,0.2459016393442623,3,0.1366120218579235,0.9466019417475728,0.6775956284153005,0.09836065573770492,0.5792349726775956
2019-01-25,2019,Inner,1,644,649,654,5,655,45.5,0.15384615384615385,2,0.0,0.5895756940806705,0.15934065934065933,0.3791208791208791,-0.21978021978021978
2019-01-31,2019,Inner,1,644,649,649,0,650,64.75,0.13513513513513514,1,0.09652509652509653,0.7590757806037054,0.10038610038610038,0.4247104247104247,-0.32432432432432434
2019-02-01,2019,Inner,-1,859,864,874,10,875,56.25,0.13777777777777778,3,0.04,0.4992579499408027,0.12444444444444444,0.2311111111111111,-0.10666666666666666
2019-02-05,2019,Inner,1,634,634,639,5,640,46.5,0.13440860215053763,1,0.026881720430107527,0.732122870289765,0.2849462365591398,0.2903225806451613,-0.005376344086021501
2019-02-07,2019,Inner,-1,659,664,664,0,665,41.5,0.1686746987951807,1,0.16265060240963855,0.8734601343579657,0.0,1.5240963855421688,-1.5240963855421688
2019-02-11,2019,Inner,-1,669,669,679,10,680,42.75,0.28654970760233917,2,0.07602339181286549,0.947618332081142,0.16374269005847952,0.2807017543859649,-0.11695906432748537
2019-02-13,2019,Inner,-1,694,694,714,20,715,41.25,0.2,4,0.12727272727272726,1.1260640191604363,0.15151515151515152,0.15757575757575756,-0.006060606060606044
2019-02-14,2019,Inner,1,634,639,639,0,640,52.25,0.11004784688995216,1,0.49282296650717705,0.6688464132355577,0.08133971291866028,0.430622009569378,-0.34928229665071775
2019-02-15,2019,Inner,-1,679,684,689,5,690,47.75,0.23036649214659685,2,0.09424083769633508,0.647384701420807,0.17801047120418848,0.27225130890052357,-0.0942408376963351
2019-02-18,2019,Inner,1,639,639,654,15,655,10.75,0.18604651162790697,3,0.023255813953488372,1.4881134436257473,0.20930232558139536,0.11627906976744186,0.0930232558139535
2019-02-19,2019,Inner,1,709,719,784,65,785,42.25,0.2958579881656805,15,0.005917159763313609,1.479305443295521,0.10059171597633136,0.047337278106508875,0.05325443786982249
2019-02-20,2019,Inner,1,634,649,659,10,660,23.5,0.2765957446808511,5,0.14893617021276595,0.8738127544097694,0.32978723404255317,0.14893617021276595,0.18085106382978722
2019-02-21,2019,Inner,1,774,784,784,0,785,61.25,0.04897959183673469,2,0.00816326530612245,0.1832845777401099,0.20816326530612245,0.02857142857142857,0.17959183673469387
2019-02-22,2019,Inner,1,654,704,869,165,870,28.25,0.6637168141592921,43,0.008849557522123894,0.7007909267273541,0.8672566371681416,0.11504424778761062,0.752212389380531
2019-02-27,2019,Inner,1,804,804,809,5,810,71.0,0.03169014084507042,1,0.04225352112676056,0.42291158359474845,0.08098591549295775,0.11267605633802817,-0.03169014084507042
2019-02-28,2019,Inner,1,739,749,804,55,805,37.5,0.23333333333333334,13,0.02666666666666667,0.42186186724642233,0.19333333333333333,0.20666666666666667,-0.013333333333333336
2019-03-01,2019,Inner,-1,694,694,699,5,700,42.75,0.12280701754385964,1,0.09941520467836257,0.5451651495448634,0.22807017543859648,0.45614035087719296,-0.22807017543859648
2019-03-05,2019,Inner,1,669,674,674,0,675,38.25,0.1437908496732026,1,0.013071895424836602,0.5799207791047443,0.12418300653594772,0.39215686274509803,-0.2679738562091503
2019-03-06,2019,Inner,-1,634,639,659,20,660,36.5,0.363013698630137,5,0.1232876712328767,1.1712599879669408,0.3287671232876712,0.678082191780822,-0.34931506849315075
2019-03-08,2019,Inner,1,644,689,729,40,730,35.25,0.7021276595744681,17,0.19858156028368795,0.8109904430929626,0.41843971631205673,0.14184397163120568,0.276595744680851
2019-03-15,2019,Inner,1,679,684,694,10,695,38.5,0.18831168831168832,3,0.012987012987012988,1.0459790300087806,0.09740259740259741,0.6688311688311688,-0.5714285714285714
2019-03-18,2019,Inner,-1,694,699,704,5,705,41.0,0.20121951219512196,2,0.042682926829268296,1.2488416850809039,0.11585365853658537,0.3719512195121951,-0.25609756097560976
2019-03-19,2019,Inner,-1,659,659,664,5,665,23.5,0.0851063829787234,1,0.24468085106382978,0.6760318189511352,1.6914893617021276,0.26595744680851063,1.425531914893617
2019-03-22,2019,Inner,-1,664,674,674,0,675,72.25,0.17993079584775087,2,0.04152249134948097,0.8076666518432872,0.07958477508650519,0.8581314878892734,-0.7785467128027682
2019-03-26,2019,Inner,-1,714,714,724,10,725,47.25,0.2804232804232804,2,0.010582010582010581,0.8882047269541848,0.1746031746031746,0.544973544973545,-0.3703703703703704
2019-03-28,2019,Inner,-1,679,694,709,15,710,50.0,0.42,6,0.015,0.5659816942797257,0.21,0.345,-0.13499999999999998
2019-03-29,2019,Inner,-1,654,659,664,5,665,33.5,0.43283582089552236,2,0.15671641791044777,1.262881768783961,0.6940298507462687,0.08955223880597014,0.6044776119402985
2019-04-02,2019,Inner,1,789,789,794,5,795,28.5,0.07017543859649122,1,0.043859649122807015,0.5442761736612969,0.017543859649122806,0.21929824561403508,-0.20175438596491227
2019-04-03,2019,Inner,1,634,649,649,0,650,29.25,0.20512820512820512,3,0.02564102564102564,0.8827759180412424,0.03418803418803419,0.9572649572649573,-0.9230769230769231
2019-04-04,2019,Inner,-1,634,634,644,10,645,45.75,0.31693989071038253,2,0.20218579234972678,1.4963496058406307,0.2786885245901639,0.4918032786885246,-0.21311475409836067
2019-04-08,2019,Inner,1,664,664,669,5,670,33.25,0.14285714285714285,1,0.03007518796992481,0.8412326545323482,0.20300751879699247,0.3533834586466165,-0.15037593984962405
2019-04-09,2019,Inner,1,634,634,639,5,640,32.75,0.09923664122137404,1,0.19083969465648856,0.8631406492109392,0.48091603053435117,0.20610687022900764,0.2748091603053435
2019-04-10,2019,Inner,1,649,699,784,85,785,19.75,0.7468354430379747,27,0.10126582278481013,0.9903904820012203,0.12658227848101267,0.6582278481012658,-0.5316455696202531
2019-04-11,2019,Inner,-1,819,824,829,5,830,34.0,0.18382352941176472,2,0.014705882352941176,0.3665450463092899,0.058823529411764705,0.3602941176470588,-0.3014705882352941
2019-04-12,2019,Inner,-1,644,679,739,60,740,17.25,1.0724637681159421,19,0.21739130434782608,1.21092274098972,0.2753623188405797,0.18840579710144928,0.08695652173913043
2019-04-15,2019,Inner,-1,634,644,659,15,660,45.0,0.3388888888888889,5,0.005555555555555556,1.3848016605166051,0.32222222222222224,0.05,0.27222222222222225
2019-04-24,2019,Inner,-1,779,784,784,0,785,31.25,0.168,1,0.048,0.4987172253744531,0.32,0.144,0.17600000000000002
2019-04-29,2019,Inner,1,639,654,674,20,675,24.5,0.29591836734693877,7,0.16326530612244897,0.7821421105200808,0.25510204081632654,0.19387755102040816,0.06122448979591838
2019-04-30,2019,Inner,-1,639,639,644,5,645,31.25,0.104,1,0.0,0.8543279804766353,0.216,1.136,-0.9199999999999999
2019-05-01,2019,Inner,1,699,704,729,25,730,30.25,0.371900826446281,6,0.008264462809917356,0.844719085807756,0.9421487603305785,0.024793388429752067,0.9173553719008264
2019-05-03,2019,Inner,1,634,639,639,0,640,38.0,0.07894736842105263,1,0.07236842105263158,0.748788322277764,0.0,0.6973684210526315,-0.6973684210526315
2019-05-06,2019,Inner,1,654,709,714,5,715,92.5,0.20540540540540542,12,0.0,0.9353179208883591,0.23243243243243245,0.03513513513513514,0.1972972972972973
2019-05-07,2019,Inner,-1,644,669,749,80,750,70.5,0.574468085106383,21,0.0425531914893617,1.0404535944937994,0.06028368794326241,1.0106382978723405,-0.950354609929078
2019-05-08,2019,Inner,1,659,669,694,25,695,61.0,0.5081967213114754,7,0.04918032786885246,0.9967928717584059,0.3483606557377049,0.11065573770491803,0.23770491803278687
2019-05-10,2019,Inner,-1,634,704,739,35,740,86.25,0.7681159420289855,21,0.0,1.10814517830766,0.5159420289855072,0.06956521739130435,0.4463768115942029
2019-05-13,2019,Inner,-1,679,679,684,5,685,93.0,0.10752688172043011,1,0.13172043010752688,0.7599502637710203,0.03763440860215054,0.33602150537634407,-0.2983870967741935
2019-05-15,2019,Inner,1,644,654,664,10,665,115.0,0.09782608695652174,4,0.06956521739130435,0.6649288372806224,0.03260869565217391,0.4043478260869565,-0.3717391304347826
2019-05-16,2019,Inner,1,634,739,784,45,785,98.0,0.31887755102040816,30,0.002551020408163265,1.0988027748093676,0.1760204081632653,0.13010204081632654,0.04591836734693877
2019-05-17,2019,Inner,1,654,669,704,35,705,63.0,0.6507936507936508,10,0.1349206349206349,0.7995324371712449,0.36904761904761907,0.10317460317460317,0.2658730158730159
2019-05-20,2019,Inner,1,634,639,644,5,645,64.25,0.1867704280155642,2,0.10116731517509728,0.6727741881050981,0.4085603112840467,0.23735408560311283,0.17120622568093385
2019-05-21,2019,Inner,1,644,649,649,0,650,38.25,0.1111111111111111,1,0.058823529411764705,0.9149504421627396,0.22875816993464052,0.45098039215686275,-0.22222222222222224
2019-05-24,2019,Inner,-1,644,674,754,80,755,39.0,0.7692307692307693,22,0.07692307692307693,0.5615023057821923,0.1282051282051282,0.4551282051282051,-0.3269230769230769
2019-05-28,2019,Inner,-1,639,644,644,0,645,46.5,0.08064516129032258,1,0.13440860215053763,0.6982961992136304,0.41397849462365593,0.20967741935483872,0.20430107526881722
2019-05-29,2019,Inner,-1,684,689,694,5,695,48.25,0.16062176165803108,2,0.0,0.7479260852389941,0.13989637305699482,0.6113989637305699,-0.4715025906735751
2019-05-30,2019,Inner,-1,714,714,719,5,720,31.25,0.2,1,0.12,0.525517513307485,0.632,0.232,0.4
2019-05-31,2019,Inner,1,649,694,729,35,730,37.5,0.4866666666666667,16,0.08,0.791555832248571,0.4866666666666667,0.0,0.4866666666666667
2019-06-05,2019,Inner,-1,634,634,639,5,640,69.25,0.18411552346570398,1,0.05054151624548736,1.1122782114975158,0.5270758122743683,0.37184115523465705,0.15523465703971123
2019-06-06,2019,Inner,1,689,694,699,5,700,39.0,0.15384615384615385,2,0.038461538461538464,0.3974077399950232,0.5192307692307693,0.16025641025641027,0.35897435897435903
2019-06-10,2019,Inner,1,644,649,659,10,660,72.0,0.1736111111111111,3,0.010416666666666666,0.7365089940039974,0.027777777777777776,0.53125,-0.5034722222222222
2019-06-12,2019,Inner,-1,634,634,639,5,640,39.75,0.23270440251572327,1,0.2830188679245283,1.0163045098214551,0.33962264150943394,0.4779874213836478,-0.13836477987421386
2019-06-14,2019,Inner,1,649,654,664,10,665,25.5,0.5294117647058824,3,0.049019607843137254,0.7684813753581662,0.8725490196078431,0.4019607843137255,0.47058823529411764
2019-06-18,2019,Inner,1,639,639,644,5,645,86.75,0.05763688760806916,1,0.011527377521613832,0.5725935266918873,0.2276657060518732,0.12103746397694524,0.10662824207492795
2019-06-19,2019,Inner,1,844,849,849,0,850,45.5,0.6263736263736264,1,0.016483516483516484,2.9785522788203753,0.6923076923076923,0.17032967032967034,0.5219780219780219
2019-06-20,2019,Inner,-1,639,639,644,5,645,42.0,0.1488095238095238,1,0.14285714285714285,0.8175662710052359,0.09523809523809523,0.6845238095238095,-0.5892857142857143
2019-06-21,2019,Inner,1,634,639,639,0,640,30.25,0.049586776859504134,1,0.09090909090909091,0.630527289546716,0.0,1.28099173553719,-1.28099173553719
2019-06-27,2019,Inner,-1,684,699,724,25,725,27.0,0.4351851851851852,8,0.018518518518518517,1.1436754734627075,0.8055555555555556,0.0,0.8055555555555556
2019-07-01,2019,Inner,-1,634,634,639,5,640,47.5,0.17894736842105263,1,0.08421052631578947,0.9650381139236435,0.17894736842105263,0.2736842105263158,-0.09473684210526317
2019-07-02,2019,Inner,1,634,634,644,10,645,21.5,0.4883720930232558,2,0.06976744186046512,1.389922761094244,0.9302325581395349,0.4069767441860465,0.5232558139534884
2019-07-03,2019,Inner,1,634,664,684,20,685,24.0,0.5625,10,0.010416666666666666,1.0881065238629373,0.13541666666666666,0.6875,-0.5520833333333334
2019-07-05,2019,Inner,-1,634,649,649,0,650,37.75,0.16556291390728478,3,0.06622516556291391,0.7294827610862445,0.6490066225165563,0.2185430463576159,0.4304635761589404
2019-07-11,2019,Inner,-1,634,644,654,10,655,24.0,0.34375,4,0.2708333333333333,0.9553680804345314,0.78125,0.21875,0.5625
2019-07-16,2019,Inner,-1,679,679,684,5,685,20.0,0.125,1,0.0,1.0238801185992468,0.175,2.1625,-1.9875
2019-07-17,2019,Inner,-1,644,654,684,30,685,25.0,0.65,8,0.02,1.0782198857971539,0.37,0.32,0.04999999999999999
2019-07-18,2019,Inner,-1,684,709,744,35,745,41.5,0.4457831325301205,12,0.08433734939759036,0.9672127249815735,0.1927710843373494,0.1746987951807229,0.01807228915662651
2019-07-19,2019,Inner,-1,649,659,664,5,665,44.0,0.29545454545454547,3,0.017045454545454544,1.039182756051671,0.3068181818181818,0.6988636363636364,-0.39204545454545453
2019-07-24,2019,Inner,1,634,639,654,15,655,42.0,0.3392857142857143,4,0.05357142857142857,1.10295460144035,0.20833333333333334,0.27380952380952384,-0.0654761904761905
2019-07-25,2019,Inner,-1,764,764,769,5,770,54.75,0.2191780821917808,1,0.0273972602739726,0.869608493696085,0.2237442922374429,0.2009132420091324,0.0228310502283105
2019-07-26,2019,Inner,1,804,804,809,5,810,39.5,0.05063291139240506,1,0.06962025316455696,0.27628865979381445,0.14556962025316456,0.0759493670886076,0.06962025316455696
2019-07-31,2019,Inner,-1,834,839,839,0,840,25.25,0.18811881188118812,1,0.22772277227722773,0.42035648036131945,0.297029702970297,7.574257425742574,-7.277227722772277
2019-08-01,2019,Inner,1,644,694,809,115,810,101.25,0.45185185185185184,33,0.3530864197530864,0.719830021565616,1.3555555555555556,0.2222222222222222,1.1333333333333333
2019-08-02,2019,Inner,-1,634,654,679,25,680,77.0,0.4642857142857143,9,0.07467532467532467,1.1110944505255582,0.12987012987012986,0.4837662337662338,-0.35389610389610393
2019-08-05,2019,Inner,-1,639,644,659,15,660,59.25,0.3206751054852321,4,0.02531645569620253,0.7931002947569838,0.4978902953586498,0.29535864978902954,0.20253164556962028
2019-08-06,2019,Inner,-1,674,679,684,5,685,71.5,0.19230769230769232,2,0.07342657342657342,0.5893830210239169,0.33916083916083917,0.43356643356643354,-0.09440559440559437
2019-08-07,2019,Inner,1,639,639,644,5,645,109.75,0.1845102505694761,1,0.004555808656036446,1.0723313941369312,0.23006833712984054,0.3325740318906606,-0.10250569476082005
2019-08-09,2019,Inner,-1,634,634,649,15,650,78.0,0.22756410256410256,3,0.019230769230769232,1.3175062072718615,0.26282051282051283,0.5224358974358975,-0.25961538461538464
2019-08-14,2019,Inner,-1,639,644,644,0,645,55.0,0.15454545454545454,1,0.14545454545454545,0.7595478407988256,0.013636363636363636,1.0136363636363637,-1.0
2019-08-15,2019,Inner,-1,834,834,854,20,855,74.25,0.3434343434343434,4,0.08080808080808081,0.7945198176826506,0.6094276094276094,0.13131313131313133,0.4781144781144781
2019-08-16,2019,Inner,1,649,664,694,30,695,50.75,0.5221674876847291,9,0.04433497536945813,0.9158247696765162,0.2019704433497537,0.21182266009852216,-0.009852216748768461
2019-08-19,2019,Inner,1,799,804,814,10,815,49.5,0.10606060606060606,3,0.06060606060606061,0.31476613488034805,0.29292929292929293,0.050505050505050504,0.24242424242424243
2019-08-20,2019,Inner,1,659,674,704,30,705,41.0,0.5,9,0.08536585365853659,0.9702187554982112,0.11585365853658537,0.35365853658536583,-0.23780487804878048
2019-08-22,2019,Inner,-1,634,659,764,105,765,70.0,0.7071428571428572,26,0.039285714285714285,2.2259451902228644,0.3464285714285714,0.07142857142857142,0.275
2019-08-23,2019,Inner,1,639,644,664,20,665,69.5,0.49280575539568344,5,0.920863309352518,1.5501364811366798,1.7374100719424461,0.1223021582733813,1.615107913669065
2019-08-26,2019,Inner,1,744,749,794,45,795,54.75,0.3105022831050228,10,0.0684931506849315,0.6516554832432234,0.3835616438356164,0.0639269406392694,0.319634703196347
2019-08-27,2019,Inner,-1,659,664,664,0,665,37.25,0.24161073825503357,1,0.0,0.7558159222511937,0.006711409395973154,1.3221476510067114,-1.3154362416107381
2019-08-28,2019,Inner,1,644,644,649,5,650,67.5,0.15925925925925927,1,0.007407407407407408,0.9975627727710706,0.2037037037037037,0.3888888888888889,-0.1851851851851852
2019-08-29,2019,Inner,-1,639,639,654,15,655,42.5,0.6647058823529411,3,0.047058823529411764,2.393524688749472,0.8352941176470589,0.052941176470588235,0.7823529411764706
2019-09-03,2019,Inner,-1,829,834,844,10,845,80.25,0.11214953271028037,3,0.037383177570093455,0.34721527070640823,0.04672897196261682,0.1308411214953271,-0.08411214953271026
2019-09-04,2019,Inner,1,769,814,854,40,855,40.0,0.35,17,0.05,0.8397826696936459,0.04375,0.39375,-0.35
2019-09-10,2019,Inner,1,744,744,749,5,750,55.75,0.13004484304932734,1,0.017937219730941704,0.793148830563285,0.37668161434977576,0.24663677130044842,0.13004484304932734
2019-09-11,2019,Inner,1,694,779,864,85,865,56.5,0.43805309734513276,34,0.01327433628318584,0.7173334113722162,0.1592920353982301,0.1415929203539823,0.017699115044247787
2019-09-13,2019,Inner,1,669,669,684,15,685,34.5,0.2318840579710145,3,0.021739130434782608,0.8519222423417088,0.6884057971014492,0.050724637681159424,0.6376811594202898
2019-09-23,2019,Inner,1,704,704,714,10,715,40.25,0.13664596273291926,2,0.09937888198757763,0.41979687248105757,0.062111801242236024,0.37267080745341613,-0.3105590062111801
2019-09-26,2019,Inner,-1,664,689,699,10,700,55.75,0.42152466367713004,7,0.04484304932735426,1.3944854182780821,0.39461883408071746,0.3452914798206278,0.04932735426008966
2019-09-27,2019,Inner,-1,699,699,719,20,720,67.75,0.5166051660516605,4,0.2177121771217712,2.872265685715766,0.1070110701107011,0.988929889298893,-0.8819188191881919
2019-09-30,2019,Inner,1,689,694,699,5,700,41.5,0.10240963855421686,2,0.07228915662650602,0.9977150691191592,0.05421686746987952,0.6506024096385542,-0.5963855421686747
2019-10-01,2019,Inner,-1,659,669,689,20,690,84.5,0.26331360946745563,6,0.011834319526627219,0.6930813776287718,0.03550295857988166,0.5739644970414202,-0.5384615384615385
2019-10-07,2019,Inner,1,659,719,789,70,790,40.0,0.5875,26,0.16875,0.927800079154181,0.1625,1.05625,-0.8937499999999999
2019-10-08,2019,Inner,1,829,834,834,0,835,68.25,0.040293040293040296,1,0.0989010989010989,0.22006983779319755,0.27472527472527475,0.5018315018315018,-0.22710622710622708
2019-10-09,2019,Inner,1,709,714,719,5,720,35.75,0.2517482517482518,2,0.027972027972027972,0.9766953600671845,0.07692307692307693,0.34965034965034963,-0.2727272727272727
2019-10-10,2019,Inner,1,654,679,739,60,740,72.5,0.3137931034482759,17,0.05517241379310345,0.5540449589446763,0.3758620689655172,0.02413793103448276,0.35172413793103446
2019-10-11,2019,Inner,1,679,694,709,15,710,51.0,0.35294117647058826,6,0.03431372549019608,0.6452932251467774,1.0294117647058822,0.004901960784313725,1.0245098039215685
2019-10-16,2019,Inner,1,639,639,644,5,645,30.25,0.10743801652892562,1,0.14049586776859505,0.5464658169177289,0.39669421487603307,0.6363636363636364,-0.23966942148760328
2019-10-17,2019,Inner,-1,639,724,894,170,895,33.75,1.0814814814814815,51,0.014814814814814815,1.1677394295860615,0.1259259259259259,0.31851851851851853,-0.19259259259259262
2019-10-21,2019,Inner,1,744,774,779,5,780,42.75,0.15789473684210525,7,0.017543859649122806,0.28415702446776375,0.07017543859649122,0.1286549707602339,-0.05847953216374269
2019-10-23,2019,Inner,1,654,659,659,0,660,34.5,0.14492753623188406,1,0.06521739130434782,0.9789856047356383,0.18115942028985507,0.4057971014492754,-0.22463768115942032
2019-10-24,2019,Inner,1,689,724,729,5,730,44.5,0.37640449438202245,8,0.016853932584269662,0.7216216216216216,0.4606741573033708,0.20224719101123595,0.25842696629213485
2019-10-28,2019,Inner,1,704,709,729,20,730,34.0,0.25,5,0.007352941176470588,0.7226081111360071,0.04411764705882353,0.40441176470588236,-0.3602941176470588
2019-10-29,2019,Inner,-1,679,699,714,15,715,39.75,0.29559748427672955,7,0.050314465408805034,0.7408827641302177,0.27672955974842767,0.6163522012578616,-0.33962264150943394
2019-10-31,2019,Inner,-1,634,639,644,5,645,60.75,0.17695473251028807,2,0.12345679012345678,1.1061095736651636,0.5267489711934157,0.053497942386831275,0.47325102880658443
2019-11-06,2019,Inner,-1,634,639,639,0,640,25.25,0.2079207920792079,1,0.04950495049504951,0.8282095055015996,0.45544554455445546,0.33663366336633666,0.1188118811881188
2019-11-07,2019,Inner,1,639,654,689,35,690,31.5,0.24603174603174602,10,0.03968253968253968,0.7708453465574905,0.2857142857142857,0.5634920634920635,-0.2777777777777778
2019-11-08,2019,Inner,1,644,649,649,0,650,43.75,0.10857142857142857,1,0.005714285714285714,0.6714321572393622,0.22285714285714286,0.2571428571428571,-0.03428571428571425
2019-11-11,2019,Inner,1,644,649,659,10,660,31.5,0.15079365079365079,3,0.15873015873015872,0.46842105263157896,0.0873015873015873,0.1984126984126984,-0.1111111111111111
2019-11-12,2019,Inner,1,639,649,664,15,665,35.25,0.23404255319148937,5,0.07092198581560284,0.6194482246690585,0.15602836879432624,0.4397163120567376,-0.28368794326241137
2019-11-13,2019,Inner,1,639,644,664,20,665,31.5,0.1984126984126984,5,0.0,1.5971338250790306,0.29365079365079366,0.38095238095238093,-0.08730158730158727
2019-11-14,2019,Inner,-1,659,664,664,0,665,26.5,0.3113207547169811,1,0.14150943396226415,1.0271136196906863,0.3867924528301887,0.9622641509433962,-0.5754716981132075
2019-11-15,2019,Inner,1,664,669,674,5,675,28.25,0.18584070796460178,2,0.0,0.8382599441266462,0.415929203539823,0.07079646017699115,0.34513274336283184
2019-11-18,2019,Inner,1,694,709,749,40,750,35.25,0.28368794326241137,11,0.05673758865248227,0.6999717463334447,0.06382978723404255,0.41134751773049644,-0.3475177304964539
2019-11-19,2019,Inner,-1,649,659,679,20,680,34.0,0.5294117647058824,6,0.007352941176470588,1.117985167578933,0.7941176470588235,0.0661764705882353,0.7279411764705882
2019-11-20,2019,Inner,1,634,639,644,5,645,22.0,0.375,2,0.03409090909090909,0.8135565866451483,0.7045454545454546,0.45454545454545453,0.25000000000000006
2019-11-21,2019,Inner,-1,634,634,639,5,640,33.5,0.1791044776119403,1,0.291044776119403,1.0425616249049245,0.44776119402985076,0.373134328358209,0.07462686567164178
2019-11-22,2019,Inner,-1,634,669,709,40,710,37.75,0.7350993377483444,15,0.06622516556291391,1.7113238787704268,0.24503311258278146,0.1456953642384106,0.09933774834437087
2019-11-25,2019,Inner,1,634,644,739,95,740,49.0,0.22448979591836735,21,0.01020408163265306,0.9988959265500611,0.00510204081632653,0.15306122448979592,-0.14795918367346939
2019-11-26,2019,Inner,1,674,684,689,5,690,22.5,0.26666666666666666,3,0.0,0.5735073828375776,0.4444444444444444,0.37777777777777777,0.06666666666666665
2019-11-27,2019,Inner,1,634,634,644,10,645,21.0,0.19047619047619047,2,0.05952380952380952,0.8754218744205022,0.09523809523809523,0.5714285714285714,-0.47619047619047616
2019-11-28,2019,Inner,-1,659,659,669,10,670,5.0,0.35,2,0.15,1.5664254703328508,1.6,0.3,1.3
2019-12-02,2019,Inner,-1,639,639,644,5,645,114.25,0.19912472647702406,1,0.07658643326039387,1.397070582957892,0.006564551422319475,0.2735229759299781,-0.2669584245076586
2019-12-03,2019,Inner,1,809,824,859,35,860,55.75,0.27802690582959644,10,0.1031390134529148,0.2417519318285941,0.06726457399103139,0.3452914798206278,-0.27802690582959644
2019-12-06,2019,Inner,1,689,699,714,15,715,24.5,0.16326530612244897,5,0.05102040816326531,0.4195871855514943,0.08163265306122448,0.4489795918367347,-0.3673469387755102
2019-12-09,2019,Inner,-1,769,774,779,5,780,39.25,0.07006369426751592,2,0.07643312101910828,0.4860189984089226,0.09554140127388536,0.11464968152866242,-0.019108280254777066
2019-12-11,2019,Inner,1,859,864,869,5,870,32.5,0.18461538461538463,2,0.015384615384615385,0.773279276933663,0.13076923076923078,0.4846153846153846,-0.3538461538461538
2019-12-16,2019,Inner,1,724,729,729,0,730,42.5,0.03529411764705882,1,0.07058823529411765,0.37429684824966164,0.03529411764705882,0.14705882352941177,-0.11176470588235295
2019-12-18,2019,Inner,1,679,704,809,105,810,21.5,0.5697674418604651,26,0.03488372093023256,1.5398152507427312,0.09302325581395349,0.27906976744186046,-0.18604651162790697
2019-12-19,2019,Inner,1,669,674,674,0,675,20.75,0.2289156626506024,1,0.0,0.7541682527598021,0.024096385542168676,0.8554216867469879,-0.8313253012048193
2019-12-20,2019,Inner,1,789,804,824,20,825,26.5,0.16981132075471697,7,0.0,0.3471238095238095,0.22641509433962265,0.05660377358490566,0.169811320754717
2019-12-23,2019,Inner,1,704,704,709,5,710,14.75,0.05084745762711865,1,0.0,0.2820032310177706,0.5254237288135594,0.1016949152542373,0.42372881355932207
2020-01-03,2020,Inner,1,724,774,799,25,800,70.25,0.298932384341637,15,0.014234875444839857,0.6219714954546582,0.35231316725978645,0.1494661921708185,0.20284697508896796
2020-01-06,2020,Inner,1,644,694,724,30,725,89.5,0.2011173184357542,16,0.027932960893854747,0.901228529504848,0.0446927374301676,0.10893854748603352,-0.06424581005586591
2020-01-07,2020,Inner,1,664,689,694,5,695,43.5,0.22988505747126436,6,0.09195402298850575,0.6544909783877861,0.22413793103448276,0.10344827586206896,0.1206896551724138
2020-01-09,2020,Inner,-1,744,764,829,65,830,30.0,1.325,17,0.025,0.8920978583711114,0.4166666666666667,0.19166666666666668,0.225
2020-01-10,2020,Inner,-1,729,734,749,15,750,37.25,0.4161073825503356,4,0.053691275167785234,0.9617992461607152,0.348993288590604,0.1610738255033557,0.18791946308724833
2020-01-14,2020,Inner,1,759,764,769,5,770,51.0,0.06372549019607843,2,0.0196078431372549,0.3091589564208752,0.6323529411764706,0.19117647058823528,0.4411764705882353
2020-01-16,2020,Inner,-1,674,679,689,10,690,31.5,0.36507936507936506,3,0.023809523809523808,0.9583241631820092,0.30952380952380953,0.21428571428571427,0.09523809523809526
2020-01-17,2020,Inner,-1,674,679,694,15,695,40.0,0.25,4,0.05,1.00459424020203,0.4,0.0875,0.3125
2020-01-21,2020,Inner,1,674,704,799,95,800,31.0,0.5483870967741935,25,0.07258064516129033,0.5315318959589013,0.9112903225806451,0.024193548387096774,0.8870967741935484
2020-01-22,2020,Inner,1,639,644,649,5,650,33.75,0.2518518518518518,2,0.037037037037037035,0.5051167453322752,0.762962962962963,0.1037037037037037,0.6592592592592592
2020-01-23,2020,Inner,1,634,634,639,5,640,56.5,0.11946902654867257,1,0.07964601769911504,0.8016931688434654,0.49557522123893805,0.12831858407079647,0.3672566371681416
2020-01-27,2020,Inner,1,739,769,789,20,790,68.75,0.24727272727272728,10,0.07636363636363637,0.478660213397866,0.10909090909090909,0.28,-0.17090909090909095
2020-01-30,2020,Inner,-1,654,664,674,10,675,70.25,0.2846975088967972,4,0.17793594306049823,1.1708633484950706,0.5088967971530249,0.11387900355871886,0.3950177935943061
2020-01-31,2020,Inner,-1,644,654,664,10,665,115.0,0.14347826086956522,4,0.03260869565217391,0.7549825013814699,0.0,0.5260869565217391,-0.5260869565217391
2020-02-05,2020,Inner,-1,639,644,659,15,660,114.75,0.22004357298474944,4,0.05010893246187364,1.1599476539570812,0.1503267973856209,0.1830065359477124,-0.0326797385620915
2020-02-07,2020,Inner,1,639,694,839,145,840,39.0,1.0128205128205128,40,0.24358974358974358,0.646449465943857,0.7307692307692307,0.09615384615384616,0.6346153846153846
2020-02-10,2020,Inner,1,634,639,659,20,660,84.0,0.19345238095238096,5,0.047619047619047616,0.7423675636539158,0.05357142857142857,0.31547619047619047,-0.2619047619047619
2020-02-11,2020,Inner,1,639,644,684,40,685,58.75,0.20425531914893616,9,0.01276595744680851,0.5552060835502706,0.7531914893617021,0.029787234042553193,0.7234042553191489
2020-02-12,2020,Inner,1,689,699,704,5,705,44.75,0.16201117318435754,3,0.10614525139664804,0.6060813453265546,0.10614525139664804,0.46368715083798884,-0.3575418994413408
2020-02-17,2020,Inner,1,664,664,674,10,675,8.75,0.22857142857142856,2,0.14285714285714285,0.7831158011663427,0.11428571428571428,0.5714285714285714,-0.45714285714285713
2020-02-21,2020,Inner,-1,774,779,779,0,780,123.0,0.036585365853658534,1,0.034552845528455285,0.22477111866217558,0.1016260162601626,0.6036585365853658,-0.5020325203252032
2020-02-25,2020,Inner,-1,654,679,714,35,715,152.25,0.6371100164203612,12,0.011494252873563218,1.1519937584083941,0.052545155993431854,0.5057471264367817,-0.4532019704433498
2020-02-26,2020,Inner,1,644,654,659,5,660,135.5,0.16236162361623616,3,0.055350553505535055,0.8010398449685684,0.4280442804428044,0.13468634686346864,0.29335793357933576
2020-02-27,2020,Inner,-1,634,639,639,0,640,152.25,0.33004926108374383,1,0.08045977011494253,1.0891436015908529,1.0098522167487685,0.12479474548440066,0.8850574712643678
2020-02-28,2020,Inner,1,689,704,724,20,725,195.75,0.896551724137931,7,0.007662835249042145,0.7500832171509343,0.1277139208173691,0.6028097062579821,-0.47509578544061304
2020-03-02,2020,Inner,1,674,779,884,105,885,153.0,0.9166666666666666,42,0.00980392156862745,1.0591113765851865,0.09313725490196079,1.0277777777777777,-0.9346405228758169
2020-03-03,2020,Inner,-1,684,689,694,5,695,257.75,0.1542192046556741,2,0.08438409311348205,0.8424570077970062,0.37536372453928224,0.09408341416100872,0.2812803103782735
2020-03-05,2020,Inner,1,654,654,659,5,660,116.5,0.0815450643776824,1,0.19742489270386265,0.6817404073712297,0.17381974248927037,0.6223175965665236,-0.4484978540772533
2020-03-06,2020,Inner,1,644,654,659,5,660,152.25,0.19047619047619047,3,0.042692939244663386,0.8461315818768785,0.5878489326765188,0.05747126436781609,0.5303776683087027
2020-03-09,2020,Inner,1,699,714,724,10,725,357.25,0.1224632610216935,5,0.015395381385584325,1.0603730111778809,0.20433869839048285,0.19384184744576627,0.010496850944716585
2020-03-10,2020,Inner,-1,649,699,804,105,805,119.0,1.7121848739495797,31,0.05672268907563025,0.9805738727499554,0.05042016806722689,1.1029411764705883,-1.0525210084033614
2020-03-11,2020,Inner,-1,639,684,729,45,730,94.0,0.6888297872340425,18,0.034574468085106384,0.6743679434354499,0.47074468085106386,1.2898936170212767,-0.8191489361702129
2020-03-12,2020,Inner,1,654,654,659,5,660,266.75,0.07966260543580131,1,0.044048734770384255,1.0317299163202274,0.8163074039362699,0.005623242736644799,0.810684161199625
2020-03-13,2020,Inner,-1,659,659,664,5,665,270.0,0.0824074074074074,1,0.09814814814814815,0.8858169322086847,0.12129629629629629,0.7407407407407407,-0.6194444444444445
2020-03-16,2020,Inner,1,639,639,644,5,645,336.5,0.11961367013372957,1,0.011144130757800892,1.564161259199001,0.13967310549777118,0.48959881129271915,-0.34992570579494797
2020-03-18,2020,Inner,-1,809,869,894,25,895,363.0,0.41735537190082644,17,0.045454545454545456,0.5536824635391209,0.35881542699724517,0.2679063360881543,0.09090909090909088
2020-03-19,2020,Inner,1,689,699,699,0,700,380.5,0.15637319316688567,2,0.025624178712220762,0.8035155668106658,0.38699080157687255,0.10512483574244415,0.2818659658344284
2020-03-20,2020,Inner,-1,724,749,789,40,790,181.5,0.8608815426997245,13,0.05096418732782369,0.6472192074542711,0.13085399449035812,0.45179063360881544,-0.3209366391184573
2020-03-23,2020,Inner,-1,689,689,694,5,695,245.5,0.06924643584521385,1,0.0,0.6724681912853401,0.5122199592668024,0.3024439918533605,0.2097759674134419
2020-03-24,2020,Inner,1,744,759,779,20,780,146.0,0.4743150684931507,7,0.17636986301369864,0.47615902786950204,0.636986301369863,0.1660958904109589,0.4708904109589041
2020-03-25,2020,Inner,1,789,789,794,5,795,292.75,0.02049530315969257,1,0.05209222886421862,0.6589903532313048,0.14005123825789922,0.3825789923142613,-0.24252775405636207
2020-03-26,2020,Inner,1,634,634,639,5,640,190.5,0.06167979002624672,1,0.2204724409448819,0.9282095987559786,0.2152230971128609,0.4448818897637795,-0.22965879265091863
2020-03-27,2020,Inner,1,819,824,839,15,840,114.5,0.2292576419213974,4,0.10262008733624454,0.9721426525350901,0.19213973799126638,0.4781659388646288,-0.28602620087336245
2020-03-30,2020,Inner,1,639,644,659,15,660,135.0,0.23333333333333334,4,0.009259259259259259,0.95549123477691,0.05555555555555555,0.48333333333333334,-0.4277777777777778
2020-04-01,2020,Inner,1,649,674,689,15,690,76.0,0.6052631578947368,8,0.1513157894736842,0.75174633611834,0.9835526315789473,0.13157894736842105,0.8519736842105263
2020-04-02,2020,Inner,1,634,729,809,80,810,119.75,0.7578288100208769,35,0.19206680584551147,1.3559035863996274,0.49478079331941544,0.2881002087682672,0.20668058455114824
2020-04-06,2020,Inner,1,639,644,644,0,645,119.5,0.09832635983263599,1,0.12343096234309624,0.7065160894013136,0.13598326359832635,0.27405857740585776,-0.1380753138075314
2020-04-07,2020,Inner,-1,644,654,679,25,680,177.25,0.2820874471086037,7,0.09873060648801128,0.854677047421174,0.6445698166431594,0.0846262341325811,0.5599435825105783
2020-04-08,2020,Inner,1,689,704,734,30,735,109.75,0.3143507972665148,9,0.022779043280182234,0.6802598731645294,0.03189066059225513,0.38724373576309795,-0.3553530751708428
2020-04-14,2020,Inner,1,724,729,734,5,735,152.75,0.05564648117839607,2,0.05237315875613748,0.665921484943942,0.0,0.3960720130932897,-0.3960720130932897
2020-04-15,2020,Inner,1,654,659,664,5,665,80.5,0.1956521739130435,2,0.09627329192546584,0.7583636653663771,0.5124223602484472,0.18012422360248448,0.33229813664596275
2020-04-16,2020,Inner,1,649,649,654,5,655,106.25,0.06588235294117648,1,0.10352941176470588,0.8575161446862518,0.047058823529411764,0.851764705882353,-0.8047058823529412
2020-04-17,2020,Inner,-1,649,649,654,5,655,107.5,0.22093023255813954,1,0.013953488372093023,0.6604589086802526,0.18604651162790697,0.4744186046511628,-0.28837209302325584
2020-04-20,2020,Inner,1,644,699,784,85,785,70.0,0.6607142857142857,28,0.03214285714285714,0.6929112735564348,0.24642857142857144,0.4392857142857143,-0.19285714285714284
2020-04-22,2020,Inner,1,704,704,709,5,710,64.25,0.1556420233463035,1,0.007782101167315175,0.535108326807622,0.14007782101167315,0.4085603112840467,-0.26848249027237353
2020-04-23,2020,Inner,1,634,644,669,25,670,95.5,0.3036649214659686,7,0.031413612565445025,0.9354706870714318,0.387434554973822,0.14921465968586387,0.23821989528795814
2020-04-27,2020,Inner,-1,659,664,664,0,665,57.75,0.21212121212121213,1,0.21645021645021645,0.7324401136825011,0.5497835497835498,0.19913419913419914,0.35064935064935066
2020-04-28,2020,Inner,-1,644,739,844,105,845,154.75,0.4878836833602585,40,0.009693053311793215,1.0384485590227002,0.0791599353796446,0.24394184168012925,-0.16478190630048467
2020-04-29,2020,Inner,1,729,844,854,10,855,116.25,0.3763440860215054,25,0.008602150537634409,0.5594506129259996,0.043010752688172046,0.4967741935483871,-0.45376344086021503
2020-04-30,2020,Inner,-1,724,724,734,10,735,79.75,0.329153605015674,2,0.025078369905956112,1.016181385395879,0.219435736677116,0.4106583072100313,-0.19122257053291533
2020-05-01,2020,Inner,-1,694,694,699,5,700,99.0,0.1590909090909091,1,0.017676767676767676,0.7248777370917402,0.0,0.9040404040404041,-0.9040404040404041
2020-05-04,2020,Inner,1,684,684,689,5,690,118.5,0.04008438818565401,1,0.1962025316455696,0.5400850346650323,0.04852320675105485,0.310126582278481,-0.26160337552742613
2020-05-05,2020,Inner,1,684,689,689,0,690,77.25,0.08737864077669903,1,0.009708737864077669,0.9260700389105059,0.07119741100323625,0.35275080906148865,-0.2815533980582524
2020-05-06,2020,Inner,1,649,654,659,5,660,93.5,0.18449197860962566,2,0.013368983957219251,1.1860859311666299,0.3983957219251337,0.15775401069518716,0.24064171122994651
2020-05-08,2020,Inner,1,639,644,644,0,645,71.0,0.10915492957746478,1,0.13028169014084506,0.5285313653136532,0.2887323943661972,0.38028169014084506,-0.09154929577464788
2020-05-11,2020,Inner,1,649,649,654,5,655,98.5,0.08375634517766498,1,0.07360406091370558,0.7629577241170273,0.15228426395939088,0.26903553299492383,-0.11675126903553296
2020-05-13,2020,Inner,1,634,639,644,5,645,140.75,0.13676731793960922,2,0.03197158081705151,0.9443742098609355,1.0905861456483126,0.003552397868561279,1.0870337477797514
2020-05-14,2020,Inner,1,779,784,784,0,785,125.0,0.09,1,0.1,0.5417201095434534,0.11,0.368,-0.258
2020-05-15,2020,Inner,1,774,794,829,35,830,113.75,0.4175824175824176,11,0.01098901098901099,0.5462525546956143,0.04835164835164835,0.5142857142857142,-0.4659340659340659
2020-05-19,2020,Inner,1,679,679,684,5,685,84.5,0.05917159763313609,1,0.047337278106508875,0.6045059047397702,0.3343195266272189,0.1301775147928994,0.20414201183431951
2020-05-20,2020,Inner,1,684,724,739,15,740,72.25,0.314878892733564,11,0.1245674740484429,0.43581876560827687,0.48788927335640137,0.08650519031141868,0.4013840830449827
2020-05-21,2020,Inner,-1,634,689,734,45,735,80.25,0.940809968847352,20,0.021806853582554516,1.2840124027634228,0.0529595015576324,0.5046728971962616,-0.4517133956386292
2020-05-22,2020,Inner,1,804,809,819,10,820,79.0,0.10126582278481013,3,0.04746835443037975,0.4512134786387645,0.15822784810126583,0.2879746835443038,-0.12974683544303794
2020-05-25,2020,Inner,1,674,684,689,5,690,14.0,0.625,3,0.03571428571428571,0.634862385321101,0.25,0.39285714285714285,-0.14285714285714285
2020-05-26,2020,Inner,-1,684,709,809,100,810,87.0,0.8074712643678161,25,0.020114942528735632,0.6273525721455459,0.008620689655172414,0.35919540229885055,-0.3505747126436781
2020-05-27,2020,Inner,-1,639,649,709,60,710,122.75,0.7331975560081466,14,0.09775967413441955,0.9136407198381429,0.43584521384928715,0.09368635437881874,0.3421588594704684
2020-05-28,2020,Inner,1,639,669,669,0,670,94.5,0.30952380952380953,6,0.023809523809523808,0.5289502164502164,0.1455026455026455,0.5476190476190477,-0.4021164021164022
2020-06-01,2020,Inner,1,769,774,779,5,780,79.25,0.10725552050473186,2,0.04416403785488959,0.4229490450784814,0.0,0.305993690851735,-0.305993690851735
2020-06-02,2020,Inner,-1,649,674,744,70,745,53.25,1.0046948356807512,19,0.004694835680751174,1.2058180435402606,0.7089201877934272,0.028169014084507043,0.6807511737089202
2020-06-04,2020,Inner,-1,674,679,699,20,700,72.75,0.44673539518900346,5,0.037800687285223365,1.5966425740265797,0.08934707903780069,0.5429553264604811,-0.45360824742268036
2020-06-09,2020,Inner,1,634,634,639,5,640,62.25,0.060240963855421686,1,0.012048192771084338,0.5979658240232998,0.004016064257028112,0.9678714859437751,-0.963855421686747
2020-06-11,2020,Inner,1,634,639,644,5,645,95.25,0.10236220472440945,2,0.2335958005249344,0.9267498241847726,0.8976377952755905,0.07611548556430446,0.821522309711286
2020-06-15,2020,Inner,1,684,684,689,5,690,152.25,0.021346469622331693,1,0.1116584564860427,0.5187132571504062,0.1592775041050903,0.38587848932676516,-0.22660098522167485
2020-06-16,2020,Inner,-1,644,649,649,0,650,61.25,0.4897959183673469,1,0.04897959183673469,1.1200444737847886,0.12244897959183673,2.5714285714285716,-2.4489795918367347
2020-06-18,2020,Inner,1,659,664,664,0,665,50.25,0.11940298507462686,1,0.08955223880597014,0.8107611862850757,0.7213930348258707,0.4129353233830846,0.3084577114427861
2020-06-19,2020,Inner,-1,679,684,684,0,685,34.0,0.5955882352941176,1,0.022058823529411766,0.5884101040118871,0.0661764705882353,4.117647058823529,-4.0514705882352935
2020-06-23,2020,Inner,1,639,644,644,0,645,58.25,0.2446351931330472,1,0.03862660944206009,0.5643374792585554,0.3218884120171674,0.703862660944206,-0.38197424892703863
2020-06-24,2020,Inner,-1,639,644,644,0,645,150.25,0.07487520798668885,1,0.10149750415973377,1.0980780880004406,0.04658901830282862,0.9983361064891847,-0.9517470881863561
2020-06-25,2020,Inner,1,739,744,759,15,760,131.75,0.18026565464895636,4,0.0056925996204933585,0.4118269332487041,0.17267552182163187,0.13282732447817835,0.03984819734345352
2020-06-26,2020,Inner,-1,634,654,664,10,665,186.75,0.23828647925033467,6,0.11512717536813923,1.3933357785740486,0.3373493975903614,0.04685408299866131,0.2904953145917001
2020-06-29,2020,Inner,1,639,654,669,15,670,127.0,0.265748031496063,6,0.11023622047244094,1.0094393689107644,0.09448818897637795,0.6220472440944882,-0.5275590551181102
2020-07-01,2020,Inner,1,634,644,649,5,650,82.5,0.19696969696969696,3,0.08484848484848485,0.6998169887961433,0.08484848484848485,0.45151515151515154,-0.3666666666666667
2020-07-02,2020,Inner,-1,664,679,679,0,680,60.75,0.41975308641975306,3,0.02880658436213992,1.1234486246741626,0.43621399176954734,0.5596707818930041,-0.12345679012345678
2020-07-03,2020,Inner,-1,634,639,689,50,690,22.0,1.2272727272727273,11,0.07954545454545454,3.272250546249089,0.6590909090909091,0.2727272727272727,0.38636363636363635
2020-07-06,2020,Inner,1,634,704,849,145,850,72.75,0.9862542955326461,43,0.013745704467353952,0.8776981934632215,0.3230240549828179,0.2611683848797251,0.061855670103092786
2020-07-07,2020,Inner,1,654,659,659,0,660,111.75,0.017897091722595078,1,0.058165548098434,0.6352199213289556,0.12304250559284116,0.28859060402684567,-0.1655480984340045
2020-07-08,2020,Inner,-1,679,684,704,20,705,74.0,0.7297297297297297,5,0.14864864864864866,1.412814033001338,0.4797297297297297,0.14527027027027026,0.33445945945945943
2020-07-09,2020,Inner,-1,644,679,769,90,770,69.0,1.7246376811594204,25,0.06884057971014493,1.37845220030349,0.5289855072463768,0.14130434782608695,0.3876811594202899
2020-07-10,2020,Inner,1,789,804,814,10,815,124.0,0.1774193548387097,5,0.0020161290322580645,0.2798083963876007,0.014112903225806451,0.22379032258064516,-0.20967741935483872
2020-07-13,2020,Inner,1,644,694,769,75,770,71.75,0.7979094076655052,25,0.07317073170731707,0.8906932899134459,0.5853658536585366,0.2682926829268293,0.31707317073170727
2020-07-15,2020,Inner,-1,664,724,844,120,845,89.25,1.411764705882353,36,0.24929971988795518,1.0034297328195791,0.13725490196078433,0.5434173669467787,-0.40616246498599434
2020-07-16,2020,Inner,-1,664,669,689,20,690,94.5,0.3148148148148148,5,0.06349206349206349,1.011798181146491,0.5026455026455027,0.10846560846560846,0.3941798941798942
2020-07-21,2020,Inner,-1,644,644,654,10,655,119.75,0.18162839248434237,2,0.19624217118997914,0.783716540837337,0.07724425887265135,0.5908141962421712,-0.51356993736952
2020-07-22,2020,Inner,-1,649,679,694,15,695,77.75,0.77491961414791,9,0.00964630225080386,1.0982008577953546,0.5080385852090032,0.10610932475884244,0.4019292604501608
2020-07-24,2020,Inner,1,654,689,734,45,735,161.0,0.42857142857142855,16,0.10093167701863354,0.5074847454764267,0.37732919254658387,0.17701863354037267,0.2003105590062112
2020-07-27,2020,Inner,1,864,879,894,15,895,122.0,0.1598360655737705,6,0.05122950819672131,0.6343381920651976,0.0860655737704918,0.4077868852459016,-0.32172131147540983
2020-07-29,2020,Inner,1,639,649,649,0,650,61.0,0.21721311475409835,2,0.00819672131147541,0.7724577137682217,0.21311475409836064,0.19672131147540983,0.01639344262295081
2020-07-31,2020,Inner,-1,759,759,764,5,765,187.25,0.0774365821094793,1,0.06809078771695594,0.6789144050104384,0.21895861148197596,0.19759679572763686,0.021361815754339097
2020-08-04,2020,Inner,-1,874,879,889,10,890,75.75,0.24092409240924093,3,0.11221122112211221,0.9612458061657277,0.45874587458745875,0.0924092409240924,0.36633663366336633
2020-08-06,2020,Inner,1,734,734,739,5,740,74.0,0.07094594594594594,1,0.0,0.6887283461508584,0.04054054054054054,0.36824324324324326,-0.32770270270270274
2020-08-07,2020,Inner,1,654,659,664,5,665,45.75,0.3442622950819672,2,0.1092896174863388,1.1302697144665033,1.819672131147541,0.14754098360655737,1.6721311475409837
2020-08-10,2020,Inner,-1,639,664,764,100,765,102.5,1.1317073170731706,25,0.18536585365853658,0.7336097926555083,0.3853658536585366,0.012195121951219513,0.37317073170731707
2020-08-11,2020,Inner,1,669,689,704,15,705,100.5,0.3034825870646766,7,0.004975124378109453,0.41655824955647547,0.2885572139303483,0.41044776119402987,-0.12189054726368159
2020-08-13,2020,Inner,1,634,669,694,25,695,65.0,0.4653846153846154,12,0.06923076923076923,0.7305161305115447,0.13846153846153847,0.48846153846153845,-0.35
2020-08-17,2020,Inner,1,784,799,804,5,805,55.25,0.14027149321266968,4,0.004524886877828055,0.4081094779523568,0.11764705882352941,0.26244343891402716,-0.14479638009049775
2020-08-18,2020,Inner,1,819,824,834,10,835,104.75,0.050119331742243436,3,0.002386634844868735,0.2153482880755608,0.15990453460620524,0.15990453460620524,0.0
2020-08-19,2020,Inner,1,694,724,754,30,755,82.5,0.2787878787878788,12,0.0,0.5502954560891122,0.08484848484848485,0.1787878787878788,-0.09393939393939395
2020-08-20,2020,Inner,1,654,659,669,10,670,114.75,0.15468409586056645,3,0.09586056644880174,0.6827932246006713,0.0457516339869281,0.47276688453159044,-0.42701525054466233
2020-08-21,2020,Inner,1,634,659,664,5,665,72.75,0.40893470790378006,6,0.054982817869415807,0.8417552295144585,0.5189003436426117,0.21649484536082475,0.302405498281787
2020-08-24,2020,Inner,-1,649,659,669,10,670,131.25,0.48,4,0.03238095238095238,1.0314254107428198,0.31238095238095237,0.30095238095238097,0.011428571428571399
2020-08-25,2020,Inner,1,664,684,704,20,705,70.5,0.6560283687943262,8,0.04964539007092199,0.8441690065961088,0.24468085106382978,0.4148936170212766,-0.1702127659574468
2020-08-27,2020,Inner,1,664,669,679,10,680,112.5,0.14,3,0.18888888888888888,0.478062935789517,0.29555555555555557,0.45555555555555555,-0.15999999999999998
2020-08-28,2020,Inner,-1,794,794,799,5,800,70.5,0.1524822695035461,1,0.10638297872340426,0.7192353188079521,0.3049645390070922,0.425531914893617,-0.12056737588652483
2020-08-31,2020,Inner,1,649,674,684,10,685,71.75,0.4912891986062718,7,0.20905923344947736,0.7582559498185844,0.47735191637630664,0.6689895470383276,-0.19163763066202094
2020-09-01,2020,Inner,1,824,824,839,15,840,145.5,0.09450171821305842,3,0.005154639175257732,0.4850894632206759,0.1013745704467354,0.06872852233676977,0.03264604810996563
2020-09-02,2020,Inner,-1,699,699,719,20,720,192.25,0.36540962288686607,4,0.10663198959687907,1.3041193632099548,0.41222366710013003,0.06631989596879063,0.3459037711313394
2020-09-04,2020,Inner,-1,634,644,694,50,695,490.0,0.4306122448979592,12,0.02346938775510204,0.8558580751293281,0.3877551020408163,0.04693877551020408,0.3408163265306122
2020-09-07,2020,Inner,1,654,669,689,20,690,51.75,0.46859903381642515,7,0.004830917874396135,1.1806048732704786,0.2995169082125604,0.5845410628019324,-0.285024154589372
2020-09-08,2020,Inner,-1,884,889,889,0,890,276.75,0.036133694670280034,1,0.037037037037037035,0.44177176973647725,0.18066847335140018,0.1942186088527552,-0.013550135501355004
2020-09-09,2020,Inner,1,639,644,644,0,645,170.5,0.1158357771260997,1,0.04398826979472141,0.5960978004110808,0.2287390029325513,0.33724340175953077,-0.10850439882697946
2020-09-10,2020,Inner,-1,649,654,654,0,655,110.25,0.17006802721088435,1,0.10430839002267574,1.4893794646021534,0.2675736961451247,1.038548752834467,-0.7709750566893423
2020-09-15,2020,Inner,-1,644,644,654,10,655,77.25,0.3592233009708738,2,0.1650485436893204,1.144782175943649,0.6699029126213593,0.08414239482200647,0.5857605177993528
2020-09-16,2020,Inner,-1,639,649,664,15,665,92.25,0.5338753387533876,5,0.051490514905149054,0.9858461148166549,0.4715447154471545,0.1978319783197832,0.2737127371273713
2020-09-17,2020,Inner,1,649,649,659,10,660,165.0,0.11666666666666667,2,0.15606060606060607,0.6838432492294555,0.5106060606060606,0.39545454545454545,0.11515151515151517
2020-09-18,2020,Inner,-1,634,644,644,0,645,116.75,0.23768736616702354,2,0.03854389721627409,1.4013009693993774,0.0,1.119914346895075,-1.119914346895075
2020-09-21,2020,Inner,-1,639,644,649,5,650,140.5,0.3096085409252669,2,0.03202846975088968,0.6810751741618225,0.5177935943060499,0.2188612099644128,0.29893238434163705
2020-09-22,2020,Inner,-1,659,669,674,5,675,124.25,0.23340040241448692,3,0.10865191146881288,0.9479487566473423,0.6961770623742455,0.04627766599597585,0.6498993963782697
2020-09-23,2020,Inner,-1,694,699,699,0,700,129.0,0.08914728682170543,1,0.09302325581395349,0.8232606102270659,0.03875968992248062,0.5658914728682171,-0.5271317829457365
2020-09-24,2020,Inner,1,704,704,709,5,710,233.0,0.10836909871244635,1,0.07081545064377683,0.4503573977092682,0.13948497854077252,0.26609442060085836,-0.12660944206008584
2020-09-28,2020,Inner,-1,654,654,664,10,665,100.5,0.07213930348258707,2,0.1890547263681592,0.750080853023903,0.43034825870646765,0.19154228855721392,0.23880597014925373
2020-09-29,2020,Inner,-1,634,649,669,20,670,57.0,0.6929824561403509,7,0.021929824561403508,0.9678439641539273,0.5964912280701754,0.42105263157894735,0.17543859649122806
2020-09-30,2020,Inner,1,709,754,759,5,760,170.0,0.15294117647058825,10,0.07058823529411765,0.8378142917924509,0.2676470588235294,0.029411764705882353,0.23823529411764705
2020-10-01,2020,Inner,1,834,839,839,0,840,84.0,0.12202380952380952,1,0.2857142857142857,0.6177471732070895,0.5684523809523809,0.5476190476190477,0.02083333333333326
2020-10-02,2020,Inner,-1,714,729,734,5,735,167.5,0.5776119402985075,4,0.029850746268656716,0.7974261201143946,0.2701492537313433,0.20149253731343283,0.06865671641791046
2020-10-05,2020,Inner,1,634,634,654,20,655,95.0,0.17894736842105263,4,0.0,1.0708114654824383,0.1736842105263158,0.22894736842105262,-0.05526315789473682
2020-10-06,2020,Inner,-1,679,714,734,20,735,80.75,0.7523219814241486,11,0.034055727554179564,0.8774399282502273,0.4674922600619195,0.13312693498452013,0.33436532507739936
2020-10-07,2020,Inner,1,734,749,749,0,750,69.25,0.21660649819494585,3,0.3140794223826715,0.37628728949710466,0.01444043321299639,0.8808664259927798,-0.8664259927797834
2020-10-13,2020,Inner,1,684,694,704,10,705,121.75,0.2299794661190965,4,0.030800821355236138,0.7302205028418486,0.6324435318275154,0.02053388090349076,0.6119096509240247
2020-10-14,2020,Inner,-1,634,634,639,5,640,110.5,0.13800904977375567,1,0.12669683257918551,0.982237836352574,0.4321266968325792,0.1493212669683258,0.2828054298642534
2020-10-16,2020,Inner,-1,679,689,714,25,715,95.25,0.5406824146981627,7,0.026246719160104987,1.0267379679144386,0.07611548556430446,0.5275590551181102,-0.4514435695538057
2020-10-19,2020,Inner,-1,639,649,664,15,665,141.75,0.37918871252204583,5,0.04409171075837742,1.686379187187488,0.1781305114638448,0.3315696649029982,-0.15343915343915343
2020-10-20,2020,Inner,-1,664,664,674,10,675,105.0,0.31666666666666665,2,0.12142857142857143,1.2030523638277344,0.4880952380952381,0.18571428571428572,0.30238095238095236
2020-10-21,2020,Inner,-1,679,684,689,5,690,124.0,0.20362903225806453,2,0.1028225806451613,1.2686009376911056,0.5584677419354839,0.2157258064516129,0.342741935483871
2020-10-22,2020,Inner,-1,634,654,664,10,665,150.5,0.4152823920265781,6,0.08305647840531562,1.3680016527462149,0.20431893687707642,0.2558139534883721,-0.051495016611295685
2020-10-23,2020,Inner,-1,709,709,719,10,720,111.25,0.15056179775280898,2,0.14382022471910114,0.7510402028051032,0.29213483146067415,0.21123595505617979,0.08089887640449436
2020-10-27,2020,Inner,1,674,679,689,10,690,92.0,0.14673913043478262,3,0.22010869565217392,0.6155758222906857,0.22282608695652173,0.5489130434782609,-0.32608695652173914
2020-10-28,2020,Inner,-1,694,694,699,5,700,214.5,0.06177156177156177,1,0.005827505827505828,0.6052063422214277,0.26456876456876455,0.04312354312354312,0.22144522144522144
2020-10-29,2020,Inner,1,674,689,704,15,705,132.75,0.24293785310734464,6,0.07532956685499058,0.5946729280551786,0.224105461393597,0.23728813559322035,-0.013182674199623351
2020-10-30,2020,Inner,-1,644,659,674,15,675,229.75,0.27529923830250275,6,0.055495103373231776,1.2131689105102388,0.001088139281828074,0.36235038084874865,-0.3612622415669206
2020-11-03,2020,Inner,1,659,664,664,0,665,227.25,0.0814081408140814,1,0.006600660066006601,0.7338963470501534,0.20352035203520352,0.0627062706270627,0.14081408140814083
2020-11-04,2020,Inner,1,719,724,729,5,730,239.0,0.08263598326359832,2,0.028242677824267783,0.5534009419951628,0.11192468619246862,0.2102510460251046,-0.09832635983263599
2020-11-06,2020,Inner,1,699,704,704,0,705,166.0,0.04066265060240964,1,0.01355421686746988,0.5106591722023505,0.14006024096385541,0.1822289156626506,-0.04216867469879518
2020-11-10,2020,Inner,-1,634,644,654,10,655,187.0,0.31684491978609625,4,0.03074866310160428,0.7784512185145798,0.8288770053475936,0.06283422459893048,0.766042780748663
2020-11-11,2020,Inner,1,634,634,639,5,640,125.25,0.11776447105788423,1,0.16966067864271456,0.8545375091041515,0.25349301397205587,0.23353293413173654,0.019960079840319334
2020-11-12,2020,Inner,-1,704,704,714,10,715,84.25,0.27299703264094954,2,0.10682492581602374,0.7356989518878646,0.32344213649851633,0.9703264094955489,-0.6468842729970326
2020-11-13,2020,Inner,-1,639,644,644,0,645,92.0,0.09239130434782608,1,0.15760869565217392,1.1137831802930254,0.24728260869565216,0.4782608695652174,-0.23097826086956524
2020-11-16,2020,Inner,1,659,674,679,5,680,119.75,0.21920668058455114,4,0.025052192066805846,0.48877991247400604,0.2630480167014614,0.060542797494780795,0.20250521920668058
2020-11-18,2020,Inner,1,719,759,809,50,810,78.25,0.4984025559105431,18,0.04472843450479233,0.5773313633711185,0.5623003194888179,0.13738019169329074,0.4249201277955271
2020-11-19,2020,Inner,1,639,654,674,20,675,84.75,0.3215339233038348,7,0.04129793510324484,0.8144879212840378,0.058997050147492625,0.48672566371681414,-0.4277286135693215
2020-11-20,2020,Inner,1,639,674,704,30,705,44.0,0.5738636363636364,13,0.07954545454545454,0.8657089858073422,0.44886363636363635,0.25,0.19886363636363635
2020-11-23,2020,Inner,-1,669,694,744,50,745,130.5,0.4827586206896552,15,0.017241379310344827,0.9608321646661293,0.26053639846743293,0.05747126436781609,0.20306513409961685
2020-11-25,2020,Inner,1,784,789,794,5,795,67.0,0.10074626865671642,2,0.0708955223880597,0.3383628691983122,0.3656716417910448,0.06343283582089553,0.30223880597014924
2020-11-27,2020,Inner,1,634,634,644,10,645,81.0,0.14814814814814814,2,0.046296296296296294,1.0841399851079672,0.24691358024691357,0.09876543209876543,0.14814814814814814
2020-11-30,2020,Inner,-1,634,649,739,90,740,98.0,1.183673469387755,21,0.03826530612244898,1.0128879537085744,0.23979591836734693,0.16326530612244897,0.07653061224489796
2020-12-02,2020,Inner,1,644,644,649,5,650,117.0,0.06196581196581197,1,0.10683760683760683,0.5291252890763162,0.1581196581196581,0.2948717948717949,-0.13675213675213677
2020-12-04,2020,Inner,1,699,699,714,15,715,70.25,0.16725978647686832,3,0.0711743772241993,0.6578888971077742,0.12811387900355872,0.199288256227758,-0.07117437722419928
2020-12-07,2020,Inner,1,669,674,679,5,680,75.5,0.1456953642384106,2,0.0,0.9600622630903823,0.39403973509933776,0.059602649006622516,0.3344370860927153
2020-12-08,2020,Inner,1,724,729,734,5,735,85.25,0.15835777126099707,2,0.04105571847507331,0.6378750320540217,0.06451612903225806,0.40762463343108507,-0.343108504398827
2020-12-10,2020,Inner,1,639,644,644,0,645,202.25,0.04697156983930779,1,0.007416563658838072,0.7251361061863595,0.10877626699629171,0.14833127317676142,-0.03955500618046971
2020-12-11,2020,Inner,-1,699,709,714,5,715,85.5,0.2134502923976608,3,0.005847953216374269,0.7338734808351511,0.2134502923976608,0.4853801169590643,-0.27192982456140347
2020-12-14,2020,Inner,1,679,684,689,5,690,124.25,0.03219315895372234,2,0.13682092555331993,0.6517271592809919,0.17303822937625754,0.1006036217303823,0.07243460764587524
2020-12-15,2020,Inner,-1,639,654,654,0,655,43.0,0.42441860465116277,3,0.09883720930232558,0.8173486760284476,0.03488372093023256,1.7267441860465116,-1.691860465116279
2020-12-16,2020,Inner,1,644,649,659,10,660,53.25,0.18309859154929578,3,0.04225352112676056,0.4520325612410513,0.18309859154929578,0.647887323943662,-0.46478873239436624
2020-12-17,2020,Inner,-1,659,659,664,5,665,55.25,0.11764705882352941,1,0.07239819004524888,0.7397020157756354,0.29411764705882354,0.497737556561086,-0.20361990950226244
2020-12-18,2020,Inner,-1,674,679,684,5,685,105.0,0.2119047619047619,2,0.06904761904761905,1.1101635973268016,0.21428571428571427,0.08095238095238096,0.1333333333333333
2020-12-21,2020,Inner,-1,649,649,659,10,660,168.25,0.11589895988112928,2,0.0861812778603269,0.8462096671629173,0.6196136701337296,0.02674591381872214,0.5928677563150074
2020-12-22,2020,Inner,-1,694,704,764,60,765,75.75,1.1221122112211221,14,0.08250825082508251,1.0207459297178707,0.39603960396039606,0.21122112211221122,0.18481848184818483
2020-12-23,2020,Inner,1,789,789,794,5,795,74.25,0.06060606060606061,1,0.026936026936026935,0.7885081113359652,0.15488215488215487,0.12794612794612795,0.026936026936026924
2020-12-28,2020,Inner,1,689,689,694,5,695,79.25,0.08201892744479496,1,0.025236593059936908,0.5177251083409127,0.15141955835962145,0.24921135646687698,-0.09779179810725552
2020-12-30,2020,Inner,-1,639,639,649,10,650,74.75,0.1939799331103679,2,0.14381270903010032,1.1009833375830071,0.34448160535117056,0.043478260869565216,0.3010033444816054
2020-12-31,2020,Inner,-1,714,719,764,45,765,35.0,0.7428571428571429,10,0.18571428571428572,0.933239858513113,0.12142857142857143,0.40714285714285714,-0.2857142857142857
2021-01-05,2021,Inner,1,849,849,854,5,855,133.75,0.044859813084112146,1,0.003738317757009346,0.45713126806266796,0.11588785046728972,0.13644859813084112,-0.0205607476635514
2021-01-06,2021,Inner,1,634,729,869,140,870,161.0,0.5201863354037267,47,0.15372670807453417,0.7218250357467827,0.4611801242236025,0.25,0.2111801242236025
2021-01-07,2021,Inner,1,649,664,674,10,675,163.0,0.13803680981595093,5,0.0736196319018405,0.6424409365398877,0.05214723926380368,0.2668711656441718,-0.2147239263803681
2021-01-08,2021,Inner,1,734,739,744,5,745,102.0,0.11029411764705882,2,0.09558823529411764,0.4212471131639723,0.9166666666666666,0.1568627450980392,0.7598039215686274
2021-01-11,2021,Inner,1,634,639,639,0,640,104.25,0.06954436450839328,1,0.03597122302158273,0.4643464124732136,0.5947242206235012,0.05755395683453238,0.5371702637889688
2021-01-12,2021,Inner,-1,724,739,779,40,780,105.0,0.7214285714285714,11,0.02142857142857143,0.8513942816801977,0.4928571428571429,0.07142857142857142,0.4214285714285715
2021-01-13,2021,Inner,1,639,704,754,50,755,81.0,0.5895061728395061,23,0.012345679012345678,0.7419909477030029,0.08333333333333333,0.5308641975308642,-0.4475308641975309
2021-01-14,2021,Inner,1,649,654,659,5,660,46.25,0.2972972972972973,2,0.021621621621621623,0.7979074316269488,0.9837837837837838,0.21621621621621623,0.7675675675675676
2021-01-20,2021,Inner,1,634,644,644,0,645,117.0,0.08547008547008547,2,0.019230769230769232,0.6315231132367373,0.2606837606837607,0.16452991452991453,0.09615384615384617
2021-01-21,2021,Inner,1,654,664,674,10,675,94.25,0.16180371352785147,4,0.029177718832891247,0.3627586580967103,0.4403183023872679,0.08753315649867374,0.3527851458885941
2021-01-26,2021,Inner,1,649,654,654,0,655,82.5,0.16666666666666666,1,0.01818181818181818,0.7838699722250798,0.6212121212121212,0.30606060606060603,0.3151515151515152
2021-01-28,2021,Inner,1,664,674,689,15,690,150.75,0.263681592039801,5,0.03316749585406302,0.7439732970700952,0.13432835820895522,0.5870646766169154,-0.4527363184079602
2021-01-29,2021,Inner,-1,689,699,704,5,705,159.0,0.22327044025157233,3,0.015723270440251572,1.1030149427108085,0.28144654088050314,0.7751572327044025,-0.4937106918238994
2021-02-01,2021,Inner,1,644,649,654,5,655,133.75,0.21121495327102804,2,0.25794392523364484,0.9086973529795279,0.20934579439252338,0.9570093457943926,-0.7476635514018692
2021-02-02,2021,Inner,1,704,739,799,60,800,92.5,0.36486486486486486,19,0.03783783783783784,0.4098365252502594,0.08648648648648649,0.5486486486486486,-0.4621621621621621
2021-02-05,2021,Inner,1,739,799,834,35,835,73.75,0.6135593220338983,19,0.013559322033898305,0.27436043206367255,0.17627118644067796,0.3016949152542373,-0.12542372881355934
2021-02-08,2021,Inner,-1,694,704,724,20,725,60.25,0.6099585062240664,6,0.008298755186721992,1.146299897748461,0.3029045643153527,0.1037344398340249,0.19917012448132776
2021-02-10,2021,Inner,-1,644,644,654,10,655,199.75,0.22778473091364204,2,0.14017521902377972,1.4063160315657834,0.20775969962453067,0.12265331664580725,0.08510638297872342
2021-02-11,2021,Inner,-1,739,769,779,10,780,56.75,1.013215859030837,8,0.048458149779735685,1.0759487298247028,0.5638766519823789,0.4052863436123348,0.15859030837004412
2021-02-17,2021,Inner,-1,679,709,714,5,715,107.25,0.3939393939393939,7,0.06060606060606061,0.9186110756938246,0.5291375291375291,0.039627039627039624,0.4895104895104895
2021-02-22,2021,Inner,-1,634,639,644,5,645,107.5,0.2069767441860465,2,0.15348837209302327,1.095983764688197,0.004651162790697674,0.6767441860465117,-0.672093023255814
2021-02-23,2021,Inner,1,644,664,699,35,700,270.75,0.33702677746999077,11,0.007386888273314866,0.5032451035844733,0.4182825484764543,0.013850415512465374,0.40443213296398894
2021-02-25,2021,Inner,-1,639,654,659,5,660,168.5,0.38724035608308605,4,0.05934718100890208,1.1322074455846487,0.22403560830860533,0.870919881305638,-0.6468842729970327
2021-02-26,2021,Inner,1,729,739,759,20,760,280.0,0.20535714285714285,6,0.022321428571428572,0.6216376684392586,0.25357142857142856,0.11696428571428572,0.13660714285714284
2021-03-02,2021,Inner,-1,639,649,649,0,650,146.75,0.15843270868824533,2,0.13287904599659284,0.7462508741485145,0.17206132879045996,0.5264054514480409,-0.35434412265758086
2021-03-03,2021,Inner,-1,779,794,799,5,800,229.25,0.1025081788440567,4,0.1515812431842966,0.47958397534668723,0.04798255179934569,0.6205016357688113,-0.5725190839694656
2021-03-04,2021,Inner,1,704,709,719,10,720,256.25,0.1248780487804878,3,0.0975609756097561,0.7018873154843032,1.1570731707317072,0.16878048780487806,0.9882926829268291
2021-03-05,2021,Inner,-1,634,644,644,0,645,260.75,0.10834132310642378,2,0.028763183125599234,0.9768901801042227,0.2464046021093001,0.5532118887823586,-0.3068072866730585
2021-03-10,2021,Inner,-1,639,644,644,0,645,190.75,0.17038007863695936,1,0.1127129750982962,0.9011266184630906,0.23722149410222804,0.29226736566186107,-0.05504587155963303
2021-03-12,2021,Inner,1,754,754,764,10,765,131.25,0.1580952380952381,2,0.15047619047619049,0.5456614578872016,0.2419047619047619,0.18285714285714286,0.05904761904761904
2021-03-15,2021,Inner,1,849,849,854,5,855,99.75,0.012531328320802004,1,0.0,0.30361286045740804,0.045112781954887216,0.38095238095238093,-0.3358395989974937
2021-03-16,2021,Inner,1,634,659,699,40,700,126.75,0.22287968441814596,13,0.005917159763313609,0.7822441430332923,0.7021696252465484,0.07692307692307693,0.6252465483234715
2021-03-18,2021,Inner,-1,779,779,784,5,785,107.5,0.1744186046511628,1,0.11162790697674418,0.9621106632466104,0.48604651162790696,0.17209302325581396,0.313953488372093
2021-03-19,2021,Inner,1,664,664,669,5,670,155.75,0.09470304975922954,1,0.07865168539325842,0.591543162386959,0.43659711075441415,0.27608346709470305,0.1605136436597111
2021-03-23,2021,Inner,1,669,679,699,20,700,84.0,0.44642857142857145,6,0.21726190476190477,1.1712709139703994,0.5029761904761905,0.2619047619047619,0.24107142857142855
2021-03-24,2021,Inner,-1,789,799,804,5,805,161.5,0.21981424148606812,3,0.030959752321981424,0.5278448458918924,0.22136222910216719,0.1780185758513932,0.043343653250773995
2021-03-25,2021,Inner,-1,649,689,694,5,695,148.25,0.5328836424957841,9,0.0775716694772344,1.0690712683663661,0.4924114671163575,0.47386172006745364,0.018549747048903886
2021-03-26,2021,Inner,1,644,649,649,0,650,102.0,0.08333333333333333,1,0.2181372549019608,0.6996720226567138,0.7426470588235294,0.049019607843137254,0.6936274509803921
2021-03-29,2021,Inner,1,784,794,809,15,810,162.5,0.14,5,0.09076923076923077,0.600714898722681,0.28615384615384615,0.24769230769230768,0.038461538461538464
2021-03-30,2021,Inner,1,694,704,709,5,710,111.75,0.2505592841163311,3,0.1029082774049217,0.7551130610867365,0.4116331096196868,0.040268456375838924,0.3713646532438479
2021-03-31,2021,Inner,1,644,654,669,15,670,148.75,0.16806722689075632,5,0.0033613445378151263,1.0237129306896748,0.07563025210084033,0.22521008403361345,-0.14957983193277313
2021-04-05,2021,Inner,1,634,649,659,10,660,108.25,0.19168591224018475,5,0.018475750577367205,0.5957324106113033,0.08314087759815242,0.38799076212471134,-0.3048498845265589
2021-04-06,2021,Inner,1,669,719,784,65,785,74.0,0.5709459459459459,23,0.18243243243243243,0.6362644555967707,0.7162162162162162,0.010135135135135136,0.7060810810810811
2021-04-07,2021,Inner,1,669,674,684,10,685,104.5,0.1339712918660287,3,0.05980861244019139,0.6629362227586744,0.4569377990430622,0.023923444976076555,0.43301435406698563
2021-04-12,2021,Inner,1,754,759,759,0,760,67.0,0.11194029850746269,1,0.033582089552238806,0.598898155941541,0.16044776119402984,0.3246268656716418,-0.16417910447761194
2021-04-15,2021,Inner,1,634,634,649,15,650,66.25,0.18867924528301888,3,0.045283018867924525,1.0175444709653816,0.43018867924528303,0.3886792452830189,0.04150943396226414
2021-04-19,2021,Inner,-1,649,649,654,5,655,122.75,0.24032586558044808,1,0.17311608961303462,1.2790181092579345,0.3075356415478615,0.45824847250509165,-0.15071283095723015
2021-04-22,2021,Inner,1,634,654,664,10,665,64.0,0.39453125,6,0.109375,0.8311583808557534,0.27734375,0.2265625,0.05078125
2021-04-23,2021,Inner,1,634,644,644,0,645,77.0,0.14935064935064934,2,0.025974025974025976,1.215883843915261,0.01948051948051948,0.9805194805194806,-0.9610389610389611
2021-04-26,2021,Inner,1,649,654,654,0,655,64.5,0.17829457364341086,1,0.07364341085271318,0.6074797947205064,0.06201550387596899,0.42248062015503873,-0.36046511627906974
2021-04-29,2021,Inner,-1,634,639,644,5,645,139.25,0.2746858168761221,2,0.01436265709156194,0.9969921626773989,0.14542190305206462,0.2746858168761221,-0.12926391382405747
2021-04-30,2021,Inner,-1,834,839,849,10,850,105.75,0.14657210401891252,3,0.061465721040189124,0.7629175689996776,0.28132387706855794,0.1182033096926714,0.16312056737588654
2021-05-06,2021,Inner,1,694,754,834,80,835,120.25,0.683991683991684,28,0.11642411642411643,0.7887790534225863,0.24116424116424118,0.2515592515592516,-0.010395010395010396
2021-05-10,2021,Inner,-1,634,634,639,5,640,155.5,0.05787781350482315,1,0.1414790996784566,0.8799408411058897,0.008038585209003215,0.4565916398713826,-0.44855305466237944
2021-05-11,2021,Inner,1,684,699,704,5,705,194.25,0.24195624195624196,4,0.009009009009009009,0.5150570159785158,0.009009009009009009,0.3166023166023166,-0.30759330759330755
2021-05-12,2021,Inner,-1,634,659,679,20,680,129.25,0.5125725338491296,9,0.03288201160541586,1.0918083462132921,0.015473887814313346,0.9748549323017408,-0.9593810444874274
2021-05-13,2021,Inner,-1,704,709,714,5,715,127.0,0.2263779527559055,2,0.011811023622047244,0.7402710256229597,0.46653543307086615,0.17519685039370078,0.2913385826771654
2021-05-14,2021,Inner,1,634,639,639,0,640,100.25,0.04987531172069826,1,0.0399002493765586,0.7410851776925632,0.19201995012468828,0.4139650872817955,-0.2219451371571072
2021-05-17,2021,Inner,-1,729,739,739,0,740,105.5,0.17535545023696683,2,0.08293838862559241,0.3788482907379567,0.20616113744075829,0.36492890995260663,-0.15876777251184834
2021-05-18,2021,Inner,1,634,639,644,5,645,82.5,0.12424242424242424,2,0.11212121212121212,0.797959577689486,0.5242424242424243,0.2818181818181818,0.2424242424242425
2021-05-19,2021,Inner,1,654,654,659,5,660,129.25,0.1450676982591876,1,0.027079303675048357,0.8263270491739974,0.1895551257253385,0.425531914893617,-0.23597678916827852
2021-05-20,2021,Inner,1,634,634,639,5,640,140.75,0.09236234458259325,1,0.017761989342806393,0.8786014421331121,0.03197158081705151,0.4422735346358792,-0.4103019538188277
2021-05-21,2021,Inner,-1,639,654,679,25,680,94.0,0.34308510638297873,8,0.0851063829787234,0.9914938127849374,0.015957446808510637,0.8377659574468085,-0.8218085106382979
2021-05-24,2021,Inner,1,639,644,649,5,650,144.75,0.07253886010362694,2,0.03454231433506045,0.5142968546919677,0.022452504317789293,0.17789291882556132,-0.15544041450777202
2021-05-25,2021,Inner,-1,634,634,639,5,640,88.0,0.09090909090909091,1,0.04261363636363636,0.9857546281769689,0.4289772727272727,0.4772727272727273,-0.048295454545454586
2021-05-26,2021,Inner,1,669,679,684,5,685,52.75,0.17535545023696683,3,0.16587677725118483,0.5580886661024672,0.3933649289099526,0.46445497630331756,-0.07109004739336494
2021-05-27,2021,Inner,1,634,644,654,10,655,58.25,0.31759656652360513,4,0.3090128755364807,0.8716775770959855,0.1072961373390558,0.44635193133047213,-0.33905579399141633
2021-05-28,2021,Inner,1,704,729,804,75,805,45.25,0.5248618784530387,20,0.16022099447513813,0.6104921829762594,0.569060773480663,0.055248618784530384,0.5138121546961326
2021-05-31,2021,Inner,-1,654,659,664,5,665,16.25,0.13846153846153847,2,0.06153846153846154,1.2294583079732198,0.6307692307692307,0.1076923076923077,0.523076923076923
2021-06-01,2021,Inner,-1,654,659,674,15,675,144.25,0.2530329289428076,4,0.01386481802426343,1.0673989742843633,0.2530329289428076,0.022530329289428077,0.23050259965337952
2021-06-03,2021,Inner,1,659,669,679,10,680,107.5,0.3697674418604651,4,0.013953488372093023,0.9923275227105327,0.3883720930232558,0.07441860465116279,0.313953488372093
2021-06-04,2021,Inner,1,679,689,724,35,725,145.25,0.12908777969018934,9,0.020654044750430294,0.46627929391677914,0.0051635111876075735,0.1342512908777969,-0.12908777969018934
2021-06-08,2021,Inner,-1,634,644,644,0,645,94.5,0.1455026455026455,2,0.07671957671957672,0.8118901174221245,0.08994708994708994,0.9338624338624338,-0.843915343915344
2021-06-14,2021,Inner,1,724,739,754,15,755,80.5,0.2080745341614907,6,0.027950310559006212,0.4084722474269567,0.012422360248447204,0.18322981366459629,-0.17080745341614909
2021-06-15,2021,Inner,-1,689,699,719,20,720,67.0,0.417910447761194,6,0.007462686567164179,0.49286390159280874,0.1417910447761194,0.3694029850746269,-0.22761194029850748
2021-06-17,2021,Inner,1,634,704,744,40,745,164.5,0.5775075987841946,22,0.11398176291793313,1.150819830402111,0.10790273556231003,0.45896656534954405,-0.35106382978723405
2021-06-18,2021,Inner,-1,674,694,699,5,700,87.0,0.39655172413793105,5,0.09770114942528736,0.9600869184686656,0.4396551724137931,0.21551724137931033,0.22413793103448276
2021-06-23,2021,Inner,-1,664,669,674,5,675,61.75,0.06072874493927125,2,0.22672064777327935,1.0114034883990988,0.3522267206477733,0.1659919028340081,0.18623481781376516
2021-06-24,2021,Inner,1,634,644,649,5,650,59.5,0.13865546218487396,3,0.08403361344537816,0.7271520100919563,0.3403361344537815,0.07563025210084033,0.2647058823529412
2021-06-28,2021,Inner,1,744,749,769,20,770,91.25,0.14246575342465753,5,0.038356164383561646,0.47171321117068093,0.22465753424657534,0.021917808219178082,0.20273972602739726
2021-07-01,2021,Inner,-1,674,684,714,30,715,62.0,0.5967741935483871,8,0.125,0.9691680377709421,0.13709677419354838,0.4435483870967742,-0.3064516129032258
2021-07-02,2021,Inner,1,714,719,724,5,725,46.0,0.2554347826086957,2,0.02717391304347826,0.42494556098954056,0.18478260869565216,0.6141304347826086,-0.4293478260869565
2021-07-06,2021,Inner,-1,634,639,644,5,645,52.0,0.44711538461538464,2,0.15384615384615385,1.167771345470817,0.1875,0.6153846153846154,-0.4278846153846154
2021-07-07,2021,Inner,-1,639,649,704,55,705,99.25,0.5869017632241813,13,0.12594458438287154,0.9454343852597477,0.3249370277078086,0.12090680100755667,0.2040302267002519
2021-07-13,2021,Inner,1,634,639,644,5,645,113.25,0.1545253863134658,2,0.0684326710816777,0.8162075266347816,0.04415011037527594,0.41280353200883,-0.3686534216335541
2021-07-14,2021,Inner,-1,689,719,764,45,765,61.0,1.1967213114754098,15,0.12295081967213115,1.183503677787267,0.045081967213114756,0.8114754098360656,-0.7663934426229508
2021-07-15,2021,Inner,-1,649,664,669,5,670,116.5,0.2811158798283262,4,0.09227467811158799,1.10875011800931,0.28969957081545067,0.5128755364806867,-0.22317596566523606
2021-07-16,2021,Inner,-1,664,709,724,15,725,130.0,0.33653846153846156,12,0.05576923076923077,0.7355242566510172,0.18269230769230768,0.023076923076923078,0.1596153846153846
2021-07-21,2021,Inner,1,664,674,704,30,705,75.5,0.23841059602649006,8,0.1291390728476821,0.7166454891994917,0.06622516556291391,0.2980132450331126,-0.2317880794701987
2021-07-22,2021,Inner,1,639,644,669,25,670,69.0,0.213768115942029,6,0.10144927536231885,0.7054565648248327,0.572463768115942,0.11594202898550725,0.45652173913043476
2021-07-23,2021,Inner,1,639,639,644,5,645,70.5,0.18439716312056736,1,0.024822695035460994,0.806969869452656,0.14184397163120568,0.9574468085106383,-0.8156028368794327
2021-07-26,2021,Inner,1,639,639,644,5,645,77.0,0.06168831168831169,1,0.275974025974026,0.5624018651567778,0.18181818181818182,0.32792207792207795,-0.14610389610389612
2021-08-03,2021,Inner,1,719,724,729,5,730,146.25,0.08717948717948718,2,0.042735042735042736,0.7935132957292507,0.15384615384615385,0.2358974358974359,-0.08205128205128204
2021-08-06,2021,Inner,-1,649,674,719,45,720,54.5,0.8853211009174312,14,0.13761467889908258,0.8521583166147388,0.05504587155963303,0.481651376146789,-0.42660550458715596
2021-08-09,2021,Inner,1,874,874,884,10,885,69.75,0.0967741935483871,2,0.08243727598566308,0.47897699056447607,0.14336917562724014,0.05017921146953405,0.09318996415770608
2021-08-11,2021,Inner,-1,634,639,644,5,645,86.0,0.14244186046511628,2,0.08430232558139535,0.847888806227432,0.0436046511627907,0.8982558139534884,-0.8546511627906977
2021-08-16,2021,Inner,-1,654,659,664,5,665,170.25,0.12041116005873716,2,0.013215859030837005,0.6076759061833689,0.37298091042584436,0.09397944199706314,0.2790014684287812
2021-08-17,2021,Inner,1,644,654,654,0,655,94.0,0.1675531914893617,2,0.013297872340425532,0.7731476281403272,0.898936170212766,0.018617021276595744,0.8803191489361702
2021-08-18,2021,Inner,-1,854,859,864,5,865,72.25,0.5536332179930796,2,0.13494809688581316,1.5338648670712127,0.4844290657439446,0.2041522491349481,0.2802768166089965
2021-08-19,2021,Inner,1,659,724,869,145,870,122.25,0.9243353783231084,42,0.05521472392638037,0.9577525429201872,0.17995910020449898,0.7791411042944786,-0.5991820040899796
2021-08-24,2021,Inner,1,634,644,649,5,650,56.75,0.1894273127753304,3,0.1013215859030837,0.6683775529122471,0.5682819383259912,0.09691629955947137,0.4713656387665198
2021-08-25,2021,Inner,-1,634,654,669,15,670,43.0,0.4883720930232558,7,0.011627906976744186,1.1827940499923326,0.29069767441860467,0.29069767441860467,0.0
2021-08-27,2021,Inner,1,804,824,844,20,845,148.75,0.06386554621848739,8,0.010084033613445379,0.4677363817918876,0.05378151260504202,0.06722689075630252,-0.013445378151260498
2021-08-30,2021,Inner,1,634,639,679,40,680,118.0,0.12076271186440678,9,0.11440677966101695,0.858629809743196,0.0,0.3177966101694915,-0.3177966101694915
2021-09-02,2021,Inner,-1,739,739,754,15,755,66.75,0.15355805243445692,3,0.0299625468164794,0.7193314503683429,0.12734082397003746,0.41198501872659177,-0.28464419475655434
2021-09-07,2021,Inner,1,654,654,669,15,670,62.0,0.14516129032258066,3,0.20967741935483872,0.5745098650375589,0.3709677419354839,0.3790322580645161,-0.008064516129032251
2021-09-08,2021,Inner,-1,634,724,844,120,845,55.25,1.5972850678733033,42,0.05429864253393665,1.6989737067818165,0.09502262443438914,0.37104072398190047,-0.27601809954751133
2021-09-09,2021,Inner,-1,689,694,699,5,700,53.75,0.2,2,0.07906976744186046,1.152175974210676,0.2186046511627907,0.28837209302325584,-0.06976744186046513
2021-09-10,2021,Inner,-1,634,719,794,75,795,67.75,1.062730627306273,32,0.06642066420664207,1.9625848849945235,0.01845018450184502,0.5904059040590406,-0.5719557195571956
2021-09-13,2021,Inner,-1,869,879,884,5,885,200.0,0.04625,3,0.0525,0.4173818505279457,0.275,0.1275,0.14750000000000002
2021-09-14,2021,Inner,-1,639,644,644,0,645,119.5,0.09623430962343096,1,0.0397489539748954,0.8618600315502652,0.5271966527196653,0.1903765690376569,0.33682008368200844
2021-09-20,2021,Inner,-1,644,649,654,5,655,138.0,0.13768115942028986,2,0.09057971014492754,0.7871693407809855,0.13043478260869565,0.4528985507246377,-0.322463768115942
2021-09-21,2021,Inner,-1,649,654,669,15,670,128.5,0.2237354085603113,4,0.35992217898832685,0.9746653621167017,0.5369649805447471,0.0914396887159533,0.44552529182879375
2021-09-22,2021,Inner,1,664,714,799,85,800,116.75,0.6209850107066381,27,0.01284796573875803,0.5254585776237464,0.34475374732334046,0.8265524625267666,-0.48179871520342615
2021-09-23,2021,Inner,1,814,839,844,5,845,156.5,0.054313099041533544,6,0.01437699680511182,0.29330635284093937,0.12939297124600638,0.019169329073482427,0.11022364217252395
2021-09-24,2021,Inner,1,734,794,839,45,840,73.0,0.4589041095890411,21,0.010273972602739725,0.48303070401137005,0.03424657534246575,0.571917808219178,-0.5376712328767123
2021-09-27,2021,Inner,1,664,669,669,0,670,130.5,0.06321839080459771,1,0.24521072796934865,0.71846400800517,0.41762452107279696,0.18007662835249041,0.23754789272030655
2021-09-28,2021,Inner,-1,664,714,734,20,735,201.5,0.3250620347394541,14,0.028535980148883373,0.6586106798082765,0.04466501240694789,0.44168734491315137,-0.3970223325062035
2021-09-29,2021,Inner,-1,699,704,709,5,710,118.75,0.25473684210526315,2,0.07157894736842105,0.8803276805879875,0.10105263157894737,0.5957894736842105,-0.49473684210526314
2021-09-30,2021,Inner,-1,654,659,669,10,670,74.25,0.4444444444444444,3,0.07744107744107744,0.617012369172217,0.40404040404040403,1.4882154882154883,-1.0841750841750843
2021-10-06,2021,Inner,1,649,654,659,5,660,185.25,0.1039136302294197,2,0.0553306342780027,0.605032289182454,0.41700404858299595,0.07827260458839407,0.33873144399460187
2021-10-08,2021,Inner,-1,644,644,654,10,655,97.25,0.3059125964010283,2,0.2185089974293059,1.2963863026668772,0.09511568123393316,0.5938303341902313,-0.4987146529562982
2021-10-12,2021,Inner,-1,654,659,664,5,665,127.5,0.1450980392156863,2,0.12156862745098039,0.7209285801946815,0.48823529411764705,0.10392156862745099,0.38431372549019605
2021-10-14,2021,Inner,1,689,694,694,0,695,103.5,0.057971014492753624,1,0.036231884057971016,0.2772547988430187,0.024154589371980676,0.4758454106280193,-0.45169082125603865
2021-10-15,2021,Inner,1,659,674,699,25,700,53.25,0.4084507042253521,8,0.28169014084507044,0.7065886419453625,0.4835680751173709,0.1784037558685446,0.30516431924882625
2021-10-21,2021,Inner,1,644,649,659,10,660,94.0,0.13031914893617022,3,0.0,0.554789364328947,0.34308510638297873,0.18882978723404256,0.15425531914893617
2021-10-26,2021,Inner,-1,724,729,734,5,735,118.25,0.19238900634249473,2,0.1416490486257928,0.8897801155338234,0.042283298097251586,0.7928118393234672,-0.7505285412262156
2021-10-27,2021,Inner,1,654,659,659,0,660,89.25,0.13725490196078433,1,0.31932773109243695,0.5786822486399356,0.0700280112044818,0.49859943977591037,-0.4285714285714286
2021-10-28,2021,Inner,1,639,709,779,70,780,74.5,0.5838926174496645,28,0.12751677852348994,0.5358535372173997,0.06375838926174497,0.5033557046979866,-0.43959731543624164
2021-11-03,2021,Inner,1,844,844,854,10,855,62.0,0.8991935483870968,2,0.23790322580645162,2.293650489161711,0.1814516129032258,2.004032258064516,-1.8225806451612903
2021-11-04,2021,Inner,1,634,654,664,10,665,140.25,0.24420677361853832,6,0.0392156862745098,1.0262019099092519,0.3493761140819964,0.1657754010695187,0.1836007130124777
2021-11-09,2021,Inner,-1,819,829,849,20,850,202.25,0.14585908529048208,6,0.016069221260815822,0.31050092211396957,0.19901112484548825,0.032138442521631644,0.1668726823238566
2021-11-10,2021,Inner,-1,804,804,809,5,810,179.25,0.08507670850767085,1,0.06276150627615062,0.5769700558907355,0.12552301255230125,0.6471408647140865,-0.5216178521617852
2021-11-11,2021,Inner,-1,739,739,754,15,755,69.25,0.2563176895306859,3,0.11913357400722022,0.6104159982889531,0.2527075812274368,0.34657039711191334,-0.09386281588447654
2021-11-15,2021,Inner,-1,704,744,884,140,885,96.0,0.7916666666666666,36,0.057291666666666664,1.465428857732027,0.328125,0.044270833333333336,0.2838541666666667
2021-11-17,2021,Inner,1,639,724,749,25,750,57.0,1.219298245614035,22,0.30701754385964913,0.8734268076757429,0.3815789473684211,0.4780701754385965,-0.0964912280701754
2021-11-23,2021,Inner,-1,644,664,689,25,690,182.0,0.5274725274725275,9,0.05631868131868132,0.7326943788688113,0.10989010989010989,0.4107142857142857,-0.3008241758241758
2021-11-24,2021,Inner,1,639,644,644,0,645,155.5,0.08360128617363344,1,0.18006430868167203,0.624413065956978,0.13344051446945338,0.6655948553054662,-0.5321543408360129
2021-12-01,2021,Inner,1,674,679,714,35,715,107.0,0.4672897196261682,8,0.04439252336448598,0.903602417474342,0.8481308411214953,0.02102803738317757,0.8271028037383177
2021-12-06,2021,Inner,1,754,759,764,5,765,228.75,0.07650273224043716,2,0.04590163934426229,0.33391836444275785,0.006557377049180328,0.4491803278688525,-0.4426229508196722
2021-12-07,2021,Inner,1,639,649,684,35,685,149.0,0.23993288590604026,9,0.0,0.6515413486273353,0.008389261744966443,0.34563758389261745,-0.337248322147651
2021-12-08,2021,Inner,1,824,829,839,10,840,105.25,0.21140142517814728,3,0.007125890736342043,0.2988837699695157,0.3586698337292161,0.13539192399049882,0.2232779097387173
2021-12-09,2021,Inner,-1,639,639,644,5,645,144.75,0.11226252158894647,1,0.14335060449050085,0.7813514744559867,0.3747841105354059,0.06563039723661486,0.30915371329879104
2021-12-10,2021,Inner,-1,649,654,659,5,660,125.0,0.302,2,0.038,0.7974977469119441,0.474,0.572,-0.09799999999999998
2021-12-13,2021,Inner,-1,639,644,644,0,645,144.75,0.08981001727115717,1,0.024179620034542316,0.6563869170940461,0.2607944732297064,0.4110535405872193,-0.15025906735751293
2021-12-14,2021,Inner,-1,649,769,884,115,885,145.75,0.8164665523156089,47,0.02058319039451115,0.8776101593795278,0.7547169811320755,0.15608919382504288,0.5986277873070327
2021-12-15,2021,Inner,-1,694,744,789,45,790,120.5,0.5560165975103735,19,0.002074688796680498,0.718727148944754,1.2095435684647302,0.475103734439834,0.7344398340248962
2021-12-17,2021,Inner,1,649,674,699,25,700,191.25,0.5934640522875817,10,0.0392156862745098,0.8957974045320423,0.4915032679738562,0.1411764705882353,0.3503267973856209
2021-12-20,2021,Inner,-1,664,679,684,5,685,115.75,0.2786177105831533,4,0.07775377969762419,0.5376939419300844,0.4103671706263499,0.5226781857451404,-0.11231101511879044
2021-12-27,2021,Inner,1,634,674,679,5,680,162.25,0.1864406779661017,9,0.004622496147919877,1.0029995455234055,0.09399075500770417,0.1263482280431433,-0.032357473035439135
2021-12-28,2021,Inner,-1,754,754,774,20,775,117.0,0.20512820512820512,4,0.04487179487179487,0.8370601520611003,0.11965811965811966,0.22435897435897437,-0.1047008547008547
2022-01-06,2022,Validation,1,674,679,679,0,680,252.0,0.17956349206349206,1,0.007936507936507936,0.37844855272740435,0.30952380952380953,0.00992063492063492,0.2996031746031746
2022-01-07,2022,Validation,-1,639,654,709,55,710,178.5,0.7801120448179272,14,0.012605042016806723,0.8602508934907006,0.12044817927170869,0.37675070028011204,-0.25630252100840334
2022-01-10,2022,Validation,-1,639,649,659,10,660,220.0,0.19318181818181818,4,0.011363636363636364,0.6246734397677793,0.6011363636363637,0.0875,0.5136363636363637
2022-01-12,2022,Validation,-1,649,669,694,25,695,124.75,0.6993987975951904,9,0.04609218436873747,0.9360135900339751,0.2665330661322645,0.23446893787575152,0.032064128256513
2022-01-18,2022,Validation,-1,694,694,699,5,700,163.0,0.1058282208588957,1,0.31441717791411045,0.7158508158508159,0.254601226993865,0.38190184049079756,-0.12730061349693256
2022-01-19,2022,Validation,-1,639,689,734,45,735,120.75,1.215320910973085,19,0.19254658385093168,0.8537132585466529,0.3581780538302277,0.14699792960662525,0.21118012422360247
2022-01-20,2022,Validation,1,634,634,639,5,640,133.25,0.1894934333958724,1,0.013133208255159476,1.0849312483784994,0.19136960600375236,0.3602251407129456,-0.16885553470919323
2022-01-21,2022,Validation,1,684,684,694,10,695,286.25,0.13973799126637554,2,0.03668122270742358,0.6642329518275519,0.6489082969432315,0.034934497816593885,0.6139737991266376
2022-01-24,2022,Validation,-1,699,739,789,50,790,286.5,0.9458987783595113,18,0.11082024432809773,0.6324440993915055,0.8403141361256544,0.16055846422338568,0.6797556719022687
2022-01-25,2022,Validation,-1,699,699,704,5,705,268.25,0.08387698042870456,1,0.07362534948741846,0.7380078957481745,0.3168685927306617,0.1276794035414725,0.1891891891891892
2022-01-26,2022,Validation,-1,644,649,654,5,655,164.75,0.14871016691957512,2,0.030349013657056147,0.7153969479247075,0.7253414264036419,0.13201820940819423,0.5933232169954477
2022-01-27,2022,Validation,-1,639,639,644,5,645,177.25,0.29760225669957685,1,0.07475317348377997,0.7992909561456376,0.6036671368124118,0.2468265162200282,0.3568406205923836
2022-01-28,2022,Validation,1,654,664,664,0,665,242.0,0.21797520661157024,2,0.013429752066115703,0.7984587778720562,0.008264462809917356,0.8491735537190083,-0.8409090909090909
2022-01-31,2022,Validation,1,664,664,669,5,670,308.25,0.05596107055961071,1,0.08921330089213302,0.5964258235438761,0.1111111111111111,0.2725060827250608,-0.16139497161394972
2022-02-02,2022,Validation,-1,664,699,719,20,720,151.25,0.5636363636363636,11,0.009917355371900827,0.7288909640048441,0.6115702479338843,0.21322314049586777,0.3983471074380165
2022-02-03,2022,Validation,-1,719,724,734,10,735,154.75,0.2988691437802908,3,0.033925686591276254,0.5234696870242866,0.0791599353796446,0.34894991922455576,-0.26978998384491115
2022-02-07,2022,Validation,-1,684,759,869,110,870,136.25,0.8403669724770643,37,0.1559633027522936,0.478405653422812,0.26788990825688075,0.44036697247706424,-0.1724770642201835
2022-02-09,2022,Validation,1,664,664,669,5,670,98.0,0.16326530612244897,1,0.12244897959183673,0.6625918685506421,0.3086734693877551,0.2193877551020408,0.08928571428571427
2022-02-10,2022,Validation,1,639,644,654,10,655,256.0,0.1494140625,3,0.236328125,0.7670650532321518,0.3056640625,0.0791015625,0.2265625
2022-02-11,2022,Validation,-1,674,679,684,5,685,176.75,0.17963224893917965,2,0.0014144271570014145,0.7091227420893058,0.04809052333804809,0.37057991513437055,-0.32248939179632247
2022-02-14,2022,Validation,1,679,689,699,10,700,152.75,0.2733224222585925,4,0.016366612111292964,0.8961927334913443,0.11783960720130933,0.4026186579378069,-0.28477905073649756
2022-02-15,2022,Validation,1,644,669,689,20,690,77.0,0.3409090909090909,9,0.016233766233766232,0.8374306106264869,0.8311688311688312,0.5616883116883117,0.26948051948051954
2022-02-17,2022,Validation,-1,729,734,744,10,745,157.0,0.1592356687898089,3,0.04617834394904458,0.5544096938216222,0.14331210191082802,0.34394904458598724,-0.20063694267515922
2022-02-18,2022,Validation,-1,634,799,874,75,875,135.0,1.3296296296296297,48,0.13148148148148148,0.9743126614784158,0.29444444444444445,1.0592592592592593,-0.7648148148148148
2022-02-22,2022,Validation,-1,714,719,719,0,720,246.0,0.11686991869918699,1,0.03353658536585366,0.6989254843725922,0.15752032520325204,0.22560975609756098,-0.06808943089430894
2022-02-23,2022,Validation,-1,644,679,714,35,715,236.25,0.3417989417989418,14,0.04867724867724868,0.6913743657621884,0.2455026455026455,0.19365079365079366,0.05185185185185184
2022-02-24,2022,Validation,1,669,684,704,20,705,425.25,0.18694885361552027,7,0.07172251616696061,0.5372210194047065,0.11699000587889477,0.23809523809523808,-0.12110523221634331
2022-02-28,2022,Validation,1,639,694,744,50,745,130.0,1.0384615384615385,21,0.15576923076923077,0.8397488654266702,0.5461538461538461,0.3346153846153846,0.2115384615384615
2022-03-03,2022,Validation,-1,639,679,734,55,735,228.5,0.41684901531728663,19,0.010940919037199124,0.8674982041402729,0.36980306345733044,0.36433260393873085,0.005470459518599591
2022-03-04,2022,Validation,-1,659,674,699,25,700,196.0,0.3354591836734694,8,0.011479591836734694,0.5820701160088858,0.44387755102040816,0.1913265306122449,0.25255102040816324
2022-03-07,2022,Validation,-1,644,659,664,5,665,308.5,0.09805510534846029,4,0.03646677471636953,0.5586551447011938,0.1993517017828201,0.1912479740680713,0.008103727714748793
2022-03-09,2022,Validation,1,659,659,664,5,665,152.0,0.23519736842105263,1,0.10032894736842106,0.6088209088209088,0.3404605263157895,0.3667763157894737,-0.02631578947368418
2022-03-10,2022,Validation,-1,634,634,649,15,650,125.5,0.16135458167330677,3,0.10557768924302789,0.8321705756929637,0.00199203187250996,0.8227091633466136,-0.8207171314741036
2022-03-11,2022,Validation,-1,674,759,829,70,830,215.0,0.48953488372093024,31,0.005813953488372093,0.9341750916074345,0.037209302325581395,0.3988372093023256,-0.3616279069767442
2022-03-16,2022,Validation,1,634,644,644,0,645,225.0,0.13,2,0.13444444444444445,0.862780958714786,0.08444444444444445,0.15555555555555556,-0.07111111111111111
2022-03-18,2022,Validation,1,679,679,684,5,685,250.25,0.013986013986013986,1,0.05094905094905095,0.5374050649659954,0.0899100899100899,0.17882117882117882,-0.08891108891108891
2022-03-21,2022,Validation,-1,799,804,814,10,815,238.75,0.18534031413612564,3,0.08481675392670157,0.651893977125574,0.3612565445026178,0.16230366492146597,0.19895287958115182
2022-03-22,2022,Validation,1,634,689,749,60,750,216.75,0.43367935409457903,23,0.0034602076124567475,0.8777427369231156,0.08765859284890427,0.2041522491349481,-0.11649365628604381
2022-03-23,2022,Validation,1,664,664,669,5,670,134.75,0.16512059369202226,1,0.07235621521335807,0.5960970981514686,0.059369202226345084,0.7142857142857143,-0.6549165120593692
2022-03-28,2022,Validation,-1,709,714,724,10,725,162.5,0.19538461538461538,3,0.08153846153846153,0.6604758757435559,0.21076923076923076,0.3830769230769231,-0.17230769230769233
2022-03-30,2022,Validation,-1,669,674,694,20,695,88.75,0.5070422535211268,5,0.005633802816901409,0.8389325086849133,0.37183098591549296,0.14366197183098592,0.22816901408450704
2022-04-01,2022,Validation,-1,699,799,869,70,870,125.5,0.649402390438247,34,0.11752988047808766,0.7888098740501537,0.2788844621513944,0.5059760956175299,-0.22709163346613548
2022-04-05,2022,Validation,-1,639,644,649,5,650,201.0,0.11069651741293532,2,0.07462686567164178,0.7696299056847176,0.18034825870646767,0.2860696517412935,-0.10572139303482583
2022-04-06,2022,Validation,-1,669,674,674,0,675,187.25,0.0534045393858478,1,0.03204272363150868,0.5381509032943678,0.32843791722296395,0.08811748998664887,0.24032042723631508
2022-04-07,2022,Validation,-1,644,649,654,5,655,148.75,0.226890756302521,2,0.0907563025210084,0.8823692734844979,0.23361344537815126,0.788235294117647,-0.5546218487394958
2022-04-08,2022,Validation,1,744,749,754,5,755,164.25,0.1308980213089802,2,0.0334855403348554,0.48121271668187243,0.4474885844748858,0.0974124809741248,0.350076103500761
2022-04-11,2022,Validation,-1,644,654,694,40,695,134.75,0.21150278293135436,10,0.14656771799628943,0.646310119276645,0.12059369202226346,0.2820037105751391,-0.16141001855287568
2022-04-12,2022,Validation,-1,649,654,659,5,660,164.5,0.1519756838905775,2,0.028875379939209727,0.8240452865606852,0.5182370820668692,0.19148936170212766,0.3267477203647416
2022-04-14,2022,Validation,-1,704,774,844,70,845,213.5,0.34192037470725994,28,0.02810304449648712,0.677637566723243,0.01990632318501171,0.4929742388758782,-0.4730679156908665
2022-04-18,2022,Validation,-1,734,754,789,35,790,175.5,0.2336182336182336,11,0.10256410256410256,0.5663446779960112,0.7564102564102564,0.10113960113960115,0.6552706552706552
2022-04-20,2022,Validation,-1,679,689,689,0,690,232.75,0.05263157894736842,2,0.022556390977443608,0.4995976599030034,0.19011815252416756,0.2706766917293233,-0.08055853920515574
2022-04-25,2022,Validation,1,634,639,644,5,645,171.0,0.34941520467836257,2,0.05555555555555555,1.0099573637712345,0.7675438596491229,0.17690058479532164,0.5906432748538012
2022-04-26,2022,Validation,-1,639,644,649,5,650,283.0,0.10777385159010601,2,0.07420494699646643,0.9775461968199399,0.01060070671378092,0.29858657243816256,-0.2879858657243816
2022-04-28,2022,Validation,-1,634,644,654,10,655,217.25,0.14039125431530494,4,0.06789413118527042,0.7743479301268246,0.620253164556962,0.0379746835443038,0.5822784810126582
2022-04-29,2022,Validation,-1,644,674,704,30,705,216.75,0.2848904267589389,12,0.04844290657439446,0.4739120892276382,0.12918108419838523,0.6805074971164936,-0.5513264129181084
2022-05-02,2022,Validation,1,634,634,644,10,645,251.5,0.2077534791252485,2,0.09642147117296222,0.8425092595292951,0.588469184890656,0.020874751491053677,0.5675944333996024
2022-05-03,2022,Validation,1,819,829,834,5,835,183.75,0.17142857142857143,3,0.04081632653061224,0.2542715741530006,0.8095238095238095,0.02857142857142857,0.780952380952381
2022-05-04,2022,Validation,-1,664,694,709,15,710,183.25,0.26193724420190995,9,0.1009549795361528,0.6235619437707038,0.7394270122783083,0.0572987721691678,0.6821282401091405
2022-05-06,2022,Validation,1,674,684,694,10,695,321.5,0.2744945567651633,4,0.1500777604976672,0.5041418653352178,0.29704510108864696,0.16951788491446346,0.1275272161741835
2022-05-09,2022,Validation,-1,634,644,649,5,650,209.5,0.2577565632458234,3,0.029832935560859187,0.9142132732740833,0.06801909307875895,0.5465393794749404,-0.4785202863961814
2022-05-10,2022,Validation,-1,649,689,809,120,810,210.75,0.7888493475682088,32,0.045077105575326216,0.9218001835909396,0.8232502965599051,0.0011862396204033216,0.8220640569395018
2022-05-11,2022,Validation,-1,779,839,884,45,885,332.5,0.4330827067669173,21,0.013533834586466165,0.6007857154900605,0.05263157894736842,0.5157894736842106,-0.46315789473684216
2022-05-12,2022,Validation,1,659,674,684,10,685,352.75,0.24592487597448617,5,0.04323175053153792,0.6741617357001972,0.6279234585400425,0.08504606661941885,0.5428773919206237
2022-05-13,2022,Validation,1,689,734,824,90,825,274.0,0.33485401459854014,27,0.014598540145985401,0.5566583514675442,0.4233576642335766,0.02737226277372263,0.395985401459854
2022-05-16,2022,Validation,1,869,874,884,10,885,171.75,0.1615720524017467,3,0.004366812227074236,0.457899555044602,0.8326055312954876,0.07423580786026202,0.7583697234352256
2022-05-17,2022,Validation,-1,639,654,684,30,685,132.5,0.5641509433962264,9,0.10566037735849057,0.9068847534006509,0.5528301886792453,0.016981132075471698,0.5358490566037736
2022-05-18,2022,Validation,-1,634,639,649,10,650,110.0,0.27045454545454545,3,0.14772727272727273,0.8632670641690455,0.00909090909090909,1.6636363636363636,-1.6545454545454545
2022-05-19,2022,Validation,1,699,704,744,40,745,214.0,0.31542056074766356,9,0.052570093457943924,0.5669340847431971,0.6869158878504673,0.12266355140186916,0.5642523364485982
2022-05-23,2022,Validation,1,694,699,709,10,710,193.75,0.19483870967741934,3,0.016774193548387096,0.7401179225174292,0.05419354838709677,0.3987096774193548,-0.34451612903225803
2022-05-25,2022,Validation,1,634,639,644,5,645,182.75,0.21477428180574556,2,0.008207934336525308,0.8434758260220273,0.4049247606019152,0.07523939808481532,0.32968536251709984
2022-05-26,2022,Validation,1,664,684,694,10,695,296.75,0.14406065711878685,6,0.03201347935973041,0.8177105409018292,0.016006739679865205,0.405223251895535,-0.3892165122156698
2022-05-27,2022,Validation,1,709,734,744,10,745,180.5,0.1634349030470914,7,0.04847645429362881,0.5081337906296215,0.07479224376731301,0.14681440443213298,-0.07202216066481996
2022-05-31,2022,Validation,1,714,724,744,20,745,208.0,0.3088942307692308,6,0.05889423076923077,0.7830007872951243,0.008413461538461538,0.3870192307692308,-0.3786057692307692
2022-06-01,2022,Validation,-1,634,639,644,5,645,217.75,0.22158438576349024,2,0.10332950631458095,0.8755946768772357,0.17336394948335246,0.5591274397244547,-0.38576349024110224
2022-06-03,2022,Validation,-1,639,689,784,95,785,122.0,0.8709016393442623,29,0.2581967213114754,1.096230839409179,0.02663934426229508,0.8688524590163934,-0.8422131147540983
2022-06-06,2022,Validation,-1,679,754,839,85,840,136.5,1.031135531135531,32,0.027472527472527472,1.1353846153846152,0.04212454212454213,0.8846153846153846,-0.8424908424908425
2022-06-07,2022,Validation,1,634,649,689,40,690,187.75,0.5699067909454061,11,0.014647137150466045,1.0273672731354893,0.19174434087882822,0.1411451398135819,0.05059920106524632
2022-06-08,2022,Validation,-1,759,769,769,0,770,155.5,0.1382636655948553,2,0.017684887459807074,0.7673388048351995,0.11736334405144695,0.32636655948553056,-0.20900321543408362
2022-06-10,2022,Validation,-1,674,679,679,0,680,237.5,0.056842105263157895,1,0.07578947368421053,0.5616781131874568,0.07789473684210527,0.20210526315789473,-0.12421052631578947
2022-06-13,2022,Validation,-1,644,674,679,5,680,192.0,0.3528645833333333,7,0.01953125,0.8299159483912415,0.3411458333333333,0.0859375,0.2552083333333333
2022-06-14,2022,Validation,-1,644,644,649,5,650,149.5,0.15217391304347827,1,0.5301003344481605,0.8049325762952448,0.08528428093645485,0.5769230769230769,-0.491638795986622
2022-06-16,2022,Validation,-1,639,654,674,20,675,146.75,0.5059625212947189,7,0.08858603066439523,0.8546654929577465,0.1635434412265758,0.4957410562180579,-0.33219761499148215
2022-06-17,2022,Validation,-1,634,649,664,15,665,166.0,0.3825301204819277,6,0.1430722891566265,1.0335228203148759,0.6731927710843374,0.030120481927710843,0.6430722891566265
2022-06-21,2022,Validation,1,654,659,674,15,675,190.5,0.06299212598425197,4,0.013123359580052493,0.5152653973972731,0.39763779527559057,0.06036745406824147,0.3372703412073491
2022-06-22,2022,Validation,1,639,639,649,10,650,269.25,0.11049210770659239,2,0.11420612813370473,0.7148231646172775,0.25812441968430827,0.11327762302692665,0.14484679665738162
2022-06-23,2022,Validation,1,644,659,664,5,665,144.0,0.3107638888888889,4,0.027777777777777776,0.9997354970154054,0.5850694444444444,0.4236111111111111,0.16145833333333331
2022-06-30,2022,Validation,1,714,719,724,5,725,237.0,0.11392405063291139,2,0.014767932489451477,0.39577652485904663,0.18881856540084388,0.42510548523206754,-0.23628691983122366
2022-07-05,2022,Validation,1,639,644,664,20,665,129.75,0.697495183044316,5,0.10404624277456648,1.3260887260887262,0.2813102119460501,0.6570327552986512,-0.37572254335260113
2022-07-07,2022,Validation,1,654,654,659,5,660,133.5,0.12734082397003746,1,0.011235955056179775,0.8305527566497543,0.17415730337078653,0.2902621722846442,-0.11610486891385766
2022-07-08,2022,Validation,1,634,644,654,10,655,146.25,0.22564102564102564,4,0.037606837606837605,0.7718228008636813,0.008547008547008548,0.6273504273504273,-0.6188034188034188
2022-07-14,2022,Validation,1,704,704,729,25,730,173.25,0.18037518037518038,5,0.017316017316017316,1.1760914993060985,0.3492063492063492,0.1370851370851371,0.2121212121212121
2022-07-15,2022,Validation,1,684,689,689,0,690,136.5,0.04395604395604396,1,0.12454212454212454,0.336166194523135,0.3241758241758242,0.12637362637362637,0.19780219780219782
2022-07-20,2022,Validation,1,634,729,794,65,795,136.25,0.908256880733945,32,0.1614678899082569,1.255415001654407,0.10275229357798166,0.4917431192660551,-0.3889908256880734
2022-07-22,2022,Validation,-1,664,669,674,5,675,155.75,0.10914927768860354,2,0.09951845906902086,0.6739502223295306,0.006420545746388443,0.9373996789727127,-0.9309791332263243
2022-07-26,2022,Validation,-1,634,639,649,10,650,112.0,0.18973214285714285,3,0.03125,0.8163793944662769,0.1875,0.47767857142857145,-0.29017857142857145
2022-07-27,2022,Validation,1,664,664,669,5,670,158.0,0.09018987341772151,1,0.04746835443037975,0.8321842373882988,0.13449367088607594,0.17563291139240506,-0.04113924050632911
2022-07-28,2022,Validation,1,689,714,739,25,740,202.0,0.2042079207920792,10,0.054455445544554455,0.7977144387652613,0.0952970297029703,0.17945544554455445,-0.08415841584158415
2022-07-29,2022,Validation,1,834,839,839,0,840,186.5,0.04155495978552279,1,0.029490616621983913,0.3611130008844139,0.05630026809651475,0.24664879356568364,-0.1903485254691689
2022-08-01,2022,Validation,1,649,654,669,15,670,216.5,0.18706697459584296,4,0.04041570438799076,0.7673829041926981,0.13856812933025403,0.151270207852194,-0.012702078521939969
2022-08-02,2022,Validation,1,654,654,674,20,675,136.75,0.32541133455210236,4,0.13528336380255943,1.082391250486674,0.12431444241316271,0.6179159049360147,-0.493601462522852
2022-08-03,2022,Validation,1,674,674,679,5,680,183.75,0.06394557823129252,1,0.050340136054421766,0.9121276911026905,0.0027210884353741495,0.32789115646258504,-0.3251700680272109
2022-08-04,2022,Validation,-1,634,639,649,10,650,107.5,0.43488372093023253,3,0.018604651162790697,1.0010385543323694,0.3209302325581395,0.32790697674418606,-0.006976744186046546
2022-08-05,2022,Validation,-1,689,694,694,0,695,195.5,0.15089514066496162,1,0.0319693094629156,1.159351964137292,0.26214833759590794,0.11125319693094629,0.15089514066496165
2022-08-08,2022,Validation,-1,704,704,714,10,715,187.25,0.18691588785046728,2,0.10146862483311081,1.2393210458365345,0.0534045393858478,0.49666221628838453,-0.4432576769025367
2022-08-10,2022,Validation,1,664,669,674,5,675,117.25,0.23667377398720682,2,0.057569296375266525,1.106627440987746,0.13859275053304904,0.34328358208955223,-0.2046908315565032
2022-08-12,2022,Validation,1,679,699,719,20,720,103.25,0.26150121065375304,8,0.053268765133171914,0.8509702146675147,0.03631961259079903,0.4116222760290557,-0.3753026634382567
2022-08-16,2022,Validation,-1,634,639,644,5,645,100.75,0.3548387096774194,2,0.02977667493796526,1.223104385357276,0.9032258064516129,0.10669975186104218,0.7965260545905707
2022-08-17,2022,Validation,-1,639,639,644,5,645,100.25,0.30174563591022446,1,0.04738154613466334,1.2589406500398905,0.14463840399002495,0.5411471321695761,-0.3965087281795512
2022-08-18,2022,Validation,1,644,654,664,10,665,79.75,0.3949843260188088,4,0.018808777429467086,1.0478272752118065,0.1786833855799373,0.9341692789968652,-0.755485893416928
2022-08-19,2022,Validation,-1,654,674,709,35,710,144.25,0.24263431542461006,11,0.045060658578856154,0.8411419107516366,0.12824956672443674,0.22357019064124783,-0.09532062391681109
2022-08-22,2022,Validation,-1,659,664,664,0,665,127.5,0.11960784313725491,1,0.0196078431372549,0.7280529344974747,0.27058823529411763,0.17058823529411765,0.09999999999999998
2022-08-24,2022,Validation,1,674,739,764,25,765,97.75,0.6342710997442456,18,0.005115089514066497,0.7442268855913601,0.391304347826087,0.1432225063938619,0.2480818414322251
2022-08-25,2022,Validation,1,639,644,654,10,655,139.5,0.11827956989247312,3,0.11827956989247312,0.49105682336220535,0.6039426523297491,0.023297491039426525,0.5806451612903225
2022-08-29,2022,Validation,-1,654,659,664,5,665,131.5,0.15779467680608364,2,0.10646387832699619,0.8287130281291725,0.42775665399239543,0.33269961977186313,0.0950570342205323
2022-08-31,2022,Validation,-1,639,644,644,0,645,138.0,0.16485507246376813,1,0.1793478260869565,0.7061570133921939,0.16666666666666666,0.7101449275362319,-0.5434782608695653
2022-09-01,2022,Validation,-1,644,779,804,25,805,128.25,0.6081871345029239,32,0.07017543859649122,0.8702846610690149,0.4600389863547758,0.25925925925925924,0.20077972709551656
2022-09-02,2022,Validation,1,634,644,654,10,655,142.5,0.3263157894736842,4,0.156140350877193,1.0911237766525126,0.1736842105263158,0.29473684210526313,-0.12105263157894733
2022-09-05,2022,Validation,1,634,639,649,10,650,43.75,0.2914285714285714,3,0.11428571428571428,1.3894648360885402,0.2914285714285714,0.45714285714285713,-0.1657142857142857
2022-09-07,2022,Validation,1,674,674,689,15,690,98.75,0.25063291139240507,3,0.010126582278481013,0.899947783049924,0.2683544303797468,0.3493670886075949,-0.08101265822784809
2022-09-08,2022,Validation,1,639,684,724,40,725,171.0,0.5423976608187134,17,0.3026315789473684,0.8806296337280071,0.5687134502923976,0.07309941520467836,0.4956140350877193
2022-09-09,2022,Validation,1,639,644,669,25,670,129.75,0.1907514450867052,6,0.03468208092485549,0.5821092909664791,0.14836223506743737,0.3044315992292871,-0.15606936416184972
2022-09-14,2022,Validation,1,654,654,664,10,665,115.25,0.11279826464208242,2,0.10845986984815618,1.0539404811638364,0.14533622559652928,0.4490238611713666,-0.30368763557483736
2022-09-15,2022,Validation,-1,634,634,639,5,640,127.25,0.1100196463654224,1,0.11591355599214145,1.2230869513688618,0.07465618860510806,1.0412573673870333,-0.9666011787819253
2022-09-16,2022,Validation,1,634,639,644,5,645,104.0,0.2932692307692308,2,0.23798076923076922,0.8204798304699916,0.6514423076923077,0.07692307692307693,0.5745192307692308
2022-09-19,2022,Validation,1,639,679,684,5,685,120.0,0.35625,9,0.0875,1.110083718605523,0.6375,0.05625,0.5812499999999999
2022-09-20,2022,Validation,1,654,729,754,25,755,61.0,1.2336065573770492,20,0.05737704918032787,0.8508791035472072,1.4549180327868851,0.19262295081967212,1.262295081967213
2022-09-21,2022,Validation,1,754,759,759,0,760,61.0,0.18032786885245902,1,0.04918032786885246,0.4343440791573572,0.5081967213114754,0.19672131147540983,0.3114754098360656
2022-09-22,2022,Validation,-1,654,684,709,25,710,116.0,0.4849137931034483,11,0.15732758620689655,0.69185398641503,0.17025862068965517,0.38146551724137934,-0.21120689655172417
2022-09-23,2022,Validation,-1,729,754,774,20,775,132.75,0.3088512241054614,9,0.16760828625235405,0.5701888507789578,0.08286252354048965,0.4030131826741996,-0.32015065913371
2022-09-26,2022,Validation,-1,749,764,774,10,775,195.25,0.1677336747759283,5,0.08066581306017925,0.7085748766243561,0.1382842509603073,0.29833546734955185,-0.16005121638924455
2022-09-28,2022,Validation,1,649,649,659,10,660,143.25,0.16230366492146597,2,0.08202443280977312,0.8740398282818131,0.1012216404886562,0.5846422338568935,-0.4834205933682373
2022-09-30,2022,Validation,1,634,674,704,30,705,132.25,0.6200378071833649,14,0.08506616257088846,0.8275428786831689,0.4896030245746692,0.07561436672967864,0.41398865784499056
2022-10-03,2022,Validation,1,644,649,654,5,655,174.25,0.09469153515064563,2,0.014347202295552367,0.5903598576387363,0.26255380200860834,0.14203730272596843,0.12051649928263991
2022-10-05,2022,Validation,-1,634,634,639,5,640,154.75,0.1147011308562197,1,0.07592891760904685,0.9089163430991882,0.3877221324717286,0.14539579967689822,0.24232633279483037
2022-10-07,2022,Validation,-1,679,684,689,5,690,145.5,0.14261168384879724,2,0.044673539518900345,0.6654213967193275,0.07388316151202749,0.4536082474226804,-0.3797250859106529
2022-10-10,2022,Validation,-1,639,669,709,40,710,143.0,0.38636363636363635,14,0.06643356643356643,1.163016497155284,0.19055944055944055,0.5367132867132867,-0.34615384615384615
2022-10-11,2022,Validation,1,704,714,724,10,725,156.25,0.3264,4,0.0816,0.7022095453923848,0.128,0.6816,-0.5536
2022-10-14,2022,Validation,-1,644,649,649,0,650,347.5,0.017266187050359712,1,0.007194244604316547,0.6556160966323115,0.3107913669064748,0.10215827338129496,0.20863309352517984
2022-10-18,2022,Validation,-1,634,639,649,10,650,173.25,0.25685425685425683,3,0.08802308802308802,0.9311116858166771,0.002886002886002886,1.0952380952380953,-1.0923520923520924
2022-10-19,2022,Validation,-1,784,789,844,55,845,173.0,0.35260115606936415,12,0.04335260115606936,1.1161537833646233,0.20953757225433525,0.14450867052023122,0.06502890173410403
2022-10-20,2022,Validation,-1,829,834,839,5,840,237.75,0.07150368033648791,2,0.019978969505783387,0.786049315551896,0.029442691903259727,0.2302839116719243,-0.20084121976866456
2022-10-21,2022,Validation,1,724,724,729,5,730,230.0,0.1,1,0.030434782608695653,0.8229562834232362,0.17391304347826086,0.17173913043478262,0.0021739130434782483
2022-10-24,2022,Validation,1,739,744,754,10,755,218.25,0.13172966781214204,3,0.013745704467353952,0.44884127386495537,0.22336769759450173,0.12027491408934708,0.10309278350515465
2022-10-25,2022,Validation,1,669,669,674,5,675,149.75,0.05676126878130217,1,0.07178631051752922,0.7628784455490285,0.01001669449081803,0.2888146911519199,-0.27879799666110183
2022-10-26,2022,Validation,1,639,704,774,70,775,155.5,0.7395498392282959,27,0.01929260450160772,0.7239590313008519,0.729903536977492,0.03054662379421222,0.6993569131832797
2022-10-27,2022,Validation,-1,749,754,754,0,755,200.25,0.08114856429463171,1,0.07615480649188515,0.6191521632234696,0.29213483146067415,0.056179775280898875,0.23595505617977527
2022-11-01,2022,Validation,-1,644,644,654,10,655,243.75,0.06564102564102564,2,0.048205128205128206,0.9897733207290228,0.043076923076923075,0.24717948717948718,-0.2041025641025641
2022-11-02,2022,Validation,-1,674,759,844,85,845,81.25,0.8461538461538461,34,1.7476923076923077,0.8605592460991812,0.7107692307692308,3.4984615384615383,-2.7876923076923075
2022-11-03,2022,Validation,1,649,664,669,5,670,140.5,0.2846975088967972,4,0.16725978647686832,0.752202326656587,0.5231316725978647,0.03202846975088968,0.49110320284697506
2022-11-04,2022,Validation,-1,714,729,729,0,730,239.25,0.19122257053291536,3,0.02612330198537095,0.9138801419503174,0.27377220480668757,0.2612330198537095,0.012539184952978066
2022-11-08,2022,Validation,1,639,704,809,105,810,104.75,1.1431980906921242,34,0.09785202863961814,0.6515841244424111,1.5178997613365155,0.19331742243436753,1.324582338902148
2022-11-09,2022,Validation,-1,654,659,664,5,665,87.5,0.4114285714285714,2,0.09142857142857143,0.36723989681857266,0.6857142857142857,0.14,0.5457142857142857
2022-11-10,2022,Validation,1,694,704,704,0,705,199.75,0.09136420525657071,2,0.028785982478097622,0.5129196455305223,0.1702127659574468,0.17772215269086358,-0.0075093867334167785
2022-11-11,2022,Validation,1,649,654,659,5,660,192.0,0.1015625,2,0.06901041666666667,0.5370949479700221,0.5716145833333334,0.15755208333333334,0.4140625
2022-11-14,2022,Validation,1,709,709,714,5,715,114.0,0.09210526315789473,1,0.1337719298245614,0.6491287348554328,0.1513157894736842,0.4649122807017544,-0.3135964912280702
2022-11-16,2022,Validation,-1,654,654,664,10,665,112.25,0.155902004454343,2,0.0779510022271715,0.7321279289177633,0.5478841870824054,0.0645879732739421,0.48329621380846327
2022-11-18,2022,Validation,-1,659,664,674,10,675,166.75,0.18440779610194902,3,0.029985007496251874,0.881777395162492,0.21739130434782608,0.17091454272863568,0.0464767616191904
2022-11-21,2022,Validation,-1,649,649,654,5,655,112.5,0.10888888888888888,1,0.006666666666666667,0.6525122720197948,0.3688888888888889,0.028888888888888888,0.33999999999999997
2022-11-23,2022,Validation,1,634,644,649,5,650,123.0,0.18089430894308944,3,0.034552845528455285,0.6705531250334271,0.34552845528455284,0.17276422764227642,0.17276422764227642
2022-11-24,2022,Validation,1,659,664,689,25,690,19.75,0.31645569620253167,6,0.10126582278481013,1.2160804020100502,0.11392405063291139,0.4430379746835443,-0.3291139240506329
2022-11-28,2022,Validation,-1,729,734,739,5,740,106.75,0.13114754098360656,2,0.1920374707259953,0.9715979351090349,0.1592505854800937,0.40046838407494145,-0.24121779859484777
2022-11-30,2022,Validation,-1,664,664,669,5,670,62.75,0.16733067729083664,1,0.44621513944223107,0.7907282242515414,0.46215139442231074,0.14342629482071714,0.31872509960159356
2022-12-02,2022,Validation,1,704,709,714,5,715,115.5,0.22294372294372294,2,0.010822510822510822,0.7077902180318209,0.31385281385281383,0.24675324675324675,0.06709956709956708
2022-12-05,2022,Validation,-1,694,699,699,0,700,108.0,0.12962962962962962,1,0.016203703703703703,0.7571105335003833,0.13194444444444445,0.3194444444444444,-0.18749999999999997
2022-12-06,2022,Validation,-1,664,669,674,5,675,194.75,0.04621309370988447,2,0.01668806161745828,0.5229331396543927,0.15917843388960207,0.11681643132220795,0.042362002567394114
2022-12-08,2022,Validation,1,819,824,834,10,835,186.5,0.11796246648793565,3,0.057640750670241284,0.32219358471767995,0.4075067024128686,0.0160857908847185,0.3914209115281501
2022-12-09,2022,Validation,1,639,644,644,0,645,110.75,0.07900677200902935,1,0.06772009029345373,0.6893053794445121,0.21670428893905191,0.5711060948081265,-0.35440180586907455
2022-12-13,2022,Validation,-1,639,639,674,35,675,203.75,0.2650306748466258,7,0.17300613496932515,0.800997280145059,0.02822085889570552,1.0846625766871165,-1.056441717791411
2022-12-14,2022,Validation,1,664,664,669,5,670,114.0,0.10307017543859649,1,0.22807017543859648,0.7890605869237411,0.021929824561403508,0.39473684210526316,-0.37280701754385964
2022-12-16,2022,Validation,-1,634,639,639,0,640,153.75,0.16260162601626016,1,0.026016260162601626,1.1075234572135526,0.14146341463414633,0.22926829268292684,-0.08780487804878051
2022-12-19,2022,Validation,-1,664,664,679,15,680,128.75,0.13592233009708737,3,0.03300970873786408,0.9592060625495789,0.038834951456310676,0.4174757281553398,-0.3786407766990291
2022-12-20,2022,Validation,1,634,634,659,25,660,152.75,0.18003273322422259,5,0.18003273322422259,0.8495757117266285,0.5957446808510638,0.1309328968903437,0.4648117839607201
2022-12-22,2022,Validation,-1,634,634,649,15,650,185.0,0.13378378378378378,3,0.005405405405405406,1.5953799171529646,0.03513513513513514,0.3364864864864865,-0.3013513513513514
2022-12-23,2022,Validation,1,634,644,649,5,650,138.25,0.352622061482821,3,0.034358047016274866,0.7092234441494965,0.5443037974683544,0.09584086799276673,0.44846292947558775
2022-12-28,2022,Validation,-1,659,739,784,45,785,134.75,0.6586270871985158,25,0.08719851576994433,1.0968143410881774,0.13172541743970315,0.45083487940630795,-0.31910946196660483
2022-12-29,2022,Validation,1,639,644,649,5,650,160.25,0.09828393135725429,2,0.0031201248049922,0.7036115944489242,0.08268330733229329,0.23088923556942278,-0.1482059282371295
2022-12-30,2022,Validation,1,649,649,654,5,655,92.25,0.25474254742547425,1,0.08672086720867209,0.7462635076860636,0.43360433604336046,0.08943089430894309,0.3441734417344174
2023-01-03,2023,Validation,-1,634,634,639,5,640,256.75,0.04673807205452775,1,0.05063291139240506,0.6436592908142686,0.1830574488802337,0.26874391431353456,-0.08568646543330086
2023-01-04,2023,Validation,1,699,719,724,5,725,183.0,0.12021857923497267,5,0.01366120218579235,0.7356283254166737,0.36885245901639346,0.0860655737704918,0.2827868852459017
2023-01-06,2023,Validation,1,639,644,644,0,645,178.75,0.14685314685314685,1,0.022377622377622378,0.7482279682911211,0.019580419580419582,0.45314685314685316,-0.4335664335664336
2023-01-09,2023,Validation,1,634,679,819,140,820,130.25,0.46449136276391556,37,0.009596928982725527,0.7680744155143059,0.45681381957773515,0.005758157389635317,0.45105566218809984
2023-01-12,2023,Validation,1,739,799,809,10,810,207.5,0.20120481927710843,14,0.18674698795180722,0.4707583277933042,0.13614457831325302,0.4566265060240964,-0.3204819277108434
2023-01-13,2023,Validation,1,649,649,654,5,655,113.25,0.1434878587196468,1,0.002207505518763797,0.5889931831971162,0.6004415011037527,0.07947019867549669,0.5209713024282561
2023-01-19,2023,Validation,-1,654,659,669,10,670,97.75,0.28388746803069054,3,0.10741687979539642,0.5428602822295823,0.23785166240409208,0.5191815856777494,-0.28132992327365736
2023-01-23,2023,Validation,1,634,634,639,5,640,187.75,0.03861517976031957,1,0.022636484687083888,0.8052407932011331,0.06657789613848203,0.5392809587217043,-0.4727030625832223
2023-01-25,2023,Validation,1,679,684,684,0,685,109.25,0.18306636155606407,1,0.006864988558352402,1.1856339778052167,0.10983981693363844,0.597254004576659,-0.4874141876430206
2023-01-26,2023,Validation,-1,654,659,674,15,675,128.0,0.3125,4,0.013671875,0.6247760140153609,0.5390625,0.34375,0.1953125
2023-01-27,2023,Validation,1,704,719,724,5,725,151.5,0.10396039603960396,4,0.037953795379537955,0.6437826339199381,0.006600660066006601,0.3547854785478548,-0.3481848184818482
2023-01-30,2023,Validation,-1,639,649,669,20,670,115.75,0.38876889848812096,6,0.032397408207343416,0.9525912838633687,0.3412526997840173,0.1857451403887689,0.15550755939524838
2023-01-31,2023,Validation,1,634,634,639,5,640,92.5,0.10540540540540541,1,0.08378378378378379,0.7601644276814848,0.07027027027027027,0.46216216216216216,-0.3918918918918919
2023-02-01,2023,Validation,-1,654,664,674,10,675,56.75,0.43171806167400884,4,0.14096916299559473,0.824251317281398,0.6079295154185022,0.13215859030837004,0.4757709251101321
2023-02-03,2023,Validation,1,639,649,654,5,655,275.5,0.08620689655172414,3,0.06896551724137931,0.5068834869375528,0.1424682395644283,0.2277676950998185,-0.0852994555353902
2023-02-07,2023,Validation,1,674,679,679,0,680,77.25,0.12297734627831715,1,0.025889967637540454,0.5083587774721122,0.12297734627831715,0.5469255663430421,-0.423948220064725
2023-02-09,2023,Validation,-1,664,669,674,5,675,110.5,0.3076923076923077,2,0.029411764705882353,1.0041555673947788,0.01809954751131222,0.5882352941176471,-0.5701357466063348
2023-02-10,2023,Validation,-1,719,739,774,35,775,137.5,0.3,11,0.04,0.5326506781640169,0.5781818181818181,0.03090909090909091,0.5472727272727272
2023-02-15,2023,Validation,1,689,694,694,0,695,107.25,0.053613053613053616,1,0.14685314685314685,0.6731605749287796,0.07692307692307693,0.5244755244755245,-0.44755244755244755
2023-02-16,2023,Validation,1,634,664,739,75,740,125.75,0.40556660039761433,21,0.1073558648111332,0.6343109500622806,0.02584493041749503,0.6819085487077535,-0.6560636182902585
2023-02-17,2023,Validation,-1,684,694,699,5,700,127.5,0.16666666666666666,3,0.06274509803921569,0.5803708113624766,0.3411764705882353,0.1568627450980392,0.1843137254901961
2023-02-21,2023,Validation,-1,669,674,674,0,675,108.25,0.12702078521939955,1,0.006928406466512702,0.6671653938163314,0.04849884526558892,0.36027713625866054,-0.31177829099307164
2023-02-23,2023,Validation,-1,649,724,859,135,860,95.0,1.4342105263157894,42,0.12894736842105264,1.4234199848988973,0.5447368421052632,0.03684210526315789,0.5078947368421053
2023-02-24,2023,Validation,-1,654,659,659,0,660,109.0,0.10091743119266056,1,0.016055045871559634,0.6062223300382074,0.7522935779816514,0.11467889908256881,0.6376146788990826
2023-02-27,2023,Validation,-1,639,644,669,25,670,83.25,0.35735735735735735,6,0.1021021021021021,1.698583610348316,0.05105105105105105,0.5885885885885885,-0.5375375375375375
2023-03-01,2023,Validation,-1,669,674,689,15,690,126.5,0.22332015810276679,4,0.011857707509881422,1.0256032832078639,0.6482213438735178,0.05138339920948617,0.5968379446640316
2023-03-03,2023,Validation,1,734,734,754,20,755,114.0,0.09868421052631579,4,0.010964912280701754,0.4166521470070475,0.041666666666666664,0.4692982456140351,-0.4276315789473684
2023-03-06,2023,Validation,1,639,679,754,75,755,95.0,0.4631578947368421,23,0.07894736842105263,0.4659561404889721,0.6131578947368421,0.06315789473684211,0.55
2023-03-07,2023,Validation,-1,829,829,839,10,840,182.5,0.06027397260273973,2,0.01780821917808219,0.6158396196394811,0.10684931506849316,0.23013698630136986,-0.1232876712328767
2023-03-08,2023,Validation,1,634,639,639,0,640,107.75,0.07424593967517401,1,0.05568445475638051,1.0441218084064343,0.43155452436194897,0.21345707656612528,0.21809744779582368
2023-03-09,2023,Validation,-1,769,769,774,5,775,123.5,0.10526315789473684,1,0.03643724696356275,0.6826413172636225,0.07489878542510121,1.082995951417004,-1.0080971659919027
2023-03-10,2023,Validation,1,689,694,709,15,710,162.5,0.32,4,0.15538461538461537,0.6136672554517338,0.4938461538461538,0.016923076923076923,0.4769230769230769
2023-03-13,2023,Validation,1,664,724,814,90,815,245.75,0.5544252288911495,30,0.013224821973550356,0.7902181396686508,0.024415055951169887,0.6063072227873856,-0.5818921668362157
2023-03-14,2023,Validation,1,634,634,644,10,645,108.75,0.15172413793103448,2,0.013793103448275862,0.936723061612232,0.1793103448275862,0.4482758620689655,-0.2689655172413793
2023-03-15,2023,Validation,-1,634,639,639,0,640,94.0,0.13829787234042554,1,0.047872340425531915,0.8230954015099519,0.8404255319148937,0.3696808510638298,0.47074468085106386
2023-03-17,2023,Validation,-1,634,704,794,90,795,141.5,0.7084805653710248,32,0.05653710247349823,1.4608964357665448,0.15547703180212014,0.2773851590106007,-0.12190812720848054
2023-03-20,2023,Validation,1,649,654,654,0,655,103.5,0.06038647342995169,1,0.06521739130434782,0.6597487544701531,0.03140096618357488,0.6884057971014492,-0.6570048309178743
2023-03-21,2023,Validation,-1,654,659,669,10,670,103.25,0.2009685230024213,3,0.11380145278450363,0.8817003025869825,0.3171912832929782,0.3220338983050847,-0.0048426150121065326
2023-03-22,2023,Validation,1,699,704,704,0,705,87.75,0.07122507122507123,1,0.07407407407407407,0.6095319818370338,0.6552706552706553,0.1225071225071225,0.5327635327635328
2023-03-23,2023,Validation,1,644,669,789,120,790,111.25,0.651685393258427,29,0.0898876404494382,0.6885014801935999,0.6831460674157304,0.04044943820224719,0.6426966292134831
2023-03-24,2023,Validation,1,874,889,894,5,895,108.5,0.21428571428571427,4,0.020737327188940093,0.4701505401057228,0.10368663594470046,0.4792626728110599,-0.37557603686635943
2023-03-27,2023,Validation,-1,644,649,654,5,655,84.5,0.15976331360946747,2,0.1301775147928994,0.7175412686246285,0.08284023668639054,1.1094674556213018,-1.0266272189349113
2023-03-28,2023,Validation,-1,634,634,664,30,665,104.25,0.22062350119904076,6,0.07913669064748201,1.536749644444842,0.38848920863309355,0.0,0.38848920863309355
2023-03-29,2023,Validation,-1,639,659,669,10,670,51.75,0.5120772946859904,6,0.07246376811594203,0.8536294357632207,0.6956521739130435,0.3333333333333333,0.36231884057971014
2023-03-30,2023,Validation,-1,819,829,834,5,835,75.25,0.22591362126245848,3,0.019933554817275746,0.5645098008443321,0.6578073089700996,0.08305647840531562,0.574750830564784
2023-04-03,2023,Validation,-1,654,674,734,60,735,70.0,0.6321428571428571,16,0.07857142857142857,1.343787284813363,0.07857142857142857,0.65,-0.5714285714285714
2023-04-04,2023,Validation,-1,679,679,689,10,690,96.75,0.2454780361757106,2,0.07751937984496124,0.8993103012395617,0.14470284237726097,0.5452196382428941,-0.40051679586563316
2023-04-10,2023,Validation,1,669,709,724,15,725,82.75,0.4622356495468278,11,0.24169184290030213,0.55846556233653,0.1933534743202417,1.1178247734138973,-0.9244712990936557
2023-04-11,2023,Validation,-1,659,664,669,5,670,92.0,0.13858695652173914,2,0.0,0.6197149804133459,0.28804347826086957,0.16847826086956522,0.11956521739130435
2023-04-12,2023,Validation,-1,659,674,704,30,705,147.0,0.39285714285714285,9,0.05952380952380952,1.1629073418987592,0.3401360544217687,0.022108843537414966,0.3180272108843537
2023-04-13,2023,Validation,1,719,729,734,5,735,118.5,0.1371308016877637,3,0.008438818565400843,0.4461939558623728,0.056962025316455694,0.2742616033755274,-0.2172995780590717
2023-04-14,2023,Validation,-1,654,659,659,0,660,122.5,0.10816326530612246,1,0.0836734693877551,0.5637281174955626,0.22244897959183674,0.2673469387755102,-0.04489795918367345
2023-04-17,2023,Validation,-1,639,644,659,15,660,67.75,0.3948339483394834,4,0.01107011070110701,1.0768850188007124,0.2066420664206642,0.7527675276752768,-0.5461254612546126
2023-04-18,2023,Validation,-1,634,634,639,5,640,130.75,0.07839388145315487,1,0.08030592734225621,1.3135870501119338,0.15296367112810708,0.18546845124282982,-0.03250478011472274
2023-04-19,2023,Validation,1,639,649,649,0,650,52.25,0.31100478468899523,2,0.019138755980861243,0.6941636087829764,0.14832535885167464,0.7081339712918661,-0.5598086124401914
2023-04-20,2023,Validation,1,754,759,759,0,760,105.5,0.17772511848341233,1,0.014218009478672985,0.7274576940304739,0.07109004739336493,0.47393364928909953,-0.4028436018957346
2023-04-21,2023,Validation,1,719,724,724,0,725,99.25,0.04785894206549118,1,0.0327455919395466,0.47896231827276925,0.2040302267002519,0.13602015113350127,0.06801007556675062
2023-04-24,2023,Validation,-1,639,714,854,140,855,80.0,1.084375,43,0.034375,1.7901871522508852,0.134375,0.346875,-0.2125
2023-04-25,2023,Validation,-1,634,639,639,0,640,78.5,0.08917197452229299,1,0.09235668789808917,0.8064564927992254,0.3885350318471338,0.17197452229299362,0.21656050955414016
2023-04-26,2023,Validation,1,669,729,759,30,760,71.0,0.6302816901408451,18,0.03873239436619718,0.8751051976324448,0.30985915492957744,0.09154929577464789,0.21830985915492956
2023-04-27,2023,Validation,1,634,644,659,15,660,78.5,0.3375796178343949,5,0.06369426751592357,0.9855967957602437,0.041401273885350316,0.767515923566879,-0.7261146496815287
2023-05-01,2023,Validation,-1,679,689,704,15,705,48.75,0.4256410256410256,5,0.09230769230769231,1.4514759697487192,1.3435897435897435,0.1282051282051282,1.2153846153846153
2023-05-02,2023,Validation,-1,634,694,819,125,820,115.5,0.7575757575757576,37,0.0,1.2126035672013387,0.2077922077922078,0.25757575757575757,-0.04978354978354976
2023-05-03,2023,Validation,-1,689,694,699,5,700,54.25,0.1935483870967742,2,0.08294930875576037,0.6370931501572832,0.45622119815668205,0.17972350230414746,0.2764976958525346
2023-05-04,2023,Validation,1,669,669,679,10,680,81.0,0.2623456790123457,2,0.1419753086419753,0.9070713201820941,0.5370370370370371,0.12345679012345678,0.4135802469135803
2023-05-09,2023,Validation,-1,714,729,774,45,775,43.0,0.42441860465116277,12,0.06395348837209303,0.355791362696524,0.32558139534883723,0.16279069767441862,0.16279069767441862
2023-05-10,2023,Validation,-1,799,819,844,25,845,112.5,0.5244444444444445,9,0.057777777777777775,0.3807058293853411,0.6244444444444445,0.03777777777777778,0.5866666666666667
2023-05-12,2023,Validation,-1,634,639,644,5,645,85.0,0.23529411764705882,2,0.052941176470588235,1.1599395493369107,0.22647058823529412,0.4294117647058823,-0.2029411764705882
2023-05-15,2023,Validation,1,684,699,704,5,705,76.75,0.13355048859934854,4,0.06188925081433225,0.6148573104345755,0.0749185667752443,0.3355048859934853,-0.26058631921824105
2023-05-16,2023,Validation,1,659,694,694,0,695,81.25,0.3076923076923077,7,0.009230769230769232,1.1940750666336533,0.16923076923076924,0.42153846153846153,-0.2523076923076923
2023-05-18,2023,Validation,1,634,634,644,10,645,123.0,0.12804878048780488,2,0.08739837398373984,1.0337667904215018,0.056910569105691054,0.5833333333333334,-0.5264227642276423
2023-05-19,2023,Validation,-1,689,704,709,5,710,67.25,0.587360594795539,4,0.1412639405204461,1.1969535746902047,0.22676579925650558,0.7434944237918215,-0.516728624535316
2023-05-24,2023,Validation,-1,654,664,669,5,670,89.0,0.21910112359550563,3,0.019662921348314606,0.7445995347291459,0.5308988764044944,0.047752808988764044,0.48314606741573035
2023-05-25,2023,Validation,1,674,679,679,0,680,114.5,0.18340611353711792,1,0.03711790393013101,0.6771352863708726,0.3558951965065502,0.13973799126637554,0.21615720524017468
2023-05-29,2023,Validation,1,649,654,654,0,655,16.5,0.30303030303030304,1,0.030303030303030304,0.8322784810126582,0.4696969696969697,0.22727272727272727,0.24242424242424246
2023-05-30,2023,Validation,-1,809,849,869,20,870,159.5,0.39655172413793105,12,0.018808777429467086,0.44292884029395946,0.25235109717868337,0.029780564263322883,0.2225705329153605
2023-05-31,2023,Validation,-1,679,679,684,5,685,138.0,0.041666666666666664,1,0.07065217391304347,0.42320952876695556,0.18478260869565216,0.22826086956521738,-0.043478260869565216
2023-06-05,2023,Validation,1,654,659,664,5,665,84.5,0.23076923076923078,2,0.011834319526627219,0.5372490629973815,0.08579881656804733,0.4408284023668639,-0.35502958579881655
2023-06-06,2023,Validation,1,649,654,684,30,685,77.25,0.32362459546925565,7,0.19093851132686085,0.9573272455878479,0.35275080906148865,0.7313915857605178,-0.3786407766990291
2023-06-09,2023,Validation,-1,689,694,704,10,705,130.5,0.20114942528735633,3,0.11877394636015326,1.270640926886212,0.02681992337164751,0.5842911877394636,-0.5574712643678161
2023-06-12,2023,Validation,1,649,649,654,5,655,55.25,0.24434389140271492,1,0.22624434389140272,0.7059852822521848,0.40271493212669685,0.9004524886877828,-0.497737556561086
2023-06-14,2023,Validation,1,649,654,654,0,655,119.25,0.033542976939203356,1,0.08385744234800839,0.4527162435407774,0.24737945492662475,0.4549266247379455,-0.20754716981132074
2023-06-15,2023,Validation,1,649,649,654,5,655,155.75,0.0754414125200642,1,0.07062600321027288,0.6289497245404105,0.12199036918138041,0.42215088282504015,-0.30016051364365975
2023-06-16,2023,Validation,-1,874,874,879,5,880,142.5,0.06315789473684211,1,0.07017543859649122,0.4491233853190218,0.008771929824561403,0.443859649122807,-0.43508771929824563
2023-06-21,2023,Validation,-1,644,684,739,55,740,143.25,0.5148342059336823,19,0.017452006980802792,0.784264969861215,0.06980802792321117,0.2617801047120419,-0.19197207678883071
2023-06-22,2023,Validation,1,704,714,724,10,725,185.0,0.17297297297297298,4,0.07567567567567568,0.9098845640698416,0.2702702702702703,0.07567567567567568,0.1945945945945946
2023-06-23,2023,Validation,1,739,804,879,75,880,102.5,0.6585365853658537,28,0.05609756097560976,0.6347206385404789,0.5097560975609756,0.05121951219512195,0.4585365853658537
2023-06-28,2023,Validation,1,634,654,684,30,685,119.25,0.5241090146750524,10,0.13417190775681342,0.8821158496794749,0.12159329140461216,0.7568134171907757,-0.6352201257861635
2023-07-04,2023,Validation,-1,634,644,644,0,645,19.5,0.19230769230769232,2,0.0,0.7965274009766685,0.358974358974359,0.21794871794871795,0.14102564102564102
2023-07-06,2023,Validation,1,779,789,789,0,790,102.75,0.12895377128953772,2,0.0,0.31141274441468875,0.22384428223844283,0.24817518248175183,-0.024330900243309
2023-07-10,2023,Validation,-1,729,739,744,5,745,129.25,0.172147001934236,3,0.13539651837524178,0.5719279601767436,0.4448742746615087,0.03481624758220503,0.41005802707930367
2023-07-11,2023,Validation,1,719,724,729,5,730,124.0,0.13306451612903225,2,0.046370967741935484,0.7604620608949738,0.37298387096774194,0.036290322580645164,0.33669354838709675
2023-07-12,2023,Validation,-1,704,719,759,40,760,99.25,0.6498740554156172,11,0.05793450881612091,1.8756773028296205,0.43828715365239296,0.20654911838790932,0.23173803526448364
2023-07-14,2023,Validation,-1,869,879,894,15,895,135.75,0.15101289134438306,5,0.022099447513812154,0.5608405632820334,0.02394106813996317,0.44935543278084716,-0.425414364640884
2023-07-17,2023,Validation,1,694,719,744,25,745,72.75,0.4054982817869416,10,0.003436426116838488,0.6542698540911199,0.28865979381443296,0.2920962199312715,-0.0034364261168385313
2023-07-19,2023,Validation,1,674,679,684,5,685,66.0,0.18181818181818182,2,0.23106060606060605,0.7050817283188445,0.7045454545454546,0.6136363636363636,0.09090909090909094
2023-07-20,2023,Validation,-1,634,639,664,25,665,149.75,0.3071786310517529,6,0.07178631051752922,1.0901423299947286,0.19365609348914858,0.16026711185308848,0.033388981636060105
2023-07-25,2023,Validation,1,704,704,714,10,715,84.5,0.16272189349112426,2,0.023668639053254437,0.6222619579794367,0.1863905325443787,0.257396449704142,-0.07100591715976329
2023-07-26,2023,Validation,-1,659,664,699,35,700,73.25,0.6962457337883959,8,0.04778156996587031,1.3104293291631064,0.40273037542662116,0.23890784982935154,0.16382252559726962
2023-07-28,2023,Validation,1,634,639,639,0,640,113.5,0.07488986784140969,1,0.2841409691629956,0.8482527660416284,0.13215859030837004,0.6894273127753304,-0.5572687224669604
2023-08-01,2023,Validation,1,649,654,664,10,665,87.0,0.2442528735632184,3,0.12643678160919541,0.5416297321254837,0.10057471264367816,0.2988505747126437,-0.19827586206896552
2023-08-03,2023,Validation,1,679,679,689,10,690,115.5,0.1038961038961039,2,0.03896103896103896,0.8055577994991518,0.18181818181818182,0.20346320346320346,-0.021645021645021634
2023-08-04,2023,Validation,1,749,769,784,15,785,190.75,0.1402359108781127,7,0.00655307994757536,0.5219385833780283,0.6133682830930537,0.007863695937090432,0.6055045871559632
2023-08-07,2023,Validation,-1,679,679,689,10,690,116.25,0.15053763440860216,2,0.030107526881720432,0.6699957933589351,0.5763440860215053,0.221505376344086,0.3548387096774193
2023-08-08,2023,Validation,-1,659,674,679,5,680,135.5,0.16974169741697417,4,0.0036900369003690036,0.8353410543440368,0.26014760147601473,0.19557195571955718,0.06457564575645755
2023-08-09,2023,Validation,-1,654,719,819,100,820,111.25,0.9955056179775281,33,0.035955056179775284,1.1347021271351458,0.4067415730337079,0.1842696629213483,0.2224719101123596
2023-08-10,2023,Validation,-1,684,684,689,5,690,169.0,0.0695266272189349,1,0.1390532544378698,0.8018809264728742,0.17307692307692307,0.5961538461538461,-0.4230769230769231
2023-08-11,2023,Validation,-1,694,694,699,5,700,122.25,0.12065439672801637,1,0.02044989775051125,0.7872631195335277,0.5276073619631901,0.12474437627811862,0.4028629856850715
2023-08-16,2023,Validation,-1,719,794,829,35,830,93.0,0.6854838709677419,22,0.051075268817204304,0.8249194414607949,0.3333333333333333,0.782258064516129,-0.4489247311827957
2023-08-17,2023,Validation,-1,634,639,649,10,650,125.5,0.20119521912350596,3,0.07768924302788845,0.9038884587967471,0.22709163346613545,0.2649402390438247,-0.03784860557768924
2023-08-18,2023,Validation,1,664,669,669,0,670,87.75,0.16809116809116809,1,0.21082621082621084,0.847273958686082,0.34472934472934474,0.8148148148148148,-0.47008547008547
2023-08-21,2023,Validation,-1,704,709,709,0,710,127.0,0.13188976377952755,1,0.005905511811023622,0.4339782744377511,0.702755905511811,0.05905511811023622,0.6437007874015748
2023-08-22,2023,Validation,-1,634,634,644,10,645,94.5,0.30158730158730157,2,0.007936507936507936,1.030982256949536,0.6005291005291006,0.10317460317460317,0.49735449735449744
2023-08-24,2023,Validation,-1,634,634,639,5,640,268.0,0.0830223880597015,1,0.011194029850746268,1.0524135073544645,0.028917910447761194,0.396455223880597,-0.3675373134328358
2023-08-25,2023,Validation,-1,639,664,699,35,700,178.75,0.6615384615384615,12,0.08531468531468532,1.0201978108927865,0.06993006993006994,0.5146853146853146,-0.4447552447552447
2023-08-28,2023,Validation,-1,704,714,719,5,720,122.0,0.1721311475409836,3,0.09836065573770492,0.7819622945680892,0.47540983606557374,0.19467213114754098,0.28073770491803274
2023-08-30,2023,Validation,1,739,739,744,5,745,132.25,0.08128544423440454,1,0.011342155009451797,0.414195604303796,0.11720226843100189,0.13043478260869565,-0.013232514177693763
2023-08-31,2023,Validation,1,634,639,644,5,645,105.5,0.11848341232227488,2,0.061611374407582936,0.7389953151815947,0.45734597156398105,0.045023696682464455,0.41232227488151657
2023-09-01,2023,Validation,-1,659,659,664,5,665,154.0,0.10876623376623376,1,0.021103896103896104,0.7809940748009209,0.16396103896103897,0.31493506493506496,-0.15097402597402598
2023-09-05,2023,Validation,1,654,654,659,5,660,80.75,0.20743034055727555,1,0.05572755417956656,0.7258231258419222,0.19814241486068113,0.718266253869969,-0.5201238390092879
2023-09-06,2023,Validation,-1,659,674,689,15,690,128.75,0.28932038834951457,6,0.031067961165048542,0.6137570253398417,0.06990291262135923,0.4349514563106796,-0.3650485436893204
2023-09-07,2023,Validation,1,644,649,654,5,655,83.5,0.4820359281437126,2,0.020958083832335328,0.9823034263578754,0.40119760479041916,0.4041916167664671,-0.002994011976047928
2023-09-11,2023,Validation,1,814,824,824,0,825,109.5,0.1141552511415525,2,0.0,0.5761288328294518,0.01598173515981735,0.3242009132420091,-0.3082191780821918
2023-09-12,2023,Validation,-1,639,674,804,130,805,78.5,0.8089171974522293,33,0.3980891719745223,0.7860860984334526,0.01910828025477707,1.1656050955414012,-1.1464968152866242
2023-09-13,2023,Validation,1,664,694,714,20,715,107.25,0.3939393939393939,10,0.055944055944055944,0.7696828818846427,0.027972027972027972,0.40326340326340326,-0.3752913752913753
2023-09-14,2023,Validation,1,644,674,704,30,705,107.75,0.5197215777262181,12,0.025522041763341066,0.9783937357078512,0.018561484918793503,0.5939675174013921,-0.5754060324825986
2023-09-18,2023,Validation,1,704,704,709,5,710,96.5,0.08549222797927461,1,0.007772020725388601,0.4428308462417147,0.13212435233160622,0.23056994818652848,-0.09844559585492227
2023-09-19,2023,Validation,-1,639,644,674,30,675,100.25,0.24438902743142144,7,0.02743142144638404,0.8488004891558465,0.19451371571072318,0.1745635910224439,0.01995012468827928
2023-09-20,2023,Validation,-1,664,664,669,5,670,74.25,0.1447811447811448,1,0.12457912457912458,0.6102577357654531,0.09090909090909091,0.5589225589225589,-0.468013468013468
2023-09-22,2023,Validation,1,634,699,804,105,805,76.0,0.8355263157894737,34,0.19078947368421054,1.0426855088468021,1.0986842105263157,0.029605263157894735,1.069078947368421
2023-09-25,2023,Validation,1,679,679,689,10,690,114.0,0.18421052631578946,2,0.0,1.156744666207846,0.11403508771929824,0.3442982456140351,-0.23026315789473686
2023-09-26,2023,Validation,-1,819,829,834,5,835,121.75,0.16632443531827515,3,0.028747433264887063,0.7803038419507596,0.10677618069815195,0.2915811088295688,-0.18480492813141683
2023-09-27,2023,Validation,-1,654,659,669,10,670,100.0,0.24,3,0.2375,1.1879793624530315,0.1425,0.815,-0.6725
2023-09-28,2023,Validation,1,649,659,664,5,665,115.25,0.1279826464208243,3,0.07809110629067245,0.8727306582254911,0.0737527114967462,1.299349240780911,-1.2255965292841648
2023-10-02,2023,Validation,1,679,684,704,20,705,144.5,0.3719723183391003,5,0.20761245674740483,0.8551113304459063,0.5259515570934256,0.050173010380622836,0.47577854671280273
2023-10-03,2023,Validation,-1,639,644,644,0,645,204.0,0.03799019607843137,1,0.09436274509803921,0.6290307024594116,0.013480392156862746,0.3799019607843137,-0.36642156862745096
2023-10-04,2023,Validation,1,679,684,684,0,685,100.0,0.225,1,0.095,0.7303071276801236,0.0,0.7375,-0.7375
2023-10-05,2023,Validation,-1,639,654,699,45,700,163.0,0.2898773006134969,12,0.003067484662576687,1.2435950170407803,0.42024539877300615,0.10429447852760736,0.3159509202453988
2023-10-09,2023,Validation,1,739,744,749,5,750,117.25,0.24520255863539445,2,0.010660980810234541,0.29686889042620385,0.15991471215351813,0.34328358208955223,-0.1833688699360341
2023-10-10,2023,Validation,1,634,719,789,70,790,115.0,0.7695652173913043,31,0.0782608695652174,1.0332431004885778,0.2717391304347826,0.1608695652173913,0.1108695652173913
2023-10-11,2023,Validation,-1,704,704,709,5,710,86.5,0.10115606936416185,1,0.1416184971098266,0.5799834602235427,0.1994219653179191,0.430635838150289,-0.2312138728323699
2023-10-16,2023,Validation,1,634,634,654,20,655,131.75,0.19165085388994307,4,0.0777988614800759,1.1177416031320833,0.1954459203036053,0.23908918406072105,-0.04364326375711575
2023-10-17,2023,Validation,1,639,639,654,15,655,154.0,0.21266233766233766,3,0.04707792207792208,0.9013135308999297,0.07142857142857142,0.560064935064935,-0.48863636363636365
2023-10-18,2023,Validation,-1,639,639,644,5,645,102.0,0.16911764705882354,1,0.061274509803921566,1.023022927098057,0.3014705882352941,0.34068627450980393,-0.03921568627450983
2023-10-19,2023,Validation,-1,674,684,689,5,690,106.0,0.3466981132075472,3,0.10377358490566038,0.46973628160941794,1.1721698113207548,0.09669811320754718,1.0754716981132075
2023-10-20,2023,Validation,-1,639,694,779,85,780,125.75,0.7952286282306164,28,0.09940357852882704,0.6663468962774047,0.23856858846918488,0.30417495029821073,-0.06560636182902585
2023-10-23,2023,Validation,1,644,644,649,5,650,173.5,0.040345821325648415,1,0.07348703170028818,0.6299989354529648,0.043227665706051875,0.5302593659942363,-0.48703170028818443
2023-10-24,2023,Validation,1,639,649,654,5,655,91.0,0.3131868131868132,3,0.12362637362637363,0.7476869882402113,0.6648351648351648,0.24175824175824176,0.423076923076923
2023-10-26,2023,Validation,-1,684,814,874,60,875,189.25,0.6842800528401585,38,0.07001321003963012,0.5055310081163236,0.25891677675033026,0.202113606340819,0.056803170409511244
2023-10-27,2023,Validation,-1,644,644,649,5,650,78.5,0.21656050955414013,1,0.15286624203821655,0.8915217277227434,1.3312101910828025,0.006369426751592357,1.3248407643312101
2023-10-30,2023,Validation,-1,644,649,649,0,650,145.75,0.1680960548885077,1,0.029159519725557463,0.7098176388780185,0.4288164665523156,0.08919382504288165,0.33962264150943394
2023-10-31,2023,Validation,1,769,774,774,0,775,117.5,0.07021276595744681,1,0.036170212765957444,0.3316040148530965,0.1,0.4787234042553192,-0.37872340425531914
2023-11-01,2023,Validation,1,644,649,649,0,650,123.25,0.08924949290060852,1,0.12373225152129817,0.4145246528895876,0.385395537525355,0.15618661257606492,0.22920892494929007
2023-11-02,2023,Validation,1,654,669,674,5,675,83.0,0.23493975903614459,4,0.06927710843373494,0.6942640096884289,0.2469879518072289,0.1897590361445783,0.05722891566265059
2023-11-03,2023,Validation,1,739,789,804,15,805,122.75,0.25661914460285135,13,0.020366598778004074,0.4846410950183034,0.03665987780040733,0.3543788187372709,-0.3177189409368636
2023-11-06,2023,Validation,-1,789,804,884,80,885,72.5,0.6482758620689655,19,0.18620689655172415,0.2888637370208159,0.21379310344827587,0.0896551724137931,0.12413793103448277
2023-11-08,2023,Validation,-1,719,729,784,55,785,77.75,0.6816720257234726,13,0.05787781350482315,0.5048304679844842,0.38263665594855306,0.21864951768488747,0.1639871382636656
2023-11-09,2023,Validation,1,714,714,724,10,725,80.25,0.2616822429906542,2,0.0529595015576324,0.9255314285714286,1.3800623052959502,0.1059190031152648,1.2741433021806854
2023-11-13,2023,Validation,1,654,654,659,5,660,73.75,0.12542372881355932,1,0.04406779661016949,0.746671203006356,0.06779661016949153,0.7254237288135593,-0.6576271186440678
2023-11-14,2023,Validation,1,634,649,654,5,655,97.25,0.15938303341902313,4,0.03598971722365039,0.5838470784382149,0.4190231362467866,0.09511568123393316,0.32390745501285345
2023-11-15,2023,Validation,-1,714,734,749,15,750,67.5,0.32592592592592595,7,0.007407407407407408,0.8998777467790979,0.16296296296296298,1.0888888888888888,-0.9259259259259258
2023-11-16,2023,Validation,-1,684,699,709,10,710,80.5,0.35403726708074534,5,0.15217391304347827,0.4475347661188369,0.8167701863354038,0.040372670807453416,0.7763975155279503
2023-11-17,2023,Validation,1,724,729,744,15,745,53.75,0.3116279069767442,4,0.17209302325581396,0.6687116564417178,0.15813953488372093,0.813953488372093,-0.6558139534883721
2023-11-23,2023,Validation,1,659,659,664,5,665,17.75,0.30985915492957744,1,0.04225352112676056,1.0227211495285138,0.4225352112676056,0.18309859154929578,0.23943661971830985
2023-11-27,2023,Validation,1,714,799,844,45,845,80.0,0.4875,26,0.0,0.3836003031174057,0.659375,0.053125,0.6062500000000001
2023-11-28,2023,Validation,1,639,704,784,80,785,49.0,1.3061224489795917,29,0.20918367346938777,1.3512335548440906,0.5816326530612245,0.3673469387755102,0.21428571428571425
2023-11-29,2023,Validation,-1,674,694,749,55,750,123.5,0.4311740890688259,15,0.030364372469635626,0.854344738219243,0.08906882591093117,0.18421052631578946,-0.0951417004048583
2023-11-30,2023,Validation,-1,639,649,659,10,660,132.75,0.2806026365348399,4,0.005649717514124294,0.8973177251359572,0.08851224105461393,0.4048964218455744,-0.3163841807909605
2023-12-01,2023,Validation,1,674,679,679,0,680,90.0,0.22777777777777777,1,0.005555555555555556,1.0837116551402266,0.36666666666666664,0.6055555555555555,-0.23888888888888887
2023-12-04,2023,Validation,-1,634,639,644,5,645,129.75,0.11175337186897881,2,0.0019267822736030828,1.1906669980541091,0.2928709055876686,0.19845857418111754,0.09441233140655106
2023-12-05,2023,Validation,1,649,654,674,20,675,153.5,0.15798045602605862,5,0.11237785016286644,0.8106553233032897,0.5667752442996743,0.011400651465798045,0.5553745928338762
2023-12-06,2023,Validation,-1,704,704,709,5,710,162.0,0.07561728395061729,1,0.046296296296296294,0.5618873973642026,0.25771604938271603,0.020061728395061727,0.2376543209876543
2023-12-07,2023,Validation,1,639,644,644,0,645,109.5,0.0958904109589041,1,0.0,0.5095227098703161,0.6050228310502284,0.2374429223744292,0.36757990867579915
2023-12-11,2023,Validation,1,649,654,669,15,670,106.0,0.23820754716981132,4,0.20047169811320756,0.9358124111795357,0.3113207547169811,0.24764150943396226,0.06367924528301885
2023-12-12,2023,Validation,1,659,684,719,35,720,93.75,0.2853333333333333,12,0.050666666666666665,0.521614838133322,0.21866666666666668,0.18933333333333333,0.02933333333333335
2023-12-13,2023,Validation,-1,724,729,729,0,730,60.0,0.11666666666666667,1,0.041666666666666664,0.5278999241849885,0.20416666666666666,0.36666666666666664,-0.16249999999999998
2023-12-14,2023,Validation,-1,639,649,654,5,655,91.25,0.21095890410958903,3,0.2602739726027397,0.7352430609181272,0.11506849315068493,0.7452054794520548,-0.6301369863013699
2023-12-15,2023,Validation,1,654,654,659,5,660,86.0,0.12209302325581395,1,0.08139534883720931,0.6046443291395696,0.2441860465116279,0.32558139534883723,-0.08139534883720934
2023-12-18,2023,Validation,1,694,714,714,0,715,73.0,0.1267123287671233,4,0.010273972602739725,0.5716330406539869,0.07191780821917808,0.4520547945205479,-0.38013698630136983
2023-12-19,2023,Validation,1,634,639,639,0,640,53.25,0.18309859154929578,1,0.3615023474178404,0.5853205931665392,0.23943661971830985,0.647887323943662,-0.4084507042253521
2023-12-20,2023,Validation,1,634,634,649,15,650,83.5,0.2275449101796407,3,0.05389221556886228,1.1684311838306063,0.2634730538922156,0.0688622754491018,0.1946107784431138
2023-12-21,2023,Validation,-1,729,734,739,5,740,115.5,0.10173160173160173,2,0.0,0.6390663599965926,0.21428571428571427,0.24458874458874458,-0.030303030303030304
2023-12-22,2023,Validation,-1,664,669,669,0,670,52.25,0.39712918660287083,1,0.11961722488038277,1.2051179773557117,0.3444976076555024,0.3157894736842105,0.028708133971291905
2023-12-26,2023,Validation,1,639,644,644,0,645,51.5,0.06796116504854369,1,0.16990291262135923,0.594386964872065,0.5048543689320388,0.06310679611650485,0.441747572815534
2024-01-02,2024,Validation,-1,634,654,664,10,665,156.75,0.2025518341307815,6,0.09090909090909091,0.7393053806010437,0.3524720893141946,0.08452950558213716,0.2679425837320574
2024-01-03,2024,Validation,-1,639,639,644,5,645,97.0,0.12886597938144329,1,0.1211340206185567,0.940482279412682,0.5128865979381443,0.11597938144329897,0.3969072164948453
2024-01-04,2024,Validation,1,649,654,659,5,660,90.0,0.09722222222222222,2,0.08888888888888889,0.5037984806077569,0.12222222222222222,0.65,-0.5277777777777778
2024-01-05,2024,Validation,1,634,639,639,0,640,117.75,0.11252653927813164,1,0.004246284501061571,0.8067531476535673,0.31634819532908703,0.1910828025477707,0.12526539278131632
2024-01-09,2024,Validation,1,649,654,654,0,655,86.5,0.05491329479768786,1,0.1069364161849711,0.49196880831778195,0.12427745664739884,0.9161849710982659,-0.791907514450867
2024-01-10,2024,Validation,1,644,664,674,10,675,72.5,0.32413793103448274,6,0.09310344827586207,0.697477771419298,0.1724137931034483,0.3482758620689655,-0.1758620689655172
2024-01-11,2024,Validation,-1,674,709,764,55,765,219.0,0.3264840182648402,18,0.017123287671232876,0.8580868314009796,0.341324200913242,0.003424657534246575,0.3378995433789954
2024-01-12,2024,Validation,-1,649,654,659,5,660,107.25,0.20279720279720279,2,0.08624708624708624,0.7212309962471356,0.4801864801864802,0.21678321678321677,0.2634032634032634
2024-01-15,2024,Validation,1,649,664,669,5,670,30.0,0.39166666666666666,4,0.008333333333333333,0.9544193420531114,0.39166666666666666,0.43333333333333335,-0.041666666666666685
2024-01-16,2024,Validation,1,644,654,664,10,665,148.75,0.20168067226890757,4,0.2689075630252101,0.7738575314751275,0.24873949579831933,0.4,-0.1512605042016807
2024-01-18,2024,Validation,1,639,654,664,10,665,68.0,0.375,5,0.3786764705882353,1.0328954875257572,0.08088235294117647,1.0845588235294117,-1.0036764705882353
2024-01-22,2024,Validation,-1,634,634,639,5,640,101.75,0.24815724815724816,1,0.06142506142506143,1.320529257910662,0.14250614250614252,0.5012285012285013,-0.35872235872235875
2024-01-23,2024,Validation,1,779,779,784,5,785,78.5,0.07643312101910828,1,0.06369426751592357,0.5006511018323265,0.28662420382165604,0.09235668789808917,0.1942675159235669
2024-01-24,2024,Validation,1,634,649,669,20,670,81.5,0.5644171779141104,7,0.08588957055214724,0.5805571499921728,0.294478527607362,0.6042944785276073,-0.30981595092024533
2024-01-25,2024,Validation,1,709,714,719,5,720,85.5,0.20175438596491227,2,0.12573099415204678,0.6100201871903101,1.0614035087719298,0.09649122807017543,0.9649122807017544
2024-01-26,2024,Validation,1,634,729,754,25,755,78.0,0.6410256410256411,24,0.10897435897435898,0.9754598101319565,0.7532051282051282,0.02564102564102564,0.7275641025641025
2024-01-29,2024,Validation,1,734,739,739,0,740,57.5,0.1608695652173913,1,0.021739130434782608,0.33538018877855363,0.10434782608695652,0.47391304347826085,-0.3695652173913043
2024-01-31,2024,Validation,-1,634,639,664,25,665,108.5,0.31797235023041476,6,0.06221198156682028,1.0779764168885508,0.33640552995391704,0.1152073732718894,0.22119815668202764
2024-02-01,2024,Validation,1,729,734,739,5,740,99.25,0.2367758186397985,2,0.030226700251889168,0.9012238899647147,0.3778337531486146,0.47858942065491183,-0.10075566750629722
2024-02-02,2024,Validation,1,644,649,664,15,665,158.5,0.2697160883280757,4,0.055205047318611984,0.9972730051971874,0.0031545741324921135,0.6419558359621451,-0.638801261829653
2024-02-05,2024,Validation,-1,644,649,669,20,670,136.5,0.34065934065934067,5,0.11172161172161173,1.2355151962807673,0.4542124542124542,0.0695970695970696,0.3846153846153846
2024-02-06,2024,Validation,-1,709,744,749,5,750,169.5,0.22123893805309736,8,0.038348082595870206,0.8710313362497888,0.06932153392330384,0.140117994100295,-0.07079646017699115
2024-02-08,2024,Validation,1,649,684,689,5,690,58.0,0.4870689655172414,8,0.04310344827586207,1.1417609821599848,0.08189655172413793,0.5689655172413793,-0.48706896551724144
2024-02-12,2024,Validation,1,644,699,814,115,815,43.75,1.6114285714285714,34,0.38857142857142857,0.7339808506720678,2.222857142857143,0.18857142857142858,2.0342857142857143
2024-02-13,2024,Validation,1,634,644,659,15,660,156.0,0.3141025641025641,5,0.10256410256410256,0.9776542285897573,0.07211538461538461,0.32051282051282054,-0.24839743589743593
2024-02-14,2024,Validation,-1,664,679,684,5,685,104.0,0.375,4,0.12980769230769232,1.4900694885840182,0.11538461538461539,0.6346153846153846,-0.5192307692307692
2024-02-19,2024,Validation,-1,649,649,654,5,655,31.25,0.104,1,0.072,0.8079749359156935,0.28,0.184,0.09600000000000003
2024-02-20,2024,Validation,-1,724,759,774,15,775,220.5,0.23129251700680273,10,0.01927437641723356,0.5987276955534093,0.1145124716553288,0.14399092970521543,-0.029478458049886636
2024-02-21,2024,Validation,-1,749,759,759,0,760,77.25,0.08414239482200647,2,0.1262135922330097,0.31249864216037715,0.37216828478964403,0.39158576051779936,-0.01941747572815533
2024-02-22,2024,Validation,1,679,679,689,10,690,106.25,0.05176470588235294,2,0.1388235294117647,0.474284923162121,0.19294117647058823,0.3411764705882353,-0.14823529411764708
2024-02-23,2024,Validation,-1,644,674,724,50,725,101.0,0.9678217821782178,16,0.009900990099009901,1.089695704712732,0.19306930693069307,0.5123762376237624,-0.3193069306930693
2024-02-26,2024,Validation,1,714,714,719,5,720,84.75,0.0943952802359882,1,0.05604719764011799,0.5529374497429275,0.3421828908554572,0.15634218289085547,0.18584070796460175
2024-02-27,2024,Validation,-1,774,784,794,10,795,91.5,0.3524590163934426,4,0.11475409836065574,0.45345903700903434,0.3879781420765027,0.16393442622950818,0.22404371584699453
2024-02-28,2024,Validation,1,664,664,669,5,670,70.5,0.16666666666666666,1,0.0035460992907801418,1.0242656649042103,0.1276595744680851,0.4078014184397163,-0.2801418439716312
2024-02-29,2024,Validation,-1,689,704,719,15,720,91.5,0.9043715846994536,6,0.03825136612021858,0.5049593130799503,0.4371584699453552,0.16666666666666666,0.2704918032786885
2024-03-05,2024,Validation,-1,634,654,684,30,685,183.0,0.23497267759562843,10,0.04644808743169399,0.8800656580516283,0.01639344262295082,0.2896174863387978,-0.27322404371584696
2024-03-06,2024,Validation,1,724,754,774,20,775,163.0,0.2929447852760736,10,0.027607361963190184,0.44937856708288665,0.5613496932515337,0.2392638036809816,0.3220858895705521
2024-03-08,2024,Validation,-1,669,674,674,0,675,146.75,0.20783645655877342,1,0.005110732538330494,1.6091154777321097,0.0068143100511073255,1.10221465076661,-1.0954003407155026
2024-03-11,2024,Validation,1,654,659,659,0,660,110.5,0.18552036199095023,1,0.0022624434389140274,0.7319229893219362,0.7737556561085973,0.15610859728506787,0.6176470588235294
2024-03-12,2024,Validation,1,634,684,759,75,760,193.25,0.4670116429495472,25,0.03622250970245795,0.955514769622584,0.19016817593790428,0.2276843467011643,-0.037516170763260026
2024-03-15,2024,Validation,-1,774,779,789,10,790,145.5,0.1563573883161512,3,0.029209621993127148,0.5061994322842592,0.3951890034364261,0.029209621993127148,0.36597938144329895
2024-03-18,2024,Validation,-1,774,789,804,15,805,103.5,0.4082125603864734,6,0.014492753623188406,0.6381767075114686,0.15458937198067632,0.3333333333333333,-0.178743961352657
2024-03-19,2024,Validation,1,694,699,699,0,700,99.25,0.16624685138539042,1,0.0327455919395466,0.7280518089302236,0.16624685138539042,0.7481108312342569,-0.5818639798488665
2024-03-20,2024,Validation,1,844,849,849,0,850,88.75,0.7915492957746478,1,0.030985915492957747,2.917339798111497,0.5211267605633803,1.5690140845070422,-1.047887323943662
2024-03-21,2024,Validation,-1,669,669,674,5,675,83.0,0.10240963855421686,1,0.20783132530120482,0.6355470305092107,0.6927710843373494,0.22289156626506024,0.4698795180722891
2024-03-25,2024,Validation,1,709,709,719,10,720,127.25,0.09037328094302555,2,0.029469548133595286,0.49287477373704125,0.21414538310412573,0.009823182711198428,0.2043222003929273
2024-03-26,2024,Validation,-1,644,644,654,10,655,60.5,0.21487603305785125,2,0.07024793388429752,0.8510112060272826,0.4462809917355372,0.09090909090909091,0.3553719008264463
2024-04-01,2024,Validation,-1,654,724,764,40,765,124.5,0.5461847389558233,22,0.03413654618473896,0.7728284623082736,0.03614457831325301,0.4939759036144578,-0.4578313253012048
2024-04-02,2024,Validation,1,784,789,789,0,790,90.5,0.09668508287292818,1,0.008287292817679558,0.3365594918472922,0.23756906077348067,0.03038674033149171,0.20718232044198895
2024-04-03,2024,Validation,1,659,694,714,20,715,179.0,0.1857541899441341,11,0.05865921787709497,0.7819091106762339,0.21089385474860337,0.17597765363128492,0.03491620111731844
2024-04-04,2024,Validation,-1,674,679,684,5,685,81.25,0.08615384615384615,2,0.06461538461538462,0.6492388769881139,0.9015384615384615,0.06769230769230769,0.8338461538461538
2024-04-08,2024,Validation,1,634,659,689,30,690,103.75,0.3349397590361446,11,0.05060240963855422,1.0769686821506685,0.8048192771084337,0.0,0.8048192771084337
2024-04-09,2024,Validation,-1,634,654,729,75,730,134.5,0.8159851301115242,19,0.013011152416356878,2.3849359559172356,0.2342007434944238,0.1579925650557621,0.0762081784386617
2024-04-10,2024,Validation,1,639,639,644,5,645,100.25,0.2593516209476309,1,0.11471321695760599,0.711717125939646,0.7082294264339152,0.09226932668329177,0.6159600997506234
2024-04-12,2024,Validation,-1,639,659,689,30,690,84.5,0.7751479289940828,10,0.047337278106508875,1.184233281077547,0.33727810650887574,0.7485207100591716,-0.4112426035502959
2024-04-15,2024,Validation,-1,654,684,689,5,690,148.0,0.2195945945945946,7,0.028716216216216218,0.5628718680730457,0.21283783783783783,0.46959459459459457,-0.25675675675675674
2024-04-16,2024,Validation,1,714,719,719,0,720,109.5,0.045662100456621,1,0.3744292237442922,0.5452180033128826,0.2557077625570776,0.3675799086757991,-0.11187214611872148
2024-04-17,2024,Validation,-1,654,654,664,10,665,151.25,0.2958677685950413,2,0.256198347107438,1.4954423127007552,0.0,0.9305785123966942,-0.9305785123966942
2024-04-18,2024,Validation,1,639,684,734,50,735,126.75,0.5305719921104537,19,0.05719921104536489,0.9006168070088133,0.73767258382643,0.16370808678500987,0.5739644970414202
2024-04-22,2024,Validation,-1,654,659,659,0,660,149.25,0.11390284757118928,1,0.021775544388609715,1.0044875408727028,0.45896147403685095,0.24958123953098826,0.20938023450586268
2024-04-23,2024,Validation,1,634,634,649,15,650,157.0,0.17993630573248406,3,0.03343949044585987,1.0587750240505749,0.15445859872611464,0.267515923566879,-0.11305732484076433
2024-04-24,2024,Validation,-1,639,649,649,0,650,84.0,0.24702380952380953,2,0.017857142857142856,0.6961196279015851,0.011904761904761904,1.2202380952380953,-1.2083333333333335
2024-04-26,2024,Validation,1,649,664,674,10,675,172.25,0.2656023222060958,5,0.04499274310595065,0.590603172987621,0.06095791001451379,0.2539912917271408,-0.19303338171262702
2024-05-01,2024,Validation,-1,679,679,684,5,685,91.75,0.14713896457765668,1,0.1553133514986376,0.7674563292653744,0.45776566757493187,0.44959128065395093,0.008174386920980936
2024-05-02,2024,Validation,1,809,814,814,0,815,216.25,0.06358381502890173,1,0.06011560693641618,0.4411780256966108,0.06936416184971098,0.26011560693641617,-0.1907514450867052
2024-05-06,2024,Validation,1,779,784,784,0,785,74.25,0.11447811447811448,1,0.006734006734006734,0.3212859888891236,0.31313131313131315,0.2996632996632997,0.013468013468013462
2024-05-07,2024,Validation,1,659,684,694,10,695,54.25,0.511520737327189,7,0.018433179723502304,0.9859735501230893,0.009216589861751152,0.5299539170506913,-0.5207373271889402
2024-05-08,2024,Validation,1,644,649,669,20,670,132.5,0.2358490566037736,5,0.05471698113207547,0.8034917518056595,0.3,0.0018867924528301887,0.2981132075471698
2024-05-09,2024,Validation,1,639,639,644,5,645,95.25,0.09973753280839895,1,0.03674540682414698,1.208771370924923,0.14698162729658792,0.3858267716535433,-0.23884514435695536
2024-05-10,2024,Validation,-1,654,659,664,5,665,122.5,0.3020408163265306,2,0.012244897959183673,1.0330116307844592,0.13877551020408163,0.27346938775510204,-0.1346938775510204
2024-05-16,2024,Validation,1,644,669,739,70,740,51.0,0.7401960784313726,19,0.058823529411764705,0.47463627814349724,0.2549019607843137,0.4117647058823529,-0.1568627450980392
2024-05-17,2024,Validation,1,634,634,639,5,640,47.0,0.17553191489361702,1,0.07446808510638298,0.8495963134331155,0.7659574468085106,0.2765957446808511,0.48936170212765956
2024-05-20,2024,Validation,1,649,654,654,0,655,123.25,0.10953346855983773,1,0.034482758620689655,0.4043791372663127,0.19878296146044624,0.06896551724137931,0.12981744421906694
2024-05-22,2024,Validation,1,674,684,684,0,685,44.0,0.13068181818181818,2,0.0,0.3808249178732206,0.75,0.10227272727272728,0.6477272727272727
2024-05-23,2024,Validation,-1,654,659,664,5,665,144.5,0.2491349480968858,2,0.01730103806228374,0.6222080306537878,0.6418685121107266,0.05709342560553633,0.5847750865051903
2024-05-28,2024,Validation,1,814,824,824,0,825,97.5,0.08205128205128205,2,0.005128205128205128,0.39416711240497004,1.1948717948717948,0.010256410256410256,1.1846153846153846
2024-05-29,2024,Validation,1,634,639,644,5,645,106.75,0.09601873536299765,2,0.04215456674473068,0.6880721492451778,0.3747072599531616,0.1592505854800937,0.21545667447306793
2024-05-30,2024,Validation,-1,639,669,694,25,695,85.25,0.7096774193548387,11,0.05278592375366569,1.3496463267406154,0.19648093841642228,0.25806451612903225,-0.06158357771260997
2024-06-07,2024,Validation,1,639,649,664,15,665,72.5,0.7241379310344828,5,0.18275862068965518,1.1757306367374152,0.5103448275862069,0.503448275862069,0.006896551724137945
2024-06-10,2024,Validation,1,639,639,644,5,645,59.75,0.1589958158995816,1,0.06694560669456066,0.6849787380760832,0.029288702928870293,1.1589958158995817,-1.1297071129707115
2024-06-11,2024,Validation,1,639,664,704,40,705,96.75,0.4728682170542636,13,0.06459948320413436,0.49120609730951637,0.2248062015503876,0.268733850129199,-0.043927648578811374
2024-06-13,2024,Validation,-1,744,754,754,0,755,128.75,0.26990291262135924,2,0.031067961165048542,0.5577363610966996,0.3592233009708738,0.2,0.15922330097087378
2024-06-14,2024,Validation,1,794,819,849,30,850,91.25,0.3041095890410959,11,0.043835616438356165,0.38901881392020665,0.16164383561643836,0.3424657534246575,-0.18082191780821916
2024-06-18,2024,Validation,-1,659,674,699,25,700,54.75,0.680365296803653,8,0.0,0.4954994368478372,0.634703196347032,0.0136986301369863,0.6210045662100456
2024-06-19,2024,Validation,-1,634,634,644,10,645,17.25,0.6811594202898551,2,0.18840579710144928,1.593581974908253,0.5507246376811594,0.2753623188405797,0.2753623188405797
2024-06-21,2024,Validation,1,679,684,684,0,685,113.75,0.11868131868131868,1,0.0989010989010989,0.4875386294798666,0.3626373626373626,0.49230769230769234,-0.1296703296703297
2024-06-24,2024,Validation,-1,644,654,659,5,660,128.75,0.3533980582524272,3,0.312621359223301,1.286092496070158,0.19029126213592232,0.27184466019417475,-0.08155339805825243
2024-06-25,2024,Validation,1,674,724,754,30,755,105.75,0.6619385342789598,16,0.016548463356973995,0.7031261251890318,0.557919621749409,0.13711583924349882,0.4208037825059102
2024-06-27,2024,Validation,-1,694,699,719,20,720,127.0,0.281496062992126,5,0.0,0.979557613990258,0.5452755905511811,0.06299212598425197,0.48228346456692917
2024-06-28,2024,Validation,-1,739,739,744,5,745,234.0,0.07478632478632478,1,0.05448717948717949,0.8007155495926422,0.11431623931623931,0.2831196581196581,-0.16880341880341881
2024-07-02,2024,Validation,1,654,704,719,15,720,121.25,0.48041237113402063,13,0.0288659793814433,0.6992835583485987,0.24329896907216494,0.2721649484536082,-0.02886597938144328
2024-07-08,2024,Validation,1,684,694,699,5,700,56.75,0.2775330396475771,3,0.1013215859030837,1.0134501699392728,0.6960352422907489,0.3920704845814978,0.3039647577092511
2024-07-09,2024,Validation,-1,684,689,694,5,695,78.5,0.2929936305732484,2,0.012738853503184714,0.5937247857262472,0.28662420382165604,0.2611464968152866,0.02547770700636942
2024-07-12,2024,Validation,1,634,704,729,25,730,161.75,0.49304482225656876,19,0.1143740340030912,0.7658815316596427,0.0865533230293663,0.42194744976816073,-0.33539412673879443
2024-07-15,2024,Validation,1,634,684,714,30,715,105.75,1.0354609929078014,16,0.02127659574468085,0.709201798878781,0.7730496453900709,0.18912529550827423,0.5839243498817968
2024-07-16,2024,Validation,-1,754,754,759,5,760,199.0,0.10552763819095477,1,0.08668341708542714,0.4925699716498278,0.228643216080402,0.1721105527638191,0.05653266331658291
2024-07-19,2024,Validation,-1,634,634,639,5,640,177.75,0.09845288326300984,1,0.15471167369901548,1.0315417884908176,0.27848101265822783,0.6849507735583685,-0.4064697609001407
2024-07-22,2024,Validation,-1,679,694,739,45,740,144.0,0.5069444444444444,12,0.0920138888888889,0.7497036942794582,0.6510416666666666,0.1371527777777778,0.5138888888888888
2024-07-23,2024,Validation,1,674,679,714,35,715,114.25,0.3238512035010941,8,0.0087527352297593,0.9368997310795236,0.9671772428884027,0.0437636761487965,0.9234135667396062
2024-07-25,2024,Validation,1,674,679,684,5,685,343.5,0.15502183406113537,2,0.021106259097525473,0.6639295208139065,0.22270742358078602,0.39956331877729256,-0.17685589519650655
2024-07-26,2024,Validation,1,724,809,819,10,820,147.0,0.717687074829932,19,0.24489795918367346,0.5147315740388025,0.04421768707482993,0.44387755102040816,-0.39965986394557823
2024-07-29,2024,Validation,-1,664,694,709,15,710,155.25,0.7004830917874396,9,0.01932367149758454,0.7146067415730337,0.7600644122383253,0.02254428341384863,0.7375201288244767
2024-07-31,2024,Validation,1,634,639,644,5,645,161.0,0.13819875776397517,2,0.13509316770186336,0.6887718236445718,0.2406832298136646,0.40993788819875776,-0.16925465838509315
2024-08-05,2024,Validation,1,674,684,689,5,690,603.25,0.12722751761292997,3,0.01740571902196436,0.7659262338170394,0.09158723580605056,0.307915457936179,-0.21632822213012848
2024-08-06,2024,Validation,1,644,649,689,40,690,263.75,0.4208530805687204,9,0.17251184834123223,0.8262681397524412,0.006635071090047393,0.7421800947867299,-0.7355450236966825
2024-08-08,2024,Validation,1,649,654,674,20,675,325.75,0.14735226400613968,5,0.1642363775901765,0.7162418434720685,0.04067536454336147,0.4059861857252494,-0.36531082118188796
2024-08-12,2024,Validation,1,639,644,644,0,645,204.5,0.0745721271393643,1,0.0941320293398533,0.6509376443418013,0.6454767726161369,0.2787286063569682,0.3667481662591687
2024-08-15,2024,Validation,1,639,649,654,5,655,153.5,0.16286644951140064,3,0.030944625407166124,0.6543337238376667,0.11237785016286644,0.40390879478827363,-0.2915309446254072
2024-08-20,2024,Validation,-1,639,644,654,10,655,121.75,0.4948665297741273,3,0.028747433264887063,1.2711338863073782,0.19096509240246407,0.2813141683778234,-0.09034907597535935
2024-08-21,2024,Validation,1,639,644,649,5,650,98.25,0.7175572519083969,2,0.010178117048346057,1.557116543348631,1.1017811704834606,0.05089058524173028,1.0508905852417303
2024-08-22,2024,Validation,-1,649,649,654,5,655,142.0,0.20246478873239437,1,0.0017605633802816902,0.6918356146157301,0.22359154929577466,1.5475352112676057,-1.323943661971831
2024-08-23,2024,Validation,-1,649,654,659,5,660,197.75,0.4247787610619469,2,0.06826801517067003,2.0202741842054452,0.4968394437420986,0.29077117572692796,0.20606826801517064
2024-08-26,2024,Validation,-1,634,644,664,20,665,193.0,0.533678756476684,6,0.009067357512953367,1.549864429324193,0.12564766839378239,0.34585492227979275,-0.22020725388601037
2024-08-27,2024,Validation,1,634,664,689,25,690,192.5,0.312987012987013,11,0.05194805194805195,1.053735255570118,0.23766233766233766,0.08961038961038961,0.14805194805194805
2024-08-30,2024,Validation,-1,659,759,889,130,890,114.75,1.2505446623093681,46,0.023965141612200435,1.5295756256800872,0.49019607843137253,0.20043572984749455,0.289760348583878
2024-09-04,2024,Validation,1,634,669,699,30,700,163.75,0.6885496183206107,13,0.03206106870229008,1.0233506359088556,0.11603053435114503,0.5603053435114503,-0.4442748091603053
2024-09-05,2024,Validation,-1,689,694,724,30,725,265.5,0.16195856873822975,7,0.02824858757062147,0.9540294122343398,0.2702448210922787,0.06779661016949153,0.2024482109227872
2024-09-09,2024,Validation,-1,634,674,709,35,710,116.0,0.9267241379310345,15,0.0668103448275862,1.292201594778486,0.8448275862068966,0.09913793103448276,0.7456896551724138
2024-09-10,2024,Validation,-1,714,724,769,45,770,135.0,0.7185185185185186,11,0.007407407407407408,0.8558165158426028,0.6981481481481482,0.07407407407407407,0.6240740740740741
2024-09-11,2024,Validation,-1,634,659,669,10,670,263.0,0.3669201520912547,7,0.0,0.8837377193257793,0.9315589353612167,0.04467680608365019,0.8868821292775665
2024-09-12,2024,Validation,1,634,634,639,5,640,165.0,0.09848484848484848,1,0.31363636363636366,0.6813852604027821,0.26212121212121214,0.5454545454545454,-0.28333333333333327
2024-09-13,2024,Validation,1,709,724,729,5,730,131.0,0.24236641221374045,4,0.07061068702290077,0.42797818791946307,0.31679389312977096,0.28435114503816794,0.032442748091603024
2024-09-16,2024,Validation,-1,634,639,639,0,640,136.25,0.23669724770642203,1,0.06972477064220184,1.244436419446576,0.5211009174311927,0.26788990825688075,0.25321100917431194
2024-09-18,2024,Validation,-1,684,689,689,0,690,89.5,0.15363128491620112,1,0.18435754189944134,0.5953981977036732,0.11173184357541899,0.8966480446927374,-0.7849162011173184
2024-09-19,2024,Validation,1,634,634,644,10,645,172.0,0.1308139534883721,2,0.10610465116279069,0.9449280168006853,0.3997093023255814,0.1933139534883721,0.20639534883720928
2024-09-20,2024,Validation,-1,649,679,704,25,705,110.25,1.018140589569161,11,0.02040816326530612,0.5880424584289476,0.45351473922902497,0.2108843537414966,0.24263038548752835
2024-09-24,2024,Validation,1,709,719,864,145,865,190.0,0.31973684210526315,31,0.003947368421052632,1.0077593100914257,0.23684210526315788,0.039473684210526314,0.19736842105263158
2024-09-26,2024,Validation,-1,634,634,639,5,640,179.25,0.17433751743375175,1,0.13528591352859135,1.1839217557251909,0.01394700139470014,0.9707112970711297,-0.9567642956764295
2024-09-27,2024,Validation,-1,634,639,639,0,640,97.75,0.13043478260869565,1,0.3452685421994885,1.030177434979338,0.1585677749360614,0.7800511508951407,-0.6214833759590792
2024-09-30,2024,Validation,-1,859,864,879,15,880,135.0,0.5296296296296297,4,0.1648148148148148,1.49272425022203,0.19074074074074074,0.22592592592592592,-0.03518518518518518
2024-10-01,2024,Validation,-1,669,679,689,10,690,384.0,0.16666666666666666,4,0.029296875,0.8254651503381175,0.2669270833333333,0.033854166666666664,0.23307291666666666
2024-10-02,2024,Validation,1,649,654,654,0,655,181.25,0.2317241379310345,1,0.13793103448275862,0.704994031590928,0.05517241379310345,0.5544827586206896,-0.4993103448275862
2024-10-08,2024,Validation,1,634,639,639,0,640,132.75,0.11487758945386065,1,0.0,0.8161127895266868,0.05273069679849341,0.544256120527307,-0.4915254237288136
2024-10-10,2024,Validation,1,674,739,864,125,865,114.25,0.8096280087527352,38,0.0175054704595186,0.47422613016049425,0.36542669584245074,0.09190371991247265,0.2735229759299781
2024-10-21,2024,Validation,-1,664,689,709,20,710,131.75,0.5901328273244781,9,0.06451612903225806,1.1469386353490607,0.2523719165085389,0.04364326375711575,0.20872865275142316
2024-10-23,2024,Validation,-1,674,694,719,25,720,116.75,0.3683083511777302,9,0.10706638115631692,1.3944278539432606,0.0,1.0749464668094217,-1.0749464668094217
2024-10-24,2024,Validation,-1,709,714,714,0,715,82.25,0.39209726443769,1,0.1519756838905775,1.0257269451649693,0.6899696048632219,0.5714285714285714,0.1185410334346505
2024-10-25,2024,Validation,-1,824,824,829,5,830,217.0,0.03110599078341014,1,0.28456221198156684,1.058995396057136,0.06797235023041474,0.4251152073732719,-0.35714285714285715
2024-10-28,2024,Validation,-1,759,759,764,5,765,98.25,0.11195928753180662,1,0.29770992366412213,0.5568858178832866,0.005089058524173028,0.5190839694656488,-0.5139949109414758
2024-10-29,2024,Validation,1,699,714,714,0,715,170.75,0.11859443631039532,3,0.007320644216691069,0.5104312918981986,0.0951683748169839,0.3323572474377745,-0.2371888726207906
2024-11-04,2024,Validation,1,649,654,654,0,655,191.25,0.02875816993464052,1,0.02483660130718954,0.5983205616482357,0.6562091503267974,0.1450980392156863,0.5111111111111111
2024-11-05,2024,Validation,1,694,694,704,10,705,174.25,0.08608321377331421,2,0.09182209469153516,0.7171601758429034,0.014347202295552367,0.38593974175035867,-0.3715925394548063
2024-11-06,2024,Validation,1,734,734,739,5,740,161.25,0.06201550387596899,1,0.034108527131782945,0.3935735885075357,0.08837209302325581,0.33488372093023255,-0.24651162790697673
2024-11-11,2024,Validation,-1,784,804,819,15,820,137.5,0.41454545454545455,7,0.01090909090909091,1.272834478819259,0.2963636363636364,0.04363636363636364,0.25272727272727274
2024-11-12,2024,Validation,-1,674,674,679,5,680,72.25,0.20069204152249134,1,0.2491349480968858,0.6210667284242747,0.06228373702422145,0.7820069204152249,-0.7197231833910035
2024-11-13,2024,Validation,1,734,739,744,5,745,128.0,0.232421875,2,0.037109375,0.6185189559466163,0.076171875,0.451171875,-0.375
2024-11-14,2024,Validation,-1,769,774,774,0,775,134.25,0.17690875232774675,1,0.24581005586592178,0.7747747747747747,0.35195530726256985,0.1973929236499069,0.15456238361266295
2024-11-18,2024,Validation,1,634,704,729,25,730,152.0,0.46875,19,0.03618421052631579,1.1861733665362266,0.20065789473684212,0.14144736842105263,0.05921052631578949
2024-11-25,2024,Validation,-1,734,769,789,20,790,211.75,0.4203069657615112,11,0.0011806375442739079,0.7173205531371445,0.09563164108618655,0.14639905548996457,-0.05076741440377802
2024-11-27,2024,Validation,-1,639,639,644,5,645,174.0,0.22701149425287356,1,0.08189655172413793,1.2974753018660814,0.01867816091954023,0.4813218390804598,-0.46264367816091956
2024-11-28,2024,Validation,1,649,654,654,0,655,28.0,0.125,1,0.0,0.731513384574609,0.8392857142857143,0.2857142857142857,0.5535714285714286
2024-12-02,2024,Validation,1,634,639,639,0,640,170.0,0.047058823529411764,1,0.05588235294117647,0.6404603085696827,0.275,0.23088235294117648,0.04411764705882354
2024-12-03,2024,Validation,1,689,694,699,5,700,99.75,0.2882205513784461,2,0.22055137844611528,0.9045987587854109,0.21804511278195488,0.16040100250626566,0.05764411027568922
2024-12-04,2024,Validation,1,634,664,694,30,695,76.0,0.4276315789473684,12,0.029605263157894735,0.8477560153377559,0.18092105263157895,0.39473684210526316,-0.2138157894736842
2024-12-05,2024,Validation,1,734,749,764,15,765,53.75,0.24651162790697675,6,0.0,0.7334324192468714,1.3116279069767443,0.2837209302325581,1.0279069767441862
2024-12-06,2024,Validation,1,789,804,844,40,845,159.25,0.15070643642072212,11,0.01726844583987441,0.8173559110782204,0.19152276295133439,0.0423861852433281,0.14913657770800628
2024-12-09,2024,Validation,-1,639,674,829,155,830,103.75,1.0506024096385542,38,0.021686746987951807,1.4963485881207401,0.021686746987951807,0.908433734939759,-0.8867469879518072
2024-12-10,2024,Validation,-1,659,664,664,0,665,101.25,0.17530864197530865,1,0.04197530864197531,0.8867156815152825,0.056790123456790124,0.6049382716049383,-0.5481481481481482
2024-12-12,2024,Validation,1,659,669,689,20,690,94.5,0.21693121693121692,6,0.0291005291005291,0.4886585842784513,0.4973544973544973,0.10317460317460317,0.3941798941798942
2024-12-13,2024,Validation,-1,644,669,864,195,865,118.0,1.0466101694915255,44,0.057203389830508475,1.5724837052135567,0.16101694915254236,0.1885593220338983,-0.027542372881355942
2024-12-16,2024,Validation,1,634,639,649,10,650,99.75,0.2857142857142857,3,0.020050125313283207,1.0463047814134008,0.09022556390977443,0.5488721804511278,-0.4586466165413534
2024-12-17,2024,Validation,1,699,704,709,5,710,122.5,0.15714285714285714,2,0.004081632653061225,0.47503211434332265,0.5591836734693878,0.06326530612244897,0.49591836734693884
2024-12-18,2024,Validation,1,639,649,674,25,675,104.75,0.3412887828162291,7,0.1766109785202864,0.4931367933070153,0.45346062052505964,0.2863961813842482,0.16706443914081143
2024-12-19,2024,Validation,-1,634,639,639,0,640,200.75,0.14570361145703611,1,0.0273972602739726,0.904220401075747,0.6326276463262764,0.20298879202988793,0.4296388542963885
2024-12-23,2024,Validation,1,714,724,734,10,735,198.75,0.25660377358490566,4,0.01761006289308176,0.48295550525355585,0.14339622641509434,0.3232704402515723,-0.17987421383647798
2024-12-26,2024,Validation,1,674,679,684,5,685,137.75,0.08166969147005444,2,0.1306715063520871,0.37697502130728383,0.10526315789473684,0.6243194192377496,-0.5190562613430127
2024-12-31,2024,Validation,-1,664,669,669,0,670,155.0,0.13225806451612904,1,0.06451612903225806,0.8640711997764259,0.10806451612903226,0.3709677419354839,-0.26290322580645165
2025-01-07,2025,OOS,-1,634,649,659,10,660,280.75,0.4479073909171861,5,0.08726625111308994,1.2080078835457437,0.0881567230632235,0.43811219946571683,-0.34995547640249336
2025-01-08,2025,OOS,1,704,704,709,5,710,175.25,0.07275320970042796,1,0.06276747503566334,0.5566425035775447,1.3052781740370898,0.009985734664764621,1.295292439372325
2025-01-13,2025,OOS,1,649,654,654,0,655,153.5,0.16123778501628663,1,0.21498371335504887,0.7907071947600041,0.5146579804560261,0.08143322475570032,0.43322475570032576
2025-01-14,2025,OOS,-1,639,644,644,0,645,163.5,0.11009174311926606,1,0.2981651376146789,0.9132786288855653,0.0,1.047400611620795,-1.047400611620795
2025-01-16,2025,OOS,-1,814,829,854,25,855,161.75,0.4574961360123648,8,0.015455950540958269,0.5139186295503212,0.35394126738794435,0.1901081916537867,0.16383307573415765
2025-01-17,2025,OOS,1,794,804,809,5,810,172.5,0.10579710144927536,3,0.005797101449275362,0.4354849243496245,0.2536231884057971,0.042028985507246375,0.21159420289855074
2025-01-20,2025,OOS,-1,644,644,654,10,655,101.75,0.35135135135135137,2,0.0343980343980344,1.222240005121475,0.5061425061425061,0.044226044226044224,0.4619164619164619
2025-01-21,2025,OOS,1,769,799,879,80,880,192.5,0.2792207792207792,22,0.02207792207792208,0.3307743881997988,0.08831168831168831,0.21558441558441557,-0.12727272727272726
2025-01-22,2025,OOS,1,644,644,649,5,650,134.5,0.04275092936802974,1,0.013011152416356878,0.4749941221912471,0.34014869888475835,0.25650557620817843,0.08364312267657992
2025-01-23,2025,OOS,1,634,709,754,45,755,52.0,1.0288461538461537,24,0.1346153846153846,0.9665778239026346,0.20673076923076922,1.2451923076923077,-1.0384615384615385
2025-01-24,2025,OOS,-1,659,664,669,5,670,91.0,0.18681318681318682,2,0.15384615384615385,0.399259750413174,0.38186813186813184,0.31868131868131866,0.06318681318681318
2025-01-27,2025,OOS,1,634,644,649,5,650,261.25,0.184688995215311,3,0.049760765550239235,0.9475327465714718,0.6507177033492823,0.09186602870813397,0.5588516746411483
2025-01-29,2025,OOS,-1,644,644,649,5,650,125.75,0.19483101391650098,1,0.2047713717693837,0.8232308791994282,0.18687872763419483,0.31610337972166996,-0.12922465208747513
2025-01-30,2025,OOS,-1,654,674,684,10,685,226.75,0.4520396912899669,6,0.016538037486218304,0.6722644156885454,0.44432194046306506,0.047409040793825796,0.39691289966923926
2025-01-31,2025,OOS,1,634,639,644,5,645,158.5,0.10410094637223975,2,0.09621451104100946,0.9326479045046615,0.20031545741324921,0.361198738170347,-0.16088328075709776
2025-02-03,2025,OOS,1,634,684,764,80,765,249.25,0.4493480441323972,26,0.01905717151454363,0.8387305002689618,0.06920762286860582,0.3640922768304915,-0.2948846539618857
2025-02-04,2025,OOS,1,639,644,644,0,645,258.25,0.06389157792836399,1,0.011616650532429816,0.6132988449360033,0.1452081316553727,0.1287512100677638,0.01645692158760889
2025-02-05,2025,OOS,1,669,669,674,5,675,112.75,0.1729490022172949,1,0.10421286031042129,0.5948723298818497,0.3458980044345898,1.2483370288248337,-0.9024390243902438
2025-02-07,2025,OOS,-1,654,654,659,5,660,282.0,0.25886524822695034,1,0.1276595744680851,1.537547069092378,0.13386524822695037,0.40691489361702127,-0.2730496453900709
2025-02-10,2025,OOS,1,639,649,654,5,655,129.5,0.1583011583011583,3,0.02702702702702703,0.6193668694223682,0.2625482625482625,0.12548262548262548,0.13706563706563704
2025-02-11,2025,OOS,1,644,654,659,5,660,144.5,0.18166089965397925,3,0.02768166089965398,0.4980405869798512,0.39100346020761245,0.06055363321799308,0.3304498269896194
2025-02-12,2025,OOS,1,639,639,644,5,645,203.25,0.16605166051660517,1,0.08610086100861009,1.1464199162811193,0.3751537515375154,0.06396063960639606,0.3111931119311193
2025-02-13,2025,OOS,1,639,644,699,55,700,161.75,0.3786707882534776,12,0.013910355486862442,0.8593249104280596,0.3261205564142195,0.08809891808346214,0.23802163833075735
2025-02-14,2025,OOS,1,659,659,664,5,665,70.0,0.16785714285714284,1,0.09642857142857143,0.9368272855261365,0.7357142857142858,0.19642857142857142,0.5392857142857144
2025-02-17,2025,OOS,1,664,694,694,0,695,50.5,0.17326732673267325,6,0.06435643564356436,0.7737850245369637,0.3415841584158416,0.1188118811881188,0.2227722772277228
2025-02-18,2025,OOS,-1,849,849,864,15,865,137.75,0.1996370235934664,3,0.18148820326678766,0.9489157631359466,0.22686025408348456,0.08348457350272233,0.14337568058076222
2025-02-19,2025,OOS,1,704,729,744,15,745,103.5,0.30917874396135264,8,0.050724637681159424,0.6047015978885775,0.20531400966183574,0.3888888888888889,-0.18357487922705315
2025-02-21,2025,OOS,-1,634,634,639,5,640,195.75,0.08812260536398467,1,0.05491698595146871,1.0293188308926293,0.13282247765006386,0.3218390804597701,-0.18901660280970625
2025-02-26,2025,OOS,1,669,674,689,15,690,184.0,0.16983695652173914,4,0.04076086956521739,0.5791958562225029,0.17391304347826086,0.23641304347826086,-0.0625
2025-02-28,2025,OOS,1,659,664,664,0,665,298.0,0.05956375838926174,1,0.03355704697986577,0.33077299441755725,0.41778523489932884,0.07550335570469799,0.3422818791946308
2025-03-03,2025,OOS,-1,789,819,844,25,845,361.0,0.29570637119113574,11,0.024930747922437674,0.7286502471481728,0.14058171745152354,0.7389196675900277,-0.5983379501385042
2025-03-04,2025,OOS,1,794,794,799,5,800,354.75,0.18534178999295278,1,0.009161381254404511,0.7237382925678862,0.2156448202959831,0.45313601127554615,-0.23749119097956306
2025-03-05,2025,OOS,-1,694,709,719,10,720,226.75,0.24366041896361632,5,0.298787210584344,0.5396053264880475,1.0529217199558987,0.026460859977949284,1.0264608599779494
2025-03-06,2025,OOS,1,639,644,649,5,650,255.5,0.11545988258317025,2,0.10078277886497064,0.6094192713562233,0.5645792563600783,0.14383561643835616,0.42074363992172215
2025-03-07,2025,OOS,-1,634,644,649,5,650,218.25,0.6231386025200458,3,0.08018327605956473,1.541847569101148,0.08018327605956473,1.1947308132875143,-1.1145475372279496
2025-03-10,2025,OOS,-1,634,634,639,5,640,250.25,0.12887112887112886,1,0.004995004995004995,1.0179793339123517,0.1878121878121878,0.5394605394605395,-0.35164835164835173
2025-03-11,2025,OOS,-1,639,644,644,0,645,300.5,0.16306156405990016,1,0.03993344425956739,0.8566817301484829,0.7246256239600666,0.15141430948419302,0.5732113144758736
2025-03-12,2025,OOS,-1,634,669,709,40,710,197.75,0.934260429835651,15,0.14032869785082175,0.8664848894526177,0.6080910240202275,0.1845764854614412,0.4235145385587863
2025-03-13,2025,OOS,-1,699,704,704,0,705,252.5,0.1900990099009901,1,0.1188118811881188,0.8342990531571787,0.14158415841584157,0.2881188118811881,-0.14653465346534653
2025-03-14,2025,OOS,1,664,664,669,5,670,184.0,0.11413043478260869,1,0.05298913043478261,0.8476223113673473,0.12092391304347826,0.4986413043478261,-0.37771739130434784
2025-03-17,2025,OOS,-1,664,664,674,10,675,164.5,0.1762917933130699,2,0.09878419452887538,0.6245070107120196,0.270516717325228,0.43617021276595747,-0.1656534954407295
2025-03-18,2025,OOS,-1,664,669,674,5,675,265.75,0.11382878645343368,2,0.08748824082784572,0.9634182478612054,0.26152398871119475,0.11100658513640639,0.15051740357478838
2025-03-19,2025,OOS,1,709,714,734,20,735,194.5,0.18894601542416453,5,0.017994858611825194,0.4701728024042074,0.44087403598971725,0.06298200514138817,0.37789203084832906
2025-03-20,2025,OOS,1,644,649,654,5,655,330.75,0.05517762660619804,2,0.06651549508692366,0.7100273586074756,0.3000755857898715,0.017384731670445956,0.2826908541194255
2025-03-21,2025,OOS,1,659,664,674,10,675,166.0,0.2319277108433735,3,0.14156626506024098,0.8077139413419043,0.4246987951807229,0.34487951807228917,0.07981927710843373
2025-03-24,2025,OOS,1,649,669,699,30,700,118.25,0.19238900634249473,10,0.1226215644820296,0.6594800007755395,0.07399577167019028,0.4059196617336152,-0.33192389006342493
2025-03-25,2025,OOS,1,639,669,714,45,715,93.0,0.43548387096774194,15,0.13709677419354838,0.666766492684179,0.25806451612903225,0.21236559139784947,0.04569892473118278
2025-03-27,2025,OOS,1,634,659,694,35,695,184.75,0.41948579161028415,12,0.13667117726657646,0.7056172634437334,0.30987821380243574,0.32205683355886333,-0.012178619756427589
2025-03-28,2025,OOS,-1,634,639,639,0,640,310.25,0.1442385173247381,1,0.0128928283642224,1.1925901794704732,0.048348106365834004,0.257856567284448,-0.209508460918614
2025-03-31,2025,OOS,1,684,689,689,0,690,215.0,0.1930232558139535,1,0.023255813953488372,0.738139856001578,0.11046511627906977,0.4627906976744186,-0.35232558139534886
2025-04-01,2025,OOS,1,654,744,844,100,845,201.25,0.901863354037267,38,0.05093167701863354,0.7875825644535411,0.33540372670807456,0.055900621118012424,0.27950310559006214
2025-04-02,2025,OOS,1,659,659,674,15,675,304.25,0.062448644207066556,3,0.11832374691865243,0.7036923931149361,0.02218570254724733,0.47165160230073955,-0.4494658997534922
2025-04-03,2025,OOS,-1,644,669,694,25,695,218.0,0.625,10,0.07224770642201835,0.784296625005611,0.5286697247706422,0.1720183486238532,0.356651376146789
2025-04-04,2025,OOS,-1,634,654,664,10,665,336.0,0.7641369047619048,6,0.4055059523809524,0.8587495786790924,0.29836309523809523,0.6063988095238095,-0.3080357142857143
2025-04-08,2025,OOS,-1,674,694,699,5,700,298.0,0.28104026845637586,5,0.11577181208053691,0.7882852807283763,0.13926174496644295,1.2802013422818792,-1.1409395973154361
2025-04-09,2025,OOS,1,784,784,789,5,790,395.25,0.2814674256799494,1,0.07400379506641366,0.9267443073737268,0.37318153067678683,3.6344086021505375,-3.261227071473751
2025-04-10,2025,OOS,-1,679,749,844,95,845,303.0,2.1435643564356437,33,0.004125412541254125,0.5993924760495366,0.34735973597359737,0.886963696369637,-0.5396039603960396
2025-04-11,2025,OOS,1,754,774,809,35,810,371.75,0.38264963012777403,11,0.010087424344317418,0.5963561895346374,0.13113651647612642,0.6186953597848016,-0.48755884330867516
2025-04-14,2025,OOS,-1,689,734,864,130,865,267.0,0.9372659176029963,35,0.04588014981273408,0.8396562201579998,0.35674157303370785,0.06554307116104868,0.29119850187265917
2025-04-15,2025,OOS,-1,834,839,839,0,840,220.25,0.05561861520998865,1,0.12485811577752554,0.5510367930013012,0.1963677639046538,0.30419977298524403,-0.10783200908059024
2025-04-16,2025,OOS,1,684,689,699,10,700,170.25,0.32599118942731276,3,0.016152716593245228,0.955641153081511,0.737151248164464,0.00881057268722467,0.7283406754772394
2025-04-17,2025,OOS,-1,634,639,644,5,645,194.25,0.2767052767052767,2,0.16602316602316602,1.156051848942259,0.4929214929214929,0.29343629343629346,0.19948519948519944
2025-04-21,2025,OOS,-1,674,679,679,0,680,265.25,0.06786050895381715,1,0.05937794533459001,0.8527889932154825,0.019792648444863337,0.48633364750235625,-0.4665409990574929
2025-04-22,2025,OOS,1,639,684,704,20,705,205.5,0.38929440389294406,13,0.06204379562043796,0.752035130600493,0.021897810218978103,1.0766423357664234,-1.0547445255474452
2025-04-23,2025,OOS,-1,689,694,694,0,695,228.0,0.2774122807017544,1,0.009868421052631578,0.9148681722104794,0.14692982456140352,0.7587719298245614,-0.611842105263158
2025-04-24,2025,OOS,1,634,639,644,5,645,296.0,0.1266891891891892,2,0.07094594594594594,0.7794595483897504,0.11655405405405406,0.2939189189189189,-0.17736486486486486
2025-04-25,2025,OOS,1,744,809,834,25,835,170.0,0.8735294117647059,18,0.025,0.495611770779556,0.16029411764705884,0.7470588235294118,-0.586764705882353
2025-04-28,2025,OOS,-1,669,674,674,0,675,189.75,0.17391304347826086,1,0.04084321475625823,0.7623414517953909,0.007905138339920948,0.8603425559947299,-0.852437417654809
2025-04-30,2025,OOS,1,634,634,639,5,640,211.25,0.13727810650887573,1,0.04260355029585799,0.8664579792184219,0.1455621301775148,0.6272189349112426,-0.4816568047337278
2025-05-01,2025,OOS,1,639,679,714,35,715,145.5,0.8264604810996563,15,0.06701030927835051,0.7685737749794689,0.5927835051546392,0.022336769759450172,0.570446735395189
2025-05-02,2025,OOS,1,704,709,714,5,715,160.5,0.11059190031152648,2,0.040498442367601244,0.3895387700534759,0.003115264797507788,0.5716510903426791,-0.5685358255451713
2025-05-05,2025,OOS,1,664,664,669,5,670,125.75,0.05765407554671968,1,0.09741550695825049,0.5534696998661823,0.2664015904572565,0.2544731610337972,0.011928429423459286
2025-05-06,2025,OOS,1,639,649,654,5,655,170.5,0.1656891495601173,3,0.05718475073313783,0.5448597671791345,0.08504398826979472,0.3093841642228739,-0.2243401759530792
2025-05-07,2025,OOS,-1,654,714,764,50,765,119.5,0.5899581589958159,22,0.10251046025104603,1.5965741287655049,0.47280334728033474,0.100418410041841,0.37238493723849375
2025-05-08,2025,OOS,-1,654,659,669,10,670,149.0,0.3087248322147651,3,0.22986577181208054,1.20414313077214,1.721476510067114,0.010067114093959731,1.7114093959731544
2025-05-09,2025,OOS,-1,639,639,649,10,650,168.0,0.31994047619047616,2,0.08035714285714286,1.7497821741581672,0.3020833333333333,0.16517857142857142,0.1369047619047619
2025-05-13,2025,OOS,1,659,659,669,10,670,273.75,0.049315068493150684,2,0.010958904109589041,0.6972033921563247,0.0,0.22557077625570776,-0.22557077625570776
2025-05-16,2025,OOS,-1,639,649,654,5,655,81.75,0.8318042813455657,3,0.07339449541284404,0.9121631755236714,0.5902140672782875,0.26299694189602446,0.32721712538226305
2025-05-19,2025,OOS,1,749,749,754,5,755,260.25,0.059558117195004805,1,0.0393852065321806,0.5226530210588467,0.027857829010566763,0.35446685878962536,-0.3266090297790586
2025-05-20,2025,OOS,1,644,649,654,5,655,85.0,0.1323529411764706,2,0.014705882352941176,0.5750654640675007,0.6029411764705882,0.061764705882352944,0.5411764705882353
2025-05-21,2025,OOS,1,659,774,799,25,800,164.25,0.7138508371385084,28,0.3926940639269406,1.0030346434900828,1.3196347031963471,0.0182648401826484,1.3013698630136987
2025-05-23,2025,OOS,1,774,779,779,0,780,171.75,0.06841339155749636,1,0.06550218340611354,0.3399622939852825,0.06841339155749636,0.5283842794759825,-0.45997088791848617
2025-05-26,2025,OOS,-1,634,669,694,25,695,49.0,0.8826530612244898,12,0.10714285714285714,1.6044283585267192,0.47959183673469385,0.08673469387755102,0.39285714285714285
2025-05-27,2025,OOS,1,684,689,699,10,700,190.75,0.08781127129750983,3,0.001310615989515072,0.49771613849904145,0.07732634338138926,0.3617300131061599,-0.2844036697247706
2025-05-28,2025,OOS,-1,659,659,664,5,665,129.25,0.09477756286266925,1,0.2205029013539652,0.49370621136296733,0.0851063829787234,0.25338491295938104,-0.16827852998065762
2025-05-29,2025,OOS,-1,719,724,734,10,735,299.25,0.2656641604010025,3,0.0860484544695071,1.0544288326701647,0.264828738512949,0.000835421888053467,0.26399331662489556
2025-06-02,2025,OOS,1,784,794,794,0,795,223.25,0.07278835386338185,2,0.0335946248600224,0.5354740387695474,0.11758118701007839,0.06942889137737962,0.048152295632698766
2025-06-04,2025,OOS,1,869,874,874,0,875,152.25,0.06403940886699508,1,0.027914614121510674,0.39571705963938975,0.11494252873563218,0.07717569786535304,0.03776683087027914
2025-06-05,2025,OOS,1,659,719,759,40,760,149.0,0.6342281879194631,20,0.14093959731543623,0.5852857095915618,1.0771812080536913,0.04194630872483222,1.0352348993288591
2025-06-06,2025,OOS,-1,764,764,769,5,770,101.5,0.14285714285714285,1,0.10591133004926108,0.6146895749195701,0.4630541871921182,0.5024630541871922,-0.039408866995073955
2025-06-09,2025,OOS,1,634,634,644,10,645,115.5,0.21212121212121213,2,0.06926406926406926,1.5066176470588235,0.3852813852813853,0.1038961038961039,0.2813852813852814
2025-06-10,2025,OOS,-1,694,694,704,10,705,75.25,1.0,2,0.3289036544850498,3.0357326358073706,1.0,0.059800664451827246,0.9401993355481728
2025-06-11,2025,OOS,1,634,639,639,0,640,127.5,0.058823529411764705,1,0.021568627450980392,0.7248483420696155,0.42549019607843136,0.2019607843137255,0.22352941176470587
2025-06-12,2025,OOS,1,639,664,679,15,680,112.0,0.4174107142857143,8,0.05580357142857143,0.8297299286187357,0.39285714285714285,0.23660714285714285,0.15625
2025-06-13,2025,OOS,1,689,739,794,55,795,177.75,0.33755274261603374,21,0.026722925457102673,0.45157226365652087,0.3150492264416315,0.17580872011251758,0.13924050632911394
2025-06-16,2025,OOS,1,634,639,639,0,640,187.5,0.028,1,0.032,0.5050183156200208,0.12666666666666668,0.144,-0.01733333333333331
2025-06-17,2025,OOS,-1,809,814,814,0,815,107.5,0.3372093023255814,1,0.08604651162790698,0.6523383149727455,0.13953488372093023,1.0976744186046512,-0.958139534883721
2025-06-18,2025,OOS,1,634,644,649,5,650,156.75,0.09409888357256778,3,0.04784688995215311,0.7619431566216489,0.2535885167464115,0.06060606060606061,0.19298245614035087
2025-06-20,2025,OOS,-1,644,664,694,30,695,242.0,0.46487603305785125,10,0.025826446280991736,1.5234375,0.11363636363636363,0.253099173553719,-0.13946280991735538
2025-06-24,2025,OOS,1,644,649,649,0,650,73.5,0.09183673469387756,1,0.047619047619047616,0.7762666803006288,0.3979591836734694,0.7891156462585034,-0.391156462585034
2025-06-26,2025,OOS,1,634,634,644,10,645,99.0,0.22474747474747475,2,0.12373737373737374,1.20200476308961,0.12878787878787878,0.494949494949495,-0.3661616161616162
2025-07-02,2025,OOS,1,634,644,644,0,645,147.0,0.11054421768707483,2,0.14795918367346939,0.8206477576132802,0.0,0.4880952380952381,-0.4880952380952381
2025-07-03,2025,OOS,1,674,679,679,0,680,135.75,0.029465930018416207,1,0.040515653775322284,0.3017613663933233,0.022099447513812154,0.31123388581952116,-0.289134438305709
2025-07-04,2025,OOS,1,634,634,654,20,655,47.0,0.22340425531914893,4,0.0,1.5789125399801478,0.5053191489361702,0.18085106382978725,0.32446808510638303
2025-07-07,2025,OOS,-1,659,659,664,5,665,77.0,0.23376623376623376,1,0.0,0.9226323464486869,0.6623376623376623,0.07467532467532467,0.5876623376623377
2025-07-08,2025,OOS,1,744,749,754,5,755,94.5,0.2037037037037037,2,0.16137566137566137,0.7831248949185862,0.544973544973545,0.06084656084656084,0.4841269841269842
2025-07-09,2025,OOS,-1,644,679,689,10,690,134.0,0.43470149253731344,9,0.014925373134328358,0.7689489680013917,0.06343283582089553,0.32276119402985076,-0.2593283582089552
2025-07-11,2025,OOS,1,784,789,804,15,805,141.5,0.12014134275618374,4,0.038869257950530034,0.5840102607952117,0.2756183745583039,0.12367491166077739,0.15194346289752653
2025-07-15,2025,OOS,-1,659,659,669,10,670,102.25,0.2396088019559902,2,0.09535452322738386,0.8122981834029993,0.49877750611246946,0.08068459657701711,0.41809290953545236
2025-07-16,2025,OOS,-1,679,684,689,5,690,140.75,0.35701598579040855,2,0.2291296625222025,2.4136161994145517,0.30550621669627,1.0355239786856127,-0.7300177619893428
2025-07-24,2025,OOS,1,794,799,809,10,810,102.75,0.2141119221411192,3,0.10948905109489052,0.6895890164573278,0.0851581508515815,0.31630170316301703,-0.23114355231143552
2025-07-25,2025,OOS,1,689,694,699,5,700,85.25,0.15542521994134897,2,0.09090909090909091,0.5191775769869076,0.06451612903225806,0.7976539589442815,-0.7331378299120235
2025-07-28,2025,OOS,-1,679,684,684,0,685,64.25,0.4357976653696498,1,0.07392996108949416,0.9647795236768205,0.6147859922178989,0.08560311284046693,0.5291828793774319
2025-07-30,2025,OOS,1,654,659,659,0,660,75.5,0.1986754966887417,1,0.1423841059602649,0.641176116165572,0.5231788079470199,0.2052980132450331,0.31788079470198677
2025-08-04,2025,OOS,1,739,749,749,0,750,175.5,0.0698005698005698,2,0.002849002849002849,0.2782148657453782,0.06125356125356125,0.1168091168091168,-0.05555555555555555
2025-08-07,2025,OOS,-1,659,679,684,5,685,128.5,0.311284046692607,5,0.07392996108949416,0.6530363839726299,0.027237354085603113,0.7140077821011673,-0.6867704280155642
2025-08-08,2025,OOS,1,634,634,654,20,655,153.5,0.1270358306188925,4,0.12214983713355049,0.8726033925113302,0.3485342019543974,0.10586319218241043,0.24267100977198697
2025-08-11,2025,OOS,1,729,734,759,25,760,86.75,0.4265129682997118,6,0.0,1.2406601668905843,0.7348703170028819,0.005763688760806916,0.729106628242075
2025-08-13,2025,OOS,-1,664,679,704,25,705,121.5,0.4506172839506173,8,0.059670781893004114,0.7622831149999503,0.006172839506172839,0.4547325102880658,-0.44855967078189296
2025-08-14,2025,OOS,1,634,649,659,10,660,119.0,0.39915966386554624,5,0.03991596638655462,0.9026649988339305,0.7794117647058824,0.04201680672268908,0.7373949579831933
2025-08-15,2025,OOS,-1,704,704,709,5,710,140.75,0.2539964476021314,1,0.06394316163410302,1.0093698006363292,0.2841918294849023,0.108348134991119,0.1758436944937833
2025-08-20,2025,OOS,-1,649,654,664,10,665,368.5,0.0773405698778833,3,0.035278154681139755,0.7861165228424971,0.514246947082768,0.0067842605156037995,0.5074626865671642
2025-08-21,2025,OOS,-1,794,809,814,5,815,192.25,0.19245773732119636,4,0.09752925877763328,0.4131007698176018,0.2574772431729519,0.015604681404421327,0.24187256176853056
2025-08-22,2025,OOS,1,664,664,669,5,670,427.5,0.03976608187134503,1,0.018128654970760234,0.5000704178372088,0.13801169590643275,0.05730994152046784,0.08070175438596491
2025-08-25,2025,OOS,1,649,649,654,5,655,117.75,0.11252653927813164,1,0.016985138004246284,0.6332825862615075,0.11677282377919321,0.49044585987261147,-0.3736730360934183
2025-08-26,2025,OOS,1,739,739,744,5,745,121.0,0.07231404958677685,1,0.049586776859504134,0.4272054574938025,0.2706611570247934,0.0640495867768595,0.20661157024793386
2025-08-27,2025,OOS,1,639,644,644,0,645,119.0,0.0819327731092437,1,0.03361344537815126,0.4785329646339688,0.25210084033613445,0.06512605042016807,0.1869747899159664
2025-08-28,2025,OOS,1,749,749,754,5,755,169.75,0.13991163475699558,1,0.05891016200294551,0.5548022183861607,0.06332842415316642,0.23711340206185566,-0.17378497790868924
2025-08-29,2025,OOS,-1,794,799,804,5,805,240.0,0.12708333333333333,2,0.008333333333333333,0.3713894364079778,0.196875,0.05625,0.140625
2025-09-03,2025,OOS,1,634,654,684,30,685,102.25,0.5183374083129584,10,0.019559902200488997,0.6683727692425415,0.684596577017115,0.007334963325183374,0.6772616136919316
2025-09-04,2025,OOS,1,714,719,719,0,720,138.25,0.045207956600361664,1,0.0705244122965642,0.4093243090610529,0.18625678119349007,0.19529837251356238,-0.009041591320072317
2025-09-05,2025,OOS,-1,639,654,654,0,655,273.5,0.24040219378427788,3,0.018281535648994516,0.9738863472916377,0.13254113345521024,0.4670932358318099,-0.33455210237659966
2025-09-08,2025,OOS,1,644,649,654,5,655,104.5,0.11244019138755981,2,0.03827751196172249,0.5536348270897238,0.40669856459330145,0.11961722488038277,0.28708133971291866
2025-09-09,2025,OOS,-1,634,644,654,10,655,76.5,0.7222222222222222,4,0.08169934640522876,1.1786067624978176,0.32679738562091504,0.46405228758169936,-0.13725490196078433
2025-09-10,2025,OOS,-1,804,809,829,20,830,100.25,0.27680798004987534,5,0.022443890274314215,0.43513638160495455,0.06234413965087282,0.628428927680798,-0.5660847880299252
2025-09-11,2025,OOS,1,639,649,654,5,655,94.25,0.16976127320954906,3,0.13262599469496023,0.7968809090745376,0.1724137931034483,0.5809018567639257,-0.4084880636604774
2025-09-15,2025,OOS,1,664,664,669,5,670,95.25,0.06036745406824147,1,0.17060367454068243,0.615827101651738,0.09973753280839895,0.4120734908136483,-0.3123359580052494
2025-09-16,2025,OOS,-1,664,664,669,5,670,79.75,0.12225705329153605,1,0.0877742946708464,0.8143320873499902,0.18181818181818182,0.3605015673981191,-0.1786833855799373
2025-09-17,2025,OOS,-1,644,669,679,10,680,104.75,0.3054892601431981,7,0.011933174224343675,0.5997414907367514,0.01909307875894988,0.45584725536992843,-0.43675417661097854
2025-09-18,2025,OOS,1,679,684,689,5,690,189.75,0.14492753623188406,2,0.03162055335968379,0.5932203389830508,0.32674571805006586,0.12121212121212122,0.20553359683794464
2025-09-19,2025,OOS,-1,674,679,679,0,680,80.0,0.1625,1,0.003125,0.512731037656262,0.95,0.371875,0.578125
2025-09-22,2025,OOS,1,639,664,694,30,695,91.75,0.3460490463215259,11,0.035422343324250684,0.6363088461796023,0.05449591280653951,0.8991825613079019,-0.8446866485013623
2025-09-23,2025,OOS,-1,729,734,734,0,735,80.25,0.1806853582554517,1,0.003115264797507788,0.5641400257598185,0.308411214953271,0.2616822429906542,0.04672897196261683
2025-09-24,2025,OOS,-1,674,674,679,5,680,114.75,0.06535947712418301,1,0.0784313725490196,0.8085556731465493,0.14161220043572983,1.4531590413943356,-1.3115468409586057
2025-09-25,2025,OOS,1,649,649,654,5,655,219.25,0.06841505131128849,1,0.0661345496009122,0.5214687183267299,0.1961231470923603,0.31927023945267957,-0.12314709236031926
2025-09-29,2025,OOS,-1,714,714,719,5,720,127.25,0.137524557956778,1,0.007858546168958742,0.699891781055989,0.14538310412573674,0.21218074656188604,-0.0667976424361493
2025-09-30,2025,OOS,1,659,664,674,10,675,108.75,0.29195402298850576,3,0.027586206896551724,0.9482099972640774,0.6689655172413793,0.05057471264367816,0.6183908045977011
2025-10-01,2025,OOS,1,634,639,644,5,645,167.0,0.11377245508982035,2,0.014970059880239521,0.7014914270837207,0.09131736526946108,0.25299401197604793,-0.16167664670658685
2025-10-06,2025,OOS,1,804,809,809,0,810,105.0,0.09523809523809523,1,0.007142857142857143,0.7437620600172999,0.14285714285714285,0.17857142857142858,-0.035714285714285726
2025-10-09,2025,OOS,-1,634,649,659,10,660,90.5,0.5607734806629834,5,0.06906077348066299,1.1454270492532446,0.2541436464088398,0.5939226519337016,-0.33977900552486184
2025-10-13,2025,OOS,1,739,744,744,0,745,189.0,0.08862433862433862,1,0.031746031746031744,0.39490679852758576,0.10978835978835978,0.2671957671957672,-0.15740740740740744
2025-10-14,2025,OOS,1,639,644,644,0,645,304.0,0.03782894736842105,1,0.01644736842105263,0.5059834487685805,0.16200657894736842,0.24177631578947367,-0.07976973684210525
2025-10-15,2025,OOS,-1,784,799,834,35,835,216.25,1.0809248554913296,10,0.025433526011560695,0.924129610194283,0.21734104046242775,0.20346820809248556,0.01387283236994219
2025-10-16,2025,OOS,1,639,649,659,10,660,111.75,0.48322147651006714,4,0.17002237136465326,0.9109842460363966,1.4429530201342282,0.21476510067114093,1.2281879194630874
2025-10-21,2025,OOS,1,709,774,774,0,775,99.25,0.4433249370277078,13,0.11586901763224182,0.8747244891880622,0.43828715365239296,0.163727959697733,0.27455919395466
2025-10-22,2025,OOS,-1,639,649,654,5,655,175.0,0.36428571428571427,3,0.10571428571428572,1.137250935571963,0.3414285714285714,0.7385714285714285,-0.39714285714285713
2025-10-23,2025,OOS,1,639,639,644,5,645,180.75,0.058091286307053944,1,0.08437067773167359,0.6355438767441675,0.2475795297372061,0.2268326417704011,0.02074688796680499
2025-10-24,2025,OOS,1,774,774,794,20,795,119.0,0.1092436974789916,4,0.04831932773109244,0.5215488700158342,0.07142857142857142,0.23529411764705882,-0.1638655462184874
2025-10-27,2025,OOS,1,639,649,649,0,650,79.25,0.20504731861198738,2,0.0031545741324921135,0.6907415275008987,0.305993690851735,0.4353312302839117,-0.12933753943217668
2025-10-28,2025,OOS,-1,639,649,649,0,650,65.25,0.31800766283524906,2,0.11877394636015326,0.819368837793597,0.3103448275862069,0.4674329501915709,-0.15708812260536398
2025-10-29,2025,OOS,-1,689,734,774,40,775,71.75,0.7177700348432056,17,0.03484320557491289,0.4171755355238926,0.1602787456445993,0.5261324041811847,-0.36585365853658536
2025-11-04,2025,OOS,-1,739,744,744,0,745,230.5,0.09002169197396963,1,0.17787418655097614,0.7069379402620912,0.13449023861171366,0.3665943600867679,-0.23210412147505421
2025-11-05,2025,OOS,1,659,664,664,0,665,230.5,0.06073752711496746,1,0.04121475054229935,0.5280927418423665,0.21800433839479394,0.3470715835140998,-0.12906724511930584
2025-11-06,2025,OOS,-1,639,749,869,120,870,281.25,0.7351111111111112,46,0.0951111111111111,1.0441700323225163,0.024888888888888887,0.29688888888888887,-0.27199999999999996
2025-11-07,2025,OOS,-1,644,729,804,75,805,229.0,0.7543668122270742,32,0.08624454148471616,0.5706569644230228,0.27292576419213976,0.1965065502183406,0.07641921397379917
2025-11-10,2025,OOS,-1,659,704,724,20,725,141.25,0.5185840707964602,13,0.2247787610619469,0.9747268055062859,0.6672566371681415,0.3486725663716814,0.3185840707964601
2025-11-11,2025,OOS,-1,634,639,644,5,645,113.25,0.2869757174392936,2,0.05518763796909492,0.9975899578475252,0.47019867549668876,0.5275938189845475,-0.057395143487858735
2025-11-12,2025,OOS,-1,654,674,689,15,690,219.25,0.29418472063854045,7,0.09464082098061574,0.7262549365845796,0.12200684150513112,0.4241733181299886,-0.30216647662485746
2025-11-19,2025,OOS,-1,754,764,764,0,765,415.5,0.15764139590854392,2,0.10168471720818291,0.5925449095773572,0.2364620938628159,0.11853188929001203,0.11793020457280386
2025-11-21,2025,OOS,-1,634,639,644,5,645,270.75,0.36934441366574333,2,0.007386888273314866,0.7969881459121203,0.7673130193905817,0.3490304709141274,0.4182825484764543
2025-11-28,2025,OOS,1,669,679,684,5,685,91.0,0.1565934065934066,3,0.18681318681318682,1.312783090085556,0.40934065934065933,0.3873626373626374,0.021978021978021955
2025-12-01,2025,OOS,1,654,659,669,10,670,179.75,0.17246175243393602,3,0.10292072322670376,0.9399545386670207,0.2670375521557719,0.5396383866481224,-0.27260083449235045
2025-12-02,2025,OOS,-1,684,694,699,5,700,183.5,0.30926430517711173,3,0.16621253405994552,1.1062651903861735,0.6553133514986376,0.13215258855585832,0.5231607629427792
2025-12-03,2025,OOS,1,634,639,639,0,640,144.5,0.19204152249134948,1,0.031141868512110725,1.5303858048071866,0.3391003460207612,0.35121107266435986,-0.012110726643598635
2025-12-08,2025,OOS,-1,664,679,684,5,685,203.75,0.150920245398773,4,0.0196319018404908,0.9607021195134641,0.04539877300613497,0.28957055214723926,-0.24417177914110427
2025-12-09,2025,OOS,1,644,649,649,0,650,110.0,0.11818181818181818,1,0.16136363636363638,0.692393711491657,0.029545454545454545,0.5590909090909091,-0.5295454545454545
2025-12-10,2025,OOS,-1,659,664,669,5,670,105.25,0.36342042755344417,2,0.09501187648456057,1.1744371162156015,0.7695961995249406,0.07363420427553444,0.6959619952494062
2025-12-11,2025,OOS,1,819,829,834,5,835,260.0,0.14134615384615384,3,0.01730769230769231,0.31788174856566725,0.05961538461538462,0.2971153846153846,-0.2375
2025-12-12,2025,OOS,-1,659,699,794,95,795,304.5,0.6469622331691297,27,0.05665024630541872,1.7336534168483853,0.1330049261083744,0.31773399014778325,-0.18472906403940886
2025-12-18,2025,OOS,1,634,674,729,55,730,176.5,0.4235127478753541,19,0.48441926345609065,0.8666855592890976,0.38526912181303113,0.6189801699716714,-0.23371104815864024
2025-12-31,2025,OOS,-1,654,659,679,20,680,124.0,0.2056451612903226,5,0.07459677419354839,0.4903493242367978,0.2439516129032258,0.07459677419354839,0.16935483870967744
2026-01-05,2026,OOS,1,634,634,639,5,640,145.25,0.04647160068846816,1,0.19793459552495696,0.5343674530930708,0.12392426850258176,0.2874354561101549,-0.16351118760757316
2026-01-07,2026,OOS,1,634,639,639,0,640,109.0,0.20412844036697247,1,0.26605504587155965,0.7566310765747851,0.1353211009174312,0.7064220183486238,-0.5711009174311926
2026-01-09,2026,OOS,1,634,634,639,5,640,245.25,0.0744138634046891,1,0.07339449541284404,0.9463903592746932,0.3333333333333333,0.23853211009174313,0.09480122324159018
2026-01-12,2026,OOS,1,674,679,704,25,705,190.0,0.1394736842105263,6,0.005263157894736842,0.5171608297390223,0.05789473684210526,0.21578947368421053,-0.15789473684210525
2026-01-14,2026,OOS,-1,649,654,664,10,665,259.75,0.23484119345524543,3,0.0019249278152069298,0.9704060309808973,0.23195380173243504,0.35418671799807505,-0.12223291626564001
2026-01-15,2026,OOS,-1,649,654,659,5,660,111.25,0.3438202247191011,2,0.3842696629213483,1.0660843796303516,0.47415730337078654,0.0651685393258427,0.40898876404494383
2026-01-16,2026,OOS,-1,634,644,659,15,660,227.25,0.3179317931793179,5,0.0737073707370737,0.8498572572362089,0.31903190319031904,0.0847084708470847,0.23432343234323433
2026-01-19,2026,OOS,1,669,679,689,10,690,107.5,0.3674418604651163,4,0.06976744186046512,0.9048553757268248,0.013953488372093023,0.7046511627906977,-0.6906976744186047
2026-01-20,2026,OOS,1,634,644,649,5,650,134.75,0.35992578849721707,3,0.12987012987012986,0.6472869833590524,0.2820037105751391,0.5825602968460112,-0.30055658627087206
2026-01-21,2026,OOS,1,634,674,699,25,700,259.25,0.4146576663452266,13,0.19864995178399228,0.8774690560631326,0.7463837994214079,0.04339440694310511,0.7029893924783027
2026-01-23,2026,OOS,1,634,664,764,100,765,201.0,0.4092039800995025,26,0.16666666666666666,0.7237406336445753,0.2325870646766169,0.17164179104477612,0.060945273631840796
2026-01-26,2026,OOS,1,654,659,659,0,660,182.25,0.06584362139917696,1,0.02880658436213992,0.7342260926717056,0.16598079561042525,0.2606310013717421,-0.09465020576131686
2026-01-27,2026,OOS,1,639,649,654,5,655,157.5,0.15079365079365079,3,0.01746031746031746,0.7141578384767137,0.04126984126984127,0.2222222222222222,-0.18095238095238095
2026-01-28,2026,OOS,-1,634,639,639,0,640,96.0,0.15364583333333334,1,0.18229166666666666,0.9697323828444548,0.018229166666666668,0.84375,-0.8255208333333334
2026-01-29,2026,OOS,-1,634,659,724,65,725,456.75,0.39901477832512317,18,0.05363984674329502,0.7608903054003334,0.2977558839627805,0.021346469622331693,0.27640941434044886
2026-01-30,2026,OOS,-1,679,684,689,5,690,149.25,0.25125628140703515,2,0.05527638190954774,0.5892550494725651,0.4103852596314908,0.7554438860971524,-0.3450586264656616
2026-02-02,2026,OOS,1,724,734,734,0,735,372.5,0.032885906040268455,2,0.01879194630872483,0.44548288990860824,0.02080536912751678,0.09798657718120805,-0.07718120805369127
2026-02-04,2026,OOS,-1,664,669,674,5,675,282.0,0.19680851063829788,2,0.012411347517730497,0.815548799877889,0.09929078014184398,0.649822695035461,-0.550531914893617
2026-02-13,2026,OOS,1,634,634,639,5,640,291.75,0.19880034275921166,1,0.1456726649528706,0.6291978463223216,0.36503856041131105,0.2099400171379606,0.15509854327335046
2026-02-16,2026,OOS,-1,644,649,649,0,650,104.75,0.1360381861575179,1,0.21241050119331742,0.8927757891311423,0.3556085918854415,0.4343675417661098,-0.07875894988066828
2026-02-18,2026,OOS,1,654,694,714,20,715,322.0,0.1343167701863354,12,0.0007763975155279503,0.3504038943172598,0.04736024844720497,0.17236024844720496,-0.125
2026-02-20,2026,OOS,1,654,664,674,10,675,404.5,0.13967861557478367,4,0.01792336217552534,0.6001831812476679,0.2737948084054388,0.12978986402966625,0.14400494437577255
2026-02-24,2026,OOS,1,644,644,649,5,650,320.0,0.0515625,1,0.0125,0.41471799122246833,0.13046875,0.11875,0.01171875
2026-02-27,2026,OOS,1,644,649,649,0,650,215.5,0.09164733178654293,1,0.07192575406032482,0.5822427598857103,0.27958236658932717,0.17981438515081208,0.09976798143851509
2026-03-02,2026,OOS,1,669,674,679,5,680,342.75,0.12691466083150985,2,0.046681254558716266,0.6052335764515201,0.22830051057622175,0.40189642596644787,-0.17359591539022612
2026-03-03,2026,OOS,1,709,709,729,20,730,309.25,0.2053354890864996,4,0.07518189167340339,0.8577699251856555,0.11398544866612773,0.24090541632983023,-0.1269199676637025
2026-03-04,2026,OOS,1,704,714,719,5,720,320.25,0.07572209211553474,3,0.00234192037470726,0.6293819561746535,0.1288056206088993,0.11007025761124122,0.018735362997658087
2026-03-05,2026,OOS,-1,634,634,639,5,640,224.5,0.24387527839643652,1,0.2505567928730512,1.2989984739444782,0.24387527839643652,0.4510022271714922,-0.20712694877505566
2026-03-06,2026,OOS,1,634,639,649,10,650,220.25,0.2917139614074915,3,0.11464245175936436,0.7479568379459575,0.23723041997729852,0.4517593643586833,-0.21452894438138478
2026-03-10,2026,OOS,1,639,809,854,45,855,189.5,0.716358839050132,43,0.22823218997361477,0.6786417471905007,0.2704485488126649,0.35883905013192613,-0.08839050131926124
2026-03-11,2026,OOS,-1,634,634,639,5,640,201.25,0.10186335403726708,1,0.15403726708074533,0.8852310934912431,0.40869565217391307,0.4782608695652174,-0.06956521739130433
2026-03-12,2026,OOS,-1,634,639,644,5,645,217.75,0.20321469575200918,2,0.13088404133180254,1.0220112726194008,0.3455797933409874,0.38461538461538464,-0.03903559127439726
2026-03-18,2026,OOS,-1,794,794,799,5,800,186.5,0.0871313672922252,1,0.04155495978552279,0.44252932702202097,0.5201072386058981,0.04155495978552279,0.4785522788203753
2026-03-19,2026,OOS,1,674,679,679,0,680,220.0,0.07840909090909091,1,0.2806818181818182,0.44219803006739244,0.40795454545454546,0.16363636363636364,0.24431818181818182
2026-03-20,2026,OOS,-1,654,654,659,5,660,250.75,0.036889332003988036,1,0.12163509471585245,0.7193760691194805,0.292123629112662,0.13160518444666003,0.16051844466600196
2026-03-23,2026,OOS,-1,719,719,729,10,730,255.75,0.2434017595307918,2,0.016617790811339198,1.092450145387804,0.11241446725317693,0.501466275659824,-0.3890518084066471
2026-03-24,2026,OOS,1,679,689,719,30,720,183.5,0.3692098092643052,8,0.11989100817438691,0.5964381941249918,0.276566757493188,0.279291553133515,-0.0027247956403270157
2026-03-26,2026,OOS,-1,694,694,699,5,700,178.5,0.07142857142857142,1,0.10224089635854341,0.549611145302971,0.2535014005602241,0.5714285714285714,-0.3179271708683473
2026-03-30,2026,OOS,-1,644,644,649,5,650,245.5,0.12423625254582485,1,0.0539714867617108,0.8676317575209229,0.5244399185336049,0.10386965376782077,0.4205702647657842
2026-04-01,2026,OOS,1,639,639,644,5,645,167.5,0.20149253731343283,1,0.03134328358208955,1.3336944293987751,0.18059701492537314,0.517910447761194,-0.3373134328358208
2026-04-07,2026,OOS,-1,664,669,674,5,675,314.0,0.16719745222929935,2,0.03821656050955414,0.9022654747983271,0.7388535031847133,0.026273885350318472,0.7125796178343948
2026-04-08,2026,OOS,-1,644,659,699,40,700,207.25,0.5597104945717732,11,0.061519903498190594,0.5965624382621814,0.30639324487334135,0.10253317249698432,0.20386007237635703
2026-04-09,2026,OOS,1,694,694,699,5,700,147.75,0.3062605752961083,1,0.01353637901861252,1.9787140191144035,0.01015228426395939,1.0575296108291032,-1.0473773265651438
2026-04-10,2026,OOS,1,674,684,689,5,690,101.25,0.2345679012345679,3,0.20987654320987653,0.5922644233162427,1.0222222222222221,0.09135802469135802,0.9308641975308641
2026-04-13,2026,OOS,1,659,659,664,5,665,173.0,0.16040462427745664,1,0.1315028901734104,0.7460213320336664,0.15028901734104047,0.25578034682080925,-0.10549132947976878
2026-04-14,2026,OOS,1,654,659,659,0,660,150.25,0.09317803660565724,1,0.0016638935108153079,0.6281252050659492,0.2878535773710483,0.6256239600665557,-0.33777038269550747
2026-04-15,2026,OOS,1,634,634,639,5,640,152.0,0.12171052631578948,1,0.1513157894736842,1.1566583662046321,0.0,0.5953947368421053,-0.5953947368421053
2026-04-16,2026,OOS,1,669,739,794,55,795,177.75,0.6230661040787623,25,0.05625879043600562,0.6830752072190819,0.28973277074542897,0.3727144866385373,-0.08298171589310832
2026-04-17,2026,OOS,1,634,759,804,45,805,146.5,0.742320819112628,34,0.13139931740614336,0.9033297923000844,0.11262798634812286,0.4863481228668942,-0.37372013651877134
2026-04-20,2026,OOS,-1,644,669,829,160,830,112.0,1.3125,37,0.044642857142857144,0.9883672481165753,0.19642857142857142,0.21651785714285715,-0.020089285714285726
2026-04-21,2026,OOS,-1,664,669,669,0,670,158.5,0.40536277602523657,1,0.12302839116719243,2.0760590607605907,0.2555205047318612,0.3359621451104101,-0.0804416403785489
2026-04-22,2026,OOS,1,639,644,644,0,645,179.75,0.08344923504867872,1,0.12239221140472879,0.9652968996321597,0.16133518776077885,0.21974965229485396,-0.05841446453407512
2026-04-23,2026,OOS,1,664,694,709,15,710,137.75,0.38475499092558985,9,0.07985480943738657,0.6938198114595476,0.39201451905626133,0.19056261343012704,0.2014519056261343
2026-04-28,2026,OOS,-1,649,659,659,0,660,183.75,0.3034013605442177,2,0.12789115646258503,0.9908256880733946,0.15510204081632653,0.4448979591836735,-0.28979591836734697
2026-04-29,2026,OOS,1,634,639,669,30,670,152.75,0.2520458265139116,7,0.1783960720130933,1.0648501081693624,0.33387888707037644,0.31260229132569556,0.021276595744680882
2026-05-04,2026,OOS,1,644,649,659,10,660,105.0,0.2642857142857143,3,0.2976190476190476,0.6774884843707663,1.7595238095238095,0.30714285714285716,1.4523809523809523
2026-05-05,2026,OOS,1,699,709,719,10,720,163.0,0.09662576687116564,4,0.04294478527607362,0.5171854564478159,0.22392638036809817,0.1579754601226994,0.06595092024539878
2026-05-07,2026,OOS,1,639,644,644,0,645,194.5,0.06426735218508997,1,0.016709511568123392,0.5624234680296012,0.38817480719794345,0.23393316195372751,0.15424164524421594
2026-05-08,2026,OOS,1,664,669,669,0,670,306.5,0.0701468189233279,1,0.015497553017944535,0.4695253014681774,0.11908646003262642,0.18433931484502447,-0.06525285481239805
2026-05-11,2026,OOS,1,709,734,764,30,765,160.25,0.2823712948517941,11,0.12636505460218408,0.5083791688894612,0.22620904836193448,0.37753510140405616,-0.15132605304212168
2026-05-12,2026,OOS,-1,634,634,639,5,640,215.0,0.34651162790697676,1,0.08488372093023255,1.1773763613578614,0.1313953488372093,1.1267441860465117,-0.9953488372093025
2026-05-14,2026,OOS,1,644,654,659,5,660,226.25,0.2,3,0.04640883977900553,0.47911365325286553,0.0430939226519337,0.4375690607734807,-0.394475138121547
2026-05-15,2026,OOS,1,804,849,874,25,875,293.0,0.35494880546075086,14,0.14419795221843004,0.3217015868269069,0.19197952218430034,0.22866894197952217,-0.036689419795221834
2026-05-19,2026,OOS,1,789,804,829,25,830,405.0,0.14444444444444443,8,0.005555555555555556,0.32908027644869753,0.18209876543209877,0.0882716049382716,0.09382716049382717
2026-05-20,2026,OOS,1,654,679,754,75,755,225.25,0.7180910099889012,20,0.005549389567147614,0.3787001222518388,0.04550499445061043,0.34850166481687017,-0.30299667036625977
2026-05-21,2026,OOS,1,794,839,894,55,895,213.0,1.0046948356807512,20,0.1443661971830986,1.0191058294238653,0.0715962441314554,0.6619718309859155,-0.5903755868544601
2026-05-22,2026,OOS,1,809,814,814,0,815,225.25,0.14872364039955605,1,0.07769145394006659,1.009086578329834,0.24084350721420644,0.10210876803551609,0.13873473917869034
2026-05-25,2026,OOS,-1,634,644,674,30,675,54.0,0.5509259259259259,8,0.5185185185185185,1.135870311856024,0.1712962962962963,1.0231481481481481,-0.8518518518518519
2026-05-26,2026,OOS,1,639,639,649,10,650,257.25,0.13508260447035958,2,0.014577259475218658,0.7723137145711689,0.5461613216715258,0.057337220602526724,0.48882410106899904
2026-05-29,2026,OOS,-1,644,649,659,10,660,190.0,0.4,3,0.07105263157894737,1.2050883898709985,0.42105263157894735,0.12894736842105264,0.2921052631578947
2026-06-02,2026,OOS,1,669,729,759,30,760,223.5,0.2953020134228188,18,0.0044742729306487695,0.5390124066520773,0.17002237136465326,0.25279642058165547,-0.08277404921700221
2026-06-08,2026,OOS,1,639,639,644,5,645,252.5,0.07821782178217822,1,0.13564356435643565,0.8512077423839378,0.0009900990099009901,0.7673267326732673,-0.7663366336633664
2026-06-12,2026,OOS,1,659,664,664,0,665,397.25,0.11013215859030837,1,0.009439899307740718,0.8206384665273474,0.5387035871617369,0.3448709880427942,0.19383259911894274
2026-06-16,2026,OOS,-1,634,634,639,5,640,216.5,0.37644341801385683,1,0.003464203233256351,1.4897265612820754,0.1905311778290993,0.8706697459584296,-0.6801385681293303
2026-06-17,2026,OOS,-1,844,849,859,10,860,225.75,1.106312292358804,3,0.01107419712070875,1.4163042358033597,0.8748615725359912,0.636766334440753,0.23809523809523814
2026-06-18,2026,OOS,1,649,649,654,5,655,253.0,0.06620553359683795,1,0.10968379446640317,0.6131862938164632,0.4723320158102767,0.23715415019762845,0.23517786561264822
2026-06-19,2026,OOS,1,669,669,674,5,675,64.0,0.14453125,1,0.0234375,0.5984522785898538,0.6328125,0.11328125,0.51953125
2026-06-24,2026,OOS,1,659,664,669,5,670,316.5,0.20853080568720378,2,0.18246445497630331,0.6134565998972779,0.2669826224328594,0.14139020537124802,0.1255924170616114
2026-06-26,2026,OOS,1,704,704,709,5,710,483.75,0.1049095607235142,1,0.08578811369509044,0.6482486433152441,0.2713178294573643,0.082687338501292,0.18863049095607232
2026-06-30,2026,OOS,1,634,639,639,0,640,391.5,0.04597701149425287,1,0.04533844189016603,0.5426646282769945,0.3148148148148148,0.07151979565772669,0.24329501915708812
2026-07-02,2026,OOS,-1,634,639,639,0,640,382.75,0.0868713259307642,1,0.032658393207054215,1.2386217581914538,0.023514043109079032,0.8184193337687786,-0.7949052906596996
2026-07-06,2026,OOS,1,634,634,639,5,640,266.25,0.05539906103286385,1,0.05727699530516432,0.6623814675746197,0.3248826291079812,0.1699530516431925,0.15492957746478872
2026-07-07,2026,OOS,-1,639,644,649,5,650,426.0,0.11678403755868545,2,0.015258215962441314,0.6629259654968881,0.25997652582159625,0.041666666666666664,0.2183098591549296
2026-07-08,2026,OOS,-1,649,654,654,0,655,198.0,0.25252525252525254,1,0.2297979797979798,0.7348039215686275,0.23106060606060605,1.0593434343434343,-0.8282828282828282
2026-07-10,2026,OOS,1,689,694,699,5,700,170.5,0.1348973607038123,2,0.3020527859237537,0.611937285512415,0.48240469208211145,0.6906158357771262,-0.2082111436950147
2026-07-13,2026,OOS,-1,834,834,844,10,845,248.75,0.08241206030150754,2,0.05125628140703518,0.35286566136729397,0.1577889447236181,0.18391959798994975,-0.026130653266331655
2026-07-14,2026,OOS,1,669,694,714,20,715,248.25,0.32225579053373615,9,0.162134944612286,0.7660116977376173,0.28600201409869086,0.21953675730110775,0.06646525679758311
2026-07-15,2026,OOS,-1,639,644,649,5,650,338.25,0.30303030303030304,2,0.0,1.053601290890421,0.0672579453067258,0.3325942350332594,-0.2653362897265336
2026-07-16,2026,OOS,-1,824,829,829,0,830,276.5,0.13200723327305605,1,0.006329113924050633,0.5663496578081948,0.16817359855334538,0.21338155515370705,-0.04520795660036167
2026-07-17,2026,OOS,1,639,644,644,0,645,479.25,0.01773604590505999,1,0.12936880542514345,0.8756354393609296,0.31768388106416273,0.0693792383933229,0.24830464267083985
2026-07-20,2026,OOS,-1,659,664,664,0,665,284.5,0.12214411247803164,1,0.06678383128295255,0.7232708648810271,0.4991212653778559,0.15289982425307558,0.3462214411247803
2026-07-22,2026,OOS,1,669,689,699,10,700,193.75,0.30193548387096775,6,0.0064516129032258064,0.5802450908017127,0.04,0.2735483870967742,-0.2335483870967742
2026-07-23,2026,OOS,-1,644,694,744,50,745,226.0,0.9933628318584071,20,0.1338495575221239,0.799901565720262,0.22676991150442477,0.43805309734513276,-0.211283185840708
2026-07-24,2026,OOS,-1,639,649,649,0,650,323.0,0.13777089783281735,2,0.0696594427244582,0.6431477638523505,0.7972136222910217,0.027089783281733747,0.7701238390092879
2026-07-27,2026,OOS,-1,634,644,654,10,655,540.5,0.25208140610545793,4,0.04949121184088807,0.9849100316626765,0.17853839037927843,0.22525439407955597,-0.046716003700277536
2026-07-28,2026,OOS,1,699,724,754,30,755,388.5,0.19755469755469757,11,0.04182754182754183,0.4160449667858968,0.02252252252252252,0.26705276705276704,-0.24453024453024452
2026-07-29,2026,OOS,-1,644,644,649,5,650,457.25,0.06287588846364134,1,0.0590486604702023,0.8503475803213641,0.2001093493712411,0.10497539639147074,0.09513395297977037
2026-08-07,2026,OOS,1,689,694,704,10,705,255.5,0.1379647749510763,3,0.03228962818003914,0.503315561725569,0.5606653620352251,0.1223091976516634,0.43835616438356173
