session_date,year,period,hold_min,cost_points,entry,stop,exit_kind,gross_points,net_points
2010-06-28,2010,Train,3,1.0,1842.5,1848.0,time,-0.25,-1.25
2010-06-28,2010,Train,3,2.0,1842.5,1848.0,time,-0.25,-2.25
2010-06-28,2010,Train,5,1.0,1842.5,1848.0,time,-1.0,-2.0
2010-06-28,2010,Train,5,2.0,1842.5,1848.0,time,-1.0,-3.0
2010-06-28,2010,Train,10,1.0,1842.5,1848.0,time,0.25,-0.75
2010-06-28,2010,Train,10,2.0,1842.5,1848.0,time,0.25,-1.75
2010-06-28,2010,Train,15,1.0,1842.5,1848.0,time,1.0,0.0
2010-06-28,2010,Train,15,2.0,1842.5,1848.0,time,1.0,-1.0
2010-07-26,2010,Train,3,1.0,1881.0,1884.8125,time,-1.75,-2.75
2010-07-26,2010,Train,3,2.0,1881.0,1884.8125,time,-1.75,-3.75
2010-07-26,2010,Train,5,1.0,1881.0,1884.8125,time,-1.5,-2.5
2010-07-26,2010,Train,5,2.0,1881.0,1884.8125,time,-1.5,-3.5
2010-07-26,2010,Train,10,1.0,1881.0,1884.8125,time,-1.0,-2.0
2010-07-26,2010,Train,10,2.0,1881.0,1884.8125,time,-1.0,-3.0
2010-07-26,2010,Train,15,1.0,1881.0,1884.8125,time,-2.25,-3.25
2010-07-26,2010,Train,15,2.0,1881.0,1884.8125,time,-2.25,-4.25
2010-08-16,2010,Train,3,1.0,1824.0,1830.5625,time,-0.75,-1.75
2010-08-16,2010,Train,3,2.0,1824.0,1830.5625,time,-0.75,-2.75
2010-08-16,2010,Train,5,1.0,1824.0,1830.5625,time,1.5,0.5
2010-08-16,2010,Train,5,2.0,1824.0,1830.5625,time,1.5,-0.5
2010-08-16,2010,Train,10,1.0,1824.0,1830.5625,time,-1.25,-2.25
2010-08-16,2010,Train,10,2.0,1824.0,1830.5625,time,-1.25,-3.25
2010-08-16,2010,Train,15,1.0,1824.0,1830.5625,time,-0.5,-1.5
2010-08-16,2010,Train,15,2.0,1824.0,1830.5625,time,-0.5,-2.5
2010-09-13,2010,Train,3,1.0,1917.75,1920.8125,time,0.0,-1.0
2010-09-13,2010,Train,3,2.0,1917.75,1920.8125,time,0.0,-2.0
2010-09-13,2010,Train,5,1.0,1917.75,1920.8125,time,-0.5,-1.5
2010-09-13,2010,Train,5,2.0,1917.75,1920.8125,time,-0.5,-2.5
2010-09-13,2010,Train,10,1.0,1917.75,1920.8125,time,2.25,1.25
2010-09-13,2010,Train,10,2.0,1917.75,1920.8125,time,2.25,0.25
2010-09-13,2010,Train,15,1.0,1917.75,1920.8125,time,2.25,1.25
2010-09-13,2010,Train,15,2.0,1917.75,1920.8125,time,2.25,0.25
2010-11-08,2010,Train,3,1.0,2186.5,2190.0,time,1.0,0.0
2010-11-08,2010,Train,3,2.0,2186.5,2190.0,time,1.0,-1.0
2010-11-08,2010,Train,5,1.0,2186.5,2190.0,time,1.5,0.5
2010-11-08,2010,Train,5,2.0,2186.5,2190.0,time,1.5,-0.5
2010-11-08,2010,Train,10,1.0,2186.5,2190.0,time,1.75,0.75
2010-11-08,2010,Train,10,2.0,2186.5,2190.0,time,1.75,-0.25
2010-11-08,2010,Train,15,1.0,2186.5,2190.0,time,2.75,1.75
2010-11-08,2010,Train,15,2.0,2186.5,2190.0,time,2.75,0.75
2011-01-03,2011,Train,3,1.0,2264.0,2270.75,time,0.5,-0.5
2011-01-03,2011,Train,3,2.0,2264.0,2270.75,time,0.5,-1.5
2011-01-03,2011,Train,5,1.0,2264.0,2270.75,time,0.75,-0.25
2011-01-03,2011,Train,5,2.0,2264.0,2270.75,time,0.75,-1.25
2011-01-03,2011,Train,10,1.0,2264.0,2270.75,time,1.5,0.5
2011-01-03,2011,Train,10,2.0,2264.0,2270.75,time,1.5,-0.5
2011-01-03,2011,Train,15,1.0,2264.0,2270.75,time,1.75,0.75
2011-01-03,2011,Train,15,2.0,2264.0,2270.75,time,1.75,-0.25
2011-01-10,2011,Train,3,1.0,2274.0,2277.0,time,0.75,-0.25
2011-01-10,2011,Train,3,2.0,2274.0,2277.0,time,0.75,-1.25
2011-01-10,2011,Train,5,1.0,2274.0,2277.0,time,-1.25,-2.25
2011-01-10,2011,Train,5,2.0,2274.0,2277.0,time,-1.25,-3.25
2011-01-10,2011,Train,10,1.0,2274.0,2277.0,time,-1.25,-2.25
2011-01-10,2011,Train,10,2.0,2274.0,2277.0,time,-1.25,-3.25
2011-01-10,2011,Train,15,1.0,2274.0,2277.0,stop,-3.0,-4.0
2011-01-10,2011,Train,15,2.0,2274.0,2277.0,stop,-3.0,-5.0
2011-01-18,2011,Train,3,1.0,2319.0,2323.75,time,0.0,-1.0
2011-01-18,2011,Train,3,2.0,2319.0,2323.75,time,0.0,-2.0
2011-01-18,2011,Train,5,1.0,2319.0,2323.75,time,-0.25,-1.25
2011-01-18,2011,Train,5,2.0,2319.0,2323.75,time,-0.25,-2.25
2011-01-18,2011,Train,10,1.0,2319.0,2323.75,time,-1.25,-2.25
2011-01-18,2011,Train,10,2.0,2319.0,2323.75,time,-1.25,-3.25
2011-01-18,2011,Train,15,1.0,2319.0,2323.75,time,-0.5,-1.5
2011-01-18,2011,Train,15,2.0,2319.0,2323.75,time,-0.5,-2.5
2011-01-31,2011,Train,3,1.0,2274.5,2279.5,time,2.75,1.75
2011-01-31,2011,Train,3,2.0,2274.5,2279.5,time,2.75,0.75
2011-01-31,2011,Train,5,1.0,2274.5,2279.5,time,1.25,0.25
2011-01-31,2011,Train,5,2.0,2274.5,2279.5,time,1.25,-0.75
2011-01-31,2011,Train,10,1.0,2274.5,2279.5,time,0.75,-0.25
2011-01-31,2011,Train,10,2.0,2274.5,2279.5,time,0.75,-1.25
2011-01-31,2011,Train,15,1.0,2274.5,2279.5,time,4.25,3.25
2011-01-31,2011,Train,15,2.0,2274.5,2279.5,time,4.25,2.25
2011-02-07,2011,Train,3,1.0,2350.5,2354.0625,time,0.0,-1.0
2011-02-07,2011,Train,3,2.0,2350.5,2354.0625,time,0.0,-2.0
2011-02-07,2011,Train,5,1.0,2350.5,2354.0625,time,1.75,0.75
2011-02-07,2011,Train,5,2.0,2350.5,2354.0625,time,1.75,-0.25
2011-02-07,2011,Train,10,1.0,2350.5,2354.0625,time,4.0,3.0
2011-02-07,2011,Train,10,2.0,2350.5,2354.0625,time,4.0,2.0
2011-02-07,2011,Train,15,1.0,2350.5,2354.0625,time,3.0,2.0
2011-02-07,2011,Train,15,2.0,2350.5,2354.0625,time,3.0,1.0
2011-03-21,2011,Train,3,1.0,2265.25,2270.3125,time,0.0,-1.0
2011-03-21,2011,Train,3,2.0,2265.25,2270.3125,time,0.0,-2.0
2011-03-21,2011,Train,5,1.0,2265.25,2270.3125,time,0.25,-0.75
2011-03-21,2011,Train,5,2.0,2265.25,2270.3125,time,0.25,-1.75
2011-03-21,2011,Train,10,1.0,2265.25,2270.3125,time,0.25,-0.75
2011-03-21,2011,Train,10,2.0,2265.25,2270.3125,time,0.25,-1.75
2011-03-21,2011,Train,15,1.0,2265.25,2270.3125,time,-0.25,-1.25
2011-03-21,2011,Train,15,2.0,2265.25,2270.3125,time,-0.25,-2.25
2011-03-25,2011,Train,3,1.0,2319.0,2321.0,time,-1.5,-2.5
2011-03-25,2011,Train,3,2.0,2319.0,2321.0,time,-1.5,-3.5
2011-03-25,2011,Train,5,1.0,2319.0,2321.0,time,-1.25,-2.25
2011-03-25,2011,Train,5,2.0,2319.0,2321.0,time,-1.25,-3.25
2011-03-25,2011,Train,10,1.0,2319.0,2321.0,stop,-2.0,-3.0
2011-03-25,2011,Train,10,2.0,2319.0,2321.0,stop,-2.0,-4.0
2011-03-25,2011,Train,15,1.0,2319.0,2321.0,stop,-2.0,-3.0
2011-03-25,2011,Train,15,2.0,2319.0,2321.0,stop,-2.0,-4.0
2011-04-14,2011,Train,3,1.0,2300.25,2304.375,time,-0.5,-1.5
2011-04-14,2011,Train,3,2.0,2300.25,2304.375,time,-0.5,-2.5
2011-04-14,2011,Train,5,1.0,2300.25,2304.375,time,-1.0,-2.0
2011-04-14,2011,Train,5,2.0,2300.25,2304.375,time,-1.0,-3.0
2011-04-14,2011,Train,10,1.0,2300.25,2304.375,time,-0.5,-1.5
2011-04-14,2011,Train,10,2.0,2300.25,2304.375,time,-0.5,-2.5
2011-04-14,2011,Train,15,1.0,2300.25,2304.375,time,0.0,-1.0
2011-04-14,2011,Train,15,2.0,2300.25,2304.375,time,0.0,-2.0
2011-05-02,2011,Train,3,1.0,2411.25,2414.1875,time,0.0,-1.0
2011-05-02,2011,Train,3,2.0,2411.25,2414.1875,time,0.0,-2.0
2011-05-02,2011,Train,5,1.0,2411.25,2414.1875,time,-0.25,-1.25
2011-05-02,2011,Train,5,2.0,2411.25,2414.1875,time,-0.25,-2.25
2011-05-02,2011,Train,10,1.0,2411.25,2414.1875,time,-2.25,-3.25
2011-05-02,2011,Train,10,2.0,2411.25,2414.1875,time,-2.25,-4.25
2011-05-02,2011,Train,15,1.0,2411.25,2414.1875,time,-1.75,-2.75
2011-05-02,2011,Train,15,2.0,2411.25,2414.1875,time,-1.75,-3.75
2011-05-05,2011,Train,3,1.0,2388.25,2392.5625,time,0.0,-1.0
2011-05-05,2011,Train,3,2.0,2388.25,2392.5625,time,0.0,-2.0
2011-05-05,2011,Train,5,1.0,2388.25,2392.5625,time,-1.75,-2.75
2011-05-05,2011,Train,5,2.0,2388.25,2392.5625,time,-1.75,-3.75
2011-05-05,2011,Train,10,1.0,2388.25,2392.5625,time,-3.75,-4.75
2011-05-05,2011,Train,10,2.0,2388.25,2392.5625,time,-3.75,-5.75
2011-05-05,2011,Train,15,1.0,2388.25,2392.5625,time,-2.5,-3.5
2011-05-05,2011,Train,15,2.0,2388.25,2392.5625,time,-2.5,-4.5
2011-05-06,2011,Train,3,1.0,2401.75,2405.375,time,-0.75,-1.75
2011-05-06,2011,Train,3,2.0,2401.75,2405.375,time,-0.75,-2.75
2011-05-06,2011,Train,5,1.0,2401.75,2405.375,time,0.25,-0.75
2011-05-06,2011,Train,5,2.0,2401.75,2405.375,time,0.25,-1.75
2011-05-06,2011,Train,10,1.0,2401.75,2405.375,time,3.25,2.25
2011-05-06,2011,Train,10,2.0,2401.75,2405.375,time,3.25,1.25
2011-05-06,2011,Train,15,1.0,2401.75,2405.375,time,-1.0,-2.0
2011-05-06,2011,Train,15,2.0,2401.75,2405.375,time,-1.0,-3.0
2011-05-25,2011,Train,3,1.0,2307.5,2310.375,time,-0.75,-1.75
2011-05-25,2011,Train,3,2.0,2307.5,2310.375,time,-0.75,-2.75
2011-05-25,2011,Train,5,1.0,2307.5,2310.375,time,-0.25,-1.25
2011-05-25,2011,Train,5,2.0,2307.5,2310.375,time,-0.25,-2.25
2011-05-25,2011,Train,10,1.0,2307.5,2310.375,time,1.75,0.75
2011-05-25,2011,Train,10,2.0,2307.5,2310.375,time,1.75,-0.25
2011-05-25,2011,Train,15,1.0,2307.5,2310.375,time,-0.25,-1.25
2011-05-25,2011,Train,15,2.0,2307.5,2310.375,time,-0.25,-2.25
2011-06-06,2011,Train,3,1.0,2296.75,2299.3125,time,-0.75,-1.75
2011-06-06,2011,Train,3,2.0,2296.75,2299.3125,time,-0.75,-2.75
2011-06-06,2011,Train,5,1.0,2296.75,2299.3125,time,-0.25,-1.25
2011-06-06,2011,Train,5,2.0,2296.75,2299.3125,time,-0.25,-2.25
2011-06-06,2011,Train,10,1.0,2296.75,2299.3125,time,1.75,0.75
2011-06-06,2011,Train,10,2.0,2296.75,2299.3125,time,1.75,-0.25
2011-06-06,2011,Train,15,1.0,2296.75,2299.3125,time,2.75,1.75
2011-06-06,2011,Train,15,2.0,2296.75,2299.3125,time,2.75,0.75
2011-06-09,2011,Train,3,1.0,2257.0,2260.0,time,-1.25,-2.25
2011-06-09,2011,Train,3,2.0,2257.0,2260.0,time,-1.25,-3.25
2011-06-09,2011,Train,5,1.0,2257.0,2260.0,time,-1.75,-2.75
2011-06-09,2011,Train,5,2.0,2257.0,2260.0,time,-1.75,-3.75
2011-06-09,2011,Train,10,1.0,2257.0,2260.0,time,0.25,-0.75
2011-06-09,2011,Train,10,2.0,2257.0,2260.0,time,0.25,-1.75
2011-06-09,2011,Train,15,1.0,2257.0,2260.0,time,-0.75,-1.75
2011-06-09,2011,Train,15,2.0,2257.0,2260.0,time,-0.75,-2.75
2011-07-05,2011,Train,3,1.0,2364.0,2366.5,time,-0.5,-1.5
2011-07-05,2011,Train,3,2.0,2364.0,2366.5,time,-0.5,-2.5
2011-07-05,2011,Train,5,1.0,2364.0,2366.5,time,-0.25,-1.25
2011-07-05,2011,Train,5,2.0,2364.0,2366.5,time,-0.25,-2.25
2011-07-05,2011,Train,10,1.0,2364.0,2366.5,time,0.75,-0.25
2011-07-05,2011,Train,10,2.0,2364.0,2366.5,time,0.75,-1.25
2011-07-05,2011,Train,15,1.0,2364.0,2366.5,time,0.5,-0.5
2011-07-05,2011,Train,15,2.0,2364.0,2366.5,time,0.5,-1.5
2011-09-06,2011,Train,3,1.0,2135.0,2140.0,time,0.75,-0.25
2011-09-06,2011,Train,3,2.0,2135.0,2140.0,time,0.75,-1.25
2011-09-06,2011,Train,5,1.0,2135.0,2140.0,time,0.5,-0.5
2011-09-06,2011,Train,5,2.0,2135.0,2140.0,time,0.5,-1.5
2011-09-06,2011,Train,10,1.0,2135.0,2140.0,time,1.5,0.5
2011-09-06,2011,Train,10,2.0,2135.0,2140.0,time,1.5,-0.5
2011-09-06,2011,Train,15,1.0,2135.0,2140.0,time,2.25,1.25
2011-09-06,2011,Train,15,2.0,2135.0,2140.0,time,2.25,0.25
2011-10-31,2011,Train,3,1.0,2378.75,2382.375,time,-1.75,-2.75
2011-10-31,2011,Train,3,2.0,2378.75,2382.375,time,-1.75,-3.75
2011-10-31,2011,Train,5,1.0,2378.75,2382.375,time,2.0,1.0
2011-10-31,2011,Train,5,2.0,2378.75,2382.375,time,2.0,0.0
2011-10-31,2011,Train,10,1.0,2378.75,2382.375,time,1.25,0.25
2011-10-31,2011,Train,10,2.0,2378.75,2382.375,time,1.25,-0.75
2011-10-31,2011,Train,15,1.0,2378.75,2382.375,time,1.5,0.5
2011-10-31,2011,Train,15,2.0,2378.75,2382.375,time,1.5,-0.5
2011-12-27,2011,Train,3,1.0,2293.25,2297.5625,time,-0.75,-1.75
2011-12-27,2011,Train,3,2.0,2293.25,2297.5625,time,-0.75,-2.75
2011-12-27,2011,Train,5,1.0,2293.25,2297.5625,time,-1.25,-2.25
2011-12-27,2011,Train,5,2.0,2293.25,2297.5625,time,-1.25,-3.25
2011-12-27,2011,Train,10,1.0,2293.25,2297.5625,time,-1.5,-2.5
2011-12-27,2011,Train,10,2.0,2293.25,2297.5625,time,-1.5,-3.5
2011-12-27,2011,Train,15,1.0,2293.25,2297.5625,time,-2.25,-3.25
2011-12-27,2011,Train,15,2.0,2293.25,2297.5625,time,-2.25,-4.25
2012-01-17,2012,Train,3,1.0,2396.25,2398.125,time,0.75,-0.25
2012-01-17,2012,Train,3,2.0,2396.25,2398.125,time,0.75,-1.25
2012-01-17,2012,Train,5,1.0,2396.25,2398.125,time,0.75,-0.25
2012-01-17,2012,Train,5,2.0,2396.25,2398.125,time,0.75,-1.25
2012-01-17,2012,Train,10,1.0,2396.25,2398.125,time,0.5,-0.5
2012-01-17,2012,Train,10,2.0,2396.25,2398.125,time,0.5,-1.5
2012-01-17,2012,Train,15,1.0,2396.25,2398.125,time,0.5,-0.5
2012-01-17,2012,Train,15,2.0,2396.25,2398.125,time,0.5,-1.5
2012-02-06,2012,Train,3,1.0,2521.0,2523.625,time,0.25,-0.75
2012-02-06,2012,Train,3,2.0,2521.0,2523.625,time,0.25,-1.75
2012-02-06,2012,Train,5,1.0,2521.0,2523.625,time,-0.75,-1.75
2012-02-06,2012,Train,5,2.0,2521.0,2523.625,time,-0.75,-2.75
2012-02-06,2012,Train,10,1.0,2521.0,2523.625,time,-0.75,-1.75
2012-02-06,2012,Train,10,2.0,2521.0,2523.625,time,-0.75,-2.75
2012-02-06,2012,Train,15,1.0,2521.0,2523.625,time,-1.0,-2.0
2012-02-06,2012,Train,15,2.0,2521.0,2523.625,time,-1.0,-3.0
2012-02-21,2012,Train,3,1.0,2593.75,2596.5,time,-0.25,-1.25
2012-02-21,2012,Train,3,2.0,2593.75,2596.5,time,-0.25,-2.25
2012-02-21,2012,Train,5,1.0,2593.75,2596.5,time,0.75,-0.25
2012-02-21,2012,Train,5,2.0,2593.75,2596.5,time,0.75,-1.25
2012-02-21,2012,Train,10,1.0,2593.75,2596.5,time,-0.25,-1.25
2012-02-21,2012,Train,10,2.0,2593.75,2596.5,time,-0.25,-2.25
2012-02-21,2012,Train,15,1.0,2593.75,2596.5,time,-0.25,-1.25
2012-02-21,2012,Train,15,2.0,2593.75,2596.5,time,-0.25,-2.25
2012-03-26,2012,Train,3,1.0,2753.5,2756.25,time,-0.5,-1.5
2012-03-26,2012,Train,3,2.0,2753.5,2756.25,time,-0.5,-2.5
2012-03-26,2012,Train,5,1.0,2753.5,2756.25,time,-0.5,-1.5
2012-03-26,2012,Train,5,2.0,2753.5,2756.25,time,-0.5,-2.5
2012-03-26,2012,Train,10,1.0,2753.5,2756.25,time,0.0,-1.0
2012-03-26,2012,Train,10,2.0,2753.5,2756.25,time,0.0,-2.0
2012-03-26,2012,Train,15,1.0,2753.5,2756.25,time,0.5,-0.5
2012-03-26,2012,Train,15,2.0,2753.5,2756.25,time,0.5,-1.5
2012-04-09,2012,Train,3,1.0,2735.0,2739.8125,time,3.0,2.0
2012-04-09,2012,Train,3,2.0,2735.0,2739.8125,time,3.0,1.0
2012-04-09,2012,Train,5,1.0,2735.0,2739.8125,time,2.75,1.75
2012-04-09,2012,Train,5,2.0,2735.0,2739.8125,time,2.75,0.75
2012-04-09,2012,Train,10,1.0,2735.0,2739.8125,time,2.0,1.0
2012-04-09,2012,Train,10,2.0,2735.0,2739.8125,time,2.0,0.0
2012-04-09,2012,Train,15,1.0,2735.0,2739.8125,time,3.25,2.25
2012-04-09,2012,Train,15,2.0,2735.0,2739.8125,time,3.25,1.25
2012-05-07,2012,Train,3,1.0,2639.5,2645.25,time,-0.25,-1.25
2012-05-07,2012,Train,3,2.0,2639.5,2645.25,time,-0.25,-2.25
2012-05-07,2012,Train,5,1.0,2639.5,2645.25,time,-0.25,-1.25
2012-05-07,2012,Train,5,2.0,2639.5,2645.25,time,-0.25,-2.25
2012-05-07,2012,Train,10,1.0,2639.5,2645.25,time,0.25,-0.75
2012-05-07,2012,Train,10,2.0,2639.5,2645.25,time,0.25,-1.75
2012-05-07,2012,Train,15,1.0,2639.5,2645.25,time,2.0,1.0
2012-05-07,2012,Train,15,2.0,2639.5,2645.25,time,2.0,0.0
2012-05-14,2012,Train,3,1.0,2595.75,2599.25,time,-1.75,-2.75
2012-05-14,2012,Train,3,2.0,2595.75,2599.25,time,-1.75,-3.75
2012-05-14,2012,Train,5,1.0,2595.75,2599.25,time,-0.75,-1.75
2012-05-14,2012,Train,5,2.0,2595.75,2599.25,time,-0.75,-2.75
2012-05-14,2012,Train,10,1.0,2595.75,2599.25,time,-1.25,-2.25
2012-05-14,2012,Train,10,2.0,2595.75,2599.25,time,-1.25,-3.25
2012-05-14,2012,Train,15,1.0,2595.75,2599.25,stop,-3.5,-4.5
2012-05-14,2012,Train,15,2.0,2595.75,2599.25,stop,-3.5,-5.5
2012-06-18,2012,Train,3,1.0,2580.75,2589.0625,time,1.75,0.75
2012-06-18,2012,Train,3,2.0,2580.75,2589.0625,time,1.75,-0.25
2012-06-18,2012,Train,5,1.0,2580.75,2589.0625,time,2.5,1.5
2012-06-18,2012,Train,5,2.0,2580.75,2589.0625,time,2.5,0.5
2012-06-18,2012,Train,10,1.0,2580.75,2589.0625,time,3.25,2.25
2012-06-18,2012,Train,10,2.0,2580.75,2589.0625,time,3.25,1.25
2012-06-18,2012,Train,15,1.0,2580.75,2589.0625,time,7.75,6.75
2012-06-18,2012,Train,15,2.0,2580.75,2589.0625,time,7.75,5.75
2012-07-16,2012,Train,3,1.0,2577.0,2581.25,time,-2.0,-3.0
2012-07-16,2012,Train,3,2.0,2577.0,2581.25,time,-2.0,-4.0
2012-07-16,2012,Train,5,1.0,2577.0,2581.25,time,-1.5,-2.5
2012-07-16,2012,Train,5,2.0,2577.0,2581.25,time,-1.5,-3.5
2012-07-16,2012,Train,10,1.0,2577.0,2581.25,time,-0.75,-1.75
2012-07-16,2012,Train,10,2.0,2577.0,2581.25,time,-0.75,-2.75
2012-07-16,2012,Train,15,1.0,2577.0,2581.25,time,-1.25,-2.25
2012-07-16,2012,Train,15,2.0,2577.0,2581.25,time,-1.25,-3.25
2012-07-23,2012,Train,3,1.0,2563.25,2568.5625,time,4.5,3.5
2012-07-23,2012,Train,3,2.0,2563.25,2568.5625,time,4.5,2.5
2012-07-23,2012,Train,5,1.0,2563.25,2568.5625,time,5.0,4.0
2012-07-23,2012,Train,5,2.0,2563.25,2568.5625,time,5.0,3.0
2012-07-23,2012,Train,10,1.0,2563.25,2568.5625,time,3.5,2.5
2012-07-23,2012,Train,10,2.0,2563.25,2568.5625,time,3.5,1.5
2012-07-23,2012,Train,15,1.0,2563.25,2568.5625,time,1.0,0.0
2012-07-23,2012,Train,15,2.0,2563.25,2568.5625,time,1.0,-1.0
2012-08-20,2012,Train,3,1.0,2776.25,2779.125,time,1.25,0.25
2012-08-20,2012,Train,3,2.0,2776.25,2779.125,time,1.25,-0.75
2012-08-20,2012,Train,5,1.0,2776.25,2779.125,time,-0.75,-1.75
2012-08-20,2012,Train,5,2.0,2776.25,2779.125,time,-0.75,-2.75
2012-08-20,2012,Train,10,1.0,2776.25,2779.125,time,-2.5,-3.5
2012-08-20,2012,Train,10,2.0,2776.25,2779.125,time,-2.5,-4.5
2012-08-20,2012,Train,15,1.0,2776.25,2779.125,time,-1.0,-2.0
2012-08-20,2012,Train,15,2.0,2776.25,2779.125,time,-1.0,-3.0
2012-08-22,2012,Train,3,1.0,2776.5,2780.875,time,0.25,-0.75
2012-08-22,2012,Train,3,2.0,2776.5,2780.875,time,0.25,-1.75
2012-08-22,2012,Train,5,1.0,2776.5,2780.875,time,1.75,0.75
2012-08-22,2012,Train,5,2.0,2776.5,2780.875,time,1.75,-0.25
2012-08-22,2012,Train,10,1.0,2776.5,2780.875,time,4.25,3.25
2012-08-22,2012,Train,10,2.0,2776.5,2780.875,time,4.25,2.25
2012-08-22,2012,Train,15,1.0,2776.5,2780.875,time,5.0,4.0
2012-08-22,2012,Train,15,2.0,2776.5,2780.875,time,5.0,3.0
2012-08-23,2012,Train,3,1.0,2772.5,2777.0,time,0.75,-0.25
2012-08-23,2012,Train,3,2.0,2772.5,2777.0,time,0.75,-1.25
2012-08-23,2012,Train,5,1.0,2772.5,2777.0,time,2.0,1.0
2012-08-23,2012,Train,5,2.0,2772.5,2777.0,time,2.0,0.0
2012-08-23,2012,Train,10,1.0,2772.5,2777.0,time,2.5,1.5
2012-08-23,2012,Train,10,2.0,2772.5,2777.0,time,2.5,0.5
2012-08-23,2012,Train,15,1.0,2772.5,2777.0,time,1.25,0.25
2012-08-23,2012,Train,15,2.0,2772.5,2777.0,time,1.25,-0.75
2012-08-28,2012,Train,3,1.0,2786.75,2790.75,time,-0.5,-1.5
2012-08-28,2012,Train,3,2.0,2786.75,2790.75,time,-0.5,-2.5
2012-08-28,2012,Train,5,1.0,2786.75,2790.75,time,-0.75,-1.75
2012-08-28,2012,Train,5,2.0,2786.75,2790.75,time,-0.75,-2.75
2012-08-28,2012,Train,10,1.0,2786.75,2790.75,time,0.75,-0.25
2012-08-28,2012,Train,10,2.0,2786.75,2790.75,time,0.75,-1.25
2012-08-28,2012,Train,15,1.0,2786.75,2790.75,time,0.5,-0.5
2012-08-28,2012,Train,15,2.0,2786.75,2790.75,time,0.5,-1.5
2012-08-31,2012,Train,3,1.0,2780.25,2789.125,time,-1.0,-2.0
2012-08-31,2012,Train,3,2.0,2780.25,2789.125,time,-1.0,-3.0
2012-08-31,2012,Train,5,1.0,2780.25,2789.125,time,-0.25,-1.25
2012-08-31,2012,Train,5,2.0,2780.25,2789.125,time,-0.25,-2.25
2012-08-31,2012,Train,10,1.0,2780.25,2789.125,time,0.0,-1.0
2012-08-31,2012,Train,10,2.0,2780.25,2789.125,time,0.0,-2.0
2012-08-31,2012,Train,15,1.0,2780.25,2789.125,time,-1.75,-2.75
2012-08-31,2012,Train,15,2.0,2780.25,2789.125,time,-1.75,-3.75
2012-09-11,2012,Train,3,1.0,2797.25,2800.875,time,-1.0,-2.0
2012-09-11,2012,Train,3,2.0,2797.25,2800.875,time,-1.0,-3.0
2012-09-11,2012,Train,5,1.0,2797.25,2800.875,time,-0.25,-1.25
2012-09-11,2012,Train,5,2.0,2797.25,2800.875,time,-0.25,-2.25
2012-09-11,2012,Train,10,1.0,2797.25,2800.875,time,3.75,2.75
2012-09-11,2012,Train,10,2.0,2797.25,2800.875,time,3.75,1.75
2012-09-11,2012,Train,15,1.0,2797.25,2800.875,time,3.5,2.5
2012-09-11,2012,Train,15,2.0,2797.25,2800.875,time,3.5,1.5
2012-09-20,2012,Train,3,1.0,2846.75,2849.5,time,0.5,-0.5
2012-09-20,2012,Train,3,2.0,2846.75,2849.5,time,0.5,-1.5
2012-09-20,2012,Train,5,1.0,2846.75,2849.5,time,0.0,-1.0
2012-09-20,2012,Train,5,2.0,2846.75,2849.5,time,0.0,-2.0
2012-09-20,2012,Train,10,1.0,2846.75,2849.5,time,0.0,-1.0
2012-09-20,2012,Train,10,2.0,2846.75,2849.5,time,0.0,-2.0
2012-09-20,2012,Train,15,1.0,2846.75,2849.5,time,-0.25,-1.25
2012-09-20,2012,Train,15,2.0,2846.75,2849.5,time,-0.25,-2.25
2012-09-25,2012,Train,3,1.0,2848.5,2851.25,time,-0.5,-1.5
2012-09-25,2012,Train,3,2.0,2848.5,2851.25,time,-0.5,-2.5
2012-09-25,2012,Train,5,1.0,2848.5,2851.25,time,0.0,-1.0
2012-09-25,2012,Train,5,2.0,2848.5,2851.25,time,0.0,-2.0
2012-09-25,2012,Train,10,1.0,2848.5,2851.25,time,0.75,-0.25
2012-09-25,2012,Train,10,2.0,2848.5,2851.25,time,0.75,-1.25
2012-09-25,2012,Train,15,1.0,2848.5,2851.25,time,1.25,0.25
2012-09-25,2012,Train,15,2.0,2848.5,2851.25,time,1.25,-0.75
2012-09-27,2012,Train,3,1.0,2787.75,2790.25,time,0.0,-1.0
2012-09-27,2012,Train,3,2.0,2787.75,2790.25,time,0.0,-2.0
2012-09-27,2012,Train,5,1.0,2787.75,2790.25,time,0.25,-0.75
2012-09-27,2012,Train,5,2.0,2787.75,2790.25,time,0.25,-1.75
2012-09-27,2012,Train,10,1.0,2787.75,2790.25,time,0.25,-0.75
2012-09-27,2012,Train,10,2.0,2787.75,2790.25,time,0.25,-1.75
2012-09-27,2012,Train,15,1.0,2787.75,2790.25,stop,-2.5,-3.5
2012-09-27,2012,Train,15,2.0,2787.75,2790.25,stop,-2.5,-4.5
2012-10-03,2012,Train,3,1.0,2805.75,2810.0625,time,2.75,1.75
2012-10-03,2012,Train,3,2.0,2805.75,2810.0625,time,2.75,0.75
2012-10-03,2012,Train,5,1.0,2805.75,2810.0625,time,2.25,1.25
2012-10-03,2012,Train,5,2.0,2805.75,2810.0625,time,2.25,0.25
2012-10-03,2012,Train,10,1.0,2805.75,2810.0625,time,1.0,0.0
2012-10-03,2012,Train,10,2.0,2805.75,2810.0625,time,1.0,-1.0
2012-10-03,2012,Train,15,1.0,2805.75,2810.0625,time,0.5,-0.5
2012-10-03,2012,Train,15,2.0,2805.75,2810.0625,time,0.5,-1.5
2012-10-18,2012,Train,3,1.0,2767.25,2771.5,time,0.0,-1.0
2012-10-18,2012,Train,3,2.0,2767.25,2771.5,time,0.0,-2.0
2012-10-18,2012,Train,5,1.0,2767.25,2771.5,time,-0.25,-1.25
2012-10-18,2012,Train,5,2.0,2767.25,2771.5,time,-0.25,-2.25
2012-10-18,2012,Train,10,1.0,2767.25,2771.5,time,-0.25,-1.25
2012-10-18,2012,Train,10,2.0,2767.25,2771.5,time,-0.25,-2.25
2012-10-18,2012,Train,15,1.0,2767.25,2771.5,time,15.5,14.5
2012-10-18,2012,Train,15,2.0,2767.25,2771.5,time,15.5,13.5
2012-11-01,2012,Train,3,1.0,2673.75,2679.8125,time,-2.0,-3.0
2012-11-01,2012,Train,3,2.0,2673.75,2679.8125,time,-2.0,-4.0
2012-11-01,2012,Train,5,1.0,2673.75,2679.8125,time,-1.5,-2.5
2012-11-01,2012,Train,5,2.0,2673.75,2679.8125,time,-1.5,-3.5
2012-11-01,2012,Train,10,1.0,2673.75,2679.8125,time,-0.25,-1.25
2012-11-01,2012,Train,10,2.0,2673.75,2679.8125,time,-0.25,-2.25
2012-11-01,2012,Train,15,1.0,2673.75,2679.8125,time,-3.0,-4.0
2012-11-01,2012,Train,15,2.0,2673.75,2679.8125,time,-3.0,-5.0
2012-11-05,2012,Train,3,1.0,2657.5,2660.5625,time,0.75,-0.25
2012-11-05,2012,Train,3,2.0,2657.5,2660.5625,time,0.75,-1.25
2012-11-05,2012,Train,5,1.0,2657.5,2660.5625,time,0.25,-0.75
2012-11-05,2012,Train,5,2.0,2657.5,2660.5625,time,0.25,-1.75
2012-11-05,2012,Train,10,1.0,2657.5,2660.5625,time,-0.75,-1.75
2012-11-05,2012,Train,10,2.0,2657.5,2660.5625,time,-0.75,-2.75
2012-11-05,2012,Train,15,1.0,2657.5,2660.5625,time,1.5,0.5
2012-11-05,2012,Train,15,2.0,2657.5,2660.5625,time,1.5,-0.5
2012-11-09,2012,Train,3,1.0,2587.75,2592.5625,time,-1.0,-2.0
2012-11-09,2012,Train,3,2.0,2587.75,2592.5625,time,-1.0,-3.0
2012-11-09,2012,Train,5,1.0,2587.75,2592.5625,time,-2.5,-3.5
2012-11-09,2012,Train,5,2.0,2587.75,2592.5625,time,-2.5,-4.5
2012-11-09,2012,Train,10,1.0,2587.75,2592.5625,time,-3.25,-4.25
2012-11-09,2012,Train,10,2.0,2587.75,2592.5625,time,-3.25,-5.25
2012-11-09,2012,Train,15,1.0,2587.75,2592.5625,stop,-4.8125,-5.8125
2012-11-09,2012,Train,15,2.0,2587.75,2592.5625,stop,-4.8125,-6.8125
2012-11-20,2012,Train,3,1.0,2593.75,2596.8125,time,-0.25,-1.25
2012-11-20,2012,Train,3,2.0,2593.75,2596.8125,time,-0.25,-2.25
2012-11-20,2012,Train,5,1.0,2593.75,2596.8125,time,0.25,-0.75
2012-11-20,2012,Train,5,2.0,2593.75,2596.8125,time,0.25,-1.75
2012-11-20,2012,Train,10,1.0,2593.75,2596.8125,time,3.0,2.0
2012-11-20,2012,Train,10,2.0,2593.75,2596.8125,time,3.0,1.0
2012-11-20,2012,Train,15,1.0,2593.75,2596.8125,time,2.75,1.75
2012-11-20,2012,Train,15,2.0,2593.75,2596.8125,time,2.75,0.75
2012-12-10,2012,Train,3,1.0,2652.25,2657.625,time,1.5,0.5
2012-12-10,2012,Train,3,2.0,2652.25,2657.625,time,1.5,-0.5
2012-12-10,2012,Train,5,1.0,2652.25,2657.625,time,1.0,0.0
2012-12-10,2012,Train,5,2.0,2652.25,2657.625,time,1.0,-1.0
2012-12-10,2012,Train,10,1.0,2652.25,2657.625,time,2.25,1.25
2012-12-10,2012,Train,10,2.0,2652.25,2657.625,time,2.25,0.25
2012-12-10,2012,Train,15,1.0,2652.25,2657.625,time,1.25,0.25
2012-12-10,2012,Train,15,2.0,2652.25,2657.625,time,1.25,-0.75
2012-12-11,2012,Train,3,1.0,2685.0,2690.75,time,-1.75,-2.75
2012-12-11,2012,Train,3,2.0,2685.0,2690.75,time,-1.75,-3.75
2012-12-11,2012,Train,5,1.0,2685.0,2690.75,time,-2.5,-3.5
2012-12-11,2012,Train,5,2.0,2685.0,2690.75,time,-2.5,-4.5
2012-12-11,2012,Train,10,1.0,2685.0,2690.75,time,-4.25,-5.25
2012-12-11,2012,Train,10,2.0,2685.0,2690.75,time,-4.25,-6.25
2012-12-11,2012,Train,15,1.0,2685.0,2690.75,time,-4.0,-5.0
2012-12-11,2012,Train,15,2.0,2685.0,2690.75,time,-4.0,-6.0
2012-12-17,2012,Train,3,1.0,2641.5,2646.25,time,-3.5,-4.5
2012-12-17,2012,Train,3,2.0,2641.5,2646.25,time,-3.5,-5.5
2012-12-17,2012,Train,5,1.0,2641.5,2646.25,stop,-4.75,-5.75
2012-12-17,2012,Train,5,2.0,2641.5,2646.25,stop,-4.75,-6.75
2012-12-17,2012,Train,10,1.0,2641.5,2646.25,stop,-4.75,-5.75
2012-12-17,2012,Train,10,2.0,2641.5,2646.25,stop,-4.75,-6.75
2012-12-17,2012,Train,15,1.0,2641.5,2646.25,stop,-4.75,-5.75
2012-12-17,2012,Train,15,2.0,2641.5,2646.25,stop,-4.75,-6.75
2012-12-28,2012,Train,3,1.0,2618.5,2621.5625,time,0.25,-0.75
2012-12-28,2012,Train,3,2.0,2618.5,2621.5625,time,0.25,-1.75
2012-12-28,2012,Train,5,1.0,2618.5,2621.5625,time,0.75,-0.25
2012-12-28,2012,Train,5,2.0,2618.5,2621.5625,time,0.75,-1.25
2012-12-28,2012,Train,10,1.0,2618.5,2621.5625,time,1.25,0.25
2012-12-28,2012,Train,10,2.0,2618.5,2621.5625,time,1.25,-0.75
2012-12-28,2012,Train,15,1.0,2618.5,2621.5625,time,2.5,1.5
2012-12-28,2012,Train,15,2.0,2618.5,2621.5625,time,2.5,0.5
2013-01-07,2013,Train,3,1.0,2715.25,2718.5,time,-0.5,-1.5
2013-01-07,2013,Train,3,2.0,2715.25,2718.5,time,-0.5,-2.5
2013-01-07,2013,Train,5,1.0,2715.25,2718.5,time,1.0,0.0
2013-01-07,2013,Train,5,2.0,2715.25,2718.5,time,1.0,-1.0
2013-01-07,2013,Train,10,1.0,2715.25,2718.5,time,1.0,0.0
2013-01-07,2013,Train,10,2.0,2715.25,2718.5,time,1.0,-1.0
2013-01-07,2013,Train,15,1.0,2715.25,2718.5,stop,-3.25,-4.25
2013-01-07,2013,Train,15,2.0,2715.25,2718.5,stop,-3.25,-5.25
2013-01-17,2013,Train,3,1.0,2745.5,2748.375,time,-0.5,-1.5
2013-01-17,2013,Train,3,2.0,2745.5,2748.375,time,-0.5,-2.5
2013-01-17,2013,Train,5,1.0,2745.5,2748.375,time,-1.0,-2.0
2013-01-17,2013,Train,5,2.0,2745.5,2748.375,time,-1.0,-3.0
2013-01-17,2013,Train,10,1.0,2745.5,2748.375,time,0.0,-1.0
2013-01-17,2013,Train,10,2.0,2745.5,2748.375,time,0.0,-2.0
2013-01-17,2013,Train,15,1.0,2745.5,2748.375,time,-0.25,-1.25
2013-01-17,2013,Train,15,2.0,2745.5,2748.375,time,-0.25,-2.25
2013-01-24,2013,Train,3,1.0,2739.25,2744.9375,time,0.5,-0.5
2013-01-24,2013,Train,3,2.0,2739.25,2744.9375,time,0.5,-1.5
2013-01-24,2013,Train,5,1.0,2739.25,2744.9375,time,2.75,1.75
2013-01-24,2013,Train,5,2.0,2739.25,2744.9375,time,2.75,0.75
2013-01-24,2013,Train,10,1.0,2739.25,2744.9375,time,0.5,-0.5
2013-01-24,2013,Train,10,2.0,2739.25,2744.9375,time,0.5,-1.5
2013-01-24,2013,Train,15,1.0,2739.25,2744.9375,time,2.25,1.25
2013-01-24,2013,Train,15,2.0,2739.25,2744.9375,time,2.25,0.25
2013-01-28,2013,Train,3,1.0,2742.75,2746.25,time,0.75,-0.25
2013-01-28,2013,Train,3,2.0,2742.75,2746.25,time,0.75,-1.25
2013-01-28,2013,Train,5,1.0,2742.75,2746.25,time,-0.75,-1.75
2013-01-28,2013,Train,5,2.0,2742.75,2746.25,time,-0.75,-2.75
2013-01-28,2013,Train,10,1.0,2742.75,2746.25,time,-2.0,-3.0
2013-01-28,2013,Train,10,2.0,2742.75,2746.25,time,-2.0,-4.0
2013-01-28,2013,Train,15,1.0,2742.75,2746.25,time,-1.0,-2.0
2013-01-28,2013,Train,15,2.0,2742.75,2746.25,time,-1.0,-3.0
2013-01-29,2013,Train,3,1.0,2733.75,2738.375,time,0.25,-0.75
2013-01-29,2013,Train,3,2.0,2733.75,2738.375,time,0.25,-1.75
2013-01-29,2013,Train,5,1.0,2733.75,2738.375,time,0.25,-0.75
2013-01-29,2013,Train,5,2.0,2733.75,2738.375,time,0.25,-1.75
2013-01-29,2013,Train,10,1.0,2733.75,2738.375,time,-1.5,-2.5
2013-01-29,2013,Train,10,2.0,2733.75,2738.375,time,-1.5,-3.5
2013-01-29,2013,Train,15,1.0,2733.75,2738.375,time,-3.0,-4.0
2013-01-29,2013,Train,15,2.0,2733.75,2738.375,time,-3.0,-5.0
2013-03-04,2013,Train,3,1.0,2745.5,2748.1875,time,-2.25,-3.25
2013-03-04,2013,Train,3,2.0,2745.5,2748.1875,time,-2.25,-4.25
2013-03-04,2013,Train,5,1.0,2745.5,2748.1875,time,-2.5,-3.5
2013-03-04,2013,Train,5,2.0,2745.5,2748.1875,time,-2.5,-4.5
2013-03-04,2013,Train,10,1.0,2745.5,2748.1875,stop,-2.6875,-3.6875
2013-03-04,2013,Train,10,2.0,2745.5,2748.1875,stop,-2.6875,-4.6875
2013-03-04,2013,Train,15,1.0,2745.5,2748.1875,stop,-2.6875,-3.6875
2013-03-04,2013,Train,15,2.0,2745.5,2748.1875,stop,-2.6875,-4.6875
2013-03-13,2013,Train,3,1.0,2798.5,2802.8125,time,-1.75,-2.75
2013-03-13,2013,Train,3,2.0,2798.5,2802.8125,time,-1.75,-3.75
2013-03-13,2013,Train,5,1.0,2798.5,2802.8125,time,-1.25,-2.25
2013-03-13,2013,Train,5,2.0,2798.5,2802.8125,time,-1.25,-3.25
2013-03-13,2013,Train,10,1.0,2798.5,2802.8125,time,-1.25,-2.25
2013-03-13,2013,Train,10,2.0,2798.5,2802.8125,time,-1.25,-3.25
2013-03-13,2013,Train,15,1.0,2798.5,2802.8125,time,-0.5,-1.5
2013-03-13,2013,Train,15,2.0,2798.5,2802.8125,time,-0.5,-2.5
2013-03-22,2013,Train,3,1.0,2786.75,2789.3125,time,0.5,-0.5
2013-03-22,2013,Train,3,2.0,2786.75,2789.3125,time,0.5,-1.5
2013-03-22,2013,Train,5,1.0,2786.75,2789.3125,time,0.25,-0.75
2013-03-22,2013,Train,5,2.0,2786.75,2789.3125,time,0.25,-1.75
2013-03-22,2013,Train,10,1.0,2786.75,2789.3125,stop,-2.5625,-3.5625
2013-03-22,2013,Train,10,2.0,2786.75,2789.3125,stop,-2.5625,-4.5625
2013-03-22,2013,Train,15,1.0,2786.75,2789.3125,stop,-2.5625,-3.5625
2013-03-22,2013,Train,15,2.0,2786.75,2789.3125,stop,-2.5625,-4.5625
2013-03-28,2013,Train,3,1.0,2805.75,2807.8125,time,-0.5,-1.5
2013-03-28,2013,Train,3,2.0,2805.75,2807.8125,time,-0.5,-2.5
2013-03-28,2013,Train,5,1.0,2805.75,2807.8125,time,-0.5,-1.5
2013-03-28,2013,Train,5,2.0,2805.75,2807.8125,time,-0.5,-2.5
2013-03-28,2013,Train,10,1.0,2805.75,2807.8125,stop,-2.0625,-3.0625
2013-03-28,2013,Train,10,2.0,2805.75,2807.8125,stop,-2.0625,-4.0625
2013-03-28,2013,Train,15,1.0,2805.75,2807.8125,stop,-2.0625,-3.0625
2013-03-28,2013,Train,15,2.0,2805.75,2807.8125,stop,-2.0625,-4.0625
2013-04-02,2013,Train,3,1.0,2820.0,2824.3125,time,0.0,-1.0
2013-04-02,2013,Train,3,2.0,2820.0,2824.3125,time,0.0,-2.0
2013-04-02,2013,Train,5,1.0,2820.0,2824.3125,time,-1.0,-2.0
2013-04-02,2013,Train,5,2.0,2820.0,2824.3125,time,-1.0,-3.0
2013-04-02,2013,Train,10,1.0,2820.0,2824.3125,time,0.0,-1.0
2013-04-02,2013,Train,10,2.0,2820.0,2824.3125,time,0.0,-2.0
2013-04-02,2013,Train,15,1.0,2820.0,2824.3125,time,0.75,-0.25
2013-04-02,2013,Train,15,2.0,2820.0,2824.3125,time,0.75,-1.25
2013-04-05,2013,Train,3,1.0,2747.5,2750.625,time,-2.0,-3.0
2013-04-05,2013,Train,3,2.0,2747.5,2750.625,time,-2.0,-4.0
2013-04-05,2013,Train,5,1.0,2747.5,2750.625,time,-2.5,-3.5
2013-04-05,2013,Train,5,2.0,2747.5,2750.625,time,-2.5,-4.5
2013-04-05,2013,Train,10,1.0,2747.5,2750.625,stop,-3.125,-4.125
2013-04-05,2013,Train,10,2.0,2747.5,2750.625,stop,-3.125,-5.125
2013-04-05,2013,Train,15,1.0,2747.5,2750.625,stop,-3.125,-4.125
2013-04-05,2013,Train,15,2.0,2747.5,2750.625,stop,-3.125,-5.125
2013-04-08,2013,Train,3,1.0,2767.75,2770.625,time,-1.5,-2.5
2013-04-08,2013,Train,3,2.0,2767.75,2770.625,time,-1.5,-3.5
2013-04-08,2013,Train,5,1.0,2767.75,2770.625,time,-2.5,-3.5
2013-04-08,2013,Train,5,2.0,2767.75,2770.625,time,-2.5,-4.5
2013-04-08,2013,Train,10,1.0,2767.75,2770.625,stop,-2.875,-3.875
2013-04-08,2013,Train,10,2.0,2767.75,2770.625,stop,-2.875,-4.875
2013-04-08,2013,Train,15,1.0,2767.75,2770.625,stop,-2.875,-3.875
2013-04-08,2013,Train,15,2.0,2767.75,2770.625,stop,-2.875,-4.875
2013-04-11,2013,Train,3,1.0,2851.25,2853.4375,time,-0.25,-1.25
2013-04-11,2013,Train,3,2.0,2851.25,2853.4375,time,-0.25,-2.25
2013-04-11,2013,Train,5,1.0,2851.25,2853.4375,time,1.25,0.25
2013-04-11,2013,Train,5,2.0,2851.25,2853.4375,time,1.25,-0.75
2013-04-11,2013,Train,10,1.0,2851.25,2853.4375,time,1.75,0.75
2013-04-11,2013,Train,10,2.0,2851.25,2853.4375,time,1.75,-0.25
2013-04-11,2013,Train,15,1.0,2851.25,2853.4375,time,1.25,0.25
2013-04-11,2013,Train,15,2.0,2851.25,2853.4375,time,1.25,-0.75
2013-04-19,2013,Train,3,1.0,2763.25,2770.3125,time,3.0,2.0
2013-04-19,2013,Train,3,2.0,2763.25,2770.3125,time,3.0,1.0
2013-04-19,2013,Train,5,1.0,2763.25,2770.3125,time,0.0,-1.0
2013-04-19,2013,Train,5,2.0,2763.25,2770.3125,time,0.0,-2.0
2013-04-19,2013,Train,10,1.0,2763.25,2770.3125,time,-2.75,-3.75
2013-04-19,2013,Train,10,2.0,2763.25,2770.3125,time,-2.75,-4.75
2013-04-19,2013,Train,15,1.0,2763.25,2770.3125,time,-1.25,-2.25
2013-04-19,2013,Train,15,2.0,2763.25,2770.3125,time,-1.25,-3.25
2013-04-22,2013,Train,3,1.0,2793.25,2798.3125,time,-1.5,-2.5
2013-04-22,2013,Train,3,2.0,2793.25,2798.3125,time,-1.5,-3.5
2013-04-22,2013,Train,5,1.0,2793.25,2798.3125,time,-1.0,-2.0
2013-04-22,2013,Train,5,2.0,2793.25,2798.3125,time,-1.0,-3.0
2013-04-22,2013,Train,10,1.0,2793.25,2798.3125,time,-1.75,-2.75
2013-04-22,2013,Train,10,2.0,2793.25,2798.3125,time,-1.75,-3.75
2013-04-22,2013,Train,15,1.0,2793.25,2798.3125,time,-2.75,-3.75
2013-04-22,2013,Train,15,2.0,2793.25,2798.3125,time,-2.75,-4.75
2013-04-23,2013,Train,3,1.0,2829.75,2833.3125,time,-1.75,-2.75
2013-04-23,2013,Train,3,2.0,2829.75,2833.3125,time,-1.75,-3.75
2013-04-23,2013,Train,5,1.0,2829.75,2833.3125,stop,-3.5625,-4.5625
2013-04-23,2013,Train,5,2.0,2829.75,2833.3125,stop,-3.5625,-5.5625
2013-04-23,2013,Train,10,1.0,2829.75,2833.3125,stop,-3.5625,-4.5625
2013-04-23,2013,Train,10,2.0,2829.75,2833.3125,stop,-3.5625,-5.5625
2013-04-23,2013,Train,15,1.0,2829.75,2833.3125,stop,-3.5625,-4.5625
2013-04-23,2013,Train,15,2.0,2829.75,2833.3125,stop,-3.5625,-5.5625
2013-04-29,2013,Train,3,1.0,2866.0,2872.0,time,-0.25,-1.25
2013-04-29,2013,Train,3,2.0,2866.0,2872.0,time,-0.25,-2.25
2013-04-29,2013,Train,5,1.0,2866.0,2872.0,time,-0.5,-1.5
2013-04-29,2013,Train,5,2.0,2866.0,2872.0,time,-0.5,-2.5
2013-04-29,2013,Train,10,1.0,2866.0,2872.0,time,-2.5,-3.5
2013-04-29,2013,Train,10,2.0,2866.0,2872.0,time,-2.5,-4.5
2013-04-29,2013,Train,15,1.0,2866.0,2872.0,time,-1.75,-2.75
2013-04-29,2013,Train,15,2.0,2866.0,2872.0,time,-1.75,-3.75
2013-04-30,2013,Train,3,1.0,2865.0,2868.0,stop,-3.0,-4.0
2013-04-30,2013,Train,3,2.0,2865.0,2868.0,stop,-3.0,-5.0
2013-04-30,2013,Train,5,1.0,2865.0,2868.0,stop,-3.0,-4.0
2013-04-30,2013,Train,5,2.0,2865.0,2868.0,stop,-3.0,-5.0
2013-04-30,2013,Train,10,1.0,2865.0,2868.0,stop,-3.0,-4.0
2013-04-30,2013,Train,10,2.0,2865.0,2868.0,stop,-3.0,-5.0
2013-04-30,2013,Train,15,1.0,2865.0,2868.0,stop,-3.0,-4.0
2013-04-30,2013,Train,15,2.0,2865.0,2868.0,stop,-3.0,-5.0
2013-05-02,2013,Train,3,1.0,2890.75,2896.1875,time,-1.0,-2.0
2013-05-02,2013,Train,3,2.0,2890.75,2896.1875,time,-1.0,-3.0
2013-05-02,2013,Train,5,1.0,2890.75,2896.1875,time,-1.0,-2.0
2013-05-02,2013,Train,5,2.0,2890.75,2896.1875,time,-1.0,-3.0
2013-05-02,2013,Train,10,1.0,2890.75,2896.1875,time,-1.0,-2.0
2013-05-02,2013,Train,10,2.0,2890.75,2896.1875,time,-1.0,-3.0
2013-05-02,2013,Train,15,1.0,2890.75,2896.1875,time,-2.5,-3.5
2013-05-02,2013,Train,15,2.0,2890.75,2896.1875,time,-2.5,-4.5
2013-05-03,2013,Train,3,1.0,2943.25,2947.0,time,-0.5,-1.5
2013-05-03,2013,Train,3,2.0,2943.25,2947.0,time,-0.5,-2.5
2013-05-03,2013,Train,5,1.0,2943.25,2947.0,time,-1.0,-2.0
2013-05-03,2013,Train,5,2.0,2943.25,2947.0,time,-1.0,-3.0
2013-05-03,2013,Train,10,1.0,2943.25,2947.0,time,-0.25,-1.25
2013-05-03,2013,Train,10,2.0,2943.25,2947.0,time,-0.25,-2.25
2013-05-03,2013,Train,15,1.0,2943.25,2947.0,time,0.0,-1.0
2013-05-03,2013,Train,15,2.0,2943.25,2947.0,time,0.0,-2.0
2013-05-06,2013,Train,3,1.0,2949.25,2951.3125,time,0.0,-1.0
2013-05-06,2013,Train,3,2.0,2949.25,2951.3125,time,0.0,-2.0
2013-05-06,2013,Train,5,1.0,2949.25,2951.3125,time,0.25,-0.75
2013-05-06,2013,Train,5,2.0,2949.25,2951.3125,time,0.25,-1.75
2013-05-06,2013,Train,10,1.0,2949.25,2951.3125,time,0.0,-1.0
2013-05-06,2013,Train,10,2.0,2949.25,2951.3125,time,0.0,-2.0
2013-05-06,2013,Train,15,1.0,2949.25,2951.3125,time,0.5,-0.5
2013-05-06,2013,Train,15,2.0,2949.25,2951.3125,time,0.5,-1.5
2013-05-08,2013,Train,3,1.0,2956.5,2960.6875,time,2.0,1.0
2013-05-08,2013,Train,3,2.0,2956.5,2960.6875,time,2.0,0.0
2013-05-08,2013,Train,5,1.0,2956.5,2960.6875,time,1.0,0.0
2013-05-08,2013,Train,5,2.0,2956.5,2960.6875,time,1.0,-1.0
2013-05-08,2013,Train,10,1.0,2956.5,2960.6875,time,2.75,1.75
2013-05-08,2013,Train,10,2.0,2956.5,2960.6875,time,2.75,0.75
2013-05-08,2013,Train,15,1.0,2956.5,2960.6875,time,2.0,1.0
2013-05-08,2013,Train,15,2.0,2956.5,2960.6875,time,2.0,0.0
2013-05-09,2013,Train,3,1.0,2964.75,2967.375,time,1.25,0.25
2013-05-09,2013,Train,3,2.0,2964.75,2967.375,time,1.25,-0.75
2013-05-09,2013,Train,5,1.0,2964.75,2967.375,time,0.0,-1.0
2013-05-09,2013,Train,5,2.0,2964.75,2967.375,time,0.0,-2.0
2013-05-09,2013,Train,10,1.0,2964.75,2967.375,time,6.0,5.0
2013-05-09,2013,Train,10,2.0,2964.75,2967.375,time,6.0,4.0
2013-05-09,2013,Train,15,1.0,2964.75,2967.375,time,6.0,5.0
2013-05-09,2013,Train,15,2.0,2964.75,2967.375,time,6.0,4.0
2013-05-13,2013,Train,3,1.0,2979.75,2983.0625,time,1.25,0.25
2013-05-13,2013,Train,3,2.0,2979.75,2983.0625,time,1.25,-0.75
2013-05-13,2013,Train,5,1.0,2979.75,2983.0625,time,1.5,0.5
2013-05-13,2013,Train,5,2.0,2979.75,2983.0625,time,1.5,-0.5
2013-05-13,2013,Train,10,1.0,2979.75,2983.0625,time,2.75,1.75
2013-05-13,2013,Train,10,2.0,2979.75,2983.0625,time,2.75,0.75
2013-05-13,2013,Train,15,1.0,2979.75,2983.0625,time,5.25,4.25
2013-05-13,2013,Train,15,2.0,2979.75,2983.0625,time,5.25,3.25
2013-05-14,2013,Train,3,1.0,2995.25,2999.3125,time,-0.25,-1.25
2013-05-14,2013,Train,3,2.0,2995.25,2999.3125,time,-0.25,-2.25
2013-05-14,2013,Train,5,1.0,2995.25,2999.3125,time,-0.5,-1.5
2013-05-14,2013,Train,5,2.0,2995.25,2999.3125,time,-0.5,-2.5
2013-05-14,2013,Train,10,1.0,2995.25,2999.3125,time,-2.0,-3.0
2013-05-14,2013,Train,10,2.0,2995.25,2999.3125,time,-2.0,-4.0
2013-05-14,2013,Train,15,1.0,2995.25,2999.3125,time,-0.25,-1.25
2013-05-14,2013,Train,15,2.0,2995.25,2999.3125,time,-0.25,-2.25
2013-05-15,2013,Train,3,1.0,3000.0,3003.0625,time,0.0,-1.0
2013-05-15,2013,Train,3,2.0,3000.0,3003.0625,time,0.0,-2.0
2013-05-15,2013,Train,5,1.0,3000.0,3003.0625,time,-0.25,-1.25
2013-05-15,2013,Train,5,2.0,3000.0,3003.0625,time,-0.25,-2.25
2013-05-15,2013,Train,10,1.0,3000.0,3003.0625,time,-2.0,-3.0
2013-05-15,2013,Train,10,2.0,3000.0,3003.0625,time,-2.0,-4.0
2013-05-15,2013,Train,15,1.0,3000.0,3003.0625,time,0.25,-0.75
2013-05-15,2013,Train,15,2.0,3000.0,3003.0625,time,0.25,-1.75
2013-05-16,2013,Train,3,1.0,3013.5,3016.8125,time,-0.5,-1.5
2013-05-16,2013,Train,3,2.0,3013.5,3016.8125,time,-0.5,-2.5
2013-05-16,2013,Train,5,1.0,3013.5,3016.8125,time,-1.0,-2.0
2013-05-16,2013,Train,5,2.0,3013.5,3016.8125,time,-1.0,-3.0
2013-05-16,2013,Train,10,1.0,3013.5,3016.8125,time,-0.75,-1.75
2013-05-16,2013,Train,10,2.0,3013.5,3016.8125,time,-0.75,-2.75
2013-05-16,2013,Train,15,1.0,3013.5,3016.8125,time,0.0,-1.0
2013-05-16,2013,Train,15,2.0,3013.5,3016.8125,time,0.0,-2.0
2013-05-20,2013,Train,3,1.0,3030.5,3033.6875,time,0.0,-1.0
2013-05-20,2013,Train,3,2.0,3030.5,3033.6875,time,0.0,-2.0
2013-05-20,2013,Train,5,1.0,3030.5,3033.6875,time,-0.5,-1.5
2013-05-20,2013,Train,5,2.0,3030.5,3033.6875,time,-0.5,-2.5
2013-05-20,2013,Train,10,1.0,3030.5,3033.6875,time,0.5,-0.5
2013-05-20,2013,Train,10,2.0,3030.5,3033.6875,time,0.5,-1.5
2013-05-20,2013,Train,15,1.0,3030.5,3033.6875,time,3.25,2.25
2013-05-20,2013,Train,15,2.0,3030.5,3033.6875,time,3.25,1.25
2013-05-21,2013,Train,3,1.0,3026.25,3030.375,time,-1.0,-2.0
2013-05-21,2013,Train,3,2.0,3026.25,3030.375,time,-1.0,-3.0
2013-05-21,2013,Train,5,1.0,3026.25,3030.375,time,-1.0,-2.0
2013-05-21,2013,Train,5,2.0,3026.25,3030.375,time,-1.0,-3.0
2013-05-21,2013,Train,10,1.0,3026.25,3030.375,time,0.25,-0.75
2013-05-21,2013,Train,10,2.0,3026.25,3030.375,time,0.25,-1.75
2013-05-21,2013,Train,15,1.0,3026.25,3030.375,time,-2.0,-3.0
2013-05-21,2013,Train,15,2.0,3026.25,3030.375,time,-2.0,-4.0
2013-05-23,2013,Train,3,1.0,2990.25,2997.1875,time,-2.5,-3.5
2013-05-23,2013,Train,3,2.0,2990.25,2997.1875,time,-2.5,-4.5
2013-05-23,2013,Train,5,1.0,2990.25,2997.1875,time,-2.0,-3.0
2013-05-23,2013,Train,5,2.0,2990.25,2997.1875,time,-2.0,-4.0
2013-05-23,2013,Train,10,1.0,2990.25,2997.1875,time,-3.75,-4.75
2013-05-23,2013,Train,10,2.0,2990.25,2997.1875,time,-3.75,-5.75
2013-05-23,2013,Train,15,1.0,2990.25,2997.1875,time,0.25,-0.75
2013-05-23,2013,Train,15,2.0,2990.25,2997.1875,time,0.25,-1.75
2013-05-24,2013,Train,3,1.0,2979.75,2983.875,time,0.0,-1.0
2013-05-24,2013,Train,3,2.0,2979.75,2983.875,time,0.0,-2.0
2013-05-24,2013,Train,5,1.0,2979.75,2983.875,time,-1.25,-2.25
2013-05-24,2013,Train,5,2.0,2979.75,2983.875,time,-1.25,-3.25
2013-05-24,2013,Train,10,1.0,2979.75,2983.875,time,-2.0,-3.0
2013-05-24,2013,Train,10,2.0,2979.75,2983.875,time,-2.0,-4.0
2013-05-24,2013,Train,15,1.0,2979.75,2983.875,stop,-4.125,-5.125
2013-05-24,2013,Train,15,2.0,2979.75,2983.875,stop,-4.125,-6.125
2013-05-30,2013,Train,3,1.0,3014.25,3019.25,time,-2.0,-3.0
2013-05-30,2013,Train,3,2.0,3014.25,3019.25,time,-2.0,-4.0
2013-05-30,2013,Train,5,1.0,3014.25,3019.25,time,-0.75,-1.75
2013-05-30,2013,Train,5,2.0,3014.25,3019.25,time,-0.75,-2.75
2013-05-30,2013,Train,10,1.0,3014.25,3019.25,time,2.0,1.0
2013-05-30,2013,Train,10,2.0,3014.25,3019.25,time,2.0,0.0
2013-05-30,2013,Train,15,1.0,3014.25,3019.25,time,-0.75,-1.75
2013-05-30,2013,Train,15,2.0,3014.25,3019.25,time,-0.75,-2.75
2013-05-31,2013,Train,3,1.0,3014.25,3018.75,time,-0.25,-1.25
2013-05-31,2013,Train,3,2.0,3014.25,3018.75,time,-0.25,-2.25
2013-05-31,2013,Train,5,1.0,3014.25,3018.75,time,-0.75,-1.75
2013-05-31,2013,Train,5,2.0,3014.25,3018.75,time,-0.75,-2.75
2013-05-31,2013,Train,10,1.0,3014.25,3018.75,time,0.75,-0.25
2013-05-31,2013,Train,10,2.0,3014.25,3018.75,time,0.75,-1.25
2013-05-31,2013,Train,15,1.0,3014.25,3018.75,time,2.0,1.0
2013-05-31,2013,Train,15,2.0,3014.25,3018.75,time,2.0,0.0
2013-06-04,2013,Train,3,1.0,2997.5,3000.875,time,-0.75,-1.75
2013-06-04,2013,Train,3,2.0,2997.5,3000.875,time,-0.75,-2.75
2013-06-04,2013,Train,5,1.0,2997.5,3000.875,time,2.0,1.0
2013-06-04,2013,Train,5,2.0,2997.5,3000.875,time,2.0,0.0
2013-06-04,2013,Train,10,1.0,2997.5,3000.875,time,4.5,3.5
2013-06-04,2013,Train,10,2.0,2997.5,3000.875,time,4.5,2.5
2013-06-04,2013,Train,15,1.0,2997.5,3000.875,time,2.75,1.75
2013-06-04,2013,Train,15,2.0,2997.5,3000.875,time,2.75,0.75
2013-06-07,2013,Train,3,1.0,2978.25,2984.75,time,-1.0,-2.0
2013-06-07,2013,Train,3,2.0,2978.25,2984.75,time,-1.0,-3.0
2013-06-07,2013,Train,5,1.0,2978.25,2984.75,time,-2.0,-3.0
2013-06-07,2013,Train,5,2.0,2978.25,2984.75,time,-2.0,-4.0
2013-06-07,2013,Train,10,1.0,2978.25,2984.75,time,-1.5,-2.5
2013-06-07,2013,Train,10,2.0,2978.25,2984.75,time,-1.5,-3.5
2013-06-07,2013,Train,15,1.0,2978.25,2984.75,time,1.25,0.25
2013-06-07,2013,Train,15,2.0,2978.25,2984.75,time,1.25,-0.75
2013-06-10,2013,Train,3,1.0,2994.5,2996.8125,time,-0.75,-1.75
2013-06-10,2013,Train,3,2.0,2994.5,2996.8125,time,-0.75,-2.75
2013-06-10,2013,Train,5,1.0,2994.5,2996.8125,time,1.0,0.0
2013-06-10,2013,Train,5,2.0,2994.5,2996.8125,time,1.0,-1.0
2013-06-10,2013,Train,10,1.0,2994.5,2996.8125,time,-0.5,-1.5
2013-06-10,2013,Train,10,2.0,2994.5,2996.8125,time,-0.5,-2.5
2013-06-10,2013,Train,15,1.0,2994.5,2996.8125,stop,-2.3125,-3.3125
2013-06-10,2013,Train,15,2.0,2994.5,2996.8125,stop,-2.3125,-4.3125
2013-06-11,2013,Train,3,1.0,2967.5,2972.625,time,-0.25,-1.25
2013-06-11,2013,Train,3,2.0,2967.5,2972.625,time,-0.25,-2.25
2013-06-11,2013,Train,5,1.0,2967.5,2972.625,time,-1.25,-2.25
2013-06-11,2013,Train,5,2.0,2967.5,2972.625,time,-1.25,-3.25
2013-06-11,2013,Train,10,1.0,2967.5,2972.625,time,-0.75,-1.75
2013-06-11,2013,Train,10,2.0,2967.5,2972.625,time,-0.75,-2.75
2013-06-11,2013,Train,15,1.0,2967.5,2972.625,time,-1.5,-2.5
2013-06-11,2013,Train,15,2.0,2967.5,2972.625,time,-1.5,-3.5
2013-06-17,2013,Train,3,1.0,2978.0,2982.375,time,-1.5,-2.5
2013-06-17,2013,Train,3,2.0,2978.0,2982.375,time,-1.5,-3.5
2013-06-17,2013,Train,5,1.0,2978.0,2982.375,time,-1.0,-2.0
2013-06-17,2013,Train,5,2.0,2978.0,2982.375,time,-1.0,-3.0
2013-06-17,2013,Train,10,1.0,2978.0,2982.375,time,-1.0,-2.0
2013-06-17,2013,Train,10,2.0,2978.0,2982.375,time,-1.0,-3.0
2013-06-17,2013,Train,15,1.0,2978.0,2982.375,time,-1.75,-2.75
2013-06-17,2013,Train,15,2.0,2978.0,2982.375,time,-1.75,-3.75
2013-06-27,2013,Train,3,1.0,2914.0,2917.5625,time,0.0,-1.0
2013-06-27,2013,Train,3,2.0,2914.0,2917.5625,time,0.0,-2.0
2013-06-27,2013,Train,5,1.0,2914.0,2917.5625,time,1.25,0.25
2013-06-27,2013,Train,5,2.0,2914.0,2917.5625,time,1.25,-0.75
2013-06-27,2013,Train,10,1.0,2914.0,2917.5625,time,2.5,1.5
2013-06-27,2013,Train,10,2.0,2914.0,2917.5625,time,2.5,0.5
2013-06-27,2013,Train,15,1.0,2914.0,2917.5625,time,0.25,-0.75
2013-06-27,2013,Train,15,2.0,2914.0,2917.5625,time,0.25,-1.75
2013-06-28,2013,Train,3,1.0,2899.75,2903.875,time,-1.0,-2.0
2013-06-28,2013,Train,3,2.0,2899.75,2903.875,time,-1.0,-3.0
2013-06-28,2013,Train,5,1.0,2899.75,2903.875,time,-3.25,-4.25
2013-06-28,2013,Train,5,2.0,2899.75,2903.875,time,-3.25,-5.25
2013-06-28,2013,Train,10,1.0,2899.75,2903.875,stop,-4.125,-5.125
2013-06-28,2013,Train,10,2.0,2899.75,2903.875,stop,-4.125,-6.125
2013-06-28,2013,Train,15,1.0,2899.75,2903.875,stop,-4.125,-5.125
2013-06-28,2013,Train,15,2.0,2899.75,2903.875,stop,-4.125,-6.125
2013-07-03,2013,Train,3,1.0,2929.25,2934.4375,time,0.75,-0.25
2013-07-03,2013,Train,3,2.0,2929.25,2934.4375,time,0.75,-1.25
2013-07-03,2013,Train,5,1.0,2929.25,2934.4375,time,0.25,-0.75
2013-07-03,2013,Train,5,2.0,2929.25,2934.4375,time,0.25,-1.75
2013-07-03,2013,Train,10,1.0,2929.25,2934.4375,time,-1.0,-2.0
2013-07-03,2013,Train,10,2.0,2929.25,2934.4375,time,-1.0,-3.0
2013-07-03,2013,Train,15,1.0,2929.25,2934.4375,time,1.0,0.0
2013-07-03,2013,Train,15,2.0,2929.25,2934.4375,time,1.0,-1.0
2013-07-09,2013,Train,3,1.0,2974.75,2978.875,time,0.25,-0.75
2013-07-09,2013,Train,3,2.0,2974.75,2978.875,time,0.25,-1.75
2013-07-09,2013,Train,5,1.0,2974.75,2978.875,time,0.5,-0.5
2013-07-09,2013,Train,5,2.0,2974.75,2978.875,time,0.5,-1.5
2013-07-09,2013,Train,10,1.0,2974.75,2978.875,time,0.5,-0.5
2013-07-09,2013,Train,10,2.0,2974.75,2978.875,time,0.5,-1.5
2013-07-09,2013,Train,15,1.0,2974.75,2978.875,time,1.25,0.25
2013-07-09,2013,Train,15,2.0,2974.75,2978.875,time,1.25,-0.75
2013-07-10,2013,Train,3,1.0,2985.75,2989.6875,stop,-3.9375,-4.9375
2013-07-10,2013,Train,3,2.0,2985.75,2989.6875,stop,-3.9375,-5.9375
2013-07-10,2013,Train,5,1.0,2985.75,2989.6875,stop,-3.9375,-4.9375
2013-07-10,2013,Train,5,2.0,2985.75,2989.6875,stop,-3.9375,-5.9375
2013-07-10,2013,Train,10,1.0,2985.75,2989.6875,stop,-3.9375,-4.9375
2013-07-10,2013,Train,10,2.0,2985.75,2989.6875,stop,-3.9375,-5.9375
2013-07-10,2013,Train,15,1.0,2985.75,2989.6875,stop,-3.9375,-4.9375
2013-07-10,2013,Train,15,2.0,2985.75,2989.6875,stop,-3.9375,-5.9375
2013-07-15,2013,Train,3,1.0,3072.25,3074.8125,time,0.5,-0.5
2013-07-15,2013,Train,3,2.0,3072.25,3074.8125,time,0.5,-1.5
2013-07-15,2013,Train,5,1.0,3072.25,3074.8125,time,0.5,-0.5
2013-07-15,2013,Train,5,2.0,3072.25,3074.8125,time,0.5,-1.5
2013-07-15,2013,Train,10,1.0,3072.25,3074.8125,time,0.25,-0.75
2013-07-15,2013,Train,10,2.0,3072.25,3074.8125,time,0.25,-1.75
2013-07-15,2013,Train,15,1.0,3072.25,3074.8125,time,-0.25,-1.25
2013-07-15,2013,Train,15,2.0,3072.25,3074.8125,time,-0.25,-2.25
2013-07-30,2013,Train,3,1.0,3081.0,3083.875,time,1.25,0.25
2013-07-30,2013,Train,3,2.0,3081.0,3083.875,time,1.25,-0.75
2013-07-30,2013,Train,5,1.0,3081.0,3083.875,time,1.0,0.0
2013-07-30,2013,Train,5,2.0,3081.0,3083.875,time,1.0,-1.0
2013-07-30,2013,Train,10,1.0,3081.0,3083.875,time,5.25,4.25
2013-07-30,2013,Train,10,2.0,3081.0,3083.875,time,5.25,3.25
2013-07-30,2013,Train,15,1.0,3081.0,3083.875,time,6.5,5.5
2013-07-30,2013,Train,15,2.0,3081.0,3083.875,time,6.5,4.5
2013-08-05,2013,Train,3,1.0,3133.75,3135.4375,time,0.25,-0.75
2013-08-05,2013,Train,3,2.0,3133.75,3135.4375,time,0.25,-1.75
2013-08-05,2013,Train,5,1.0,3133.75,3135.4375,time,1.25,0.25
2013-08-05,2013,Train,5,2.0,3133.75,3135.4375,time,1.25,-0.75
2013-08-05,2013,Train,10,1.0,3133.75,3135.4375,time,-0.25,-1.25
2013-08-05,2013,Train,10,2.0,3133.75,3135.4375,time,-0.25,-2.25
2013-08-05,2013,Train,15,1.0,3133.75,3135.4375,time,1.75,0.75
2013-08-05,2013,Train,15,2.0,3133.75,3135.4375,time,1.75,-0.25
2013-08-08,2013,Train,3,1.0,3132.75,3138.625,time,0.0,-1.0
2013-08-08,2013,Train,3,2.0,3132.75,3138.625,time,0.0,-2.0
2013-08-08,2013,Train,5,1.0,3132.75,3138.625,time,-0.25,-1.25
2013-08-08,2013,Train,5,2.0,3132.75,3138.625,time,-0.25,-2.25
2013-08-08,2013,Train,10,1.0,3132.75,3138.625,time,-1.75,-2.75
2013-08-08,2013,Train,10,2.0,3132.75,3138.625,time,-1.75,-3.75
2013-08-08,2013,Train,15,1.0,3132.75,3138.625,time,-1.0,-2.0
2013-08-08,2013,Train,15,2.0,3132.75,3138.625,time,-1.0,-3.0
2013-08-12,2013,Train,3,1.0,3125.75,3131.25,time,0.75,-0.25
2013-08-12,2013,Train,3,2.0,3125.75,3131.25,time,0.75,-1.25
2013-08-12,2013,Train,5,1.0,3125.75,3131.25,time,1.0,0.0
2013-08-12,2013,Train,5,2.0,3125.75,3131.25,time,1.0,-1.0
2013-08-12,2013,Train,10,1.0,3125.75,3131.25,time,1.75,0.75
2013-08-12,2013,Train,10,2.0,3125.75,3131.25,time,1.75,-0.25
2013-08-12,2013,Train,15,1.0,3125.75,3131.25,time,-0.25,-1.25
2013-08-12,2013,Train,15,2.0,3125.75,3131.25,time,-0.25,-2.25
2013-08-13,2013,Train,3,1.0,3131.0,3137.8125,time,-0.25,-1.25
2013-08-13,2013,Train,3,2.0,3131.0,3137.8125,time,-0.25,-2.25
2013-08-13,2013,Train,5,1.0,3131.0,3137.8125,time,-1.75,-2.75
2013-08-13,2013,Train,5,2.0,3131.0,3137.8125,time,-1.75,-3.75
2013-08-13,2013,Train,10,1.0,3131.0,3137.8125,time,-3.25,-4.25
2013-08-13,2013,Train,10,2.0,3131.0,3137.8125,time,-3.25,-5.25
2013-08-13,2013,Train,15,1.0,3131.0,3137.8125,time,-5.0,-6.0
2013-08-13,2013,Train,15,2.0,3131.0,3137.8125,time,-5.0,-7.0
2013-08-16,2013,Train,3,1.0,3085.75,3090.0,time,1.0,0.0
2013-08-16,2013,Train,3,2.0,3085.75,3090.0,time,1.0,-1.0
2013-08-16,2013,Train,5,1.0,3085.75,3090.0,time,0.5,-0.5
2013-08-16,2013,Train,5,2.0,3085.75,3090.0,time,0.5,-1.5
2013-08-16,2013,Train,10,1.0,3085.75,3090.0,time,-0.25,-1.25
2013-08-16,2013,Train,10,2.0,3085.75,3090.0,time,-0.25,-2.25
2013-08-16,2013,Train,15,1.0,3085.75,3090.0,time,0.5,-0.5
2013-08-16,2013,Train,15,2.0,3085.75,3090.0,time,0.5,-1.5
2013-08-19,2013,Train,3,1.0,3097.75,3104.3125,time,0.25,-0.75
2013-08-19,2013,Train,3,2.0,3097.75,3104.3125,time,0.25,-1.75
2013-08-19,2013,Train,5,1.0,3097.75,3104.3125,time,1.75,0.75
2013-08-19,2013,Train,5,2.0,3097.75,3104.3125,time,1.75,-0.25
2013-08-19,2013,Train,10,1.0,3097.75,3104.3125,time,0.5,-0.5
2013-08-19,2013,Train,10,2.0,3097.75,3104.3125,time,0.5,-1.5
2013-08-19,2013,Train,15,1.0,3097.75,3104.3125,time,0.0,-1.0
2013-08-19,2013,Train,15,2.0,3097.75,3104.3125,time,0.0,-2.0
2013-08-22,2013,Train,3,1.0,3099.25,3103.375,time,1.75,0.75
2013-08-22,2013,Train,3,2.0,3099.25,3103.375,time,1.75,-0.25
2013-08-22,2013,Train,5,1.0,3099.25,3103.375,time,4.75,3.75
2013-08-22,2013,Train,5,2.0,3099.25,3103.375,time,4.75,2.75
2013-08-22,2013,Train,10,1.0,3099.25,3103.375,time,5.5,4.5
2013-08-22,2013,Train,10,2.0,3099.25,3103.375,time,5.5,3.5
2013-08-22,2013,Train,15,1.0,3099.25,3103.375,time,3.5,2.5
2013-08-22,2013,Train,15,2.0,3099.25,3103.375,time,3.5,1.5
2013-08-26,2013,Train,3,1.0,3138.5,3142.6875,time,-0.25,-1.25
2013-08-26,2013,Train,3,2.0,3138.5,3142.6875,time,-0.25,-2.25
2013-08-26,2013,Train,5,1.0,3138.5,3142.6875,time,-0.5,-1.5
2013-08-26,2013,Train,5,2.0,3138.5,3142.6875,time,-0.5,-2.5
2013-08-26,2013,Train,10,1.0,3138.5,3142.6875,time,-1.5,-2.5
2013-08-26,2013,Train,10,2.0,3138.5,3142.6875,time,-1.5,-3.5
2013-08-26,2013,Train,15,1.0,3138.5,3142.6875,time,-1.5,-2.5
2013-08-26,2013,Train,15,2.0,3138.5,3142.6875,time,-1.5,-3.5
2013-08-28,2013,Train,3,1.0,3070.75,3074.9375,time,-2.5,-3.5
2013-08-28,2013,Train,3,2.0,3070.75,3074.9375,time,-2.5,-4.5
2013-08-28,2013,Train,5,1.0,3070.75,3074.9375,time,-2.5,-3.5
2013-08-28,2013,Train,5,2.0,3070.75,3074.9375,time,-2.5,-4.5
2013-08-28,2013,Train,10,1.0,3070.75,3074.9375,time,0.75,-0.25
2013-08-28,2013,Train,10,2.0,3070.75,3074.9375,time,0.75,-1.25
2013-08-28,2013,Train,15,1.0,3070.75,3074.9375,time,1.5,0.5
2013-08-28,2013,Train,15,2.0,3070.75,3074.9375,time,1.5,-0.5
2013-08-29,2013,Train,3,1.0,3095.25,3102.8125,time,-0.25,-1.25
2013-08-29,2013,Train,3,2.0,3095.25,3102.8125,time,-0.25,-2.25
2013-08-29,2013,Train,5,1.0,3095.25,3102.8125,time,0.0,-1.0
2013-08-29,2013,Train,5,2.0,3095.25,3102.8125,time,0.0,-2.0
2013-08-29,2013,Train,10,1.0,3095.25,3102.8125,time,-1.25,-2.25
2013-08-29,2013,Train,10,2.0,3095.25,3102.8125,time,-1.25,-3.25
2013-08-29,2013,Train,15,1.0,3095.25,3102.8125,time,-0.75,-1.75
2013-08-29,2013,Train,15,2.0,3095.25,3102.8125,time,-0.75,-2.75
2013-09-04,2013,Train,3,1.0,3113.25,3119.25,time,0.75,-0.25
2013-09-04,2013,Train,3,2.0,3113.25,3119.25,time,0.75,-1.25
2013-09-04,2013,Train,5,1.0,3113.25,3119.25,time,0.5,-0.5
2013-09-04,2013,Train,5,2.0,3113.25,3119.25,time,0.5,-1.5
2013-09-04,2013,Train,10,1.0,3113.25,3119.25,time,-1.5,-2.5
2013-09-04,2013,Train,10,2.0,3113.25,3119.25,time,-1.5,-3.5
2013-09-04,2013,Train,15,1.0,3113.25,3119.25,time,-2.0,-3.0
2013-09-04,2013,Train,15,2.0,3113.25,3119.25,time,-2.0,-4.0
2013-09-11,2013,Train,3,1.0,3173.0,3176.4375,time,-0.25,-1.25
2013-09-11,2013,Train,3,2.0,3173.0,3176.4375,time,-0.25,-2.25
2013-09-11,2013,Train,5,1.0,3173.0,3176.4375,time,-1.0,-2.0
2013-09-11,2013,Train,5,2.0,3173.0,3176.4375,time,-1.0,-3.0
2013-09-11,2013,Train,10,1.0,3173.0,3176.4375,time,-1.25,-2.25
2013-09-11,2013,Train,10,2.0,3173.0,3176.4375,time,-1.25,-3.25
2013-09-11,2013,Train,15,1.0,3173.0,3176.4375,stop,-3.4375,-4.4375
2013-09-11,2013,Train,15,2.0,3173.0,3176.4375,stop,-3.4375,-5.4375
2013-09-12,2013,Train,3,1.0,3182.0,3185.375,time,-1.5,-2.5
2013-09-12,2013,Train,3,2.0,3182.0,3185.375,time,-1.5,-3.5
2013-09-12,2013,Train,5,1.0,3182.0,3185.375,stop,-3.375,-4.375
2013-09-12,2013,Train,5,2.0,3182.0,3185.375,stop,-3.375,-5.375
2013-09-12,2013,Train,10,1.0,3182.0,3185.375,stop,-3.375,-4.375
2013-09-12,2013,Train,10,2.0,3182.0,3185.375,stop,-3.375,-5.375
2013-09-12,2013,Train,15,1.0,3182.0,3185.375,stop,-3.375,-4.375
2013-09-12,2013,Train,15,2.0,3182.0,3185.375,stop,-3.375,-5.375
2013-09-17,2013,Train,3,1.0,3182.25,3185.625,time,0.25,-0.75
2013-09-17,2013,Train,3,2.0,3182.25,3185.625,time,0.25,-1.75
2013-09-17,2013,Train,5,1.0,3182.25,3185.625,time,0.25,-0.75
2013-09-17,2013,Train,5,2.0,3182.25,3185.625,time,0.25,-1.75
2013-09-17,2013,Train,10,1.0,3182.25,3185.625,time,0.0,-1.0
2013-09-17,2013,Train,10,2.0,3182.25,3185.625,time,0.0,-2.0
2013-09-17,2013,Train,15,1.0,3182.25,3185.625,time,0.0,-1.0
2013-09-17,2013,Train,15,2.0,3182.25,3185.625,time,0.0,-2.0
2013-09-25,2013,Train,3,1.0,3215.75,3220.75,time,-1.5,-2.5
2013-09-25,2013,Train,3,2.0,3215.75,3220.75,time,-1.5,-3.5
2013-09-25,2013,Train,5,1.0,3215.75,3220.75,time,-1.0,-2.0
2013-09-25,2013,Train,5,2.0,3215.75,3220.75,time,-1.0,-3.0
2013-09-25,2013,Train,10,1.0,3215.75,3220.75,time,-1.75,-2.75
2013-09-25,2013,Train,10,2.0,3215.75,3220.75,time,-1.75,-3.75
2013-09-25,2013,Train,15,1.0,3215.75,3220.75,time,-3.25,-4.25
2013-09-25,2013,Train,15,2.0,3215.75,3220.75,time,-3.25,-5.25
2013-09-27,2013,Train,3,1.0,3217.75,3221.6875,time,-1.5,-2.5
2013-09-27,2013,Train,3,2.0,3217.75,3221.6875,time,-1.5,-3.5
2013-09-27,2013,Train,5,1.0,3217.75,3221.6875,time,-1.75,-2.75
2013-09-27,2013,Train,5,2.0,3217.75,3221.6875,time,-1.75,-3.75
2013-09-27,2013,Train,10,1.0,3217.75,3221.6875,time,-2.75,-3.75
2013-09-27,2013,Train,10,2.0,3217.75,3221.6875,time,-2.75,-4.75
2013-09-27,2013,Train,15,1.0,3217.75,3221.6875,time,-1.0,-2.0
2013-09-27,2013,Train,15,2.0,3217.75,3221.6875,time,-1.0,-3.0
2013-09-30,2013,Train,3,1.0,3209.0,3217.375,time,0.5,-0.5
2013-09-30,2013,Train,3,2.0,3209.0,3217.375,time,0.5,-1.5
2013-09-30,2013,Train,5,1.0,3209.0,3217.375,time,-0.75,-1.75
2013-09-30,2013,Train,5,2.0,3209.0,3217.375,time,-0.75,-2.75
2013-09-30,2013,Train,10,1.0,3209.0,3217.375,time,-0.5,-1.5
2013-09-30,2013,Train,10,2.0,3209.0,3217.375,time,-0.5,-2.5
2013-09-30,2013,Train,15,1.0,3209.0,3217.375,time,-3.0,-4.0
2013-09-30,2013,Train,15,2.0,3209.0,3217.375,time,-3.0,-5.0
2013-10-02,2013,Train,3,1.0,3236.25,3240.375,time,0.25,-0.75
2013-10-02,2013,Train,3,2.0,3236.25,3240.375,time,0.25,-1.75
2013-10-02,2013,Train,5,1.0,3236.25,3240.375,time,-0.5,-1.5
2013-10-02,2013,Train,5,2.0,3236.25,3240.375,time,-0.5,-2.5
2013-10-02,2013,Train,10,1.0,3236.25,3240.375,time,-1.75,-2.75
2013-10-02,2013,Train,10,2.0,3236.25,3240.375,time,-1.75,-3.75
2013-10-02,2013,Train,15,1.0,3236.25,3240.375,time,-0.5,-1.5
2013-10-02,2013,Train,15,2.0,3236.25,3240.375,time,-0.5,-2.5
2013-10-10,2013,Train,3,1.0,3185.0,3189.6875,time,2.5,1.5
2013-10-10,2013,Train,3,2.0,3185.0,3189.6875,time,2.5,0.5
2013-10-10,2013,Train,5,1.0,3185.0,3189.6875,time,2.0,1.0
2013-10-10,2013,Train,5,2.0,3185.0,3189.6875,time,2.0,0.0
2013-10-10,2013,Train,10,1.0,3185.0,3189.6875,time,4.25,3.25
2013-10-10,2013,Train,10,2.0,3185.0,3189.6875,time,4.25,2.25
2013-10-10,2013,Train,15,1.0,3185.0,3189.6875,time,4.25,3.25
2013-10-10,2013,Train,15,2.0,3185.0,3189.6875,time,4.25,2.25
2013-10-15,2013,Train,3,1.0,3255.25,3259.625,time,-1.5,-2.5
2013-10-15,2013,Train,3,2.0,3255.25,3259.625,time,-1.5,-3.5
2013-10-15,2013,Train,5,1.0,3255.25,3259.625,time,-0.5,-1.5
2013-10-15,2013,Train,5,2.0,3255.25,3259.625,time,-0.5,-2.5
2013-10-15,2013,Train,10,1.0,3255.25,3259.625,time,2.25,1.25
2013-10-15,2013,Train,10,2.0,3255.25,3259.625,time,2.25,0.25
2013-10-15,2013,Train,15,1.0,3255.25,3259.625,time,-1.75,-2.75
2013-10-15,2013,Train,15,2.0,3255.25,3259.625,time,-1.75,-3.75
2013-10-16,2013,Train,3,1.0,3272.5,3278.0,time,-0.75,-1.75
2013-10-16,2013,Train,3,2.0,3272.5,3278.0,time,-0.75,-2.75
2013-10-16,2013,Train,5,1.0,3272.5,3278.0,time,-1.0,-2.0
2013-10-16,2013,Train,5,2.0,3272.5,3278.0,time,-1.0,-3.0
2013-10-16,2013,Train,10,1.0,3272.5,3278.0,time,1.25,0.25
2013-10-16,2013,Train,10,2.0,3272.5,3278.0,time,1.25,-0.75
2013-10-16,2013,Train,15,1.0,3272.5,3278.0,time,1.5,0.5
2013-10-16,2013,Train,15,2.0,3272.5,3278.0,time,1.5,-0.5
2013-10-18,2013,Train,3,1.0,3334.75,3339.9375,time,-0.75,-1.75
2013-10-18,2013,Train,3,2.0,3334.75,3339.9375,time,-0.75,-2.75
2013-10-18,2013,Train,5,1.0,3334.75,3339.9375,time,-1.5,-2.5
2013-10-18,2013,Train,5,2.0,3334.75,3339.9375,time,-1.5,-3.5
2013-10-18,2013,Train,10,1.0,3334.75,3339.9375,time,-4.25,-5.25
2013-10-18,2013,Train,10,2.0,3334.75,3339.9375,time,-4.25,-6.25
2013-10-18,2013,Train,15,1.0,3334.75,3339.9375,stop,-5.1875,-6.1875
2013-10-18,2013,Train,15,2.0,3334.75,3339.9375,stop,-5.1875,-7.1875
2013-10-31,2013,Train,3,1.0,3383.75,3390.0,time,-1.75,-2.75
2013-10-31,2013,Train,3,2.0,3383.75,3390.0,time,-1.75,-3.75
2013-10-31,2013,Train,5,1.0,3383.75,3390.0,time,-2.0,-3.0
2013-10-31,2013,Train,5,2.0,3383.75,3390.0,time,-2.0,-4.0
2013-10-31,2013,Train,10,1.0,3383.75,3390.0,time,-2.0,-3.0
2013-10-31,2013,Train,10,2.0,3383.75,3390.0,time,-2.0,-4.0
2013-10-31,2013,Train,15,1.0,3383.75,3390.0,time,-2.5,-3.5
2013-10-31,2013,Train,15,2.0,3383.75,3390.0,time,-2.5,-4.5
2013-11-08,2013,Train,3,1.0,3342.75,3348.8125,time,0.5,-0.5
2013-11-08,2013,Train,3,2.0,3342.75,3348.8125,time,0.5,-1.5
2013-11-08,2013,Train,5,1.0,3342.75,3348.8125,time,-2.0,-3.0
2013-11-08,2013,Train,5,2.0,3342.75,3348.8125,time,-2.0,-4.0
2013-11-08,2013,Train,10,1.0,3342.75,3348.8125,time,1.5,0.5
2013-11-08,2013,Train,10,2.0,3342.75,3348.8125,time,1.5,-0.5
2013-11-08,2013,Train,15,1.0,3342.75,3348.8125,time,-2.75,-3.75
2013-11-08,2013,Train,15,2.0,3342.75,3348.8125,time,-2.75,-4.75
2013-11-15,2013,Train,3,1.0,3415.5,3418.125,time,0.5,-0.5
2013-11-15,2013,Train,3,2.0,3415.5,3418.125,time,0.5,-1.5
2013-11-15,2013,Train,5,1.0,3415.5,3418.125,time,0.5,-0.5
2013-11-15,2013,Train,5,2.0,3415.5,3418.125,time,0.5,-1.5
2013-11-15,2013,Train,10,1.0,3415.5,3418.125,time,-0.25,-1.25
2013-11-15,2013,Train,10,2.0,3415.5,3418.125,time,-0.25,-2.25
2013-11-15,2013,Train,15,1.0,3415.5,3418.125,time,1.25,0.25
2013-11-15,2013,Train,15,2.0,3415.5,3418.125,time,1.25,-0.75
2013-11-22,2013,Train,3,1.0,3419.25,3422.4375,time,0.25,-0.75
2013-11-22,2013,Train,3,2.0,3419.25,3422.4375,time,0.25,-1.75
2013-11-22,2013,Train,5,1.0,3419.25,3422.4375,time,0.25,-0.75
2013-11-22,2013,Train,5,2.0,3419.25,3422.4375,time,0.25,-1.75
2013-11-22,2013,Train,10,1.0,3419.25,3422.4375,time,-1.75,-2.75
2013-11-22,2013,Train,10,2.0,3419.25,3422.4375,time,-1.75,-3.75
2013-11-22,2013,Train,15,1.0,3419.25,3422.4375,time,-1.5,-2.5
2013-11-22,2013,Train,15,2.0,3419.25,3422.4375,time,-1.5,-3.5
2013-11-27,2013,Train,3,1.0,3467.25,3471.1875,time,0.0,-1.0
2013-11-27,2013,Train,3,2.0,3467.25,3471.1875,time,0.0,-2.0
2013-11-27,2013,Train,5,1.0,3467.25,3471.1875,time,-0.5,-1.5
2013-11-27,2013,Train,5,2.0,3467.25,3471.1875,time,-0.5,-2.5
2013-11-27,2013,Train,10,1.0,3467.25,3471.1875,time,2.25,1.25
2013-11-27,2013,Train,10,2.0,3467.25,3471.1875,time,2.25,0.25
2013-11-27,2013,Train,15,1.0,3467.25,3471.1875,time,1.25,0.25
2013-11-27,2013,Train,15,2.0,3467.25,3471.1875,time,1.25,-0.75
2013-11-29,2013,Train,3,1.0,3490.25,3492.6875,time,0.0,-1.0
2013-11-29,2013,Train,3,2.0,3490.25,3492.6875,time,0.0,-2.0
2013-11-29,2013,Train,5,1.0,3490.25,3492.6875,time,0.5,-0.5
2013-11-29,2013,Train,5,2.0,3490.25,3492.6875,time,0.5,-1.5
2013-11-29,2013,Train,10,1.0,3490.25,3492.6875,time,1.25,0.25
2013-11-29,2013,Train,10,2.0,3490.25,3492.6875,time,1.25,-0.75
2013-11-29,2013,Train,15,1.0,3490.25,3492.6875,time,1.0,0.0
2013-11-29,2013,Train,15,2.0,3490.25,3492.6875,time,1.0,-1.0
2013-12-23,2013,Train,3,1.0,3558.5,3561.5,time,-0.75,-1.75
2013-12-23,2013,Train,3,2.0,3558.5,3561.5,time,-0.75,-2.75
2013-12-23,2013,Train,5,1.0,3558.5,3561.5,time,-1.0,-2.0
2013-12-23,2013,Train,5,2.0,3558.5,3561.5,time,-1.0,-3.0
2013-12-23,2013,Train,10,1.0,3558.5,3561.5,time,-1.75,-2.75
2013-12-23,2013,Train,10,2.0,3558.5,3561.5,time,-1.75,-3.75
2013-12-23,2013,Train,15,1.0,3558.5,3561.5,time,-1.0,-2.0
2013-12-23,2013,Train,15,2.0,3558.5,3561.5,time,-1.0,-3.0
2013-12-26,2013,Train,3,1.0,3577.75,3580.25,time,-0.5,-1.5
2013-12-26,2013,Train,3,2.0,3577.75,3580.25,time,-0.5,-2.5
2013-12-26,2013,Train,5,1.0,3577.75,3580.25,time,-0.5,-1.5
2013-12-26,2013,Train,5,2.0,3577.75,3580.25,time,-0.5,-2.5
2013-12-26,2013,Train,10,1.0,3577.75,3580.25,time,-0.5,-1.5
2013-12-26,2013,Train,10,2.0,3577.75,3580.25,time,-0.5,-2.5
2013-12-26,2013,Train,15,1.0,3577.75,3580.25,time,-0.25,-1.25
2013-12-26,2013,Train,15,2.0,3577.75,3580.25,time,-0.25,-2.25
2013-12-31,2013,Train,3,1.0,3578.5,3580.25,time,-0.75,-1.75
2013-12-31,2013,Train,3,2.0,3578.5,3580.25,time,-0.75,-2.75
2013-12-31,2013,Train,5,1.0,3578.5,3580.25,time,-1.25,-2.25
2013-12-31,2013,Train,5,2.0,3578.5,3580.25,time,-1.25,-3.25
2013-12-31,2013,Train,10,1.0,3578.5,3580.25,stop,-1.75,-2.75
2013-12-31,2013,Train,10,2.0,3578.5,3580.25,stop,-1.75,-3.75
2013-12-31,2013,Train,15,1.0,3578.5,3580.25,stop,-1.75,-2.75
2013-12-31,2013,Train,15,2.0,3578.5,3580.25,stop,-1.75,-3.75
2014-01-15,2014,Train,3,1.0,3602.25,3606.875,time,-1.5,-2.5
2014-01-15,2014,Train,3,2.0,3602.25,3606.875,time,-1.5,-3.5
2014-01-15,2014,Train,5,1.0,3602.25,3606.875,time,0.25,-0.75
2014-01-15,2014,Train,5,2.0,3602.25,3606.875,time,0.25,-1.75
2014-01-15,2014,Train,10,1.0,3602.25,3606.875,time,5.5,4.5
2014-01-15,2014,Train,10,2.0,3602.25,3606.875,time,5.5,3.5
2014-01-15,2014,Train,15,1.0,3602.25,3606.875,time,3.75,2.75
2014-01-15,2014,Train,15,2.0,3602.25,3606.875,time,3.75,1.75
2014-01-17,2014,Train,3,1.0,3599.0,3602.5625,time,-0.25,-1.25
2014-01-17,2014,Train,3,2.0,3599.0,3602.5625,time,-0.25,-2.25
2014-01-17,2014,Train,5,1.0,3599.0,3602.5625,time,0.0,-1.0
2014-01-17,2014,Train,5,2.0,3599.0,3602.5625,time,0.0,-2.0
2014-01-17,2014,Train,10,1.0,3599.0,3602.5625,time,-0.75,-1.75
2014-01-17,2014,Train,10,2.0,3599.0,3602.5625,time,-0.75,-2.75
2014-01-17,2014,Train,15,1.0,3599.0,3602.5625,time,0.0,-1.0
2014-01-17,2014,Train,15,2.0,3599.0,3602.5625,time,0.0,-2.0
2014-01-31,2014,Train,3,1.0,3503.5,3509.0,time,-1.25,-2.25
2014-01-31,2014,Train,3,2.0,3503.5,3509.0,time,-1.25,-3.25
2014-01-31,2014,Train,5,1.0,3503.5,3509.0,time,-3.75,-4.75
2014-01-31,2014,Train,5,2.0,3503.5,3509.0,time,-3.75,-5.75
2014-01-31,2014,Train,10,1.0,3503.5,3509.0,stop,-5.5,-6.5
2014-01-31,2014,Train,10,2.0,3503.5,3509.0,stop,-5.5,-7.5
2014-01-31,2014,Train,15,1.0,3503.5,3509.0,stop,-5.5,-6.5
2014-01-31,2014,Train,15,2.0,3503.5,3509.0,stop,-5.5,-7.5
2014-02-05,2014,Train,3,1.0,3458.75,3470.6875,time,3.25,2.25
2014-02-05,2014,Train,3,2.0,3458.75,3470.6875,time,3.25,1.25
2014-02-05,2014,Train,5,1.0,3458.75,3470.6875,time,2.5,1.5
2014-02-05,2014,Train,5,2.0,3458.75,3470.6875,time,2.5,0.5
2014-02-05,2014,Train,10,1.0,3458.75,3470.6875,time,1.5,0.5
2014-02-05,2014,Train,10,2.0,3458.75,3470.6875,time,1.5,-0.5
2014-02-05,2014,Train,15,1.0,3458.75,3470.6875,time,0.0,-1.0
2014-02-05,2014,Train,15,2.0,3458.75,3470.6875,time,0.0,-2.0
2014-02-06,2014,Train,3,1.0,3490.5,3498.3125,time,-2.25,-3.25
2014-02-06,2014,Train,3,2.0,3490.5,3498.3125,time,-2.25,-4.25
2014-02-06,2014,Train,5,1.0,3490.5,3498.3125,time,-1.0,-2.0
2014-02-06,2014,Train,5,2.0,3490.5,3498.3125,time,-1.0,-3.0
2014-02-06,2014,Train,10,1.0,3490.5,3498.3125,time,-1.5,-2.5
2014-02-06,2014,Train,10,2.0,3490.5,3498.3125,time,-1.5,-3.5
2014-02-06,2014,Train,15,1.0,3490.5,3498.3125,time,-0.75,-1.75
2014-02-06,2014,Train,15,2.0,3490.5,3498.3125,time,-0.75,-2.75
2014-02-10,2014,Train,3,1.0,3572.25,3577.0,time,1.25,0.25
2014-02-10,2014,Train,3,2.0,3572.25,3577.0,time,1.25,-0.75
2014-02-10,2014,Train,5,1.0,3572.25,3577.0,time,0.25,-0.75
2014-02-10,2014,Train,5,2.0,3572.25,3577.0,time,0.25,-1.75
2014-02-10,2014,Train,10,1.0,3572.25,3577.0,time,-0.75,-1.75
2014-02-10,2014,Train,10,2.0,3572.25,3577.0,time,-0.75,-2.75
2014-02-10,2014,Train,15,1.0,3572.25,3577.0,time,-1.75,-2.75
2014-02-10,2014,Train,15,2.0,3572.25,3577.0,time,-1.75,-3.75
2014-02-14,2014,Train,3,1.0,3652.75,3656.4375,time,2.75,1.75
2014-02-14,2014,Train,3,2.0,3652.75,3656.4375,time,2.75,0.75
2014-02-14,2014,Train,5,1.0,3652.75,3656.4375,time,2.75,1.75
2014-02-14,2014,Train,5,2.0,3652.75,3656.4375,time,2.75,0.75
2014-02-14,2014,Train,10,1.0,3652.75,3656.4375,time,0.75,-0.25
2014-02-14,2014,Train,10,2.0,3652.75,3656.4375,time,0.75,-1.25
2014-02-14,2014,Train,15,1.0,3652.75,3656.4375,time,1.75,0.75
2014-02-14,2014,Train,15,2.0,3652.75,3656.4375,time,1.75,-0.25
2014-02-18,2014,Train,3,1.0,3676.75,3681.875,time,-0.25,-1.25
2014-02-18,2014,Train,3,2.0,3676.75,3681.875,time,-0.25,-2.25
2014-02-18,2014,Train,5,1.0,3676.75,3681.875,time,-3.25,-4.25
2014-02-18,2014,Train,5,2.0,3676.75,3681.875,time,-3.25,-5.25
2014-02-18,2014,Train,10,1.0,3676.75,3681.875,time,-1.25,-2.25
2014-02-18,2014,Train,10,2.0,3676.75,3681.875,time,-1.25,-3.25
2014-02-18,2014,Train,15,1.0,3676.75,3681.875,time,-2.75,-3.75
2014-02-18,2014,Train,15,2.0,3676.75,3681.875,time,-2.75,-4.75
2014-02-20,2014,Train,3,1.0,3664.0,3670.3125,time,-0.75,-1.75
2014-02-20,2014,Train,3,2.0,3664.0,3670.3125,time,-0.75,-2.75
2014-02-20,2014,Train,5,1.0,3664.0,3670.3125,time,1.25,0.25
2014-02-20,2014,Train,5,2.0,3664.0,3670.3125,time,1.25,-0.75
2014-02-20,2014,Train,10,1.0,3664.0,3670.3125,time,-0.25,-1.25
2014-02-20,2014,Train,10,2.0,3664.0,3670.3125,time,-0.25,-2.25
2014-02-20,2014,Train,15,1.0,3664.0,3670.3125,time,-2.0,-3.0
2014-02-20,2014,Train,15,2.0,3664.0,3670.3125,time,-2.0,-4.0
2014-02-26,2014,Train,3,1.0,3696.75,3701.4375,time,0.5,-0.5
2014-02-26,2014,Train,3,2.0,3696.75,3701.4375,time,0.5,-1.5
2014-02-26,2014,Train,5,1.0,3696.75,3701.4375,time,-0.25,-1.25
2014-02-26,2014,Train,5,2.0,3696.75,3701.4375,time,-0.25,-2.25
2014-02-26,2014,Train,10,1.0,3696.75,3701.4375,time,-0.75,-1.75
2014-02-26,2014,Train,10,2.0,3696.75,3701.4375,time,-0.75,-2.75
2014-02-26,2014,Train,15,1.0,3696.75,3701.4375,time,-1.0,-2.0
2014-02-26,2014,Train,15,2.0,3696.75,3701.4375,time,-1.0,-3.0
2014-03-11,2014,Train,3,1.0,3712.25,3716.3125,time,-2.5,-3.5
2014-03-11,2014,Train,3,2.0,3712.25,3716.3125,time,-2.5,-4.5
2014-03-11,2014,Train,5,1.0,3712.25,3716.3125,time,-2.5,-3.5
2014-03-11,2014,Train,5,2.0,3712.25,3716.3125,time,-2.5,-4.5
2014-03-11,2014,Train,10,1.0,3712.25,3716.3125,time,-2.25,-3.25
2014-03-11,2014,Train,10,2.0,3712.25,3716.3125,time,-2.25,-4.25
2014-03-11,2014,Train,15,1.0,3712.25,3716.3125,time,-2.75,-3.75
2014-03-11,2014,Train,15,2.0,3712.25,3716.3125,time,-2.75,-4.75
2014-03-12,2014,Train,3,1.0,3682.75,3689.3125,time,-3.25,-4.25
2014-03-12,2014,Train,3,2.0,3682.75,3689.3125,time,-3.25,-5.25
2014-03-12,2014,Train,5,1.0,3682.75,3689.3125,time,-3.75,-4.75
2014-03-12,2014,Train,5,2.0,3682.75,3689.3125,time,-3.75,-5.75
2014-03-12,2014,Train,10,1.0,3682.75,3689.3125,time,0.25,-0.75
2014-03-12,2014,Train,10,2.0,3682.75,3689.3125,time,0.25,-1.75
2014-03-12,2014,Train,15,1.0,3682.75,3689.3125,time,-5.25,-6.25
2014-03-12,2014,Train,15,2.0,3682.75,3689.3125,time,-5.25,-7.25
2014-03-18,2014,Train,3,1.0,3687.25,3694.9375,time,-2.0,-3.0
2014-03-18,2014,Train,3,2.0,3687.25,3694.9375,time,-2.0,-4.0
2014-03-18,2014,Train,5,1.0,3687.25,3694.9375,time,-1.25,-2.25
2014-03-18,2014,Train,5,2.0,3687.25,3694.9375,time,-1.25,-3.25
2014-03-18,2014,Train,10,1.0,3687.25,3694.9375,time,-0.75,-1.75
2014-03-18,2014,Train,10,2.0,3687.25,3694.9375,time,-0.75,-2.75
2014-03-18,2014,Train,15,1.0,3687.25,3694.9375,time,-4.75,-5.75
2014-03-18,2014,Train,15,2.0,3687.25,3694.9375,time,-4.75,-6.75
2014-03-20,2014,Train,3,1.0,3685.5,3693.1875,time,-1.5,-2.5
2014-03-20,2014,Train,3,2.0,3685.5,3693.1875,time,-1.5,-3.5
2014-03-20,2014,Train,5,1.0,3685.5,3693.1875,time,-1.25,-2.25
2014-03-20,2014,Train,5,2.0,3685.5,3693.1875,time,-1.25,-3.25
2014-03-20,2014,Train,10,1.0,3685.5,3693.1875,time,1.25,0.25
2014-03-20,2014,Train,10,2.0,3685.5,3693.1875,time,1.25,-0.75
2014-03-20,2014,Train,15,1.0,3685.5,3693.1875,time,3.25,2.25
2014-03-20,2014,Train,15,2.0,3685.5,3693.1875,time,3.25,1.25
2014-03-28,2014,Train,3,1.0,3595.25,3604.375,time,-0.5,-1.5
2014-03-28,2014,Train,3,2.0,3595.25,3604.375,time,-0.5,-2.5
2014-03-28,2014,Train,5,1.0,3595.25,3604.375,time,1.0,0.0
2014-03-28,2014,Train,5,2.0,3595.25,3604.375,time,1.0,-1.0
2014-03-28,2014,Train,10,1.0,3595.25,3604.375,time,3.0,2.0
2014-03-28,2014,Train,10,2.0,3595.25,3604.375,time,3.0,1.0
2014-03-28,2014,Train,15,1.0,3595.25,3604.375,time,2.75,1.75
2014-03-28,2014,Train,15,2.0,3595.25,3604.375,time,2.75,0.75
2014-04-01,2014,Train,3,1.0,3635.0,3643.8125,time,-1.25,-2.25
2014-04-01,2014,Train,3,2.0,3635.0,3643.8125,time,-1.25,-3.25
2014-04-01,2014,Train,5,1.0,3635.0,3643.8125,time,0.0,-1.0
2014-04-01,2014,Train,5,2.0,3635.0,3643.8125,time,0.0,-2.0
2014-04-01,2014,Train,10,1.0,3635.0,3643.8125,time,-2.0,-3.0
2014-04-01,2014,Train,10,2.0,3635.0,3643.8125,time,-2.0,-4.0
2014-04-01,2014,Train,15,1.0,3635.0,3643.8125,time,0.0,-1.0
2014-04-01,2014,Train,15,2.0,3635.0,3643.8125,time,0.0,-2.0
2014-04-08,2014,Train,3,1.0,3519.75,3527.1875,time,-2.75,-3.75
2014-04-08,2014,Train,3,2.0,3519.75,3527.1875,time,-2.75,-4.75
2014-04-08,2014,Train,5,1.0,3519.75,3527.1875,time,-2.25,-3.25
2014-04-08,2014,Train,5,2.0,3519.75,3527.1875,time,-2.25,-4.25
2014-04-08,2014,Train,10,1.0,3519.75,3527.1875,stop,-7.4375,-8.4375
2014-04-08,2014,Train,10,2.0,3519.75,3527.1875,stop,-7.4375,-9.4375
2014-04-08,2014,Train,15,1.0,3519.75,3527.1875,stop,-7.4375,-8.4375
2014-04-08,2014,Train,15,2.0,3519.75,3527.1875,stop,-7.4375,-9.4375
2014-04-09,2014,Train,3,1.0,3557.25,3562.75,time,1.25,0.25
2014-04-09,2014,Train,3,2.0,3557.25,3562.75,time,1.25,-0.75
2014-04-09,2014,Train,5,1.0,3557.25,3562.75,time,0.25,-0.75
2014-04-09,2014,Train,5,2.0,3557.25,3562.75,time,0.25,-1.75
2014-04-09,2014,Train,10,1.0,3557.25,3562.75,time,-0.5,-1.5
2014-04-09,2014,Train,10,2.0,3557.25,3562.75,time,-0.5,-2.5
2014-04-09,2014,Train,15,1.0,3557.25,3562.75,time,1.0,0.0
2014-04-09,2014,Train,15,2.0,3557.25,3562.75,time,1.0,-1.0
2014-04-11,2014,Train,3,1.0,3481.5,3492.4375,time,0.25,-0.75
2014-04-11,2014,Train,3,2.0,3481.5,3492.4375,time,0.25,-1.75
2014-04-11,2014,Train,5,1.0,3481.5,3492.4375,time,5.25,4.25
2014-04-11,2014,Train,5,2.0,3481.5,3492.4375,time,5.25,3.25
2014-04-11,2014,Train,10,1.0,3481.5,3492.4375,time,-4.0,-5.0
2014-04-11,2014,Train,10,2.0,3481.5,3492.4375,time,-4.0,-6.0
2014-04-11,2014,Train,15,1.0,3481.5,3492.4375,stop,-10.9375,-11.9375
2014-04-11,2014,Train,15,2.0,3481.5,3492.4375,stop,-10.9375,-12.9375
2014-04-14,2014,Train,3,1.0,3471.75,3478.3125,time,-1.75,-2.75
2014-04-14,2014,Train,3,2.0,3471.75,3478.3125,time,-1.75,-3.75
2014-04-14,2014,Train,5,1.0,3471.75,3478.3125,time,-2.5,-3.5
2014-04-14,2014,Train,5,2.0,3471.75,3478.3125,time,-2.5,-4.5
2014-04-14,2014,Train,10,1.0,3471.75,3478.3125,stop,-6.5625,-7.5625
2014-04-14,2014,Train,10,2.0,3471.75,3478.3125,stop,-6.5625,-8.5625
2014-04-14,2014,Train,15,1.0,3471.75,3478.3125,stop,-6.5625,-7.5625
2014-04-14,2014,Train,15,2.0,3471.75,3478.3125,stop,-6.5625,-8.5625
2014-04-17,2014,Train,3,1.0,3531.75,3539.5,time,-0.25,-1.25
2014-04-17,2014,Train,3,2.0,3531.75,3539.5,time,-0.25,-2.25
2014-04-17,2014,Train,5,1.0,3531.75,3539.5,time,-2.25,-3.25
2014-04-17,2014,Train,5,2.0,3531.75,3539.5,time,-2.25,-4.25
2014-04-17,2014,Train,10,1.0,3531.75,3539.5,time,-2.75,-3.75
2014-04-17,2014,Train,10,2.0,3531.75,3539.5,time,-2.75,-4.75
2014-04-17,2014,Train,15,1.0,3531.75,3539.5,time,-4.25,-5.25
2014-04-17,2014,Train,15,2.0,3531.75,3539.5,time,-4.25,-6.25
2014-04-30,2014,Train,3,1.0,3564.75,3571.25,time,-2.5,-3.5
2014-04-30,2014,Train,3,2.0,3564.75,3571.25,time,-2.5,-4.5
2014-04-30,2014,Train,5,1.0,3564.75,3571.25,time,-2.0,-3.0
2014-04-30,2014,Train,5,2.0,3564.75,3571.25,time,-2.0,-4.0
2014-04-30,2014,Train,10,1.0,3564.75,3571.25,time,1.0,0.0
2014-04-30,2014,Train,10,2.0,3564.75,3571.25,time,1.0,-1.0
2014-04-30,2014,Train,15,1.0,3564.75,3571.25,time,6.5,5.5
2014-04-30,2014,Train,15,2.0,3564.75,3571.25,time,6.5,4.5
2014-05-01,2014,Train,3,1.0,3586.75,3591.1875,time,4.5,3.5
2014-05-01,2014,Train,3,2.0,3586.75,3591.1875,time,4.5,2.5
2014-05-01,2014,Train,5,1.0,3586.75,3591.1875,time,3.5,2.5
2014-05-01,2014,Train,5,2.0,3586.75,3591.1875,time,3.5,1.5
2014-05-01,2014,Train,10,1.0,3586.75,3591.1875,time,-1.25,-2.25
2014-05-01,2014,Train,10,2.0,3586.75,3591.1875,time,-1.25,-3.25
2014-05-01,2014,Train,15,1.0,3586.75,3591.1875,time,-2.25,-3.25
2014-05-01,2014,Train,15,2.0,3586.75,3591.1875,time,-2.25,-4.25
2014-05-05,2014,Train,3,1.0,3585.0,3595.0625,time,-1.5,-2.5
2014-05-05,2014,Train,3,2.0,3585.0,3595.0625,time,-1.5,-3.5
2014-05-05,2014,Train,5,1.0,3585.0,3595.0625,time,-2.0,-3.0
2014-05-05,2014,Train,5,2.0,3585.0,3595.0625,time,-2.0,-4.0
2014-05-05,2014,Train,10,1.0,3585.0,3595.0625,time,-2.5,-3.5
2014-05-05,2014,Train,10,2.0,3585.0,3595.0625,time,-2.5,-4.5
2014-05-05,2014,Train,15,1.0,3585.0,3595.0625,time,-3.5,-4.5
2014-05-05,2014,Train,15,2.0,3585.0,3595.0625,time,-3.5,-5.5
2014-05-09,2014,Train,3,1.0,3540.75,3548.6875,time,2.25,1.25
2014-05-09,2014,Train,3,2.0,3540.75,3548.6875,time,2.25,0.25
2014-05-09,2014,Train,5,1.0,3540.75,3548.6875,time,1.0,0.0
2014-05-09,2014,Train,5,2.0,3540.75,3548.6875,time,1.0,-1.0
2014-05-09,2014,Train,10,1.0,3540.75,3548.6875,time,0.5,-0.5
2014-05-09,2014,Train,10,2.0,3540.75,3548.6875,time,0.5,-1.5
2014-05-09,2014,Train,15,1.0,3540.75,3548.6875,time,2.25,1.25
2014-05-09,2014,Train,15,2.0,3540.75,3548.6875,time,2.25,0.25
2014-05-12,2014,Train,3,1.0,3598.5,3606.0625,time,1.25,0.25
2014-05-12,2014,Train,3,2.0,3598.5,3606.0625,time,1.25,-0.75
2014-05-12,2014,Train,5,1.0,3598.5,3606.0625,time,1.75,0.75
2014-05-12,2014,Train,5,2.0,3598.5,3606.0625,time,1.75,-0.25
2014-05-12,2014,Train,10,1.0,3598.5,3606.0625,time,1.25,0.25
2014-05-12,2014,Train,10,2.0,3598.5,3606.0625,time,1.25,-0.75
2014-05-12,2014,Train,15,1.0,3598.5,3606.0625,time,0.5,-0.5
2014-05-12,2014,Train,15,2.0,3598.5,3606.0625,time,0.5,-1.5
2014-05-16,2014,Train,3,1.0,3568.0,3574.25,time,0.25,-0.75
2014-05-16,2014,Train,3,2.0,3568.0,3574.25,time,0.25,-1.75
2014-05-16,2014,Train,5,1.0,3568.0,3574.25,time,-1.25,-2.25
2014-05-16,2014,Train,5,2.0,3568.0,3574.25,time,-1.25,-3.25
2014-05-16,2014,Train,10,1.0,3568.0,3574.25,stop,-6.25,-7.25
2014-05-16,2014,Train,10,2.0,3568.0,3574.25,stop,-6.25,-8.25
2014-05-16,2014,Train,15,1.0,3568.0,3574.25,stop,-6.25,-7.25
2014-05-16,2014,Train,15,2.0,3568.0,3574.25,stop,-6.25,-8.25
2014-05-20,2014,Train,3,1.0,3614.0,3618.25,time,0.0,-1.0
2014-05-20,2014,Train,3,2.0,3614.0,3618.25,time,0.0,-2.0
2014-05-20,2014,Train,5,1.0,3614.0,3618.25,time,1.25,0.25
2014-05-20,2014,Train,5,2.0,3614.0,3618.25,time,1.25,-0.75
2014-05-20,2014,Train,10,1.0,3614.0,3618.25,time,1.0,0.0
2014-05-20,2014,Train,10,2.0,3614.0,3618.25,time,1.0,-1.0
2014-05-20,2014,Train,15,1.0,3614.0,3618.25,time,-0.25,-1.25
2014-05-20,2014,Train,15,2.0,3614.0,3618.25,time,-0.25,-2.25
2014-05-21,2014,Train,3,1.0,3621.25,3626.8125,time,0.75,-0.25
2014-05-21,2014,Train,3,2.0,3621.25,3626.8125,time,0.75,-1.25
2014-05-21,2014,Train,5,1.0,3621.25,3626.8125,time,1.5,0.5
2014-05-21,2014,Train,5,2.0,3621.25,3626.8125,time,1.5,-0.5
2014-05-21,2014,Train,10,1.0,3621.25,3626.8125,time,0.0,-1.0
2014-05-21,2014,Train,10,2.0,3621.25,3626.8125,time,0.0,-2.0
2014-05-21,2014,Train,15,1.0,3621.25,3626.8125,time,-0.5,-1.5
2014-05-21,2014,Train,15,2.0,3621.25,3626.8125,time,-0.5,-2.5
2014-05-22,2014,Train,3,1.0,3646.75,3650.875,time,0.0,-1.0
2014-05-22,2014,Train,3,2.0,3646.75,3650.875,time,0.0,-2.0
2014-05-22,2014,Train,5,1.0,3646.75,3650.875,time,0.0,-1.0
2014-05-22,2014,Train,5,2.0,3646.75,3650.875,time,0.0,-2.0
2014-05-22,2014,Train,10,1.0,3646.75,3650.875,time,-1.75,-2.75
2014-05-22,2014,Train,10,2.0,3646.75,3650.875,time,-1.75,-3.75
2014-05-22,2014,Train,15,1.0,3646.75,3650.875,stop,-4.125,-5.125
2014-05-22,2014,Train,15,2.0,3646.75,3650.875,stop,-4.125,-6.125
2014-05-27,2014,Train,3,1.0,3704.75,3709.125,time,2.5,1.5
2014-05-27,2014,Train,3,2.0,3704.75,3709.125,time,2.5,0.5
2014-05-27,2014,Train,5,1.0,3704.75,3709.125,time,0.75,-0.25
2014-05-27,2014,Train,5,2.0,3704.75,3709.125,time,0.75,-1.25
2014-05-27,2014,Train,10,1.0,3704.75,3709.125,time,2.5,1.5
2014-05-27,2014,Train,10,2.0,3704.75,3709.125,time,2.5,0.5
2014-05-27,2014,Train,15,1.0,3704.75,3709.125,time,1.0,0.0
2014-05-27,2014,Train,15,2.0,3704.75,3709.125,time,1.0,-1.0
2014-05-30,2014,Train,3,1.0,3736.75,3739.625,time,-1.75,-2.75
2014-05-30,2014,Train,3,2.0,3736.75,3739.625,time,-1.75,-3.75
2014-05-30,2014,Train,5,1.0,3736.75,3739.625,time,-2.0,-3.0
2014-05-30,2014,Train,5,2.0,3736.75,3739.625,time,-2.0,-4.0
2014-05-30,2014,Train,10,1.0,3736.75,3739.625,stop,-2.875,-3.875
2014-05-30,2014,Train,10,2.0,3736.75,3739.625,stop,-2.875,-4.875
2014-05-30,2014,Train,15,1.0,3736.75,3739.625,stop,-2.875,-3.875
2014-05-30,2014,Train,15,2.0,3736.75,3739.625,stop,-2.875,-4.875
2014-06-06,2014,Train,3,1.0,3790.75,3793.25,time,-0.25,-1.25
2014-06-06,2014,Train,3,2.0,3790.75,3793.25,time,-0.25,-2.25
2014-06-06,2014,Train,5,1.0,3790.75,3793.25,time,-1.25,-2.25
2014-06-06,2014,Train,5,2.0,3790.75,3793.25,time,-1.25,-3.25
2014-06-06,2014,Train,10,1.0,3790.75,3793.25,time,-1.25,-2.25
2014-06-06,2014,Train,10,2.0,3790.75,3793.25,time,-1.25,-3.25
2014-06-06,2014,Train,15,1.0,3790.75,3793.25,time,0.0,-1.0
2014-06-06,2014,Train,15,2.0,3790.75,3793.25,time,0.0,-2.0
2014-06-09,2014,Train,3,1.0,3796.75,3799.5625,time,3.25,2.25
2014-06-09,2014,Train,3,2.0,3796.75,3799.5625,time,3.25,1.25
2014-06-09,2014,Train,5,1.0,3796.75,3799.5625,time,3.25,2.25
2014-06-09,2014,Train,5,2.0,3796.75,3799.5625,time,3.25,1.25
2014-06-09,2014,Train,10,1.0,3796.75,3799.5625,time,3.75,2.75
2014-06-09,2014,Train,10,2.0,3796.75,3799.5625,time,3.75,1.75
2014-06-09,2014,Train,15,1.0,3796.75,3799.5625,time,1.5,0.5
2014-06-09,2014,Train,15,2.0,3796.75,3799.5625,time,1.5,-0.5
2014-06-24,2014,Train,3,1.0,3821.25,3827.75,time,2.5,1.5
2014-06-24,2014,Train,3,2.0,3821.25,3827.75,time,2.5,0.5
2014-06-24,2014,Train,5,1.0,3821.25,3827.75,time,2.0,1.0
2014-06-24,2014,Train,5,2.0,3821.25,3827.75,time,2.0,0.0
2014-06-24,2014,Train,10,1.0,3821.25,3827.75,time,4.5,3.5
2014-06-24,2014,Train,10,2.0,3821.25,3827.75,time,4.5,2.5
2014-06-24,2014,Train,15,1.0,3821.25,3827.75,time,6.5,5.5
2014-06-24,2014,Train,15,2.0,3821.25,3827.75,time,6.5,4.5
2014-06-25,2014,Train,3,1.0,3799.5,3804.1875,time,-0.25,-1.25
2014-06-25,2014,Train,3,2.0,3799.5,3804.1875,time,-0.25,-2.25
2014-06-25,2014,Train,5,1.0,3799.5,3804.1875,time,-1.75,-2.75
2014-06-25,2014,Train,5,2.0,3799.5,3804.1875,time,-1.75,-3.75
2014-06-25,2014,Train,10,1.0,3799.5,3804.1875,time,-2.0,-3.0
2014-06-25,2014,Train,10,2.0,3799.5,3804.1875,time,-2.0,-4.0
2014-06-25,2014,Train,15,1.0,3799.5,3804.1875,stop,-4.6875,-5.6875
2014-06-25,2014,Train,15,2.0,3799.5,3804.1875,stop,-4.6875,-6.6875
2014-06-27,2014,Train,3,1.0,3824.5,3827.4375,time,-0.25,-1.25
2014-06-27,2014,Train,3,2.0,3824.5,3827.4375,time,-0.25,-2.25
2014-06-27,2014,Train,5,1.0,3824.5,3827.4375,time,0.5,-0.5
2014-06-27,2014,Train,5,2.0,3824.5,3827.4375,time,0.5,-1.5
2014-06-27,2014,Train,10,1.0,3824.5,3827.4375,time,1.5,0.5
2014-06-27,2014,Train,10,2.0,3824.5,3827.4375,time,1.5,-0.5
2014-06-27,2014,Train,15,1.0,3824.5,3827.4375,time,-0.75,-1.75
2014-06-27,2014,Train,15,2.0,3824.5,3827.4375,time,-0.75,-2.75
2014-06-30,2014,Train,3,1.0,3845.0,3848.5625,time,-0.25,-1.25
2014-06-30,2014,Train,3,2.0,3845.0,3848.5625,time,-0.25,-2.25
2014-06-30,2014,Train,5,1.0,3845.0,3848.5625,time,-0.25,-1.25
2014-06-30,2014,Train,5,2.0,3845.0,3848.5625,time,-0.25,-2.25
2014-06-30,2014,Train,10,1.0,3845.0,3848.5625,time,-0.75,-1.75
2014-06-30,2014,Train,10,2.0,3845.0,3848.5625,time,-0.75,-2.75
2014-06-30,2014,Train,15,1.0,3845.0,3848.5625,time,-1.0,-2.0
2014-06-30,2014,Train,15,2.0,3845.0,3848.5625,time,-1.0,-3.0
2014-07-02,2014,Train,3,1.0,3892.75,3895.0,time,-1.0,-2.0
2014-07-02,2014,Train,3,2.0,3892.75,3895.0,time,-1.0,-3.0
2014-07-02,2014,Train,5,1.0,3892.75,3895.0,time,-1.0,-2.0
2014-07-02,2014,Train,5,2.0,3892.75,3895.0,time,-1.0,-3.0
2014-07-02,2014,Train,10,1.0,3892.75,3895.0,stop,-2.25,-3.25
2014-07-02,2014,Train,10,2.0,3892.75,3895.0,stop,-2.25,-4.25
2014-07-02,2014,Train,15,1.0,3892.75,3895.0,stop,-2.25,-3.25
2014-07-02,2014,Train,15,2.0,3892.75,3895.0,stop,-2.25,-4.25
2014-07-09,2014,Train,3,1.0,3878.5,3884.0,time,1.5,0.5
2014-07-09,2014,Train,3,2.0,3878.5,3884.0,time,1.5,-0.5
2014-07-09,2014,Train,5,1.0,3878.5,3884.0,time,-1.0,-2.0
2014-07-09,2014,Train,5,2.0,3878.5,3884.0,time,-1.0,-3.0
2014-07-09,2014,Train,10,1.0,3878.5,3884.0,time,1.0,0.0
2014-07-09,2014,Train,10,2.0,3878.5,3884.0,time,1.0,-1.0
2014-07-09,2014,Train,15,1.0,3878.5,3884.0,time,3.75,2.75
2014-07-09,2014,Train,15,2.0,3878.5,3884.0,time,3.75,1.75
2014-07-23,2014,Train,3,1.0,3972.5,3976.25,time,-1.0,-2.0
2014-07-23,2014,Train,3,2.0,3972.5,3976.25,time,-1.0,-3.0
2014-07-23,2014,Train,5,1.0,3972.5,3976.25,time,-1.5,-2.5
2014-07-23,2014,Train,5,2.0,3972.5,3976.25,time,-1.5,-3.5
2014-07-23,2014,Train,10,1.0,3972.5,3976.25,time,-0.75,-1.75
2014-07-23,2014,Train,10,2.0,3972.5,3976.25,time,-0.75,-2.75
2014-07-23,2014,Train,15,1.0,3972.5,3976.25,time,-0.25,-1.25
2014-07-23,2014,Train,15,2.0,3972.5,3976.25,time,-0.25,-2.25
2014-07-28,2014,Train,3,1.0,3961.75,3970.3125,time,-0.25,-1.25
2014-07-28,2014,Train,3,2.0,3961.75,3970.3125,time,-0.25,-2.25
2014-07-28,2014,Train,5,1.0,3961.75,3970.3125,time,-0.25,-1.25
2014-07-28,2014,Train,5,2.0,3961.75,3970.3125,time,-0.25,-2.25
2014-07-28,2014,Train,10,1.0,3961.75,3970.3125,time,-0.75,-1.75
2014-07-28,2014,Train,10,2.0,3961.75,3970.3125,time,-0.75,-2.75
2014-07-28,2014,Train,15,1.0,3961.75,3970.3125,time,-0.75,-1.75
2014-07-28,2014,Train,15,2.0,3961.75,3970.3125,time,-0.75,-2.75
2014-08-06,2014,Train,3,1.0,3875.75,3884.25,time,-2.25,-3.25
2014-08-06,2014,Train,3,2.0,3875.75,3884.25,time,-2.25,-4.25
2014-08-06,2014,Train,5,1.0,3875.75,3884.25,time,-3.0,-4.0
2014-08-06,2014,Train,5,2.0,3875.75,3884.25,time,-3.0,-5.0
2014-08-06,2014,Train,10,1.0,3875.75,3884.25,time,-2.25,-3.25
2014-08-06,2014,Train,10,2.0,3875.75,3884.25,time,-2.25,-4.25
2014-08-06,2014,Train,15,1.0,3875.75,3884.25,time,2.5,1.5
2014-08-06,2014,Train,15,2.0,3875.75,3884.25,time,2.5,0.5
2014-08-11,2014,Train,3,1.0,3912.75,3917.3125,time,1.75,0.75
2014-08-11,2014,Train,3,2.0,3912.75,3917.3125,time,1.75,-0.25
2014-08-11,2014,Train,5,1.0,3912.75,3917.3125,time,0.5,-0.5
2014-08-11,2014,Train,5,2.0,3912.75,3917.3125,time,0.5,-1.5
2014-08-11,2014,Train,10,1.0,3912.75,3917.3125,time,2.75,1.75
2014-08-11,2014,Train,10,2.0,3912.75,3917.3125,time,2.75,0.75
2014-08-11,2014,Train,15,1.0,3912.75,3917.3125,time,3.75,2.75
2014-08-11,2014,Train,15,2.0,3912.75,3917.3125,time,3.75,1.75
2014-08-14,2014,Train,3,1.0,3953.0,3955.3125,time,-0.5,-1.5
2014-08-14,2014,Train,3,2.0,3953.0,3955.3125,time,-0.5,-2.5
2014-08-14,2014,Train,5,1.0,3953.0,3955.3125,time,-0.5,-1.5
2014-08-14,2014,Train,5,2.0,3953.0,3955.3125,time,-0.5,-2.5
2014-08-14,2014,Train,10,1.0,3953.0,3955.3125,time,0.25,-0.75
2014-08-14,2014,Train,10,2.0,3953.0,3955.3125,time,0.25,-1.75
2014-08-14,2014,Train,15,1.0,3953.0,3955.3125,stop,-2.3125,-3.3125
2014-08-14,2014,Train,15,2.0,3953.0,3955.3125,stop,-2.3125,-4.3125
2014-08-18,2014,Train,3,1.0,4014.0,4017.4375,time,-0.5,-1.5
2014-08-18,2014,Train,3,2.0,4014.0,4017.4375,time,-0.5,-2.5
2014-08-18,2014,Train,5,1.0,4014.0,4017.4375,time,-0.75,-1.75
2014-08-18,2014,Train,5,2.0,4014.0,4017.4375,time,-0.75,-2.75
2014-08-18,2014,Train,10,1.0,4014.0,4017.4375,time,-0.5,-1.5
2014-08-18,2014,Train,10,2.0,4014.0,4017.4375,time,-0.5,-2.5
2014-08-18,2014,Train,15,1.0,4014.0,4017.4375,time,0.0,-1.0
2014-08-18,2014,Train,15,2.0,4014.0,4017.4375,time,0.0,-2.0
2014-08-20,2014,Train,3,1.0,4039.0,4040.6875,stop,-1.6875,-2.6875
2014-08-20,2014,Train,3,2.0,4039.0,4040.6875,stop,-1.6875,-3.6875
2014-08-20,2014,Train,5,1.0,4039.0,4040.6875,stop,-1.6875,-2.6875
2014-08-20,2014,Train,5,2.0,4039.0,4040.6875,stop,-1.6875,-3.6875
2014-08-20,2014,Train,10,1.0,4039.0,4040.6875,stop,-1.6875,-2.6875
2014-08-20,2014,Train,10,2.0,4039.0,4040.6875,stop,-1.6875,-3.6875
2014-08-20,2014,Train,15,1.0,4039.0,4040.6875,stop,-1.6875,-2.6875
2014-08-20,2014,Train,15,2.0,4039.0,4040.6875,stop,-1.6875,-3.6875
2014-08-22,2014,Train,3,1.0,4054.5,4058.5,time,1.75,0.75
2014-08-22,2014,Train,3,2.0,4054.5,4058.5,time,1.75,-0.25
2014-08-22,2014,Train,5,1.0,4054.5,4058.5,time,1.5,0.5
2014-08-22,2014,Train,5,2.0,4054.5,4058.5,time,1.5,-0.5
2014-08-22,2014,Train,10,1.0,4054.5,4058.5,time,3.0,2.0
2014-08-22,2014,Train,10,2.0,4054.5,4058.5,time,3.0,1.0
2014-08-22,2014,Train,15,1.0,4054.5,4058.5,time,5.0,4.0
2014-08-22,2014,Train,15,2.0,4054.5,4058.5,time,5.0,3.0
2014-08-25,2014,Train,3,1.0,4075.25,4076.6875,stop,-1.4375,-2.4375
2014-08-25,2014,Train,3,2.0,4075.25,4076.6875,stop,-1.4375,-3.4375
2014-08-25,2014,Train,5,1.0,4075.25,4076.6875,stop,-1.4375,-2.4375
2014-08-25,2014,Train,5,2.0,4075.25,4076.6875,stop,-1.4375,-3.4375
2014-08-25,2014,Train,10,1.0,4075.25,4076.6875,stop,-1.4375,-2.4375
2014-08-25,2014,Train,10,2.0,4075.25,4076.6875,stop,-1.4375,-3.4375
2014-08-25,2014,Train,15,1.0,4075.25,4076.6875,stop,-1.4375,-2.4375
2014-08-25,2014,Train,15,2.0,4075.25,4076.6875,stop,-1.4375,-3.4375
2014-08-26,2014,Train,3,1.0,4072.25,4075.25,time,0.75,-0.25
2014-08-26,2014,Train,3,2.0,4072.25,4075.25,time,0.75,-1.25
2014-08-26,2014,Train,5,1.0,4072.25,4075.25,time,1.25,0.25
2014-08-26,2014,Train,5,2.0,4072.25,4075.25,time,1.25,-0.75
2014-08-26,2014,Train,10,1.0,4072.25,4075.25,time,0.75,-0.25
2014-08-26,2014,Train,10,2.0,4072.25,4075.25,time,0.75,-1.25
2014-08-26,2014,Train,15,1.0,4072.25,4075.25,time,-0.25,-1.25
2014-08-26,2014,Train,15,2.0,4072.25,4075.25,time,-0.25,-2.25
2014-08-27,2014,Train,3,1.0,4074.75,4077.5625,time,0.25,-0.75
2014-08-27,2014,Train,3,2.0,4074.75,4077.5625,time,0.25,-1.75
2014-08-27,2014,Train,5,1.0,4074.75,4077.5625,time,0.25,-0.75
2014-08-27,2014,Train,5,2.0,4074.75,4077.5625,time,0.25,-1.75
2014-08-27,2014,Train,10,1.0,4074.75,4077.5625,time,1.0,0.0
2014-08-27,2014,Train,10,2.0,4074.75,4077.5625,time,1.0,-1.0
2014-08-27,2014,Train,15,1.0,4074.75,4077.5625,time,2.25,1.25
2014-08-27,2014,Train,15,2.0,4074.75,4077.5625,time,2.25,0.25
2014-08-28,2014,Train,3,1.0,4063.0,4065.5,time,-2.0,-3.0
2014-08-28,2014,Train,3,2.0,4063.0,4065.5,time,-2.0,-4.0
2014-08-28,2014,Train,5,1.0,4063.0,4065.5,time,-1.5,-2.5
2014-08-28,2014,Train,5,2.0,4063.0,4065.5,time,-1.5,-3.5
2014-08-28,2014,Train,10,1.0,4063.0,4065.5,stop,-2.5,-3.5
2014-08-28,2014,Train,10,2.0,4063.0,4065.5,stop,-2.5,-4.5
2014-08-28,2014,Train,15,1.0,4063.0,4065.5,stop,-2.5,-3.5
2014-08-28,2014,Train,15,2.0,4063.0,4065.5,stop,-2.5,-4.5
2014-08-29,2014,Train,3,1.0,4078.75,4083.3125,time,1.75,0.75
2014-08-29,2014,Train,3,2.0,4078.75,4083.3125,time,1.75,-0.25
2014-08-29,2014,Train,5,1.0,4078.75,4083.3125,time,1.25,0.25
2014-08-29,2014,Train,5,2.0,4078.75,4083.3125,time,1.25,-0.75
2014-08-29,2014,Train,10,1.0,4078.75,4083.3125,time,0.75,-0.25
2014-08-29,2014,Train,10,2.0,4078.75,4083.3125,time,0.75,-1.25
2014-08-29,2014,Train,15,1.0,4078.75,4083.3125,time,0.0,-1.0
2014-08-29,2014,Train,15,2.0,4078.75,4083.3125,time,0.0,-2.0
2014-09-05,2014,Train,3,1.0,4074.0,4079.5,time,0.5,-0.5
2014-09-05,2014,Train,3,2.0,4074.0,4079.5,time,0.5,-1.5
2014-09-05,2014,Train,5,1.0,4074.0,4079.5,time,0.0,-1.0
2014-09-05,2014,Train,5,2.0,4074.0,4079.5,time,0.0,-2.0
2014-09-05,2014,Train,10,1.0,4074.0,4079.5,time,-0.25,-1.25
2014-09-05,2014,Train,10,2.0,4074.0,4079.5,time,-0.25,-2.25
2014-09-05,2014,Train,15,1.0,4074.0,4079.5,time,-1.75,-2.75
2014-09-05,2014,Train,15,2.0,4074.0,4079.5,time,-1.75,-3.75
2014-09-10,2014,Train,3,1.0,4072.75,4077.5,time,-1.0,-2.0
2014-09-10,2014,Train,3,2.0,4072.75,4077.5,time,-1.0,-3.0
2014-09-10,2014,Train,5,1.0,4072.75,4077.5,time,-1.75,-2.75
2014-09-10,2014,Train,5,2.0,4072.75,4077.5,time,-1.75,-3.75
2014-09-10,2014,Train,10,1.0,4072.75,4077.5,time,-0.5,-1.5
2014-09-10,2014,Train,10,2.0,4072.75,4077.5,time,-0.5,-2.5
2014-09-10,2014,Train,15,1.0,4072.75,4077.5,time,-0.5,-1.5
2014-09-10,2014,Train,15,2.0,4072.75,4077.5,time,-0.5,-2.5
2014-09-16,2014,Train,3,1.0,4033.75,4041.125,time,-0.25,-1.25
2014-09-16,2014,Train,3,2.0,4033.75,4041.125,time,-0.25,-2.25
2014-09-16,2014,Train,5,1.0,4033.75,4041.125,time,-3.0,-4.0
2014-09-16,2014,Train,5,2.0,4033.75,4041.125,time,-3.0,-5.0
2014-09-16,2014,Train,10,1.0,4033.75,4041.125,stop,-7.375,-8.375
2014-09-16,2014,Train,10,2.0,4033.75,4041.125,stop,-7.375,-9.375
2014-09-16,2014,Train,15,1.0,4033.75,4041.125,stop,-7.375,-8.375
2014-09-16,2014,Train,15,2.0,4033.75,4041.125,stop,-7.375,-9.375
2014-09-18,2014,Train,3,1.0,4088.25,4092.4375,time,2.0,1.0
2014-09-18,2014,Train,3,2.0,4088.25,4092.4375,time,2.0,0.0
2014-09-18,2014,Train,5,1.0,4088.25,4092.4375,time,2.0,1.0
2014-09-18,2014,Train,5,2.0,4088.25,4092.4375,time,2.0,0.0
2014-09-18,2014,Train,10,1.0,4088.25,4092.4375,time,3.25,2.25
2014-09-18,2014,Train,10,2.0,4088.25,4092.4375,time,3.25,1.25
2014-09-18,2014,Train,15,1.0,4088.25,4092.4375,time,1.25,0.25
2014-09-18,2014,Train,15,2.0,4088.25,4092.4375,time,1.25,-0.75
2014-09-29,2014,Train,3,1.0,4036.25,4045.5625,time,0.0,-1.0
2014-09-29,2014,Train,3,2.0,4036.25,4045.5625,time,0.0,-2.0
2014-09-29,2014,Train,5,1.0,4036.25,4045.5625,time,1.0,0.0
2014-09-29,2014,Train,5,2.0,4036.25,4045.5625,time,1.0,-1.0
2014-09-29,2014,Train,10,1.0,4036.25,4045.5625,time,-0.5,-1.5
2014-09-29,2014,Train,10,2.0,4036.25,4045.5625,time,-0.5,-2.5
2014-09-29,2014,Train,15,1.0,4036.25,4045.5625,time,-0.5,-1.5
2014-09-29,2014,Train,15,2.0,4036.25,4045.5625,time,-0.5,-2.5
2014-09-30,2014,Train,3,1.0,4055.0,4062.875,time,-2.0,-3.0
2014-09-30,2014,Train,3,2.0,4055.0,4062.875,time,-2.0,-4.0
2014-09-30,2014,Train,5,1.0,4055.0,4062.875,time,-1.75,-2.75
2014-09-30,2014,Train,5,2.0,4055.0,4062.875,time,-1.75,-3.75
2014-09-30,2014,Train,10,1.0,4055.0,4062.875,time,-1.75,-2.75
2014-09-30,2014,Train,10,2.0,4055.0,4062.875,time,-1.75,-3.75
2014-09-30,2014,Train,15,1.0,4055.0,4062.875,time,-1.25,-2.25
2014-09-30,2014,Train,15,2.0,4055.0,4062.875,time,-1.25,-3.25
2014-10-03,2014,Train,3,1.0,4025.75,4035.625,time,0.25,-0.75
2014-10-03,2014,Train,3,2.0,4025.75,4035.625,time,0.25,-1.75
2014-10-03,2014,Train,5,1.0,4025.75,4035.625,time,-0.75,-1.75
2014-10-03,2014,Train,5,2.0,4025.75,4035.625,time,-0.75,-2.75
2014-10-03,2014,Train,10,1.0,4025.75,4035.625,time,-0.75,-1.75
2014-10-03,2014,Train,10,2.0,4025.75,4035.625,time,-0.75,-2.75
2014-10-03,2014,Train,15,1.0,4025.75,4035.625,time,0.5,-0.5
2014-10-03,2014,Train,15,2.0,4025.75,4035.625,time,0.5,-1.5
2014-10-07,2014,Train,3,1.0,3993.0,3998.0,time,-2.5,-3.5
2014-10-07,2014,Train,3,2.0,3993.0,3998.0,time,-2.5,-4.5
2014-10-07,2014,Train,5,1.0,3993.0,3998.0,time,-0.75,-1.75
2014-10-07,2014,Train,5,2.0,3993.0,3998.0,time,-0.75,-2.75
2014-10-07,2014,Train,10,1.0,3993.0,3998.0,stop,-5.0,-6.0
2014-10-07,2014,Train,10,2.0,3993.0,3998.0,stop,-5.0,-7.0
2014-10-07,2014,Train,15,1.0,3993.0,3998.0,stop,-5.0,-6.0
2014-10-07,2014,Train,15,2.0,3993.0,3998.0,stop,-5.0,-7.0
2014-10-14,2014,Train,3,1.0,3835.0,3846.625,time,1.25,0.25
2014-10-14,2014,Train,3,2.0,3835.0,3846.625,time,1.25,-0.75
2014-10-14,2014,Train,5,1.0,3835.0,3846.625,time,3.25,2.25
2014-10-14,2014,Train,5,2.0,3835.0,3846.625,time,3.25,1.25
2014-10-14,2014,Train,10,1.0,3835.0,3846.625,time,-4.75,-5.75
2014-10-14,2014,Train,10,2.0,3835.0,3846.625,time,-4.75,-6.75
2014-10-14,2014,Train,15,1.0,3835.0,3846.625,stop,-11.625,-12.625
2014-10-14,2014,Train,15,2.0,3835.0,3846.625,stop,-11.625,-13.625
2014-10-16,2014,Train,3,1.0,3742.75,3755.625,time,2.0,1.0
2014-10-16,2014,Train,3,2.0,3742.75,3755.625,time,2.0,0.0
2014-10-16,2014,Train,5,1.0,3742.75,3755.625,time,6.25,5.25
2014-10-16,2014,Train,5,2.0,3742.75,3755.625,time,6.25,4.25
2014-10-16,2014,Train,10,1.0,3742.75,3755.625,time,1.5,0.5
2014-10-16,2014,Train,10,2.0,3742.75,3755.625,time,1.5,-0.5
2014-10-16,2014,Train,15,1.0,3742.75,3755.625,time,8.75,7.75
2014-10-16,2014,Train,15,2.0,3742.75,3755.625,time,8.75,6.75
2014-10-17,2014,Train,3,1.0,3821.5,3832.0,time,-1.5,-2.5
2014-10-17,2014,Train,3,2.0,3821.5,3832.0,time,-1.5,-3.5
2014-10-17,2014,Train,5,1.0,3821.5,3832.0,time,-3.75,-4.75
2014-10-17,2014,Train,5,2.0,3821.5,3832.0,time,-3.75,-5.75
2014-10-17,2014,Train,10,1.0,3821.5,3832.0,time,-2.0,-3.0
2014-10-17,2014,Train,10,2.0,3821.5,3832.0,time,-2.0,-4.0
2014-10-17,2014,Train,15,1.0,3821.5,3832.0,time,5.5,4.5
2014-10-17,2014,Train,15,2.0,3821.5,3832.0,time,5.5,3.5
2014-10-20,2014,Train,3,1.0,3836.25,3846.6875,time,0.25,-0.75
2014-10-20,2014,Train,3,2.0,3836.25,3846.6875,time,0.25,-1.75
2014-10-20,2014,Train,5,1.0,3836.25,3846.6875,time,-2.5,-3.5
2014-10-20,2014,Train,5,2.0,3836.25,3846.6875,time,-2.5,-4.5
2014-10-20,2014,Train,10,1.0,3836.25,3846.6875,time,0.5,-0.5
2014-10-20,2014,Train,10,2.0,3836.25,3846.6875,time,0.5,-1.5
2014-10-20,2014,Train,15,1.0,3836.25,3846.6875,time,3.0,2.0
2014-10-20,2014,Train,15,2.0,3836.25,3846.6875,time,3.0,1.0
2014-10-23,2014,Train,3,1.0,4003.0,4010.4375,time,-3.25,-4.25
2014-10-23,2014,Train,3,2.0,4003.0,4010.4375,time,-3.25,-5.25
2014-10-23,2014,Train,5,1.0,4003.0,4010.4375,time,-2.5,-3.5
2014-10-23,2014,Train,5,2.0,4003.0,4010.4375,time,-2.5,-4.5
2014-10-23,2014,Train,10,1.0,4003.0,4010.4375,time,-4.75,-5.75
2014-10-23,2014,Train,10,2.0,4003.0,4010.4375,time,-4.75,-6.75
2014-10-23,2014,Train,15,1.0,4003.0,4010.4375,time,-3.75,-4.75
2014-10-23,2014,Train,15,2.0,4003.0,4010.4375,time,-3.75,-5.75
2014-10-24,2014,Train,3,1.0,4020.25,4026.8125,time,0.5,-0.5
2014-10-24,2014,Train,3,2.0,4020.25,4026.8125,time,0.5,-1.5
2014-10-24,2014,Train,5,1.0,4020.25,4026.8125,time,-0.75,-1.75
2014-10-24,2014,Train,5,2.0,4020.25,4026.8125,time,-0.75,-2.75
2014-10-24,2014,Train,10,1.0,4020.25,4026.8125,time,-2.5,-3.5
2014-10-24,2014,Train,10,2.0,4020.25,4026.8125,time,-2.5,-4.5
2014-10-24,2014,Train,15,1.0,4020.25,4026.8125,time,0.75,-0.25
2014-10-24,2014,Train,15,2.0,4020.25,4026.8125,time,0.75,-1.25
2014-10-27,2014,Train,3,1.0,4033.75,4040.0625,time,4.25,3.25
2014-10-27,2014,Train,3,2.0,4033.75,4040.0625,time,4.25,2.25
2014-10-27,2014,Train,5,1.0,4033.75,4040.0625,time,0.0,-1.0
2014-10-27,2014,Train,5,2.0,4033.75,4040.0625,time,0.0,-2.0
2014-10-27,2014,Train,10,1.0,4033.75,4040.0625,time,1.0,0.0
2014-10-27,2014,Train,10,2.0,4033.75,4040.0625,time,1.0,-1.0
2014-10-27,2014,Train,15,1.0,4033.75,4040.0625,time,-4.25,-5.25
2014-10-27,2014,Train,15,2.0,4033.75,4040.0625,time,-4.25,-6.25
2014-10-28,2014,Train,3,1.0,4075.0,4080.5625,time,1.5,0.5
2014-10-28,2014,Train,3,2.0,4075.0,4080.5625,time,1.5,-0.5
2014-10-28,2014,Train,5,1.0,4075.0,4080.5625,time,4.75,3.75
2014-10-28,2014,Train,5,2.0,4075.0,4080.5625,time,4.75,2.75
2014-10-28,2014,Train,10,1.0,4075.0,4080.5625,time,2.5,1.5
2014-10-28,2014,Train,10,2.0,4075.0,4080.5625,time,2.5,0.5
2014-10-28,2014,Train,15,1.0,4075.0,4080.5625,time,2.25,1.25
2014-10-28,2014,Train,15,2.0,4075.0,4080.5625,time,2.25,0.25
2014-10-30,2014,Train,3,1.0,4082.25,4088.9375,time,-0.25,-1.25
2014-10-30,2014,Train,3,2.0,4082.25,4088.9375,time,-0.25,-2.25
2014-10-30,2014,Train,5,1.0,4082.25,4088.9375,time,0.0,-1.0
2014-10-30,2014,Train,5,2.0,4082.25,4088.9375,time,0.0,-2.0
2014-10-30,2014,Train,10,1.0,4082.25,4088.9375,time,-0.5,-1.5
2014-10-30,2014,Train,10,2.0,4082.25,4088.9375,time,-0.5,-2.5
2014-10-30,2014,Train,15,1.0,4082.25,4088.9375,time,0.25,-0.75
2014-10-30,2014,Train,15,2.0,4082.25,4088.9375,time,0.25,-1.75
2014-11-10,2014,Train,3,1.0,4162.25,4165.625,time,-1.5,-2.5
2014-11-10,2014,Train,3,2.0,4162.25,4165.625,time,-1.5,-3.5
2014-11-10,2014,Train,5,1.0,4162.25,4165.625,stop,-3.375,-4.375
2014-11-10,2014,Train,5,2.0,4162.25,4165.625,stop,-3.375,-5.375
2014-11-10,2014,Train,10,1.0,4162.25,4165.625,stop,-3.375,-4.375
2014-11-10,2014,Train,10,2.0,4162.25,4165.625,stop,-3.375,-5.375
2014-11-10,2014,Train,15,1.0,4162.25,4165.625,stop,-3.375,-4.375
2014-11-10,2014,Train,15,2.0,4162.25,4165.625,stop,-3.375,-5.375
2014-11-14,2014,Train,3,1.0,4216.75,4221.625,time,0.0,-1.0
2014-11-14,2014,Train,3,2.0,4216.75,4221.625,time,0.0,-2.0
2014-11-14,2014,Train,5,1.0,4216.75,4221.625,time,0.25,-0.75
2014-11-14,2014,Train,5,2.0,4216.75,4221.625,time,0.25,-1.75
2014-11-14,2014,Train,10,1.0,4216.75,4221.625,time,-3.25,-4.25
2014-11-14,2014,Train,10,2.0,4216.75,4221.625,time,-3.25,-5.25
2014-11-14,2014,Train,15,1.0,4216.75,4221.625,time,-1.25,-2.25
2014-11-14,2014,Train,15,2.0,4216.75,4221.625,time,-1.25,-3.25
2014-11-18,2014,Train,3,1.0,4238.0,4244.25,time,0.25,-0.75
2014-11-18,2014,Train,3,2.0,4238.0,4244.25,time,0.25,-1.75
2014-11-18,2014,Train,5,1.0,4238.0,4244.25,time,0.5,-0.5
2014-11-18,2014,Train,5,2.0,4238.0,4244.25,time,0.5,-1.5
2014-11-18,2014,Train,10,1.0,4238.0,4244.25,time,0.75,-0.25
2014-11-18,2014,Train,10,2.0,4238.0,4244.25,time,0.75,-1.25
2014-11-18,2014,Train,15,1.0,4238.0,4244.25,time,-1.5,-2.5
2014-11-18,2014,Train,15,2.0,4238.0,4244.25,time,-1.5,-3.5
2014-11-24,2014,Train,3,1.0,4275.25,4279.5,time,1.75,0.75
2014-11-24,2014,Train,3,2.0,4275.25,4279.5,time,1.75,-0.25
2014-11-24,2014,Train,5,1.0,4275.25,4279.5,time,2.5,1.5
2014-11-24,2014,Train,5,2.0,4275.25,4279.5,time,2.5,0.5
2014-11-24,2014,Train,10,1.0,4275.25,4279.5,time,2.5,1.5
2014-11-24,2014,Train,10,2.0,4275.25,4279.5,time,2.5,0.5
2014-11-24,2014,Train,15,1.0,4275.25,4279.5,time,2.0,1.0
2014-11-24,2014,Train,15,2.0,4275.25,4279.5,time,2.0,0.0
2014-11-28,2014,Train,3,1.0,4342.0,4345.75,time,0.5,-0.5
2014-11-28,2014,Train,3,2.0,4342.0,4345.75,time,0.5,-1.5
2014-11-28,2014,Train,5,1.0,4342.0,4345.75,time,-1.5,-2.5
2014-11-28,2014,Train,5,2.0,4342.0,4345.75,time,-1.5,-3.5
2014-11-28,2014,Train,10,1.0,4342.0,4345.75,time,1.25,0.25
2014-11-28,2014,Train,10,2.0,4342.0,4345.75,time,1.25,-0.75
2014-11-28,2014,Train,15,1.0,4342.0,4345.75,time,-1.0,-2.0
2014-11-28,2014,Train,15,2.0,4342.0,4345.75,time,-1.0,-3.0
2014-12-11,2014,Train,3,1.0,4287.5,4299.9375,time,1.25,0.25
2014-12-11,2014,Train,3,2.0,4287.5,4299.9375,time,1.25,-0.75
2014-12-11,2014,Train,5,1.0,4287.5,4299.9375,time,1.5,0.5
2014-12-11,2014,Train,5,2.0,4287.5,4299.9375,time,1.5,-0.5
2014-12-11,2014,Train,10,1.0,4287.5,4299.9375,time,0.5,-0.5
2014-12-11,2014,Train,10,2.0,4287.5,4299.9375,time,0.5,-1.5
2014-12-11,2014,Train,15,1.0,4287.5,4299.9375,time,0.75,-0.25
2014-12-11,2014,Train,15,2.0,4287.5,4299.9375,time,0.75,-1.25
2014-12-16,2014,Train,3,1.0,4138.5,4148.8125,time,-5.0,-6.0
2014-12-16,2014,Train,3,2.0,4138.5,4148.8125,time,-5.0,-7.0
2014-12-16,2014,Train,5,1.0,4138.5,4148.8125,time,-7.5,-8.5
2014-12-16,2014,Train,5,2.0,4138.5,4148.8125,time,-7.5,-9.5
2014-12-16,2014,Train,10,1.0,4138.5,4148.8125,stop,-10.3125,-11.3125
2014-12-16,2014,Train,10,2.0,4138.5,4148.8125,stop,-10.3125,-12.3125
2014-12-16,2014,Train,15,1.0,4138.5,4148.8125,stop,-10.3125,-11.3125
2014-12-16,2014,Train,15,2.0,4138.5,4148.8125,stop,-10.3125,-12.3125
2014-12-17,2014,Train,3,1.0,4112.25,4119.4375,time,2.25,1.25
2014-12-17,2014,Train,3,2.0,4112.25,4119.4375,time,2.25,0.25
2014-12-17,2014,Train,5,1.0,4112.25,4119.4375,time,1.5,0.5
2014-12-17,2014,Train,5,2.0,4112.25,4119.4375,time,1.5,-0.5
2014-12-17,2014,Train,10,1.0,4112.25,4119.4375,stop,-7.1875,-8.1875
2014-12-17,2014,Train,10,2.0,4112.25,4119.4375,stop,-7.1875,-9.1875
2014-12-17,2014,Train,15,1.0,4112.25,4119.4375,stop,-7.1875,-8.1875
2014-12-17,2014,Train,15,2.0,4112.25,4119.4375,stop,-7.1875,-9.1875
2014-12-18,2014,Train,3,1.0,4233.25,4241.5625,time,-2.5,-3.5
2014-12-18,2014,Train,3,2.0,4233.25,4241.5625,time,-2.5,-4.5
2014-12-18,2014,Train,5,1.0,4233.25,4241.5625,time,-6.75,-7.75
2014-12-18,2014,Train,5,2.0,4233.25,4241.5625,time,-6.75,-8.75
2014-12-18,2014,Train,10,1.0,4233.25,4241.5625,stop,-8.3125,-9.3125
2014-12-18,2014,Train,10,2.0,4233.25,4241.5625,stop,-8.3125,-10.3125
2014-12-18,2014,Train,15,1.0,4233.25,4241.5625,stop,-8.3125,-9.3125
2014-12-18,2014,Train,15,2.0,4233.25,4241.5625,stop,-8.3125,-10.3125
2014-12-24,2014,Train,3,1.0,4295.0,4298.625,time,-0.75,-1.75
2014-12-24,2014,Train,3,2.0,4295.0,4298.625,time,-0.75,-2.75
2014-12-24,2014,Train,5,1.0,4295.0,4298.625,time,-1.5,-2.5
2014-12-24,2014,Train,5,2.0,4295.0,4298.625,time,-1.5,-3.5
2014-12-24,2014,Train,10,1.0,4295.0,4298.625,time,-1.0,-2.0
2014-12-24,2014,Train,10,2.0,4295.0,4298.625,time,-1.0,-3.0
2014-12-24,2014,Train,15,1.0,4295.0,4298.625,time,-2.25,-3.25
2014-12-24,2014,Train,15,2.0,4295.0,4298.625,time,-2.25,-4.25
2014-12-26,2014,Train,3,1.0,4303.75,4306.5625,time,0.0,-1.0
2014-12-26,2014,Train,3,2.0,4303.75,4306.5625,time,0.0,-2.0
2014-12-26,2014,Train,5,1.0,4303.75,4306.5625,time,-0.25,-1.25
2014-12-26,2014,Train,5,2.0,4303.75,4306.5625,time,-0.25,-2.25
2014-12-26,2014,Train,10,1.0,4303.75,4306.5625,time,0.25,-0.75
2014-12-26,2014,Train,10,2.0,4303.75,4306.5625,time,0.25,-1.75
2014-12-26,2014,Train,15,1.0,4303.75,4306.5625,time,-0.25,-1.25
2014-12-26,2014,Train,15,2.0,4303.75,4306.5625,time,-0.25,-2.25
2014-12-29,2014,Train,3,1.0,4316.75,4319.5625,time,1.25,0.25
2014-12-29,2014,Train,3,2.0,4316.75,4319.5625,time,1.25,-0.75
2014-12-29,2014,Train,5,1.0,4316.75,4319.5625,time,1.0,0.0
2014-12-29,2014,Train,5,2.0,4316.75,4319.5625,time,1.0,-1.0
2014-12-29,2014,Train,10,1.0,4316.75,4319.5625,time,0.0,-1.0
2014-12-29,2014,Train,10,2.0,4316.75,4319.5625,time,0.0,-2.0
2014-12-29,2014,Train,15,1.0,4316.75,4319.5625,time,1.0,0.0
2014-12-29,2014,Train,15,2.0,4316.75,4319.5625,time,1.0,-1.0
2015-01-07,2015,Train,3,1.0,4151.5,4160.25,time,-0.5,-1.5
2015-01-07,2015,Train,3,2.0,4151.5,4160.25,time,-0.5,-2.5
2015-01-07,2015,Train,5,1.0,4151.5,4160.25,time,-5.75,-6.75
2015-01-07,2015,Train,5,2.0,4151.5,4160.25,time,-5.75,-7.75
2015-01-07,2015,Train,10,1.0,4151.5,4160.25,time,-2.5,-3.5
2015-01-07,2015,Train,10,2.0,4151.5,4160.25,time,-2.5,-4.5
2015-01-07,2015,Train,15,1.0,4151.5,4160.25,time,-5.0,-6.0
2015-01-07,2015,Train,15,2.0,4151.5,4160.25,time,-5.0,-7.0
2015-01-16,2015,Train,3,1.0,4100.25,4108.6875,time,5.25,4.25
2015-01-16,2015,Train,3,2.0,4100.25,4108.6875,time,5.25,3.25
2015-01-16,2015,Train,5,1.0,4100.25,4108.6875,time,5.25,4.25
2015-01-16,2015,Train,5,2.0,4100.25,4108.6875,time,5.25,3.25
2015-01-16,2015,Train,10,1.0,4100.25,4108.6875,time,3.75,2.75
2015-01-16,2015,Train,10,2.0,4100.25,4108.6875,time,3.75,1.75
2015-01-16,2015,Train,15,1.0,4100.25,4108.6875,time,-1.75,-2.75
2015-01-16,2015,Train,15,2.0,4100.25,4108.6875,time,-1.75,-3.75
2015-01-21,2015,Train,3,1.0,4180.25,4191.25,time,4.75,3.75
2015-01-21,2015,Train,3,2.0,4180.25,4191.25,time,4.75,2.75
2015-01-21,2015,Train,5,1.0,4180.25,4191.25,time,4.75,3.75
2015-01-21,2015,Train,5,2.0,4180.25,4191.25,time,4.75,2.75
2015-01-21,2015,Train,10,1.0,4180.25,4191.25,time,2.0,1.0
2015-01-21,2015,Train,10,2.0,4180.25,4191.25,time,2.0,0.0
2015-01-21,2015,Train,15,1.0,4180.25,4191.25,time,1.0,0.0
2015-01-21,2015,Train,15,2.0,4180.25,4191.25,time,1.0,-1.0
2015-01-23,2015,Train,3,1.0,4269.25,4275.4375,time,0.75,-0.25
2015-01-23,2015,Train,3,2.0,4269.25,4275.4375,time,0.75,-1.25
2015-01-23,2015,Train,5,1.0,4269.25,4275.4375,time,-1.25,-2.25
2015-01-23,2015,Train,5,2.0,4269.25,4275.4375,time,-1.25,-3.25
2015-01-23,2015,Train,10,1.0,4269.25,4275.4375,time,-2.0,-3.0
2015-01-23,2015,Train,10,2.0,4269.25,4275.4375,time,-2.0,-4.0
2015-01-23,2015,Train,15,1.0,4269.25,4275.4375,stop,-6.1875,-7.1875
2015-01-23,2015,Train,15,2.0,4269.25,4275.4375,stop,-6.1875,-8.1875
2015-01-26,2015,Train,3,1.0,4268.25,4273.9375,time,-1.0,-2.0
2015-01-26,2015,Train,3,2.0,4268.25,4273.9375,time,-1.0,-3.0
2015-01-26,2015,Train,5,1.0,4268.25,4273.9375,time,0.5,-0.5
2015-01-26,2015,Train,5,2.0,4268.25,4273.9375,time,0.5,-1.5
2015-01-26,2015,Train,10,1.0,4268.25,4273.9375,time,0.75,-0.25
2015-01-26,2015,Train,10,2.0,4268.25,4273.9375,time,0.75,-1.25
2015-01-26,2015,Train,15,1.0,4268.25,4273.9375,time,-0.25,-1.25
2015-01-26,2015,Train,15,2.0,4268.25,4273.9375,time,-0.25,-2.25
2015-02-06,2015,Train,3,1.0,4258.75,4264.3125,time,-1.0,-2.0
2015-02-06,2015,Train,3,2.0,4258.75,4264.3125,time,-1.0,-3.0
2015-02-06,2015,Train,5,1.0,4258.75,4264.3125,time,0.75,-0.25
2015-02-06,2015,Train,5,2.0,4258.75,4264.3125,time,0.75,-1.25
2015-02-06,2015,Train,10,1.0,4258.75,4264.3125,time,10.0,9.0
2015-02-06,2015,Train,10,2.0,4258.75,4264.3125,time,10.0,8.0
2015-02-06,2015,Train,15,1.0,4258.75,4264.3125,time,6.75,5.75
2015-02-06,2015,Train,15,2.0,4258.75,4264.3125,time,6.75,4.75
2015-02-11,2015,Train,3,1.0,4288.75,4292.625,time,-1.5,-2.5
2015-02-11,2015,Train,3,2.0,4288.75,4292.625,time,-1.5,-3.5
2015-02-11,2015,Train,5,1.0,4288.75,4292.625,time,-1.0,-2.0
2015-02-11,2015,Train,5,2.0,4288.75,4292.625,time,-1.0,-3.0
2015-02-11,2015,Train,10,1.0,4288.75,4292.625,time,-0.5,-1.5
2015-02-11,2015,Train,10,2.0,4288.75,4292.625,time,-0.5,-2.5
2015-02-11,2015,Train,15,1.0,4288.75,4292.625,time,3.0,2.0
2015-02-11,2015,Train,15,2.0,4288.75,4292.625,time,3.0,1.0
2015-02-13,2015,Train,3,1.0,4363.5,4367.5,time,-0.25,-1.25
2015-02-13,2015,Train,3,2.0,4363.5,4367.5,time,-0.25,-2.25
2015-02-13,2015,Train,5,1.0,4363.5,4367.5,time,-0.75,-1.75
2015-02-13,2015,Train,5,2.0,4363.5,4367.5,time,-0.75,-2.75
2015-02-13,2015,Train,10,1.0,4363.5,4367.5,time,0.5,-0.5
2015-02-13,2015,Train,10,2.0,4363.5,4367.5,time,0.5,-1.5
2015-02-13,2015,Train,15,1.0,4363.5,4367.5,time,1.0,0.0
2015-02-13,2015,Train,15,2.0,4363.5,4367.5,time,1.0,-1.0
2015-02-16,2015,Train,3,1.0,4377.5,4378.3125,time,2.5,1.5
2015-02-16,2015,Train,3,2.0,4377.5,4378.3125,time,2.5,0.5
2015-02-16,2015,Train,5,1.0,4377.5,4378.3125,time,2.0,1.0
2015-02-16,2015,Train,5,2.0,4377.5,4378.3125,time,2.0,0.0
2015-02-16,2015,Train,10,1.0,4377.5,4378.3125,time,1.25,0.25
2015-02-16,2015,Train,10,2.0,4377.5,4378.3125,time,1.25,-0.75
2015-02-16,2015,Train,15,1.0,4377.5,4378.3125,time,1.0,0.0
2015-02-16,2015,Train,15,2.0,4377.5,4378.3125,time,1.0,-1.0
2015-02-17,2015,Train,3,1.0,4382.0,4385.3125,time,5.0,4.0
2015-02-17,2015,Train,3,2.0,4382.0,4385.3125,time,5.0,3.0
2015-02-17,2015,Train,5,1.0,4382.0,4385.3125,time,6.75,5.75
2015-02-17,2015,Train,5,2.0,4382.0,4385.3125,time,6.75,4.75
2015-02-17,2015,Train,10,1.0,4382.0,4385.3125,time,6.5,5.5
2015-02-17,2015,Train,10,2.0,4382.0,4385.3125,time,6.5,4.5
2015-02-17,2015,Train,15,1.0,4382.0,4385.3125,time,6.25,5.25
2015-02-17,2015,Train,15,2.0,4382.0,4385.3125,time,6.25,4.25
2015-02-19,2015,Train,3,1.0,4409.0,4414.4375,time,1.75,0.75
2015-02-19,2015,Train,3,2.0,4409.0,4414.4375,time,1.75,-0.25
2015-02-19,2015,Train,5,1.0,4409.0,4414.4375,time,0.25,-0.75
2015-02-19,2015,Train,5,2.0,4409.0,4414.4375,time,0.25,-1.75
2015-02-19,2015,Train,10,1.0,4409.0,4414.4375,time,0.25,-0.75
2015-02-19,2015,Train,10,2.0,4409.0,4414.4375,time,0.25,-1.75
2015-02-19,2015,Train,15,1.0,4409.0,4414.4375,time,1.25,0.25
2015-02-19,2015,Train,15,2.0,4409.0,4414.4375,time,1.25,-0.75
2015-02-20,2015,Train,3,1.0,4414.5,4419.125,time,-1.25,-2.25
2015-02-20,2015,Train,3,2.0,4414.5,4419.125,time,-1.25,-3.25
2015-02-20,2015,Train,5,1.0,4414.5,4419.125,time,-1.75,-2.75
2015-02-20,2015,Train,5,2.0,4414.5,4419.125,time,-1.75,-3.75
2015-02-20,2015,Train,10,1.0,4414.5,4419.125,time,-1.0,-2.0
2015-02-20,2015,Train,10,2.0,4414.5,4419.125,time,-1.0,-3.0
2015-02-20,2015,Train,15,1.0,4414.5,4419.125,time,-2.75,-3.75
2015-02-20,2015,Train,15,2.0,4414.5,4419.125,time,-2.75,-4.75
2015-02-23,2015,Train,3,1.0,4443.25,4446.75,time,0.5,-0.5
2015-02-23,2015,Train,3,2.0,4443.25,4446.75,time,0.5,-1.5
2015-02-23,2015,Train,5,1.0,4443.25,4446.75,time,1.75,0.75
2015-02-23,2015,Train,5,2.0,4443.25,4446.75,time,1.75,-0.25
2015-02-23,2015,Train,10,1.0,4443.25,4446.75,time,3.5,2.5
2015-02-23,2015,Train,10,2.0,4443.25,4446.75,time,3.5,1.5
2015-02-23,2015,Train,15,1.0,4443.25,4446.75,time,2.25,1.25
2015-02-23,2015,Train,15,2.0,4443.25,4446.75,time,2.25,0.25
2015-02-24,2015,Train,3,1.0,4444.0,4448.6875,time,5.5,4.5
2015-02-24,2015,Train,3,2.0,4444.0,4448.6875,time,5.5,3.5
2015-02-24,2015,Train,5,1.0,4444.0,4448.6875,time,6.0,5.0
2015-02-24,2015,Train,5,2.0,4444.0,4448.6875,time,6.0,4.0
2015-02-24,2015,Train,10,1.0,4444.0,4448.6875,time,6.75,5.75
2015-02-24,2015,Train,10,2.0,4444.0,4448.6875,time,6.75,4.75
2015-02-24,2015,Train,15,1.0,4444.0,4448.6875,time,4.5,3.5
2015-02-24,2015,Train,15,2.0,4444.0,4448.6875,time,4.5,2.5
2015-02-26,2015,Train,3,1.0,4448.75,4453.4375,time,-3.0,-4.0
2015-02-26,2015,Train,3,2.0,4448.75,4453.4375,time,-3.0,-5.0
2015-02-26,2015,Train,5,1.0,4448.75,4453.4375,time,-0.25,-1.25
2015-02-26,2015,Train,5,2.0,4448.75,4453.4375,time,-0.25,-2.25
2015-02-26,2015,Train,10,1.0,4448.75,4453.4375,time,-1.5,-2.5
2015-02-26,2015,Train,10,2.0,4448.75,4453.4375,time,-1.5,-3.5
2015-02-26,2015,Train,15,1.0,4448.75,4453.4375,stop,-4.6875,-5.6875
2015-02-26,2015,Train,15,2.0,4448.75,4453.4375,stop,-4.6875,-6.6875
2015-03-02,2015,Train,3,1.0,4474.0,4480.3125,time,-3.0,-4.0
2015-03-02,2015,Train,3,2.0,4474.0,4480.3125,time,-3.0,-5.0
2015-03-02,2015,Train,5,1.0,4474.0,4480.3125,time,-3.0,-4.0
2015-03-02,2015,Train,5,2.0,4474.0,4480.3125,time,-3.0,-5.0
2015-03-02,2015,Train,10,1.0,4474.0,4480.3125,time,-1.75,-2.75
2015-03-02,2015,Train,10,2.0,4474.0,4480.3125,time,-1.75,-3.75
2015-03-02,2015,Train,15,1.0,4474.0,4480.3125,time,-2.25,-3.25
2015-03-02,2015,Train,15,2.0,4474.0,4480.3125,time,-2.25,-4.25
2015-03-04,2015,Train,3,1.0,4447.0,4454.0625,time,2.0,1.0
2015-03-04,2015,Train,3,2.0,4447.0,4454.0625,time,2.0,0.0
2015-03-04,2015,Train,5,1.0,4447.0,4454.0625,time,2.0,1.0
2015-03-04,2015,Train,5,2.0,4447.0,4454.0625,time,2.0,0.0
2015-03-04,2015,Train,10,1.0,4447.0,4454.0625,time,0.0,-1.0
2015-03-04,2015,Train,10,2.0,4447.0,4454.0625,time,0.0,-2.0
2015-03-04,2015,Train,15,1.0,4447.0,4454.0625,time,2.0,1.0
2015-03-04,2015,Train,15,2.0,4447.0,4454.0625,time,2.0,0.0
2015-03-09,2015,Train,3,1.0,4410.0,4415.3125,time,-2.75,-3.75
2015-03-09,2015,Train,3,2.0,4410.0,4415.3125,time,-2.75,-4.75
2015-03-09,2015,Train,5,1.0,4410.0,4415.3125,time,-2.0,-3.0
2015-03-09,2015,Train,5,2.0,4410.0,4415.3125,time,-2.0,-4.0
2015-03-09,2015,Train,10,1.0,4410.0,4415.3125,time,1.75,0.75
2015-03-09,2015,Train,10,2.0,4410.0,4415.3125,time,1.75,-0.25
2015-03-09,2015,Train,15,1.0,4410.0,4415.3125,time,4.0,3.0
2015-03-09,2015,Train,15,2.0,4410.0,4415.3125,time,4.0,2.0
2015-03-12,2015,Train,3,1.0,4328.75,4336.375,time,-1.25,-2.25
2015-03-12,2015,Train,3,2.0,4328.75,4336.375,time,-1.25,-3.25
2015-03-12,2015,Train,5,1.0,4328.75,4336.375,time,0.0,-1.0
2015-03-12,2015,Train,5,2.0,4328.75,4336.375,time,0.0,-2.0
2015-03-12,2015,Train,10,1.0,4328.75,4336.375,time,2.0,1.0
2015-03-12,2015,Train,10,2.0,4328.75,4336.375,time,2.0,0.0
2015-03-12,2015,Train,15,1.0,4328.75,4336.375,time,2.25,1.25
2015-03-12,2015,Train,15,2.0,4328.75,4336.375,time,2.25,0.25
2015-03-16,2015,Train,3,1.0,4350.5,4358.375,time,-0.5,-1.5
2015-03-16,2015,Train,3,2.0,4350.5,4358.375,time,-0.5,-2.5
2015-03-16,2015,Train,5,1.0,4350.5,4358.375,time,-0.75,-1.75
2015-03-16,2015,Train,5,2.0,4350.5,4358.375,time,-0.75,-2.75
2015-03-16,2015,Train,10,1.0,4350.5,4358.375,time,-3.25,-4.25
2015-03-16,2015,Train,10,2.0,4350.5,4358.375,time,-3.25,-5.25
2015-03-16,2015,Train,15,1.0,4350.5,4358.375,time,-1.75,-2.75
2015-03-16,2015,Train,15,2.0,4350.5,4358.375,time,-1.75,-3.75
2015-03-18,2015,Train,3,1.0,4361.0,4364.625,time,-1.25,-2.25
2015-03-18,2015,Train,3,2.0,4361.0,4364.625,time,-1.25,-3.25
2015-03-18,2015,Train,5,1.0,4361.0,4364.625,time,-1.5,-2.5
2015-03-18,2015,Train,5,2.0,4361.0,4364.625,time,-1.5,-3.5
2015-03-18,2015,Train,10,1.0,4361.0,4364.625,time,0.25,-0.75
2015-03-18,2015,Train,10,2.0,4361.0,4364.625,time,0.25,-1.75
2015-03-18,2015,Train,15,1.0,4361.0,4364.625,time,4.5,3.5
2015-03-18,2015,Train,15,2.0,4361.0,4364.625,time,4.5,2.5
2015-03-20,2015,Train,3,1.0,4459.5,4462.3125,time,-0.25,-1.25
2015-03-20,2015,Train,3,2.0,4459.5,4462.3125,time,-0.25,-2.25
2015-03-20,2015,Train,5,1.0,4459.5,4462.3125,time,0.25,-0.75
2015-03-20,2015,Train,5,2.0,4459.5,4462.3125,time,0.25,-1.75
2015-03-20,2015,Train,10,1.0,4459.5,4462.3125,stop,-2.8125,-3.8125
2015-03-20,2015,Train,10,2.0,4459.5,4462.3125,stop,-2.8125,-4.8125
2015-03-20,2015,Train,15,1.0,4459.5,4462.3125,stop,-2.8125,-3.8125
2015-03-20,2015,Train,15,2.0,4459.5,4462.3125,stop,-2.8125,-4.8125
2015-03-24,2015,Train,3,1.0,4453.75,4459.1875,time,-3.5,-4.5
2015-03-24,2015,Train,3,2.0,4453.75,4459.1875,time,-3.5,-5.5
2015-03-24,2015,Train,5,1.0,4453.75,4459.1875,time,-3.25,-4.25
2015-03-24,2015,Train,5,2.0,4453.75,4459.1875,time,-3.25,-5.25
2015-03-24,2015,Train,10,1.0,4453.75,4459.1875,time,-3.5,-4.5
2015-03-24,2015,Train,10,2.0,4453.75,4459.1875,time,-3.5,-5.5
2015-03-24,2015,Train,15,1.0,4453.75,4459.1875,stop,-5.4375,-6.4375
2015-03-24,2015,Train,15,2.0,4453.75,4459.1875,stop,-5.4375,-7.4375
2015-03-26,2015,Train,3,1.0,4306.75,4317.0,time,-2.5,-3.5
2015-03-26,2015,Train,3,2.0,4306.75,4317.0,time,-2.5,-4.5
2015-03-26,2015,Train,5,1.0,4306.75,4317.0,time,-0.25,-1.25
2015-03-26,2015,Train,5,2.0,4306.75,4317.0,time,-0.25,-2.25
2015-03-26,2015,Train,10,1.0,4306.75,4317.0,time,-2.25,-3.25
2015-03-26,2015,Train,10,2.0,4306.75,4317.0,time,-2.25,-4.25
2015-03-26,2015,Train,15,1.0,4306.75,4317.0,time,-0.75,-1.75
2015-03-26,2015,Train,15,2.0,4306.75,4317.0,time,-0.75,-2.75
2015-03-31,2015,Train,3,1.0,4360.25,4365.1875,time,0.5,-0.5
2015-03-31,2015,Train,3,2.0,4360.25,4365.1875,time,0.5,-1.5
2015-03-31,2015,Train,5,1.0,4360.25,4365.1875,time,0.75,-0.25
2015-03-31,2015,Train,5,2.0,4360.25,4365.1875,time,0.75,-1.25
2015-03-31,2015,Train,10,1.0,4360.25,4365.1875,time,3.5,2.5
2015-03-31,2015,Train,10,2.0,4360.25,4365.1875,time,3.5,1.5
2015-03-31,2015,Train,15,1.0,4360.25,4365.1875,time,3.25,2.25
2015-03-31,2015,Train,15,2.0,4360.25,4365.1875,time,3.25,1.25
2015-04-07,2015,Train,3,1.0,4365.75,4372.4375,time,-4.75,-5.75
2015-04-07,2015,Train,3,2.0,4365.75,4372.4375,time,-4.75,-6.75
2015-04-07,2015,Train,5,1.0,4365.75,4372.4375,time,-0.5,-1.5
2015-04-07,2015,Train,5,2.0,4365.75,4372.4375,time,-0.5,-2.5
2015-04-07,2015,Train,10,1.0,4365.75,4372.4375,time,-2.0,-3.0
2015-04-07,2015,Train,10,2.0,4365.75,4372.4375,time,-2.0,-4.0
2015-04-07,2015,Train,15,1.0,4365.75,4372.4375,time,-0.5,-1.5
2015-04-07,2015,Train,15,2.0,4365.75,4372.4375,time,-0.5,-2.5
2015-04-10,2015,Train,3,1.0,4401.75,4406.0625,time,-1.75,-2.75
2015-04-10,2015,Train,3,2.0,4401.75,4406.0625,time,-1.75,-3.75
2015-04-10,2015,Train,5,1.0,4401.75,4406.0625,time,-1.5,-2.5
2015-04-10,2015,Train,5,2.0,4401.75,4406.0625,time,-1.5,-3.5
2015-04-10,2015,Train,10,1.0,4401.75,4406.0625,time,-2.5,-3.5
2015-04-10,2015,Train,10,2.0,4401.75,4406.0625,time,-2.5,-4.5
2015-04-10,2015,Train,15,1.0,4401.75,4406.0625,time,-2.5,-3.5
2015-04-10,2015,Train,15,2.0,4401.75,4406.0625,time,-2.5,-4.5
2015-04-23,2015,Train,3,1.0,4458.25,4464.5,time,-2.0,-3.0
2015-04-23,2015,Train,3,2.0,4458.25,4464.5,time,-2.0,-4.0
2015-04-23,2015,Train,5,1.0,4458.25,4464.5,time,-3.25,-4.25
2015-04-23,2015,Train,5,2.0,4458.25,4464.5,time,-3.25,-5.25
2015-04-23,2015,Train,10,1.0,4458.25,4464.5,stop,-6.25,-7.25
2015-04-23,2015,Train,10,2.0,4458.25,4464.5,stop,-6.25,-8.25
2015-04-23,2015,Train,15,1.0,4458.25,4464.5,stop,-6.25,-7.25
2015-04-23,2015,Train,15,2.0,4458.25,4464.5,stop,-6.25,-8.25
2015-04-24,2015,Train,3,1.0,4523.5,4527.5,time,-0.25,-1.25
2015-04-24,2015,Train,3,2.0,4523.5,4527.5,time,-0.25,-2.25
2015-04-24,2015,Train,5,1.0,4523.5,4527.5,stop,-4.0,-5.0
2015-04-24,2015,Train,5,2.0,4523.5,4527.5,stop,-4.0,-6.0
2015-04-24,2015,Train,10,1.0,4523.5,4527.5,stop,-4.0,-5.0
2015-04-24,2015,Train,10,2.0,4523.5,4527.5,stop,-4.0,-6.0
2015-04-24,2015,Train,15,1.0,4523.5,4527.5,stop,-4.0,-5.0
2015-04-24,2015,Train,15,2.0,4523.5,4527.5,stop,-4.0,-6.0
2015-04-28,2015,Train,3,1.0,4523.25,4536.625,time,-0.25,-1.25
2015-04-28,2015,Train,3,2.0,4523.25,4536.625,time,-0.25,-2.25
2015-04-28,2015,Train,5,1.0,4523.25,4536.625,time,-1.25,-2.25
2015-04-28,2015,Train,5,2.0,4523.25,4536.625,time,-1.25,-3.25
2015-04-28,2015,Train,10,1.0,4523.25,4536.625,time,-1.0,-2.0
2015-04-28,2015,Train,10,2.0,4523.25,4536.625,time,-1.0,-3.0
2015-04-28,2015,Train,15,1.0,4523.25,4536.625,time,-0.25,-1.25
2015-04-28,2015,Train,15,2.0,4523.25,4536.625,time,-0.25,-2.25
2015-05-07,2015,Train,3,1.0,4396.25,4404.0,time,-2.25,-3.25
2015-05-07,2015,Train,3,2.0,4396.25,4404.0,time,-2.25,-4.25
2015-05-07,2015,Train,5,1.0,4396.25,4404.0,time,0.0,-1.0
2015-05-07,2015,Train,5,2.0,4396.25,4404.0,time,0.0,-2.0
2015-05-07,2015,Train,10,1.0,4396.25,4404.0,time,-0.25,-1.25
2015-05-07,2015,Train,10,2.0,4396.25,4404.0,time,-0.25,-2.25
2015-05-07,2015,Train,15,1.0,4396.25,4404.0,time,-2.5,-3.5
2015-05-07,2015,Train,15,2.0,4396.25,4404.0,time,-2.5,-4.5
2015-05-08,2015,Train,3,1.0,4455.25,4460.25,time,-2.25,-3.25
2015-05-08,2015,Train,3,2.0,4455.25,4460.25,time,-2.25,-4.25
2015-05-08,2015,Train,5,1.0,4455.25,4460.25,time,-2.0,-3.0
2015-05-08,2015,Train,5,2.0,4455.25,4460.25,time,-2.0,-4.0
2015-05-08,2015,Train,10,1.0,4455.25,4460.25,time,-2.0,-3.0
2015-05-08,2015,Train,10,2.0,4455.25,4460.25,time,-2.0,-4.0
2015-05-08,2015,Train,15,1.0,4455.25,4460.25,time,-2.25,-3.25
2015-05-08,2015,Train,15,2.0,4455.25,4460.25,time,-2.25,-4.25
2015-05-14,2015,Train,3,1.0,4469.0,4475.25,time,0.5,-0.5
2015-05-14,2015,Train,3,2.0,4469.0,4475.25,time,0.5,-1.5
2015-05-14,2015,Train,5,1.0,4469.0,4475.25,time,0.5,-0.5
2015-05-14,2015,Train,5,2.0,4469.0,4475.25,time,0.5,-1.5
2015-05-14,2015,Train,10,1.0,4469.0,4475.25,time,0.5,-0.5
2015-05-14,2015,Train,10,2.0,4469.0,4475.25,time,0.5,-1.5
2015-05-14,2015,Train,15,1.0,4469.0,4475.25,time,-1.0,-2.0
2015-05-14,2015,Train,15,2.0,4469.0,4475.25,time,-1.0,-3.0
2015-05-22,2015,Train,3,1.0,4538.25,4542.4375,time,1.25,0.25
2015-05-22,2015,Train,3,2.0,4538.25,4542.4375,time,1.25,-0.75
2015-05-22,2015,Train,5,1.0,4538.25,4542.4375,time,1.25,0.25
2015-05-22,2015,Train,5,2.0,4538.25,4542.4375,time,1.25,-0.75
2015-05-22,2015,Train,10,1.0,4538.25,4542.4375,time,0.25,-0.75
2015-05-22,2015,Train,10,2.0,4538.25,4542.4375,time,0.25,-1.75
2015-05-22,2015,Train,15,1.0,4538.25,4542.4375,time,0.5,-0.5
2015-05-22,2015,Train,15,2.0,4538.25,4542.4375,time,0.5,-1.5
2015-06-02,2015,Train,3,1.0,4510.5,4517.25,time,0.0,-1.0
2015-06-02,2015,Train,3,2.0,4510.5,4517.25,time,0.0,-2.0
2015-06-02,2015,Train,5,1.0,4510.5,4517.25,time,4.0,3.0
2015-06-02,2015,Train,5,2.0,4510.5,4517.25,time,4.0,2.0
2015-06-02,2015,Train,10,1.0,4510.5,4517.25,time,2.5,1.5
2015-06-02,2015,Train,10,2.0,4510.5,4517.25,time,2.5,0.5
2015-06-02,2015,Train,15,1.0,4510.5,4517.25,time,-1.0,-2.0
2015-06-02,2015,Train,15,2.0,4510.5,4517.25,time,-1.0,-3.0
2015-06-15,2015,Train,3,1.0,4412.75,4419.625,time,1.5,0.5
2015-06-15,2015,Train,3,2.0,4412.75,4419.625,time,1.5,-0.5
2015-06-15,2015,Train,5,1.0,4412.75,4419.625,time,4.75,3.75
2015-06-15,2015,Train,5,2.0,4412.75,4419.625,time,4.75,2.75
2015-06-15,2015,Train,10,1.0,4412.75,4419.625,time,2.0,1.0
2015-06-15,2015,Train,10,2.0,4412.75,4419.625,time,2.0,0.0
2015-06-15,2015,Train,15,1.0,4412.75,4419.625,time,-1.25,-2.25
2015-06-15,2015,Train,15,2.0,4412.75,4419.625,time,-1.25,-3.25
2015-06-22,2015,Train,3,1.0,4544.75,4548.4375,time,-0.75,-1.75
2015-06-22,2015,Train,3,2.0,4544.75,4548.4375,time,-0.75,-2.75
2015-06-22,2015,Train,5,1.0,4544.75,4548.4375,time,0.75,-0.25
2015-06-22,2015,Train,5,2.0,4544.75,4548.4375,time,0.75,-1.25
2015-06-22,2015,Train,10,1.0,4544.75,4548.4375,time,3.5,2.5
2015-06-22,2015,Train,10,2.0,4544.75,4548.4375,time,3.5,1.5
2015-06-22,2015,Train,15,1.0,4544.75,4548.4375,time,4.5,3.5
2015-06-22,2015,Train,15,2.0,4544.75,4548.4375,time,4.5,2.5
2015-07-06,2015,Train,3,1.0,4415.25,4423.8125,time,-2.25,-3.25
2015-07-06,2015,Train,3,2.0,4415.25,4423.8125,time,-2.25,-4.25
2015-07-06,2015,Train,5,1.0,4415.25,4423.8125,time,-0.25,-1.25
2015-07-06,2015,Train,5,2.0,4415.25,4423.8125,time,-0.25,-2.25
2015-07-06,2015,Train,10,1.0,4415.25,4423.8125,time,2.5,1.5
2015-07-06,2015,Train,10,2.0,4415.25,4423.8125,time,2.5,0.5
2015-07-06,2015,Train,15,1.0,4415.25,4423.8125,time,1.75,0.75
2015-07-06,2015,Train,15,2.0,4415.25,4423.8125,time,1.75,-0.25
2015-07-13,2015,Train,3,1.0,4476.75,4484.125,time,-0.25,-1.25
2015-07-13,2015,Train,3,2.0,4476.75,4484.125,time,-0.25,-2.25
2015-07-13,2015,Train,5,1.0,4476.75,4484.125,time,0.75,-0.25
2015-07-13,2015,Train,5,2.0,4476.75,4484.125,time,0.75,-1.25
2015-07-13,2015,Train,10,1.0,4476.75,4484.125,time,0.5,-0.5
2015-07-13,2015,Train,10,2.0,4476.75,4484.125,time,0.5,-1.5
2015-07-13,2015,Train,15,1.0,4476.75,4484.125,time,-1.5,-2.5
2015-07-13,2015,Train,15,2.0,4476.75,4484.125,time,-1.5,-3.5
2015-07-17,2015,Train,3,1.0,4631.0,4635.25,time,-1.5,-2.5
2015-07-17,2015,Train,3,2.0,4631.0,4635.25,time,-1.5,-3.5
2015-07-17,2015,Train,5,1.0,4631.0,4635.25,time,-1.5,-2.5
2015-07-17,2015,Train,5,2.0,4631.0,4635.25,time,-1.5,-3.5
2015-07-17,2015,Train,10,1.0,4631.0,4635.25,time,-1.75,-2.75
2015-07-17,2015,Train,10,2.0,4631.0,4635.25,time,-1.75,-3.75
2015-07-17,2015,Train,15,1.0,4631.0,4635.25,time,-2.0,-3.0
2015-07-17,2015,Train,15,2.0,4631.0,4635.25,time,-2.0,-4.0
2015-07-27,2015,Train,3,1.0,4533.0,4539.625,time,-1.75,-2.75
2015-07-27,2015,Train,3,2.0,4533.0,4539.625,time,-1.75,-3.75
2015-07-27,2015,Train,5,1.0,4533.0,4539.625,time,-1.0,-2.0
2015-07-27,2015,Train,5,2.0,4533.0,4539.625,time,-1.0,-3.0
2015-07-27,2015,Train,10,1.0,4533.0,4539.625,time,-3.75,-4.75
2015-07-27,2015,Train,10,2.0,4533.0,4539.625,time,-3.75,-5.75
2015-07-27,2015,Train,15,1.0,4533.0,4539.625,stop,-6.625,-7.625
2015-07-27,2015,Train,15,2.0,4533.0,4539.625,stop,-6.625,-8.625
2015-08-05,2015,Train,3,1.0,4621.0,4630.5,time,-0.75,-1.75
2015-08-05,2015,Train,3,2.0,4621.0,4630.5,time,-0.75,-2.75
2015-08-05,2015,Train,5,1.0,4621.0,4630.5,time,-2.75,-3.75
2015-08-05,2015,Train,5,2.0,4621.0,4630.5,time,-2.75,-4.75
2015-08-05,2015,Train,10,1.0,4621.0,4630.5,time,-4.0,-5.0
2015-08-05,2015,Train,10,2.0,4621.0,4630.5,time,-4.0,-6.0
2015-08-05,2015,Train,15,1.0,4621.0,4630.5,time,-6.75,-7.75
2015-08-05,2015,Train,15,2.0,4621.0,4630.5,time,-6.75,-8.75
2015-08-10,2015,Train,3,1.0,4572.5,4579.25,time,1.25,0.25
2015-08-10,2015,Train,3,2.0,4572.5,4579.25,time,1.25,-0.75
2015-08-10,2015,Train,5,1.0,4572.5,4579.25,time,1.75,0.75
2015-08-10,2015,Train,5,2.0,4572.5,4579.25,time,1.75,-0.25
2015-08-10,2015,Train,10,1.0,4572.5,4579.25,time,2.0,1.0
2015-08-10,2015,Train,10,2.0,4572.5,4579.25,time,2.0,0.0
2015-08-10,2015,Train,15,1.0,4572.5,4579.25,time,2.0,1.0
2015-08-10,2015,Train,15,2.0,4572.5,4579.25,time,2.0,0.0
2015-08-13,2015,Train,3,1.0,4544.0,4552.8125,time,-1.0,-2.0
2015-08-13,2015,Train,3,2.0,4544.0,4552.8125,time,-1.0,-3.0
2015-08-13,2015,Train,5,1.0,4544.0,4552.8125,time,-1.25,-2.25
2015-08-13,2015,Train,5,2.0,4544.0,4552.8125,time,-1.25,-3.25
2015-08-13,2015,Train,10,1.0,4544.0,4552.8125,time,-3.5,-4.5
2015-08-13,2015,Train,10,2.0,4544.0,4552.8125,time,-3.5,-5.5
2015-08-13,2015,Train,15,1.0,4544.0,4552.8125,time,-0.75,-1.75
2015-08-13,2015,Train,15,2.0,4544.0,4552.8125,time,-0.75,-2.75
2015-08-24,2015,Train,3,1.0,4104.5,4154.125,time,16.75,15.75
2015-08-24,2015,Train,3,2.0,4104.5,4154.125,time,16.75,14.75
2015-08-24,2015,Train,5,1.0,4104.5,4154.125,time,9.75,8.75
2015-08-24,2015,Train,5,2.0,4104.5,4154.125,time,9.75,7.75
2015-08-24,2015,Train,10,1.0,4104.5,4154.125,time,20.25,19.25
2015-08-24,2015,Train,10,2.0,4104.5,4154.125,time,20.25,18.25
2015-08-24,2015,Train,15,1.0,4104.5,4154.125,time,21.25,20.25
2015-08-24,2015,Train,15,2.0,4104.5,4154.125,time,21.25,19.25
2015-08-25,2015,Train,3,1.0,4183.0,4195.3125,time,-6.5,-7.5
2015-08-25,2015,Train,3,2.0,4183.0,4195.3125,time,-6.5,-8.5
2015-08-25,2015,Train,5,1.0,4183.0,4195.3125,stop,-12.3125,-13.3125
2015-08-25,2015,Train,5,2.0,4183.0,4195.3125,stop,-12.3125,-14.3125
2015-08-25,2015,Train,10,1.0,4183.0,4195.3125,stop,-12.3125,-13.3125
2015-08-25,2015,Train,10,2.0,4183.0,4195.3125,stop,-12.3125,-14.3125
2015-08-25,2015,Train,15,1.0,4183.0,4195.3125,stop,-12.3125,-13.3125
2015-08-25,2015,Train,15,2.0,4183.0,4195.3125,stop,-12.3125,-14.3125
2015-08-27,2015,Train,3,1.0,4295.0,4304.75,time,3.25,2.25
2015-08-27,2015,Train,3,2.0,4295.0,4304.75,time,3.25,1.25
2015-08-27,2015,Train,5,1.0,4295.0,4304.75,time,6.25,5.25
2015-08-27,2015,Train,5,2.0,4295.0,4304.75,time,6.25,4.25
2015-08-27,2015,Train,10,1.0,4295.0,4304.75,time,7.75,6.75
2015-08-27,2015,Train,10,2.0,4295.0,4304.75,time,7.75,5.75
2015-08-27,2015,Train,15,1.0,4295.0,4304.75,time,-3.75,-4.75
2015-08-27,2015,Train,15,2.0,4295.0,4304.75,time,-3.75,-5.75
2015-08-28,2015,Train,3,1.0,4316.25,4324.3125,time,0.0,-1.0
2015-08-28,2015,Train,3,2.0,4316.25,4324.3125,time,0.0,-2.0
2015-08-28,2015,Train,5,1.0,4316.25,4324.3125,time,1.75,0.75
2015-08-28,2015,Train,5,2.0,4316.25,4324.3125,time,1.75,-0.25
2015-08-28,2015,Train,10,1.0,4316.25,4324.3125,time,9.0,8.0
2015-08-28,2015,Train,10,2.0,4316.25,4324.3125,time,9.0,7.0
2015-08-28,2015,Train,15,1.0,4316.25,4324.3125,time,13.0,12.0
2015-08-28,2015,Train,15,2.0,4316.25,4324.3125,time,13.0,11.0
2015-08-31,2015,Train,3,1.0,4312.25,4323.375,time,3.0,2.0
2015-08-31,2015,Train,3,2.0,4312.25,4323.375,time,3.0,1.0
2015-08-31,2015,Train,5,1.0,4312.25,4323.375,time,2.0,1.0
2015-08-31,2015,Train,5,2.0,4312.25,4323.375,time,2.0,0.0
2015-08-31,2015,Train,10,1.0,4312.25,4323.375,time,-4.0,-5.0
2015-08-31,2015,Train,10,2.0,4312.25,4323.375,time,-4.0,-6.0
2015-08-31,2015,Train,15,1.0,4312.25,4323.375,time,2.25,1.25
2015-08-31,2015,Train,15,2.0,4312.25,4323.375,time,2.25,0.25
2015-09-03,2015,Train,3,1.0,4288.25,4296.25,time,6.25,5.25
2015-09-03,2015,Train,3,2.0,4288.25,4296.25,time,6.25,4.25
2015-09-03,2015,Train,5,1.0,4288.25,4296.25,time,7.75,6.75
2015-09-03,2015,Train,5,2.0,4288.25,4296.25,time,7.75,5.75
2015-09-03,2015,Train,10,1.0,4288.25,4296.25,time,6.75,5.75
2015-09-03,2015,Train,10,2.0,4288.25,4296.25,time,6.75,4.75
2015-09-03,2015,Train,15,1.0,4288.25,4296.25,time,11.5,10.5
2015-09-03,2015,Train,15,2.0,4288.25,4296.25,time,11.5,9.5
2015-09-04,2015,Train,3,1.0,4198.5,4206.5625,time,6.0,5.0
2015-09-04,2015,Train,3,2.0,4198.5,4206.5625,time,6.0,4.0
2015-09-04,2015,Train,5,1.0,4198.5,4206.5625,time,9.5,8.5
2015-09-04,2015,Train,5,2.0,4198.5,4206.5625,time,9.5,7.5
2015-09-04,2015,Train,10,1.0,4198.5,4206.5625,time,6.5,5.5
2015-09-04,2015,Train,10,2.0,4198.5,4206.5625,time,6.5,4.5
2015-09-04,2015,Train,15,1.0,4198.5,4206.5625,time,10.0,9.0
2015-09-04,2015,Train,15,2.0,4198.5,4206.5625,time,10.0,8.0
2015-09-16,2015,Train,3,1.0,4357.5,4363.4375,time,0.0,-1.0
2015-09-16,2015,Train,3,2.0,4357.5,4363.4375,time,0.0,-2.0
2015-09-16,2015,Train,5,1.0,4357.5,4363.4375,time,1.5,0.5
2015-09-16,2015,Train,5,2.0,4357.5,4363.4375,time,1.5,-0.5
2015-09-16,2015,Train,10,1.0,4357.5,4363.4375,time,0.5,-0.5
2015-09-16,2015,Train,10,2.0,4357.5,4363.4375,time,0.5,-1.5
2015-09-16,2015,Train,15,1.0,4357.5,4363.4375,time,-1.25,-2.25
2015-09-16,2015,Train,15,2.0,4357.5,4363.4375,time,-1.25,-3.25
2015-09-17,2015,Train,3,1.0,4380.25,4384.3125,time,1.0,0.0
2015-09-17,2015,Train,3,2.0,4380.25,4384.3125,time,1.0,-1.0
2015-09-17,2015,Train,5,1.0,4380.25,4384.3125,time,-2.0,-3.0
2015-09-17,2015,Train,5,2.0,4380.25,4384.3125,time,-2.0,-4.0
2015-09-17,2015,Train,10,1.0,4380.25,4384.3125,time,-2.0,-3.0
2015-09-17,2015,Train,10,2.0,4380.25,4384.3125,time,-2.0,-4.0
2015-09-17,2015,Train,15,1.0,4380.25,4384.3125,stop,-4.0625,-5.0625
2015-09-17,2015,Train,15,2.0,4380.25,4384.3125,stop,-4.0625,-6.0625
2015-09-18,2015,Train,3,1.0,4349.5,4361.375,time,5.5,4.5
2015-09-18,2015,Train,3,2.0,4349.5,4361.375,time,5.5,3.5
2015-09-18,2015,Train,5,1.0,4349.5,4361.375,time,6.0,5.0
2015-09-18,2015,Train,5,2.0,4349.5,4361.375,time,6.0,4.0
2015-09-18,2015,Train,10,1.0,4349.5,4361.375,time,11.75,10.75
2015-09-18,2015,Train,10,2.0,4349.5,4361.375,time,11.75,9.75
2015-09-18,2015,Train,15,1.0,4349.5,4361.375,time,14.75,13.75
2015-09-18,2015,Train,15,2.0,4349.5,4361.375,time,14.75,12.75
2015-09-21,2015,Train,3,1.0,4340.0,4345.5625,time,2.25,1.25
2015-09-21,2015,Train,3,2.0,4340.0,4345.5625,time,2.25,0.25
2015-09-21,2015,Train,5,1.0,4340.0,4345.5625,time,4.75,3.75
2015-09-21,2015,Train,5,2.0,4340.0,4345.5625,time,4.75,2.75
2015-09-21,2015,Train,10,1.0,4340.0,4345.5625,time,1.5,0.5
2015-09-21,2015,Train,10,2.0,4340.0,4345.5625,time,1.5,-0.5
2015-09-21,2015,Train,15,1.0,4340.0,4345.5625,time,6.5,5.5
2015-09-21,2015,Train,15,2.0,4340.0,4345.5625,time,6.5,4.5
2015-09-23,2015,Train,3,1.0,4272.0,4278.6875,time,4.75,3.75
2015-09-23,2015,Train,3,2.0,4272.0,4278.6875,time,4.75,2.75
2015-09-23,2015,Train,5,1.0,4272.0,4278.6875,time,2.75,1.75
2015-09-23,2015,Train,5,2.0,4272.0,4278.6875,time,2.75,0.75
2015-09-23,2015,Train,10,1.0,4272.0,4278.6875,time,8.5,7.5
2015-09-23,2015,Train,10,2.0,4272.0,4278.6875,time,8.5,6.5
2015-09-23,2015,Train,15,1.0,4272.0,4278.6875,time,9.5,8.5
2015-09-23,2015,Train,15,2.0,4272.0,4278.6875,time,9.5,7.5
2015-10-09,2015,Train,3,1.0,4355.75,4362.0,stop,-6.25,-7.25
2015-10-09,2015,Train,3,2.0,4355.75,4362.0,stop,-6.25,-8.25
2015-10-09,2015,Train,5,1.0,4355.75,4362.0,stop,-6.25,-7.25
2015-10-09,2015,Train,5,2.0,4355.75,4362.0,stop,-6.25,-8.25
2015-10-09,2015,Train,10,1.0,4355.75,4362.0,stop,-6.25,-7.25
2015-10-09,2015,Train,10,2.0,4355.75,4362.0,stop,-6.25,-8.25
2015-10-09,2015,Train,15,1.0,4355.75,4362.0,stop,-6.25,-7.25
2015-10-09,2015,Train,15,2.0,4355.75,4362.0,stop,-6.25,-8.25
2015-10-12,2015,Train,3,1.0,4371.75,4377.125,time,-1.75,-2.75
2015-10-12,2015,Train,3,2.0,4371.75,4377.125,time,-1.75,-3.75
2015-10-12,2015,Train,5,1.0,4371.75,4377.125,time,-3.5,-4.5
2015-10-12,2015,Train,5,2.0,4371.75,4377.125,time,-3.5,-5.5
2015-10-12,2015,Train,10,1.0,4371.75,4377.125,stop,-5.375,-6.375
2015-10-12,2015,Train,10,2.0,4371.75,4377.125,stop,-5.375,-7.375
2015-10-12,2015,Train,15,1.0,4371.75,4377.125,stop,-5.375,-6.375
2015-10-12,2015,Train,15,2.0,4371.75,4377.125,stop,-5.375,-7.375
2015-10-13,2015,Train,3,1.0,4378.75,4388.0,time,1.5,0.5
2015-10-13,2015,Train,3,2.0,4378.75,4388.0,time,1.5,-0.5
2015-10-13,2015,Train,5,1.0,4378.75,4388.0,time,1.5,0.5
2015-10-13,2015,Train,5,2.0,4378.75,4388.0,time,1.5,-0.5
2015-10-13,2015,Train,10,1.0,4378.75,4388.0,time,1.0,0.0
2015-10-13,2015,Train,10,2.0,4378.75,4388.0,time,1.0,-1.0
2015-10-13,2015,Train,15,1.0,4378.75,4388.0,time,-0.75,-1.75
2015-10-13,2015,Train,15,2.0,4378.75,4388.0,time,-0.75,-2.75
2015-10-15,2015,Train,3,1.0,4374.75,4381.625,time,1.5,0.5
2015-10-15,2015,Train,3,2.0,4374.75,4381.625,time,1.5,-0.5
2015-10-15,2015,Train,5,1.0,4374.75,4381.625,time,1.25,0.25
2015-10-15,2015,Train,5,2.0,4374.75,4381.625,time,1.25,-0.75
2015-10-15,2015,Train,10,1.0,4374.75,4381.625,time,-1.5,-2.5
2015-10-15,2015,Train,10,2.0,4374.75,4381.625,time,-1.5,-3.5
2015-10-15,2015,Train,15,1.0,4374.75,4381.625,time,0.5,-0.5
2015-10-15,2015,Train,15,2.0,4374.75,4381.625,time,0.5,-1.5
2015-10-16,2015,Train,3,1.0,4419.0,4423.125,time,0.5,-0.5
2015-10-16,2015,Train,3,2.0,4419.0,4423.125,time,0.5,-1.5
2015-10-16,2015,Train,5,1.0,4419.0,4423.125,time,2.75,1.75
2015-10-16,2015,Train,5,2.0,4419.0,4423.125,time,2.75,0.75
2015-10-16,2015,Train,10,1.0,4419.0,4423.125,time,-0.75,-1.75
2015-10-16,2015,Train,10,2.0,4419.0,4423.125,time,-0.75,-2.75
2015-10-16,2015,Train,15,1.0,4419.0,4423.125,time,2.75,1.75
2015-10-16,2015,Train,15,2.0,4419.0,4423.125,time,2.75,0.75
2015-10-19,2015,Train,3,1.0,4441.25,4448.8125,time,-3.75,-4.75
2015-10-19,2015,Train,3,2.0,4441.25,4448.8125,time,-3.75,-5.75
2015-10-19,2015,Train,5,1.0,4441.25,4448.8125,time,-4.25,-5.25
2015-10-19,2015,Train,5,2.0,4441.25,4448.8125,time,-4.25,-6.25
2015-10-19,2015,Train,10,1.0,4441.25,4448.8125,time,-5.5,-6.5
2015-10-19,2015,Train,10,2.0,4441.25,4448.8125,time,-5.5,-7.5
2015-10-19,2015,Train,15,1.0,4441.25,4448.8125,time,-1.25,-2.25
2015-10-19,2015,Train,15,2.0,4441.25,4448.8125,time,-1.25,-3.25
2015-10-22,2015,Train,3,1.0,4469.75,4479.75,time,-1.5,-2.5
2015-10-22,2015,Train,3,2.0,4469.75,4479.75,time,-1.5,-3.5
2015-10-22,2015,Train,5,1.0,4469.75,4479.75,time,-2.5,-3.5
2015-10-22,2015,Train,5,2.0,4469.75,4479.75,time,-2.5,-4.5
2015-10-22,2015,Train,10,1.0,4469.75,4479.75,stop,-10.0,-11.0
2015-10-22,2015,Train,10,2.0,4469.75,4479.75,stop,-10.0,-12.0
2015-10-22,2015,Train,15,1.0,4469.75,4479.75,stop,-10.0,-11.0
2015-10-22,2015,Train,15,2.0,4469.75,4479.75,stop,-10.0,-12.0
2015-10-23,2015,Train,3,1.0,4620.75,4628.4375,time,-4.5,-5.5
2015-10-23,2015,Train,3,2.0,4620.75,4628.4375,time,-4.5,-6.5
2015-10-23,2015,Train,5,1.0,4620.75,4628.4375,time,-5.25,-6.25
2015-10-23,2015,Train,5,2.0,4620.75,4628.4375,time,-5.25,-7.25
2015-10-23,2015,Train,10,1.0,4620.75,4628.4375,stop,-7.6875,-8.6875
2015-10-23,2015,Train,10,2.0,4620.75,4628.4375,stop,-7.6875,-9.6875
2015-10-23,2015,Train,15,1.0,4620.75,4628.4375,stop,-7.6875,-8.6875
2015-10-23,2015,Train,15,2.0,4620.75,4628.4375,stop,-7.6875,-9.6875
2015-10-26,2015,Train,3,1.0,4615.0,4619.5625,stop,-4.5625,-5.5625
2015-10-26,2015,Train,3,2.0,4615.0,4619.5625,stop,-4.5625,-6.5625
2015-10-26,2015,Train,5,1.0,4615.0,4619.5625,stop,-4.5625,-5.5625
2015-10-26,2015,Train,5,2.0,4615.0,4619.5625,stop,-4.5625,-6.5625
2015-10-26,2015,Train,10,1.0,4615.0,4619.5625,stop,-4.5625,-5.5625
2015-10-26,2015,Train,10,2.0,4615.0,4619.5625,stop,-4.5625,-6.5625
2015-10-26,2015,Train,15,1.0,4615.0,4619.5625,stop,-4.5625,-5.5625
2015-10-26,2015,Train,15,2.0,4615.0,4619.5625,stop,-4.5625,-6.5625
2015-10-27,2015,Train,3,1.0,4627.25,4632.5625,time,-3.25,-4.25
2015-10-27,2015,Train,3,2.0,4627.25,4632.5625,time,-3.25,-5.25
2015-10-27,2015,Train,5,1.0,4627.25,4632.5625,time,-2.5,-3.5
2015-10-27,2015,Train,5,2.0,4627.25,4632.5625,time,-2.5,-4.5
2015-10-27,2015,Train,10,1.0,4627.25,4632.5625,stop,-5.3125,-6.3125
2015-10-27,2015,Train,10,2.0,4627.25,4632.5625,stop,-5.3125,-7.3125
2015-10-27,2015,Train,15,1.0,4627.25,4632.5625,stop,-5.3125,-6.3125
2015-10-27,2015,Train,15,2.0,4627.25,4632.5625,stop,-5.3125,-7.3125
2015-10-28,2015,Train,3,1.0,4641.75,4648.0,time,-1.5,-2.5
2015-10-28,2015,Train,3,2.0,4641.75,4648.0,time,-1.5,-3.5
2015-10-28,2015,Train,5,1.0,4641.75,4648.0,time,-1.5,-2.5
2015-10-28,2015,Train,5,2.0,4641.75,4648.0,time,-1.5,-3.5
2015-10-28,2015,Train,10,1.0,4641.75,4648.0,time,-1.0,-2.0
2015-10-28,2015,Train,10,2.0,4641.75,4648.0,time,-1.0,-3.0
2015-10-28,2015,Train,15,1.0,4641.75,4648.0,time,-2.0,-3.0
2015-10-28,2015,Train,15,2.0,4641.75,4648.0,time,-2.0,-4.0
2015-10-29,2015,Train,3,1.0,4659.0,4662.9375,time,1.25,0.25
2015-10-29,2015,Train,3,2.0,4659.0,4662.9375,time,1.25,-0.75
2015-10-29,2015,Train,5,1.0,4659.0,4662.9375,time,0.25,-0.75
2015-10-29,2015,Train,5,2.0,4659.0,4662.9375,time,0.25,-1.75
2015-10-29,2015,Train,10,1.0,4659.0,4662.9375,time,-1.0,-2.0
2015-10-29,2015,Train,10,2.0,4659.0,4662.9375,time,-1.0,-3.0
2015-10-29,2015,Train,15,1.0,4659.0,4662.9375,time,1.75,0.75
2015-10-29,2015,Train,15,2.0,4659.0,4662.9375,time,1.75,-0.25
2015-11-11,2015,Train,3,1.0,4651.0,4657.0625,time,0.0,-1.0
2015-11-11,2015,Train,3,2.0,4651.0,4657.0625,time,0.0,-2.0
2015-11-11,2015,Train,5,1.0,4651.0,4657.0625,time,0.75,-0.25
2015-11-11,2015,Train,5,2.0,4651.0,4657.0625,time,0.75,-1.25
2015-11-11,2015,Train,10,1.0,4651.0,4657.0625,time,1.5,0.5
2015-11-11,2015,Train,10,2.0,4651.0,4657.0625,time,1.5,-0.5
2015-11-11,2015,Train,15,1.0,4651.0,4657.0625,time,-2.75,-3.75
2015-11-11,2015,Train,15,2.0,4651.0,4657.0625,time,-2.75,-4.75
2015-11-19,2015,Train,3,1.0,4665.25,4670.3125,time,2.5,1.5
2015-11-19,2015,Train,3,2.0,4665.25,4670.3125,time,2.5,0.5
2015-11-19,2015,Train,5,1.0,4665.25,4670.3125,time,3.25,2.25
2015-11-19,2015,Train,5,2.0,4665.25,4670.3125,time,3.25,1.25
2015-11-19,2015,Train,10,1.0,4665.25,4670.3125,time,3.25,2.25
2015-11-19,2015,Train,10,2.0,4665.25,4670.3125,time,3.25,1.25
2015-11-19,2015,Train,15,1.0,4665.25,4670.3125,time,8.25,7.25
2015-11-19,2015,Train,15,2.0,4665.25,4670.3125,time,8.25,6.25
2015-11-25,2015,Train,3,1.0,4680.0,4684.3125,time,-1.0,-2.0
2015-11-25,2015,Train,3,2.0,4680.0,4684.3125,time,-1.0,-3.0
2015-11-25,2015,Train,5,1.0,4680.0,4684.3125,time,-1.5,-2.5
2015-11-25,2015,Train,5,2.0,4680.0,4684.3125,time,-1.5,-3.5
2015-11-25,2015,Train,10,1.0,4680.0,4684.3125,time,-1.25,-2.25
2015-11-25,2015,Train,10,2.0,4680.0,4684.3125,time,-1.25,-3.25
2015-11-25,2015,Train,15,1.0,4680.0,4684.3125,time,-1.5,-2.5
2015-11-25,2015,Train,15,2.0,4680.0,4684.3125,time,-1.5,-3.5
2015-11-27,2015,Train,3,1.0,4684.5,4689.6875,time,0.75,-0.25
2015-11-27,2015,Train,3,2.0,4684.5,4689.6875,time,0.75,-1.25
2015-11-27,2015,Train,5,1.0,4684.5,4689.6875,time,-0.25,-1.25
2015-11-27,2015,Train,5,2.0,4684.5,4689.6875,time,-0.25,-2.25
2015-11-27,2015,Train,10,1.0,4684.5,4689.6875,time,1.25,0.25
2015-11-27,2015,Train,10,2.0,4684.5,4689.6875,time,1.25,-0.75
2015-11-27,2015,Train,15,1.0,4684.5,4689.6875,time,1.0,0.0
2015-11-27,2015,Train,15,2.0,4684.5,4689.6875,time,1.0,-1.0
2015-12-10,2015,Train,3,1.0,4645.5,4652.6875,time,-1.75,-2.75
2015-12-10,2015,Train,3,2.0,4645.5,4652.6875,time,-1.75,-3.75
2015-12-10,2015,Train,5,1.0,4645.5,4652.6875,time,-0.75,-1.75
2015-12-10,2015,Train,5,2.0,4645.5,4652.6875,time,-0.75,-2.75
2015-12-10,2015,Train,10,1.0,4645.5,4652.6875,time,-4.25,-5.25
2015-12-10,2015,Train,10,2.0,4645.5,4652.6875,time,-4.25,-6.25
2015-12-10,2015,Train,15,1.0,4645.5,4652.6875,stop,-7.1875,-8.1875
2015-12-10,2015,Train,15,2.0,4645.5,4652.6875,stop,-7.1875,-9.1875
2015-12-22,2015,Train,3,1.0,4575.0,4580.9375,time,-1.25,-2.25
2015-12-22,2015,Train,3,2.0,4575.0,4580.9375,time,-1.25,-3.25
2015-12-22,2015,Train,5,1.0,4575.0,4580.9375,time,0.5,-0.5
2015-12-22,2015,Train,5,2.0,4575.0,4580.9375,time,0.5,-1.5
2015-12-22,2015,Train,10,1.0,4575.0,4580.9375,time,-0.75,-1.75
2015-12-22,2015,Train,10,2.0,4575.0,4580.9375,time,-0.75,-2.75
2015-12-22,2015,Train,15,1.0,4575.0,4580.9375,time,-4.25,-5.25
2015-12-22,2015,Train,15,2.0,4575.0,4580.9375,time,-4.25,-6.25
2015-12-24,2015,Train,3,1.0,4627.25,4630.4375,time,-0.75,-1.75
2015-12-24,2015,Train,3,2.0,4627.25,4630.4375,time,-0.75,-2.75
2015-12-24,2015,Train,5,1.0,4627.25,4630.4375,time,-1.0,-2.0
2015-12-24,2015,Train,5,2.0,4627.25,4630.4375,time,-1.0,-3.0
2015-12-24,2015,Train,10,1.0,4627.25,4630.4375,time,-1.5,-2.5
2015-12-24,2015,Train,10,2.0,4627.25,4630.4375,time,-1.5,-3.5
2015-12-24,2015,Train,15,1.0,4627.25,4630.4375,time,-1.5,-2.5
2015-12-24,2015,Train,15,2.0,4627.25,4630.4375,time,-1.5,-3.5
2016-01-06,2016,Train,3,1.0,4444.75,4457.4375,time,4.75,3.75
2016-01-06,2016,Train,3,2.0,4444.75,4457.4375,time,4.75,2.75
2016-01-06,2016,Train,5,1.0,4444.75,4457.4375,time,2.0,1.0
2016-01-06,2016,Train,5,2.0,4444.75,4457.4375,time,2.0,0.0
2016-01-06,2016,Train,10,1.0,4444.75,4457.4375,time,-3.5,-4.5
2016-01-06,2016,Train,10,2.0,4444.75,4457.4375,time,-3.5,-5.5
2016-01-06,2016,Train,15,1.0,4444.75,4457.4375,stop,-12.6875,-13.6875
2016-01-06,2016,Train,15,2.0,4444.75,4457.4375,stop,-12.6875,-14.6875
2016-01-07,2016,Train,3,1.0,4365.75,4374.75,time,-1.25,-2.25
2016-01-07,2016,Train,3,2.0,4365.75,4374.75,time,-1.25,-3.25
2016-01-07,2016,Train,5,1.0,4365.75,4374.75,time,0.25,-0.75
2016-01-07,2016,Train,5,2.0,4365.75,4374.75,time,0.25,-1.75
2016-01-07,2016,Train,10,1.0,4365.75,4374.75,time,1.25,0.25
2016-01-07,2016,Train,10,2.0,4365.75,4374.75,time,1.25,-0.75
2016-01-07,2016,Train,15,1.0,4365.75,4374.75,time,-0.5,-1.5
2016-01-07,2016,Train,15,2.0,4365.75,4374.75,time,-0.5,-2.5
2016-01-14,2016,Train,3,1.0,4203.25,4223.1875,time,-1.75,-2.75
2016-01-14,2016,Train,3,2.0,4203.25,4223.1875,time,-1.75,-3.75
2016-01-14,2016,Train,5,1.0,4203.25,4223.1875,time,-7.5,-8.5
2016-01-14,2016,Train,5,2.0,4203.25,4223.1875,time,-7.5,-9.5
2016-01-14,2016,Train,10,1.0,4203.25,4223.1875,time,2.0,1.0
2016-01-14,2016,Train,10,2.0,4203.25,4223.1875,time,2.0,0.0
2016-01-14,2016,Train,15,1.0,4203.25,4223.1875,time,-2.5,-3.5
2016-01-14,2016,Train,15,2.0,4203.25,4223.1875,time,-2.5,-4.5
2016-01-21,2016,Train,3,1.0,4148.75,4167.625,time,-14.75,-15.75
2016-01-21,2016,Train,3,2.0,4148.75,4167.625,time,-14.75,-16.75
2016-01-21,2016,Train,5,1.0,4148.75,4167.625,stop,-18.875,-19.875
2016-01-21,2016,Train,5,2.0,4148.75,4167.625,stop,-18.875,-20.875
2016-01-21,2016,Train,10,1.0,4148.75,4167.625,stop,-18.875,-19.875
2016-01-21,2016,Train,10,2.0,4148.75,4167.625,stop,-18.875,-20.875
2016-01-21,2016,Train,15,1.0,4148.75,4167.625,stop,-18.875,-19.875
2016-01-21,2016,Train,15,2.0,4148.75,4167.625,stop,-18.875,-20.875
2016-01-22,2016,Train,3,1.0,4239.5,4249.8125,time,-5.0,-6.0
2016-01-22,2016,Train,3,2.0,4239.5,4249.8125,time,-5.0,-7.0
2016-01-22,2016,Train,5,1.0,4239.5,4249.8125,time,-6.5,-7.5
2016-01-22,2016,Train,5,2.0,4239.5,4249.8125,time,-6.5,-8.5
2016-01-22,2016,Train,10,1.0,4239.5,4249.8125,stop,-10.3125,-11.3125
2016-01-22,2016,Train,10,2.0,4239.5,4249.8125,stop,-10.3125,-12.3125
2016-01-22,2016,Train,15,1.0,4239.5,4249.8125,stop,-10.3125,-11.3125
2016-01-22,2016,Train,15,2.0,4239.5,4249.8125,stop,-10.3125,-12.3125
2016-01-26,2016,Train,3,1.0,4210.0,4220.875,time,1.25,0.25
2016-01-26,2016,Train,3,2.0,4210.0,4220.875,time,1.25,-0.75
2016-01-26,2016,Train,5,1.0,4210.0,4220.875,time,1.75,0.75
2016-01-26,2016,Train,5,2.0,4210.0,4220.875,time,1.75,-0.25
2016-01-26,2016,Train,10,1.0,4210.0,4220.875,time,3.5,2.5
2016-01-26,2016,Train,10,2.0,4210.0,4220.875,time,3.5,1.5
2016-01-26,2016,Train,15,1.0,4210.0,4220.875,stop,-10.875,-11.875
2016-01-26,2016,Train,15,2.0,4210.0,4220.875,stop,-10.875,-12.875
2016-01-27,2016,Train,3,1.0,4207.5,4222.125,time,1.75,0.75
2016-01-27,2016,Train,3,2.0,4207.5,4222.125,time,1.75,-0.25
2016-01-27,2016,Train,5,1.0,4207.5,4222.125,time,1.0,0.0
2016-01-27,2016,Train,5,2.0,4207.5,4222.125,time,1.0,-1.0
2016-01-27,2016,Train,10,1.0,4207.5,4222.125,time,7.0,6.0
2016-01-27,2016,Train,10,2.0,4207.5,4222.125,time,7.0,5.0
2016-01-27,2016,Train,15,1.0,4207.5,4222.125,time,5.25,4.25
2016-01-27,2016,Train,15,2.0,4207.5,4222.125,time,5.25,3.25
2016-02-01,2016,Train,3,1.0,4255.5,4262.6875,time,-4.25,-5.25
2016-02-01,2016,Train,3,2.0,4255.5,4262.6875,time,-4.25,-6.25
2016-02-01,2016,Train,5,1.0,4255.5,4262.6875,time,-7.0,-8.0
2016-02-01,2016,Train,5,2.0,4255.5,4262.6875,time,-7.0,-9.0
2016-02-01,2016,Train,10,1.0,4255.5,4262.6875,stop,-7.1875,-8.1875
2016-02-01,2016,Train,10,2.0,4255.5,4262.6875,stop,-7.1875,-9.1875
2016-02-01,2016,Train,15,1.0,4255.5,4262.6875,stop,-7.1875,-8.1875
2016-02-01,2016,Train,15,2.0,4255.5,4262.6875,stop,-7.1875,-9.1875
2016-02-04,2016,Train,3,1.0,4181.5,4199.3125,time,4.5,3.5
2016-02-04,2016,Train,3,2.0,4181.5,4199.3125,time,4.5,2.5
2016-02-04,2016,Train,5,1.0,4181.5,4199.3125,time,-4.5,-5.5
2016-02-04,2016,Train,5,2.0,4181.5,4199.3125,time,-4.5,-6.5
2016-02-04,2016,Train,10,1.0,4181.5,4199.3125,time,-4.5,-5.5
2016-02-04,2016,Train,10,2.0,4181.5,4199.3125,time,-4.5,-6.5
2016-02-04,2016,Train,15,1.0,4181.5,4199.3125,time,-7.75,-8.75
2016-02-04,2016,Train,15,2.0,4181.5,4199.3125,time,-7.75,-9.75
2016-02-10,2016,Train,3,1.0,4014.25,4028.0,time,0.75,-0.25
2016-02-10,2016,Train,3,2.0,4014.25,4028.0,time,0.75,-1.25
2016-02-10,2016,Train,5,1.0,4014.25,4028.0,time,-1.75,-2.75
2016-02-10,2016,Train,5,2.0,4014.25,4028.0,time,-1.75,-3.75
2016-02-10,2016,Train,10,1.0,4014.25,4028.0,time,8.0,7.0
2016-02-10,2016,Train,10,2.0,4014.25,4028.0,time,8.0,6.0
2016-02-10,2016,Train,15,1.0,4014.25,4028.0,time,17.5,16.5
2016-02-10,2016,Train,15,2.0,4014.25,4028.0,time,17.5,15.5
2016-02-12,2016,Train,3,1.0,3996.0,4006.9375,time,-1.25,-2.25
2016-02-12,2016,Train,3,2.0,3996.0,4006.9375,time,-1.25,-3.25
2016-02-12,2016,Train,5,1.0,3996.0,4006.9375,time,-2.0,-3.0
2016-02-12,2016,Train,5,2.0,3996.0,4006.9375,time,-2.0,-4.0
2016-02-12,2016,Train,10,1.0,3996.0,4006.9375,time,-1.25,-2.25
2016-02-12,2016,Train,10,2.0,3996.0,4006.9375,time,-1.25,-3.25
2016-02-12,2016,Train,15,1.0,3996.0,4006.9375,time,-1.75,-2.75
2016-02-12,2016,Train,15,2.0,3996.0,4006.9375,time,-1.75,-3.75
2016-02-17,2016,Train,3,1.0,4170.0,4182.125,time,1.25,0.25
2016-02-17,2016,Train,3,2.0,4170.0,4182.125,time,1.25,-0.75
2016-02-17,2016,Train,5,1.0,4170.0,4182.125,time,3.75,2.75
2016-02-17,2016,Train,5,2.0,4170.0,4182.125,time,3.75,1.75
2016-02-17,2016,Train,10,1.0,4170.0,4182.125,time,3.75,2.75
2016-02-17,2016,Train,10,2.0,4170.0,4182.125,time,3.75,1.75
2016-02-17,2016,Train,15,1.0,4170.0,4182.125,time,3.5,2.5
2016-02-17,2016,Train,15,2.0,4170.0,4182.125,time,3.5,1.5
2016-02-19,2016,Train,3,1.0,4156.5,4167.3125,time,-2.0,-3.0
2016-02-19,2016,Train,3,2.0,4156.5,4167.3125,time,-2.0,-4.0
2016-02-19,2016,Train,5,1.0,4156.5,4167.3125,time,2.25,1.25
2016-02-19,2016,Train,5,2.0,4156.5,4167.3125,time,2.25,0.25
2016-02-19,2016,Train,10,1.0,4156.5,4167.3125,time,-2.25,-3.25
2016-02-19,2016,Train,10,2.0,4156.5,4167.3125,time,-2.25,-4.25
2016-02-19,2016,Train,15,1.0,4156.5,4167.3125,time,2.5,1.5
2016-02-19,2016,Train,15,2.0,4156.5,4167.3125,time,2.5,0.5
2016-02-22,2016,Train,3,1.0,4224.25,4231.875,time,1.25,0.25
2016-02-22,2016,Train,3,2.0,4224.25,4231.875,time,1.25,-0.75
2016-02-22,2016,Train,5,1.0,4224.25,4231.875,time,2.75,1.75
2016-02-22,2016,Train,5,2.0,4224.25,4231.875,time,2.75,0.75
2016-02-22,2016,Train,10,1.0,4224.25,4231.875,time,2.5,1.5
2016-02-22,2016,Train,10,2.0,4224.25,4231.875,time,2.5,0.5
2016-02-22,2016,Train,15,1.0,4224.25,4231.875,time,5.5,4.5
2016-02-22,2016,Train,15,2.0,4224.25,4231.875,time,5.5,3.5
2016-02-25,2016,Train,3,1.0,4214.0,4225.375,time,-1.5,-2.5
2016-02-25,2016,Train,3,2.0,4214.0,4225.375,time,-1.5,-3.5
2016-02-25,2016,Train,5,1.0,4214.0,4225.375,time,-0.25,-1.25
2016-02-25,2016,Train,5,2.0,4214.0,4225.375,time,-0.25,-2.25
2016-02-25,2016,Train,10,1.0,4214.0,4225.375,time,-1.25,-2.25
2016-02-25,2016,Train,10,2.0,4214.0,4225.375,time,-1.25,-3.25
2016-02-25,2016,Train,15,1.0,4214.0,4225.375,time,0.5,-0.5
2016-02-25,2016,Train,15,2.0,4214.0,4225.375,time,0.5,-1.5
2016-02-29,2016,Train,3,1.0,4243.5,4249.25,time,0.5,-0.5
2016-02-29,2016,Train,3,2.0,4243.5,4249.25,time,0.5,-1.5
2016-02-29,2016,Train,5,1.0,4243.5,4249.25,time,1.0,0.0
2016-02-29,2016,Train,5,2.0,4243.5,4249.25,time,1.0,-1.0
2016-02-29,2016,Train,10,1.0,4243.5,4249.25,time,0.75,-0.25
2016-02-29,2016,Train,10,2.0,4243.5,4249.25,time,0.75,-1.25
2016-02-29,2016,Train,15,1.0,4243.5,4249.25,time,1.0,0.0
2016-02-29,2016,Train,15,2.0,4243.5,4249.25,time,1.0,-1.0
2016-03-01,2016,Train,3,1.0,4272.25,4284.3125,time,-0.75,-1.75
2016-03-01,2016,Train,3,2.0,4272.25,4284.3125,time,-0.75,-2.75
2016-03-01,2016,Train,5,1.0,4272.25,4284.3125,time,-2.5,-3.5
2016-03-01,2016,Train,5,2.0,4272.25,4284.3125,time,-2.5,-4.5
2016-03-01,2016,Train,10,1.0,4272.25,4284.3125,time,2.0,1.0
2016-03-01,2016,Train,10,2.0,4272.25,4284.3125,time,2.0,0.0
2016-03-01,2016,Train,15,1.0,4272.25,4284.3125,time,-0.5,-1.5
2016-03-01,2016,Train,15,2.0,4272.25,4284.3125,time,-0.5,-2.5
2016-03-04,2016,Train,3,1.0,4330.75,4339.5625,time,5.0,4.0
2016-03-04,2016,Train,3,2.0,4330.75,4339.5625,time,5.0,3.0
2016-03-04,2016,Train,5,1.0,4330.75,4339.5625,time,3.25,2.25
2016-03-04,2016,Train,5,2.0,4330.75,4339.5625,time,3.25,1.25
2016-03-04,2016,Train,10,1.0,4330.75,4339.5625,time,3.0,2.0
2016-03-04,2016,Train,10,2.0,4330.75,4339.5625,time,3.0,1.0
2016-03-04,2016,Train,15,1.0,4330.75,4339.5625,time,0.5,-0.5
2016-03-04,2016,Train,15,2.0,4330.75,4339.5625,time,0.5,-1.5
2016-03-07,2016,Train,3,1.0,4310.0,4316.6875,time,0.5,-0.5
2016-03-07,2016,Train,3,2.0,4310.0,4316.6875,time,0.5,-1.5
2016-03-07,2016,Train,5,1.0,4310.0,4316.6875,time,4.5,3.5
2016-03-07,2016,Train,5,2.0,4310.0,4316.6875,time,4.5,2.5
2016-03-07,2016,Train,10,1.0,4310.0,4316.6875,time,14.0,13.0
2016-03-07,2016,Train,10,2.0,4310.0,4316.6875,time,14.0,12.0
2016-03-07,2016,Train,15,1.0,4310.0,4316.6875,time,14.25,13.25
2016-03-07,2016,Train,15,2.0,4310.0,4316.6875,time,14.25,12.25
2016-03-08,2016,Train,3,1.0,4291.5,4300.3125,time,-4.0,-5.0
2016-03-08,2016,Train,3,2.0,4291.5,4300.3125,time,-4.0,-6.0
2016-03-08,2016,Train,5,1.0,4291.5,4300.3125,time,-6.0,-7.0
2016-03-08,2016,Train,5,2.0,4291.5,4300.3125,time,-6.0,-8.0
2016-03-08,2016,Train,10,1.0,4291.5,4300.3125,time,-3.75,-4.75
2016-03-08,2016,Train,10,2.0,4291.5,4300.3125,time,-3.75,-5.75
2016-03-08,2016,Train,15,1.0,4291.5,4300.3125,stop,-8.8125,-9.8125
2016-03-08,2016,Train,15,2.0,4291.5,4300.3125,stop,-8.8125,-10.8125
2016-03-09,2016,Train,3,1.0,4281.75,4288.375,time,18.5,17.5
2016-03-09,2016,Train,3,2.0,4281.75,4288.375,time,18.5,16.5
2016-03-09,2016,Train,5,1.0,4281.75,4288.375,time,17.5,16.5
2016-03-09,2016,Train,5,2.0,4281.75,4288.375,time,17.5,15.5
2016-03-09,2016,Train,10,1.0,4281.75,4288.375,time,17.5,16.5
2016-03-09,2016,Train,10,2.0,4281.75,4288.375,time,17.5,15.5
2016-03-09,2016,Train,15,1.0,4281.75,4288.375,time,11.5,10.5
2016-03-09,2016,Train,15,2.0,4281.75,4288.375,time,11.5,9.5
2016-03-11,2016,Train,3,1.0,4330.25,4335.75,time,-1.5,-2.5
2016-03-11,2016,Train,3,2.0,4330.25,4335.75,time,-1.5,-3.5
2016-03-11,2016,Train,5,1.0,4330.25,4335.75,time,-1.75,-2.75
2016-03-11,2016,Train,5,2.0,4330.25,4335.75,time,-1.75,-3.75
2016-03-11,2016,Train,10,1.0,4330.25,4335.75,time,-0.5,-1.5
2016-03-11,2016,Train,10,2.0,4330.25,4335.75,time,-0.5,-2.5
2016-03-11,2016,Train,15,1.0,4330.25,4335.75,time,-1.75,-2.75
2016-03-11,2016,Train,15,2.0,4330.25,4335.75,time,-1.75,-3.75
2016-03-15,2016,Train,3,1.0,4348.0,4353.0625,time,0.5,-0.5
2016-03-15,2016,Train,3,2.0,4348.0,4353.0625,time,0.5,-1.5
2016-03-15,2016,Train,5,1.0,4348.0,4353.0625,time,2.0,1.0
2016-03-15,2016,Train,5,2.0,4348.0,4353.0625,time,2.0,0.0
2016-03-15,2016,Train,10,1.0,4348.0,4353.0625,time,5.75,4.75
2016-03-15,2016,Train,10,2.0,4348.0,4353.0625,time,5.75,3.75
2016-03-15,2016,Train,15,1.0,4348.0,4353.0625,time,2.0,1.0
2016-03-15,2016,Train,15,2.0,4348.0,4353.0625,time,2.0,0.0
2016-03-16,2016,Train,3,1.0,4366.0,4370.9375,time,0.25,-0.75
2016-03-16,2016,Train,3,2.0,4366.0,4370.9375,time,0.25,-1.75
2016-03-16,2016,Train,5,1.0,4366.0,4370.9375,time,0.5,-0.5
2016-03-16,2016,Train,5,2.0,4366.0,4370.9375,time,0.5,-1.5
2016-03-16,2016,Train,10,1.0,4366.0,4370.9375,time,0.25,-0.75
2016-03-16,2016,Train,10,2.0,4366.0,4370.9375,time,0.25,-1.75
2016-03-16,2016,Train,15,1.0,4366.0,4370.9375,time,1.25,0.25
2016-03-16,2016,Train,15,2.0,4366.0,4370.9375,time,1.25,-0.75
2016-03-17,2016,Train,3,1.0,4393.75,4400.75,time,0.25,-0.75
2016-03-17,2016,Train,3,2.0,4393.75,4400.75,time,0.25,-1.75
2016-03-17,2016,Train,5,1.0,4393.75,4400.75,time,-1.0,-2.0
2016-03-17,2016,Train,5,2.0,4393.75,4400.75,time,-1.0,-3.0
2016-03-17,2016,Train,10,1.0,4393.75,4400.75,time,3.5,2.5
2016-03-17,2016,Train,10,2.0,4393.75,4400.75,time,3.5,1.5
2016-03-17,2016,Train,15,1.0,4393.75,4400.75,time,8.0,7.0
2016-03-17,2016,Train,15,2.0,4393.75,4400.75,time,8.0,6.0
2016-03-18,2016,Train,3,1.0,4403.5,4411.3125,time,-2.5,-3.5
2016-03-18,2016,Train,3,2.0,4403.5,4411.3125,time,-2.5,-4.5
2016-03-18,2016,Train,5,1.0,4403.5,4411.3125,time,-0.75,-1.75
2016-03-18,2016,Train,5,2.0,4403.5,4411.3125,time,-0.75,-2.75
2016-03-18,2016,Train,10,1.0,4403.5,4411.3125,time,-0.25,-1.25
2016-03-18,2016,Train,10,2.0,4403.5,4411.3125,time,-0.25,-2.25
2016-03-18,2016,Train,15,1.0,4403.5,4411.3125,time,1.5,0.5
2016-03-18,2016,Train,15,2.0,4403.5,4411.3125,time,1.5,-0.5
2016-03-21,2016,Train,3,1.0,4411.5,4416.8125,time,0.0,-1.0
2016-03-21,2016,Train,3,2.0,4411.5,4416.8125,time,0.0,-2.0
2016-03-21,2016,Train,5,1.0,4411.5,4416.8125,time,-1.0,-2.0
2016-03-21,2016,Train,5,2.0,4411.5,4416.8125,time,-1.0,-3.0
2016-03-21,2016,Train,10,1.0,4411.5,4416.8125,time,0.0,-1.0
2016-03-21,2016,Train,10,2.0,4411.5,4416.8125,time,0.0,-2.0
2016-03-21,2016,Train,15,1.0,4411.5,4416.8125,time,3.5,2.5
2016-03-21,2016,Train,15,2.0,4411.5,4416.8125,time,3.5,1.5
2016-03-22,2016,Train,3,1.0,4419.25,4426.3125,time,2.0,1.0
2016-03-22,2016,Train,3,2.0,4419.25,4426.3125,time,2.0,0.0
2016-03-22,2016,Train,5,1.0,4419.25,4426.3125,time,1.5,0.5
2016-03-22,2016,Train,5,2.0,4419.25,4426.3125,time,1.5,-0.5
2016-03-22,2016,Train,10,1.0,4419.25,4426.3125,time,0.75,-0.25
2016-03-22,2016,Train,10,2.0,4419.25,4426.3125,time,0.75,-1.25
2016-03-22,2016,Train,15,1.0,4419.25,4426.3125,time,-0.25,-1.25
2016-03-22,2016,Train,15,2.0,4419.25,4426.3125,time,-0.25,-2.25
2016-03-24,2016,Train,3,1.0,4383.75,4388.8125,time,-3.75,-4.75
2016-03-24,2016,Train,3,2.0,4383.75,4388.8125,time,-3.75,-5.75
2016-03-24,2016,Train,5,1.0,4383.75,4388.8125,time,-3.75,-4.75
2016-03-24,2016,Train,5,2.0,4383.75,4388.8125,time,-3.75,-5.75
2016-03-24,2016,Train,10,1.0,4383.75,4388.8125,time,-3.5,-4.5
2016-03-24,2016,Train,10,2.0,4383.75,4388.8125,time,-3.5,-5.5
2016-03-24,2016,Train,15,1.0,4383.75,4388.8125,time,-2.25,-3.25
2016-03-24,2016,Train,15,2.0,4383.75,4388.8125,time,-2.25,-4.25
2016-03-31,2016,Train,3,1.0,4491.5,4496.25,time,-1.75,-2.75
2016-03-31,2016,Train,3,2.0,4491.5,4496.25,time,-1.75,-3.75
2016-03-31,2016,Train,5,1.0,4491.5,4496.25,time,-0.5,-1.5
2016-03-31,2016,Train,5,2.0,4491.5,4496.25,time,-0.5,-2.5
2016-03-31,2016,Train,10,1.0,4491.5,4496.25,time,-0.5,-1.5
2016-03-31,2016,Train,10,2.0,4491.5,4496.25,time,-0.5,-2.5
2016-03-31,2016,Train,15,1.0,4491.5,4496.25,time,-2.5,-3.5
2016-03-31,2016,Train,15,2.0,4491.5,4496.25,time,-2.5,-4.5
2016-04-14,2016,Train,3,1.0,4547.75,4551.5625,time,0.0,-1.0
2016-04-14,2016,Train,3,2.0,4547.75,4551.5625,time,0.0,-2.0
2016-04-14,2016,Train,5,1.0,4547.75,4551.5625,time,-0.75,-1.75
2016-04-14,2016,Train,5,2.0,4547.75,4551.5625,time,-0.75,-2.75
2016-04-14,2016,Train,10,1.0,4547.75,4551.5625,time,0.0,-1.0
2016-04-14,2016,Train,10,2.0,4547.75,4551.5625,time,0.0,-2.0
2016-04-14,2016,Train,15,1.0,4547.75,4551.5625,time,3.0,2.0
2016-04-14,2016,Train,15,2.0,4547.75,4551.5625,time,3.0,1.0
2016-04-15,2016,Train,3,1.0,4544.25,4547.875,time,-1.0,-2.0
2016-04-15,2016,Train,3,2.0,4544.25,4547.875,time,-1.0,-3.0
2016-04-15,2016,Train,5,1.0,4544.25,4547.875,time,-1.25,-2.25
2016-04-15,2016,Train,5,2.0,4544.25,4547.875,time,-1.25,-3.25
2016-04-15,2016,Train,10,1.0,4544.25,4547.875,stop,-3.625,-4.625
2016-04-15,2016,Train,10,2.0,4544.25,4547.875,stop,-3.625,-5.625
2016-04-15,2016,Train,15,1.0,4544.25,4547.875,stop,-3.625,-4.625
2016-04-15,2016,Train,15,2.0,4544.25,4547.875,stop,-3.625,-5.625
2016-04-20,2016,Train,3,1.0,4542.0,4549.1875,time,-0.25,-1.25
2016-04-20,2016,Train,3,2.0,4542.0,4549.1875,time,-0.25,-2.25
2016-04-20,2016,Train,5,1.0,4542.0,4549.1875,time,-1.25,-2.25
2016-04-20,2016,Train,5,2.0,4542.0,4549.1875,time,-1.25,-3.25
2016-04-20,2016,Train,10,1.0,4542.0,4549.1875,time,-2.25,-3.25
2016-04-20,2016,Train,10,2.0,4542.0,4549.1875,time,-2.25,-4.25
2016-04-20,2016,Train,15,1.0,4542.0,4549.1875,time,-3.25,-4.25
2016-04-20,2016,Train,15,2.0,4542.0,4549.1875,time,-3.25,-5.25
2016-04-21,2016,Train,3,1.0,4533.0,4538.3125,time,-2.5,-3.5
2016-04-21,2016,Train,3,2.0,4533.0,4538.3125,time,-2.5,-4.5
2016-04-21,2016,Train,5,1.0,4533.0,4538.3125,time,-3.5,-4.5
2016-04-21,2016,Train,5,2.0,4533.0,4538.3125,time,-3.5,-5.5
2016-04-21,2016,Train,10,1.0,4533.0,4538.3125,time,3.75,2.75
2016-04-21,2016,Train,10,2.0,4533.0,4538.3125,time,3.75,1.75
2016-04-21,2016,Train,15,1.0,4533.0,4538.3125,time,8.0,7.0
2016-04-21,2016,Train,15,2.0,4533.0,4538.3125,time,8.0,6.0
2016-04-28,2016,Train,3,1.0,4430.0,4435.9375,time,1.25,0.25
2016-04-28,2016,Train,3,2.0,4430.0,4435.9375,time,1.25,-0.75
2016-04-28,2016,Train,5,1.0,4430.0,4435.9375,time,3.25,2.25
2016-04-28,2016,Train,5,2.0,4430.0,4435.9375,time,3.25,1.25
2016-04-28,2016,Train,10,1.0,4430.0,4435.9375,time,6.0,5.0
2016-04-28,2016,Train,10,2.0,4430.0,4435.9375,time,6.0,4.0
2016-04-28,2016,Train,15,1.0,4430.0,4435.9375,time,6.75,5.75
2016-04-28,2016,Train,15,2.0,4430.0,4435.9375,time,6.75,4.75
2016-05-03,2016,Train,3,1.0,4351.5,4359.5,time,1.25,0.25
2016-05-03,2016,Train,3,2.0,4351.5,4359.5,time,1.25,-0.75
2016-05-03,2016,Train,5,1.0,4351.5,4359.5,time,-4.75,-5.75
2016-05-03,2016,Train,5,2.0,4351.5,4359.5,time,-4.75,-6.75
2016-05-03,2016,Train,10,1.0,4351.5,4359.5,time,-3.5,-4.5
2016-05-03,2016,Train,10,2.0,4351.5,4359.5,time,-3.5,-5.5
2016-05-03,2016,Train,15,1.0,4351.5,4359.5,time,-6.0,-7.0
2016-05-03,2016,Train,15,2.0,4351.5,4359.5,time,-6.0,-8.0
2016-05-11,2016,Train,3,1.0,4393.0,4396.75,time,0.75,-0.25
2016-05-11,2016,Train,3,2.0,4393.0,4396.75,time,0.75,-1.25
2016-05-11,2016,Train,5,1.0,4393.0,4396.75,time,2.0,1.0
2016-05-11,2016,Train,5,2.0,4393.0,4396.75,time,2.0,0.0
2016-05-11,2016,Train,10,1.0,4393.0,4396.75,time,3.75,2.75
2016-05-11,2016,Train,10,2.0,4393.0,4396.75,time,3.75,1.75
2016-05-11,2016,Train,15,1.0,4393.0,4396.75,time,4.5,3.5
2016-05-11,2016,Train,15,2.0,4393.0,4396.75,time,4.5,2.5
2016-05-13,2016,Train,3,1.0,4353.75,4359.5,time,1.5,0.5
2016-05-13,2016,Train,3,2.0,4353.75,4359.5,time,1.5,-0.5
2016-05-13,2016,Train,5,1.0,4353.75,4359.5,time,3.0,2.0
2016-05-13,2016,Train,5,2.0,4353.75,4359.5,time,3.0,1.0
2016-05-13,2016,Train,10,1.0,4353.75,4359.5,time,2.5,1.5
2016-05-13,2016,Train,10,2.0,4353.75,4359.5,time,2.5,0.5
2016-05-13,2016,Train,15,1.0,4353.75,4359.5,time,2.0,1.0
2016-05-13,2016,Train,15,2.0,4353.75,4359.5,time,2.0,0.0
2016-05-18,2016,Train,3,1.0,4331.0,4340.6875,time,6.25,5.25
2016-05-18,2016,Train,3,2.0,4331.0,4340.6875,time,6.25,4.25
2016-05-18,2016,Train,5,1.0,4331.0,4340.6875,time,-3.5,-4.5
2016-05-18,2016,Train,5,2.0,4331.0,4340.6875,time,-3.5,-5.5
2016-05-18,2016,Train,10,1.0,4331.0,4340.6875,time,6.0,5.0
2016-05-18,2016,Train,10,2.0,4331.0,4340.6875,time,6.0,4.0
2016-05-18,2016,Train,15,1.0,4331.0,4340.6875,time,1.25,0.25
2016-05-18,2016,Train,15,2.0,4331.0,4340.6875,time,1.25,-0.75
2016-05-20,2016,Train,3,1.0,4367.75,4377.75,time,0.25,-0.75
2016-05-20,2016,Train,3,2.0,4367.75,4377.75,time,0.25,-1.75
2016-05-20,2016,Train,5,1.0,4367.75,4377.75,time,-1.0,-2.0
2016-05-20,2016,Train,5,2.0,4367.75,4377.75,time,-1.0,-3.0
2016-05-20,2016,Train,10,1.0,4367.75,4377.75,time,-2.75,-3.75
2016-05-20,2016,Train,10,2.0,4367.75,4377.75,time,-2.75,-4.75
2016-05-20,2016,Train,15,1.0,4367.75,4377.75,time,-1.0,-2.0
2016-05-20,2016,Train,15,2.0,4367.75,4377.75,time,-1.0,-3.0
2016-05-25,2016,Train,3,1.0,4479.0,4485.8125,time,-0.5,-1.5
2016-05-25,2016,Train,3,2.0,4479.0,4485.8125,time,-0.5,-2.5
2016-05-25,2016,Train,5,1.0,4479.0,4485.8125,time,-1.25,-2.25
2016-05-25,2016,Train,5,2.0,4479.0,4485.8125,time,-1.25,-3.25
2016-05-25,2016,Train,10,1.0,4479.0,4485.8125,time,0.0,-1.0
2016-05-25,2016,Train,10,2.0,4479.0,4485.8125,time,0.0,-2.0
2016-05-25,2016,Train,15,1.0,4479.0,4485.8125,time,0.0,-1.0
2016-05-25,2016,Train,15,2.0,4479.0,4485.8125,time,0.0,-2.0
2016-05-26,2016,Train,3,1.0,4486.0,4490.3125,time,-1.0,-2.0
2016-05-26,2016,Train,3,2.0,4486.0,4490.3125,time,-1.0,-3.0
2016-05-26,2016,Train,5,1.0,4486.0,4490.3125,time,-1.25,-2.25
2016-05-26,2016,Train,5,2.0,4486.0,4490.3125,time,-1.25,-3.25
2016-05-26,2016,Train,10,1.0,4486.0,4490.3125,time,-1.75,-2.75
2016-05-26,2016,Train,10,2.0,4486.0,4490.3125,time,-1.75,-3.75
2016-05-26,2016,Train,15,1.0,4486.0,4490.3125,stop,-4.3125,-5.3125
2016-05-26,2016,Train,15,2.0,4486.0,4490.3125,stop,-4.3125,-6.3125
2016-06-01,2016,Train,3,1.0,4519.25,4524.4375,time,-1.75,-2.75
2016-06-01,2016,Train,3,2.0,4519.25,4524.4375,time,-1.75,-3.75
2016-06-01,2016,Train,5,1.0,4519.25,4524.4375,time,-2.75,-3.75
2016-06-01,2016,Train,5,2.0,4519.25,4524.4375,time,-2.75,-4.75
2016-06-01,2016,Train,10,1.0,4519.25,4524.4375,stop,-5.1875,-6.1875
2016-06-01,2016,Train,10,2.0,4519.25,4524.4375,stop,-5.1875,-7.1875
2016-06-01,2016,Train,15,1.0,4519.25,4524.4375,stop,-5.1875,-6.1875
2016-06-01,2016,Train,15,2.0,4519.25,4524.4375,stop,-5.1875,-7.1875
2016-06-02,2016,Train,3,1.0,4512.5,4519.25,time,2.0,1.0
2016-06-02,2016,Train,3,2.0,4512.5,4519.25,time,2.0,0.0
2016-06-02,2016,Train,5,1.0,4512.5,4519.25,time,2.25,1.25
2016-06-02,2016,Train,5,2.0,4512.5,4519.25,time,2.25,0.25
2016-06-02,2016,Train,10,1.0,4512.5,4519.25,time,1.25,0.25
2016-06-02,2016,Train,10,2.0,4512.5,4519.25,time,1.25,-0.75
2016-06-02,2016,Train,15,1.0,4512.5,4519.25,time,2.75,1.75
2016-06-02,2016,Train,15,2.0,4512.5,4519.25,time,2.75,0.75
2016-06-06,2016,Train,3,1.0,4526.0,4530.3125,time,2.5,1.5
2016-06-06,2016,Train,3,2.0,4526.0,4530.3125,time,2.5,0.5
2016-06-06,2016,Train,5,1.0,4526.0,4530.3125,time,2.5,1.5
2016-06-06,2016,Train,5,2.0,4526.0,4530.3125,time,2.5,0.5
2016-06-06,2016,Train,10,1.0,4526.0,4530.3125,time,1.0,0.0
2016-06-06,2016,Train,10,2.0,4526.0,4530.3125,time,1.0,-1.0
2016-06-06,2016,Train,15,1.0,4526.0,4530.3125,time,1.0,0.0
2016-06-06,2016,Train,15,2.0,4526.0,4530.3125,time,1.0,-1.0
2016-06-22,2016,Train,3,1.0,4406.25,4409.375,time,-0.5,-1.5
2016-06-22,2016,Train,3,2.0,4406.25,4409.375,time,-0.5,-2.5
2016-06-22,2016,Train,5,1.0,4406.25,4409.375,time,-1.75,-2.75
2016-06-22,2016,Train,5,2.0,4406.25,4409.375,time,-1.75,-3.75
2016-06-22,2016,Train,10,1.0,4406.25,4409.375,time,-1.0,-2.0
2016-06-22,2016,Train,10,2.0,4406.25,4409.375,time,-1.0,-3.0
2016-06-22,2016,Train,15,1.0,4406.25,4409.375,time,0.5,-0.5
2016-06-22,2016,Train,15,2.0,4406.25,4409.375,time,0.5,-1.5
2016-07-01,2016,Train,3,1.0,4442.0,4451.75,time,-1.5,-2.5
2016-07-01,2016,Train,3,2.0,4442.0,4451.75,time,-1.5,-3.5
2016-07-01,2016,Train,5,1.0,4442.0,4451.75,time,-2.25,-3.25
2016-07-01,2016,Train,5,2.0,4442.0,4451.75,time,-2.25,-4.25
2016-07-01,2016,Train,10,1.0,4442.0,4451.75,time,-2.0,-3.0
2016-07-01,2016,Train,10,2.0,4442.0,4451.75,time,-2.0,-4.0
2016-07-01,2016,Train,15,1.0,4442.0,4451.75,time,-2.5,-3.5
2016-07-01,2016,Train,15,2.0,4442.0,4451.75,time,-2.5,-4.5
2016-07-04,2016,Train,3,1.0,4437.75,4439.125,time,1.0,0.0
2016-07-04,2016,Train,3,2.0,4437.75,4439.125,time,1.0,-1.0
2016-07-04,2016,Train,5,1.0,4437.75,4439.125,time,1.25,0.25
2016-07-04,2016,Train,5,2.0,4437.75,4439.125,time,1.25,-0.75
2016-07-04,2016,Train,10,1.0,4437.75,4439.125,time,2.5,1.5
2016-07-04,2016,Train,10,2.0,4437.75,4439.125,time,2.5,0.5
2016-07-04,2016,Train,15,1.0,4437.75,4439.125,time,3.25,2.25
2016-07-04,2016,Train,15,2.0,4437.75,4439.125,time,3.25,1.25
2016-07-11,2016,Train,3,1.0,4554.25,4559.0625,time,1.0,0.0
2016-07-11,2016,Train,3,2.0,4554.25,4559.0625,time,1.0,-1.0
2016-07-11,2016,Train,5,1.0,4554.25,4559.0625,time,0.25,-0.75
2016-07-11,2016,Train,5,2.0,4554.25,4559.0625,time,0.25,-1.75
2016-07-11,2016,Train,10,1.0,4554.25,4559.0625,time,-0.25,-1.25
2016-07-11,2016,Train,10,2.0,4554.25,4559.0625,time,-0.25,-2.25
2016-07-11,2016,Train,15,1.0,4554.25,4559.0625,time,-1.75,-2.75
2016-07-11,2016,Train,15,2.0,4554.25,4559.0625,time,-1.75,-3.75
2016-07-22,2016,Train,3,1.0,4651.5,4657.3125,time,0.25,-0.75
2016-07-22,2016,Train,3,2.0,4651.5,4657.3125,time,0.25,-1.75
2016-07-22,2016,Train,5,1.0,4651.5,4657.3125,time,2.25,1.25
2016-07-22,2016,Train,5,2.0,4651.5,4657.3125,time,2.25,0.25
2016-07-22,2016,Train,10,1.0,4651.5,4657.3125,time,4.0,3.0
2016-07-22,2016,Train,10,2.0,4651.5,4657.3125,time,4.0,2.0
2016-07-22,2016,Train,15,1.0,4651.5,4657.3125,time,4.0,3.0
2016-07-22,2016,Train,15,2.0,4651.5,4657.3125,time,4.0,2.0
2016-07-29,2016,Train,3,1.0,4729.5,4735.0625,time,-1.0,-2.0
2016-07-29,2016,Train,3,2.0,4729.5,4735.0625,time,-1.0,-3.0
2016-07-29,2016,Train,5,1.0,4729.5,4735.0625,time,-1.75,-2.75
2016-07-29,2016,Train,5,2.0,4729.5,4735.0625,time,-1.75,-3.75
2016-07-29,2016,Train,10,1.0,4729.5,4735.0625,stop,-5.5625,-6.5625
2016-07-29,2016,Train,10,2.0,4729.5,4735.0625,stop,-5.5625,-7.5625
2016-07-29,2016,Train,15,1.0,4729.5,4735.0625,stop,-5.5625,-6.5625
2016-07-29,2016,Train,15,2.0,4729.5,4735.0625,stop,-5.5625,-7.5625
2016-08-01,2016,Train,3,1.0,4747.5,4754.5625,time,1.25,0.25
2016-08-01,2016,Train,3,2.0,4747.5,4754.5625,time,1.25,-0.75
2016-08-01,2016,Train,5,1.0,4747.5,4754.5625,time,3.75,2.75
2016-08-01,2016,Train,5,2.0,4747.5,4754.5625,time,3.75,1.75
2016-08-01,2016,Train,10,1.0,4747.5,4754.5625,time,10.5,9.5
2016-08-01,2016,Train,10,2.0,4747.5,4754.5625,time,10.5,8.5
2016-08-01,2016,Train,15,1.0,4747.5,4754.5625,time,9.75,8.75
2016-08-01,2016,Train,15,2.0,4747.5,4754.5625,time,9.75,7.75
2016-08-04,2016,Train,3,1.0,4736.5,4742.3125,time,1.5,0.5
2016-08-04,2016,Train,3,2.0,4736.5,4742.3125,time,1.5,-0.5
2016-08-04,2016,Train,5,1.0,4736.5,4742.3125,time,-0.5,-1.5
2016-08-04,2016,Train,5,2.0,4736.5,4742.3125,time,-0.5,-2.5
2016-08-04,2016,Train,10,1.0,4736.5,4742.3125,time,1.75,0.75
2016-08-04,2016,Train,10,2.0,4736.5,4742.3125,time,1.75,-0.25
2016-08-04,2016,Train,15,1.0,4736.5,4742.3125,time,0.5,-0.5
2016-08-04,2016,Train,15,2.0,4736.5,4742.3125,time,0.5,-1.5
2016-08-05,2016,Train,3,1.0,4794.5,4803.1875,time,1.25,0.25
2016-08-05,2016,Train,3,2.0,4794.5,4803.1875,time,1.25,-0.75
2016-08-05,2016,Train,5,1.0,4794.5,4803.1875,time,1.0,0.0
2016-08-05,2016,Train,5,2.0,4794.5,4803.1875,time,1.0,-1.0
2016-08-05,2016,Train,10,1.0,4794.5,4803.1875,time,1.5,0.5
2016-08-05,2016,Train,10,2.0,4794.5,4803.1875,time,1.5,-0.5
2016-08-05,2016,Train,15,1.0,4794.5,4803.1875,time,2.0,1.0
2016-08-05,2016,Train,15,2.0,4794.5,4803.1875,time,2.0,0.0
2016-08-09,2016,Train,3,1.0,4801.5,4806.4375,time,-1.5,-2.5
2016-08-09,2016,Train,3,2.0,4801.5,4806.4375,time,-1.5,-3.5
2016-08-09,2016,Train,5,1.0,4801.5,4806.4375,time,-0.25,-1.25
2016-08-09,2016,Train,5,2.0,4801.5,4806.4375,time,-0.25,-2.25
2016-08-09,2016,Train,10,1.0,4801.5,4806.4375,time,-2.5,-3.5
2016-08-09,2016,Train,10,2.0,4801.5,4806.4375,time,-2.5,-4.5
2016-08-09,2016,Train,15,1.0,4801.5,4806.4375,time,-3.0,-4.0
2016-08-09,2016,Train,15,2.0,4801.5,4806.4375,time,-3.0,-5.0
2016-08-12,2016,Train,3,1.0,4797.5,4800.1875,time,-1.5,-2.5
2016-08-12,2016,Train,3,2.0,4797.5,4800.1875,time,-1.5,-3.5
2016-08-12,2016,Train,5,1.0,4797.5,4800.1875,time,-0.75,-1.75
2016-08-12,2016,Train,5,2.0,4797.5,4800.1875,time,-0.75,-2.75
2016-08-12,2016,Train,10,1.0,4797.5,4800.1875,time,-1.75,-2.75
2016-08-12,2016,Train,10,2.0,4797.5,4800.1875,time,-1.75,-3.75
2016-08-12,2016,Train,15,1.0,4797.5,4800.1875,stop,-2.6875,-3.6875
2016-08-12,2016,Train,15,2.0,4797.5,4800.1875,stop,-2.6875,-4.6875
2016-08-15,2016,Train,3,1.0,4829.0,4834.375,time,0.0,-1.0
2016-08-15,2016,Train,3,2.0,4829.0,4834.375,time,0.0,-2.0
2016-08-15,2016,Train,5,1.0,4829.0,4834.375,time,0.5,-0.5
2016-08-15,2016,Train,5,2.0,4829.0,4834.375,time,0.5,-1.5
2016-08-15,2016,Train,10,1.0,4829.0,4834.375,time,0.0,-1.0
2016-08-15,2016,Train,10,2.0,4829.0,4834.375,time,0.0,-2.0
2016-08-15,2016,Train,15,1.0,4829.0,4834.375,time,-0.5,-1.5
2016-08-15,2016,Train,15,2.0,4829.0,4834.375,time,-0.5,-2.5
2016-08-18,2016,Train,3,1.0,4811.75,4815.9375,time,1.25,0.25
2016-08-18,2016,Train,3,2.0,4811.75,4815.9375,time,1.25,-0.75
2016-08-18,2016,Train,5,1.0,4811.75,4815.9375,time,1.5,0.5
2016-08-18,2016,Train,5,2.0,4811.75,4815.9375,time,1.5,-0.5
2016-08-18,2016,Train,10,1.0,4811.75,4815.9375,time,1.25,0.25
2016-08-18,2016,Train,10,2.0,4811.75,4815.9375,time,1.25,-0.75
2016-08-18,2016,Train,15,1.0,4811.75,4815.9375,time,0.5,-0.5
2016-08-18,2016,Train,15,2.0,4811.75,4815.9375,time,0.5,-1.5
2016-08-19,2016,Train,3,1.0,4810.5,4817.0,time,0.75,-0.25
2016-08-19,2016,Train,3,2.0,4810.5,4817.0,time,0.75,-1.25
2016-08-19,2016,Train,5,1.0,4810.5,4817.0,time,-1.25,-2.25
2016-08-19,2016,Train,5,2.0,4810.5,4817.0,time,-1.25,-3.25
2016-08-19,2016,Train,10,1.0,4810.5,4817.0,time,-2.75,-3.75
2016-08-19,2016,Train,10,2.0,4810.5,4817.0,time,-2.75,-4.75
2016-08-19,2016,Train,15,1.0,4810.5,4817.0,time,-4.0,-5.0
2016-08-19,2016,Train,15,2.0,4810.5,4817.0,time,-4.0,-6.0
2016-08-25,2016,Train,3,1.0,4784.75,4789.1875,time,1.75,0.75
2016-08-25,2016,Train,3,2.0,4784.75,4789.1875,time,1.75,-0.25
2016-08-25,2016,Train,5,1.0,4784.75,4789.1875,time,1.75,0.75
2016-08-25,2016,Train,5,2.0,4784.75,4789.1875,time,1.75,-0.25
2016-08-25,2016,Train,10,1.0,4784.75,4789.1875,time,-1.25,-2.25
2016-08-25,2016,Train,10,2.0,4784.75,4789.1875,time,-1.25,-3.25
2016-08-25,2016,Train,15,1.0,4784.75,4789.1875,time,-2.75,-3.75
2016-08-25,2016,Train,15,2.0,4784.75,4789.1875,time,-2.75,-4.75
2016-08-29,2016,Train,3,1.0,4799.25,4802.5625,time,0.25,-0.75
2016-08-29,2016,Train,3,2.0,4799.25,4802.5625,time,0.25,-1.75
2016-08-29,2016,Train,5,1.0,4799.25,4802.5625,time,-0.25,-1.25
2016-08-29,2016,Train,5,2.0,4799.25,4802.5625,time,-0.25,-2.25
2016-08-29,2016,Train,10,1.0,4799.25,4802.5625,time,0.25,-0.75
2016-08-29,2016,Train,10,2.0,4799.25,4802.5625,time,0.25,-1.75
2016-08-29,2016,Train,15,1.0,4799.25,4802.5625,time,1.25,0.25
2016-08-29,2016,Train,15,2.0,4799.25,4802.5625,time,1.25,-0.75
2016-09-06,2016,Train,3,1.0,4818.75,4824.375,time,-0.5,-1.5
2016-09-06,2016,Train,3,2.0,4818.75,4824.375,time,-0.5,-2.5
2016-09-06,2016,Train,5,1.0,4818.75,4824.375,time,-1.25,-2.25
2016-09-06,2016,Train,5,2.0,4818.75,4824.375,time,-1.25,-3.25
2016-09-06,2016,Train,10,1.0,4818.75,4824.375,time,-2.0,-3.0
2016-09-06,2016,Train,10,2.0,4818.75,4824.375,time,-2.0,-4.0
2016-09-06,2016,Train,15,1.0,4818.75,4824.375,time,-2.75,-3.75
2016-09-06,2016,Train,15,2.0,4818.75,4824.375,time,-2.75,-4.75
2016-09-12,2016,Train,3,1.0,4705.25,4720.375,time,1.75,0.75
2016-09-12,2016,Train,3,2.0,4705.25,4720.375,time,1.75,-0.25
2016-09-12,2016,Train,5,1.0,4705.25,4720.375,time,1.0,0.0
2016-09-12,2016,Train,5,2.0,4705.25,4720.375,time,1.0,-1.0
2016-09-12,2016,Train,10,1.0,4705.25,4720.375,time,-6.75,-7.75
2016-09-12,2016,Train,10,2.0,4705.25,4720.375,time,-6.75,-8.75
2016-09-12,2016,Train,15,1.0,4705.25,4720.375,stop,-15.125,-16.125
2016-09-12,2016,Train,15,2.0,4705.25,4720.375,stop,-15.125,-17.125
2016-09-14,2016,Train,3,1.0,4759.75,4769.9375,time,1.0,0.0
2016-09-14,2016,Train,3,2.0,4759.75,4769.9375,time,1.0,-1.0
2016-09-14,2016,Train,5,1.0,4759.75,4769.9375,time,2.25,1.25
2016-09-14,2016,Train,5,2.0,4759.75,4769.9375,time,2.25,0.25
2016-09-14,2016,Train,10,1.0,4759.75,4769.9375,time,3.0,2.0
2016-09-14,2016,Train,10,2.0,4759.75,4769.9375,time,3.0,1.0
2016-09-14,2016,Train,15,1.0,4759.75,4769.9375,time,7.0,6.0
2016-09-14,2016,Train,15,2.0,4759.75,4769.9375,time,7.0,5.0
2016-09-15,2016,Train,3,1.0,4776.25,4786.3125,time,-4.75,-5.75
2016-09-15,2016,Train,3,2.0,4776.25,4786.3125,time,-4.75,-6.75
2016-09-15,2016,Train,5,1.0,4776.25,4786.3125,time,-8.5,-9.5
2016-09-15,2016,Train,5,2.0,4776.25,4786.3125,time,-8.5,-10.5
2016-09-15,2016,Train,10,1.0,4776.25,4786.3125,stop,-10.0625,-11.0625
2016-09-15,2016,Train,10,2.0,4776.25,4786.3125,stop,-10.0625,-12.0625
2016-09-15,2016,Train,15,1.0,4776.25,4786.3125,stop,-10.0625,-11.0625
2016-09-15,2016,Train,15,2.0,4776.25,4786.3125,stop,-10.0625,-12.0625
2016-09-22,2016,Train,3,1.0,4881.0,4884.0625,time,-0.5,-1.5
2016-09-22,2016,Train,3,2.0,4881.0,4884.0625,time,-0.5,-2.5
2016-09-22,2016,Train,5,1.0,4881.0,4884.0625,time,1.0,0.0
2016-09-22,2016,Train,5,2.0,4881.0,4884.0625,time,1.0,-1.0
2016-09-22,2016,Train,10,1.0,4881.0,4884.0625,time,4.0,3.0
2016-09-22,2016,Train,10,2.0,4881.0,4884.0625,time,4.0,2.0
2016-09-22,2016,Train,15,1.0,4881.0,4884.0625,time,3.75,2.75
2016-09-22,2016,Train,15,2.0,4881.0,4884.0625,time,3.75,1.75
2016-10-03,2016,Train,3,1.0,4862.75,4866.8125,time,2.0,1.0
2016-10-03,2016,Train,3,2.0,4862.75,4866.8125,time,2.0,0.0
2016-10-03,2016,Train,5,1.0,4862.75,4866.8125,time,3.75,2.75
2016-10-03,2016,Train,5,2.0,4862.75,4866.8125,time,3.75,1.75
2016-10-03,2016,Train,10,1.0,4862.75,4866.8125,time,4.0,3.0
2016-10-03,2016,Train,10,2.0,4862.75,4866.8125,time,4.0,2.0
2016-10-03,2016,Train,15,1.0,4862.75,4866.8125,time,1.75,0.75
2016-10-03,2016,Train,15,2.0,4862.75,4866.8125,time,1.75,-0.25
2016-10-05,2016,Train,3,1.0,4883.5,4887.6875,time,0.25,-0.75
2016-10-05,2016,Train,3,2.0,4883.5,4887.6875,time,0.25,-1.75
2016-10-05,2016,Train,5,1.0,4883.5,4887.6875,time,0.75,-0.25
2016-10-05,2016,Train,5,2.0,4883.5,4887.6875,time,0.75,-1.25
2016-10-05,2016,Train,10,1.0,4883.5,4887.6875,time,-0.5,-1.5
2016-10-05,2016,Train,10,2.0,4883.5,4887.6875,time,-0.5,-2.5
2016-10-05,2016,Train,15,1.0,4883.5,4887.6875,stop,-4.1875,-5.1875
2016-10-05,2016,Train,15,2.0,4883.5,4887.6875,stop,-4.1875,-6.1875
2016-10-10,2016,Train,3,1.0,4897.0,4901.1875,time,0.25,-0.75
2016-10-10,2016,Train,3,2.0,4897.0,4901.1875,time,0.25,-1.75
2016-10-10,2016,Train,5,1.0,4897.0,4901.1875,time,-0.25,-1.25
2016-10-10,2016,Train,5,2.0,4897.0,4901.1875,time,-0.25,-2.25
2016-10-10,2016,Train,10,1.0,4897.0,4901.1875,time,-1.5,-2.5
2016-10-10,2016,Train,10,2.0,4897.0,4901.1875,time,-1.5,-3.5
2016-10-10,2016,Train,15,1.0,4897.0,4901.1875,time,0.75,-0.25
2016-10-10,2016,Train,15,2.0,4897.0,4901.1875,time,0.75,-1.25
2016-10-12,2016,Train,3,1.0,4822.5,4828.125,time,1.25,0.25
2016-10-12,2016,Train,3,2.0,4822.5,4828.125,time,1.25,-0.75
2016-10-12,2016,Train,5,1.0,4822.5,4828.125,time,1.75,0.75
2016-10-12,2016,Train,5,2.0,4822.5,4828.125,time,1.75,-0.25
2016-10-12,2016,Train,10,1.0,4822.5,4828.125,time,1.0,0.0
2016-10-12,2016,Train,10,2.0,4822.5,4828.125,time,1.0,-1.0
2016-10-12,2016,Train,15,1.0,4822.5,4828.125,time,2.5,1.5
2016-10-12,2016,Train,15,2.0,4822.5,4828.125,time,2.5,0.5
2016-10-18,2016,Train,3,1.0,4850.5,4855.375,time,0.0,-1.0
2016-10-18,2016,Train,3,2.0,4850.5,4855.375,time,0.0,-2.0
2016-10-18,2016,Train,5,1.0,4850.5,4855.375,time,-0.75,-1.75
2016-10-18,2016,Train,5,2.0,4850.5,4855.375,time,-0.75,-2.75
2016-10-18,2016,Train,10,1.0,4850.5,4855.375,time,0.0,-1.0
2016-10-18,2016,Train,10,2.0,4850.5,4855.375,time,0.0,-2.0
2016-10-18,2016,Train,15,1.0,4850.5,4855.375,time,-1.5,-2.5
2016-10-18,2016,Train,15,2.0,4850.5,4855.375,time,-1.5,-3.5
2016-10-19,2016,Train,3,1.0,4837.25,4840.5,time,0.0,-1.0
2016-10-19,2016,Train,3,2.0,4837.25,4840.5,time,0.0,-2.0
2016-10-19,2016,Train,5,1.0,4837.25,4840.5,time,-0.25,-1.25
2016-10-19,2016,Train,5,2.0,4837.25,4840.5,time,-0.25,-2.25
2016-10-19,2016,Train,10,1.0,4837.25,4840.5,time,2.5,1.5
2016-10-19,2016,Train,10,2.0,4837.25,4840.5,time,2.5,0.5
2016-10-19,2016,Train,15,1.0,4837.25,4840.5,time,2.25,1.25
2016-10-19,2016,Train,15,2.0,4837.25,4840.5,time,2.25,0.25
2016-10-24,2016,Train,3,1.0,4893.25,4897.75,time,-1.75,-2.75
2016-10-24,2016,Train,3,2.0,4893.25,4897.75,time,-1.75,-3.75
2016-10-24,2016,Train,5,1.0,4893.25,4897.75,time,-1.75,-2.75
2016-10-24,2016,Train,5,2.0,4893.25,4897.75,time,-1.75,-3.75
2016-10-24,2016,Train,10,1.0,4893.25,4897.75,time,-1.5,-2.5
2016-10-24,2016,Train,10,2.0,4893.25,4897.75,time,-1.5,-3.5
2016-10-24,2016,Train,15,1.0,4893.25,4897.75,time,0.5,-0.5
2016-10-24,2016,Train,15,2.0,4893.25,4897.75,time,0.5,-1.5
2016-10-26,2016,Train,3,1.0,4856.75,4861.3125,time,0.25,-0.75
2016-10-26,2016,Train,3,2.0,4856.75,4861.3125,time,0.25,-1.75
2016-10-26,2016,Train,5,1.0,4856.75,4861.3125,time,-1.5,-2.5
2016-10-26,2016,Train,5,2.0,4856.75,4861.3125,time,-1.5,-3.5
2016-10-26,2016,Train,10,1.0,4856.75,4861.3125,time,-1.25,-2.25
2016-10-26,2016,Train,10,2.0,4856.75,4861.3125,time,-1.25,-3.25
2016-10-26,2016,Train,15,1.0,4856.75,4861.3125,time,-0.5,-1.5
2016-10-26,2016,Train,15,2.0,4856.75,4861.3125,time,-0.5,-2.5
2016-10-28,2016,Train,3,1.0,4831.5,4839.6875,time,-1.25,-2.25
2016-10-28,2016,Train,3,2.0,4831.5,4839.6875,time,-1.25,-3.25
2016-10-28,2016,Train,5,1.0,4831.5,4839.6875,time,-2.25,-3.25
2016-10-28,2016,Train,5,2.0,4831.5,4839.6875,time,-2.25,-4.25
2016-10-28,2016,Train,10,1.0,4831.5,4839.6875,time,0.25,-0.75
2016-10-28,2016,Train,10,2.0,4831.5,4839.6875,time,0.25,-1.75
2016-10-28,2016,Train,15,1.0,4831.5,4839.6875,time,-3.5,-4.5
2016-10-28,2016,Train,15,2.0,4831.5,4839.6875,time,-3.5,-5.5
2016-11-04,2016,Train,3,1.0,4684.25,4692.5,time,-2.75,-3.75
2016-11-04,2016,Train,3,2.0,4684.25,4692.5,time,-2.75,-4.75
2016-11-04,2016,Train,5,1.0,4684.25,4692.5,time,0.0,-1.0
2016-11-04,2016,Train,5,2.0,4684.25,4692.5,time,0.0,-2.0
2016-11-04,2016,Train,10,1.0,4684.25,4692.5,time,1.75,0.75
2016-11-04,2016,Train,10,2.0,4684.25,4692.5,time,1.75,-0.25
2016-11-04,2016,Train,15,1.0,4684.25,4692.5,time,-5.25,-6.25
2016-11-04,2016,Train,15,2.0,4684.25,4692.5,time,-5.25,-7.25
2016-11-08,2016,Train,3,1.0,4767.0,4770.6875,time,-1.0,-2.0
2016-11-08,2016,Train,3,2.0,4767.0,4770.6875,time,-1.0,-3.0
2016-11-08,2016,Train,5,1.0,4767.0,4770.6875,time,-2.75,-3.75
2016-11-08,2016,Train,5,2.0,4767.0,4770.6875,time,-2.75,-4.75
2016-11-08,2016,Train,10,1.0,4767.0,4770.6875,stop,-3.6875,-4.6875
2016-11-08,2016,Train,10,2.0,4767.0,4770.6875,stop,-3.6875,-5.6875
2016-11-08,2016,Train,15,1.0,4767.0,4770.6875,stop,-3.6875,-4.6875
2016-11-08,2016,Train,15,2.0,4767.0,4770.6875,stop,-3.6875,-5.6875
2016-11-09,2016,Train,3,1.0,4794.0,4809.875,time,-1.5,-2.5
2016-11-09,2016,Train,3,2.0,4794.0,4809.875,time,-1.5,-3.5
2016-11-09,2016,Train,5,1.0,4794.0,4809.875,time,-3.25,-4.25
2016-11-09,2016,Train,5,2.0,4794.0,4809.875,time,-3.25,-5.25
2016-11-09,2016,Train,10,1.0,4794.0,4809.875,time,-11.75,-12.75
2016-11-09,2016,Train,10,2.0,4794.0,4809.875,time,-11.75,-13.75
2016-11-09,2016,Train,15,1.0,4794.0,4809.875,stop,-15.875,-16.875
2016-11-09,2016,Train,15,2.0,4794.0,4809.875,stop,-15.875,-17.875
2016-11-16,2016,Train,3,1.0,4778.75,4788.875,time,0.25,-0.75
2016-11-16,2016,Train,3,2.0,4778.75,4788.875,time,0.25,-1.75
2016-11-16,2016,Train,5,1.0,4778.75,4788.875,time,-2.5,-3.5
2016-11-16,2016,Train,5,2.0,4778.75,4788.875,time,-2.5,-4.5
2016-11-16,2016,Train,10,1.0,4778.75,4788.875,time,-0.75,-1.75
2016-11-16,2016,Train,10,2.0,4778.75,4788.875,time,-0.75,-2.75
2016-11-16,2016,Train,15,1.0,4778.75,4788.875,time,2.0,1.0
2016-11-16,2016,Train,15,2.0,4778.75,4788.875,time,2.0,0.0
2016-11-21,2016,Train,3,1.0,4849.5,4857.875,time,-2.0,-3.0
2016-11-21,2016,Train,3,2.0,4849.5,4857.875,time,-2.0,-4.0
2016-11-21,2016,Train,5,1.0,4849.5,4857.875,time,-1.75,-2.75
2016-11-21,2016,Train,5,2.0,4849.5,4857.875,time,-1.75,-3.75
2016-11-21,2016,Train,10,1.0,4849.5,4857.875,time,2.25,1.25
2016-11-21,2016,Train,10,2.0,4849.5,4857.875,time,2.25,0.25
2016-11-21,2016,Train,15,1.0,4849.5,4857.875,time,1.0,0.0
2016-11-21,2016,Train,15,2.0,4849.5,4857.875,time,1.0,-1.0
2016-11-28,2016,Train,3,1.0,4869.25,4874.375,time,1.5,0.5
2016-11-28,2016,Train,3,2.0,4869.25,4874.375,time,1.5,-0.5
2016-11-28,2016,Train,5,1.0,4869.25,4874.375,time,0.0,-1.0
2016-11-28,2016,Train,5,2.0,4869.25,4874.375,time,0.0,-2.0
2016-11-28,2016,Train,10,1.0,4869.25,4874.375,time,0.5,-0.5
2016-11-28,2016,Train,10,2.0,4869.25,4874.375,time,0.5,-1.5
2016-11-28,2016,Train,15,1.0,4869.25,4874.375,time,6.0,5.0
2016-11-28,2016,Train,15,2.0,4869.25,4874.375,time,6.0,4.0
2016-12-05,2016,Train,3,1.0,4788.0,4799.4375,time,3.25,2.25
2016-12-05,2016,Train,3,2.0,4788.0,4799.4375,time,3.25,1.25
2016-12-05,2016,Train,5,1.0,4788.0,4799.4375,time,0.0,-1.0
2016-12-05,2016,Train,5,2.0,4788.0,4799.4375,time,0.0,-2.0
2016-12-05,2016,Train,10,1.0,4788.0,4799.4375,time,0.75,-0.25
2016-12-05,2016,Train,10,2.0,4788.0,4799.4375,time,0.75,-1.25
2016-12-05,2016,Train,15,1.0,4788.0,4799.4375,time,-1.25,-2.25
2016-12-05,2016,Train,15,2.0,4788.0,4799.4375,time,-1.25,-3.25
2016-12-07,2016,Train,3,1.0,4786.5,4792.5,time,0.75,-0.25
2016-12-07,2016,Train,3,2.0,4786.5,4792.5,time,0.75,-1.25
2016-12-07,2016,Train,5,1.0,4786.5,4792.5,time,1.25,0.25
2016-12-07,2016,Train,5,2.0,4786.5,4792.5,time,1.25,-0.75
2016-12-07,2016,Train,10,1.0,4786.5,4792.5,time,4.75,3.75
2016-12-07,2016,Train,10,2.0,4786.5,4792.5,time,4.75,2.75
2016-12-07,2016,Train,15,1.0,4786.5,4792.5,time,3.0,2.0
2016-12-07,2016,Train,15,2.0,4786.5,4792.5,time,3.0,1.0
2016-12-08,2016,Train,3,1.0,4864.25,4870.375,time,4.75,3.75
2016-12-08,2016,Train,3,2.0,4864.25,4870.375,time,4.75,2.75
2016-12-08,2016,Train,5,1.0,4864.25,4870.375,time,1.0,0.0
2016-12-08,2016,Train,5,2.0,4864.25,4870.375,time,1.0,-1.0
2016-12-08,2016,Train,10,1.0,4864.25,4870.375,time,-1.0,-2.0
2016-12-08,2016,Train,10,2.0,4864.25,4870.375,time,-1.0,-3.0
2016-12-08,2016,Train,15,1.0,4864.25,4870.375,time,3.0,2.0
2016-12-08,2016,Train,15,2.0,4864.25,4870.375,time,3.0,1.0
2016-12-09,2016,Train,3,1.0,4892.0,4896.4375,time,2.25,1.25
2016-12-09,2016,Train,3,2.0,4892.0,4896.4375,time,2.25,0.25
2016-12-09,2016,Train,5,1.0,4892.0,4896.4375,time,4.5,3.5
2016-12-09,2016,Train,5,2.0,4892.0,4896.4375,time,4.5,2.5
2016-12-09,2016,Train,10,1.0,4892.0,4896.4375,time,7.25,6.25
2016-12-09,2016,Train,10,2.0,4892.0,4896.4375,time,7.25,5.25
2016-12-09,2016,Train,15,1.0,4892.0,4896.4375,time,3.25,2.25
2016-12-09,2016,Train,15,2.0,4892.0,4896.4375,time,3.25,1.25
2016-12-13,2016,Train,3,1.0,4947.25,4962.5625,time,-3.0,-4.0
2016-12-13,2016,Train,3,2.0,4947.25,4962.5625,time,-3.0,-5.0
2016-12-13,2016,Train,5,1.0,4947.25,4962.5625,time,-3.75,-4.75
2016-12-13,2016,Train,5,2.0,4947.25,4962.5625,time,-3.75,-5.75
2016-12-13,2016,Train,10,1.0,4947.25,4962.5625,time,-1.0,-2.0
2016-12-13,2016,Train,10,2.0,4947.25,4962.5625,time,-1.0,-3.0
2016-12-13,2016,Train,15,1.0,4947.25,4962.5625,time,-2.75,-3.75
2016-12-13,2016,Train,15,2.0,4947.25,4962.5625,time,-2.75,-4.75
2016-12-15,2016,Train,3,1.0,4950.5,4957.125,time,1.75,0.75
2016-12-15,2016,Train,3,2.0,4950.5,4957.125,time,1.75,-0.25
2016-12-15,2016,Train,5,1.0,4950.5,4957.125,time,2.75,1.75
2016-12-15,2016,Train,5,2.0,4950.5,4957.125,time,2.75,0.75
2016-12-15,2016,Train,10,1.0,4950.5,4957.125,time,1.25,0.25
2016-12-15,2016,Train,10,2.0,4950.5,4957.125,time,1.25,-0.75
2016-12-15,2016,Train,15,1.0,4950.5,4957.125,time,2.5,1.5
2016-12-15,2016,Train,15,2.0,4950.5,4957.125,time,2.5,0.5
2016-12-19,2016,Train,3,1.0,4943.0,4950.75,time,0.75,-0.25
2016-12-19,2016,Train,3,2.0,4943.0,4950.75,time,0.75,-1.25
2016-12-19,2016,Train,5,1.0,4943.0,4950.75,time,0.5,-0.5
2016-12-19,2016,Train,5,2.0,4943.0,4950.75,time,0.5,-1.5
2016-12-19,2016,Train,10,1.0,4943.0,4950.75,time,0.75,-0.25
2016-12-19,2016,Train,10,2.0,4943.0,4950.75,time,0.75,-1.25
2016-12-19,2016,Train,15,1.0,4943.0,4950.75,time,2.0,1.0
2016-12-19,2016,Train,15,2.0,4943.0,4950.75,time,2.0,0.0
2017-01-04,2017,Train,3,1.0,4933.25,4938.6875,time,-0.5,-1.5
2017-01-04,2017,Train,3,2.0,4933.25,4938.6875,time,-0.5,-2.5
2017-01-04,2017,Train,5,1.0,4933.25,4938.6875,time,-0.75,-1.75
2017-01-04,2017,Train,5,2.0,4933.25,4938.6875,time,-0.75,-2.75
2017-01-04,2017,Train,10,1.0,4933.25,4938.6875,time,3.0,2.0
2017-01-04,2017,Train,10,2.0,4933.25,4938.6875,time,3.0,1.0
2017-01-04,2017,Train,15,1.0,4933.25,4938.6875,time,2.75,1.75
2017-01-04,2017,Train,15,2.0,4933.25,4938.6875,time,2.75,0.75
2017-01-09,2017,Train,3,1.0,5018.5,5022.4375,time,0.75,-0.25
2017-01-09,2017,Train,3,2.0,5018.5,5022.4375,time,0.75,-1.25
2017-01-09,2017,Train,5,1.0,5018.5,5022.4375,time,-0.5,-1.5
2017-01-09,2017,Train,5,2.0,5018.5,5022.4375,time,-0.5,-2.5
2017-01-09,2017,Train,10,1.0,5018.5,5022.4375,time,-0.75,-1.75
2017-01-09,2017,Train,10,2.0,5018.5,5022.4375,time,-0.75,-2.75
2017-01-09,2017,Train,15,1.0,5018.5,5022.4375,time,0.0,-1.0
2017-01-09,2017,Train,15,2.0,5018.5,5022.4375,time,0.0,-2.0
2017-01-11,2017,Train,3,1.0,5041.0,5044.25,time,1.0,0.0
2017-01-11,2017,Train,3,2.0,5041.0,5044.25,time,1.0,-1.0
2017-01-11,2017,Train,5,1.0,5041.0,5044.25,time,0.75,-0.25
2017-01-11,2017,Train,5,2.0,5041.0,5044.25,time,0.75,-1.25
2017-01-11,2017,Train,10,1.0,5041.0,5044.25,time,3.5,2.5
2017-01-11,2017,Train,10,2.0,5041.0,5044.25,time,3.5,1.5
2017-01-11,2017,Train,15,1.0,5041.0,5044.25,time,2.5,1.5
2017-01-11,2017,Train,15,2.0,5041.0,5044.25,time,2.5,0.5
2017-01-13,2017,Train,3,1.0,5059.75,5064.6875,time,1.0,0.0
2017-01-13,2017,Train,3,2.0,5059.75,5064.6875,time,1.0,-1.0
2017-01-13,2017,Train,5,1.0,5059.75,5064.6875,time,0.0,-1.0
2017-01-13,2017,Train,5,2.0,5059.75,5064.6875,time,0.0,-2.0
2017-01-13,2017,Train,10,1.0,5059.75,5064.6875,time,-2.0,-3.0
2017-01-13,2017,Train,10,2.0,5059.75,5064.6875,time,-2.0,-4.0
2017-01-13,2017,Train,15,1.0,5059.75,5064.6875,time,-2.5,-3.5
2017-01-13,2017,Train,15,2.0,5059.75,5064.6875,time,-2.5,-4.5
2017-01-17,2017,Train,3,1.0,5044.0,5049.3125,time,1.75,0.75
2017-01-17,2017,Train,3,2.0,5044.0,5049.3125,time,1.75,-0.25
2017-01-17,2017,Train,5,1.0,5044.0,5049.3125,time,3.25,2.25
2017-01-17,2017,Train,5,2.0,5044.0,5049.3125,time,3.25,1.25
2017-01-17,2017,Train,10,1.0,5044.0,5049.3125,time,4.75,3.75
2017-01-17,2017,Train,10,2.0,5044.0,5049.3125,time,4.75,2.75
2017-01-17,2017,Train,15,1.0,5044.0,5049.3125,time,2.75,1.75
2017-01-17,2017,Train,15,2.0,5044.0,5049.3125,time,2.75,0.75
2017-01-25,2017,Train,3,1.0,5132.5,5135.0625,time,1.5,0.5
2017-01-25,2017,Train,3,2.0,5132.5,5135.0625,time,1.5,-0.5
2017-01-25,2017,Train,5,1.0,5132.5,5135.0625,time,1.75,0.75
2017-01-25,2017,Train,5,2.0,5132.5,5135.0625,time,1.75,-0.25
2017-01-25,2017,Train,10,1.0,5132.5,5135.0625,time,0.5,-0.5
2017-01-25,2017,Train,10,2.0,5132.5,5135.0625,time,0.5,-1.5
2017-01-25,2017,Train,15,1.0,5132.5,5135.0625,time,0.75,-0.25
2017-01-25,2017,Train,15,2.0,5132.5,5135.0625,time,0.75,-1.25
2017-02-02,2017,Train,3,1.0,5151.75,5159.0,time,1.5,0.5
2017-02-02,2017,Train,3,2.0,5151.75,5159.0,time,1.5,-0.5
2017-02-02,2017,Train,5,1.0,5151.75,5159.0,time,1.5,0.5
2017-02-02,2017,Train,5,2.0,5151.75,5159.0,time,1.5,-0.5
2017-02-02,2017,Train,10,1.0,5151.75,5159.0,time,1.5,0.5
2017-02-02,2017,Train,10,2.0,5151.75,5159.0,time,1.5,-0.5
2017-02-02,2017,Train,15,1.0,5151.75,5159.0,time,3.0,2.0
2017-02-02,2017,Train,15,2.0,5151.75,5159.0,time,3.0,1.0
2017-02-06,2017,Train,3,1.0,5155.25,5158.4375,time,1.5,0.5
2017-02-06,2017,Train,3,2.0,5155.25,5158.4375,time,1.5,-0.5
2017-02-06,2017,Train,5,1.0,5155.25,5158.4375,time,-1.0,-2.0
2017-02-06,2017,Train,5,2.0,5155.25,5158.4375,time,-1.0,-3.0
2017-02-06,2017,Train,10,1.0,5155.25,5158.4375,time,-0.25,-1.25
2017-02-06,2017,Train,10,2.0,5155.25,5158.4375,time,-0.25,-2.25
2017-02-06,2017,Train,15,1.0,5155.25,5158.4375,time,0.25,-0.75
2017-02-06,2017,Train,15,2.0,5155.25,5158.4375,time,0.25,-1.75
2017-02-07,2017,Train,3,1.0,5185.0,5189.3125,time,1.25,0.25
2017-02-07,2017,Train,3,2.0,5185.0,5189.3125,time,1.25,-0.75
2017-02-07,2017,Train,5,1.0,5185.0,5189.3125,time,2.75,1.75
2017-02-07,2017,Train,5,2.0,5185.0,5189.3125,time,2.75,0.75
2017-02-07,2017,Train,10,1.0,5185.0,5189.3125,time,1.75,0.75
2017-02-07,2017,Train,10,2.0,5185.0,5189.3125,time,1.75,-0.25
2017-02-07,2017,Train,15,1.0,5185.0,5189.3125,time,1.0,0.0
2017-02-07,2017,Train,15,2.0,5185.0,5189.3125,time,1.0,-1.0
2017-02-08,2017,Train,3,1.0,5183.0,5188.0625,time,-0.25,-1.25
2017-02-08,2017,Train,3,2.0,5183.0,5188.0625,time,-0.25,-2.25
2017-02-08,2017,Train,5,1.0,5183.0,5188.0625,time,-0.75,-1.75
2017-02-08,2017,Train,5,2.0,5183.0,5188.0625,time,-0.75,-2.75
2017-02-08,2017,Train,10,1.0,5183.0,5188.0625,time,-1.75,-2.75
2017-02-08,2017,Train,10,2.0,5183.0,5188.0625,time,-1.75,-3.75
2017-02-08,2017,Train,15,1.0,5183.0,5188.0625,time,-3.0,-4.0
2017-02-08,2017,Train,15,2.0,5183.0,5188.0625,time,-3.0,-5.0
2017-02-09,2017,Train,3,1.0,5205.25,5208.6875,time,-0.75,-1.75
2017-02-09,2017,Train,3,2.0,5205.25,5208.6875,time,-0.75,-2.75
2017-02-09,2017,Train,5,1.0,5205.25,5208.6875,time,0.5,-0.5
2017-02-09,2017,Train,5,2.0,5205.25,5208.6875,time,0.5,-1.5
2017-02-09,2017,Train,10,1.0,5205.25,5208.6875,time,-2.75,-3.75
2017-02-09,2017,Train,10,2.0,5205.25,5208.6875,time,-2.75,-4.75
2017-02-09,2017,Train,15,1.0,5205.25,5208.6875,stop,-3.4375,-4.4375
2017-02-09,2017,Train,15,2.0,5205.25,5208.6875,stop,-3.4375,-5.4375
2017-02-10,2017,Train,3,1.0,5221.25,5224.0625,time,-0.25,-1.25
2017-02-10,2017,Train,3,2.0,5221.25,5224.0625,time,-0.25,-2.25
2017-02-10,2017,Train,5,1.0,5221.25,5224.0625,time,-0.5,-1.5
2017-02-10,2017,Train,5,2.0,5221.25,5224.0625,time,-0.5,-2.5
2017-02-10,2017,Train,10,1.0,5221.25,5224.0625,time,1.75,0.75
2017-02-10,2017,Train,10,2.0,5221.25,5224.0625,time,1.75,-0.25
2017-02-10,2017,Train,15,1.0,5221.25,5224.0625,time,1.5,0.5
2017-02-10,2017,Train,15,2.0,5221.25,5224.0625,time,1.5,-0.5
2017-02-13,2017,Train,3,1.0,5250.75,5253.75,time,-1.0,-2.0
2017-02-13,2017,Train,3,2.0,5250.75,5253.75,time,-1.0,-3.0
2017-02-13,2017,Train,5,1.0,5250.75,5253.75,time,1.5,0.5
2017-02-13,2017,Train,5,2.0,5250.75,5253.75,time,1.5,-0.5
2017-02-13,2017,Train,10,1.0,5250.75,5253.75,time,1.25,0.25
2017-02-13,2017,Train,10,2.0,5250.75,5253.75,time,1.25,-0.75
2017-02-13,2017,Train,15,1.0,5250.75,5253.75,time,-0.75,-1.75
2017-02-13,2017,Train,15,2.0,5250.75,5253.75,time,-0.75,-2.75
2017-02-17,2017,Train,3,1.0,5309.25,5313.625,time,0.5,-0.5
2017-02-17,2017,Train,3,2.0,5309.25,5313.625,time,0.5,-1.5
2017-02-17,2017,Train,5,1.0,5309.25,5313.625,time,0.5,-0.5
2017-02-17,2017,Train,5,2.0,5309.25,5313.625,time,0.5,-1.5
2017-02-17,2017,Train,10,1.0,5309.25,5313.625,time,0.25,-0.75
2017-02-17,2017,Train,10,2.0,5309.25,5313.625,time,0.25,-1.75
2017-02-17,2017,Train,15,1.0,5309.25,5313.625,time,-0.5,-1.5
2017-02-17,2017,Train,15,2.0,5309.25,5313.625,time,-0.5,-2.5
2017-02-22,2017,Train,3,1.0,5349.0,5352.4375,time,2.0,1.0
2017-02-22,2017,Train,3,2.0,5349.0,5352.4375,time,2.0,0.0
2017-02-22,2017,Train,5,1.0,5349.0,5352.4375,time,2.0,1.0
2017-02-22,2017,Train,5,2.0,5349.0,5352.4375,time,2.0,0.0
2017-02-22,2017,Train,10,1.0,5349.0,5352.4375,time,3.25,2.25
2017-02-22,2017,Train,10,2.0,5349.0,5352.4375,time,3.25,1.25
2017-02-22,2017,Train,15,1.0,5349.0,5352.4375,time,2.5,1.5
2017-02-22,2017,Train,15,2.0,5349.0,5352.4375,time,2.5,0.5
2017-02-24,2017,Train,3,1.0,5322.75,5327.3125,time,-2.0,-3.0
2017-02-24,2017,Train,3,2.0,5322.75,5327.3125,time,-2.0,-4.0
2017-02-24,2017,Train,5,1.0,5322.75,5327.3125,time,-1.75,-2.75
2017-02-24,2017,Train,5,2.0,5322.75,5327.3125,time,-1.75,-3.75
2017-02-24,2017,Train,10,1.0,5322.75,5327.3125,time,-0.75,-1.75
2017-02-24,2017,Train,10,2.0,5322.75,5327.3125,time,-0.75,-2.75
2017-02-24,2017,Train,15,1.0,5322.75,5327.3125,time,1.75,0.75
2017-02-24,2017,Train,15,2.0,5322.75,5327.3125,time,1.75,-0.25
2017-02-27,2017,Train,3,1.0,5336.75,5340.25,time,-0.75,-1.75
2017-02-27,2017,Train,3,2.0,5336.75,5340.25,time,-0.75,-2.75
2017-02-27,2017,Train,5,1.0,5336.75,5340.25,time,-1.5,-2.5
2017-02-27,2017,Train,5,2.0,5336.75,5340.25,time,-1.5,-3.5
2017-02-27,2017,Train,10,1.0,5336.75,5340.25,time,1.0,0.0
2017-02-27,2017,Train,10,2.0,5336.75,5340.25,time,1.0,-1.0
2017-02-27,2017,Train,15,1.0,5336.75,5340.25,time,0.25,-0.75
2017-02-27,2017,Train,15,2.0,5336.75,5340.25,time,0.25,-1.75
2017-03-07,2017,Train,3,1.0,5368.75,5374.9375,time,1.5,0.5
2017-03-07,2017,Train,3,2.0,5368.75,5374.9375,time,1.5,-0.5
2017-03-07,2017,Train,5,1.0,5368.75,5374.9375,time,2.5,1.5
2017-03-07,2017,Train,5,2.0,5368.75,5374.9375,time,2.5,0.5
2017-03-07,2017,Train,10,1.0,5368.75,5374.9375,time,5.75,4.75
2017-03-07,2017,Train,10,2.0,5368.75,5374.9375,time,5.75,3.75
2017-03-07,2017,Train,15,1.0,5368.75,5374.9375,time,5.25,4.25
2017-03-07,2017,Train,15,2.0,5368.75,5374.9375,time,5.25,3.25
2017-03-08,2017,Train,3,1.0,5372.25,5378.5625,time,-0.5,-1.5
2017-03-08,2017,Train,3,2.0,5372.25,5378.5625,time,-0.5,-2.5
2017-03-08,2017,Train,5,1.0,5372.25,5378.5625,time,0.75,-0.25
2017-03-08,2017,Train,5,2.0,5372.25,5378.5625,time,0.75,-1.25
2017-03-08,2017,Train,10,1.0,5372.25,5378.5625,time,-0.25,-1.25
2017-03-08,2017,Train,10,2.0,5372.25,5378.5625,time,-0.25,-2.25
2017-03-08,2017,Train,15,1.0,5372.25,5378.5625,time,0.5,-0.5
2017-03-08,2017,Train,15,2.0,5372.25,5378.5625,time,0.5,-1.5
2017-03-13,2017,Train,3,1.0,5396.0,5398.6875,time,0.0,-1.0
2017-03-13,2017,Train,3,2.0,5396.0,5398.6875,time,0.0,-2.0
2017-03-13,2017,Train,5,1.0,5396.0,5398.6875,time,-0.25,-1.25
2017-03-13,2017,Train,5,2.0,5396.0,5398.6875,time,-0.25,-2.25
2017-03-13,2017,Train,10,1.0,5396.0,5398.6875,time,-1.0,-2.0
2017-03-13,2017,Train,10,2.0,5396.0,5398.6875,time,-1.0,-3.0
2017-03-13,2017,Train,15,1.0,5396.0,5398.6875,time,-0.25,-1.25
2017-03-13,2017,Train,15,2.0,5396.0,5398.6875,time,-0.25,-2.25
2017-03-15,2017,Train,3,1.0,5396.0,5400.4375,time,-0.25,-1.25
2017-03-15,2017,Train,3,2.0,5396.0,5400.4375,time,-0.25,-2.25
2017-03-15,2017,Train,5,1.0,5396.0,5400.4375,time,0.0,-1.0
2017-03-15,2017,Train,5,2.0,5396.0,5400.4375,time,0.0,-2.0
2017-03-15,2017,Train,10,1.0,5396.0,5400.4375,time,0.5,-0.5
2017-03-15,2017,Train,10,2.0,5396.0,5400.4375,time,0.5,-1.5
2017-03-15,2017,Train,15,1.0,5396.0,5400.4375,time,0.0,-1.0
2017-03-15,2017,Train,15,2.0,5396.0,5400.4375,time,0.0,-2.0
2017-03-22,2017,Train,3,1.0,5350.0,5355.0625,time,-2.5,-3.5
2017-03-22,2017,Train,3,2.0,5350.0,5355.0625,time,-2.5,-4.5
2017-03-22,2017,Train,5,1.0,5350.0,5355.0625,time,-2.0,-3.0
2017-03-22,2017,Train,5,2.0,5350.0,5355.0625,time,-2.0,-4.0
2017-03-22,2017,Train,10,1.0,5350.0,5355.0625,time,-2.5,-3.5
2017-03-22,2017,Train,10,2.0,5350.0,5355.0625,time,-2.5,-4.5
2017-03-22,2017,Train,15,1.0,5350.0,5355.0625,stop,-5.0625,-6.0625
2017-03-22,2017,Train,15,2.0,5350.0,5355.0625,stop,-5.0625,-7.0625
2017-03-23,2017,Train,3,1.0,5367.5,5372.5625,time,-2.25,-3.25
2017-03-23,2017,Train,3,2.0,5367.5,5372.5625,time,-2.25,-4.25
2017-03-23,2017,Train,5,1.0,5367.5,5372.5625,time,0.5,-0.5
2017-03-23,2017,Train,5,2.0,5367.5,5372.5625,time,0.5,-1.5
2017-03-23,2017,Train,10,1.0,5367.5,5372.5625,time,-4.25,-5.25
2017-03-23,2017,Train,10,2.0,5367.5,5372.5625,time,-4.25,-6.25
2017-03-23,2017,Train,15,1.0,5367.5,5372.5625,stop,-5.0625,-6.0625
2017-03-23,2017,Train,15,2.0,5367.5,5372.5625,stop,-5.0625,-7.0625
2017-03-24,2017,Train,3,1.0,5392.75,5397.6875,time,-0.75,-1.75
2017-03-24,2017,Train,3,2.0,5392.75,5397.6875,time,-0.75,-2.75
2017-03-24,2017,Train,5,1.0,5392.75,5397.6875,time,-0.5,-1.5
2017-03-24,2017,Train,5,2.0,5392.75,5397.6875,time,-0.5,-2.5
2017-03-24,2017,Train,10,1.0,5392.75,5397.6875,time,7.75,6.75
2017-03-24,2017,Train,10,2.0,5392.75,5397.6875,time,7.75,5.75
2017-03-24,2017,Train,15,1.0,5392.75,5397.6875,time,11.75,10.75
2017-03-24,2017,Train,15,2.0,5392.75,5397.6875,time,11.75,9.75
2017-03-27,2017,Train,3,1.0,5350.0,5358.6875,time,0.75,-0.25
2017-03-27,2017,Train,3,2.0,5350.0,5358.6875,time,0.75,-1.25
2017-03-27,2017,Train,5,1.0,5350.0,5358.6875,time,-6.75,-7.75
2017-03-27,2017,Train,5,2.0,5350.0,5358.6875,time,-6.75,-8.75
2017-03-27,2017,Train,10,1.0,5350.0,5358.6875,time,-4.25,-5.25
2017-03-27,2017,Train,10,2.0,5350.0,5358.6875,time,-4.25,-6.25
2017-03-27,2017,Train,15,1.0,5350.0,5358.6875,time,-2.5,-3.5
2017-03-27,2017,Train,15,2.0,5350.0,5358.6875,time,-2.5,-4.5
2017-03-29,2017,Train,3,1.0,5424.0,5428.375,time,-3.25,-4.25
2017-03-29,2017,Train,3,2.0,5424.0,5428.375,time,-3.25,-5.25
2017-03-29,2017,Train,5,1.0,5424.0,5428.375,time,-0.25,-1.25
2017-03-29,2017,Train,5,2.0,5424.0,5428.375,time,-0.25,-2.25
2017-03-29,2017,Train,10,1.0,5424.0,5428.375,time,-0.25,-1.25
2017-03-29,2017,Train,10,2.0,5424.0,5428.375,time,-0.25,-2.25
2017-03-29,2017,Train,15,1.0,5424.0,5428.375,time,0.0,-1.0
2017-03-29,2017,Train,15,2.0,5424.0,5428.375,time,0.0,-2.0
2017-03-30,2017,Train,3,1.0,5444.0,5448.8125,time,1.0,0.0
2017-03-30,2017,Train,3,2.0,5444.0,5448.8125,time,1.0,-1.0
2017-03-30,2017,Train,5,1.0,5444.0,5448.8125,time,1.5,0.5
2017-03-30,2017,Train,5,2.0,5444.0,5448.8125,time,1.5,-0.5
2017-03-30,2017,Train,10,1.0,5444.0,5448.8125,time,0.25,-0.75
2017-03-30,2017,Train,10,2.0,5444.0,5448.8125,time,0.25,-1.75
2017-03-30,2017,Train,15,1.0,5444.0,5448.8125,time,2.0,1.0
2017-03-30,2017,Train,15,2.0,5444.0,5448.8125,time,2.0,0.0
2017-03-31,2017,Train,3,1.0,5443.75,5448.0625,time,0.25,-0.75
2017-03-31,2017,Train,3,2.0,5443.75,5448.0625,time,0.25,-1.75
2017-03-31,2017,Train,5,1.0,5443.75,5448.0625,time,0.0,-1.0
2017-03-31,2017,Train,5,2.0,5443.75,5448.0625,time,0.0,-2.0
2017-03-31,2017,Train,10,1.0,5443.75,5448.0625,time,-3.0,-4.0
2017-03-31,2017,Train,10,2.0,5443.75,5448.0625,time,-3.0,-5.0
2017-03-31,2017,Train,15,1.0,5443.75,5448.0625,time,-2.75,-3.75
2017-03-31,2017,Train,15,2.0,5443.75,5448.0625,time,-2.75,-4.75
2017-04-05,2017,Train,3,1.0,5464.75,5470.125,time,-0.75,-1.75
2017-04-05,2017,Train,3,2.0,5464.75,5470.125,time,-0.75,-2.75
2017-04-05,2017,Train,5,1.0,5464.75,5470.125,time,-2.0,-3.0
2017-04-05,2017,Train,5,2.0,5464.75,5470.125,time,-2.0,-4.0
2017-04-05,2017,Train,10,1.0,5464.75,5470.125,time,-4.75,-5.75
2017-04-05,2017,Train,10,2.0,5464.75,5470.125,time,-4.75,-6.75
2017-04-05,2017,Train,15,1.0,5464.75,5470.125,stop,-5.375,-6.375
2017-04-05,2017,Train,15,2.0,5464.75,5470.125,stop,-5.375,-7.375
2017-04-07,2017,Train,3,1.0,5430.0,5437.875,time,-1.5,-2.5
2017-04-07,2017,Train,3,2.0,5430.0,5437.875,time,-1.5,-3.5
2017-04-07,2017,Train,5,1.0,5430.0,5437.875,time,-1.0,-2.0
2017-04-07,2017,Train,5,2.0,5430.0,5437.875,time,-1.0,-3.0
2017-04-07,2017,Train,10,1.0,5430.0,5437.875,time,-0.5,-1.5
2017-04-07,2017,Train,10,2.0,5430.0,5437.875,time,-0.5,-2.5
2017-04-07,2017,Train,15,1.0,5430.0,5437.875,time,1.25,0.25
2017-04-07,2017,Train,15,2.0,5430.0,5437.875,time,1.25,-0.75
2017-04-10,2017,Train,3,1.0,5438.5,5442.5,time,0.75,-0.25
2017-04-10,2017,Train,3,2.0,5438.5,5442.5,time,0.75,-1.25
2017-04-10,2017,Train,5,1.0,5438.5,5442.5,time,1.5,0.5
2017-04-10,2017,Train,5,2.0,5438.5,5442.5,time,1.5,-0.5
2017-04-10,2017,Train,10,1.0,5438.5,5442.5,time,8.25,7.25
2017-04-10,2017,Train,10,2.0,5438.5,5442.5,time,8.25,6.25
2017-04-10,2017,Train,15,1.0,5438.5,5442.5,time,7.25,6.25
2017-04-10,2017,Train,15,2.0,5438.5,5442.5,time,7.25,5.25
2017-04-19,2017,Train,3,1.0,5428.25,5432.4375,time,-0.75,-1.75
2017-04-19,2017,Train,3,2.0,5428.25,5432.4375,time,-0.75,-2.75
2017-04-19,2017,Train,5,1.0,5428.25,5432.4375,time,-1.25,-2.25
2017-04-19,2017,Train,5,2.0,5428.25,5432.4375,time,-1.25,-3.25
2017-04-19,2017,Train,10,1.0,5428.25,5432.4375,time,-0.75,-1.75
2017-04-19,2017,Train,10,2.0,5428.25,5432.4375,time,-0.75,-2.75
2017-04-19,2017,Train,15,1.0,5428.25,5432.4375,time,0.75,-0.25
2017-04-19,2017,Train,15,2.0,5428.25,5432.4375,time,0.75,-1.25
2017-04-27,2017,Train,3,1.0,5565.25,5569.6875,time,-0.75,-1.75
2017-04-27,2017,Train,3,2.0,5565.25,5569.6875,time,-0.75,-2.75
2017-04-27,2017,Train,5,1.0,5565.25,5569.6875,time,0.25,-0.75
2017-04-27,2017,Train,5,2.0,5565.25,5569.6875,time,0.25,-1.75
2017-04-27,2017,Train,10,1.0,5565.25,5569.6875,time,1.0,0.0
2017-04-27,2017,Train,10,2.0,5565.25,5569.6875,time,1.0,-1.0
2017-04-27,2017,Train,15,1.0,5565.25,5569.6875,time,1.5,0.5
2017-04-27,2017,Train,15,2.0,5565.25,5569.6875,time,1.5,-0.5
2017-05-02,2017,Train,3,1.0,5638.0,5642.0,time,-1.0,-2.0
2017-05-02,2017,Train,3,2.0,5638.0,5642.0,time,-1.0,-3.0
2017-05-02,2017,Train,5,1.0,5638.0,5642.0,time,-2.25,-3.25
2017-05-02,2017,Train,5,2.0,5638.0,5642.0,time,-2.25,-4.25
2017-05-02,2017,Train,10,1.0,5638.0,5642.0,time,0.5,-0.5
2017-05-02,2017,Train,10,2.0,5638.0,5642.0,time,0.5,-1.5
2017-05-02,2017,Train,15,1.0,5638.0,5642.0,time,1.75,0.75
2017-05-02,2017,Train,15,2.0,5638.0,5642.0,time,1.75,-0.25
2017-05-04,2017,Train,3,1.0,5626.25,5631.9375,time,7.0,6.0
2017-05-04,2017,Train,3,2.0,5626.25,5631.9375,time,7.0,5.0
2017-05-04,2017,Train,5,1.0,5626.25,5631.9375,time,5.25,4.25
2017-05-04,2017,Train,5,2.0,5626.25,5631.9375,time,5.25,3.25
2017-05-04,2017,Train,10,1.0,5626.25,5631.9375,time,11.0,10.0
2017-05-04,2017,Train,10,2.0,5626.25,5631.9375,time,11.0,9.0
2017-05-04,2017,Train,15,1.0,5626.25,5631.9375,time,9.75,8.75
2017-05-04,2017,Train,15,2.0,5626.25,5631.9375,time,9.75,7.75
2017-05-11,2017,Train,3,1.0,5668.0,5675.6875,time,1.5,0.5
2017-05-11,2017,Train,3,2.0,5668.0,5675.6875,time,1.5,-0.5
2017-05-11,2017,Train,5,1.0,5668.0,5675.6875,time,0.5,-0.5
2017-05-11,2017,Train,5,2.0,5668.0,5675.6875,time,0.5,-1.5
2017-05-11,2017,Train,10,1.0,5668.0,5675.6875,time,0.0,-1.0
2017-05-11,2017,Train,10,2.0,5668.0,5675.6875,time,0.0,-2.0
2017-05-11,2017,Train,15,1.0,5668.0,5675.6875,time,-3.0,-4.0
2017-05-11,2017,Train,15,2.0,5668.0,5675.6875,time,-3.0,-5.0
2017-05-12,2017,Train,3,1.0,5682.5,5685.4375,time,-0.5,-1.5
2017-05-12,2017,Train,3,2.0,5682.5,5685.4375,time,-0.5,-2.5
2017-05-12,2017,Train,5,1.0,5682.5,5685.4375,time,-0.25,-1.25
2017-05-12,2017,Train,5,2.0,5682.5,5685.4375,time,-0.25,-2.25
2017-05-12,2017,Train,10,1.0,5682.5,5685.4375,time,-2.5,-3.5
2017-05-12,2017,Train,10,2.0,5682.5,5685.4375,time,-2.5,-4.5
2017-05-12,2017,Train,15,1.0,5682.5,5685.4375,stop,-2.9375,-3.9375
2017-05-12,2017,Train,15,2.0,5682.5,5685.4375,stop,-2.9375,-4.9375
2017-05-15,2017,Train,3,1.0,5699.0,5703.375,time,-0.75,-1.75
2017-05-15,2017,Train,3,2.0,5699.0,5703.375,time,-0.75,-2.75
2017-05-15,2017,Train,5,1.0,5699.0,5703.375,time,-0.25,-1.25
2017-05-15,2017,Train,5,2.0,5699.0,5703.375,time,-0.25,-2.25
2017-05-15,2017,Train,10,1.0,5699.0,5703.375,time,1.25,0.25
2017-05-15,2017,Train,10,2.0,5699.0,5703.375,time,1.25,-0.75
2017-05-15,2017,Train,15,1.0,5699.0,5703.375,time,0.5,-0.5
2017-05-15,2017,Train,15,2.0,5699.0,5703.375,time,0.5,-1.5
2017-05-16,2017,Train,3,1.0,5717.75,5721.9375,time,2.0,1.0
2017-05-16,2017,Train,3,2.0,5717.75,5721.9375,time,2.0,0.0
2017-05-16,2017,Train,5,1.0,5717.75,5721.9375,time,1.25,0.25
2017-05-16,2017,Train,5,2.0,5717.75,5721.9375,time,1.25,-0.75
2017-05-16,2017,Train,10,1.0,5717.75,5721.9375,time,0.5,-0.5
2017-05-16,2017,Train,10,2.0,5717.75,5721.9375,time,0.5,-1.5
2017-05-16,2017,Train,15,1.0,5717.75,5721.9375,time,0.0,-1.0
2017-05-16,2017,Train,15,2.0,5717.75,5721.9375,time,0.0,-2.0
2017-05-19,2017,Train,3,1.0,5672.5,5679.0625,time,1.0,0.0
2017-05-19,2017,Train,3,2.0,5672.5,5679.0625,time,1.0,-1.0
2017-05-19,2017,Train,5,1.0,5672.5,5679.0625,time,1.25,0.25
2017-05-19,2017,Train,5,2.0,5672.5,5679.0625,time,1.25,-0.75
2017-05-19,2017,Train,10,1.0,5672.5,5679.0625,time,-0.5,-1.5
2017-05-19,2017,Train,10,2.0,5672.5,5679.0625,time,-0.5,-2.5
2017-05-19,2017,Train,15,1.0,5672.5,5679.0625,time,-2.25,-3.25
2017-05-19,2017,Train,15,2.0,5672.5,5679.0625,time,-2.25,-4.25
2017-06-05,2017,Train,3,1.0,5887.0,5891.0,time,3.75,2.75
2017-06-05,2017,Train,3,2.0,5887.0,5891.0,time,3.75,1.75
2017-06-05,2017,Train,5,1.0,5887.0,5891.0,time,7.5,6.5
2017-06-05,2017,Train,5,2.0,5887.0,5891.0,time,7.5,5.5
2017-06-05,2017,Train,10,1.0,5887.0,5891.0,time,7.25,6.25
2017-06-05,2017,Train,10,2.0,5887.0,5891.0,time,7.25,5.25
2017-06-05,2017,Train,15,1.0,5887.0,5891.0,time,6.0,5.0
2017-06-05,2017,Train,15,2.0,5887.0,5891.0,time,6.0,4.0
2017-06-12,2017,Train,3,1.0,5705.25,5721.625,time,-0.75,-1.75
2017-06-12,2017,Train,3,2.0,5705.25,5721.625,time,-0.75,-2.75
2017-06-12,2017,Train,5,1.0,5705.25,5721.625,time,6.25,5.25
2017-06-12,2017,Train,5,2.0,5705.25,5721.625,time,6.25,4.25
2017-06-12,2017,Train,10,1.0,5705.25,5721.625,time,4.5,3.5
2017-06-12,2017,Train,10,2.0,5705.25,5721.625,time,4.5,2.5
2017-06-12,2017,Train,15,1.0,5705.25,5721.625,time,3.5,2.5
2017-06-12,2017,Train,15,2.0,5705.25,5721.625,time,3.5,1.5
2017-06-15,2017,Train,3,1.0,5682.75,5693.5625,time,-0.5,-1.5
2017-06-15,2017,Train,3,2.0,5682.75,5693.5625,time,-0.5,-2.5
2017-06-15,2017,Train,5,1.0,5682.75,5693.5625,time,-0.75,-1.75
2017-06-15,2017,Train,5,2.0,5682.75,5693.5625,time,-0.75,-2.75
2017-06-15,2017,Train,10,1.0,5682.75,5693.5625,time,-3.5,-4.5
2017-06-15,2017,Train,10,2.0,5682.75,5693.5625,time,-3.5,-5.5
2017-06-15,2017,Train,15,1.0,5682.75,5693.5625,time,-6.25,-7.25
2017-06-15,2017,Train,15,2.0,5682.75,5693.5625,time,-6.25,-8.25
2017-06-19,2017,Train,3,1.0,5771.75,5782.75,time,-1.0,-2.0
2017-06-19,2017,Train,3,2.0,5771.75,5782.75,time,-1.0,-3.0
2017-06-19,2017,Train,5,1.0,5771.75,5782.75,time,-0.25,-1.25
2017-06-19,2017,Train,5,2.0,5771.75,5782.75,time,-0.25,-2.25
2017-06-19,2017,Train,10,1.0,5771.75,5782.75,time,-0.5,-1.5
2017-06-19,2017,Train,10,2.0,5771.75,5782.75,time,-0.5,-2.5
2017-06-19,2017,Train,15,1.0,5771.75,5782.75,time,5.5,4.5
2017-06-19,2017,Train,15,2.0,5771.75,5782.75,time,5.5,3.5
2017-06-20,2017,Train,3,1.0,5774.25,5779.8125,time,3.0,2.0
2017-06-20,2017,Train,3,2.0,5774.25,5779.8125,time,3.0,1.0
2017-06-20,2017,Train,5,1.0,5774.25,5779.8125,time,4.25,3.25
2017-06-20,2017,Train,5,2.0,5774.25,5779.8125,time,4.25,2.25
2017-06-20,2017,Train,10,1.0,5774.25,5779.8125,time,6.25,5.25
2017-06-20,2017,Train,10,2.0,5774.25,5779.8125,time,6.25,4.25
2017-06-20,2017,Train,15,1.0,5774.25,5779.8125,time,8.5,7.5
2017-06-20,2017,Train,15,2.0,5774.25,5779.8125,time,8.5,6.5
2017-06-21,2017,Train,3,1.0,5757.0,5761.6875,time,-0.75,-1.75
2017-06-21,2017,Train,3,2.0,5757.0,5761.6875,time,-0.75,-2.75
2017-06-21,2017,Train,5,1.0,5757.0,5761.6875,time,-2.75,-3.75
2017-06-21,2017,Train,5,2.0,5757.0,5761.6875,time,-2.75,-4.75
2017-06-21,2017,Train,10,1.0,5757.0,5761.6875,time,1.25,0.25
2017-06-21,2017,Train,10,2.0,5757.0,5761.6875,time,1.25,-0.75
2017-06-21,2017,Train,15,1.0,5757.0,5761.6875,time,3.5,2.5
2017-06-21,2017,Train,15,2.0,5757.0,5761.6875,time,3.5,1.5
2017-07-06,2017,Train,3,1.0,5619.25,5629.3125,time,3.25,2.25
2017-07-06,2017,Train,3,2.0,5619.25,5629.3125,time,3.25,1.25
2017-07-06,2017,Train,5,1.0,5619.25,5629.3125,time,4.25,3.25
2017-07-06,2017,Train,5,2.0,5619.25,5629.3125,time,4.25,2.25
2017-07-06,2017,Train,10,1.0,5619.25,5629.3125,time,1.5,0.5
2017-07-06,2017,Train,10,2.0,5619.25,5629.3125,time,1.5,-0.5
2017-07-06,2017,Train,15,1.0,5619.25,5629.3125,time,1.5,0.5
2017-07-06,2017,Train,15,2.0,5619.25,5629.3125,time,1.5,-0.5
2017-07-12,2017,Train,3,1.0,5771.5,5776.6875,time,-0.25,-1.25
2017-07-12,2017,Train,3,2.0,5771.5,5776.6875,time,-0.25,-2.25
2017-07-12,2017,Train,5,1.0,5771.5,5776.6875,time,0.5,-0.5
2017-07-12,2017,Train,5,2.0,5771.5,5776.6875,time,0.5,-1.5
2017-07-12,2017,Train,10,1.0,5771.5,5776.6875,time,1.0,0.0
2017-07-12,2017,Train,10,2.0,5771.5,5776.6875,time,1.0,-1.0
2017-07-12,2017,Train,15,1.0,5771.5,5776.6875,time,3.0,2.0
2017-07-12,2017,Train,15,2.0,5771.5,5776.6875,time,3.0,1.0
2017-07-18,2017,Train,3,1.0,5852.25,5860.3125,time,-1.0,-2.0
2017-07-18,2017,Train,3,2.0,5852.25,5860.3125,time,-1.0,-3.0
2017-07-18,2017,Train,5,1.0,5852.25,5860.3125,time,-1.25,-2.25
2017-07-18,2017,Train,5,2.0,5852.25,5860.3125,time,-1.25,-3.25
2017-07-18,2017,Train,10,1.0,5852.25,5860.3125,time,-5.0,-6.0
2017-07-18,2017,Train,10,2.0,5852.25,5860.3125,time,-5.0,-7.0
2017-07-18,2017,Train,15,1.0,5852.25,5860.3125,time,-4.5,-5.5
2017-07-18,2017,Train,15,2.0,5852.25,5860.3125,time,-4.5,-6.5
2017-07-21,2017,Train,3,1.0,5911.5,5917.375,time,0.25,-0.75
2017-07-21,2017,Train,3,2.0,5911.5,5917.375,time,0.25,-1.75
2017-07-21,2017,Train,5,1.0,5911.5,5917.375,time,-0.5,-1.5
2017-07-21,2017,Train,5,2.0,5911.5,5917.375,time,-0.5,-2.5
2017-07-21,2017,Train,10,1.0,5911.5,5917.375,time,-1.25,-2.25
2017-07-21,2017,Train,10,2.0,5911.5,5917.375,time,-1.25,-3.25
2017-07-21,2017,Train,15,1.0,5911.5,5917.375,time,-0.75,-1.75
2017-07-21,2017,Train,15,2.0,5911.5,5917.375,time,-0.75,-2.75
2017-07-25,2017,Train,3,1.0,5936.25,5941.5625,time,-0.75,-1.75
2017-07-25,2017,Train,3,2.0,5936.25,5941.5625,time,-0.75,-2.75
2017-07-25,2017,Train,5,1.0,5936.25,5941.5625,time,-0.25,-1.25
2017-07-25,2017,Train,5,2.0,5936.25,5941.5625,time,-0.25,-2.25
2017-07-25,2017,Train,10,1.0,5936.25,5941.5625,time,-2.0,-3.0
2017-07-25,2017,Train,10,2.0,5936.25,5941.5625,time,-2.0,-4.0
2017-07-25,2017,Train,15,1.0,5936.25,5941.5625,time,-1.5,-2.5
2017-07-25,2017,Train,15,2.0,5936.25,5941.5625,time,-1.5,-3.5
2017-08-09,2017,Train,3,1.0,5893.5,5901.6875,time,-5.0,-6.0
2017-08-09,2017,Train,3,2.0,5893.5,5901.6875,time,-5.0,-7.0
2017-08-09,2017,Train,5,1.0,5893.5,5901.6875,time,-5.0,-6.0
2017-08-09,2017,Train,5,2.0,5893.5,5901.6875,time,-5.0,-7.0
2017-08-09,2017,Train,10,1.0,5893.5,5901.6875,time,-4.0,-5.0
2017-08-09,2017,Train,10,2.0,5893.5,5901.6875,time,-4.0,-6.0
2017-08-09,2017,Train,15,1.0,5893.5,5901.6875,time,-5.0,-6.0
2017-08-09,2017,Train,15,2.0,5893.5,5901.6875,time,-5.0,-7.0
2017-08-11,2017,Train,3,1.0,5828.5,5840.375,time,2.25,1.25
2017-08-11,2017,Train,3,2.0,5828.5,5840.375,time,2.25,0.25
2017-08-11,2017,Train,5,1.0,5828.5,5840.375,time,1.0,0.0
2017-08-11,2017,Train,5,2.0,5828.5,5840.375,time,1.0,-1.0
2017-08-11,2017,Train,10,1.0,5828.5,5840.375,time,-1.0,-2.0
2017-08-11,2017,Train,10,2.0,5828.5,5840.375,time,-1.0,-3.0
2017-08-11,2017,Train,15,1.0,5828.5,5840.375,time,-4.75,-5.75
2017-08-11,2017,Train,15,2.0,5828.5,5840.375,time,-4.75,-6.75
2017-08-14,2017,Train,3,1.0,5899.5,5905.4375,time,0.25,-0.75
2017-08-14,2017,Train,3,2.0,5899.5,5905.4375,time,0.25,-1.75
2017-08-14,2017,Train,5,1.0,5899.5,5905.4375,time,-0.5,-1.5
2017-08-14,2017,Train,5,2.0,5899.5,5905.4375,time,-0.5,-2.5
2017-08-14,2017,Train,10,1.0,5899.5,5905.4375,time,-1.25,-2.25
2017-08-14,2017,Train,10,2.0,5899.5,5905.4375,time,-1.25,-3.25
2017-08-14,2017,Train,15,1.0,5899.5,5905.4375,time,1.0,0.0
2017-08-14,2017,Train,15,2.0,5899.5,5905.4375,time,1.0,-1.0
2017-08-16,2017,Train,3,1.0,5918.25,5923.5,time,-2.25,-3.25
2017-08-16,2017,Train,3,2.0,5918.25,5923.5,time,-2.25,-4.25
2017-08-16,2017,Train,5,1.0,5918.25,5923.5,stop,-5.25,-6.25
2017-08-16,2017,Train,5,2.0,5918.25,5923.5,stop,-5.25,-7.25
2017-08-16,2017,Train,10,1.0,5918.25,5923.5,stop,-5.25,-6.25
2017-08-16,2017,Train,10,2.0,5918.25,5923.5,stop,-5.25,-7.25
2017-08-16,2017,Train,15,1.0,5918.25,5923.5,stop,-5.25,-6.25
2017-08-16,2017,Train,15,2.0,5918.25,5923.5,stop,-5.25,-7.25
2017-08-18,2017,Train,3,1.0,5809.5,5818.8125,time,-3.75,-4.75
2017-08-18,2017,Train,3,2.0,5809.5,5818.8125,time,-3.75,-5.75
2017-08-18,2017,Train,5,1.0,5809.5,5818.8125,time,-4.75,-5.75
2017-08-18,2017,Train,5,2.0,5809.5,5818.8125,time,-4.75,-6.75
2017-08-18,2017,Train,10,1.0,5809.5,5818.8125,time,-2.5,-3.5
2017-08-18,2017,Train,10,2.0,5809.5,5818.8125,time,-2.5,-4.5
2017-08-18,2017,Train,15,1.0,5809.5,5818.8125,time,6.0,5.0
2017-08-18,2017,Train,15,2.0,5809.5,5818.8125,time,6.0,4.0
2017-08-23,2017,Train,3,1.0,5860.5,5865.625,time,1.0,0.0
2017-08-23,2017,Train,3,2.0,5860.5,5865.625,time,1.0,-1.0
2017-08-23,2017,Train,5,1.0,5860.5,5865.625,time,-0.75,-1.75
2017-08-23,2017,Train,5,2.0,5860.5,5865.625,time,-0.75,-2.75
2017-08-23,2017,Train,10,1.0,5860.5,5865.625,time,-1.0,-2.0
2017-08-23,2017,Train,10,2.0,5860.5,5865.625,time,-1.0,-3.0
2017-08-23,2017,Train,15,1.0,5860.5,5865.625,time,-2.0,-3.0
2017-08-23,2017,Train,15,2.0,5860.5,5865.625,time,-2.0,-4.0
2017-08-28,2017,Train,3,1.0,5843.75,5848.875,time,1.0,0.0
2017-08-28,2017,Train,3,2.0,5843.75,5848.875,time,1.0,-1.0
2017-08-28,2017,Train,5,1.0,5843.75,5848.875,time,5.5,4.5
2017-08-28,2017,Train,5,2.0,5843.75,5848.875,time,5.5,3.5
2017-08-28,2017,Train,10,1.0,5843.75,5848.875,time,7.5,6.5
2017-08-28,2017,Train,10,2.0,5843.75,5848.875,time,7.5,5.5
2017-08-28,2017,Train,15,1.0,5843.75,5848.875,time,5.25,4.25
2017-08-28,2017,Train,15,2.0,5843.75,5848.875,time,5.25,3.25
2017-08-31,2017,Train,3,1.0,5975.75,5983.125,time,-1.75,-2.75
2017-08-31,2017,Train,3,2.0,5975.75,5983.125,time,-1.75,-3.75
2017-08-31,2017,Train,5,1.0,5975.75,5983.125,time,-4.0,-5.0
2017-08-31,2017,Train,5,2.0,5975.75,5983.125,time,-4.0,-6.0
2017-08-31,2017,Train,10,1.0,5975.75,5983.125,stop,-7.375,-8.375
2017-08-31,2017,Train,10,2.0,5975.75,5983.125,stop,-7.375,-9.375
2017-08-31,2017,Train,15,1.0,5975.75,5983.125,stop,-7.375,-8.375
2017-08-31,2017,Train,15,2.0,5975.75,5983.125,stop,-7.375,-9.375
2017-09-04,2017,Train,3,1.0,5972.25,5974.5625,time,-1.5,-2.5
2017-09-04,2017,Train,3,2.0,5972.25,5974.5625,time,-1.5,-3.5
2017-09-04,2017,Train,5,1.0,5972.25,5974.5625,time,-0.5,-1.5
2017-09-04,2017,Train,5,2.0,5972.25,5974.5625,time,-0.5,-2.5
2017-09-04,2017,Train,10,1.0,5972.25,5974.5625,stop,-2.3125,-3.3125
2017-09-04,2017,Train,10,2.0,5972.25,5974.5625,stop,-2.3125,-4.3125
2017-09-04,2017,Train,15,1.0,5972.25,5974.5625,stop,-2.3125,-3.3125
2017-09-04,2017,Train,15,2.0,5972.25,5974.5625,stop,-2.3125,-4.3125
2017-09-07,2017,Train,3,1.0,5964.25,5969.625,time,-0.75,-1.75
2017-09-07,2017,Train,3,2.0,5964.25,5969.625,time,-0.75,-2.75
2017-09-07,2017,Train,5,1.0,5964.25,5969.625,time,-1.5,-2.5
2017-09-07,2017,Train,5,2.0,5964.25,5969.625,time,-1.5,-3.5
2017-09-07,2017,Train,10,1.0,5964.25,5969.625,time,-3.5,-4.5
2017-09-07,2017,Train,10,2.0,5964.25,5969.625,time,-3.5,-5.5
2017-09-07,2017,Train,15,1.0,5964.25,5969.625,time,-3.75,-4.75
2017-09-07,2017,Train,15,2.0,5964.25,5969.625,time,-3.75,-5.75
2017-09-14,2017,Train,3,1.0,5989.0,5994.0625,time,1.75,0.75
2017-09-14,2017,Train,3,2.0,5989.0,5994.0625,time,1.75,-0.25
2017-09-14,2017,Train,5,1.0,5989.0,5994.0625,time,2.25,1.25
2017-09-14,2017,Train,5,2.0,5989.0,5994.0625,time,2.25,0.25
2017-09-14,2017,Train,10,1.0,5989.0,5994.0625,time,4.25,3.25
2017-09-14,2017,Train,10,2.0,5989.0,5994.0625,time,4.25,2.25
2017-09-14,2017,Train,15,1.0,5989.0,5994.0625,time,7.0,6.0
2017-09-14,2017,Train,15,2.0,5989.0,5994.0625,time,7.0,5.0
2017-09-19,2017,Train,3,1.0,5996.5,6002.375,time,-2.25,-3.25
2017-09-19,2017,Train,3,2.0,5996.5,6002.375,time,-2.25,-4.25
2017-09-19,2017,Train,5,1.0,5996.5,6002.375,time,-2.0,-3.0
2017-09-19,2017,Train,5,2.0,5996.5,6002.375,time,-2.0,-4.0
2017-09-19,2017,Train,10,1.0,5996.5,6002.375,time,1.75,0.75
2017-09-19,2017,Train,10,2.0,5996.5,6002.375,time,1.75,-0.25
2017-09-19,2017,Train,15,1.0,5996.5,6002.375,time,0.75,-0.25
2017-09-19,2017,Train,15,2.0,5996.5,6002.375,time,0.75,-1.25
2017-09-29,2017,Train,3,1.0,5956.5,5962.5625,time,1.0,0.0
2017-09-29,2017,Train,3,2.0,5956.5,5962.5625,time,1.0,-1.0
2017-09-29,2017,Train,5,1.0,5956.5,5962.5625,time,2.5,1.5
2017-09-29,2017,Train,5,2.0,5956.5,5962.5625,time,2.5,0.5
2017-09-29,2017,Train,10,1.0,5956.5,5962.5625,time,1.5,0.5
2017-09-29,2017,Train,10,2.0,5956.5,5962.5625,time,1.5,-0.5
2017-09-29,2017,Train,15,1.0,5956.5,5962.5625,time,0.5,-0.5
2017-09-29,2017,Train,15,2.0,5956.5,5962.5625,time,0.5,-1.5
2017-10-04,2017,Train,3,1.0,5988.5,5992.8125,time,-1.25,-2.25
2017-10-04,2017,Train,3,2.0,5988.5,5992.8125,time,-1.25,-3.25
2017-10-04,2017,Train,5,1.0,5988.5,5992.8125,time,-2.25,-3.25
2017-10-04,2017,Train,5,2.0,5988.5,5992.8125,time,-2.25,-4.25
2017-10-04,2017,Train,10,1.0,5988.5,5992.8125,time,-1.5,-2.5
2017-10-04,2017,Train,10,2.0,5988.5,5992.8125,time,-1.5,-3.5
2017-10-04,2017,Train,15,1.0,5988.5,5992.8125,stop,-4.3125,-5.3125
2017-10-04,2017,Train,15,2.0,5988.5,5992.8125,stop,-4.3125,-6.3125
2017-10-06,2017,Train,3,1.0,6063.5,6069.25,time,-0.5,-1.5
2017-10-06,2017,Train,3,2.0,6063.5,6069.25,time,-0.5,-2.5
2017-10-06,2017,Train,5,1.0,6063.5,6069.25,time,0.5,-0.5
2017-10-06,2017,Train,5,2.0,6063.5,6069.25,time,0.5,-1.5
2017-10-06,2017,Train,10,1.0,6063.5,6069.25,time,4.75,3.75
2017-10-06,2017,Train,10,2.0,6063.5,6069.25,time,4.75,2.75
2017-10-06,2017,Train,15,1.0,6063.5,6069.25,time,2.25,1.25
2017-10-06,2017,Train,15,2.0,6063.5,6069.25,time,2.25,0.25
2017-10-11,2017,Train,3,1.0,6071.5,6076.25,time,-1.0,-2.0
2017-10-11,2017,Train,3,2.0,6071.5,6076.25,time,-1.0,-3.0
2017-10-11,2017,Train,5,1.0,6071.5,6076.25,time,-1.5,-2.5
2017-10-11,2017,Train,5,2.0,6071.5,6076.25,time,-1.5,-3.5
2017-10-11,2017,Train,10,1.0,6071.5,6076.25,time,-1.0,-2.0
2017-10-11,2017,Train,10,2.0,6071.5,6076.25,time,-1.0,-3.0
2017-10-11,2017,Train,15,1.0,6071.5,6076.25,time,-0.5,-1.5
2017-10-11,2017,Train,15,2.0,6071.5,6076.25,time,-0.5,-2.5
2017-10-12,2017,Train,3,1.0,6085.0,6089.625,time,-0.5,-1.5
2017-10-12,2017,Train,3,2.0,6085.0,6089.625,time,-0.5,-2.5
2017-10-12,2017,Train,5,1.0,6085.0,6089.625,time,-1.5,-2.5
2017-10-12,2017,Train,5,2.0,6085.0,6089.625,time,-1.5,-3.5
2017-10-12,2017,Train,10,1.0,6085.0,6089.625,time,-1.25,-2.25
2017-10-12,2017,Train,10,2.0,6085.0,6089.625,time,-1.25,-3.25
2017-10-12,2017,Train,15,1.0,6085.0,6089.625,time,-3.5,-4.5
2017-10-12,2017,Train,15,2.0,6085.0,6089.625,time,-3.5,-5.5
2017-10-17,2017,Train,3,1.0,6115.25,6118.0625,time,-1.0,-2.0
2017-10-17,2017,Train,3,2.0,6115.25,6118.0625,time,-1.0,-3.0
2017-10-17,2017,Train,5,1.0,6115.25,6118.0625,time,-1.25,-2.25
2017-10-17,2017,Train,5,2.0,6115.25,6118.0625,time,-1.25,-3.25
2017-10-17,2017,Train,10,1.0,6115.25,6118.0625,time,-0.5,-1.5
2017-10-17,2017,Train,10,2.0,6115.25,6118.0625,time,-0.5,-2.5
2017-10-17,2017,Train,15,1.0,6115.25,6118.0625,time,0.75,-0.25
2017-10-17,2017,Train,15,2.0,6115.25,6118.0625,time,0.75,-1.25
2017-10-24,2017,Train,3,1.0,6081.75,6087.875,time,0.0,-1.0
2017-10-24,2017,Train,3,2.0,6081.75,6087.875,time,0.0,-2.0
2017-10-24,2017,Train,5,1.0,6081.75,6087.875,time,0.25,-0.75
2017-10-24,2017,Train,5,2.0,6081.75,6087.875,time,0.25,-1.75
2017-10-24,2017,Train,10,1.0,6081.75,6087.875,time,1.75,0.75
2017-10-24,2017,Train,10,2.0,6081.75,6087.875,time,1.75,-0.25
2017-10-24,2017,Train,15,1.0,6081.75,6087.875,time,0.0,-1.0
2017-10-24,2017,Train,15,2.0,6081.75,6087.875,time,0.0,-2.0
2017-10-31,2017,Train,3,1.0,6247.25,6252.375,time,4.25,3.25
2017-10-31,2017,Train,3,2.0,6247.25,6252.375,time,4.25,2.25
2017-10-31,2017,Train,5,1.0,6247.25,6252.375,time,4.0,3.0
2017-10-31,2017,Train,5,2.0,6247.25,6252.375,time,4.0,2.0
2017-10-31,2017,Train,10,1.0,6247.25,6252.375,time,3.75,2.75
2017-10-31,2017,Train,10,2.0,6247.25,6252.375,time,3.75,1.75
2017-10-31,2017,Train,15,1.0,6247.25,6252.375,time,6.25,5.25
2017-10-31,2017,Train,15,2.0,6247.25,6252.375,time,6.25,4.25
2017-11-10,2017,Train,3,1.0,6304.5,6309.5,time,-0.25,-1.25
2017-11-10,2017,Train,3,2.0,6304.5,6309.5,time,-0.25,-2.25
2017-11-10,2017,Train,5,1.0,6304.5,6309.5,time,-0.5,-1.5
2017-11-10,2017,Train,5,2.0,6304.5,6309.5,time,-0.5,-2.5
2017-11-10,2017,Train,10,1.0,6304.5,6309.5,time,1.75,0.75
2017-11-10,2017,Train,10,2.0,6304.5,6309.5,time,1.75,-0.25
2017-11-10,2017,Train,15,1.0,6304.5,6309.5,time,1.75,0.75
2017-11-10,2017,Train,15,2.0,6304.5,6309.5,time,1.75,-0.25
2017-11-13,2017,Train,3,1.0,6315.75,6323.875,time,-0.75,-1.75
2017-11-13,2017,Train,3,2.0,6315.75,6323.875,time,-0.75,-2.75
2017-11-13,2017,Train,5,1.0,6315.75,6323.875,time,0.0,-1.0
2017-11-13,2017,Train,5,2.0,6315.75,6323.875,time,0.0,-2.0
2017-11-13,2017,Train,10,1.0,6315.75,6323.875,time,-0.25,-1.25
2017-11-13,2017,Train,10,2.0,6315.75,6323.875,time,-0.25,-2.25
2017-11-13,2017,Train,15,1.0,6315.75,6323.875,time,1.5,0.5
2017-11-13,2017,Train,15,2.0,6315.75,6323.875,time,1.5,-0.5
2017-11-14,2017,Train,3,1.0,6297.25,6306.0,time,1.25,0.25
2017-11-14,2017,Train,3,2.0,6297.25,6306.0,time,1.25,-0.75
2017-11-14,2017,Train,5,1.0,6297.25,6306.0,time,4.0,3.0
2017-11-14,2017,Train,5,2.0,6297.25,6306.0,time,4.0,2.0
2017-11-14,2017,Train,10,1.0,6297.25,6306.0,time,5.75,4.75
2017-11-14,2017,Train,10,2.0,6297.25,6306.0,time,5.75,3.75
2017-11-14,2017,Train,15,1.0,6297.25,6306.0,time,5.0,4.0
2017-11-14,2017,Train,15,2.0,6297.25,6306.0,time,5.0,3.0
2017-11-15,2017,Train,3,1.0,6266.25,6275.6875,time,0.25,-0.75
2017-11-15,2017,Train,3,2.0,6266.25,6275.6875,time,0.25,-1.75
2017-11-15,2017,Train,5,1.0,6266.25,6275.6875,time,-0.25,-1.25
2017-11-15,2017,Train,5,2.0,6266.25,6275.6875,time,-0.25,-2.25
2017-11-15,2017,Train,10,1.0,6266.25,6275.6875,time,-7.0,-8.0
2017-11-15,2017,Train,10,2.0,6266.25,6275.6875,time,-7.0,-9.0
2017-11-15,2017,Train,15,1.0,6266.25,6275.6875,stop,-9.4375,-10.4375
2017-11-15,2017,Train,15,2.0,6266.25,6275.6875,stop,-9.4375,-11.4375
2017-11-21,2017,Train,3,1.0,6379.0,6389.1875,time,0.5,-0.5
2017-11-21,2017,Train,3,2.0,6379.0,6389.1875,time,0.5,-1.5
2017-11-21,2017,Train,5,1.0,6379.0,6389.1875,time,1.25,0.25
2017-11-21,2017,Train,5,2.0,6379.0,6389.1875,time,1.25,-0.75
2017-11-21,2017,Train,10,1.0,6379.0,6389.1875,time,0.25,-0.75
2017-11-21,2017,Train,10,2.0,6379.0,6389.1875,time,0.25,-1.75
2017-11-21,2017,Train,15,1.0,6379.0,6389.1875,time,-0.5,-1.5
2017-11-21,2017,Train,15,2.0,6379.0,6389.1875,time,-0.5,-2.5
2017-11-24,2017,Train,3,1.0,6402.0,6404.5,time,-0.5,-1.5
2017-11-24,2017,Train,3,2.0,6402.0,6404.5,time,-0.5,-2.5
2017-11-24,2017,Train,5,1.0,6402.0,6404.5,time,-1.0,-2.0
2017-11-24,2017,Train,5,2.0,6402.0,6404.5,time,-1.0,-3.0
2017-11-24,2017,Train,10,1.0,6402.0,6404.5,stop,-2.5,-3.5
2017-11-24,2017,Train,10,2.0,6402.0,6404.5,stop,-2.5,-4.5
2017-11-24,2017,Train,15,1.0,6402.0,6404.5,stop,-2.5,-3.5
2017-11-24,2017,Train,15,2.0,6402.0,6404.5,stop,-2.5,-4.5
2017-11-28,2017,Train,3,1.0,6424.25,6427.8125,time,2.0,1.0
2017-11-28,2017,Train,3,2.0,6424.25,6427.8125,time,2.0,0.0
2017-11-28,2017,Train,5,1.0,6424.25,6427.8125,time,2.0,1.0
2017-11-28,2017,Train,5,2.0,6424.25,6427.8125,time,2.0,0.0
2017-11-28,2017,Train,10,1.0,6424.25,6427.8125,time,4.5,3.5
2017-11-28,2017,Train,10,2.0,6424.25,6427.8125,time,4.5,2.5
2017-11-28,2017,Train,15,1.0,6424.25,6427.8125,time,6.5,5.5
2017-11-28,2017,Train,15,2.0,6424.25,6427.8125,time,6.5,4.5
2017-11-30,2017,Train,3,1.0,6350.5,6357.4375,time,0.25,-0.75
2017-11-30,2017,Train,3,2.0,6350.5,6357.4375,time,0.25,-1.75
2017-11-30,2017,Train,5,1.0,6350.5,6357.4375,time,0.25,-0.75
2017-11-30,2017,Train,5,2.0,6350.5,6357.4375,time,0.25,-1.75
2017-11-30,2017,Train,10,1.0,6350.5,6357.4375,stop,-6.9375,-7.9375
2017-11-30,2017,Train,10,2.0,6350.5,6357.4375,stop,-6.9375,-8.9375
2017-11-30,2017,Train,15,1.0,6350.5,6357.4375,stop,-6.9375,-7.9375
2017-11-30,2017,Train,15,2.0,6350.5,6357.4375,stop,-6.9375,-8.9375
2017-12-05,2017,Train,3,1.0,6315.75,6336.0,time,2.75,1.75
2017-12-05,2017,Train,3,2.0,6315.75,6336.0,time,2.75,0.75
2017-12-05,2017,Train,5,1.0,6315.75,6336.0,time,5.75,4.75
2017-12-05,2017,Train,5,2.0,6315.75,6336.0,time,5.75,3.75
2017-12-05,2017,Train,10,1.0,6315.75,6336.0,time,6.25,5.25
2017-12-05,2017,Train,10,2.0,6315.75,6336.0,time,6.25,4.25
2017-12-05,2017,Train,15,1.0,6315.75,6336.0,time,2.5,1.5
2017-12-05,2017,Train,15,2.0,6315.75,6336.0,time,2.5,0.5
2017-12-07,2017,Train,3,1.0,6316.25,6323.125,time,-3.5,-4.5
2017-12-07,2017,Train,3,2.0,6316.25,6323.125,time,-3.5,-5.5
2017-12-07,2017,Train,5,1.0,6316.25,6323.125,stop,-6.875,-7.875
2017-12-07,2017,Train,5,2.0,6316.25,6323.125,stop,-6.875,-8.875
2017-12-07,2017,Train,10,1.0,6316.25,6323.125,stop,-6.875,-7.875
2017-12-07,2017,Train,10,2.0,6316.25,6323.125,stop,-6.875,-8.875
2017-12-07,2017,Train,15,1.0,6316.25,6323.125,stop,-6.875,-7.875
2017-12-07,2017,Train,15,2.0,6316.25,6323.125,stop,-6.875,-8.875
2017-12-11,2017,Train,3,1.0,6384.75,6390.25,time,0.25,-0.75
2017-12-11,2017,Train,3,2.0,6384.75,6390.25,time,0.25,-1.75
2017-12-11,2017,Train,5,1.0,6384.75,6390.25,time,-0.5,-1.5
2017-12-11,2017,Train,5,2.0,6384.75,6390.25,time,-0.5,-2.5
2017-12-11,2017,Train,10,1.0,6384.75,6390.25,time,-1.75,-2.75
2017-12-11,2017,Train,10,2.0,6384.75,6390.25,time,-1.75,-3.75
2017-12-11,2017,Train,15,1.0,6384.75,6390.25,time,-2.25,-3.25
2017-12-11,2017,Train,15,2.0,6384.75,6390.25,time,-2.25,-4.25
2017-12-12,2017,Train,3,1.0,6413.75,6419.6875,time,-3.5,-4.5
2017-12-12,2017,Train,3,2.0,6413.75,6419.6875,time,-3.5,-5.5
2017-12-12,2017,Train,5,1.0,6413.75,6419.6875,time,-5.0,-6.0
2017-12-12,2017,Train,5,2.0,6413.75,6419.6875,time,-5.0,-7.0
2017-12-12,2017,Train,10,1.0,6413.75,6419.6875,stop,-5.9375,-6.9375
2017-12-12,2017,Train,10,2.0,6413.75,6419.6875,stop,-5.9375,-7.9375
2017-12-12,2017,Train,15,1.0,6413.75,6419.6875,stop,-5.9375,-6.9375
2017-12-12,2017,Train,15,2.0,6413.75,6419.6875,stop,-5.9375,-7.9375
2017-12-18,2017,Train,3,1.0,6533.75,6539.125,time,-1.5,-2.5
2017-12-18,2017,Train,3,2.0,6533.75,6539.125,time,-1.5,-3.5
2017-12-18,2017,Train,5,1.0,6533.75,6539.125,time,-0.5,-1.5
2017-12-18,2017,Train,5,2.0,6533.75,6539.125,time,-0.5,-2.5
2017-12-18,2017,Train,10,1.0,6533.75,6539.125,time,-1.5,-2.5
2017-12-18,2017,Train,10,2.0,6533.75,6539.125,time,-1.5,-3.5
2017-12-18,2017,Train,15,1.0,6533.75,6539.125,time,-2.5,-3.5
2017-12-18,2017,Train,15,2.0,6533.75,6539.125,time,-2.5,-4.5
2017-12-21,2017,Train,3,1.0,6507.25,6513.6875,time,2.25,1.25
2017-12-21,2017,Train,3,2.0,6507.25,6513.6875,time,2.25,0.25
2017-12-21,2017,Train,5,1.0,6507.25,6513.6875,time,2.0,1.0
2017-12-21,2017,Train,5,2.0,6507.25,6513.6875,time,2.0,0.0
2017-12-21,2017,Train,10,1.0,6507.25,6513.6875,time,0.75,-0.25
2017-12-21,2017,Train,10,2.0,6507.25,6513.6875,time,0.75,-1.25
2017-12-21,2017,Train,15,1.0,6507.25,6513.6875,time,-0.5,-1.5
2017-12-21,2017,Train,15,2.0,6507.25,6513.6875,time,-0.5,-2.5
2017-12-22,2017,Train,3,1.0,6487.25,6492.4375,time,1.0,0.0
2017-12-22,2017,Train,3,2.0,6487.25,6492.4375,time,1.0,-1.0
2017-12-22,2017,Train,5,1.0,6487.25,6492.4375,time,1.0,0.0
2017-12-22,2017,Train,5,2.0,6487.25,6492.4375,time,1.0,-1.0
2017-12-22,2017,Train,10,1.0,6487.25,6492.4375,time,0.75,-0.25
2017-12-22,2017,Train,10,2.0,6487.25,6492.4375,time,0.75,-1.25
2017-12-22,2017,Train,15,1.0,6487.25,6492.4375,time,1.5,0.5
2017-12-22,2017,Train,15,2.0,6487.25,6492.4375,time,1.5,-0.5
2017-12-26,2017,Train,3,1.0,6460.75,6467.8125,time,0.25,-0.75
2017-12-26,2017,Train,3,2.0,6460.75,6467.8125,time,0.25,-1.75
2017-12-26,2017,Train,5,1.0,6460.75,6467.8125,time,-0.5,-1.5
2017-12-26,2017,Train,5,2.0,6460.75,6467.8125,time,-0.5,-2.5
2017-12-26,2017,Train,10,1.0,6460.75,6467.8125,time,-1.5,-2.5
2017-12-26,2017,Train,10,2.0,6460.75,6467.8125,time,-1.5,-3.5
2017-12-26,2017,Train,15,1.0,6460.75,6467.8125,time,-2.0,-3.0
2017-12-26,2017,Train,15,2.0,6460.75,6467.8125,time,-2.0,-4.0
2018-01-03,2018,Train,3,1.0,6568.25,6578.875,time,-1.0,-2.0
2018-01-03,2018,Train,3,2.0,6568.25,6578.875,time,-1.0,-3.0
2018-01-03,2018,Train,5,1.0,6568.25,6578.875,time,-4.5,-5.5
2018-01-03,2018,Train,5,2.0,6568.25,6578.875,time,-4.5,-6.5
2018-01-03,2018,Train,10,1.0,6568.25,6578.875,time,-4.25,-5.25
2018-01-03,2018,Train,10,2.0,6568.25,6578.875,time,-4.25,-6.25
2018-01-03,2018,Train,15,1.0,6568.25,6578.875,time,-7.0,-8.0
2018-01-03,2018,Train,15,2.0,6568.25,6578.875,time,-7.0,-9.0
2018-01-05,2018,Train,3,1.0,6634.0,6639.0,time,-2.0,-3.0
2018-01-05,2018,Train,3,2.0,6634.0,6639.0,time,-2.0,-4.0
2018-01-05,2018,Train,5,1.0,6634.0,6639.0,time,-0.25,-1.25
2018-01-05,2018,Train,5,2.0,6634.0,6639.0,time,-0.25,-2.25
2018-01-05,2018,Train,10,1.0,6634.0,6639.0,time,-1.5,-2.5
2018-01-05,2018,Train,10,2.0,6634.0,6639.0,time,-1.5,-3.5
2018-01-05,2018,Train,15,1.0,6634.0,6639.0,stop,-5.0,-6.0
2018-01-05,2018,Train,15,2.0,6634.0,6639.0,stop,-5.0,-7.0
2018-01-08,2018,Train,3,1.0,6676.75,6682.0625,time,1.75,0.75
2018-01-08,2018,Train,3,2.0,6676.75,6682.0625,time,1.75,-0.25
2018-01-08,2018,Train,5,1.0,6676.75,6682.0625,time,3.75,2.75
2018-01-08,2018,Train,5,2.0,6676.75,6682.0625,time,3.75,1.75
2018-01-08,2018,Train,10,1.0,6676.75,6682.0625,time,-0.75,-1.75
2018-01-08,2018,Train,10,2.0,6676.75,6682.0625,time,-0.75,-2.75
2018-01-08,2018,Train,15,1.0,6676.75,6682.0625,time,-1.5,-2.5
2018-01-08,2018,Train,15,2.0,6676.75,6682.0625,time,-1.5,-3.5
2018-01-09,2018,Train,3,1.0,6702.25,6711.5625,time,1.75,0.75
2018-01-09,2018,Train,3,2.0,6702.25,6711.5625,time,1.75,-0.25
2018-01-09,2018,Train,5,1.0,6702.25,6711.5625,time,1.5,0.5
2018-01-09,2018,Train,5,2.0,6702.25,6711.5625,time,1.5,-0.5
2018-01-09,2018,Train,10,1.0,6702.25,6711.5625,time,0.75,-0.25
2018-01-09,2018,Train,10,2.0,6702.25,6711.5625,time,0.75,-1.25
2018-01-09,2018,Train,15,1.0,6702.25,6711.5625,time,1.75,0.75
2018-01-09,2018,Train,15,2.0,6702.25,6711.5625,time,1.75,-0.25
2018-01-10,2018,Train,3,1.0,6664.5,6674.6875,time,0.75,-0.25
2018-01-10,2018,Train,3,2.0,6664.5,6674.6875,time,0.75,-1.25
2018-01-10,2018,Train,5,1.0,6664.5,6674.6875,time,4.75,3.75
2018-01-10,2018,Train,5,2.0,6664.5,6674.6875,time,4.75,2.75
2018-01-10,2018,Train,10,1.0,6664.5,6674.6875,time,6.75,5.75
2018-01-10,2018,Train,10,2.0,6664.5,6674.6875,time,6.75,4.75
2018-01-10,2018,Train,15,1.0,6664.5,6674.6875,time,10.0,9.0
2018-01-10,2018,Train,15,2.0,6664.5,6674.6875,time,10.0,8.0
2018-01-17,2018,Train,3,1.0,6781.75,6789.4375,time,-0.5,-1.5
2018-01-17,2018,Train,3,2.0,6781.75,6789.4375,time,-0.5,-2.5
2018-01-17,2018,Train,5,1.0,6781.75,6789.4375,time,1.5,0.5
2018-01-17,2018,Train,5,2.0,6781.75,6789.4375,time,1.5,-0.5
2018-01-17,2018,Train,10,1.0,6781.75,6789.4375,time,0.75,-0.25
2018-01-17,2018,Train,10,2.0,6781.75,6789.4375,time,0.75,-1.25
2018-01-17,2018,Train,15,1.0,6781.75,6789.4375,time,0.25,-0.75
2018-01-17,2018,Train,15,2.0,6781.75,6789.4375,time,0.25,-1.75
2018-01-18,2018,Train,3,1.0,6826.0,6833.625,time,0.5,-0.5
2018-01-18,2018,Train,3,2.0,6826.0,6833.625,time,0.5,-1.5
2018-01-18,2018,Train,5,1.0,6826.0,6833.625,time,4.5,3.5
2018-01-18,2018,Train,5,2.0,6826.0,6833.625,time,4.5,2.5
2018-01-18,2018,Train,10,1.0,6826.0,6833.625,time,0.0,-1.0
2018-01-18,2018,Train,10,2.0,6826.0,6833.625,time,0.0,-2.0
2018-01-18,2018,Train,15,1.0,6826.0,6833.625,time,-3.0,-4.0
2018-01-18,2018,Train,15,2.0,6826.0,6833.625,time,-3.0,-5.0
2018-01-22,2018,Train,3,1.0,6877.5,6889.3125,time,-4.75,-5.75
2018-01-22,2018,Train,3,2.0,6877.5,6889.3125,time,-4.75,-6.75
2018-01-22,2018,Train,5,1.0,6877.5,6889.3125,time,-4.0,-5.0
2018-01-22,2018,Train,5,2.0,6877.5,6889.3125,time,-4.0,-6.0
2018-01-22,2018,Train,10,1.0,6877.5,6889.3125,time,-6.75,-7.75
2018-01-22,2018,Train,10,2.0,6877.5,6889.3125,time,-6.75,-8.75
2018-01-22,2018,Train,15,1.0,6877.5,6889.3125,time,-4.75,-5.75
2018-01-22,2018,Train,15,2.0,6877.5,6889.3125,time,-4.75,-6.75
2018-01-23,2018,Train,3,1.0,6966.25,6974.25,time,3.75,2.75
2018-01-23,2018,Train,3,2.0,6966.25,6974.25,time,3.75,1.75
2018-01-23,2018,Train,5,1.0,6966.25,6974.25,time,-0.5,-1.5
2018-01-23,2018,Train,5,2.0,6966.25,6974.25,time,-0.5,-2.5
2018-01-23,2018,Train,10,1.0,6966.25,6974.25,time,2.75,1.75
2018-01-23,2018,Train,10,2.0,6966.25,6974.25,time,2.75,0.75
2018-01-23,2018,Train,15,1.0,6966.25,6974.25,time,0.25,-0.75
2018-01-23,2018,Train,15,2.0,6966.25,6974.25,time,0.25,-1.75
2018-01-26,2018,Train,3,1.0,6972.0,6977.9375,time,-2.25,-3.25
2018-01-26,2018,Train,3,2.0,6972.0,6977.9375,time,-2.25,-4.25
2018-01-26,2018,Train,5,1.0,6972.0,6977.9375,time,-4.0,-5.0
2018-01-26,2018,Train,5,2.0,6972.0,6977.9375,time,-4.0,-6.0
2018-01-26,2018,Train,10,1.0,6972.0,6977.9375,stop,-5.9375,-6.9375
2018-01-26,2018,Train,10,2.0,6972.0,6977.9375,stop,-5.9375,-7.9375
2018-01-26,2018,Train,15,1.0,6972.0,6977.9375,stop,-5.9375,-6.9375
2018-01-26,2018,Train,15,2.0,6972.0,6977.9375,stop,-5.9375,-7.9375
2018-01-30,2018,Train,3,1.0,6947.25,6959.0,time,-7.75,-8.75
2018-01-30,2018,Train,3,2.0,6947.25,6959.0,time,-7.75,-9.75
2018-01-30,2018,Train,5,1.0,6947.25,6959.0,time,1.5,0.5
2018-01-30,2018,Train,5,2.0,6947.25,6959.0,time,1.5,-0.5
2018-01-30,2018,Train,10,1.0,6947.25,6959.0,stop,-11.75,-12.75
2018-01-30,2018,Train,10,2.0,6947.25,6959.0,stop,-11.75,-13.75
2018-01-30,2018,Train,15,1.0,6947.25,6959.0,stop,-11.75,-12.75
2018-01-30,2018,Train,15,2.0,6947.25,6959.0,stop,-11.75,-13.75
2018-02-01,2018,Train,3,1.0,6960.5,6973.375,time,4.5,3.5
2018-02-01,2018,Train,3,2.0,6960.5,6973.375,time,4.5,2.5
2018-02-01,2018,Train,5,1.0,6960.5,6973.375,time,4.5,3.5
2018-02-01,2018,Train,5,2.0,6960.5,6973.375,time,4.5,2.5
2018-02-01,2018,Train,10,1.0,6960.5,6973.375,time,3.75,2.75
2018-02-01,2018,Train,10,2.0,6960.5,6973.375,time,3.75,1.75
2018-02-01,2018,Train,15,1.0,6960.5,6973.375,time,0.75,-0.25
2018-02-01,2018,Train,15,2.0,6960.5,6973.375,time,0.75,-1.25
2018-02-07,2018,Train,3,1.0,6689.0,6705.5625,time,0.75,-0.25
2018-02-07,2018,Train,3,2.0,6689.0,6705.5625,time,0.75,-1.25
2018-02-07,2018,Train,5,1.0,6689.0,6705.5625,time,-11.25,-12.25
2018-02-07,2018,Train,5,2.0,6689.0,6705.5625,time,-11.25,-13.25
2018-02-07,2018,Train,10,1.0,6689.0,6705.5625,time,-2.25,-3.25
2018-02-07,2018,Train,10,2.0,6689.0,6705.5625,time,-2.25,-4.25
2018-02-07,2018,Train,15,1.0,6689.0,6705.5625,time,3.25,2.25
2018-02-07,2018,Train,15,2.0,6689.0,6705.5625,time,3.25,1.25
2018-02-12,2018,Train,3,1.0,6511.5,6534.4375,time,-0.25,-1.25
2018-02-12,2018,Train,3,2.0,6511.5,6534.4375,time,-0.25,-2.25
2018-02-12,2018,Train,5,1.0,6511.5,6534.4375,time,3.25,2.25
2018-02-12,2018,Train,5,2.0,6511.5,6534.4375,time,3.25,1.25
2018-02-12,2018,Train,10,1.0,6511.5,6534.4375,time,-11.25,-12.25
2018-02-12,2018,Train,10,2.0,6511.5,6534.4375,time,-11.25,-13.25
2018-02-12,2018,Train,15,1.0,6511.5,6534.4375,time,-5.75,-6.75
2018-02-12,2018,Train,15,2.0,6511.5,6534.4375,time,-5.75,-7.75
2018-02-14,2018,Train,3,1.0,6605.5,6630.25,time,-2.75,-3.75
2018-02-14,2018,Train,3,2.0,6605.5,6630.25,time,-2.75,-4.75
2018-02-14,2018,Train,5,1.0,6605.5,6630.25,time,-1.25,-2.25
2018-02-14,2018,Train,5,2.0,6605.5,6630.25,time,-1.25,-3.25
2018-02-14,2018,Train,10,1.0,6605.5,6630.25,time,6.25,5.25
2018-02-14,2018,Train,10,2.0,6605.5,6630.25,time,6.25,4.25
2018-02-14,2018,Train,15,1.0,6605.5,6630.25,time,-3.0,-4.0
2018-02-14,2018,Train,15,2.0,6605.5,6630.25,time,-3.0,-5.0
2018-02-16,2018,Train,3,1.0,6823.25,6834.0,time,3.25,2.25
2018-02-16,2018,Train,3,2.0,6823.25,6834.0,time,3.25,1.25
2018-02-16,2018,Train,5,1.0,6823.25,6834.0,time,8.75,7.75
2018-02-16,2018,Train,5,2.0,6823.25,6834.0,time,8.75,6.75
2018-02-16,2018,Train,10,1.0,6823.25,6834.0,time,9.0,8.0
2018-02-16,2018,Train,10,2.0,6823.25,6834.0,time,9.0,7.0
2018-02-16,2018,Train,15,1.0,6823.25,6834.0,time,-1.75,-2.75
2018-02-16,2018,Train,15,2.0,6823.25,6834.0,time,-1.75,-3.75
2018-02-20,2018,Train,3,1.0,6811.75,6828.3125,time,2.75,1.75
2018-02-20,2018,Train,3,2.0,6811.75,6828.3125,time,2.75,0.75
2018-02-20,2018,Train,5,1.0,6811.75,6828.3125,time,3.5,2.5
2018-02-20,2018,Train,5,2.0,6811.75,6828.3125,time,3.5,1.5
2018-02-20,2018,Train,10,1.0,6811.75,6828.3125,time,1.5,0.5
2018-02-20,2018,Train,10,2.0,6811.75,6828.3125,time,1.5,-0.5
2018-02-20,2018,Train,15,1.0,6811.75,6828.3125,time,-9.25,-10.25
2018-02-20,2018,Train,15,2.0,6811.75,6828.3125,time,-9.25,-11.25
2018-02-21,2018,Train,3,1.0,6836.0,6844.375,time,-4.25,-5.25
2018-02-21,2018,Train,3,2.0,6836.0,6844.375,time,-4.25,-6.25
2018-02-21,2018,Train,5,1.0,6836.0,6844.375,stop,-8.375,-9.375
2018-02-21,2018,Train,5,2.0,6836.0,6844.375,stop,-8.375,-10.375
2018-02-21,2018,Train,10,1.0,6836.0,6844.375,stop,-8.375,-9.375
2018-02-21,2018,Train,10,2.0,6836.0,6844.375,stop,-8.375,-10.375
2018-02-21,2018,Train,15,1.0,6836.0,6844.375,stop,-8.375,-9.375
2018-02-21,2018,Train,15,2.0,6836.0,6844.375,stop,-8.375,-10.375
2018-02-22,2018,Train,3,1.0,6815.0,6825.0,time,-8.0,-9.0
2018-02-22,2018,Train,3,2.0,6815.0,6825.0,time,-8.0,-10.0
2018-02-22,2018,Train,5,1.0,6815.0,6825.0,time,-7.75,-8.75
2018-02-22,2018,Train,5,2.0,6815.0,6825.0,time,-7.75,-9.75
2018-02-22,2018,Train,10,1.0,6815.0,6825.0,stop,-10.0,-11.0
2018-02-22,2018,Train,10,2.0,6815.0,6825.0,stop,-10.0,-12.0
2018-02-22,2018,Train,15,1.0,6815.0,6825.0,stop,-10.0,-11.0
2018-02-22,2018,Train,15,2.0,6815.0,6825.0,stop,-10.0,-12.0
2018-02-23,2018,Train,3,1.0,6821.75,6830.125,time,-6.25,-7.25
2018-02-23,2018,Train,3,2.0,6821.75,6830.125,time,-6.25,-8.25
2018-02-23,2018,Train,5,1.0,6821.75,6830.125,time,-5.0,-6.0
2018-02-23,2018,Train,5,2.0,6821.75,6830.125,time,-5.0,-7.0
2018-02-23,2018,Train,10,1.0,6821.75,6830.125,stop,-8.375,-9.375
2018-02-23,2018,Train,10,2.0,6821.75,6830.125,stop,-8.375,-10.375
2018-02-23,2018,Train,15,1.0,6821.75,6830.125,stop,-8.375,-9.375
2018-02-23,2018,Train,15,2.0,6821.75,6830.125,stop,-8.375,-10.375
2018-03-02,2018,Train,3,1.0,6702.5,6717.0625,time,-5.75,-6.75
2018-03-02,2018,Train,3,2.0,6702.5,6717.0625,time,-5.75,-7.75
2018-03-02,2018,Train,5,1.0,6702.5,6717.0625,time,-2.0,-3.0
2018-03-02,2018,Train,5,2.0,6702.5,6717.0625,time,-2.0,-4.0
2018-03-02,2018,Train,10,1.0,6702.5,6717.0625,time,3.5,2.5
2018-03-02,2018,Train,10,2.0,6702.5,6717.0625,time,3.5,1.5
2018-03-02,2018,Train,15,1.0,6702.5,6717.0625,time,0.25,-0.75
2018-03-02,2018,Train,15,2.0,6702.5,6717.0625,time,0.25,-1.75
2018-03-05,2018,Train,3,1.0,6800.0,6812.125,time,-2.25,-3.25
2018-03-05,2018,Train,3,2.0,6800.0,6812.125,time,-2.25,-4.25
2018-03-05,2018,Train,5,1.0,6800.0,6812.125,time,-3.0,-4.0
2018-03-05,2018,Train,5,2.0,6800.0,6812.125,time,-3.0,-5.0
2018-03-05,2018,Train,10,1.0,6800.0,6812.125,stop,-12.125,-13.125
2018-03-05,2018,Train,10,2.0,6800.0,6812.125,stop,-12.125,-14.125
2018-03-05,2018,Train,15,1.0,6800.0,6812.125,stop,-12.125,-13.125
2018-03-05,2018,Train,15,2.0,6800.0,6812.125,stop,-12.125,-14.125
2018-03-07,2018,Train,3,1.0,6902.0,6913.5,time,5.5,4.5
2018-03-07,2018,Train,3,2.0,6902.0,6913.5,time,5.5,3.5
2018-03-07,2018,Train,5,1.0,6902.0,6913.5,time,2.75,1.75
2018-03-07,2018,Train,5,2.0,6902.0,6913.5,time,2.75,0.75
2018-03-07,2018,Train,10,1.0,6902.0,6913.5,time,18.75,17.75
2018-03-07,2018,Train,10,2.0,6902.0,6913.5,time,18.75,16.75
2018-03-07,2018,Train,15,1.0,6902.0,6913.5,time,14.75,13.75
2018-03-07,2018,Train,15,2.0,6902.0,6913.5,time,14.75,12.75
2018-03-15,2018,Train,3,1.0,7072.75,7081.75,time,1.0,0.0
2018-03-15,2018,Train,3,2.0,7072.75,7081.75,time,1.0,-1.0
2018-03-15,2018,Train,5,1.0,7072.75,7081.75,time,-0.75,-1.75
2018-03-15,2018,Train,5,2.0,7072.75,7081.75,time,-0.75,-2.75
2018-03-15,2018,Train,10,1.0,7072.75,7081.75,time,2.5,1.5
2018-03-15,2018,Train,10,2.0,7072.75,7081.75,time,2.5,0.5
2018-03-15,2018,Train,15,1.0,7072.75,7081.75,time,1.0,0.0
2018-03-15,2018,Train,15,2.0,7072.75,7081.75,time,1.0,-1.0
2018-03-21,2018,Train,3,1.0,6916.75,6926.875,time,-0.75,-1.75
2018-03-21,2018,Train,3,2.0,6916.75,6926.875,time,-0.75,-2.75
2018-03-21,2018,Train,5,1.0,6916.75,6926.875,time,-5.75,-6.75
2018-03-21,2018,Train,5,2.0,6916.75,6926.875,time,-5.75,-7.75
2018-03-21,2018,Train,10,1.0,6916.75,6926.875,time,-5.0,-6.0
2018-03-21,2018,Train,10,2.0,6916.75,6926.875,time,-5.0,-7.0
2018-03-21,2018,Train,15,1.0,6916.75,6926.875,time,-4.25,-5.25
2018-03-21,2018,Train,15,2.0,6916.75,6926.875,time,-4.25,-6.25
2018-04-03,2018,Train,3,1.0,6454.0,6483.0,time,1.0,0.0
2018-04-03,2018,Train,3,2.0,6454.0,6483.0,time,1.0,-1.0
2018-04-03,2018,Train,5,1.0,6454.0,6483.0,time,-8.5,-9.5
2018-04-03,2018,Train,5,2.0,6454.0,6483.0,time,-8.5,-10.5
2018-04-03,2018,Train,10,1.0,6454.0,6483.0,time,9.25,8.25
2018-04-03,2018,Train,10,2.0,6454.0,6483.0,time,9.25,7.25
2018-04-03,2018,Train,15,1.0,6454.0,6483.0,time,4.25,3.25
2018-04-03,2018,Train,15,2.0,6454.0,6483.0,time,4.25,2.25
2018-04-04,2018,Train,3,1.0,6408.5,6426.75,time,-5.0,-6.0
2018-04-04,2018,Train,3,2.0,6408.5,6426.75,time,-5.0,-7.0
2018-04-04,2018,Train,5,1.0,6408.5,6426.75,time,-0.25,-1.25
2018-04-04,2018,Train,5,2.0,6408.5,6426.75,time,-0.25,-2.25
2018-04-04,2018,Train,10,1.0,6408.5,6426.75,stop,-18.25,-19.25
2018-04-04,2018,Train,10,2.0,6408.5,6426.75,stop,-18.25,-20.25
2018-04-04,2018,Train,15,1.0,6408.5,6426.75,stop,-18.25,-19.25
2018-04-04,2018,Train,15,2.0,6408.5,6426.75,stop,-18.25,-20.25
2018-04-09,2018,Train,3,1.0,6549.75,6567.5625,time,-2.25,-3.25
2018-04-09,2018,Train,3,2.0,6549.75,6567.5625,time,-2.25,-4.25
2018-04-09,2018,Train,5,1.0,6549.75,6567.5625,time,-8.5,-9.5
2018-04-09,2018,Train,5,2.0,6549.75,6567.5625,time,-8.5,-10.5
2018-04-09,2018,Train,10,1.0,6549.75,6567.5625,stop,-17.8125,-18.8125
2018-04-09,2018,Train,10,2.0,6549.75,6567.5625,stop,-17.8125,-19.8125
2018-04-09,2018,Train,15,1.0,6549.75,6567.5625,stop,-17.8125,-18.8125
2018-04-09,2018,Train,15,2.0,6549.75,6567.5625,stop,-17.8125,-19.8125
2018-04-10,2018,Train,3,1.0,6595.75,6609.6875,time,-10.75,-11.75
2018-04-10,2018,Train,3,2.0,6595.75,6609.6875,time,-10.75,-12.75
2018-04-10,2018,Train,5,1.0,6595.75,6609.6875,time,-4.75,-5.75
2018-04-10,2018,Train,5,2.0,6595.75,6609.6875,time,-4.75,-6.75
2018-04-10,2018,Train,10,1.0,6595.75,6609.6875,time,3.5,2.5
2018-04-10,2018,Train,10,2.0,6595.75,6609.6875,time,3.5,1.5
2018-04-10,2018,Train,15,1.0,6595.75,6609.6875,time,3.5,2.5
2018-04-10,2018,Train,15,2.0,6595.75,6609.6875,time,3.5,1.5
2018-04-11,2018,Train,3,1.0,6629.5,6642.5,time,5.5,4.5
2018-04-11,2018,Train,3,2.0,6629.5,6642.5,time,5.5,3.5
2018-04-11,2018,Train,5,1.0,6629.5,6642.5,time,11.0,10.0
2018-04-11,2018,Train,5,2.0,6629.5,6642.5,time,11.0,9.0
2018-04-11,2018,Train,10,1.0,6629.5,6642.5,time,19.0,18.0
2018-04-11,2018,Train,10,2.0,6629.5,6642.5,time,19.0,17.0
2018-04-11,2018,Train,15,1.0,6629.5,6642.5,time,26.0,25.0
2018-04-11,2018,Train,15,2.0,6629.5,6642.5,time,26.0,24.0
2018-04-18,2018,Train,3,1.0,6841.5,6852.75,time,5.0,4.0
2018-04-18,2018,Train,3,2.0,6841.5,6852.75,time,5.0,3.0
2018-04-18,2018,Train,5,1.0,6841.5,6852.75,time,2.5,1.5
2018-04-18,2018,Train,5,2.0,6841.5,6852.75,time,2.5,0.5
2018-04-18,2018,Train,10,1.0,6841.5,6852.75,time,-8.25,-9.25
2018-04-18,2018,Train,10,2.0,6841.5,6852.75,time,-8.25,-10.25
2018-04-18,2018,Train,15,1.0,6841.5,6852.75,time,0.5,-0.5
2018-04-18,2018,Train,15,2.0,6841.5,6852.75,time,0.5,-1.5
2018-04-23,2018,Train,3,1.0,6704.25,6715.875,time,3.0,2.0
2018-04-23,2018,Train,3,2.0,6704.25,6715.875,time,3.0,1.0
2018-04-23,2018,Train,5,1.0,6704.25,6715.875,time,1.5,0.5
2018-04-23,2018,Train,5,2.0,6704.25,6715.875,time,1.5,-0.5
2018-04-23,2018,Train,10,1.0,6704.25,6715.875,time,11.0,10.0
2018-04-23,2018,Train,10,2.0,6704.25,6715.875,time,11.0,9.0
2018-04-23,2018,Train,15,1.0,6704.25,6715.875,time,17.0,16.0
2018-04-23,2018,Train,15,2.0,6704.25,6715.875,time,17.0,15.0
2018-04-25,2018,Train,3,1.0,6525.25,6549.375,time,-10.0,-11.0
2018-04-25,2018,Train,3,2.0,6525.25,6549.375,time,-10.0,-12.0
2018-04-25,2018,Train,5,1.0,6525.25,6549.375,time,-6.75,-7.75
2018-04-25,2018,Train,5,2.0,6525.25,6549.375,time,-6.75,-8.75
2018-04-25,2018,Train,10,1.0,6525.25,6549.375,time,-13.75,-14.75
2018-04-25,2018,Train,10,2.0,6525.25,6549.375,time,-13.75,-15.75
2018-04-25,2018,Train,15,1.0,6525.25,6549.375,time,0.5,-0.5
2018-04-25,2018,Train,15,2.0,6525.25,6549.375,time,0.5,-1.5
2018-04-26,2018,Train,3,1.0,6638.0,6653.5,time,2.5,1.5
2018-04-26,2018,Train,3,2.0,6638.0,6653.5,time,2.5,0.5
2018-04-26,2018,Train,5,1.0,6638.0,6653.5,time,-0.25,-1.25
2018-04-26,2018,Train,5,2.0,6638.0,6653.5,time,-0.25,-2.25
2018-04-26,2018,Train,10,1.0,6638.0,6653.5,time,1.25,0.25
2018-04-26,2018,Train,10,2.0,6638.0,6653.5,time,1.25,-0.75
2018-04-26,2018,Train,15,1.0,6638.0,6653.5,time,-7.5,-8.5
2018-04-26,2018,Train,15,2.0,6638.0,6653.5,time,-7.5,-9.5
2018-05-07,2018,Train,3,1.0,6841.0,6852.0625,time,-1.25,-2.25
2018-05-07,2018,Train,3,2.0,6841.0,6852.0625,time,-1.25,-3.25
2018-05-07,2018,Train,5,1.0,6841.0,6852.0625,time,1.0,0.0
2018-05-07,2018,Train,5,2.0,6841.0,6852.0625,time,1.0,-1.0
2018-05-07,2018,Train,10,1.0,6841.0,6852.0625,time,6.25,5.25
2018-05-07,2018,Train,10,2.0,6841.0,6852.0625,time,6.25,4.25
2018-05-07,2018,Train,15,1.0,6841.0,6852.0625,time,2.25,1.25
2018-05-07,2018,Train,15,2.0,6841.0,6852.0625,time,2.25,0.25
2018-05-11,2018,Train,3,1.0,6965.25,6973.3125,time,1.25,0.25
2018-05-11,2018,Train,3,2.0,6965.25,6973.3125,time,1.25,-0.75
2018-05-11,2018,Train,5,1.0,6965.25,6973.3125,time,-2.0,-3.0
2018-05-11,2018,Train,5,2.0,6965.25,6973.3125,time,-2.0,-4.0
2018-05-11,2018,Train,10,1.0,6965.25,6973.3125,time,6.0,5.0
2018-05-11,2018,Train,10,2.0,6965.25,6973.3125,time,6.0,4.0
2018-05-11,2018,Train,15,1.0,6965.25,6973.3125,time,2.0,1.0
2018-05-11,2018,Train,15,2.0,6965.25,6973.3125,time,2.0,0.0
2018-05-14,2018,Train,3,1.0,7007.0,7015.3125,time,-4.75,-5.75
2018-05-14,2018,Train,3,2.0,7007.0,7015.3125,time,-4.75,-6.75
2018-05-14,2018,Train,5,1.0,7007.0,7015.3125,time,-1.25,-2.25
2018-05-14,2018,Train,5,2.0,7007.0,7015.3125,time,-1.25,-3.25
2018-05-14,2018,Train,10,1.0,7007.0,7015.3125,time,2.75,1.75
2018-05-14,2018,Train,10,2.0,7007.0,7015.3125,time,2.75,0.75
2018-05-14,2018,Train,15,1.0,7007.0,7015.3125,time,3.25,2.25
2018-05-14,2018,Train,15,2.0,7007.0,7015.3125,time,3.25,1.25
2018-05-16,2018,Train,3,1.0,6926.0,6933.625,time,3.25,2.25
2018-05-16,2018,Train,3,2.0,6926.0,6933.625,time,3.25,1.25
2018-05-16,2018,Train,5,1.0,6926.0,6933.625,time,2.75,1.75
2018-05-16,2018,Train,5,2.0,6926.0,6933.625,time,2.75,0.75
2018-05-16,2018,Train,10,1.0,6926.0,6933.625,time,9.5,8.5
2018-05-16,2018,Train,10,2.0,6926.0,6933.625,time,9.5,7.5
2018-05-16,2018,Train,15,1.0,6926.0,6933.625,time,6.75,5.75
2018-05-16,2018,Train,15,2.0,6926.0,6933.625,time,6.75,4.75
2018-05-17,2018,Train,3,1.0,6940.0,6948.6875,time,-0.5,-1.5
2018-05-17,2018,Train,3,2.0,6940.0,6948.6875,time,-0.5,-2.5
2018-05-17,2018,Train,5,1.0,6940.0,6948.6875,time,3.25,2.25
2018-05-17,2018,Train,5,2.0,6940.0,6948.6875,time,3.25,1.25
2018-05-17,2018,Train,10,1.0,6940.0,6948.6875,time,3.75,2.75
2018-05-17,2018,Train,10,2.0,6940.0,6948.6875,time,3.75,1.75
2018-05-17,2018,Train,15,1.0,6940.0,6948.6875,time,3.25,2.25
2018-05-17,2018,Train,15,2.0,6940.0,6948.6875,time,3.25,1.25
2018-05-18,2018,Train,3,1.0,6895.0,6902.1875,time,2.5,1.5
2018-05-18,2018,Train,3,2.0,6895.0,6902.1875,time,2.5,0.5
2018-05-18,2018,Train,5,1.0,6895.0,6902.1875,time,3.0,2.0
2018-05-18,2018,Train,5,2.0,6895.0,6902.1875,time,3.0,1.0
2018-05-18,2018,Train,10,1.0,6895.0,6902.1875,time,2.75,1.75
2018-05-18,2018,Train,10,2.0,6895.0,6902.1875,time,2.75,0.75
2018-05-18,2018,Train,15,1.0,6895.0,6902.1875,stop,-7.1875,-8.1875
2018-05-18,2018,Train,15,2.0,6895.0,6902.1875,stop,-7.1875,-9.1875
2018-05-23,2018,Train,3,1.0,6896.0,6908.5625,time,-0.25,-1.25
2018-05-23,2018,Train,3,2.0,6896.0,6908.5625,time,-0.25,-2.25
2018-05-23,2018,Train,5,1.0,6896.0,6908.5625,time,7.5,6.5
2018-05-23,2018,Train,5,2.0,6896.0,6908.5625,time,7.5,5.5
2018-05-23,2018,Train,10,1.0,6896.0,6908.5625,time,4.0,3.0
2018-05-23,2018,Train,10,2.0,6896.0,6908.5625,time,4.0,2.0
2018-05-23,2018,Train,15,1.0,6896.0,6908.5625,time,-3.5,-4.5
2018-05-23,2018,Train,15,2.0,6896.0,6908.5625,time,-3.5,-5.5
2018-05-28,2018,Train,3,1.0,6987.75,6991.875,time,1.0,0.0
2018-05-28,2018,Train,3,2.0,6987.75,6991.875,time,1.0,-1.0
2018-05-28,2018,Train,5,1.0,6987.75,6991.875,time,0.5,-0.5
2018-05-28,2018,Train,5,2.0,6987.75,6991.875,time,0.5,-1.5
2018-05-28,2018,Train,10,1.0,6987.75,6991.875,time,-0.25,-1.25
2018-05-28,2018,Train,10,2.0,6987.75,6991.875,time,-0.25,-2.25
2018-05-28,2018,Train,15,1.0,6987.75,6991.875,time,3.75,2.75
2018-05-28,2018,Train,15,2.0,6987.75,6991.875,time,3.75,1.75
2018-06-04,2018,Train,3,1.0,7128.25,7135.3125,time,-3.25,-4.25
2018-06-04,2018,Train,3,2.0,7128.25,7135.3125,time,-3.25,-5.25
2018-06-04,2018,Train,5,1.0,7128.25,7135.3125,time,0.5,-0.5
2018-06-04,2018,Train,5,2.0,7128.25,7135.3125,time,0.5,-1.5
2018-06-04,2018,Train,10,1.0,7128.25,7135.3125,time,-4.5,-5.5
2018-06-04,2018,Train,10,2.0,7128.25,7135.3125,time,-4.5,-6.5
2018-06-04,2018,Train,15,1.0,7128.25,7135.3125,stop,-7.0625,-8.0625
2018-06-04,2018,Train,15,2.0,7128.25,7135.3125,stop,-7.0625,-9.0625
2018-06-12,2018,Train,3,1.0,7213.5,7218.625,time,1.0,0.0
2018-06-12,2018,Train,3,2.0,7213.5,7218.625,time,1.0,-1.0
2018-06-12,2018,Train,5,1.0,7213.5,7218.625,time,2.5,1.5
2018-06-12,2018,Train,5,2.0,7213.5,7218.625,time,2.5,0.5
2018-06-12,2018,Train,10,1.0,7213.5,7218.625,time,-1.0,-2.0
2018-06-12,2018,Train,10,2.0,7213.5,7218.625,time,-1.0,-3.0
2018-06-12,2018,Train,15,1.0,7213.5,7218.625,time,-1.5,-2.5
2018-06-12,2018,Train,15,2.0,7213.5,7218.625,time,-1.5,-3.5
2018-06-13,2018,Train,3,1.0,7271.5,7279.1875,time,0.25,-0.75
2018-06-13,2018,Train,3,2.0,7271.5,7279.1875,time,0.25,-1.75
2018-06-13,2018,Train,5,1.0,7271.5,7279.1875,time,-2.25,-3.25
2018-06-13,2018,Train,5,2.0,7271.5,7279.1875,time,-2.25,-4.25
2018-06-13,2018,Train,10,1.0,7271.5,7279.1875,time,-4.75,-5.75
2018-06-13,2018,Train,10,2.0,7271.5,7279.1875,time,-4.75,-6.75
2018-06-13,2018,Train,15,1.0,7271.5,7279.1875,time,-2.75,-3.75
2018-06-13,2018,Train,15,2.0,7271.5,7279.1875,time,-2.75,-4.75
2018-06-14,2018,Train,3,1.0,7309.25,7321.375,time,-1.25,-2.25
2018-06-14,2018,Train,3,2.0,7309.25,7321.375,time,-1.25,-3.25
2018-06-14,2018,Train,5,1.0,7309.25,7321.375,time,-1.25,-2.25
2018-06-14,2018,Train,5,2.0,7309.25,7321.375,time,-1.25,-3.25
2018-06-14,2018,Train,10,1.0,7309.25,7321.375,time,4.75,3.75
2018-06-14,2018,Train,10,2.0,7309.25,7321.375,time,4.75,2.75
2018-06-14,2018,Train,15,1.0,7309.25,7321.375,time,3.25,2.25
2018-06-14,2018,Train,15,2.0,7309.25,7321.375,time,3.25,1.25
2018-06-15,2018,Train,3,1.0,7282.5,7292.3125,time,-0.25,-1.25
2018-06-15,2018,Train,3,2.0,7282.5,7292.3125,time,-0.25,-2.25
2018-06-15,2018,Train,5,1.0,7282.5,7292.3125,time,-0.5,-1.5
2018-06-15,2018,Train,5,2.0,7282.5,7292.3125,time,-0.5,-2.5
2018-06-15,2018,Train,10,1.0,7282.5,7292.3125,time,0.75,-0.25
2018-06-15,2018,Train,10,2.0,7282.5,7292.3125,time,0.75,-1.25
2018-06-15,2018,Train,15,1.0,7282.5,7292.3125,time,0.0,-1.0
2018-06-15,2018,Train,15,2.0,7282.5,7292.3125,time,0.0,-2.0
2018-06-26,2018,Train,3,1.0,7110.25,7123.0625,time,1.25,0.25
2018-06-26,2018,Train,3,2.0,7110.25,7123.0625,time,1.25,-0.75
2018-06-26,2018,Train,5,1.0,7110.25,7123.0625,time,1.75,0.75
2018-06-26,2018,Train,5,2.0,7110.25,7123.0625,time,1.75,-0.25
2018-06-26,2018,Train,10,1.0,7110.25,7123.0625,time,2.75,1.75
2018-06-26,2018,Train,10,2.0,7110.25,7123.0625,time,2.75,0.75
2018-06-26,2018,Train,15,1.0,7110.25,7123.0625,time,0.5,-0.5
2018-06-26,2018,Train,15,2.0,7110.25,7123.0625,time,0.5,-1.5
2018-06-28,2018,Train,3,1.0,7024.0,7037.125,time,-6.5,-7.5
2018-06-28,2018,Train,3,2.0,7024.0,7037.125,time,-6.5,-8.5
2018-06-28,2018,Train,5,1.0,7024.0,7037.125,time,-4.75,-5.75
2018-06-28,2018,Train,5,2.0,7024.0,7037.125,time,-4.75,-6.75
2018-06-28,2018,Train,10,1.0,7024.0,7037.125,time,-4.5,-5.5
2018-06-28,2018,Train,10,2.0,7024.0,7037.125,time,-4.5,-6.5
2018-06-28,2018,Train,15,1.0,7024.0,7037.125,time,10.5,9.5
2018-06-28,2018,Train,15,2.0,7024.0,7037.125,time,10.5,8.5
2018-07-02,2018,Train,3,1.0,7051.5,7067.6875,time,1.25,0.25
2018-07-02,2018,Train,3,2.0,7051.5,7067.6875,time,1.25,-0.75
2018-07-02,2018,Train,5,1.0,7051.5,7067.6875,time,3.75,2.75
2018-07-02,2018,Train,5,2.0,7051.5,7067.6875,time,3.75,1.75
2018-07-02,2018,Train,10,1.0,7051.5,7067.6875,time,-0.25,-1.25
2018-07-02,2018,Train,10,2.0,7051.5,7067.6875,time,-0.25,-2.25
2018-07-02,2018,Train,15,1.0,7051.5,7067.6875,stop,-16.1875,-17.1875
2018-07-02,2018,Train,15,2.0,7051.5,7067.6875,stop,-16.1875,-18.1875
2018-07-06,2018,Train,3,1.0,7171.25,7183.25,time,-0.25,-1.25
2018-07-06,2018,Train,3,2.0,7171.25,7183.25,time,-0.25,-2.25
2018-07-06,2018,Train,5,1.0,7171.25,7183.25,time,-2.75,-3.75
2018-07-06,2018,Train,5,2.0,7171.25,7183.25,time,-2.75,-4.75
2018-07-06,2018,Train,10,1.0,7171.25,7183.25,time,-2.75,-3.75
2018-07-06,2018,Train,10,2.0,7171.25,7183.25,time,-2.75,-4.75
2018-07-06,2018,Train,15,1.0,7171.25,7183.25,time,-7.25,-8.25
2018-07-06,2018,Train,15,2.0,7171.25,7183.25,time,-7.25,-9.25
2018-07-10,2018,Train,3,1.0,7309.25,7314.4375,time,5.5,4.5
2018-07-10,2018,Train,3,2.0,7309.25,7314.4375,time,5.5,3.5
2018-07-10,2018,Train,5,1.0,7309.25,7314.4375,time,1.5,0.5
2018-07-10,2018,Train,5,2.0,7309.25,7314.4375,time,1.5,-0.5
2018-07-10,2018,Train,10,1.0,7309.25,7314.4375,time,-1.0,-2.0
2018-07-10,2018,Train,10,2.0,7309.25,7314.4375,time,-1.0,-3.0
2018-07-10,2018,Train,15,1.0,7309.25,7314.4375,stop,-5.1875,-6.1875
2018-07-10,2018,Train,15,2.0,7309.25,7314.4375,stop,-5.1875,-7.1875
2018-07-12,2018,Train,3,1.0,7339.25,7352.4375,time,2.5,1.5
2018-07-12,2018,Train,3,2.0,7339.25,7352.4375,time,2.5,0.5
2018-07-12,2018,Train,5,1.0,7339.25,7352.4375,time,3.5,2.5
2018-07-12,2018,Train,5,2.0,7339.25,7352.4375,time,3.5,1.5
2018-07-12,2018,Train,10,1.0,7339.25,7352.4375,time,3.75,2.75
2018-07-12,2018,Train,10,2.0,7339.25,7352.4375,time,3.75,1.75
2018-07-12,2018,Train,15,1.0,7339.25,7352.4375,time,6.5,5.5
2018-07-12,2018,Train,15,2.0,7339.25,7352.4375,time,6.5,4.5
2018-07-13,2018,Train,3,1.0,7396.5,7404.5,time,0.75,-0.25
2018-07-13,2018,Train,3,2.0,7396.5,7404.5,time,0.75,-1.25
2018-07-13,2018,Train,5,1.0,7396.5,7404.5,time,3.5,2.5
2018-07-13,2018,Train,5,2.0,7396.5,7404.5,time,3.5,1.5
2018-07-13,2018,Train,10,1.0,7396.5,7404.5,time,-0.25,-1.25
2018-07-13,2018,Train,10,2.0,7396.5,7404.5,time,-0.25,-2.25
2018-07-13,2018,Train,15,1.0,7396.5,7404.5,time,3.25,2.25
2018-07-13,2018,Train,15,2.0,7396.5,7404.5,time,3.25,1.25
2018-07-20,2018,Train,3,1.0,7396.0,7400.8125,time,2.0,1.0
2018-07-20,2018,Train,3,2.0,7396.0,7400.8125,time,2.0,0.0
2018-07-20,2018,Train,5,1.0,7396.0,7400.8125,time,3.25,2.25
2018-07-20,2018,Train,5,2.0,7396.0,7400.8125,time,3.25,1.25
2018-07-20,2018,Train,10,1.0,7396.0,7400.8125,time,3.5,2.5
2018-07-20,2018,Train,10,2.0,7396.0,7400.8125,time,3.5,1.5
2018-07-20,2018,Train,15,1.0,7396.0,7400.8125,time,6.25,5.25
2018-07-20,2018,Train,15,2.0,7396.0,7400.8125,time,6.25,4.25
2018-07-23,2018,Train,3,1.0,7354.25,7364.875,time,-2.5,-3.5
2018-07-23,2018,Train,3,2.0,7354.25,7364.875,time,-2.5,-4.5
2018-07-23,2018,Train,5,1.0,7354.25,7364.875,time,-2.0,-3.0
2018-07-23,2018,Train,5,2.0,7354.25,7364.875,time,-2.0,-4.0
2018-07-23,2018,Train,10,1.0,7354.25,7364.875,time,-0.5,-1.5
2018-07-23,2018,Train,10,2.0,7354.25,7364.875,time,-0.5,-2.5
2018-07-23,2018,Train,15,1.0,7354.25,7364.875,time,1.0,0.0
2018-07-23,2018,Train,15,2.0,7354.25,7364.875,time,1.0,-1.0
2018-07-31,2018,Train,3,1.0,7266.5,7286.875,time,-2.75,-3.75
2018-07-31,2018,Train,3,2.0,7266.5,7286.875,time,-2.75,-4.75
2018-07-31,2018,Train,5,1.0,7266.5,7286.875,time,-2.75,-3.75
2018-07-31,2018,Train,5,2.0,7266.5,7286.875,time,-2.75,-4.75
2018-07-31,2018,Train,10,1.0,7266.5,7286.875,time,-6.0,-7.0
2018-07-31,2018,Train,10,2.0,7266.5,7286.875,time,-6.0,-8.0
2018-07-31,2018,Train,15,1.0,7266.5,7286.875,time,-14.0,-15.0
2018-07-31,2018,Train,15,2.0,7266.5,7286.875,time,-14.0,-16.0
2018-08-02,2018,Train,3,1.0,7297.0,7315.6875,time,2.5,1.5
2018-08-02,2018,Train,3,2.0,7297.0,7315.6875,time,2.5,0.5
2018-08-02,2018,Train,5,1.0,7297.0,7315.6875,time,4.25,3.25
2018-08-02,2018,Train,5,2.0,7297.0,7315.6875,time,4.25,2.25
2018-08-02,2018,Train,10,1.0,7297.0,7315.6875,time,8.0,7.0
2018-08-02,2018,Train,10,2.0,7297.0,7315.6875,time,8.0,6.0
2018-08-02,2018,Train,15,1.0,7297.0,7315.6875,time,9.25,8.25
2018-08-02,2018,Train,15,2.0,7297.0,7315.6875,time,9.25,7.25
2018-08-08,2018,Train,3,1.0,7472.25,7480.4375,time,5.0,4.0
2018-08-08,2018,Train,3,2.0,7472.25,7480.4375,time,5.0,3.0
2018-08-08,2018,Train,5,1.0,7472.25,7480.4375,time,5.5,4.5
2018-08-08,2018,Train,5,2.0,7472.25,7480.4375,time,5.5,3.5
2018-08-08,2018,Train,10,1.0,7472.25,7480.4375,time,3.75,2.75
2018-08-08,2018,Train,10,2.0,7472.25,7480.4375,time,3.75,1.75
2018-08-08,2018,Train,15,1.0,7472.25,7480.4375,time,0.75,-0.25
2018-08-08,2018,Train,15,2.0,7472.25,7480.4375,time,0.75,-1.25
2018-08-09,2018,Train,3,1.0,7497.25,7505.5625,time,0.25,-0.75
2018-08-09,2018,Train,3,2.0,7497.25,7505.5625,time,0.25,-1.75
2018-08-09,2018,Train,5,1.0,7497.25,7505.5625,time,1.25,0.25
2018-08-09,2018,Train,5,2.0,7497.25,7505.5625,time,1.25,-0.75
2018-08-09,2018,Train,10,1.0,7497.25,7505.5625,time,1.0,0.0
2018-08-09,2018,Train,10,2.0,7497.25,7505.5625,time,1.0,-1.0
2018-08-09,2018,Train,15,1.0,7497.25,7505.5625,time,-2.5,-3.5
2018-08-09,2018,Train,15,2.0,7497.25,7505.5625,time,-2.5,-4.5
2018-08-14,2018,Train,3,1.0,7441.25,7453.25,time,-5.75,-6.75
2018-08-14,2018,Train,3,2.0,7441.25,7453.25,time,-5.75,-7.75
2018-08-14,2018,Train,5,1.0,7441.25,7453.25,time,-6.5,-7.5
2018-08-14,2018,Train,5,2.0,7441.25,7453.25,time,-6.5,-8.5
2018-08-14,2018,Train,10,1.0,7441.25,7453.25,time,-6.0,-7.0
2018-08-14,2018,Train,10,2.0,7441.25,7453.25,time,-6.0,-8.0
2018-08-14,2018,Train,15,1.0,7441.25,7453.25,time,-0.75,-1.75
2018-08-14,2018,Train,15,2.0,7441.25,7453.25,time,-0.75,-2.75
2018-08-16,2018,Train,3,1.0,7421.25,7427.5,time,-0.75,-1.75
2018-08-16,2018,Train,3,2.0,7421.25,7427.5,time,-0.75,-2.75
2018-08-16,2018,Train,5,1.0,7421.25,7427.5,time,-3.0,-4.0
2018-08-16,2018,Train,5,2.0,7421.25,7427.5,time,-3.0,-5.0
2018-08-16,2018,Train,10,1.0,7421.25,7427.5,time,5.25,4.25
2018-08-16,2018,Train,10,2.0,7421.25,7427.5,time,5.25,3.25
2018-08-16,2018,Train,15,1.0,7421.25,7427.5,time,3.5,2.5
2018-08-16,2018,Train,15,2.0,7421.25,7427.5,time,3.5,1.5
2018-08-21,2018,Train,3,1.0,7427.5,7435.4375,time,4.0,3.0
2018-08-21,2018,Train,3,2.0,7427.5,7435.4375,time,4.0,2.0
2018-08-21,2018,Train,5,1.0,7427.5,7435.4375,time,3.75,2.75
2018-08-21,2018,Train,5,2.0,7427.5,7435.4375,time,3.75,1.75
2018-08-21,2018,Train,10,1.0,7427.5,7435.4375,time,3.75,2.75
2018-08-21,2018,Train,10,2.0,7427.5,7435.4375,time,3.75,1.75
2018-08-21,2018,Train,15,1.0,7427.5,7435.4375,time,11.5,10.5
2018-08-21,2018,Train,15,2.0,7427.5,7435.4375,time,11.5,9.5
2018-08-27,2018,Train,3,1.0,7563.5,7575.0625,time,4.75,3.75
2018-08-27,2018,Train,3,2.0,7563.5,7575.0625,time,4.75,2.75
2018-08-27,2018,Train,5,1.0,7563.5,7575.0625,time,3.25,2.25
2018-08-27,2018,Train,5,2.0,7563.5,7575.0625,time,3.25,1.25
2018-08-27,2018,Train,10,1.0,7563.5,7575.0625,time,-3.25,-4.25
2018-08-27,2018,Train,10,2.0,7563.5,7575.0625,time,-3.25,-5.25
2018-08-27,2018,Train,15,1.0,7563.5,7575.0625,time,-1.0,-2.0
2018-08-27,2018,Train,15,2.0,7563.5,7575.0625,time,-1.0,-3.0
2018-08-30,2018,Train,3,1.0,7666.0,7672.0625,time,-5.0,-6.0
2018-08-30,2018,Train,3,2.0,7666.0,7672.0625,time,-5.0,-7.0
2018-08-30,2018,Train,5,1.0,7666.0,7672.0625,stop,-6.0625,-7.0625
2018-08-30,2018,Train,5,2.0,7666.0,7672.0625,stop,-6.0625,-8.0625
2018-08-30,2018,Train,10,1.0,7666.0,7672.0625,stop,-6.0625,-7.0625
2018-08-30,2018,Train,10,2.0,7666.0,7672.0625,stop,-6.0625,-8.0625
2018-08-30,2018,Train,15,1.0,7666.0,7672.0625,stop,-6.0625,-7.0625
2018-08-30,2018,Train,15,2.0,7666.0,7672.0625,stop,-6.0625,-8.0625
2018-09-07,2018,Train,3,1.0,7480.5,7501.375,time,-4.5,-5.5
2018-09-07,2018,Train,3,2.0,7480.5,7501.375,time,-4.5,-6.5
2018-09-07,2018,Train,5,1.0,7480.5,7501.375,time,-4.25,-5.25
2018-09-07,2018,Train,5,2.0,7480.5,7501.375,time,-4.25,-6.25
2018-09-07,2018,Train,10,1.0,7480.5,7501.375,time,-3.25,-4.25
2018-09-07,2018,Train,10,2.0,7480.5,7501.375,time,-3.25,-5.25
2018-09-07,2018,Train,15,1.0,7480.5,7501.375,time,-0.25,-1.25
2018-09-07,2018,Train,15,2.0,7480.5,7501.375,time,-0.25,-2.25
2018-09-18,2018,Train,3,1.0,7540.0,7559.1875,time,-2.5,-3.5
2018-09-18,2018,Train,3,2.0,7540.0,7559.1875,time,-2.5,-4.5
2018-09-18,2018,Train,5,1.0,7540.0,7559.1875,time,-3.25,-4.25
2018-09-18,2018,Train,5,2.0,7540.0,7559.1875,time,-3.25,-5.25
2018-09-18,2018,Train,10,1.0,7540.0,7559.1875,time,-8.5,-9.5
2018-09-18,2018,Train,10,2.0,7540.0,7559.1875,time,-8.5,-10.5
2018-09-18,2018,Train,15,1.0,7540.0,7559.1875,time,-8.75,-9.75
2018-09-18,2018,Train,15,2.0,7540.0,7559.1875,time,-8.75,-10.75
2018-09-26,2018,Train,3,1.0,7619.75,7626.8125,time,-3.75,-4.75
2018-09-26,2018,Train,3,2.0,7619.75,7626.8125,time,-3.75,-5.75
2018-09-26,2018,Train,5,1.0,7619.75,7626.8125,time,-5.0,-6.0
2018-09-26,2018,Train,5,2.0,7619.75,7626.8125,time,-5.0,-7.0
2018-09-26,2018,Train,10,1.0,7619.75,7626.8125,stop,-7.0625,-8.0625
2018-09-26,2018,Train,10,2.0,7619.75,7626.8125,stop,-7.0625,-9.0625
2018-09-26,2018,Train,15,1.0,7619.75,7626.8125,stop,-7.0625,-8.0625
2018-09-26,2018,Train,15,2.0,7619.75,7626.8125,stop,-7.0625,-9.0625
2018-09-27,2018,Train,3,1.0,7672.75,7686.0625,time,-0.5,-1.5
2018-09-27,2018,Train,3,2.0,7672.75,7686.0625,time,-0.5,-2.5
2018-09-27,2018,Train,5,1.0,7672.75,7686.0625,time,0.5,-0.5
2018-09-27,2018,Train,5,2.0,7672.75,7686.0625,time,0.5,-1.5
2018-09-27,2018,Train,10,1.0,7672.75,7686.0625,time,0.75,-0.25
2018-09-27,2018,Train,10,2.0,7672.75,7686.0625,time,0.75,-1.25
2018-09-27,2018,Train,15,1.0,7672.75,7686.0625,time,4.0,3.0
2018-09-27,2018,Train,15,2.0,7672.75,7686.0625,time,4.0,2.0
2018-09-28,2018,Train,3,1.0,7639.75,7647.0625,time,-6.25,-7.25
2018-09-28,2018,Train,3,2.0,7639.75,7647.0625,time,-6.25,-8.25
2018-09-28,2018,Train,5,1.0,7639.75,7647.0625,stop,-7.3125,-8.3125
2018-09-28,2018,Train,5,2.0,7639.75,7647.0625,stop,-7.3125,-9.3125
2018-09-28,2018,Train,10,1.0,7639.75,7647.0625,stop,-7.3125,-8.3125
2018-09-28,2018,Train,10,2.0,7639.75,7647.0625,stop,-7.3125,-9.3125
2018-09-28,2018,Train,15,1.0,7639.75,7647.0625,stop,-7.3125,-8.3125
2018-09-28,2018,Train,15,2.0,7639.75,7647.0625,stop,-7.3125,-9.3125
2018-10-02,2018,Train,3,1.0,7681.0,7692.875,time,-0.25,-1.25
2018-10-02,2018,Train,3,2.0,7681.0,7692.875,time,-0.25,-2.25
2018-10-02,2018,Train,5,1.0,7681.0,7692.875,time,-2.25,-3.25
2018-10-02,2018,Train,5,2.0,7681.0,7692.875,time,-2.25,-4.25
2018-10-02,2018,Train,10,1.0,7681.0,7692.875,time,-7.0,-8.0
2018-10-02,2018,Train,10,2.0,7681.0,7692.875,time,-7.0,-9.0
2018-10-02,2018,Train,15,1.0,7681.0,7692.875,time,-5.0,-6.0
2018-10-02,2018,Train,15,2.0,7681.0,7692.875,time,-5.0,-7.0
2018-10-09,2018,Train,3,1.0,7431.75,7450.5625,time,-4.5,-5.5
2018-10-09,2018,Train,3,2.0,7431.75,7450.5625,time,-4.5,-6.5
2018-10-09,2018,Train,5,1.0,7431.75,7450.5625,time,4.75,3.75
2018-10-09,2018,Train,5,2.0,7431.75,7450.5625,time,4.75,2.75
2018-10-09,2018,Train,10,1.0,7431.75,7450.5625,time,14.5,13.5
2018-10-09,2018,Train,10,2.0,7431.75,7450.5625,time,14.5,12.5
2018-10-09,2018,Train,15,1.0,7431.75,7450.5625,time,25.75,24.75
2018-10-09,2018,Train,15,2.0,7431.75,7450.5625,time,25.75,23.75
2018-10-22,2018,Train,3,1.0,7179.75,7200.375,time,-8.0,-9.0
2018-10-22,2018,Train,3,2.0,7179.75,7200.375,time,-8.0,-10.0
2018-10-22,2018,Train,5,1.0,7179.75,7200.375,time,-14.25,-15.25
2018-10-22,2018,Train,5,2.0,7179.75,7200.375,time,-14.25,-16.25
2018-10-22,2018,Train,10,1.0,7179.75,7200.375,stop,-20.625,-21.625
2018-10-22,2018,Train,10,2.0,7179.75,7200.375,stop,-20.625,-22.625
2018-10-22,2018,Train,15,1.0,7179.75,7200.375,stop,-20.625,-21.625
2018-10-22,2018,Train,15,2.0,7179.75,7200.375,stop,-20.625,-22.625
2018-10-25,2018,Train,3,1.0,6993.75,7024.1875,time,1.25,0.25
2018-10-25,2018,Train,3,2.0,6993.75,7024.1875,time,1.25,-0.75
2018-10-25,2018,Train,5,1.0,6993.75,7024.1875,time,1.5,0.5
2018-10-25,2018,Train,5,2.0,6993.75,7024.1875,time,1.5,-0.5
2018-10-25,2018,Train,10,1.0,6993.75,7024.1875,time,8.0,7.0
2018-10-25,2018,Train,10,2.0,6993.75,7024.1875,time,8.0,6.0
2018-10-25,2018,Train,15,1.0,6993.75,7024.1875,time,-2.75,-3.75
2018-10-25,2018,Train,15,2.0,6993.75,7024.1875,time,-2.75,-4.75
2018-10-31,2018,Train,3,1.0,7017.25,7040.75,time,5.5,4.5
2018-10-31,2018,Train,3,2.0,7017.25,7040.75,time,5.5,3.5
2018-10-31,2018,Train,5,1.0,7017.25,7040.75,time,6.75,5.75
2018-10-31,2018,Train,5,2.0,7017.25,7040.75,time,6.75,4.75
2018-10-31,2018,Train,10,1.0,7017.25,7040.75,time,3.75,2.75
2018-10-31,2018,Train,10,2.0,7017.25,7040.75,time,3.75,1.75
2018-10-31,2018,Train,15,1.0,7017.25,7040.75,time,8.5,7.5
2018-10-31,2018,Train,15,2.0,7017.25,7040.75,time,8.5,6.5
2018-11-13,2018,Train,3,1.0,6912.0,6933.5,time,-2.5,-3.5
2018-11-13,2018,Train,3,2.0,6912.0,6933.5,time,-2.5,-4.5
2018-11-13,2018,Train,5,1.0,6912.0,6933.5,time,-6.25,-7.25
2018-11-13,2018,Train,5,2.0,6912.0,6933.5,time,-6.25,-8.25
2018-11-13,2018,Train,10,1.0,6912.0,6933.5,time,-9.0,-10.0
2018-11-13,2018,Train,10,2.0,6912.0,6933.5,time,-9.0,-11.0
2018-11-13,2018,Train,15,1.0,6912.0,6933.5,time,5.5,4.5
2018-11-13,2018,Train,15,2.0,6912.0,6933.5,time,5.5,3.5
2018-11-16,2018,Train,3,1.0,6874.25,6893.25,time,3.5,2.5
2018-11-16,2018,Train,3,2.0,6874.25,6893.25,time,3.5,1.5
2018-11-16,2018,Train,5,1.0,6874.25,6893.25,time,3.0,2.0
2018-11-16,2018,Train,5,2.0,6874.25,6893.25,time,3.0,1.0
2018-11-16,2018,Train,10,1.0,6874.25,6893.25,time,9.5,8.5
2018-11-16,2018,Train,10,2.0,6874.25,6893.25,time,9.5,7.5
2018-11-16,2018,Train,15,1.0,6874.25,6893.25,time,15.25,14.25
2018-11-16,2018,Train,15,2.0,6874.25,6893.25,time,15.25,13.25
2018-11-20,2018,Train,3,1.0,6556.25,6583.375,time,-13.0,-14.0
2018-11-20,2018,Train,3,2.0,6556.25,6583.375,time,-13.0,-15.0
2018-11-20,2018,Train,5,1.0,6556.25,6583.375,time,-3.0,-4.0
2018-11-20,2018,Train,5,2.0,6556.25,6583.375,time,-3.0,-5.0
2018-11-20,2018,Train,10,1.0,6556.25,6583.375,stop,-27.125,-28.125
2018-11-20,2018,Train,10,2.0,6556.25,6583.375,stop,-27.125,-29.125
2018-11-20,2018,Train,15,1.0,6556.25,6583.375,stop,-27.125,-28.125
2018-11-20,2018,Train,15,2.0,6556.25,6583.375,stop,-27.125,-29.125
2018-11-26,2018,Train,3,1.0,6661.75,6678.5625,time,1.5,0.5
2018-11-26,2018,Train,3,2.0,6661.75,6678.5625,time,1.5,-0.5
2018-11-26,2018,Train,5,1.0,6661.75,6678.5625,time,-1.25,-2.25
2018-11-26,2018,Train,5,2.0,6661.75,6678.5625,time,-1.25,-3.25
2018-11-26,2018,Train,10,1.0,6661.75,6678.5625,time,-6.5,-7.5
2018-11-26,2018,Train,10,2.0,6661.75,6678.5625,time,-6.5,-8.5
2018-11-26,2018,Train,15,1.0,6661.75,6678.5625,time,-13.0,-14.0
2018-11-26,2018,Train,15,2.0,6661.75,6678.5625,time,-13.0,-15.0
2018-11-27,2018,Train,3,1.0,6706.25,6730.9375,time,-4.5,-5.5
2018-11-27,2018,Train,3,2.0,6706.25,6730.9375,time,-4.5,-6.5
2018-11-27,2018,Train,5,1.0,6706.25,6730.9375,time,-6.25,-7.25
2018-11-27,2018,Train,5,2.0,6706.25,6730.9375,time,-6.25,-8.25
2018-11-27,2018,Train,10,1.0,6706.25,6730.9375,time,6.0,5.0
2018-11-27,2018,Train,10,2.0,6706.25,6730.9375,time,6.0,4.0
2018-11-27,2018,Train,15,1.0,6706.25,6730.9375,time,-0.25,-1.25
2018-11-27,2018,Train,15,2.0,6706.25,6730.9375,time,-0.25,-2.25
2018-11-30,2018,Train,3,1.0,6907.0,6916.3125,time,5.75,4.75
2018-11-30,2018,Train,3,2.0,6907.0,6916.3125,time,5.75,3.75
2018-11-30,2018,Train,5,1.0,6907.0,6916.3125,time,4.0,3.0
2018-11-30,2018,Train,5,2.0,6907.0,6916.3125,time,4.0,2.0
2018-11-30,2018,Train,10,1.0,6907.0,6916.3125,time,0.0,-1.0
2018-11-30,2018,Train,10,2.0,6907.0,6916.3125,time,0.0,-2.0
2018-11-30,2018,Train,15,1.0,6907.0,6916.3125,time,-3.75,-4.75
2018-11-30,2018,Train,15,2.0,6907.0,6916.3125,time,-3.75,-5.75
2018-12-12,2018,Train,3,1.0,6836.25,6850.75,time,3.75,2.75
2018-12-12,2018,Train,3,2.0,6836.25,6850.75,time,3.75,1.75
2018-12-12,2018,Train,5,1.0,6836.25,6850.75,time,8.75,7.75
2018-12-12,2018,Train,5,2.0,6836.25,6850.75,time,8.75,6.75
2018-12-12,2018,Train,10,1.0,6836.25,6850.75,time,17.5,16.5
2018-12-12,2018,Train,10,2.0,6836.25,6850.75,time,17.5,15.5
2018-12-12,2018,Train,15,1.0,6836.25,6850.75,time,11.75,10.75
2018-12-12,2018,Train,15,2.0,6836.25,6850.75,time,11.75,9.75
2018-12-17,2018,Train,3,1.0,6606.5,6627.5,time,-1.75,-2.75
2018-12-17,2018,Train,3,2.0,6606.5,6627.5,time,-1.75,-3.75
2018-12-17,2018,Train,5,1.0,6606.5,6627.5,time,-11.0,-12.0
2018-12-17,2018,Train,5,2.0,6606.5,6627.5,time,-11.0,-13.0
2018-12-17,2018,Train,10,1.0,6606.5,6627.5,time,-12.75,-13.75
2018-12-17,2018,Train,10,2.0,6606.5,6627.5,time,-12.75,-14.75
2018-12-17,2018,Train,15,1.0,6606.5,6627.5,stop,-21.0,-22.0
2018-12-17,2018,Train,15,2.0,6606.5,6627.5,stop,-21.0,-23.0
2018-12-18,2018,Train,3,1.0,6547.0,6557.4375,time,3.5,2.5
2018-12-18,2018,Train,3,2.0,6547.0,6557.4375,time,3.5,1.5
2018-12-18,2018,Train,5,1.0,6547.0,6557.4375,time,11.25,10.25
2018-12-18,2018,Train,5,2.0,6547.0,6557.4375,time,11.25,9.25
2018-12-18,2018,Train,10,1.0,6547.0,6557.4375,time,3.5,2.5
2018-12-18,2018,Train,10,2.0,6547.0,6557.4375,time,3.5,1.5
2018-12-18,2018,Train,15,1.0,6547.0,6557.4375,time,-6.0,-7.0
2018-12-18,2018,Train,15,2.0,6547.0,6557.4375,time,-6.0,-8.0
2018-12-24,2018,Train,3,1.0,6045.25,6076.625,time,2.75,1.75
2018-12-24,2018,Train,3,2.0,6045.25,6076.625,time,2.75,0.75
2018-12-24,2018,Train,5,1.0,6045.25,6076.625,time,-12.25,-13.25
2018-12-24,2018,Train,5,2.0,6045.25,6076.625,time,-12.25,-14.25
2018-12-24,2018,Train,10,1.0,6045.25,6076.625,time,19.0,18.0
2018-12-24,2018,Train,10,2.0,6045.25,6076.625,time,19.0,17.0
2018-12-24,2018,Train,15,1.0,6045.25,6076.625,time,12.75,11.75
2018-12-24,2018,Train,15,2.0,6045.25,6076.625,time,12.75,10.75
2019-01-09,2019,Inner,3,1.0,6605.0,6616.4375,time,0.0,-1.0
2019-01-09,2019,Inner,3,2.0,6605.0,6616.4375,time,0.0,-2.0
2019-01-09,2019,Inner,5,1.0,6605.0,6616.4375,time,5.5,4.5
2019-01-09,2019,Inner,5,2.0,6605.0,6616.4375,time,5.5,3.5
2019-01-09,2019,Inner,10,1.0,6605.0,6616.4375,time,1.0,0.0
2019-01-09,2019,Inner,10,2.0,6605.0,6616.4375,time,1.0,-1.0
2019-01-09,2019,Inner,15,1.0,6605.0,6616.4375,time,-1.5,-2.5
2019-01-09,2019,Inner,15,2.0,6605.0,6616.4375,time,-1.5,-3.5
2019-01-10,2019,Inner,3,1.0,6586.0,6600.75,time,-4.0,-5.0
2019-01-10,2019,Inner,3,2.0,6586.0,6600.75,time,-4.0,-6.0
2019-01-10,2019,Inner,5,1.0,6586.0,6600.75,time,-0.25,-1.25
2019-01-10,2019,Inner,5,2.0,6586.0,6600.75,time,-0.25,-2.25
2019-01-10,2019,Inner,10,1.0,6586.0,6600.75,time,2.25,1.25
2019-01-10,2019,Inner,10,2.0,6586.0,6600.75,time,2.25,0.25
2019-01-10,2019,Inner,15,1.0,6586.0,6600.75,time,1.5,0.5
2019-01-10,2019,Inner,15,2.0,6586.0,6600.75,time,1.5,-0.5
2019-01-11,2019,Inner,3,1.0,6606.0,6614.5,time,-2.25,-3.25
2019-01-11,2019,Inner,3,2.0,6606.0,6614.5,time,-2.25,-4.25
2019-01-11,2019,Inner,5,1.0,6606.0,6614.5,time,-3.5,-4.5
2019-01-11,2019,Inner,5,2.0,6606.0,6614.5,time,-3.5,-5.5
2019-01-11,2019,Inner,10,1.0,6606.0,6614.5,time,7.0,6.0
2019-01-11,2019,Inner,10,2.0,6606.0,6614.5,time,7.0,5.0
2019-01-11,2019,Inner,15,1.0,6606.0,6614.5,time,6.5,5.5
2019-01-11,2019,Inner,15,2.0,6606.0,6614.5,time,6.5,4.5
2019-01-14,2019,Inner,3,1.0,6556.75,6566.5,time,-1.5,-2.5
2019-01-14,2019,Inner,3,2.0,6556.75,6566.5,time,-1.5,-3.5
2019-01-14,2019,Inner,5,1.0,6556.75,6566.5,time,-4.5,-5.5
2019-01-14,2019,Inner,5,2.0,6556.75,6566.5,time,-4.5,-6.5
2019-01-14,2019,Inner,10,1.0,6556.75,6566.5,time,-5.25,-6.25
2019-01-14,2019,Inner,10,2.0,6556.75,6566.5,time,-5.25,-7.25
2019-01-14,2019,Inner,15,1.0,6556.75,6566.5,stop,-9.75,-10.75
2019-01-14,2019,Inner,15,2.0,6556.75,6566.5,stop,-9.75,-11.75
2019-01-15,2019,Inner,3,1.0,6663.0,6686.25,time,9.0,8.0
2019-01-15,2019,Inner,3,2.0,6663.0,6686.25,time,9.0,7.0
2019-01-15,2019,Inner,5,1.0,6663.0,6686.25,time,19.75,18.75
2019-01-15,2019,Inner,5,2.0,6663.0,6686.25,time,19.75,17.75
2019-01-15,2019,Inner,10,1.0,6663.0,6686.25,time,16.25,15.25
2019-01-15,2019,Inner,10,2.0,6663.0,6686.25,time,16.25,14.25
2019-01-15,2019,Inner,15,1.0,6663.0,6686.25,time,24.5,23.5
2019-01-15,2019,Inner,15,2.0,6663.0,6686.25,time,24.5,22.5
2019-01-18,2019,Inner,3,1.0,6784.25,6796.75,time,4.0,3.0
2019-01-18,2019,Inner,3,2.0,6784.25,6796.75,time,4.0,2.0
2019-01-18,2019,Inner,5,1.0,6784.25,6796.75,time,7.0,6.0
2019-01-18,2019,Inner,5,2.0,6784.25,6796.75,time,7.0,5.0
2019-01-18,2019,Inner,10,1.0,6784.25,6796.75,time,7.75,6.75
2019-01-18,2019,Inner,10,2.0,6784.25,6796.75,time,7.75,5.75
2019-01-18,2019,Inner,15,1.0,6784.25,6796.75,time,8.25,7.25
2019-01-18,2019,Inner,15,2.0,6784.25,6796.75,time,8.25,6.25
2019-01-25,2019,Inner,3,1.0,6784.0,6795.375,time,-1.0,-2.0
2019-01-25,2019,Inner,3,2.0,6784.0,6795.375,time,-1.0,-3.0
2019-01-25,2019,Inner,5,1.0,6784.0,6795.375,time,-2.5,-3.5
2019-01-25,2019,Inner,5,2.0,6784.0,6795.375,time,-2.5,-4.5
2019-01-25,2019,Inner,10,1.0,6784.0,6795.375,time,-3.25,-4.25
2019-01-25,2019,Inner,10,2.0,6784.0,6795.375,time,-3.25,-5.25
2019-01-25,2019,Inner,15,1.0,6784.0,6795.375,time,-5.5,-6.5
2019-01-25,2019,Inner,15,2.0,6784.0,6795.375,time,-5.5,-7.5
2019-01-31,2019,Inner,3,1.0,6899.0,6915.1875,time,4.75,3.75
2019-01-31,2019,Inner,3,2.0,6899.0,6915.1875,time,4.75,2.75
2019-01-31,2019,Inner,5,1.0,6899.0,6915.1875,time,1.75,0.75
2019-01-31,2019,Inner,5,2.0,6899.0,6915.1875,time,1.75,-0.25
2019-01-31,2019,Inner,10,1.0,6899.0,6915.1875,time,-0.25,-1.25
2019-01-31,2019,Inner,10,2.0,6899.0,6915.1875,time,-0.25,-2.25
2019-01-31,2019,Inner,15,1.0,6899.0,6915.1875,time,-9.0,-10.0
2019-01-31,2019,Inner,15,2.0,6899.0,6915.1875,time,-9.0,-11.0
2019-02-05,2019,Inner,3,1.0,7015.25,7026.875,time,-5.0,-6.0
2019-02-05,2019,Inner,3,2.0,7015.25,7026.875,time,-5.0,-7.0
2019-02-05,2019,Inner,5,1.0,7015.25,7026.875,time,-9.75,-10.75
2019-02-05,2019,Inner,5,2.0,7015.25,7026.875,time,-9.75,-11.75
2019-02-05,2019,Inner,10,1.0,7015.25,7026.875,stop,-11.625,-12.625
2019-02-05,2019,Inner,10,2.0,7015.25,7026.875,stop,-11.625,-13.625
2019-02-05,2019,Inner,15,1.0,7015.25,7026.875,stop,-11.625,-12.625
2019-02-05,2019,Inner,15,2.0,7015.25,7026.875,stop,-11.625,-13.625
2019-02-14,2019,Inner,3,1.0,6998.25,7011.3125,stop,-13.0625,-14.0625
2019-02-14,2019,Inner,3,2.0,6998.25,7011.3125,stop,-13.0625,-15.0625
2019-02-14,2019,Inner,5,1.0,6998.25,7011.3125,stop,-13.0625,-14.0625
2019-02-14,2019,Inner,5,2.0,6998.25,7011.3125,stop,-13.0625,-15.0625
2019-02-14,2019,Inner,10,1.0,6998.25,7011.3125,stop,-13.0625,-14.0625
2019-02-14,2019,Inner,10,2.0,6998.25,7011.3125,stop,-13.0625,-15.0625
2019-02-14,2019,Inner,15,1.0,6998.25,7011.3125,stop,-13.0625,-14.0625
2019-02-14,2019,Inner,15,2.0,6998.25,7011.3125,stop,-13.0625,-15.0625
2019-02-18,2019,Inner,3,1.0,7074.5,7077.1875,time,1.25,0.25
2019-02-18,2019,Inner,3,2.0,7074.5,7077.1875,time,1.25,-0.75
2019-02-18,2019,Inner,5,1.0,7074.5,7077.1875,time,0.5,-0.5
2019-02-18,2019,Inner,5,2.0,7074.5,7077.1875,time,0.5,-1.5
2019-02-18,2019,Inner,10,1.0,7074.5,7077.1875,time,1.25,0.25
2019-02-18,2019,Inner,10,2.0,7074.5,7077.1875,time,1.25,-0.75
2019-02-18,2019,Inner,15,1.0,7074.5,7077.1875,time,0.25,-0.75
2019-02-18,2019,Inner,15,2.0,7074.5,7077.1875,time,0.25,-1.75
2019-02-19,2019,Inner,3,1.0,7077.5,7088.0625,time,1.25,0.25
2019-02-19,2019,Inner,3,2.0,7077.5,7088.0625,time,1.25,-0.75
2019-02-19,2019,Inner,5,1.0,7077.5,7088.0625,time,2.25,1.25
2019-02-19,2019,Inner,5,2.0,7077.5,7088.0625,time,2.25,0.25
2019-02-19,2019,Inner,10,1.0,7077.5,7088.0625,time,0.5,-0.5
2019-02-19,2019,Inner,10,2.0,7077.5,7088.0625,time,0.5,-1.5
2019-02-19,2019,Inner,15,1.0,7077.5,7088.0625,time,1.25,0.25
2019-02-19,2019,Inner,15,2.0,7077.5,7088.0625,time,1.25,-0.75
2019-02-20,2019,Inner,3,1.0,7095.0,7100.875,time,1.25,0.25
2019-02-20,2019,Inner,3,2.0,7095.0,7100.875,time,1.25,-0.75
2019-02-20,2019,Inner,5,1.0,7095.0,7100.875,time,2.0,1.0
2019-02-20,2019,Inner,5,2.0,7095.0,7100.875,time,2.0,0.0
2019-02-20,2019,Inner,10,1.0,7095.0,7100.875,time,-1.75,-2.75
2019-02-20,2019,Inner,10,2.0,7095.0,7100.875,time,-1.75,-3.75
2019-02-20,2019,Inner,15,1.0,7095.0,7100.875,time,1.5,0.5
2019-02-20,2019,Inner,15,2.0,7095.0,7100.875,time,1.5,-0.5
2019-02-21,2019,Inner,3,1.0,7065.75,7081.0625,time,0.75,-0.25
2019-02-21,2019,Inner,3,2.0,7065.75,7081.0625,time,0.75,-1.25
2019-02-21,2019,Inner,5,1.0,7065.75,7081.0625,time,-0.75,-1.75
2019-02-21,2019,Inner,5,2.0,7065.75,7081.0625,time,-0.75,-2.75
2019-02-21,2019,Inner,10,1.0,7065.75,7081.0625,time,0.5,-0.5
2019-02-21,2019,Inner,10,2.0,7065.75,7081.0625,time,0.5,-1.5
2019-02-21,2019,Inner,15,1.0,7065.75,7081.0625,time,2.5,1.5
2019-02-21,2019,Inner,15,2.0,7065.75,7081.0625,time,2.5,0.5
2019-02-22,2019,Inner,3,1.0,7082.5,7089.5625,time,-1.0,-2.0
2019-02-22,2019,Inner,3,2.0,7082.5,7089.5625,time,-1.0,-3.0
2019-02-22,2019,Inner,5,1.0,7082.5,7089.5625,time,1.25,0.25
2019-02-22,2019,Inner,5,2.0,7082.5,7089.5625,time,1.25,-0.75
2019-02-22,2019,Inner,10,1.0,7082.5,7089.5625,time,13.5,12.5
2019-02-22,2019,Inner,10,2.0,7082.5,7089.5625,time,13.5,11.5
2019-02-22,2019,Inner,15,1.0,7082.5,7089.5625,time,19.25,18.25
2019-02-22,2019,Inner,15,2.0,7082.5,7089.5625,time,19.25,17.25
2019-02-27,2019,Inner,3,1.0,7116.0,7133.75,time,0.0,-1.0
2019-02-27,2019,Inner,3,2.0,7116.0,7133.75,time,0.0,-2.0
2019-02-27,2019,Inner,5,1.0,7116.0,7133.75,time,1.75,0.75
2019-02-27,2019,Inner,5,2.0,7116.0,7133.75,time,1.75,-0.25
2019-02-27,2019,Inner,10,1.0,7116.0,7133.75,time,2.25,1.25
2019-02-27,2019,Inner,10,2.0,7116.0,7133.75,time,2.25,0.25
2019-02-27,2019,Inner,15,1.0,7116.0,7133.75,time,5.0,4.0
2019-02-27,2019,Inner,15,2.0,7116.0,7133.75,time,5.0,3.0
2019-02-28,2019,Inner,3,1.0,7121.0,7130.375,time,-0.25,-1.25
2019-02-28,2019,Inner,3,2.0,7121.0,7130.375,time,-0.25,-2.25
2019-02-28,2019,Inner,5,1.0,7121.0,7130.375,time,-1.25,-2.25
2019-02-28,2019,Inner,5,2.0,7121.0,7130.375,time,-1.25,-3.25
2019-02-28,2019,Inner,10,1.0,7121.0,7130.375,time,-3.0,-4.0
2019-02-28,2019,Inner,10,2.0,7121.0,7130.375,time,-3.0,-5.0
2019-02-28,2019,Inner,15,1.0,7121.0,7130.375,time,-6.75,-7.75
2019-02-28,2019,Inner,15,2.0,7121.0,7130.375,time,-6.75,-8.75
2019-03-05,2019,Inner,3,1.0,7162.25,7171.8125,time,-4.5,-5.5
2019-03-05,2019,Inner,3,2.0,7162.25,7171.8125,time,-4.5,-6.5
2019-03-05,2019,Inner,5,1.0,7162.25,7171.8125,time,-0.5,-1.5
2019-03-05,2019,Inner,5,2.0,7162.25,7171.8125,time,-0.5,-2.5
2019-03-05,2019,Inner,10,1.0,7162.25,7171.8125,time,-2.0,-3.0
2019-03-05,2019,Inner,10,2.0,7162.25,7171.8125,time,-2.0,-4.0
2019-03-05,2019,Inner,15,1.0,7162.25,7171.8125,time,-1.25,-2.25
2019-03-05,2019,Inner,15,2.0,7162.25,7171.8125,time,-1.25,-3.25
2019-03-08,2019,Inner,3,1.0,6998.25,7007.0625,time,0.75,-0.25
2019-03-08,2019,Inner,3,2.0,6998.25,7007.0625,time,0.75,-1.25
2019-03-08,2019,Inner,5,1.0,6998.25,7007.0625,time,-3.5,-4.5
2019-03-08,2019,Inner,5,2.0,6998.25,7007.0625,time,-3.5,-5.5
2019-03-08,2019,Inner,10,1.0,6998.25,7007.0625,time,3.0,2.0
2019-03-08,2019,Inner,10,2.0,6998.25,7007.0625,time,3.0,1.0
2019-03-08,2019,Inner,15,1.0,6998.25,7007.0625,time,5.5,4.5
2019-03-08,2019,Inner,15,2.0,6998.25,7007.0625,time,5.5,3.5
2019-03-15,2019,Inner,3,1.0,7331.75,7341.375,time,2.0,1.0
2019-03-15,2019,Inner,3,2.0,7331.75,7341.375,time,2.0,0.0
2019-03-15,2019,Inner,5,1.0,7331.75,7341.375,time,0.25,-0.75
2019-03-15,2019,Inner,5,2.0,7331.75,7341.375,time,0.25,-1.75
2019-03-15,2019,Inner,10,1.0,7331.75,7341.375,time,-0.25,-1.25
2019-03-15,2019,Inner,10,2.0,7331.75,7341.375,time,-0.25,-2.25
2019-03-15,2019,Inner,15,1.0,7331.75,7341.375,stop,-9.625,-10.625
2019-03-15,2019,Inner,15,2.0,7331.75,7341.375,stop,-9.625,-11.625
2019-04-02,2019,Inner,3,1.0,7513.5,7520.625,time,-0.25,-1.25
2019-04-02,2019,Inner,3,2.0,7513.5,7520.625,time,-0.25,-2.25
2019-04-02,2019,Inner,5,1.0,7513.5,7520.625,time,0.0,-1.0
2019-04-02,2019,Inner,5,2.0,7513.5,7520.625,time,0.0,-2.0
2019-04-02,2019,Inner,10,1.0,7513.5,7520.625,time,-3.5,-4.5
2019-04-02,2019,Inner,10,2.0,7513.5,7520.625,time,-3.5,-5.5
2019-04-02,2019,Inner,15,1.0,7513.5,7520.625,time,-3.0,-4.0
2019-04-02,2019,Inner,15,2.0,7513.5,7520.625,time,-3.0,-5.0
2019-04-03,2019,Inner,3,1.0,7581.75,7589.0625,time,-4.0,-5.0
2019-04-03,2019,Inner,3,2.0,7581.75,7589.0625,time,-4.0,-6.0
2019-04-03,2019,Inner,5,1.0,7581.75,7589.0625,time,-4.25,-5.25
2019-04-03,2019,Inner,5,2.0,7581.75,7589.0625,time,-4.25,-6.25
2019-04-03,2019,Inner,10,1.0,7581.75,7589.0625,stop,-7.3125,-8.3125
2019-04-03,2019,Inner,10,2.0,7581.75,7589.0625,stop,-7.3125,-9.3125
2019-04-03,2019,Inner,15,1.0,7581.75,7589.0625,stop,-7.3125,-8.3125
2019-04-03,2019,Inner,15,2.0,7581.75,7589.0625,stop,-7.3125,-9.3125
2019-04-08,2019,Inner,3,1.0,7594.0,7602.3125,time,-0.5,-1.5
2019-04-08,2019,Inner,3,2.0,7594.0,7602.3125,time,-0.5,-2.5
2019-04-08,2019,Inner,5,1.0,7594.0,7602.3125,time,0.5,-0.5
2019-04-08,2019,Inner,5,2.0,7594.0,7602.3125,time,0.5,-1.5
2019-04-08,2019,Inner,10,1.0,7594.0,7602.3125,time,-2.0,-3.0
2019-04-08,2019,Inner,10,2.0,7594.0,7602.3125,time,-2.0,-4.0
2019-04-08,2019,Inner,15,1.0,7594.0,7602.3125,time,-0.5,-1.5
2019-04-08,2019,Inner,15,2.0,7594.0,7602.3125,time,-0.5,-2.5
2019-04-09,2019,Inner,3,1.0,7611.0,7619.1875,time,5.75,4.75
2019-04-09,2019,Inner,3,2.0,7611.0,7619.1875,time,5.75,3.75
2019-04-09,2019,Inner,5,1.0,7611.0,7619.1875,time,8.5,7.5
2019-04-09,2019,Inner,5,2.0,7611.0,7619.1875,time,8.5,6.5
2019-04-09,2019,Inner,10,1.0,7611.0,7619.1875,time,12.0,11.0
2019-04-09,2019,Inner,10,2.0,7611.0,7619.1875,time,12.0,10.0
2019-04-09,2019,Inner,15,1.0,7611.0,7619.1875,time,5.25,4.25
2019-04-09,2019,Inner,15,2.0,7611.0,7619.1875,time,5.25,3.25
2019-04-10,2019,Inner,3,1.0,7613.75,7618.6875,time,-0.5,-1.5
2019-04-10,2019,Inner,3,2.0,7613.75,7618.6875,time,-0.5,-2.5
2019-04-10,2019,Inner,5,1.0,7613.75,7618.6875,time,1.25,0.25
2019-04-10,2019,Inner,5,2.0,7613.75,7618.6875,time,1.25,-0.75
2019-04-10,2019,Inner,10,1.0,7613.75,7618.6875,time,1.5,0.5
2019-04-10,2019,Inner,10,2.0,7613.75,7618.6875,time,1.5,-0.5
2019-04-10,2019,Inner,15,1.0,7613.75,7618.6875,time,-2.75,-3.75
2019-04-10,2019,Inner,15,2.0,7613.75,7618.6875,time,-2.75,-4.75
2019-04-29,2019,Inner,3,1.0,7848.0,7854.125,time,-0.25,-1.25
2019-04-29,2019,Inner,3,2.0,7848.0,7854.125,time,-0.25,-2.25
2019-04-29,2019,Inner,5,1.0,7848.0,7854.125,time,0.75,-0.25
2019-04-29,2019,Inner,5,2.0,7848.0,7854.125,time,0.75,-1.25
2019-04-29,2019,Inner,10,1.0,7848.0,7854.125,time,-0.75,-1.75
2019-04-29,2019,Inner,10,2.0,7848.0,7854.125,time,-0.75,-2.75
2019-04-29,2019,Inner,15,1.0,7848.0,7854.125,time,-1.75,-2.75
2019-04-29,2019,Inner,15,2.0,7848.0,7854.125,time,-1.75,-3.75
2019-05-01,2019,Inner,3,1.0,7854.75,7862.3125,time,1.25,0.25
2019-05-01,2019,Inner,3,2.0,7854.75,7862.3125,time,1.25,-0.75
2019-05-01,2019,Inner,5,1.0,7854.75,7862.3125,time,1.75,0.75
2019-05-01,2019,Inner,5,2.0,7854.75,7862.3125,time,1.75,-0.25
2019-05-01,2019,Inner,10,1.0,7854.75,7862.3125,time,7.25,6.25
2019-05-01,2019,Inner,10,2.0,7854.75,7862.3125,time,7.25,5.25
2019-05-01,2019,Inner,15,1.0,7854.75,7862.3125,time,13.75,12.75
2019-05-01,2019,Inner,15,2.0,7854.75,7862.3125,time,13.75,11.75
2019-05-03,2019,Inner,3,1.0,7818.0,7827.5,time,-2.0,-3.0
2019-05-03,2019,Inner,3,2.0,7818.0,7827.5,time,-2.0,-4.0
2019-05-03,2019,Inner,5,1.0,7818.0,7827.5,time,-3.25,-4.25
2019-05-03,2019,Inner,5,2.0,7818.0,7827.5,time,-3.25,-5.25
2019-05-03,2019,Inner,10,1.0,7818.0,7827.5,stop,-9.5,-10.5
2019-05-03,2019,Inner,10,2.0,7818.0,7827.5,stop,-9.5,-11.5
2019-05-03,2019,Inner,15,1.0,7818.0,7827.5,stop,-9.5,-10.5
2019-05-03,2019,Inner,15,2.0,7818.0,7827.5,stop,-9.5,-11.5
2019-05-06,2019,Inner,3,1.0,7768.75,7791.875,time,2.0,1.0
2019-05-06,2019,Inner,3,2.0,7768.75,7791.875,time,2.0,0.0
2019-05-06,2019,Inner,5,1.0,7768.75,7791.875,time,2.25,1.25
2019-05-06,2019,Inner,5,2.0,7768.75,7791.875,time,2.25,0.25
2019-05-06,2019,Inner,10,1.0,7768.75,7791.875,time,4.0,3.0
2019-05-06,2019,Inner,10,2.0,7768.75,7791.875,time,4.0,2.0
2019-05-06,2019,Inner,15,1.0,7768.75,7791.875,time,9.5,8.5
2019-05-06,2019,Inner,15,2.0,7768.75,7791.875,time,9.5,7.5
2019-05-08,2019,Inner,3,1.0,7657.75,7673.0,time,12.5,11.5
2019-05-08,2019,Inner,3,2.0,7657.75,7673.0,time,12.5,10.5
2019-05-08,2019,Inner,5,1.0,7657.75,7673.0,time,14.75,13.75
2019-05-08,2019,Inner,5,2.0,7657.75,7673.0,time,14.75,12.75
2019-05-08,2019,Inner,10,1.0,7657.75,7673.0,time,11.5,10.5
2019-05-08,2019,Inner,10,2.0,7657.75,7673.0,time,11.5,9.5
2019-05-08,2019,Inner,15,1.0,7657.75,7673.0,time,2.0,1.0
2019-05-08,2019,Inner,15,2.0,7657.75,7673.0,time,2.0,0.0
2019-05-15,2019,Inner,3,1.0,7469.75,7498.5,time,-0.75,-1.75
2019-05-15,2019,Inner,3,2.0,7469.75,7498.5,time,-0.75,-2.75
2019-05-15,2019,Inner,5,1.0,7469.75,7498.5,time,-5.75,-6.75
2019-05-15,2019,Inner,5,2.0,7469.75,7498.5,time,-5.75,-7.75
2019-05-15,2019,Inner,10,1.0,7469.75,7498.5,time,-11.25,-12.25
2019-05-15,2019,Inner,10,2.0,7469.75,7498.5,time,-11.25,-13.25
2019-05-15,2019,Inner,15,1.0,7469.75,7498.5,time,-16.0,-17.0
2019-05-15,2019,Inner,15,2.0,7469.75,7498.5,time,-16.0,-18.0
2019-05-16,2019,Inner,3,1.0,7609.25,7633.75,time,-2.0,-3.0
2019-05-16,2019,Inner,3,2.0,7609.25,7633.75,time,-2.0,-4.0
2019-05-16,2019,Inner,5,1.0,7609.25,7633.75,time,-1.5,-2.5
2019-05-16,2019,Inner,5,2.0,7609.25,7633.75,time,-1.5,-3.5
2019-05-16,2019,Inner,10,1.0,7609.25,7633.75,time,-7.75,-8.75
2019-05-16,2019,Inner,10,2.0,7609.25,7633.75,time,-7.75,-9.75
2019-05-16,2019,Inner,15,1.0,7609.25,7633.75,time,-10.0,-11.0
2019-05-16,2019,Inner,15,2.0,7609.25,7633.75,time,-10.0,-12.0
2019-05-17,2019,Inner,3,1.0,7570.5,7586.25,time,-3.0,-4.0
2019-05-17,2019,Inner,3,2.0,7570.5,7586.25,time,-3.0,-5.0
2019-05-17,2019,Inner,5,1.0,7570.5,7586.25,time,3.25,2.25
2019-05-17,2019,Inner,5,2.0,7570.5,7586.25,time,3.25,1.25
2019-05-17,2019,Inner,10,1.0,7570.5,7586.25,time,-4.5,-5.5
2019-05-17,2019,Inner,10,2.0,7570.5,7586.25,time,-4.5,-6.5
2019-05-17,2019,Inner,15,1.0,7570.5,7586.25,time,-2.0,-3.0
2019-05-17,2019,Inner,15,2.0,7570.5,7586.25,time,-2.0,-4.0
2019-05-20,2019,Inner,3,1.0,7418.75,7434.8125,time,-3.5,-4.5
2019-05-20,2019,Inner,3,2.0,7418.75,7434.8125,time,-3.5,-5.5
2019-05-20,2019,Inner,5,1.0,7418.75,7434.8125,time,6.75,5.75
2019-05-20,2019,Inner,5,2.0,7418.75,7434.8125,time,6.75,4.75
2019-05-20,2019,Inner,10,1.0,7418.75,7434.8125,time,10.25,9.25
2019-05-20,2019,Inner,10,2.0,7418.75,7434.8125,time,10.25,8.25
2019-05-20,2019,Inner,15,1.0,7418.75,7434.8125,time,-8.5,-9.5
2019-05-20,2019,Inner,15,2.0,7418.75,7434.8125,time,-8.5,-10.5
2019-05-21,2019,Inner,3,1.0,7462.5,7472.0625,stop,-9.5625,-10.5625
2019-05-21,2019,Inner,3,2.0,7462.5,7472.0625,stop,-9.5625,-11.5625
2019-05-21,2019,Inner,5,1.0,7462.5,7472.0625,stop,-9.5625,-10.5625
2019-05-21,2019,Inner,5,2.0,7462.5,7472.0625,stop,-9.5625,-11.5625
2019-05-21,2019,Inner,10,1.0,7462.5,7472.0625,stop,-9.5625,-10.5625
2019-05-21,2019,Inner,10,2.0,7462.5,7472.0625,stop,-9.5625,-11.5625
2019-05-21,2019,Inner,15,1.0,7462.5,7472.0625,stop,-9.5625,-10.5625
2019-05-21,2019,Inner,15,2.0,7462.5,7472.0625,stop,-9.5625,-11.5625
2019-05-31,2019,Inner,3,1.0,7167.75,7177.125,time,2.25,1.25
2019-05-31,2019,Inner,3,2.0,7167.75,7177.125,time,2.25,0.25
2019-05-31,2019,Inner,5,1.0,7167.75,7177.125,time,0.75,-0.25
2019-05-31,2019,Inner,5,2.0,7167.75,7177.125,time,0.75,-1.25
2019-05-31,2019,Inner,10,1.0,7167.75,7177.125,time,2.5,1.5
2019-05-31,2019,Inner,10,2.0,7167.75,7177.125,time,2.5,0.5
2019-05-31,2019,Inner,15,1.0,7167.75,7177.125,time,10.75,9.75
2019-05-31,2019,Inner,15,2.0,7167.75,7177.125,time,10.75,8.75
2019-06-06,2019,Inner,3,1.0,7246.0,7255.75,time,-4.25,-5.25
2019-06-06,2019,Inner,3,2.0,7246.0,7255.75,time,-4.25,-6.25
2019-06-06,2019,Inner,5,1.0,7246.0,7255.75,time,7.75,6.75
2019-06-06,2019,Inner,5,2.0,7246.0,7255.75,time,7.75,5.75
2019-06-06,2019,Inner,10,1.0,7246.0,7255.75,time,17.0,16.0
2019-06-06,2019,Inner,10,2.0,7246.0,7255.75,time,17.0,15.0
2019-06-06,2019,Inner,15,1.0,7246.0,7255.75,time,14.75,13.75
2019-06-06,2019,Inner,15,2.0,7246.0,7255.75,time,14.75,12.75
2019-06-10,2019,Inner,3,1.0,7540.25,7558.25,time,-6.5,-7.5
2019-06-10,2019,Inner,3,2.0,7540.25,7558.25,time,-6.5,-8.5
2019-06-10,2019,Inner,5,1.0,7540.25,7558.25,time,-5.75,-6.75
2019-06-10,2019,Inner,5,2.0,7540.25,7558.25,time,-5.75,-7.75
2019-06-10,2019,Inner,10,1.0,7540.25,7558.25,time,-10.0,-11.0
2019-06-10,2019,Inner,10,2.0,7540.25,7558.25,time,-10.0,-12.0
2019-06-10,2019,Inner,15,1.0,7540.25,7558.25,time,-16.0,-17.0
2019-06-10,2019,Inner,15,2.0,7540.25,7558.25,time,-16.0,-18.0
2019-06-14,2019,Inner,3,1.0,7506.25,7512.625,time,-1.0,-2.0
2019-06-14,2019,Inner,3,2.0,7506.25,7512.625,time,-1.0,-3.0
2019-06-14,2019,Inner,5,1.0,7506.25,7512.625,time,8.25,7.25
2019-06-14,2019,Inner,5,2.0,7506.25,7512.625,time,8.25,6.25
2019-06-14,2019,Inner,10,1.0,7506.25,7512.625,time,19.25,18.25
2019-06-14,2019,Inner,10,2.0,7506.25,7512.625,time,19.25,17.25
2019-06-14,2019,Inner,15,1.0,7506.25,7512.625,time,10.25,9.25
2019-06-14,2019,Inner,15,2.0,7506.25,7512.625,time,10.25,8.25
2019-06-18,2019,Inner,3,1.0,7711.25,7732.9375,time,-0.25,-1.25
2019-06-18,2019,Inner,3,2.0,7711.25,7732.9375,time,-0.25,-2.25
2019-06-18,2019,Inner,5,1.0,7711.25,7732.9375,time,-2.5,-3.5
2019-06-18,2019,Inner,5,2.0,7711.25,7732.9375,time,-2.5,-4.5
2019-06-18,2019,Inner,10,1.0,7711.25,7732.9375,time,-8.0,-9.0
2019-06-18,2019,Inner,10,2.0,7711.25,7732.9375,time,-8.0,-10.0
2019-06-18,2019,Inner,15,1.0,7711.25,7732.9375,time,-3.75,-4.75
2019-06-18,2019,Inner,15,2.0,7711.25,7732.9375,time,-3.75,-5.75
2019-06-19,2019,Inner,3,1.0,7684.25,7695.625,time,9.5,8.5
2019-06-19,2019,Inner,3,2.0,7684.25,7695.625,time,9.5,7.5
2019-06-19,2019,Inner,5,1.0,7684.25,7695.625,time,8.0,7.0
2019-06-19,2019,Inner,5,2.0,7684.25,7695.625,time,8.0,6.0
2019-06-19,2019,Inner,10,1.0,7684.25,7695.625,time,3.75,2.75
2019-06-19,2019,Inner,10,2.0,7684.25,7695.625,time,3.75,1.75
2019-06-19,2019,Inner,15,1.0,7684.25,7695.625,time,20.75,19.75
2019-06-19,2019,Inner,15,2.0,7684.25,7695.625,time,20.75,18.75
2019-06-21,2019,Inner,3,1.0,7764.75,7772.3125,time,-5.5,-6.5
2019-06-21,2019,Inner,3,2.0,7764.75,7772.3125,time,-5.5,-7.5
2019-06-21,2019,Inner,5,1.0,7764.75,7772.3125,stop,-7.5625,-8.5625
2019-06-21,2019,Inner,5,2.0,7764.75,7772.3125,stop,-7.5625,-9.5625
2019-06-21,2019,Inner,10,1.0,7764.75,7772.3125,stop,-7.5625,-8.5625
2019-06-21,2019,Inner,10,2.0,7764.75,7772.3125,stop,-7.5625,-9.5625
2019-06-21,2019,Inner,15,1.0,7764.75,7772.3125,stop,-7.5625,-8.5625
2019-06-21,2019,Inner,15,2.0,7764.75,7772.3125,stop,-7.5625,-9.5625
2019-07-02,2019,Inner,3,1.0,7797.0,7802.375,time,-3.25,-4.25
2019-07-02,2019,Inner,3,2.0,7797.0,7802.375,time,-3.25,-5.25
2019-07-02,2019,Inner,5,1.0,7797.0,7802.375,time,-0.25,-1.25
2019-07-02,2019,Inner,5,2.0,7797.0,7802.375,time,-0.25,-2.25
2019-07-02,2019,Inner,10,1.0,7797.0,7802.375,stop,-5.375,-6.375
2019-07-02,2019,Inner,10,2.0,7797.0,7802.375,stop,-5.375,-7.375
2019-07-02,2019,Inner,15,1.0,7797.0,7802.375,stop,-5.375,-6.375
2019-07-02,2019,Inner,15,2.0,7797.0,7802.375,stop,-5.375,-7.375
2019-07-03,2019,Inner,3,1.0,7858.75,7864.75,time,1.0,0.0
2019-07-03,2019,Inner,3,2.0,7858.75,7864.75,time,1.0,-1.0
2019-07-03,2019,Inner,5,1.0,7858.75,7864.75,time,-0.5,-1.5
2019-07-03,2019,Inner,5,2.0,7858.75,7864.75,time,-0.5,-2.5
2019-07-03,2019,Inner,10,1.0,7858.75,7864.75,stop,-6.0,-7.0
2019-07-03,2019,Inner,10,2.0,7858.75,7864.75,stop,-6.0,-8.0
2019-07-03,2019,Inner,15,1.0,7858.75,7864.75,stop,-6.0,-7.0
2019-07-03,2019,Inner,15,2.0,7858.75,7864.75,stop,-6.0,-8.0
2019-07-24,2019,Inner,3,1.0,7978.25,7988.75,time,2.25,1.25
2019-07-24,2019,Inner,3,2.0,7978.25,7988.75,time,2.25,0.25
2019-07-24,2019,Inner,5,1.0,7978.25,7988.75,time,-1.5,-2.5
2019-07-24,2019,Inner,5,2.0,7978.25,7988.75,time,-1.5,-3.5
2019-07-24,2019,Inner,10,1.0,7978.25,7988.75,time,5.0,4.0
2019-07-24,2019,Inner,10,2.0,7978.25,7988.75,time,5.0,3.0
2019-07-24,2019,Inner,15,1.0,7978.25,7988.75,time,-0.25,-1.25
2019-07-24,2019,Inner,15,2.0,7978.25,7988.75,time,-0.25,-2.25
2019-07-26,2019,Inner,3,1.0,8031.0,8040.875,time,-0.5,-1.5
2019-07-26,2019,Inner,3,2.0,8031.0,8040.875,time,-0.5,-2.5
2019-07-26,2019,Inner,5,1.0,8031.0,8040.875,time,-0.5,-1.5
2019-07-26,2019,Inner,5,2.0,8031.0,8040.875,time,-0.5,-2.5
2019-07-26,2019,Inner,10,1.0,8031.0,8040.875,time,-1.0,-2.0
2019-07-26,2019,Inner,10,2.0,8031.0,8040.875,time,-1.0,-3.0
2019-07-26,2019,Inner,15,1.0,8031.0,8040.875,time,1.25,0.25
2019-07-26,2019,Inner,15,2.0,8031.0,8040.875,time,1.25,-0.75
2019-08-01,2019,Inner,3,1.0,7933.0,7958.3125,time,-7.5,-8.5
2019-08-01,2019,Inner,3,2.0,7933.0,7958.3125,time,-7.5,-9.5
2019-08-01,2019,Inner,5,1.0,7933.0,7958.3125,time,33.0,32.0
2019-08-01,2019,Inner,5,2.0,7933.0,7958.3125,time,33.0,31.0
2019-08-01,2019,Inner,10,1.0,7933.0,7958.3125,time,60.0,59.0
2019-08-01,2019,Inner,10,2.0,7933.0,7958.3125,time,60.0,58.0
2019-08-01,2019,Inner,15,1.0,7933.0,7958.3125,time,72.25,71.25
2019-08-01,2019,Inner,15,2.0,7933.0,7958.3125,time,72.25,70.25
2019-08-07,2019,Inner,3,1.0,7496.75,7524.1875,time,5.75,4.75
2019-08-07,2019,Inner,3,2.0,7496.75,7524.1875,time,5.75,3.75
2019-08-07,2019,Inner,5,1.0,7496.75,7524.1875,time,-9.75,-10.75
2019-08-07,2019,Inner,5,2.0,7496.75,7524.1875,time,-9.75,-11.75
2019-08-07,2019,Inner,10,1.0,7496.75,7524.1875,stop,-27.4375,-28.4375
2019-08-07,2019,Inner,10,2.0,7496.75,7524.1875,stop,-27.4375,-29.4375
2019-08-07,2019,Inner,15,1.0,7496.75,7524.1875,stop,-27.4375,-28.4375
2019-08-07,2019,Inner,15,2.0,7496.75,7524.1875,stop,-27.4375,-29.4375
2019-08-16,2019,Inner,3,1.0,7603.5,7616.1875,time,-1.25,-2.25
2019-08-16,2019,Inner,3,2.0,7603.5,7616.1875,time,-1.25,-3.25
2019-08-16,2019,Inner,5,1.0,7603.5,7616.1875,time,0.5,-0.5
2019-08-16,2019,Inner,5,2.0,7603.5,7616.1875,time,0.5,-1.5
2019-08-16,2019,Inner,10,1.0,7603.5,7616.1875,time,5.0,4.0
2019-08-16,2019,Inner,10,2.0,7603.5,7616.1875,time,5.0,3.0
2019-08-16,2019,Inner,15,1.0,7603.5,7616.1875,time,-5.0,-6.0
2019-08-16,2019,Inner,15,2.0,7603.5,7616.1875,time,-5.0,-7.0
2019-08-19,2019,Inner,3,1.0,7742.0,7754.375,time,-0.75,-1.75
2019-08-19,2019,Inner,3,2.0,7742.0,7754.375,time,-0.75,-2.75
2019-08-19,2019,Inner,5,1.0,7742.0,7754.375,time,0.0,-1.0
2019-08-19,2019,Inner,5,2.0,7742.0,7754.375,time,0.0,-2.0
2019-08-19,2019,Inner,10,1.0,7742.0,7754.375,time,3.25,2.25
2019-08-19,2019,Inner,10,2.0,7742.0,7754.375,time,3.25,1.25
2019-08-19,2019,Inner,15,1.0,7742.0,7754.375,time,1.5,0.5
2019-08-19,2019,Inner,15,2.0,7742.0,7754.375,time,1.5,-0.5
2019-08-20,2019,Inner,3,1.0,7718.0,7728.25,time,1.5,0.5
2019-08-20,2019,Inner,3,2.0,7718.0,7728.25,time,1.5,-0.5
2019-08-20,2019,Inner,5,1.0,7718.0,7728.25,time,-2.5,-3.5
2019-08-20,2019,Inner,5,2.0,7718.0,7728.25,time,-2.5,-4.5
2019-08-20,2019,Inner,10,1.0,7718.0,7728.25,time,-2.0,-3.0
2019-08-20,2019,Inner,10,2.0,7718.0,7728.25,time,-2.0,-4.0
2019-08-20,2019,Inner,15,1.0,7718.0,7728.25,time,-0.5,-1.5
2019-08-20,2019,Inner,15,2.0,7718.0,7728.25,time,-0.5,-2.5
2019-08-23,2019,Inner,3,1.0,7633.5,7650.875,time,29.75,28.75
2019-08-23,2019,Inner,3,2.0,7633.5,7650.875,time,29.75,27.75
2019-08-23,2019,Inner,5,1.0,7633.5,7650.875,time,64.5,63.5
2019-08-23,2019,Inner,5,2.0,7633.5,7650.875,time,64.5,62.5
2019-08-23,2019,Inner,10,1.0,7633.5,7650.875,time,56.25,55.25
2019-08-23,2019,Inner,10,2.0,7633.5,7650.875,time,56.25,54.25
2019-08-23,2019,Inner,15,1.0,7633.5,7650.875,time,31.5,30.5
2019-08-23,2019,Inner,15,2.0,7633.5,7650.875,time,31.5,29.5
2019-08-26,2019,Inner,3,1.0,7561.5,7575.1875,time,3.0,2.0
2019-08-26,2019,Inner,3,2.0,7561.5,7575.1875,time,3.0,1.0
2019-08-26,2019,Inner,5,1.0,7561.5,7575.1875,time,0.75,-0.25
2019-08-26,2019,Inner,5,2.0,7561.5,7575.1875,time,0.75,-1.25
2019-08-26,2019,Inner,10,1.0,7561.5,7575.1875,time,0.75,-0.25
2019-08-26,2019,Inner,10,2.0,7561.5,7575.1875,time,0.75,-1.25
2019-08-26,2019,Inner,15,1.0,7561.5,7575.1875,time,-1.5,-2.5
2019-08-26,2019,Inner,15,2.0,7561.5,7575.1875,time,-1.5,-3.5
2019-08-28,2019,Inner,3,1.0,7571.25,7588.125,time,-6.0,-7.0
2019-08-28,2019,Inner,3,2.0,7571.25,7588.125,time,-6.0,-8.0
2019-08-28,2019,Inner,5,1.0,7571.25,7588.125,time,-10.25,-11.25
2019-08-28,2019,Inner,5,2.0,7571.25,7588.125,time,-10.25,-12.25
2019-08-28,2019,Inner,10,1.0,7571.25,7588.125,time,-1.75,-2.75
2019-08-28,2019,Inner,10,2.0,7571.25,7588.125,time,-1.75,-3.75
2019-08-28,2019,Inner,15,1.0,7571.25,7588.125,time,5.5,4.5
2019-08-28,2019,Inner,15,2.0,7571.25,7588.125,time,5.5,3.5
2019-09-04,2019,Inner,3,1.0,7703.75,7713.75,time,0.5,-0.5
2019-09-04,2019,Inner,3,2.0,7703.75,7713.75,time,0.5,-1.5
2019-09-04,2019,Inner,5,1.0,7703.75,7713.75,time,-2.5,-3.5
2019-09-04,2019,Inner,5,2.0,7703.75,7713.75,time,-2.5,-4.5
2019-09-04,2019,Inner,10,1.0,7703.75,7713.75,time,-1.5,-2.5
2019-09-04,2019,Inner,10,2.0,7703.75,7713.75,time,-1.5,-3.5
2019-09-04,2019,Inner,15,1.0,7703.75,7713.75,time,-4.25,-5.25
2019-09-04,2019,Inner,15,2.0,7703.75,7713.75,time,-4.25,-6.25
2019-09-10,2019,Inner,3,1.0,7798.75,7812.6875,time,1.25,0.25
2019-09-10,2019,Inner,3,2.0,7798.75,7812.6875,time,1.25,-0.75
2019-09-10,2019,Inner,5,1.0,7798.75,7812.6875,time,2.0,1.0
2019-09-10,2019,Inner,5,2.0,7798.75,7812.6875,time,2.0,0.0
2019-09-10,2019,Inner,10,1.0,7798.75,7812.6875,time,4.25,3.25
2019-09-10,2019,Inner,10,2.0,7798.75,7812.6875,time,4.25,2.25
2019-09-10,2019,Inner,15,1.0,7798.75,7812.6875,time,0.75,-0.25
2019-09-10,2019,Inner,15,2.0,7798.75,7812.6875,time,0.75,-1.25
2019-09-11,2019,Inner,3,1.0,7867.5,7881.625,time,-0.25,-1.25
2019-09-11,2019,Inner,3,2.0,7867.5,7881.625,time,-0.25,-2.25
2019-09-11,2019,Inner,5,1.0,7867.5,7881.625,time,1.5,0.5
2019-09-11,2019,Inner,5,2.0,7867.5,7881.625,time,1.5,-0.5
2019-09-11,2019,Inner,10,1.0,7867.5,7881.625,time,4.75,3.75
2019-09-11,2019,Inner,10,2.0,7867.5,7881.625,time,4.75,2.75
2019-09-11,2019,Inner,15,1.0,7867.5,7881.625,time,4.0,3.0
2019-09-11,2019,Inner,15,2.0,7867.5,7881.625,time,4.0,2.0
2019-09-13,2019,Inner,3,1.0,7940.5,7949.125,time,7.5,6.5
2019-09-13,2019,Inner,3,2.0,7940.5,7949.125,time,7.5,5.5
2019-09-13,2019,Inner,5,1.0,7940.5,7949.125,time,13.0,12.0
2019-09-13,2019,Inner,5,2.0,7940.5,7949.125,time,13.0,11.0
2019-09-13,2019,Inner,10,1.0,7940.5,7949.125,time,14.5,13.5
2019-09-13,2019,Inner,10,2.0,7940.5,7949.125,time,14.5,12.5
2019-09-13,2019,Inner,15,1.0,7940.5,7949.125,time,16.75,15.75
2019-09-13,2019,Inner,15,2.0,7940.5,7949.125,time,16.75,14.75
2019-09-23,2019,Inner,3,1.0,7843.75,7853.8125,time,1.5,0.5
2019-09-23,2019,Inner,3,2.0,7843.75,7853.8125,time,1.5,-0.5
2019-09-23,2019,Inner,5,1.0,7843.75,7853.8125,time,-0.5,-1.5
2019-09-23,2019,Inner,5,2.0,7843.75,7853.8125,time,-0.5,-2.5
2019-09-23,2019,Inner,10,1.0,7843.75,7853.8125,time,-3.5,-4.5
2019-09-23,2019,Inner,10,2.0,7843.75,7853.8125,time,-3.5,-5.5
2019-09-23,2019,Inner,15,1.0,7843.75,7853.8125,stop,-10.0625,-11.0625
2019-09-23,2019,Inner,15,2.0,7843.75,7853.8125,stop,-10.0625,-12.0625
2019-09-30,2019,Inner,3,1.0,7749.25,7759.625,time,-2.5,-3.5
2019-09-30,2019,Inner,3,2.0,7749.25,7759.625,time,-2.5,-4.5
2019-09-30,2019,Inner,5,1.0,7749.25,7759.625,time,-4.25,-5.25
2019-09-30,2019,Inner,5,2.0,7749.25,7759.625,time,-4.25,-6.25
2019-09-30,2019,Inner,10,1.0,7749.25,7759.625,time,-1.75,-2.75
2019-09-30,2019,Inner,10,2.0,7749.25,7759.625,time,-1.75,-3.75
2019-09-30,2019,Inner,15,1.0,7749.25,7759.625,time,-1.0,-2.0
2019-09-30,2019,Inner,15,2.0,7749.25,7759.625,time,-1.0,-3.0
2019-10-07,2019,Inner,3,1.0,7757.5,7767.5,time,1.0,0.0
2019-10-07,2019,Inner,3,2.0,7757.5,7767.5,time,1.0,-1.0
2019-10-07,2019,Inner,5,1.0,7757.5,7767.5,time,1.75,0.75
2019-10-07,2019,Inner,5,2.0,7757.5,7767.5,time,1.75,-0.25
2019-10-07,2019,Inner,10,1.0,7757.5,7767.5,time,2.0,1.0
2019-10-07,2019,Inner,10,2.0,7757.5,7767.5,time,2.0,0.0
2019-10-07,2019,Inner,15,1.0,7757.5,7767.5,time,-4.5,-5.5
2019-10-07,2019,Inner,15,2.0,7757.5,7767.5,time,-4.5,-6.5
2019-10-08,2019,Inner,3,1.0,7687.25,7704.3125,time,3.0,2.0
2019-10-08,2019,Inner,3,2.0,7687.25,7704.3125,time,3.0,1.0
2019-10-08,2019,Inner,5,1.0,7687.25,7704.3125,time,5.5,4.5
2019-10-08,2019,Inner,5,2.0,7687.25,7704.3125,time,5.5,3.5
2019-10-08,2019,Inner,10,1.0,7687.25,7704.3125,time,14.0,13.0
2019-10-08,2019,Inner,10,2.0,7687.25,7704.3125,time,14.0,12.0
2019-10-08,2019,Inner,15,1.0,7687.25,7704.3125,time,7.75,6.75
2019-10-08,2019,Inner,15,2.0,7687.25,7704.3125,time,7.75,5.75
2019-10-09,2019,Inner,3,1.0,7696.25,7705.1875,time,-2.25,-3.25
2019-10-09,2019,Inner,3,2.0,7696.25,7705.1875,time,-2.25,-4.25
2019-10-09,2019,Inner,5,1.0,7696.25,7705.1875,time,-4.25,-5.25
2019-10-09,2019,Inner,5,2.0,7696.25,7705.1875,time,-4.25,-6.25
2019-10-09,2019,Inner,10,1.0,7696.25,7705.1875,time,-4.5,-5.5
2019-10-09,2019,Inner,10,2.0,7696.25,7705.1875,time,-4.5,-6.5
2019-10-09,2019,Inner,15,1.0,7696.25,7705.1875,time,-8.75,-9.75
2019-10-09,2019,Inner,15,2.0,7696.25,7705.1875,time,-8.75,-10.75
2019-10-10,2019,Inner,3,1.0,7759.5,7777.625,time,3.0,2.0
2019-10-10,2019,Inner,3,2.0,7759.5,7777.625,time,3.0,1.0
2019-10-10,2019,Inner,5,1.0,7759.5,7777.625,time,5.25,4.25
2019-10-10,2019,Inner,5,2.0,7759.5,7777.625,time,5.25,3.25
2019-10-10,2019,Inner,10,1.0,7759.5,7777.625,time,11.5,10.5
2019-10-10,2019,Inner,10,2.0,7759.5,7777.625,time,11.5,9.5
2019-10-10,2019,Inner,15,1.0,7759.5,7777.625,time,24.0,23.0
2019-10-10,2019,Inner,15,2.0,7759.5,7777.625,time,24.0,22.0
2019-10-11,2019,Inner,3,1.0,7892.0,7904.75,time,7.75,6.75
2019-10-11,2019,Inner,3,2.0,7892.0,7904.75,time,7.75,5.75
2019-10-11,2019,Inner,5,1.0,7892.0,7904.75,time,8.0,7.0
2019-10-11,2019,Inner,5,2.0,7892.0,7904.75,time,8.0,6.0
2019-10-11,2019,Inner,10,1.0,7892.0,7904.75,time,6.75,5.75
2019-10-11,2019,Inner,10,2.0,7892.0,7904.75,time,6.75,4.75
2019-10-11,2019,Inner,15,1.0,7892.0,7904.75,time,12.75,11.75
2019-10-11,2019,Inner,15,2.0,7892.0,7904.75,time,12.75,10.75
2019-10-16,2019,Inner,3,1.0,7933.75,7941.3125,time,-2.25,-3.25
2019-10-16,2019,Inner,3,2.0,7933.75,7941.3125,time,-2.25,-4.25
2019-10-16,2019,Inner,5,1.0,7933.75,7941.3125,time,-1.5,-2.5
2019-10-16,2019,Inner,5,2.0,7933.75,7941.3125,time,-1.5,-3.5
2019-10-16,2019,Inner,10,1.0,7933.75,7941.3125,stop,-7.5625,-8.5625
2019-10-16,2019,Inner,10,2.0,7933.75,7941.3125,stop,-7.5625,-9.5625
2019-10-16,2019,Inner,15,1.0,7933.75,7941.3125,stop,-7.5625,-8.5625
2019-10-16,2019,Inner,15,2.0,7933.75,7941.3125,stop,-7.5625,-9.5625
2019-10-21,2019,Inner,3,1.0,7935.75,7946.4375,time,-0.5,-1.5
2019-10-21,2019,Inner,3,2.0,7935.75,7946.4375,time,-0.5,-2.5
2019-10-21,2019,Inner,5,1.0,7935.75,7946.4375,time,-1.75,-2.75
2019-10-21,2019,Inner,5,2.0,7935.75,7946.4375,time,-1.75,-3.75
2019-10-21,2019,Inner,10,1.0,7935.75,7946.4375,time,1.0,0.0
2019-10-21,2019,Inner,10,2.0,7935.75,7946.4375,time,1.0,-1.0
2019-10-21,2019,Inner,15,1.0,7935.75,7946.4375,time,-2.0,-3.0
2019-10-21,2019,Inner,15,2.0,7935.75,7946.4375,time,-2.0,-4.0
2019-10-23,2019,Inner,3,1.0,7885.0,7893.625,time,0.25,-0.75
2019-10-23,2019,Inner,3,2.0,7885.0,7893.625,time,0.25,-1.75
2019-10-23,2019,Inner,5,1.0,7885.0,7893.625,time,-0.25,-1.25
2019-10-23,2019,Inner,5,2.0,7885.0,7893.625,time,-0.25,-2.25
2019-10-23,2019,Inner,10,1.0,7885.0,7893.625,time,1.75,0.75
2019-10-23,2019,Inner,10,2.0,7885.0,7893.625,time,1.75,-0.25
2019-10-23,2019,Inner,15,1.0,7885.0,7893.625,time,0.0,-1.0
2019-10-23,2019,Inner,15,2.0,7885.0,7893.625,time,0.0,-2.0
2019-10-24,2019,Inner,3,1.0,7960.5,7971.625,time,4.25,3.25
2019-10-24,2019,Inner,3,2.0,7960.5,7971.625,time,4.25,2.25
2019-10-24,2019,Inner,5,1.0,7960.5,7971.625,time,6.75,5.75
2019-10-24,2019,Inner,5,2.0,7960.5,7971.625,time,6.75,4.75
2019-10-24,2019,Inner,10,1.0,7960.5,7971.625,time,11.75,10.75
2019-10-24,2019,Inner,10,2.0,7960.5,7971.625,time,11.75,9.75
2019-10-24,2019,Inner,15,1.0,7960.5,7971.625,time,11.25,10.25
2019-10-24,2019,Inner,15,2.0,7960.5,7971.625,time,11.25,9.25
2019-10-28,2019,Inner,3,1.0,8107.75,8116.25,time,0.0,-1.0
2019-10-28,2019,Inner,3,2.0,8107.75,8116.25,time,0.0,-2.0
2019-10-28,2019,Inner,5,1.0,8107.75,8116.25,time,-1.25,-2.25
2019-10-28,2019,Inner,5,2.0,8107.75,8116.25,time,-1.25,-3.25
2019-10-28,2019,Inner,10,1.0,8107.75,8116.25,time,-5.75,-6.75
2019-10-28,2019,Inner,10,2.0,8107.75,8116.25,time,-5.75,-7.75
2019-10-28,2019,Inner,15,1.0,8107.75,8116.25,time,-4.5,-5.5
2019-10-28,2019,Inner,15,2.0,8107.75,8116.25,time,-4.5,-6.5
2019-11-07,2019,Inner,3,1.0,8264.5,8272.375,time,-0.25,-1.25
2019-11-07,2019,Inner,3,2.0,8264.5,8272.375,time,-0.25,-2.25
2019-11-07,2019,Inner,5,1.0,8264.5,8272.375,time,-2.0,-3.0
2019-11-07,2019,Inner,5,2.0,8264.5,8272.375,time,-2.0,-4.0
2019-11-07,2019,Inner,10,1.0,8264.5,8272.375,time,-0.75,-1.75
2019-11-07,2019,Inner,10,2.0,8264.5,8272.375,time,-0.75,-2.75
2019-11-07,2019,Inner,15,1.0,8264.5,8272.375,time,2.25,1.25
2019-11-07,2019,Inner,15,2.0,8264.5,8272.375,time,2.25,0.25
2019-11-08,2019,Inner,3,1.0,8233.5,8244.4375,time,1.25,0.25
2019-11-08,2019,Inner,3,2.0,8233.5,8244.4375,time,1.25,-0.75
2019-11-08,2019,Inner,5,1.0,8233.5,8244.4375,time,0.75,-0.25
2019-11-08,2019,Inner,5,2.0,8233.5,8244.4375,time,0.75,-1.25
2019-11-08,2019,Inner,10,1.0,8233.5,8244.4375,time,-1.75,-2.75
2019-11-08,2019,Inner,10,2.0,8233.5,8244.4375,time,-1.75,-3.75
2019-11-08,2019,Inner,15,1.0,8233.5,8244.4375,stop,-10.9375,-11.9375
2019-11-08,2019,Inner,15,2.0,8233.5,8244.4375,stop,-10.9375,-12.9375
2019-11-11,2019,Inner,3,1.0,8233.25,8241.125,time,-4.25,-5.25
2019-11-11,2019,Inner,3,2.0,8233.25,8241.125,time,-4.25,-6.25
2019-11-11,2019,Inner,5,1.0,8233.25,8241.125,time,-2.5,-3.5
2019-11-11,2019,Inner,5,2.0,8233.25,8241.125,time,-2.5,-4.5
2019-11-11,2019,Inner,10,1.0,8233.25,8241.125,time,-4.0,-5.0
2019-11-11,2019,Inner,10,2.0,8233.25,8241.125,time,-4.0,-6.0
2019-11-11,2019,Inner,15,1.0,8233.25,8241.125,time,-4.0,-5.0
2019-11-11,2019,Inner,15,2.0,8233.25,8241.125,time,-4.0,-6.0
2019-11-12,2019,Inner,3,1.0,8284.75,8293.5625,time,-1.5,-2.5
2019-11-12,2019,Inner,3,2.0,8284.75,8293.5625,time,-1.5,-3.5
2019-11-12,2019,Inner,5,1.0,8284.75,8293.5625,time,-4.5,-5.5
2019-11-12,2019,Inner,5,2.0,8284.75,8293.5625,time,-4.5,-6.5
2019-11-12,2019,Inner,10,1.0,8284.75,8293.5625,time,-6.25,-7.25
2019-11-12,2019,Inner,10,2.0,8284.75,8293.5625,time,-6.25,-8.25
2019-11-12,2019,Inner,15,1.0,8284.75,8293.5625,stop,-8.8125,-9.8125
2019-11-12,2019,Inner,15,2.0,8284.75,8293.5625,stop,-8.8125,-10.8125
2019-11-13,2019,Inner,3,1.0,8268.25,8276.125,time,1.5,0.5
2019-11-13,2019,Inner,3,2.0,8268.25,8276.125,time,1.5,-0.5
2019-11-13,2019,Inner,5,1.0,8268.25,8276.125,time,4.0,3.0
2019-11-13,2019,Inner,5,2.0,8268.25,8276.125,time,4.0,2.0
2019-11-13,2019,Inner,10,1.0,8268.25,8276.125,time,3.75,2.75
2019-11-13,2019,Inner,10,2.0,8268.25,8276.125,time,3.75,1.75
2019-11-13,2019,Inner,15,1.0,8268.25,8276.125,time,-0.5,-1.5
2019-11-13,2019,Inner,15,2.0,8268.25,8276.125,time,-0.5,-2.5
2019-11-15,2019,Inner,3,1.0,8317.5,8324.5625,time,1.75,0.75
2019-11-15,2019,Inner,3,2.0,8317.5,8324.5625,time,1.75,-0.25
2019-11-15,2019,Inner,5,1.0,8317.5,8324.5625,time,3.5,2.5
2019-11-15,2019,Inner,5,2.0,8317.5,8324.5625,time,3.5,1.5
2019-11-15,2019,Inner,10,1.0,8317.5,8324.5625,time,4.0,3.0
2019-11-15,2019,Inner,10,2.0,8317.5,8324.5625,time,4.0,2.0
2019-11-15,2019,Inner,15,1.0,8317.5,8324.5625,time,-1.5,-2.5
2019-11-15,2019,Inner,15,2.0,8317.5,8324.5625,time,-1.5,-3.5
2019-11-18,2019,Inner,3,1.0,8312.25,8321.0625,time,-0.5,-1.5
2019-11-18,2019,Inner,3,2.0,8312.25,8321.0625,time,-0.5,-2.5
2019-11-18,2019,Inner,5,1.0,8312.25,8321.0625,time,-3.0,-4.0
2019-11-18,2019,Inner,5,2.0,8312.25,8321.0625,time,-3.0,-5.0
2019-11-18,2019,Inner,10,1.0,8312.25,8321.0625,time,-5.0,-6.0
2019-11-18,2019,Inner,10,2.0,8312.25,8321.0625,time,-5.0,-7.0
2019-11-18,2019,Inner,15,1.0,8312.25,8321.0625,time,-6.0,-7.0
2019-11-18,2019,Inner,15,2.0,8312.25,8321.0625,time,-6.0,-8.0
2019-11-20,2019,Inner,3,1.0,8338.0,8343.5,time,-1.0,-2.0
2019-11-20,2019,Inner,3,2.0,8338.0,8343.5,time,-1.0,-3.0
2019-11-20,2019,Inner,5,1.0,8338.0,8343.5,time,-3.5,-4.5
2019-11-20,2019,Inner,5,2.0,8338.0,8343.5,time,-3.5,-5.5
2019-11-20,2019,Inner,10,1.0,8338.0,8343.5,stop,-5.5,-6.5
2019-11-20,2019,Inner,10,2.0,8338.0,8343.5,stop,-5.5,-7.5
2019-11-20,2019,Inner,15,1.0,8338.0,8343.5,stop,-5.5,-6.5
2019-11-20,2019,Inner,15,2.0,8338.0,8343.5,stop,-5.5,-7.5
2019-11-25,2019,Inner,3,1.0,8360.5,8372.75,time,-1.5,-2.5
2019-11-25,2019,Inner,3,2.0,8360.5,8372.75,time,-1.5,-3.5
2019-11-25,2019,Inner,5,1.0,8360.5,8372.75,time,-2.25,-3.25
2019-11-25,2019,Inner,5,2.0,8360.5,8372.75,time,-2.25,-4.25
2019-11-25,2019,Inner,10,1.0,8360.5,8372.75,time,0.0,-1.0
2019-11-25,2019,Inner,10,2.0,8360.5,8372.75,time,0.0,-2.0
2019-11-25,2019,Inner,15,1.0,8360.5,8372.75,time,-2.25,-3.25
2019-11-25,2019,Inner,15,2.0,8360.5,8372.75,time,-2.25,-4.25
2019-11-26,2019,Inner,3,1.0,8391.5,8397.125,time,0.0,-1.0
2019-11-26,2019,Inner,3,2.0,8391.5,8397.125,time,0.0,-2.0
2019-11-26,2019,Inner,5,1.0,8391.5,8397.125,time,3.25,2.25
2019-11-26,2019,Inner,5,2.0,8391.5,8397.125,time,3.25,1.25
2019-11-26,2019,Inner,10,1.0,8391.5,8397.125,time,-0.5,-1.5
2019-11-26,2019,Inner,10,2.0,8391.5,8397.125,time,-0.5,-2.5
2019-11-26,2019,Inner,15,1.0,8391.5,8397.125,time,-0.5,-1.5
2019-11-26,2019,Inner,15,2.0,8391.5,8397.125,time,-0.5,-2.5
2019-11-27,2019,Inner,3,1.0,8422.25,8427.5,time,-4.5,-5.5
2019-11-27,2019,Inner,3,2.0,8422.25,8427.5,time,-4.5,-6.5
2019-11-27,2019,Inner,5,1.0,8422.25,8427.5,stop,-5.25,-6.25
2019-11-27,2019,Inner,5,2.0,8422.25,8427.5,stop,-5.25,-7.25
2019-11-27,2019,Inner,10,1.0,8422.25,8427.5,stop,-5.25,-6.25
2019-11-27,2019,Inner,10,2.0,8422.25,8427.5,stop,-5.25,-7.25
2019-11-27,2019,Inner,15,1.0,8422.25,8427.5,stop,-5.25,-6.25
2019-11-27,2019,Inner,15,2.0,8422.25,8427.5,stop,-5.25,-7.25
2019-12-03,2019,Inner,3,1.0,8218.5,8232.4375,time,0.5,-0.5
2019-12-03,2019,Inner,3,2.0,8218.5,8232.4375,time,0.5,-1.5
2019-12-03,2019,Inner,5,1.0,8218.5,8232.4375,time,1.5,0.5
2019-12-03,2019,Inner,5,2.0,8218.5,8232.4375,time,1.5,-0.5
2019-12-03,2019,Inner,10,1.0,8218.5,8232.4375,time,-1.75,-2.75
2019-12-03,2019,Inner,10,2.0,8218.5,8232.4375,time,-1.75,-3.75
2019-12-03,2019,Inner,15,1.0,8218.5,8232.4375,time,-4.0,-5.0
2019-12-03,2019,Inner,15,2.0,8218.5,8232.4375,time,-4.0,-6.0
2019-12-06,2019,Inner,3,1.0,8391.5,8397.625,time,1.75,0.75
2019-12-06,2019,Inner,3,2.0,8391.5,8397.625,time,1.75,-0.25
2019-12-06,2019,Inner,5,1.0,8391.5,8397.625,time,0.25,-0.75
2019-12-06,2019,Inner,5,2.0,8391.5,8397.625,time,0.25,-1.75
2019-12-06,2019,Inner,10,1.0,8391.5,8397.625,time,-0.75,-1.75
2019-12-06,2019,Inner,10,2.0,8391.5,8397.625,time,-0.75,-2.75
2019-12-06,2019,Inner,15,1.0,8391.5,8397.625,time,-1.0,-2.0
2019-12-06,2019,Inner,15,2.0,8391.5,8397.625,time,-1.0,-3.0
2019-12-11,2019,Inner,3,1.0,8395.25,8403.375,time,0.25,-0.75
2019-12-11,2019,Inner,3,2.0,8395.25,8403.375,time,0.25,-1.75
2019-12-11,2019,Inner,5,1.0,8395.25,8403.375,time,1.5,0.5
2019-12-11,2019,Inner,5,2.0,8395.25,8403.375,time,1.5,-0.5
2019-12-11,2019,Inner,10,1.0,8395.25,8403.375,time,-2.5,-3.5
2019-12-11,2019,Inner,10,2.0,8395.25,8403.375,time,-2.5,-4.5
2019-12-11,2019,Inner,15,1.0,8395.25,8403.375,stop,-8.125,-9.125
2019-12-11,2019,Inner,15,2.0,8395.25,8403.375,stop,-8.125,-10.125
2019-12-16,2019,Inner,3,1.0,8611.0,8621.625,time,0.5,-0.5
2019-12-16,2019,Inner,3,2.0,8611.0,8621.625,time,0.5,-1.5
2019-12-16,2019,Inner,5,1.0,8611.0,8621.625,time,-0.75,-1.75
2019-12-16,2019,Inner,5,2.0,8611.0,8621.625,time,-0.75,-2.75
2019-12-16,2019,Inner,10,1.0,8611.0,8621.625,time,-2.25,-3.25
2019-12-16,2019,Inner,10,2.0,8611.0,8621.625,time,-2.25,-4.25
2019-12-16,2019,Inner,15,1.0,8611.0,8621.625,time,-4.25,-5.25
2019-12-16,2019,Inner,15,2.0,8611.0,8621.625,time,-4.25,-6.25
2019-12-18,2019,Inner,3,1.0,8628.5,8633.875,time,0.0,-1.0
2019-12-18,2019,Inner,3,2.0,8628.5,8633.875,time,0.0,-2.0
2019-12-18,2019,Inner,5,1.0,8628.5,8633.875,time,0.0,-1.0
2019-12-18,2019,Inner,5,2.0,8628.5,8633.875,time,0.0,-2.0
2019-12-18,2019,Inner,10,1.0,8628.5,8633.875,time,1.0,0.0
2019-12-18,2019,Inner,10,2.0,8628.5,8633.875,time,1.0,-1.0
2019-12-18,2019,Inner,15,1.0,8628.5,8633.875,time,-0.5,-1.5
2019-12-18,2019,Inner,15,2.0,8628.5,8633.875,time,-0.5,-2.5
2019-12-19,2019,Inner,3,1.0,8638.75,8643.9375,time,-1.25,-2.25
2019-12-19,2019,Inner,3,2.0,8638.75,8643.9375,time,-1.25,-3.25
2019-12-19,2019,Inner,5,1.0,8638.75,8643.9375,time,-2.5,-3.5
2019-12-19,2019,Inner,5,2.0,8638.75,8643.9375,time,-2.5,-4.5
2019-12-19,2019,Inner,10,1.0,8638.75,8643.9375,stop,-5.1875,-6.1875
2019-12-19,2019,Inner,10,2.0,8638.75,8643.9375,stop,-5.1875,-7.1875
2019-12-19,2019,Inner,15,1.0,8638.75,8643.9375,stop,-5.1875,-6.1875
2019-12-19,2019,Inner,15,2.0,8638.75,8643.9375,stop,-5.1875,-7.1875
2019-12-20,2019,Inner,3,1.0,8712.75,8719.375,time,0.25,-0.75
2019-12-20,2019,Inner,3,2.0,8712.75,8719.375,time,0.25,-1.75
2019-12-20,2019,Inner,5,1.0,8712.75,8719.375,time,-1.0,-2.0
2019-12-20,2019,Inner,5,2.0,8712.75,8719.375,time,-1.0,-3.0
2019-12-20,2019,Inner,10,1.0,8712.75,8719.375,time,-0.25,-1.25
2019-12-20,2019,Inner,10,2.0,8712.75,8719.375,time,-0.25,-2.25
2019-12-20,2019,Inner,15,1.0,8712.75,8719.375,time,0.5,-0.5
2019-12-20,2019,Inner,15,2.0,8712.75,8719.375,time,0.5,-1.5
2019-12-23,2019,Inner,3,1.0,8735.25,8738.9375,time,2.0,1.0
2019-12-23,2019,Inner,3,2.0,8735.25,8738.9375,time,2.0,0.0
2019-12-23,2019,Inner,5,1.0,8735.25,8738.9375,time,0.25,-0.75
2019-12-23,2019,Inner,5,2.0,8735.25,8738.9375,time,0.25,-1.75
2019-12-23,2019,Inner,10,1.0,8735.25,8738.9375,time,-0.25,-1.25
2019-12-23,2019,Inner,10,2.0,8735.25,8738.9375,time,-0.25,-2.25
2019-12-23,2019,Inner,15,1.0,8735.25,8738.9375,time,-0.5,-1.5
2019-12-23,2019,Inner,15,2.0,8735.25,8738.9375,time,-0.5,-2.5
2020-01-03,2020,Inner,3,1.0,8840.0,8857.5625,time,-5.0,-6.0
2020-01-03,2020,Inner,3,2.0,8840.0,8857.5625,time,-5.0,-7.0
2020-01-03,2020,Inner,5,1.0,8840.0,8857.5625,time,-6.25,-7.25
2020-01-03,2020,Inner,5,2.0,8840.0,8857.5625,time,-6.25,-8.25
2020-01-03,2020,Inner,10,1.0,8840.0,8857.5625,time,-7.75,-8.75
2020-01-03,2020,Inner,10,2.0,8840.0,8857.5625,time,-7.75,-9.75
2020-01-03,2020,Inner,15,1.0,8840.0,8857.5625,time,1.75,0.75
2020-01-03,2020,Inner,15,2.0,8840.0,8857.5625,time,1.75,-0.25
2020-01-06,2020,Inner,3,1.0,8815.75,8838.125,time,-2.25,-3.25
2020-01-06,2020,Inner,3,2.0,8815.75,8838.125,time,-2.25,-4.25
2020-01-06,2020,Inner,5,1.0,8815.75,8838.125,time,-5.5,-6.5
2020-01-06,2020,Inner,5,2.0,8815.75,8838.125,time,-5.5,-7.5
2020-01-06,2020,Inner,10,1.0,8815.75,8838.125,time,2.5,1.5
2020-01-06,2020,Inner,10,2.0,8815.75,8838.125,time,2.5,0.5
2020-01-06,2020,Inner,15,1.0,8815.75,8838.125,time,0.75,-0.25
2020-01-06,2020,Inner,15,2.0,8815.75,8838.125,time,0.75,-1.25
2020-01-07,2020,Inner,3,1.0,8874.0,8884.875,time,-0.75,-1.75
2020-01-07,2020,Inner,3,2.0,8874.0,8884.875,time,-0.75,-2.75
2020-01-07,2020,Inner,5,1.0,8874.0,8884.875,time,-1.5,-2.5
2020-01-07,2020,Inner,5,2.0,8874.0,8884.875,time,-1.5,-3.5
2020-01-07,2020,Inner,10,1.0,8874.0,8884.875,time,-0.25,-1.25
2020-01-07,2020,Inner,10,2.0,8874.0,8884.875,time,-0.25,-2.25
2020-01-07,2020,Inner,15,1.0,8874.0,8884.875,time,6.5,5.5
2020-01-07,2020,Inner,15,2.0,8874.0,8884.875,time,6.5,4.5
2020-01-14,2020,Inner,3,1.0,9085.25,9098.0,time,1.5,0.5
2020-01-14,2020,Inner,3,2.0,9085.25,9098.0,time,1.5,-0.5
2020-01-14,2020,Inner,5,1.0,9085.25,9098.0,time,1.75,0.75
2020-01-14,2020,Inner,5,2.0,9085.25,9098.0,time,1.75,-0.25
2020-01-14,2020,Inner,10,1.0,9085.25,9098.0,time,5.25,4.25
2020-01-14,2020,Inner,10,2.0,9085.25,9098.0,time,5.25,3.25
2020-01-14,2020,Inner,15,1.0,9085.25,9098.0,time,-0.5,-1.5
2020-01-14,2020,Inner,15,2.0,9085.25,9098.0,time,-0.5,-2.5
2020-01-21,2020,Inner,3,1.0,9180.25,9188.0,time,7.5,6.5
2020-01-21,2020,Inner,3,2.0,9180.25,9188.0,time,7.5,5.5
2020-01-21,2020,Inner,5,1.0,9180.25,9188.0,time,1.75,0.75
2020-01-21,2020,Inner,5,2.0,9180.25,9188.0,time,1.75,-0.25
2020-01-21,2020,Inner,10,1.0,9180.25,9188.0,time,4.0,3.0
2020-01-21,2020,Inner,10,2.0,9180.25,9188.0,time,4.0,2.0
2020-01-21,2020,Inner,15,1.0,9180.25,9188.0,time,13.0,12.0
2020-01-21,2020,Inner,15,2.0,9180.25,9188.0,time,13.0,11.0
2020-01-22,2020,Inner,3,1.0,9244.25,9252.6875,time,0.5,-0.5
2020-01-22,2020,Inner,3,2.0,9244.25,9252.6875,time,0.5,-1.5
2020-01-22,2020,Inner,5,1.0,9244.25,9252.6875,time,1.0,0.0
2020-01-22,2020,Inner,5,2.0,9244.25,9252.6875,time,1.0,-1.0
2020-01-22,2020,Inner,10,1.0,9244.25,9252.6875,time,6.5,5.5
2020-01-22,2020,Inner,10,2.0,9244.25,9252.6875,time,6.5,4.5
2020-01-22,2020,Inner,15,1.0,9244.25,9252.6875,time,11.25,10.25
2020-01-22,2020,Inner,15,2.0,9244.25,9252.6875,time,11.25,9.25
2020-01-23,2020,Inner,3,1.0,9203.75,9217.875,time,-4.25,-5.25
2020-01-23,2020,Inner,3,2.0,9203.75,9217.875,time,-4.25,-6.25
2020-01-23,2020,Inner,5,1.0,9203.75,9217.875,time,1.75,0.75
2020-01-23,2020,Inner,5,2.0,9203.75,9217.875,time,1.75,-0.25
2020-01-23,2020,Inner,10,1.0,9203.75,9217.875,time,9.75,8.75
2020-01-23,2020,Inner,10,2.0,9203.75,9217.875,time,9.75,7.75
2020-01-23,2020,Inner,15,1.0,9203.75,9217.875,time,14.25,13.25
2020-01-23,2020,Inner,15,2.0,9203.75,9217.875,time,14.25,12.25
2020-01-27,2020,Inner,3,1.0,8989.25,9006.4375,time,-2.0,-3.0
2020-01-27,2020,Inner,3,2.0,8989.25,9006.4375,time,-2.0,-4.0
2020-01-27,2020,Inner,5,1.0,8989.25,9006.4375,time,-2.25,-3.25
2020-01-27,2020,Inner,5,2.0,8989.25,9006.4375,time,-2.25,-4.25
2020-01-27,2020,Inner,10,1.0,8989.25,9006.4375,time,-12.0,-13.0
2020-01-27,2020,Inner,10,2.0,8989.25,9006.4375,time,-12.0,-14.0
2020-01-27,2020,Inner,15,1.0,8989.25,9006.4375,stop,-17.1875,-18.1875
2020-01-27,2020,Inner,15,2.0,8989.25,9006.4375,stop,-17.1875,-19.1875
2020-02-07,2020,Inner,3,1.0,9414.5,9424.25,time,6.75,5.75
2020-02-07,2020,Inner,3,2.0,9414.5,9424.25,time,6.75,4.75
2020-02-07,2020,Inner,5,1.0,9414.5,9424.25,time,10.5,9.5
2020-02-07,2020,Inner,5,2.0,9414.5,9424.25,time,10.5,8.5
2020-02-07,2020,Inner,10,1.0,9414.5,9424.25,time,15.75,14.75
2020-02-07,2020,Inner,10,2.0,9414.5,9424.25,time,15.75,13.75
2020-02-07,2020,Inner,15,1.0,9414.5,9424.25,time,19.0,18.0
2020-02-07,2020,Inner,15,2.0,9414.5,9424.25,time,19.0,17.0
2020-02-10,2020,Inner,3,1.0,9458.75,9479.75,time,-3.75,-4.75
2020-02-10,2020,Inner,3,2.0,9458.75,9479.75,time,-3.75,-5.75
2020-02-10,2020,Inner,5,1.0,9458.75,9479.75,time,-3.5,-4.5
2020-02-10,2020,Inner,5,2.0,9458.75,9479.75,time,-3.5,-5.5
2020-02-10,2020,Inner,10,1.0,9458.75,9479.75,time,-4.0,-5.0
2020-02-10,2020,Inner,10,2.0,9458.75,9479.75,time,-4.0,-6.0
2020-02-10,2020,Inner,15,1.0,9458.75,9479.75,time,0.5,-0.5
2020-02-10,2020,Inner,15,2.0,9458.75,9479.75,time,0.5,-1.5
2020-02-11,2020,Inner,3,1.0,9597.0,9611.6875,time,-0.25,-1.25
2020-02-11,2020,Inner,3,2.0,9597.0,9611.6875,time,-0.25,-2.25
2020-02-11,2020,Inner,5,1.0,9597.0,9611.6875,time,2.5,1.5
2020-02-11,2020,Inner,5,2.0,9597.0,9611.6875,time,2.5,0.5
2020-02-11,2020,Inner,10,1.0,9597.0,9611.6875,time,19.0,18.0
2020-02-11,2020,Inner,10,2.0,9597.0,9611.6875,time,19.0,17.0
2020-02-11,2020,Inner,15,1.0,9597.0,9611.6875,time,35.75,34.75
2020-02-11,2020,Inner,15,2.0,9597.0,9611.6875,time,35.75,33.75
2020-02-12,2020,Inner,3,1.0,9599.25,9610.4375,time,-0.75,-1.75
2020-02-12,2020,Inner,3,2.0,9599.25,9610.4375,time,-0.75,-2.75
2020-02-12,2020,Inner,5,1.0,9599.25,9610.4375,time,-3.25,-4.25
2020-02-12,2020,Inner,5,2.0,9599.25,9610.4375,time,-3.25,-5.25
2020-02-12,2020,Inner,10,1.0,9599.25,9610.4375,time,-5.25,-6.25
2020-02-12,2020,Inner,10,2.0,9599.25,9610.4375,time,-5.25,-7.25
2020-02-12,2020,Inner,15,1.0,9599.25,9610.4375,time,-3.0,-4.0
2020-02-12,2020,Inner,15,2.0,9599.25,9610.4375,time,-3.0,-5.0
2020-02-17,2020,Inner,3,1.0,9663.25,9665.4375,time,-1.5,-2.5
2020-02-17,2020,Inner,3,2.0,9663.25,9665.4375,time,-1.5,-3.5
2020-02-17,2020,Inner,5,1.0,9663.25,9665.4375,time,-1.25,-2.25
2020-02-17,2020,Inner,5,2.0,9663.25,9665.4375,time,-1.25,-3.25
2020-02-17,2020,Inner,10,1.0,9663.25,9665.4375,stop,-2.1875,-3.1875
2020-02-17,2020,Inner,10,2.0,9663.25,9665.4375,stop,-2.1875,-4.1875
2020-02-17,2020,Inner,15,1.0,9663.25,9665.4375,stop,-2.1875,-3.1875
2020-02-17,2020,Inner,15,2.0,9663.25,9665.4375,stop,-2.1875,-4.1875
2020-02-26,2020,Inner,3,1.0,9008.5,9042.375,time,6.75,5.75
2020-02-26,2020,Inner,3,2.0,9008.5,9042.375,time,6.75,4.75
2020-02-26,2020,Inner,5,1.0,9008.5,9042.375,time,9.5,8.5
2020-02-26,2020,Inner,5,2.0,9008.5,9042.375,time,9.5,7.5
2020-02-26,2020,Inner,10,1.0,9008.5,9042.375,time,21.0,20.0
2020-02-26,2020,Inner,10,2.0,9008.5,9042.375,time,21.0,19.0
2020-02-26,2020,Inner,15,1.0,9008.5,9042.375,time,25.5,24.5
2020-02-26,2020,Inner,15,2.0,9008.5,9042.375,time,25.5,23.5
2020-02-28,2020,Inner,3,1.0,8321.5,8370.4375,time,-24.0,-25.0
2020-02-28,2020,Inner,3,2.0,8321.5,8370.4375,time,-24.0,-26.0
2020-02-28,2020,Inner,5,1.0,8321.5,8370.4375,time,-11.25,-12.25
2020-02-28,2020,Inner,5,2.0,8321.5,8370.4375,time,-11.25,-13.25
2020-02-28,2020,Inner,10,1.0,8321.5,8370.4375,time,-7.0,-8.0
2020-02-28,2020,Inner,10,2.0,8321.5,8370.4375,time,-7.0,-9.0
2020-02-28,2020,Inner,15,1.0,8321.5,8370.4375,time,-6.0,-7.0
2020-02-28,2020,Inner,15,2.0,8321.5,8370.4375,time,-6.0,-8.0
2020-03-02,2020,Inner,3,1.0,8594.0,8632.25,time,-19.0,-20.0
2020-03-02,2020,Inner,3,2.0,8594.0,8632.25,time,-19.0,-21.0
2020-03-02,2020,Inner,5,1.0,8594.0,8632.25,time,-28.0,-29.0
2020-03-02,2020,Inner,5,2.0,8594.0,8632.25,time,-28.0,-30.0
2020-03-02,2020,Inner,10,1.0,8594.0,8632.25,stop,-38.25,-39.25
2020-03-02,2020,Inner,10,2.0,8594.0,8632.25,stop,-38.25,-40.25
2020-03-02,2020,Inner,15,1.0,8594.0,8632.25,stop,-38.25,-39.25
2020-03-02,2020,Inner,15,2.0,8594.0,8632.25,stop,-38.25,-40.25
2020-03-05,2020,Inner,3,1.0,8795.25,8824.375,time,-6.5,-7.5
2020-03-05,2020,Inner,3,2.0,8795.25,8824.375,time,-6.5,-8.5
2020-03-05,2020,Inner,5,1.0,8795.25,8824.375,time,-5.0,-6.0
2020-03-05,2020,Inner,5,2.0,8795.25,8824.375,time,-5.0,-7.0
2020-03-05,2020,Inner,10,1.0,8795.25,8824.375,stop,-29.125,-30.125
2020-03-05,2020,Inner,10,2.0,8795.25,8824.375,stop,-29.125,-31.125
2020-03-05,2020,Inner,15,1.0,8795.25,8824.375,stop,-29.125,-30.125
2020-03-05,2020,Inner,15,2.0,8795.25,8824.375,stop,-29.125,-31.125
2020-03-06,2020,Inner,3,1.0,8509.25,8547.3125,time,10.25,9.25
2020-03-06,2020,Inner,3,2.0,8509.25,8547.3125,time,10.25,8.25
2020-03-06,2020,Inner,5,1.0,8509.25,8547.3125,time,24.25,23.25
2020-03-06,2020,Inner,5,2.0,8509.25,8547.3125,time,24.25,22.25
2020-03-06,2020,Inner,10,1.0,8509.25,8547.3125,time,41.75,40.75
2020-03-06,2020,Inner,10,2.0,8509.25,8547.3125,time,41.75,39.75
2020-03-06,2020,Inner,15,1.0,8509.25,8547.3125,time,54.0,53.0
2020-03-06,2020,Inner,15,2.0,8509.25,8547.3125,time,54.0,52.0
2020-03-09,2020,Inner,3,1.0,8171.0,8260.3125,time,-55.5,-56.5
2020-03-09,2020,Inner,3,2.0,8171.0,8260.3125,time,-55.5,-57.5
2020-03-09,2020,Inner,5,1.0,8171.0,8260.3125,time,-60.0,-61.0
2020-03-09,2020,Inner,5,2.0,8171.0,8260.3125,time,-60.0,-62.0
2020-03-09,2020,Inner,10,1.0,8171.0,8260.3125,time,-37.5,-38.5
2020-03-09,2020,Inner,10,2.0,8171.0,8260.3125,time,-37.5,-39.5
2020-03-09,2020,Inner,15,1.0,8171.0,8260.3125,time,-17.5,-18.5
2020-03-09,2020,Inner,15,2.0,8171.0,8260.3125,time,-17.5,-19.5
2020-03-12,2020,Inner,3,1.0,7583.0,7649.6875,time,42.0,41.0
2020-03-12,2020,Inner,3,2.0,7583.0,7649.6875,time,42.0,40.0
2020-03-12,2020,Inner,5,1.0,7583.0,7649.6875,time,37.5,36.5
2020-03-12,2020,Inner,5,2.0,7583.0,7649.6875,time,37.5,35.5
2020-03-12,2020,Inner,10,1.0,7583.0,7649.6875,time,73.0,72.0
2020-03-12,2020,Inner,10,2.0,7583.0,7649.6875,time,73.0,71.0
2020-03-12,2020,Inner,15,1.0,7583.0,7649.6875,time,110.5,109.5
2020-03-12,2020,Inner,15,2.0,7583.0,7649.6875,time,110.5,108.5
2020-03-16,2020,Inner,3,1.0,7376.25,7460.375,time,-33.25,-34.25
2020-03-16,2020,Inner,3,2.0,7376.25,7460.375,time,-33.25,-35.25
2020-03-16,2020,Inner,5,1.0,7376.25,7460.375,time,4.25,3.25
2020-03-16,2020,Inner,5,2.0,7376.25,7460.375,time,4.25,2.25
2020-03-16,2020,Inner,10,1.0,7376.25,7460.375,time,-13.0,-14.0
2020-03-16,2020,Inner,10,2.0,7376.25,7460.375,time,-13.0,-15.0
2020-03-16,2020,Inner,15,1.0,7376.25,7460.375,time,-3.5,-4.5
2020-03-16,2020,Inner,15,2.0,7376.25,7460.375,time,-3.5,-5.5
2020-03-19,2020,Inner,3,1.0,7383.25,7478.375,time,-4.25,-5.25
2020-03-19,2020,Inner,3,2.0,7383.25,7478.375,time,-4.25,-6.25
2020-03-19,2020,Inner,5,1.0,7383.25,7478.375,time,-17.5,-18.5
2020-03-19,2020,Inner,5,2.0,7383.25,7478.375,time,-17.5,-19.5
2020-03-19,2020,Inner,10,1.0,7383.25,7478.375,time,-31.0,-32.0
2020-03-19,2020,Inner,10,2.0,7383.25,7478.375,time,-31.0,-33.0
2020-03-19,2020,Inner,15,1.0,7383.25,7478.375,time,-10.5,-11.5
2020-03-19,2020,Inner,15,2.0,7383.25,7478.375,time,-10.5,-12.5
2020-03-24,2020,Inner,3,1.0,7434.5,7471.0,time,-22.0,-23.0
2020-03-24,2020,Inner,3,2.0,7434.5,7471.0,time,-22.0,-24.0
2020-03-24,2020,Inner,5,1.0,7434.5,7471.0,time,8.0,7.0
2020-03-24,2020,Inner,5,2.0,7434.5,7471.0,time,8.0,6.0
2020-03-24,2020,Inner,10,1.0,7434.5,7471.0,time,31.75,30.75
2020-03-24,2020,Inner,10,2.0,7434.5,7471.0,time,31.75,29.75
2020-03-24,2020,Inner,15,1.0,7434.5,7471.0,time,12.75,11.75
2020-03-24,2020,Inner,15,2.0,7434.5,7471.0,time,12.75,10.75
2020-03-25,2020,Inner,3,1.0,7649.0,7722.1875,time,-29.25,-30.25
2020-03-25,2020,Inner,3,2.0,7649.0,7722.1875,time,-29.25,-31.25
2020-03-25,2020,Inner,5,1.0,7649.0,7722.1875,time,-35.0,-36.0
2020-03-25,2020,Inner,5,2.0,7649.0,7722.1875,time,-35.0,-37.0
2020-03-25,2020,Inner,10,1.0,7649.0,7722.1875,time,-39.25,-40.25
2020-03-25,2020,Inner,10,2.0,7649.0,7722.1875,time,-39.25,-41.25
2020-03-25,2020,Inner,15,1.0,7649.0,7722.1875,time,-31.0,-32.0
2020-03-25,2020,Inner,15,2.0,7649.0,7722.1875,time,-31.0,-33.0
2020-03-26,2020,Inner,3,1.0,7663.0,7710.625,time,14.0,13.0
2020-03-26,2020,Inner,3,2.0,7663.0,7710.625,time,14.0,12.0
2020-03-26,2020,Inner,5,1.0,7663.0,7710.625,time,-19.5,-20.5
2020-03-26,2020,Inner,5,2.0,7663.0,7710.625,time,-19.5,-21.5
2020-03-26,2020,Inner,10,1.0,7663.0,7710.625,time,22.75,21.75
2020-03-26,2020,Inner,10,2.0,7663.0,7710.625,time,22.75,20.75
2020-03-26,2020,Inner,15,1.0,7663.0,7710.625,time,24.25,23.25
2020-03-26,2020,Inner,15,2.0,7663.0,7710.625,time,24.25,22.25
2020-03-27,2020,Inner,3,1.0,7681.0,7709.625,time,-1.0,-2.0
2020-03-27,2020,Inner,3,2.0,7681.0,7709.625,time,-1.0,-3.0
2020-03-27,2020,Inner,5,1.0,7681.0,7709.625,time,14.25,13.25
2020-03-27,2020,Inner,5,2.0,7681.0,7709.625,time,14.25,12.25
2020-03-27,2020,Inner,10,1.0,7681.0,7709.625,time,16.0,15.0
2020-03-27,2020,Inner,10,2.0,7681.0,7709.625,time,16.0,14.0
2020-03-27,2020,Inner,15,1.0,7681.0,7709.625,time,-5.75,-6.75
2020-03-27,2020,Inner,15,2.0,7681.0,7709.625,time,-5.75,-7.75
2020-03-30,2020,Inner,3,1.0,7764.5,7798.25,time,-13.75,-14.75
2020-03-30,2020,Inner,3,2.0,7764.5,7798.25,time,-13.75,-15.75
2020-03-30,2020,Inner,5,1.0,7764.5,7798.25,time,-20.0,-21.0
2020-03-30,2020,Inner,5,2.0,7764.5,7798.25,time,-20.0,-22.0
2020-03-30,2020,Inner,10,1.0,7764.5,7798.25,stop,-33.75,-34.75
2020-03-30,2020,Inner,10,2.0,7764.5,7798.25,stop,-33.75,-35.75
2020-03-30,2020,Inner,15,1.0,7764.5,7798.25,stop,-33.75,-34.75
2020-03-30,2020,Inner,15,2.0,7764.5,7798.25,stop,-33.75,-35.75
2020-04-01,2020,Inner,3,1.0,7625.75,7644.75,time,-3.75,-4.75
2020-04-01,2020,Inner,3,2.0,7625.75,7644.75,time,-3.75,-5.75
2020-04-01,2020,Inner,5,1.0,7625.75,7644.75,time,1.75,0.75
2020-04-01,2020,Inner,5,2.0,7625.75,7644.75,time,1.75,-0.25
2020-04-01,2020,Inner,10,1.0,7625.75,7644.75,time,16.0,15.0
2020-04-01,2020,Inner,10,2.0,7625.75,7644.75,time,16.0,14.0
2020-04-01,2020,Inner,15,1.0,7625.75,7644.75,time,24.25,23.25
2020-04-01,2020,Inner,15,2.0,7625.75,7644.75,time,24.25,22.25
2020-04-02,2020,Inner,3,1.0,7505.5,7535.4375,time,-1.25,-2.25
2020-04-02,2020,Inner,3,2.0,7505.5,7535.4375,time,-1.25,-3.25
2020-04-02,2020,Inner,5,1.0,7505.5,7535.4375,time,-3.0,-4.0
2020-04-02,2020,Inner,5,2.0,7505.5,7535.4375,time,-3.0,-5.0
2020-04-02,2020,Inner,10,1.0,7505.5,7535.4375,time,-2.0,-3.0
2020-04-02,2020,Inner,10,2.0,7505.5,7535.4375,time,-2.0,-4.0
2020-04-02,2020,Inner,15,1.0,7505.5,7535.4375,stop,-29.9375,-30.9375
2020-04-02,2020,Inner,15,2.0,7505.5,7535.4375,stop,-29.9375,-31.9375
2020-04-06,2020,Inner,3,1.0,7855.25,7885.125,time,0.75,-0.25
2020-04-06,2020,Inner,3,2.0,7855.25,7885.125,time,0.75,-1.25
2020-04-06,2020,Inner,5,1.0,7855.25,7885.125,time,12.75,11.75
2020-04-06,2020,Inner,5,2.0,7855.25,7885.125,time,12.75,10.75
2020-04-06,2020,Inner,10,1.0,7855.25,7885.125,time,8.0,7.0
2020-04-06,2020,Inner,10,2.0,7855.25,7885.125,time,8.0,6.0
2020-04-06,2020,Inner,15,1.0,7855.25,7885.125,time,0.75,-0.25
2020-04-06,2020,Inner,15,2.0,7855.25,7885.125,time,0.75,-1.25
2020-04-08,2020,Inner,3,1.0,8152.25,8179.6875,time,-19.75,-20.75
2020-04-08,2020,Inner,3,2.0,8152.25,8179.6875,time,-19.75,-21.75
2020-04-08,2020,Inner,5,1.0,8152.25,8179.6875,time,-17.25,-18.25
2020-04-08,2020,Inner,5,2.0,8152.25,8179.6875,time,-17.25,-19.25
2020-04-08,2020,Inner,10,1.0,8152.25,8179.6875,time,-24.25,-25.25
2020-04-08,2020,Inner,10,2.0,8152.25,8179.6875,time,-24.25,-26.25
2020-04-08,2020,Inner,15,1.0,8152.25,8179.6875,time,-3.75,-4.75
2020-04-08,2020,Inner,15,2.0,8152.25,8179.6875,time,-3.75,-5.75
2020-04-14,2020,Inner,3,1.0,8601.75,8639.9375,time,-26.0,-27.0
2020-04-14,2020,Inner,3,2.0,8601.75,8639.9375,time,-26.0,-28.0
2020-04-14,2020,Inner,5,1.0,8601.75,8639.9375,time,-28.75,-29.75
2020-04-14,2020,Inner,5,2.0,8601.75,8639.9375,time,-28.75,-30.75
2020-04-14,2020,Inner,10,1.0,8601.75,8639.9375,stop,-38.1875,-39.1875
2020-04-14,2020,Inner,10,2.0,8601.75,8639.9375,stop,-38.1875,-40.1875
2020-04-14,2020,Inner,15,1.0,8601.75,8639.9375,stop,-38.1875,-39.1875
2020-04-14,2020,Inner,15,2.0,8601.75,8639.9375,stop,-38.1875,-40.1875
2020-04-15,2020,Inner,3,1.0,8559.25,8579.375,time,13.5,12.5
2020-04-15,2020,Inner,3,2.0,8559.25,8579.375,time,13.5,11.5
2020-04-15,2020,Inner,5,1.0,8559.25,8579.375,time,4.25,3.25
2020-04-15,2020,Inner,5,2.0,8559.25,8579.375,time,4.25,2.25
2020-04-15,2020,Inner,10,1.0,8559.25,8579.375,time,-7.0,-8.0
2020-04-15,2020,Inner,10,2.0,8559.25,8579.375,time,-7.0,-9.0
2020-04-15,2020,Inner,15,1.0,8559.25,8579.375,time,7.5,6.5
2020-04-15,2020,Inner,15,2.0,8559.25,8579.375,time,7.5,5.5
2020-04-16,2020,Inner,3,1.0,8687.25,8713.8125,time,-11.75,-12.75
2020-04-16,2020,Inner,3,2.0,8687.25,8713.8125,time,-11.75,-13.75
2020-04-16,2020,Inner,5,1.0,8687.25,8713.8125,stop,-26.5625,-27.5625
2020-04-16,2020,Inner,5,2.0,8687.25,8713.8125,stop,-26.5625,-28.5625
2020-04-16,2020,Inner,10,1.0,8687.25,8713.8125,stop,-26.5625,-27.5625
2020-04-16,2020,Inner,10,2.0,8687.25,8713.8125,stop,-26.5625,-28.5625
2020-04-16,2020,Inner,15,1.0,8687.25,8713.8125,stop,-26.5625,-27.5625
2020-04-16,2020,Inner,15,2.0,8687.25,8713.8125,stop,-26.5625,-28.5625
2020-04-20,2020,Inner,3,1.0,8797.5,8815.0,time,2.5,1.5
2020-04-20,2020,Inner,3,2.0,8797.5,8815.0,time,2.5,0.5
2020-04-20,2020,Inner,5,1.0,8797.5,8815.0,time,-0.5,-1.5
2020-04-20,2020,Inner,5,2.0,8797.5,8815.0,time,-0.5,-2.5
2020-04-20,2020,Inner,10,1.0,8797.5,8815.0,time,2.5,1.5
2020-04-20,2020,Inner,10,2.0,8797.5,8815.0,time,2.5,0.5
2020-04-20,2020,Inner,15,1.0,8797.5,8815.0,time,-0.25,-1.25
2020-04-20,2020,Inner,15,2.0,8797.5,8815.0,time,-0.25,-2.25
2020-04-22,2020,Inner,3,1.0,8597.5,8613.5625,time,-0.25,-1.25
2020-04-22,2020,Inner,3,2.0,8597.5,8613.5625,time,-0.25,-2.25
2020-04-22,2020,Inner,5,1.0,8597.5,8613.5625,time,-6.25,-7.25
2020-04-22,2020,Inner,5,2.0,8597.5,8613.5625,time,-6.25,-8.25
2020-04-22,2020,Inner,10,1.0,8597.5,8613.5625,time,2.0,1.0
2020-04-22,2020,Inner,10,2.0,8597.5,8613.5625,time,2.0,0.0
2020-04-22,2020,Inner,15,1.0,8597.5,8613.5625,time,-5.5,-6.5
2020-04-22,2020,Inner,15,2.0,8597.5,8613.5625,time,-5.5,-7.5
2020-04-23,2020,Inner,3,1.0,8754.25,8778.125,time,4.5,3.5
2020-04-23,2020,Inner,3,2.0,8754.25,8778.125,time,4.5,2.5
2020-04-23,2020,Inner,5,1.0,8754.25,8778.125,time,2.0,1.0
2020-04-23,2020,Inner,5,2.0,8754.25,8778.125,time,2.0,0.0
2020-04-23,2020,Inner,10,1.0,8754.25,8778.125,time,3.5,2.5
2020-04-23,2020,Inner,10,2.0,8754.25,8778.125,time,3.5,1.5
2020-04-23,2020,Inner,15,1.0,8754.25,8778.125,time,1.25,0.25
2020-04-23,2020,Inner,15,2.0,8754.25,8778.125,time,1.25,-0.75
2020-04-29,2020,Inner,3,1.0,8931.0,8960.0625,time,-6.5,-7.5
2020-04-29,2020,Inner,3,2.0,8931.0,8960.0625,time,-6.5,-8.5
2020-04-29,2020,Inner,5,1.0,8931.0,8960.0625,time,1.25,0.25
2020-04-29,2020,Inner,5,2.0,8931.0,8960.0625,time,1.25,-0.75
2020-04-29,2020,Inner,10,1.0,8931.0,8960.0625,time,-16.25,-17.25
2020-04-29,2020,Inner,10,2.0,8931.0,8960.0625,time,-16.25,-18.25
2020-04-29,2020,Inner,15,1.0,8931.0,8960.0625,time,-20.75,-21.75
2020-04-29,2020,Inner,15,2.0,8931.0,8960.0625,time,-20.75,-22.75
2020-05-04,2020,Inner,3,1.0,8746.0,8775.625,time,-10.75,-11.75
2020-05-04,2020,Inner,3,2.0,8746.0,8775.625,time,-10.75,-12.75
2020-05-04,2020,Inner,5,1.0,8746.0,8775.625,time,-6.0,-7.0
2020-05-04,2020,Inner,5,2.0,8746.0,8775.625,time,-6.0,-8.0
2020-05-04,2020,Inner,10,1.0,8746.0,8775.625,time,-23.5,-24.5
2020-05-04,2020,Inner,10,2.0,8746.0,8775.625,time,-23.5,-25.5
2020-05-04,2020,Inner,15,1.0,8746.0,8775.625,stop,-29.625,-30.625
2020-05-04,2020,Inner,15,2.0,8746.0,8775.625,stop,-29.625,-31.625
2020-05-05,2020,Inner,3,1.0,8971.5,8990.8125,time,0.5,-0.5
2020-05-05,2020,Inner,3,2.0,8971.5,8990.8125,time,0.5,-1.5
2020-05-05,2020,Inner,5,1.0,8971.5,8990.8125,time,1.25,0.25
2020-05-05,2020,Inner,5,2.0,8971.5,8990.8125,time,1.25,-0.75
2020-05-05,2020,Inner,10,1.0,8971.5,8990.8125,time,4.0,3.0
2020-05-05,2020,Inner,10,2.0,8971.5,8990.8125,time,4.0,2.0
2020-05-05,2020,Inner,15,1.0,8971.5,8990.8125,time,-8.0,-9.0
2020-05-05,2020,Inner,15,2.0,8971.5,8990.8125,time,-8.0,-10.0
2020-05-06,2020,Inner,3,1.0,9028.25,9051.625,time,-9.75,-10.75
2020-05-06,2020,Inner,3,2.0,9028.25,9051.625,time,-9.75,-11.75
2020-05-06,2020,Inner,5,1.0,9028.25,9051.625,time,-4.75,-5.75
2020-05-06,2020,Inner,5,2.0,9028.25,9051.625,time,-4.75,-6.75
2020-05-06,2020,Inner,10,1.0,9028.25,9051.625,time,1.0,0.0
2020-05-06,2020,Inner,10,2.0,9028.25,9051.625,time,1.0,-1.0
2020-05-06,2020,Inner,15,1.0,9028.25,9051.625,time,6.25,5.25
2020-05-06,2020,Inner,15,2.0,9028.25,9051.625,time,6.25,4.25
2020-05-08,2020,Inner,3,1.0,9178.0,9195.75,time,2.25,1.25
2020-05-08,2020,Inner,3,2.0,9178.0,9195.75,time,2.25,0.25
2020-05-08,2020,Inner,5,1.0,9178.0,9195.75,time,5.5,4.5
2020-05-08,2020,Inner,5,2.0,9178.0,9195.75,time,5.5,3.5
2020-05-08,2020,Inner,10,1.0,9178.0,9195.75,time,6.75,5.75
2020-05-08,2020,Inner,10,2.0,9178.0,9195.75,time,6.75,4.75
2020-05-08,2020,Inner,15,1.0,9178.0,9195.75,time,5.5,4.5
2020-05-08,2020,Inner,15,2.0,9178.0,9195.75,time,5.5,3.5
2020-05-11,2020,Inner,3,1.0,9238.75,9263.375,time,6.0,5.0
2020-05-11,2020,Inner,3,2.0,9238.75,9263.375,time,6.0,4.0
2020-05-11,2020,Inner,5,1.0,9238.75,9263.375,time,9.5,8.5
2020-05-11,2020,Inner,5,2.0,9238.75,9263.375,time,9.5,7.5
2020-05-11,2020,Inner,10,1.0,9238.75,9263.375,time,4.25,3.25
2020-05-11,2020,Inner,10,2.0,9238.75,9263.375,time,4.25,2.25
2020-05-11,2020,Inner,15,1.0,9238.75,9263.375,time,6.25,5.25
2020-05-11,2020,Inner,15,2.0,9238.75,9263.375,time,6.25,4.25
2020-05-13,2020,Inner,3,1.0,9179.5,9214.6875,time,17.75,16.75
2020-05-13,2020,Inner,3,2.0,9179.5,9214.6875,time,17.75,15.75
2020-05-13,2020,Inner,5,1.0,9179.5,9214.6875,time,19.75,18.75
2020-05-13,2020,Inner,5,2.0,9179.5,9214.6875,time,19.75,17.75
2020-05-13,2020,Inner,10,1.0,9179.5,9214.6875,time,26.0,25.0
2020-05-13,2020,Inner,10,2.0,9179.5,9214.6875,time,26.0,24.0
2020-05-13,2020,Inner,15,1.0,9179.5,9214.6875,time,65.0,64.0
2020-05-13,2020,Inner,15,2.0,9179.5,9214.6875,time,65.0,63.0
2020-05-14,2020,Inner,3,1.0,8964.0,8995.25,time,2.75,1.75
2020-05-14,2020,Inner,3,2.0,8964.0,8995.25,time,2.75,0.75
2020-05-14,2020,Inner,5,1.0,8964.0,8995.25,time,2.75,1.75
2020-05-14,2020,Inner,5,2.0,8964.0,8995.25,time,2.75,0.75
2020-05-14,2020,Inner,10,1.0,8964.0,8995.25,time,1.5,0.5
2020-05-14,2020,Inner,10,2.0,8964.0,8995.25,time,1.5,-0.5
2020-05-14,2020,Inner,15,1.0,8964.0,8995.25,time,-9.25,-10.25
2020-05-14,2020,Inner,15,2.0,8964.0,8995.25,time,-9.25,-11.25
2020-05-15,2020,Inner,3,1.0,9055.5,9083.9375,time,-16.0,-17.0
2020-05-15,2020,Inner,3,2.0,9055.5,9083.9375,time,-16.0,-18.0
2020-05-15,2020,Inner,5,1.0,9055.5,9083.9375,time,-16.0,-17.0
2020-05-15,2020,Inner,5,2.0,9055.5,9083.9375,time,-16.0,-18.0
2020-05-15,2020,Inner,10,1.0,9055.5,9083.9375,time,-24.25,-25.25
2020-05-15,2020,Inner,10,2.0,9055.5,9083.9375,time,-24.25,-26.25
2020-05-15,2020,Inner,15,1.0,9055.5,9083.9375,stop,-28.4375,-29.4375
2020-05-15,2020,Inner,15,2.0,9055.5,9083.9375,stop,-28.4375,-30.4375
2020-05-19,2020,Inner,3,1.0,9394.75,9415.875,time,-0.75,-1.75
2020-05-19,2020,Inner,3,2.0,9394.75,9415.875,time,-0.75,-2.75
2020-05-19,2020,Inner,5,1.0,9394.75,9415.875,time,-5.5,-6.5
2020-05-19,2020,Inner,5,2.0,9394.75,9415.875,time,-5.5,-7.5
2020-05-19,2020,Inner,10,1.0,9394.75,9415.875,time,0.25,-0.75
2020-05-19,2020,Inner,10,2.0,9394.75,9415.875,time,0.25,-1.75
2020-05-19,2020,Inner,15,1.0,9394.75,9415.875,time,8.5,7.5
2020-05-19,2020,Inner,15,2.0,9394.75,9415.875,time,8.5,6.5
2020-05-20,2020,Inner,3,1.0,9465.25,9483.3125,time,6.25,5.25
2020-05-20,2020,Inner,3,2.0,9465.25,9483.3125,time,6.25,4.25
2020-05-20,2020,Inner,5,1.0,9465.25,9483.3125,time,9.25,8.25
2020-05-20,2020,Inner,5,2.0,9465.25,9483.3125,time,9.25,7.25
2020-05-20,2020,Inner,10,1.0,9465.25,9483.3125,time,1.75,0.75
2020-05-20,2020,Inner,10,2.0,9465.25,9483.3125,time,1.75,-0.25
2020-05-20,2020,Inner,15,1.0,9465.25,9483.3125,time,-6.0,-7.0
2020-05-20,2020,Inner,15,2.0,9465.25,9483.3125,time,-6.0,-8.0
2020-05-22,2020,Inner,3,1.0,9395.0,9414.75,time,-1.25,-2.25
2020-05-22,2020,Inner,3,2.0,9395.0,9414.75,time,-1.25,-3.25
2020-05-22,2020,Inner,5,1.0,9395.0,9414.75,time,-1.0,-2.0
2020-05-22,2020,Inner,5,2.0,9395.0,9414.75,time,-1.0,-3.0
2020-05-22,2020,Inner,10,1.0,9395.0,9414.75,time,5.5,4.5
2020-05-22,2020,Inner,10,2.0,9395.0,9414.75,time,5.5,3.5
2020-05-22,2020,Inner,15,1.0,9395.0,9414.75,time,10.75,9.75
2020-05-22,2020,Inner,15,2.0,9395.0,9414.75,time,10.75,8.75
2020-05-25,2020,Inner,3,1.0,9527.5,9531.0,stop,-3.5,-4.5
2020-05-25,2020,Inner,3,2.0,9527.5,9531.0,stop,-3.5,-5.5
2020-05-25,2020,Inner,5,1.0,9527.5,9531.0,stop,-3.5,-4.5
2020-05-25,2020,Inner,5,2.0,9527.5,9531.0,stop,-3.5,-5.5
2020-05-25,2020,Inner,10,1.0,9527.5,9531.0,stop,-3.5,-4.5
2020-05-25,2020,Inner,10,2.0,9527.5,9531.0,stop,-3.5,-5.5
2020-05-25,2020,Inner,15,1.0,9527.5,9531.0,stop,-3.5,-4.5
2020-05-25,2020,Inner,15,2.0,9527.5,9531.0,stop,-3.5,-5.5
2020-05-28,2020,Inner,3,1.0,9474.75,9498.375,time,-3.25,-4.25
2020-05-28,2020,Inner,3,2.0,9474.75,9498.375,time,-3.25,-5.25
2020-05-28,2020,Inner,5,1.0,9474.75,9498.375,time,-10.5,-11.5
2020-05-28,2020,Inner,5,2.0,9474.75,9498.375,time,-10.5,-12.5
2020-05-28,2020,Inner,10,1.0,9474.75,9498.375,time,-9.0,-10.0
2020-05-28,2020,Inner,10,2.0,9474.75,9498.375,time,-9.0,-11.0
2020-05-28,2020,Inner,15,1.0,9474.75,9498.375,time,6.5,5.5
2020-05-28,2020,Inner,15,2.0,9474.75,9498.375,time,6.5,4.5
2020-06-01,2020,Inner,3,1.0,9581.5,9601.3125,time,-4.5,-5.5
2020-06-01,2020,Inner,3,2.0,9581.5,9601.3125,time,-4.5,-6.5
2020-06-01,2020,Inner,5,1.0,9581.5,9601.3125,time,-10.75,-11.75
2020-06-01,2020,Inner,5,2.0,9581.5,9601.3125,time,-10.75,-12.75
2020-06-01,2020,Inner,10,1.0,9581.5,9601.3125,time,-15.0,-16.0
2020-06-01,2020,Inner,10,2.0,9581.5,9601.3125,time,-15.0,-17.0
2020-06-01,2020,Inner,15,1.0,9581.5,9601.3125,time,-14.75,-15.75
2020-06-01,2020,Inner,15,2.0,9581.5,9601.3125,time,-14.75,-16.75
2020-06-09,2020,Inner,3,1.0,9914.0,9929.5625,stop,-15.5625,-16.5625
2020-06-09,2020,Inner,3,2.0,9914.0,9929.5625,stop,-15.5625,-17.5625
2020-06-09,2020,Inner,5,1.0,9914.0,9929.5625,stop,-15.5625,-16.5625
2020-06-09,2020,Inner,5,2.0,9914.0,9929.5625,stop,-15.5625,-17.5625
2020-06-09,2020,Inner,10,1.0,9914.0,9929.5625,stop,-15.5625,-16.5625
2020-06-09,2020,Inner,10,2.0,9914.0,9929.5625,stop,-15.5625,-17.5625
2020-06-09,2020,Inner,15,1.0,9914.0,9929.5625,stop,-15.5625,-16.5625
2020-06-09,2020,Inner,15,2.0,9914.0,9929.5625,stop,-15.5625,-17.5625
2020-06-11,2020,Inner,3,1.0,9948.75,9972.5625,time,12.5,11.5
2020-06-11,2020,Inner,3,2.0,9948.75,9972.5625,time,12.5,10.5
2020-06-11,2020,Inner,5,1.0,9948.75,9972.5625,time,20.0,19.0
2020-06-11,2020,Inner,5,2.0,9948.75,9972.5625,time,20.0,18.0
2020-06-11,2020,Inner,10,1.0,9948.75,9972.5625,time,31.25,30.25
2020-06-11,2020,Inner,10,2.0,9948.75,9972.5625,time,31.25,29.25
2020-06-11,2020,Inner,15,1.0,9948.75,9972.5625,time,53.5,52.5
2020-06-11,2020,Inner,15,2.0,9948.75,9972.5625,time,53.5,51.5
2020-06-15,2020,Inner,3,1.0,9607.0,9645.0625,time,-0.5,-1.5
2020-06-15,2020,Inner,3,2.0,9607.0,9645.0625,time,-0.5,-2.5
2020-06-15,2020,Inner,5,1.0,9607.0,9645.0625,time,6.0,5.0
2020-06-15,2020,Inner,5,2.0,9607.0,9645.0625,time,6.0,4.0
2020-06-15,2020,Inner,10,1.0,9607.0,9645.0625,time,-9.5,-10.5
2020-06-15,2020,Inner,10,2.0,9607.0,9645.0625,time,-9.5,-11.5
2020-06-15,2020,Inner,15,1.0,9607.0,9645.0625,time,11.5,10.5
2020-06-15,2020,Inner,15,2.0,9607.0,9645.0625,time,11.5,9.5
2020-06-18,2020,Inner,3,1.0,9987.75,10000.3125,time,-7.25,-8.25
2020-06-18,2020,Inner,3,2.0,9987.75,10000.3125,time,-7.25,-9.25
2020-06-18,2020,Inner,5,1.0,9987.75,10000.3125,time,-9.0,-10.0
2020-06-18,2020,Inner,5,2.0,9987.75,10000.3125,time,-9.0,-11.0
2020-06-18,2020,Inner,10,1.0,9987.75,10000.3125,stop,-12.5625,-13.5625
2020-06-18,2020,Inner,10,2.0,9987.75,10000.3125,stop,-12.5625,-14.5625
2020-06-18,2020,Inner,15,1.0,9987.75,10000.3125,stop,-12.5625,-13.5625
2020-06-18,2020,Inner,15,2.0,9987.75,10000.3125,stop,-12.5625,-14.5625
2020-06-23,2020,Inner,3,1.0,10214.75,10229.3125,time,14.5,13.5
2020-06-23,2020,Inner,3,2.0,10214.75,10229.3125,time,14.5,12.5
2020-06-23,2020,Inner,5,1.0,10214.75,10229.3125,time,11.0,10.0
2020-06-23,2020,Inner,5,2.0,10214.75,10229.3125,time,11.0,9.0
2020-06-23,2020,Inner,10,1.0,10214.75,10229.3125,time,-1.75,-2.75
2020-06-23,2020,Inner,10,2.0,10214.75,10229.3125,time,-1.75,-3.75
2020-06-23,2020,Inner,15,1.0,10214.75,10229.3125,time,1.25,0.25
2020-06-23,2020,Inner,15,2.0,10214.75,10229.3125,time,1.25,-0.75
2020-06-25,2020,Inner,3,1.0,10016.5,10049.4375,time,-7.0,-8.0
2020-06-25,2020,Inner,3,2.0,10016.5,10049.4375,time,-7.0,-9.0
2020-06-25,2020,Inner,5,1.0,10016.5,10049.4375,time,-11.75,-12.75
2020-06-25,2020,Inner,5,2.0,10016.5,10049.4375,time,-11.75,-13.75
2020-06-25,2020,Inner,10,1.0,10016.5,10049.4375,time,-3.75,-4.75
2020-06-25,2020,Inner,10,2.0,10016.5,10049.4375,time,-3.75,-5.75
2020-06-25,2020,Inner,15,1.0,10016.5,10049.4375,time,-1.0,-2.0
2020-06-25,2020,Inner,15,2.0,10016.5,10049.4375,time,-1.0,-3.0
2020-06-29,2020,Inner,3,1.0,9841.5,9873.25,time,6.0,5.0
2020-06-29,2020,Inner,3,2.0,9841.5,9873.25,time,6.0,4.0
2020-06-29,2020,Inner,5,1.0,9841.5,9873.25,time,4.0,3.0
2020-06-29,2020,Inner,5,2.0,9841.5,9873.25,time,4.0,2.0
2020-06-29,2020,Inner,10,1.0,9841.5,9873.25,time,-12.0,-13.0
2020-06-29,2020,Inner,10,2.0,9841.5,9873.25,time,-12.0,-14.0
2020-06-29,2020,Inner,15,1.0,9841.5,9873.25,stop,-31.75,-32.75
2020-06-29,2020,Inner,15,2.0,9841.5,9873.25,stop,-31.75,-33.75
2020-07-01,2020,Inner,3,1.0,10200.75,10221.375,time,-9.75,-10.75
2020-07-01,2020,Inner,3,2.0,10200.75,10221.375,time,-9.75,-11.75
2020-07-01,2020,Inner,5,1.0,10200.75,10221.375,time,-10.25,-11.25
2020-07-01,2020,Inner,5,2.0,10200.75,10221.375,time,-10.25,-12.25
2020-07-01,2020,Inner,10,1.0,10200.75,10221.375,time,-17.75,-18.75
2020-07-01,2020,Inner,10,2.0,10200.75,10221.375,time,-17.75,-19.75
2020-07-01,2020,Inner,15,1.0,10200.75,10221.375,stop,-20.625,-21.625
2020-07-01,2020,Inner,15,2.0,10200.75,10221.375,stop,-20.625,-22.625
2020-07-06,2020,Inner,3,1.0,10541.75,10559.9375,time,3.0,2.0
2020-07-06,2020,Inner,3,2.0,10541.75,10559.9375,time,3.0,1.0
2020-07-06,2020,Inner,5,1.0,10541.75,10559.9375,time,13.0,12.0
2020-07-06,2020,Inner,5,2.0,10541.75,10559.9375,time,13.0,11.0
2020-07-06,2020,Inner,10,1.0,10541.75,10559.9375,time,14.0,13.0
2020-07-06,2020,Inner,10,2.0,10541.75,10559.9375,time,14.0,12.0
2020-07-06,2020,Inner,15,1.0,10541.75,10559.9375,time,3.0,2.0
2020-07-06,2020,Inner,15,2.0,10541.75,10559.9375,time,3.0,1.0
2020-07-07,2020,Inner,3,1.0,10662.25,10690.1875,time,-2.25,-3.25
2020-07-07,2020,Inner,3,2.0,10662.25,10690.1875,time,-2.25,-4.25
2020-07-07,2020,Inner,5,1.0,10662.25,10690.1875,time,-5.75,-6.75
2020-07-07,2020,Inner,5,2.0,10662.25,10690.1875,time,-5.75,-7.75
2020-07-07,2020,Inner,10,1.0,10662.25,10690.1875,time,-17.5,-18.5
2020-07-07,2020,Inner,10,2.0,10662.25,10690.1875,time,-17.5,-19.5
2020-07-07,2020,Inner,15,1.0,10662.25,10690.1875,time,-18.5,-19.5
2020-07-07,2020,Inner,15,2.0,10662.25,10690.1875,time,-18.5,-20.5
2020-07-10,2020,Inner,3,1.0,10749.0,10780.0,time,-5.25,-6.25
2020-07-10,2020,Inner,3,2.0,10749.0,10780.0,time,-5.25,-7.25
2020-07-10,2020,Inner,5,1.0,10749.0,10780.0,time,-13.25,-14.25
2020-07-10,2020,Inner,5,2.0,10749.0,10780.0,time,-13.25,-15.25
2020-07-10,2020,Inner,10,1.0,10749.0,10780.0,time,-18.75,-19.75
2020-07-10,2020,Inner,10,2.0,10749.0,10780.0,time,-18.75,-20.75
2020-07-10,2020,Inner,15,1.0,10749.0,10780.0,time,-21.0,-22.0
2020-07-10,2020,Inner,15,2.0,10749.0,10780.0,time,-21.0,-23.0
2020-07-13,2020,Inner,3,1.0,10995.75,11013.6875,time,13.25,12.25
2020-07-13,2020,Inner,3,2.0,10995.75,11013.6875,time,13.25,11.25
2020-07-13,2020,Inner,5,1.0,10995.75,11013.6875,time,16.0,15.0
2020-07-13,2020,Inner,5,2.0,10995.75,11013.6875,time,16.0,14.0
2020-07-13,2020,Inner,10,1.0,10995.75,11013.6875,time,30.0,29.0
2020-07-13,2020,Inner,10,2.0,10995.75,11013.6875,time,30.0,28.0
2020-07-13,2020,Inner,15,1.0,10995.75,11013.6875,time,10.0,9.0
2020-07-13,2020,Inner,15,2.0,10995.75,11013.6875,time,10.0,8.0
2020-07-24,2020,Inner,3,1.0,10445.75,10486.0,time,-4.5,-5.5
2020-07-24,2020,Inner,3,2.0,10445.75,10486.0,time,-4.5,-6.5
2020-07-24,2020,Inner,5,1.0,10445.75,10486.0,time,3.25,2.25
2020-07-24,2020,Inner,5,2.0,10445.75,10486.0,time,3.25,1.25
2020-07-24,2020,Inner,10,1.0,10445.75,10486.0,time,6.75,5.75
2020-07-24,2020,Inner,10,2.0,10445.75,10486.0,time,6.75,4.75
2020-07-24,2020,Inner,15,1.0,10445.75,10486.0,time,-24.25,-25.25
2020-07-24,2020,Inner,15,2.0,10445.75,10486.0,time,-24.25,-26.25
2020-07-27,2020,Inner,3,1.0,10629.75,10660.25,time,6.0,5.0
2020-07-27,2020,Inner,3,2.0,10629.75,10660.25,time,6.0,4.0
2020-07-27,2020,Inner,5,1.0,10629.75,10660.25,time,3.0,2.0
2020-07-27,2020,Inner,5,2.0,10629.75,10660.25,time,3.0,1.0
2020-07-27,2020,Inner,10,1.0,10629.75,10660.25,stop,-30.5,-31.5
2020-07-27,2020,Inner,10,2.0,10629.75,10660.25,stop,-30.5,-32.5
2020-07-27,2020,Inner,15,1.0,10629.75,10660.25,stop,-30.5,-31.5
2020-07-27,2020,Inner,15,2.0,10629.75,10660.25,stop,-30.5,-32.5
2020-07-29,2020,Inner,3,1.0,10631.25,10646.5,time,-7.25,-8.25
2020-07-29,2020,Inner,3,2.0,10631.25,10646.5,time,-7.25,-9.25
2020-07-29,2020,Inner,5,1.0,10631.25,10646.5,time,-5.5,-6.5
2020-07-29,2020,Inner,5,2.0,10631.25,10646.5,time,-5.5,-7.5
2020-07-29,2020,Inner,10,1.0,10631.25,10646.5,time,-6.25,-7.25
2020-07-29,2020,Inner,10,2.0,10631.25,10646.5,time,-6.25,-8.25
2020-07-29,2020,Inner,15,1.0,10631.25,10646.5,time,8.5,7.5
2020-07-29,2020,Inner,15,2.0,10631.25,10646.5,time,8.5,6.5
2020-08-06,2020,Inner,3,1.0,11147.0,11165.5,time,-8.5,-9.5
2020-08-06,2020,Inner,3,2.0,11147.0,11165.5,time,-8.5,-10.5
2020-08-06,2020,Inner,5,1.0,11147.0,11165.5,time,-13.5,-14.5
2020-08-06,2020,Inner,5,2.0,11147.0,11165.5,time,-13.5,-15.5
2020-08-06,2020,Inner,10,1.0,11147.0,11165.5,time,-4.25,-5.25
2020-08-06,2020,Inner,10,2.0,11147.0,11165.5,time,-4.25,-6.25
2020-08-06,2020,Inner,15,1.0,11147.0,11165.5,time,-2.0,-3.0
2020-08-06,2020,Inner,15,2.0,11147.0,11165.5,time,-2.0,-4.0
2020-08-07,2020,Inner,3,1.0,11247.5,11258.9375,time,4.25,3.25
2020-08-07,2020,Inner,3,2.0,11247.5,11258.9375,time,4.25,2.25
2020-08-07,2020,Inner,5,1.0,11247.5,11258.9375,time,-0.75,-1.75
2020-08-07,2020,Inner,5,2.0,11247.5,11258.9375,time,-0.75,-2.75
2020-08-07,2020,Inner,10,1.0,11247.5,11258.9375,time,8.0,7.0
2020-08-07,2020,Inner,10,2.0,11247.5,11258.9375,time,8.0,6.0
2020-08-07,2020,Inner,15,1.0,11247.5,11258.9375,time,31.25,30.25
2020-08-07,2020,Inner,15,2.0,11247.5,11258.9375,time,31.25,29.25
2020-08-11,2020,Inner,3,1.0,11041.5,11066.625,time,1.5,0.5
2020-08-11,2020,Inner,3,2.0,11041.5,11066.625,time,1.5,-0.5
2020-08-11,2020,Inner,5,1.0,11041.5,11066.625,time,-3.5,-4.5
2020-08-11,2020,Inner,5,2.0,11041.5,11066.625,time,-3.5,-5.5
2020-08-11,2020,Inner,10,1.0,11041.5,11066.625,time,24.0,23.0
2020-08-11,2020,Inner,10,2.0,11041.5,11066.625,time,24.0,22.0
2020-08-11,2020,Inner,15,1.0,11041.5,11066.625,time,15.75,14.75
2020-08-11,2020,Inner,15,2.0,11041.5,11066.625,time,15.75,13.75
2020-08-13,2020,Inner,3,1.0,11225.0,11241.25,time,-11.75,-12.75
2020-08-13,2020,Inner,3,2.0,11225.0,11241.25,time,-11.75,-13.75
2020-08-13,2020,Inner,5,1.0,11225.0,11241.25,time,-7.5,-8.5
2020-08-13,2020,Inner,5,2.0,11225.0,11241.25,time,-7.5,-9.5
2020-08-13,2020,Inner,10,1.0,11225.0,11241.25,time,5.0,4.0
2020-08-13,2020,Inner,10,2.0,11225.0,11241.25,time,5.0,3.0
2020-08-13,2020,Inner,15,1.0,11225.0,11241.25,time,-6.75,-7.75
2020-08-13,2020,Inner,15,2.0,11225.0,11241.25,time,-6.75,-8.75
2020-08-17,2020,Inner,3,1.0,11276.0,11289.8125,time,1.25,0.25
2020-08-17,2020,Inner,3,2.0,11276.0,11289.8125,time,1.25,-0.75
2020-08-17,2020,Inner,5,1.0,11276.0,11289.8125,time,1.25,0.25
2020-08-17,2020,Inner,5,2.0,11276.0,11289.8125,time,1.25,-0.75
2020-08-17,2020,Inner,10,1.0,11276.0,11289.8125,time,-5.75,-6.75
2020-08-17,2020,Inner,10,2.0,11276.0,11289.8125,time,-5.75,-7.75
2020-08-17,2020,Inner,15,1.0,11276.0,11289.8125,time,-4.0,-5.0
2020-08-17,2020,Inner,15,2.0,11276.0,11289.8125,time,-4.0,-6.0
2020-08-18,2020,Inner,3,1.0,11382.25,11408.4375,time,5.75,4.75
2020-08-18,2020,Inner,3,2.0,11382.25,11408.4375,time,5.75,3.75
2020-08-18,2020,Inner,5,1.0,11382.25,11408.4375,time,5.75,4.75
2020-08-18,2020,Inner,5,2.0,11382.25,11408.4375,time,5.75,3.75
2020-08-18,2020,Inner,10,1.0,11382.25,11408.4375,time,13.0,12.0
2020-08-18,2020,Inner,10,2.0,11382.25,11408.4375,time,13.0,11.0
2020-08-18,2020,Inner,15,1.0,11382.25,11408.4375,time,5.75,4.75
2020-08-18,2020,Inner,15,2.0,11382.25,11408.4375,time,5.75,3.75
2020-08-19,2020,Inner,3,1.0,11415.0,11435.625,time,-1.0,-2.0
2020-08-19,2020,Inner,3,2.0,11415.0,11435.625,time,-1.0,-3.0
2020-08-19,2020,Inner,5,1.0,11415.0,11435.625,time,-5.5,-6.5
2020-08-19,2020,Inner,5,2.0,11415.0,11435.625,time,-5.5,-7.5
2020-08-19,2020,Inner,10,1.0,11415.0,11435.625,time,-1.75,-2.75
2020-08-19,2020,Inner,10,2.0,11415.0,11435.625,time,-1.75,-3.75
2020-08-19,2020,Inner,15,1.0,11415.0,11435.625,time,0.75,-0.25
2020-08-19,2020,Inner,15,2.0,11415.0,11435.625,time,0.75,-1.25
2020-08-20,2020,Inner,3,1.0,11370.75,11399.4375,time,-5.0,-6.0
2020-08-20,2020,Inner,3,2.0,11370.75,11399.4375,time,-5.0,-7.0
2020-08-20,2020,Inner,5,1.0,11370.75,11399.4375,time,-2.75,-3.75
2020-08-20,2020,Inner,5,2.0,11370.75,11399.4375,time,-2.75,-4.75
2020-08-20,2020,Inner,10,1.0,11370.75,11399.4375,time,-3.0,-4.0
2020-08-20,2020,Inner,10,2.0,11370.75,11399.4375,time,-3.0,-5.0
2020-08-20,2020,Inner,15,1.0,11370.75,11399.4375,time,-16.5,-17.5
2020-08-20,2020,Inner,15,2.0,11370.75,11399.4375,time,-16.5,-18.5
2020-08-21,2020,Inner,3,1.0,11524.0,11542.1875,time,-1.25,-2.25
2020-08-21,2020,Inner,3,2.0,11524.0,11542.1875,time,-1.25,-3.25
2020-08-21,2020,Inner,5,1.0,11524.0,11542.1875,time,5.75,4.75
2020-08-21,2020,Inner,5,2.0,11524.0,11542.1875,time,5.75,3.75
2020-08-21,2020,Inner,10,1.0,11524.0,11542.1875,time,8.5,7.5
2020-08-21,2020,Inner,10,2.0,11524.0,11542.1875,time,8.5,6.5
2020-08-21,2020,Inner,15,1.0,11524.0,11542.1875,time,7.75,6.75
2020-08-21,2020,Inner,15,2.0,11524.0,11542.1875,time,7.75,5.75
2020-08-25,2020,Inner,3,1.0,11641.75,11659.375,time,-1.75,-2.75
2020-08-25,2020,Inner,3,2.0,11641.75,11659.375,time,-1.75,-3.75
2020-08-25,2020,Inner,5,1.0,11641.75,11659.375,time,-4.75,-5.75
2020-08-25,2020,Inner,5,2.0,11641.75,11659.375,time,-4.75,-6.75
2020-08-25,2020,Inner,10,1.0,11641.75,11659.375,time,-8.75,-9.75
2020-08-25,2020,Inner,10,2.0,11641.75,11659.375,time,-8.75,-10.75
2020-08-25,2020,Inner,15,1.0,11641.75,11659.375,stop,-17.625,-18.625
2020-08-25,2020,Inner,15,2.0,11641.75,11659.375,stop,-17.625,-19.625
2020-08-27,2020,Inner,3,1.0,11994.75,12022.875,time,-13.0,-14.0
2020-08-27,2020,Inner,3,2.0,11994.75,12022.875,time,-13.0,-15.0
2020-08-27,2020,Inner,5,1.0,11994.75,12022.875,time,-10.25,-11.25
2020-08-27,2020,Inner,5,2.0,11994.75,12022.875,time,-10.25,-12.25
2020-08-27,2020,Inner,10,1.0,11994.75,12022.875,time,-8.0,-9.0
2020-08-27,2020,Inner,10,2.0,11994.75,12022.875,time,-8.0,-10.0
2020-08-27,2020,Inner,15,1.0,11994.75,12022.875,time,-14.75,-15.75
2020-08-27,2020,Inner,15,2.0,11994.75,12022.875,time,-14.75,-16.75
2020-08-31,2020,Inner,3,1.0,12050.5,12068.4375,time,23.75,22.75
2020-08-31,2020,Inner,3,2.0,12050.5,12068.4375,time,23.75,21.75
2020-08-31,2020,Inner,5,1.0,12050.5,12068.4375,time,2.5,1.5
2020-08-31,2020,Inner,5,2.0,12050.5,12068.4375,time,2.5,0.5
2020-08-31,2020,Inner,10,1.0,12050.5,12068.4375,time,12.25,11.25
2020-08-31,2020,Inner,10,2.0,12050.5,12068.4375,time,12.25,10.25
2020-08-31,2020,Inner,15,1.0,12050.5,12068.4375,time,-8.25,-9.25
2020-08-31,2020,Inner,15,2.0,12050.5,12068.4375,time,-8.25,-10.25
2020-09-01,2020,Inner,3,1.0,12270.0,12306.375,time,9.25,8.25
2020-09-01,2020,Inner,3,2.0,12270.0,12306.375,time,9.25,7.25
2020-09-01,2020,Inner,5,1.0,12270.0,12306.375,time,8.75,7.75
2020-09-01,2020,Inner,5,2.0,12270.0,12306.375,time,8.75,6.75
2020-09-01,2020,Inner,10,1.0,12270.0,12306.375,time,6.75,5.75
2020-09-01,2020,Inner,10,2.0,12270.0,12306.375,time,6.75,4.75
2020-09-01,2020,Inner,15,1.0,12270.0,12306.375,time,-2.0,-3.0
2020-09-01,2020,Inner,15,2.0,12270.0,12306.375,time,-2.0,-4.0
2020-09-07,2020,Inner,3,1.0,11497.75,11510.6875,time,-3.75,-4.75
2020-09-07,2020,Inner,3,2.0,11497.75,11510.6875,time,-3.75,-5.75
2020-09-07,2020,Inner,5,1.0,11497.75,11510.6875,time,-7.0,-8.0
2020-09-07,2020,Inner,5,2.0,11497.75,11510.6875,time,-7.0,-9.0
2020-09-07,2020,Inner,10,1.0,11497.75,11510.6875,stop,-12.9375,-13.9375
2020-09-07,2020,Inner,10,2.0,11497.75,11510.6875,stop,-12.9375,-14.9375
2020-09-07,2020,Inner,15,1.0,11497.75,11510.6875,stop,-12.9375,-13.9375
2020-09-07,2020,Inner,15,2.0,11497.75,11510.6875,stop,-12.9375,-14.9375
2020-09-09,2020,Inner,3,1.0,11351.0,11393.625,time,-25.25,-26.25
2020-09-09,2020,Inner,3,2.0,11351.0,11393.625,time,-25.25,-27.25
2020-09-09,2020,Inner,5,1.0,11351.0,11393.625,time,-14.5,-15.5
2020-09-09,2020,Inner,5,2.0,11351.0,11393.625,time,-14.5,-16.5
2020-09-09,2020,Inner,10,1.0,11351.0,11393.625,time,-10.25,-11.25
2020-09-09,2020,Inner,10,2.0,11351.0,11393.625,time,-10.25,-12.25
2020-09-09,2020,Inner,15,1.0,11351.0,11393.625,time,-18.5,-19.5
2020-09-09,2020,Inner,15,2.0,11351.0,11393.625,time,-18.5,-20.5
2020-09-17,2020,Inner,3,1.0,11084.25,11125.5,stop,-41.25,-42.25
2020-09-17,2020,Inner,3,2.0,11084.25,11125.5,stop,-41.25,-43.25
2020-09-17,2020,Inner,5,1.0,11084.25,11125.5,stop,-41.25,-42.25
2020-09-17,2020,Inner,5,2.0,11084.25,11125.5,stop,-41.25,-43.25
2020-09-17,2020,Inner,10,1.0,11084.25,11125.5,stop,-41.25,-42.25
2020-09-17,2020,Inner,10,2.0,11084.25,11125.5,stop,-41.25,-43.25
2020-09-17,2020,Inner,15,1.0,11084.25,11125.5,stop,-41.25,-42.25
2020-09-17,2020,Inner,15,2.0,11084.25,11125.5,stop,-41.25,-43.25
2020-09-24,2020,Inner,3,1.0,10920.25,10978.5,time,-13.5,-14.5
2020-09-24,2020,Inner,3,2.0,10920.25,10978.5,time,-13.5,-15.5
2020-09-24,2020,Inner,5,1.0,10920.25,10978.5,time,7.0,6.0
2020-09-24,2020,Inner,5,2.0,10920.25,10978.5,time,7.0,5.0
2020-09-24,2020,Inner,10,1.0,10920.25,10978.5,time,-33.5,-34.5
2020-09-24,2020,Inner,10,2.0,10920.25,10978.5,time,-33.5,-35.5
2020-09-24,2020,Inner,15,1.0,10920.25,10978.5,time,-44.75,-45.75
2020-09-24,2020,Inner,15,2.0,10920.25,10978.5,time,-44.75,-46.75
2020-09-30,2020,Inner,3,1.0,11467.75,11510.25,time,6.25,5.25
2020-09-30,2020,Inner,3,2.0,11467.75,11510.25,time,6.25,4.25
2020-09-30,2020,Inner,5,1.0,11467.75,11510.25,time,5.0,4.0
2020-09-30,2020,Inner,5,2.0,11467.75,11510.25,time,5.0,3.0
2020-09-30,2020,Inner,10,1.0,11467.75,11510.25,time,3.75,2.75
2020-09-30,2020,Inner,10,2.0,11467.75,11510.25,time,3.75,1.75
2020-09-30,2020,Inner,15,1.0,11467.75,11510.25,time,14.5,13.5
2020-09-30,2020,Inner,15,2.0,11467.75,11510.25,time,14.5,12.5
2020-10-01,2020,Inner,3,1.0,11544.5,11565.5,stop,-21.0,-22.0
2020-10-01,2020,Inner,3,2.0,11544.5,11565.5,stop,-21.0,-23.0
2020-10-01,2020,Inner,5,1.0,11544.5,11565.5,stop,-21.0,-22.0
2020-10-01,2020,Inner,5,2.0,11544.5,11565.5,stop,-21.0,-23.0
2020-10-01,2020,Inner,10,1.0,11544.5,11565.5,stop,-21.0,-22.0
2020-10-01,2020,Inner,10,2.0,11544.5,11565.5,stop,-21.0,-23.0
2020-10-01,2020,Inner,15,1.0,11544.5,11565.5,stop,-21.0,-22.0
2020-10-01,2020,Inner,15,2.0,11544.5,11565.5,stop,-21.0,-23.0
2020-10-05,2020,Inner,3,1.0,11416.25,11440.0,time,-4.75,-5.75
2020-10-05,2020,Inner,3,2.0,11416.25,11440.0,time,-4.75,-6.75
2020-10-05,2020,Inner,5,1.0,11416.25,11440.0,time,4.25,3.25
2020-10-05,2020,Inner,5,2.0,11416.25,11440.0,time,4.25,2.25
2020-10-05,2020,Inner,10,1.0,11416.25,11440.0,time,2.75,1.75
2020-10-05,2020,Inner,10,2.0,11416.25,11440.0,time,2.75,0.75
2020-10-05,2020,Inner,15,1.0,11416.25,11440.0,time,2.0,1.0
2020-10-05,2020,Inner,15,2.0,11416.25,11440.0,time,2.0,0.0
2020-10-07,2020,Inner,3,1.0,11416.0,11433.3125,stop,-17.3125,-18.3125
2020-10-07,2020,Inner,3,2.0,11416.0,11433.3125,stop,-17.3125,-19.3125
2020-10-07,2020,Inner,5,1.0,11416.0,11433.3125,stop,-17.3125,-18.3125
2020-10-07,2020,Inner,5,2.0,11416.0,11433.3125,stop,-17.3125,-19.3125
2020-10-07,2020,Inner,10,1.0,11416.0,11433.3125,stop,-17.3125,-18.3125
2020-10-07,2020,Inner,10,2.0,11416.0,11433.3125,stop,-17.3125,-19.3125
2020-10-07,2020,Inner,15,1.0,11416.0,11433.3125,stop,-17.3125,-18.3125
2020-10-07,2020,Inner,15,2.0,11416.0,11433.3125,stop,-17.3125,-19.3125
2020-10-13,2020,Inner,3,1.0,12149.5,12179.9375,time,18.5,17.5
2020-10-13,2020,Inner,3,2.0,12149.5,12179.9375,time,18.5,16.5
2020-10-13,2020,Inner,5,1.0,12149.5,12179.9375,time,13.25,12.25
2020-10-13,2020,Inner,5,2.0,12149.5,12179.9375,time,13.25,11.25
2020-10-13,2020,Inner,10,1.0,12149.5,12179.9375,time,19.5,18.5
2020-10-13,2020,Inner,10,2.0,12149.5,12179.9375,time,19.5,17.5
2020-10-13,2020,Inner,15,1.0,12149.5,12179.9375,time,16.5,15.5
2020-10-13,2020,Inner,15,2.0,12149.5,12179.9375,time,16.5,14.5
2020-10-27,2020,Inner,3,1.0,11558.0,11581.0,time,12.5,11.5
2020-10-27,2020,Inner,3,2.0,11558.0,11581.0,time,12.5,10.5
2020-10-27,2020,Inner,5,1.0,11558.0,11581.0,time,5.0,4.0
2020-10-27,2020,Inner,5,2.0,11558.0,11581.0,time,5.0,3.0
2020-10-27,2020,Inner,10,1.0,11558.0,11581.0,time,-14.25,-15.25
2020-10-27,2020,Inner,10,2.0,11558.0,11581.0,time,-14.25,-16.25
2020-10-27,2020,Inner,15,1.0,11558.0,11581.0,stop,-23.0,-24.0
2020-10-27,2020,Inner,15,2.0,11558.0,11581.0,stop,-23.0,-25.0
2020-10-29,2020,Inner,3,1.0,11293.25,11326.4375,time,-6.25,-7.25
2020-10-29,2020,Inner,3,2.0,11293.25,11326.4375,time,-6.25,-8.25
2020-10-29,2020,Inner,5,1.0,11293.25,11326.4375,time,-5.25,-6.25
2020-10-29,2020,Inner,5,2.0,11293.25,11326.4375,time,-5.25,-7.25
2020-10-29,2020,Inner,10,1.0,11293.25,11326.4375,time,-3.5,-4.5
2020-10-29,2020,Inner,10,2.0,11293.25,11326.4375,time,-3.5,-5.5
2020-10-29,2020,Inner,15,1.0,11293.25,11326.4375,time,9.5,8.5
2020-10-29,2020,Inner,15,2.0,11293.25,11326.4375,time,9.5,7.5
2020-11-03,2020,Inner,3,1.0,11327.5,11384.3125,time,3.75,2.75
2020-11-03,2020,Inner,3,2.0,11327.5,11384.3125,time,3.75,1.75
2020-11-03,2020,Inner,5,1.0,11327.5,11384.3125,time,4.75,3.75
2020-11-03,2020,Inner,5,2.0,11327.5,11384.3125,time,4.75,2.75
2020-11-03,2020,Inner,10,1.0,11327.5,11384.3125,time,23.25,22.25
2020-11-03,2020,Inner,10,2.0,11327.5,11384.3125,time,23.25,21.25
2020-11-03,2020,Inner,15,1.0,11327.5,11384.3125,time,14.5,13.5
2020-11-03,2020,Inner,15,2.0,11327.5,11384.3125,time,14.5,12.5
2020-11-04,2020,Inner,3,1.0,11789.5,11849.25,time,8.0,7.0
2020-11-04,2020,Inner,3,2.0,11789.5,11849.25,time,8.0,6.0
2020-11-04,2020,Inner,5,1.0,11789.5,11849.25,time,-9.5,-10.5
2020-11-04,2020,Inner,5,2.0,11789.5,11849.25,time,-9.5,-11.5
2020-11-04,2020,Inner,10,1.0,11789.5,11849.25,time,-16.75,-17.75
2020-11-04,2020,Inner,10,2.0,11789.5,11849.25,time,-16.75,-18.75
2020-11-04,2020,Inner,15,1.0,11789.5,11849.25,time,-38.75,-39.75
2020-11-04,2020,Inner,15,2.0,11789.5,11849.25,time,-38.75,-40.75
2020-11-06,2020,Inner,3,1.0,12046.75,12088.25,time,-8.0,-9.0
2020-11-06,2020,Inner,3,2.0,12046.75,12088.25,time,-8.0,-10.0
2020-11-06,2020,Inner,5,1.0,12046.75,12088.25,time,-1.5,-2.5
2020-11-06,2020,Inner,5,2.0,12046.75,12088.25,time,-1.5,-3.5
2020-11-06,2020,Inner,10,1.0,12046.75,12088.25,time,-1.5,-2.5
2020-11-06,2020,Inner,10,2.0,12046.75,12088.25,time,-1.5,-3.5
2020-11-06,2020,Inner,15,1.0,12046.75,12088.25,time,-1.75,-2.75
2020-11-06,2020,Inner,15,2.0,12046.75,12088.25,time,-1.75,-3.75
2020-11-11,2020,Inner,3,1.0,11806.75,11838.0625,time,15.5,14.5
2020-11-11,2020,Inner,3,2.0,11806.75,11838.0625,time,15.5,13.5
2020-11-11,2020,Inner,5,1.0,11806.75,11838.0625,time,15.25,14.25
2020-11-11,2020,Inner,5,2.0,11806.75,11838.0625,time,15.25,13.25
2020-11-11,2020,Inner,10,1.0,11806.75,11838.0625,time,25.75,24.75
2020-11-11,2020,Inner,10,2.0,11806.75,11838.0625,time,25.75,23.75
2020-11-11,2020,Inner,15,1.0,11806.75,11838.0625,time,9.75,8.75
2020-11-11,2020,Inner,15,2.0,11806.75,11838.0625,time,9.75,7.75
2020-11-16,2020,Inner,3,1.0,12004.75,12034.6875,time,1.0,0.0
2020-11-16,2020,Inner,3,2.0,12004.75,12034.6875,time,1.0,-1.0
2020-11-16,2020,Inner,5,1.0,12004.75,12034.6875,time,-0.75,-1.75
2020-11-16,2020,Inner,5,2.0,12004.75,12034.6875,time,-0.75,-2.75
2020-11-16,2020,Inner,10,1.0,12004.75,12034.6875,time,9.25,8.25
2020-11-16,2020,Inner,10,2.0,12004.75,12034.6875,time,9.25,7.25
2020-11-16,2020,Inner,15,1.0,12004.75,12034.6875,time,16.5,15.5
2020-11-16,2020,Inner,15,2.0,12004.75,12034.6875,time,16.5,14.5
2020-11-18,2020,Inner,3,1.0,11985.0,12004.5625,time,0.75,-0.25
2020-11-18,2020,Inner,3,2.0,11985.0,12004.5625,time,0.75,-1.25
2020-11-18,2020,Inner,5,1.0,11985.0,12004.5625,time,-5.75,-6.75
2020-11-18,2020,Inner,5,2.0,11985.0,12004.5625,time,-5.75,-7.75
2020-11-18,2020,Inner,10,1.0,11985.0,12004.5625,time,-9.75,-10.75
2020-11-18,2020,Inner,10,2.0,11985.0,12004.5625,time,-9.75,-11.75
2020-11-18,2020,Inner,15,1.0,11985.0,12004.5625,time,3.25,2.25
2020-11-18,2020,Inner,15,2.0,11985.0,12004.5625,time,3.25,1.25
2020-11-19,2020,Inner,3,1.0,11923.25,11944.4375,time,-2.25,-3.25
2020-11-19,2020,Inner,3,2.0,11923.25,11944.4375,time,-2.25,-4.25
2020-11-19,2020,Inner,5,1.0,11923.25,11944.4375,time,-3.75,-4.75
2020-11-19,2020,Inner,5,2.0,11923.25,11944.4375,time,-3.75,-5.75
2020-11-19,2020,Inner,10,1.0,11923.25,11944.4375,time,-15.75,-16.75
2020-11-19,2020,Inner,10,2.0,11923.25,11944.4375,time,-15.75,-17.75
2020-11-19,2020,Inner,15,1.0,11923.25,11944.4375,stop,-21.1875,-22.1875
2020-11-19,2020,Inner,15,2.0,11923.25,11944.4375,stop,-21.1875,-23.1875
2020-11-20,2020,Inner,3,1.0,11986.5,11997.5,time,-2.0,-3.0
2020-11-20,2020,Inner,3,2.0,11986.5,11997.5,time,-2.0,-4.0
2020-11-20,2020,Inner,5,1.0,11986.5,11997.5,time,15.0,14.0
2020-11-20,2020,Inner,5,2.0,11986.5,11997.5,time,15.0,13.0
2020-11-20,2020,Inner,10,1.0,11986.5,11997.5,time,13.75,12.75
2020-11-20,2020,Inner,10,2.0,11986.5,11997.5,time,13.75,11.75
2020-11-20,2020,Inner,15,1.0,11986.5,11997.5,time,10.75,9.75
2020-11-20,2020,Inner,15,2.0,11986.5,11997.5,time,10.75,8.75
2020-11-25,2020,Inner,3,1.0,12140.5,12157.25,time,-1.0,-2.0
2020-11-25,2020,Inner,3,2.0,12140.5,12157.25,time,-1.0,-3.0
2020-11-25,2020,Inner,5,1.0,12140.5,12157.25,time,0.25,-0.75
2020-11-25,2020,Inner,5,2.0,12140.5,12157.25,time,0.25,-1.75
2020-11-25,2020,Inner,10,1.0,12140.5,12157.25,time,-1.75,-2.75
2020-11-25,2020,Inner,10,2.0,12140.5,12157.25,time,-1.75,-3.75
2020-11-25,2020,Inner,15,1.0,12140.5,12157.25,time,9.5,8.5
2020-11-25,2020,Inner,15,2.0,12140.5,12157.25,time,9.5,7.5
2020-11-27,2020,Inner,3,1.0,12292.25,12312.5,time,0.25,-0.75
2020-11-27,2020,Inner,3,2.0,12292.25,12312.5,time,0.25,-1.75
2020-11-27,2020,Inner,5,1.0,12292.25,12312.5,time,4.0,3.0
2020-11-27,2020,Inner,5,2.0,12292.25,12312.5,time,4.0,2.0
2020-11-27,2020,Inner,10,1.0,12292.25,12312.5,time,2.0,1.0
2020-11-27,2020,Inner,10,2.0,12292.25,12312.5,time,2.0,0.0
2020-11-27,2020,Inner,15,1.0,12292.25,12312.5,time,-3.5,-4.5
2020-11-27,2020,Inner,15,2.0,12292.25,12312.5,time,-3.5,-5.5
2020-12-02,2020,Inner,3,1.0,12417.25,12446.5,time,7.25,6.25
2020-12-02,2020,Inner,3,2.0,12417.25,12446.5,time,7.25,5.25
2020-12-02,2020,Inner,5,1.0,12417.25,12446.5,time,13.25,12.25
2020-12-02,2020,Inner,5,2.0,12417.25,12446.5,time,13.25,11.25
2020-12-02,2020,Inner,10,1.0,12417.25,12446.5,time,4.5,3.5
2020-12-02,2020,Inner,10,2.0,12417.25,12446.5,time,4.5,2.5
2020-12-02,2020,Inner,15,1.0,12417.25,12446.5,time,-11.5,-12.5
2020-12-02,2020,Inner,15,2.0,12417.25,12446.5,time,-11.5,-13.5
2020-12-04,2020,Inner,3,1.0,12514.0,12531.5625,time,3.25,2.25
2020-12-04,2020,Inner,3,2.0,12514.0,12531.5625,time,3.25,1.25
2020-12-04,2020,Inner,5,1.0,12514.0,12531.5625,time,1.75,0.75
2020-12-04,2020,Inner,5,2.0,12514.0,12531.5625,time,1.75,-0.25
2020-12-04,2020,Inner,10,1.0,12514.0,12531.5625,time,5.5,4.5
2020-12-04,2020,Inner,10,2.0,12514.0,12531.5625,time,5.5,3.5
2020-12-04,2020,Inner,15,1.0,12514.0,12531.5625,time,5.0,4.0
2020-12-04,2020,Inner,15,2.0,12514.0,12531.5625,time,5.0,3.0
2020-12-07,2020,Inner,3,1.0,12601.0,12619.875,time,-1.25,-2.25
2020-12-07,2020,Inner,3,2.0,12601.0,12619.875,time,-1.25,-3.25
2020-12-07,2020,Inner,5,1.0,12601.0,12619.875,time,3.75,2.75
2020-12-07,2020,Inner,5,2.0,12601.0,12619.875,time,3.75,1.75
2020-12-07,2020,Inner,10,1.0,12601.0,12619.875,time,-0.75,-1.75
2020-12-07,2020,Inner,10,2.0,12601.0,12619.875,time,-0.75,-2.75
2020-12-07,2020,Inner,15,1.0,12601.0,12619.875,time,8.25,7.25
2020-12-07,2020,Inner,15,2.0,12601.0,12619.875,time,8.25,6.25
2020-12-08,2020,Inner,3,1.0,12584.0,12605.3125,time,3.75,2.75
2020-12-08,2020,Inner,3,2.0,12584.0,12605.3125,time,3.75,1.75
2020-12-08,2020,Inner,5,1.0,12584.0,12605.3125,time,-0.5,-1.5
2020-12-08,2020,Inner,5,2.0,12584.0,12605.3125,time,-0.5,-2.5
2020-12-08,2020,Inner,10,1.0,12584.0,12605.3125,time,1.0,0.0
2020-12-08,2020,Inner,10,2.0,12584.0,12605.3125,time,1.0,-1.0
2020-12-08,2020,Inner,15,1.0,12584.0,12605.3125,time,-2.0,-3.0
2020-12-08,2020,Inner,15,2.0,12584.0,12605.3125,time,-2.0,-4.0
2020-12-10,2020,Inner,3,1.0,12419.0,12469.5625,time,21.75,20.75
2020-12-10,2020,Inner,3,2.0,12419.0,12469.5625,time,21.75,19.75
2020-12-10,2020,Inner,5,1.0,12419.0,12469.5625,time,9.5,8.5
2020-12-10,2020,Inner,5,2.0,12419.0,12469.5625,time,9.5,7.5
2020-12-10,2020,Inner,10,1.0,12419.0,12469.5625,time,-11.5,-12.5
2020-12-10,2020,Inner,10,2.0,12419.0,12469.5625,time,-11.5,-13.5
2020-12-10,2020,Inner,15,1.0,12419.0,12469.5625,time,-9.25,-10.25
2020-12-10,2020,Inner,15,2.0,12419.0,12469.5625,time,-9.25,-11.25
2020-12-14,2020,Inner,3,1.0,12528.5,12559.5625,time,12.0,11.0
2020-12-14,2020,Inner,3,2.0,12528.5,12559.5625,time,12.0,10.0
2020-12-14,2020,Inner,5,1.0,12528.5,12559.5625,time,12.5,11.5
2020-12-14,2020,Inner,5,2.0,12528.5,12559.5625,time,12.5,10.5
2020-12-14,2020,Inner,10,1.0,12528.5,12559.5625,time,15.0,14.0
2020-12-14,2020,Inner,10,2.0,12528.5,12559.5625,time,15.0,13.0
2020-12-14,2020,Inner,15,1.0,12528.5,12559.5625,time,14.0,13.0
2020-12-14,2020,Inner,15,2.0,12528.5,12559.5625,time,14.0,12.0
2020-12-16,2020,Inner,3,1.0,12622.75,12636.0625,time,-2.5,-3.5
2020-12-16,2020,Inner,3,2.0,12622.75,12636.0625,time,-2.5,-4.5
2020-12-16,2020,Inner,5,1.0,12622.75,12636.0625,stop,-13.3125,-14.3125
2020-12-16,2020,Inner,5,2.0,12622.75,12636.0625,stop,-13.3125,-15.3125
2020-12-16,2020,Inner,10,1.0,12622.75,12636.0625,stop,-13.3125,-14.3125
2020-12-16,2020,Inner,10,2.0,12622.75,12636.0625,stop,-13.3125,-15.3125
2020-12-16,2020,Inner,15,1.0,12622.75,12636.0625,stop,-13.3125,-14.3125
2020-12-16,2020,Inner,15,2.0,12622.75,12636.0625,stop,-13.3125,-15.3125
2020-12-23,2020,Inner,3,1.0,12721.5,12740.0625,time,6.5,5.5
2020-12-23,2020,Inner,3,2.0,12721.5,12740.0625,time,6.5,4.5
2020-12-23,2020,Inner,5,1.0,12721.5,12740.0625,time,8.5,7.5
2020-12-23,2020,Inner,5,2.0,12721.5,12740.0625,time,8.5,6.5
2020-12-23,2020,Inner,10,1.0,12721.5,12740.0625,time,4.75,3.75
2020-12-23,2020,Inner,10,2.0,12721.5,12740.0625,time,4.75,2.75
2020-12-23,2020,Inner,15,1.0,12721.5,12740.0625,time,-1.75,-2.75
2020-12-23,2020,Inner,15,2.0,12721.5,12740.0625,time,-1.75,-3.75
2020-12-28,2020,Inner,3,1.0,12818.25,12838.0625,time,0.0,-1.0
2020-12-28,2020,Inner,3,2.0,12818.25,12838.0625,time,0.0,-2.0
2020-12-28,2020,Inner,5,1.0,12818.25,12838.0625,time,-2.0,-3.0
2020-12-28,2020,Inner,5,2.0,12818.25,12838.0625,time,-2.0,-4.0
2020-12-28,2020,Inner,10,1.0,12818.25,12838.0625,time,1.75,0.75
2020-12-28,2020,Inner,10,2.0,12818.25,12838.0625,time,1.75,-0.25
2020-12-28,2020,Inner,15,1.0,12818.25,12838.0625,time,5.0,4.0
2020-12-28,2020,Inner,15,2.0,12818.25,12838.0625,time,5.0,3.0
2021-01-05,2021,Inner,3,1.0,12783.75,12817.1875,time,-3.25,-4.25
2021-01-05,2021,Inner,3,2.0,12783.75,12817.1875,time,-3.25,-5.25
2021-01-05,2021,Inner,5,1.0,12783.75,12817.1875,time,-1.0,-2.0
2021-01-05,2021,Inner,5,2.0,12783.75,12817.1875,time,-1.0,-3.0
2021-01-05,2021,Inner,10,1.0,12783.75,12817.1875,time,-1.75,-2.75
2021-01-05,2021,Inner,10,2.0,12783.75,12817.1875,time,-1.75,-3.75
2021-01-05,2021,Inner,15,1.0,12783.75,12817.1875,time,-0.5,-1.5
2021-01-05,2021,Inner,15,2.0,12783.75,12817.1875,time,-0.5,-2.5
2021-01-06,2021,Inner,3,1.0,12687.5,12727.75,stop,-40.25,-41.25
2021-01-06,2021,Inner,3,2.0,12687.5,12727.75,stop,-40.25,-42.25
2021-01-06,2021,Inner,5,1.0,12687.5,12727.75,stop,-40.25,-41.25
2021-01-06,2021,Inner,5,2.0,12687.5,12727.75,stop,-40.25,-42.25
2021-01-06,2021,Inner,10,1.0,12687.5,12727.75,stop,-40.25,-41.25
2021-01-06,2021,Inner,10,2.0,12687.5,12727.75,stop,-40.25,-42.25
2021-01-06,2021,Inner,15,1.0,12687.5,12727.75,stop,-40.25,-41.25
2021-01-06,2021,Inner,15,2.0,12687.5,12727.75,stop,-40.25,-42.25
2021-01-07,2021,Inner,3,1.0,12877.25,12918.0,time,-3.25,-4.25
2021-01-07,2021,Inner,3,2.0,12877.25,12918.0,time,-3.25,-5.25
2021-01-07,2021,Inner,5,1.0,12877.25,12918.0,time,-5.0,-6.0
2021-01-07,2021,Inner,5,2.0,12877.25,12918.0,time,-5.0,-7.0
2021-01-07,2021,Inner,10,1.0,12877.25,12918.0,time,-19.25,-20.25
2021-01-07,2021,Inner,10,2.0,12877.25,12918.0,time,-19.25,-21.25
2021-01-07,2021,Inner,15,1.0,12877.25,12918.0,time,-20.25,-21.25
2021-01-07,2021,Inner,15,2.0,12877.25,12918.0,time,-20.25,-22.25
2021-01-08,2021,Inner,3,1.0,13045.5,13071.0,time,-1.0,-2.0
2021-01-08,2021,Inner,3,2.0,13045.5,13071.0,time,-1.0,-3.0
2021-01-08,2021,Inner,5,1.0,13045.5,13071.0,time,-1.0,-2.0
2021-01-08,2021,Inner,5,2.0,13045.5,13071.0,time,-1.0,-3.0
2021-01-08,2021,Inner,10,1.0,13045.5,13071.0,time,-4.0,-5.0
2021-01-08,2021,Inner,10,2.0,13045.5,13071.0,time,-4.0,-6.0
2021-01-08,2021,Inner,15,1.0,13045.5,13071.0,time,-11.75,-12.75
2021-01-08,2021,Inner,15,2.0,13045.5,13071.0,time,-11.75,-13.75
2021-01-11,2021,Inner,3,1.0,12993.25,13019.3125,time,1.25,0.25
2021-01-11,2021,Inner,3,2.0,12993.25,13019.3125,time,1.25,-0.75
2021-01-11,2021,Inner,5,1.0,12993.25,13019.3125,time,7.5,6.5
2021-01-11,2021,Inner,5,2.0,12993.25,13019.3125,time,7.5,5.5
2021-01-11,2021,Inner,10,1.0,12993.25,13019.3125,time,37.25,36.25
2021-01-11,2021,Inner,10,2.0,12993.25,13019.3125,time,37.25,35.25
2021-01-11,2021,Inner,15,1.0,12993.25,13019.3125,time,32.25,31.25
2021-01-11,2021,Inner,15,2.0,12993.25,13019.3125,time,32.25,30.25
2021-01-13,2021,Inner,3,1.0,12945.0,12965.25,time,2.75,1.75
2021-01-13,2021,Inner,3,2.0,12945.0,12965.25,time,2.75,0.75
2021-01-13,2021,Inner,5,1.0,12945.0,12965.25,time,-10.0,-11.0
2021-01-13,2021,Inner,5,2.0,12945.0,12965.25,time,-10.0,-12.0
2021-01-13,2021,Inner,10,1.0,12945.0,12965.25,stop,-20.25,-21.25
2021-01-13,2021,Inner,10,2.0,12945.0,12965.25,stop,-20.25,-22.25
2021-01-13,2021,Inner,15,1.0,12945.0,12965.25,stop,-20.25,-21.25
2021-01-13,2021,Inner,15,2.0,12945.0,12965.25,stop,-20.25,-22.25
2021-01-14,2021,Inner,3,1.0,13013.5,13025.0625,time,3.25,2.25
2021-01-14,2021,Inner,3,2.0,13013.5,13025.0625,time,3.25,1.25
2021-01-14,2021,Inner,5,1.0,13013.5,13025.0625,time,4.75,3.75
2021-01-14,2021,Inner,5,2.0,13013.5,13025.0625,time,4.75,2.75
2021-01-14,2021,Inner,10,1.0,13013.5,13025.0625,time,2.0,1.0
2021-01-14,2021,Inner,10,2.0,13013.5,13025.0625,time,2.0,0.0
2021-01-14,2021,Inner,15,1.0,13013.5,13025.0625,time,-4.25,-5.25
2021-01-14,2021,Inner,15,2.0,13013.5,13025.0625,time,-4.25,-6.25
2021-01-20,2021,Inner,3,1.0,13235.75,13265.0,time,-5.0,-6.0
2021-01-20,2021,Inner,3,2.0,13235.75,13265.0,time,-5.0,-7.0
2021-01-20,2021,Inner,5,1.0,13235.75,13265.0,time,1.75,0.75
2021-01-20,2021,Inner,5,2.0,13235.75,13265.0,time,1.75,-0.25
2021-01-20,2021,Inner,10,1.0,13235.75,13265.0,time,4.0,3.0
2021-01-20,2021,Inner,10,2.0,13235.75,13265.0,time,4.0,2.0
2021-01-20,2021,Inner,15,1.0,13235.75,13265.0,time,-1.5,-2.5
2021-01-20,2021,Inner,15,2.0,13235.75,13265.0,time,-1.5,-3.5
2021-01-21,2021,Inner,3,1.0,13374.75,13398.3125,time,-1.0,-2.0
2021-01-21,2021,Inner,3,2.0,13374.75,13398.3125,time,-1.0,-3.0
2021-01-21,2021,Inner,5,1.0,13374.75,13398.3125,time,6.25,5.25
2021-01-21,2021,Inner,5,2.0,13374.75,13398.3125,time,6.25,4.25
2021-01-21,2021,Inner,10,1.0,13374.75,13398.3125,time,-2.5,-3.5
2021-01-21,2021,Inner,10,2.0,13374.75,13398.3125,time,-2.5,-4.5
2021-01-21,2021,Inner,15,1.0,13374.75,13398.3125,time,-1.0,-2.0
2021-01-21,2021,Inner,15,2.0,13374.75,13398.3125,time,-1.0,-3.0
2021-01-26,2021,Inner,3,1.0,13507.75,13528.375,time,1.5,0.5
2021-01-26,2021,Inner,3,2.0,13507.75,13528.375,time,1.5,-0.5
2021-01-26,2021,Inner,5,1.0,13507.75,13528.375,time,-1.5,-2.5
2021-01-26,2021,Inner,5,2.0,13507.75,13528.375,time,-1.5,-3.5
2021-01-26,2021,Inner,10,1.0,13507.75,13528.375,time,-6.5,-7.5
2021-01-26,2021,Inner,10,2.0,13507.75,13528.375,time,-6.5,-8.5
2021-01-26,2021,Inner,15,1.0,13507.75,13528.375,stop,-20.625,-21.625
2021-01-26,2021,Inner,15,2.0,13507.75,13528.375,stop,-20.625,-22.625
2021-01-28,2021,Inner,3,1.0,13274.25,13311.9375,time,-14.5,-15.5
2021-01-28,2021,Inner,3,2.0,13274.25,13311.9375,time,-14.5,-16.5
2021-01-28,2021,Inner,5,1.0,13274.25,13311.9375,time,-1.25,-2.25
2021-01-28,2021,Inner,5,2.0,13274.25,13311.9375,time,-1.25,-3.25
2021-01-28,2021,Inner,10,1.0,13274.25,13311.9375,time,0.75,-0.25
2021-01-28,2021,Inner,10,2.0,13274.25,13311.9375,time,0.75,-1.25
2021-01-28,2021,Inner,15,1.0,13274.25,13311.9375,time,2.25,1.25
2021-01-28,2021,Inner,15,2.0,13274.25,13311.9375,time,2.25,0.25
2021-02-01,2021,Inner,3,1.0,13069.5,13102.9375,time,10.25,9.25
2021-02-01,2021,Inner,3,2.0,13069.5,13102.9375,time,10.25,8.25
2021-02-01,2021,Inner,5,1.0,13069.5,13102.9375,time,-3.5,-4.5
2021-02-01,2021,Inner,5,2.0,13069.5,13102.9375,time,-3.5,-5.5
2021-02-01,2021,Inner,10,1.0,13069.5,13102.9375,time,3.75,2.75
2021-02-01,2021,Inner,10,2.0,13069.5,13102.9375,time,3.75,1.75
2021-02-01,2021,Inner,15,1.0,13069.5,13102.9375,time,-27.5,-28.5
2021-02-01,2021,Inner,15,2.0,13069.5,13102.9375,time,-27.5,-29.5
2021-02-02,2021,Inner,3,1.0,13434.25,13457.375,time,2.75,1.75
2021-02-02,2021,Inner,3,2.0,13434.25,13457.375,time,2.75,0.75
2021-02-02,2021,Inner,5,1.0,13434.25,13457.375,time,-1.75,-2.75
2021-02-02,2021,Inner,5,2.0,13434.25,13457.375,time,-1.75,-3.75
2021-02-02,2021,Inner,10,1.0,13434.25,13457.375,time,-6.5,-7.5
2021-02-02,2021,Inner,10,2.0,13434.25,13457.375,time,-6.5,-8.5
2021-02-02,2021,Inner,15,1.0,13434.25,13457.375,stop,-23.125,-24.125
2021-02-02,2021,Inner,15,2.0,13434.25,13457.375,stop,-23.125,-25.125
2021-02-05,2021,Inner,3,1.0,13592.25,13610.6875,time,-1.0,-2.0
2021-02-05,2021,Inner,3,2.0,13592.25,13610.6875,time,-1.0,-3.0
2021-02-05,2021,Inner,5,1.0,13592.25,13610.6875,time,4.0,3.0
2021-02-05,2021,Inner,5,2.0,13592.25,13610.6875,time,4.0,2.0
2021-02-05,2021,Inner,10,1.0,13592.25,13610.6875,time,2.75,1.75
2021-02-05,2021,Inner,10,2.0,13592.25,13610.6875,time,2.75,0.75
2021-02-05,2021,Inner,15,1.0,13592.25,13610.6875,time,-2.5,-3.5
2021-02-05,2021,Inner,15,2.0,13592.25,13610.6875,time,-2.5,-4.5
2021-02-23,2021,Inner,3,1.0,13026.5,13094.1875,time,37.5,36.5
2021-02-23,2021,Inner,3,2.0,13026.5,13094.1875,time,37.5,35.5
2021-02-23,2021,Inner,5,1.0,13026.5,13094.1875,time,39.25,38.25
2021-02-23,2021,Inner,5,2.0,13026.5,13094.1875,time,39.25,37.25
2021-02-23,2021,Inner,10,1.0,13026.5,13094.1875,time,52.25,51.25
2021-02-23,2021,Inner,10,2.0,13026.5,13094.1875,time,52.25,50.25
2021-02-23,2021,Inner,15,1.0,13026.5,13094.1875,time,21.25,20.25
2021-02-23,2021,Inner,15,2.0,13026.5,13094.1875,time,21.25,19.25
2021-02-26,2021,Inner,3,1.0,13026.0,13096.0,time,8.75,7.75
2021-02-26,2021,Inner,3,2.0,13026.0,13096.0,time,8.75,6.75
2021-02-26,2021,Inner,5,1.0,13026.0,13096.0,time,2.75,1.75
2021-02-26,2021,Inner,5,2.0,13026.0,13096.0,time,2.75,0.75
2021-02-26,2021,Inner,10,1.0,13026.0,13096.0,time,1.75,0.75
2021-02-26,2021,Inner,10,2.0,13026.0,13096.0,time,1.75,-0.25
2021-02-26,2021,Inner,15,1.0,13026.0,13096.0,time,-6.5,-7.5
2021-02-26,2021,Inner,15,2.0,13026.0,13096.0,time,-6.5,-8.5
2021-03-04,2021,Inner,3,1.0,12740.25,12804.3125,time,-20.75,-21.75
2021-03-04,2021,Inner,3,2.0,12740.25,12804.3125,time,-20.75,-22.75
2021-03-04,2021,Inner,5,1.0,12740.25,12804.3125,time,-38.5,-39.5
2021-03-04,2021,Inner,5,2.0,12740.25,12804.3125,time,-38.5,-40.5
2021-03-04,2021,Inner,10,1.0,12740.25,12804.3125,time,-30.0,-31.0
2021-03-04,2021,Inner,10,2.0,12740.25,12804.3125,time,-30.0,-32.0
2021-03-04,2021,Inner,15,1.0,12740.25,12804.3125,time,54.5,53.5
2021-03-04,2021,Inner,15,2.0,12740.25,12804.3125,time,54.5,52.5
2021-03-12,2021,Inner,3,1.0,12885.75,12918.5625,time,-5.0,-6.0
2021-03-12,2021,Inner,3,2.0,12885.75,12918.5625,time,-5.0,-7.0
2021-03-12,2021,Inner,5,1.0,12885.75,12918.5625,time,4.75,3.75
2021-03-12,2021,Inner,5,2.0,12885.75,12918.5625,time,4.75,2.75
2021-03-12,2021,Inner,10,1.0,12885.75,12918.5625,time,14.5,13.5
2021-03-12,2021,Inner,10,2.0,12885.75,12918.5625,time,14.5,12.5
2021-03-12,2021,Inner,15,1.0,12885.75,12918.5625,time,11.75,10.75
2021-03-12,2021,Inner,15,2.0,12885.75,12918.5625,time,11.75,9.75
2021-03-15,2021,Inner,3,1.0,12987.25,13012.1875,time,-6.0,-7.0
2021-03-15,2021,Inner,3,2.0,12987.25,13012.1875,time,-6.0,-8.0
2021-03-15,2021,Inner,5,1.0,12987.25,13012.1875,time,-7.0,-8.0
2021-03-15,2021,Inner,5,2.0,12987.25,13012.1875,time,-7.0,-9.0
2021-03-15,2021,Inner,10,1.0,12987.25,13012.1875,time,-20.0,-21.0
2021-03-15,2021,Inner,10,2.0,12987.25,13012.1875,time,-20.0,-22.0
2021-03-15,2021,Inner,15,1.0,12987.25,13012.1875,stop,-24.9375,-25.9375
2021-03-15,2021,Inner,15,2.0,12987.25,13012.1875,stop,-24.9375,-26.9375
2021-03-16,2021,Inner,3,1.0,13258.25,13289.9375,time,-4.5,-5.5
2021-03-16,2021,Inner,3,2.0,13258.25,13289.9375,time,-4.5,-6.5
2021-03-16,2021,Inner,5,1.0,13258.25,13289.9375,time,-2.5,-3.5
2021-03-16,2021,Inner,5,2.0,13258.25,13289.9375,time,-2.5,-4.5
2021-03-16,2021,Inner,10,1.0,13258.25,13289.9375,time,1.75,0.75
2021-03-16,2021,Inner,10,2.0,13258.25,13289.9375,time,1.75,-0.25
2021-03-16,2021,Inner,15,1.0,13258.25,13289.9375,time,6.5,5.5
2021-03-16,2021,Inner,15,2.0,13258.25,13289.9375,time,6.5,4.5
2021-03-19,2021,Inner,3,1.0,12825.5,12864.4375,time,0.5,-0.5
2021-03-19,2021,Inner,3,2.0,12825.5,12864.4375,time,0.5,-1.5
2021-03-19,2021,Inner,5,1.0,12825.5,12864.4375,time,2.0,1.0
2021-03-19,2021,Inner,5,2.0,12825.5,12864.4375,time,2.0,0.0
2021-03-19,2021,Inner,10,1.0,12825.5,12864.4375,time,10.0,9.0
2021-03-19,2021,Inner,10,2.0,12825.5,12864.4375,time,10.0,8.0
2021-03-19,2021,Inner,15,1.0,12825.5,12864.4375,time,37.5,36.5
2021-03-19,2021,Inner,15,2.0,12825.5,12864.4375,time,37.5,35.5
2021-03-23,2021,Inner,3,1.0,13116.25,13137.25,time,10.5,9.5
2021-03-23,2021,Inner,3,2.0,13116.25,13137.25,time,10.5,8.5
2021-03-23,2021,Inner,5,1.0,13116.25,13137.25,time,3.25,2.25
2021-03-23,2021,Inner,5,2.0,13116.25,13137.25,time,3.25,1.25
2021-03-23,2021,Inner,10,1.0,13116.25,13137.25,time,2.25,1.25
2021-03-23,2021,Inner,10,2.0,13116.25,13137.25,time,2.25,0.25
2021-03-23,2021,Inner,15,1.0,13116.25,13137.25,time,11.25,10.25
2021-03-23,2021,Inner,15,2.0,13116.25,13137.25,time,11.25,9.25
2021-03-26,2021,Inner,3,1.0,12833.5,12859.0,time,8.5,7.5
2021-03-26,2021,Inner,3,2.0,12833.5,12859.0,time,8.5,6.5
2021-03-26,2021,Inner,5,1.0,12833.5,12859.0,time,16.75,15.75
2021-03-26,2021,Inner,5,2.0,12833.5,12859.0,time,16.75,14.75
2021-03-26,2021,Inner,10,1.0,12833.5,12859.0,time,17.75,16.75
2021-03-26,2021,Inner,10,2.0,12833.5,12859.0,time,17.75,15.75
2021-03-26,2021,Inner,15,1.0,12833.5,12859.0,time,14.25,13.25
2021-03-26,2021,Inner,15,2.0,12833.5,12859.0,time,14.25,12.25
2021-03-29,2021,Inner,3,1.0,12962.75,13003.375,time,-13.25,-14.25
2021-03-29,2021,Inner,3,2.0,12962.75,13003.375,time,-13.25,-15.25
2021-03-29,2021,Inner,5,1.0,12962.75,13003.375,time,-36.0,-37.0
2021-03-29,2021,Inner,5,2.0,12962.75,13003.375,time,-36.0,-38.0
2021-03-29,2021,Inner,10,1.0,12962.75,13003.375,time,-11.75,-12.75
2021-03-29,2021,Inner,10,2.0,12962.75,13003.375,time,-11.75,-13.75
2021-03-29,2021,Inner,15,1.0,12962.75,13003.375,time,-7.5,-8.5
2021-03-29,2021,Inner,15,2.0,12962.75,13003.375,time,-7.5,-9.5
2021-03-30,2021,Inner,3,1.0,12877.0,12904.9375,time,11.5,10.5
2021-03-30,2021,Inner,3,2.0,12877.0,12904.9375,time,11.5,9.5
2021-03-30,2021,Inner,5,1.0,12877.0,12904.9375,time,15.5,14.5
2021-03-30,2021,Inner,5,2.0,12877.0,12904.9375,time,15.5,13.5
2021-03-30,2021,Inner,10,1.0,12877.0,12904.9375,time,17.75,16.75
2021-03-30,2021,Inner,10,2.0,12877.0,12904.9375,time,17.75,15.75
2021-03-30,2021,Inner,15,1.0,12877.0,12904.9375,time,17.5,16.5
2021-03-30,2021,Inner,15,2.0,12877.0,12904.9375,time,17.5,15.5
2021-03-31,2021,Inner,3,1.0,13101.75,13138.9375,time,-7.0,-8.0
2021-03-31,2021,Inner,3,2.0,13101.75,13138.9375,time,-7.0,-9.0
2021-03-31,2021,Inner,5,1.0,13101.75,13138.9375,time,-5.25,-6.25
2021-03-31,2021,Inner,5,2.0,13101.75,13138.9375,time,-5.25,-7.25
2021-03-31,2021,Inner,10,1.0,13101.75,13138.9375,time,0.75,-0.25
2021-03-31,2021,Inner,10,2.0,13101.75,13138.9375,time,0.75,-1.25
2021-03-31,2021,Inner,15,1.0,13101.75,13138.9375,time,1.25,0.25
2021-03-31,2021,Inner,15,2.0,13101.75,13138.9375,time,1.25,-0.75
2021-04-05,2021,Inner,3,1.0,13515.75,13542.8125,time,4.0,3.0
2021-04-05,2021,Inner,3,2.0,13515.75,13542.8125,time,4.0,2.0
2021-04-05,2021,Inner,5,1.0,13515.75,13542.8125,time,-4.75,-5.75
2021-04-05,2021,Inner,5,2.0,13515.75,13542.8125,time,-4.75,-6.75
2021-04-05,2021,Inner,10,1.0,13515.75,13542.8125,time,-1.0,-2.0
2021-04-05,2021,Inner,10,2.0,13515.75,13542.8125,time,-1.0,-3.0
2021-04-05,2021,Inner,15,1.0,13515.75,13542.8125,time,-8.25,-9.25
2021-04-05,2021,Inner,15,2.0,13515.75,13542.8125,time,-8.25,-10.25
2021-04-06,2021,Inner,3,1.0,13599.0,13617.5,time,10.25,9.25
2021-04-06,2021,Inner,3,2.0,13599.0,13617.5,time,10.25,8.25
2021-04-06,2021,Inner,5,1.0,13599.0,13617.5,time,17.25,16.25
2021-04-06,2021,Inner,5,2.0,13599.0,13617.5,time,17.25,15.25
2021-04-06,2021,Inner,10,1.0,13599.0,13617.5,time,11.0,10.0
2021-04-06,2021,Inner,10,2.0,13599.0,13617.5,time,11.0,9.0
2021-04-06,2021,Inner,15,1.0,13599.0,13617.5,time,26.25,25.25
2021-04-06,2021,Inner,15,2.0,13599.0,13617.5,time,26.25,24.25
2021-04-07,2021,Inner,3,1.0,13611.25,13637.375,time,9.75,8.75
2021-04-07,2021,Inner,3,2.0,13611.25,13637.375,time,9.75,7.75
2021-04-07,2021,Inner,5,1.0,13611.25,13637.375,time,16.5,15.5
2021-04-07,2021,Inner,5,2.0,13611.25,13637.375,time,16.5,14.5
2021-04-07,2021,Inner,10,1.0,13611.25,13637.375,time,20.75,19.75
2021-04-07,2021,Inner,10,2.0,13611.25,13637.375,time,20.75,18.75
2021-04-07,2021,Inner,15,1.0,13611.25,13637.375,time,41.0,40.0
2021-04-07,2021,Inner,15,2.0,13611.25,13637.375,time,41.0,39.0
2021-04-12,2021,Inner,3,1.0,13807.0,13823.75,time,-2.75,-3.75
2021-04-12,2021,Inner,3,2.0,13807.0,13823.75,time,-2.75,-4.75
2021-04-12,2021,Inner,5,1.0,13807.0,13823.75,time,-4.75,-5.75
2021-04-12,2021,Inner,5,2.0,13807.0,13823.75,time,-4.75,-6.75
2021-04-12,2021,Inner,10,1.0,13807.0,13823.75,time,0.25,-0.75
2021-04-12,2021,Inner,10,2.0,13807.0,13823.75,time,0.25,-1.75
2021-04-12,2021,Inner,15,1.0,13807.0,13823.75,time,-4.25,-5.25
2021-04-12,2021,Inner,15,2.0,13807.0,13823.75,time,-4.25,-6.25
2021-04-15,2021,Inner,3,1.0,13986.5,14003.0625,time,5.0,4.0
2021-04-15,2021,Inner,3,2.0,13986.5,14003.0625,time,5.0,3.0
2021-04-15,2021,Inner,5,1.0,13986.5,14003.0625,time,-2.25,-3.25
2021-04-15,2021,Inner,5,2.0,13986.5,14003.0625,time,-2.25,-4.25
2021-04-15,2021,Inner,10,1.0,13986.5,14003.0625,time,4.75,3.75
2021-04-15,2021,Inner,10,2.0,13986.5,14003.0625,time,4.75,2.75
2021-04-15,2021,Inner,15,1.0,13986.5,14003.0625,stop,-16.5625,-17.5625
2021-04-15,2021,Inner,15,2.0,13986.5,14003.0625,stop,-16.5625,-18.5625
2021-04-22,2021,Inner,3,1.0,13912.75,13928.75,time,-5.75,-6.75
2021-04-22,2021,Inner,3,2.0,13912.75,13928.75,time,-5.75,-7.75
2021-04-22,2021,Inner,5,1.0,13912.75,13928.75,time,-7.5,-8.5
2021-04-22,2021,Inner,5,2.0,13912.75,13928.75,time,-7.5,-9.5
2021-04-22,2021,Inner,10,1.0,13912.75,13928.75,time,0.75,-0.25
2021-04-22,2021,Inner,10,2.0,13912.75,13928.75,time,0.75,-1.25
2021-04-22,2021,Inner,15,1.0,13912.75,13928.75,time,4.75,3.75
2021-04-22,2021,Inner,15,2.0,13912.75,13928.75,time,4.75,2.75
2021-04-23,2021,Inner,3,1.0,13850.75,13870.0,time,-16.5,-17.5
2021-04-23,2021,Inner,3,2.0,13850.75,13870.0,time,-16.5,-18.5
2021-04-23,2021,Inner,5,1.0,13850.75,13870.0,time,-6.25,-7.25
2021-04-23,2021,Inner,5,2.0,13850.75,13870.0,time,-6.25,-8.25
2021-04-23,2021,Inner,10,1.0,13850.75,13870.0,time,-11.25,-12.25
2021-04-23,2021,Inner,10,2.0,13850.75,13870.0,time,-11.25,-13.25
2021-04-23,2021,Inner,15,1.0,13850.75,13870.0,stop,-19.25,-20.25
2021-04-23,2021,Inner,15,2.0,13850.75,13870.0,stop,-19.25,-21.25
2021-04-26,2021,Inner,3,1.0,13962.25,13978.375,time,0.5,-0.5
2021-04-26,2021,Inner,3,2.0,13962.25,13978.375,time,0.5,-1.5
2021-04-26,2021,Inner,5,1.0,13962.25,13978.375,time,2.5,1.5
2021-04-26,2021,Inner,5,2.0,13962.25,13978.375,time,2.5,0.5
2021-04-26,2021,Inner,10,1.0,13962.25,13978.375,stop,-16.125,-17.125
2021-04-26,2021,Inner,10,2.0,13962.25,13978.375,stop,-16.125,-18.125
2021-04-26,2021,Inner,15,1.0,13962.25,13978.375,stop,-16.125,-17.125
2021-04-26,2021,Inner,15,2.0,13962.25,13978.375,stop,-16.125,-18.125
2021-05-06,2021,Inner,3,1.0,13495.25,13525.3125,time,0.25,-0.75
2021-05-06,2021,Inner,3,2.0,13495.25,13525.3125,time,0.25,-1.75
2021-05-06,2021,Inner,5,1.0,13495.25,13525.3125,time,2.75,1.75
2021-05-06,2021,Inner,5,2.0,13495.25,13525.3125,time,2.75,0.75
2021-05-06,2021,Inner,10,1.0,13495.25,13525.3125,time,-9.25,-10.25
2021-05-06,2021,Inner,10,2.0,13495.25,13525.3125,time,-9.25,-11.25
2021-05-06,2021,Inner,15,1.0,13495.25,13525.3125,time,-16.75,-17.75
2021-05-06,2021,Inner,15,2.0,13495.25,13525.3125,time,-16.75,-18.75
2021-05-11,2021,Inner,3,1.0,13277.75,13326.3125,time,0.0,-1.0
2021-05-11,2021,Inner,3,2.0,13277.75,13326.3125,time,0.0,-2.0
2021-05-11,2021,Inner,5,1.0,13277.75,13326.3125,time,-13.0,-14.0
2021-05-11,2021,Inner,5,2.0,13277.75,13326.3125,time,-13.0,-15.0
2021-05-11,2021,Inner,10,1.0,13277.75,13326.3125,time,-34.25,-35.25
2021-05-11,2021,Inner,10,2.0,13277.75,13326.3125,time,-34.25,-36.25
2021-05-11,2021,Inner,15,1.0,13277.75,13326.3125,time,-29.5,-30.5
2021-05-11,2021,Inner,15,2.0,13277.75,13326.3125,time,-29.5,-31.5
2021-05-14,2021,Inner,3,1.0,13305.25,13330.3125,time,8.75,7.75
2021-05-14,2021,Inner,3,2.0,13305.25,13330.3125,time,8.75,6.75
2021-05-14,2021,Inner,5,1.0,13305.25,13330.3125,time,14.75,13.75
2021-05-14,2021,Inner,5,2.0,13305.25,13330.3125,time,14.75,12.75
2021-05-14,2021,Inner,10,1.0,13305.25,13330.3125,time,-13.5,-14.5
2021-05-14,2021,Inner,10,2.0,13305.25,13330.3125,time,-13.5,-15.5
2021-05-14,2021,Inner,15,1.0,13305.25,13330.3125,time,-11.75,-12.75
2021-05-14,2021,Inner,15,2.0,13305.25,13330.3125,time,-11.75,-13.75
2021-05-18,2021,Inner,3,1.0,13373.25,13393.875,time,-3.25,-4.25
2021-05-18,2021,Inner,3,2.0,13373.25,13393.875,time,-3.25,-5.25
2021-05-18,2021,Inner,5,1.0,13373.25,13393.875,time,-17.5,-18.5
2021-05-18,2021,Inner,5,2.0,13373.25,13393.875,time,-17.5,-19.5
2021-05-18,2021,Inner,10,1.0,13373.25,13393.875,stop,-20.625,-21.625
2021-05-18,2021,Inner,10,2.0,13373.25,13393.875,stop,-20.625,-22.625
2021-05-18,2021,Inner,15,1.0,13373.25,13393.875,stop,-20.625,-21.625
2021-05-18,2021,Inner,15,2.0,13373.25,13393.875,stop,-20.625,-22.625
2021-05-19,2021,Inner,3,1.0,13094.75,13127.0625,time,8.0,7.0
2021-05-19,2021,Inner,3,2.0,13094.75,13127.0625,time,8.0,6.0
2021-05-19,2021,Inner,5,1.0,13094.75,13127.0625,time,18.75,17.75
2021-05-19,2021,Inner,5,2.0,13094.75,13127.0625,time,18.75,16.75
2021-05-19,2021,Inner,10,1.0,13094.75,13127.0625,stop,-32.3125,-33.3125
2021-05-19,2021,Inner,10,2.0,13094.75,13127.0625,stop,-32.3125,-34.3125
2021-05-19,2021,Inner,15,1.0,13094.75,13127.0625,stop,-32.3125,-33.3125
2021-05-19,2021,Inner,15,2.0,13094.75,13127.0625,stop,-32.3125,-34.3125
2021-05-20,2021,Inner,3,1.0,13419.75,13454.9375,time,-2.5,-3.5
2021-05-20,2021,Inner,3,2.0,13419.75,13454.9375,time,-2.5,-4.5
2021-05-20,2021,Inner,5,1.0,13419.75,13454.9375,time,-10.5,-11.5
2021-05-20,2021,Inner,5,2.0,13419.75,13454.9375,time,-10.5,-12.5
2021-05-20,2021,Inner,10,1.0,13419.75,13454.9375,time,-18.25,-19.25
2021-05-20,2021,Inner,10,2.0,13419.75,13454.9375,time,-18.25,-20.25
2021-05-20,2021,Inner,15,1.0,13419.75,13454.9375,time,-16.0,-17.0
2021-05-20,2021,Inner,15,2.0,13419.75,13454.9375,time,-16.0,-18.0
2021-05-24,2021,Inner,3,1.0,13633.75,13669.9375,time,-6.0,-7.0
2021-05-24,2021,Inner,3,2.0,13633.75,13669.9375,time,-6.0,-8.0
2021-05-24,2021,Inner,5,1.0,13633.75,13669.9375,time,-5.75,-6.75
2021-05-24,2021,Inner,5,2.0,13633.75,13669.9375,time,-5.75,-7.75
2021-05-24,2021,Inner,10,1.0,13633.75,13669.9375,time,-3.25,-4.25
2021-05-24,2021,Inner,10,2.0,13633.75,13669.9375,time,-3.25,-5.25
2021-05-24,2021,Inner,15,1.0,13633.75,13669.9375,time,-1.75,-2.75
2021-05-24,2021,Inner,15,2.0,13633.75,13669.9375,time,-1.75,-3.75
2021-05-26,2021,Inner,3,1.0,13700.25,13713.4375,time,-2.25,-3.25
2021-05-26,2021,Inner,3,2.0,13700.25,13713.4375,time,-2.25,-4.25
2021-05-26,2021,Inner,5,1.0,13700.25,13713.4375,time,0.0,-1.0
2021-05-26,2021,Inner,5,2.0,13700.25,13713.4375,time,0.0,-2.0
2021-05-26,2021,Inner,10,1.0,13700.25,13713.4375,time,15.75,14.75
2021-05-26,2021,Inner,10,2.0,13700.25,13713.4375,time,15.75,13.75
2021-05-26,2021,Inner,15,1.0,13700.25,13713.4375,time,9.75,8.75
2021-05-26,2021,Inner,15,2.0,13700.25,13713.4375,time,9.75,7.75
2021-05-27,2021,Inner,3,1.0,13684.25,13698.8125,time,-2.75,-3.75
2021-05-27,2021,Inner,3,2.0,13684.25,13698.8125,time,-2.75,-4.75
2021-05-27,2021,Inner,5,1.0,13684.25,13698.8125,time,1.0,0.0
2021-05-27,2021,Inner,5,2.0,13684.25,13698.8125,time,1.0,-1.0
2021-05-27,2021,Inner,10,1.0,13684.25,13698.8125,time,3.25,2.25
2021-05-27,2021,Inner,10,2.0,13684.25,13698.8125,time,3.25,1.25
2021-05-27,2021,Inner,15,1.0,13684.25,13698.8125,stop,-14.5625,-15.5625
2021-05-27,2021,Inner,15,2.0,13684.25,13698.8125,stop,-14.5625,-16.5625
2021-05-28,2021,Inner,3,1.0,13732.5,13743.8125,time,0.25,-0.75
2021-05-28,2021,Inner,3,2.0,13732.5,13743.8125,time,0.25,-1.75
2021-05-28,2021,Inner,5,1.0,13732.5,13743.8125,time,8.75,7.75
2021-05-28,2021,Inner,5,2.0,13732.5,13743.8125,time,8.75,6.75
2021-05-28,2021,Inner,10,1.0,13732.5,13743.8125,time,0.0,-1.0
2021-05-28,2021,Inner,10,2.0,13732.5,13743.8125,time,0.0,-2.0
2021-05-28,2021,Inner,15,1.0,13732.5,13743.8125,time,11.5,10.5
2021-05-28,2021,Inner,15,2.0,13732.5,13743.8125,time,11.5,9.5
2021-06-03,2021,Inner,3,1.0,13568.75,13595.625,time,9.25,8.25
2021-06-03,2021,Inner,3,2.0,13568.75,13595.625,time,9.25,7.25
2021-06-03,2021,Inner,5,1.0,13568.75,13595.625,time,4.25,3.25
2021-06-03,2021,Inner,5,2.0,13568.75,13595.625,time,4.25,2.25
2021-06-03,2021,Inner,10,1.0,13568.75,13595.625,time,0.5,-0.5
2021-06-03,2021,Inner,10,2.0,13568.75,13595.625,time,0.5,-1.5
2021-06-03,2021,Inner,15,1.0,13568.75,13595.625,time,21.5,20.5
2021-06-03,2021,Inner,15,2.0,13568.75,13595.625,time,21.5,19.5
2021-06-04,2021,Inner,3,1.0,13748.0,13784.3125,time,-2.75,-3.75
2021-06-04,2021,Inner,3,2.0,13748.0,13784.3125,time,-2.75,-4.75
2021-06-04,2021,Inner,5,1.0,13748.0,13784.3125,time,-7.0,-8.0
2021-06-04,2021,Inner,5,2.0,13748.0,13784.3125,time,-7.0,-9.0
2021-06-04,2021,Inner,10,1.0,13748.0,13784.3125,time,-14.75,-15.75
2021-06-04,2021,Inner,10,2.0,13748.0,13784.3125,time,-14.75,-16.75
2021-06-04,2021,Inner,15,1.0,13748.0,13784.3125,time,-10.25,-11.25
2021-06-04,2021,Inner,15,2.0,13748.0,13784.3125,time,-10.25,-12.25
2021-06-14,2021,Inner,3,1.0,14035.25,14055.375,time,-1.5,-2.5
2021-06-14,2021,Inner,3,2.0,14035.25,14055.375,time,-1.5,-3.5
2021-06-14,2021,Inner,5,1.0,14035.25,14055.375,time,1.0,0.0
2021-06-14,2021,Inner,5,2.0,14035.25,14055.375,time,1.0,-1.0
2021-06-14,2021,Inner,10,1.0,14035.25,14055.375,time,-1.75,-2.75
2021-06-14,2021,Inner,10,2.0,14035.25,14055.375,time,-1.75,-3.75
2021-06-14,2021,Inner,15,1.0,14035.25,14055.375,time,-0.75,-1.75
2021-06-14,2021,Inner,15,2.0,14035.25,14055.375,time,-0.75,-2.75
2021-06-17,2021,Inner,3,1.0,14077.75,14118.875,time,-0.5,-1.5
2021-06-17,2021,Inner,3,2.0,14077.75,14118.875,time,-0.5,-2.5
2021-06-17,2021,Inner,5,1.0,14077.75,14118.875,time,3.25,2.25
2021-06-17,2021,Inner,5,2.0,14077.75,14118.875,time,3.25,1.25
2021-06-17,2021,Inner,10,1.0,14077.75,14118.875,time,-6.75,-7.75
2021-06-17,2021,Inner,10,2.0,14077.75,14118.875,time,-6.75,-8.75
2021-06-17,2021,Inner,15,1.0,14077.75,14118.875,time,-29.75,-30.75
2021-06-17,2021,Inner,15,2.0,14077.75,14118.875,time,-29.75,-31.75
2021-06-24,2021,Inner,3,1.0,14398.75,14413.625,time,1.75,0.75
2021-06-24,2021,Inner,3,2.0,14398.75,14413.625,time,1.75,-0.25
2021-06-24,2021,Inner,5,1.0,14398.75,14413.625,time,3.75,2.75
2021-06-24,2021,Inner,5,2.0,14398.75,14413.625,time,3.75,1.75
2021-06-24,2021,Inner,10,1.0,14398.75,14413.625,time,10.0,9.0
2021-06-24,2021,Inner,10,2.0,14398.75,14413.625,time,10.0,8.0
2021-06-24,2021,Inner,15,1.0,14398.75,14413.625,time,5.0,4.0
2021-06-24,2021,Inner,15,2.0,14398.75,14413.625,time,5.0,3.0
2021-06-28,2021,Inner,3,1.0,14478.25,14501.0625,time,1.5,0.5
2021-06-28,2021,Inner,3,2.0,14478.25,14501.0625,time,1.5,-0.5
2021-06-28,2021,Inner,5,1.0,14478.25,14501.0625,time,1.5,0.5
2021-06-28,2021,Inner,5,2.0,14478.25,14501.0625,time,1.5,-0.5
2021-06-28,2021,Inner,10,1.0,14478.25,14501.0625,time,4.5,3.5
2021-06-28,2021,Inner,10,2.0,14478.25,14501.0625,time,4.5,2.5
2021-06-28,2021,Inner,15,1.0,14478.25,14501.0625,time,4.0,3.0
2021-06-28,2021,Inner,15,2.0,14478.25,14501.0625,time,4.0,2.0
2021-07-02,2021,Inner,3,1.0,14664.25,14675.75,time,2.0,1.0
2021-07-02,2021,Inner,3,2.0,14664.25,14675.75,time,2.0,0.0
2021-07-02,2021,Inner,5,1.0,14664.25,14675.75,time,3.0,2.0
2021-07-02,2021,Inner,5,2.0,14664.25,14675.75,time,3.0,1.0
2021-07-02,2021,Inner,10,1.0,14664.25,14675.75,time,0.0,-1.0
2021-07-02,2021,Inner,10,2.0,14664.25,14675.75,time,0.0,-2.0
2021-07-02,2021,Inner,15,1.0,14664.25,14675.75,time,-2.75,-3.75
2021-07-02,2021,Inner,15,2.0,14664.25,14675.75,time,-2.75,-4.75
2021-07-13,2021,Inner,3,1.0,14948.0,14976.3125,time,-8.0,-9.0
2021-07-13,2021,Inner,3,2.0,14948.0,14976.3125,time,-8.0,-10.0
2021-07-13,2021,Inner,5,1.0,14948.0,14976.3125,time,-11.25,-12.25
2021-07-13,2021,Inner,5,2.0,14948.0,14976.3125,time,-11.25,-13.25
2021-07-13,2021,Inner,10,1.0,14948.0,14976.3125,time,-8.25,-9.25
2021-07-13,2021,Inner,10,2.0,14948.0,14976.3125,time,-8.25,-10.25
2021-07-13,2021,Inner,15,1.0,14948.0,14976.3125,time,-2.0,-3.0
2021-07-13,2021,Inner,15,2.0,14948.0,14976.3125,time,-2.0,-4.0
2021-07-21,2021,Inner,3,1.0,14758.5,14777.375,time,-2.5,-3.5
2021-07-21,2021,Inner,3,2.0,14758.5,14777.375,time,-2.5,-4.5
2021-07-21,2021,Inner,5,1.0,14758.5,14777.375,time,-4.5,-5.5
2021-07-21,2021,Inner,5,2.0,14758.5,14777.375,time,-4.5,-6.5
2021-07-21,2021,Inner,10,1.0,14758.5,14777.375,time,-4.0,-5.0
2021-07-21,2021,Inner,10,2.0,14758.5,14777.375,time,-4.0,-6.0
2021-07-21,2021,Inner,15,1.0,14758.5,14777.375,stop,-18.875,-19.875
2021-07-21,2021,Inner,15,2.0,14758.5,14777.375,stop,-18.875,-20.875
2021-07-22,2021,Inner,3,1.0,14901.5,14918.75,time,8.75,7.75
2021-07-22,2021,Inner,3,2.0,14901.5,14918.75,time,8.75,6.75
2021-07-22,2021,Inner,5,1.0,14901.5,14918.75,time,9.25,8.25
2021-07-22,2021,Inner,5,2.0,14901.5,14918.75,time,9.25,7.25
2021-07-22,2021,Inner,10,1.0,14901.5,14918.75,time,12.5,11.5
2021-07-22,2021,Inner,10,2.0,14901.5,14918.75,time,12.5,10.5
2021-07-22,2021,Inner,15,1.0,14901.5,14918.75,time,3.75,2.75
2021-07-22,2021,Inner,15,2.0,14901.5,14918.75,time,3.75,1.75
2021-07-23,2021,Inner,3,1.0,15003.25,15020.875,time,0.25,-0.75
2021-07-23,2021,Inner,3,2.0,15003.25,15020.875,time,0.25,-1.75
2021-07-23,2021,Inner,5,1.0,15003.25,15020.875,time,4.25,3.25
2021-07-23,2021,Inner,5,2.0,15003.25,15020.875,time,4.25,2.25
2021-07-23,2021,Inner,10,1.0,15003.25,15020.875,time,-15.25,-16.25
2021-07-23,2021,Inner,10,2.0,15003.25,15020.875,time,-15.25,-17.25
2021-07-23,2021,Inner,15,1.0,15003.25,15020.875,time,-12.5,-13.5
2021-07-23,2021,Inner,15,2.0,15003.25,15020.875,time,-12.5,-14.5
2021-07-26,2021,Inner,3,1.0,15096.25,15115.5,time,9.0,8.0
2021-07-26,2021,Inner,3,2.0,15096.25,15115.5,time,9.0,7.0
2021-07-26,2021,Inner,5,1.0,15096.25,15115.5,time,9.0,8.0
2021-07-26,2021,Inner,5,2.0,15096.25,15115.5,time,9.0,7.0
2021-07-26,2021,Inner,10,1.0,15096.25,15115.5,time,8.75,7.75
2021-07-26,2021,Inner,10,2.0,15096.25,15115.5,time,8.75,6.75
2021-07-26,2021,Inner,15,1.0,15096.25,15115.5,time,4.25,3.25
2021-07-26,2021,Inner,15,2.0,15096.25,15115.5,time,4.25,2.25
2021-08-03,2021,Inner,3,1.0,15002.25,15038.8125,time,1.75,0.75
2021-08-03,2021,Inner,3,2.0,15002.25,15038.8125,time,1.75,-0.25
2021-08-03,2021,Inner,5,1.0,15002.25,15038.8125,time,8.5,7.5
2021-08-03,2021,Inner,5,2.0,15002.25,15038.8125,time,8.5,6.5
2021-08-03,2021,Inner,10,1.0,15002.25,15038.8125,time,13.75,12.75
2021-08-03,2021,Inner,10,2.0,15002.25,15038.8125,time,13.75,11.75
2021-08-03,2021,Inner,15,1.0,15002.25,15038.8125,time,18.0,17.0
2021-08-03,2021,Inner,15,2.0,15002.25,15038.8125,time,18.0,16.0
2021-08-09,2021,Inner,3,1.0,15132.75,15150.1875,time,2.0,1.0
2021-08-09,2021,Inner,3,2.0,15132.75,15150.1875,time,2.0,0.0
2021-08-09,2021,Inner,5,1.0,15132.75,15150.1875,time,0.0,-1.0
2021-08-09,2021,Inner,5,2.0,15132.75,15150.1875,time,0.0,-2.0
2021-08-09,2021,Inner,10,1.0,15132.75,15150.1875,time,2.0,1.0
2021-08-09,2021,Inner,10,2.0,15132.75,15150.1875,time,2.0,0.0
2021-08-09,2021,Inner,15,1.0,15132.75,15150.1875,time,1.25,0.25
2021-08-09,2021,Inner,15,2.0,15132.75,15150.1875,time,1.25,-0.75
2021-08-17,2021,Inner,3,1.0,15041.0,15064.5,time,15.75,14.75
2021-08-17,2021,Inner,3,2.0,15041.0,15064.5,time,15.75,13.75
2021-08-17,2021,Inner,5,1.0,15041.0,15064.5,time,15.0,14.0
2021-08-17,2021,Inner,5,2.0,15041.0,15064.5,time,15.0,13.0
2021-08-17,2021,Inner,10,1.0,15041.0,15064.5,time,31.25,30.25
2021-08-17,2021,Inner,10,2.0,15041.0,15064.5,time,31.25,29.25
2021-08-17,2021,Inner,15,1.0,15041.0,15064.5,time,35.75,34.75
2021-08-17,2021,Inner,15,2.0,15041.0,15064.5,time,35.75,33.75
2021-08-19,2021,Inner,3,1.0,14879.25,14909.8125,time,13.75,12.75
2021-08-19,2021,Inner,3,2.0,14879.25,14909.8125,time,13.75,11.75
2021-08-19,2021,Inner,5,1.0,14879.25,14909.8125,time,-8.5,-9.5
2021-08-19,2021,Inner,5,2.0,14879.25,14909.8125,time,-8.5,-10.5
2021-08-19,2021,Inner,10,1.0,14879.25,14909.8125,time,-16.0,-17.0
2021-08-19,2021,Inner,10,2.0,14879.25,14909.8125,time,-16.0,-18.0
2021-08-19,2021,Inner,15,1.0,14879.25,14909.8125,time,-17.5,-18.5
2021-08-19,2021,Inner,15,2.0,14879.25,14909.8125,time,-17.5,-19.5
2021-08-24,2021,Inner,3,1.0,15364.0,15378.1875,time,5.0,4.0
2021-08-24,2021,Inner,3,2.0,15364.0,15378.1875,time,5.0,3.0
2021-08-24,2021,Inner,5,1.0,15364.0,15378.1875,time,6.25,5.25
2021-08-24,2021,Inner,5,2.0,15364.0,15378.1875,time,6.25,4.25
2021-08-24,2021,Inner,10,1.0,15364.0,15378.1875,time,5.0,4.0
2021-08-24,2021,Inner,10,2.0,15364.0,15378.1875,time,5.0,3.0
2021-08-24,2021,Inner,15,1.0,15364.0,15378.1875,time,11.75,10.75
2021-08-24,2021,Inner,15,2.0,15364.0,15378.1875,time,11.75,9.75
2021-08-27,2021,Inner,3,1.0,15427.25,15464.4375,time,2.0,1.0
2021-08-27,2021,Inner,3,2.0,15427.25,15464.4375,time,2.0,0.0
2021-08-27,2021,Inner,5,1.0,15427.25,15464.4375,time,4.0,3.0
2021-08-27,2021,Inner,5,2.0,15427.25,15464.4375,time,4.0,2.0
2021-08-27,2021,Inner,10,1.0,15427.25,15464.4375,time,3.25,2.25
2021-08-27,2021,Inner,10,2.0,15427.25,15464.4375,time,3.25,1.25
2021-08-27,2021,Inner,15,1.0,15427.25,15464.4375,time,4.0,3.0
2021-08-27,2021,Inner,15,2.0,15427.25,15464.4375,time,4.0,2.0
2021-08-30,2021,Inner,3,1.0,15560.0,15589.5,time,-7.75,-8.75
2021-08-30,2021,Inner,3,2.0,15560.0,15589.5,time,-7.75,-9.75
2021-08-30,2021,Inner,5,1.0,15560.0,15589.5,time,-4.0,-5.0
2021-08-30,2021,Inner,5,2.0,15560.0,15589.5,time,-4.0,-6.0
2021-08-30,2021,Inner,10,1.0,15560.0,15589.5,time,-8.0,-9.0
2021-08-30,2021,Inner,10,2.0,15560.0,15589.5,time,-8.0,-10.0
2021-08-30,2021,Inner,15,1.0,15560.0,15589.5,time,-18.25,-19.25
2021-08-30,2021,Inner,15,2.0,15560.0,15589.5,time,-18.25,-20.25
2021-09-07,2021,Inner,3,1.0,15655.5,15671.0,time,0.75,-0.25
2021-09-07,2021,Inner,3,2.0,15655.5,15671.0,time,0.75,-1.25
2021-09-07,2021,Inner,5,1.0,15655.5,15671.0,time,14.75,13.75
2021-09-07,2021,Inner,5,2.0,15655.5,15671.0,time,14.75,12.75
2021-09-07,2021,Inner,10,1.0,15655.5,15671.0,time,4.5,3.5
2021-09-07,2021,Inner,10,2.0,15655.5,15671.0,time,4.5,2.5
2021-09-07,2021,Inner,15,1.0,15655.5,15671.0,time,7.25,6.25
2021-09-07,2021,Inner,15,2.0,15655.5,15671.0,time,7.25,5.25
2021-09-22,2021,Inner,3,1.0,15130.5,15159.6875,time,-5.0,-6.0
2021-09-22,2021,Inner,3,2.0,15130.5,15159.6875,time,-5.0,-7.0
2021-09-22,2021,Inner,5,1.0,15130.5,15159.6875,time,-4.75,-5.75
2021-09-22,2021,Inner,5,2.0,15130.5,15159.6875,time,-4.75,-6.75
2021-09-22,2021,Inner,10,1.0,15130.5,15159.6875,time,-15.5,-16.5
2021-09-22,2021,Inner,10,2.0,15130.5,15159.6875,time,-15.5,-17.5
2021-09-22,2021,Inner,15,1.0,15130.5,15159.6875,time,-19.0,-20.0
2021-09-22,2021,Inner,15,2.0,15130.5,15159.6875,time,-19.0,-21.0
2021-09-23,2021,Inner,3,1.0,15336.5,15375.625,time,4.25,3.25
2021-09-23,2021,Inner,3,2.0,15336.5,15375.625,time,4.25,2.25
2021-09-23,2021,Inner,5,1.0,15336.5,15375.625,time,9.5,8.5
2021-09-23,2021,Inner,5,2.0,15336.5,15375.625,time,9.5,7.5
2021-09-23,2021,Inner,10,1.0,15336.5,15375.625,time,10.0,9.0
2021-09-23,2021,Inner,10,2.0,15336.5,15375.625,time,10.0,8.0
2021-09-23,2021,Inner,15,1.0,15336.5,15375.625,time,9.25,8.25
2021-09-23,2021,Inner,15,2.0,15336.5,15375.625,time,9.25,7.25
2021-09-24,2021,Inner,3,1.0,15261.75,15280.0,time,-5.0,-6.0
2021-09-24,2021,Inner,3,2.0,15261.75,15280.0,time,-5.0,-7.0
2021-09-24,2021,Inner,5,1.0,15261.75,15280.0,time,-11.25,-12.25
2021-09-24,2021,Inner,5,2.0,15261.75,15280.0,time,-11.25,-13.25
2021-09-24,2021,Inner,10,1.0,15261.75,15280.0,time,-1.5,-2.5
2021-09-24,2021,Inner,10,2.0,15261.75,15280.0,time,-1.5,-3.5
2021-09-24,2021,Inner,15,1.0,15261.75,15280.0,time,0.5,-0.5
2021-09-24,2021,Inner,15,2.0,15261.75,15280.0,time,0.5,-1.5
2021-09-27,2021,Inner,3,1.0,15182.25,15214.875,time,-0.75,-1.75
2021-09-27,2021,Inner,3,2.0,15182.25,15214.875,time,-0.75,-2.75
2021-09-27,2021,Inner,5,1.0,15182.25,15214.875,time,-7.0,-8.0
2021-09-27,2021,Inner,5,2.0,15182.25,15214.875,time,-7.0,-9.0
2021-09-27,2021,Inner,10,1.0,15182.25,15214.875,time,-10.5,-11.5
2021-09-27,2021,Inner,10,2.0,15182.25,15214.875,time,-10.5,-12.5
2021-09-27,2021,Inner,15,1.0,15182.25,15214.875,time,-4.5,-5.5
2021-09-27,2021,Inner,15,2.0,15182.25,15214.875,time,-4.5,-6.5
2021-10-06,2021,Inner,3,1.0,14658.5,14704.8125,time,11.0,10.0
2021-10-06,2021,Inner,3,2.0,14658.5,14704.8125,time,11.0,9.0
2021-10-06,2021,Inner,5,1.0,14658.5,14704.8125,time,-0.75,-1.75
2021-10-06,2021,Inner,5,2.0,14658.5,14704.8125,time,-0.75,-2.75
2021-10-06,2021,Inner,10,1.0,14658.5,14704.8125,time,11.75,10.75
2021-10-06,2021,Inner,10,2.0,14658.5,14704.8125,time,11.75,9.75
2021-10-06,2021,Inner,15,1.0,14658.5,14704.8125,time,15.75,14.75
2021-10-06,2021,Inner,15,2.0,14658.5,14704.8125,time,15.75,13.75
2021-10-14,2021,Inner,3,1.0,14990.25,15016.125,time,-4.5,-5.5
2021-10-14,2021,Inner,3,2.0,14990.25,15016.125,time,-4.5,-6.5
2021-10-14,2021,Inner,5,1.0,14990.25,15016.125,time,-7.5,-8.5
2021-10-14,2021,Inner,5,2.0,14990.25,15016.125,time,-7.5,-9.5
2021-10-14,2021,Inner,10,1.0,14990.25,15016.125,time,-14.25,-15.25
2021-10-14,2021,Inner,10,2.0,14990.25,15016.125,time,-14.25,-16.25
2021-10-14,2021,Inner,15,1.0,14990.25,15016.125,time,-21.75,-22.75
2021-10-14,2021,Inner,15,2.0,14990.25,15016.125,time,-21.75,-23.75
2021-10-15,2021,Inner,3,1.0,15084.25,15097.5625,time,0.5,-0.5
2021-10-15,2021,Inner,3,2.0,15084.25,15097.5625,time,0.5,-1.5
2021-10-15,2021,Inner,5,1.0,15084.25,15097.5625,time,11.0,10.0
2021-10-15,2021,Inner,5,2.0,15084.25,15097.5625,time,11.0,9.0
2021-10-15,2021,Inner,10,1.0,15084.25,15097.5625,time,14.75,13.75
2021-10-15,2021,Inner,10,2.0,15084.25,15097.5625,time,14.75,12.75
2021-10-15,2021,Inner,15,1.0,15084.25,15097.5625,time,18.75,17.75
2021-10-15,2021,Inner,15,2.0,15084.25,15097.5625,time,18.75,16.75
2021-10-21,2021,Inner,3,1.0,15428.0,15451.5,time,-14.25,-15.25
2021-10-21,2021,Inner,3,2.0,15428.0,15451.5,time,-14.25,-16.25
2021-10-21,2021,Inner,5,1.0,15428.0,15451.5,time,-7.75,-8.75
2021-10-21,2021,Inner,5,2.0,15428.0,15451.5,time,-7.75,-9.75
2021-10-21,2021,Inner,10,1.0,15428.0,15451.5,time,-3.5,-4.5
2021-10-21,2021,Inner,10,2.0,15428.0,15451.5,time,-3.5,-5.5
2021-10-21,2021,Inner,15,1.0,15428.0,15451.5,time,-6.25,-7.25
2021-10-21,2021,Inner,15,2.0,15428.0,15451.5,time,-6.25,-8.25
2021-10-27,2021,Inner,3,1.0,15619.0,15641.3125,time,-4.0,-5.0
2021-10-27,2021,Inner,3,2.0,15619.0,15641.3125,time,-4.0,-6.0
2021-10-27,2021,Inner,5,1.0,15619.0,15641.3125,time,-9.5,-10.5
2021-10-27,2021,Inner,5,2.0,15619.0,15641.3125,time,-9.5,-11.5
2021-10-27,2021,Inner,10,1.0,15619.0,15641.3125,stop,-22.3125,-23.3125
2021-10-27,2021,Inner,10,2.0,15619.0,15641.3125,stop,-22.3125,-24.3125
2021-10-27,2021,Inner,15,1.0,15619.0,15641.3125,stop,-22.3125,-23.3125
2021-10-27,2021,Inner,15,2.0,15619.0,15641.3125,stop,-22.3125,-24.3125
2021-10-28,2021,Inner,3,1.0,15700.5,15719.125,time,-6.5,-7.5
2021-10-28,2021,Inner,3,2.0,15700.5,15719.125,time,-6.5,-8.5
2021-10-28,2021,Inner,5,1.0,15700.5,15719.125,time,-14.0,-15.0
2021-10-28,2021,Inner,5,2.0,15700.5,15719.125,time,-14.0,-16.0
2021-10-28,2021,Inner,10,1.0,15700.5,15719.125,time,-8.25,-9.25
2021-10-28,2021,Inner,10,2.0,15700.5,15719.125,time,-8.25,-10.25
2021-10-28,2021,Inner,15,1.0,15700.5,15719.125,time,-9.5,-10.5
2021-10-28,2021,Inner,15,2.0,15700.5,15719.125,time,-9.5,-11.5
2021-11-03,2021,Inner,3,1.0,15982.75,15998.25,time,0.5,-0.5
2021-11-03,2021,Inner,3,2.0,15982.75,15998.25,time,0.5,-1.5
2021-11-03,2021,Inner,5,1.0,15982.75,15998.25,stop,-15.5,-16.5
2021-11-03,2021,Inner,5,2.0,15982.75,15998.25,stop,-15.5,-17.5
2021-11-03,2021,Inner,10,1.0,15982.75,15998.25,stop,-15.5,-16.5
2021-11-03,2021,Inner,10,2.0,15982.75,15998.25,stop,-15.5,-17.5
2021-11-03,2021,Inner,15,1.0,15982.75,15998.25,stop,-15.5,-16.5
2021-11-03,2021,Inner,15,2.0,15982.75,15998.25,stop,-15.5,-17.5
2021-11-04,2021,Inner,3,1.0,16292.25,16327.3125,time,-3.0,-4.0
2021-11-04,2021,Inner,3,2.0,16292.25,16327.3125,time,-3.0,-5.0
2021-11-04,2021,Inner,5,1.0,16292.25,16327.3125,time,0.0,-1.0
2021-11-04,2021,Inner,5,2.0,16292.25,16327.3125,time,0.0,-2.0
2021-11-04,2021,Inner,10,1.0,16292.25,16327.3125,time,-5.5,-6.5
2021-11-04,2021,Inner,10,2.0,16292.25,16327.3125,time,-5.5,-7.5
2021-11-04,2021,Inner,15,1.0,16292.25,16327.3125,time,-4.0,-5.0
2021-11-04,2021,Inner,15,2.0,16292.25,16327.3125,time,-4.0,-6.0
2021-11-17,2021,Inner,3,1.0,16310.0,16324.25,time,-1.5,-2.5
2021-11-17,2021,Inner,3,2.0,16310.0,16324.25,time,-1.5,-3.5
2021-11-17,2021,Inner,5,1.0,16310.0,16324.25,time,-10.5,-11.5
2021-11-17,2021,Inner,5,2.0,16310.0,16324.25,time,-10.5,-12.5
2021-11-17,2021,Inner,10,1.0,16310.0,16324.25,stop,-14.25,-15.25
2021-11-17,2021,Inner,10,2.0,16310.0,16324.25,stop,-14.25,-16.25
2021-11-17,2021,Inner,15,1.0,16310.0,16324.25,stop,-14.25,-15.25
2021-11-17,2021,Inner,15,2.0,16310.0,16324.25,stop,-14.25,-16.25
2021-11-24,2021,Inner,3,1.0,16229.75,16268.625,time,1.5,0.5
2021-11-24,2021,Inner,3,2.0,16229.75,16268.625,time,1.5,-0.5
2021-11-24,2021,Inner,5,1.0,16229.75,16268.625,time,-3.75,-4.75
2021-11-24,2021,Inner,5,2.0,16229.75,16268.625,time,-3.75,-5.75
2021-11-24,2021,Inner,10,1.0,16229.75,16268.625,time,-24.25,-25.25
2021-11-24,2021,Inner,10,2.0,16229.75,16268.625,time,-24.25,-26.25
2021-11-24,2021,Inner,15,1.0,16229.75,16268.625,time,-18.0,-19.0
2021-11-24,2021,Inner,15,2.0,16229.75,16268.625,time,-18.0,-20.0
2021-12-01,2021,Inner,3,1.0,16373.25,16400.0,time,38.25,37.25
2021-12-01,2021,Inner,3,2.0,16373.25,16400.0,time,38.25,36.25
2021-12-01,2021,Inner,5,1.0,16373.25,16400.0,time,36.25,35.25
2021-12-01,2021,Inner,5,2.0,16373.25,16400.0,time,36.25,34.25
2021-12-01,2021,Inner,10,1.0,16373.25,16400.0,time,10.75,9.75
2021-12-01,2021,Inner,10,2.0,16373.25,16400.0,time,10.75,8.75
2021-12-01,2021,Inner,15,1.0,16373.25,16400.0,time,26.0,25.0
2021-12-01,2021,Inner,15,2.0,16373.25,16400.0,time,26.0,24.0
2021-12-06,2021,Inner,3,1.0,15778.0,15835.1875,time,-19.25,-20.25
2021-12-06,2021,Inner,3,2.0,15778.0,15835.1875,time,-19.25,-21.25
2021-12-06,2021,Inner,5,1.0,15778.0,15835.1875,time,-21.0,-22.0
2021-12-06,2021,Inner,5,2.0,15778.0,15835.1875,time,-21.0,-23.0
2021-12-06,2021,Inner,10,1.0,15778.0,15835.1875,time,-33.25,-34.25
2021-12-06,2021,Inner,10,2.0,15778.0,15835.1875,time,-33.25,-35.25
2021-12-06,2021,Inner,15,1.0,15778.0,15835.1875,time,-50.5,-51.5
2021-12-06,2021,Inner,15,2.0,15778.0,15835.1875,time,-50.5,-52.5
2021-12-07,2021,Inner,3,1.0,16267.75,16305.0,time,-9.25,-10.25
2021-12-07,2021,Inner,3,2.0,16267.75,16305.0,time,-9.25,-11.25
2021-12-07,2021,Inner,5,1.0,16267.75,16305.0,time,-11.75,-12.75
2021-12-07,2021,Inner,5,2.0,16267.75,16305.0,time,-11.75,-13.75
2021-12-07,2021,Inner,10,1.0,16267.75,16305.0,time,-24.75,-25.75
2021-12-07,2021,Inner,10,2.0,16267.75,16305.0,time,-24.75,-26.75
2021-12-07,2021,Inner,15,1.0,16267.75,16305.0,stop,-37.25,-38.25
2021-12-07,2021,Inner,15,2.0,16267.75,16305.0,stop,-37.25,-39.25
2021-12-08,2021,Inner,3,1.0,16356.25,16382.5625,time,-5.25,-6.25
2021-12-08,2021,Inner,3,2.0,16356.25,16382.5625,time,-5.25,-7.25
2021-12-08,2021,Inner,5,1.0,16356.25,16382.5625,time,-1.5,-2.5
2021-12-08,2021,Inner,5,2.0,16356.25,16382.5625,time,-1.5,-3.5
2021-12-08,2021,Inner,10,1.0,16356.25,16382.5625,time,7.5,6.5
2021-12-08,2021,Inner,10,2.0,16356.25,16382.5625,time,7.5,5.5
2021-12-08,2021,Inner,15,1.0,16356.25,16382.5625,time,23.0,22.0
2021-12-08,2021,Inner,15,2.0,16356.25,16382.5625,time,23.0,21.0
2021-12-17,2021,Inner,3,1.0,15835.75,15883.5625,time,20.0,19.0
2021-12-17,2021,Inner,3,2.0,15835.75,15883.5625,time,20.0,18.0
2021-12-17,2021,Inner,5,1.0,15835.75,15883.5625,time,36.0,35.0
2021-12-17,2021,Inner,5,2.0,15835.75,15883.5625,time,36.0,34.0
2021-12-17,2021,Inner,10,1.0,15835.75,15883.5625,time,65.25,64.25
2021-12-17,2021,Inner,10,2.0,15835.75,15883.5625,time,65.25,63.25
2021-12-17,2021,Inner,15,1.0,15835.75,15883.5625,time,48.75,47.75
2021-12-17,2021,Inner,15,2.0,15835.75,15883.5625,time,48.75,46.75
2021-12-27,2021,Inner,3,1.0,16506.0,16546.5625,time,-0.5,-1.5
2021-12-27,2021,Inner,3,2.0,16506.0,16546.5625,time,-0.5,-2.5
2021-12-27,2021,Inner,5,1.0,16506.0,16546.5625,time,2.75,1.75
2021-12-27,2021,Inner,5,2.0,16506.0,16546.5625,time,2.75,0.75
2021-12-27,2021,Inner,10,1.0,16506.0,16546.5625,time,-12.5,-13.5
2021-12-27,2021,Inner,10,2.0,16506.0,16546.5625,time,-12.5,-14.5
2021-12-27,2021,Inner,15,1.0,16506.0,16546.5625,time,-0.5,-1.5
2021-12-27,2021,Inner,15,2.0,16506.0,16546.5625,time,-0.5,-2.5
2022-01-06,2022,Validation,3,1.0,15848.25,15911.25,time,12.5,11.5
2022-01-06,2022,Validation,3,2.0,15848.25,15911.25,time,12.5,10.5
2022-01-06,2022,Validation,5,1.0,15848.25,15911.25,time,3.0,2.0
2022-01-06,2022,Validation,5,2.0,15848.25,15911.25,time,3.0,1.0
2022-01-06,2022,Validation,10,1.0,15848.25,15911.25,time,30.0,29.0
2022-01-06,2022,Validation,10,2.0,15848.25,15911.25,time,30.0,28.0
2022-01-06,2022,Validation,15,1.0,15848.25,15911.25,time,62.5,61.5
2022-01-06,2022,Validation,15,2.0,15848.25,15911.25,time,62.5,60.5
2022-01-20,2022,Validation,3,1.0,15292.25,15325.5625,time,-8.75,-9.75
2022-01-20,2022,Validation,3,2.0,15292.25,15325.5625,time,-8.75,-10.75
2022-01-20,2022,Validation,5,1.0,15292.25,15325.5625,time,2.25,1.25
2022-01-20,2022,Validation,5,2.0,15292.25,15325.5625,time,2.25,0.25
2022-01-20,2022,Validation,10,1.0,15292.25,15325.5625,time,-12.25,-13.25
2022-01-20,2022,Validation,10,2.0,15292.25,15325.5625,time,-12.25,-14.25
2022-01-20,2022,Validation,15,1.0,15292.25,15325.5625,stop,-33.3125,-34.3125
2022-01-20,2022,Validation,15,2.0,15292.25,15325.5625,stop,-33.3125,-35.3125
2022-01-21,2022,Validation,3,1.0,14808.0,14879.5625,time,57.75,56.75
2022-01-21,2022,Validation,3,2.0,14808.0,14879.5625,time,57.75,55.75
2022-01-21,2022,Validation,5,1.0,14808.0,14879.5625,time,80.0,79.0
2022-01-21,2022,Validation,5,2.0,14808.0,14879.5625,time,80.0,78.0
2022-01-21,2022,Validation,10,1.0,14808.0,14879.5625,time,78.25,77.25
2022-01-21,2022,Validation,10,2.0,14808.0,14879.5625,time,78.25,76.25
2022-01-21,2022,Validation,15,1.0,14808.0,14879.5625,time,118.25,117.25
2022-01-21,2022,Validation,15,2.0,14808.0,14879.5625,time,118.25,116.25
2022-01-28,2022,Validation,3,1.0,14098.5,14159.0,time,-2.5,-3.5
2022-01-28,2022,Validation,3,2.0,14098.5,14159.0,time,-2.5,-4.5
2022-01-28,2022,Validation,5,1.0,14098.5,14159.0,time,-46.0,-47.0
2022-01-28,2022,Validation,5,2.0,14098.5,14159.0,time,-46.0,-48.0
2022-01-28,2022,Validation,10,1.0,14098.5,14159.0,stop,-60.5,-61.5
2022-01-28,2022,Validation,10,2.0,14098.5,14159.0,stop,-60.5,-62.5
2022-01-28,2022,Validation,15,1.0,14098.5,14159.0,stop,-60.5,-61.5
2022-01-28,2022,Validation,15,2.0,14098.5,14159.0,stop,-60.5,-62.5
2022-01-31,2022,Validation,3,1.0,14696.75,14773.8125,time,14.75,13.75
2022-01-31,2022,Validation,3,2.0,14696.75,14773.8125,time,14.75,12.75
2022-01-31,2022,Validation,5,1.0,14696.75,14773.8125,time,3.25,2.25
2022-01-31,2022,Validation,5,2.0,14696.75,14773.8125,time,3.25,1.25
2022-01-31,2022,Validation,10,1.0,14696.75,14773.8125,time,19.5,18.5
2022-01-31,2022,Validation,10,2.0,14696.75,14773.8125,time,19.5,17.5
2022-01-31,2022,Validation,15,1.0,14696.75,14773.8125,time,26.0,25.0
2022-01-31,2022,Validation,15,2.0,14696.75,14773.8125,time,26.0,24.0
2022-02-09,2022,Validation,3,1.0,14939.5,14964.0,time,-10.0,-11.0
2022-02-09,2022,Validation,3,2.0,14939.5,14964.0,time,-10.0,-12.0
2022-02-09,2022,Validation,5,1.0,14939.5,14964.0,time,13.75,12.75
2022-02-09,2022,Validation,5,2.0,14939.5,14964.0,time,13.75,11.75
2022-02-09,2022,Validation,10,1.0,14939.5,14964.0,time,0.75,-0.25
2022-02-09,2022,Validation,10,2.0,14939.5,14964.0,time,0.75,-1.25
2022-02-09,2022,Validation,15,1.0,14939.5,14964.0,time,-6.75,-7.75
2022-02-09,2022,Validation,15,2.0,14939.5,14964.0,time,-6.75,-8.75
2022-02-10,2022,Validation,3,1.0,14930.5,14994.5,time,19.5,18.5
2022-02-10,2022,Validation,3,2.0,14930.5,14994.5,time,19.5,17.5
2022-02-10,2022,Validation,5,1.0,14930.5,14994.5,time,9.5,8.5
2022-02-10,2022,Validation,5,2.0,14930.5,14994.5,time,9.5,7.5
2022-02-10,2022,Validation,10,1.0,14930.5,14994.5,time,8.75,7.75
2022-02-10,2022,Validation,10,2.0,14930.5,14994.5,time,8.75,6.75
2022-02-10,2022,Validation,15,1.0,14930.5,14994.5,time,-5.25,-6.25
2022-02-10,2022,Validation,15,2.0,14930.5,14994.5,time,-5.25,-7.25
2022-02-14,2022,Validation,3,1.0,14332.5,14370.6875,time,-14.25,-15.25
2022-02-14,2022,Validation,3,2.0,14332.5,14370.6875,time,-14.25,-16.25
2022-02-14,2022,Validation,5,1.0,14332.5,14370.6875,time,1.0,0.0
2022-02-14,2022,Validation,5,2.0,14332.5,14370.6875,time,1.0,-1.0
2022-02-14,2022,Validation,10,1.0,14332.5,14370.6875,time,-20.25,-21.25
2022-02-14,2022,Validation,10,2.0,14332.5,14370.6875,time,-20.25,-22.25
2022-02-14,2022,Validation,15,1.0,14332.5,14370.6875,time,9.75,8.75
2022-02-14,2022,Validation,15,2.0,14332.5,14370.6875,time,9.75,7.75
2022-02-15,2022,Validation,3,1.0,14520.5,14539.75,time,-5.25,-6.25
2022-02-15,2022,Validation,3,2.0,14520.5,14539.75,time,-5.25,-7.25
2022-02-15,2022,Validation,5,1.0,14520.5,14539.75,time,-13.25,-14.25
2022-02-15,2022,Validation,5,2.0,14520.5,14539.75,time,-13.25,-15.25
2022-02-15,2022,Validation,10,1.0,14520.5,14539.75,stop,-19.25,-20.25
2022-02-15,2022,Validation,10,2.0,14520.5,14539.75,stop,-19.25,-21.25
2022-02-15,2022,Validation,15,1.0,14520.5,14539.75,stop,-19.25,-20.25
2022-02-15,2022,Validation,15,2.0,14520.5,14539.75,stop,-19.25,-21.25
2022-02-24,2022,Validation,3,1.0,13453.25,13559.5625,time,11.75,10.75
2022-02-24,2022,Validation,3,2.0,13453.25,13559.5625,time,11.75,9.75
2022-02-24,2022,Validation,5,1.0,13453.25,13559.5625,time,-24.75,-25.75
2022-02-24,2022,Validation,5,2.0,13453.25,13559.5625,time,-24.75,-26.75
2022-02-24,2022,Validation,10,1.0,13453.25,13559.5625,time,-71.0,-72.0
2022-02-24,2022,Validation,10,2.0,13453.25,13559.5625,time,-71.0,-73.0
2022-02-24,2022,Validation,15,1.0,13453.25,13559.5625,time,-89.75,-90.75
2022-02-24,2022,Validation,15,2.0,13453.25,13559.5625,time,-89.75,-91.75
2022-02-28,2022,Validation,3,1.0,14138.0,14170.5,time,-4.75,-5.75
2022-02-28,2022,Validation,3,2.0,14138.0,14170.5,time,-4.75,-6.75
2022-02-28,2022,Validation,5,1.0,14138.0,14170.5,time,-11.25,-12.25
2022-02-28,2022,Validation,5,2.0,14138.0,14170.5,time,-11.25,-13.25
2022-02-28,2022,Validation,10,1.0,14138.0,14170.5,time,-1.75,-2.75
2022-02-28,2022,Validation,10,2.0,14138.0,14170.5,time,-1.75,-3.75
2022-02-28,2022,Validation,15,1.0,14138.0,14170.5,time,32.0,31.0
2022-02-28,2022,Validation,15,2.0,14138.0,14170.5,time,32.0,30.0
2022-03-09,2022,Validation,3,1.0,13632.25,13670.25,time,-8.5,-9.5
2022-03-09,2022,Validation,3,2.0,13632.25,13670.25,time,-8.5,-10.5
2022-03-09,2022,Validation,5,1.0,13632.25,13670.25,time,-1.75,-2.75
2022-03-09,2022,Validation,5,2.0,13632.25,13670.25,time,-1.75,-3.75
2022-03-09,2022,Validation,10,1.0,13632.25,13670.25,time,31.25,30.25
2022-03-09,2022,Validation,10,2.0,13632.25,13670.25,time,31.25,29.25
2022-03-09,2022,Validation,15,1.0,13632.25,13670.25,time,13.25,12.25
2022-03-09,2022,Validation,15,2.0,13632.25,13670.25,time,13.25,11.25
2022-03-16,2022,Validation,3,1.0,13808.25,13864.5,time,3.75,2.75
2022-03-16,2022,Validation,3,2.0,13808.25,13864.5,time,3.75,1.75
2022-03-16,2022,Validation,5,1.0,13808.25,13864.5,time,-0.75,-1.75
2022-03-16,2022,Validation,5,2.0,13808.25,13864.5,time,-0.75,-2.75
2022-03-16,2022,Validation,10,1.0,13808.25,13864.5,time,-5.5,-6.5
2022-03-16,2022,Validation,10,2.0,13808.25,13864.5,time,-5.5,-7.5
2022-03-16,2022,Validation,15,1.0,13808.25,13864.5,time,-23.0,-24.0
2022-03-16,2022,Validation,15,2.0,13808.25,13864.5,time,-23.0,-25.0
2022-03-18,2022,Validation,3,1.0,14233.0,14295.5625,time,19.5,18.5
2022-03-18,2022,Validation,3,2.0,14233.0,14295.5625,time,19.5,17.5
2022-03-18,2022,Validation,5,1.0,14233.0,14295.5625,time,5.0,4.0
2022-03-18,2022,Validation,5,2.0,14233.0,14295.5625,time,5.0,3.0
2022-03-18,2022,Validation,10,1.0,14233.0,14295.5625,time,-19.5,-20.5
2022-03-18,2022,Validation,10,2.0,14233.0,14295.5625,time,-19.5,-21.5
2022-03-18,2022,Validation,15,1.0,14233.0,14295.5625,time,-27.5,-28.5
2022-03-18,2022,Validation,15,2.0,14233.0,14295.5625,time,-27.5,-29.5
2022-03-22,2022,Validation,3,1.0,14590.0,14644.1875,time,10.75,9.75
2022-03-22,2022,Validation,3,2.0,14590.0,14644.1875,time,10.75,8.75
2022-03-22,2022,Validation,5,1.0,14590.0,14644.1875,time,-1.0,-2.0
2022-03-22,2022,Validation,5,2.0,14590.0,14644.1875,time,-1.0,-3.0
2022-03-22,2022,Validation,10,1.0,14590.0,14644.1875,time,-10.25,-11.25
2022-03-22,2022,Validation,10,2.0,14590.0,14644.1875,time,-10.25,-12.25
2022-03-22,2022,Validation,15,1.0,14590.0,14644.1875,time,2.5,1.5
2022-03-22,2022,Validation,15,2.0,14590.0,14644.1875,time,2.5,0.5
2022-03-23,2022,Validation,3,1.0,14586.0,14619.6875,time,-18.5,-19.5
2022-03-23,2022,Validation,3,2.0,14586.0,14619.6875,time,-18.5,-20.5
2022-03-23,2022,Validation,5,1.0,14586.0,14619.6875,time,-18.75,-19.75
2022-03-23,2022,Validation,5,2.0,14586.0,14619.6875,time,-18.75,-20.75
2022-03-23,2022,Validation,10,1.0,14586.0,14619.6875,time,-24.75,-25.75
2022-03-23,2022,Validation,10,2.0,14586.0,14619.6875,time,-24.75,-26.75
2022-03-23,2022,Validation,15,1.0,14586.0,14619.6875,stop,-33.6875,-34.6875
2022-03-23,2022,Validation,15,2.0,14586.0,14619.6875,stop,-33.6875,-35.6875
2022-04-08,2022,Validation,3,1.0,14471.75,14512.8125,time,3.5,2.5
2022-04-08,2022,Validation,3,2.0,14471.75,14512.8125,time,3.5,1.5
2022-04-08,2022,Validation,5,1.0,14471.75,14512.8125,time,-4.75,-5.75
2022-04-08,2022,Validation,5,2.0,14471.75,14512.8125,time,-4.75,-6.75
2022-04-08,2022,Validation,10,1.0,14471.75,14512.8125,time,3.75,2.75
2022-04-08,2022,Validation,10,2.0,14471.75,14512.8125,time,3.75,1.75
2022-04-08,2022,Validation,15,1.0,14471.75,14512.8125,time,12.5,11.5
2022-04-08,2022,Validation,15,2.0,14471.75,14512.8125,time,12.5,10.5
2022-04-25,2022,Validation,3,1.0,13397.75,13440.5,time,-13.5,-14.5
2022-04-25,2022,Validation,3,2.0,13397.75,13440.5,time,-13.5,-15.5
2022-04-25,2022,Validation,5,1.0,13397.75,13440.5,time,-27.25,-28.25
2022-04-25,2022,Validation,5,2.0,13397.75,13440.5,time,-27.25,-29.25
2022-04-25,2022,Validation,10,1.0,13397.75,13440.5,time,47.0,46.0
2022-04-25,2022,Validation,10,2.0,13397.75,13440.5,time,47.0,45.0
2022-04-25,2022,Validation,15,1.0,13397.75,13440.5,time,70.0,69.0
2022-04-25,2022,Validation,15,2.0,13397.75,13440.5,time,70.0,68.0
2022-05-02,2022,Validation,3,1.0,12970.0,13032.875,time,19.75,18.75
2022-05-02,2022,Validation,3,2.0,12970.0,13032.875,time,19.75,17.75
2022-05-02,2022,Validation,5,1.0,12970.0,13032.875,time,24.25,23.25
2022-05-02,2022,Validation,5,2.0,12970.0,13032.875,time,24.25,22.25
2022-05-02,2022,Validation,10,1.0,12970.0,13032.875,time,44.0,43.0
2022-05-02,2022,Validation,10,2.0,12970.0,13032.875,time,44.0,42.0
2022-05-02,2022,Validation,15,1.0,12970.0,13032.875,time,62.25,61.25
2022-05-02,2022,Validation,15,2.0,12970.0,13032.875,time,62.25,60.25
2022-05-03,2022,Validation,3,1.0,13144.25,13190.1875,time,-0.5,-1.5
2022-05-03,2022,Validation,3,2.0,13144.25,13190.1875,time,-0.5,-2.5
2022-05-03,2022,Validation,5,1.0,13144.25,13190.1875,time,7.5,6.5
2022-05-03,2022,Validation,5,2.0,13144.25,13190.1875,time,7.5,5.5
2022-05-03,2022,Validation,10,1.0,13144.25,13190.1875,time,36.5,35.5
2022-05-03,2022,Validation,10,2.0,13144.25,13190.1875,time,36.5,34.5
2022-05-03,2022,Validation,15,1.0,13144.25,13190.1875,time,51.0,50.0
2022-05-03,2022,Validation,15,2.0,13144.25,13190.1875,time,51.0,49.0
2022-05-06,2022,Validation,3,1.0,12793.5,12873.875,time,31.75,30.75
2022-05-06,2022,Validation,3,2.0,12793.5,12873.875,time,31.75,29.75
2022-05-06,2022,Validation,5,1.0,12793.5,12873.875,time,61.5,60.5
2022-05-06,2022,Validation,5,2.0,12793.5,12873.875,time,61.5,59.5
2022-05-06,2022,Validation,10,1.0,12793.5,12873.875,time,45.25,44.25
2022-05-06,2022,Validation,10,2.0,12793.5,12873.875,time,45.25,43.25
2022-05-06,2022,Validation,15,1.0,12793.5,12873.875,time,42.75,41.75
2022-05-06,2022,Validation,15,2.0,12793.5,12873.875,time,42.75,40.75
2022-05-12,2022,Validation,3,1.0,12031.5,12119.6875,time,-6.0,-7.0
2022-05-12,2022,Validation,3,2.0,12031.5,12119.6875,time,-6.0,-8.0
2022-05-12,2022,Validation,5,1.0,12031.5,12119.6875,time,-7.25,-8.25
2022-05-12,2022,Validation,5,2.0,12031.5,12119.6875,time,-7.25,-9.25
2022-05-12,2022,Validation,10,1.0,12031.5,12119.6875,time,51.5,50.5
2022-05-12,2022,Validation,10,2.0,12031.5,12119.6875,time,51.5,49.5
2022-05-12,2022,Validation,15,1.0,12031.5,12119.6875,time,19.5,18.5
2022-05-12,2022,Validation,15,2.0,12031.5,12119.6875,time,19.5,17.5
2022-05-13,2022,Validation,3,1.0,12334.5,12403.0,time,19.25,18.25
2022-05-13,2022,Validation,3,2.0,12334.5,12403.0,time,19.25,17.25
2022-05-13,2022,Validation,5,1.0,12334.5,12403.0,time,-4.25,-5.25
2022-05-13,2022,Validation,5,2.0,12334.5,12403.0,time,-4.25,-6.25
2022-05-13,2022,Validation,10,1.0,12334.5,12403.0,time,9.75,8.75
2022-05-13,2022,Validation,10,2.0,12334.5,12403.0,time,9.75,7.75
2022-05-13,2022,Validation,15,1.0,12334.5,12403.0,time,31.25,30.25
2022-05-13,2022,Validation,15,2.0,12334.5,12403.0,time,31.25,29.25
2022-05-16,2022,Validation,3,1.0,12374.25,12417.1875,time,-2.25,-3.25
2022-05-16,2022,Validation,3,2.0,12374.25,12417.1875,time,-2.25,-4.25
2022-05-16,2022,Validation,5,1.0,12374.25,12417.1875,time,23.25,22.25
2022-05-16,2022,Validation,5,2.0,12374.25,12417.1875,time,23.25,21.25
2022-05-16,2022,Validation,10,1.0,12374.25,12417.1875,time,23.25,22.25
2022-05-16,2022,Validation,10,2.0,12374.25,12417.1875,time,23.25,21.25
2022-05-16,2022,Validation,15,1.0,12374.25,12417.1875,time,12.75,11.75
2022-05-16,2022,Validation,15,2.0,12374.25,12417.1875,time,12.75,10.75
2022-05-19,2022,Validation,3,1.0,11997.75,12051.25,time,1.25,0.25
2022-05-19,2022,Validation,3,2.0,11997.75,12051.25,time,1.25,-0.75
2022-05-19,2022,Validation,5,1.0,11997.75,12051.25,time,-19.5,-20.5
2022-05-19,2022,Validation,5,2.0,11997.75,12051.25,time,-19.5,-21.5
2022-05-19,2022,Validation,10,1.0,11997.75,12051.25,time,-0.75,-1.75
2022-05-19,2022,Validation,10,2.0,11997.75,12051.25,time,-0.75,-2.75
2022-05-19,2022,Validation,15,1.0,11997.75,12051.25,time,46.0,45.0
2022-05-19,2022,Validation,15,2.0,11997.75,12051.25,time,46.0,44.0
2022-05-23,2022,Validation,3,1.0,11974.75,12023.1875,time,2.75,1.75
2022-05-23,2022,Validation,3,2.0,11974.75,12023.1875,time,2.75,0.75
2022-05-23,2022,Validation,5,1.0,11974.75,12023.1875,time,-7.25,-8.25
2022-05-23,2022,Validation,5,2.0,11974.75,12023.1875,time,-7.25,-9.25
2022-05-23,2022,Validation,10,1.0,11974.75,12023.1875,time,-13.75,-14.75
2022-05-23,2022,Validation,10,2.0,11974.75,12023.1875,time,-13.75,-15.75
2022-05-23,2022,Validation,15,1.0,11974.75,12023.1875,stop,-48.4375,-49.4375
2022-05-23,2022,Validation,15,2.0,11974.75,12023.1875,stop,-48.4375,-50.4375
2022-05-25,2022,Validation,3,1.0,11888.75,11934.4375,time,28.75,27.75
2022-05-25,2022,Validation,3,2.0,11888.75,11934.4375,time,28.75,26.75
2022-05-25,2022,Validation,5,1.0,11888.75,11934.4375,time,27.75,26.75
2022-05-25,2022,Validation,5,2.0,11888.75,11934.4375,time,27.75,25.75
2022-05-25,2022,Validation,10,1.0,11888.75,11934.4375,time,29.0,28.0
2022-05-25,2022,Validation,10,2.0,11888.75,11934.4375,time,29.0,27.0
2022-05-25,2022,Validation,15,1.0,11888.75,11934.4375,time,8.5,7.5
2022-05-25,2022,Validation,15,2.0,11888.75,11934.4375,time,8.5,6.5
2022-05-26,2022,Validation,3,1.0,12187.0,12261.1875,time,-9.5,-10.5
2022-05-26,2022,Validation,3,2.0,12187.0,12261.1875,time,-9.5,-11.5
2022-05-26,2022,Validation,5,1.0,12187.0,12261.1875,time,-26.25,-27.25
2022-05-26,2022,Validation,5,2.0,12187.0,12261.1875,time,-26.25,-28.25
2022-05-26,2022,Validation,10,1.0,12187.0,12261.1875,time,-36.5,-37.5
2022-05-26,2022,Validation,10,2.0,12187.0,12261.1875,time,-36.5,-38.5
2022-05-26,2022,Validation,15,1.0,12187.0,12261.1875,time,-21.5,-22.5
2022-05-26,2022,Validation,15,2.0,12187.0,12261.1875,time,-21.5,-23.5
2022-05-27,2022,Validation,3,1.0,12573.75,12618.875,time,-10.75,-11.75
2022-05-27,2022,Validation,3,2.0,12573.75,12618.875,time,-10.75,-12.75
2022-05-27,2022,Validation,5,1.0,12573.75,12618.875,time,-6.0,-7.0
2022-05-27,2022,Validation,5,2.0,12573.75,12618.875,time,-6.0,-8.0
2022-05-27,2022,Validation,10,1.0,12573.75,12618.875,time,-1.0,-2.0
2022-05-27,2022,Validation,10,2.0,12573.75,12618.875,time,-1.0,-3.0
2022-05-27,2022,Validation,15,1.0,12573.75,12618.875,time,0.75,-0.25
2022-05-27,2022,Validation,15,2.0,12573.75,12618.875,time,0.75,-1.25
2022-05-31,2022,Validation,3,1.0,12675.5,12727.5,time,-24.25,-25.25
2022-05-31,2022,Validation,3,2.0,12675.5,12727.5,time,-24.25,-26.25
2022-05-31,2022,Validation,5,1.0,12675.5,12727.5,time,-28.5,-29.5
2022-05-31,2022,Validation,5,2.0,12675.5,12727.5,time,-28.5,-30.5
2022-05-31,2022,Validation,10,1.0,12675.5,12727.5,time,-29.5,-30.5
2022-05-31,2022,Validation,10,2.0,12675.5,12727.5,time,-29.5,-31.5
2022-05-31,2022,Validation,15,1.0,12675.5,12727.5,stop,-52.0,-53.0
2022-05-31,2022,Validation,15,2.0,12675.5,12727.5,stop,-52.0,-54.0
2022-06-07,2022,Validation,3,1.0,12598.0,12644.9375,time,2.25,1.25
2022-06-07,2022,Validation,3,2.0,12598.0,12644.9375,time,2.25,0.25
2022-06-07,2022,Validation,5,1.0,12598.0,12644.9375,time,0.25,-0.75
2022-06-07,2022,Validation,5,2.0,12598.0,12644.9375,time,0.25,-1.75
2022-06-07,2022,Validation,10,1.0,12598.0,12644.9375,time,-8.5,-9.5
2022-06-07,2022,Validation,10,2.0,12598.0,12644.9375,time,-8.5,-10.5
2022-06-07,2022,Validation,15,1.0,12598.0,12644.9375,time,-2.25,-3.25
2022-06-07,2022,Validation,15,2.0,12598.0,12644.9375,time,-2.25,-4.25
2022-06-21,2022,Validation,3,1.0,11664.25,11711.875,time,-4.25,-5.25
2022-06-21,2022,Validation,3,2.0,11664.25,11711.875,time,-4.25,-6.25
2022-06-21,2022,Validation,5,1.0,11664.25,11711.875,time,-2.0,-3.0
2022-06-21,2022,Validation,5,2.0,11664.25,11711.875,time,-2.0,-4.0
2022-06-21,2022,Validation,10,1.0,11664.25,11711.875,time,12.25,11.25
2022-06-21,2022,Validation,10,2.0,11664.25,11711.875,time,12.25,10.25
2022-06-21,2022,Validation,15,1.0,11664.25,11711.875,time,14.75,13.75
2022-06-21,2022,Validation,15,2.0,11664.25,11711.875,time,14.75,12.75
2022-06-22,2022,Validation,3,1.0,11685.5,11752.8125,time,-5.5,-6.5
2022-06-22,2022,Validation,3,2.0,11685.5,11752.8125,time,-5.5,-7.5
2022-06-22,2022,Validation,5,1.0,11685.5,11752.8125,time,-3.25,-4.25
2022-06-22,2022,Validation,5,2.0,11685.5,11752.8125,time,-3.25,-5.25
2022-06-22,2022,Validation,10,1.0,11685.5,11752.8125,time,-11.25,-12.25
2022-06-22,2022,Validation,10,2.0,11685.5,11752.8125,time,-11.25,-13.25
2022-06-22,2022,Validation,15,1.0,11685.5,11752.8125,time,21.0,20.0
2022-06-22,2022,Validation,15,2.0,11685.5,11752.8125,time,21.0,19.0
2022-06-23,2022,Validation,3,1.0,11683.0,11719.0,time,-8.5,-9.5
2022-06-23,2022,Validation,3,2.0,11683.0,11719.0,time,-8.5,-10.5
2022-06-23,2022,Validation,5,1.0,11683.0,11719.0,time,-14.25,-15.25
2022-06-23,2022,Validation,5,2.0,11683.0,11719.0,time,-14.25,-16.25
2022-06-23,2022,Validation,10,1.0,11683.0,11719.0,stop,-36.0,-37.0
2022-06-23,2022,Validation,10,2.0,11683.0,11719.0,stop,-36.0,-38.0
2022-06-23,2022,Validation,15,1.0,11683.0,11719.0,stop,-36.0,-37.0
2022-06-23,2022,Validation,15,2.0,11683.0,11719.0,stop,-36.0,-38.0
2022-06-30,2022,Validation,3,1.0,11584.25,11643.5,time,34.75,33.75
2022-06-30,2022,Validation,3,2.0,11584.25,11643.5,time,34.75,32.75
2022-06-30,2022,Validation,5,1.0,11584.25,11643.5,time,36.25,35.25
2022-06-30,2022,Validation,5,2.0,11584.25,11643.5,time,36.25,34.25
2022-06-30,2022,Validation,10,1.0,11584.25,11643.5,time,16.25,15.25
2022-06-30,2022,Validation,10,2.0,11584.25,11643.5,time,16.25,14.25
2022-06-30,2022,Validation,15,1.0,11584.25,11643.5,time,3.25,2.25
2022-06-30,2022,Validation,15,2.0,11584.25,11643.5,time,3.25,1.25
2022-07-05,2022,Validation,3,1.0,11504.25,11536.6875,time,7.5,6.5
2022-07-05,2022,Validation,3,2.0,11504.25,11536.6875,time,7.5,5.5
2022-07-05,2022,Validation,5,1.0,11504.25,11536.6875,time,7.0,6.0
2022-07-05,2022,Validation,5,2.0,11504.25,11536.6875,time,7.0,5.0
2022-07-05,2022,Validation,10,1.0,11504.25,11536.6875,time,14.75,13.75
2022-07-05,2022,Validation,10,2.0,11504.25,11536.6875,time,14.75,12.75
2022-07-05,2022,Validation,15,1.0,11504.25,11536.6875,time,8.0,7.0
2022-07-05,2022,Validation,15,2.0,11504.25,11536.6875,time,8.0,6.0
2022-07-07,2022,Validation,3,1.0,12050.25,12083.625,time,-4.25,-5.25
2022-07-07,2022,Validation,3,2.0,12050.25,12083.625,time,-4.25,-6.25
2022-07-07,2022,Validation,5,1.0,12050.25,12083.625,time,-12.5,-13.5
2022-07-07,2022,Validation,5,2.0,12050.25,12083.625,time,-12.5,-14.5
2022-07-07,2022,Validation,10,1.0,12050.25,12083.625,time,-15.25,-16.25
2022-07-07,2022,Validation,10,2.0,12050.25,12083.625,time,-15.25,-17.25
2022-07-07,2022,Validation,15,1.0,12050.25,12083.625,time,-7.75,-8.75
2022-07-07,2022,Validation,15,2.0,12050.25,12083.625,time,-7.75,-9.75
2022-07-08,2022,Validation,3,1.0,12119.25,12155.8125,time,-20.25,-21.25
2022-07-08,2022,Validation,3,2.0,12119.25,12155.8125,time,-20.25,-22.25
2022-07-08,2022,Validation,5,1.0,12119.25,12155.8125,time,-27.0,-28.0
2022-07-08,2022,Validation,5,2.0,12119.25,12155.8125,time,-27.0,-29.0
2022-07-08,2022,Validation,10,1.0,12119.25,12155.8125,stop,-36.5625,-37.5625
2022-07-08,2022,Validation,10,2.0,12119.25,12155.8125,stop,-36.5625,-38.5625
2022-07-08,2022,Validation,15,1.0,12119.25,12155.8125,stop,-36.5625,-37.5625
2022-07-08,2022,Validation,15,2.0,12119.25,12155.8125,stop,-36.5625,-38.5625
2022-07-14,2022,Validation,3,1.0,11681.75,11725.0625,time,-1.75,-2.75
2022-07-14,2022,Validation,3,2.0,11681.75,11725.0625,time,-1.75,-3.75
2022-07-14,2022,Validation,5,1.0,11681.75,11725.0625,time,-7.25,-8.25
2022-07-14,2022,Validation,5,2.0,11681.75,11725.0625,time,-7.25,-9.25
2022-07-14,2022,Validation,10,1.0,11681.75,11725.0625,time,-11.25,-12.25
2022-07-14,2022,Validation,10,2.0,11681.75,11725.0625,time,-11.25,-13.25
2022-07-14,2022,Validation,15,1.0,11681.75,11725.0625,time,6.25,5.25
2022-07-14,2022,Validation,15,2.0,11681.75,11725.0625,time,6.25,4.25
2022-07-15,2022,Validation,3,1.0,11973.25,12007.375,time,-3.0,-4.0
2022-07-15,2022,Validation,3,2.0,11973.25,12007.375,time,-3.0,-5.0
2022-07-15,2022,Validation,5,1.0,11973.25,12007.375,time,0.25,-0.75
2022-07-15,2022,Validation,5,2.0,11973.25,12007.375,time,0.25,-1.75
2022-07-15,2022,Validation,10,1.0,11973.25,12007.375,time,-8.75,-9.75
2022-07-15,2022,Validation,10,2.0,11973.25,12007.375,time,-8.75,-10.75
2022-07-15,2022,Validation,15,1.0,11973.25,12007.375,time,-4.0,-5.0
2022-07-15,2022,Validation,15,2.0,11973.25,12007.375,time,-4.0,-6.0
2022-07-20,2022,Validation,3,1.0,12372.0,12406.0625,time,3.5,2.5
2022-07-20,2022,Validation,3,2.0,12372.0,12406.0625,time,3.5,1.5
2022-07-20,2022,Validation,5,1.0,12372.0,12406.0625,time,-18.0,-19.0
2022-07-20,2022,Validation,5,2.0,12372.0,12406.0625,time,-18.0,-20.0
2022-07-20,2022,Validation,10,1.0,12372.0,12406.0625,time,-12.5,-13.5
2022-07-20,2022,Validation,10,2.0,12372.0,12406.0625,time,-12.5,-14.5
2022-07-20,2022,Validation,15,1.0,12372.0,12406.0625,stop,-34.0625,-35.0625
2022-07-20,2022,Validation,15,2.0,12372.0,12406.0625,stop,-34.0625,-36.0625
2022-07-27,2022,Validation,3,1.0,12427.0,12466.5,time,-0.25,-1.25
2022-07-27,2022,Validation,3,2.0,12427.0,12466.5,time,-0.25,-2.25
2022-07-27,2022,Validation,5,1.0,12427.0,12466.5,time,-4.75,-5.75
2022-07-27,2022,Validation,5,2.0,12427.0,12466.5,time,-4.75,-6.75
2022-07-27,2022,Validation,10,1.0,12427.0,12466.5,time,-4.0,-5.0
2022-07-27,2022,Validation,10,2.0,12427.0,12466.5,time,-4.0,-6.0
2022-07-27,2022,Validation,15,1.0,12427.0,12466.5,time,14.5,13.5
2022-07-27,2022,Validation,15,2.0,12427.0,12466.5,time,14.5,12.5
2022-07-28,2022,Validation,3,1.0,12643.25,12693.75,time,-14.25,-15.25
2022-07-28,2022,Validation,3,2.0,12643.25,12693.75,time,-14.25,-16.25
2022-07-28,2022,Validation,5,1.0,12643.25,12693.75,time,-22.75,-23.75
2022-07-28,2022,Validation,5,2.0,12643.25,12693.75,time,-22.75,-24.75
2022-07-28,2022,Validation,10,1.0,12643.25,12693.75,time,-26.25,-27.25
2022-07-28,2022,Validation,10,2.0,12643.25,12693.75,time,-26.25,-28.25
2022-07-28,2022,Validation,15,1.0,12643.25,12693.75,time,-21.0,-22.0
2022-07-28,2022,Validation,15,2.0,12643.25,12693.75,time,-21.0,-23.0
2022-07-29,2022,Validation,3,1.0,12925.5,12972.125,time,0.0,-1.0
2022-07-29,2022,Validation,3,2.0,12925.5,12972.125,time,0.0,-2.0
2022-07-29,2022,Validation,5,1.0,12925.5,12972.125,time,-1.0,-2.0
2022-07-29,2022,Validation,5,2.0,12925.5,12972.125,time,-1.0,-3.0
2022-07-29,2022,Validation,10,1.0,12925.5,12972.125,time,-15.25,-16.25
2022-07-29,2022,Validation,10,2.0,12925.5,12972.125,time,-15.25,-17.25
2022-07-29,2022,Validation,15,1.0,12925.5,12972.125,time,-9.5,-10.5
2022-07-29,2022,Validation,15,2.0,12925.5,12972.125,time,-9.5,-11.5
2022-08-01,2022,Validation,3,1.0,13059.75,13113.875,time,-7.0,-8.0
2022-08-01,2022,Validation,3,2.0,13059.75,13113.875,time,-7.0,-9.0
2022-08-01,2022,Validation,5,1.0,13059.75,13113.875,time,-22.25,-23.25
2022-08-01,2022,Validation,5,2.0,13059.75,13113.875,time,-22.25,-24.25
2022-08-01,2022,Validation,10,1.0,13059.75,13113.875,time,23.5,22.5
2022-08-01,2022,Validation,10,2.0,13059.75,13113.875,time,23.5,21.5
2022-08-01,2022,Validation,15,1.0,13059.75,13113.875,time,-6.75,-7.75
2022-08-01,2022,Validation,15,2.0,13059.75,13113.875,time,-6.75,-8.75
2022-08-02,2022,Validation,3,1.0,12938.25,12972.4375,time,-8.0,-9.0
2022-08-02,2022,Validation,3,2.0,12938.25,12972.4375,time,-8.0,-10.0
2022-08-02,2022,Validation,5,1.0,12938.25,12972.4375,time,-7.0,-8.0
2022-08-02,2022,Validation,5,2.0,12938.25,12972.4375,time,-7.0,-9.0
2022-08-02,2022,Validation,10,1.0,12938.25,12972.4375,time,-7.0,-8.0
2022-08-02,2022,Validation,10,2.0,12938.25,12972.4375,time,-7.0,-9.0
2022-08-02,2022,Validation,15,1.0,12938.25,12972.4375,time,-28.25,-29.25
2022-08-02,2022,Validation,15,2.0,12938.25,12972.4375,time,-28.25,-30.25
2022-08-03,2022,Validation,3,1.0,13164.0,13209.9375,time,-13.75,-14.75
2022-08-03,2022,Validation,3,2.0,13164.0,13209.9375,time,-13.75,-15.75
2022-08-03,2022,Validation,5,1.0,13164.0,13209.9375,time,-17.25,-18.25
2022-08-03,2022,Validation,5,2.0,13164.0,13209.9375,time,-17.25,-19.25
2022-08-03,2022,Validation,10,1.0,13164.0,13209.9375,time,-17.5,-18.5
2022-08-03,2022,Validation,10,2.0,13164.0,13209.9375,time,-17.5,-19.5
2022-08-03,2022,Validation,15,1.0,13164.0,13209.9375,time,-13.75,-14.75
2022-08-03,2022,Validation,15,2.0,13164.0,13209.9375,time,-13.75,-15.75
2022-08-10,2022,Validation,3,1.0,13348.5,13377.8125,time,6.0,5.0
2022-08-10,2022,Validation,3,2.0,13348.5,13377.8125,time,6.0,4.0
2022-08-10,2022,Validation,5,1.0,13348.5,13377.8125,time,2.75,1.75
2022-08-10,2022,Validation,5,2.0,13348.5,13377.8125,time,2.75,0.75
2022-08-10,2022,Validation,10,1.0,13348.5,13377.8125,time,-8.25,-9.25
2022-08-10,2022,Validation,10,2.0,13348.5,13377.8125,time,-8.25,-10.25
2022-08-10,2022,Validation,15,1.0,13348.5,13377.8125,time,-8.0,-9.0
2022-08-10,2022,Validation,15,2.0,13348.5,13377.8125,time,-8.0,-10.0
2022-08-12,2022,Validation,3,1.0,13457.25,13483.0625,time,-9.75,-10.75
2022-08-12,2022,Validation,3,2.0,13457.25,13483.0625,time,-9.75,-11.75
2022-08-12,2022,Validation,5,1.0,13457.25,13483.0625,time,-16.75,-17.75
2022-08-12,2022,Validation,5,2.0,13457.25,13483.0625,time,-16.75,-18.75
2022-08-12,2022,Validation,10,1.0,13457.25,13483.0625,stop,-25.8125,-26.8125
2022-08-12,2022,Validation,10,2.0,13457.25,13483.0625,stop,-25.8125,-27.8125
2022-08-12,2022,Validation,15,1.0,13457.25,13483.0625,stop,-25.8125,-26.8125
2022-08-12,2022,Validation,15,2.0,13457.25,13483.0625,stop,-25.8125,-27.8125
2022-08-18,2022,Validation,3,1.0,13501.0,13520.9375,time,3.0,2.0
2022-08-18,2022,Validation,3,2.0,13501.0,13520.9375,time,3.0,1.0
2022-08-18,2022,Validation,5,1.0,13501.0,13520.9375,time,-8.0,-9.0
2022-08-18,2022,Validation,5,2.0,13501.0,13520.9375,time,-8.0,-10.0
2022-08-18,2022,Validation,10,1.0,13501.0,13520.9375,stop,-19.9375,-20.9375
2022-08-18,2022,Validation,10,2.0,13501.0,13520.9375,stop,-19.9375,-21.9375
2022-08-18,2022,Validation,15,1.0,13501.0,13520.9375,stop,-19.9375,-20.9375
2022-08-18,2022,Validation,15,2.0,13501.0,13520.9375,stop,-19.9375,-21.9375
2022-08-24,2022,Validation,3,1.0,12948.5,12972.9375,time,-6.25,-7.25
2022-08-24,2022,Validation,3,2.0,12948.5,12972.9375,time,-6.25,-8.25
2022-08-24,2022,Validation,5,1.0,12948.5,12972.9375,time,2.25,1.25
2022-08-24,2022,Validation,5,2.0,12948.5,12972.9375,time,2.25,0.25
2022-08-24,2022,Validation,10,1.0,12948.5,12972.9375,time,8.75,7.75
2022-08-24,2022,Validation,10,2.0,12948.5,12972.9375,time,8.75,6.75
2022-08-24,2022,Validation,15,1.0,12948.5,12972.9375,time,3.5,2.5
2022-08-24,2022,Validation,15,2.0,12948.5,12972.9375,time,3.5,1.5
2022-08-25,2022,Validation,3,1.0,13085.0,13119.875,time,-1.5,-2.5
2022-08-25,2022,Validation,3,2.0,13085.0,13119.875,time,-1.5,-3.5
2022-08-25,2022,Validation,5,1.0,13085.0,13119.875,time,8.5,7.5
2022-08-25,2022,Validation,5,2.0,13085.0,13119.875,time,8.5,6.5
2022-08-25,2022,Validation,10,1.0,13085.0,13119.875,time,24.25,23.25
2022-08-25,2022,Validation,10,2.0,13085.0,13119.875,time,24.25,22.25
2022-08-25,2022,Validation,15,1.0,13085.0,13119.875,time,31.75,30.75
2022-08-25,2022,Validation,15,2.0,13085.0,13119.875,time,31.75,29.75
2022-09-02,2022,Validation,3,1.0,12393.25,12428.875,time,1.75,0.75
2022-09-02,2022,Validation,3,2.0,12393.25,12428.875,time,1.75,-0.25
2022-09-02,2022,Validation,5,1.0,12393.25,12428.875,time,-3.75,-4.75
2022-09-02,2022,Validation,5,2.0,12393.25,12428.875,time,-3.75,-5.75
2022-09-02,2022,Validation,10,1.0,12393.25,12428.875,time,-25.5,-26.5
2022-09-02,2022,Validation,10,2.0,12393.25,12428.875,time,-25.5,-27.5
2022-09-02,2022,Validation,15,1.0,12393.25,12428.875,time,-4.75,-5.75
2022-09-02,2022,Validation,15,2.0,12393.25,12428.875,time,-4.75,-6.75
2022-09-05,2022,Validation,3,1.0,12141.75,12152.6875,time,-5.25,-6.25
2022-09-05,2022,Validation,3,2.0,12141.75,12152.6875,time,-5.25,-7.25
2022-09-05,2022,Validation,5,1.0,12141.75,12152.6875,time,-7.5,-8.5
2022-09-05,2022,Validation,5,2.0,12141.75,12152.6875,time,-7.5,-9.5
2022-09-05,2022,Validation,10,1.0,12141.75,12152.6875,time,-5.25,-6.25
2022-09-05,2022,Validation,10,2.0,12141.75,12152.6875,time,-5.25,-7.25
2022-09-05,2022,Validation,15,1.0,12141.75,12152.6875,stop,-10.9375,-11.9375
2022-09-05,2022,Validation,15,2.0,12141.75,12152.6875,stop,-10.9375,-12.9375
2022-09-07,2022,Validation,3,1.0,12127.5,12152.1875,time,-6.0,-7.0
2022-09-07,2022,Validation,3,2.0,12127.5,12152.1875,time,-6.0,-8.0
2022-09-07,2022,Validation,5,1.0,12127.5,12152.1875,time,2.25,1.25
2022-09-07,2022,Validation,5,2.0,12127.5,12152.1875,time,2.25,0.25
2022-09-07,2022,Validation,10,1.0,12127.5,12152.1875,time,-2.0,-3.0
2022-09-07,2022,Validation,10,2.0,12127.5,12152.1875,time,-2.0,-4.0
2022-09-07,2022,Validation,15,1.0,12127.5,12152.1875,time,9.25,8.25
2022-09-07,2022,Validation,15,2.0,12127.5,12152.1875,time,9.25,7.25
2022-09-08,2022,Validation,3,1.0,12235.0,12277.75,time,49.5,48.5
2022-09-08,2022,Validation,3,2.0,12235.0,12277.75,time,49.5,47.5
2022-09-08,2022,Validation,5,1.0,12235.0,12277.75,time,44.5,43.5
2022-09-08,2022,Validation,5,2.0,12235.0,12277.75,time,44.5,42.5
2022-09-08,2022,Validation,10,1.0,12235.0,12277.75,time,60.25,59.25
2022-09-08,2022,Validation,10,2.0,12235.0,12277.75,time,60.25,58.25
2022-09-08,2022,Validation,15,1.0,12235.0,12277.75,time,67.75,66.75
2022-09-08,2022,Validation,15,2.0,12235.0,12277.75,time,67.75,65.75
2022-09-09,2022,Validation,3,1.0,12541.0,12573.4375,time,1.0,0.0
2022-09-09,2022,Validation,3,2.0,12541.0,12573.4375,time,1.0,-1.0
2022-09-09,2022,Validation,5,1.0,12541.0,12573.4375,time,-7.5,-8.5
2022-09-09,2022,Validation,5,2.0,12541.0,12573.4375,time,-7.5,-9.5
2022-09-09,2022,Validation,10,1.0,12541.0,12573.4375,time,7.75,6.75
2022-09-09,2022,Validation,10,2.0,12541.0,12573.4375,time,7.75,5.75
2022-09-09,2022,Validation,15,1.0,12541.0,12573.4375,time,-4.75,-5.75
2022-09-09,2022,Validation,15,2.0,12541.0,12573.4375,time,-4.75,-6.75
2022-09-14,2022,Validation,3,1.0,12201.25,12230.0625,stop,-28.8125,-29.8125
2022-09-14,2022,Validation,3,2.0,12201.25,12230.0625,stop,-28.8125,-30.8125
2022-09-14,2022,Validation,5,1.0,12201.25,12230.0625,stop,-28.8125,-29.8125
2022-09-14,2022,Validation,5,2.0,12201.25,12230.0625,stop,-28.8125,-30.8125
2022-09-14,2022,Validation,10,1.0,12201.25,12230.0625,stop,-28.8125,-29.8125
2022-09-14,2022,Validation,10,2.0,12201.25,12230.0625,stop,-28.8125,-30.8125
2022-09-14,2022,Validation,15,1.0,12201.25,12230.0625,stop,-28.8125,-29.8125
2022-09-14,2022,Validation,15,2.0,12201.25,12230.0625,stop,-28.8125,-30.8125
2022-09-16,2022,Validation,3,1.0,11861.75,11887.75,time,18.0,17.0
2022-09-16,2022,Validation,3,2.0,11861.75,11887.75,time,18.0,16.0
2022-09-16,2022,Validation,5,1.0,11861.75,11887.75,time,27.25,26.25
2022-09-16,2022,Validation,5,2.0,11861.75,11887.75,time,27.25,25.25
2022-09-16,2022,Validation,10,1.0,11861.75,11887.75,time,14.75,13.75
2022-09-16,2022,Validation,10,2.0,11861.75,11887.75,time,14.75,12.75
2022-09-16,2022,Validation,15,1.0,11861.75,11887.75,time,45.25,44.25
2022-09-16,2022,Validation,15,2.0,11861.75,11887.75,time,45.25,43.25
2022-09-19,2022,Validation,3,1.0,11925.25,11955.25,time,12.5,11.5
2022-09-19,2022,Validation,3,2.0,11925.25,11955.25,time,12.5,10.5
2022-09-19,2022,Validation,5,1.0,11925.25,11955.25,time,22.0,21.0
2022-09-19,2022,Validation,5,2.0,11925.25,11955.25,time,22.0,20.0
2022-09-19,2022,Validation,10,1.0,11925.25,11955.25,time,31.25,30.25
2022-09-19,2022,Validation,10,2.0,11925.25,11955.25,time,31.25,29.25
2022-09-19,2022,Validation,15,1.0,11925.25,11955.25,time,48.75,47.75
2022-09-19,2022,Validation,15,2.0,11925.25,11955.25,time,48.75,46.75
2022-09-20,2022,Validation,3,1.0,11943.75,11959.0,time,4.5,3.5
2022-09-20,2022,Validation,3,2.0,11943.75,11959.0,time,4.5,2.5
2022-09-20,2022,Validation,5,1.0,11943.75,11959.0,time,-0.5,-1.5
2022-09-20,2022,Validation,5,2.0,11943.75,11959.0,time,-0.5,-2.5
2022-09-20,2022,Validation,10,1.0,11943.75,11959.0,time,0.5,-0.5
2022-09-20,2022,Validation,10,2.0,11943.75,11959.0,time,0.5,-1.5
2022-09-20,2022,Validation,15,1.0,11943.75,11959.0,time,1.0,0.0
2022-09-20,2022,Validation,15,2.0,11943.75,11959.0,time,1.0,-1.0
2022-09-21,2022,Validation,3,1.0,11995.75,12011.0,time,-2.0,-3.0
2022-09-21,2022,Validation,3,2.0,11995.75,12011.0,time,-2.0,-4.0
2022-09-21,2022,Validation,5,1.0,11995.75,12011.0,time,1.25,0.25
2022-09-21,2022,Validation,5,2.0,11995.75,12011.0,time,1.25,-0.75
2022-09-21,2022,Validation,10,1.0,11995.75,12011.0,time,-9.25,-10.25
2022-09-21,2022,Validation,10,2.0,11995.75,12011.0,time,-9.25,-11.25
2022-09-21,2022,Validation,15,1.0,11995.75,12011.0,time,4.75,3.75
2022-09-21,2022,Validation,15,2.0,11995.75,12011.0,time,4.75,2.75
2022-09-28,2022,Validation,3,1.0,11398.0,11433.8125,time,-13.0,-14.0
2022-09-28,2022,Validation,3,2.0,11398.0,11433.8125,time,-13.0,-15.0
2022-09-28,2022,Validation,5,1.0,11398.0,11433.8125,time,-13.0,-14.0
2022-09-28,2022,Validation,5,2.0,11398.0,11433.8125,time,-13.0,-15.0
2022-09-28,2022,Validation,10,1.0,11398.0,11433.8125,time,0.0,-1.0
2022-09-28,2022,Validation,10,2.0,11398.0,11433.8125,time,0.0,-2.0
2022-09-28,2022,Validation,15,1.0,11398.0,11433.8125,time,-12.75,-13.75
2022-09-28,2022,Validation,15,2.0,11398.0,11433.8125,time,-12.75,-14.75
2022-09-30,2022,Validation,3,1.0,11264.25,11297.3125,time,1.75,0.75
2022-09-30,2022,Validation,3,2.0,11264.25,11297.3125,time,1.75,-0.25
2022-09-30,2022,Validation,5,1.0,11264.25,11297.3125,time,11.0,10.0
2022-09-30,2022,Validation,5,2.0,11264.25,11297.3125,time,11.0,9.0
2022-09-30,2022,Validation,10,1.0,11264.25,11297.3125,time,22.0,21.0
2022-09-30,2022,Validation,10,2.0,11264.25,11297.3125,time,22.0,20.0
2022-09-30,2022,Validation,15,1.0,11264.25,11297.3125,time,18.5,17.5
2022-09-30,2022,Validation,15,2.0,11264.25,11297.3125,time,18.5,16.5
2022-10-03,2022,Validation,3,1.0,11211.75,11255.3125,time,2.25,1.25
2022-10-03,2022,Validation,3,2.0,11211.75,11255.3125,time,2.25,0.25
2022-10-03,2022,Validation,5,1.0,11211.75,11255.3125,time,13.5,12.5
2022-10-03,2022,Validation,5,2.0,11211.75,11255.3125,time,13.5,11.5
2022-10-03,2022,Validation,10,1.0,11211.75,11255.3125,time,20.75,19.75
2022-10-03,2022,Validation,10,2.0,11211.75,11255.3125,time,20.75,18.75
2022-10-03,2022,Validation,15,1.0,11211.75,11255.3125,time,-8.5,-9.5
2022-10-03,2022,Validation,15,2.0,11211.75,11255.3125,time,-8.5,-10.5
2022-10-11,2022,Validation,3,1.0,10933.0,10972.0625,time,8.25,7.25
2022-10-11,2022,Validation,3,2.0,10933.0,10972.0625,time,8.25,6.25
2022-10-11,2022,Validation,5,1.0,10933.0,10972.0625,time,11.0,10.0
2022-10-11,2022,Validation,5,2.0,10933.0,10972.0625,time,11.0,9.0
2022-10-11,2022,Validation,10,1.0,10933.0,10972.0625,time,-16.0,-17.0
2022-10-11,2022,Validation,10,2.0,10933.0,10972.0625,time,-16.0,-18.0
2022-10-11,2022,Validation,15,1.0,10933.0,10972.0625,stop,-39.0625,-40.0625
2022-10-11,2022,Validation,15,2.0,10933.0,10972.0625,stop,-39.0625,-41.0625
2022-10-21,2022,Validation,3,1.0,11219.75,11277.25,time,24.75,23.75
2022-10-21,2022,Validation,3,2.0,11219.75,11277.25,time,24.75,22.75
2022-10-21,2022,Validation,5,1.0,11219.75,11277.25,time,-3.5,-4.5
2022-10-21,2022,Validation,5,2.0,11219.75,11277.25,time,-3.5,-5.5
2022-10-21,2022,Validation,10,1.0,11219.75,11277.25,time,23.0,22.0
2022-10-21,2022,Validation,10,2.0,11219.75,11277.25,time,23.0,21.0
2022-10-21,2022,Validation,15,1.0,11219.75,11277.25,time,1.25,0.25
2022-10-21,2022,Validation,15,2.0,11219.75,11277.25,time,1.25,-0.75
2022-10-24,2022,Validation,3,1.0,11422.5,11477.0625,time,-5.25,-6.25
2022-10-24,2022,Validation,3,2.0,11422.5,11477.0625,time,-5.25,-7.25
2022-10-24,2022,Validation,5,1.0,11422.5,11477.0625,time,6.0,5.0
2022-10-24,2022,Validation,5,2.0,11422.5,11477.0625,time,6.0,4.0
2022-10-24,2022,Validation,10,1.0,11422.5,11477.0625,time,-8.5,-9.5
2022-10-24,2022,Validation,10,2.0,11422.5,11477.0625,time,-8.5,-10.5
2022-10-24,2022,Validation,15,1.0,11422.5,11477.0625,time,-13.25,-14.25
2022-10-24,2022,Validation,15,2.0,11422.5,11477.0625,time,-13.25,-15.25
2022-10-25,2022,Validation,3,1.0,11653.75,11691.1875,time,-7.5,-8.5
2022-10-25,2022,Validation,3,2.0,11653.75,11691.1875,time,-7.5,-9.5
2022-10-25,2022,Validation,5,1.0,11653.75,11691.1875,time,-14.5,-15.5
2022-10-25,2022,Validation,5,2.0,11653.75,11691.1875,time,-14.5,-16.5
2022-10-25,2022,Validation,10,1.0,11653.75,11691.1875,time,-21.5,-22.5
2022-10-25,2022,Validation,10,2.0,11653.75,11691.1875,time,-21.5,-23.5
2022-10-25,2022,Validation,15,1.0,11653.75,11691.1875,time,-21.5,-22.5
2022-10-25,2022,Validation,15,2.0,11653.75,11691.1875,time,-21.5,-23.5
2022-10-26,2022,Validation,3,1.0,11585.75,11624.625,time,31.75,30.75
2022-10-26,2022,Validation,3,2.0,11585.75,11624.625,time,31.75,29.75
2022-10-26,2022,Validation,5,1.0,11585.75,11624.625,time,29.25,28.25
2022-10-26,2022,Validation,5,2.0,11585.75,11624.625,time,29.25,27.25
2022-10-26,2022,Validation,10,1.0,11585.75,11624.625,time,38.5,37.5
2022-10-26,2022,Validation,10,2.0,11585.75,11624.625,time,38.5,36.5
2022-10-26,2022,Validation,15,1.0,11585.75,11624.625,time,48.75,47.75
2022-10-26,2022,Validation,15,2.0,11585.75,11624.625,time,48.75,46.75
2022-11-03,2022,Validation,3,1.0,10825.5,10860.625,time,14.75,13.75
2022-11-03,2022,Validation,3,2.0,10825.5,10860.625,time,14.75,12.75
2022-11-03,2022,Validation,5,1.0,10825.5,10860.625,time,22.0,21.0
2022-11-03,2022,Validation,5,2.0,10825.5,10860.625,time,22.0,20.0
2022-11-03,2022,Validation,10,1.0,10825.5,10860.625,time,25.5,24.5
2022-11-03,2022,Validation,10,2.0,10825.5,10860.625,time,25.5,23.5
2022-11-03,2022,Validation,15,1.0,10825.5,10860.625,time,31.25,30.25
2022-11-03,2022,Validation,15,2.0,10825.5,10860.625,time,31.25,29.25
2022-11-08,2022,Validation,3,1.0,11101.5,11127.6875,time,5.0,4.0
2022-11-08,2022,Validation,3,2.0,11101.5,11127.6875,time,5.0,3.0
2022-11-08,2022,Validation,5,1.0,11101.5,11127.6875,time,-1.75,-2.75
2022-11-08,2022,Validation,5,2.0,11101.5,11127.6875,time,-1.75,-3.75
2022-11-08,2022,Validation,10,1.0,11101.5,11127.6875,time,-10.25,-11.25
2022-11-08,2022,Validation,10,2.0,11101.5,11127.6875,time,-10.25,-12.25
2022-11-08,2022,Validation,15,1.0,11101.5,11127.6875,time,-10.5,-11.5
2022-11-08,2022,Validation,15,2.0,11101.5,11127.6875,time,-10.5,-12.5
2022-11-10,2022,Validation,3,1.0,11463.25,11513.1875,time,-11.25,-12.25
2022-11-10,2022,Validation,3,2.0,11463.25,11513.1875,time,-11.25,-13.25
2022-11-10,2022,Validation,5,1.0,11463.25,11513.1875,time,-15.25,-16.25
2022-11-10,2022,Validation,5,2.0,11463.25,11513.1875,time,-15.25,-17.25
2022-11-10,2022,Validation,10,1.0,11463.25,11513.1875,time,-20.75,-21.75
2022-11-10,2022,Validation,10,2.0,11463.25,11513.1875,time,-20.75,-22.75
2022-11-10,2022,Validation,15,1.0,11463.25,11513.1875,time,-30.75,-31.75
2022-11-10,2022,Validation,15,2.0,11463.25,11513.1875,time,-30.75,-32.75
2022-11-11,2022,Validation,3,1.0,11748.25,11796.25,time,-15.0,-16.0
2022-11-11,2022,Validation,3,2.0,11748.25,11796.25,time,-15.0,-17.0
2022-11-11,2022,Validation,5,1.0,11748.25,11796.25,time,-20.5,-21.5
2022-11-11,2022,Validation,5,2.0,11748.25,11796.25,time,-20.5,-22.5
2022-11-11,2022,Validation,10,1.0,11748.25,11796.25,time,28.0,27.0
2022-11-11,2022,Validation,10,2.0,11748.25,11796.25,time,28.0,26.0
2022-11-11,2022,Validation,15,1.0,11748.25,11796.25,time,44.75,43.75
2022-11-11,2022,Validation,15,2.0,11748.25,11796.25,time,44.75,42.75
2022-11-14,2022,Validation,3,1.0,11800.5,11829.0,time,-11.25,-12.25
2022-11-14,2022,Validation,3,2.0,11800.5,11829.0,time,-11.25,-13.25
2022-11-14,2022,Validation,5,1.0,11800.5,11829.0,time,-2.25,-3.25
2022-11-14,2022,Validation,5,2.0,11800.5,11829.0,time,-2.25,-4.25
2022-11-14,2022,Validation,10,1.0,11800.5,11829.0,stop,-28.5,-29.5
2022-11-14,2022,Validation,10,2.0,11800.5,11829.0,stop,-28.5,-30.5
2022-11-14,2022,Validation,15,1.0,11800.5,11829.0,stop,-28.5,-29.5
2022-11-14,2022,Validation,15,2.0,11800.5,11829.0,stop,-28.5,-30.5
2022-11-23,2022,Validation,3,1.0,11864.5,11895.25,time,2.0,1.0
2022-11-23,2022,Validation,3,2.0,11864.5,11895.25,time,2.0,0.0
2022-11-23,2022,Validation,5,1.0,11864.5,11895.25,time,-2.25,-3.25
2022-11-23,2022,Validation,5,2.0,11864.5,11895.25,time,-2.25,-4.25
2022-11-23,2022,Validation,10,1.0,11864.5,11895.25,time,-12.0,-13.0
2022-11-23,2022,Validation,10,2.0,11864.5,11895.25,time,-12.0,-14.0
2022-11-23,2022,Validation,15,1.0,11864.5,11895.25,time,-8.5,-9.5
2022-11-23,2022,Validation,15,2.0,11864.5,11895.25,time,-8.5,-10.5
2022-11-24,2022,Validation,3,1.0,11916.25,11921.1875,time,0.25,-0.75
2022-11-24,2022,Validation,3,2.0,11916.25,11921.1875,time,0.25,-1.75
2022-11-24,2022,Validation,5,1.0,11916.25,11921.1875,time,1.25,0.25
2022-11-24,2022,Validation,5,2.0,11916.25,11921.1875,time,1.25,-0.75
2022-11-24,2022,Validation,10,1.0,11916.25,11921.1875,stop,-4.9375,-5.9375
2022-11-24,2022,Validation,10,2.0,11916.25,11921.1875,stop,-4.9375,-6.9375
2022-11-24,2022,Validation,15,1.0,11916.25,11921.1875,stop,-4.9375,-5.9375
2022-11-24,2022,Validation,15,2.0,11916.25,11921.1875,stop,-4.9375,-6.9375
2022-12-02,2022,Validation,3,1.0,11951.5,11980.375,time,-2.5,-3.5
2022-12-02,2022,Validation,3,2.0,11951.5,11980.375,time,-2.5,-4.5
2022-12-02,2022,Validation,5,1.0,11951.5,11980.375,time,8.5,7.5
2022-12-02,2022,Validation,5,2.0,11951.5,11980.375,time,8.5,6.5
2022-12-02,2022,Validation,10,1.0,11951.5,11980.375,time,6.25,5.25
2022-12-02,2022,Validation,10,2.0,11951.5,11980.375,time,6.25,4.25
2022-12-02,2022,Validation,15,1.0,11951.5,11980.375,time,2.25,1.25
2022-12-02,2022,Validation,15,2.0,11951.5,11980.375,time,2.25,0.25
2022-12-08,2022,Validation,3,1.0,11653.5,11700.125,time,4.5,3.5
2022-12-08,2022,Validation,3,2.0,11653.5,11700.125,time,4.5,2.5
2022-12-08,2022,Validation,5,1.0,11653.5,11700.125,time,4.25,3.25
2022-12-08,2022,Validation,5,2.0,11653.5,11700.125,time,4.25,2.25
2022-12-08,2022,Validation,10,1.0,11653.5,11700.125,time,43.25,42.25
2022-12-08,2022,Validation,10,2.0,11653.5,11700.125,time,43.25,41.25
2022-12-08,2022,Validation,15,1.0,11653.5,11700.125,time,50.75,49.75
2022-12-08,2022,Validation,15,2.0,11653.5,11700.125,time,50.75,48.75
2022-12-09,2022,Validation,3,1.0,11652.75,11680.4375,time,9.0,8.0
2022-12-09,2022,Validation,3,2.0,11652.75,11680.4375,time,9.0,7.0
2022-12-09,2022,Validation,5,1.0,11652.75,11680.4375,time,18.75,17.75
2022-12-09,2022,Validation,5,2.0,11652.75,11680.4375,time,18.75,16.75
2022-12-09,2022,Validation,10,1.0,11652.75,11680.4375,time,-7.0,-8.0
2022-12-09,2022,Validation,10,2.0,11652.75,11680.4375,time,-7.0,-9.0
2022-12-09,2022,Validation,15,1.0,11652.75,11680.4375,stop,-27.6875,-28.6875
2022-12-09,2022,Validation,15,2.0,11652.75,11680.4375,stop,-27.6875,-29.6875
2022-12-14,2022,Validation,3,1.0,12017.5,12046.0,time,-11.5,-12.5
2022-12-14,2022,Validation,3,2.0,12017.5,12046.0,time,-11.5,-13.5
2022-12-14,2022,Validation,5,1.0,12017.5,12046.0,time,-13.25,-14.25
2022-12-14,2022,Validation,5,2.0,12017.5,12046.0,time,-13.25,-15.25
2022-12-14,2022,Validation,10,1.0,12017.5,12046.0,time,-18.0,-19.0
2022-12-14,2022,Validation,10,2.0,12017.5,12046.0,time,-18.0,-20.0
2022-12-14,2022,Validation,15,1.0,12017.5,12046.0,stop,-28.5,-29.5
2022-12-14,2022,Validation,15,2.0,12017.5,12046.0,stop,-28.5,-30.5
2022-12-20,2022,Validation,3,1.0,11192.75,11230.9375,time,-12.5,-13.5
2022-12-20,2022,Validation,3,2.0,11192.75,11230.9375,time,-12.5,-14.5
2022-12-20,2022,Validation,5,1.0,11192.75,11230.9375,time,-11.25,-12.25
2022-12-20,2022,Validation,5,2.0,11192.75,11230.9375,time,-11.25,-13.25
2022-12-20,2022,Validation,10,1.0,11192.75,11230.9375,time,11.25,10.25
2022-12-20,2022,Validation,10,2.0,11192.75,11230.9375,time,11.25,9.25
2022-12-20,2022,Validation,15,1.0,11192.75,11230.9375,time,29.75,28.75
2022-12-20,2022,Validation,15,2.0,11192.75,11230.9375,time,29.75,27.75
2022-12-23,2022,Validation,3,1.0,11050.5,11085.0625,time,26.25,25.25
2022-12-23,2022,Validation,3,2.0,11050.5,11085.0625,time,26.25,24.25
2022-12-23,2022,Validation,5,1.0,11050.5,11085.0625,time,22.5,21.5
2022-12-23,2022,Validation,5,2.0,11050.5,11085.0625,time,22.5,20.5
2022-12-23,2022,Validation,10,1.0,11050.5,11085.0625,time,35.5,34.5
2022-12-23,2022,Validation,10,2.0,11050.5,11085.0625,time,35.5,33.5
2022-12-23,2022,Validation,15,1.0,11050.5,11085.0625,time,68.75,67.75
2022-12-23,2022,Validation,15,2.0,11050.5,11085.0625,time,68.75,66.75
2022-12-29,2022,Validation,3,1.0,11016.5,11056.5625,time,-14.75,-15.75
2022-12-29,2022,Validation,3,2.0,11016.5,11056.5625,time,-14.75,-16.75
2022-12-29,2022,Validation,5,1.0,11016.5,11056.5625,time,-8.0,-9.0
2022-12-29,2022,Validation,5,2.0,11016.5,11056.5625,time,-8.0,-10.0
2022-12-29,2022,Validation,10,1.0,11016.5,11056.5625,time,-15.25,-16.25
2022-12-29,2022,Validation,10,2.0,11016.5,11056.5625,time,-15.25,-17.25
2022-12-29,2022,Validation,15,1.0,11016.5,11056.5625,time,-9.0,-10.0
2022-12-29,2022,Validation,15,2.0,11016.5,11056.5625,time,-9.0,-11.0
2022-12-30,2022,Validation,3,1.0,10939.25,10962.3125,time,10.5,9.5
2022-12-30,2022,Validation,3,2.0,10939.25,10962.3125,time,10.5,8.5
2022-12-30,2022,Validation,5,1.0,10939.25,10962.3125,time,8.25,7.25
2022-12-30,2022,Validation,5,2.0,10939.25,10962.3125,time,8.25,6.25
2022-12-30,2022,Validation,10,1.0,10939.25,10962.3125,time,2.5,1.5
2022-12-30,2022,Validation,10,2.0,10939.25,10962.3125,time,2.5,0.5
2022-12-30,2022,Validation,15,1.0,10939.25,10962.3125,time,-7.25,-8.25
2022-12-30,2022,Validation,15,2.0,10939.25,10962.3125,time,-7.25,-9.25
2023-01-04,2023,Validation,3,1.0,11043.75,11089.5,time,6.75,5.75
2023-01-04,2023,Validation,3,2.0,11043.75,11089.5,time,6.75,4.75
2023-01-04,2023,Validation,5,1.0,11043.75,11089.5,time,6.25,5.25
2023-01-04,2023,Validation,5,2.0,11043.75,11089.5,time,6.25,4.25
2023-01-04,2023,Validation,10,1.0,11043.75,11089.5,time,5.25,4.25
2023-01-04,2023,Validation,10,2.0,11043.75,11089.5,time,5.25,3.25
2023-01-04,2023,Validation,15,1.0,11043.75,11089.5,time,-4.0,-5.0
2023-01-04,2023,Validation,15,2.0,11043.75,11089.5,time,-4.0,-6.0
2023-01-06,2023,Validation,3,1.0,10941.25,10985.9375,time,-7.0,-8.0
2023-01-06,2023,Validation,3,2.0,10941.25,10985.9375,time,-7.0,-9.0
2023-01-06,2023,Validation,5,1.0,10941.25,10985.9375,time,-34.25,-35.25
2023-01-06,2023,Validation,5,2.0,10941.25,10985.9375,time,-34.25,-36.25
2023-01-06,2023,Validation,10,1.0,10941.25,10985.9375,time,-38.5,-39.5
2023-01-06,2023,Validation,10,2.0,10941.25,10985.9375,time,-38.5,-40.5
2023-01-06,2023,Validation,15,1.0,10941.25,10985.9375,stop,-44.6875,-45.6875
2023-01-06,2023,Validation,15,2.0,10941.25,10985.9375,stop,-44.6875,-46.6875
2023-01-09,2023,Validation,3,1.0,11323.5,11356.0625,time,15.5,14.5
2023-01-09,2023,Validation,3,2.0,11323.5,11356.0625,time,15.5,13.5
2023-01-09,2023,Validation,5,1.0,11323.5,11356.0625,time,34.75,33.75
2023-01-09,2023,Validation,5,2.0,11323.5,11356.0625,time,34.75,32.75
2023-01-09,2023,Validation,10,1.0,11323.5,11356.0625,time,45.0,44.0
2023-01-09,2023,Validation,10,2.0,11323.5,11356.0625,time,45.0,43.0
2023-01-09,2023,Validation,15,1.0,11323.5,11356.0625,time,45.75,44.75
2023-01-09,2023,Validation,15,2.0,11323.5,11356.0625,time,45.75,43.75
2023-01-12,2023,Validation,3,1.0,11480.0,11531.875,time,-1.5,-2.5
2023-01-12,2023,Validation,3,2.0,11480.0,11531.875,time,-1.5,-3.5
2023-01-12,2023,Validation,5,1.0,11480.0,11531.875,time,-10.75,-11.75
2023-01-12,2023,Validation,5,2.0,11480.0,11531.875,time,-10.75,-12.75
2023-01-12,2023,Validation,10,1.0,11480.0,11531.875,time,-36.75,-37.75
2023-01-12,2023,Validation,10,2.0,11480.0,11531.875,time,-36.75,-38.75
2023-01-12,2023,Validation,15,1.0,11480.0,11531.875,time,-43.0,-44.0
2023-01-12,2023,Validation,15,2.0,11480.0,11531.875,time,-43.0,-45.0
2023-01-13,2023,Validation,3,1.0,11522.0,11550.3125,time,1.75,0.75
2023-01-13,2023,Validation,3,2.0,11522.0,11550.3125,time,1.75,-0.25
2023-01-13,2023,Validation,5,1.0,11522.0,11550.3125,time,5.25,4.25
2023-01-13,2023,Validation,5,2.0,11522.0,11550.3125,time,5.25,3.25
2023-01-13,2023,Validation,10,1.0,11522.0,11550.3125,time,15.0,14.0
2023-01-13,2023,Validation,10,2.0,11522.0,11550.3125,time,15.0,13.0
2023-01-13,2023,Validation,15,1.0,11522.0,11550.3125,time,21.0,20.0
2023-01-13,2023,Validation,15,2.0,11522.0,11550.3125,time,21.0,19.0
2023-01-23,2023,Validation,3,1.0,11855.75,11902.6875,time,11.5,10.5
2023-01-23,2023,Validation,3,2.0,11855.75,11902.6875,time,11.5,9.5
2023-01-23,2023,Validation,5,1.0,11855.75,11902.6875,time,0.0,-1.0
2023-01-23,2023,Validation,5,2.0,11855.75,11902.6875,time,0.0,-2.0
2023-01-23,2023,Validation,10,1.0,11855.75,11902.6875,time,-24.25,-25.25
2023-01-23,2023,Validation,10,2.0,11855.75,11902.6875,time,-24.25,-26.25
2023-01-23,2023,Validation,15,1.0,11855.75,11902.6875,time,-16.25,-17.25
2023-01-23,2023,Validation,15,2.0,11855.75,11902.6875,time,-16.25,-18.25
2023-01-25,2023,Validation,3,1.0,11723.5,11750.8125,time,-0.5,-1.5
2023-01-25,2023,Validation,3,2.0,11723.5,11750.8125,time,-0.5,-2.5
2023-01-25,2023,Validation,5,1.0,11723.5,11750.8125,time,-1.0,-2.0
2023-01-25,2023,Validation,5,2.0,11723.5,11750.8125,time,-1.0,-3.0
2023-01-25,2023,Validation,10,1.0,11723.5,11750.8125,time,-11.75,-12.75
2023-01-25,2023,Validation,10,2.0,11723.5,11750.8125,time,-11.75,-13.75
2023-01-25,2023,Validation,15,1.0,11723.5,11750.8125,stop,-27.3125,-28.3125
2023-01-25,2023,Validation,15,2.0,11723.5,11750.8125,stop,-27.3125,-29.3125
2023-01-27,2023,Validation,3,1.0,12187.75,12225.625,time,-10.75,-11.75
2023-01-27,2023,Validation,3,2.0,12187.75,12225.625,time,-10.75,-12.75
2023-01-27,2023,Validation,5,1.0,12187.75,12225.625,time,-8.75,-9.75
2023-01-27,2023,Validation,5,2.0,12187.75,12225.625,time,-8.75,-10.75
2023-01-27,2023,Validation,10,1.0,12187.75,12225.625,time,-19.5,-20.5
2023-01-27,2023,Validation,10,2.0,12187.75,12225.625,time,-19.5,-21.5
2023-01-27,2023,Validation,15,1.0,12187.75,12225.625,time,-33.75,-34.75
2023-01-27,2023,Validation,15,2.0,12187.75,12225.625,time,-33.75,-35.75
2023-01-31,2023,Validation,3,1.0,12053.5,12076.625,time,-4.75,-5.75
2023-01-31,2023,Validation,3,2.0,12053.5,12076.625,time,-4.75,-6.75
2023-01-31,2023,Validation,5,1.0,12053.5,12076.625,time,-9.75,-10.75
2023-01-31,2023,Validation,5,2.0,12053.5,12076.625,time,-9.75,-11.75
2023-01-31,2023,Validation,10,1.0,12053.5,12076.625,time,-9.5,-10.5
2023-01-31,2023,Validation,10,2.0,12053.5,12076.625,time,-9.5,-11.5
2023-01-31,2023,Validation,15,1.0,12053.5,12076.625,stop,-23.125,-24.125
2023-01-31,2023,Validation,15,2.0,12053.5,12076.625,stop,-23.125,-25.125
2023-02-03,2023,Validation,3,1.0,12815.25,12884.125,time,27.75,26.75
2023-02-03,2023,Validation,3,2.0,12815.25,12884.125,time,27.75,25.75
2023-02-03,2023,Validation,5,1.0,12815.25,12884.125,time,12.0,11.0
2023-02-03,2023,Validation,5,2.0,12815.25,12884.125,time,12.0,10.0
2023-02-03,2023,Validation,10,1.0,12815.25,12884.125,time,-1.75,-2.75
2023-02-03,2023,Validation,10,2.0,12815.25,12884.125,time,-1.75,-3.75
2023-02-03,2023,Validation,15,1.0,12815.25,12884.125,time,-2.0,-3.0
2023-02-03,2023,Validation,15,2.0,12815.25,12884.125,time,-2.0,-4.0
2023-02-07,2023,Validation,3,1.0,12552.5,12571.8125,time,1.75,0.75
2023-02-07,2023,Validation,3,2.0,12552.5,12571.8125,time,1.75,-0.25
2023-02-07,2023,Validation,5,1.0,12552.5,12571.8125,time,4.5,3.5
2023-02-07,2023,Validation,5,2.0,12552.5,12571.8125,time,4.5,2.5
2023-02-07,2023,Validation,10,1.0,12552.5,12571.8125,time,-6.0,-7.0
2023-02-07,2023,Validation,10,2.0,12552.5,12571.8125,time,-6.0,-8.0
2023-02-07,2023,Validation,15,1.0,12552.5,12571.8125,stop,-19.3125,-20.3125
2023-02-07,2023,Validation,15,2.0,12552.5,12571.8125,stop,-19.3125,-21.3125
2023-02-15,2023,Validation,3,1.0,12616.0,12642.8125,time,-7.25,-8.25
2023-02-15,2023,Validation,3,2.0,12616.0,12642.8125,time,-7.25,-9.25
2023-02-15,2023,Validation,5,1.0,12616.0,12642.8125,time,-14.5,-15.5
2023-02-15,2023,Validation,5,2.0,12616.0,12642.8125,time,-14.5,-16.5
2023-02-15,2023,Validation,10,1.0,12616.0,12642.8125,stop,-26.8125,-27.8125
2023-02-15,2023,Validation,10,2.0,12616.0,12642.8125,stop,-26.8125,-28.8125
2023-02-15,2023,Validation,15,1.0,12616.0,12642.8125,stop,-26.8125,-27.8125
2023-02-15,2023,Validation,15,2.0,12616.0,12642.8125,stop,-26.8125,-28.8125
2023-02-16,2023,Validation,3,1.0,12608.5,12639.9375,time,-20.25,-21.25
2023-02-16,2023,Validation,3,2.0,12608.5,12639.9375,time,-20.25,-22.25
2023-02-16,2023,Validation,5,1.0,12608.5,12639.9375,stop,-31.4375,-32.4375
2023-02-16,2023,Validation,5,2.0,12608.5,12639.9375,stop,-31.4375,-33.4375
2023-02-16,2023,Validation,10,1.0,12608.5,12639.9375,stop,-31.4375,-32.4375
2023-02-16,2023,Validation,10,2.0,12608.5,12639.9375,stop,-31.4375,-33.4375
2023-02-16,2023,Validation,15,1.0,12608.5,12639.9375,stop,-31.4375,-32.4375
2023-02-16,2023,Validation,15,2.0,12608.5,12639.9375,stop,-31.4375,-33.4375
2023-03-03,2023,Validation,3,1.0,12224.0,12252.5,time,3.25,2.25
2023-03-03,2023,Validation,3,2.0,12224.0,12252.5,time,3.25,1.25
2023-03-03,2023,Validation,5,1.0,12224.0,12252.5,time,-2.25,-3.25
2023-03-03,2023,Validation,5,2.0,12224.0,12252.5,time,-2.25,-4.25
2023-03-03,2023,Validation,10,1.0,12224.0,12252.5,time,-3.75,-4.75
2023-03-03,2023,Validation,10,2.0,12224.0,12252.5,time,-3.75,-5.75
2023-03-03,2023,Validation,15,1.0,12224.0,12252.5,time,-18.25,-19.25
2023-03-03,2023,Validation,15,2.0,12224.0,12252.5,time,-18.25,-20.25
2023-03-06,2023,Validation,3,1.0,12435.25,12459.0,time,-2.0,-3.0
2023-03-06,2023,Validation,3,2.0,12435.25,12459.0,time,-2.0,-4.0
2023-03-06,2023,Validation,5,1.0,12435.25,12459.0,time,7.5,6.5
2023-03-06,2023,Validation,5,2.0,12435.25,12459.0,time,7.5,5.5
2023-03-06,2023,Validation,10,1.0,12435.25,12459.0,time,19.25,18.25
2023-03-06,2023,Validation,10,2.0,12435.25,12459.0,time,19.25,17.25
2023-03-06,2023,Validation,15,1.0,12435.25,12459.0,time,42.75,41.75
2023-03-06,2023,Validation,15,2.0,12435.25,12459.0,time,42.75,40.75
2023-03-08,2023,Validation,3,1.0,12210.25,12237.1875,time,7.0,6.0
2023-03-08,2023,Validation,3,2.0,12210.25,12237.1875,time,7.0,5.0
2023-03-08,2023,Validation,5,1.0,12210.25,12237.1875,time,9.75,8.75
2023-03-08,2023,Validation,5,2.0,12210.25,12237.1875,time,9.75,7.75
2023-03-08,2023,Validation,10,1.0,12210.25,12237.1875,time,32.25,31.25
2023-03-08,2023,Validation,10,2.0,12210.25,12237.1875,time,32.25,30.25
2023-03-08,2023,Validation,15,1.0,12210.25,12237.1875,time,21.75,20.75
2023-03-08,2023,Validation,15,2.0,12210.25,12237.1875,time,21.75,19.75
2023-03-10,2023,Validation,3,1.0,12001.75,12042.375,time,13.25,12.25
2023-03-10,2023,Validation,3,2.0,12001.75,12042.375,time,13.25,11.25
2023-03-10,2023,Validation,5,1.0,12001.75,12042.375,time,10.25,9.25
2023-03-10,2023,Validation,5,2.0,12001.75,12042.375,time,10.25,8.25
2023-03-10,2023,Validation,10,1.0,12001.75,12042.375,time,29.0,28.0
2023-03-10,2023,Validation,10,2.0,12001.75,12042.375,time,29.0,27.0
2023-03-10,2023,Validation,15,1.0,12001.75,12042.375,time,24.75,23.75
2023-03-10,2023,Validation,15,2.0,12001.75,12042.375,time,24.75,22.75
2023-03-13,2023,Validation,3,1.0,12064.5,12125.9375,stop,-61.4375,-62.4375
2023-03-13,2023,Validation,3,2.0,12064.5,12125.9375,stop,-61.4375,-63.4375
2023-03-13,2023,Validation,5,1.0,12064.5,12125.9375,stop,-61.4375,-62.4375
2023-03-13,2023,Validation,5,2.0,12064.5,12125.9375,stop,-61.4375,-63.4375
2023-03-13,2023,Validation,10,1.0,12064.5,12125.9375,stop,-61.4375,-62.4375
2023-03-13,2023,Validation,10,2.0,12064.5,12125.9375,stop,-61.4375,-63.4375
2023-03-13,2023,Validation,15,1.0,12064.5,12125.9375,stop,-61.4375,-62.4375
2023-03-13,2023,Validation,15,2.0,12064.5,12125.9375,stop,-61.4375,-63.4375
2023-03-14,2023,Validation,3,1.0,12307.75,12334.9375,time,-8.5,-9.5
2023-03-14,2023,Validation,3,2.0,12307.75,12334.9375,time,-8.5,-10.5
2023-03-14,2023,Validation,5,1.0,12307.75,12334.9375,time,-13.0,-14.0
2023-03-14,2023,Validation,5,2.0,12307.75,12334.9375,time,-13.0,-15.0
2023-03-14,2023,Validation,10,1.0,12307.75,12334.9375,time,-11.75,-12.75
2023-03-14,2023,Validation,10,2.0,12307.75,12334.9375,time,-11.75,-13.75
2023-03-14,2023,Validation,15,1.0,12307.75,12334.9375,time,16.75,15.75
2023-03-14,2023,Validation,15,2.0,12307.75,12334.9375,time,16.75,14.75
2023-03-20,2023,Validation,3,1.0,12626.25,12652.125,time,-17.25,-18.25
2023-03-20,2023,Validation,3,2.0,12626.25,12652.125,time,-17.25,-19.25
2023-03-20,2023,Validation,5,1.0,12626.25,12652.125,time,-18.25,-19.25
2023-03-20,2023,Validation,5,2.0,12626.25,12652.125,time,-18.25,-20.25
2023-03-20,2023,Validation,10,1.0,12626.25,12652.125,stop,-25.875,-26.875
2023-03-20,2023,Validation,10,2.0,12626.25,12652.125,stop,-25.875,-27.875
2023-03-20,2023,Validation,15,1.0,12626.25,12652.125,stop,-25.875,-26.875
2023-03-20,2023,Validation,15,2.0,12626.25,12652.125,stop,-25.875,-27.875
2023-03-22,2023,Validation,3,1.0,12932.75,12954.6875,time,-8.25,-9.25
2023-03-22,2023,Validation,3,2.0,12932.75,12954.6875,time,-8.25,-10.25
2023-03-22,2023,Validation,5,1.0,12932.75,12954.6875,time,-3.0,-4.0
2023-03-22,2023,Validation,5,2.0,12932.75,12954.6875,time,-3.0,-5.0
2023-03-22,2023,Validation,10,1.0,12932.75,12954.6875,time,-6.0,-7.0
2023-03-22,2023,Validation,10,2.0,12932.75,12954.6875,time,-6.0,-8.0
2023-03-22,2023,Validation,15,1.0,12932.75,12954.6875,time,0.0,-1.0
2023-03-22,2023,Validation,15,2.0,12932.75,12954.6875,time,0.0,-2.0
2023-03-23,2023,Validation,3,1.0,12948.75,12976.5625,time,27.25,26.25
2023-03-23,2023,Validation,3,2.0,12948.75,12976.5625,time,27.25,25.25
2023-03-23,2023,Validation,5,1.0,12948.75,12976.5625,time,20.0,19.0
2023-03-23,2023,Validation,5,2.0,12948.75,12976.5625,time,20.0,18.0
2023-03-23,2023,Validation,10,1.0,12948.75,12976.5625,time,20.75,19.75
2023-03-23,2023,Validation,10,2.0,12948.75,12976.5625,time,20.75,18.75
2023-03-23,2023,Validation,15,1.0,12948.75,12976.5625,time,13.0,12.0
2023-03-23,2023,Validation,15,2.0,12948.75,12976.5625,time,13.0,11.0
2023-03-24,2023,Validation,3,1.0,12842.75,12869.875,time,-8.5,-9.5
2023-03-24,2023,Validation,3,2.0,12842.75,12869.875,time,-8.5,-10.5
2023-03-24,2023,Validation,5,1.0,12842.75,12869.875,time,-8.0,-9.0
2023-03-24,2023,Validation,5,2.0,12842.75,12869.875,time,-8.0,-10.0
2023-03-24,2023,Validation,10,1.0,12842.75,12869.875,time,1.75,0.75
2023-03-24,2023,Validation,10,2.0,12842.75,12869.875,time,1.75,-0.25
2023-03-24,2023,Validation,15,1.0,12842.75,12869.875,time,4.0,3.0
2023-03-24,2023,Validation,15,2.0,12842.75,12869.875,time,4.0,2.0
2023-04-10,2023,Validation,3,1.0,13030.25,13050.9375,time,7.25,6.25
2023-04-10,2023,Validation,3,2.0,13030.25,13050.9375,time,7.25,5.25
2023-04-10,2023,Validation,5,1.0,13030.25,13050.9375,time,-2.25,-3.25
2023-04-10,2023,Validation,5,2.0,13030.25,13050.9375,time,-2.25,-4.25
2023-04-10,2023,Validation,10,1.0,13030.25,13050.9375,time,5.25,4.25
2023-04-10,2023,Validation,10,2.0,13030.25,13050.9375,time,5.25,3.25
2023-04-10,2023,Validation,15,1.0,13030.25,13050.9375,time,-4.25,-5.25
2023-04-10,2023,Validation,15,2.0,13030.25,13050.9375,time,-4.25,-6.25
2023-04-13,2023,Validation,3,1.0,13137.25,13166.875,time,-13.0,-14.0
2023-04-13,2023,Validation,3,2.0,13137.25,13166.875,time,-13.0,-15.0
2023-04-13,2023,Validation,5,1.0,13137.25,13166.875,time,-8.5,-9.5
2023-04-13,2023,Validation,5,2.0,13137.25,13166.875,time,-8.5,-10.5
2023-04-13,2023,Validation,10,1.0,13137.25,13166.875,time,-13.25,-14.25
2023-04-13,2023,Validation,10,2.0,13137.25,13166.875,time,-13.25,-15.25
2023-04-13,2023,Validation,15,1.0,13137.25,13166.875,time,-17.5,-18.5
2023-04-13,2023,Validation,15,2.0,13137.25,13166.875,time,-17.5,-19.5
2023-04-19,2023,Validation,3,1.0,13132.0,13145.0625,time,-10.25,-11.25
2023-04-19,2023,Validation,3,2.0,13132.0,13145.0625,time,-10.25,-12.25
2023-04-19,2023,Validation,5,1.0,13132.0,13145.0625,time,3.25,2.25
2023-04-19,2023,Validation,5,2.0,13132.0,13145.0625,time,3.25,1.25
2023-04-19,2023,Validation,10,1.0,13132.0,13145.0625,time,-6.5,-7.5
2023-04-19,2023,Validation,10,2.0,13132.0,13145.0625,time,-6.5,-8.5
2023-04-19,2023,Validation,15,1.0,13132.0,13145.0625,stop,-13.0625,-14.0625
2023-04-19,2023,Validation,15,2.0,13132.0,13145.0625,stop,-13.0625,-15.0625
2023-04-20,2023,Validation,3,1.0,13150.0,13176.375,time,5.5,4.5
2023-04-20,2023,Validation,3,2.0,13150.0,13176.375,time,5.5,3.5
2023-04-20,2023,Validation,5,1.0,13150.0,13176.375,time,-1.0,-2.0
2023-04-20,2023,Validation,5,2.0,13150.0,13176.375,time,-1.0,-3.0
2023-04-20,2023,Validation,10,1.0,13150.0,13176.375,time,-12.0,-13.0
2023-04-20,2023,Validation,10,2.0,13150.0,13176.375,time,-12.0,-14.0
2023-04-20,2023,Validation,15,1.0,13150.0,13176.375,time,-18.0,-19.0
2023-04-20,2023,Validation,15,2.0,13150.0,13176.375,time,-18.0,-20.0
2023-04-21,2023,Validation,3,1.0,13078.5,13103.3125,time,4.25,3.25
2023-04-21,2023,Validation,3,2.0,13078.5,13103.3125,time,4.25,2.25
2023-04-21,2023,Validation,5,1.0,13078.5,13103.3125,time,6.0,5.0
2023-04-21,2023,Validation,5,2.0,13078.5,13103.3125,time,6.0,4.0
2023-04-21,2023,Validation,10,1.0,13078.5,13103.3125,time,0.75,-0.25
2023-04-21,2023,Validation,10,2.0,13078.5,13103.3125,time,0.75,-1.25
2023-04-21,2023,Validation,15,1.0,13078.5,13103.3125,time,-11.25,-12.25
2023-04-21,2023,Validation,15,2.0,13078.5,13103.3125,time,-11.25,-13.25
2023-04-26,2023,Validation,3,1.0,12964.5,12982.25,time,0.5,-0.5
2023-04-26,2023,Validation,3,2.0,12964.5,12982.25,time,0.5,-1.5
2023-04-26,2023,Validation,5,1.0,12964.5,12982.25,time,-4.25,-5.25
2023-04-26,2023,Validation,5,2.0,12964.5,12982.25,time,-4.25,-6.25
2023-04-26,2023,Validation,10,1.0,12964.5,12982.25,time,3.25,2.25
2023-04-26,2023,Validation,10,2.0,12964.5,12982.25,time,3.25,1.25
2023-04-26,2023,Validation,15,1.0,12964.5,12982.25,time,6.25,5.25
2023-04-26,2023,Validation,15,2.0,12964.5,12982.25,time,6.25,4.25
2023-04-27,2023,Validation,3,1.0,13087.25,13106.875,time,-8.5,-9.5
2023-04-27,2023,Validation,3,2.0,13087.25,13106.875,time,-8.5,-10.5
2023-04-27,2023,Validation,5,1.0,13087.25,13106.875,time,-2.25,-3.25
2023-04-27,2023,Validation,5,2.0,13087.25,13106.875,time,-2.25,-4.25
2023-04-27,2023,Validation,10,1.0,13087.25,13106.875,time,-8.75,-9.75
2023-04-27,2023,Validation,10,2.0,13087.25,13106.875,time,-8.75,-10.75
2023-04-27,2023,Validation,15,1.0,13087.25,13106.875,stop,-19.625,-20.625
2023-04-27,2023,Validation,15,2.0,13087.25,13106.875,stop,-19.625,-21.625
2023-05-04,2023,Validation,3,1.0,13074.25,13094.5,time,7.5,6.5
2023-05-04,2023,Validation,3,2.0,13074.25,13094.5,time,7.5,5.5
2023-05-04,2023,Validation,5,1.0,13074.25,13094.5,time,10.25,9.25
2023-05-04,2023,Validation,5,2.0,13074.25,13094.5,time,10.25,8.25
2023-05-04,2023,Validation,10,1.0,13074.25,13094.5,time,3.25,2.25
2023-05-04,2023,Validation,10,2.0,13074.25,13094.5,time,3.25,1.25
2023-05-04,2023,Validation,15,1.0,13074.25,13094.5,time,-0.25,-1.25
2023-05-04,2023,Validation,15,2.0,13074.25,13094.5,time,-0.25,-2.25
2023-05-15,2023,Validation,3,1.0,13423.75,13442.9375,time,-5.0,-6.0
2023-05-15,2023,Validation,3,2.0,13423.75,13442.9375,time,-5.0,-7.0
2023-05-15,2023,Validation,5,1.0,13423.75,13442.9375,time,-12.25,-13.25
2023-05-15,2023,Validation,5,2.0,13423.75,13442.9375,time,-12.25,-14.25
2023-05-15,2023,Validation,10,1.0,13423.75,13442.9375,stop,-19.1875,-20.1875
2023-05-15,2023,Validation,10,2.0,13423.75,13442.9375,stop,-19.1875,-21.1875
2023-05-15,2023,Validation,15,1.0,13423.75,13442.9375,stop,-19.1875,-20.1875
2023-05-15,2023,Validation,15,2.0,13423.75,13442.9375,stop,-19.1875,-21.1875
2023-05-16,2023,Validation,3,1.0,13515.25,13535.5625,time,9.5,8.5
2023-05-16,2023,Validation,3,2.0,13515.25,13535.5625,time,9.5,7.5
2023-05-16,2023,Validation,5,1.0,13515.25,13535.5625,time,6.75,5.75
2023-05-16,2023,Validation,5,2.0,13515.25,13535.5625,time,6.75,4.75
2023-05-16,2023,Validation,10,1.0,13515.25,13535.5625,time,-4.25,-5.25
2023-05-16,2023,Validation,10,2.0,13515.25,13535.5625,time,-4.25,-6.25
2023-05-16,2023,Validation,15,1.0,13515.25,13535.5625,time,-16.0,-17.0
2023-05-16,2023,Validation,15,2.0,13515.25,13535.5625,time,-16.0,-18.0
2023-05-18,2023,Validation,3,1.0,13765.0,13795.75,time,-9.0,-10.0
2023-05-18,2023,Validation,3,2.0,13765.0,13795.75,time,-9.0,-11.0
2023-05-18,2023,Validation,5,1.0,13765.0,13795.75,time,-19.0,-20.0
2023-05-18,2023,Validation,5,2.0,13765.0,13795.75,time,-19.0,-21.0
2023-05-18,2023,Validation,10,1.0,13765.0,13795.75,time,-16.0,-17.0
2023-05-18,2023,Validation,10,2.0,13765.0,13795.75,time,-16.0,-18.0
2023-05-18,2023,Validation,15,1.0,13765.0,13795.75,time,-19.0,-20.0
2023-05-18,2023,Validation,15,2.0,13765.0,13795.75,time,-19.0,-21.0
2023-05-25,2023,Validation,3,1.0,13961.75,13990.375,time,0.5,-0.5
2023-05-25,2023,Validation,3,2.0,13961.75,13990.375,time,0.5,-1.5
2023-05-25,2023,Validation,5,1.0,13961.75,13990.375,time,-7.0,-8.0
2023-05-25,2023,Validation,5,2.0,13961.75,13990.375,time,-7.0,-9.0
2023-05-25,2023,Validation,10,1.0,13961.75,13990.375,time,-1.5,-2.5
2023-05-25,2023,Validation,10,2.0,13961.75,13990.375,time,-1.5,-3.5
2023-05-25,2023,Validation,15,1.0,13961.75,13990.375,time,14.0,13.0
2023-05-25,2023,Validation,15,2.0,13961.75,13990.375,time,14.0,12.0
2023-05-29,2023,Validation,3,1.0,14384.25,14388.375,time,-0.75,-1.75
2023-05-29,2023,Validation,3,2.0,14384.25,14388.375,time,-0.75,-2.75
2023-05-29,2023,Validation,5,1.0,14384.25,14388.375,time,0.25,-0.75
2023-05-29,2023,Validation,5,2.0,14384.25,14388.375,time,0.25,-1.75
2023-05-29,2023,Validation,10,1.0,14384.25,14388.375,time,0.75,-0.25
2023-05-29,2023,Validation,10,2.0,14384.25,14388.375,time,0.75,-1.25
2023-05-29,2023,Validation,15,1.0,14384.25,14388.375,time,2.5,1.5
2023-05-29,2023,Validation,15,2.0,14384.25,14388.375,time,2.5,0.5
2023-06-05,2023,Validation,3,1.0,14651.5,14672.625,time,-12.0,-13.0
2023-06-05,2023,Validation,3,2.0,14651.5,14672.625,time,-12.0,-14.0
2023-06-05,2023,Validation,5,1.0,14651.5,14672.625,time,-18.25,-19.25
2023-06-05,2023,Validation,5,2.0,14651.5,14672.625,time,-18.25,-20.25
2023-06-05,2023,Validation,10,1.0,14651.5,14672.625,time,-6.0,-7.0
2023-06-05,2023,Validation,10,2.0,14651.5,14672.625,time,-6.0,-8.0
2023-06-05,2023,Validation,15,1.0,14651.5,14672.625,time,-11.75,-12.75
2023-06-05,2023,Validation,15,2.0,14651.5,14672.625,time,-11.75,-13.75
2023-06-06,2023,Validation,3,1.0,14567.25,14586.5625,time,4.75,3.75
2023-06-06,2023,Validation,3,2.0,14567.25,14586.5625,time,4.75,2.75
2023-06-06,2023,Validation,5,1.0,14567.25,14586.5625,time,5.0,4.0
2023-06-06,2023,Validation,5,2.0,14567.25,14586.5625,time,5.0,3.0
2023-06-06,2023,Validation,10,1.0,14567.25,14586.5625,time,-6.0,-7.0
2023-06-06,2023,Validation,10,2.0,14567.25,14586.5625,time,-6.0,-8.0
2023-06-06,2023,Validation,15,1.0,14567.25,14586.5625,time,-12.0,-13.0
2023-06-06,2023,Validation,15,2.0,14567.25,14586.5625,time,-12.0,-14.0
2023-06-12,2023,Validation,3,1.0,14806.5,14820.3125,time,2.5,1.5
2023-06-12,2023,Validation,3,2.0,14806.5,14820.3125,time,2.5,0.5
2023-06-12,2023,Validation,5,1.0,14806.5,14820.3125,time,8.25,7.25
2023-06-12,2023,Validation,5,2.0,14806.5,14820.3125,time,8.25,6.25
2023-06-12,2023,Validation,10,1.0,14806.5,14820.3125,time,8.75,7.75
2023-06-12,2023,Validation,10,2.0,14806.5,14820.3125,time,8.75,6.75
2023-06-12,2023,Validation,15,1.0,14806.5,14820.3125,time,17.0,16.0
2023-06-12,2023,Validation,15,2.0,14806.5,14820.3125,time,17.0,15.0
2023-06-14,2023,Validation,3,1.0,15161.75,15191.5625,time,11.0,10.0
2023-06-14,2023,Validation,3,2.0,15161.75,15191.5625,time,11.0,9.0
2023-06-14,2023,Validation,5,1.0,15161.75,15191.5625,time,13.0,12.0
2023-06-14,2023,Validation,5,2.0,15161.75,15191.5625,time,13.0,11.0
2023-06-14,2023,Validation,10,1.0,15161.75,15191.5625,time,17.0,16.0
2023-06-14,2023,Validation,10,2.0,15161.75,15191.5625,time,17.0,15.0
2023-06-14,2023,Validation,15,1.0,15161.75,15191.5625,time,-2.25,-3.25
2023-06-14,2023,Validation,15,2.0,15161.75,15191.5625,time,-2.25,-4.25
2023-06-15,2023,Validation,3,1.0,15258.75,15297.6875,time,-9.0,-10.0
2023-06-15,2023,Validation,3,2.0,15258.75,15297.6875,time,-9.0,-11.0
2023-06-15,2023,Validation,5,1.0,15258.75,15297.6875,time,3.5,2.5
2023-06-15,2023,Validation,5,2.0,15258.75,15297.6875,time,3.5,1.5
2023-06-15,2023,Validation,10,1.0,15258.75,15297.6875,time,-9.0,-10.0
2023-06-15,2023,Validation,10,2.0,15258.75,15297.6875,time,-9.0,-11.0
2023-06-15,2023,Validation,15,1.0,15258.75,15297.6875,time,-2.25,-3.25
2023-06-15,2023,Validation,15,2.0,15258.75,15297.6875,time,-2.25,-4.25
2023-06-22,2023,Validation,3,1.0,15135.5,15181.75,time,5.0,4.0
2023-06-22,2023,Validation,3,2.0,15135.5,15181.75,time,5.0,3.0
2023-06-22,2023,Validation,5,1.0,15135.5,15181.75,time,9.5,8.5
2023-06-22,2023,Validation,5,2.0,15135.5,15181.75,time,9.5,7.5
2023-06-22,2023,Validation,10,1.0,15135.5,15181.75,time,17.25,16.25
2023-06-22,2023,Validation,10,2.0,15135.5,15181.75,time,17.25,15.25
2023-06-22,2023,Validation,15,1.0,15135.5,15181.75,time,16.0,15.0
2023-06-22,2023,Validation,15,2.0,15135.5,15181.75,time,16.0,14.0
2023-06-23,2023,Validation,3,1.0,15082.5,15108.125,time,4.25,3.25
2023-06-23,2023,Validation,3,2.0,15082.5,15108.125,time,4.25,2.25
2023-06-23,2023,Validation,5,1.0,15082.5,15108.125,time,14.25,13.25
2023-06-23,2023,Validation,5,2.0,15082.5,15108.125,time,14.25,12.25
2023-06-23,2023,Validation,10,1.0,15082.5,15108.125,time,22.25,21.25
2023-06-23,2023,Validation,10,2.0,15082.5,15108.125,time,22.25,20.25
2023-06-23,2023,Validation,15,1.0,15082.5,15108.125,time,25.25,24.25
2023-06-23,2023,Validation,15,2.0,15082.5,15108.125,time,25.25,23.25
2023-06-28,2023,Validation,3,1.0,15128.75,15158.5625,time,-3.25,-4.25
2023-06-28,2023,Validation,3,2.0,15128.75,15158.5625,time,-3.25,-5.25
2023-06-28,2023,Validation,5,1.0,15128.75,15158.5625,time,-16.0,-17.0
2023-06-28,2023,Validation,5,2.0,15128.75,15158.5625,time,-16.0,-18.0
2023-06-28,2023,Validation,10,1.0,15128.75,15158.5625,stop,-29.8125,-30.8125
2023-06-28,2023,Validation,10,2.0,15128.75,15158.5625,stop,-29.8125,-31.8125
2023-06-28,2023,Validation,15,1.0,15128.75,15158.5625,stop,-29.8125,-30.8125
2023-06-28,2023,Validation,15,2.0,15128.75,15158.5625,stop,-29.8125,-31.8125
2023-07-06,2023,Validation,3,1.0,15214.25,15239.9375,time,-9.0,-10.0
2023-07-06,2023,Validation,3,2.0,15214.25,15239.9375,time,-9.0,-11.0
2023-07-06,2023,Validation,5,1.0,15214.25,15239.9375,time,-6.0,-7.0
2023-07-06,2023,Validation,5,2.0,15214.25,15239.9375,time,-6.0,-8.0
2023-07-06,2023,Validation,10,1.0,15214.25,15239.9375,time,-12.0,-13.0
2023-07-06,2023,Validation,10,2.0,15214.25,15239.9375,time,-12.0,-14.0
2023-07-06,2023,Validation,15,1.0,15214.25,15239.9375,time,-16.0,-17.0
2023-07-06,2023,Validation,15,2.0,15214.25,15239.9375,time,-16.0,-18.0
2023-07-11,2023,Validation,3,1.0,15227.25,15258.25,time,3.5,2.5
2023-07-11,2023,Validation,3,2.0,15227.25,15258.25,time,3.5,1.5
2023-07-11,2023,Validation,5,1.0,15227.25,15258.25,time,-0.25,-1.25
2023-07-11,2023,Validation,5,2.0,15227.25,15258.25,time,-0.25,-2.25
2023-07-11,2023,Validation,10,1.0,15227.25,15258.25,time,9.25,8.25
2023-07-11,2023,Validation,10,2.0,15227.25,15258.25,time,9.25,7.25
2023-07-11,2023,Validation,15,1.0,15227.25,15258.25,time,3.75,2.75
2023-07-11,2023,Validation,15,2.0,15227.25,15258.25,time,3.75,1.75
2023-07-17,2023,Validation,3,1.0,15781.25,15799.4375,time,8.0,7.0
2023-07-17,2023,Validation,3,2.0,15781.25,15799.4375,time,8.0,6.0
2023-07-17,2023,Validation,5,1.0,15781.25,15799.4375,time,7.5,6.5
2023-07-17,2023,Validation,5,2.0,15781.25,15799.4375,time,7.5,5.5
2023-07-17,2023,Validation,10,1.0,15781.25,15799.4375,time,14.25,13.25
2023-07-17,2023,Validation,10,2.0,15781.25,15799.4375,time,14.25,12.25
2023-07-17,2023,Validation,15,1.0,15781.25,15799.4375,time,10.25,9.25
2023-07-17,2023,Validation,15,2.0,15781.25,15799.4375,time,10.25,8.25
2023-07-19,2023,Validation,3,1.0,16022.25,16038.75,time,-11.5,-12.5
2023-07-19,2023,Validation,3,2.0,16022.25,16038.75,time,-11.5,-13.5
2023-07-19,2023,Validation,5,1.0,16022.25,16038.75,time,-9.5,-10.5
2023-07-19,2023,Validation,5,2.0,16022.25,16038.75,time,-9.5,-11.5
2023-07-19,2023,Validation,10,1.0,16022.25,16038.75,stop,-16.5,-17.5
2023-07-19,2023,Validation,10,2.0,16022.25,16038.75,stop,-16.5,-18.5
2023-07-19,2023,Validation,15,1.0,16022.25,16038.75,stop,-16.5,-17.5
2023-07-19,2023,Validation,15,2.0,16022.25,16038.75,stop,-16.5,-18.5
2023-07-25,2023,Validation,3,1.0,15670.0,15691.125,time,4.25,3.25
2023-07-25,2023,Validation,3,2.0,15670.0,15691.125,time,4.25,2.25
2023-07-25,2023,Validation,5,1.0,15670.0,15691.125,time,0.75,-0.25
2023-07-25,2023,Validation,5,2.0,15670.0,15691.125,time,0.75,-1.25
2023-07-25,2023,Validation,10,1.0,15670.0,15691.125,time,8.0,7.0
2023-07-25,2023,Validation,10,2.0,15670.0,15691.125,time,8.0,6.0
2023-07-25,2023,Validation,15,1.0,15670.0,15691.125,time,-6.25,-7.25
2023-07-25,2023,Validation,15,2.0,15670.0,15691.125,time,-6.25,-8.25
2023-07-28,2023,Validation,3,1.0,15797.25,15825.625,time,0.75,-0.25
2023-07-28,2023,Validation,3,2.0,15797.25,15825.625,time,0.75,-1.25
2023-07-28,2023,Validation,5,1.0,15797.25,15825.625,time,-0.5,-1.5
2023-07-28,2023,Validation,5,2.0,15797.25,15825.625,time,-0.5,-2.5
2023-07-28,2023,Validation,10,1.0,15797.25,15825.625,time,-11.0,-12.0
2023-07-28,2023,Validation,10,2.0,15797.25,15825.625,time,-11.0,-13.0
2023-07-28,2023,Validation,15,1.0,15797.25,15825.625,time,6.75,5.75
2023-07-28,2023,Validation,15,2.0,15797.25,15825.625,time,6.75,4.75
2023-08-01,2023,Validation,3,1.0,15803.75,15825.5,time,-7.25,-8.25
2023-08-01,2023,Validation,3,2.0,15803.75,15825.5,time,-7.25,-9.25
2023-08-01,2023,Validation,5,1.0,15803.75,15825.5,time,-10.5,-11.5
2023-08-01,2023,Validation,5,2.0,15803.75,15825.5,time,-10.5,-12.5
2023-08-01,2023,Validation,10,1.0,15803.75,15825.5,time,1.5,0.5
2023-08-01,2023,Validation,10,2.0,15803.75,15825.5,time,1.5,-0.5
2023-08-01,2023,Validation,15,1.0,15803.75,15825.5,time,-3.5,-4.5
2023-08-01,2023,Validation,15,2.0,15803.75,15825.5,time,-3.5,-5.5
2023-08-03,2023,Validation,3,1.0,15462.75,15491.625,time,5.0,4.0
2023-08-03,2023,Validation,3,2.0,15462.75,15491.625,time,5.0,3.0
2023-08-03,2023,Validation,5,1.0,15462.75,15491.625,time,3.75,2.75
2023-08-03,2023,Validation,5,2.0,15462.75,15491.625,time,3.75,1.75
2023-08-03,2023,Validation,10,1.0,15462.75,15491.625,time,1.5,0.5
2023-08-03,2023,Validation,10,2.0,15462.75,15491.625,time,1.5,-0.5
2023-08-03,2023,Validation,15,1.0,15462.75,15491.625,time,1.25,0.25
2023-08-03,2023,Validation,15,2.0,15462.75,15491.625,time,1.25,-0.75
2023-08-04,2023,Validation,3,1.0,15582.25,15629.9375,time,14.0,13.0
2023-08-04,2023,Validation,3,2.0,15582.25,15629.9375,time,14.0,12.0
2023-08-04,2023,Validation,5,1.0,15582.25,15629.9375,time,6.5,5.5
2023-08-04,2023,Validation,5,2.0,15582.25,15629.9375,time,6.5,4.5
2023-08-04,2023,Validation,10,1.0,15582.25,15629.9375,time,9.75,8.75
2023-08-04,2023,Validation,10,2.0,15582.25,15629.9375,time,9.75,7.75
2023-08-04,2023,Validation,15,1.0,15582.25,15629.9375,time,7.5,6.5
2023-08-04,2023,Validation,15,2.0,15582.25,15629.9375,time,7.5,5.5
2023-08-18,2023,Validation,3,1.0,14678.25,14700.1875,stop,-21.9375,-22.9375
2023-08-18,2023,Validation,3,2.0,14678.25,14700.1875,stop,-21.9375,-23.9375
2023-08-18,2023,Validation,5,1.0,14678.25,14700.1875,stop,-21.9375,-22.9375
2023-08-18,2023,Validation,5,2.0,14678.25,14700.1875,stop,-21.9375,-23.9375
2023-08-18,2023,Validation,10,1.0,14678.25,14700.1875,stop,-21.9375,-22.9375
2023-08-18,2023,Validation,10,2.0,14678.25,14700.1875,stop,-21.9375,-23.9375
2023-08-18,2023,Validation,15,1.0,14678.25,14700.1875,stop,-21.9375,-22.9375
2023-08-18,2023,Validation,15,2.0,14678.25,14700.1875,stop,-21.9375,-23.9375
2023-08-30,2023,Validation,3,1.0,15505.5,15538.5625,time,-2.25,-3.25
2023-08-30,2023,Validation,3,2.0,15505.5,15538.5625,time,-2.25,-4.25
2023-08-30,2023,Validation,5,1.0,15505.5,15538.5625,time,-4.0,-5.0
2023-08-30,2023,Validation,5,2.0,15505.5,15538.5625,time,-4.0,-6.0
2023-08-30,2023,Validation,10,1.0,15505.5,15538.5625,time,-13.25,-14.25
2023-08-30,2023,Validation,10,2.0,15505.5,15538.5625,time,-13.25,-15.25
2023-08-30,2023,Validation,15,1.0,15505.5,15538.5625,time,3.25,2.25
2023-08-30,2023,Validation,15,2.0,15505.5,15538.5625,time,3.25,1.25
2023-08-31,2023,Validation,3,1.0,15587.5,15613.875,time,-2.25,-3.25
2023-08-31,2023,Validation,3,2.0,15587.5,15613.875,time,-2.25,-4.25
2023-08-31,2023,Validation,5,1.0,15587.5,15613.875,time,10.5,9.5
2023-08-31,2023,Validation,5,2.0,15587.5,15613.875,time,10.5,8.5
2023-08-31,2023,Validation,10,1.0,15587.5,15613.875,time,18.25,17.25
2023-08-31,2023,Validation,10,2.0,15587.5,15613.875,time,18.25,16.25
2023-08-31,2023,Validation,15,1.0,15587.5,15613.875,time,5.0,4.0
2023-08-31,2023,Validation,15,2.0,15587.5,15613.875,time,5.0,3.0
2023-09-05,2023,Validation,3,1.0,15519.0,15539.1875,stop,-20.1875,-21.1875
2023-09-05,2023,Validation,3,2.0,15519.0,15539.1875,stop,-20.1875,-22.1875
2023-09-05,2023,Validation,5,1.0,15519.0,15539.1875,stop,-20.1875,-21.1875
2023-09-05,2023,Validation,5,2.0,15519.0,15539.1875,stop,-20.1875,-22.1875
2023-09-05,2023,Validation,10,1.0,15519.0,15539.1875,stop,-20.1875,-21.1875
2023-09-05,2023,Validation,10,2.0,15519.0,15539.1875,stop,-20.1875,-22.1875
2023-09-05,2023,Validation,15,1.0,15519.0,15539.1875,stop,-20.1875,-21.1875
2023-09-05,2023,Validation,15,2.0,15519.0,15539.1875,stop,-20.1875,-22.1875
2023-09-07,2023,Validation,3,1.0,15239.25,15260.125,time,7.0,6.0
2023-09-07,2023,Validation,3,2.0,15239.25,15260.125,time,7.0,5.0
2023-09-07,2023,Validation,5,1.0,15239.25,15260.125,time,5.75,4.75
2023-09-07,2023,Validation,5,2.0,15239.25,15260.125,time,5.75,3.75
2023-09-07,2023,Validation,10,1.0,15239.25,15260.125,time,-12.5,-13.5
2023-09-07,2023,Validation,10,2.0,15239.25,15260.125,time,-12.5,-14.5
2023-09-07,2023,Validation,15,1.0,15239.25,15260.125,stop,-20.875,-21.875
2023-09-07,2023,Validation,15,2.0,15239.25,15260.125,stop,-20.875,-22.875
2023-09-11,2023,Validation,3,1.0,15646.5,15673.875,time,-8.0,-9.0
2023-09-11,2023,Validation,3,2.0,15646.5,15673.875,time,-8.0,-10.0
2023-09-11,2023,Validation,5,1.0,15646.5,15673.875,time,-4.5,-5.5
2023-09-11,2023,Validation,5,2.0,15646.5,15673.875,time,-4.5,-6.5
2023-09-11,2023,Validation,10,1.0,15646.5,15673.875,time,-18.75,-19.75
2023-09-11,2023,Validation,10,2.0,15646.5,15673.875,time,-18.75,-20.75
2023-09-11,2023,Validation,15,1.0,15646.5,15673.875,time,-20.75,-21.75
2023-09-11,2023,Validation,15,2.0,15646.5,15673.875,time,-20.75,-22.75
2023-09-13,2023,Validation,3,1.0,15555.75,15582.5625,time,-9.0,-10.0
2023-09-13,2023,Validation,3,2.0,15555.75,15582.5625,time,-9.0,-11.0
2023-09-13,2023,Validation,5,1.0,15555.75,15582.5625,stop,-26.8125,-27.8125
2023-09-13,2023,Validation,5,2.0,15555.75,15582.5625,stop,-26.8125,-28.8125
2023-09-13,2023,Validation,10,1.0,15555.75,15582.5625,stop,-26.8125,-27.8125
2023-09-13,2023,Validation,10,2.0,15555.75,15582.5625,stop,-26.8125,-28.8125
2023-09-13,2023,Validation,15,1.0,15555.75,15582.5625,stop,-26.8125,-27.8125
2023-09-13,2023,Validation,15,2.0,15555.75,15582.5625,stop,-26.8125,-28.8125
2023-09-14,2023,Validation,3,1.0,15635.5,15662.4375,time,-2.5,-3.5
2023-09-14,2023,Validation,3,2.0,15635.5,15662.4375,time,-2.5,-4.5
2023-09-14,2023,Validation,5,1.0,15635.5,15662.4375,time,-15.75,-16.75
2023-09-14,2023,Validation,5,2.0,15635.5,15662.4375,time,-15.75,-17.75
2023-09-14,2023,Validation,10,1.0,15635.5,15662.4375,stop,-26.9375,-27.9375
2023-09-14,2023,Validation,10,2.0,15635.5,15662.4375,stop,-26.9375,-28.9375
2023-09-14,2023,Validation,15,1.0,15635.5,15662.4375,stop,-26.9375,-27.9375
2023-09-14,2023,Validation,15,2.0,15635.5,15662.4375,stop,-26.9375,-28.9375
2023-09-18,2023,Validation,3,1.0,15438.75,15462.875,time,-5.0,-6.0
2023-09-18,2023,Validation,3,2.0,15438.75,15462.875,time,-5.0,-7.0
2023-09-18,2023,Validation,5,1.0,15438.75,15462.875,time,-7.75,-8.75
2023-09-18,2023,Validation,5,2.0,15438.75,15462.875,time,-7.75,-9.75
2023-09-18,2023,Validation,10,1.0,15438.75,15462.875,time,-9.25,-10.25
2023-09-18,2023,Validation,10,2.0,15438.75,15462.875,time,-9.25,-11.25
2023-09-18,2023,Validation,15,1.0,15438.75,15462.875,time,-7.25,-8.25
2023-09-18,2023,Validation,15,2.0,15438.75,15462.875,time,-7.25,-9.25
2023-09-22,2023,Validation,3,1.0,14949.75,14968.75,time,10.25,9.25
2023-09-22,2023,Validation,3,2.0,14949.75,14968.75,time,10.25,8.25
2023-09-22,2023,Validation,5,1.0,14949.75,14968.75,time,4.25,3.25
2023-09-22,2023,Validation,5,2.0,14949.75,14968.75,time,4.25,2.25
2023-09-22,2023,Validation,10,1.0,14949.75,14968.75,time,13.75,12.75
2023-09-22,2023,Validation,10,2.0,14949.75,14968.75,time,13.75,11.75
2023-09-22,2023,Validation,15,1.0,14949.75,14968.75,time,25.75,24.75
2023-09-22,2023,Validation,15,2.0,14949.75,14968.75,time,25.75,23.75
2023-09-25,2023,Validation,3,1.0,14897.0,14925.5,time,-3.25,-4.25
2023-09-25,2023,Validation,3,2.0,14897.0,14925.5,time,-3.25,-5.25
2023-09-25,2023,Validation,5,1.0,14897.0,14925.5,time,-4.5,-5.5
2023-09-25,2023,Validation,5,2.0,14897.0,14925.5,time,-4.5,-6.5
2023-09-25,2023,Validation,10,1.0,14897.0,14925.5,time,-3.0,-4.0
2023-09-25,2023,Validation,10,2.0,14897.0,14925.5,time,-3.0,-5.0
2023-09-25,2023,Validation,15,1.0,14897.0,14925.5,time,-17.0,-18.0
2023-09-25,2023,Validation,15,2.0,14897.0,14925.5,time,-17.0,-19.0
2023-09-28,2023,Validation,3,1.0,14765.0,14793.8125,time,-13.5,-14.5
2023-09-28,2023,Validation,3,2.0,14765.0,14793.8125,time,-13.5,-15.5
2023-09-28,2023,Validation,5,1.0,14765.0,14793.8125,time,-17.75,-18.75
2023-09-28,2023,Validation,5,2.0,14765.0,14793.8125,time,-17.75,-19.75
2023-09-28,2023,Validation,10,1.0,14765.0,14793.8125,time,-11.0,-12.0
2023-09-28,2023,Validation,10,2.0,14765.0,14793.8125,time,-11.0,-13.0
2023-09-28,2023,Validation,15,1.0,14765.0,14793.8125,time,-7.0,-8.0
2023-09-28,2023,Validation,15,2.0,14765.0,14793.8125,time,-7.0,-9.0
2023-10-02,2023,Validation,3,1.0,14962.0,14998.125,time,7.0,6.0
2023-10-02,2023,Validation,3,2.0,14962.0,14998.125,time,7.0,5.0
2023-10-02,2023,Validation,5,1.0,14962.0,14998.125,time,10.75,9.75
2023-10-02,2023,Validation,5,2.0,14962.0,14998.125,time,10.75,8.75
2023-10-02,2023,Validation,10,1.0,14962.0,14998.125,time,42.25,41.25
2023-10-02,2023,Validation,10,2.0,14962.0,14998.125,time,42.25,40.25
2023-10-02,2023,Validation,15,1.0,14962.0,14998.125,time,43.25,42.25
2023-10-02,2023,Validation,15,2.0,14962.0,14998.125,time,43.25,41.25
2023-10-04,2023,Validation,3,1.0,14825.25,14850.25,time,-10.75,-11.75
2023-10-04,2023,Validation,3,2.0,14825.25,14850.25,time,-10.75,-12.75
2023-10-04,2023,Validation,5,1.0,14825.25,14850.25,time,-13.5,-14.5
2023-10-04,2023,Validation,5,2.0,14825.25,14850.25,time,-13.5,-15.5
2023-10-04,2023,Validation,10,1.0,14825.25,14850.25,time,-14.0,-15.0
2023-10-04,2023,Validation,10,2.0,14825.25,14850.25,time,-14.0,-16.0
2023-10-04,2023,Validation,15,1.0,14825.25,14850.25,stop,-25.0,-26.0
2023-10-04,2023,Validation,15,2.0,14825.25,14850.25,stop,-25.0,-27.0
2023-10-09,2023,Validation,3,1.0,15065.75,15095.0625,time,-9.75,-10.75
2023-10-09,2023,Validation,3,2.0,15065.75,15095.0625,time,-9.75,-11.75
2023-10-09,2023,Validation,5,1.0,15065.75,15095.0625,time,-10.75,-11.75
2023-10-09,2023,Validation,5,2.0,15065.75,15095.0625,time,-10.75,-12.75
2023-10-09,2023,Validation,10,1.0,15065.75,15095.0625,time,1.25,0.25
2023-10-09,2023,Validation,10,2.0,15065.75,15095.0625,time,1.25,-0.75
2023-10-09,2023,Validation,15,1.0,15065.75,15095.0625,time,12.25,11.25
2023-10-09,2023,Validation,15,2.0,15065.75,15095.0625,time,12.25,10.25
2023-10-10,2023,Validation,3,1.0,15286.5,15315.25,time,15.25,14.25
2023-10-10,2023,Validation,3,2.0,15286.5,15315.25,time,15.25,13.25
2023-10-10,2023,Validation,5,1.0,15286.5,15315.25,time,17.5,16.5
2023-10-10,2023,Validation,5,2.0,15286.5,15315.25,time,17.5,15.5
2023-10-10,2023,Validation,10,1.0,15286.5,15315.25,time,12.5,11.5
2023-10-10,2023,Validation,10,2.0,15286.5,15315.25,time,12.5,10.5
2023-10-10,2023,Validation,15,1.0,15286.5,15315.25,time,7.0,6.0
2023-10-10,2023,Validation,15,2.0,15286.5,15315.25,time,7.0,5.0
2023-10-16,2023,Validation,3,1.0,15290.75,15323.6875,time,-8.5,-9.5
2023-10-16,2023,Validation,3,2.0,15290.75,15323.6875,time,-8.5,-10.5
2023-10-16,2023,Validation,5,1.0,15290.75,15323.6875,time,-17.25,-18.25
2023-10-16,2023,Validation,5,2.0,15290.75,15323.6875,time,-17.25,-19.25
2023-10-16,2023,Validation,10,1.0,15290.75,15323.6875,time,-7.25,-8.25
2023-10-16,2023,Validation,10,2.0,15290.75,15323.6875,time,-7.25,-9.25
2023-10-16,2023,Validation,15,1.0,15290.75,15323.6875,time,-23.25,-24.25
2023-10-16,2023,Validation,15,2.0,15290.75,15323.6875,time,-23.25,-25.25
2023-10-17,2023,Validation,3,1.0,15197.25,15235.75,time,-9.25,-10.25
2023-10-17,2023,Validation,3,2.0,15197.25,15235.75,time,-9.25,-11.25
2023-10-17,2023,Validation,5,1.0,15197.25,15235.75,time,-3.5,-4.5
2023-10-17,2023,Validation,5,2.0,15197.25,15235.75,time,-3.5,-5.5
2023-10-17,2023,Validation,10,1.0,15197.25,15235.75,time,-4.25,-5.25
2023-10-17,2023,Validation,10,2.0,15197.25,15235.75,time,-4.25,-6.25
2023-10-17,2023,Validation,15,1.0,15197.25,15235.75,time,1.75,0.75
2023-10-17,2023,Validation,15,2.0,15197.25,15235.75,time,1.75,-0.25
2023-10-23,2023,Validation,3,1.0,14675.25,14718.625,time,-4.75,-5.75
2023-10-23,2023,Validation,3,2.0,14675.25,14718.625,time,-4.75,-6.75
2023-10-23,2023,Validation,5,1.0,14675.25,14718.625,time,2.75,1.75
2023-10-23,2023,Validation,5,2.0,14675.25,14718.625,time,2.75,0.75
2023-10-23,2023,Validation,10,1.0,14675.25,14718.625,time,-25.5,-26.5
2023-10-23,2023,Validation,10,2.0,14675.25,14718.625,time,-25.5,-27.5
2023-10-23,2023,Validation,15,1.0,14675.25,14718.625,time,-20.25,-21.25
2023-10-23,2023,Validation,15,2.0,14675.25,14718.625,time,-20.25,-22.25
2023-10-24,2023,Validation,3,1.0,14838.25,14861.0,time,-1.25,-2.25
2023-10-24,2023,Validation,3,2.0,14838.25,14861.0,time,-1.25,-3.25
2023-10-24,2023,Validation,5,1.0,14838.25,14861.0,time,-7.5,-8.5
2023-10-24,2023,Validation,5,2.0,14838.25,14861.0,time,-7.5,-9.5
2023-10-24,2023,Validation,10,1.0,14838.25,14861.0,time,-21.0,-22.0
2023-10-24,2023,Validation,10,2.0,14838.25,14861.0,time,-21.0,-23.0
2023-10-24,2023,Validation,15,1.0,14838.25,14861.0,time,-2.25,-3.25
2023-10-24,2023,Validation,15,2.0,14838.25,14861.0,time,-2.25,-4.25
2023-10-31,2023,Validation,3,1.0,14424.75,14454.125,time,-12.5,-13.5
2023-10-31,2023,Validation,3,2.0,14424.75,14454.125,time,-12.5,-14.5
2023-10-31,2023,Validation,5,1.0,14424.75,14454.125,time,-10.75,-11.75
2023-10-31,2023,Validation,5,2.0,14424.75,14454.125,time,-10.75,-12.75
2023-10-31,2023,Validation,10,1.0,14424.75,14454.125,time,-6.0,-7.0
2023-10-31,2023,Validation,10,2.0,14424.75,14454.125,time,-6.0,-8.0
2023-10-31,2023,Validation,15,1.0,14424.75,14454.125,time,-19.25,-20.25
2023-10-31,2023,Validation,15,2.0,14424.75,14454.125,time,-19.25,-21.25
2023-11-01,2023,Validation,3,1.0,14623.5,14654.3125,time,-0.75,-1.75
2023-11-01,2023,Validation,3,2.0,14623.5,14654.3125,time,-0.75,-2.75
2023-11-01,2023,Validation,5,1.0,14623.5,14654.3125,time,4.75,3.75
2023-11-01,2023,Validation,5,2.0,14623.5,14654.3125,time,4.75,2.75
2023-11-01,2023,Validation,10,1.0,14623.5,14654.3125,time,1.25,0.25
2023-11-01,2023,Validation,10,2.0,14623.5,14654.3125,time,1.25,-0.75
2023-11-01,2023,Validation,15,1.0,14623.5,14654.3125,time,-15.0,-16.0
2023-11-01,2023,Validation,15,2.0,14623.5,14654.3125,time,-15.0,-17.0
2023-11-02,2023,Validation,3,1.0,14946.5,14967.25,time,-8.25,-9.25
2023-11-02,2023,Validation,3,2.0,14946.5,14967.25,time,-8.25,-10.25
2023-11-02,2023,Validation,5,1.0,14946.5,14967.25,time,-8.25,-9.25
2023-11-02,2023,Validation,5,2.0,14946.5,14967.25,time,-8.25,-10.25
2023-11-02,2023,Validation,10,1.0,14946.5,14967.25,time,-10.25,-11.25
2023-11-02,2023,Validation,10,2.0,14946.5,14967.25,time,-10.25,-12.25
2023-11-02,2023,Validation,15,1.0,14946.5,14967.25,time,6.25,5.25
2023-11-02,2023,Validation,15,2.0,14946.5,14967.25,time,6.25,4.25
2023-11-03,2023,Validation,3,1.0,15161.0,15191.6875,time,-2.0,-3.0
2023-11-03,2023,Validation,3,2.0,15161.0,15191.6875,time,-2.0,-4.0
2023-11-03,2023,Validation,5,1.0,15161.0,15191.6875,time,-7.25,-8.25
2023-11-03,2023,Validation,5,2.0,15161.0,15191.6875,time,-7.25,-9.25
2023-11-03,2023,Validation,10,1.0,15161.0,15191.6875,time,-20.5,-21.5
2023-11-03,2023,Validation,10,2.0,15161.0,15191.6875,time,-20.5,-22.5
2023-11-03,2023,Validation,15,1.0,15161.0,15191.6875,time,-17.5,-18.5
2023-11-03,2023,Validation,15,2.0,15161.0,15191.6875,time,-17.5,-19.5
2023-11-09,2023,Validation,3,1.0,15429.0,15449.0625,time,-5.5,-6.5
2023-11-09,2023,Validation,3,2.0,15429.0,15449.0625,time,-5.5,-7.5
2023-11-09,2023,Validation,5,1.0,15429.0,15449.0625,time,-3.75,-4.75
2023-11-09,2023,Validation,5,2.0,15429.0,15449.0625,time,-3.75,-5.75
2023-11-09,2023,Validation,10,1.0,15429.0,15449.0625,time,18.25,17.25
2023-11-09,2023,Validation,10,2.0,15429.0,15449.0625,time,18.25,16.25
2023-11-09,2023,Validation,15,1.0,15429.0,15449.0625,time,30.0,29.0
2023-11-09,2023,Validation,15,2.0,15429.0,15449.0625,time,30.0,28.0
2023-11-13,2023,Validation,3,1.0,15536.0,15554.4375,time,-4.75,-5.75
2023-11-13,2023,Validation,3,2.0,15536.0,15554.4375,time,-4.75,-6.75
2023-11-13,2023,Validation,5,1.0,15536.0,15554.4375,time,-0.75,-1.75
2023-11-13,2023,Validation,5,2.0,15536.0,15554.4375,time,-0.75,-2.75
2023-11-13,2023,Validation,10,1.0,15536.0,15554.4375,stop,-18.4375,-19.4375
2023-11-13,2023,Validation,10,2.0,15536.0,15554.4375,stop,-18.4375,-20.4375
2023-11-13,2023,Validation,15,1.0,15536.0,15554.4375,stop,-18.4375,-19.4375
2023-11-13,2023,Validation,15,2.0,15536.0,15554.4375,stop,-18.4375,-20.4375
2023-11-14,2023,Validation,3,1.0,15884.0,15908.3125,time,17.25,16.25
2023-11-14,2023,Validation,3,2.0,15884.0,15908.3125,time,17.25,15.25
2023-11-14,2023,Validation,5,1.0,15884.0,15908.3125,time,16.25,15.25
2023-11-14,2023,Validation,5,2.0,15884.0,15908.3125,time,16.25,14.25
2023-11-14,2023,Validation,10,1.0,15884.0,15908.3125,time,11.0,10.0
2023-11-14,2023,Validation,10,2.0,15884.0,15908.3125,time,11.0,9.0
2023-11-14,2023,Validation,15,1.0,15884.0,15908.3125,time,11.75,10.75
2023-11-14,2023,Validation,15,2.0,15884.0,15908.3125,time,11.75,9.75
2023-11-17,2023,Validation,3,1.0,15872.0,15885.4375,time,4.75,3.75
2023-11-17,2023,Validation,3,2.0,15872.0,15885.4375,time,4.75,2.75
2023-11-17,2023,Validation,5,1.0,15872.0,15885.4375,time,4.0,3.0
2023-11-17,2023,Validation,5,2.0,15872.0,15885.4375,time,4.0,2.0
2023-11-17,2023,Validation,10,1.0,15872.0,15885.4375,time,0.0,-1.0
2023-11-17,2023,Validation,10,2.0,15872.0,15885.4375,time,0.0,-2.0
2023-11-17,2023,Validation,15,1.0,15872.0,15885.4375,time,-0.5,-1.5
2023-11-17,2023,Validation,15,2.0,15872.0,15885.4375,time,-0.5,-2.5
2023-11-23,2023,Validation,3,1.0,16068.75,16073.1875,time,1.75,0.75
2023-11-23,2023,Validation,3,2.0,16068.75,16073.1875,time,1.75,-0.25
2023-11-23,2023,Validation,5,1.0,16068.75,16073.1875,time,4.0,3.0
2023-11-23,2023,Validation,5,2.0,16068.75,16073.1875,time,4.0,2.0
2023-11-23,2023,Validation,10,1.0,16068.75,16073.1875,time,2.5,1.5
2023-11-23,2023,Validation,10,2.0,16068.75,16073.1875,time,2.5,0.5
2023-11-23,2023,Validation,15,1.0,16068.75,16073.1875,time,4.0,3.0
2023-11-23,2023,Validation,15,2.0,16068.75,16073.1875,time,4.0,2.0
2023-11-27,2023,Validation,3,1.0,16050.5,16070.5,time,-3.0,-4.0
2023-11-27,2023,Validation,3,2.0,16050.5,16070.5,time,-3.0,-5.0
2023-11-27,2023,Validation,5,1.0,16050.5,16070.5,time,-0.75,-1.75
2023-11-27,2023,Validation,5,2.0,16050.5,16070.5,time,-0.75,-2.75
2023-11-27,2023,Validation,10,1.0,16050.5,16070.5,time,1.75,0.75
2023-11-27,2023,Validation,10,2.0,16050.5,16070.5,time,1.75,-0.25
2023-11-27,2023,Validation,15,1.0,16050.5,16070.5,time,14.5,13.5
2023-11-27,2023,Validation,15,2.0,16050.5,16070.5,time,14.5,12.5
2023-11-28,2023,Validation,3,1.0,15996.75,16009.0,time,-4.75,-5.75
2023-11-28,2023,Validation,3,2.0,15996.75,16009.0,time,-4.75,-6.75
2023-11-28,2023,Validation,5,1.0,15996.75,16009.0,time,-4.25,-5.25
2023-11-28,2023,Validation,5,2.0,15996.75,16009.0,time,-4.25,-6.25
2023-11-28,2023,Validation,10,1.0,15996.75,16009.0,time,16.0,15.0
2023-11-28,2023,Validation,10,2.0,15996.75,16009.0,time,16.0,14.0
2023-11-28,2023,Validation,15,1.0,15996.75,16009.0,time,8.75,7.75
2023-11-28,2023,Validation,15,2.0,15996.75,16009.0,time,8.75,6.75
2023-12-01,2023,Validation,3,1.0,15963.25,15985.75,time,23.75,22.75
2023-12-01,2023,Validation,3,2.0,15963.25,15985.75,time,23.75,21.75
2023-12-01,2023,Validation,5,1.0,15963.25,15985.75,time,18.75,17.75
2023-12-01,2023,Validation,5,2.0,15963.25,15985.75,time,18.75,16.75
2023-12-01,2023,Validation,10,1.0,15963.25,15985.75,time,1.75,0.75
2023-12-01,2023,Validation,10,2.0,15963.25,15985.75,time,1.75,-0.25
2023-12-01,2023,Validation,15,1.0,15963.25,15985.75,time,-5.75,-6.75
2023-12-01,2023,Validation,15,2.0,15963.25,15985.75,time,-5.75,-7.75
2023-12-05,2023,Validation,3,1.0,15919.5,15957.875,time,32.5,31.5
2023-12-05,2023,Validation,3,2.0,15919.5,15957.875,time,32.5,30.5
2023-12-05,2023,Validation,5,1.0,15919.5,15957.875,time,49.75,48.75
2023-12-05,2023,Validation,5,2.0,15919.5,15957.875,time,49.75,47.75
2023-12-05,2023,Validation,10,1.0,15919.5,15957.875,time,43.5,42.5
2023-12-05,2023,Validation,10,2.0,15919.5,15957.875,time,43.5,41.5
2023-12-05,2023,Validation,15,1.0,15919.5,15957.875,time,42.75,41.75
2023-12-05,2023,Validation,15,2.0,15919.5,15957.875,time,42.75,40.75
2023-12-07,2023,Validation,3,1.0,15997.0,16024.375,time,2.25,1.25
2023-12-07,2023,Validation,3,2.0,15997.0,16024.375,time,2.25,0.25
2023-12-07,2023,Validation,5,1.0,15997.0,16024.375,time,-0.25,-1.25
2023-12-07,2023,Validation,5,2.0,15997.0,16024.375,time,-0.25,-2.25
2023-12-07,2023,Validation,10,1.0,15997.0,16024.375,time,6.5,5.5
2023-12-07,2023,Validation,10,2.0,15997.0,16024.375,time,6.5,4.5
2023-12-07,2023,Validation,15,1.0,15997.0,16024.375,time,-0.5,-1.5
2023-12-07,2023,Validation,15,2.0,15997.0,16024.375,time,-0.5,-2.5
2023-12-11,2023,Validation,3,1.0,16367.0,16393.5,time,8.25,7.25
2023-12-11,2023,Validation,3,2.0,16367.0,16393.5,time,8.25,6.25
2023-12-11,2023,Validation,5,1.0,16367.0,16393.5,time,19.25,18.25
2023-12-11,2023,Validation,5,2.0,16367.0,16393.5,time,19.25,17.25
2023-12-11,2023,Validation,10,1.0,16367.0,16393.5,time,9.25,8.25
2023-12-11,2023,Validation,10,2.0,16367.0,16393.5,time,9.25,7.25
2023-12-11,2023,Validation,15,1.0,16367.0,16393.5,time,2.75,1.75
2023-12-11,2023,Validation,15,2.0,16367.0,16393.5,time,2.75,0.75
2023-12-12,2023,Validation,3,1.0,16485.5,16508.9375,time,3.0,2.0
2023-12-12,2023,Validation,3,2.0,16485.5,16508.9375,time,3.0,1.0
2023-12-12,2023,Validation,5,1.0,16485.5,16508.9375,time,3.75,2.75
2023-12-12,2023,Validation,5,2.0,16485.5,16508.9375,time,3.75,1.75
2023-12-12,2023,Validation,10,1.0,16485.5,16508.9375,time,14.5,13.5
2023-12-12,2023,Validation,10,2.0,16485.5,16508.9375,time,14.5,12.5
2023-12-12,2023,Validation,15,1.0,16485.5,16508.9375,time,3.0,2.0
2023-12-12,2023,Validation,15,2.0,16485.5,16508.9375,time,3.0,1.0
2023-12-15,2023,Validation,3,1.0,16859.25,16880.75,time,-2.0,-3.0
2023-12-15,2023,Validation,3,2.0,16859.25,16880.75,time,-2.0,-4.0
2023-12-15,2023,Validation,5,1.0,16859.25,16880.75,time,-3.5,-4.5
2023-12-15,2023,Validation,5,2.0,16859.25,16880.75,time,-3.5,-5.5
2023-12-15,2023,Validation,10,1.0,16859.25,16880.75,time,9.75,8.75
2023-12-15,2023,Validation,10,2.0,16859.25,16880.75,time,9.75,7.75
2023-12-15,2023,Validation,15,1.0,16859.25,16880.75,time,7.0,6.0
2023-12-15,2023,Validation,15,2.0,16859.25,16880.75,time,7.0,5.0
2023-12-18,2023,Validation,3,1.0,16904.75,16923.0,time,1.75,0.75
2023-12-18,2023,Validation,3,2.0,16904.75,16923.0,time,1.75,-0.25
2023-12-18,2023,Validation,5,1.0,16904.75,16923.0,time,-0.25,-1.25
2023-12-18,2023,Validation,5,2.0,16904.75,16923.0,time,-0.25,-2.25
2023-12-18,2023,Validation,10,1.0,16904.75,16923.0,time,-5.25,-6.25
2023-12-18,2023,Validation,10,2.0,16904.75,16923.0,time,-5.25,-7.25
2023-12-18,2023,Validation,15,1.0,16904.75,16923.0,time,-16.5,-17.5
2023-12-18,2023,Validation,15,2.0,16904.75,16923.0,time,-16.5,-18.5
2023-12-19,2023,Validation,3,1.0,16978.0,16991.3125,time,-0.25,-1.25
2023-12-19,2023,Validation,3,2.0,16978.0,16991.3125,time,-0.25,-2.25
2023-12-19,2023,Validation,5,1.0,16978.0,16991.3125,time,2.75,1.75
2023-12-19,2023,Validation,5,2.0,16978.0,16991.3125,time,2.75,0.75
2023-12-19,2023,Validation,10,1.0,16978.0,16991.3125,time,-10.75,-11.75
2023-12-19,2023,Validation,10,2.0,16978.0,16991.3125,time,-10.75,-12.75
2023-12-19,2023,Validation,15,1.0,16978.0,16991.3125,stop,-13.3125,-14.3125
2023-12-19,2023,Validation,15,2.0,16978.0,16991.3125,stop,-13.3125,-15.3125
2023-12-20,2023,Validation,3,1.0,17050.25,17071.125,time,3.5,2.5
2023-12-20,2023,Validation,3,2.0,17050.25,17071.125,time,3.5,1.5
2023-12-20,2023,Validation,5,1.0,17050.25,17071.125,time,11.5,10.5
2023-12-20,2023,Validation,5,2.0,17050.25,17071.125,time,11.5,9.5
2023-12-20,2023,Validation,10,1.0,17050.25,17071.125,time,-2.25,-3.25
2023-12-20,2023,Validation,10,2.0,17050.25,17071.125,time,-2.25,-4.25
2023-12-20,2023,Validation,15,1.0,17050.25,17071.125,time,5.0,4.0
2023-12-20,2023,Validation,15,2.0,17050.25,17071.125,time,5.0,3.0
2023-12-26,2023,Validation,3,1.0,17048.5,17061.375,time,5.25,4.25
2023-12-26,2023,Validation,3,2.0,17048.5,17061.375,time,5.25,3.25
2023-12-26,2023,Validation,5,1.0,17048.5,17061.375,time,5.0,4.0
2023-12-26,2023,Validation,5,2.0,17048.5,17061.375,time,5.0,3.0
2023-12-26,2023,Validation,10,1.0,17048.5,17061.375,time,15.25,14.25
2023-12-26,2023,Validation,10,2.0,17048.5,17061.375,time,15.25,13.25
2023-12-26,2023,Validation,15,1.0,17048.5,17061.375,time,7.25,6.25
2023-12-26,2023,Validation,15,2.0,17048.5,17061.375,time,7.25,5.25
2024-01-04,2024,Validation,3,1.0,16525.25,16547.75,time,-7.0,-8.0
2024-01-04,2024,Validation,3,2.0,16525.25,16547.75,time,-7.0,-9.0
2024-01-04,2024,Validation,5,1.0,16525.25,16547.75,time,-14.0,-15.0
2024-01-04,2024,Validation,5,2.0,16525.25,16547.75,time,-14.0,-16.0
2024-01-04,2024,Validation,10,1.0,16525.25,16547.75,time,-19.5,-20.5
2024-01-04,2024,Validation,10,2.0,16525.25,16547.75,time,-19.5,-21.5
2024-01-04,2024,Validation,15,1.0,16525.25,16547.75,stop,-22.5,-23.5
2024-01-04,2024,Validation,15,2.0,16525.25,16547.75,stop,-22.5,-24.5
2024-01-05,2024,Validation,3,1.0,16554.75,16584.1875,time,-4.75,-5.75
2024-01-05,2024,Validation,3,2.0,16554.75,16584.1875,time,-4.75,-6.75
2024-01-05,2024,Validation,5,1.0,16554.75,16584.1875,time,-4.75,-5.75
2024-01-05,2024,Validation,5,2.0,16554.75,16584.1875,time,-4.75,-6.75
2024-01-05,2024,Validation,10,1.0,16554.75,16584.1875,time,0.5,-0.5
2024-01-05,2024,Validation,10,2.0,16554.75,16584.1875,time,0.5,-1.5
2024-01-05,2024,Validation,15,1.0,16554.75,16584.1875,time,-7.25,-8.25
2024-01-05,2024,Validation,15,2.0,16554.75,16584.1875,time,-7.25,-9.25
2024-01-09,2024,Validation,3,1.0,16737.75,16759.375,time,1.25,0.25
2024-01-09,2024,Validation,3,2.0,16737.75,16759.375,time,1.25,-0.75
2024-01-09,2024,Validation,5,1.0,16737.75,16759.375,time,4.0,3.0
2024-01-09,2024,Validation,5,2.0,16737.75,16759.375,time,4.0,2.0
2024-01-09,2024,Validation,10,1.0,16737.75,16759.375,stop,-21.625,-22.625
2024-01-09,2024,Validation,10,2.0,16737.75,16759.375,stop,-21.625,-23.625
2024-01-09,2024,Validation,15,1.0,16737.75,16759.375,stop,-21.625,-22.625
2024-01-09,2024,Validation,15,2.0,16737.75,16759.375,stop,-21.625,-23.625
2024-01-10,2024,Validation,3,1.0,16867.75,16885.875,time,5.0,4.0
2024-01-10,2024,Validation,3,2.0,16867.75,16885.875,time,5.0,3.0
2024-01-10,2024,Validation,5,1.0,16867.75,16885.875,time,0.5,-0.5
2024-01-10,2024,Validation,5,2.0,16867.75,16885.875,time,0.5,-1.5
2024-01-10,2024,Validation,10,1.0,16867.75,16885.875,time,-0.5,-1.5
2024-01-10,2024,Validation,10,2.0,16867.75,16885.875,time,-0.5,-2.5
2024-01-10,2024,Validation,15,1.0,16867.75,16885.875,time,1.75,0.75
2024-01-10,2024,Validation,15,2.0,16867.75,16885.875,time,1.75,-0.25
2024-01-15,2024,Validation,3,1.0,16966.0,16973.5,time,-3.75,-4.75
2024-01-15,2024,Validation,3,2.0,16966.0,16973.5,time,-3.75,-5.75
2024-01-15,2024,Validation,5,1.0,16966.0,16973.5,time,-4.0,-5.0
2024-01-15,2024,Validation,5,2.0,16966.0,16973.5,time,-4.0,-6.0
2024-01-15,2024,Validation,10,1.0,16966.0,16973.5,time,-0.75,-1.75
2024-01-15,2024,Validation,10,2.0,16966.0,16973.5,time,-0.75,-2.75
2024-01-15,2024,Validation,15,1.0,16966.0,16973.5,time,-4.0,-5.0
2024-01-15,2024,Validation,15,2.0,16966.0,16973.5,time,-4.0,-6.0
2024-01-16,2024,Validation,3,1.0,16963.25,17000.4375,time,-12.5,-13.5
2024-01-16,2024,Validation,3,2.0,16963.25,17000.4375,time,-12.5,-14.5
2024-01-16,2024,Validation,5,1.0,16963.25,17000.4375,time,-6.25,-7.25
2024-01-16,2024,Validation,5,2.0,16963.25,17000.4375,time,-6.25,-8.25
2024-01-16,2024,Validation,10,1.0,16963.25,17000.4375,time,-12.75,-13.75
2024-01-16,2024,Validation,10,2.0,16963.25,17000.4375,time,-12.75,-14.75
2024-01-16,2024,Validation,15,1.0,16963.25,17000.4375,stop,-37.1875,-38.1875
2024-01-16,2024,Validation,15,2.0,16963.25,17000.4375,stop,-37.1875,-39.1875
2024-01-18,2024,Validation,3,1.0,17028.5,17045.5,time,-14.75,-15.75
2024-01-18,2024,Validation,3,2.0,17028.5,17045.5,time,-14.75,-16.75
2024-01-18,2024,Validation,5,1.0,17028.5,17045.5,stop,-17.0,-18.0
2024-01-18,2024,Validation,5,2.0,17028.5,17045.5,stop,-17.0,-19.0
2024-01-18,2024,Validation,10,1.0,17028.5,17045.5,stop,-17.0,-18.0
2024-01-18,2024,Validation,10,2.0,17028.5,17045.5,stop,-17.0,-19.0
2024-01-18,2024,Validation,15,1.0,17028.5,17045.5,stop,-17.0,-18.0
2024-01-18,2024,Validation,15,2.0,17028.5,17045.5,stop,-17.0,-19.0
2024-01-23,2024,Validation,3,1.0,17482.5,17502.125,time,-0.75,-1.75
2024-01-23,2024,Validation,3,2.0,17482.5,17502.125,time,-0.75,-2.75
2024-01-23,2024,Validation,5,1.0,17482.5,17502.125,time,5.5,4.5
2024-01-23,2024,Validation,5,2.0,17482.5,17502.125,time,5.5,3.5
2024-01-23,2024,Validation,10,1.0,17482.5,17502.125,time,6.0,5.0
2024-01-23,2024,Validation,10,2.0,17482.5,17502.125,time,6.0,4.0
2024-01-23,2024,Validation,15,1.0,17482.5,17502.125,time,-1.0,-2.0
2024-01-23,2024,Validation,15,2.0,17482.5,17502.125,time,-1.0,-3.0
2024-01-24,2024,Validation,3,1.0,17712.25,17732.625,time,13.5,12.5
2024-01-24,2024,Validation,3,2.0,17712.25,17732.625,time,13.5,11.5
2024-01-24,2024,Validation,5,1.0,17712.25,17732.625,time,17.0,16.0
2024-01-24,2024,Validation,5,2.0,17712.25,17732.625,time,17.0,15.0
2024-01-24,2024,Validation,10,1.0,17712.25,17732.625,time,1.0,0.0
2024-01-24,2024,Validation,10,2.0,17712.25,17732.625,time,1.0,-1.0
2024-01-24,2024,Validation,15,1.0,17712.25,17732.625,time,1.25,0.25
2024-01-24,2024,Validation,15,2.0,17712.25,17732.625,time,1.25,-0.75
2024-01-25,2024,Validation,3,1.0,17723.75,17745.125,time,8.0,7.0
2024-01-25,2024,Validation,3,2.0,17723.75,17745.125,time,8.0,6.0
2024-01-25,2024,Validation,5,1.0,17723.75,17745.125,time,17.0,16.0
2024-01-25,2024,Validation,5,2.0,17723.75,17745.125,time,17.0,15.0
2024-01-25,2024,Validation,10,1.0,17723.75,17745.125,time,35.75,34.75
2024-01-25,2024,Validation,10,2.0,17723.75,17745.125,time,35.75,33.75
2024-01-25,2024,Validation,15,1.0,17723.75,17745.125,time,35.0,34.0
2024-01-25,2024,Validation,15,2.0,17723.75,17745.125,time,35.0,33.0
2024-01-26,2024,Validation,3,1.0,17572.75,17592.25,time,22.0,21.0
2024-01-26,2024,Validation,3,2.0,17572.75,17592.25,time,22.0,20.0
2024-01-26,2024,Validation,5,1.0,17572.75,17592.25,time,22.75,21.75
2024-01-26,2024,Validation,5,2.0,17572.75,17592.25,time,22.75,20.75
2024-01-26,2024,Validation,10,1.0,17572.75,17592.25,time,24.25,23.25
2024-01-26,2024,Validation,10,2.0,17572.75,17592.25,time,24.25,22.25
2024-01-26,2024,Validation,15,1.0,17572.75,17592.25,time,51.0,50.0
2024-01-26,2024,Validation,15,2.0,17572.75,17592.25,time,51.0,49.0
2024-01-29,2024,Validation,3,1.0,17582.25,17596.625,time,0.25,-0.75
2024-01-29,2024,Validation,3,2.0,17582.25,17596.625,time,0.25,-1.75
2024-01-29,2024,Validation,5,1.0,17582.25,17596.625,stop,-14.375,-15.375
2024-01-29,2024,Validation,5,2.0,17582.25,17596.625,stop,-14.375,-16.375
2024-01-29,2024,Validation,10,1.0,17582.25,17596.625,stop,-14.375,-15.375
2024-01-29,2024,Validation,10,2.0,17582.25,17596.625,stop,-14.375,-16.375
2024-01-29,2024,Validation,15,1.0,17582.25,17596.625,stop,-14.375,-15.375
2024-01-29,2024,Validation,15,2.0,17582.25,17596.625,stop,-14.375,-16.375
2024-02-01,2024,Validation,3,1.0,17366.5,17391.3125,time,8.75,7.75
2024-02-01,2024,Validation,3,2.0,17366.5,17391.3125,time,8.75,6.75
2024-02-01,2024,Validation,5,1.0,17366.5,17391.3125,time,3.25,2.25
2024-02-01,2024,Validation,5,2.0,17366.5,17391.3125,time,3.25,1.25
2024-02-01,2024,Validation,10,1.0,17366.5,17391.3125,time,21.75,20.75
2024-02-01,2024,Validation,10,2.0,17366.5,17391.3125,time,21.75,19.75
2024-02-01,2024,Validation,15,1.0,17366.5,17391.3125,time,23.5,22.5
2024-02-01,2024,Validation,15,2.0,17366.5,17391.3125,time,23.5,21.5
2024-02-02,2024,Validation,3,1.0,17616.0,17655.625,time,-22.5,-23.5
2024-02-02,2024,Validation,3,2.0,17616.0,17655.625,time,-22.5,-24.5
2024-02-02,2024,Validation,5,1.0,17616.0,17655.625,time,-19.75,-20.75
2024-02-02,2024,Validation,5,2.0,17616.0,17655.625,time,-19.75,-21.75
2024-02-02,2024,Validation,10,1.0,17616.0,17655.625,stop,-39.625,-40.625
2024-02-02,2024,Validation,10,2.0,17616.0,17655.625,stop,-39.625,-41.625
2024-02-02,2024,Validation,15,1.0,17616.0,17655.625,stop,-39.625,-40.625
2024-02-02,2024,Validation,15,2.0,17616.0,17655.625,stop,-39.625,-41.625
2024-02-08,2024,Validation,3,1.0,17863.5,17878.0,time,-10.75,-11.75
2024-02-08,2024,Validation,3,2.0,17863.5,17878.0,time,-10.75,-12.75
2024-02-08,2024,Validation,5,1.0,17863.5,17878.0,stop,-14.5,-15.5
2024-02-08,2024,Validation,5,2.0,17863.5,17878.0,stop,-14.5,-16.5
2024-02-08,2024,Validation,10,1.0,17863.5,17878.0,stop,-14.5,-15.5
2024-02-08,2024,Validation,10,2.0,17863.5,17878.0,stop,-14.5,-16.5
2024-02-08,2024,Validation,15,1.0,17863.5,17878.0,stop,-14.5,-15.5
2024-02-08,2024,Validation,15,2.0,17863.5,17878.0,stop,-14.5,-16.5
2024-02-12,2024,Validation,3,1.0,18033.5,18044.4375,time,3.5,2.5
2024-02-12,2024,Validation,3,2.0,18033.5,18044.4375,time,3.5,1.5
2024-02-12,2024,Validation,5,1.0,18033.5,18044.4375,time,24.75,23.75
2024-02-12,2024,Validation,5,2.0,18033.5,18044.4375,time,24.75,22.75
2024-02-12,2024,Validation,10,1.0,18033.5,18044.4375,time,28.25,27.25
2024-02-12,2024,Validation,10,2.0,18033.5,18044.4375,time,28.25,26.25
2024-02-12,2024,Validation,15,1.0,18033.5,18044.4375,time,23.25,22.25
2024-02-12,2024,Validation,15,2.0,18033.5,18044.4375,time,23.25,21.25
2024-02-13,2024,Validation,3,1.0,17726.75,17765.75,time,-18.5,-19.5
2024-02-13,2024,Validation,3,2.0,17726.75,17765.75,time,-18.5,-20.5
2024-02-13,2024,Validation,5,1.0,17726.75,17765.75,time,-32.25,-33.25
2024-02-13,2024,Validation,5,2.0,17726.75,17765.75,time,-32.25,-34.25
2024-02-13,2024,Validation,10,1.0,17726.75,17765.75,stop,-39.0,-40.0
2024-02-13,2024,Validation,10,2.0,17726.75,17765.75,stop,-39.0,-41.0
2024-02-13,2024,Validation,15,1.0,17726.75,17765.75,stop,-39.0,-40.0
2024-02-13,2024,Validation,15,2.0,17726.75,17765.75,stop,-39.0,-41.0
2024-02-22,2024,Validation,3,1.0,17955.75,17982.3125,time,-12.25,-13.25
2024-02-22,2024,Validation,3,2.0,17955.75,17982.3125,time,-12.25,-14.25
2024-02-22,2024,Validation,5,1.0,17955.75,17982.3125,time,-16.5,-17.5
2024-02-22,2024,Validation,5,2.0,17955.75,17982.3125,time,-16.5,-18.5
2024-02-22,2024,Validation,10,1.0,17955.75,17982.3125,time,-15.5,-16.5
2024-02-22,2024,Validation,10,2.0,17955.75,17982.3125,time,-15.5,-17.5
2024-02-22,2024,Validation,15,1.0,17955.75,17982.3125,time,-17.25,-18.25
2024-02-22,2024,Validation,15,2.0,17955.75,17982.3125,time,-17.25,-19.25
2024-02-26,2024,Validation,3,1.0,18046.25,18067.4375,time,26.0,25.0
2024-02-26,2024,Validation,3,2.0,18046.25,18067.4375,time,26.0,24.0
2024-02-26,2024,Validation,5,1.0,18046.25,18067.4375,time,16.25,15.25
2024-02-26,2024,Validation,5,2.0,18046.25,18067.4375,time,16.25,14.25
2024-02-26,2024,Validation,10,1.0,18046.25,18067.4375,time,19.0,18.0
2024-02-26,2024,Validation,10,2.0,18046.25,18067.4375,time,19.0,17.0
2024-02-26,2024,Validation,15,1.0,18046.25,18067.4375,time,5.5,4.5
2024-02-26,2024,Validation,15,2.0,18046.25,18067.4375,time,5.5,3.5
2024-02-28,2024,Validation,3,1.0,17946.25,17963.875,time,3.0,2.0
2024-02-28,2024,Validation,3,2.0,17946.25,17963.875,time,3.0,1.0
2024-02-28,2024,Validation,5,1.0,17946.25,17963.875,time,3.25,2.25
2024-02-28,2024,Validation,5,2.0,17946.25,17963.875,time,3.25,1.25
2024-02-28,2024,Validation,10,1.0,17946.25,17963.875,time,-12.0,-13.0
2024-02-28,2024,Validation,10,2.0,17946.25,17963.875,time,-12.0,-14.0
2024-02-28,2024,Validation,15,1.0,17946.25,17963.875,stop,-17.625,-18.625
2024-02-28,2024,Validation,15,2.0,17946.25,17963.875,stop,-17.625,-19.625
2024-03-06,2024,Validation,3,1.0,18122.0,18162.75,time,-9.25,-10.25
2024-03-06,2024,Validation,3,2.0,18122.0,18162.75,time,-9.25,-11.25
2024-03-06,2024,Validation,5,1.0,18122.0,18162.75,time,-10.25,-11.25
2024-03-06,2024,Validation,5,2.0,18122.0,18162.75,time,-10.25,-12.25
2024-03-06,2024,Validation,10,1.0,18122.0,18162.75,time,-16.75,-17.75
2024-03-06,2024,Validation,10,2.0,18122.0,18162.75,time,-16.75,-18.75
2024-03-06,2024,Validation,15,1.0,18122.0,18162.75,time,-7.5,-8.5
2024-03-06,2024,Validation,15,2.0,18122.0,18162.75,time,-7.5,-9.5
2024-03-11,2024,Validation,3,1.0,18248.0,18275.625,time,-0.75,-1.75
2024-03-11,2024,Validation,3,2.0,18248.0,18275.625,time,-0.75,-2.75
2024-03-11,2024,Validation,5,1.0,18248.0,18275.625,time,-5.0,-6.0
2024-03-11,2024,Validation,5,2.0,18248.0,18275.625,time,-5.0,-7.0
2024-03-11,2024,Validation,10,1.0,18248.0,18275.625,time,21.0,20.0
2024-03-11,2024,Validation,10,2.0,18248.0,18275.625,time,21.0,19.0
2024-03-11,2024,Validation,15,1.0,18248.0,18275.625,time,39.25,38.25
2024-03-11,2024,Validation,15,2.0,18248.0,18275.625,time,39.25,37.25
2024-03-12,2024,Validation,3,1.0,18360.0,18408.3125,time,-0.75,-1.75
2024-03-12,2024,Validation,3,2.0,18360.0,18408.3125,time,-0.75,-2.75
2024-03-12,2024,Validation,5,1.0,18360.0,18408.3125,time,6.0,5.0
2024-03-12,2024,Validation,5,2.0,18360.0,18408.3125,time,6.0,4.0
2024-03-12,2024,Validation,10,1.0,18360.0,18408.3125,time,15.75,14.75
2024-03-12,2024,Validation,10,2.0,18360.0,18408.3125,time,15.75,13.75
2024-03-12,2024,Validation,15,1.0,18360.0,18408.3125,time,1.25,0.25
2024-03-12,2024,Validation,15,2.0,18360.0,18408.3125,time,1.25,-0.75
2024-03-19,2024,Validation,3,1.0,18149.25,18174.0625,time,1.25,0.25
2024-03-19,2024,Validation,3,2.0,18149.25,18174.0625,time,1.25,-0.75
2024-03-19,2024,Validation,5,1.0,18149.25,18174.0625,time,1.5,0.5
2024-03-19,2024,Validation,5,2.0,18149.25,18174.0625,time,1.5,-0.5
2024-03-19,2024,Validation,10,1.0,18149.25,18174.0625,time,-4.0,-5.0
2024-03-19,2024,Validation,10,2.0,18149.25,18174.0625,time,-4.0,-6.0
2024-03-19,2024,Validation,15,1.0,18149.25,18174.0625,time,13.75,12.75
2024-03-19,2024,Validation,15,2.0,18149.25,18174.0625,time,13.75,11.75
2024-03-20,2024,Validation,3,1.0,18332.5,18354.6875,stop,-22.1875,-23.1875
2024-03-20,2024,Validation,3,2.0,18332.5,18354.6875,stop,-22.1875,-24.1875
2024-03-20,2024,Validation,5,1.0,18332.5,18354.6875,stop,-22.1875,-23.1875
2024-03-20,2024,Validation,5,2.0,18332.5,18354.6875,stop,-22.1875,-24.1875
2024-03-20,2024,Validation,10,1.0,18332.5,18354.6875,stop,-22.1875,-23.1875
2024-03-20,2024,Validation,10,2.0,18332.5,18354.6875,stop,-22.1875,-24.1875
2024-03-20,2024,Validation,15,1.0,18332.5,18354.6875,stop,-22.1875,-23.1875
2024-03-20,2024,Validation,15,2.0,18332.5,18354.6875,stop,-22.1875,-24.1875
2024-03-25,2024,Validation,3,1.0,18538.5,18570.3125,time,8.0,7.0
2024-03-25,2024,Validation,3,2.0,18538.5,18570.3125,time,8.0,6.0
2024-03-25,2024,Validation,5,1.0,18538.5,18570.3125,time,15.5,14.5
2024-03-25,2024,Validation,5,2.0,18538.5,18570.3125,time,15.5,13.5
2024-03-25,2024,Validation,10,1.0,18538.5,18570.3125,time,24.5,23.5
2024-03-25,2024,Validation,10,2.0,18538.5,18570.3125,time,24.5,22.5
2024-03-25,2024,Validation,15,1.0,18538.5,18570.3125,time,11.0,10.0
2024-03-25,2024,Validation,15,2.0,18538.5,18570.3125,time,11.0,9.0
2024-04-02,2024,Validation,3,1.0,18291.0,18313.625,time,3.75,2.75
2024-04-02,2024,Validation,3,2.0,18291.0,18313.625,time,3.75,1.75
2024-04-02,2024,Validation,5,1.0,18291.0,18313.625,time,11.0,10.0
2024-04-02,2024,Validation,5,2.0,18291.0,18313.625,time,11.0,9.0
2024-04-02,2024,Validation,10,1.0,18291.0,18313.625,time,15.75,14.75
2024-04-02,2024,Validation,10,2.0,18291.0,18313.625,time,15.75,13.75
2024-04-02,2024,Validation,15,1.0,18291.0,18313.625,time,13.0,12.0
2024-04-02,2024,Validation,15,2.0,18291.0,18313.625,time,13.0,11.0
2024-04-03,2024,Validation,3,1.0,18408.0,18452.75,time,0.5,-0.5
2024-04-03,2024,Validation,3,2.0,18408.0,18452.75,time,0.5,-1.5
2024-04-03,2024,Validation,5,1.0,18408.0,18452.75,time,4.25,3.25
2024-04-03,2024,Validation,5,2.0,18408.0,18452.75,time,4.25,2.25
2024-04-03,2024,Validation,10,1.0,18408.0,18452.75,time,20.5,19.5
2024-04-03,2024,Validation,10,2.0,18408.0,18452.75,time,20.5,18.5
2024-04-03,2024,Validation,15,1.0,18408.0,18452.75,time,15.0,14.0
2024-04-03,2024,Validation,15,2.0,18408.0,18452.75,time,15.0,13.0
2024-04-08,2024,Validation,3,1.0,18335.5,18361.4375,time,7.25,6.25
2024-04-08,2024,Validation,3,2.0,18335.5,18361.4375,time,7.25,5.25
2024-04-08,2024,Validation,5,1.0,18335.5,18361.4375,time,7.75,6.75
2024-04-08,2024,Validation,5,2.0,18335.5,18361.4375,time,7.75,5.75
2024-04-08,2024,Validation,10,1.0,18335.5,18361.4375,time,20.25,19.25
2024-04-08,2024,Validation,10,2.0,18335.5,18361.4375,time,20.25,18.25
2024-04-08,2024,Validation,15,1.0,18335.5,18361.4375,time,21.25,20.25
2024-04-08,2024,Validation,15,2.0,18335.5,18361.4375,time,21.25,19.25
2024-04-10,2024,Validation,3,1.0,18196.25,18221.3125,time,5.25,4.25
2024-04-10,2024,Validation,3,2.0,18196.25,18221.3125,time,5.25,3.25
2024-04-10,2024,Validation,5,1.0,18196.25,18221.3125,time,10.0,9.0
2024-04-10,2024,Validation,5,2.0,18196.25,18221.3125,time,10.0,8.0
2024-04-10,2024,Validation,10,1.0,18196.25,18221.3125,time,43.25,42.25
2024-04-10,2024,Validation,10,2.0,18196.25,18221.3125,time,43.25,41.25
2024-04-10,2024,Validation,15,1.0,18196.25,18221.3125,time,38.0,37.0
2024-04-10,2024,Validation,15,2.0,18196.25,18221.3125,time,38.0,36.0
2024-04-16,2024,Validation,3,1.0,17890.5,17917.875,time,17.5,16.5
2024-04-16,2024,Validation,3,2.0,17890.5,17917.875,time,17.5,15.5
2024-04-16,2024,Validation,5,1.0,17890.5,17917.875,time,15.25,14.25
2024-04-16,2024,Validation,5,2.0,17890.5,17917.875,time,15.25,13.25
2024-04-16,2024,Validation,10,1.0,17890.5,17917.875,time,-13.5,-14.5
2024-04-16,2024,Validation,10,2.0,17890.5,17917.875,time,-13.5,-15.5
2024-04-16,2024,Validation,15,1.0,17890.5,17917.875,time,-18.25,-19.25
2024-04-16,2024,Validation,15,2.0,17890.5,17917.875,time,-18.25,-20.25
2024-04-18,2024,Validation,3,1.0,17671.75,17703.4375,time,-13.0,-14.0
2024-04-18,2024,Validation,3,2.0,17671.75,17703.4375,time,-13.0,-15.0
2024-04-18,2024,Validation,5,1.0,17671.75,17703.4375,time,-13.75,-14.75
2024-04-18,2024,Validation,5,2.0,17671.75,17703.4375,time,-13.75,-15.75
2024-04-18,2024,Validation,10,1.0,17671.75,17703.4375,time,-8.0,-9.0
2024-04-18,2024,Validation,10,2.0,17671.75,17703.4375,time,-8.0,-10.0
2024-04-18,2024,Validation,15,1.0,17671.75,17703.4375,time,-13.75,-14.75
2024-04-18,2024,Validation,15,2.0,17671.75,17703.4375,time,-13.75,-15.75
2024-04-23,2024,Validation,3,1.0,17565.5,17604.75,time,-2.25,-3.25
2024-04-23,2024,Validation,3,2.0,17565.5,17604.75,time,-2.25,-4.25
2024-04-23,2024,Validation,5,1.0,17565.5,17604.75,time,-11.25,-12.25
2024-04-23,2024,Validation,5,2.0,17565.5,17604.75,time,-11.25,-13.25
2024-04-23,2024,Validation,10,1.0,17565.5,17604.75,time,-27.0,-28.0
2024-04-23,2024,Validation,10,2.0,17565.5,17604.75,time,-27.0,-29.0
2024-04-23,2024,Validation,15,1.0,17565.5,17604.75,time,14.5,13.5
2024-04-23,2024,Validation,15,2.0,17565.5,17604.75,time,14.5,12.5
2024-04-26,2024,Validation,3,1.0,17832.5,17875.5625,time,-4.0,-5.0
2024-04-26,2024,Validation,3,2.0,17832.5,17875.5625,time,-4.0,-6.0
2024-04-26,2024,Validation,5,1.0,17832.5,17875.5625,time,-18.5,-19.5
2024-04-26,2024,Validation,5,2.0,17832.5,17875.5625,time,-18.5,-20.5
2024-04-26,2024,Validation,10,1.0,17832.5,17875.5625,time,0.25,-0.75
2024-04-26,2024,Validation,10,2.0,17832.5,17875.5625,time,0.25,-1.75
2024-04-26,2024,Validation,15,1.0,17832.5,17875.5625,time,-4.75,-5.75
2024-04-26,2024,Validation,15,2.0,17832.5,17875.5625,time,-4.75,-6.75
2024-05-02,2024,Validation,3,1.0,17590.0,17644.0625,time,-4.5,-5.5
2024-05-02,2024,Validation,3,2.0,17590.0,17644.0625,time,-4.5,-6.5
2024-05-02,2024,Validation,5,1.0,17590.0,17644.0625,time,2.25,1.25
2024-05-02,2024,Validation,5,2.0,17590.0,17644.0625,time,2.25,0.25
2024-05-02,2024,Validation,10,1.0,17590.0,17644.0625,time,-2.5,-3.5
2024-05-02,2024,Validation,10,2.0,17590.0,17644.0625,time,-2.5,-4.5
2024-05-02,2024,Validation,15,1.0,17590.0,17644.0625,time,-0.25,-1.25
2024-05-02,2024,Validation,15,2.0,17590.0,17644.0625,time,-0.25,-2.25
2024-05-06,2024,Validation,3,1.0,18116.25,18134.8125,time,0.0,-1.0
2024-05-06,2024,Validation,3,2.0,18116.25,18134.8125,time,0.0,-2.0
2024-05-06,2024,Validation,5,1.0,18116.25,18134.8125,time,10.0,9.0
2024-05-06,2024,Validation,5,2.0,18116.25,18134.8125,time,10.0,8.0
2024-05-06,2024,Validation,10,1.0,18116.25,18134.8125,time,12.0,11.0
2024-05-06,2024,Validation,10,2.0,18116.25,18134.8125,time,12.0,10.0
2024-05-06,2024,Validation,15,1.0,18116.25,18134.8125,time,15.0,14.0
2024-05-06,2024,Validation,15,2.0,18116.25,18134.8125,time,15.0,13.0
2024-05-07,2024,Validation,3,1.0,18235.0,18248.5625,time,-8.0,-9.0
2024-05-07,2024,Validation,3,2.0,18235.0,18248.5625,time,-8.0,-10.0
2024-05-07,2024,Validation,5,1.0,18235.0,18248.5625,stop,-13.5625,-14.5625
2024-05-07,2024,Validation,5,2.0,18235.0,18248.5625,stop,-13.5625,-15.5625
2024-05-07,2024,Validation,10,1.0,18235.0,18248.5625,stop,-13.5625,-14.5625
2024-05-07,2024,Validation,10,2.0,18235.0,18248.5625,stop,-13.5625,-15.5625
2024-05-07,2024,Validation,15,1.0,18235.0,18248.5625,stop,-13.5625,-14.5625
2024-05-07,2024,Validation,15,2.0,18235.0,18248.5625,stop,-13.5625,-15.5625
2024-05-08,2024,Validation,3,1.0,18204.0,18237.125,time,8.5,7.5
2024-05-08,2024,Validation,3,2.0,18204.0,18237.125,time,8.5,6.5
2024-05-08,2024,Validation,5,1.0,18204.0,18237.125,time,10.75,9.75
2024-05-08,2024,Validation,5,2.0,18204.0,18237.125,time,10.75,8.75
2024-05-08,2024,Validation,10,1.0,18204.0,18237.125,time,21.25,20.25
2024-05-08,2024,Validation,10,2.0,18204.0,18237.125,time,21.25,19.25
2024-05-08,2024,Validation,15,1.0,18204.0,18237.125,time,22.5,21.5
2024-05-08,2024,Validation,15,2.0,18204.0,18237.125,time,22.5,20.5
2024-05-09,2024,Validation,3,1.0,18200.5,18224.3125,time,8.25,7.25
2024-05-09,2024,Validation,3,2.0,18200.5,18224.3125,time,8.25,6.25
2024-05-09,2024,Validation,5,1.0,18200.5,18224.3125,time,-3.75,-4.75
2024-05-09,2024,Validation,5,2.0,18200.5,18224.3125,time,-3.75,-5.75
2024-05-09,2024,Validation,10,1.0,18200.5,18224.3125,time,-19.5,-20.5
2024-05-09,2024,Validation,10,2.0,18200.5,18224.3125,time,-19.5,-21.5
2024-05-09,2024,Validation,15,1.0,18200.5,18224.3125,time,-10.5,-11.5
2024-05-09,2024,Validation,15,2.0,18200.5,18224.3125,time,-10.5,-12.5
2024-05-16,2024,Validation,3,1.0,18720.0,18732.75,time,3.5,2.5
2024-05-16,2024,Validation,3,2.0,18720.0,18732.75,time,3.5,1.5
2024-05-16,2024,Validation,5,1.0,18720.0,18732.75,time,-7.25,-8.25
2024-05-16,2024,Validation,5,2.0,18720.0,18732.75,time,-7.25,-9.25
2024-05-16,2024,Validation,10,1.0,18720.0,18732.75,time,-4.75,-5.75
2024-05-16,2024,Validation,10,2.0,18720.0,18732.75,time,-4.75,-6.75
2024-05-16,2024,Validation,15,1.0,18720.0,18732.75,time,1.25,0.25
2024-05-16,2024,Validation,15,2.0,18720.0,18732.75,time,1.25,-0.75
2024-05-17,2024,Validation,3,1.0,18664.0,18675.75,time,-2.0,-3.0
2024-05-17,2024,Validation,3,2.0,18664.0,18675.75,time,-2.0,-4.0
2024-05-17,2024,Validation,5,1.0,18664.0,18675.75,time,-6.75,-7.75
2024-05-17,2024,Validation,5,2.0,18664.0,18675.75,time,-6.75,-8.75
2024-05-17,2024,Validation,10,1.0,18664.0,18675.75,stop,-11.75,-12.75
2024-05-17,2024,Validation,10,2.0,18664.0,18675.75,stop,-11.75,-13.75
2024-05-17,2024,Validation,15,1.0,18664.0,18675.75,stop,-11.75,-12.75
2024-05-17,2024,Validation,15,2.0,18664.0,18675.75,stop,-11.75,-13.75
2024-05-20,2024,Validation,3,1.0,18754.0,18784.8125,time,11.5,10.5
2024-05-20,2024,Validation,3,2.0,18754.0,18784.8125,time,11.5,9.5
2024-05-20,2024,Validation,5,1.0,18754.0,18784.8125,time,10.5,9.5
2024-05-20,2024,Validation,5,2.0,18754.0,18784.8125,time,10.5,8.5
2024-05-20,2024,Validation,10,1.0,18754.0,18784.8125,time,12.75,11.75
2024-05-20,2024,Validation,10,2.0,18754.0,18784.8125,time,12.75,10.75
2024-05-20,2024,Validation,15,1.0,18754.0,18784.8125,time,14.0,13.0
2024-05-20,2024,Validation,15,2.0,18754.0,18784.8125,time,14.0,12.0
2024-05-22,2024,Validation,3,1.0,18833.0,18844.0,time,-0.5,-1.5
2024-05-22,2024,Validation,3,2.0,18833.0,18844.0,time,-0.5,-2.5
2024-05-22,2024,Validation,5,1.0,18833.0,18844.0,time,-0.75,-1.75
2024-05-22,2024,Validation,5,2.0,18833.0,18844.0,time,-0.75,-2.75
2024-05-22,2024,Validation,10,1.0,18833.0,18844.0,time,-1.5,-2.5
2024-05-22,2024,Validation,10,2.0,18833.0,18844.0,time,-1.5,-3.5
2024-05-22,2024,Validation,15,1.0,18833.0,18844.0,time,-1.5,-2.5
2024-05-22,2024,Validation,15,2.0,18833.0,18844.0,time,-1.5,-3.5
2024-05-28,2024,Validation,3,1.0,18936.0,18960.375,time,9.25,8.25
2024-05-28,2024,Validation,3,2.0,18936.0,18960.375,time,9.25,7.25
2024-05-28,2024,Validation,5,1.0,18936.0,18960.375,time,20.0,19.0
2024-05-28,2024,Validation,5,2.0,18936.0,18960.375,time,20.0,18.0
2024-05-28,2024,Validation,10,1.0,18936.0,18960.375,time,36.25,35.25
2024-05-28,2024,Validation,10,2.0,18936.0,18960.375,time,36.25,34.25
2024-05-28,2024,Validation,15,1.0,18936.0,18960.375,time,33.75,32.75
2024-05-28,2024,Validation,15,2.0,18936.0,18960.375,time,33.75,31.75
2024-05-29,2024,Validation,3,1.0,18862.75,18889.4375,time,2.5,1.5
2024-05-29,2024,Validation,3,2.0,18862.75,18889.4375,time,2.5,0.5
2024-05-29,2024,Validation,5,1.0,18862.75,18889.4375,time,-4.75,-5.75
2024-05-29,2024,Validation,5,2.0,18862.75,18889.4375,time,-4.75,-6.75
2024-05-29,2024,Validation,10,1.0,18862.75,18889.4375,time,-0.75,-1.75
2024-05-29,2024,Validation,10,2.0,18862.75,18889.4375,time,-0.75,-2.75
2024-05-29,2024,Validation,15,1.0,18862.75,18889.4375,time,-5.25,-6.25
2024-05-29,2024,Validation,15,2.0,18862.75,18889.4375,time,-5.25,-7.25
2024-06-07,2024,Validation,3,1.0,19052.25,19070.375,time,22.25,21.25
2024-06-07,2024,Validation,3,2.0,19052.25,19070.375,time,22.25,20.25
2024-06-07,2024,Validation,5,1.0,19052.25,19070.375,time,20.25,19.25
2024-06-07,2024,Validation,5,2.0,19052.25,19070.375,time,20.25,18.25
2024-06-07,2024,Validation,10,1.0,19052.25,19070.375,time,12.75,11.75
2024-06-07,2024,Validation,10,2.0,19052.25,19070.375,time,12.75,10.75
2024-06-07,2024,Validation,15,1.0,19052.25,19070.375,time,21.5,20.5
2024-06-07,2024,Validation,15,2.0,19052.25,19070.375,time,21.5,19.5
2024-06-10,2024,Validation,3,1.0,19033.25,19048.1875,time,-3.25,-4.25
2024-06-10,2024,Validation,3,2.0,19033.25,19048.1875,time,-3.25,-5.25
2024-06-10,2024,Validation,5,1.0,19033.25,19048.1875,stop,-14.9375,-15.9375
2024-06-10,2024,Validation,5,2.0,19033.25,19048.1875,stop,-14.9375,-16.9375
2024-06-10,2024,Validation,10,1.0,19033.25,19048.1875,stop,-14.9375,-15.9375
2024-06-10,2024,Validation,10,2.0,19033.25,19048.1875,stop,-14.9375,-16.9375
2024-06-10,2024,Validation,15,1.0,19033.25,19048.1875,stop,-14.9375,-15.9375
2024-06-10,2024,Validation,15,2.0,19033.25,19048.1875,stop,-14.9375,-16.9375
2024-06-11,2024,Validation,3,1.0,19085.0,19109.1875,time,-4.25,-5.25
2024-06-11,2024,Validation,3,2.0,19085.0,19109.1875,time,-4.25,-6.25
2024-06-11,2024,Validation,5,1.0,19085.0,19109.1875,time,2.75,1.75
2024-06-11,2024,Validation,5,2.0,19085.0,19109.1875,time,2.75,0.75
2024-06-11,2024,Validation,10,1.0,19085.0,19109.1875,time,5.25,4.25
2024-06-11,2024,Validation,10,2.0,19085.0,19109.1875,time,5.25,3.25
2024-06-11,2024,Validation,15,1.0,19085.0,19109.1875,time,7.5,6.5
2024-06-11,2024,Validation,15,2.0,19085.0,19109.1875,time,7.5,5.5
2024-06-14,2024,Validation,3,1.0,19644.0,19666.8125,time,-4.0,-5.0
2024-06-14,2024,Validation,3,2.0,19644.0,19666.8125,time,-4.0,-6.0
2024-06-14,2024,Validation,5,1.0,19644.0,19666.8125,time,-0.25,-1.25
2024-06-14,2024,Validation,5,2.0,19644.0,19666.8125,time,-0.25,-2.25
2024-06-14,2024,Validation,10,1.0,19644.0,19666.8125,time,-6.25,-7.25
2024-06-14,2024,Validation,10,2.0,19644.0,19666.8125,time,-6.25,-8.25
2024-06-14,2024,Validation,15,1.0,19644.0,19666.8125,stop,-22.8125,-23.8125
2024-06-14,2024,Validation,15,2.0,19644.0,19666.8125,stop,-22.8125,-24.8125
2024-06-21,2024,Validation,3,1.0,20016.75,20045.1875,time,11.0,10.0
2024-06-21,2024,Validation,3,2.0,20016.75,20045.1875,time,11.0,9.0
2024-06-21,2024,Validation,5,1.0,20016.75,20045.1875,time,20.5,19.5
2024-06-21,2024,Validation,5,2.0,20016.75,20045.1875,time,20.5,18.5
2024-06-21,2024,Validation,10,1.0,20016.75,20045.1875,time,39.75,38.75
2024-06-21,2024,Validation,10,2.0,20016.75,20045.1875,time,39.75,37.75
2024-06-21,2024,Validation,15,1.0,20016.75,20045.1875,time,22.5,21.5
2024-06-21,2024,Validation,15,2.0,20016.75,20045.1875,time,22.5,20.5
2024-06-25,2024,Validation,3,1.0,19896.75,19923.1875,time,-10.25,-11.25
2024-06-25,2024,Validation,3,2.0,19896.75,19923.1875,time,-10.25,-12.25
2024-06-25,2024,Validation,5,1.0,19896.75,19923.1875,time,-12.25,-13.25
2024-06-25,2024,Validation,5,2.0,19896.75,19923.1875,time,-12.25,-14.25
2024-06-25,2024,Validation,10,1.0,19896.75,19923.1875,time,-5.75,-6.75
2024-06-25,2024,Validation,10,2.0,19896.75,19923.1875,time,-5.75,-7.75
2024-06-25,2024,Validation,15,1.0,19896.75,19923.1875,time,5.0,4.0
2024-06-25,2024,Validation,15,2.0,19896.75,19923.1875,time,5.0,3.0
2024-07-02,2024,Validation,3,1.0,20094.75,20125.0625,time,6.5,5.5
2024-07-02,2024,Validation,3,2.0,20094.75,20125.0625,time,6.5,4.5
2024-07-02,2024,Validation,5,1.0,20094.75,20125.0625,time,-1.0,-2.0
2024-07-02,2024,Validation,5,2.0,20094.75,20125.0625,time,-1.0,-3.0
2024-07-02,2024,Validation,10,1.0,20094.75,20125.0625,time,10.0,9.0
2024-07-02,2024,Validation,10,2.0,20094.75,20125.0625,time,10.0,8.0
2024-07-02,2024,Validation,15,1.0,20094.75,20125.0625,time,18.75,17.75
2024-07-02,2024,Validation,15,2.0,20094.75,20125.0625,time,18.75,16.75
2024-07-08,2024,Validation,3,1.0,20648.5,20662.6875,time,-12.5,-13.5
2024-07-08,2024,Validation,3,2.0,20648.5,20662.6875,time,-12.5,-14.5
2024-07-08,2024,Validation,5,1.0,20648.5,20662.6875,stop,-14.1875,-15.1875
2024-07-08,2024,Validation,5,2.0,20648.5,20662.6875,stop,-14.1875,-16.1875
2024-07-08,2024,Validation,10,1.0,20648.5,20662.6875,stop,-14.1875,-15.1875
2024-07-08,2024,Validation,10,2.0,20648.5,20662.6875,stop,-14.1875,-16.1875
2024-07-08,2024,Validation,15,1.0,20648.5,20662.6875,stop,-14.1875,-15.1875
2024-07-08,2024,Validation,15,2.0,20648.5,20662.6875,stop,-14.1875,-16.1875
2024-07-12,2024,Validation,3,1.0,20568.75,20609.1875,time,-5.75,-6.75
2024-07-12,2024,Validation,3,2.0,20568.75,20609.1875,time,-5.75,-7.75
2024-07-12,2024,Validation,5,1.0,20568.75,20609.1875,time,0.25,-0.75
2024-07-12,2024,Validation,5,2.0,20568.75,20609.1875,time,0.25,-1.75
2024-07-12,2024,Validation,10,1.0,20568.75,20609.1875,time,-9.25,-10.25
2024-07-12,2024,Validation,10,2.0,20568.75,20609.1875,time,-9.25,-11.25
2024-07-12,2024,Validation,15,1.0,20568.75,20609.1875,time,-25.0,-26.0
2024-07-12,2024,Validation,15,2.0,20568.75,20609.1875,time,-25.0,-27.0
2024-07-15,2024,Validation,3,1.0,20685.0,20711.4375,time,0.25,-0.75
2024-07-15,2024,Validation,3,2.0,20685.0,20711.4375,time,0.25,-1.75
2024-07-15,2024,Validation,5,1.0,20685.0,20711.4375,time,-16.25,-17.25
2024-07-15,2024,Validation,5,2.0,20685.0,20711.4375,time,-16.25,-18.25
2024-07-15,2024,Validation,10,1.0,20685.0,20711.4375,time,-1.25,-2.25
2024-07-15,2024,Validation,10,2.0,20685.0,20711.4375,time,-1.25,-3.25
2024-07-15,2024,Validation,15,1.0,20685.0,20711.4375,time,21.75,20.75
2024-07-15,2024,Validation,15,2.0,20685.0,20711.4375,time,21.75,19.75
2024-07-23,2024,Validation,3,1.0,20047.5,20076.0625,time,14.75,13.75
2024-07-23,2024,Validation,3,2.0,20047.5,20076.0625,time,14.75,12.75
2024-07-23,2024,Validation,5,1.0,20047.5,20076.0625,time,13.5,12.5
2024-07-23,2024,Validation,5,2.0,20047.5,20076.0625,time,13.5,11.5
2024-07-23,2024,Validation,10,1.0,20047.5,20076.0625,time,25.0,24.0
2024-07-23,2024,Validation,10,2.0,20047.5,20076.0625,time,25.0,23.0
2024-07-23,2024,Validation,15,1.0,20047.5,20076.0625,time,25.5,24.5
2024-07-23,2024,Validation,15,2.0,20047.5,20076.0625,time,25.5,23.5
2024-07-25,2024,Validation,3,1.0,19219.0,19304.875,time,31.25,30.25
2024-07-25,2024,Validation,3,2.0,19219.0,19304.875,time,31.25,29.25
2024-07-25,2024,Validation,5,1.0,19219.0,19304.875,time,16.75,15.75
2024-07-25,2024,Validation,5,2.0,19219.0,19304.875,time,16.75,14.75
2024-07-25,2024,Validation,10,1.0,19219.0,19304.875,time,17.5,16.5
2024-07-25,2024,Validation,10,2.0,19219.0,19304.875,time,17.5,15.5
2024-07-25,2024,Validation,15,1.0,19219.0,19304.875,time,-3.5,-4.5
2024-07-25,2024,Validation,15,2.0,19219.0,19304.875,time,-3.5,-5.5
2024-07-26,2024,Validation,3,1.0,19156.5,19193.25,time,-16.0,-17.0
2024-07-26,2024,Validation,3,2.0,19156.5,19193.25,time,-16.0,-18.0
2024-07-26,2024,Validation,5,1.0,19156.5,19193.25,time,-30.25,-31.25
2024-07-26,2024,Validation,5,2.0,19156.5,19193.25,time,-30.25,-32.25
2024-07-26,2024,Validation,10,1.0,19156.5,19193.25,stop,-36.75,-37.75
2024-07-26,2024,Validation,10,2.0,19156.5,19193.25,stop,-36.75,-38.75
2024-07-26,2024,Validation,15,1.0,19156.5,19193.25,stop,-36.75,-37.75
2024-07-26,2024,Validation,15,2.0,19156.5,19193.25,stop,-36.75,-38.75
2024-07-31,2024,Validation,3,1.0,19450.0,19490.25,time,-8.25,-9.25
2024-07-31,2024,Validation,3,2.0,19450.0,19490.25,time,-8.25,-10.25
2024-07-31,2024,Validation,5,1.0,19450.0,19490.25,time,2.25,1.25
2024-07-31,2024,Validation,5,2.0,19450.0,19490.25,time,2.25,0.25
2024-07-31,2024,Validation,10,1.0,19450.0,19490.25,time,32.25,31.25
2024-07-31,2024,Validation,10,2.0,19450.0,19490.25,time,32.25,30.25
2024-07-31,2024,Validation,15,1.0,19450.0,19490.25,time,-1.75,-2.75
2024-07-31,2024,Validation,15,2.0,19450.0,19490.25,time,-1.75,-3.75
2024-08-05,2024,Validation,3,1.0,18103.25,18254.0625,time,-31.5,-32.5
2024-08-05,2024,Validation,3,2.0,18103.25,18254.0625,time,-31.5,-33.5
2024-08-05,2024,Validation,5,1.0,18103.25,18254.0625,time,-8.75,-9.75
2024-08-05,2024,Validation,5,2.0,18103.25,18254.0625,time,-8.75,-10.75
2024-08-05,2024,Validation,10,1.0,18103.25,18254.0625,time,-47.75,-48.75
2024-08-05,2024,Validation,10,2.0,18103.25,18254.0625,time,-47.75,-49.75
2024-08-05,2024,Validation,15,1.0,18103.25,18254.0625,time,20.75,19.75
2024-08-05,2024,Validation,15,2.0,18103.25,18254.0625,time,20.75,18.75
2024-08-06,2024,Validation,3,1.0,18184.75,18250.6875,time,-47.5,-48.5
2024-08-06,2024,Validation,3,2.0,18184.75,18250.6875,time,-47.5,-49.5
2024-08-06,2024,Validation,5,1.0,18184.75,18250.6875,stop,-65.9375,-66.9375
2024-08-06,2024,Validation,5,2.0,18184.75,18250.6875,stop,-65.9375,-67.9375
2024-08-06,2024,Validation,10,1.0,18184.75,18250.6875,stop,-65.9375,-66.9375
2024-08-06,2024,Validation,10,2.0,18184.75,18250.6875,stop,-65.9375,-67.9375
2024-08-06,2024,Validation,15,1.0,18184.75,18250.6875,stop,-65.9375,-66.9375
2024-08-06,2024,Validation,15,2.0,18184.75,18250.6875,stop,-65.9375,-67.9375
2024-08-08,2024,Validation,3,1.0,18336.5,18417.9375,time,-0.75,-1.75
2024-08-08,2024,Validation,3,2.0,18336.5,18417.9375,time,-0.75,-2.75
2024-08-08,2024,Validation,5,1.0,18336.5,18417.9375,time,7.25,6.25
2024-08-08,2024,Validation,5,2.0,18336.5,18417.9375,time,7.25,5.25
2024-08-08,2024,Validation,10,1.0,18336.5,18417.9375,time,-59.75,-60.75
2024-08-08,2024,Validation,10,2.0,18336.5,18417.9375,time,-59.75,-61.75
2024-08-08,2024,Validation,15,1.0,18336.5,18417.9375,time,-45.25,-46.25
2024-08-08,2024,Validation,15,2.0,18336.5,18417.9375,time,-45.25,-47.25
2024-08-12,2024,Validation,3,1.0,18708.25,18759.375,time,-15.25,-16.25
2024-08-12,2024,Validation,3,2.0,18708.25,18759.375,time,-15.25,-17.25
2024-08-12,2024,Validation,5,1.0,18708.25,18759.375,time,-26.5,-27.5
2024-08-12,2024,Validation,5,2.0,18708.25,18759.375,time,-26.5,-28.5
2024-08-12,2024,Validation,10,1.0,18708.25,18759.375,time,-10.75,-11.75
2024-08-12,2024,Validation,10,2.0,18708.25,18759.375,time,-10.75,-12.75
2024-08-12,2024,Validation,15,1.0,18708.25,18759.375,time,-19.25,-20.25
2024-08-12,2024,Validation,15,2.0,18708.25,18759.375,time,-19.25,-21.25
2024-08-15,2024,Validation,3,1.0,19485.0,19523.375,time,10.0,9.0
2024-08-15,2024,Validation,3,2.0,19485.0,19523.375,time,10.0,8.0
2024-08-15,2024,Validation,5,1.0,19485.0,19523.375,time,3.5,2.5
2024-08-15,2024,Validation,5,2.0,19485.0,19523.375,time,3.5,1.5
2024-08-15,2024,Validation,10,1.0,19485.0,19523.375,time,-9.25,-10.25
2024-08-15,2024,Validation,10,2.0,19485.0,19523.375,time,-9.25,-11.25
2024-08-15,2024,Validation,15,1.0,19485.0,19523.375,time,-5.0,-6.0
2024-08-15,2024,Validation,15,2.0,19485.0,19523.375,time,-5.0,-7.0
2024-08-21,2024,Validation,3,1.0,19910.75,19935.3125,time,81.75,80.75
2024-08-21,2024,Validation,3,2.0,19910.75,19935.3125,time,81.75,79.75
2024-08-21,2024,Validation,5,1.0,19910.75,19935.3125,time,95.5,94.5
2024-08-21,2024,Validation,5,2.0,19910.75,19935.3125,time,95.5,93.5
2024-08-21,2024,Validation,10,1.0,19910.75,19935.3125,time,77.0,76.0
2024-08-21,2024,Validation,10,2.0,19910.75,19935.3125,time,77.0,75.0
2024-08-21,2024,Validation,15,1.0,19910.75,19935.3125,time,60.25,59.25
2024-08-21,2024,Validation,15,2.0,19910.75,19935.3125,time,60.25,58.25
2024-08-27,2024,Validation,3,1.0,19623.5,19671.625,time,10.5,9.5
2024-08-27,2024,Validation,3,2.0,19623.5,19671.625,time,10.5,8.5
2024-08-27,2024,Validation,5,1.0,19623.5,19671.625,time,26.5,25.5
2024-08-27,2024,Validation,5,2.0,19623.5,19671.625,time,26.5,24.5
2024-08-27,2024,Validation,10,1.0,19623.5,19671.625,time,21.75,20.75
2024-08-27,2024,Validation,10,2.0,19623.5,19671.625,time,21.75,19.75
2024-08-27,2024,Validation,15,1.0,19623.5,19671.625,time,20.0,19.0
2024-08-27,2024,Validation,15,2.0,19623.5,19671.625,time,20.0,18.0
2024-09-04,2024,Validation,3,1.0,18996.0,19036.9375,time,11.0,10.0
2024-09-04,2024,Validation,3,2.0,18996.0,19036.9375,time,11.0,9.0
2024-09-04,2024,Validation,5,1.0,18996.0,19036.9375,time,9.5,8.5
2024-09-04,2024,Validation,5,2.0,18996.0,19036.9375,time,9.5,7.5
2024-09-04,2024,Validation,10,1.0,18996.0,19036.9375,time,-9.5,-10.5
2024-09-04,2024,Validation,10,2.0,18996.0,19036.9375,time,-9.5,-11.5
2024-09-04,2024,Validation,15,1.0,18996.0,19036.9375,time,-33.5,-34.5
2024-09-04,2024,Validation,15,2.0,18996.0,19036.9375,time,-33.5,-35.5
2024-09-12,2024,Validation,3,1.0,19298.75,19340.0,time,-16.25,-17.25
2024-09-12,2024,Validation,3,2.0,19298.75,19340.0,time,-16.25,-18.25
2024-09-12,2024,Validation,5,1.0,19298.75,19340.0,time,-15.0,-16.0
2024-09-12,2024,Validation,5,2.0,19298.75,19340.0,time,-15.0,-17.0
2024-09-12,2024,Validation,10,1.0,19298.75,19340.0,time,-7.0,-8.0
2024-09-12,2024,Validation,10,2.0,19298.75,19340.0,time,-7.0,-9.0
2024-09-12,2024,Validation,15,1.0,19298.75,19340.0,time,-30.25,-31.25
2024-09-12,2024,Validation,15,2.0,19298.75,19340.0,time,-30.25,-32.25
2024-09-13,2024,Validation,3,1.0,19519.5,19552.25,time,-8.25,-9.25
2024-09-13,2024,Validation,3,2.0,19519.5,19552.25,time,-8.25,-10.25
2024-09-13,2024,Validation,5,1.0,19519.5,19552.25,time,14.0,13.0
2024-09-13,2024,Validation,5,2.0,19519.5,19552.25,time,14.0,12.0
2024-09-13,2024,Validation,10,1.0,19519.5,19552.25,time,21.0,20.0
2024-09-13,2024,Validation,10,2.0,19519.5,19552.25,time,21.0,19.0
2024-09-13,2024,Validation,15,1.0,19519.5,19552.25,time,20.75,19.75
2024-09-13,2024,Validation,15,2.0,19519.5,19552.25,time,20.75,18.75
2024-09-19,2024,Validation,3,1.0,20117.75,20160.75,time,26.25,25.25
2024-09-19,2024,Validation,3,2.0,20117.75,20160.75,time,26.25,24.25
2024-09-19,2024,Validation,5,1.0,20117.75,20160.75,time,7.5,6.5
2024-09-19,2024,Validation,5,2.0,20117.75,20160.75,time,7.5,5.5
2024-09-19,2024,Validation,10,1.0,20117.75,20160.75,time,38.5,37.5
2024-09-19,2024,Validation,10,2.0,20117.75,20160.75,time,38.5,36.5
2024-09-19,2024,Validation,15,1.0,20117.75,20160.75,time,54.5,53.5
2024-09-19,2024,Validation,15,2.0,20117.75,20160.75,time,54.5,52.5
2024-09-24,2024,Validation,3,1.0,20153.75,20201.25,time,6.25,5.25
2024-09-24,2024,Validation,3,2.0,20153.75,20201.25,time,6.25,4.25
2024-09-24,2024,Validation,5,1.0,20153.75,20201.25,time,7.75,6.75
2024-09-24,2024,Validation,5,2.0,20153.75,20201.25,time,7.75,5.75
2024-09-24,2024,Validation,10,1.0,20153.75,20201.25,time,11.75,10.75
2024-09-24,2024,Validation,10,2.0,20153.75,20201.25,time,11.75,9.75
2024-09-24,2024,Validation,15,1.0,20153.75,20201.25,time,-2.0,-3.0
2024-09-24,2024,Validation,15,2.0,20153.75,20201.25,time,-2.0,-4.0
2024-10-02,2024,Validation,3,1.0,19989.75,20035.0625,time,-11.75,-12.75
2024-10-02,2024,Validation,3,2.0,19989.75,20035.0625,time,-11.75,-13.75
2024-10-02,2024,Validation,5,1.0,19989.75,20035.0625,time,-6.75,-7.75
2024-10-02,2024,Validation,5,2.0,19989.75,20035.0625,time,-6.75,-8.75
2024-10-02,2024,Validation,10,1.0,19989.75,20035.0625,stop,-45.3125,-46.3125
2024-10-02,2024,Validation,10,2.0,19989.75,20035.0625,stop,-45.3125,-47.3125
2024-10-02,2024,Validation,15,1.0,19989.75,20035.0625,stop,-45.3125,-46.3125
2024-10-02,2024,Validation,15,2.0,19989.75,20035.0625,stop,-45.3125,-47.3125
2024-10-08,2024,Validation,3,1.0,20201.5,20234.6875,stop,-33.1875,-34.1875
2024-10-08,2024,Validation,3,2.0,20201.5,20234.6875,stop,-33.1875,-35.1875
2024-10-08,2024,Validation,5,1.0,20201.5,20234.6875,stop,-33.1875,-34.1875
2024-10-08,2024,Validation,5,2.0,20201.5,20234.6875,stop,-33.1875,-35.1875
2024-10-08,2024,Validation,10,1.0,20201.5,20234.6875,stop,-33.1875,-34.1875
2024-10-08,2024,Validation,10,2.0,20201.5,20234.6875,stop,-33.1875,-35.1875
2024-10-08,2024,Validation,15,1.0,20201.5,20234.6875,stop,-33.1875,-34.1875
2024-10-08,2024,Validation,15,2.0,20201.5,20234.6875,stop,-33.1875,-35.1875
2024-10-10,2024,Validation,3,1.0,20414.25,20442.8125,time,5.0,4.0
2024-10-10,2024,Validation,3,2.0,20414.25,20442.8125,time,5.0,3.0
2024-10-10,2024,Validation,5,1.0,20414.25,20442.8125,time,7.25,6.25
2024-10-10,2024,Validation,5,2.0,20414.25,20442.8125,time,7.25,5.25
2024-10-10,2024,Validation,10,1.0,20414.25,20442.8125,time,-1.0,-2.0
2024-10-10,2024,Validation,10,2.0,20414.25,20442.8125,time,-1.0,-3.0
2024-10-10,2024,Validation,15,1.0,20414.25,20442.8125,time,10.75,9.75
2024-10-10,2024,Validation,15,2.0,20414.25,20442.8125,time,10.75,8.75
2024-10-29,2024,Validation,3,1.0,20601.5,20644.1875,time,-19.25,-20.25
2024-10-29,2024,Validation,3,2.0,20601.5,20644.1875,time,-19.25,-21.25
2024-10-29,2024,Validation,5,1.0,20601.5,20644.1875,time,-20.0,-21.0
2024-10-29,2024,Validation,5,2.0,20601.5,20644.1875,time,-20.0,-22.0
2024-10-29,2024,Validation,10,1.0,20601.5,20644.1875,stop,-42.6875,-43.6875
2024-10-29,2024,Validation,10,2.0,20601.5,20644.1875,stop,-42.6875,-44.6875
2024-10-29,2024,Validation,15,1.0,20601.5,20644.1875,stop,-42.6875,-43.6875
2024-10-29,2024,Validation,15,2.0,20601.5,20644.1875,stop,-42.6875,-44.6875
2024-11-04,2024,Validation,3,1.0,20199.0,20246.8125,time,7.75,6.75
2024-11-04,2024,Validation,3,2.0,20199.0,20246.8125,time,7.75,5.75
2024-11-04,2024,Validation,5,1.0,20199.0,20246.8125,time,13.0,12.0
2024-11-04,2024,Validation,5,2.0,20199.0,20246.8125,time,13.0,11.0
2024-11-04,2024,Validation,10,1.0,20199.0,20246.8125,time,2.75,1.75
2024-11-04,2024,Validation,10,2.0,20199.0,20246.8125,time,2.75,0.75
2024-11-04,2024,Validation,15,1.0,20199.0,20246.8125,time,-3.25,-4.25
2024-11-04,2024,Validation,15,2.0,20199.0,20246.8125,time,-3.25,-5.25
2024-11-05,2024,Validation,3,1.0,20305.5,20349.0625,time,-10.75,-11.75
2024-11-05,2024,Validation,3,2.0,20305.5,20349.0625,time,-10.75,-12.75
2024-11-05,2024,Validation,5,1.0,20305.5,20349.0625,time,-18.0,-19.0
2024-11-05,2024,Validation,5,2.0,20305.5,20349.0625,time,-18.0,-20.0
2024-11-05,2024,Validation,10,1.0,20305.5,20349.0625,time,-33.0,-34.0
2024-11-05,2024,Validation,10,2.0,20305.5,20349.0625,time,-33.0,-35.0
2024-11-05,2024,Validation,15,1.0,20305.5,20349.0625,time,-35.0,-36.0
2024-11-05,2024,Validation,15,2.0,20305.5,20349.0625,time,-35.0,-37.0
2024-11-06,2024,Validation,3,1.0,20799.75,20840.0625,time,3.75,2.75
2024-11-06,2024,Validation,3,2.0,20799.75,20840.0625,time,3.75,1.75
2024-11-06,2024,Validation,5,1.0,20799.75,20840.0625,time,4.5,3.5
2024-11-06,2024,Validation,5,2.0,20799.75,20840.0625,time,4.5,2.5
2024-11-06,2024,Validation,10,1.0,20799.75,20840.0625,time,-1.5,-2.5
2024-11-06,2024,Validation,10,2.0,20799.75,20840.0625,time,-1.5,-3.5
2024-11-06,2024,Validation,15,1.0,20799.75,20840.0625,time,0.75,-0.25
2024-11-06,2024,Validation,15,2.0,20799.75,20840.0625,time,0.75,-1.25
2024-11-13,2024,Validation,3,1.0,21180.25,21212.25,time,-6.25,-7.25
2024-11-13,2024,Validation,3,2.0,21180.25,21212.25,time,-6.25,-8.25
2024-11-13,2024,Validation,5,1.0,21180.25,21212.25,time,-7.25,-8.25
2024-11-13,2024,Validation,5,2.0,21180.25,21212.25,time,-7.25,-9.25
2024-11-13,2024,Validation,10,1.0,21180.25,21212.25,time,-3.75,-4.75
2024-11-13,2024,Validation,10,2.0,21180.25,21212.25,time,-3.75,-5.75
2024-11-13,2024,Validation,15,1.0,21180.25,21212.25,time,-12.75,-13.75
2024-11-13,2024,Validation,15,2.0,21180.25,21212.25,time,-12.75,-14.75
2024-11-18,2024,Validation,3,1.0,20647.25,20685.25,time,-10.25,-11.25
2024-11-18,2024,Validation,3,2.0,20647.25,20685.25,time,-10.25,-12.25
2024-11-18,2024,Validation,5,1.0,20647.25,20685.25,time,-16.5,-17.5
2024-11-18,2024,Validation,5,2.0,20647.25,20685.25,time,-16.5,-18.5
2024-11-18,2024,Validation,10,1.0,20647.25,20685.25,time,-6.25,-7.25
2024-11-18,2024,Validation,10,2.0,20647.25,20685.25,time,-6.25,-8.25
2024-11-18,2024,Validation,15,1.0,20647.25,20685.25,time,-11.75,-12.75
2024-11-18,2024,Validation,15,2.0,20647.25,20685.25,time,-11.75,-13.75
2024-11-28,2024,Validation,3,1.0,20901.5,20908.5,time,1.0,0.0
2024-11-28,2024,Validation,3,2.0,20901.5,20908.5,time,1.0,-1.0
2024-11-28,2024,Validation,5,1.0,20901.5,20908.5,time,3.5,2.5
2024-11-28,2024,Validation,5,2.0,20901.5,20908.5,time,3.5,1.5
2024-11-28,2024,Validation,10,1.0,20901.5,20908.5,time,-2.0,-3.0
2024-11-28,2024,Validation,10,2.0,20901.5,20908.5,time,-2.0,-4.0
2024-11-28,2024,Validation,15,1.0,20901.5,20908.5,time,-2.0,-3.0
2024-11-28,2024,Validation,15,2.0,20901.5,20908.5,time,-2.0,-4.0
2024-12-02,2024,Validation,3,1.0,21187.75,21230.25,time,-8.0,-9.0
2024-12-02,2024,Validation,3,2.0,21187.75,21230.25,time,-8.0,-10.0
2024-12-02,2024,Validation,5,1.0,21187.75,21230.25,time,9.25,8.25
2024-12-02,2024,Validation,5,2.0,21187.75,21230.25,time,9.25,7.25
2024-12-02,2024,Validation,10,1.0,21187.75,21230.25,time,3.5,2.5
2024-12-02,2024,Validation,10,2.0,21187.75,21230.25,time,3.5,1.5
2024-12-02,2024,Validation,15,1.0,21187.75,21230.25,time,18.75,17.75
2024-12-02,2024,Validation,15,2.0,21187.75,21230.25,time,18.75,16.75
2024-12-03,2024,Validation,3,1.0,21211.75,21236.6875,time,5.0,4.0
2024-12-03,2024,Validation,3,2.0,21211.75,21236.6875,time,5.0,3.0
2024-12-03,2024,Validation,5,1.0,21211.75,21236.6875,time,12.75,11.75
2024-12-03,2024,Validation,5,2.0,21211.75,21236.6875,time,12.75,10.75
2024-12-03,2024,Validation,10,1.0,21211.75,21236.6875,time,-4.75,-5.75
2024-12-03,2024,Validation,10,2.0,21211.75,21236.6875,time,-4.75,-6.75
2024-12-03,2024,Validation,15,1.0,21211.75,21236.6875,time,-12.0,-13.0
2024-12-03,2024,Validation,15,2.0,21211.75,21236.6875,time,-12.0,-14.0
2024-12-04,2024,Validation,3,1.0,21462.0,21481.0,time,1.0,0.0
2024-12-04,2024,Validation,3,2.0,21462.0,21481.0,time,1.0,-1.0
2024-12-04,2024,Validation,5,1.0,21462.0,21481.0,time,1.75,0.75
2024-12-04,2024,Validation,5,2.0,21462.0,21481.0,time,1.75,-0.25
2024-12-04,2024,Validation,10,1.0,21462.0,21481.0,time,8.25,7.25
2024-12-04,2024,Validation,10,2.0,21462.0,21481.0,time,8.25,6.25
2024-12-04,2024,Validation,15,1.0,21462.0,21481.0,time,-4.25,-5.25
2024-12-04,2024,Validation,15,2.0,21462.0,21481.0,time,-4.25,-6.25
2024-12-05,2024,Validation,3,1.0,21552.0,21565.4375,time,-5.5,-6.5
2024-12-05,2024,Validation,3,2.0,21552.0,21565.4375,time,-5.5,-7.5
2024-12-05,2024,Validation,5,1.0,21552.0,21565.4375,time,-8.25,-9.25
2024-12-05,2024,Validation,5,2.0,21552.0,21565.4375,time,-8.25,-10.25
2024-12-05,2024,Validation,10,1.0,21552.0,21565.4375,stop,-13.4375,-14.4375
2024-12-05,2024,Validation,10,2.0,21552.0,21565.4375,stop,-13.4375,-15.4375
2024-12-05,2024,Validation,15,1.0,21552.0,21565.4375,stop,-13.4375,-14.4375
2024-12-05,2024,Validation,15,2.0,21552.0,21565.4375,stop,-13.4375,-15.4375
2024-12-06,2024,Validation,3,1.0,21642.25,21682.0625,time,4.25,3.25
2024-12-06,2024,Validation,3,2.0,21642.25,21682.0625,time,4.25,2.25
2024-12-06,2024,Validation,5,1.0,21642.25,21682.0625,time,7.75,6.75
2024-12-06,2024,Validation,5,2.0,21642.25,21682.0625,time,7.75,5.75
2024-12-06,2024,Validation,10,1.0,21642.25,21682.0625,time,14.75,13.75
2024-12-06,2024,Validation,10,2.0,21642.25,21682.0625,time,14.75,12.75
2024-12-06,2024,Validation,15,1.0,21642.25,21682.0625,time,17.25,16.25
2024-12-06,2024,Validation,15,2.0,21642.25,21682.0625,time,17.25,15.25
2024-12-12,2024,Validation,3,1.0,21716.25,21739.875,time,0.75,-0.25
2024-12-12,2024,Validation,3,2.0,21716.25,21739.875,time,0.75,-1.25
2024-12-12,2024,Validation,5,1.0,21716.25,21739.875,time,6.25,5.25
2024-12-12,2024,Validation,5,2.0,21716.25,21739.875,time,6.25,4.25
2024-12-12,2024,Validation,10,1.0,21716.25,21739.875,time,12.75,11.75
2024-12-12,2024,Validation,10,2.0,21716.25,21739.875,time,12.75,10.75
2024-12-12,2024,Validation,15,1.0,21716.25,21739.875,time,16.0,15.0
2024-12-12,2024,Validation,15,2.0,21716.25,21739.875,time,16.0,14.0
2024-12-16,2024,Validation,3,1.0,21993.75,22018.6875,time,2.25,1.25
2024-12-16,2024,Validation,3,2.0,21993.75,22018.6875,time,2.25,0.25
2024-12-16,2024,Validation,5,1.0,21993.75,22018.6875,time,0.0,-1.0
2024-12-16,2024,Validation,5,2.0,21993.75,22018.6875,time,0.0,-2.0
2024-12-16,2024,Validation,10,1.0,21993.75,22018.6875,time,2.0,1.0
2024-12-16,2024,Validation,10,2.0,21993.75,22018.6875,time,2.0,0.0
2024-12-16,2024,Validation,15,1.0,21993.75,22018.6875,stop,-24.9375,-25.9375
2024-12-16,2024,Validation,15,2.0,21993.75,22018.6875,stop,-24.9375,-26.9375
2024-12-17,2024,Validation,3,1.0,22366.25,22396.875,time,11.25,10.25
2024-12-17,2024,Validation,3,2.0,22366.25,22396.875,time,11.25,9.25
2024-12-17,2024,Validation,5,1.0,22366.25,22396.875,time,29.25,28.25
2024-12-17,2024,Validation,5,2.0,22366.25,22396.875,time,29.25,27.25
2024-12-17,2024,Validation,10,1.0,22366.25,22396.875,time,24.5,23.5
2024-12-17,2024,Validation,10,2.0,22366.25,22396.875,time,24.5,22.5
2024-12-17,2024,Validation,15,1.0,22366.25,22396.875,time,60.5,59.5
2024-12-17,2024,Validation,15,2.0,22366.25,22396.875,time,60.5,58.5
2024-12-18,2024,Validation,3,1.0,22297.5,22323.6875,time,24.25,23.25
2024-12-18,2024,Validation,3,2.0,22297.5,22323.6875,time,24.25,22.25
2024-12-18,2024,Validation,5,1.0,22297.5,22323.6875,time,30.75,29.75
2024-12-18,2024,Validation,5,2.0,22297.5,22323.6875,time,30.75,28.75
2024-12-18,2024,Validation,10,1.0,22297.5,22323.6875,time,30.75,29.75
2024-12-18,2024,Validation,10,2.0,22297.5,22323.6875,time,30.75,28.75
2024-12-18,2024,Validation,15,1.0,22297.5,22323.6875,time,-12.5,-13.5
2024-12-18,2024,Validation,15,2.0,22297.5,22323.6875,time,-12.5,-14.5
2024-12-23,2024,Validation,3,1.0,21670.75,21720.4375,time,5.0,4.0
2024-12-23,2024,Validation,3,2.0,21670.75,21720.4375,time,5.0,3.0
2024-12-23,2024,Validation,5,1.0,21670.75,21720.4375,time,2.0,1.0
2024-12-23,2024,Validation,5,2.0,21670.75,21720.4375,time,2.0,0.0
2024-12-23,2024,Validation,10,1.0,21670.75,21720.4375,time,0.75,-0.25
2024-12-23,2024,Validation,10,2.0,21670.75,21720.4375,time,0.75,-1.25
2024-12-23,2024,Validation,15,1.0,21670.75,21720.4375,time,0.0,-1.0
2024-12-23,2024,Validation,15,2.0,21670.75,21720.4375,time,0.0,-2.0
2024-12-26,2024,Validation,3,1.0,21990.25,22024.6875,time,3.25,2.25
2024-12-26,2024,Validation,3,2.0,21990.25,22024.6875,time,3.25,1.25
2024-12-26,2024,Validation,5,1.0,21990.25,22024.6875,time,-0.5,-1.5
2024-12-26,2024,Validation,5,2.0,21990.25,22024.6875,time,-0.5,-2.5
2024-12-26,2024,Validation,10,1.0,21990.25,22024.6875,time,-15.5,-16.5
2024-12-26,2024,Validation,10,2.0,21990.25,22024.6875,time,-15.5,-17.5
2024-12-26,2024,Validation,15,1.0,21990.25,22024.6875,time,-21.25,-22.25
2024-12-26,2024,Validation,15,2.0,21990.25,22024.6875,time,-21.25,-23.25
2025-01-08,2025,OOS,3,1.0,21395.0,21438.8125,time,5.0,4.0
2025-01-08,2025,OOS,3,2.0,21395.0,21438.8125,time,5.0,3.0
2025-01-08,2025,OOS,5,1.0,21395.0,21438.8125,time,11.0,10.0
2025-01-08,2025,OOS,5,2.0,21395.0,21438.8125,time,11.0,9.0
2025-01-08,2025,OOS,10,1.0,21395.0,21438.8125,time,9.5,8.5
2025-01-08,2025,OOS,10,2.0,21395.0,21438.8125,time,9.5,7.5
2025-01-08,2025,OOS,15,1.0,21395.0,21438.8125,time,48.5,47.5
2025-01-08,2025,OOS,15,2.0,21395.0,21438.8125,time,48.5,46.5
2025-01-13,2025,OOS,3,1.0,20822.75,20861.125,time,13.5,12.5
2025-01-13,2025,OOS,3,2.0,20822.75,20861.125,time,13.5,11.5
2025-01-13,2025,OOS,5,1.0,20822.75,20861.125,time,24.5,23.5
2025-01-13,2025,OOS,5,2.0,20822.75,20861.125,time,24.5,22.5
2025-01-13,2025,OOS,10,1.0,20822.75,20861.125,time,37.25,36.25
2025-01-13,2025,OOS,10,2.0,20822.75,20861.125,time,37.25,35.25
2025-01-13,2025,OOS,15,1.0,20822.75,20861.125,time,57.25,56.25
2025-01-13,2025,OOS,15,2.0,20822.75,20861.125,time,57.25,55.25
2025-01-17,2025,OOS,3,1.0,21652.75,21695.875,time,-3.5,-4.5
2025-01-17,2025,OOS,3,2.0,21652.75,21695.875,time,-3.5,-5.5
2025-01-17,2025,OOS,5,1.0,21652.75,21695.875,time,8.5,7.5
2025-01-17,2025,OOS,5,2.0,21652.75,21695.875,time,8.5,6.5
2025-01-17,2025,OOS,10,1.0,21652.75,21695.875,time,-1.0,-2.0
2025-01-17,2025,OOS,10,2.0,21652.75,21695.875,time,-1.0,-3.0
2025-01-17,2025,OOS,15,1.0,21652.75,21695.875,time,17.75,16.75
2025-01-17,2025,OOS,15,2.0,21652.75,21695.875,time,17.75,15.75
2025-01-21,2025,OOS,3,1.0,21714.0,21762.125,time,-0.5,-1.5
2025-01-21,2025,OOS,3,2.0,21714.0,21762.125,time,-0.5,-2.5
2025-01-21,2025,OOS,5,1.0,21714.0,21762.125,time,-2.25,-3.25
2025-01-21,2025,OOS,5,2.0,21714.0,21762.125,time,-2.25,-4.25
2025-01-21,2025,OOS,10,1.0,21714.0,21762.125,time,-0.25,-1.25
2025-01-21,2025,OOS,10,2.0,21714.0,21762.125,time,-0.25,-2.25
2025-01-21,2025,OOS,15,1.0,21714.0,21762.125,time,0.25,-0.75
2025-01-21,2025,OOS,15,2.0,21714.0,21762.125,time,0.25,-1.75
2025-01-22,2025,OOS,3,1.0,22035.25,22068.875,time,16.25,15.25
2025-01-22,2025,OOS,3,2.0,22035.25,22068.875,time,16.25,14.25
2025-01-22,2025,OOS,5,1.0,22035.25,22068.875,time,21.5,20.5
2025-01-22,2025,OOS,5,2.0,22035.25,22068.875,time,21.5,19.5
2025-01-22,2025,OOS,10,1.0,22035.25,22068.875,time,40.5,39.5
2025-01-22,2025,OOS,10,2.0,22035.25,22068.875,time,40.5,38.5
2025-01-22,2025,OOS,15,1.0,22035.25,22068.875,time,24.75,23.75
2025-01-22,2025,OOS,15,2.0,22035.25,22068.875,time,24.75,22.75
2025-01-23,2025,OOS,3,1.0,21911.0,21924.0,time,4.5,3.5
2025-01-23,2025,OOS,3,2.0,21911.0,21924.0,time,4.5,2.5
2025-01-23,2025,OOS,5,1.0,21911.0,21924.0,time,5.25,4.25
2025-01-23,2025,OOS,5,2.0,21911.0,21924.0,time,5.25,3.25
2025-01-23,2025,OOS,10,1.0,21911.0,21924.0,time,-4.25,-5.25
2025-01-23,2025,OOS,10,2.0,21911.0,21924.0,time,-4.25,-6.25
2025-01-23,2025,OOS,15,1.0,21911.0,21924.0,stop,-13.0,-14.0
2025-01-23,2025,OOS,15,2.0,21911.0,21924.0,stop,-13.0,-15.0
2025-01-27,2025,OOS,3,1.0,21357.5,21422.8125,time,7.0,6.0
2025-01-27,2025,OOS,3,2.0,21357.5,21422.8125,time,7.0,5.0
2025-01-27,2025,OOS,5,1.0,21357.5,21422.8125,time,-15.0,-16.0
2025-01-27,2025,OOS,5,2.0,21357.5,21422.8125,time,-15.0,-17.0
2025-01-27,2025,OOS,10,1.0,21357.5,21422.8125,time,46.0,45.0
2025-01-27,2025,OOS,10,2.0,21357.5,21422.8125,time,46.0,44.0
2025-01-27,2025,OOS,15,1.0,21357.5,21422.8125,time,58.25,57.25
2025-01-27,2025,OOS,15,2.0,21357.5,21422.8125,time,58.25,56.25
2025-01-31,2025,OOS,3,1.0,21908.75,21948.375,time,-2.0,-3.0
2025-01-31,2025,OOS,3,2.0,21908.75,21948.375,time,-2.0,-4.0
2025-01-31,2025,OOS,5,1.0,21908.75,21948.375,time,-20.5,-21.5
2025-01-31,2025,OOS,5,2.0,21908.75,21948.375,time,-20.5,-22.5
2025-01-31,2025,OOS,10,1.0,21908.75,21948.375,time,-20.5,-21.5
2025-01-31,2025,OOS,10,2.0,21908.75,21948.375,time,-20.5,-22.5
2025-01-31,2025,OOS,15,1.0,21908.75,21948.375,stop,-39.625,-40.625
2025-01-31,2025,OOS,15,2.0,21908.75,21948.375,stop,-39.625,-41.625
2025-02-03,2025,OOS,3,1.0,21358.25,21420.5625,time,-5.25,-6.25
2025-02-03,2025,OOS,3,2.0,21358.25,21420.5625,time,-5.25,-7.25
2025-02-03,2025,OOS,5,1.0,21358.25,21420.5625,time,-20.25,-21.25
2025-02-03,2025,OOS,5,2.0,21358.25,21420.5625,time,-20.25,-22.25
2025-02-03,2025,OOS,10,1.0,21358.25,21420.5625,stop,-62.3125,-63.3125
2025-02-03,2025,OOS,10,2.0,21358.25,21420.5625,stop,-62.3125,-64.3125
2025-02-03,2025,OOS,15,1.0,21358.25,21420.5625,stop,-62.3125,-63.3125
2025-02-03,2025,OOS,15,2.0,21358.25,21420.5625,stop,-62.3125,-64.3125
2025-02-04,2025,OOS,3,1.0,21660.75,21725.3125,time,14.75,13.75
2025-02-04,2025,OOS,3,2.0,21660.75,21725.3125,time,14.75,12.75
2025-02-04,2025,OOS,5,1.0,21660.75,21725.3125,time,7.75,6.75
2025-02-04,2025,OOS,5,2.0,21660.75,21725.3125,time,7.75,5.75
2025-02-04,2025,OOS,10,1.0,21660.75,21725.3125,time,10.0,9.0
2025-02-04,2025,OOS,10,2.0,21660.75,21725.3125,time,10.0,8.0
2025-02-04,2025,OOS,15,1.0,21660.75,21725.3125,time,27.5,26.5
2025-02-04,2025,OOS,15,2.0,21660.75,21725.3125,time,27.5,25.5
2025-02-05,2025,OOS,3,1.0,21601.75,21629.9375,time,30.25,29.25
2025-02-05,2025,OOS,3,2.0,21601.75,21629.9375,time,30.25,28.25
2025-02-05,2025,OOS,5,1.0,21601.75,21629.9375,time,24.75,23.75
2025-02-05,2025,OOS,5,2.0,21601.75,21629.9375,time,24.75,22.75
2025-02-05,2025,OOS,10,1.0,21601.75,21629.9375,time,20.75,19.75
2025-02-05,2025,OOS,10,2.0,21601.75,21629.9375,time,20.75,18.75
2025-02-05,2025,OOS,15,1.0,21601.75,21629.9375,time,-19.25,-20.25
2025-02-05,2025,OOS,15,2.0,21601.75,21629.9375,time,-19.25,-21.25
2025-02-10,2025,OOS,3,1.0,21870.25,21902.625,time,3.25,2.25
2025-02-10,2025,OOS,3,2.0,21870.25,21902.625,time,3.25,1.25
2025-02-10,2025,OOS,5,1.0,21870.25,21902.625,time,4.5,3.5
2025-02-10,2025,OOS,5,2.0,21870.25,21902.625,time,4.5,2.5
2025-02-10,2025,OOS,10,1.0,21870.25,21902.625,time,-6.75,-7.75
2025-02-10,2025,OOS,10,2.0,21870.25,21902.625,time,-6.75,-8.75
2025-02-10,2025,OOS,15,1.0,21870.25,21902.625,time,4.75,3.75
2025-02-10,2025,OOS,15,2.0,21870.25,21902.625,time,4.75,2.75
2025-02-11,2025,OOS,3,1.0,21841.5,21877.625,time,4.5,3.5
2025-02-11,2025,OOS,3,2.0,21841.5,21877.625,time,4.5,2.5
2025-02-11,2025,OOS,5,1.0,21841.5,21877.625,time,6.75,5.75
2025-02-11,2025,OOS,5,2.0,21841.5,21877.625,time,6.75,4.75
2025-02-11,2025,OOS,10,1.0,21841.5,21877.625,time,7.0,6.0
2025-02-11,2025,OOS,10,2.0,21841.5,21877.625,time,7.0,5.0
2025-02-11,2025,OOS,15,1.0,21841.5,21877.625,time,3.5,2.5
2025-02-11,2025,OOS,15,2.0,21841.5,21877.625,time,3.5,1.5
2025-02-12,2025,OOS,3,1.0,21722.25,21773.0625,time,16.0,15.0
2025-02-12,2025,OOS,3,2.0,21722.25,21773.0625,time,16.0,14.0
2025-02-12,2025,OOS,5,1.0,21722.25,21773.0625,time,23.0,22.0
2025-02-12,2025,OOS,5,2.0,21722.25,21773.0625,time,23.0,21.0
2025-02-12,2025,OOS,10,1.0,21722.25,21773.0625,time,1.0,0.0
2025-02-12,2025,OOS,10,2.0,21722.25,21773.0625,time,1.0,-1.0
2025-02-12,2025,OOS,15,1.0,21722.25,21773.0625,time,-5.75,-6.75
2025-02-12,2025,OOS,15,2.0,21722.25,21773.0625,time,-5.75,-7.75
2025-02-13,2025,OOS,3,1.0,21994.75,22035.1875,time,-6.0,-7.0
2025-02-13,2025,OOS,3,2.0,21994.75,22035.1875,time,-6.0,-8.0
2025-02-13,2025,OOS,5,1.0,21994.75,22035.1875,time,-4.5,-5.5
2025-02-13,2025,OOS,5,2.0,21994.75,22035.1875,time,-4.5,-6.5
2025-02-13,2025,OOS,10,1.0,21994.75,22035.1875,time,-8.25,-9.25
2025-02-13,2025,OOS,10,2.0,21994.75,22035.1875,time,-8.25,-10.25
2025-02-13,2025,OOS,15,1.0,21994.75,22035.1875,time,16.0,15.0
2025-02-13,2025,OOS,15,2.0,21994.75,22035.1875,time,16.0,14.0
2025-02-14,2025,OOS,3,1.0,22153.5,22171.0,time,-4.75,-5.75
2025-02-14,2025,OOS,3,2.0,22153.5,22171.0,time,-4.75,-6.75
2025-02-14,2025,OOS,5,1.0,22153.5,22171.0,time,-8.5,-9.5
2025-02-14,2025,OOS,5,2.0,22153.5,22171.0,time,-8.5,-10.5
2025-02-14,2025,OOS,10,1.0,22153.5,22171.0,time,1.75,0.75
2025-02-14,2025,OOS,10,2.0,22153.5,22171.0,time,1.75,-0.25
2025-02-14,2025,OOS,15,1.0,22153.5,22171.0,time,27.5,26.5
2025-02-14,2025,OOS,15,2.0,22153.5,22171.0,time,27.5,25.5
2025-02-17,2025,OOS,3,1.0,22239.75,22252.375,time,1.75,0.75
2025-02-17,2025,OOS,3,2.0,22239.75,22252.375,time,1.75,-0.25
2025-02-17,2025,OOS,5,1.0,22239.75,22252.375,time,0.75,-0.25
2025-02-17,2025,OOS,5,2.0,22239.75,22252.375,time,0.75,-1.25
2025-02-17,2025,OOS,10,1.0,22239.75,22252.375,time,-0.75,-1.75
2025-02-17,2025,OOS,10,2.0,22239.75,22252.375,time,-0.75,-2.75
2025-02-17,2025,OOS,15,1.0,22239.75,22252.375,time,-2.5,-3.5
2025-02-17,2025,OOS,15,2.0,22239.75,22252.375,time,-2.5,-4.5
2025-02-19,2025,OOS,3,1.0,22216.25,22242.125,time,-1.0,-2.0
2025-02-19,2025,OOS,3,2.0,22216.25,22242.125,time,-1.0,-3.0
2025-02-19,2025,OOS,5,1.0,22216.25,22242.125,time,-3.25,-4.25
2025-02-19,2025,OOS,5,2.0,22216.25,22242.125,time,-3.25,-5.25
2025-02-19,2025,OOS,10,1.0,22216.25,22242.125,time,6.75,5.75
2025-02-19,2025,OOS,10,2.0,22216.25,22242.125,time,6.75,4.75
2025-02-19,2025,OOS,15,1.0,22216.25,22242.125,time,-5.75,-6.75
2025-02-19,2025,OOS,15,2.0,22216.25,22242.125,time,-5.75,-7.75
2025-02-26,2025,OOS,3,1.0,21365.75,21411.75,time,13.5,12.5
2025-02-26,2025,OOS,3,2.0,21365.75,21411.75,time,13.5,11.5
2025-02-26,2025,OOS,5,1.0,21365.75,21411.75,time,-1.25,-2.25
2025-02-26,2025,OOS,5,2.0,21365.75,21411.75,time,-1.25,-3.25
2025-02-26,2025,OOS,10,1.0,21365.75,21411.75,time,-30.5,-31.5
2025-02-26,2025,OOS,10,2.0,21365.75,21411.75,time,-30.5,-32.5
2025-02-26,2025,OOS,15,1.0,21365.75,21411.75,time,-16.5,-17.5
2025-02-26,2025,OOS,15,2.0,21365.75,21411.75,time,-16.5,-18.5
2025-02-28,2025,OOS,3,1.0,20749.0,20823.5,time,-7.75,-8.75
2025-02-28,2025,OOS,3,2.0,20749.0,20823.5,time,-7.75,-9.75
2025-02-28,2025,OOS,5,1.0,20749.0,20823.5,time,6.75,5.75
2025-02-28,2025,OOS,5,2.0,20749.0,20823.5,time,6.75,4.75
2025-02-28,2025,OOS,10,1.0,20749.0,20823.5,time,47.25,46.25
2025-02-28,2025,OOS,10,2.0,20749.0,20823.5,time,47.25,45.25
2025-02-28,2025,OOS,15,1.0,20749.0,20823.5,time,60.75,59.75
2025-02-28,2025,OOS,15,2.0,20749.0,20823.5,time,60.75,58.75
2025-03-04,2025,OOS,3,1.0,20427.5,20516.1875,time,27.5,26.5
2025-03-04,2025,OOS,3,2.0,20427.5,20516.1875,time,27.5,25.5
2025-03-04,2025,OOS,5,1.0,20427.5,20516.1875,time,29.0,28.0
2025-03-04,2025,OOS,5,2.0,20427.5,20516.1875,time,29.0,27.0
2025-03-04,2025,OOS,10,1.0,20427.5,20516.1875,time,47.5,46.5
2025-03-04,2025,OOS,10,2.0,20427.5,20516.1875,time,47.5,45.5
2025-03-04,2025,OOS,15,1.0,20427.5,20516.1875,time,15.0,14.0
2025-03-04,2025,OOS,15,2.0,20427.5,20516.1875,time,15.0,13.0
2025-03-06,2025,OOS,3,1.0,20459.25,20523.125,time,17.25,16.25
2025-03-06,2025,OOS,3,2.0,20459.25,20523.125,time,17.25,15.25
2025-03-06,2025,OOS,5,1.0,20459.25,20523.125,time,52.75,51.75
2025-03-06,2025,OOS,5,2.0,20459.25,20523.125,time,52.75,50.75
2025-03-06,2025,OOS,10,1.0,20459.25,20523.125,time,29.5,28.5
2025-03-06,2025,OOS,10,2.0,20459.25,20523.125,time,29.5,27.5
2025-03-06,2025,OOS,15,1.0,20459.25,20523.125,time,8.0,7.0
2025-03-06,2025,OOS,15,2.0,20459.25,20523.125,time,8.0,6.0
2025-03-14,2025,OOS,3,1.0,19611.25,19657.25,time,-4.75,-5.75
2025-03-14,2025,OOS,3,2.0,19611.25,19657.25,time,-4.75,-6.75
2025-03-14,2025,OOS,5,1.0,19611.25,19657.25,time,-4.5,-5.5
2025-03-14,2025,OOS,5,2.0,19611.25,19657.25,time,-4.5,-6.5
2025-03-14,2025,OOS,10,1.0,19611.25,19657.25,time,-34.25,-35.25
2025-03-14,2025,OOS,10,2.0,19611.25,19657.25,time,-34.25,-36.25
2025-03-14,2025,OOS,15,1.0,19611.25,19657.25,stop,-46.0,-47.0
2025-03-14,2025,OOS,15,2.0,19611.25,19657.25,stop,-46.0,-48.0
2025-03-19,2025,OOS,3,1.0,19897.5,19946.125,time,11.5,10.5
2025-03-19,2025,OOS,3,2.0,19897.5,19946.125,time,11.5,9.5
2025-03-19,2025,OOS,5,1.0,19897.5,19946.125,time,4.25,3.25
2025-03-19,2025,OOS,5,2.0,19897.5,19946.125,time,4.25,2.25
2025-03-19,2025,OOS,10,1.0,19897.5,19946.125,time,1.75,0.75
2025-03-19,2025,OOS,10,2.0,19897.5,19946.125,time,1.75,-0.25
2025-03-19,2025,OOS,15,1.0,19897.5,19946.125,time,-8.25,-9.25
2025-03-19,2025,OOS,15,2.0,19897.5,19946.125,time,-8.25,-10.25
2025-03-20,2025,OOS,3,1.0,20064.25,20146.9375,time,3.0,2.0
2025-03-20,2025,OOS,3,2.0,20064.25,20146.9375,time,3.0,1.0
2025-03-20,2025,OOS,5,1.0,20064.25,20146.9375,time,20.75,19.75
2025-03-20,2025,OOS,5,2.0,20064.25,20146.9375,time,20.75,18.75
2025-03-20,2025,OOS,10,1.0,20064.25,20146.9375,time,40.5,39.5
2025-03-20,2025,OOS,10,2.0,20064.25,20146.9375,time,40.5,38.5
2025-03-20,2025,OOS,15,1.0,20064.25,20146.9375,time,10.5,9.5
2025-03-20,2025,OOS,15,2.0,20064.25,20146.9375,time,10.5,8.5
2025-03-21,2025,OOS,3,1.0,19749.75,19791.25,time,5.25,4.25
2025-03-21,2025,OOS,3,2.0,19749.75,19791.25,time,5.25,3.25
2025-03-21,2025,OOS,5,1.0,19749.75,19791.25,time,23.0,22.0
2025-03-21,2025,OOS,5,2.0,19749.75,19791.25,time,23.0,21.0
2025-03-21,2025,OOS,10,1.0,19749.75,19791.25,time,29.5,28.5
2025-03-21,2025,OOS,10,2.0,19749.75,19791.25,time,29.5,27.5
2025-03-21,2025,OOS,15,1.0,19749.75,19791.25,time,33.75,32.75
2025-03-21,2025,OOS,15,2.0,19749.75,19791.25,time,33.75,31.75
2025-03-24,2025,OOS,3,1.0,20332.75,20362.3125,time,-2.25,-3.25
2025-03-24,2025,OOS,3,2.0,20332.75,20362.3125,time,-2.25,-4.25
2025-03-24,2025,OOS,5,1.0,20332.75,20362.3125,time,-1.5,-2.5
2025-03-24,2025,OOS,5,2.0,20332.75,20362.3125,time,-1.5,-3.5
2025-03-24,2025,OOS,10,1.0,20332.75,20362.3125,time,1.5,0.5
2025-03-24,2025,OOS,10,2.0,20332.75,20362.3125,time,1.5,-0.5
2025-03-24,2025,OOS,15,1.0,20332.75,20362.3125,time,-18.75,-19.75
2025-03-24,2025,OOS,15,2.0,20332.75,20362.3125,time,-18.75,-20.75
2025-03-25,2025,OOS,3,1.0,20441.5,20464.75,time,-0.5,-1.5
2025-03-25,2025,OOS,3,2.0,20441.5,20464.75,time,-0.5,-2.5
2025-03-25,2025,OOS,5,1.0,20441.5,20464.75,time,-1.0,-2.0
2025-03-25,2025,OOS,5,2.0,20441.5,20464.75,time,-1.0,-3.0
2025-03-25,2025,OOS,10,1.0,20441.5,20464.75,time,-2.5,-3.5
2025-03-25,2025,OOS,10,2.0,20441.5,20464.75,time,-2.5,-4.5
2025-03-25,2025,OOS,15,1.0,20441.5,20464.75,time,-8.0,-9.0
2025-03-25,2025,OOS,15,2.0,20441.5,20464.75,time,-8.0,-10.0
2025-03-27,2025,OOS,3,1.0,20096.25,20142.4375,time,3.25,2.25
2025-03-27,2025,OOS,3,2.0,20096.25,20142.4375,time,3.25,1.25
2025-03-27,2025,OOS,5,1.0,20096.25,20142.4375,time,11.5,10.5
2025-03-27,2025,OOS,5,2.0,20096.25,20142.4375,time,11.5,9.5
2025-03-27,2025,OOS,10,1.0,20096.25,20142.4375,time,21.5,20.5
2025-03-27,2025,OOS,10,2.0,20096.25,20142.4375,time,21.5,19.5
2025-03-27,2025,OOS,15,1.0,20096.25,20142.4375,time,41.5,40.5
2025-03-27,2025,OOS,15,2.0,20096.25,20142.4375,time,41.5,39.5
2025-03-31,2025,OOS,3,1.0,19186.75,19240.5,time,6.75,5.75
2025-03-31,2025,OOS,3,2.0,19186.75,19240.5,time,6.75,4.75
2025-03-31,2025,OOS,5,1.0,19186.75,19240.5,time,-15.0,-16.0
2025-03-31,2025,OOS,5,2.0,19186.75,19240.5,time,-15.0,-17.0
2025-03-31,2025,OOS,10,1.0,19186.75,19240.5,time,-40.5,-41.5
2025-03-31,2025,OOS,10,2.0,19186.75,19240.5,time,-40.5,-42.5
2025-03-31,2025,OOS,15,1.0,19186.75,19240.5,stop,-53.75,-54.75
2025-03-31,2025,OOS,15,2.0,19186.75,19240.5,stop,-53.75,-55.75
2025-04-01,2025,OOS,3,1.0,19452.5,19502.8125,time,20.5,19.5
2025-04-01,2025,OOS,3,2.0,19452.5,19502.8125,time,20.5,18.5
2025-04-01,2025,OOS,5,1.0,19452.5,19502.8125,time,26.75,25.75
2025-04-01,2025,OOS,5,2.0,19452.5,19502.8125,time,26.75,24.75
2025-04-01,2025,OOS,10,1.0,19452.5,19502.8125,time,10.25,9.25
2025-04-01,2025,OOS,10,2.0,19452.5,19502.8125,time,10.25,8.25
2025-04-01,2025,OOS,15,1.0,19452.5,19502.8125,time,39.25,38.25
2025-04-01,2025,OOS,15,2.0,19452.5,19502.8125,time,39.25,37.25
2025-04-02,2025,OOS,3,1.0,19585.25,19661.3125,time,-10.0,-11.0
2025-04-02,2025,OOS,3,2.0,19585.25,19661.3125,time,-10.0,-12.0
2025-04-02,2025,OOS,5,1.0,19585.25,19661.3125,time,-36.25,-37.25
2025-04-02,2025,OOS,5,2.0,19585.25,19661.3125,time,-36.25,-38.25
2025-04-02,2025,OOS,10,1.0,19585.25,19661.3125,stop,-76.0625,-77.0625
2025-04-02,2025,OOS,10,2.0,19585.25,19661.3125,stop,-76.0625,-78.0625
2025-04-02,2025,OOS,15,1.0,19585.25,19661.3125,stop,-76.0625,-77.0625
2025-04-02,2025,OOS,15,2.0,19585.25,19661.3125,stop,-76.0625,-78.0625
2025-04-09,2025,OOS,3,1.0,17568.0,17666.8125,time,-5.25,-6.25
2025-04-09,2025,OOS,3,2.0,17568.0,17666.8125,time,-5.25,-7.25
2025-04-09,2025,OOS,5,1.0,17568.0,17666.8125,time,-30.25,-31.25
2025-04-09,2025,OOS,5,2.0,17568.0,17666.8125,time,-30.25,-32.25
2025-04-09,2025,OOS,10,1.0,17568.0,17666.8125,stop,-98.8125,-99.8125
2025-04-09,2025,OOS,10,2.0,17568.0,17666.8125,stop,-98.8125,-100.8125
2025-04-09,2025,OOS,15,1.0,17568.0,17666.8125,stop,-98.8125,-99.8125
2025-04-09,2025,OOS,15,2.0,17568.0,17666.8125,stop,-98.8125,-100.8125
2025-04-11,2025,OOS,3,1.0,18643.5,18736.4375,time,3.25,2.25
2025-04-11,2025,OOS,3,2.0,18643.5,18736.4375,time,3.25,1.25
2025-04-11,2025,OOS,5,1.0,18643.5,18736.4375,time,2.0,1.0
2025-04-11,2025,OOS,5,2.0,18643.5,18736.4375,time,2.0,0.0
2025-04-11,2025,OOS,10,1.0,18643.5,18736.4375,stop,-92.9375,-93.9375
2025-04-11,2025,OOS,10,2.0,18643.5,18736.4375,stop,-92.9375,-94.9375
2025-04-11,2025,OOS,15,1.0,18643.5,18736.4375,stop,-92.9375,-93.9375
2025-04-11,2025,OOS,15,2.0,18643.5,18736.4375,stop,-92.9375,-94.9375
2025-04-16,2025,OOS,3,1.0,18675.5,18718.0625,time,21.0,20.0
2025-04-16,2025,OOS,3,2.0,18675.5,18718.0625,time,21.0,19.0
2025-04-16,2025,OOS,5,1.0,18675.5,18718.0625,time,24.5,23.5
2025-04-16,2025,OOS,5,2.0,18675.5,18718.0625,time,24.5,22.5
2025-04-16,2025,OOS,10,1.0,18675.5,18718.0625,time,52.25,51.25
2025-04-16,2025,OOS,10,2.0,18675.5,18718.0625,time,52.25,50.25
2025-04-16,2025,OOS,15,1.0,18675.5,18718.0625,time,71.25,70.25
2025-04-16,2025,OOS,15,2.0,18675.5,18718.0625,time,71.25,69.25
2025-04-22,2025,OOS,3,1.0,18292.75,18344.125,time,-3.5,-4.5
2025-04-22,2025,OOS,3,2.0,18292.75,18344.125,time,-3.5,-5.5
2025-04-22,2025,OOS,5,1.0,18292.75,18344.125,time,-9.25,-10.25
2025-04-22,2025,OOS,5,2.0,18292.75,18344.125,time,-9.25,-11.25
2025-04-22,2025,OOS,10,1.0,18292.75,18344.125,time,-31.5,-32.5
2025-04-22,2025,OOS,10,2.0,18292.75,18344.125,time,-31.5,-33.5
2025-04-22,2025,OOS,15,1.0,18292.75,18344.125,stop,-51.375,-52.375
2025-04-22,2025,OOS,15,2.0,18292.75,18344.125,stop,-51.375,-53.375
2025-04-24,2025,OOS,3,1.0,19121.75,19195.75,time,23.5,22.5
2025-04-24,2025,OOS,3,2.0,19121.75,19195.75,time,23.5,21.5
2025-04-24,2025,OOS,5,1.0,19121.75,19195.75,time,-1.5,-2.5
2025-04-24,2025,OOS,5,2.0,19121.75,19195.75,time,-1.5,-3.5
2025-04-24,2025,OOS,10,1.0,19121.75,19195.75,time,-8.75,-9.75
2025-04-24,2025,OOS,10,2.0,19121.75,19195.75,time,-8.75,-10.75
2025-04-24,2025,OOS,15,1.0,19121.75,19195.75,time,-19.5,-20.5
2025-04-24,2025,OOS,15,2.0,19121.75,19195.75,time,-19.5,-21.5
2025-04-25,2025,OOS,3,1.0,19401.5,19444.0,time,1.0,0.0
2025-04-25,2025,OOS,3,2.0,19401.5,19444.0,time,1.0,-1.0
2025-04-25,2025,OOS,5,1.0,19401.5,19444.0,time,-26.75,-27.75
2025-04-25,2025,OOS,5,2.0,19401.5,19444.0,time,-26.75,-28.75
2025-04-25,2025,OOS,10,1.0,19401.5,19444.0,stop,-42.5,-43.5
2025-04-25,2025,OOS,10,2.0,19401.5,19444.0,stop,-42.5,-44.5
2025-04-25,2025,OOS,15,1.0,19401.5,19444.0,stop,-42.5,-43.5
2025-04-25,2025,OOS,15,2.0,19401.5,19444.0,stop,-42.5,-44.5
2025-04-30,2025,OOS,3,1.0,19306.5,19359.3125,time,7.0,6.0
2025-04-30,2025,OOS,3,2.0,19306.5,19359.3125,time,7.0,5.0
2025-04-30,2025,OOS,5,1.0,19306.5,19359.3125,time,-35.75,-36.75
2025-04-30,2025,OOS,5,2.0,19306.5,19359.3125,time,-35.75,-37.75
2025-04-30,2025,OOS,10,1.0,19306.5,19359.3125,time,-19.75,-20.75
2025-04-30,2025,OOS,10,2.0,19306.5,19359.3125,time,-19.75,-21.75
2025-04-30,2025,OOS,15,1.0,19306.5,19359.3125,time,-11.75,-12.75
2025-04-30,2025,OOS,15,2.0,19306.5,19359.3125,time,-11.75,-13.75
2025-05-01,2025,OOS,3,1.0,19996.25,20032.625,time,49.5,48.5
2025-05-01,2025,OOS,3,2.0,19996.25,20032.625,time,49.5,47.5
2025-05-01,2025,OOS,5,1.0,19996.25,20032.625,time,34.25,33.25
2025-05-01,2025,OOS,5,2.0,19996.25,20032.625,time,34.25,32.25
2025-05-01,2025,OOS,10,1.0,19996.25,20032.625,time,30.25,29.25
2025-05-01,2025,OOS,10,2.0,19996.25,20032.625,time,30.25,28.25
2025-05-01,2025,OOS,15,1.0,19996.25,20032.625,time,-2.5,-3.5
2025-05-01,2025,OOS,15,2.0,19996.25,20032.625,time,-2.5,-4.5
2025-05-02,2025,OOS,3,1.0,20174.25,20214.375,time,-19.5,-20.5
2025-05-02,2025,OOS,3,2.0,20174.25,20214.375,time,-19.5,-21.5
2025-05-02,2025,OOS,5,1.0,20174.25,20214.375,time,-23.5,-24.5
2025-05-02,2025,OOS,5,2.0,20174.25,20214.375,time,-23.5,-25.5
2025-05-02,2025,OOS,10,1.0,20174.25,20214.375,stop,-40.125,-41.125
2025-05-02,2025,OOS,10,2.0,20174.25,20214.375,stop,-40.125,-42.125
2025-05-02,2025,OOS,15,1.0,20174.25,20214.375,stop,-40.125,-41.125
2025-05-02,2025,OOS,15,2.0,20174.25,20214.375,stop,-40.125,-42.125
2025-05-05,2025,OOS,3,1.0,20099.0,20130.4375,time,7.0,6.0
2025-05-05,2025,OOS,3,2.0,20099.0,20130.4375,time,7.0,5.0
2025-05-05,2025,OOS,5,1.0,20099.0,20130.4375,time,2.25,1.25
2025-05-05,2025,OOS,5,2.0,20099.0,20130.4375,time,2.25,0.25
2025-05-05,2025,OOS,10,1.0,20099.0,20130.4375,time,-5.5,-6.5
2025-05-05,2025,OOS,10,2.0,20099.0,20130.4375,time,-5.5,-7.5
2025-05-05,2025,OOS,15,1.0,20099.0,20130.4375,time,-12.0,-13.0
2025-05-05,2025,OOS,15,2.0,20099.0,20130.4375,time,-12.0,-14.0
2025-05-06,2025,OOS,3,1.0,19899.75,19942.375,time,-7.5,-8.5
2025-05-06,2025,OOS,3,2.0,19899.75,19942.375,time,-7.5,-9.5
2025-05-06,2025,OOS,5,1.0,19899.75,19942.375,time,-5.25,-6.25
2025-05-06,2025,OOS,5,2.0,19899.75,19942.375,time,-5.25,-7.25
2025-05-06,2025,OOS,10,1.0,19899.75,19942.375,time,-26.0,-27.0
2025-05-06,2025,OOS,10,2.0,19899.75,19942.375,time,-26.0,-28.0
2025-05-06,2025,OOS,15,1.0,19899.75,19942.375,time,8.0,7.0
2025-05-06,2025,OOS,15,2.0,19899.75,19942.375,time,8.0,6.0
2025-05-13,2025,OOS,3,1.0,21243.0,21311.4375,time,-11.75,-12.75
2025-05-13,2025,OOS,3,2.0,21243.0,21311.4375,time,-11.75,-13.75
2025-05-13,2025,OOS,5,1.0,21243.0,21311.4375,time,-2.75,-3.75
2025-05-13,2025,OOS,5,2.0,21243.0,21311.4375,time,-2.75,-4.75
2025-05-13,2025,OOS,10,1.0,21243.0,21311.4375,time,-29.5,-30.5
2025-05-13,2025,OOS,10,2.0,21243.0,21311.4375,time,-29.5,-31.5
2025-05-13,2025,OOS,15,1.0,21243.0,21311.4375,time,-17.75,-18.75
2025-05-13,2025,OOS,15,2.0,21243.0,21311.4375,time,-17.75,-19.75
2025-05-19,2025,OOS,3,1.0,21452.25,21517.3125,time,1.0,0.0
2025-05-19,2025,OOS,3,2.0,21452.25,21517.3125,time,1.0,-1.0
2025-05-19,2025,OOS,5,1.0,21452.25,21517.3125,time,-1.25,-2.25
2025-05-19,2025,OOS,5,2.0,21452.25,21517.3125,time,-1.25,-3.25
2025-05-19,2025,OOS,10,1.0,21452.25,21517.3125,time,-0.75,-1.75
2025-05-19,2025,OOS,10,2.0,21452.25,21517.3125,time,-0.75,-2.75
2025-05-19,2025,OOS,15,1.0,21452.25,21517.3125,time,-3.25,-4.25
2025-05-19,2025,OOS,15,2.0,21452.25,21517.3125,time,-3.25,-5.25
2025-05-20,2025,OOS,3,1.0,21438.75,21460.0,time,20.5,19.5
2025-05-20,2025,OOS,3,2.0,21438.75,21460.0,time,20.5,18.5
2025-05-20,2025,OOS,5,1.0,21438.75,21460.0,time,31.0,30.0
2025-05-20,2025,OOS,5,2.0,21438.75,21460.0,time,31.0,29.0
2025-05-20,2025,OOS,10,1.0,21438.75,21460.0,time,29.25,28.25
2025-05-20,2025,OOS,10,2.0,21438.75,21460.0,time,29.25,27.25
2025-05-20,2025,OOS,15,1.0,21438.75,21460.0,time,25.0,24.0
2025-05-20,2025,OOS,15,2.0,21438.75,21460.0,time,25.0,23.0
2025-05-21,2025,OOS,3,1.0,21376.25,21417.3125,time,79.0,78.0
2025-05-21,2025,OOS,3,2.0,21376.25,21417.3125,time,79.0,77.0
2025-05-21,2025,OOS,5,1.0,21376.25,21417.3125,time,104.75,103.75
2025-05-21,2025,OOS,5,2.0,21376.25,21417.3125,time,104.75,102.75
2025-05-21,2025,OOS,10,1.0,21376.25,21417.3125,time,172.75,171.75
2025-05-21,2025,OOS,10,2.0,21376.25,21417.3125,time,172.75,170.75
2025-05-21,2025,OOS,15,1.0,21376.25,21417.3125,time,125.5,124.5
2025-05-21,2025,OOS,15,2.0,21376.25,21417.3125,time,125.5,123.5
2025-05-23,2025,OOS,3,1.0,20983.5,21026.4375,time,-7.5,-8.5
2025-05-23,2025,OOS,3,2.0,20983.5,21026.4375,time,-7.5,-9.5
2025-05-23,2025,OOS,5,1.0,20983.5,21026.4375,time,-20.25,-21.25
2025-05-23,2025,OOS,5,2.0,20983.5,21026.4375,time,-20.25,-22.25
2025-05-23,2025,OOS,10,1.0,20983.5,21026.4375,time,-40.5,-41.5
2025-05-23,2025,OOS,10,2.0,20983.5,21026.4375,time,-40.5,-42.5
2025-05-23,2025,OOS,15,1.0,20983.5,21026.4375,stop,-42.9375,-43.9375
2025-05-23,2025,OOS,15,2.0,20983.5,21026.4375,stop,-42.9375,-44.9375
2025-05-27,2025,OOS,3,1.0,21383.5,21431.1875,time,1.0,0.0
2025-05-27,2025,OOS,3,2.0,21383.5,21431.1875,time,1.0,-1.0
2025-05-27,2025,OOS,5,1.0,21383.5,21431.1875,time,-1.75,-2.75
2025-05-27,2025,OOS,5,2.0,21383.5,21431.1875,time,-1.75,-3.75
2025-05-27,2025,OOS,10,1.0,21383.5,21431.1875,time,-10.0,-11.0
2025-05-27,2025,OOS,10,2.0,21383.5,21431.1875,time,-10.0,-12.0
2025-05-27,2025,OOS,15,1.0,21383.5,21431.1875,time,-18.25,-19.25
2025-05-27,2025,OOS,15,2.0,21383.5,21431.1875,time,-18.25,-20.25
2025-06-02,2025,OOS,3,1.0,21451.5,21507.3125,time,-1.5,-2.5
2025-06-02,2025,OOS,3,2.0,21451.5,21507.3125,time,-1.5,-3.5
2025-06-02,2025,OOS,5,1.0,21451.5,21507.3125,time,-7.0,-8.0
2025-06-02,2025,OOS,5,2.0,21451.5,21507.3125,time,-7.0,-9.0
2025-06-02,2025,OOS,10,1.0,21451.5,21507.3125,time,-2.75,-3.75
2025-06-02,2025,OOS,10,2.0,21451.5,21507.3125,time,-2.75,-4.75
2025-06-02,2025,OOS,15,1.0,21451.5,21507.3125,time,3.25,2.25
2025-06-02,2025,OOS,15,2.0,21451.5,21507.3125,time,3.25,1.25
2025-06-04,2025,OOS,3,1.0,21789.25,21827.3125,time,-1.25,-2.25
2025-06-04,2025,OOS,3,2.0,21789.25,21827.3125,time,-1.25,-3.25
2025-06-04,2025,OOS,5,1.0,21789.25,21827.3125,time,-5.5,-6.5
2025-06-04,2025,OOS,5,2.0,21789.25,21827.3125,time,-5.5,-7.5
2025-06-04,2025,OOS,10,1.0,21789.25,21827.3125,time,-9.5,-10.5
2025-06-04,2025,OOS,10,2.0,21789.25,21827.3125,time,-9.5,-11.5
2025-06-04,2025,OOS,15,1.0,21789.25,21827.3125,time,3.0,2.0
2025-06-04,2025,OOS,15,2.0,21789.25,21827.3125,time,3.0,1.0
2025-06-05,2025,OOS,3,1.0,21820.0,21857.25,time,8.5,7.5
2025-06-05,2025,OOS,3,2.0,21820.0,21857.25,time,8.5,6.5
2025-06-05,2025,OOS,5,1.0,21820.0,21857.25,time,18.25,17.25
2025-06-05,2025,OOS,5,2.0,21820.0,21857.25,time,18.25,16.25
2025-06-05,2025,OOS,10,1.0,21820.0,21857.25,time,96.25,95.25
2025-06-05,2025,OOS,10,2.0,21820.0,21857.25,time,96.25,94.25
2025-06-05,2025,OOS,15,1.0,21820.0,21857.25,time,99.25,98.25
2025-06-05,2025,OOS,15,2.0,21820.0,21857.25,time,99.25,97.25
2025-06-09,2025,OOS,3,1.0,21857.5,21886.375,time,5.0,4.0
2025-06-09,2025,OOS,3,2.0,21857.5,21886.375,time,5.0,3.0
2025-06-09,2025,OOS,5,1.0,21857.5,21886.375,time,7.75,6.75
2025-06-09,2025,OOS,5,2.0,21857.5,21886.375,time,7.75,5.75
2025-06-09,2025,OOS,10,1.0,21857.5,21886.375,time,17.5,16.5
2025-06-09,2025,OOS,10,2.0,21857.5,21886.375,time,17.5,15.5
2025-06-09,2025,OOS,15,1.0,21857.5,21886.375,time,15.0,14.0
2025-06-09,2025,OOS,15,2.0,21857.5,21886.375,time,15.0,13.0
2025-06-11,2025,OOS,3,1.0,22040.5,22072.375,time,4.75,3.75
2025-06-11,2025,OOS,3,2.0,22040.5,22072.375,time,4.75,2.75
2025-06-11,2025,OOS,5,1.0,22040.5,22072.375,time,-5.5,-6.5
2025-06-11,2025,OOS,5,2.0,22040.5,22072.375,time,-5.5,-7.5
2025-06-11,2025,OOS,10,1.0,22040.5,22072.375,time,3.25,2.25
2025-06-11,2025,OOS,10,2.0,22040.5,22072.375,time,3.25,1.25
2025-06-11,2025,OOS,15,1.0,22040.5,22072.375,time,-15.0,-16.0
2025-06-11,2025,OOS,15,2.0,22040.5,22072.375,time,-15.0,-17.0
2025-06-12,2025,OOS,3,1.0,21925.0,21953.0,time,14.25,13.25
2025-06-12,2025,OOS,3,2.0,21925.0,21953.0,time,14.25,12.25
2025-06-12,2025,OOS,5,1.0,21925.0,21953.0,time,23.0,22.0
2025-06-12,2025,OOS,5,2.0,21925.0,21953.0,time,23.0,21.0
2025-06-12,2025,OOS,10,1.0,21925.0,21953.0,time,7.75,6.75
2025-06-12,2025,OOS,10,2.0,21925.0,21953.0,time,7.75,5.75
2025-06-12,2025,OOS,15,1.0,21925.0,21953.0,time,13.75,12.75
2025-06-12,2025,OOS,15,2.0,21925.0,21953.0,time,13.75,11.75
2025-06-13,2025,OOS,3,1.0,21789.5,21833.9375,time,14.5,13.5
2025-06-13,2025,OOS,3,2.0,21789.5,21833.9375,time,14.5,12.5
2025-06-13,2025,OOS,5,1.0,21789.5,21833.9375,time,13.5,12.5
2025-06-13,2025,OOS,5,2.0,21789.5,21833.9375,time,13.5,11.5
2025-06-13,2025,OOS,10,1.0,21789.5,21833.9375,time,-8.75,-9.75
2025-06-13,2025,OOS,10,2.0,21789.5,21833.9375,time,-8.75,-10.75
2025-06-13,2025,OOS,15,1.0,21789.5,21833.9375,time,17.75,16.75
2025-06-13,2025,OOS,15,2.0,21789.5,21833.9375,time,17.75,15.75
2025-06-16,2025,OOS,3,1.0,22195.0,22241.875,time,13.0,12.0
2025-06-16,2025,OOS,3,2.0,22195.0,22241.875,time,13.0,11.0
2025-06-16,2025,OOS,5,1.0,22195.0,22241.875,time,-3.5,-4.5
2025-06-16,2025,OOS,5,2.0,22195.0,22241.875,time,-3.5,-5.5
2025-06-16,2025,OOS,10,1.0,22195.0,22241.875,time,6.0,5.0
2025-06-16,2025,OOS,10,2.0,22195.0,22241.875,time,6.0,4.0
2025-06-16,2025,OOS,15,1.0,22195.0,22241.875,time,12.5,11.5
2025-06-16,2025,OOS,15,2.0,22195.0,22241.875,time,12.5,10.5
2025-06-18,2025,OOS,3,1.0,22076.25,22115.4375,time,10.5,9.5
2025-06-18,2025,OOS,3,2.0,22076.25,22115.4375,time,10.5,8.5
2025-06-18,2025,OOS,5,1.0,22076.25,22115.4375,time,12.0,11.0
2025-06-18,2025,OOS,5,2.0,22076.25,22115.4375,time,12.0,10.0
2025-06-18,2025,OOS,10,1.0,22076.25,22115.4375,time,-3.75,-4.75
2025-06-18,2025,OOS,10,2.0,22076.25,22115.4375,time,-3.75,-5.75
2025-06-18,2025,OOS,15,1.0,22076.25,22115.4375,time,-5.75,-6.75
2025-06-18,2025,OOS,15,2.0,22076.25,22115.4375,time,-5.75,-7.75
2025-06-24,2025,OOS,3,1.0,22330.0,22348.375,time,6.0,5.0
2025-06-24,2025,OOS,3,2.0,22330.0,22348.375,time,6.0,4.0
2025-06-24,2025,OOS,5,1.0,22330.0,22348.375,time,-2.25,-3.25
2025-06-24,2025,OOS,5,2.0,22330.0,22348.375,time,-2.25,-4.25
2025-06-24,2025,OOS,10,1.0,22330.0,22348.375,time,15.25,14.25
2025-06-24,2025,OOS,10,2.0,22330.0,22348.375,time,15.25,13.25
2025-06-24,2025,OOS,15,1.0,22330.0,22348.375,stop,-18.375,-19.375
2025-06-24,2025,OOS,15,2.0,22330.0,22348.375,stop,-18.375,-20.375
2025-06-26,2025,OOS,3,1.0,22562.75,22587.5,time,-10.5,-11.5
2025-06-26,2025,OOS,3,2.0,22562.75,22587.5,time,-10.5,-12.5
2025-06-26,2025,OOS,5,1.0,22562.75,22587.5,time,-15.0,-16.0
2025-06-26,2025,OOS,5,2.0,22562.75,22587.5,time,-15.0,-17.0
2025-06-26,2025,OOS,10,1.0,22562.75,22587.5,time,-13.25,-14.25
2025-06-26,2025,OOS,10,2.0,22562.75,22587.5,time,-13.25,-15.25
2025-06-26,2025,OOS,15,1.0,22562.75,22587.5,time,-8.25,-9.25
2025-06-26,2025,OOS,15,2.0,22562.75,22587.5,time,-8.25,-10.25
2025-07-02,2025,OOS,3,1.0,22775.75,22812.5,stop,-36.75,-37.75
2025-07-02,2025,OOS,3,2.0,22775.75,22812.5,stop,-36.75,-38.75
2025-07-02,2025,OOS,5,1.0,22775.75,22812.5,stop,-36.75,-37.75
2025-07-02,2025,OOS,5,2.0,22775.75,22812.5,stop,-36.75,-38.75
2025-07-02,2025,OOS,10,1.0,22775.75,22812.5,stop,-36.75,-37.75
2025-07-02,2025,OOS,10,2.0,22775.75,22812.5,stop,-36.75,-38.75
2025-07-02,2025,OOS,15,1.0,22775.75,22812.5,stop,-36.75,-37.75
2025-07-02,2025,OOS,15,2.0,22775.75,22812.5,stop,-36.75,-38.75
2025-07-03,2025,OOS,3,1.0,23060.25,23094.1875,time,-7.0,-8.0
2025-07-03,2025,OOS,3,2.0,23060.25,23094.1875,time,-7.0,-9.0
2025-07-03,2025,OOS,5,1.0,23060.25,23094.1875,time,-4.5,-5.5
2025-07-03,2025,OOS,5,2.0,23060.25,23094.1875,time,-4.5,-6.5
2025-07-03,2025,OOS,10,1.0,23060.25,23094.1875,time,-6.5,-7.5
2025-07-03,2025,OOS,10,2.0,23060.25,23094.1875,time,-6.5,-8.5
2025-07-03,2025,OOS,15,1.0,23060.25,23094.1875,time,-9.25,-10.25
2025-07-03,2025,OOS,15,2.0,23060.25,23094.1875,time,-9.25,-11.25
2025-07-04,2025,OOS,3,1.0,22934.5,22946.25,time,0.75,-0.25
2025-07-04,2025,OOS,3,2.0,22934.5,22946.25,time,0.75,-1.25
2025-07-04,2025,OOS,5,1.0,22934.5,22946.25,time,-2.25,-3.25
2025-07-04,2025,OOS,5,2.0,22934.5,22946.25,time,-2.25,-4.25
2025-07-04,2025,OOS,10,1.0,22934.5,22946.25,time,-2.0,-3.0
2025-07-04,2025,OOS,10,2.0,22934.5,22946.25,time,-2.0,-4.0
2025-07-04,2025,OOS,15,1.0,22934.5,22946.25,time,0.0,-1.0
2025-07-04,2025,OOS,15,2.0,22934.5,22946.25,time,0.0,-2.0
2025-07-08,2025,OOS,3,1.0,22927.25,22950.875,time,15.0,14.0
2025-07-08,2025,OOS,3,2.0,22927.25,22950.875,time,15.0,13.0
2025-07-08,2025,OOS,5,1.0,22927.25,22950.875,time,11.0,10.0
2025-07-08,2025,OOS,5,2.0,22927.25,22950.875,time,11.0,9.0
2025-07-08,2025,OOS,10,1.0,22927.25,22950.875,time,5.0,4.0
2025-07-08,2025,OOS,10,2.0,22927.25,22950.875,time,5.0,3.0
2025-07-08,2025,OOS,15,1.0,22927.25,22950.875,time,5.5,4.5
2025-07-08,2025,OOS,15,2.0,22927.25,22950.875,time,5.5,3.5
2025-07-11,2025,OOS,3,1.0,22999.0,23034.375,time,-9.75,-10.75
2025-07-11,2025,OOS,3,2.0,22999.0,23034.375,time,-9.75,-11.75
2025-07-11,2025,OOS,5,1.0,22999.0,23034.375,time,-8.5,-9.5
2025-07-11,2025,OOS,5,2.0,22999.0,23034.375,time,-8.5,-10.5
2025-07-11,2025,OOS,10,1.0,22999.0,23034.375,time,1.0,0.0
2025-07-11,2025,OOS,10,2.0,22999.0,23034.375,time,1.0,-1.0
2025-07-11,2025,OOS,15,1.0,22999.0,23034.375,time,26.75,25.75
2025-07-11,2025,OOS,15,2.0,22999.0,23034.375,time,26.75,24.75
2025-07-24,2025,OOS,3,1.0,23389.5,23415.1875,time,-7.75,-8.75
2025-07-24,2025,OOS,3,2.0,23389.5,23415.1875,time,-7.75,-9.75
2025-07-24,2025,OOS,5,1.0,23389.5,23415.1875,time,-6.5,-7.5
2025-07-24,2025,OOS,5,2.0,23389.5,23415.1875,time,-6.5,-8.5
2025-07-24,2025,OOS,10,1.0,23389.5,23415.1875,time,-7.5,-8.5
2025-07-24,2025,OOS,10,2.0,23389.5,23415.1875,time,-7.5,-9.5
2025-07-24,2025,OOS,15,1.0,23389.5,23415.1875,time,0.0,-1.0
2025-07-24,2025,OOS,15,2.0,23389.5,23415.1875,time,0.0,-2.0
2025-07-25,2025,OOS,3,1.0,23408.0,23429.3125,time,3.5,2.5
2025-07-25,2025,OOS,3,2.0,23408.0,23429.3125,time,3.5,1.5
2025-07-25,2025,OOS,5,1.0,23408.0,23429.3125,time,3.25,2.25
2025-07-25,2025,OOS,5,2.0,23408.0,23429.3125,time,3.25,1.25
2025-07-25,2025,OOS,10,1.0,23408.0,23429.3125,time,-8.0,-9.0
2025-07-25,2025,OOS,10,2.0,23408.0,23429.3125,time,-8.0,-10.0
2025-07-25,2025,OOS,15,1.0,23408.0,23429.3125,time,-13.0,-14.0
2025-07-25,2025,OOS,15,2.0,23408.0,23429.3125,time,-13.0,-15.0
2025-07-30,2025,OOS,3,1.0,23515.0,23533.875,time,-2.25,-3.25
2025-07-30,2025,OOS,3,2.0,23515.0,23533.875,time,-2.25,-4.25
2025-07-30,2025,OOS,5,1.0,23515.0,23533.875,time,8.0,7.0
2025-07-30,2025,OOS,5,2.0,23515.0,23533.875,time,8.0,6.0
2025-07-30,2025,OOS,10,1.0,23515.0,23533.875,time,9.5,8.5
2025-07-30,2025,OOS,10,2.0,23515.0,23533.875,time,9.5,7.5
2025-07-30,2025,OOS,15,1.0,23515.0,23533.875,time,32.25,31.25
2025-07-30,2025,OOS,15,2.0,23515.0,23533.875,time,32.25,30.25
2025-08-04,2025,OOS,3,1.0,23264.0,23307.875,time,-6.0,-7.0
2025-08-04,2025,OOS,3,2.0,23264.0,23307.875,time,-6.0,-8.0
2025-08-04,2025,OOS,5,1.0,23264.0,23307.875,time,-5.25,-6.25
2025-08-04,2025,OOS,5,2.0,23264.0,23307.875,time,-5.25,-7.25
2025-08-04,2025,OOS,10,1.0,23264.0,23307.875,time,1.75,0.75
2025-08-04,2025,OOS,10,2.0,23264.0,23307.875,time,1.75,-0.25
2025-08-04,2025,OOS,15,1.0,23264.0,23307.875,time,4.25,3.25
2025-08-04,2025,OOS,15,2.0,23264.0,23307.875,time,4.25,2.25
2025-08-08,2025,OOS,3,1.0,23665.5,23703.875,time,15.0,14.0
2025-08-08,2025,OOS,3,2.0,23665.5,23703.875,time,15.0,13.0
2025-08-08,2025,OOS,5,1.0,23665.5,23703.875,time,13.25,12.25
2025-08-08,2025,OOS,5,2.0,23665.5,23703.875,time,13.25,11.25
2025-08-08,2025,OOS,10,1.0,23665.5,23703.875,time,3.75,2.75
2025-08-08,2025,OOS,10,2.0,23665.5,23703.875,time,3.75,1.75
2025-08-08,2025,OOS,15,1.0,23665.5,23703.875,time,-7.75,-8.75
2025-08-08,2025,OOS,15,2.0,23665.5,23703.875,time,-7.75,-9.75
2025-08-11,2025,OOS,3,1.0,23767.5,23789.1875,time,15.5,14.5
2025-08-11,2025,OOS,3,2.0,23767.5,23789.1875,time,15.5,13.5
2025-08-11,2025,OOS,5,1.0,23767.5,23789.1875,time,25.75,24.75
2025-08-11,2025,OOS,5,2.0,23767.5,23789.1875,time,25.75,23.75
2025-08-11,2025,OOS,10,1.0,23767.5,23789.1875,time,24.25,23.25
2025-08-11,2025,OOS,10,2.0,23767.5,23789.1875,time,24.25,22.25
2025-08-11,2025,OOS,15,1.0,23767.5,23789.1875,time,23.0,22.0
2025-08-11,2025,OOS,15,2.0,23767.5,23789.1875,time,23.0,21.0
2025-08-14,2025,OOS,3,1.0,23955.75,23985.5,time,5.5,4.5
2025-08-14,2025,OOS,3,2.0,23955.75,23985.5,time,5.5,3.5
2025-08-14,2025,OOS,5,1.0,23955.75,23985.5,time,7.75,6.75
2025-08-14,2025,OOS,5,2.0,23955.75,23985.5,time,7.75,5.75
2025-08-14,2025,OOS,10,1.0,23955.75,23985.5,time,12.5,11.5
2025-08-14,2025,OOS,10,2.0,23955.75,23985.5,time,12.5,10.5
2025-08-14,2025,OOS,15,1.0,23955.75,23985.5,time,19.5,18.5
2025-08-14,2025,OOS,15,2.0,23955.75,23985.5,time,19.5,17.5
2025-08-22,2025,OOS,3,1.0,23624.0,23730.875,time,-3.0,-4.0
2025-08-22,2025,OOS,3,2.0,23624.0,23730.875,time,-3.0,-5.0
2025-08-22,2025,OOS,5,1.0,23624.0,23730.875,time,2.0,1.0
2025-08-22,2025,OOS,5,2.0,23624.0,23730.875,time,2.0,0.0
2025-08-22,2025,OOS,10,1.0,23624.0,23730.875,time,-6.75,-7.75
2025-08-22,2025,OOS,10,2.0,23624.0,23730.875,time,-6.75,-8.75
2025-08-22,2025,OOS,15,1.0,23624.0,23730.875,time,13.25,12.25
2025-08-22,2025,OOS,15,2.0,23624.0,23730.875,time,13.25,11.25
2025-08-25,2025,OOS,3,1.0,23558.5,23587.9375,time,-5.5,-6.5
2025-08-25,2025,OOS,3,2.0,23558.5,23587.9375,time,-5.5,-7.5
2025-08-25,2025,OOS,5,1.0,23558.5,23587.9375,time,-12.5,-13.5
2025-08-25,2025,OOS,5,2.0,23558.5,23587.9375,time,-12.5,-14.5
2025-08-25,2025,OOS,10,1.0,23558.5,23587.9375,time,-22.25,-23.25
2025-08-25,2025,OOS,10,2.0,23558.5,23587.9375,time,-22.25,-24.25
2025-08-25,2025,OOS,15,1.0,23558.5,23587.9375,time,-18.25,-19.25
2025-08-25,2025,OOS,15,2.0,23558.5,23587.9375,time,-18.25,-20.25
2025-08-26,2025,OOS,3,1.0,23542.5,23572.75,time,-0.5,-1.5
2025-08-26,2025,OOS,3,2.0,23542.5,23572.75,time,-0.5,-2.5
2025-08-26,2025,OOS,5,1.0,23542.5,23572.75,time,-0.25,-1.25
2025-08-26,2025,OOS,5,2.0,23542.5,23572.75,time,-0.25,-2.25
2025-08-26,2025,OOS,10,1.0,23542.5,23572.75,time,-1.75,-2.75
2025-08-26,2025,OOS,10,2.0,23542.5,23572.75,time,-1.75,-3.75
2025-08-26,2025,OOS,15,1.0,23542.5,23572.75,time,2.0,1.0
2025-08-26,2025,OOS,15,2.0,23542.5,23572.75,time,2.0,0.0
2025-08-27,2025,OOS,3,1.0,23602.25,23632.0,time,2.75,1.75
2025-08-27,2025,OOS,3,2.0,23602.25,23632.0,time,2.75,0.75
2025-08-27,2025,OOS,5,1.0,23602.25,23632.0,time,3.5,2.5
2025-08-27,2025,OOS,5,2.0,23602.25,23632.0,time,3.5,1.5
2025-08-27,2025,OOS,10,1.0,23602.25,23632.0,time,1.0,0.0
2025-08-27,2025,OOS,10,2.0,23602.25,23632.0,time,1.0,-1.0
2025-08-27,2025,OOS,15,1.0,23602.25,23632.0,time,2.25,1.25
2025-08-27,2025,OOS,15,2.0,23602.25,23632.0,time,2.25,0.25
2025-08-28,2025,OOS,3,1.0,23733.0,23775.4375,time,-8.0,-9.0
2025-08-28,2025,OOS,3,2.0,23733.0,23775.4375,time,-8.0,-10.0
2025-08-28,2025,OOS,5,1.0,23733.0,23775.4375,time,-8.75,-9.75
2025-08-28,2025,OOS,5,2.0,23733.0,23775.4375,time,-8.75,-10.75
2025-08-28,2025,OOS,10,1.0,23733.0,23775.4375,time,-10.0,-11.0
2025-08-28,2025,OOS,10,2.0,23733.0,23775.4375,time,-10.0,-12.0
2025-08-28,2025,OOS,15,1.0,23733.0,23775.4375,time,-17.25,-18.25
2025-08-28,2025,OOS,15,2.0,23733.0,23775.4375,time,-17.25,-19.25
2025-09-03,2025,OOS,3,1.0,23470.25,23495.8125,time,33.0,32.0
2025-09-03,2025,OOS,3,2.0,23470.25,23495.8125,time,33.0,31.0
2025-09-03,2025,OOS,5,1.0,23470.25,23495.8125,time,45.75,44.75
2025-09-03,2025,OOS,5,2.0,23470.25,23495.8125,time,45.75,43.75
2025-09-03,2025,OOS,10,1.0,23470.25,23495.8125,time,54.75,53.75
2025-09-03,2025,OOS,10,2.0,23470.25,23495.8125,time,54.75,52.75
2025-09-03,2025,OOS,15,1.0,23470.25,23495.8125,time,32.0,31.0
2025-09-03,2025,OOS,15,2.0,23470.25,23495.8125,time,32.0,30.0
2025-09-04,2025,OOS,3,1.0,23538.25,23572.8125,time,4.25,3.25
2025-09-04,2025,OOS,3,2.0,23538.25,23572.8125,time,4.25,2.25
2025-09-04,2025,OOS,5,1.0,23538.25,23572.8125,time,0.75,-0.25
2025-09-04,2025,OOS,5,2.0,23538.25,23572.8125,time,0.75,-1.25
2025-09-04,2025,OOS,10,1.0,23538.25,23572.8125,time,-13.25,-14.25
2025-09-04,2025,OOS,10,2.0,23538.25,23572.8125,time,-13.25,-15.25
2025-09-04,2025,OOS,15,1.0,23538.25,23572.8125,time,-9.5,-10.5
2025-09-04,2025,OOS,15,2.0,23538.25,23572.8125,time,-9.5,-11.5
2025-09-08,2025,OOS,3,1.0,23872.25,23898.375,time,-4.75,-5.75
2025-09-08,2025,OOS,3,2.0,23872.25,23898.375,time,-4.75,-6.75
2025-09-08,2025,OOS,5,1.0,23872.25,23898.375,time,12.75,11.75
2025-09-08,2025,OOS,5,2.0,23872.25,23898.375,time,12.75,10.75
2025-09-08,2025,OOS,10,1.0,23872.25,23898.375,time,10.75,9.75
2025-09-08,2025,OOS,10,2.0,23872.25,23898.375,time,10.75,8.75
2025-09-08,2025,OOS,15,1.0,23872.25,23898.375,time,6.5,5.5
2025-09-08,2025,OOS,15,2.0,23872.25,23898.375,time,6.5,4.5
2025-09-11,2025,OOS,3,1.0,23991.25,24014.8125,time,-0.5,-1.5
2025-09-11,2025,OOS,3,2.0,23991.25,24014.8125,time,-0.5,-2.5
2025-09-11,2025,OOS,5,1.0,23991.25,24014.8125,time,-12.25,-13.25
2025-09-11,2025,OOS,5,2.0,23991.25,24014.8125,time,-12.25,-14.25
2025-09-11,2025,OOS,10,1.0,23991.25,24014.8125,time,-15.25,-16.25
2025-09-11,2025,OOS,10,2.0,23991.25,24014.8125,time,-15.25,-17.25
2025-09-11,2025,OOS,15,1.0,23991.25,24014.8125,stop,-23.5625,-24.5625
2025-09-11,2025,OOS,15,2.0,23991.25,24014.8125,stop,-23.5625,-25.5625
2025-09-15,2025,OOS,3,1.0,24492.0,24515.8125,time,-12.25,-13.25
2025-09-15,2025,OOS,3,2.0,24492.0,24515.8125,time,-12.25,-14.25
2025-09-15,2025,OOS,5,1.0,24492.0,24515.8125,time,-5.25,-6.25
2025-09-15,2025,OOS,5,2.0,24492.0,24515.8125,time,-5.25,-7.25
2025-09-15,2025,OOS,10,1.0,24492.0,24515.8125,time,0.75,-0.25
2025-09-15,2025,OOS,10,2.0,24492.0,24515.8125,time,0.75,-1.25
2025-09-15,2025,OOS,15,1.0,24492.0,24515.8125,time,2.5,1.5
2025-09-15,2025,OOS,15,2.0,24492.0,24515.8125,time,2.5,0.5
2025-09-18,2025,OOS,3,1.0,24782.75,24830.1875,time,-19.25,-20.25
2025-09-18,2025,OOS,3,2.0,24782.75,24830.1875,time,-19.25,-21.25
2025-09-18,2025,OOS,5,1.0,24782.75,24830.1875,time,-8.0,-9.0
2025-09-18,2025,OOS,5,2.0,24782.75,24830.1875,time,-8.0,-10.0
2025-09-18,2025,OOS,10,1.0,24782.75,24830.1875,time,-7.5,-8.5
2025-09-18,2025,OOS,10,2.0,24782.75,24830.1875,time,-7.5,-9.5
2025-09-18,2025,OOS,15,1.0,24782.75,24830.1875,time,9.25,8.25
2025-09-18,2025,OOS,15,2.0,24782.75,24830.1875,time,9.25,7.25
2025-09-22,2025,OOS,3,1.0,24902.25,24925.1875,time,-3.25,-4.25
2025-09-22,2025,OOS,3,2.0,24902.25,24925.1875,time,-3.25,-5.25
2025-09-22,2025,OOS,5,1.0,24902.25,24925.1875,time,-8.5,-9.5
2025-09-22,2025,OOS,5,2.0,24902.25,24925.1875,time,-8.5,-10.5
2025-09-22,2025,OOS,10,1.0,24902.25,24925.1875,time,-5.0,-6.0
2025-09-22,2025,OOS,10,2.0,24902.25,24925.1875,time,-5.0,-7.0
2025-09-22,2025,OOS,15,1.0,24902.25,24925.1875,time,-11.0,-12.0
2025-09-22,2025,OOS,15,2.0,24902.25,24925.1875,time,-11.0,-13.0
2025-09-25,2025,OOS,3,1.0,24626.75,24681.5625,time,-22.0,-23.0
2025-09-25,2025,OOS,3,2.0,24626.75,24681.5625,time,-22.0,-24.0
2025-09-25,2025,OOS,5,1.0,24626.75,24681.5625,time,-8.5,-9.5
2025-09-25,2025,OOS,5,2.0,24626.75,24681.5625,time,-8.5,-10.5
2025-09-25,2025,OOS,10,1.0,24626.75,24681.5625,time,13.5,12.5
2025-09-25,2025,OOS,10,2.0,24626.75,24681.5625,time,13.5,11.5
2025-09-25,2025,OOS,15,1.0,24626.75,24681.5625,time,28.75,27.75
2025-09-25,2025,OOS,15,2.0,24626.75,24681.5625,time,28.75,26.75
2025-09-30,2025,OOS,3,1.0,24828.25,24855.4375,time,11.25,10.25
2025-09-30,2025,OOS,3,2.0,24828.25,24855.4375,time,11.25,9.25
2025-09-30,2025,OOS,5,1.0,24828.25,24855.4375,time,23.25,22.25
2025-09-30,2025,OOS,5,2.0,24828.25,24855.4375,time,23.25,21.25
2025-09-30,2025,OOS,10,1.0,24828.25,24855.4375,time,32.0,31.0
2025-09-30,2025,OOS,10,2.0,24828.25,24855.4375,time,32.0,30.0
2025-09-30,2025,OOS,15,1.0,24828.25,24855.4375,time,48.5,47.5
2025-09-30,2025,OOS,15,2.0,24828.25,24855.4375,time,48.5,46.5
2025-10-01,2025,OOS,3,1.0,24890.5,24932.25,time,5.75,4.75
2025-10-01,2025,OOS,3,2.0,24890.5,24932.25,time,5.75,3.75
2025-10-01,2025,OOS,5,1.0,24890.5,24932.25,time,5.5,4.5
2025-10-01,2025,OOS,5,2.0,24890.5,24932.25,time,5.5,3.5
2025-10-01,2025,OOS,10,1.0,24890.5,24932.25,time,-5.5,-6.5
2025-10-01,2025,OOS,10,2.0,24890.5,24932.25,time,-5.5,-7.5
2025-10-01,2025,OOS,15,1.0,24890.5,24932.25,time,-7.0,-8.0
2025-10-01,2025,OOS,15,2.0,24890.5,24932.25,time,-7.0,-9.0
2025-10-06,2025,OOS,3,1.0,25221.5,25247.75,time,2.5,1.5
2025-10-06,2025,OOS,3,2.0,25221.5,25247.75,time,2.5,0.5
2025-10-06,2025,OOS,5,1.0,25221.5,25247.75,time,2.5,1.5
2025-10-06,2025,OOS,5,2.0,25221.5,25247.75,time,2.5,0.5
2025-10-06,2025,OOS,10,1.0,25221.5,25247.75,time,-2.0,-3.0
2025-10-06,2025,OOS,10,2.0,25221.5,25247.75,time,-2.0,-4.0
2025-10-06,2025,OOS,15,1.0,25221.5,25247.75,time,11.0,10.0
2025-10-06,2025,OOS,15,2.0,25221.5,25247.75,time,11.0,9.0
2025-10-13,2025,OOS,3,1.0,24908.5,24955.75,time,-12.25,-13.25
2025-10-13,2025,OOS,3,2.0,24908.5,24955.75,time,-12.25,-14.25
2025-10-13,2025,OOS,5,1.0,24908.5,24955.75,time,-0.25,-1.25
2025-10-13,2025,OOS,5,2.0,24908.5,24955.75,time,-0.25,-2.25
2025-10-13,2025,OOS,10,1.0,24908.5,24955.75,time,-12.5,-13.5
2025-10-13,2025,OOS,10,2.0,24908.5,24955.75,time,-12.5,-14.5
2025-10-13,2025,OOS,15,1.0,24908.5,24955.75,time,3.25,2.25
2025-10-13,2025,OOS,15,2.0,24908.5,24955.75,time,3.25,1.25
2025-10-14,2025,OOS,3,1.0,24719.5,24795.5,time,20.25,19.25
2025-10-14,2025,OOS,3,2.0,24719.5,24795.5,time,20.25,18.25
2025-10-14,2025,OOS,5,1.0,24719.5,24795.5,time,1.0,0.0
2025-10-14,2025,OOS,5,2.0,24719.5,24795.5,time,1.0,-1.0
2025-10-14,2025,OOS,10,1.0,24719.5,24795.5,time,17.25,16.25
2025-10-14,2025,OOS,10,2.0,24719.5,24795.5,time,17.25,15.25
2025-10-14,2025,OOS,15,1.0,24719.5,24795.5,time,29.5,28.5
2025-10-14,2025,OOS,15,2.0,24719.5,24795.5,time,29.5,27.5
2025-10-16,2025,OOS,3,1.0,25107.25,25135.1875,time,-6.5,-7.5
2025-10-16,2025,OOS,3,2.0,25107.25,25135.1875,time,-6.5,-8.5
2025-10-16,2025,OOS,5,1.0,25107.25,25135.1875,time,3.75,2.75
2025-10-16,2025,OOS,5,2.0,25107.25,25135.1875,time,3.75,1.75
2025-10-16,2025,OOS,10,1.0,25107.25,25135.1875,time,-16.75,-17.75
2025-10-16,2025,OOS,10,2.0,25107.25,25135.1875,time,-16.75,-18.75
2025-10-16,2025,OOS,15,1.0,25107.25,25135.1875,time,-16.5,-17.5
2025-10-16,2025,OOS,15,2.0,25107.25,25135.1875,time,-16.5,-18.5
2025-10-21,2025,OOS,3,1.0,25293.5,25318.3125,time,4.0,3.0
2025-10-21,2025,OOS,3,2.0,25293.5,25318.3125,time,4.0,2.0
2025-10-21,2025,OOS,5,1.0,25293.5,25318.3125,time,8.0,7.0
2025-10-21,2025,OOS,5,2.0,25293.5,25318.3125,time,8.0,6.0
2025-10-21,2025,OOS,10,1.0,25293.5,25318.3125,time,24.25,23.25
2025-10-21,2025,OOS,10,2.0,25293.5,25318.3125,time,24.25,22.25
2025-10-21,2025,OOS,15,1.0,25293.5,25318.3125,time,5.5,4.5
2025-10-21,2025,OOS,15,2.0,25293.5,25318.3125,time,5.5,3.5
2025-10-23,2025,OOS,3,1.0,25164.25,25209.4375,time,-23.75,-24.75
2025-10-23,2025,OOS,3,2.0,25164.25,25209.4375,time,-23.75,-25.75
2025-10-23,2025,OOS,5,1.0,25164.25,25209.4375,time,-30.5,-31.5
2025-10-23,2025,OOS,5,2.0,25164.25,25209.4375,time,-30.5,-32.5
2025-10-23,2025,OOS,10,1.0,25164.25,25209.4375,time,7.75,6.75
2025-10-23,2025,OOS,10,2.0,25164.25,25209.4375,time,7.75,5.75
2025-10-23,2025,OOS,15,1.0,25164.25,25209.4375,time,-25.75,-26.75
2025-10-23,2025,OOS,15,2.0,25164.25,25209.4375,time,-25.75,-27.75
2025-10-24,2025,OOS,3,1.0,25542.75,25572.5,time,0.0,-1.0
2025-10-24,2025,OOS,3,2.0,25542.75,25572.5,time,0.0,-2.0
2025-10-24,2025,OOS,5,1.0,25542.75,25572.5,time,-7.5,-8.5
2025-10-24,2025,OOS,5,2.0,25542.75,25572.5,time,-7.5,-9.5
2025-10-24,2025,OOS,10,1.0,25542.75,25572.5,time,-11.5,-12.5
2025-10-24,2025,OOS,10,2.0,25542.75,25572.5,time,-11.5,-13.5
2025-10-24,2025,OOS,15,1.0,25542.75,25572.5,time,-3.25,-4.25
2025-10-24,2025,OOS,15,2.0,25542.75,25572.5,time,-3.25,-5.25
2025-10-27,2025,OOS,3,1.0,25875.5,25895.3125,time,8.5,7.5
2025-10-27,2025,OOS,3,2.0,25875.5,25895.3125,time,8.5,6.5
2025-10-27,2025,OOS,5,1.0,25875.5,25895.3125,time,8.5,7.5
2025-10-27,2025,OOS,5,2.0,25875.5,25895.3125,time,8.5,6.5
2025-10-27,2025,OOS,10,1.0,25875.5,25895.3125,time,18.0,17.0
2025-10-27,2025,OOS,10,2.0,25875.5,25895.3125,time,18.0,16.0
2025-10-27,2025,OOS,15,1.0,25875.5,25895.3125,time,-3.25,-4.25
2025-10-27,2025,OOS,15,2.0,25875.5,25895.3125,time,-3.25,-5.25
2025-11-05,2025,OOS,3,1.0,25708.5,25766.125,time,7.75,6.75
2025-11-05,2025,OOS,3,2.0,25708.5,25766.125,time,7.75,5.75
2025-11-05,2025,OOS,5,1.0,25708.5,25766.125,time,-3.5,-4.5
2025-11-05,2025,OOS,5,2.0,25708.5,25766.125,time,-3.5,-5.5
2025-11-05,2025,OOS,10,1.0,25708.5,25766.125,time,29.25,28.25
2025-11-05,2025,OOS,10,2.0,25708.5,25766.125,time,29.25,27.25
2025-11-05,2025,OOS,15,1.0,25708.5,25766.125,time,36.0,35.0
2025-11-05,2025,OOS,15,2.0,25708.5,25766.125,time,36.0,34.0
2025-11-28,2025,OOS,3,1.0,25404.75,25427.5,time,33.0,32.0
2025-11-28,2025,OOS,3,2.0,25404.75,25427.5,time,33.0,31.0
2025-11-28,2025,OOS,5,1.0,25404.75,25427.5,time,15.5,14.5
2025-11-28,2025,OOS,5,2.0,25404.75,25427.5,time,15.5,13.5
2025-11-28,2025,OOS,10,1.0,25404.75,25427.5,time,2.0,1.0
2025-11-28,2025,OOS,10,2.0,25404.75,25427.5,time,2.0,0.0
2025-11-28,2025,OOS,15,1.0,25404.75,25427.5,time,-7.5,-8.5
2025-11-28,2025,OOS,15,2.0,25404.75,25427.5,time,-7.5,-9.5
2025-12-01,2025,OOS,3,1.0,25370.5,25415.4375,time,8.5,7.5
2025-12-01,2025,OOS,3,2.0,25370.5,25415.4375,time,8.5,6.5
2025-12-01,2025,OOS,5,1.0,25370.5,25415.4375,time,22.0,21.0
2025-12-01,2025,OOS,5,2.0,25370.5,25415.4375,time,22.0,20.0
2025-12-01,2025,OOS,10,1.0,25370.5,25415.4375,time,19.0,18.0
2025-12-01,2025,OOS,10,2.0,25370.5,25415.4375,time,19.0,17.0
2025-12-01,2025,OOS,15,1.0,25370.5,25415.4375,time,1.0,0.0
2025-12-01,2025,OOS,15,2.0,25370.5,25415.4375,time,1.0,-1.0
2025-12-03,2025,OOS,3,1.0,25570.75,25606.875,time,-13.0,-14.0
2025-12-03,2025,OOS,3,2.0,25570.75,25606.875,time,-13.0,-15.0
2025-12-03,2025,OOS,5,1.0,25570.75,25606.875,time,-24.5,-25.5
2025-12-03,2025,OOS,5,2.0,25570.75,25606.875,time,-24.5,-26.5
2025-12-03,2025,OOS,10,1.0,25570.75,25606.875,time,-17.5,-18.5
2025-12-03,2025,OOS,10,2.0,25570.75,25606.875,time,-17.5,-19.5
2025-12-03,2025,OOS,15,1.0,25570.75,25606.875,time,10.75,9.75
2025-12-03,2025,OOS,15,2.0,25570.75,25606.875,time,10.75,8.75
2025-12-09,2025,OOS,3,1.0,25651.75,25679.25,time,-20.0,-21.0
2025-12-09,2025,OOS,3,2.0,25651.75,25679.25,time,-20.0,-22.0
2025-12-09,2025,OOS,5,1.0,25651.75,25679.25,time,-20.25,-21.25
2025-12-09,2025,OOS,5,2.0,25651.75,25679.25,time,-20.25,-22.25
2025-12-09,2025,OOS,10,1.0,25651.75,25679.25,stop,-27.5,-28.5
2025-12-09,2025,OOS,10,2.0,25651.75,25679.25,stop,-27.5,-29.5
2025-12-09,2025,OOS,15,1.0,25651.75,25679.25,stop,-27.5,-28.5
2025-12-09,2025,OOS,15,2.0,25651.75,25679.25,stop,-27.5,-29.5
2025-12-11,2025,OOS,3,1.0,25645.5,25710.5,time,8.75,7.75
2025-12-11,2025,OOS,3,2.0,25645.5,25710.5,time,8.75,6.75
2025-12-11,2025,OOS,5,1.0,25645.5,25710.5,time,8.0,7.0
2025-12-11,2025,OOS,5,2.0,25645.5,25710.5,time,8.0,6.0
2025-12-11,2025,OOS,10,1.0,25645.5,25710.5,time,-13.75,-14.75
2025-12-11,2025,OOS,10,2.0,25645.5,25710.5,time,-13.75,-15.75
2025-12-11,2025,OOS,15,1.0,25645.5,25710.5,time,-13.75,-14.75
2025-12-11,2025,OOS,15,2.0,25645.5,25710.5,time,-13.75,-15.75
2025-12-18,2025,OOS,3,1.0,25252.5,25296.625,time,-1.75,-2.75
2025-12-18,2025,OOS,3,2.0,25252.5,25296.625,time,-1.75,-3.75
2025-12-18,2025,OOS,5,1.0,25252.5,25296.625,time,19.0,18.0
2025-12-18,2025,OOS,5,2.0,25252.5,25296.625,time,19.0,17.0
2025-12-18,2025,OOS,10,1.0,25252.5,25296.625,time,29.25,28.25
2025-12-18,2025,OOS,10,2.0,25252.5,25296.625,time,29.25,27.25
2025-12-18,2025,OOS,15,1.0,25252.5,25296.625,time,53.75,52.75
2025-12-18,2025,OOS,15,2.0,25252.5,25296.625,time,53.75,51.75
2026-01-05,2026,OOS,3,1.0,25655.0,25691.3125,time,-5.0,-6.0
2026-01-05,2026,OOS,3,2.0,25655.0,25691.3125,time,-5.0,-7.0
2026-01-05,2026,OOS,5,1.0,25655.0,25691.3125,time,13.75,12.75
2026-01-05,2026,OOS,5,2.0,25655.0,25691.3125,time,13.75,11.75
2026-01-05,2026,OOS,10,1.0,25655.0,25691.3125,time,-2.0,-3.0
2026-01-05,2026,OOS,10,2.0,25655.0,25691.3125,time,-2.0,-4.0
2026-01-05,2026,OOS,15,1.0,25655.0,25691.3125,time,1.0,0.0
2026-01-05,2026,OOS,15,2.0,25655.0,25691.3125,time,1.0,-1.0
2026-01-07,2026,OOS,3,1.0,25852.25,25879.5,time,-1.25,-2.25
2026-01-07,2026,OOS,3,2.0,25852.25,25879.5,time,-1.25,-3.25
2026-01-07,2026,OOS,5,1.0,25852.25,25879.5,time,-1.75,-2.75
2026-01-07,2026,OOS,5,2.0,25852.25,25879.5,time,-1.75,-3.75
2026-01-07,2026,OOS,10,1.0,25852.25,25879.5,stop,-27.25,-28.25
2026-01-07,2026,OOS,10,2.0,25852.25,25879.5,stop,-27.25,-29.25
2026-01-07,2026,OOS,15,1.0,25852.25,25879.5,stop,-27.25,-28.25
2026-01-07,2026,OOS,15,2.0,25852.25,25879.5,stop,-27.25,-29.25
2026-01-09,2026,OOS,3,1.0,25843.0,25904.3125,time,39.5,38.5
2026-01-09,2026,OOS,3,2.0,25843.0,25904.3125,time,39.5,37.5
2026-01-09,2026,OOS,5,1.0,25843.0,25904.3125,time,62.25,61.25
2026-01-09,2026,OOS,5,2.0,25843.0,25904.3125,time,62.25,60.25
2026-01-09,2026,OOS,10,1.0,25843.0,25904.3125,time,70.5,69.5
2026-01-09,2026,OOS,10,2.0,25843.0,25904.3125,time,70.5,68.5
2026-01-09,2026,OOS,15,1.0,25843.0,25904.3125,time,67.0,66.0
2026-01-09,2026,OOS,15,2.0,25843.0,25904.3125,time,67.0,65.0
2026-01-12,2026,OOS,3,1.0,25933.0,25980.5,time,8.0,7.0
2026-01-12,2026,OOS,3,2.0,25933.0,25980.5,time,8.0,6.0
2026-01-12,2026,OOS,5,1.0,25933.0,25980.5,time,-9.5,-10.5
2026-01-12,2026,OOS,5,2.0,25933.0,25980.5,time,-9.5,-11.5
2026-01-12,2026,OOS,10,1.0,25933.0,25980.5,time,-28.25,-29.25
2026-01-12,2026,OOS,10,2.0,25933.0,25980.5,time,-28.25,-30.25
2026-01-12,2026,OOS,15,1.0,25933.0,25980.5,time,-28.0,-29.0
2026-01-12,2026,OOS,15,2.0,25933.0,25980.5,time,-28.0,-30.0
2026-01-19,2026,OOS,3,1.0,25335.75,25362.625,time,-6.75,-7.75
2026-01-19,2026,OOS,3,2.0,25335.75,25362.625,time,-6.75,-8.75
2026-01-19,2026,OOS,5,1.0,25335.75,25362.625,time,-13.0,-14.0
2026-01-19,2026,OOS,5,2.0,25335.75,25362.625,time,-13.0,-15.0
2026-01-19,2026,OOS,10,1.0,25335.75,25362.625,stop,-26.875,-27.875
2026-01-19,2026,OOS,10,2.0,25335.75,25362.625,stop,-26.875,-28.875
2026-01-19,2026,OOS,15,1.0,25335.75,25362.625,stop,-26.875,-27.875
2026-01-19,2026,OOS,15,2.0,25335.75,25362.625,stop,-26.875,-28.875
2026-01-20,2026,OOS,3,1.0,25351.25,25384.9375,time,17.5,16.5
2026-01-20,2026,OOS,3,2.0,25351.25,25384.9375,time,17.5,15.5
2026-01-20,2026,OOS,5,1.0,25351.25,25384.9375,time,17.25,16.25
2026-01-20,2026,OOS,5,2.0,25351.25,25384.9375,time,17.25,15.25
2026-01-20,2026,OOS,10,1.0,25351.25,25384.9375,time,-11.5,-12.5
2026-01-20,2026,OOS,10,2.0,25351.25,25384.9375,time,-11.5,-13.5
2026-01-20,2026,OOS,15,1.0,25351.25,25384.9375,stop,-33.6875,-34.6875
2026-01-20,2026,OOS,15,2.0,25351.25,25384.9375,stop,-33.6875,-35.6875
2026-01-21,2026,OOS,3,1.0,25335.5,25400.3125,time,-5.75,-6.75
2026-01-21,2026,OOS,3,2.0,25335.5,25400.3125,time,-5.75,-7.75
2026-01-21,2026,OOS,5,1.0,25335.5,25400.3125,time,41.5,40.5
2026-01-21,2026,OOS,5,2.0,25335.5,25400.3125,time,41.5,39.5
2026-01-21,2026,OOS,10,1.0,25335.5,25400.3125,time,37.75,36.75
2026-01-21,2026,OOS,10,2.0,25335.5,25400.3125,time,37.75,35.75
2026-01-21,2026,OOS,15,1.0,25335.5,25400.3125,time,70.75,69.75
2026-01-21,2026,OOS,15,2.0,25335.5,25400.3125,time,70.75,68.75
2026-01-23,2026,OOS,3,1.0,25729.75,25780.0,time,-2.0,-3.0
2026-01-23,2026,OOS,3,2.0,25729.75,25780.0,time,-2.0,-4.0
2026-01-23,2026,OOS,5,1.0,25729.75,25780.0,time,1.75,0.75
2026-01-23,2026,OOS,5,2.0,25729.75,25780.0,time,1.75,-0.25
2026-01-23,2026,OOS,10,1.0,25729.75,25780.0,time,35.75,34.75
2026-01-23,2026,OOS,10,2.0,25729.75,25780.0,time,35.75,33.75
2026-01-23,2026,OOS,15,1.0,25729.75,25780.0,time,36.0,35.0
2026-01-23,2026,OOS,15,2.0,25729.75,25780.0,time,36.0,34.0
2026-01-26,2026,OOS,3,1.0,25881.0,25926.5625,time,-5.5,-6.5
2026-01-26,2026,OOS,3,2.0,25881.0,25926.5625,time,-5.5,-7.5
2026-01-26,2026,OOS,5,1.0,25881.0,25926.5625,time,-4.25,-5.25
2026-01-26,2026,OOS,5,2.0,25881.0,25926.5625,time,-4.25,-6.25
2026-01-26,2026,OOS,10,1.0,25881.0,25926.5625,time,-9.25,-10.25
2026-01-26,2026,OOS,10,2.0,25881.0,25926.5625,time,-9.25,-11.25
2026-01-26,2026,OOS,15,1.0,25881.0,25926.5625,time,-5.25,-6.25
2026-01-26,2026,OOS,15,2.0,25881.0,25926.5625,time,-5.25,-7.25
2026-01-27,2026,OOS,3,1.0,26071.75,26111.125,time,-1.75,-2.75
2026-01-27,2026,OOS,3,2.0,26071.75,26111.125,time,-1.75,-3.75
2026-01-27,2026,OOS,5,1.0,26071.75,26111.125,time,-6.75,-7.75
2026-01-27,2026,OOS,5,2.0,26071.75,26111.125,time,-6.75,-8.75
2026-01-27,2026,OOS,10,1.0,26071.75,26111.125,time,-14.25,-15.25
2026-01-27,2026,OOS,10,2.0,26071.75,26111.125,time,-14.25,-16.25
2026-01-27,2026,OOS,15,1.0,26071.75,26111.125,time,-19.0,-20.0
2026-01-27,2026,OOS,15,2.0,26071.75,26111.125,time,-19.0,-21.0
2026-02-02,2026,OOS,3,1.0,25905.25,25998.375,time,1.0,0.0
2026-02-02,2026,OOS,3,2.0,25905.25,25998.375,time,1.0,-1.0
2026-02-02,2026,OOS,5,1.0,25905.25,25998.375,time,-12.5,-13.5
2026-02-02,2026,OOS,5,2.0,25905.25,25998.375,time,-12.5,-14.5
2026-02-02,2026,OOS,10,1.0,25905.25,25998.375,time,-6.5,-7.5
2026-02-02,2026,OOS,10,2.0,25905.25,25998.375,time,-6.5,-8.5
2026-02-02,2026,OOS,15,1.0,25905.25,25998.375,time,-10.25,-11.25
2026-02-02,2026,OOS,15,2.0,25905.25,25998.375,time,-10.25,-12.25
2026-02-13,2026,OOS,3,1.0,24827.5,24900.4375,time,27.25,26.25
2026-02-13,2026,OOS,3,2.0,24827.5,24900.4375,time,27.25,25.25
2026-02-13,2026,OOS,5,1.0,24827.5,24900.4375,time,54.0,53.0
2026-02-13,2026,OOS,5,2.0,24827.5,24900.4375,time,54.0,52.0
2026-02-13,2026,OOS,10,1.0,24827.5,24900.4375,time,90.25,89.25
2026-02-13,2026,OOS,10,2.0,24827.5,24900.4375,time,90.25,88.25
2026-02-13,2026,OOS,15,1.0,24827.5,24900.4375,time,11.0,10.0
2026-02-13,2026,OOS,15,2.0,24827.5,24900.4375,time,11.0,9.0
2026-02-18,2026,OOS,3,1.0,25072.75,25153.25,time,8.25,7.25
2026-02-18,2026,OOS,3,2.0,25072.75,25153.25,time,8.25,6.25
2026-02-18,2026,OOS,5,1.0,25072.75,25153.25,time,11.25,10.25
2026-02-18,2026,OOS,5,2.0,25072.75,25153.25,time,11.25,9.25
2026-02-18,2026,OOS,10,1.0,25072.75,25153.25,time,-22.25,-23.25
2026-02-18,2026,OOS,10,2.0,25072.75,25153.25,time,-22.25,-24.25
2026-02-18,2026,OOS,15,1.0,25072.75,25153.25,time,-34.0,-35.0
2026-02-18,2026,OOS,15,2.0,25072.75,25153.25,time,-34.0,-36.0
2026-02-20,2026,OOS,3,1.0,25078.0,25179.125,time,52.75,51.75
2026-02-20,2026,OOS,3,2.0,25078.0,25179.125,time,52.75,50.75
2026-02-20,2026,OOS,5,1.0,25078.0,25179.125,time,34.75,33.75
2026-02-20,2026,OOS,5,2.0,25078.0,25179.125,time,34.75,32.75
2026-02-20,2026,OOS,10,1.0,25078.0,25179.125,time,67.0,66.0
2026-02-20,2026,OOS,10,2.0,25078.0,25179.125,time,67.0,65.0
2026-02-20,2026,OOS,15,1.0,25078.0,25179.125,time,100.5,99.5
2026-02-20,2026,OOS,15,2.0,25078.0,25179.125,time,100.5,98.5
2026-02-24,2026,OOS,3,1.0,25009.25,25089.25,time,11.0,10.0
2026-02-24,2026,OOS,3,2.0,25009.25,25089.25,time,11.0,9.0
2026-02-24,2026,OOS,5,1.0,25009.25,25089.25,time,24.5,23.5
2026-02-24,2026,OOS,5,2.0,25009.25,25089.25,time,24.5,22.5
2026-02-24,2026,OOS,10,1.0,25009.25,25089.25,time,32.75,31.75
2026-02-24,2026,OOS,10,2.0,25009.25,25089.25,time,32.75,30.75
2026-02-24,2026,OOS,15,1.0,25009.25,25089.25,time,-10.5,-11.5
2026-02-24,2026,OOS,15,2.0,25009.25,25089.25,time,-10.5,-12.5
2026-02-27,2026,OOS,3,1.0,24982.75,25036.625,time,36.25,35.25
2026-02-27,2026,OOS,3,2.0,24982.75,25036.625,time,36.25,34.25
2026-02-27,2026,OOS,5,1.0,24982.75,25036.625,time,40.0,39.0
2026-02-27,2026,OOS,5,2.0,24982.75,25036.625,time,40.0,38.0
2026-02-27,2026,OOS,10,1.0,24982.75,25036.625,time,0.0,-1.0
2026-02-27,2026,OOS,10,2.0,24982.75,25036.625,time,0.0,-2.0
2026-02-27,2026,OOS,15,1.0,24982.75,25036.625,time,-20.0,-21.0
2026-02-27,2026,OOS,15,2.0,24982.75,25036.625,time,-20.0,-22.0
2026-03-02,2026,OOS,3,1.0,24930.25,25015.9375,time,6.5,5.5
2026-03-02,2026,OOS,3,2.0,24930.25,25015.9375,time,6.5,4.5
2026-03-02,2026,OOS,5,1.0,24930.25,25015.9375,time,6.25,5.25
2026-03-02,2026,OOS,5,2.0,24930.25,25015.9375,time,6.25,4.25
2026-03-02,2026,OOS,10,1.0,24930.25,25015.9375,time,62.75,61.75
2026-03-02,2026,OOS,10,2.0,24930.25,25015.9375,time,62.75,60.75
2026-03-02,2026,OOS,15,1.0,24930.25,25015.9375,time,26.25,25.25
2026-03-02,2026,OOS,15,2.0,24930.25,25015.9375,time,26.25,24.25
2026-03-03,2026,OOS,3,1.0,24637.75,24715.0625,time,2.75,1.75
2026-03-03,2026,OOS,3,2.0,24637.75,24715.0625,time,2.75,0.75
2026-03-03,2026,OOS,5,1.0,24637.75,24715.0625,time,-18.75,-19.75
2026-03-03,2026,OOS,5,2.0,24637.75,24715.0625,time,-18.75,-20.75
2026-03-03,2026,OOS,10,1.0,24637.75,24715.0625,time,-36.25,-37.25
2026-03-03,2026,OOS,10,2.0,24637.75,24715.0625,time,-36.25,-38.25
2026-03-03,2026,OOS,15,1.0,24637.75,24715.0625,time,-59.25,-60.25
2026-03-03,2026,OOS,15,2.0,24637.75,24715.0625,time,-59.25,-61.25
2026-03-04,2026,OOS,3,1.0,25146.25,25226.3125,time,-11.75,-12.75
2026-03-04,2026,OOS,3,2.0,25146.25,25226.3125,time,-11.75,-13.75
2026-03-04,2026,OOS,5,1.0,25146.25,25226.3125,time,-21.0,-22.0
2026-03-04,2026,OOS,5,2.0,25146.25,25226.3125,time,-21.0,-23.0
2026-03-04,2026,OOS,10,1.0,25146.25,25226.3125,time,-15.25,-16.25
2026-03-04,2026,OOS,10,2.0,25146.25,25226.3125,time,-15.25,-17.25
2026-03-04,2026,OOS,15,1.0,25146.25,25226.3125,time,-10.25,-11.25
2026-03-04,2026,OOS,15,2.0,25146.25,25226.3125,time,-10.25,-12.25
2026-03-06,2026,OOS,3,1.0,24804.25,24859.3125,time,35.5,34.5
2026-03-06,2026,OOS,3,2.0,24804.25,24859.3125,time,35.5,33.5
2026-03-06,2026,OOS,5,1.0,24804.25,24859.3125,time,15.25,14.25
2026-03-06,2026,OOS,5,2.0,24804.25,24859.3125,time,15.25,13.25
2026-03-06,2026,OOS,10,1.0,24804.25,24859.3125,stop,-55.0625,-56.0625
2026-03-06,2026,OOS,10,2.0,24804.25,24859.3125,stop,-55.0625,-57.0625
2026-03-06,2026,OOS,15,1.0,24804.25,24859.3125,stop,-55.0625,-56.0625
2026-03-06,2026,OOS,15,2.0,24804.25,24859.3125,stop,-55.0625,-57.0625
2026-03-10,2026,OOS,3,1.0,25039.0,25086.375,stop,-47.375,-48.375
2026-03-10,2026,OOS,3,2.0,25039.0,25086.375,stop,-47.375,-49.375
2026-03-10,2026,OOS,5,1.0,25039.0,25086.375,stop,-47.375,-48.375
2026-03-10,2026,OOS,5,2.0,25039.0,25086.375,stop,-47.375,-49.375
2026-03-10,2026,OOS,10,1.0,25039.0,25086.375,stop,-47.375,-48.375
2026-03-10,2026,OOS,10,2.0,25039.0,25086.375,stop,-47.375,-49.375
2026-03-10,2026,OOS,15,1.0,25039.0,25086.375,stop,-47.375,-48.375
2026-03-10,2026,OOS,15,2.0,25039.0,25086.375,stop,-47.375,-49.375
2026-03-19,2026,OOS,3,1.0,24486.75,24541.75,time,16.75,15.75
2026-03-19,2026,OOS,3,2.0,24486.75,24541.75,time,16.75,14.75
2026-03-19,2026,OOS,5,1.0,24486.75,24541.75,time,27.5,26.5
2026-03-19,2026,OOS,5,2.0,24486.75,24541.75,time,27.5,25.5
2026-03-19,2026,OOS,10,1.0,24486.75,24541.75,time,25.75,24.75
2026-03-19,2026,OOS,10,2.0,24486.75,24541.75,time,25.75,23.75
2026-03-19,2026,OOS,15,1.0,24486.75,24541.75,time,70.0,69.0
2026-03-19,2026,OOS,15,2.0,24486.75,24541.75,time,70.0,68.0
2026-03-24,2026,OOS,3,1.0,24295.0,24340.875,time,8.0,7.0
2026-03-24,2026,OOS,3,2.0,24295.0,24340.875,time,8.0,6.0
2026-03-24,2026,OOS,5,1.0,24295.0,24340.875,time,10.75,9.75
2026-03-24,2026,OOS,5,2.0,24295.0,24340.875,time,10.75,8.75
2026-03-24,2026,OOS,10,1.0,24295.0,24340.875,time,-5.0,-6.0
2026-03-24,2026,OOS,10,2.0,24295.0,24340.875,time,-5.0,-7.0
2026-03-24,2026,OOS,15,1.0,24295.0,24340.875,time,6.0,5.0
2026-03-24,2026,OOS,15,2.0,24295.0,24340.875,time,6.0,4.0
2026-04-01,2026,OOS,3,1.0,24206.25,24248.125,time,1.5,0.5
2026-04-01,2026,OOS,3,2.0,24206.25,24248.125,time,1.5,-0.5
2026-04-01,2026,OOS,5,1.0,24206.25,24248.125,time,-27.5,-28.5
2026-04-01,2026,OOS,5,2.0,24206.25,24248.125,time,-27.5,-29.5
2026-04-01,2026,OOS,10,1.0,24206.25,24248.125,stop,-41.875,-42.875
2026-04-01,2026,OOS,10,2.0,24206.25,24248.125,stop,-41.875,-43.875
2026-04-01,2026,OOS,15,1.0,24206.25,24248.125,stop,-41.875,-42.875
2026-04-01,2026,OOS,15,2.0,24206.25,24248.125,stop,-41.875,-43.875
2026-04-09,2026,OOS,3,1.0,25109.5,25146.4375,time,-24.0,-25.0
2026-04-09,2026,OOS,3,2.0,25109.5,25146.4375,time,-24.0,-26.0
2026-04-09,2026,OOS,5,1.0,25109.5,25146.4375,time,-16.25,-17.25
2026-04-09,2026,OOS,5,2.0,25109.5,25146.4375,time,-16.25,-18.25
2026-04-09,2026,OOS,10,1.0,25109.5,25146.4375,stop,-36.9375,-37.9375
2026-04-09,2026,OOS,10,2.0,25109.5,25146.4375,stop,-36.9375,-38.9375
2026-04-09,2026,OOS,15,1.0,25109.5,25146.4375,stop,-36.9375,-37.9375
2026-04-09,2026,OOS,15,2.0,25109.5,25146.4375,stop,-36.9375,-38.9375
2026-04-10,2026,OOS,3,1.0,25348.25,25373.5625,time,16.25,15.25
2026-04-10,2026,OOS,3,2.0,25348.25,25373.5625,time,16.25,14.25
2026-04-10,2026,OOS,5,1.0,25348.25,25373.5625,time,14.0,13.0
2026-04-10,2026,OOS,5,2.0,25348.25,25373.5625,time,14.0,12.0
2026-04-10,2026,OOS,10,1.0,25348.25,25373.5625,time,46.25,45.25
2026-04-10,2026,OOS,10,2.0,25348.25,25373.5625,time,46.25,44.25
2026-04-10,2026,OOS,15,1.0,25348.25,25373.5625,time,44.75,43.75
2026-04-10,2026,OOS,15,2.0,25348.25,25373.5625,time,44.75,42.75
2026-04-13,2026,OOS,3,1.0,25310.75,25354.0,time,-14.25,-15.25
2026-04-13,2026,OOS,3,2.0,25310.75,25354.0,time,-14.25,-16.25
2026-04-13,2026,OOS,5,1.0,25310.75,25354.0,time,-18.75,-19.75
2026-04-13,2026,OOS,5,2.0,25310.75,25354.0,time,-18.75,-20.75
2026-04-13,2026,OOS,10,1.0,25310.75,25354.0,time,-20.25,-21.25
2026-04-13,2026,OOS,10,2.0,25310.75,25354.0,time,-20.25,-22.25
2026-04-13,2026,OOS,15,1.0,25310.75,25354.0,time,-6.75,-7.75
2026-04-13,2026,OOS,15,2.0,25310.75,25354.0,time,-6.75,-8.75
2026-04-14,2026,OOS,3,1.0,25805.75,25843.3125,time,10.75,9.75
2026-04-14,2026,OOS,3,2.0,25805.75,25843.3125,time,10.75,8.75
2026-04-14,2026,OOS,5,1.0,25805.75,25843.3125,time,23.0,22.0
2026-04-14,2026,OOS,5,2.0,25805.75,25843.3125,time,23.0,21.0
2026-04-14,2026,OOS,10,1.0,25805.75,25843.3125,time,32.75,31.75
2026-04-14,2026,OOS,10,2.0,25805.75,25843.3125,time,32.75,30.75
2026-04-14,2026,OOS,15,1.0,25805.75,25843.3125,time,19.75,18.75
2026-04-14,2026,OOS,15,2.0,25805.75,25843.3125,time,19.75,17.75
2026-04-15,2026,OOS,3,1.0,26111.5,26149.5,time,-24.5,-25.5
2026-04-15,2026,OOS,3,2.0,26111.5,26149.5,time,-24.5,-26.5
2026-04-15,2026,OOS,5,1.0,26111.5,26149.5,time,-33.5,-34.5
2026-04-15,2026,OOS,5,2.0,26111.5,26149.5,time,-33.5,-35.5
2026-04-15,2026,OOS,10,1.0,26111.5,26149.5,stop,-38.0,-39.0
2026-04-15,2026,OOS,10,2.0,26111.5,26149.5,stop,-38.0,-40.0
2026-04-15,2026,OOS,15,1.0,26111.5,26149.5,stop,-38.0,-39.0
2026-04-15,2026,OOS,15,2.0,26111.5,26149.5,stop,-38.0,-40.0
2026-04-16,2026,OOS,3,1.0,26443.5,26487.9375,time,1.5,0.5
2026-04-16,2026,OOS,3,2.0,26443.5,26487.9375,time,1.5,-0.5
2026-04-16,2026,OOS,5,1.0,26443.5,26487.9375,time,-3.0,-4.0
2026-04-16,2026,OOS,5,2.0,26443.5,26487.9375,time,-3.0,-5.0
2026-04-16,2026,OOS,10,1.0,26443.5,26487.9375,time,-33.75,-34.75
2026-04-16,2026,OOS,10,2.0,26443.5,26487.9375,time,-33.75,-35.75
2026-04-16,2026,OOS,15,1.0,26443.5,26487.9375,stop,-44.4375,-45.4375
2026-04-16,2026,OOS,15,2.0,26443.5,26487.9375,stop,-44.4375,-46.4375
2026-04-17,2026,OOS,3,1.0,26757.5,26794.125,time,-20.0,-21.0
2026-04-17,2026,OOS,3,2.0,26757.5,26794.125,time,-20.0,-22.0
2026-04-17,2026,OOS,5,1.0,26757.5,26794.125,time,-14.25,-15.25
2026-04-17,2026,OOS,5,2.0,26757.5,26794.125,time,-14.25,-16.25
2026-04-17,2026,OOS,10,1.0,26757.5,26794.125,stop,-36.625,-37.625
2026-04-17,2026,OOS,10,2.0,26757.5,26794.125,stop,-36.625,-38.625
2026-04-17,2026,OOS,15,1.0,26757.5,26794.125,stop,-36.625,-37.625
2026-04-17,2026,OOS,15,2.0,26757.5,26794.125,stop,-36.625,-38.625
2026-04-22,2026,OOS,3,1.0,26969.25,27014.1875,time,-12.25,-13.25
2026-04-22,2026,OOS,3,2.0,26969.25,27014.1875,time,-12.25,-14.25
2026-04-22,2026,OOS,5,1.0,26969.25,27014.1875,time,-9.5,-10.5
2026-04-22,2026,OOS,5,2.0,26969.25,27014.1875,time,-9.5,-11.5
2026-04-22,2026,OOS,10,1.0,26969.25,27014.1875,time,0.25,-0.75
2026-04-22,2026,OOS,10,2.0,26969.25,27014.1875,time,0.25,-1.75
2026-04-22,2026,OOS,15,1.0,26969.25,27014.1875,time,-2.75,-3.75
2026-04-22,2026,OOS,15,2.0,26969.25,27014.1875,time,-2.75,-4.75
2026-04-23,2026,OOS,3,1.0,27092.75,27127.1875,time,12.25,11.25
2026-04-23,2026,OOS,3,2.0,27092.75,27127.1875,time,12.25,10.25
2026-04-23,2026,OOS,5,1.0,27092.75,27127.1875,time,29.25,28.25
2026-04-23,2026,OOS,5,2.0,27092.75,27127.1875,time,29.25,27.25
2026-04-23,2026,OOS,10,1.0,27092.75,27127.1875,time,-0.25,-1.25
2026-04-23,2026,OOS,10,2.0,27092.75,27127.1875,time,-0.25,-2.25
2026-04-23,2026,OOS,15,1.0,27092.75,27127.1875,time,46.0,45.0
2026-04-23,2026,OOS,15,2.0,27092.75,27127.1875,time,46.0,44.0
2026-04-29,2026,OOS,3,1.0,27250.25,27288.4375,time,15.75,14.75
2026-04-29,2026,OOS,3,2.0,27250.25,27288.4375,time,15.75,13.75
2026-04-29,2026,OOS,5,1.0,27250.25,27288.4375,time,19.75,18.75
2026-04-29,2026,OOS,5,2.0,27250.25,27288.4375,time,19.75,17.75
2026-04-29,2026,OOS,10,1.0,27250.25,27288.4375,time,-8.25,-9.25
2026-04-29,2026,OOS,10,2.0,27250.25,27288.4375,time,-8.25,-10.25
2026-04-29,2026,OOS,15,1.0,27250.25,27288.4375,time,-16.0,-17.0
2026-04-29,2026,OOS,15,2.0,27250.25,27288.4375,time,-16.0,-18.0
2026-05-04,2026,OOS,3,1.0,27882.0,27908.25,stop,-26.25,-27.25
2026-05-04,2026,OOS,3,2.0,27882.0,27908.25,stop,-26.25,-28.25
2026-05-04,2026,OOS,5,1.0,27882.0,27908.25,stop,-26.25,-27.25
2026-05-04,2026,OOS,5,2.0,27882.0,27908.25,stop,-26.25,-28.25
2026-05-04,2026,OOS,10,1.0,27882.0,27908.25,stop,-26.25,-27.25
2026-05-04,2026,OOS,10,2.0,27882.0,27908.25,stop,-26.25,-28.25
2026-05-04,2026,OOS,15,1.0,27882.0,27908.25,stop,-26.25,-27.25
2026-05-04,2026,OOS,15,2.0,27882.0,27908.25,stop,-26.25,-28.25
2026-05-05,2026,OOS,3,1.0,28126.75,28167.5,time,-7.0,-8.0
2026-05-05,2026,OOS,3,2.0,28126.75,28167.5,time,-7.0,-9.0
2026-05-05,2026,OOS,5,1.0,28126.75,28167.5,time,-6.75,-7.75
2026-05-05,2026,OOS,5,2.0,28126.75,28167.5,time,-6.75,-8.75
2026-05-05,2026,OOS,10,1.0,28126.75,28167.5,time,-14.75,-15.75
2026-05-05,2026,OOS,10,2.0,28126.75,28167.5,time,-14.75,-16.75
2026-05-05,2026,OOS,15,1.0,28126.75,28167.5,time,-21.5,-22.5
2026-05-05,2026,OOS,15,2.0,28126.75,28167.5,time,-21.5,-23.5
2026-05-07,2026,OOS,3,1.0,28899.25,28947.875,time,-4.25,-5.25
2026-05-07,2026,OOS,3,2.0,28899.25,28947.875,time,-4.25,-6.25
2026-05-07,2026,OOS,5,1.0,28899.25,28947.875,time,17.25,16.25
2026-05-07,2026,OOS,5,2.0,28899.25,28947.875,time,17.25,15.25
2026-05-07,2026,OOS,10,1.0,28899.25,28947.875,time,-22.25,-23.25
2026-05-07,2026,OOS,10,2.0,28899.25,28947.875,time,-22.25,-24.25
2026-05-07,2026,OOS,15,1.0,28899.25,28947.875,time,-28.75,-29.75
2026-05-07,2026,OOS,15,2.0,28899.25,28947.875,time,-28.75,-30.75
2026-05-08,2026,OOS,3,1.0,29161.25,29237.875,time,-3.0,-4.0
2026-05-08,2026,OOS,3,2.0,29161.25,29237.875,time,-3.0,-5.0
2026-05-08,2026,OOS,5,1.0,29161.25,29237.875,time,5.75,4.75
2026-05-08,2026,OOS,5,2.0,29161.25,29237.875,time,5.75,3.75
2026-05-08,2026,OOS,10,1.0,29161.25,29237.875,time,15.0,14.0
2026-05-08,2026,OOS,10,2.0,29161.25,29237.875,time,15.0,13.0
2026-05-08,2026,OOS,15,1.0,29161.25,29237.875,time,-5.5,-6.5
2026-05-08,2026,OOS,15,2.0,29161.25,29237.875,time,-5.5,-7.5
2026-05-11,2026,OOS,3,1.0,29413.5,29453.5625,time,-15.75,-16.75
2026-05-11,2026,OOS,3,2.0,29413.5,29453.5625,time,-15.75,-17.75
2026-05-11,2026,OOS,5,1.0,29413.5,29453.5625,time,3.25,2.25
2026-05-11,2026,OOS,5,2.0,29413.5,29453.5625,time,3.25,1.25
2026-05-11,2026,OOS,10,1.0,29413.5,29453.5625,time,5.5,4.5
2026-05-11,2026,OOS,10,2.0,29413.5,29453.5625,time,5.5,3.5
2026-05-11,2026,OOS,15,1.0,29413.5,29453.5625,time,8.5,7.5
2026-05-11,2026,OOS,15,2.0,29413.5,29453.5625,time,8.5,6.5
2026-05-14,2026,OOS,3,1.0,29674.75,29731.3125,time,-22.75,-23.75
2026-05-14,2026,OOS,3,2.0,29674.75,29731.3125,time,-22.75,-24.75
2026-05-14,2026,OOS,5,1.0,29674.75,29731.3125,time,-8.0,-9.0
2026-05-14,2026,OOS,5,2.0,29674.75,29731.3125,time,-8.0,-10.0
2026-05-14,2026,OOS,10,1.0,29674.75,29731.3125,time,-43.5,-44.5
2026-05-14,2026,OOS,10,2.0,29674.75,29731.3125,time,-43.5,-45.5
2026-05-14,2026,OOS,15,1.0,29674.75,29731.3125,stop,-56.5625,-57.5625
2026-05-14,2026,OOS,15,2.0,29674.75,29731.3125,stop,-56.5625,-58.5625
2026-05-15,2026,OOS,3,1.0,29340.0,29413.25,time,-27.25,-28.25
2026-05-15,2026,OOS,3,2.0,29340.0,29413.25,time,-27.25,-29.25
2026-05-15,2026,OOS,5,1.0,29340.0,29413.25,time,-43.0,-44.0
2026-05-15,2026,OOS,5,2.0,29340.0,29413.25,time,-43.0,-45.0
2026-05-15,2026,OOS,10,1.0,29340.0,29413.25,time,-36.0,-37.0
2026-05-15,2026,OOS,10,2.0,29340.0,29413.25,time,-36.0,-38.0
2026-05-15,2026,OOS,15,1.0,29340.0,29413.25,time,-32.25,-33.25
2026-05-15,2026,OOS,15,2.0,29340.0,29413.25,time,-32.25,-34.25
2026-05-19,2026,OOS,3,1.0,29066.0,29167.25,time,28.5,27.5
2026-05-19,2026,OOS,3,2.0,29066.0,29167.25,time,28.5,26.5
2026-05-19,2026,OOS,5,1.0,29066.0,29167.25,time,30.0,29.0
2026-05-19,2026,OOS,5,2.0,29066.0,29167.25,time,30.0,28.0
2026-05-19,2026,OOS,10,1.0,29066.0,29167.25,time,-2.75,-3.75
2026-05-19,2026,OOS,10,2.0,29066.0,29167.25,time,-2.75,-4.75
2026-05-19,2026,OOS,15,1.0,29066.0,29167.25,time,-17.0,-18.0
2026-05-19,2026,OOS,15,2.0,29066.0,29167.25,time,-17.0,-19.0
2026-05-20,2026,OOS,3,1.0,29232.5,29288.8125,time,4.25,3.25
2026-05-20,2026,OOS,3,2.0,29232.5,29288.8125,time,4.25,2.25
2026-05-20,2026,OOS,5,1.0,29232.5,29288.8125,time,-1.5,-2.5
2026-05-20,2026,OOS,5,2.0,29232.5,29288.8125,time,-1.5,-3.5
2026-05-20,2026,OOS,10,1.0,29232.5,29288.8125,stop,-56.3125,-57.3125
2026-05-20,2026,OOS,10,2.0,29232.5,29288.8125,stop,-56.3125,-58.3125
2026-05-20,2026,OOS,15,1.0,29232.5,29288.8125,stop,-56.3125,-57.3125
2026-05-20,2026,OOS,15,2.0,29232.5,29288.8125,stop,-56.3125,-58.3125
2026-05-21,2026,OOS,3,1.0,29308.5,29361.75,time,-9.25,-10.25
2026-05-21,2026,OOS,3,2.0,29308.5,29361.75,time,-9.25,-11.25
2026-05-21,2026,OOS,5,1.0,29308.5,29361.75,time,-28.5,-29.5
2026-05-21,2026,OOS,5,2.0,29308.5,29361.75,time,-28.5,-30.5
2026-05-21,2026,OOS,10,1.0,29308.5,29361.75,stop,-53.25,-54.25
2026-05-21,2026,OOS,10,2.0,29308.5,29361.75,stop,-53.25,-55.25
2026-05-21,2026,OOS,15,1.0,29308.5,29361.75,stop,-53.25,-54.25
2026-05-21,2026,OOS,15,2.0,29308.5,29361.75,stop,-53.25,-55.25
2026-05-22,2026,OOS,3,1.0,29697.25,29753.5625,time,-5.75,-6.75
2026-05-22,2026,OOS,3,2.0,29697.25,29753.5625,time,-5.75,-7.75
2026-05-22,2026,OOS,5,1.0,29697.25,29753.5625,time,-19.5,-20.5
2026-05-22,2026,OOS,5,2.0,29697.25,29753.5625,time,-19.5,-21.5
2026-05-22,2026,OOS,10,1.0,29697.25,29753.5625,time,-5.0,-6.0
2026-05-22,2026,OOS,10,2.0,29697.25,29753.5625,time,-5.0,-7.0
2026-05-22,2026,OOS,15,1.0,29697.25,29753.5625,time,4.25,3.25
2026-05-22,2026,OOS,15,2.0,29697.25,29753.5625,time,4.25,2.25
2026-05-26,2026,OOS,3,1.0,30080.5,30144.8125,time,-5.75,-6.75
2026-05-26,2026,OOS,3,2.0,30080.5,30144.8125,time,-5.75,-7.75
2026-05-26,2026,OOS,5,1.0,30080.5,30144.8125,time,6.5,5.5
2026-05-26,2026,OOS,5,2.0,30080.5,30144.8125,time,6.5,4.5
2026-05-26,2026,OOS,10,1.0,30080.5,30144.8125,time,25.75,24.75
2026-05-26,2026,OOS,10,2.0,30080.5,30144.8125,time,25.75,23.75
2026-05-26,2026,OOS,15,1.0,30080.5,30144.8125,time,37.75,36.75
2026-05-26,2026,OOS,15,2.0,30080.5,30144.8125,time,37.75,35.75
2026-06-02,2026,OOS,3,1.0,30646.75,30702.625,time,-8.0,-9.0
2026-06-02,2026,OOS,3,2.0,30646.75,30702.625,time,-8.0,-10.0
2026-06-02,2026,OOS,5,1.0,30646.75,30702.625,time,-0.75,-1.75
2026-06-02,2026,OOS,5,2.0,30646.75,30702.625,time,-0.75,-2.75
2026-06-02,2026,OOS,10,1.0,30646.75,30702.625,time,-25.75,-26.75
2026-06-02,2026,OOS,10,2.0,30646.75,30702.625,time,-25.75,-27.75
2026-06-02,2026,OOS,15,1.0,30646.75,30702.625,time,-31.0,-32.0
2026-06-02,2026,OOS,15,2.0,30646.75,30702.625,time,-31.0,-33.0
2026-06-08,2026,OOS,3,1.0,29549.25,29612.375,stop,-63.125,-64.125
2026-06-08,2026,OOS,3,2.0,29549.25,29612.375,stop,-63.125,-65.125
2026-06-08,2026,OOS,5,1.0,29549.25,29612.375,stop,-63.125,-64.125
2026-06-08,2026,OOS,5,2.0,29549.25,29612.375,stop,-63.125,-65.125
2026-06-08,2026,OOS,10,1.0,29549.25,29612.375,stop,-63.125,-64.125
2026-06-08,2026,OOS,10,2.0,29549.25,29612.375,stop,-63.125,-65.125
2026-06-08,2026,OOS,15,1.0,29549.25,29612.375,stop,-63.125,-64.125
2026-06-08,2026,OOS,15,2.0,29549.25,29612.375,stop,-63.125,-65.125
2026-06-12,2026,OOS,3,1.0,29623.0,29722.3125,time,-20.5,-21.5
2026-06-12,2026,OOS,3,2.0,29623.0,29722.3125,time,-20.5,-22.5
2026-06-12,2026,OOS,5,1.0,29623.0,29722.3125,time,-33.0,-34.0
2026-06-12,2026,OOS,5,2.0,29623.0,29722.3125,time,-33.0,-35.0
2026-06-12,2026,OOS,10,1.0,29623.0,29722.3125,time,-73.25,-74.25
2026-06-12,2026,OOS,10,2.0,29623.0,29722.3125,time,-73.25,-75.25
2026-06-12,2026,OOS,15,1.0,29623.0,29722.3125,stop,-99.3125,-100.3125
2026-06-12,2026,OOS,15,2.0,29623.0,29722.3125,stop,-99.3125,-101.3125
2026-06-18,2026,OOS,3,1.0,30615.75,30679.0,time,-7.25,-8.25
2026-06-18,2026,OOS,3,2.0,30615.75,30679.0,time,-7.25,-9.25
2026-06-18,2026,OOS,5,1.0,30615.75,30679.0,time,-7.75,-8.75
2026-06-18,2026,OOS,5,2.0,30615.75,30679.0,time,-7.75,-9.75
2026-06-18,2026,OOS,10,1.0,30615.75,30679.0,time,-6.75,-7.75
2026-06-18,2026,OOS,10,2.0,30615.75,30679.0,time,-6.75,-8.75
2026-06-18,2026,OOS,15,1.0,30615.75,30679.0,time,-20.5,-21.5
2026-06-18,2026,OOS,15,2.0,30615.75,30679.0,time,-20.5,-22.5
2026-06-19,2026,OOS,3,1.0,30693.5,30709.5,time,8.0,7.0
2026-06-19,2026,OOS,3,2.0,30693.5,30709.5,time,8.0,6.0
2026-06-19,2026,OOS,5,1.0,30693.5,30709.5,time,8.75,7.75
2026-06-19,2026,OOS,5,2.0,30693.5,30709.5,time,8.75,6.75
2026-06-19,2026,OOS,10,1.0,30693.5,30709.5,time,4.25,3.25
2026-06-19,2026,OOS,10,2.0,30693.5,30709.5,time,4.25,2.25
2026-06-19,2026,OOS,15,1.0,30693.5,30709.5,time,-4.0,-5.0
2026-06-19,2026,OOS,15,2.0,30693.5,30709.5,time,-4.0,-6.0
2026-06-24,2026,OOS,3,1.0,29784.5,29863.625,time,29.5,28.5
2026-06-24,2026,OOS,3,2.0,29784.5,29863.625,time,29.5,27.5
2026-06-24,2026,OOS,5,1.0,29784.5,29863.625,time,1.5,0.5
2026-06-24,2026,OOS,5,2.0,29784.5,29863.625,time,1.5,-0.5
2026-06-24,2026,OOS,10,1.0,29784.5,29863.625,time,-4.75,-5.75
2026-06-24,2026,OOS,10,2.0,29784.5,29863.625,time,-4.75,-6.75
2026-06-24,2026,OOS,15,1.0,29784.5,29863.625,time,44.75,43.75
2026-06-24,2026,OOS,15,2.0,29784.5,29863.625,time,44.75,42.75
2026-06-26,2026,OOS,3,1.0,29625.0,29745.9375,time,35.25,34.25
2026-06-26,2026,OOS,3,2.0,29625.0,29745.9375,time,35.25,33.25
2026-06-26,2026,OOS,5,1.0,29625.0,29745.9375,time,66.5,65.5
2026-06-26,2026,OOS,5,2.0,29625.0,29745.9375,time,66.5,64.5
2026-06-26,2026,OOS,10,1.0,29625.0,29745.9375,time,3.75,2.75
2026-06-26,2026,OOS,10,2.0,29625.0,29745.9375,time,3.75,1.75
2026-06-26,2026,OOS,15,1.0,29625.0,29745.9375,time,15.25,14.25
2026-06-26,2026,OOS,15,2.0,29625.0,29745.9375,time,15.25,13.25
2026-06-30,2026,OOS,3,1.0,30405.5,30503.375,time,30.5,29.5
2026-06-30,2026,OOS,3,2.0,30405.5,30503.375,time,30.5,28.5
2026-06-30,2026,OOS,5,1.0,30405.5,30503.375,time,-6.25,-7.25
2026-06-30,2026,OOS,5,2.0,30405.5,30503.375,time,-6.25,-8.25
2026-06-30,2026,OOS,10,1.0,30405.5,30503.375,time,53.25,52.25
2026-06-30,2026,OOS,10,2.0,30405.5,30503.375,time,53.25,51.25
2026-06-30,2026,OOS,15,1.0,30405.5,30503.375,time,89.25,88.25
2026-06-30,2026,OOS,15,2.0,30405.5,30503.375,time,89.25,87.25
2026-07-06,2026,OOS,3,1.0,30027.75,30094.3125,time,20.5,19.5
2026-07-06,2026,OOS,3,2.0,30027.75,30094.3125,time,20.5,18.5
2026-07-06,2026,OOS,5,1.0,30027.75,30094.3125,time,-10.0,-11.0
2026-07-06,2026,OOS,5,2.0,30027.75,30094.3125,time,-10.0,-12.0
2026-07-06,2026,OOS,10,1.0,30027.75,30094.3125,time,-14.75,-15.75
2026-07-06,2026,OOS,10,2.0,30027.75,30094.3125,time,-14.75,-16.75
2026-07-06,2026,OOS,15,1.0,30027.75,30094.3125,time,5.75,4.75
2026-07-06,2026,OOS,15,2.0,30027.75,30094.3125,time,5.75,3.75
2026-07-10,2026,OOS,3,1.0,29916.25,29958.875,time,72.5,71.5
2026-07-10,2026,OOS,3,2.0,29916.25,29958.875,time,72.5,70.5
2026-07-10,2026,OOS,5,1.0,29916.25,29958.875,time,42.5,41.5
2026-07-10,2026,OOS,5,2.0,29916.25,29958.875,time,42.5,40.5
2026-07-10,2026,OOS,10,1.0,29916.25,29958.875,time,4.75,3.75
2026-07-10,2026,OOS,10,2.0,29916.25,29958.875,time,4.75,2.75
2026-07-10,2026,OOS,15,1.0,29916.25,29958.875,time,-13.75,-14.75
2026-07-10,2026,OOS,15,2.0,29916.25,29958.875,time,-13.75,-15.75
2026-07-14,2026,OOS,3,1.0,29775.5,29837.5625,time,5.0,4.0
2026-07-14,2026,OOS,3,2.0,29775.5,29837.5625,time,5.0,3.0
2026-07-14,2026,OOS,5,1.0,29775.5,29837.5625,time,-10.0,-11.0
2026-07-14,2026,OOS,5,2.0,29775.5,29837.5625,time,-10.0,-12.0
2026-07-14,2026,OOS,10,1.0,29775.5,29837.5625,time,40.5,39.5
2026-07-14,2026,OOS,10,2.0,29775.5,29837.5625,time,40.5,38.5
2026-07-14,2026,OOS,15,1.0,29775.5,29837.5625,time,29.0,28.0
2026-07-14,2026,OOS,15,2.0,29775.5,29837.5625,time,29.0,27.0
2026-07-17,2026,OOS,3,1.0,28824.5,28944.3125,time,-16.0,-17.0
2026-07-17,2026,OOS,3,2.0,28824.5,28944.3125,time,-16.0,-18.0
2026-07-17,2026,OOS,5,1.0,28824.5,28944.3125,time,36.25,35.25
2026-07-17,2026,OOS,5,2.0,28824.5,28944.3125,time,36.25,34.25
2026-07-17,2026,OOS,10,1.0,28824.5,28944.3125,time,62.0,61.0
2026-07-17,2026,OOS,10,2.0,28824.5,28944.3125,time,62.0,60.0
2026-07-17,2026,OOS,15,1.0,28824.5,28944.3125,time,97.5,96.5
2026-07-17,2026,OOS,15,2.0,28824.5,28944.3125,time,97.5,95.5
2026-07-22,2026,OOS,3,1.0,29282.0,29330.4375,time,-8.75,-9.75
2026-07-22,2026,OOS,3,2.0,29282.0,29330.4375,time,-8.75,-10.75
2026-07-22,2026,OOS,5,1.0,29282.0,29330.4375,time,-7.0,-8.0
2026-07-22,2026,OOS,5,2.0,29282.0,29330.4375,time,-7.0,-9.0
2026-07-22,2026,OOS,10,1.0,29282.0,29330.4375,time,-25.25,-26.25
2026-07-22,2026,OOS,10,2.0,29282.0,29330.4375,time,-25.25,-27.25
2026-07-22,2026,OOS,15,1.0,29282.0,29330.4375,stop,-48.4375,-49.4375
2026-07-22,2026,OOS,15,2.0,29282.0,29330.4375,stop,-48.4375,-50.4375
2026-07-28,2026,OOS,3,1.0,27976.25,28073.375,time,-5.75,-6.75
2026-07-28,2026,OOS,3,2.0,27976.25,28073.375,time,-5.75,-7.75
2026-07-28,2026,OOS,5,1.0,27976.25,28073.375,time,-47.25,-48.25
2026-07-28,2026,OOS,5,2.0,27976.25,28073.375,time,-47.25,-49.25
2026-07-28,2026,OOS,10,1.0,27976.25,28073.375,time,-56.5,-57.5
2026-07-28,2026,OOS,10,2.0,27976.25,28073.375,time,-56.5,-58.5
2026-07-28,2026,OOS,15,1.0,27976.25,28073.375,time,-40.0,-41.0
2026-07-28,2026,OOS,15,2.0,27976.25,28073.375,time,-40.0,-42.0
2026-08-07,2026,OOS,3,1.0,29812.0,29875.875,time,1.0,0.0
2026-08-07,2026,OOS,3,2.0,29812.0,29875.875,time,1.0,-1.0
2026-08-07,2026,OOS,5,1.0,29812.0,29875.875,time,-17.5,-18.5
2026-08-07,2026,OOS,5,2.0,29812.0,29875.875,time,-17.5,-19.5
2026-08-07,2026,OOS,10,1.0,29812.0,29875.875,time,-3.5,-4.5
2026-08-07,2026,OOS,10,2.0,29812.0,29875.875,time,-3.5,-5.5
2026-08-07,2026,OOS,15,1.0,29812.0,29875.875,time,-2.0,-3.0
2026-08-07,2026,OOS,15,2.0,29812.0,29875.875,time,-2.0,-4.0
