setup,dip,target_mode,target,split,n,win,E_net,median,target_hit,stop_hit,time_exit,n_days,n_trig,trig_rate
fade_extent,5.0,fixed,20.0,Discovery,1321,0.46177138531415596,-1.0967070401211203,-2.25,0.28236184708554124,0.3951551854655564,0.32248296744890237,2380,1321,0.5550420168067227
fade_extent,5.0,fixed,20.0,OOS,330,0.6636363636363637,-2.091666666666667,19.0,0.6575757575757576,0.3212121212121212,0.021212121212121213,413,330,0.7990314769975787
fade_extent,5.0,fixed,20.0,Validation,627,0.5741626794258373,-1.4916267942583732,19.0,0.5629984051036683,0.4003189792663477,0.03668261562998405,770,627,0.8142857142857143
fade_extent,5.0,fixed,25.0,Discovery,1321,0.43527630582891746,-1.3828538985616956,-3.75,0.2218016654049962,0.4133232399697199,0.3648750946252839,2380,1321,0.5550420168067227
fade_extent,5.0,fixed,25.0,OOS,330,0.6303030303030303,-1.1568181818181817,24.0,0.6242424242424243,0.3484848484848485,0.02727272727272727,413,330,0.7990314769975787
fade_extent,5.0,fixed,25.0,Validation,627,0.5135566188197768,-1.881578947368421,20.75,0.49920255183413076,0.4529505582137161,0.04784688995215311,770,627,0.8142857142857143
fade_extent,5.0,fixed,30.0,Discovery,1321,0.41786525359576077,-1.4097274791824375,-5.0,0.18470855412566237,0.4254352763058289,0.3898561695685087,2380,1321,0.5550420168067227
fade_extent,5.0,fixed,30.0,OOS,330,0.5848484848484848,-1.0856060606060607,29.0,0.5757575757575758,0.39090909090909093,0.03333333333333333,413,330,0.7990314769975787
fade_extent,5.0,fixed,30.0,Validation,627,0.48963317384370014,-0.833732057416268,-7.25,0.46570972886762363,0.4704944178628389,0.06379585326953748,770,627,0.8142857142857143
fade_extent,5.0,opposite,0.25,Discovery,15,0.0,-0.75,-0.75,1.0,0.0,0.0,15,15,1.0
fade_extent,5.0,opposite,0.25,OOS,2,0.0,-6.25,-6.25,0.5,0.5,0.0,2,2,1.0
fade_extent,5.0,opposite,0.25,Validation,2,0.0,-0.75,-0.75,1.0,0.0,0.0,2,2,1.0
fade_extent,5.0,opposite,0.5,Discovery,20,0.0,-1.375,-0.5,0.95,0.05,0.0,20,20,1.0
fade_extent,5.0,opposite,0.5,Validation,1,0.0,-0.5,-0.5,1.0,0.0,0.0,1,1,1.0
fade_extent,5.0,opposite,0.75,Discovery,23,0.0,-0.5978260869565217,-0.25,0.9565217391304348,0.043478260869565216,0.0,23,23,1.0
fade_extent,5.0,opposite,0.75,Validation,1,0.0,-0.25,-0.25,1.0,0.0,0.0,1,1,1.0
fade_extent,5.0,opposite,1.0,Discovery,18,0.0,-0.9305555555555556,0.0,0.8888888888888888,0.05555555555555555,0.05555555555555555,18,18,1.0
fade_extent,5.0,opposite,1.0,OOS,1,0.0,0.0,0.0,1.0,0.0,0.0,1,1,1.0
fade_extent,5.0,opposite,1.0,Validation,4,0.0,0.0,0.0,1.0,0.0,0.0,4,4,1.0
fade_extent,5.0,opposite,1.25,Discovery,20,0.95,-1.0625,0.25,0.95,0.05,0.0,20,20,1.0
fade_extent,5.0,opposite,1.25,OOS,1,1.0,0.25,0.25,1.0,0.0,0.0,1,1,1.0
fade_extent,5.0,opposite,1.25,Validation,1,1.0,0.25,0.25,1.0,0.0,0.0,1,1,1.0
fade_extent,5.0,opposite,1.5,Discovery,13,0.8461538461538461,-0.8846153846153846,0.5,0.8461538461538461,0.15384615384615385,0.0,13,13,1.0
fade_extent,5.0,opposite,1.5,OOS,2,0.5,-12.75,-12.75,0.5,0.5,0.0,2,2,1.0
fade_extent,5.0,opposite,1.5,Validation,1,1.0,0.5,0.5,1.0,0.0,0.0,1,1,1.0
fade_extent,5.0,opposite,1.75,Discovery,12,0.9166666666666666,-0.14583333333333334,0.75,0.9166666666666666,0.08333333333333333,0.0,12,12,1.0
fade_extent,5.0,opposite,1.75,Validation,2,1.0,0.75,0.75,1.0,0.0,0.0,2,2,1.0
fade_extent,5.0,opposite,2.0,Discovery,13,0.8461538461538461,-0.5961538461538461,1.0,0.8461538461538461,0.15384615384615385,0.0,13,13,1.0
fade_extent,5.0,opposite,2.0,OOS,1,1.0,1.0,1.0,1.0,0.0,0.0,1,1,1.0
fade_extent,5.0,opposite,2.0,Validation,2,0.5,-9.875,-9.875,0.5,0.5,0.0,2,2,1.0
fade_extent,5.0,opposite,2.25,Discovery,16,1.0,1.25,1.25,1.0,0.0,0.0,16,16,1.0
fade_extent,5.0,opposite,2.25,OOS,1,1.0,1.25,1.25,1.0,0.0,0.0,1,1,1.0
fade_extent,5.0,opposite,2.5,Discovery,15,0.6,-3.3333333333333335,1.5,0.6,0.3333333333333333,0.06666666666666667,15,15,1.0
fade_extent,5.0,opposite,2.5,OOS,1,1.0,1.5,1.5,1.0,0.0,0.0,1,1,1.0
fade_extent,5.0,opposite,2.5,Validation,1,1.0,1.5,1.5,1.0,0.0,0.0,1,1,1.0
fade_extent,5.0,opposite,2.75,Discovery,11,0.8181818181818182,-0.4318181818181818,1.75,0.8181818181818182,0.18181818181818182,0.0,11,11,1.0
fade_extent,5.0,opposite,2.75,OOS,1,1.0,1.75,1.75,1.0,0.0,0.0,1,1,1.0
fade_extent,5.0,opposite,2.75,Validation,2,1.0,1.75,1.75,1.0,0.0,0.0,2,2,1.0
fade_extent,5.0,opposite,3.0,Discovery,17,0.7647058823529411,-1.6029411764705883,2.0,0.7647058823529411,0.17647058823529413,0.058823529411764705,17,17,1.0
fade_extent,5.0,opposite,3.0,Validation,3,1.0,2.0,2.0,1.0,0.0,0.0,3,3,1.0
fade_extent,5.0,opposite,3.25,Discovery,17,0.7647058823529411,-1.6764705882352942,2.25,0.7647058823529411,0.17647058823529413,0.058823529411764705,17,17,1.0
fade_extent,5.0,opposite,3.25,Validation,4,1.0,2.25,2.25,1.0,0.0,0.0,4,4,1.0
fade_extent,5.0,opposite,3.5,Discovery,15,0.6666666666666666,-1.05,2.5,0.6666666666666666,0.2,0.13333333333333333,15,15,1.0
fade_extent,5.0,opposite,3.5,Validation,2,0.5,-12.625,-12.625,0.5,0.5,0.0,2,2,1.0
fade_extent,5.0,opposite,3.75,Discovery,18,0.8333333333333334,0.4444444444444444,2.75,0.8333333333333334,0.16666666666666666,0.0,18,18,1.0
fade_extent,5.0,opposite,3.75,OOS,1,1.0,2.75,2.75,1.0,0.0,0.0,1,1,1.0
fade_extent,5.0,opposite,3.75,Validation,2,1.0,2.75,2.75,1.0,0.0,0.0,2,2,1.0
fade_extent,5.0,opposite,4.0,Discovery,27,0.8148148148148148,0.5925925925925926,3.0,0.8148148148148148,0.1111111111111111,0.07407407407407407,27,27,1.0
fade_extent,5.0,opposite,4.0,Validation,2,1.0,3.0,3.0,1.0,0.0,0.0,2,2,1.0
fade_extent,5.0,opposite,4.25,Discovery,16,0.6875,-0.328125,3.25,0.6875,0.125,0.1875,16,16,1.0
fade_extent,5.0,opposite,4.25,OOS,2,1.0,3.25,3.25,1.0,0.0,0.0,2,2,1.0
fade_extent,5.0,opposite,4.25,Validation,4,1.0,3.25,3.25,1.0,0.0,0.0,4,4,1.0
fade_extent,5.0,opposite,4.5,Discovery,17,0.6470588235294118,-0.9705882352941176,3.5,0.6470588235294118,0.35294117647058826,0.0,17,17,1.0
fade_extent,5.0,opposite,4.5,Validation,1,1.0,3.5,3.5,1.0,0.0,0.0,1,1,1.0
fade_extent,5.0,opposite,4.75,Discovery,18,0.7777777777777778,1.8055555555555556,3.75,0.7777777777777778,0.05555555555555555,0.16666666666666666,18,18,1.0
fade_extent,5.0,opposite,4.75,OOS,1,1.0,3.75,3.75,1.0,0.0,0.0,1,1,1.0
fade_extent,5.0,opposite,4.75,Validation,2,1.0,3.75,3.75,1.0,0.0,0.0,2,2,1.0
fade_extent,5.0,opposite,5.0,Discovery,10,0.8,2.4,4.0,0.8,0.0,0.2,10,10,1.0
fade_extent,5.0,opposite,5.25,Discovery,7,0.7142857142857143,-0.35714285714285715,4.25,0.7142857142857143,0.2857142857142857,0.0,7,7,1.0
fade_extent,5.0,opposite,5.25,Validation,2,0.5,-12.375,-12.375,0.5,0.5,0.0,2,2,1.0
fade_extent,5.0,opposite,5.5,Discovery,13,0.6153846153846154,-1.5576923076923077,4.5,0.6153846153846154,0.3076923076923077,0.07692307692307693,13,13,1.0
fade_extent,5.0,opposite,5.5,Validation,4,1.0,4.5,4.5,1.0,0.0,0.0,4,4,1.0
fade_extent,5.0,opposite,5.75,Discovery,17,0.6470588235294118,-1.4852941176470589,4.75,0.5882352941176471,0.23529411764705882,0.17647058823529413,17,17,1.0
fade_extent,5.0,opposite,5.75,OOS,1,1.0,4.75,4.75,1.0,0.0,0.0,1,1,1.0
fade_extent,5.0,opposite,6.0,Discovery,12,0.4166666666666667,-2.1041666666666665,-1.5,0.4166666666666667,0.4166666666666667,0.16666666666666666,12,12,1.0
fade_extent,5.0,opposite,6.0,Validation,3,0.6666666666666666,-1.4166666666666667,5.0,0.6666666666666666,0.3333333333333333,0.0,3,3,1.0
fade_extent,5.0,opposite,6.25,Discovery,13,0.6153846153846154,-0.25,5.25,0.5384615384615384,0.23076923076923078,0.23076923076923078,13,13,1.0
fade_extent,5.0,opposite,6.25,Validation,3,1.0,5.25,5.25,1.0,0.0,0.0,3,3,1.0
fade_extent,5.0,opposite,6.5,Discovery,10,0.8,2.75,5.5,0.8,0.2,0.0,10,10,1.0
fade_extent,5.0,opposite,6.5,Validation,1,1.0,5.5,5.5,1.0,0.0,0.0,1,1,1.0
fade_extent,5.0,opposite,6.75,Discovery,15,0.5333333333333333,-2.066666666666667,5.75,0.5333333333333333,0.3333333333333333,0.13333333333333333,15,15,1.0
fade_extent,5.0,opposite,6.75,OOS,1,1.0,5.75,5.75,1.0,0.0,0.0,1,1,1.0
fade_extent,5.0,opposite,6.75,Validation,2,1.0,5.75,5.75,1.0,0.0,0.0,2,2,1.0
fade_extent,5.0,opposite,7.0,Discovery,14,0.6428571428571429,-0.5535714285714286,6.0,0.5714285714285714,0.35714285714285715,0.07142857142857142,14,14,1.0
fade_extent,5.0,opposite,7.0,OOS,2,0.5,-6.75,-6.75,0.5,0.5,0.0,2,2,1.0
fade_extent,5.0,opposite,7.0,Validation,1,1.0,6.0,6.0,1.0,0.0,0.0,1,1,1.0
fade_extent,5.0,opposite,7.25,Discovery,11,0.7272727272727273,0.9545454545454546,6.25,0.6363636363636364,0.18181818181818182,0.18181818181818182,11,11,1.0
fade_extent,5.0,opposite,7.25,Validation,1,1.0,6.25,6.25,1.0,0.0,0.0,1,1,1.0
fade_extent,5.0,opposite,7.5,Discovery,7,0.7142857142857143,3.1785714285714284,6.5,0.7142857142857143,0.14285714285714285,0.14285714285714285,7,7,1.0
fade_extent,5.0,opposite,7.5,OOS,1,1.0,6.5,6.5,1.0,0.0,0.0,1,1,1.0
fade_extent,5.0,opposite,7.75,Discovery,12,0.5,-7.3125,-3.0,0.4166666666666667,0.5,0.08333333333333333,12,12,1.0
fade_extent,5.0,opposite,7.75,OOS,3,1.0,6.75,6.75,1.0,0.0,0.0,3,3,1.0
fade_extent,5.0,opposite,7.75,Validation,3,1.0,6.75,6.75,1.0,0.0,0.0,3,3,1.0
fade_extent,5.0,opposite,8.0,Discovery,8,0.625,0.03125,7.0,0.625,0.375,0.0,8,8,1.0
fade_extent,5.0,opposite,8.0,OOS,3,1.0,7.0,7.0,1.0,0.0,0.0,3,3,1.0
fade_extent,5.0,opposite,8.0,Validation,3,0.3333333333333333,-9.75,-9.25,0.3333333333333333,0.6666666666666666,0.0,3,3,1.0
fade_extent,5.0,opposite,8.25,Discovery,7,0.2857142857142857,-7.642857142857143,-11.0,0.2857142857142857,0.7142857142857143,0.0,7,7,1.0
fade_extent,5.0,opposite,8.25,Validation,5,0.8,0.2,7.25,0.8,0.2,0.0,5,5,1.0
fade_extent,5.0,opposite,8.5,Discovery,6,0.6666666666666666,2.1666666666666665,7.5,0.6666666666666666,0.3333333333333333,0.0,6,6,1.0
fade_extent,5.0,opposite,8.5,Validation,4,0.75,0.75,7.5,0.75,0.25,0.0,4,4,1.0
fade_extent,5.0,opposite,8.75,Discovery,12,0.5,-3.2083333333333335,-2.125,0.4166666666666667,0.3333333333333333,0.25,12,12,1.0
fade_extent,5.0,opposite,8.75,OOS,3,0.3333333333333333,-13.416666666666666,-22.5,0.3333333333333333,0.6666666666666666,0.0,3,3,1.0
fade_extent,5.0,opposite,9.0,Discovery,10,0.7,1.125,8.0,0.6,0.3,0.1,10,10,1.0
fade_extent,5.0,opposite,9.0,Validation,3,1.0,8.0,8.0,1.0,0.0,0.0,3,3,1.0
fade_extent,5.0,opposite,9.25,Discovery,8,0.75,4.0625,8.25,0.75,0.125,0.125,8,8,1.0
fade_extent,5.0,opposite,9.25,Validation,3,0.6666666666666666,-6.916666666666667,8.25,0.6666666666666666,0.3333333333333333,0.0,3,3,1.0
fade_extent,5.0,opposite,9.5,Discovery,6,0.5,-2.5833333333333335,-1.5,0.5,0.5,0.0,6,6,1.0
fade_extent,5.0,opposite,9.5,Validation,1,1.0,8.5,8.5,1.0,0.0,0.0,1,1,1.0
fade_extent,5.0,opposite,9.75,Discovery,8,0.75,3.90625,8.75,0.75,0.25,0.0,8,8,1.0
fade_extent,5.0,opposite,9.75,Validation,3,1.0,8.75,8.75,1.0,0.0,0.0,3,3,1.0
fade_extent,5.0,opposite,10.0,Discovery,12,0.5833333333333334,-0.4583333333333333,9.0,0.5833333333333334,0.25,0.16666666666666666,12,12,1.0
fade_extent,5.0,opposite,10.0,OOS,2,1.0,9.0,9.0,1.0,0.0,0.0,2,2,1.0
fade_extent,5.0,opposite,10.0,Validation,3,1.0,7.0,9.0,0.6666666666666666,0.0,0.3333333333333333,3,3,1.0
fade_extent,5.0,opposite,10.25,Discovery,11,0.5454545454545454,0.4090909090909091,9.25,0.5454545454545454,0.2727272727272727,0.18181818181818182,11,11,1.0
fade_extent,5.0,opposite,10.25,OOS,2,1.0,9.25,9.25,1.0,0.0,0.0,2,2,1.0
fade_extent,5.0,opposite,10.25,Validation,2,1.0,9.25,9.25,1.0,0.0,0.0,2,2,1.0
fade_extent,5.0,opposite,10.5,Discovery,8,0.75,5.71875,9.5,0.75,0.125,0.125,8,8,1.0
fade_extent,5.0,opposite,10.5,Validation,1,1.0,9.5,9.5,1.0,0.0,0.0,1,1,1.0
fade_extent,5.0,opposite,10.75,Discovery,11,0.45454545454545453,-4.363636363636363,-10.5,0.36363636363636365,0.45454545454545453,0.18181818181818182,11,11,1.0
fade_extent,5.0,opposite,10.75,Validation,1,1.0,9.75,9.75,1.0,0.0,0.0,1,1,1.0
fade_extent,5.0,opposite,11.0,Discovery,11,0.5454545454545454,-3.0681818181818183,2.0,0.36363636363636365,0.2727272727272727,0.36363636363636365,11,11,1.0
fade_extent,5.0,opposite,11.0,Validation,1,1.0,10.0,10.0,1.0,0.0,0.0,1,1,1.0
fade_extent,5.0,opposite,11.25,Discovery,6,0.16666666666666666,-10.125,-10.75,0.16666666666666666,0.6666666666666666,0.16666666666666666,6,6,1.0
fade_extent,5.0,opposite,11.25,OOS,1,0.0,-35.5,-35.5,0.0,1.0,0.0,1,1,1.0
fade_extent,5.0,opposite,11.25,Validation,4,0.5,-0.3125,4.75,0.5,0.25,0.25,4,4,1.0
fade_extent,5.0,opposite,11.5,Discovery,6,0.5,2.5833333333333335,4.625,0.5,0.16666666666666666,0.3333333333333333,6,6,1.0
fade_extent,5.0,opposite,11.5,OOS,1,1.0,10.5,10.5,1.0,0.0,0.0,1,1,1.0
fade_extent,5.0,opposite,11.5,Validation,1,1.0,10.5,10.5,1.0,0.0,0.0,1,1,1.0
fade_extent,5.0,opposite,11.75,Discovery,3,0.3333333333333333,-11.166666666666666,-13.75,0.0,0.6666666666666666,0.3333333333333333,3,3,1.0
fade_extent,5.0,opposite,11.75,Validation,2,1.0,10.75,10.75,1.0,0.0,0.0,2,2,1.0
fade_extent,5.0,opposite,12.0,Discovery,8,0.375,-1.5625,-6.0,0.375,0.5,0.125,8,8,1.0
fade_extent,5.0,opposite,12.0,OOS,2,0.5,-7.625,-7.625,0.5,0.5,0.0,2,2,1.0
fade_extent,5.0,opposite,12.0,Validation,4,0.5,0.0625,1.5,0.5,0.5,0.0,4,4,1.0
fade_extent,5.0,opposite,12.25,Discovery,5,0.4,-1.05,-6.0,0.4,0.4,0.2,5,5,1.0
fade_extent,5.0,opposite,12.25,Validation,1,1.0,11.25,11.25,1.0,0.0,0.0,1,1,1.0
fade_extent,5.0,opposite,12.5,Discovery,7,0.8571428571428571,9.857142857142858,11.5,0.8571428571428571,0.0,0.14285714285714285,7,7,1.0
fade_extent,5.0,opposite,12.5,Validation,2,0.5,-10.5,-10.5,0.5,0.5,0.0,2,2,1.0
fade_extent,5.0,opposite,12.75,Discovery,8,0.625,-0.28125,7.625,0.5,0.25,0.25,8,8,1.0
fade_extent,5.0,opposite,12.75,Validation,2,0.5,-10.25,-10.25,0.5,0.5,0.0,2,2,1.0
fade_extent,5.0,opposite,13.0,Discovery,5,0.4,-9.85,-15.25,0.4,0.6,0.0,5,5,1.0
fade_extent,5.0,opposite,13.0,OOS,1,1.0,12.0,12.0,1.0,0.0,0.0,1,1,1.0
fade_extent,5.0,opposite,13.0,Validation,1,1.0,12.0,12.0,1.0,0.0,0.0,1,1,1.0
fade_extent,5.0,opposite,13.25,Discovery,7,0.5714285714285714,-1.4642857142857142,12.25,0.5714285714285714,0.42857142857142855,0.0,7,7,1.0
fade_extent,5.0,opposite,13.25,Validation,2,1.0,12.25,12.25,1.0,0.0,0.0,2,2,1.0
fade_extent,5.0,opposite,13.5,Discovery,6,0.8333333333333334,8.083333333333334,12.5,0.6666666666666666,0.16666666666666666,0.16666666666666666,6,6,1.0
fade_extent,5.0,opposite,13.5,OOS,1,1.0,12.5,12.5,1.0,0.0,0.0,1,1,1.0
fade_extent,5.0,opposite,13.75,Discovery,7,0.2857142857142857,-6.285714285714286,-10.0,0.2857142857142857,0.7142857142857143,0.0,7,7,1.0
fade_extent,5.0,opposite,13.75,Validation,4,0.5,1.0625,1.125,0.5,0.5,0.0,4,4,1.0
fade_extent,5.0,opposite,14.0,Discovery,6,0.0,-13.5,-12.875,0.0,0.8333333333333334,0.16666666666666666,6,6,1.0
fade_extent,5.0,opposite,14.0,Validation,1,1.0,13.0,13.0,1.0,0.0,0.0,1,1,1.0
fade_extent,5.0,opposite,14.25,Discovery,5,0.6,0.5,5.5,0.4,0.2,0.4,5,5,1.0
fade_extent,5.0,opposite,14.25,Validation,5,0.4,-5.6,-9.5,0.4,0.6,0.0,5,5,1.0
fade_extent,5.0,opposite,14.5,Discovery,3,0.6666666666666666,-1.0,13.5,0.6666666666666666,0.3333333333333333,0.0,3,3,1.0
fade_extent,5.0,opposite,14.5,OOS,3,0.6666666666666666,-1.25,13.5,0.6666666666666666,0.3333333333333333,0.0,3,3,1.0
fade_extent,5.0,opposite,14.5,Validation,5,0.8,7.2,13.5,0.8,0.2,0.0,5,5,1.0
fade_extent,5.0,opposite,14.75,Discovery,5,0.6,5.1,13.75,0.6,0.0,0.4,5,5,1.0
fade_extent,5.0,opposite,14.75,OOS,1,0.0,-9.5,-9.5,0.0,1.0,0.0,1,1,1.0
fade_extent,5.0,opposite,15.0,Discovery,5,0.4,-1.1,-9.75,0.4,0.6,0.0,5,5,1.0
fade_extent,5.0,opposite,15.0,OOS,1,1.0,14.0,14.0,1.0,0.0,0.0,1,1,1.0
fade_extent,5.0,opposite,15.25,Discovery,5,0.8,8.65,14.25,0.8,0.2,0.0,5,5,1.0
fade_extent,5.0,opposite,15.25,Validation,1,0.0,-15.25,-15.25,0.0,1.0,0.0,1,1,1.0
fade_extent,5.0,opposite,15.5,Discovery,8,0.375,-7.28125,-9.125,0.375,0.5,0.125,8,8,1.0
fade_extent,5.0,opposite,15.5,OOS,2,1.0,14.5,14.5,1.0,0.0,0.0,2,2,1.0
fade_extent,5.0,opposite,15.5,Validation,3,0.0,-16.666666666666668,-19.0,0.0,1.0,0.0,3,3,1.0
fade_extent,5.0,opposite,15.75,Discovery,3,0.3333333333333333,-2.25,-10.25,0.3333333333333333,0.6666666666666666,0.0,3,3,1.0
fade_extent,5.0,opposite,16.0,Discovery,5,0.4,-2.2,-11.25,0.4,0.6,0.0,5,5,1.0
fade_extent,5.0,opposite,16.0,OOS,2,1.0,15.0,15.0,1.0,0.0,0.0,2,2,1.0
fade_extent,5.0,opposite,16.25,Discovery,3,0.3333333333333333,-4.166666666666667,-10.0,0.3333333333333333,0.6666666666666666,0.0,3,3,1.0
fade_extent,5.0,opposite,16.5,Discovery,6,0.6666666666666666,7.541666666666667,15.5,0.6666666666666666,0.3333333333333333,0.0,6,6,1.0
fade_extent,5.0,opposite,16.5,Validation,1,1.0,15.5,15.5,1.0,0.0,0.0,1,1,1.0
fade_extent,5.0,opposite,16.75,Discovery,5,0.4,-6.7,-3.5,0.4,0.4,0.2,5,5,1.0
fade_extent,5.0,opposite,16.75,OOS,3,0.3333333333333333,-28.75,-10.5,0.3333333333333333,0.6666666666666666,0.0,3,3,1.0
fade_extent,5.0,opposite,17.0,Discovery,4,0.5,0.0625,0.75,0.5,0.5,0.0,4,4,1.0
fade_extent,5.0,opposite,17.0,OOS,1,0.0,-23.25,-23.25,0.0,1.0,0.0,1,1,1.0
fade_extent,5.0,opposite,17.25,Discovery,3,0.0,-16.416666666666668,-9.5,0.0,1.0,0.0,3,3,1.0
fade_extent,5.0,opposite,17.25,Validation,1,0.0,-9.75,-9.75,0.0,0.0,1.0,1,1,1.0
fade_extent,5.0,opposite,17.5,Discovery,4,0.75,5.0625,9.625,0.5,0.25,0.25,4,4,1.0
fade_extent,5.0,opposite,17.5,OOS,1,1.0,16.5,16.5,1.0,0.0,0.0,1,1,1.0
fade_extent,5.0,opposite,17.5,Validation,1,0.0,-14.5,-14.5,0.0,1.0,0.0,1,1,1.0
fade_extent,5.0,opposite,17.75,Discovery,5,0.4,-9.35,-10.5,0.2,0.6,0.2,5,5,1.0
fade_extent,5.0,opposite,17.75,OOS,2,0.5,-8.25,-8.25,0.5,0.5,0.0,2,2,1.0
fade_extent,5.0,opposite,17.75,Validation,1,0.0,-22.75,-22.75,0.0,1.0,0.0,1,1,1.0
fade_extent,5.0,opposite,18.0,Discovery,1,0.0,-11.5,-11.5,0.0,1.0,0.0,1,1,1.0
fade_extent,5.0,opposite,18.0,OOS,2,1.0,17.0,17.0,1.0,0.0,0.0,2,2,1.0
fade_extent,5.0,opposite,18.0,Validation,1,1.0,17.0,17.0,1.0,0.0,0.0,1,1,1.0
fade_extent,5.0,opposite,18.25,Discovery,4,0.5,-0.8125,1.875,0.5,0.5,0.0,4,4,1.0
fade_extent,5.0,opposite,18.25,OOS,5,0.4,-5.9,-9.75,0.4,0.6,0.0,5,5,1.0
fade_extent,5.0,opposite,18.25,Validation,2,1.0,17.25,17.25,1.0,0.0,0.0,2,2,1.0
fade_extent,5.0,opposite,18.5,Discovery,3,0.0,-17.416666666666668,-17.25,0.0,0.6666666666666666,0.3333333333333333,3,3,1.0
fade_extent,5.0,opposite,18.5,Validation,4,1.0,17.5,17.5,1.0,0.0,0.0,4,4,1.0
fade_extent,5.0,opposite,18.75,OOS,1,1.0,17.75,17.75,1.0,0.0,0.0,1,1,1.0
fade_extent,5.0,opposite,19.0,Discovery,2,0.0,-37.0,-37.0,0.0,1.0,0.0,2,2,1.0
fade_extent,5.0,opposite,19.0,Validation,2,1.0,18.0,18.0,1.0,0.0,0.0,2,2,1.0
fade_extent,5.0,opposite,19.25,Discovery,3,0.0,-14.333333333333334,-13.5,0.0,1.0,0.0,3,3,1.0
fade_extent,5.0,opposite,19.25,Validation,4,0.75,3.0625,12.375,0.5,0.25,0.25,4,4,1.0
fade_extent,5.0,opposite,19.5,Discovery,3,0.3333333333333333,-5.333333333333333,-7.75,0.0,0.6666666666666666,0.3333333333333333,3,3,1.0
fade_extent,5.0,opposite,19.5,OOS,1,1.0,18.5,18.5,1.0,0.0,0.0,1,1,1.0
fade_extent,5.0,opposite,19.5,Validation,4,0.75,9.3125,18.5,0.75,0.25,0.0,4,4,1.0
fade_extent,5.0,opposite,19.75,Discovery,3,0.0,-15.666666666666666,-13.0,0.0,1.0,0.0,3,3,1.0
fade_extent,5.0,opposite,19.75,OOS,1,0.0,-18.0,-18.0,0.0,1.0,0.0,1,1,1.0
fade_extent,5.0,opposite,19.75,Validation,3,0.3333333333333333,-0.75,-8.25,0.3333333333333333,0.6666666666666666,0.0,3,3,1.0
fade_extent,5.0,opposite,20.0,Discovery,3,0.6666666666666666,5.083333333333333,19.0,0.6666666666666666,0.3333333333333333,0.0,3,3,1.0
fade_extent,5.0,opposite,20.0,Validation,1,0.0,-62.0,-62.0,0.0,1.0,0.0,1,1,1.0
fade_extent,5.0,opposite,20.25,Discovery,1,1.0,19.25,19.25,1.0,0.0,0.0,1,1,1.0
fade_extent,5.0,opposite,20.25,OOS,1,1.0,19.25,19.25,1.0,0.0,0.0,1,1,1.0
fade_extent,5.0,opposite,20.25,Validation,1,0.0,-16.0,-16.0,0.0,1.0,0.0,1,1,1.0
fade_extent,5.0,opposite,20.5,Discovery,2,0.0,-5.125,-5.125,0.0,0.5,0.5,2,2,1.0
fade_extent,5.0,opposite,20.5,OOS,1,0.0,-68.0,-68.0,0.0,1.0,0.0,1,1,1.0
fade_extent,5.0,opposite,20.5,Validation,2,1.0,19.5,19.5,1.0,0.0,0.0,2,2,1.0
fade_extent,5.0,opposite,20.75,Discovery,3,0.3333333333333333,-5.833333333333333,-14.75,0.3333333333333333,0.6666666666666666,0.0,3,3,1.0
fade_extent,5.0,opposite,20.75,OOS,1,1.0,19.75,19.75,1.0,0.0,0.0,1,1,1.0
fade_extent,5.0,opposite,21.0,Discovery,2,0.5,3.5,3.5,0.5,0.5,0.0,2,2,1.0
fade_extent,5.0,opposite,21.0,Validation,4,0.75,10.3125,20.0,0.75,0.25,0.0,4,4,1.0
fade_extent,5.0,opposite,21.25,Discovery,2,0.5,-0.5,-0.5,0.5,0.5,0.0,2,2,1.0
fade_extent,5.0,opposite,21.25,OOS,1,1.0,20.25,20.25,1.0,0.0,0.0,1,1,1.0
fade_extent,5.0,opposite,21.25,Validation,4,0.75,6.375,20.25,0.75,0.25,0.0,4,4,1.0
fade_extent,5.0,opposite,21.5,Discovery,3,0.3333333333333333,-28.583333333333332,-24.0,0.0,0.6666666666666666,0.3333333333333333,3,3,1.0
fade_extent,5.0,opposite,21.5,OOS,1,1.0,20.5,20.5,1.0,0.0,0.0,1,1,1.0
fade_extent,5.0,opposite,21.5,Validation,1,0.0,-21.75,-21.75,0.0,1.0,0.0,1,1,1.0
fade_extent,5.0,opposite,21.75,Discovery,1,0.0,-24.0,-24.0,0.0,1.0,0.0,1,1,1.0
fade_extent,5.0,opposite,22.0,Discovery,3,0.3333333333333333,-4.333333333333333,-10.5,0.3333333333333333,0.6666666666666666,0.0,3,3,1.0
fade_extent,5.0,opposite,22.0,OOS,1,1.0,21.0,21.0,1.0,0.0,0.0,1,1,1.0
fade_extent,5.0,opposite,22.0,Validation,2,0.5,0.0,0.0,0.5,0.5,0.0,2,2,1.0
fade_extent,5.0,opposite,22.25,Discovery,5,0.2,-12.75,-17.25,0.2,0.8,0.0,5,5,1.0
fade_extent,5.0,opposite,22.25,OOS,1,1.0,21.25,21.25,1.0,0.0,0.0,1,1,1.0
fade_extent,5.0,opposite,22.25,Validation,1,0.0,-26.75,-26.75,0.0,1.0,0.0,1,1,1.0
fade_extent,5.0,opposite,22.5,Discovery,1,1.0,21.5,21.5,1.0,0.0,0.0,1,1,1.0
fade_extent,5.0,opposite,22.5,Validation,2,1.0,11.75,11.75,0.5,0.0,0.5,2,2,1.0
fade_extent,5.0,opposite,22.75,Discovery,2,0.5,6.75,6.75,0.5,0.5,0.0,2,2,1.0
fade_extent,5.0,opposite,22.75,Validation,2,1.0,21.75,21.75,1.0,0.0,0.0,2,2,1.0
fade_extent,5.0,opposite,23.0,Discovery,3,0.3333333333333333,-3.9166666666666665,-10.75,0.3333333333333333,0.3333333333333333,0.3333333333333333,3,3,1.0
fade_extent,5.0,opposite,23.0,OOS,1,0.0,-35.25,-35.25,0.0,1.0,0.0,1,1,1.0
fade_extent,5.0,opposite,23.25,Validation,1,0.0,-19.75,-19.75,0.0,1.0,0.0,1,1,1.0
fade_extent,5.0,opposite,23.5,Validation,1,0.0,-39.0,-39.0,0.0,1.0,0.0,1,1,1.0
fade_extent,5.0,opposite,23.75,Discovery,3,0.3333333333333333,-6.583333333333333,-9.75,0.3333333333333333,0.6666666666666666,0.0,3,3,1.0
fade_extent,5.0,opposite,24.0,OOS,1,1.0,23.0,23.0,1.0,0.0,0.0,1,1,1.0
fade_extent,5.0,opposite,24.25,Discovery,1,0.0,-32.0,-32.0,0.0,1.0,0.0,1,1,1.0
fade_extent,5.0,opposite,24.25,OOS,2,0.5,3.75,3.75,0.5,0.5,0.0,2,2,1.0
fade_extent,5.0,opposite,24.25,Validation,1,0.0,-19.0,-19.0,0.0,1.0,0.0,1,1,1.0
fade_extent,5.0,opposite,24.5,Discovery,3,0.6666666666666666,10.25,23.5,0.6666666666666666,0.3333333333333333,0.0,3,3,1.0
fade_extent,5.0,opposite,24.5,Validation,3,0.6666666666666666,14.75,23.5,0.6666666666666666,0.0,0.3333333333333333,3,3,1.0
fade_extent,5.0,opposite,24.75,Discovery,1,0.0,-1.25,-1.25,0.0,0.0,1.0,1,1,1.0
fade_extent,5.0,opposite,24.75,Validation,3,0.6666666666666666,12.166666666666666,23.75,0.6666666666666666,0.3333333333333333,0.0,3,3,1.0
fade_extent,5.0,opposite,25.0,Discovery,3,0.3333333333333333,0.6666666666666666,-10.75,0.3333333333333333,0.6666666666666666,0.0,3,3,1.0
fade_extent,5.0,opposite,25.25,Discovery,4,0.75,-4.1875,15.875,0.5,0.25,0.25,4,4,1.0
fade_extent,5.0,opposite,25.25,OOS,2,0.5,-3.75,-3.75,0.5,0.5,0.0,2,2,1.0
fade_extent,5.0,opposite,25.25,Validation,4,0.25,-18.1875,-25.375,0.25,0.75,0.0,4,4,1.0
fade_extent,5.0,opposite,25.5,Discovery,1,0.0,-48.25,-48.25,0.0,1.0,0.0,1,1,1.0
fade_extent,5.0,opposite,25.5,OOS,1,0.0,-20.5,-20.5,0.0,1.0,0.0,1,1,1.0
fade_extent,5.0,opposite,25.5,Validation,1,0.0,-22.25,-22.25,0.0,1.0,0.0,1,1,1.0
fade_extent,5.0,opposite,25.75,Discovery,1,0.0,-14.0,-14.0,0.0,1.0,0.0,1,1,1.0
fade_extent,5.0,opposite,25.75,OOS,1,1.0,24.75,24.75,1.0,0.0,0.0,1,1,1.0
fade_extent,5.0,opposite,25.75,Validation,5,0.4,-1.1,-7.25,0.4,0.6,0.0,5,5,1.0
fade_extent,5.0,opposite,26.0,Discovery,1,0.0,-10.75,-10.75,0.0,1.0,0.0,1,1,1.0
fade_extent,5.0,opposite,26.25,Discovery,4,0.75,14.1875,25.25,0.75,0.25,0.0,4,4,1.0
fade_extent,5.0,opposite,26.25,OOS,3,0.6666666666666666,-10.916666666666666,25.25,0.6666666666666666,0.3333333333333333,0.0,3,3,1.0
fade_extent,5.0,opposite,26.25,Validation,1,1.0,25.25,25.25,1.0,0.0,0.0,1,1,1.0
fade_extent,5.0,opposite,26.5,Discovery,3,0.0,-17.0,-17.0,0.0,1.0,0.0,3,3,1.0
fade_extent,5.0,opposite,26.75,Discovery,2,0.0,-41.875,-41.875,0.0,0.5,0.5,2,2,1.0
fade_extent,5.0,opposite,26.75,OOS,1,1.0,25.75,25.75,1.0,0.0,0.0,1,1,1.0
fade_extent,5.0,opposite,26.75,Validation,1,0.0,-11.25,-11.25,0.0,0.0,1.0,1,1,1.0
fade_extent,5.0,opposite,27.0,Discovery,2,0.5,12.875,12.875,0.5,0.0,0.5,2,2,1.0
fade_extent,5.0,opposite,27.0,Validation,3,0.3333333333333333,-3.0833333333333335,-14.5,0.3333333333333333,0.6666666666666666,0.0,3,3,1.0
fade_extent,5.0,opposite,27.25,Discovery,2,0.5,12.125,12.125,0.5,0.0,0.5,2,2,1.0
fade_extent,5.0,opposite,27.25,Validation,4,0.75,11.8125,26.25,0.75,0.25,0.0,4,4,1.0
fade_extent,5.0,opposite,27.5,Discovery,1,0.0,-29.0,-29.0,0.0,1.0,0.0,1,1,1.0
fade_extent,5.0,opposite,27.5,Validation,1,0.0,-10.25,-10.25,0.0,1.0,0.0,1,1,1.0
fade_extent,5.0,opposite,27.75,Discovery,2,0.5,9.75,9.75,0.5,0.5,0.0,2,2,1.0
fade_extent,5.0,opposite,27.75,OOS,2,0.5,7.125,7.125,0.5,0.0,0.5,2,2,1.0
fade_extent,5.0,opposite,27.75,Validation,1,1.0,26.75,26.75,1.0,0.0,0.0,1,1,1.0
fade_extent,5.0,opposite,28.0,Discovery,2,0.5,4.75,4.75,0.0,0.0,1.0,2,2,1.0
fade_extent,5.0,opposite,28.0,Validation,3,0.6666666666666666,6.916666666666667,27.0,0.6666666666666666,0.3333333333333333,0.0,3,3,1.0
fade_extent,5.0,opposite,28.25,Discovery,1,0.0,-10.25,-10.25,0.0,1.0,0.0,1,1,1.0
fade_extent,5.0,opposite,28.5,Discovery,4,0.5,1.25,2.375,0.25,0.5,0.25,4,4,1.0
fade_extent,5.0,opposite,28.5,Validation,1,1.0,27.5,27.5,1.0,0.0,0.0,1,1,1.0
fade_extent,5.0,opposite,28.75,Discovery,2,0.0,-9.0,-9.0,0.0,1.0,0.0,2,2,1.0
fade_extent,5.0,opposite,28.75,Validation,1,1.0,27.75,27.75,1.0,0.0,0.0,1,1,1.0
fade_extent,5.0,opposite,29.0,Discovery,3,1.0,21.416666666666668,28.0,0.6666666666666666,0.0,0.3333333333333333,3,3,1.0
fade_extent,5.0,opposite,29.0,OOS,1,1.0,28.0,28.0,1.0,0.0,0.0,1,1,1.0
fade_extent,5.0,opposite,29.0,Validation,4,0.5,-0.5625,5.0,0.5,0.5,0.0,4,4,1.0
fade_extent,5.0,opposite,29.25,Discovery,2,0.5,0.75,0.75,0.5,0.5,0.0,2,2,1.0
fade_extent,5.0,opposite,29.25,OOS,1,0.0,-34.25,-34.25,0.0,1.0,0.0,1,1,1.0
fade_extent,5.0,opposite,29.25,Validation,2,0.5,5.0,5.0,0.5,0.5,0.0,2,2,1.0
fade_extent,5.0,opposite,29.5,Discovery,2,0.5,13.25,13.25,0.5,0.0,0.5,2,2,1.0
fade_extent,5.0,opposite,29.5,Validation,1,0.0,-35.0,-35.0,0.0,1.0,0.0,1,1,1.0
fade_extent,5.0,opposite,29.75,Discovery,1,1.0,28.75,28.75,1.0,0.0,0.0,1,1,1.0
fade_extent,5.0,opposite,29.75,Validation,2,0.0,-34.75,-34.75,0.0,1.0,0.0,2,2,1.0
fade_extent,5.0,opposite,30.0,Validation,3,0.0,-38.166666666666664,-15.25,0.0,0.6666666666666666,0.3333333333333333,3,3,1.0
fade_extent,5.0,opposite,30.25,OOS,1,1.0,29.25,29.25,1.0,0.0,0.0,1,1,1.0
fade_extent,5.0,opposite,30.5,Discovery,2,0.5,9.75,9.75,0.5,0.5,0.0,2,2,1.0
fade_extent,5.0,opposite,30.5,OOS,1,0.0,-22.5,-22.5,0.0,1.0,0.0,1,1,1.0
fade_extent,5.0,opposite,30.75,Discovery,1,1.0,29.75,29.75,1.0,0.0,0.0,1,1,1.0
fade_extent,5.0,opposite,30.75,OOS,2,0.5,4.25,4.25,0.5,0.5,0.0,2,2,1.0
fade_extent,5.0,opposite,30.75,Validation,3,0.3333333333333333,-1.25,-16.5,0.3333333333333333,0.6666666666666666,0.0,3,3,1.0
fade_extent,5.0,opposite,31.0,Discovery,2,1.0,23.25,23.25,0.5,0.0,0.5,2,2,1.0
fade_extent,5.0,opposite,31.25,Discovery,1,0.0,-43.25,-43.25,0.0,1.0,0.0,1,1,1.0
fade_extent,5.0,opposite,31.25,OOS,1,1.0,5.75,5.75,0.0,0.0,1.0,1,1,1.0
fade_extent,5.0,opposite,31.25,Validation,3,0.3333333333333333,0.0,-11.5,0.3333333333333333,0.6666666666666666,0.0,3,3,1.0
fade_extent,5.0,opposite,31.5,Discovery,5,0.0,-41.5,-51.5,0.0,1.0,0.0,5,5,1.0
fade_extent,5.0,opposite,31.5,OOS,1,0.0,-7.5,-7.5,0.0,0.0,1.0,1,1,1.0
fade_extent,5.0,opposite,31.5,Validation,1,0.0,-24.25,-24.25,0.0,1.0,0.0,1,1,1.0
fade_extent,5.0,opposite,31.75,Discovery,1,0.0,-30.75,-30.75,0.0,1.0,0.0,1,1,1.0
fade_extent,5.0,opposite,31.75,Validation,1,1.0,30.75,30.75,1.0,0.0,0.0,1,1,1.0
fade_extent,5.0,opposite,32.0,Discovery,2,1.0,31.0,31.0,1.0,0.0,0.0,2,2,1.0
fade_extent,5.0,opposite,32.0,Validation,2,0.5,5.625,5.625,0.5,0.5,0.0,2,2,1.0
fade_extent,5.0,opposite,32.25,Discovery,1,0.0,-32.75,-32.75,0.0,1.0,0.0,1,1,1.0
fade_extent,5.0,opposite,32.25,Validation,2,0.0,-14.625,-14.625,0.0,1.0,0.0,2,2,1.0
fade_extent,5.0,opposite,32.5,Validation,2,0.0,-23.125,-23.125,0.0,1.0,0.0,2,2,1.0
fade_extent,5.0,opposite,32.75,OOS,1,1.0,31.75,31.75,1.0,0.0,0.0,1,1,1.0
fade_extent,5.0,opposite,32.75,Validation,2,0.5,-2.625,-2.625,0.5,0.5,0.0,2,2,1.0
fade_extent,5.0,opposite,33.0,Discovery,1,0.0,-14.75,-14.75,0.0,1.0,0.0,1,1,1.0
fade_extent,5.0,opposite,33.0,OOS,1,0.0,-47.75,-47.75,0.0,1.0,0.0,1,1,1.0
fade_extent,5.0,opposite,33.0,Validation,1,0.0,-43.0,-43.0,0.0,1.0,0.0,1,1,1.0
fade_extent,5.0,opposite,33.25,Discovery,1,1.0,17.25,17.25,0.0,0.0,1.0,1,1,1.0
fade_extent,5.0,opposite,33.25,Validation,2,0.0,-21.625,-21.625,0.0,1.0,0.0,2,2,1.0
fade_extent,5.0,opposite,33.5,Discovery,1,0.0,-22.75,-22.75,0.0,1.0,0.0,1,1,1.0
fade_extent,5.0,opposite,33.5,Validation,1,1.0,32.5,32.5,1.0,0.0,0.0,1,1,1.0
fade_extent,5.0,opposite,33.75,Discovery,3,0.0,-66.5,-75.75,0.0,1.0,0.0,3,3,1.0
fade_extent,5.0,opposite,33.75,OOS,1,1.0,32.75,32.75,1.0,0.0,0.0,1,1,1.0
fade_extent,5.0,opposite,33.75,Validation,1,1.0,32.75,32.75,1.0,0.0,0.0,1,1,1.0
fade_extent,5.0,opposite,34.0,Discovery,2,1.0,33.0,33.0,1.0,0.0,0.0,2,2,1.0
fade_extent,5.0,opposite,34.0,Validation,1,1.0,33.0,33.0,1.0,0.0,0.0,1,1,1.0
fade_extent,5.0,opposite,34.25,Discovery,1,1.0,33.25,33.25,1.0,0.0,0.0,1,1,1.0
fade_extent,5.0,opposite,34.5,Discovery,2,0.0,-32.375,-32.375,0.0,0.5,0.5,2,2,1.0
fade_extent,5.0,opposite,34.5,Validation,1,1.0,33.5,33.5,1.0,0.0,0.0,1,1,1.0
fade_extent,5.0,opposite,34.75,Validation,2,0.0,-25.125,-25.125,0.0,0.5,0.5,2,2,1.0
fade_extent,5.0,opposite,35.0,Validation,2,0.5,5.625,5.625,0.5,0.5,0.0,2,2,1.0
fade_extent,5.0,opposite,35.25,Discovery,2,0.5,12.375,12.375,0.5,0.5,0.0,2,2,1.0
fade_extent,5.0,opposite,35.25,Validation,2,0.0,-19.25,-19.25,0.0,1.0,0.0,2,2,1.0
fade_extent,5.0,opposite,35.5,Discovery,2,0.5,11.625,11.625,0.5,0.5,0.0,2,2,1.0
fade_extent,5.0,opposite,35.5,Validation,1,0.0,-19.5,-19.5,0.0,1.0,0.0,1,1,1.0
fade_extent,5.0,opposite,35.75,OOS,1,1.0,34.75,34.75,1.0,0.0,0.0,1,1,1.0
fade_extent,5.0,opposite,35.75,Validation,2,1.0,34.75,34.75,1.0,0.0,0.0,2,2,1.0
fade_extent,5.0,opposite,36.0,OOS,1,0.0,-13.75,-13.75,0.0,1.0,0.0,1,1,1.0
fade_extent,5.0,opposite,36.0,Validation,4,0.0,-22.75,-17.75,0.0,1.0,0.0,4,4,1.0
fade_extent,5.0,opposite,36.25,OOS,2,1.0,35.25,35.25,1.0,0.0,0.0,2,2,1.0
fade_extent,5.0,opposite,36.25,Validation,1,0.0,-13.75,-13.75,0.0,1.0,0.0,1,1,1.0
fade_extent,5.0,opposite,36.5,OOS,1,0.0,-48.5,-48.5,0.0,1.0,0.0,1,1,1.0
fade_extent,5.0,opposite,36.5,Validation,2,0.5,-16.125,-16.125,0.0,0.5,0.5,2,2,1.0
fade_extent,5.0,opposite,36.75,Discovery,1,0.0,-12.25,-12.25,0.0,1.0,0.0,1,1,1.0
fade_extent,5.0,opposite,36.75,OOS,1,1.0,35.75,35.75,1.0,0.0,0.0,1,1,1.0
fade_extent,5.0,opposite,37.0,Discovery,1,1.0,36.0,36.0,1.0,0.0,0.0,1,1,1.0
fade_extent,5.0,opposite,37.25,Validation,1,1.0,20.75,20.75,0.0,0.0,1.0,1,1,1.0
fade_extent,5.0,opposite,37.5,Discovery,1,0.0,-20.75,-20.75,0.0,1.0,0.0,1,1,1.0
fade_extent,5.0,opposite,37.5,Validation,1,1.0,36.5,36.5,1.0,0.0,0.0,1,1,1.0
fade_extent,5.0,opposite,37.75,Discovery,1,0.0,-14.75,-14.75,0.0,1.0,0.0,1,1,1.0
fade_extent,5.0,opposite,37.75,OOS,1,1.0,36.75,36.75,1.0,0.0,0.0,1,1,1.0
fade_extent,5.0,opposite,37.75,Validation,2,0.5,2.375,2.375,0.5,0.0,0.5,2,2,1.0
fade_extent,5.0,opposite,38.0,Discovery,2,0.0,-22.0,-22.0,0.0,1.0,0.0,2,2,1.0
fade_extent,5.0,opposite,38.0,OOS,1,1.0,37.0,37.0,1.0,0.0,0.0,1,1,1.0
fade_extent,5.0,opposite,38.0,Validation,1,0.0,-17.75,-17.75,0.0,1.0,0.0,1,1,1.0
fade_extent,5.0,opposite,38.25,Discovery,3,0.3333333333333333,-11.5,-17.75,0.3333333333333333,0.6666666666666666,0.0,3,3,1.0
fade_extent,5.0,opposite,38.25,Validation,3,0.6666666666666666,8.333333333333334,37.25,0.6666666666666666,0.3333333333333333,0.0,3,3,1.0
fade_extent,5.0,opposite,38.75,Discovery,1,0.0,-11.5,-11.5,0.0,1.0,0.0,1,1,1.0
fade_extent,5.0,opposite,38.75,Validation,4,1.0,30.125,37.75,0.75,0.0,0.25,4,4,1.0
fade_extent,5.0,opposite,39.0,Validation,1,1.0,38.0,38.0,1.0,0.0,0.0,1,1,1.0
fade_extent,5.0,opposite,39.25,Discovery,1,1.0,38.25,38.25,1.0,0.0,0.0,1,1,1.0
fade_extent,5.0,opposite,39.25,OOS,1,1.0,38.25,38.25,1.0,0.0,0.0,1,1,1.0
fade_extent,5.0,opposite,39.25,Validation,2,0.5,-9.125,-9.125,0.5,0.5,0.0,2,2,1.0
fade_extent,5.0,opposite,39.5,Discovery,1,0.0,-18.25,-18.25,0.0,1.0,0.0,1,1,1.0
fade_extent,5.0,opposite,39.5,OOS,1,0.0,-54.75,-54.75,0.0,1.0,0.0,1,1,1.0
fade_extent,5.0,opposite,39.5,Validation,1,0.0,-32.0,-32.0,0.0,1.0,0.0,1,1,1.0
fade_extent,5.0,opposite,39.75,OOS,2,1.0,38.75,38.75,1.0,0.0,0.0,2,2,1.0
fade_extent,5.0,opposite,39.75,Validation,1,0.0,-11.25,-11.25,0.0,1.0,0.0,1,1,1.0
fade_extent,5.0,opposite,40.0,Validation,2,0.0,-21.875,-21.875,0.0,1.0,0.0,2,2,1.0
fade_extent,5.0,opposite,40.25,Discovery,1,1.0,39.25,39.25,1.0,0.0,0.0,1,1,1.0
fade_extent,5.0,opposite,40.5,OOS,1,1.0,39.5,39.5,1.0,0.0,0.0,1,1,1.0
fade_extent,5.0,opposite,40.75,Discovery,1,1.0,39.75,39.75,1.0,0.0,0.0,1,1,1.0
fade_extent,5.0,opposite,40.75,Validation,2,0.5,-8.0,-8.0,0.0,0.5,0.5,2,2,1.0
fade_extent,5.0,opposite,41.0,OOS,1,1.0,40.0,40.0,1.0,0.0,0.0,1,1,1.0
fade_extent,5.0,opposite,41.0,Validation,1,0.0,-24.5,-24.5,0.0,1.0,0.0,1,1,1.0
fade_extent,5.0,opposite,41.25,Discovery,1,0.0,-27.0,-27.0,0.0,1.0,0.0,1,1,1.0
fade_extent,5.0,opposite,41.25,Validation,3,0.3333333333333333,-1.6666666666666667,-19.25,0.3333333333333333,0.6666666666666666,0.0,3,3,1.0
fade_extent,5.0,opposite,41.5,OOS,1,0.0,-13.0,-13.0,0.0,1.0,0.0,1,1,1.0
fade_extent,5.0,opposite,41.5,Validation,1,0.0,-9.75,-9.75,0.0,1.0,0.0,1,1,1.0
fade_extent,5.0,opposite,41.75,Validation,1,0.0,-84.0,-84.0,0.0,1.0,0.0,1,1,1.0
fade_extent,5.0,opposite,42.0,Discovery,1,0.0,-21.5,-21.5,0.0,1.0,0.0,1,1,1.0
fade_extent,5.0,opposite,42.0,Validation,3,0.3333333333333333,-1.75,-21.0,0.3333333333333333,0.6666666666666666,0.0,3,3,1.0
fade_extent,5.0,opposite,42.25,Validation,1,0.0,-20.0,-20.0,0.0,1.0,0.0,1,1,1.0
fade_extent,5.0,opposite,42.75,OOS,1,1.0,41.75,41.75,1.0,0.0,0.0,1,1,1.0
fade_extent,5.0,opposite,43.25,Discovery,3,0.0,-20.166666666666668,-11.25,0.0,0.6666666666666666,0.3333333333333333,3,3,1.0
fade_extent,5.0,opposite,43.25,Validation,1,0.0,-13.25,-13.25,0.0,1.0,0.0,1,1,1.0
fade_extent,5.0,opposite,43.5,Discovery,2,0.0,-23.375,-23.375,0.0,1.0,0.0,2,2,1.0
fade_extent,5.0,opposite,43.5,Validation,1,0.0,-10.75,-10.75,0.0,1.0,0.0,1,1,1.0
fade_extent,5.0,opposite,43.75,Discovery,1,0.0,-13.5,-13.5,0.0,1.0,0.0,1,1,1.0
fade_extent,5.0,opposite,43.75,OOS,2,0.5,-2.625,-2.625,0.5,0.5,0.0,2,2,1.0
fade_extent,5.0,opposite,43.75,Validation,2,0.5,-22.875,-22.875,0.5,0.0,0.5,2,2,1.0
fade_extent,5.0,opposite,44.0,OOS,1,0.0,-30.25,-30.25,0.0,1.0,0.0,1,1,1.0
fade_extent,5.0,opposite,44.0,Validation,2,0.0,-18.875,-18.875,0.0,1.0,0.0,2,2,1.0
fade_extent,5.0,opposite,44.25,Validation,2,0.0,-24.5,-24.5,0.0,1.0,0.0,2,2,1.0
fade_extent,5.0,opposite,44.75,OOS,1,0.0,-24.5,-24.5,0.0,1.0,0.0,1,1,1.0
fade_extent,5.0,opposite,44.75,Validation,2,0.0,-52.25,-52.25,0.0,1.0,0.0,2,2,1.0
fade_extent,5.0,opposite,45.0,OOS,1,0.0,-9.0,-9.0,0.0,0.0,1.0,1,1,1.0
fade_extent,5.0,opposite,45.0,Validation,2,0.0,-24.25,-24.25,0.0,1.0,0.0,2,2,1.0
fade_extent,5.0,opposite,45.25,OOS,1,1.0,44.25,44.25,1.0,0.0,0.0,1,1,1.0
fade_extent,5.0,opposite,45.5,Discovery,2,0.0,-32.5,-32.5,0.0,1.0,0.0,2,2,1.0
fade_extent,5.0,opposite,45.5,Validation,3,0.3333333333333333,-1.5,-19.0,0.3333333333333333,0.6666666666666666,0.0,3,3,1.0
fade_extent,5.0,opposite,45.75,Discovery,2,0.0,-27.75,-27.75,0.0,1.0,0.0,2,2,1.0
fade_extent,5.0,opposite,45.75,OOS,1,0.0,-30.25,-30.25,0.0,1.0,0.0,1,1,1.0
fade_extent,5.0,opposite,45.75,Validation,2,0.0,-36.375,-36.375,0.0,1.0,0.0,2,2,1.0
fade_extent,5.0,opposite,46.0,OOS,1,1.0,45.0,45.0,1.0,0.0,0.0,1,1,1.0
fade_extent,5.0,opposite,46.0,Validation,1,1.0,45.0,45.0,1.0,0.0,0.0,1,1,1.0
fade_extent,5.0,opposite,46.25,Discovery,3,0.3333333333333333,2.6666666666666665,-11.25,0.3333333333333333,0.6666666666666666,0.0,3,3,1.0
fade_extent,5.0,opposite,46.25,Validation,1,1.0,20.75,20.75,0.0,0.0,1.0,1,1,1.0
fade_extent,5.0,opposite,46.5,Discovery,2,0.5,16.875,16.875,0.5,0.5,0.0,2,2,1.0
fade_extent,5.0,opposite,46.5,OOS,2,0.5,-0.625,-0.625,0.5,0.5,0.0,2,2,1.0
fade_extent,5.0,opposite,46.75,Validation,1,1.0,45.75,45.75,1.0,0.0,0.0,1,1,1.0
fade_extent,5.0,opposite,47.0,OOS,1,0.0,-52.5,-52.5,0.0,1.0,0.0,1,1,1.0
fade_extent,5.0,opposite,47.0,Validation,2,0.5,6.0,6.0,0.5,0.5,0.0,2,2,1.0
fade_extent,5.0,opposite,47.25,Discovery,2,0.0,-15.625,-15.625,0.0,1.0,0.0,2,2,1.0
fade_extent,5.0,opposite,47.25,OOS,1,1.0,46.25,46.25,1.0,0.0,0.0,1,1,1.0
fade_extent,5.0,opposite,47.25,Validation,3,0.3333333333333333,-3.0,-18.25,0.3333333333333333,0.6666666666666666,0.0,3,3,1.0
fade_extent,5.0,opposite,47.5,Validation,2,0.5,4.875,4.875,0.5,0.5,0.0,2,2,1.0
fade_extent,5.0,opposite,47.75,OOS,1,1.0,46.75,46.75,1.0,0.0,0.0,1,1,1.0
fade_extent,5.0,opposite,47.75,Validation,1,1.0,46.75,46.75,1.0,0.0,0.0,1,1,1.0
fade_extent,5.0,opposite,48.0,Validation,2,0.0,-20.75,-20.75,0.0,1.0,0.0,2,2,1.0
fade_extent,5.0,opposite,48.25,OOS,1,0.0,-56.5,-56.5,0.0,1.0,0.0,1,1,1.0
fade_extent,5.0,opposite,48.5,Validation,1,0.0,-22.75,-22.75,0.0,1.0,0.0,1,1,1.0
fade_extent,5.0,opposite,48.75,Discovery,1,0.0,-31.0,-31.0,0.0,1.0,0.0,1,1,1.0
fade_extent,5.0,opposite,48.75,OOS,2,1.0,47.75,47.75,1.0,0.0,0.0,2,2,1.0
fade_extent,5.0,opposite,48.75,Validation,1,0.0,-29.25,-29.25,0.0,1.0,0.0,1,1,1.0
fade_extent,5.0,opposite,49.5,OOS,1,0.0,-40.5,-40.5,0.0,1.0,0.0,1,1,1.0
fade_extent,5.0,opposite,49.5,Validation,1,1.0,5.75,5.75,0.0,0.0,1.0,1,1,1.0
fade_extent,5.0,opposite,50.25,OOS,2,0.0,-18.625,-18.625,0.0,0.5,0.5,2,2,1.0
fade_extent,5.0,opposite,50.25,Validation,2,0.5,17.875,17.875,0.5,0.5,0.0,2,2,1.0
fade_extent,5.0,opposite,50.5,Discovery,1,0.0,-36.25,-36.25,0.0,1.0,0.0,1,1,1.0
fade_extent,5.0,opposite,50.5,Validation,1,1.0,4.0,4.0,0.0,0.0,1.0,1,1,1.0
fade_extent,5.0,opposite,50.75,OOS,2,0.0,-92.625,-92.625,0.0,1.0,0.0,2,2,1.0
fade_extent,5.0,opposite,50.75,Validation,2,0.5,7.125,7.125,0.5,0.5,0.0,2,2,1.0
fade_extent,5.0,opposite,51.0,OOS,1,0.0,-43.25,-43.25,0.0,1.0,0.0,1,1,1.0
fade_extent,5.0,opposite,51.25,Validation,3,0.6666666666666666,14.416666666666666,18.0,0.3333333333333333,0.3333333333333333,0.3333333333333333,3,3,1.0
fade_extent,5.0,opposite,51.5,Discovery,1,0.0,-14.75,-14.75,0.0,1.0,0.0,1,1,1.0
fade_extent,5.0,opposite,51.5,OOS,3,0.0,-32.75,-22.25,0.0,1.0,0.0,3,3,1.0
fade_extent,5.0,opposite,51.5,Validation,1,0.0,-66.75,-66.75,0.0,1.0,0.0,1,1,1.0
fade_extent,5.0,opposite,51.75,OOS,1,1.0,50.75,50.75,1.0,0.0,0.0,1,1,1.0
fade_extent,5.0,opposite,51.75,Validation,1,0.0,-15.75,-15.75,0.0,1.0,0.0,1,1,1.0
fade_extent,5.0,opposite,52.0,OOS,1,1.0,51.0,51.0,1.0,0.0,0.0,1,1,1.0
fade_extent,5.0,opposite,52.0,Validation,2,0.5,7.625,7.625,0.5,0.5,0.0,2,2,1.0
fade_extent,5.0,opposite,52.5,OOS,1,1.0,51.5,51.5,1.0,0.0,0.0,1,1,1.0
fade_extent,5.0,opposite,52.75,OOS,1,1.0,51.75,51.75,1.0,0.0,0.0,1,1,1.0
fade_extent,5.0,opposite,52.75,Validation,2,0.5,-6.125,-6.125,0.0,0.5,0.5,2,2,1.0
fade_extent,5.0,opposite,53.25,Discovery,1,0.0,-40.5,-40.5,0.0,1.0,0.0,1,1,1.0
fade_extent,5.0,opposite,53.75,OOS,1,0.0,-62.5,-62.5,0.0,1.0,0.0,1,1,1.0
fade_extent,5.0,opposite,53.75,Validation,1,0.0,-0.25,-0.25,0.0,0.0,1.0,1,1,1.0
fade_extent,5.0,opposite,54.0,OOS,1,0.0,-101.0,-101.0,0.0,1.0,0.0,1,1,1.0
fade_extent,5.0,opposite,54.5,OOS,1,1.0,53.5,53.5,1.0,0.0,0.0,1,1,1.0
fade_extent,5.0,opposite,54.5,Validation,2,0.0,-15.25,-15.25,0.0,1.0,0.0,2,2,1.0
fade_extent,5.0,opposite,54.75,OOS,1,0.0,-23.0,-23.0,0.0,1.0,0.0,1,1,1.0
fade_extent,5.0,opposite,55.25,Validation,2,0.5,20.625,20.625,0.5,0.5,0.0,2,2,1.0
fade_extent,5.0,opposite,55.5,Discovery,1,0.0,-25.5,-25.5,0.0,1.0,0.0,1,1,1.0
fade_extent,5.0,opposite,55.5,Validation,1,0.0,-19.0,-19.0,0.0,1.0,0.0,1,1,1.0
fade_extent,5.0,opposite,55.75,Discovery,2,0.5,13.625,13.625,0.5,0.5,0.0,2,2,1.0
fade_extent,5.0,opposite,55.75,Validation,1,1.0,28.0,28.0,0.0,0.0,1.0,1,1,1.0
fade_extent,5.0,opposite,56.0,Discovery,1,1.0,7.25,7.25,0.0,0.0,1.0,1,1,1.0
fade_extent,5.0,opposite,56.0,OOS,1,1.0,55.0,55.0,1.0,0.0,0.0,1,1,1.0
fade_extent,5.0,opposite,56.25,Discovery,1,0.0,-25.25,-25.25,0.0,1.0,0.0,1,1,1.0
fade_extent,5.0,opposite,56.25,Validation,3,0.0,-23.916666666666668,-26.0,0.0,1.0,0.0,3,3,1.0
fade_extent,5.0,opposite,56.5,OOS,1,1.0,55.5,55.5,1.0,0.0,0.0,1,1,1.0
fade_extent,5.0,opposite,56.5,Validation,1,1.0,55.5,55.5,1.0,0.0,0.0,1,1,1.0
fade_extent,5.0,opposite,56.75,OOS,1,1.0,55.75,55.75,1.0,0.0,0.0,1,1,1.0
fade_extent,5.0,opposite,56.75,Validation,1,0.0,-33.5,-33.5,0.0,1.0,0.0,1,1,1.0
fade_extent,5.0,opposite,57.25,Validation,1,1.0,22.0,22.0,0.0,0.0,1.0,1,1,1.0
fade_extent,5.0,opposite,57.5,Validation,1,0.0,-15.5,-15.5,0.0,1.0,0.0,1,1,1.0
fade_extent,5.0,opposite,57.75,Discovery,1,1.0,16.0,16.0,0.0,0.0,1.0,1,1,1.0
fade_extent,5.0,opposite,58.0,OOS,2,0.0,-34.625,-34.625,0.0,1.0,0.0,2,2,1.0
fade_extent,5.0,opposite,58.75,OOS,1,0.0,-30.25,-30.25,0.0,1.0,0.0,1,1,1.0
fade_extent,5.0,opposite,59.0,OOS,1,0.0,-38.25,-38.25,0.0,1.0,0.0,1,1,1.0
fade_extent,5.0,opposite,59.0,Validation,2,0.5,3.875,3.875,0.5,0.5,0.0,2,2,1.0
fade_extent,5.0,opposite,59.5,OOS,1,0.0,-23.75,-23.75,0.0,1.0,0.0,1,1,1.0
fade_extent,5.0,opposite,59.5,Validation,1,0.0,-14.5,-14.5,0.0,0.0,1.0,1,1,1.0
fade_extent,5.0,opposite,59.75,Discovery,1,0.0,-16.75,-16.75,0.0,0.0,1.0,1,1,1.0
fade_extent,5.0,opposite,59.75,OOS,1,0.0,-79.5,-79.5,0.0,1.0,0.0,1,1,1.0
fade_extent,5.0,opposite,60.0,OOS,1,1.0,59.0,59.0,1.0,0.0,0.0,1,1,1.0
fade_extent,5.0,opposite,60.0,Validation,1,0.0,-61.25,-61.25,0.0,1.0,0.0,1,1,1.0
fade_extent,5.0,opposite,61.0,Validation,1,0.0,-14.25,-14.25,0.0,1.0,0.0,1,1,1.0
fade_extent,5.0,opposite,61.5,Validation,2,0.5,-1.125,-1.125,0.0,0.5,0.5,2,2,1.0
fade_extent,5.0,opposite,62.0,OOS,1,0.0,-18.5,-18.5,0.0,1.0,0.0,1,1,1.0
fade_extent,5.0,opposite,62.25,Discovery,1,0.0,-18.0,-18.0,0.0,1.0,0.0,1,1,1.0
fade_extent,5.0,opposite,62.25,OOS,2,0.5,22.0,22.0,0.5,0.5,0.0,2,2,1.0
fade_extent,5.0,opposite,62.25,Validation,2,0.5,0.875,0.875,0.5,0.5,0.0,2,2,1.0
fade_extent,5.0,opposite,62.75,Discovery,1,0.0,-22.5,-22.5,0.0,1.0,0.0,1,1,1.0
fade_extent,5.0,opposite,63.25,Discovery,1,1.0,62.25,62.25,1.0,0.0,0.0,1,1,1.0
fade_extent,5.0,opposite,63.75,Validation,2,0.0,-21.625,-21.625,0.0,1.0,0.0,2,2,1.0
fade_extent,5.0,opposite,64.5,OOS,1,1.0,63.5,63.5,1.0,0.0,0.0,1,1,1.0
fade_extent,5.0,opposite,64.5,Validation,1,0.0,-25.75,-25.75,0.0,1.0,0.0,1,1,1.0
fade_extent,5.0,opposite,64.75,Validation,1,1.0,63.75,63.75,1.0,0.0,0.0,1,1,1.0
fade_extent,5.0,opposite,65.75,OOS,2,0.5,20.375,20.375,0.5,0.0,0.5,2,2,1.0
fade_extent,5.0,opposite,65.75,Validation,1,1.0,64.75,64.75,1.0,0.0,0.0,1,1,1.0
fade_extent,5.0,opposite,66.25,OOS,1,0.0,-24.5,-24.5,0.0,1.0,0.0,1,1,1.0
fade_extent,5.0,opposite,66.5,OOS,1,0.0,-62.0,-62.0,0.0,1.0,0.0,1,1,1.0
fade_extent,5.0,opposite,66.75,OOS,2,1.0,65.75,65.75,1.0,0.0,0.0,2,2,1.0
fade_extent,5.0,opposite,67.25,Validation,1,0.0,-26.25,-26.25,0.0,1.0,0.0,1,1,1.0
fade_extent,5.0,opposite,67.5,OOS,1,1.0,66.5,66.5,1.0,0.0,0.0,1,1,1.0
fade_extent,5.0,opposite,67.5,Validation,1,0.0,-26.0,-26.0,0.0,1.0,0.0,1,1,1.0
fade_extent,5.0,opposite,67.75,OOS,1,1.0,66.75,66.75,1.0,0.0,0.0,1,1,1.0
fade_extent,5.0,opposite,67.75,Validation,1,1.0,66.75,66.75,1.0,0.0,0.0,1,1,1.0
fade_extent,5.0,opposite,68.75,Validation,1,0.0,-49.25,-49.25,0.0,1.0,0.0,1,1,1.0
fade_extent,5.0,opposite,69.25,Discovery,1,1.0,43.0,43.0,0.0,0.0,1.0,1,1,1.0
fade_extent,5.0,opposite,69.25,OOS,1,1.0,68.25,68.25,1.0,0.0,0.0,1,1,1.0
fade_extent,5.0,opposite,69.5,OOS,1,0.0,-35.5,-35.5,0.0,1.0,0.0,1,1,1.0
fade_extent,5.0,opposite,69.5,Validation,1,0.0,-14.75,-14.75,0.0,1.0,0.0,1,1,1.0
fade_extent,5.0,opposite,69.75,Validation,1,0.0,-28.0,-28.0,0.0,1.0,0.0,1,1,1.0
fade_extent,5.0,opposite,70.0,Discovery,1,1.0,59.0,59.0,0.0,0.0,1.0,1,1,1.0
fade_extent,5.0,opposite,70.0,Validation,1,0.0,-30.0,-30.0,0.0,1.0,0.0,1,1,1.0
fade_extent,5.0,opposite,70.25,OOS,1,1.0,69.25,69.25,1.0,0.0,0.0,1,1,1.0
fade_extent,5.0,opposite,70.5,OOS,1,0.0,-49.75,-49.75,0.0,1.0,0.0,1,1,1.0
fade_extent,5.0,opposite,70.5,Validation,1,0.0,-13.0,-13.0,0.0,1.0,0.0,1,1,1.0
fade_extent,5.0,opposite,70.75,Validation,1,0.0,-3.25,-3.25,0.0,0.0,1.0,1,1,1.0
fade_extent,5.0,opposite,71.25,Discovery,1,1.0,70.25,70.25,1.0,0.0,0.0,1,1,1.0
fade_extent,5.0,opposite,71.25,Validation,1,0.0,-42.5,-42.5,0.0,1.0,0.0,1,1,1.0
fade_extent,5.0,opposite,72.0,Validation,1,0.0,-106.0,-106.0,0.0,1.0,0.0,1,1,1.0
fade_extent,5.0,opposite,72.25,Discovery,1,0.0,-35.5,-35.5,0.0,1.0,0.0,1,1,1.0
fade_extent,5.0,opposite,72.25,Validation,2,1.0,71.25,71.25,1.0,0.0,0.0,2,2,1.0
fade_extent,5.0,opposite,72.75,Validation,1,0.0,-36.25,-36.25,0.0,1.0,0.0,1,1,1.0
fade_extent,5.0,opposite,73.0,Validation,1,1.0,72.0,72.0,1.0,0.0,0.0,1,1,1.0
fade_extent,5.0,opposite,73.25,Discovery,1,1.0,72.25,72.25,1.0,0.0,0.0,1,1,1.0
fade_extent,5.0,opposite,73.25,Validation,1,0.0,-17.0,-17.0,0.0,1.0,0.0,1,1,1.0
fade_extent,5.0,opposite,73.75,Validation,1,1.0,8.0,8.0,0.0,0.0,1.0,1,1,1.0
fade_extent,5.0,opposite,74.0,OOS,1,1.0,73.0,73.0,1.0,0.0,0.0,1,1,1.0
fade_extent,5.0,opposite,74.0,Validation,1,1.0,73.0,73.0,1.0,0.0,0.0,1,1,1.0
fade_extent,5.0,opposite,74.25,OOS,1,0.0,-66.5,-66.5,0.0,1.0,0.0,1,1,1.0
fade_extent,5.0,opposite,74.5,OOS,1,0.0,-34.75,-34.75,0.0,1.0,0.0,1,1,1.0
fade_extent,5.0,opposite,74.75,OOS,1,0.0,-158.0,-158.0,0.0,1.0,0.0,1,1,1.0
fade_extent,5.0,opposite,75.5,Discovery,2,0.0,-30.375,-30.375,0.0,1.0,0.0,2,2,1.0
fade_extent,5.0,opposite,75.75,Validation,1,0.0,-24.25,-24.25,0.0,1.0,0.0,1,1,1.0
fade_extent,5.0,opposite,76.0,Validation,1,0.0,-20.25,-20.25,0.0,1.0,0.0,1,1,1.0
fade_extent,5.0,opposite,76.5,Validation,1,1.0,1.5,1.5,0.0,0.0,1.0,1,1,1.0
fade_extent,5.0,opposite,77.75,Validation,1,0.0,-39.75,-39.75,0.0,1.0,0.0,1,1,1.0
fade_extent,5.0,opposite,78.0,Discovery,2,1.0,77.0,77.0,1.0,0.0,0.0,2,2,1.0
fade_extent,5.0,opposite,79.25,Validation,1,0.0,-21.25,-21.25,0.0,1.0,0.0,1,1,1.0
fade_extent,5.0,opposite,79.5,Validation,1,0.0,-84.0,-84.0,0.0,1.0,0.0,1,1,1.0
fade_extent,5.0,opposite,80.0,Validation,1,0.0,-40.0,-40.0,0.0,1.0,0.0,1,1,1.0
fade_extent,5.0,opposite,81.0,Discovery,1,1.0,80.0,80.0,1.0,0.0,0.0,1,1,1.0
fade_extent,5.0,opposite,81.25,OOS,1,1.0,46.75,46.75,0.0,0.0,1.0,1,1,1.0
fade_extent,5.0,opposite,81.5,Validation,1,0.0,-13.5,-13.5,0.0,1.0,0.0,1,1,1.0
fade_extent,5.0,opposite,81.75,Discovery,1,0.0,-8.5,-8.5,0.0,1.0,0.0,1,1,1.0
fade_extent,5.0,opposite,81.75,Validation,1,0.0,-14.5,-14.5,0.0,1.0,0.0,1,1,1.0
fade_extent,5.0,opposite,82.0,OOS,1,1.0,81.0,81.0,1.0,0.0,0.0,1,1,1.0
fade_extent,5.0,opposite,82.5,Discovery,1,0.0,-18.0,-18.0,0.0,1.0,0.0,1,1,1.0
fade_extent,5.0,opposite,82.75,Validation,1,0.0,-0.5,-0.5,0.0,0.0,1.0,1,1,1.0
fade_extent,5.0,opposite,83.0,OOS,1,0.0,-37.0,-37.0,0.0,1.0,0.0,1,1,1.0
fade_extent,5.0,opposite,83.5,Discovery,1,1.0,82.5,82.5,1.0,0.0,0.0,1,1,1.0
fade_extent,5.0,opposite,83.75,OOS,1,1.0,82.75,82.75,1.0,0.0,0.0,1,1,1.0
fade_extent,5.0,opposite,83.75,Validation,1,0.0,-18.5,-18.5,0.0,1.0,0.0,1,1,1.0
fade_extent,5.0,opposite,84.0,Validation,1,0.0,-32.0,-32.0,0.0,1.0,0.0,1,1,1.0
fade_extent,5.0,opposite,84.5,OOS,1,0.0,-32.75,-32.75,0.0,1.0,0.0,1,1,1.0
fade_extent,5.0,opposite,85.0,Discovery,1,0.0,-13.25,-13.25,0.0,1.0,0.0,1,1,1.0
fade_extent,5.0,opposite,85.0,Validation,1,0.0,-44.25,-44.25,0.0,0.0,1.0,1,1,1.0
fade_extent,5.0,opposite,85.25,OOS,1,0.0,-34.75,-34.75,0.0,1.0,0.0,1,1,1.0
fade_extent,5.0,opposite,85.5,OOS,1,1.0,84.5,84.5,1.0,0.0,0.0,1,1,1.0
fade_extent,5.0,opposite,85.5,Validation,2,0.0,-26.5,-26.5,0.0,1.0,0.0,2,2,1.0
fade_extent,5.0,opposite,85.75,Validation,1,0.0,-29.0,-29.0,0.0,1.0,0.0,1,1,1.0
fade_extent,5.0,opposite,86.0,OOS,1,0.0,-15.5,-15.5,0.0,0.0,1.0,1,1,1.0
fade_extent,5.0,opposite,86.0,Validation,2,0.5,27.75,27.75,0.5,0.5,0.0,2,2,1.0
fade_extent,5.0,opposite,86.5,OOS,1,1.0,85.5,85.5,1.0,0.0,0.0,1,1,1.0
fade_extent,5.0,opposite,86.75,Validation,1,0.0,-30.75,-30.75,0.0,1.0,0.0,1,1,1.0
fade_extent,5.0,opposite,87.0,Validation,1,0.0,-25.25,-25.25,0.0,1.0,0.0,1,1,1.0
fade_extent,5.0,opposite,87.75,OOS,1,0.0,-40.0,-40.0,0.0,1.0,0.0,1,1,1.0
fade_extent,5.0,opposite,87.75,Validation,1,1.0,86.75,86.75,1.0,0.0,0.0,1,1,1.0
fade_extent,5.0,opposite,88.0,Validation,2,0.5,22.125,22.125,0.5,0.5,0.0,2,2,1.0
fade_extent,5.0,opposite,88.25,OOS,1,1.0,47.25,47.25,0.0,0.0,1.0,1,1,1.0
fade_extent,5.0,opposite,88.5,Validation,2,0.0,-16.375,-16.375,0.0,0.5,0.5,2,2,1.0
fade_extent,5.0,opposite,89.75,Discovery,2,0.5,-16.625,-16.625,0.0,0.5,0.5,2,2,1.0
fade_extent,5.0,opposite,90.0,Discovery,1,1.0,89.0,89.0,1.0,0.0,0.0,1,1,1.0
fade_extent,5.0,opposite,91.25,OOS,1,0.0,-84.5,-84.5,0.0,0.0,1.0,1,1,1.0
fade_extent,5.0,opposite,91.5,Discovery,1,0.0,-24.75,-24.75,0.0,1.0,0.0,1,1,1.0
fade_extent,5.0,opposite,91.75,Validation,2,0.0,-29.125,-29.125,0.0,0.5,0.5,2,2,1.0
fade_extent,5.0,opposite,92.0,OOS,2,0.5,-19.25,-19.25,0.0,0.5,0.5,2,2,1.0
fade_extent,5.0,opposite,92.5,OOS,1,1.0,91.5,91.5,1.0,0.0,0.0,1,1,1.0
fade_extent,5.0,opposite,92.5,Validation,1,1.0,91.5,91.5,1.0,0.0,0.0,1,1,1.0
fade_extent,5.0,opposite,93.25,OOS,1,0.0,-205.0,-205.0,0.0,1.0,0.0,1,1,1.0
fade_extent,5.0,opposite,94.25,Validation,1,1.0,93.25,93.25,1.0,0.0,0.0,1,1,1.0
fade_extent,5.0,opposite,95.5,OOS,2,0.5,27.625,27.625,0.5,0.5,0.0,2,2,1.0
fade_extent,5.0,opposite,96.5,OOS,1,0.0,-120.0,-120.0,0.0,1.0,0.0,1,1,1.0
fade_extent,5.0,opposite,96.75,Validation,1,1.0,95.75,95.75,1.0,0.0,0.0,1,1,1.0
fade_extent,5.0,opposite,97.0,Validation,3,0.0,-39.583333333333336,-43.0,0.0,1.0,0.0,3,3,1.0
fade_extent,5.0,opposite,97.25,OOS,1,1.0,58.5,58.5,0.0,0.0,1.0,1,1,1.0
fade_extent,5.0,opposite,97.5,Validation,1,1.0,96.5,96.5,1.0,0.0,0.0,1,1,1.0
fade_extent,5.0,opposite,98.25,OOS,1,1.0,97.25,97.25,1.0,0.0,0.0,1,1,1.0
fade_extent,5.0,opposite,98.5,Validation,1,0.0,-123.0,-123.0,0.0,1.0,0.0,1,1,1.0
fade_extent,5.0,opposite,99.0,Discovery,1,0.0,-49.75,-49.75,0.0,1.0,0.0,1,1,1.0
fade_extent,5.0,opposite,99.0,Validation,2,0.5,38.0,38.0,0.5,0.5,0.0,2,2,1.0
fade_extent,5.0,opposite,99.25,Validation,1,0.0,-33.5,-33.5,0.0,1.0,0.0,1,1,1.0
fade_extent,5.0,opposite,99.5,Validation,1,0.0,-14.25,-14.25,0.0,1.0,0.0,1,1,1.0
fade_extent,5.0,opposite,100.0,Validation,1,0.0,-25.25,-25.25,0.0,1.0,0.0,1,1,1.0
fade_extent,5.0,opposite,100.25,OOS,2,0.0,-61.5,-61.5,0.0,1.0,0.0,2,2,1.0
fade_extent,5.0,opposite,100.75,Validation,1,0.0,-18.75,-18.75,0.0,1.0,0.0,1,1,1.0
fade_extent,5.0,opposite,101.25,Validation,1,1.0,100.25,100.25,1.0,0.0,0.0,1,1,1.0
fade_extent,5.0,opposite,102.75,Validation,1,0.0,-8.25,-8.25,0.0,1.0,0.0,1,1,1.0
fade_extent,5.0,opposite,103.25,Validation,1,1.0,39.25,39.25,0.0,0.0,1.0,1,1,1.0
fade_extent,5.0,opposite,103.5,Validation,1,0.0,-32.0,-32.0,0.0,1.0,0.0,1,1,1.0
fade_extent,5.0,opposite,104.0,Discovery,1,0.0,-36.0,-36.0,0.0,1.0,0.0,1,1,1.0
fade_extent,5.0,opposite,104.0,OOS,1,0.0,-24.75,-24.75,0.0,1.0,0.0,1,1,1.0
fade_extent,5.0,opposite,104.75,OOS,1,0.0,-49.75,-49.75,0.0,1.0,0.0,1,1,1.0
fade_extent,5.0,opposite,104.75,Validation,1,0.0,-14.25,-14.25,0.0,0.0,1.0,1,1,1.0
fade_extent,5.0,opposite,105.25,Validation,1,1.0,104.25,104.25,1.0,0.0,0.0,1,1,1.0
fade_extent,5.0,opposite,108.5,Validation,1,0.0,-14.5,-14.5,0.0,1.0,0.0,1,1,1.0
fade_extent,5.0,opposite,108.75,Validation,1,0.0,-20.0,-20.0,0.0,1.0,0.0,1,1,1.0
fade_extent,5.0,opposite,109.5,Discovery,1,1.0,108.5,108.5,1.0,0.0,0.0,1,1,1.0
fade_extent,5.0,opposite,110.25,OOS,1,0.0,-20.25,-20.25,0.0,1.0,0.0,1,1,1.0
fade_extent,5.0,opposite,112.25,Validation,1,1.0,52.25,52.25,0.0,0.0,1.0,1,1,1.0
fade_extent,5.0,opposite,113.0,Validation,1,0.0,-20.0,-20.0,0.0,1.0,0.0,1,1,1.0
fade_extent,5.0,opposite,113.25,Discovery,1,0.0,-38.5,-38.5,0.0,0.0,1.0,1,1,1.0
fade_extent,5.0,opposite,113.25,Validation,1,0.0,-14.75,-14.75,0.0,1.0,0.0,1,1,1.0
fade_extent,5.0,opposite,113.5,Validation,1,0.0,-30.25,-30.25,0.0,1.0,0.0,1,1,1.0
fade_extent,5.0,opposite,114.0,Discovery,1,0.0,-24.5,-24.5,0.0,0.0,1.0,1,1,1.0
fade_extent,5.0,opposite,114.0,OOS,1,0.0,-12.5,-12.5,0.0,1.0,0.0,1,1,1.0
fade_extent,5.0,opposite,115.25,OOS,1,1.0,114.25,114.25,1.0,0.0,0.0,1,1,1.0
fade_extent,5.0,opposite,116.25,OOS,1,1.0,115.25,115.25,1.0,0.0,0.0,1,1,1.0
fade_extent,5.0,opposite,117.0,OOS,1,0.0,-38.0,-38.0,0.0,1.0,0.0,1,1,1.0
fade_extent,5.0,opposite,117.75,OOS,1,0.0,-72.5,-72.5,0.0,1.0,0.0,1,1,1.0
fade_extent,5.0,opposite,118.75,Validation,1,1.0,117.75,117.75,1.0,0.0,0.0,1,1,1.0
fade_extent,5.0,opposite,119.5,Discovery,1,1.0,50.0,50.0,0.0,0.0,1.0,1,1,1.0
fade_extent,5.0,opposite,120.5,Validation,1,0.0,-48.5,-48.5,0.0,1.0,0.0,1,1,1.0
fade_extent,5.0,opposite,122.25,OOS,1,1.0,121.25,121.25,1.0,0.0,0.0,1,1,1.0
fade_extent,5.0,opposite,127.0,Validation,1,0.0,-21.75,-21.75,0.0,1.0,0.0,1,1,1.0
fade_extent,5.0,opposite,127.25,OOS,1,1.0,25.75,25.75,0.0,0.0,1.0,1,1,1.0
fade_extent,5.0,opposite,127.5,Discovery,1,0.0,-35.5,-35.5,0.0,1.0,0.0,1,1,1.0
fade_extent,5.0,opposite,129.0,OOS,1,0.0,-62.5,-62.5,0.0,1.0,0.0,1,1,1.0
fade_extent,5.0,opposite,132.0,Discovery,1,0.0,-16.0,-16.0,0.0,1.0,0.0,1,1,1.0
fade_extent,5.0,opposite,132.75,Validation,1,1.0,131.75,131.75,1.0,0.0,0.0,1,1,1.0
fade_extent,5.0,opposite,134.0,OOS,1,0.0,-50.25,-50.25,0.0,1.0,0.0,1,1,1.0
fade_extent,5.0,opposite,134.0,Validation,1,0.0,-19.5,-19.5,0.0,1.0,0.0,1,1,1.0
fade_extent,5.0,opposite,138.0,OOS,1,1.0,137.0,137.0,1.0,0.0,0.0,1,1,1.0
fade_extent,5.0,opposite,138.5,Validation,1,0.0,-9.0,-9.0,0.0,1.0,0.0,1,1,1.0
fade_extent,5.0,opposite,139.25,Validation,1,0.0,-16.5,-16.5,0.0,1.0,0.0,1,1,1.0
fade_extent,5.0,opposite,139.75,Discovery,1,0.0,-33.5,-33.5,0.0,1.0,0.0,1,1,1.0
fade_extent,5.0,opposite,142.25,Validation,1,1.0,47.75,47.75,0.0,0.0,1.0,1,1,1.0
fade_extent,5.0,opposite,143.75,OOS,1,0.0,-34.5,-34.5,0.0,1.0,0.0,1,1,1.0
fade_extent,5.0,opposite,145.5,Validation,1,0.0,-20.25,-20.25,0.0,0.0,1.0,1,1,1.0
fade_extent,5.0,opposite,145.75,OOS,1,1.0,144.75,144.75,1.0,0.0,0.0,1,1,1.0
fade_extent,5.0,opposite,146.25,Discovery,1,0.0,-58.0,-58.0,0.0,1.0,0.0,1,1,1.0
fade_extent,5.0,opposite,146.5,OOS,1,0.0,-69.5,-69.5,0.0,1.0,0.0,1,1,1.0
fade_extent,5.0,opposite,147.75,OOS,1,1.0,102.0,102.0,0.0,0.0,1.0,1,1,1.0
fade_extent,5.0,opposite,150.25,Validation,1,1.0,93.0,93.0,0.0,0.0,1.0,1,1,1.0
fade_extent,5.0,opposite,151.25,Discovery,1,1.0,55.0,55.0,0.0,0.0,1.0,1,1,1.0
fade_extent,5.0,opposite,153.75,OOS,1,1.0,65.0,65.0,0.0,0.0,1.0,1,1,1.0
fade_extent,5.0,opposite,154.75,OOS,2,0.5,68.25,68.25,0.5,0.5,0.0,2,2,1.0
fade_extent,5.0,opposite,155.0,OOS,1,0.0,-73.25,-73.25,0.0,1.0,0.0,1,1,1.0
fade_extent,5.0,opposite,156.5,Validation,1,0.0,-90.25,-90.25,0.0,1.0,0.0,1,1,1.0
fade_extent,5.0,opposite,157.5,Validation,1,1.0,156.5,156.5,1.0,0.0,0.0,1,1,1.0
fade_extent,5.0,opposite,158.0,Validation,1,0.0,-15.75,-15.75,0.0,1.0,0.0,1,1,1.0
fade_extent,5.0,opposite,158.5,Validation,1,1.0,81.75,81.75,0.0,0.0,1.0,1,1,1.0
fade_extent,5.0,opposite,159.0,Validation,1,1.0,49.25,49.25,0.0,0.0,1.0,1,1,1.0
fade_extent,5.0,opposite,163.75,Validation,1,1.0,162.75,162.75,1.0,0.0,0.0,1,1,1.0
fade_extent,5.0,opposite,165.75,Validation,1,0.0,-94.5,-94.5,0.0,1.0,0.0,1,1,1.0
fade_extent,5.0,opposite,167.0,OOS,1,0.0,-11.25,-11.25,0.0,0.0,1.0,1,1,1.0
fade_extent,5.0,opposite,167.25,Validation,1,1.0,62.75,62.75,0.0,0.0,1.0,1,1,1.0
fade_extent,5.0,opposite,170.75,Validation,1,0.0,-44.25,-44.25,0.0,1.0,0.0,1,1,1.0
fade_extent,5.0,opposite,173.5,Validation,2,1.0,95.875,95.875,0.5,0.0,0.5,2,2,1.0
fade_extent,5.0,opposite,181.25,Validation,1,1.0,66.0,66.0,0.0,0.0,1.0,1,1,1.0
fade_extent,5.0,opposite,185.0,OOS,1,0.0,-11.25,-11.25,0.0,1.0,0.0,1,1,1.0
fade_extent,5.0,opposite,195.25,Validation,1,0.0,-34.5,-34.5,0.0,1.0,0.0,1,1,1.0
fade_extent,5.0,opposite,196.25,Discovery,1,1.0,24.5,24.5,0.0,0.0,1.0,1,1,1.0
fade_extent,5.0,opposite,204.25,OOS,1,0.0,-53.0,-53.0,0.0,1.0,0.0,1,1,1.0
fade_extent,5.0,opposite,205.25,Validation,1,0.0,-20.75,-20.75,0.0,1.0,0.0,1,1,1.0
fade_extent,5.0,opposite,206.25,Validation,1,1.0,159.5,159.5,0.0,0.0,1.0,1,1,1.0
fade_extent,5.0,opposite,207.0,Validation,1,0.0,-17.25,-17.25,0.0,1.0,0.0,1,1,1.0
fade_extent,5.0,opposite,215.0,Discovery,1,0.0,-17.5,-17.5,0.0,1.0,0.0,1,1,1.0
fade_extent,5.0,opposite,225.75,Validation,1,0.0,-10.25,-10.25,0.0,0.0,1.0,1,1,1.0
fade_extent,5.0,opposite,227.5,Validation,1,0.0,-9.0,-9.0,0.0,0.0,1.0,1,1,1.0
fade_extent,5.0,opposite,233.0,Validation,1,0.0,-48.0,-48.0,0.0,1.0,0.0,1,1,1.0
fade_extent,5.0,opposite,236.75,Validation,1,1.0,28.75,28.75,0.0,0.0,1.0,1,1,1.0
fade_extent,5.0,opposite,242.0,OOS,1,0.0,-25.75,-25.75,0.0,1.0,0.0,1,1,1.0
fade_extent,5.0,opposite,249.75,Validation,1,0.0,-34.25,-34.25,0.0,1.0,0.0,1,1,1.0
fade_extent,5.0,opposite,264.0,OOS,1,0.0,-86.0,-86.0,0.0,1.0,0.0,1,1,1.0
fade_extent,5.0,opposite,272.5,Validation,1,0.0,-24.75,-24.75,0.0,1.0,0.0,1,1,1.0
fade_extent,5.0,opposite,273.0,Validation,1,1.0,146.75,146.75,0.0,0.0,1.0,1,1,1.0
fade_extent,5.0,opposite,277.25,OOS,1,1.0,60.5,60.5,0.0,0.0,1.0,1,1,1.0
fade_extent,5.0,opposite,357.75,Validation,1,1.0,107.5,107.5,0.0,0.0,1.0,1,1,1.0
fade_extent,5.0,opposite,398.0,Validation,1,0.0,-43.25,-43.25,0.0,1.0,0.0,1,1,1.0
fade_extent,5.0,opposite,518.25,Validation,1,0.0,-28.0,-28.0,0.0,1.0,0.0,1,1,1.0
fade_extent,5.0,opposite,538.75,Validation,1,0.0,-50.0,-50.0,0.0,1.0,0.0,1,1,1.0
fade_extent,10.0,fixed,20.0,Discovery,792,0.5353535353535354,-0.5886994949494949,2.5,0.4078282828282828,0.3042929292929293,0.2878787878787879,2380,792,0.33277310924369746
fade_extent,10.0,fixed,20.0,OOS,305,0.6983606557377049,-1.3147540983606558,19.0,0.6918032786885245,0.2819672131147541,0.02622950819672131,413,305,0.738498789346247
fade_extent,10.0,fixed,20.0,Validation,553,0.6057866184448463,-1.442133815551537,19.0,0.596745027124774,0.36347197106690776,0.039783001808318265,770,553,0.7181818181818181
fade_extent,10.0,fixed,25.0,Discovery,792,0.49873737373737376,-1.0785984848484849,0.0,0.33080808080808083,0.33080808080808083,0.3383838383838384,2380,792,0.33277310924369746
fade_extent,10.0,fixed,25.0,OOS,305,0.6655737704918033,-0.04344262295081967,24.0,0.659016393442623,0.30491803278688523,0.036065573770491806,413,305,0.738498789346247
fade_extent,10.0,fixed,25.0,Validation,553,0.5497287522603979,-1.5280289330922243,24.0,0.5370705244122965,0.41229656419529837,0.05063291139240506,770,553,0.7181818181818181
fade_extent,10.0,fixed,30.0,Discovery,792,0.46464646464646464,-1.6246843434343434,-2.5,0.26641414141414144,0.3522727272727273,0.3813131313131313,2380,792,0.33277310924369746
fade_extent,10.0,fixed,30.0,OOS,305,0.6295081967213115,0.5778688524590164,29.0,0.6196721311475409,0.3377049180327869,0.04262295081967213,413,305,0.738498789346247
fade_extent,10.0,fixed,30.0,Validation,553,0.5280289330922242,-0.2445750452079566,29.0,0.5063291139240507,0.4267631103074141,0.06690777576853527,770,553,0.7181818181818181
fade_extent,10.0,opposite,0.25,Discovery,5,0.0,-0.75,-0.75,1.0,0.0,0.0,5,5,1.0
fade_extent,10.0,opposite,0.25,OOS,1,0.0,-0.75,-0.75,1.0,0.0,0.0,1,1,1.0
fade_extent,10.0,opposite,0.25,Validation,2,0.0,-0.75,-0.75,1.0,0.0,0.0,2,2,1.0
fade_extent,10.0,opposite,0.5,Discovery,11,0.0,-2.090909090909091,-0.5,0.9090909090909091,0.09090909090909091,0.0,11,11,1.0
fade_extent,10.0,opposite,0.5,Validation,1,0.0,-0.5,-0.5,1.0,0.0,0.0,1,1,1.0
fade_extent,10.0,opposite,0.75,Discovery,7,0.0,-0.25,-0.25,1.0,0.0,0.0,7,7,1.0
fade_extent,10.0,opposite,0.75,Validation,1,0.0,-0.25,-0.25,1.0,0.0,0.0,1,1,1.0
fade_extent,10.0,opposite,1.0,Discovery,6,0.0,-5.125,0.0,0.6666666666666666,0.16666666666666666,0.16666666666666666,6,6,1.0
fade_extent,10.0,opposite,1.0,OOS,1,0.0,0.0,0.0,1.0,0.0,0.0,1,1,1.0
fade_extent,10.0,opposite,1.0,Validation,2,0.0,0.0,0.0,1.0,0.0,0.0,2,2,1.0
fade_extent,10.0,opposite,1.25,Discovery,12,0.9166666666666666,-1.9375,0.25,0.9166666666666666,0.08333333333333333,0.0,12,12,1.0
fade_extent,10.0,opposite,1.25,OOS,1,1.0,0.25,0.25,1.0,0.0,0.0,1,1,1.0
fade_extent,10.0,opposite,1.25,Validation,1,1.0,0.25,0.25,1.0,0.0,0.0,1,1,1.0
fade_extent,10.0,opposite,1.5,Discovery,4,0.75,-5.5625,0.5,0.75,0.25,0.0,4,4,1.0
fade_extent,10.0,opposite,1.5,OOS,2,0.5,-12.75,-12.75,0.5,0.5,0.0,2,2,1.0
fade_extent,10.0,opposite,1.75,Discovery,7,1.0,0.75,0.75,1.0,0.0,0.0,7,7,1.0
fade_extent,10.0,opposite,1.75,Validation,2,1.0,0.75,0.75,1.0,0.0,0.0,2,2,1.0
fade_extent,10.0,opposite,2.0,Discovery,8,0.875,-1.15625,1.0,0.875,0.125,0.0,8,8,1.0
fade_extent,10.0,opposite,2.0,Validation,2,0.5,-9.875,-9.875,0.5,0.5,0.0,2,2,1.0
fade_extent,10.0,opposite,2.25,Discovery,5,1.0,1.25,1.25,1.0,0.0,0.0,5,5,1.0
fade_extent,10.0,opposite,2.25,OOS,1,1.0,1.25,1.25,1.0,0.0,0.0,1,1,1.0
fade_extent,10.0,opposite,2.5,Discovery,6,0.6666666666666666,-3.4166666666666665,1.5,0.6666666666666666,0.3333333333333333,0.0,6,6,1.0
fade_extent,10.0,opposite,2.5,OOS,1,1.0,1.5,1.5,1.0,0.0,0.0,1,1,1.0
fade_extent,10.0,opposite,2.5,Validation,3,0.6666666666666666,-5.5,1.5,0.6666666666666666,0.3333333333333333,0.0,3,3,1.0
fade_extent,10.0,opposite,2.75,Discovery,7,1.0,1.75,1.75,1.0,0.0,0.0,7,7,1.0
fade_extent,10.0,opposite,2.75,OOS,1,1.0,1.75,1.75,1.0,0.0,0.0,1,1,1.0
fade_extent,10.0,opposite,2.75,Validation,1,1.0,1.75,1.75,1.0,0.0,0.0,1,1,1.0
fade_extent,10.0,opposite,3.0,Discovery,6,0.5,-7.208333333333333,-6.125,0.5,0.5,0.0,6,6,1.0
fade_extent,10.0,opposite,3.0,Validation,3,1.0,2.0,2.0,1.0,0.0,0.0,3,3,1.0
fade_extent,10.0,opposite,3.25,Discovery,7,0.8571428571428571,-3.392857142857143,2.25,0.8571428571428571,0.14285714285714285,0.0,7,7,1.0
fade_extent,10.0,opposite,3.25,Validation,4,1.0,2.25,2.25,1.0,0.0,0.0,4,4,1.0
fade_extent,10.0,opposite,3.5,Discovery,6,0.8333333333333334,0.4166666666666667,2.5,0.8333333333333334,0.0,0.16666666666666666,6,6,1.0
fade_extent,10.0,opposite,3.75,Discovery,8,0.875,0.53125,2.75,0.875,0.125,0.0,8,8,1.0
fade_extent,10.0,opposite,3.75,OOS,1,1.0,2.75,2.75,1.0,0.0,0.0,1,1,1.0
fade_extent,10.0,opposite,3.75,Validation,1,1.0,2.75,2.75,1.0,0.0,0.0,1,1,1.0
fade_extent,10.0,opposite,4.0,Discovery,16,0.875,0.96875,3.0,0.875,0.0,0.125,16,16,1.0
fade_extent,10.0,opposite,4.0,Validation,2,1.0,3.0,3.0,1.0,0.0,0.0,2,2,1.0
fade_extent,10.0,opposite,4.25,Discovery,8,0.875,0.625,3.25,0.875,0.125,0.0,8,8,1.0
fade_extent,10.0,opposite,4.25,OOS,1,1.0,3.25,3.25,1.0,0.0,0.0,1,1,1.0
fade_extent,10.0,opposite,4.25,Validation,4,1.0,3.25,3.25,1.0,0.0,0.0,4,4,1.0
fade_extent,10.0,opposite,4.5,Discovery,5,0.8,-0.4,3.5,0.8,0.2,0.0,5,5,1.0
fade_extent,10.0,opposite,4.5,Validation,1,1.0,3.5,3.5,1.0,0.0,0.0,1,1,1.0
fade_extent,10.0,opposite,4.75,Discovery,10,0.9,3.075,3.75,0.9,0.0,0.1,10,10,1.0
fade_extent,10.0,opposite,4.75,OOS,1,1.0,3.75,3.75,1.0,0.0,0.0,1,1,1.0
fade_extent,10.0,opposite,4.75,Validation,2,1.0,3.75,3.75,1.0,0.0,0.0,2,2,1.0
fade_extent,10.0,opposite,5.0,Discovery,6,1.0,4.0,4.0,1.0,0.0,0.0,6,6,1.0
fade_extent,10.0,opposite,5.25,Discovery,5,0.8,0.55,4.25,0.8,0.2,0.0,5,5,1.0
fade_extent,10.0,opposite,5.25,Validation,1,1.0,4.25,4.25,1.0,0.0,0.0,1,1,1.0
fade_extent,10.0,opposite,5.5,Discovery,6,0.8333333333333334,-0.3333333333333333,4.5,0.8333333333333334,0.16666666666666666,0.0,6,6,1.0
fade_extent,10.0,opposite,5.5,OOS,1,1.0,4.5,4.5,1.0,0.0,0.0,1,1,1.0
fade_extent,10.0,opposite,5.5,Validation,3,1.0,4.5,4.5,1.0,0.0,0.0,3,3,1.0
fade_extent,10.0,opposite,5.75,Discovery,11,0.7272727272727273,0.38636363636363635,4.75,0.6363636363636364,0.09090909090909091,0.2727272727272727,11,11,1.0
fade_extent,10.0,opposite,5.75,OOS,1,1.0,4.75,4.75,1.0,0.0,0.0,1,1,1.0
fade_extent,10.0,opposite,6.0,Discovery,3,1.0,5.0,5.0,1.0,0.0,0.0,3,3,1.0
fade_extent,10.0,opposite,6.0,Validation,2,1.0,5.0,5.0,1.0,0.0,0.0,2,2,1.0
fade_extent,10.0,opposite,6.25,Discovery,11,0.7272727272727273,2.0,5.25,0.7272727272727273,0.0,0.2727272727272727,11,11,1.0
fade_extent,10.0,opposite,6.25,Validation,2,1.0,5.25,5.25,1.0,0.0,0.0,2,2,1.0
fade_extent,10.0,opposite,6.5,Discovery,5,1.0,5.5,5.5,1.0,0.0,0.0,5,5,1.0
fade_extent,10.0,opposite,6.5,Validation,1,1.0,5.5,5.5,1.0,0.0,0.0,1,1,1.0
fade_extent,10.0,opposite,6.75,Discovery,7,0.5714285714285714,-4.464285714285714,5.75,0.5714285714285714,0.2857142857142857,0.14285714285714285,7,7,1.0
fade_extent,10.0,opposite,6.75,OOS,1,1.0,5.75,5.75,1.0,0.0,0.0,1,1,1.0
fade_extent,10.0,opposite,6.75,Validation,2,1.0,5.75,5.75,1.0,0.0,0.0,2,2,1.0
fade_extent,10.0,opposite,7.0,Discovery,7,0.8571428571428571,2.6785714285714284,6.0,0.7142857142857143,0.14285714285714285,0.14285714285714285,7,7,1.0
fade_extent,10.0,opposite,7.0,OOS,1,1.0,6.0,6.0,1.0,0.0,0.0,1,1,1.0
fade_extent,10.0,opposite,7.0,Validation,1,1.0,6.0,6.0,1.0,0.0,0.0,1,1,1.0
fade_extent,10.0,opposite,7.25,Discovery,7,0.5714285714285714,-1.7857142857142858,6.25,0.5714285714285714,0.2857142857142857,0.14285714285714285,7,7,1.0
fade_extent,10.0,opposite,7.5,Discovery,2,1.0,6.5,6.5,1.0,0.0,0.0,2,2,1.0
fade_extent,10.0,opposite,7.5,OOS,1,1.0,6.5,6.5,1.0,0.0,0.0,1,1,1.0
fade_extent,10.0,opposite,7.75,Discovery,6,0.16666666666666666,-18.125,-19.5,0.16666666666666666,0.8333333333333334,0.0,6,6,1.0
fade_extent,10.0,opposite,7.75,OOS,2,1.0,6.75,6.75,1.0,0.0,0.0,2,2,1.0
fade_extent,10.0,opposite,7.75,Validation,2,1.0,6.75,6.75,1.0,0.0,0.0,2,2,1.0
fade_extent,10.0,opposite,8.0,Discovery,5,0.8,2.55,7.0,0.8,0.2,0.0,5,5,1.0
fade_extent,10.0,opposite,8.0,OOS,3,1.0,7.0,7.0,1.0,0.0,0.0,3,3,1.0
fade_extent,10.0,opposite,8.0,Validation,2,0.5,-10.0,-10.0,0.5,0.5,0.0,2,2,1.0
fade_extent,10.0,opposite,8.25,Discovery,6,0.5,-4.541666666666667,-3.125,0.5,0.5,0.0,6,6,1.0
fade_extent,10.0,opposite,8.25,Validation,2,1.0,7.25,7.25,1.0,0.0,0.0,2,2,1.0
fade_extent,10.0,opposite,8.5,Discovery,6,0.6666666666666666,1.5,7.5,0.6666666666666666,0.16666666666666666,0.16666666666666666,6,6,1.0
fade_extent,10.0,opposite,8.5,Validation,3,0.6666666666666666,-1.5,7.5,0.6666666666666666,0.3333333333333333,0.0,3,3,1.0
fade_extent,10.0,opposite,8.75,Discovery,7,0.42857142857142855,-6.714285714285714,-14.25,0.42857142857142855,0.5714285714285714,0.0,7,7,1.0
fade_extent,10.0,opposite,8.75,OOS,3,0.3333333333333333,-13.416666666666666,-22.5,0.3333333333333333,0.6666666666666666,0.0,3,3,1.0
fade_extent,10.0,opposite,9.0,Discovery,6,0.8333333333333334,4.125,8.0,0.8333333333333334,0.16666666666666666,0.0,6,6,1.0
fade_extent,10.0,opposite,9.0,Validation,2,1.0,8.0,8.0,1.0,0.0,0.0,2,2,1.0
fade_extent,10.0,opposite,9.25,Discovery,5,0.8,3.4,8.25,0.6,0.0,0.4,5,5,1.0
fade_extent,10.0,opposite,9.25,Validation,1,0.0,-37.25,-37.25,0.0,1.0,0.0,1,1,1.0
fade_extent,10.0,opposite,9.5,Discovery,3,0.6666666666666666,0.25,8.5,0.6666666666666666,0.3333333333333333,0.0,3,3,1.0
fade_extent,10.0,opposite,9.5,Validation,2,1.0,8.5,8.5,1.0,0.0,0.0,2,2,1.0
fade_extent,10.0,opposite,9.75,Discovery,3,1.0,8.75,8.75,1.0,0.0,0.0,3,3,1.0
fade_extent,10.0,opposite,9.75,Validation,3,1.0,8.75,8.75,1.0,0.0,0.0,3,3,1.0
fade_extent,10.0,opposite,10.0,Discovery,6,0.6666666666666666,-1.3333333333333333,6.0,0.5,0.16666666666666666,0.3333333333333333,6,6,1.0
fade_extent,10.0,opposite,10.0,OOS,2,1.0,9.0,9.0,1.0,0.0,0.0,2,2,1.0
fade_extent,10.0,opposite,10.0,Validation,4,1.0,9.0,9.0,1.0,0.0,0.0,4,4,1.0
fade_extent,10.0,opposite,10.25,Discovery,7,0.5714285714285714,0.25,9.25,0.5714285714285714,0.14285714285714285,0.2857142857142857,7,7,1.0
fade_extent,10.0,opposite,10.25,OOS,2,1.0,9.25,9.25,1.0,0.0,0.0,2,2,1.0
fade_extent,10.0,opposite,10.25,Validation,2,1.0,9.25,9.25,1.0,0.0,0.0,2,2,1.0
fade_extent,10.0,opposite,10.5,Discovery,6,0.8333333333333334,7.333333333333333,9.5,0.8333333333333334,0.0,0.16666666666666666,6,6,1.0
fade_extent,10.0,opposite,10.5,Validation,2,1.0,9.5,9.5,1.0,0.0,0.0,2,2,1.0
fade_extent,10.0,opposite,10.75,Discovery,4,0.5,-3.875,-2.375,0.5,0.25,0.25,4,4,1.0
fade_extent,10.0,opposite,10.75,Validation,1,1.0,9.75,9.75,1.0,0.0,0.0,1,1,1.0
fade_extent,10.0,opposite,11.0,Discovery,6,0.3333333333333333,-8.75,-8.625,0.3333333333333333,0.3333333333333333,0.3333333333333333,6,6,1.0
fade_extent,10.0,opposite,11.0,Validation,1,1.0,10.0,10.0,1.0,0.0,0.0,1,1,1.0
fade_extent,10.0,opposite,11.25,Discovery,5,0.4,-5.95,-9.75,0.4,0.2,0.4,5,5,1.0
fade_extent,10.0,opposite,11.25,OOS,1,0.0,-35.5,-35.5,0.0,1.0,0.0,1,1,1.0
fade_extent,10.0,opposite,11.25,Validation,4,0.5,-0.3125,4.75,0.5,0.25,0.25,4,4,1.0
fade_extent,10.0,opposite,11.5,Discovery,3,1.0,10.5,10.5,1.0,0.0,0.0,3,3,1.0
fade_extent,10.0,opposite,11.5,OOS,1,1.0,10.5,10.5,1.0,0.0,0.0,1,1,1.0
fade_extent,10.0,opposite,11.5,Validation,1,1.0,10.5,10.5,1.0,0.0,0.0,1,1,1.0
fade_extent,10.0,opposite,11.75,Discovery,1,0.0,-27.5,-27.5,0.0,1.0,0.0,1,1,1.0
fade_extent,10.0,opposite,11.75,Validation,2,1.0,10.75,10.75,1.0,0.0,0.0,2,2,1.0
fade_extent,10.0,opposite,12.0,Discovery,6,0.6666666666666666,2.6666666666666665,11.0,0.6666666666666666,0.3333333333333333,0.0,6,6,1.0
fade_extent,10.0,opposite,12.0,OOS,2,0.5,-7.625,-7.625,0.5,0.5,0.0,2,2,1.0
fade_extent,10.0,opposite,12.0,Validation,2,1.0,11.0,11.0,1.0,0.0,0.0,2,2,1.0
fade_extent,10.0,opposite,12.25,Discovery,4,1.0,11.25,11.25,1.0,0.0,0.0,4,4,1.0
fade_extent,10.0,opposite,12.25,OOS,1,1.0,11.25,11.25,1.0,0.0,0.0,1,1,1.0
fade_extent,10.0,opposite,12.25,Validation,2,1.0,11.25,11.25,1.0,0.0,0.0,2,2,1.0
fade_extent,10.0,opposite,12.5,Discovery,5,1.0,11.5,11.5,1.0,0.0,0.0,5,5,1.0
fade_extent,10.0,opposite,12.5,Validation,1,0.0,-32.5,-32.5,0.0,1.0,0.0,1,1,1.0
fade_extent,10.0,opposite,12.75,Discovery,7,0.5714285714285714,-3.1785714285714284,3.5,0.42857142857142855,0.2857142857142857,0.2857142857142857,7,7,1.0
fade_extent,10.0,opposite,12.75,Validation,2,0.5,-10.25,-10.25,0.5,0.5,0.0,2,2,1.0
fade_extent,10.0,opposite,13.0,Discovery,3,0.3333333333333333,-18.333333333333332,-17.75,0.0,0.6666666666666666,0.3333333333333333,3,3,1.0
fade_extent,10.0,opposite,13.0,OOS,1,1.0,12.0,12.0,1.0,0.0,0.0,1,1,1.0
fade_extent,10.0,opposite,13.0,Validation,4,0.75,3.25,12.0,0.75,0.25,0.0,4,4,1.0
fade_extent,10.0,opposite,13.25,Discovery,7,0.5714285714285714,-2.0714285714285716,12.25,0.5714285714285714,0.42857142857142855,0.0,7,7,1.0
fade_extent,10.0,opposite,13.25,Validation,4,0.75,-0.0625,12.25,0.75,0.25,0.0,4,4,1.0
fade_extent,10.0,opposite,13.5,Discovery,3,1.0,12.5,12.5,1.0,0.0,0.0,3,3,1.0
fade_extent,10.0,opposite,13.5,OOS,1,1.0,12.5,12.5,1.0,0.0,0.0,1,1,1.0
fade_extent,10.0,opposite,13.5,Validation,1,0.0,-29.75,-29.75,0.0,1.0,0.0,1,1,1.0
fade_extent,10.0,opposite,13.75,Discovery,4,0.75,2.6875,8.75,0.5,0.25,0.25,4,4,1.0
fade_extent,10.0,opposite,13.75,Validation,2,1.0,12.75,12.75,1.0,0.0,0.0,2,2,1.0
fade_extent,10.0,opposite,14.0,Discovery,3,0.0,-20.666666666666668,-18.25,0.0,1.0,0.0,3,3,1.0
fade_extent,10.0,opposite,14.0,Validation,1,1.0,13.0,13.0,1.0,0.0,0.0,1,1,1.0
fade_extent,10.0,opposite,14.25,Discovery,5,0.4,-7.45,-4.0,0.4,0.4,0.2,5,5,1.0
fade_extent,10.0,opposite,14.25,Validation,4,0.5,-4.625,-2.375,0.5,0.5,0.0,4,4,1.0
fade_extent,10.0,opposite,14.5,Discovery,2,0.5,-8.25,-8.25,0.5,0.5,0.0,2,2,1.0
fade_extent,10.0,opposite,14.5,OOS,3,0.6666666666666666,-1.25,13.5,0.6666666666666666,0.3333333333333333,0.0,3,3,1.0
fade_extent,10.0,opposite,14.5,Validation,4,0.75,5.625,13.5,0.75,0.25,0.0,4,4,1.0
fade_extent,10.0,opposite,14.75,Discovery,7,0.42857142857142855,-0.32142857142857145,-2.25,0.42857142857142855,0.2857142857142857,0.2857142857142857,7,7,1.0
fade_extent,10.0,opposite,14.75,OOS,1,1.0,13.75,13.75,1.0,0.0,0.0,1,1,1.0
fade_extent,10.0,opposite,15.0,Discovery,1,0.0,-3.25,-3.25,0.0,0.0,1.0,1,1,1.0
fade_extent,10.0,opposite,15.0,OOS,1,1.0,14.0,14.0,1.0,0.0,0.0,1,1,1.0
fade_extent,10.0,opposite,15.25,Discovery,3,1.0,14.25,14.25,1.0,0.0,0.0,3,3,1.0
fade_extent,10.0,opposite,15.5,Discovery,6,0.5,-9.708333333333334,-7.625,0.5,0.3333333333333333,0.16666666666666666,6,6,1.0
fade_extent,10.0,opposite,15.5,OOS,2,1.0,14.5,14.5,1.0,0.0,0.0,2,2,1.0
fade_extent,10.0,opposite,15.5,Validation,3,0.3333333333333333,-8.75,-19.0,0.3333333333333333,0.6666666666666666,0.0,3,3,1.0
fade_extent,10.0,opposite,15.75,Discovery,2,0.5,-14.625,-14.625,0.5,0.5,0.0,2,2,1.0
fade_extent,10.0,opposite,16.0,Discovery,2,0.5,0.25,0.25,0.5,0.5,0.0,2,2,1.0
fade_extent,10.0,opposite,16.0,OOS,2,1.0,15.0,15.0,1.0,0.0,0.0,2,2,1.0
fade_extent,10.0,opposite,16.25,Discovery,3,0.3333333333333333,-7.833333333333333,-17.75,0.3333333333333333,0.6666666666666666,0.0,3,3,1.0
fade_extent,10.0,opposite,16.5,Discovery,3,1.0,15.5,15.5,1.0,0.0,0.0,3,3,1.0
fade_extent,10.0,opposite,16.5,OOS,1,1.0,15.5,15.5,1.0,0.0,0.0,1,1,1.0
fade_extent,10.0,opposite,16.5,Validation,1,1.0,15.5,15.5,1.0,0.0,0.0,1,1,1.0
fade_extent,10.0,opposite,16.75,Discovery,4,0.5,-6.25,6.125,0.5,0.25,0.25,4,4,1.0
fade_extent,10.0,opposite,16.75,OOS,3,0.6666666666666666,-20.0,15.75,0.6666666666666666,0.3333333333333333,0.0,3,3,1.0
fade_extent,10.0,opposite,17.0,Discovery,4,0.75,3.8125,8.25,0.5,0.25,0.25,4,4,1.0
fade_extent,10.0,opposite,17.0,OOS,1,0.0,-23.25,-23.25,0.0,1.0,0.0,1,1,1.0
fade_extent,10.0,opposite,17.25,Discovery,2,0.5,-8.25,-8.25,0.5,0.5,0.0,2,2,1.0
fade_extent,10.0,opposite,17.25,Validation,2,0.5,3.25,3.25,0.5,0.0,0.5,2,2,1.0
fade_extent,10.0,opposite,17.5,Discovery,4,0.75,8.5,16.5,0.75,0.25,0.0,4,4,1.0
fade_extent,10.0,opposite,17.5,OOS,1,1.0,16.5,16.5,1.0,0.0,0.0,1,1,1.0
fade_extent,10.0,opposite,17.75,Discovery,4,0.5,-7.5,-4.875,0.5,0.5,0.0,4,4,1.0
fade_extent,10.0,opposite,17.75,OOS,3,0.6666666666666666,0.08333333333333333,16.75,0.6666666666666666,0.3333333333333333,0.0,3,3,1.0
fade_extent,10.0,opposite,17.75,Validation,1,0.0,-22.75,-22.75,0.0,1.0,0.0,1,1,1.0
fade_extent,10.0,opposite,18.0,Discovery,1,1.0,17.0,17.0,1.0,0.0,0.0,1,1,1.0
fade_extent,10.0,opposite,18.0,OOS,1,1.0,17.0,17.0,1.0,0.0,0.0,1,1,1.0
fade_extent,10.0,opposite,18.0,Validation,1,1.0,17.0,17.0,1.0,0.0,0.0,1,1,1.0
fade_extent,10.0,opposite,18.25,Discovery,3,0.6666666666666666,3.4166666666666665,17.25,0.6666666666666666,0.3333333333333333,0.0,3,3,1.0
fade_extent,10.0,opposite,18.25,OOS,3,0.3333333333333333,-12.333333333333334,-27.0,0.3333333333333333,0.6666666666666666,0.0,3,3,1.0
fade_extent,10.0,opposite,18.5,Discovery,2,0.0,-17.5,-17.5,0.0,0.5,0.5,2,2,1.0
fade_extent,10.0,opposite,18.5,Validation,4,1.0,17.5,17.5,1.0,0.0,0.0,4,4,1.0
fade_extent,10.0,opposite,18.75,Discovery,1,0.0,-17.25,-17.25,0.0,1.0,0.0,1,1,1.0
fade_extent,10.0,opposite,19.0,Discovery,2,0.0,-42.375,-42.375,0.0,1.0,0.0,2,2,1.0
fade_extent,10.0,opposite,19.0,Validation,1,1.0,18.0,18.0,1.0,0.0,0.0,1,1,1.0
fade_extent,10.0,opposite,19.25,Discovery,1,0.0,-39.5,-39.5,0.0,1.0,0.0,1,1,1.0
fade_extent,10.0,opposite,19.25,Validation,5,0.8,6.1,18.25,0.6,0.2,0.2,5,5,1.0
fade_extent,10.0,opposite,19.5,OOS,1,1.0,18.5,18.5,1.0,0.0,0.0,1,1,1.0
fade_extent,10.0,opposite,19.5,Validation,3,0.6666666666666666,6.25,18.5,0.6666666666666666,0.3333333333333333,0.0,3,3,1.0
fade_extent,10.0,opposite,19.75,OOS,1,0.0,-18.0,-18.0,0.0,1.0,0.0,1,1,1.0
fade_extent,10.0,opposite,19.75,Validation,4,0.5,2.375,3.0,0.5,0.5,0.0,4,4,1.0
fade_extent,10.0,opposite,20.0,Discovery,3,0.6666666666666666,5.083333333333333,19.0,0.6666666666666666,0.3333333333333333,0.0,3,3,1.0
fade_extent,10.0,opposite,20.0,Validation,2,0.5,-21.5,-21.5,0.5,0.5,0.0,2,2,1.0
fade_extent,10.0,opposite,20.25,Discovery,2,0.5,6.0,6.0,0.5,0.0,0.5,2,2,1.0
fade_extent,10.0,opposite,20.25,OOS,1,1.0,19.25,19.25,1.0,0.0,0.0,1,1,1.0
fade_extent,10.0,opposite,20.25,Validation,1,0.0,-16.0,-16.0,0.0,1.0,0.0,1,1,1.0
fade_extent,10.0,opposite,20.5,Discovery,1,0.0,-2.0,-2.0,0.0,0.0,1.0,1,1,1.0
fade_extent,10.0,opposite,20.5,OOS,1,0.0,-68.0,-68.0,0.0,1.0,0.0,1,1,1.0
fade_extent,10.0,opposite,20.5,Validation,1,1.0,19.5,19.5,1.0,0.0,0.0,1,1,1.0
fade_extent,10.0,opposite,20.75,Discovery,4,0.25,-5.5,-9.625,0.25,0.5,0.25,4,4,1.0
fade_extent,10.0,opposite,20.75,OOS,1,1.0,19.75,19.75,1.0,0.0,0.0,1,1,1.0
fade_extent,10.0,opposite,20.75,Validation,1,1.0,19.75,19.75,1.0,0.0,0.0,1,1,1.0
fade_extent,10.0,opposite,21.0,Validation,4,0.75,10.3125,20.0,0.75,0.25,0.0,4,4,1.0
fade_extent,10.0,opposite,21.25,Discovery,1,0.0,-21.25,-21.25,0.0,1.0,0.0,1,1,1.0
fade_extent,10.0,opposite,21.25,OOS,1,1.0,20.25,20.25,1.0,0.0,0.0,1,1,1.0
fade_extent,10.0,opposite,21.25,Validation,1,1.0,20.25,20.25,1.0,0.0,0.0,1,1,1.0
fade_extent,10.0,opposite,21.5,Discovery,1,0.0,-62.25,-62.25,0.0,1.0,0.0,1,1,1.0
fade_extent,10.0,opposite,22.0,Discovery,2,0.5,-1.25,-1.25,0.5,0.5,0.0,2,2,1.0
fade_extent,10.0,opposite,22.0,OOS,1,1.0,21.0,21.0,1.0,0.0,0.0,1,1,1.0
fade_extent,10.0,opposite,22.0,Validation,2,0.5,0.0,0.0,0.5,0.5,0.0,2,2,1.0
fade_extent,10.0,opposite,22.25,Discovery,4,0.25,-13.5,-18.0,0.25,0.75,0.0,4,4,1.0
fade_extent,10.0,opposite,22.25,OOS,1,1.0,21.25,21.25,1.0,0.0,0.0,1,1,1.0
fade_extent,10.0,opposite,22.25,Validation,1,0.0,-26.75,-26.75,0.0,1.0,0.0,1,1,1.0
fade_extent,10.0,opposite,22.5,Discovery,1,1.0,21.5,21.5,1.0,0.0,0.0,1,1,1.0
fade_extent,10.0,opposite,22.5,Validation,1,1.0,2.0,2.0,0.0,0.0,1.0,1,1,1.0
fade_extent,10.0,opposite,22.75,Discovery,2,0.5,-5.0,-5.0,0.5,0.5,0.0,2,2,1.0
fade_extent,10.0,opposite,22.75,Validation,1,1.0,21.75,21.75,1.0,0.0,0.0,1,1,1.0
fade_extent,10.0,opposite,23.0,Discovery,4,0.5,-1.8125,5.625,0.5,0.25,0.25,4,4,1.0
fade_extent,10.0,opposite,23.0,OOS,1,0.0,-35.25,-35.25,0.0,1.0,0.0,1,1,1.0
fade_extent,10.0,opposite,23.25,Validation,1,0.0,-19.75,-19.75,0.0,1.0,0.0,1,1,1.0
fade_extent,10.0,opposite,23.5,Validation,1,0.0,-39.0,-39.0,0.0,1.0,0.0,1,1,1.0
fade_extent,10.0,opposite,23.75,Discovery,3,0.3333333333333333,-14.25,-32.75,0.3333333333333333,0.6666666666666666,0.0,3,3,1.0
fade_extent,10.0,opposite,23.75,Validation,1,1.0,22.75,22.75,1.0,0.0,0.0,1,1,1.0
fade_extent,10.0,opposite,24.0,OOS,1,1.0,23.0,23.0,1.0,0.0,0.0,1,1,1.0
fade_extent,10.0,opposite,24.25,Discovery,1,0.0,-32.0,-32.0,0.0,1.0,0.0,1,1,1.0
fade_extent,10.0,opposite,24.25,OOS,2,0.5,3.75,3.75,0.5,0.5,0.0,2,2,1.0
fade_extent,10.0,opposite,24.5,Discovery,3,0.6666666666666666,10.25,23.5,0.6666666666666666,0.3333333333333333,0.0,3,3,1.0
fade_extent,10.0,opposite,24.5,Validation,3,0.6666666666666666,14.75,23.5,0.6666666666666666,0.0,0.3333333333333333,3,3,1.0
fade_extent,10.0,opposite,24.75,Discovery,2,0.0,-7.25,-7.25,0.0,0.5,0.5,2,2,1.0
fade_extent,10.0,opposite,24.75,Validation,2,1.0,23.75,23.75,1.0,0.0,0.0,2,2,1.0
fade_extent,10.0,opposite,25.0,Discovery,1,1.0,24.0,24.0,1.0,0.0,0.0,1,1,1.0
fade_extent,10.0,opposite,25.25,Discovery,4,0.75,-4.1875,15.875,0.5,0.25,0.25,4,4,1.0
fade_extent,10.0,opposite,25.25,OOS,2,0.5,-3.75,-3.75,0.5,0.5,0.0,2,2,1.0
fade_extent,10.0,opposite,25.25,Validation,3,0.3333333333333333,-19.5,-36.5,0.3333333333333333,0.6666666666666666,0.0,3,3,1.0
fade_extent,10.0,opposite,25.5,Discovery,1,0.0,-48.25,-48.25,0.0,1.0,0.0,1,1,1.0
fade_extent,10.0,opposite,25.5,Validation,2,0.0,-25.5,-25.5,0.0,1.0,0.0,2,2,1.0
fade_extent,10.0,opposite,25.75,Discovery,1,1.0,24.75,24.75,1.0,0.0,0.0,1,1,1.0
fade_extent,10.0,opposite,25.75,OOS,1,1.0,24.75,24.75,1.0,0.0,0.0,1,1,1.0
fade_extent,10.0,opposite,25.75,Validation,1,0.0,-25.25,-25.25,0.0,1.0,0.0,1,1,1.0
fade_extent,10.0,opposite,26.0,Validation,1,0.0,-17.0,-17.0,0.0,1.0,0.0,1,1,1.0
fade_extent,10.0,opposite,26.25,Discovery,2,0.5,3.125,3.125,0.5,0.5,0.0,2,2,1.0
fade_extent,10.0,opposite,26.25,OOS,3,0.6666666666666666,-10.916666666666666,25.25,0.6666666666666666,0.3333333333333333,0.0,3,3,1.0
fade_extent,10.0,opposite,26.25,Validation,1,1.0,25.25,25.25,1.0,0.0,0.0,1,1,1.0
fade_extent,10.0,opposite,26.5,Discovery,3,0.0,-17.0,-17.0,0.0,1.0,0.0,3,3,1.0
fade_extent,10.0,opposite,26.75,Discovery,4,0.25,-19.875,-28.625,0.25,0.5,0.25,4,4,1.0
fade_extent,10.0,opposite,26.75,OOS,1,1.0,25.75,25.75,1.0,0.0,0.0,1,1,1.0
fade_extent,10.0,opposite,26.75,Validation,1,0.0,-11.25,-11.25,0.0,0.0,1.0,1,1,1.0
fade_extent,10.0,opposite,27.0,Discovery,2,0.5,12.875,12.875,0.5,0.0,0.5,2,2,1.0
fade_extent,10.0,opposite,27.0,OOS,1,0.0,-32.75,-32.75,0.0,1.0,0.0,1,1,1.0
fade_extent,10.0,opposite,27.0,Validation,3,0.3333333333333333,-3.0833333333333335,-14.5,0.3333333333333333,0.6666666666666666,0.0,3,3,1.0
fade_extent,10.0,opposite,27.25,Discovery,1,1.0,26.25,26.25,1.0,0.0,0.0,1,1,1.0
fade_extent,10.0,opposite,27.25,Validation,4,0.75,11.8125,26.25,0.75,0.25,0.0,4,4,1.0
fade_extent,10.0,opposite,27.5,Discovery,2,0.5,-1.25,-1.25,0.5,0.5,0.0,2,2,1.0
fade_extent,10.0,opposite,27.75,Discovery,1,1.0,26.75,26.75,1.0,0.0,0.0,1,1,1.0
fade_extent,10.0,opposite,27.75,OOS,2,0.5,7.125,7.125,0.5,0.0,0.5,2,2,1.0
fade_extent,10.0,opposite,27.75,Validation,1,1.0,26.75,26.75,1.0,0.0,0.0,1,1,1.0
fade_extent,10.0,opposite,28.0,Discovery,1,0.0,-8.25,-8.25,0.0,0.0,1.0,1,1,1.0
fade_extent,10.0,opposite,28.0,Validation,3,0.6666666666666666,6.916666666666667,27.0,0.6666666666666666,0.3333333333333333,0.0,3,3,1.0
fade_extent,10.0,opposite,28.5,Discovery,3,0.6666666666666666,6.333333333333333,18.75,0.3333333333333333,0.3333333333333333,0.3333333333333333,3,3,1.0
fade_extent,10.0,opposite,28.75,Validation,2,1.0,27.75,27.75,1.0,0.0,0.0,2,2,1.0
fade_extent,10.0,opposite,29.0,Discovery,3,1.0,21.416666666666668,28.0,0.6666666666666666,0.0,0.3333333333333333,3,3,1.0
fade_extent,10.0,opposite,29.0,OOS,1,1.0,28.0,28.0,1.0,0.0,0.0,1,1,1.0
fade_extent,10.0,opposite,29.0,Validation,3,0.3333333333333333,-10.666666666666666,-19.75,0.3333333333333333,0.6666666666666666,0.0,3,3,1.0
fade_extent,10.0,opposite,29.25,Discovery,2,0.5,0.75,0.75,0.5,0.5,0.0,2,2,1.0
fade_extent,10.0,opposite,29.25,OOS,1,0.0,-34.25,-34.25,0.0,1.0,0.0,1,1,1.0
fade_extent,10.0,opposite,29.25,Validation,2,0.5,5.0,5.0,0.5,0.5,0.0,2,2,1.0
fade_extent,10.0,opposite,29.5,Discovery,2,0.5,10.5,10.5,0.5,0.0,0.5,2,2,1.0
fade_extent,10.0,opposite,29.5,Validation,1,0.0,-35.0,-35.0,0.0,1.0,0.0,1,1,1.0
fade_extent,10.0,opposite,29.75,Discovery,1,1.0,28.75,28.75,1.0,0.0,0.0,1,1,1.0
fade_extent,10.0,opposite,29.75,OOS,1,1.0,28.75,28.75,1.0,0.0,0.0,1,1,1.0
fade_extent,10.0,opposite,29.75,Validation,1,0.0,-40.75,-40.75,0.0,1.0,0.0,1,1,1.0
fade_extent,10.0,opposite,30.0,Discovery,2,1.0,29.0,29.0,1.0,0.0,0.0,2,2,1.0
fade_extent,10.0,opposite,30.0,Validation,2,0.0,-50.625,-50.625,0.0,0.5,0.5,2,2,1.0
fade_extent,10.0,opposite,30.25,OOS,1,1.0,29.25,29.25,1.0,0.0,0.0,1,1,1.0
fade_extent,10.0,opposite,30.5,OOS,1,1.0,29.5,29.5,1.0,0.0,0.0,1,1,1.0
fade_extent,10.0,opposite,30.75,Discovery,1,1.0,29.75,29.75,1.0,0.0,0.0,1,1,1.0
fade_extent,10.0,opposite,30.75,OOS,3,0.6666666666666666,12.75,29.75,0.6666666666666666,0.3333333333333333,0.0,3,3,1.0
fade_extent,10.0,opposite,30.75,Validation,1,1.0,29.75,29.75,1.0,0.0,0.0,1,1,1.0
fade_extent,10.0,opposite,31.0,Discovery,2,0.5,-4.875,-4.875,0.5,0.5,0.0,2,2,1.0
fade_extent,10.0,opposite,31.25,Discovery,1,0.0,-43.25,-43.25,0.0,1.0,0.0,1,1,1.0
fade_extent,10.0,opposite,31.25,OOS,1,1.0,5.75,5.75,0.0,0.0,1.0,1,1,1.0
fade_extent,10.0,opposite,31.25,Validation,3,0.6666666666666666,13.916666666666666,30.25,0.6666666666666666,0.3333333333333333,0.0,3,3,1.0
fade_extent,10.0,opposite,31.5,Discovery,4,0.0,-48.75,-54.125,0.0,1.0,0.0,4,4,1.0
fade_extent,10.0,opposite,31.5,OOS,1,0.0,-7.5,-7.5,0.0,0.0,1.0,1,1,1.0
fade_extent,10.0,opposite,31.5,Validation,1,0.0,-24.25,-24.25,0.0,1.0,0.0,1,1,1.0
fade_extent,10.0,opposite,31.75,Discovery,1,0.0,-30.75,-30.75,0.0,1.0,0.0,1,1,1.0
fade_extent,10.0,opposite,31.75,Validation,1,1.0,30.75,30.75,1.0,0.0,0.0,1,1,1.0
fade_extent,10.0,opposite,32.0,Discovery,2,1.0,31.0,31.0,1.0,0.0,0.0,2,2,1.0
fade_extent,10.0,opposite,32.0,Validation,3,0.3333333333333333,-3.0,-19.0,0.3333333333333333,0.6666666666666666,0.0,3,3,1.0
fade_extent,10.0,opposite,32.25,Discovery,1,0.0,-32.75,-32.75,0.0,1.0,0.0,1,1,1.0
fade_extent,10.0,opposite,32.25,Validation,1,0.0,-16.0,-16.0,0.0,1.0,0.0,1,1,1.0
fade_extent,10.0,opposite,32.5,OOS,1,1.0,31.5,31.5,1.0,0.0,0.0,1,1,1.0
fade_extent,10.0,opposite,32.5,Validation,2,0.0,-23.125,-23.125,0.0,1.0,0.0,2,2,1.0
fade_extent,10.0,opposite,32.75,Validation,3,0.3333333333333333,-11.166666666666666,-28.25,0.3333333333333333,0.6666666666666666,0.0,3,3,1.0
fade_extent,10.0,opposite,33.0,Discovery,1,0.0,-22.25,-22.25,0.0,1.0,0.0,1,1,1.0
fade_extent,10.0,opposite,33.0,Validation,1,0.0,-43.0,-43.0,0.0,1.0,0.0,1,1,1.0
fade_extent,10.0,opposite,33.25,Discovery,1,1.0,17.25,17.25,0.0,0.0,1.0,1,1,1.0
fade_extent,10.0,opposite,33.25,Validation,3,0.3333333333333333,-3.6666666666666665,-21.25,0.3333333333333333,0.6666666666666666,0.0,3,3,1.0
fade_extent,10.0,opposite,33.5,Discovery,1,0.0,-22.75,-22.75,0.0,1.0,0.0,1,1,1.0
fade_extent,10.0,opposite,33.5,Validation,1,1.0,32.5,32.5,1.0,0.0,0.0,1,1,1.0
fade_extent,10.0,opposite,33.75,Discovery,3,0.0,-66.5,-75.75,0.0,1.0,0.0,3,3,1.0
fade_extent,10.0,opposite,33.75,OOS,1,1.0,32.75,32.75,1.0,0.0,0.0,1,1,1.0
fade_extent,10.0,opposite,33.75,Validation,1,1.0,32.75,32.75,1.0,0.0,0.0,1,1,1.0
fade_extent,10.0,opposite,34.0,Discovery,2,1.0,33.0,33.0,1.0,0.0,0.0,2,2,1.0
fade_extent,10.0,opposite,34.0,Validation,2,0.5,2.375,2.375,0.5,0.5,0.0,2,2,1.0
fade_extent,10.0,opposite,34.5,Discovery,2,0.0,-32.375,-32.375,0.0,0.5,0.5,2,2,1.0
fade_extent,10.0,opposite,34.5,Validation,2,0.5,4.0,4.0,0.5,0.5,0.0,2,2,1.0
fade_extent,10.0,opposite,34.75,Validation,1,0.0,-3.75,-3.75,0.0,0.0,1.0,1,1,1.0
fade_extent,10.0,opposite,35.0,Validation,1,1.0,34.0,34.0,1.0,0.0,0.0,1,1,1.0
fade_extent,10.0,opposite,35.25,Discovery,1,1.0,34.25,34.25,1.0,0.0,0.0,1,1,1.0
fade_extent,10.0,opposite,35.25,Validation,2,0.0,-18.375,-18.375,0.0,1.0,0.0,2,2,1.0
fade_extent,10.0,opposite,35.5,Discovery,1,1.0,34.5,34.5,1.0,0.0,0.0,1,1,1.0
fade_extent,10.0,opposite,35.75,Discovery,1,0.0,-43.5,-43.5,0.0,1.0,0.0,1,1,1.0
fade_extent,10.0,opposite,35.75,OOS,1,1.0,34.75,34.75,1.0,0.0,0.0,1,1,1.0
fade_extent,10.0,opposite,35.75,Validation,1,1.0,34.75,34.75,1.0,0.0,0.0,1,1,1.0
fade_extent,10.0,opposite,36.0,Validation,2,0.5,-3.875,-3.875,0.5,0.5,0.0,2,2,1.0
fade_extent,10.0,opposite,36.25,Discovery,1,0.0,-25.5,-25.5,0.0,1.0,0.0,1,1,1.0
fade_extent,10.0,opposite,36.25,OOS,3,0.6666666666666666,17.0,35.25,0.6666666666666666,0.3333333333333333,0.0,3,3,1.0
fade_extent,10.0,opposite,36.5,OOS,1,0.0,-48.5,-48.5,0.0,1.0,0.0,1,1,1.0
fade_extent,10.0,opposite,36.5,Validation,2,0.5,-16.125,-16.125,0.0,0.5,0.5,2,2,1.0
fade_extent,10.0,opposite,36.75,OOS,1,1.0,35.75,35.75,1.0,0.0,0.0,1,1,1.0
fade_extent,10.0,opposite,36.75,Validation,1,0.0,-15.0,-15.0,0.0,1.0,0.0,1,1,1.0
fade_extent,10.0,opposite,37.0,Discovery,1,1.0,36.0,36.0,1.0,0.0,0.0,1,1,1.0
fade_extent,10.0,opposite,37.0,OOS,1,0.0,-14.25,-14.25,0.0,1.0,0.0,1,1,1.0
fade_extent,10.0,opposite,37.0,Validation,1,1.0,36.0,36.0,1.0,0.0,0.0,1,1,1.0
fade_extent,10.0,opposite,37.5,Discovery,1,0.0,-20.75,-20.75,0.0,1.0,0.0,1,1,1.0
fade_extent,10.0,opposite,37.5,Validation,1,1.0,36.5,36.5,1.0,0.0,0.0,1,1,1.0
fade_extent,10.0,opposite,37.75,OOS,1,1.0,36.75,36.75,1.0,0.0,0.0,1,1,1.0
fade_extent,10.0,opposite,37.75,Validation,1,0.0,-32.0,-32.0,0.0,0.0,1.0,1,1,1.0
fade_extent,10.0,opposite,38.0,Discovery,2,0.0,-22.0,-22.0,0.0,1.0,0.0,2,2,1.0
fade_extent,10.0,opposite,38.0,OOS,1,1.0,37.0,37.0,1.0,0.0,0.0,1,1,1.0
fade_extent,10.0,opposite,38.0,Validation,1,0.0,-15.5,-15.5,0.0,1.0,0.0,1,1,1.0
fade_extent,10.0,opposite,38.25,Discovery,3,0.3333333333333333,-11.5,-17.75,0.3333333333333333,0.6666666666666666,0.0,3,3,1.0
fade_extent,10.0,opposite,38.25,Validation,3,0.6666666666666666,8.333333333333334,37.25,0.6666666666666666,0.3333333333333333,0.0,3,3,1.0
fade_extent,10.0,opposite,38.5,Discovery,1,1.0,9.75,9.75,0.0,0.0,1.0,1,1,1.0
fade_extent,10.0,opposite,38.75,Discovery,1,1.0,37.75,37.75,1.0,0.0,0.0,1,1,1.0
fade_extent,10.0,opposite,38.75,Validation,1,1.0,7.25,7.25,0.0,0.0,1.0,1,1,1.0
fade_extent,10.0,opposite,39.0,Discovery,1,1.0,38.0,38.0,1.0,0.0,0.0,1,1,1.0
fade_extent,10.0,opposite,39.0,Validation,1,1.0,38.0,38.0,1.0,0.0,0.0,1,1,1.0
fade_extent,10.0,opposite,39.25,Discovery,1,1.0,38.25,38.25,1.0,0.0,0.0,1,1,1.0
fade_extent,10.0,opposite,39.25,OOS,1,1.0,38.25,38.25,1.0,0.0,0.0,1,1,1.0
fade_extent,10.0,opposite,39.25,Validation,2,0.5,-9.125,-9.125,0.5,0.5,0.0,2,2,1.0
fade_extent,10.0,opposite,39.5,Discovery,1,0.0,-18.25,-18.25,0.0,1.0,0.0,1,1,1.0
fade_extent,10.0,opposite,39.5,OOS,1,0.0,-54.75,-54.75,0.0,1.0,0.0,1,1,1.0
fade_extent,10.0,opposite,39.5,Validation,2,0.5,3.25,3.25,0.5,0.5,0.0,2,2,1.0
fade_extent,10.0,opposite,39.75,OOS,2,1.0,38.75,38.75,1.0,0.0,0.0,2,2,1.0
fade_extent,10.0,opposite,40.0,Validation,2,0.0,-21.875,-21.875,0.0,1.0,0.0,2,2,1.0
fade_extent,10.0,opposite,40.25,Discovery,1,1.0,39.25,39.25,1.0,0.0,0.0,1,1,1.0
fade_extent,10.0,opposite,40.5,OOS,1,1.0,39.5,39.5,1.0,0.0,0.0,1,1,1.0
fade_extent,10.0,opposite,40.75,Validation,1,1.0,14.5,14.5,0.0,0.0,1.0,1,1,1.0
fade_extent,10.0,opposite,41.0,OOS,1,1.0,40.0,40.0,1.0,0.0,0.0,1,1,1.0
fade_extent,10.0,opposite,41.25,Discovery,1,0.0,-27.0,-27.0,0.0,1.0,0.0,1,1,1.0
fade_extent,10.0,opposite,41.25,Validation,3,0.0,-24.083333333333332,-26.0,0.0,1.0,0.0,3,3,1.0
fade_extent,10.0,opposite,41.5,Validation,1,1.0,8.5,8.5,0.0,0.0,1.0,1,1,1.0
fade_extent,10.0,opposite,41.75,Discovery,1,0.0,-13.25,-13.25,0.0,1.0,0.0,1,1,1.0
fade_extent,10.0,opposite,41.75,Validation,3,0.3333333333333333,-20.333333333333332,-17.75,0.3333333333333333,0.6666666666666666,0.0,3,3,1.0
fade_extent,10.0,opposite,42.0,Discovery,1,0.0,-21.5,-21.5,0.0,1.0,0.0,1,1,1.0
fade_extent,10.0,opposite,42.0,Validation,2,0.0,-23.125,-23.125,0.0,1.0,0.0,2,2,1.0
fade_extent,10.0,opposite,42.25,Validation,1,0.0,-20.0,-20.0,0.0,1.0,0.0,1,1,1.0
fade_extent,10.0,opposite,42.75,OOS,1,1.0,41.75,41.75,1.0,0.0,0.0,1,1,1.0
fade_extent,10.0,opposite,42.75,Validation,1,0.0,-33.0,-33.0,0.0,1.0,0.0,1,1,1.0
fade_extent,10.0,opposite,43.25,Discovery,3,0.0,-21.916666666666668,-16.5,0.0,0.3333333333333333,0.6666666666666666,3,3,1.0
fade_extent,10.0,opposite,43.25,Validation,1,0.0,-67.0,-67.0,0.0,1.0,0.0,1,1,1.0
fade_extent,10.0,opposite,43.5,Discovery,1,0.0,-32.25,-32.25,0.0,1.0,0.0,1,1,1.0
fade_extent,10.0,opposite,43.75,OOS,2,0.5,-2.625,-2.625,0.5,0.5,0.0,2,2,1.0
fade_extent,10.0,opposite,43.75,Validation,2,0.5,-22.875,-22.875,0.5,0.0,0.5,2,2,1.0
fade_extent,10.0,opposite,44.0,OOS,1,0.0,-30.25,-30.25,0.0,1.0,0.0,1,1,1.0
fade_extent,10.0,opposite,44.0,Validation,1,0.0,-28.0,-28.0,0.0,1.0,0.0,1,1,1.0
fade_extent,10.0,opposite,44.25,Validation,3,0.0,-21.75,-18.0,0.0,1.0,0.0,3,3,1.0
fade_extent,10.0,opposite,44.75,OOS,1,0.0,-24.5,-24.5,0.0,1.0,0.0,1,1,1.0
fade_extent,10.0,opposite,44.75,Validation,1,0.0,-79.25,-79.25,0.0,1.0,0.0,1,1,1.0
fade_extent,10.0,opposite,45.0,OOS,1,0.0,-9.0,-9.0,0.0,0.0,1.0,1,1,1.0
fade_extent,10.0,opposite,45.0,Validation,2,0.5,-6.25,-6.25,0.0,0.5,0.5,2,2,1.0
fade_extent,10.0,opposite,45.25,OOS,1,1.0,44.25,44.25,1.0,0.0,0.0,1,1,1.0
fade_extent,10.0,opposite,45.5,Discovery,1,0.0,-47.25,-47.25,0.0,1.0,0.0,1,1,1.0
fade_extent,10.0,opposite,45.5,Validation,1,1.0,44.5,44.5,1.0,0.0,0.0,1,1,1.0
fade_extent,10.0,opposite,45.75,Discovery,1,0.0,-42.75,-42.75,0.0,1.0,0.0,1,1,1.0
fade_extent,10.0,opposite,45.75,OOS,1,0.0,-30.25,-30.25,0.0,1.0,0.0,1,1,1.0
fade_extent,10.0,opposite,45.75,Validation,2,0.0,-36.375,-36.375,0.0,1.0,0.0,2,2,1.0
fade_extent,10.0,opposite,46.0,OOS,1,1.0,45.0,45.0,1.0,0.0,0.0,1,1,1.0
fade_extent,10.0,opposite,46.0,Validation,1,1.0,45.0,45.0,1.0,0.0,0.0,1,1,1.0
fade_extent,10.0,opposite,46.25,Discovery,1,0.0,-26.0,-26.0,0.0,1.0,0.0,1,1,1.0
fade_extent,10.0,opposite,46.25,Validation,1,1.0,20.75,20.75,0.0,0.0,1.0,1,1,1.0
fade_extent,10.0,opposite,46.5,Discovery,1,1.0,45.5,45.5,1.0,0.0,0.0,1,1,1.0
fade_extent,10.0,opposite,46.5,OOS,1,1.0,45.5,45.5,1.0,0.0,0.0,1,1,1.0
fade_extent,10.0,opposite,46.5,Validation,1,1.0,45.5,45.5,1.0,0.0,0.0,1,1,1.0
fade_extent,10.0,opposite,46.75,Validation,1,1.0,45.75,45.75,1.0,0.0,0.0,1,1,1.0
fade_extent,10.0,opposite,47.0,OOS,1,0.0,-52.5,-52.5,0.0,1.0,0.0,1,1,1.0
fade_extent,10.0,opposite,47.0,Validation,2,0.5,6.0,6.0,0.5,0.5,0.0,2,2,1.0
fade_extent,10.0,opposite,47.25,Discovery,2,0.0,-15.625,-15.625,0.0,1.0,0.0,2,2,1.0
fade_extent,10.0,opposite,47.25,OOS,1,1.0,46.25,46.25,1.0,0.0,0.0,1,1,1.0
fade_extent,10.0,opposite,47.25,Validation,3,0.3333333333333333,-3.0,-18.25,0.3333333333333333,0.6666666666666666,0.0,3,3,1.0
fade_extent,10.0,opposite,47.5,Validation,2,0.5,4.875,4.875,0.5,0.5,0.0,2,2,1.0
fade_extent,10.0,opposite,47.75,OOS,1,1.0,46.75,46.75,1.0,0.0,0.0,1,1,1.0
fade_extent,10.0,opposite,47.75,Validation,1,1.0,46.75,46.75,1.0,0.0,0.0,1,1,1.0
fade_extent,10.0,opposite,48.0,Validation,2,0.0,-20.75,-20.75,0.0,1.0,0.0,2,2,1.0
fade_extent,10.0,opposite,48.25,OOS,1,0.0,-56.5,-56.5,0.0,1.0,0.0,1,1,1.0
fade_extent,10.0,opposite,48.5,Validation,1,0.0,-22.75,-22.75,0.0,1.0,0.0,1,1,1.0
fade_extent,10.0,opposite,48.75,Discovery,1,0.0,-31.0,-31.0,0.0,1.0,0.0,1,1,1.0
fade_extent,10.0,opposite,48.75,OOS,2,1.0,47.75,47.75,1.0,0.0,0.0,2,2,1.0
fade_extent,10.0,opposite,48.75,Validation,1,0.0,-29.25,-29.25,0.0,1.0,0.0,1,1,1.0
fade_extent,10.0,opposite,49.0,Validation,1,1.0,48.0,48.0,1.0,0.0,0.0,1,1,1.0
fade_extent,10.0,opposite,49.5,OOS,1,0.0,-40.5,-40.5,0.0,1.0,0.0,1,1,1.0
fade_extent,10.0,opposite,49.5,Validation,1,1.0,5.75,5.75,0.0,0.0,1.0,1,1,1.0
fade_extent,10.0,opposite,50.25,OOS,2,0.0,-18.625,-18.625,0.0,0.5,0.5,2,2,1.0
fade_extent,10.0,opposite,50.25,Validation,1,1.0,49.25,49.25,1.0,0.0,0.0,1,1,1.0
fade_extent,10.0,opposite,50.5,Validation,1,1.0,4.0,4.0,0.0,0.0,1.0,1,1,1.0
fade_extent,10.0,opposite,50.75,OOS,2,0.0,-92.625,-92.625,0.0,1.0,0.0,2,2,1.0
fade_extent,10.0,opposite,50.75,Validation,2,0.5,7.125,7.125,0.5,0.5,0.0,2,2,1.0
fade_extent,10.0,opposite,51.0,OOS,1,0.0,-43.25,-43.25,0.0,1.0,0.0,1,1,1.0
fade_extent,10.0,opposite,51.25,Discovery,1,1.0,50.25,50.25,1.0,0.0,0.0,1,1,1.0
fade_extent,10.0,opposite,51.25,Validation,4,0.5,1.4375,-3.5,0.25,0.5,0.25,4,4,1.0
fade_extent,10.0,opposite,51.5,OOS,1,0.0,-64.5,-64.5,0.0,1.0,0.0,1,1,1.0
fade_extent,10.0,opposite,51.5,Validation,1,0.0,-66.75,-66.75,0.0,1.0,0.0,1,1,1.0
fade_extent,10.0,opposite,51.75,OOS,1,1.0,50.75,50.75,1.0,0.0,0.0,1,1,1.0
fade_extent,10.0,opposite,51.75,Validation,1,0.0,-15.75,-15.75,0.0,1.0,0.0,1,1,1.0
fade_extent,10.0,opposite,52.0,OOS,1,1.0,51.0,51.0,1.0,0.0,0.0,1,1,1.0
fade_extent,10.0,opposite,52.0,Validation,2,0.5,7.625,7.625,0.5,0.5,0.0,2,2,1.0
fade_extent,10.0,opposite,52.5,OOS,1,1.0,51.5,51.5,1.0,0.0,0.0,1,1,1.0
fade_extent,10.0,opposite,52.75,OOS,1,1.0,51.75,51.75,1.0,0.0,0.0,1,1,1.0
fade_extent,10.0,opposite,52.75,Validation,2,0.5,-6.125,-6.125,0.0,0.5,0.5,2,2,1.0
fade_extent,10.0,opposite,53.75,OOS,1,0.0,-62.5,-62.5,0.0,1.0,0.0,1,1,1.0
fade_extent,10.0,opposite,53.75,Validation,1,0.0,-0.25,-0.25,0.0,0.0,1.0,1,1,1.0
fade_extent,10.0,opposite,54.0,OOS,1,0.0,-101.0,-101.0,0.0,1.0,0.0,1,1,1.0
fade_extent,10.0,opposite,54.25,Validation,1,1.0,26.5,26.5,0.0,0.0,1.0,1,1,1.0
fade_extent,10.0,opposite,54.5,OOS,1,1.0,53.5,53.5,1.0,0.0,0.0,1,1,1.0
fade_extent,10.0,opposite,54.5,Validation,2,0.0,-15.25,-15.25,0.0,1.0,0.0,2,2,1.0
fade_extent,10.0,opposite,55.5,Discovery,1,0.0,-25.5,-25.5,0.0,1.0,0.0,1,1,1.0
fade_extent,10.0,opposite,55.5,Validation,1,0.0,-19.0,-19.0,0.0,1.0,0.0,1,1,1.0
fade_extent,10.0,opposite,55.75,Discovery,1,0.0,-27.5,-27.5,0.0,1.0,0.0,1,1,1.0
fade_extent,10.0,opposite,56.0,Discovery,1,1.0,7.25,7.25,0.0,0.0,1.0,1,1,1.0
fade_extent,10.0,opposite,56.0,OOS,1,1.0,55.0,55.0,1.0,0.0,0.0,1,1,1.0
fade_extent,10.0,opposite,56.25,Discovery,1,0.0,-25.25,-25.25,0.0,1.0,0.0,1,1,1.0
fade_extent,10.0,opposite,56.25,Validation,2,0.0,-22.0,-22.0,0.0,1.0,0.0,2,2,1.0
fade_extent,10.0,opposite,56.5,OOS,1,1.0,55.5,55.5,1.0,0.0,0.0,1,1,1.0
fade_extent,10.0,opposite,56.75,OOS,1,1.0,55.75,55.75,1.0,0.0,0.0,1,1,1.0
fade_extent,10.0,opposite,56.75,Validation,1,0.0,-33.5,-33.5,0.0,1.0,0.0,1,1,1.0
fade_extent,10.0,opposite,57.25,Validation,1,1.0,22.0,22.0,0.0,0.0,1.0,1,1,1.0
fade_extent,10.0,opposite,57.5,Validation,1,0.0,-15.5,-15.5,0.0,1.0,0.0,1,1,1.0
fade_extent,10.0,opposite,57.75,Discovery,1,1.0,16.0,16.0,0.0,0.0,1.0,1,1,1.0
fade_extent,10.0,opposite,58.0,OOS,2,0.0,-34.625,-34.625,0.0,1.0,0.0,2,2,1.0
fade_extent,10.0,opposite,58.25,OOS,1,1.0,57.25,57.25,1.0,0.0,0.0,1,1,1.0
fade_extent,10.0,opposite,58.5,Validation,1,1.0,4.0,4.0,0.0,0.0,1.0,1,1,1.0
fade_extent,10.0,opposite,58.75,OOS,1,0.0,-30.25,-30.25,0.0,1.0,0.0,1,1,1.0
fade_extent,10.0,opposite,59.0,OOS,1,0.0,-38.25,-38.25,0.0,1.0,0.0,1,1,1.0
fade_extent,10.0,opposite,59.0,Validation,2,0.5,3.875,3.875,0.5,0.5,0.0,2,2,1.0
fade_extent,10.0,opposite,59.5,OOS,1,0.0,-23.75,-23.75,0.0,1.0,0.0,1,1,1.0
fade_extent,10.0,opposite,59.5,Validation,1,0.0,-14.5,-14.5,0.0,0.0,1.0,1,1,1.0
fade_extent,10.0,opposite,59.75,Discovery,1,0.0,-16.75,-16.75,0.0,0.0,1.0,1,1,1.0
fade_extent,10.0,opposite,59.75,OOS,1,0.0,-79.5,-79.5,0.0,1.0,0.0,1,1,1.0
fade_extent,10.0,opposite,60.0,OOS,1,1.0,59.0,59.0,1.0,0.0,0.0,1,1,1.0
fade_extent,10.0,opposite,60.0,Validation,1,0.0,-61.25,-61.25,0.0,1.0,0.0,1,1,1.0
fade_extent,10.0,opposite,60.25,Discovery,1,0.0,-22.25,-22.25,0.0,1.0,0.0,1,1,1.0
fade_extent,10.0,opposite,61.5,Validation,3,0.6666666666666666,19.416666666666668,31.0,0.3333333333333333,0.3333333333333333,0.3333333333333333,3,3,1.0
fade_extent,10.0,opposite,62.25,Discovery,1,0.0,-18.0,-18.0,0.0,1.0,0.0,1,1,1.0
fade_extent,10.0,opposite,62.25,OOS,2,0.5,22.0,22.0,0.5,0.5,0.0,2,2,1.0
fade_extent,10.0,opposite,62.25,Validation,2,0.5,0.875,0.875,0.5,0.5,0.0,2,2,1.0
fade_extent,10.0,opposite,62.75,Discovery,1,0.0,-22.5,-22.5,0.0,1.0,0.0,1,1,1.0
fade_extent,10.0,opposite,62.75,Validation,1,0.0,-26.0,-26.0,0.0,1.0,0.0,1,1,1.0
fade_extent,10.0,opposite,63.25,Discovery,1,1.0,62.25,62.25,1.0,0.0,0.0,1,1,1.0
fade_extent,10.0,opposite,63.75,Validation,1,0.0,-22.75,-22.75,0.0,1.0,0.0,1,1,1.0
fade_extent,10.0,opposite,64.25,Validation,1,0.0,-15.75,-15.75,0.0,1.0,0.0,1,1,1.0
fade_extent,10.0,opposite,64.5,OOS,1,1.0,63.5,63.5,1.0,0.0,0.0,1,1,1.0
fade_extent,10.0,opposite,64.75,Validation,1,1.0,63.75,63.75,1.0,0.0,0.0,1,1,1.0
fade_extent,10.0,opposite,65.75,OOS,1,0.0,-24.0,-24.0,0.0,0.0,1.0,1,1,1.0
fade_extent,10.0,opposite,65.75,Validation,1,1.0,64.75,64.75,1.0,0.0,0.0,1,1,1.0
fade_extent,10.0,opposite,66.0,OOS,1,0.0,-39.0,-39.0,0.0,1.0,0.0,1,1,1.0
fade_extent,10.0,opposite,66.5,OOS,1,0.0,-62.0,-62.0,0.0,1.0,0.0,1,1,1.0
fade_extent,10.0,opposite,66.75,OOS,2,1.0,65.75,65.75,1.0,0.0,0.0,2,2,1.0
fade_extent,10.0,opposite,67.25,Validation,1,0.0,-26.25,-26.25,0.0,1.0,0.0,1,1,1.0
fade_extent,10.0,opposite,67.5,OOS,1,1.0,66.5,66.5,1.0,0.0,0.0,1,1,1.0
fade_extent,10.0,opposite,67.5,Validation,1,0.0,-26.0,-26.0,0.0,1.0,0.0,1,1,1.0
fade_extent,10.0,opposite,67.75,Discovery,1,0.0,-21.0,-21.0,0.0,1.0,0.0,1,1,1.0
fade_extent,10.0,opposite,67.75,OOS,1,1.0,66.75,66.75,1.0,0.0,0.0,1,1,1.0
fade_extent,10.0,opposite,67.75,Validation,2,1.0,66.75,66.75,1.0,0.0,0.0,2,2,1.0
fade_extent,10.0,opposite,68.0,Validation,1,0.0,-19.75,-19.75,0.0,1.0,0.0,1,1,1.0
fade_extent,10.0,opposite,68.25,Validation,1,1.0,67.25,67.25,1.0,0.0,0.0,1,1,1.0
fade_extent,10.0,opposite,68.75,Validation,1,0.0,-49.25,-49.25,0.0,1.0,0.0,1,1,1.0
fade_extent,10.0,opposite,69.25,Discovery,1,1.0,43.0,43.0,0.0,0.0,1.0,1,1,1.0
fade_extent,10.0,opposite,69.5,Discovery,1,1.0,68.5,68.5,1.0,0.0,0.0,1,1,1.0
fade_extent,10.0,opposite,69.5,OOS,1,0.0,-35.5,-35.5,0.0,1.0,0.0,1,1,1.0
fade_extent,10.0,opposite,69.75,Validation,1,0.0,-28.0,-28.0,0.0,1.0,0.0,1,1,1.0
fade_extent,10.0,opposite,70.0,Discovery,1,1.0,59.0,59.0,0.0,0.0,1.0,1,1,1.0
fade_extent,10.0,opposite,70.0,Validation,1,0.0,-30.0,-30.0,0.0,1.0,0.0,1,1,1.0
fade_extent,10.0,opposite,70.25,OOS,1,1.0,69.25,69.25,1.0,0.0,0.0,1,1,1.0
fade_extent,10.0,opposite,70.5,Discovery,1,0.0,-38.25,-38.25,0.0,0.0,1.0,1,1,1.0
fade_extent,10.0,opposite,70.5,OOS,1,0.0,-49.75,-49.75,0.0,1.0,0.0,1,1,1.0
fade_extent,10.0,opposite,70.5,Validation,1,0.0,-13.0,-13.0,0.0,1.0,0.0,1,1,1.0
fade_extent,10.0,opposite,70.75,Validation,1,0.0,-3.25,-3.25,0.0,0.0,1.0,1,1,1.0
fade_extent,10.0,opposite,71.25,Validation,1,0.0,-42.5,-42.5,0.0,1.0,0.0,1,1,1.0
fade_extent,10.0,opposite,72.0,Validation,1,0.0,-106.0,-106.0,0.0,1.0,0.0,1,1,1.0
fade_extent,10.0,opposite,72.25,Discovery,1,0.0,-35.5,-35.5,0.0,1.0,0.0,1,1,1.0
fade_extent,10.0,opposite,72.25,Validation,1,1.0,71.25,71.25,1.0,0.0,0.0,1,1,1.0
fade_extent,10.0,opposite,72.5,Discovery,1,1.0,7.25,7.25,0.0,0.0,1.0,1,1,1.0
fade_extent,10.0,opposite,72.75,Validation,1,0.0,-36.25,-36.25,0.0,1.0,0.0,1,1,1.0
fade_extent,10.0,opposite,73.25,Discovery,1,1.0,72.25,72.25,1.0,0.0,0.0,1,1,1.0
fade_extent,10.0,opposite,73.75,Validation,1,1.0,8.0,8.0,0.0,0.0,1.0,1,1,1.0
fade_extent,10.0,opposite,74.0,OOS,1,1.0,73.0,73.0,1.0,0.0,0.0,1,1,1.0
fade_extent,10.0,opposite,74.0,Validation,1,1.0,73.0,73.0,1.0,0.0,0.0,1,1,1.0
fade_extent,10.0,opposite,74.25,OOS,1,0.0,-66.5,-66.5,0.0,1.0,0.0,1,1,1.0
fade_extent,10.0,opposite,74.5,OOS,1,0.0,-34.75,-34.75,0.0,1.0,0.0,1,1,1.0
fade_extent,10.0,opposite,74.75,OOS,1,0.0,-158.0,-158.0,0.0,1.0,0.0,1,1,1.0
fade_extent,10.0,opposite,75.5,Discovery,1,0.0,-47.25,-47.25,0.0,1.0,0.0,1,1,1.0
fade_extent,10.0,opposite,75.75,Validation,1,0.0,-24.25,-24.25,0.0,1.0,0.0,1,1,1.0
fade_extent,10.0,opposite,76.0,OOS,1,1.0,75.0,75.0,1.0,0.0,0.0,1,1,1.0
fade_extent,10.0,opposite,76.0,Validation,1,0.0,-20.25,-20.25,0.0,1.0,0.0,1,1,1.0
fade_extent,10.0,opposite,76.25,Discovery,1,0.0,-35.25,-35.25,0.0,1.0,0.0,1,1,1.0
fade_extent,10.0,opposite,76.5,Validation,1,1.0,1.5,1.5,0.0,0.0,1.0,1,1,1.0
fade_extent,10.0,opposite,77.0,Validation,2,0.0,-18.25,-18.25,0.0,0.5,0.5,2,2,1.0
fade_extent,10.0,opposite,77.75,Validation,1,0.0,-39.75,-39.75,0.0,1.0,0.0,1,1,1.0
fade_extent,10.0,opposite,78.0,Discovery,2,1.0,77.0,77.0,1.0,0.0,0.0,2,2,1.0
fade_extent,10.0,opposite,78.5,Discovery,1,0.0,-22.75,-22.75,0.0,1.0,0.0,1,1,1.0
fade_extent,10.0,opposite,78.75,OOS,1,1.0,77.75,77.75,1.0,0.0,0.0,1,1,1.0
fade_extent,10.0,opposite,79.25,Validation,1,0.0,-21.25,-21.25,0.0,1.0,0.0,1,1,1.0
fade_extent,10.0,opposite,79.5,Validation,1,0.0,-84.0,-84.0,0.0,1.0,0.0,1,1,1.0
fade_extent,10.0,opposite,80.0,Validation,1,0.0,-40.0,-40.0,0.0,1.0,0.0,1,1,1.0
fade_extent,10.0,opposite,81.0,Discovery,1,1.0,80.0,80.0,1.0,0.0,0.0,1,1,1.0
fade_extent,10.0,opposite,81.25,OOS,1,1.0,46.75,46.75,0.0,0.0,1.0,1,1,1.0
fade_extent,10.0,opposite,81.75,Validation,1,0.0,-14.5,-14.5,0.0,1.0,0.0,1,1,1.0
fade_extent,10.0,opposite,82.0,OOS,1,1.0,81.0,81.0,1.0,0.0,0.0,1,1,1.0
fade_extent,10.0,opposite,82.25,Discovery,1,0.0,-19.75,-19.75,0.0,1.0,0.0,1,1,1.0
fade_extent,10.0,opposite,82.75,Validation,1,0.0,-0.5,-0.5,0.0,0.0,1.0,1,1,1.0
fade_extent,10.0,opposite,83.0,OOS,1,0.0,-37.0,-37.0,0.0,1.0,0.0,1,1,1.0
fade_extent,10.0,opposite,83.5,Discovery,1,1.0,82.5,82.5,1.0,0.0,0.0,1,1,1.0
fade_extent,10.0,opposite,83.75,OOS,1,1.0,82.75,82.75,1.0,0.0,0.0,1,1,1.0
fade_extent,10.0,opposite,83.75,Validation,1,0.0,-18.5,-18.5,0.0,1.0,0.0,1,1,1.0
fade_extent,10.0,opposite,84.5,OOS,1,0.0,-32.75,-32.75,0.0,1.0,0.0,1,1,1.0
fade_extent,10.0,opposite,85.0,Validation,1,0.0,-44.25,-44.25,0.0,0.0,1.0,1,1,1.0
fade_extent,10.0,opposite,85.25,OOS,1,0.0,-34.75,-34.75,0.0,1.0,0.0,1,1,1.0
fade_extent,10.0,opposite,85.5,OOS,1,1.0,84.5,84.5,1.0,0.0,0.0,1,1,1.0
fade_extent,10.0,opposite,86.0,OOS,1,0.0,-15.5,-15.5,0.0,0.0,1.0,1,1,1.0
fade_extent,10.0,opposite,86.0,Validation,2,0.5,27.75,27.75,0.5,0.5,0.0,2,2,1.0
fade_extent,10.0,opposite,86.5,OOS,1,1.0,85.5,85.5,1.0,0.0,0.0,1,1,1.0
fade_extent,10.0,opposite,86.75,Validation,1,0.0,-30.75,-30.75,0.0,1.0,0.0,1,1,1.0
fade_extent,10.0,opposite,87.0,Validation,1,0.0,-25.25,-25.25,0.0,1.0,0.0,1,1,1.0
fade_extent,10.0,opposite,87.25,Validation,1,1.0,7.75,7.75,0.0,0.0,1.0,1,1,1.0
fade_extent,10.0,opposite,87.75,OOS,1,0.0,-40.0,-40.0,0.0,1.0,0.0,1,1,1.0
fade_extent,10.0,opposite,87.75,Validation,1,1.0,86.75,86.75,1.0,0.0,0.0,1,1,1.0
fade_extent,10.0,opposite,88.0,Validation,2,0.5,22.125,22.125,0.5,0.5,0.0,2,2,1.0
fade_extent,10.0,opposite,88.25,OOS,1,1.0,47.25,47.25,0.0,0.0,1.0,1,1,1.0
fade_extent,10.0,opposite,88.5,Validation,2,0.0,-16.375,-16.375,0.0,0.5,0.5,2,2,1.0
fade_extent,10.0,opposite,89.75,Discovery,2,0.5,-16.625,-16.625,0.0,0.5,0.5,2,2,1.0
fade_extent,10.0,opposite,90.0,Discovery,1,1.0,89.0,89.0,1.0,0.0,0.0,1,1,1.0
fade_extent,10.0,opposite,91.25,OOS,1,0.0,-84.5,-84.5,0.0,0.0,1.0,1,1,1.0
fade_extent,10.0,opposite,91.5,Discovery,1,0.0,-24.75,-24.75,0.0,1.0,0.0,1,1,1.0
fade_extent,10.0,opposite,91.75,Validation,2,0.0,-29.125,-29.125,0.0,0.5,0.5,2,2,1.0
fade_extent,10.0,opposite,92.0,OOS,2,0.5,-19.25,-19.25,0.0,0.5,0.5,2,2,1.0
fade_extent,10.0,opposite,92.5,OOS,1,1.0,91.5,91.5,1.0,0.0,0.0,1,1,1.0
fade_extent,10.0,opposite,92.5,Validation,1,1.0,91.5,91.5,1.0,0.0,0.0,1,1,1.0
fade_extent,10.0,opposite,93.25,OOS,1,0.0,-205.0,-205.0,0.0,1.0,0.0,1,1,1.0
fade_extent,10.0,opposite,94.25,Validation,1,1.0,93.25,93.25,1.0,0.0,0.0,1,1,1.0
fade_extent,10.0,opposite,94.75,Validation,1,0.0,-56.75,-56.75,0.0,1.0,0.0,1,1,1.0
fade_extent,10.0,opposite,95.5,OOS,2,0.5,27.625,27.625,0.5,0.5,0.0,2,2,1.0
fade_extent,10.0,opposite,96.5,OOS,1,0.0,-120.0,-120.0,0.0,1.0,0.0,1,1,1.0
fade_extent,10.0,opposite,97.0,Validation,2,0.0,-53.375,-53.375,0.0,1.0,0.0,2,2,1.0
fade_extent,10.0,opposite,97.25,OOS,1,1.0,58.5,58.5,0.0,0.0,1.0,1,1,1.0
fade_extent,10.0,opposite,97.25,Validation,1,0.0,-15.0,-15.0,0.0,0.0,1.0,1,1,1.0
fade_extent,10.0,opposite,97.5,Validation,2,1.0,96.5,96.5,1.0,0.0,0.0,2,2,1.0
fade_extent,10.0,opposite,98.0,Validation,1,1.0,97.0,97.0,1.0,0.0,0.0,1,1,1.0
fade_extent,10.0,opposite,98.25,OOS,1,1.0,97.25,97.25,1.0,0.0,0.0,1,1,1.0
fade_extent,10.0,opposite,98.5,Validation,1,0.0,-123.0,-123.0,0.0,1.0,0.0,1,1,1.0
fade_extent,10.0,opposite,99.0,Discovery,1,0.0,-49.75,-49.75,0.0,1.0,0.0,1,1,1.0
fade_extent,10.0,opposite,99.0,Validation,2,0.5,38.0,38.0,0.5,0.5,0.0,2,2,1.0
fade_extent,10.0,opposite,99.25,Validation,1,0.0,-33.5,-33.5,0.0,1.0,0.0,1,1,1.0
fade_extent,10.0,opposite,100.0,Validation,1,0.0,-25.25,-25.25,0.0,1.0,0.0,1,1,1.0
fade_extent,10.0,opposite,100.25,OOS,2,0.0,-61.5,-61.5,0.0,1.0,0.0,2,2,1.0
fade_extent,10.0,opposite,100.25,Validation,1,0.0,-13.75,-13.75,0.0,1.0,0.0,1,1,1.0
fade_extent,10.0,opposite,101.25,Validation,1,1.0,100.25,100.25,1.0,0.0,0.0,1,1,1.0
fade_extent,10.0,opposite,102.75,Validation,1,0.0,-19.25,-19.25,0.0,1.0,0.0,1,1,1.0
fade_extent,10.0,opposite,103.25,Validation,1,1.0,39.25,39.25,0.0,0.0,1.0,1,1,1.0
fade_extent,10.0,opposite,103.5,Validation,1,0.0,-32.0,-32.0,0.0,1.0,0.0,1,1,1.0
fade_extent,10.0,opposite,104.0,Discovery,1,0.0,-36.0,-36.0,0.0,1.0,0.0,1,1,1.0
fade_extent,10.0,opposite,104.0,OOS,1,0.0,-24.75,-24.75,0.0,1.0,0.0,1,1,1.0
fade_extent,10.0,opposite,104.75,OOS,1,0.0,-49.75,-49.75,0.0,1.0,0.0,1,1,1.0
fade_extent,10.0,opposite,104.75,Validation,1,0.0,-14.25,-14.25,0.0,0.0,1.0,1,1,1.0
fade_extent,10.0,opposite,105.25,Validation,1,1.0,104.25,104.25,1.0,0.0,0.0,1,1,1.0
fade_extent,10.0,opposite,108.5,Validation,1,0.0,-14.5,-14.5,0.0,1.0,0.0,1,1,1.0
fade_extent,10.0,opposite,108.75,Validation,1,0.0,-20.0,-20.0,0.0,1.0,0.0,1,1,1.0
fade_extent,10.0,opposite,109.5,Discovery,1,1.0,108.5,108.5,1.0,0.0,0.0,1,1,1.0
fade_extent,10.0,opposite,110.25,OOS,1,0.0,-20.25,-20.25,0.0,1.0,0.0,1,1,1.0
fade_extent,10.0,opposite,112.25,Validation,1,1.0,52.25,52.25,0.0,0.0,1.0,1,1,1.0
fade_extent,10.0,opposite,113.0,Validation,2,0.0,-21.0,-21.0,0.0,1.0,0.0,2,2,1.0
fade_extent,10.0,opposite,113.25,Discovery,1,0.0,-38.5,-38.5,0.0,0.0,1.0,1,1,1.0
fade_extent,10.0,opposite,113.5,Validation,1,0.0,-30.25,-30.25,0.0,1.0,0.0,1,1,1.0
fade_extent,10.0,opposite,114.0,Discovery,1,0.0,-24.5,-24.5,0.0,0.0,1.0,1,1,1.0
fade_extent,10.0,opposite,114.0,OOS,1,0.0,-12.5,-12.5,0.0,1.0,0.0,1,1,1.0
fade_extent,10.0,opposite,115.25,OOS,1,1.0,114.25,114.25,1.0,0.0,0.0,1,1,1.0
fade_extent,10.0,opposite,116.25,OOS,1,1.0,115.25,115.25,1.0,0.0,0.0,1,1,1.0
fade_extent,10.0,opposite,117.0,OOS,1,0.0,-38.0,-38.0,0.0,1.0,0.0,1,1,1.0
fade_extent,10.0,opposite,117.75,OOS,1,0.0,-72.5,-72.5,0.0,1.0,0.0,1,1,1.0
fade_extent,10.0,opposite,119.5,Discovery,1,1.0,50.0,50.0,0.0,0.0,1.0,1,1,1.0
fade_extent,10.0,opposite,120.5,Validation,1,0.0,-48.5,-48.5,0.0,1.0,0.0,1,1,1.0
fade_extent,10.0,opposite,122.0,Discovery,1,0.0,-29.5,-29.5,0.0,1.0,0.0,1,1,1.0
fade_extent,10.0,opposite,122.25,OOS,1,1.0,121.25,121.25,1.0,0.0,0.0,1,1,1.0
fade_extent,10.0,opposite,127.0,Validation,1,0.0,-21.75,-21.75,0.0,1.0,0.0,1,1,1.0
fade_extent,10.0,opposite,127.25,OOS,1,1.0,25.75,25.75,0.0,0.0,1.0,1,1,1.0
fade_extent,10.0,opposite,129.0,OOS,1,0.0,-62.5,-62.5,0.0,1.0,0.0,1,1,1.0
fade_extent,10.0,opposite,131.75,Validation,1,1.0,32.5,32.5,0.0,0.0,1.0,1,1,1.0
fade_extent,10.0,opposite,132.75,Validation,1,1.0,131.75,131.75,1.0,0.0,0.0,1,1,1.0
fade_extent,10.0,opposite,134.0,OOS,1,0.0,-50.25,-50.25,0.0,1.0,0.0,1,1,1.0
fade_extent,10.0,opposite,138.0,OOS,1,1.0,137.0,137.0,1.0,0.0,0.0,1,1,1.0
fade_extent,10.0,opposite,139.75,Discovery,1,0.0,-33.5,-33.5,0.0,1.0,0.0,1,1,1.0
fade_extent,10.0,opposite,142.25,Validation,1,1.0,47.75,47.75,0.0,0.0,1.0,1,1,1.0
fade_extent,10.0,opposite,142.75,Validation,1,1.0,11.25,11.25,0.0,0.0,1.0,1,1,1.0
fade_extent,10.0,opposite,143.5,Discovery,1,1.0,98.25,98.25,0.0,0.0,1.0,1,1,1.0
fade_extent,10.0,opposite,143.75,OOS,1,0.0,-34.5,-34.5,0.0,1.0,0.0,1,1,1.0
fade_extent,10.0,opposite,145.5,Validation,1,0.0,-20.25,-20.25,0.0,0.0,1.0,1,1,1.0
fade_extent,10.0,opposite,145.75,OOS,1,1.0,144.75,144.75,1.0,0.0,0.0,1,1,1.0
fade_extent,10.0,opposite,146.25,Discovery,1,0.0,-58.0,-58.0,0.0,1.0,0.0,1,1,1.0
fade_extent,10.0,opposite,146.5,OOS,1,0.0,-69.5,-69.5,0.0,1.0,0.0,1,1,1.0
fade_extent,10.0,opposite,147.75,OOS,1,1.0,102.0,102.0,0.0,0.0,1.0,1,1,1.0
fade_extent,10.0,opposite,150.25,Validation,1,1.0,93.0,93.0,0.0,0.0,1.0,1,1,1.0
fade_extent,10.0,opposite,151.25,Discovery,1,1.0,55.0,55.0,0.0,0.0,1.0,1,1,1.0
fade_extent,10.0,opposite,153.0,Validation,1,1.0,115.0,115.0,0.0,0.0,1.0,1,1,1.0
fade_extent,10.0,opposite,154.75,OOS,2,0.5,68.25,68.25,0.5,0.5,0.0,2,2,1.0
fade_extent,10.0,opposite,155.0,OOS,1,0.0,-73.25,-73.25,0.0,1.0,0.0,1,1,1.0
fade_extent,10.0,opposite,156.5,Validation,1,0.0,-90.25,-90.25,0.0,1.0,0.0,1,1,1.0
fade_extent,10.0,opposite,157.5,Validation,1,1.0,156.5,156.5,1.0,0.0,0.0,1,1,1.0
fade_extent,10.0,opposite,158.5,Validation,1,1.0,81.75,81.75,0.0,0.0,1.0,1,1,1.0
fade_extent,10.0,opposite,159.0,Validation,1,1.0,49.25,49.25,0.0,0.0,1.0,1,1,1.0
fade_extent,10.0,opposite,163.75,Validation,1,1.0,162.75,162.75,1.0,0.0,0.0,1,1,1.0
fade_extent,10.0,opposite,165.75,Validation,1,0.0,-94.5,-94.5,0.0,1.0,0.0,1,1,1.0
fade_extent,10.0,opposite,167.0,OOS,1,0.0,-11.25,-11.25,0.0,0.0,1.0,1,1,1.0
fade_extent,10.0,opposite,167.25,Validation,1,1.0,62.75,62.75,0.0,0.0,1.0,1,1,1.0
fade_extent,10.0,opposite,170.75,Validation,1,0.0,-44.25,-44.25,0.0,1.0,0.0,1,1,1.0
fade_extent,10.0,opposite,173.5,Validation,1,1.0,172.5,172.5,1.0,0.0,0.0,1,1,1.0
fade_extent,10.0,opposite,185.75,OOS,1,1.0,35.0,35.0,0.0,0.0,1.0,1,1,1.0
fade_extent,10.0,opposite,195.25,Validation,1,0.0,-34.5,-34.5,0.0,1.0,0.0,1,1,1.0
fade_extent,10.0,opposite,196.25,Discovery,1,1.0,24.5,24.5,0.0,0.0,1.0,1,1,1.0
fade_extent,10.0,opposite,204.25,OOS,1,0.0,-53.0,-53.0,0.0,1.0,0.0,1,1,1.0
fade_extent,10.0,opposite,206.25,Validation,2,1.0,127.875,127.875,0.0,0.0,1.0,2,2,1.0
fade_extent,10.0,opposite,212.5,Validation,1,1.0,13.25,13.25,0.0,0.0,1.0,1,1,1.0
fade_extent,10.0,opposite,213.25,Discovery,1,1.0,129.25,129.25,0.0,0.0,1.0,1,1,1.0
fade_extent,10.0,opposite,225.75,Validation,1,0.0,-10.25,-10.25,0.0,0.0,1.0,1,1,1.0
fade_extent,10.0,opposite,227.5,Validation,1,0.0,-9.0,-9.0,0.0,0.0,1.0,1,1,1.0
fade_extent,10.0,opposite,236.75,Validation,1,1.0,28.75,28.75,0.0,0.0,1.0,1,1,1.0
fade_extent,10.0,opposite,249.75,Validation,1,0.0,-34.25,-34.25,0.0,1.0,0.0,1,1,1.0
fade_extent,10.0,opposite,250.5,OOS,1,0.0,-42.0,-42.0,0.0,1.0,0.0,1,1,1.0
fade_extent,10.0,opposite,263.75,Validation,1,0.0,-80.0,-80.0,0.0,1.0,0.0,1,1,1.0
fade_extent,10.0,opposite,264.0,OOS,1,0.0,-86.0,-86.0,0.0,1.0,0.0,1,1,1.0
fade_extent,10.0,opposite,272.5,Validation,1,0.0,-24.75,-24.75,0.0,1.0,0.0,1,1,1.0
fade_extent,10.0,opposite,277.25,OOS,1,1.0,60.5,60.5,0.0,0.0,1.0,1,1,1.0
fade_extent,10.0,opposite,357.75,Validation,1,1.0,107.5,107.5,0.0,0.0,1.0,1,1,1.0
fade_extent,10.0,opposite,398.0,Validation,1,0.0,-43.25,-43.25,0.0,1.0,0.0,1,1,1.0
fade_extent,10.0,opposite,518.25,Validation,1,0.0,-28.0,-28.0,0.0,1.0,0.0,1,1,1.0
fade_extent,10.0,opposite,538.75,Validation,1,0.0,-50.0,-50.0,0.0,1.0,0.0,1,1,1.0
fade_last_touch,5.0,fixed,20.0,Discovery,1331,0.46806912096168296,-0.7849361382419233,-1.75,0.2809917355371901,0.386175807663411,0.33283245679939893,2403,1331,0.5538909696213067
fade_last_touch,5.0,fixed,20.0,OOS,318,0.6666666666666666,-0.8537735849056604,19.0,0.6635220125786163,0.31446540880503143,0.0220125786163522,399,318,0.7969924812030075
fade_last_touch,5.0,fixed,20.0,Validation,622,0.567524115755627,-1.8420418006430868,19.0,0.5578778135048231,0.4067524115755627,0.03536977491961415,757,622,0.821664464993395
fade_last_touch,5.0,fixed,25.0,Discovery,1331,0.44552967693463563,-0.8959429000751314,-3.25,0.22389181066867017,0.40120210368144255,0.3749060856498873,2403,1331,0.5538909696213067
fade_last_touch,5.0,fixed,25.0,OOS,318,0.6289308176100629,-0.1611635220125786,24.0,0.6257861635220126,0.34276729559748426,0.031446540880503145,399,318,0.7969924812030075
fade_last_touch,5.0,fixed,25.0,Validation,622,0.5032154340836013,-2.4212218649517685,2.25,0.4887459807073955,0.46141479099678456,0.04983922829581994,757,622,0.821664464993395
fade_last_touch,5.0,fixed,30.0,Discovery,1331,0.4297520661157025,-0.8474830954169797,-4.0,0.188580015026296,0.41172051089406464,0.39969947407963935,2403,1331,0.5538909696213067
fade_last_touch,5.0,fixed,30.0,OOS,318,0.5817610062893082,-0.31525157232704404,29.0,0.5754716981132075,0.3836477987421384,0.040880503144654086,399,318,0.7969924812030075
fade_last_touch,5.0,fixed,30.0,Validation,622,0.4790996784565916,-1.4871382636655948,-9.125,0.454983922829582,0.4807073954983923,0.06430868167202572,757,622,0.821664464993395
fade_last_touch,5.0,opposite,0.25,Discovery,15,0.0,-0.75,-0.75,1.0,0.0,0.0,15,15,1.0
fade_last_touch,5.0,opposite,0.25,OOS,1,0.0,-11.75,-11.75,0.0,1.0,0.0,1,1,1.0
fade_last_touch,5.0,opposite,0.25,Validation,1,0.0,-0.75,-0.75,1.0,0.0,0.0,1,1,1.0
fade_last_touch,5.0,opposite,0.5,Discovery,22,0.0,-0.5,-0.5,1.0,0.0,0.0,22,22,1.0
fade_last_touch,5.0,opposite,0.5,Validation,1,0.0,-0.5,-0.5,1.0,0.0,0.0,1,1,1.0
fade_last_touch,5.0,opposite,0.75,Discovery,23,0.0,-0.25,-0.25,1.0,0.0,0.0,23,23,1.0
fade_last_touch,5.0,opposite,0.75,Validation,1,0.0,-0.25,-0.25,1.0,0.0,0.0,1,1,1.0
fade_last_touch,5.0,opposite,1.0,Discovery,22,0.0,-0.7613636363636364,0.0,0.9090909090909091,0.045454545454545456,0.045454545454545456,22,22,1.0
fade_last_touch,5.0,opposite,1.0,Validation,3,0.0,0.0,0.0,1.0,0.0,0.0,3,3,1.0
fade_last_touch,5.0,opposite,1.25,Discovery,20,0.95,0.1,0.25,0.95,0.0,0.05,20,20,1.0
fade_last_touch,5.0,opposite,1.25,OOS,1,1.0,0.25,0.25,1.0,0.0,0.0,1,1,1.0
fade_last_touch,5.0,opposite,1.25,Validation,1,1.0,0.25,0.25,1.0,0.0,0.0,1,1,1.0
fade_last_touch,5.0,opposite,1.5,Discovery,15,0.8666666666666667,-1.0166666666666666,0.5,0.8666666666666667,0.06666666666666667,0.06666666666666667,15,15,1.0
fade_last_touch,5.0,opposite,1.5,OOS,1,1.0,0.5,0.5,1.0,0.0,0.0,1,1,1.0
fade_last_touch,5.0,opposite,1.5,Validation,4,0.5,-9.25,-8.875,0.5,0.5,0.0,4,4,1.0
fade_last_touch,5.0,opposite,1.75,Discovery,15,0.9333333333333333,0.03333333333333333,0.75,0.9333333333333333,0.06666666666666667,0.0,15,15,1.0
fade_last_touch,5.0,opposite,1.75,Validation,1,1.0,0.75,0.75,1.0,0.0,0.0,1,1,1.0
fade_last_touch,5.0,opposite,2.0,Discovery,15,0.8,-0.6,1.0,0.8,0.13333333333333333,0.06666666666666667,15,15,1.0
fade_last_touch,5.0,opposite,2.0,OOS,1,1.0,1.0,1.0,1.0,0.0,0.0,1,1,1.0
fade_last_touch,5.0,opposite,2.0,Validation,1,0.0,-20.75,-20.75,0.0,1.0,0.0,1,1,1.0
fade_last_touch,5.0,opposite,2.25,Discovery,13,0.9230769230769231,0.5,1.25,0.9230769230769231,0.07692307692307693,0.0,13,13,1.0
fade_last_touch,5.0,opposite,2.25,OOS,1,1.0,1.25,1.25,1.0,0.0,0.0,1,1,1.0
fade_last_touch,5.0,opposite,2.5,Discovery,15,0.6666666666666666,-2.466666666666667,1.5,0.6666666666666666,0.26666666666666666,0.06666666666666667,15,15,1.0
fade_last_touch,5.0,opposite,2.75,Discovery,14,0.8571428571428571,0.03571428571428571,1.75,0.8571428571428571,0.14285714285714285,0.0,14,14,1.0
fade_last_touch,5.0,opposite,2.75,Validation,1,1.0,1.75,1.75,1.0,0.0,0.0,1,1,1.0
fade_last_touch,5.0,opposite,3.0,Discovery,17,0.8235294117647058,-0.1323529411764706,2.0,0.8235294117647058,0.058823529411764705,0.11764705882352941,17,17,1.0
fade_last_touch,5.0,opposite,3.0,Validation,3,1.0,2.0,2.0,1.0,0.0,0.0,3,3,1.0
fade_last_touch,5.0,opposite,3.25,Discovery,17,0.7647058823529411,-1.6764705882352942,2.25,0.7647058823529411,0.17647058823529413,0.058823529411764705,17,17,1.0
fade_last_touch,5.0,opposite,3.25,Validation,2,1.0,2.25,2.25,1.0,0.0,0.0,2,2,1.0
fade_last_touch,5.0,opposite,3.5,Discovery,14,0.6428571428571429,-1.7321428571428572,2.5,0.6428571428571429,0.2857142857142857,0.07142857142857142,14,14,1.0
fade_last_touch,5.0,opposite,3.5,Validation,3,0.6666666666666666,-7.583333333333333,2.5,0.6666666666666666,0.3333333333333333,0.0,3,3,1.0
fade_last_touch,5.0,opposite,3.75,Discovery,25,0.72,-0.63,2.75,0.72,0.2,0.08,25,25,1.0
fade_last_touch,5.0,opposite,3.75,OOS,1,1.0,2.75,2.75,1.0,0.0,0.0,1,1,1.0
fade_last_touch,5.0,opposite,3.75,Validation,2,1.0,2.75,2.75,1.0,0.0,0.0,2,2,1.0
fade_last_touch,5.0,opposite,4.0,Discovery,26,0.8461538461538461,1.2211538461538463,3.0,0.8461538461538461,0.11538461538461539,0.038461538461538464,26,26,1.0
fade_last_touch,5.0,opposite,4.0,Validation,2,1.0,3.0,3.0,1.0,0.0,0.0,2,2,1.0
fade_last_touch,5.0,opposite,4.25,Discovery,14,0.6428571428571429,-1.0535714285714286,3.25,0.6428571428571429,0.21428571428571427,0.14285714285714285,14,14,1.0
fade_last_touch,5.0,opposite,4.25,OOS,2,1.0,3.25,3.25,1.0,0.0,0.0,2,2,1.0
fade_last_touch,5.0,opposite,4.25,Validation,2,1.0,3.25,3.25,1.0,0.0,0.0,2,2,1.0
fade_last_touch,5.0,opposite,4.5,Discovery,17,0.6470588235294118,-0.9411764705882353,3.5,0.6470588235294118,0.35294117647058826,0.0,17,17,1.0
fade_last_touch,5.0,opposite,4.5,Validation,1,1.0,3.5,3.5,1.0,0.0,0.0,1,1,1.0
fade_last_touch,5.0,opposite,4.75,Discovery,18,0.7222222222222222,0.7777777777777778,3.75,0.7222222222222222,0.16666666666666666,0.1111111111111111,18,18,1.0
fade_last_touch,5.0,opposite,4.75,OOS,1,1.0,3.75,3.75,1.0,0.0,0.0,1,1,1.0
fade_last_touch,5.0,opposite,4.75,Validation,4,1.0,3.75,3.75,1.0,0.0,0.0,4,4,1.0
fade_last_touch,5.0,opposite,5.0,Discovery,8,0.75,2.0,4.0,0.75,0.0,0.25,8,8,1.0
fade_last_touch,5.0,opposite,5.0,Validation,2,1.0,4.0,4.0,1.0,0.0,0.0,2,2,1.0
fade_last_touch,5.0,opposite,5.25,Discovery,10,0.9,2.4,4.25,0.9,0.1,0.0,10,10,1.0
fade_last_touch,5.0,opposite,5.25,Validation,2,0.5,-12.375,-12.375,0.5,0.5,0.0,2,2,1.0
fade_last_touch,5.0,opposite,5.5,Discovery,13,0.6153846153846154,-1.5576923076923077,4.5,0.6153846153846154,0.3076923076923077,0.07692307692307693,13,13,1.0
fade_last_touch,5.0,opposite,5.5,OOS,1,1.0,4.5,4.5,1.0,0.0,0.0,1,1,1.0
fade_last_touch,5.0,opposite,5.5,Validation,4,1.0,4.5,4.5,1.0,0.0,0.0,4,4,1.0
fade_last_touch,5.0,opposite,5.75,Discovery,18,0.7222222222222222,-1.0138888888888888,4.75,0.6666666666666666,0.1111111111111111,0.2222222222222222,18,18,1.0
fade_last_touch,5.0,opposite,5.75,OOS,1,1.0,4.75,4.75,1.0,0.0,0.0,1,1,1.0
fade_last_touch,5.0,opposite,6.0,Discovery,11,0.45454545454545453,-1.5227272727272727,-0.5,0.45454545454545453,0.36363636363636365,0.18181818181818182,11,11,1.0
fade_last_touch,5.0,opposite,6.0,Validation,2,0.5,-4.625,-4.625,0.5,0.5,0.0,2,2,1.0
fade_last_touch,5.0,opposite,6.25,Discovery,16,0.625,0.265625,5.25,0.625,0.25,0.125,16,16,1.0
fade_last_touch,5.0,opposite,6.25,Validation,1,1.0,5.25,5.25,1.0,0.0,0.0,1,1,1.0
fade_last_touch,5.0,opposite,6.5,Discovery,8,0.875,3.90625,5.5,0.875,0.125,0.0,8,8,1.0
fade_last_touch,5.0,opposite,6.5,Validation,2,1.0,5.5,5.5,1.0,0.0,0.0,2,2,1.0
fade_last_touch,5.0,opposite,6.75,Discovery,14,0.6428571428571429,0.32142857142857145,5.75,0.6428571428571429,0.21428571428571427,0.14285714285714285,14,14,1.0
fade_last_touch,5.0,opposite,6.75,OOS,1,1.0,5.75,5.75,1.0,0.0,0.0,1,1,1.0
fade_last_touch,5.0,opposite,6.75,Validation,2,1.0,5.75,5.75,1.0,0.0,0.0,2,2,1.0
fade_last_touch,5.0,opposite,7.0,Discovery,16,0.5625,-2.109375,6.0,0.5625,0.3125,0.125,16,16,1.0
fade_last_touch,5.0,opposite,7.0,OOS,2,0.5,-6.75,-6.75,0.5,0.5,0.0,2,2,1.0
fade_last_touch,5.0,opposite,7.25,Discovery,12,0.6666666666666666,-0.20833333333333334,6.25,0.5833333333333334,0.25,0.16666666666666666,12,12,1.0
fade_last_touch,5.0,opposite,7.25,Validation,1,1.0,6.25,6.25,1.0,0.0,0.0,1,1,1.0
fade_last_touch,5.0,opposite,7.5,Discovery,8,0.625,-0.625,6.5,0.625,0.25,0.125,8,8,1.0
fade_last_touch,5.0,opposite,7.5,OOS,1,1.0,6.5,6.5,1.0,0.0,0.0,1,1,1.0
fade_last_touch,5.0,opposite,7.75,Discovery,10,0.5,-7.575,-1.75,0.5,0.5,0.0,10,10,1.0
fade_last_touch,5.0,opposite,7.75,OOS,3,1.0,6.75,6.75,1.0,0.0,0.0,3,3,1.0
fade_last_touch,5.0,opposite,7.75,Validation,3,1.0,6.75,6.75,1.0,0.0,0.0,3,3,1.0
fade_last_touch,5.0,opposite,8.0,Discovery,10,0.6,-0.15,7.0,0.6,0.4,0.0,10,10,1.0
fade_last_touch,5.0,opposite,8.0,OOS,2,1.0,7.0,7.0,1.0,0.0,0.0,2,2,1.0
fade_last_touch,5.0,opposite,8.0,Validation,2,0.0,-18.125,-18.125,0.0,1.0,0.0,2,2,1.0
fade_last_touch,5.0,opposite,8.25,Discovery,9,0.3333333333333333,-6.166666666666667,-9.5,0.3333333333333333,0.5555555555555556,0.1111111111111111,9,9,1.0
fade_last_touch,5.0,opposite,8.25,OOS,1,1.0,7.25,7.25,1.0,0.0,0.0,1,1,1.0
fade_last_touch,5.0,opposite,8.25,Validation,4,0.75,-1.5625,7.25,0.75,0.25,0.0,4,4,1.0
fade_last_touch,5.0,opposite,8.5,Discovery,6,0.5,-1.2916666666666667,-0.375,0.5,0.3333333333333333,0.16666666666666666,6,6,1.0
fade_last_touch,5.0,opposite,8.5,Validation,4,0.75,0.75,7.5,0.75,0.25,0.0,4,4,1.0
fade_last_touch,5.0,opposite,8.75,Discovery,12,0.5,-3.2083333333333335,-2.125,0.4166666666666667,0.3333333333333333,0.25,12,12,1.0
fade_last_touch,5.0,opposite,8.75,OOS,2,0.5,-7.375,-7.375,0.5,0.5,0.0,2,2,1.0
fade_last_touch,5.0,opposite,9.0,Discovery,11,0.7272727272727273,3.0681818181818183,8.0,0.6363636363636364,0.18181818181818182,0.18181818181818182,11,11,1.0
fade_last_touch,5.0,opposite,9.0,Validation,3,1.0,8.0,8.0,1.0,0.0,0.0,3,3,1.0
fade_last_touch,5.0,opposite,9.25,Discovery,9,0.6666666666666666,1.0833333333333333,8.25,0.6666666666666666,0.2222222222222222,0.1111111111111111,9,9,1.0
fade_last_touch,5.0,opposite,9.25,Validation,4,0.75,-3.125,8.25,0.75,0.25,0.0,4,4,1.0
fade_last_touch,5.0,opposite,9.5,Discovery,5,0.4,-4.75,-11.25,0.4,0.6,0.0,5,5,1.0
fade_last_touch,5.0,opposite,9.5,Validation,1,1.0,8.5,8.5,1.0,0.0,0.0,1,1,1.0
fade_last_touch,5.0,opposite,9.75,Discovery,8,0.75,3.90625,8.75,0.75,0.25,0.0,8,8,1.0
fade_last_touch,5.0,opposite,9.75,Validation,3,1.0,8.75,8.75,1.0,0.0,0.0,3,3,1.0
fade_last_touch,5.0,opposite,10.0,Discovery,12,0.5833333333333334,-0.4583333333333333,9.0,0.5833333333333334,0.25,0.16666666666666666,12,12,1.0
fade_last_touch,5.0,opposite,10.0,OOS,2,1.0,9.0,9.0,1.0,0.0,0.0,2,2,1.0
fade_last_touch,5.0,opposite,10.0,Validation,5,0.8,-0.55,9.0,0.6,0.2,0.2,5,5,1.0
fade_last_touch,5.0,opposite,10.25,Discovery,12,0.5,-2.5416666666666665,1.5,0.5,0.3333333333333333,0.16666666666666666,12,12,1.0
fade_last_touch,5.0,opposite,10.25,OOS,1,1.0,9.25,9.25,1.0,0.0,0.0,1,1,1.0
fade_last_touch,5.0,opposite,10.25,Validation,3,1.0,9.25,9.25,1.0,0.0,0.0,3,3,1.0
fade_last_touch,5.0,opposite,10.5,Discovery,9,0.7777777777777778,6.138888888888889,9.5,0.7777777777777778,0.1111111111111111,0.1111111111111111,9,9,1.0
fade_last_touch,5.0,opposite,10.75,Discovery,11,0.45454545454545453,-2.7045454545454546,-9.0,0.36363636363636365,0.45454545454545453,0.18181818181818182,11,11,1.0
fade_last_touch,5.0,opposite,10.75,Validation,1,1.0,9.75,9.75,1.0,0.0,0.0,1,1,1.0
fade_last_touch,5.0,opposite,11.0,Discovery,10,0.6,-0.675,3.25,0.4,0.2,0.4,10,10,1.0
fade_last_touch,5.0,opposite,11.0,Validation,1,1.0,10.0,10.0,1.0,0.0,0.0,1,1,1.0
fade_last_touch,5.0,opposite,11.25,Discovery,6,0.3333333333333333,-6.583333333333333,-9.25,0.16666666666666666,0.6666666666666666,0.16666666666666666,6,6,1.0
fade_last_touch,5.0,opposite,11.25,OOS,1,0.0,-35.5,-35.5,0.0,1.0,0.0,1,1,1.0
fade_last_touch,5.0,opposite,11.25,Validation,3,0.3333333333333333,-3.8333333333333335,-0.75,0.3333333333333333,0.3333333333333333,0.3333333333333333,3,3,1.0
fade_last_touch,5.0,opposite,11.5,Discovery,6,0.5,2.5833333333333335,4.625,0.5,0.16666666666666666,0.3333333333333333,6,6,1.0
fade_last_touch,5.0,opposite,11.5,OOS,1,1.0,10.5,10.5,1.0,0.0,0.0,1,1,1.0
fade_last_touch,5.0,opposite,11.75,Discovery,6,0.5,-3.2083333333333335,0.25,0.3333333333333333,0.5,0.16666666666666666,6,6,1.0
fade_last_touch,5.0,opposite,11.75,OOS,1,1.0,10.75,10.75,1.0,0.0,0.0,1,1,1.0
fade_last_touch,5.0,opposite,11.75,Validation,1,1.0,10.75,10.75,1.0,0.0,0.0,1,1,1.0
fade_last_touch,5.0,opposite,12.0,Discovery,8,0.375,-1.5625,-6.0,0.375,0.5,0.125,8,8,1.0
fade_last_touch,5.0,opposite,12.0,OOS,1,1.0,11.0,11.0,1.0,0.0,0.0,1,1,1.0
fade_last_touch,5.0,opposite,12.0,Validation,5,0.6,2.25,11.0,0.6,0.4,0.0,5,5,1.0
fade_last_touch,5.0,opposite,12.25,Discovery,5,0.4,-1.05,-6.0,0.4,0.4,0.2,5,5,1.0
fade_last_touch,5.0,opposite,12.25,Validation,1,1.0,11.25,11.25,1.0,0.0,0.0,1,1,1.0
fade_last_touch,5.0,opposite,12.5,Discovery,8,0.75,4.375,11.5,0.75,0.125,0.125,8,8,1.0
fade_last_touch,5.0,opposite,12.5,Validation,2,0.5,-10.5,-10.5,0.5,0.5,0.0,2,2,1.0
fade_last_touch,5.0,opposite,12.75,Discovery,9,0.5555555555555556,-1.1666666666666667,3.5,0.4444444444444444,0.3333333333333333,0.2222222222222222,9,9,1.0
fade_last_touch,5.0,opposite,13.0,Discovery,7,0.42857142857142855,-6.678571428571429,0.0,0.2857142857142857,0.42857142857142855,0.2857142857142857,7,7,1.0
fade_last_touch,5.0,opposite,13.0,OOS,1,1.0,12.0,12.0,1.0,0.0,0.0,1,1,1.0
fade_last_touch,5.0,opposite,13.0,Validation,1,1.0,12.0,12.0,1.0,0.0,0.0,1,1,1.0
fade_last_touch,5.0,opposite,13.25,Discovery,8,0.5,-2.65625,0.625,0.5,0.5,0.0,8,8,1.0
fade_last_touch,5.0,opposite,13.25,Validation,2,1.0,12.25,12.25,1.0,0.0,0.0,2,2,1.0
fade_last_touch,5.0,opposite,13.5,Discovery,6,0.8333333333333334,8.083333333333334,12.5,0.6666666666666666,0.16666666666666666,0.16666666666666666,6,6,1.0
fade_last_touch,5.0,opposite,13.5,OOS,2,0.5,-12.375,-12.375,0.5,0.5,0.0,2,2,1.0
fade_last_touch,5.0,opposite,13.5,Validation,2,0.5,-20.75,-20.75,0.5,0.5,0.0,2,2,1.0
fade_last_touch,5.0,opposite,13.75,Discovery,7,0.2857142857142857,-6.285714285714286,-10.0,0.2857142857142857,0.7142857142857143,0.0,7,7,1.0
fade_last_touch,5.0,opposite,13.75,Validation,4,0.5,1.0625,1.125,0.5,0.5,0.0,4,4,1.0
fade_last_touch,5.0,opposite,14.0,Discovery,7,0.2857142857142857,-3.9642857142857144,-9.0,0.2857142857142857,0.5714285714285714,0.14285714285714285,7,7,1.0
fade_last_touch,5.0,opposite,14.0,Validation,1,1.0,13.0,13.0,1.0,0.0,0.0,1,1,1.0
fade_last_touch,5.0,opposite,14.25,Discovery,5,0.4,-6.45,-4.0,0.2,0.4,0.4,5,5,1.0
fade_last_touch,5.0,opposite,14.25,Validation,6,0.3333333333333333,-8.333333333333334,-13.75,0.3333333333333333,0.6666666666666666,0.0,6,6,1.0
fade_last_touch,5.0,opposite,14.5,Discovery,1,0.0,-30.0,-30.0,0.0,1.0,0.0,1,1,1.0
fade_last_touch,5.0,opposite,14.5,OOS,2,0.5,-8.625,-8.625,0.5,0.5,0.0,2,2,1.0
fade_last_touch,5.0,opposite,14.5,Validation,5,0.8,7.2,13.5,0.8,0.2,0.0,5,5,1.0
fade_last_touch,5.0,opposite,14.75,Discovery,5,0.6,5.1,13.75,0.6,0.0,0.4,5,5,1.0
fade_last_touch,5.0,opposite,14.75,OOS,1,0.0,-9.5,-9.5,0.0,1.0,0.0,1,1,1.0
fade_last_touch,5.0,opposite,15.0,Discovery,7,0.42857142857142855,-2.4285714285714284,-9.75,0.2857142857142857,0.5714285714285714,0.14285714285714285,7,7,1.0
fade_last_touch,5.0,opposite,15.0,OOS,1,1.0,14.0,14.0,1.0,0.0,0.0,1,1,1.0
fade_last_touch,5.0,opposite,15.25,Discovery,8,0.75,7.78125,14.25,0.625,0.25,0.125,8,8,1.0
fade_last_touch,5.0,opposite,15.25,OOS,1,1.0,14.25,14.25,1.0,0.0,0.0,1,1,1.0
fade_last_touch,5.0,opposite,15.25,Validation,1,0.0,-15.25,-15.25,0.0,1.0,0.0,1,1,1.0
fade_last_touch,5.0,opposite,15.5,Discovery,8,0.375,-7.28125,-9.125,0.375,0.5,0.125,8,8,1.0
fade_last_touch,5.0,opposite,15.5,OOS,2,1.0,14.5,14.5,1.0,0.0,0.0,2,2,1.0
fade_last_touch,5.0,opposite,15.5,Validation,4,0.25,-8.875,-14.125,0.25,0.75,0.0,4,4,1.0
fade_last_touch,5.0,opposite,15.75,Discovery,3,0.0,-9.916666666666666,-10.25,0.0,1.0,0.0,3,3,1.0
fade_last_touch,5.0,opposite,15.75,OOS,2,0.5,-27.125,-27.125,0.5,0.5,0.0,2,2,1.0
fade_last_touch,5.0,opposite,15.75,Validation,1,0.0,-24.5,-24.5,0.0,1.0,0.0,1,1,1.0
fade_last_touch,5.0,opposite,16.0,Discovery,3,0.3333333333333333,-3.8333333333333335,-11.25,0.3333333333333333,0.6666666666666666,0.0,3,3,1.0
fade_last_touch,5.0,opposite,16.0,OOS,3,1.0,15.0,15.0,1.0,0.0,0.0,3,3,1.0
fade_last_touch,5.0,opposite,16.0,Validation,2,0.0,-23.375,-23.375,0.0,1.0,0.0,2,2,1.0
fade_last_touch,5.0,opposite,16.25,Discovery,3,0.3333333333333333,-4.166666666666667,-10.0,0.3333333333333333,0.6666666666666666,0.0,3,3,1.0
fade_last_touch,5.0,opposite,16.5,Discovery,5,0.6,5.95,15.5,0.6,0.4,0.0,5,5,1.0
fade_last_touch,5.0,opposite,16.5,Validation,2,1.0,15.5,15.5,1.0,0.0,0.0,2,2,1.0
fade_last_touch,5.0,opposite,16.75,Discovery,7,0.5714285714285714,-0.2857142857142857,15.75,0.5714285714285714,0.2857142857142857,0.14285714285714285,7,7,1.0
fade_last_touch,5.0,opposite,16.75,OOS,1,0.0,-10.5,-10.5,0.0,1.0,0.0,1,1,1.0
fade_last_touch,5.0,opposite,16.75,Validation,2,1.0,15.75,15.75,1.0,0.0,0.0,2,2,1.0
fade_last_touch,5.0,opposite,17.0,Discovery,6,0.6666666666666666,5.375,16.0,0.6666666666666666,0.3333333333333333,0.0,6,6,1.0
fade_last_touch,5.0,opposite,17.0,OOS,1,0.0,-23.25,-23.25,0.0,1.0,0.0,1,1,1.0
fade_last_touch,5.0,opposite,17.0,Validation,2,0.0,-24.875,-24.875,0.0,1.0,0.0,2,2,1.0
fade_last_touch,5.0,opposite,17.25,Discovery,5,0.2,-9.15,-9.5,0.2,0.8,0.0,5,5,1.0
fade_last_touch,5.0,opposite,17.25,Validation,3,0.6666666666666666,7.583333333333333,16.25,0.6666666666666666,0.0,0.3333333333333333,3,3,1.0
fade_last_touch,5.0,opposite,17.5,Discovery,5,0.6,2.25,2.75,0.4,0.4,0.2,5,5,1.0
fade_last_touch,5.0,opposite,17.5,Validation,2,0.0,-43.0,-43.0,0.0,1.0,0.0,2,2,1.0
fade_last_touch,5.0,opposite,17.75,Discovery,5,0.4,-9.35,-10.5,0.2,0.6,0.2,5,5,1.0
fade_last_touch,5.0,opposite,17.75,OOS,2,0.5,-8.25,-8.25,0.5,0.5,0.0,2,2,1.0
fade_last_touch,5.0,opposite,17.75,Validation,1,0.0,-22.75,-22.75,0.0,1.0,0.0,1,1,1.0
fade_last_touch,5.0,opposite,18.0,Discovery,3,0.6666666666666666,7.5,17.0,0.6666666666666666,0.3333333333333333,0.0,3,3,1.0
fade_last_touch,5.0,opposite,18.0,OOS,1,1.0,17.0,17.0,1.0,0.0,0.0,1,1,1.0
fade_last_touch,5.0,opposite,18.0,Validation,1,1.0,17.0,17.0,1.0,0.0,0.0,1,1,1.0
fade_last_touch,5.0,opposite,18.25,Discovery,4,0.5,-0.8125,1.875,0.5,0.5,0.0,4,4,1.0
fade_last_touch,5.0,opposite,18.25,OOS,5,0.4,-5.9,-9.75,0.4,0.6,0.0,5,5,1.0
fade_last_touch,5.0,opposite,18.25,Validation,2,1.0,17.25,17.25,1.0,0.0,0.0,2,2,1.0
fade_last_touch,5.0,opposite,18.5,Discovery,4,0.0,-13.4375,-16.0,0.0,0.5,0.5,4,4,1.0
fade_last_touch,5.0,opposite,18.5,OOS,1,0.0,-13.75,-13.75,0.0,1.0,0.0,1,1,1.0
fade_last_touch,5.0,opposite,18.5,Validation,4,1.0,17.5,17.5,1.0,0.0,0.0,4,4,1.0
fade_last_touch,5.0,opposite,18.75,Discovery,1,1.0,17.75,17.75,1.0,0.0,0.0,1,1,1.0
fade_last_touch,5.0,opposite,18.75,OOS,1,1.0,17.75,17.75,1.0,0.0,0.0,1,1,1.0
fade_last_touch,5.0,opposite,19.0,Discovery,3,0.0,-30.0,-16.0,0.0,0.6666666666666666,0.3333333333333333,3,3,1.0
fade_last_touch,5.0,opposite,19.0,Validation,2,1.0,18.0,18.0,1.0,0.0,0.0,2,2,1.0
fade_last_touch,5.0,opposite,19.25,Discovery,3,0.0,-14.333333333333334,-13.5,0.0,1.0,0.0,3,3,1.0
fade_last_touch,5.0,opposite,19.25,Validation,3,0.6666666666666666,-2.0,6.5,0.3333333333333333,0.3333333333333333,0.3333333333333333,3,3,1.0
fade_last_touch,5.0,opposite,19.5,Discovery,3,0.6666666666666666,3.4166666666666665,2.25,0.3333333333333333,0.3333333333333333,0.3333333333333333,3,3,1.0
fade_last_touch,5.0,opposite,19.5,Validation,3,0.6666666666666666,6.25,18.5,0.6666666666666666,0.3333333333333333,0.0,3,3,1.0
fade_last_touch,5.0,opposite,19.75,Discovery,4,0.25,-7.0625,-12.25,0.25,0.75,0.0,4,4,1.0
fade_last_touch,5.0,opposite,19.75,OOS,1,0.0,-18.0,-18.0,0.0,1.0,0.0,1,1,1.0
fade_last_touch,5.0,opposite,19.75,Validation,4,0.5,4.125,5.25,0.5,0.5,0.0,4,4,1.0
fade_last_touch,5.0,opposite,20.0,Discovery,6,0.8333333333333334,12.041666666666666,19.0,0.8333333333333334,0.16666666666666666,0.0,6,6,1.0
fade_last_touch,5.0,opposite,20.0,OOS,1,1.0,19.0,19.0,1.0,0.0,0.0,1,1,1.0
fade_last_touch,5.0,opposite,20.0,Validation,1,0.0,-62.0,-62.0,0.0,1.0,0.0,1,1,1.0
fade_last_touch,5.0,opposite,20.25,Discovery,2,1.0,19.25,19.25,1.0,0.0,0.0,2,2,1.0
fade_last_touch,5.0,opposite,20.25,OOS,1,1.0,19.25,19.25,1.0,0.0,0.0,1,1,1.0
fade_last_touch,5.0,opposite,20.25,Validation,1,0.0,-16.0,-16.0,0.0,1.0,0.0,1,1,1.0
fade_last_touch,5.0,opposite,20.5,Discovery,3,0.3333333333333333,-1.9166666666666667,-2.0,0.0,0.3333333333333333,0.6666666666666666,3,3,1.0
fade_last_touch,5.0,opposite,20.5,OOS,1,0.0,-68.0,-68.0,0.0,1.0,0.0,1,1,1.0
fade_last_touch,5.0,opposite,20.5,Validation,2,0.5,2.5,2.5,0.5,0.5,0.0,2,2,1.0
fade_last_touch,5.0,opposite,20.75,Discovery,5,0.4,-3.45,-14.75,0.4,0.6,0.0,5,5,1.0
fade_last_touch,5.0,opposite,20.75,OOS,1,1.0,19.75,19.75,1.0,0.0,0.0,1,1,1.0
fade_last_touch,5.0,opposite,21.0,Discovery,2,0.5,3.5,3.5,0.5,0.5,0.0,2,2,1.0
fade_last_touch,5.0,opposite,21.0,OOS,1,1.0,20.0,20.0,1.0,0.0,0.0,1,1,1.0
fade_last_touch,5.0,opposite,21.0,Validation,4,0.75,10.3125,20.0,0.75,0.25,0.0,4,4,1.0
fade_last_touch,5.0,opposite,21.25,Discovery,3,0.6666666666666666,6.416666666666667,20.25,0.6666666666666666,0.3333333333333333,0.0,3,3,1.0
fade_last_touch,5.0,opposite,21.25,OOS,1,1.0,20.25,20.25,1.0,0.0,0.0,1,1,1.0
fade_last_touch,5.0,opposite,21.25,Validation,4,0.75,6.375,20.25,0.75,0.25,0.0,4,4,1.0
fade_last_touch,5.0,opposite,21.5,Discovery,4,0.5,-17.625,-11.75,0.0,0.5,0.5,4,4,1.0
fade_last_touch,5.0,opposite,21.5,Validation,1,0.0,-21.75,-21.75,0.0,1.0,0.0,1,1,1.0
fade_last_touch,5.0,opposite,21.75,Discovery,1,0.0,-24.0,-24.0,0.0,1.0,0.0,1,1,1.0
fade_last_touch,5.0,opposite,22.0,Discovery,4,0.5,4.6875,5.25,0.5,0.5,0.0,4,4,1.0
fade_last_touch,5.0,opposite,22.25,Discovery,5,0.2,-19.25,-17.25,0.2,0.8,0.0,5,5,1.0
fade_last_touch,5.0,opposite,22.25,OOS,1,1.0,21.25,21.25,1.0,0.0,0.0,1,1,1.0
fade_last_touch,5.0,opposite,22.25,Validation,1,0.0,-26.75,-26.75,0.0,1.0,0.0,1,1,1.0
fade_last_touch,5.0,opposite,22.5,Discovery,1,1.0,21.5,21.5,1.0,0.0,0.0,1,1,1.0
fade_last_touch,5.0,opposite,22.5,Validation,3,0.6666666666666666,-0.16666666666666666,2.0,0.3333333333333333,0.3333333333333333,0.3333333333333333,3,3,1.0
fade_last_touch,5.0,opposite,22.75,Discovery,2,0.5,6.75,6.75,0.5,0.5,0.0,2,2,1.0
fade_last_touch,5.0,opposite,22.75,OOS,2,1.0,21.75,21.75,1.0,0.0,0.0,2,2,1.0
fade_last_touch,5.0,opposite,22.75,Validation,2,1.0,21.75,21.75,1.0,0.0,0.0,2,2,1.0
fade_last_touch,5.0,opposite,23.0,Discovery,3,0.3333333333333333,-3.9166666666666665,-10.75,0.3333333333333333,0.3333333333333333,0.3333333333333333,3,3,1.0
fade_last_touch,5.0,opposite,23.0,OOS,1,0.0,-35.25,-35.25,0.0,1.0,0.0,1,1,1.0
fade_last_touch,5.0,opposite,23.25,Validation,1,0.0,-19.75,-19.75,0.0,1.0,0.0,1,1,1.0
fade_last_touch,5.0,opposite,23.5,Validation,1,0.0,-39.0,-39.0,0.0,1.0,0.0,1,1,1.0
fade_last_touch,5.0,opposite,23.75,Discovery,3,0.3333333333333333,-6.583333333333333,-9.75,0.3333333333333333,0.6666666666666666,0.0,3,3,1.0
fade_last_touch,5.0,opposite,24.0,Discovery,2,0.5,6.75,6.75,0.5,0.5,0.0,2,2,1.0
fade_last_touch,5.0,opposite,24.0,OOS,1,1.0,23.0,23.0,1.0,0.0,0.0,1,1,1.0
fade_last_touch,5.0,opposite,24.0,Validation,1,0.0,-20.25,-20.25,0.0,1.0,0.0,1,1,1.0
fade_last_touch,5.0,opposite,24.25,Discovery,2,0.0,-25.5,-25.5,0.0,1.0,0.0,2,2,1.0
fade_last_touch,5.0,opposite,24.25,OOS,1,0.0,-15.75,-15.75,0.0,1.0,0.0,1,1,1.0
fade_last_touch,5.0,opposite,24.25,Validation,3,0.0,-22.75,-19.5,0.0,1.0,0.0,3,3,1.0
fade_last_touch,5.0,opposite,24.5,Discovery,3,0.6666666666666666,10.25,23.5,0.6666666666666666,0.3333333333333333,0.0,3,3,1.0
fade_last_touch,5.0,opposite,24.5,OOS,2,0.0,-27.875,-27.875,0.0,0.5,0.5,2,2,1.0
fade_last_touch,5.0,opposite,24.5,Validation,1,1.0,23.5,23.5,1.0,0.0,0.0,1,1,1.0
fade_last_touch,5.0,opposite,24.75,Discovery,2,0.5,11.25,11.25,0.5,0.0,0.5,2,2,1.0
fade_last_touch,5.0,opposite,24.75,Validation,3,0.3333333333333333,-24.333333333333332,-11.0,0.3333333333333333,0.6666666666666666,0.0,3,3,1.0
fade_last_touch,5.0,opposite,25.0,Discovery,3,0.3333333333333333,0.6666666666666666,-10.75,0.3333333333333333,0.6666666666666666,0.0,3,3,1.0
fade_last_touch,5.0,opposite,25.25,Discovery,4,0.75,-4.1875,15.875,0.5,0.25,0.25,4,4,1.0
fade_last_touch,5.0,opposite,25.25,Validation,4,0.5,-0.5625,5.0,0.5,0.5,0.0,4,4,1.0
fade_last_touch,5.0,opposite,25.5,Discovery,1,0.0,-48.25,-48.25,0.0,1.0,0.0,1,1,1.0
fade_last_touch,5.0,opposite,25.5,OOS,1,0.0,-20.5,-20.5,0.0,1.0,0.0,1,1,1.0
fade_last_touch,5.0,opposite,25.5,Validation,1,0.0,-22.25,-22.25,0.0,1.0,0.0,1,1,1.0
fade_last_touch,5.0,opposite,25.75,Discovery,1,0.0,-14.0,-14.0,0.0,1.0,0.0,1,1,1.0
fade_last_touch,5.0,opposite,25.75,OOS,2,0.5,-13.375,-13.375,0.5,0.5,0.0,2,2,1.0
fade_last_touch,5.0,opposite,25.75,Validation,5,0.4,-1.1,-7.25,0.4,0.6,0.0,5,5,1.0
fade_last_touch,5.0,opposite,26.0,Discovery,2,0.0,-23.75,-23.75,0.0,1.0,0.0,2,2,1.0
fade_last_touch,5.0,opposite,26.25,Discovery,3,1.0,25.25,25.25,1.0,0.0,0.0,3,3,1.0
fade_last_touch,5.0,opposite,26.25,OOS,3,0.6666666666666666,-10.916666666666666,25.25,0.6666666666666666,0.3333333333333333,0.0,3,3,1.0
fade_last_touch,5.0,opposite,26.25,Validation,1,1.0,25.25,25.25,1.0,0.0,0.0,1,1,1.0
fade_last_touch,5.0,opposite,26.5,Discovery,2,0.0,-17.0,-17.0,0.0,1.0,0.0,2,2,1.0
fade_last_touch,5.0,opposite,26.5,Validation,2,0.5,-3.0,-3.0,0.5,0.5,0.0,2,2,1.0
fade_last_touch,5.0,opposite,26.75,Discovery,3,0.3333333333333333,-19.333333333333332,-35.75,0.3333333333333333,0.3333333333333333,0.3333333333333333,3,3,1.0
fade_last_touch,5.0,opposite,26.75,OOS,1,1.0,25.75,25.75,1.0,0.0,0.0,1,1,1.0
fade_last_touch,5.0,opposite,26.75,Validation,1,0.0,-11.25,-11.25,0.0,0.0,1.0,1,1,1.0
fade_last_touch,5.0,opposite,27.0,Discovery,2,0.5,12.875,12.875,0.5,0.0,0.5,2,2,1.0
fade_last_touch,5.0,opposite,27.0,Validation,4,0.25,-6.1875,-15.0,0.25,0.75,0.0,4,4,1.0
fade_last_touch,5.0,opposite,27.25,Discovery,3,0.6666666666666666,16.833333333333332,26.25,0.6666666666666666,0.0,0.3333333333333333,3,3,1.0
fade_last_touch,5.0,opposite,27.25,Validation,4,0.75,11.8125,26.25,0.75,0.25,0.0,4,4,1.0
fade_last_touch,5.0,opposite,27.5,Discovery,2,0.0,-19.5,-19.5,0.0,1.0,0.0,2,2,1.0
fade_last_touch,5.0,opposite,27.75,Discovery,3,0.3333333333333333,-2.5,-7.25,0.3333333333333333,0.6666666666666666,0.0,3,3,1.0
fade_last_touch,5.0,opposite,27.75,OOS,3,0.3333333333333333,-0.08333333333333333,-12.5,0.3333333333333333,0.3333333333333333,0.3333333333333333,3,3,1.0
fade_last_touch,5.0,opposite,27.75,Validation,2,1.0,26.75,26.75,1.0,0.0,0.0,2,2,1.0
fade_last_touch,5.0,opposite,28.0,Discovery,2,0.5,4.75,4.75,0.0,0.0,1.0,2,2,1.0
fade_last_touch,5.0,opposite,28.0,Validation,3,0.6666666666666666,6.916666666666667,27.0,0.6666666666666666,0.3333333333333333,0.0,3,3,1.0
fade_last_touch,5.0,opposite,28.25,Discovery,1,0.0,-10.25,-10.25,0.0,1.0,0.0,1,1,1.0
fade_last_touch,5.0,opposite,28.5,Discovery,4,0.5,1.25,2.375,0.25,0.5,0.25,4,4,1.0
fade_last_touch,5.0,opposite,28.5,Validation,1,1.0,27.5,27.5,1.0,0.0,0.0,1,1,1.0
fade_last_touch,5.0,opposite,28.75,Validation,2,1.0,27.75,27.75,1.0,0.0,0.0,2,2,1.0
fade_last_touch,5.0,opposite,29.0,Discovery,4,1.0,23.0625,28.0,0.75,0.0,0.25,4,4,1.0
fade_last_touch,5.0,opposite,29.0,OOS,2,0.5,-10.75,-10.75,0.5,0.5,0.0,2,2,1.0
fade_last_touch,5.0,opposite,29.0,Validation,4,0.5,-0.5625,5.0,0.5,0.5,0.0,4,4,1.0
fade_last_touch,5.0,opposite,29.25,Discovery,4,0.25,-16.625,-30.0,0.25,0.75,0.0,4,4,1.0
fade_last_touch,5.0,opposite,29.25,OOS,1,0.0,-34.25,-34.25,0.0,1.0,0.0,1,1,1.0
fade_last_touch,5.0,opposite,29.25,Validation,2,0.5,5.0,5.0,0.5,0.5,0.0,2,2,1.0
fade_last_touch,5.0,opposite,29.5,Discovery,2,0.5,13.25,13.25,0.5,0.0,0.5,2,2,1.0
fade_last_touch,5.0,opposite,29.5,Validation,1,0.0,-35.0,-35.0,0.0,1.0,0.0,1,1,1.0
fade_last_touch,5.0,opposite,29.75,Discovery,1,1.0,28.75,28.75,1.0,0.0,0.0,1,1,1.0
fade_last_touch,5.0,opposite,29.75,Validation,3,0.3333333333333333,-13.583333333333334,-28.75,0.3333333333333333,0.6666666666666666,0.0,3,3,1.0
fade_last_touch,5.0,opposite,30.0,Discovery,1,0.0,-17.0,-17.0,0.0,0.0,1.0,1,1,1.0
fade_last_touch,5.0,opposite,30.0,OOS,1,0.0,-33.75,-33.75,0.0,1.0,0.0,1,1,1.0
fade_last_touch,5.0,opposite,30.0,Validation,3,0.0,-38.166666666666664,-15.25,0.0,0.6666666666666666,0.3333333333333333,3,3,1.0
fade_last_touch,5.0,opposite,30.25,Discovery,1,1.0,29.25,29.25,1.0,0.0,0.0,1,1,1.0
fade_last_touch,5.0,opposite,30.5,Discovery,2,0.5,9.75,9.75,0.5,0.5,0.0,2,2,1.0
fade_last_touch,5.0,opposite,30.5,OOS,1,0.0,-22.5,-22.5,0.0,1.0,0.0,1,1,1.0
fade_last_touch,5.0,opposite,30.75,Discovery,2,0.5,-5.25,-5.25,0.5,0.5,0.0,2,2,1.0
fade_last_touch,5.0,opposite,30.75,OOS,2,0.5,4.25,4.25,0.5,0.5,0.0,2,2,1.0
fade_last_touch,5.0,opposite,30.75,Validation,3,0.3333333333333333,-1.25,-16.5,0.3333333333333333,0.6666666666666666,0.0,3,3,1.0
fade_last_touch,5.0,opposite,31.0,Discovery,2,1.0,23.25,23.25,0.5,0.0,0.5,2,2,1.0
fade_last_touch,5.0,opposite,31.0,Validation,1,1.0,30.0,30.0,1.0,0.0,0.0,1,1,1.0
fade_last_touch,5.0,opposite,31.25,Discovery,1,0.0,-43.25,-43.25,0.0,1.0,0.0,1,1,1.0
fade_last_touch,5.0,opposite,31.25,Validation,3,0.3333333333333333,0.0,-11.5,0.3333333333333333,0.6666666666666666,0.0,3,3,1.0
fade_last_touch,5.0,opposite,31.5,Discovery,6,0.0,-37.291666666666664,-40.25,0.0,1.0,0.0,6,6,1.0
fade_last_touch,5.0,opposite,31.5,OOS,1,0.0,-7.5,-7.5,0.0,0.0,1.0,1,1,1.0
fade_last_touch,5.0,opposite,31.5,Validation,1,0.0,-24.25,-24.25,0.0,1.0,0.0,1,1,1.0
fade_last_touch,5.0,opposite,31.75,Discovery,1,0.0,-30.75,-30.75,0.0,1.0,0.0,1,1,1.0
fade_last_touch,5.0,opposite,31.75,Validation,1,1.0,30.75,30.75,1.0,0.0,0.0,1,1,1.0
fade_last_touch,5.0,opposite,32.0,Discovery,1,1.0,31.0,31.0,1.0,0.0,0.0,1,1,1.0
fade_last_touch,5.0,opposite,32.0,Validation,2,0.5,5.625,5.625,0.5,0.5,0.0,2,2,1.0
fade_last_touch,5.0,opposite,32.25,Discovery,1,0.0,-32.75,-32.75,0.0,1.0,0.0,1,1,1.0
fade_last_touch,5.0,opposite,32.25,Validation,2,0.0,-14.625,-14.625,0.0,1.0,0.0,2,2,1.0
fade_last_touch,5.0,opposite,32.5,Discovery,1,0.0,-8.75,-8.75,0.0,1.0,0.0,1,1,1.0
fade_last_touch,5.0,opposite,32.5,Validation,2,0.0,-23.125,-23.125,0.0,1.0,0.0,2,2,1.0
fade_last_touch,5.0,opposite,32.75,Validation,1,1.0,31.75,31.75,1.0,0.0,0.0,1,1,1.0
fade_last_touch,5.0,opposite,33.0,Discovery,2,0.0,-22.875,-22.875,0.0,1.0,0.0,2,2,1.0
fade_last_touch,5.0,opposite,33.0,OOS,1,0.0,-47.75,-47.75,0.0,1.0,0.0,1,1,1.0
fade_last_touch,5.0,opposite,33.0,Validation,2,0.0,-27.25,-27.25,0.0,1.0,0.0,2,2,1.0
fade_last_touch,5.0,opposite,33.25,Discovery,2,0.5,-0.375,-0.375,0.0,0.5,0.5,2,2,1.0
fade_last_touch,5.0,opposite,33.25,Validation,2,0.0,-21.625,-21.625,0.0,1.0,0.0,2,2,1.0
fade_last_touch,5.0,opposite,33.5,Discovery,2,0.5,4.875,4.875,0.5,0.5,0.0,2,2,1.0
fade_last_touch,5.0,opposite,33.5,OOS,2,0.0,-44.5,-44.5,0.0,1.0,0.0,2,2,1.0
fade_last_touch,5.0,opposite,33.5,Validation,2,0.5,6.5,6.5,0.5,0.5,0.0,2,2,1.0
fade_last_touch,5.0,opposite,33.75,Discovery,1,0.0,-75.75,-75.75,0.0,1.0,0.0,1,1,1.0
fade_last_touch,5.0,opposite,34.0,Discovery,1,1.0,33.0,33.0,1.0,0.0,0.0,1,1,1.0
fade_last_touch,5.0,opposite,34.25,Discovery,1,1.0,33.25,33.25,1.0,0.0,0.0,1,1,1.0
fade_last_touch,5.0,opposite,34.25,OOS,1,1.0,33.25,33.25,1.0,0.0,0.0,1,1,1.0
fade_last_touch,5.0,opposite,34.5,Discovery,2,0.0,-32.375,-32.375,0.0,0.5,0.5,2,2,1.0
fade_last_touch,5.0,opposite,34.75,OOS,1,1.0,33.75,33.75,1.0,0.0,0.0,1,1,1.0
fade_last_touch,5.0,opposite,34.75,Validation,2,0.0,-25.125,-25.125,0.0,0.5,0.5,2,2,1.0
fade_last_touch,5.0,opposite,35.0,Discovery,1,1.0,10.75,10.75,0.0,0.0,1.0,1,1,1.0
fade_last_touch,5.0,opposite,35.0,Validation,2,0.5,5.625,5.625,0.5,0.5,0.0,2,2,1.0
fade_last_touch,5.0,opposite,35.25,Discovery,1,0.0,-9.5,-9.5,0.0,1.0,0.0,1,1,1.0
fade_last_touch,5.0,opposite,35.25,Validation,2,0.0,-19.25,-19.25,0.0,1.0,0.0,2,2,1.0
fade_last_touch,5.0,opposite,35.5,Discovery,2,0.5,11.625,11.625,0.5,0.5,0.0,2,2,1.0
fade_last_touch,5.0,opposite,35.5,Validation,1,0.0,-19.5,-19.5,0.0,1.0,0.0,1,1,1.0
fade_last_touch,5.0,opposite,35.75,OOS,1,1.0,34.75,34.75,1.0,0.0,0.0,1,1,1.0
fade_last_touch,5.0,opposite,35.75,Validation,1,1.0,34.75,34.75,1.0,0.0,0.0,1,1,1.0
fade_last_touch,5.0,opposite,36.0,Validation,4,0.0,-22.75,-17.75,0.0,1.0,0.0,4,4,1.0
fade_last_touch,5.0,opposite,36.25,OOS,2,1.0,35.25,35.25,1.0,0.0,0.0,2,2,1.0
fade_last_touch,5.0,opposite,36.25,Validation,2,0.5,10.75,10.75,0.5,0.5,0.0,2,2,1.0
fade_last_touch,5.0,opposite,36.5,Validation,2,0.5,-16.125,-16.125,0.0,0.5,0.5,2,2,1.0
fade_last_touch,5.0,opposite,36.75,Discovery,2,0.5,1.25,1.25,0.0,0.5,0.5,2,2,1.0
fade_last_touch,5.0,opposite,36.75,OOS,1,1.0,35.75,35.75,1.0,0.0,0.0,1,1,1.0
fade_last_touch,5.0,opposite,37.0,Discovery,1,0.0,-10.25,-10.25,0.0,1.0,0.0,1,1,1.0
fade_last_touch,5.0,opposite,37.0,Validation,1,1.0,36.0,36.0,1.0,0.0,0.0,1,1,1.0
fade_last_touch,5.0,opposite,37.25,Validation,1,1.0,20.75,20.75,0.0,0.0,1.0,1,1,1.0
fade_last_touch,5.0,opposite,37.5,Discovery,1,0.0,-20.75,-20.75,0.0,1.0,0.0,1,1,1.0
fade_last_touch,5.0,opposite,37.5,Validation,1,1.0,36.5,36.5,1.0,0.0,0.0,1,1,1.0
fade_last_touch,5.0,opposite,37.75,Discovery,1,0.0,-14.75,-14.75,0.0,1.0,0.0,1,1,1.0
fade_last_touch,5.0,opposite,37.75,OOS,1,1.0,36.75,36.75,1.0,0.0,0.0,1,1,1.0
fade_last_touch,5.0,opposite,37.75,Validation,2,0.5,2.375,2.375,0.5,0.0,0.5,2,2,1.0
fade_last_touch,5.0,opposite,38.0,Discovery,2,0.0,-22.0,-22.0,0.0,1.0,0.0,2,2,1.0
fade_last_touch,5.0,opposite,38.0,Validation,1,0.0,-17.75,-17.75,0.0,1.0,0.0,1,1,1.0
fade_last_touch,5.0,opposite,38.25,Discovery,3,0.3333333333333333,-11.5,-17.75,0.3333333333333333,0.6666666666666666,0.0,3,3,1.0
fade_last_touch,5.0,opposite,38.25,Validation,3,0.6666666666666666,8.333333333333334,37.25,0.6666666666666666,0.3333333333333333,0.0,3,3,1.0
fade_last_touch,5.0,opposite,38.5,Discovery,1,1.0,37.5,37.5,1.0,0.0,0.0,1,1,1.0
fade_last_touch,5.0,opposite,38.75,Discovery,1,0.0,-11.5,-11.5,0.0,1.0,0.0,1,1,1.0
fade_last_touch,5.0,opposite,38.75,Validation,5,0.8,20.8,37.75,0.6,0.2,0.2,5,5,1.0
fade_last_touch,5.0,opposite,39.0,Validation,1,1.0,38.0,38.0,1.0,0.0,0.0,1,1,1.0
fade_last_touch,5.0,opposite,39.25,Discovery,1,1.0,38.25,38.25,1.0,0.0,0.0,1,1,1.0
fade_last_touch,5.0,opposite,39.25,OOS,1,1.0,38.25,38.25,1.0,0.0,0.0,1,1,1.0
fade_last_touch,5.0,opposite,39.25,Validation,2,0.0,-30.625,-30.625,0.0,0.5,0.5,2,2,1.0
fade_last_touch,5.0,opposite,39.5,Discovery,1,0.0,-18.25,-18.25,0.0,1.0,0.0,1,1,1.0
fade_last_touch,5.0,opposite,39.5,Validation,1,0.0,-32.0,-32.0,0.0,1.0,0.0,1,1,1.0
fade_last_touch,5.0,opposite,39.75,OOS,2,1.0,38.75,38.75,1.0,0.0,0.0,2,2,1.0
fade_last_touch,5.0,opposite,39.75,Validation,1,0.0,-11.25,-11.25,0.0,1.0,0.0,1,1,1.0
fade_last_touch,5.0,opposite,40.0,Validation,2,0.0,-21.875,-21.875,0.0,1.0,0.0,2,2,1.0
fade_last_touch,5.0,opposite,40.25,Discovery,1,1.0,39.25,39.25,1.0,0.0,0.0,1,1,1.0
fade_last_touch,5.0,opposite,40.5,Discovery,1,0.0,-42.75,-42.75,0.0,1.0,0.0,1,1,1.0
fade_last_touch,5.0,opposite,40.5,OOS,1,1.0,39.5,39.5,1.0,0.0,0.0,1,1,1.0
fade_last_touch,5.0,opposite,40.75,Discovery,1,1.0,39.75,39.75,1.0,0.0,0.0,1,1,1.0
fade_last_touch,5.0,opposite,40.75,Validation,2,0.5,-8.0,-8.0,0.0,0.5,0.5,2,2,1.0
fade_last_touch,5.0,opposite,41.0,Validation,2,0.5,7.75,7.75,0.5,0.5,0.0,2,2,1.0
fade_last_touch,5.0,opposite,41.25,Validation,2,0.5,10.5,10.5,0.5,0.5,0.0,2,2,1.0
fade_last_touch,5.0,opposite,41.5,OOS,1,0.0,-13.0,-13.0,0.0,1.0,0.0,1,1,1.0
fade_last_touch,5.0,opposite,41.5,Validation,1,0.0,-9.75,-9.75,0.0,1.0,0.0,1,1,1.0
fade_last_touch,5.0,opposite,41.75,Validation,3,0.3333333333333333,-28.416666666666668,-42.0,0.3333333333333333,0.3333333333333333,0.3333333333333333,3,3,1.0
fade_last_touch,5.0,opposite,42.0,Discovery,1,0.0,-21.5,-21.5,0.0,1.0,0.0,1,1,1.0
fade_last_touch,5.0,opposite,42.0,Validation,3,0.3333333333333333,-1.75,-21.0,0.3333333333333333,0.6666666666666666,0.0,3,3,1.0
fade_last_touch,5.0,opposite,42.25,Validation,1,0.0,-20.0,-20.0,0.0,1.0,0.0,1,1,1.0
fade_last_touch,5.0,opposite,42.75,OOS,2,0.5,10.5,10.5,0.5,0.5,0.0,2,2,1.0
fade_last_touch,5.0,opposite,43.25,Discovery,3,0.0,-20.166666666666668,-11.25,0.0,0.6666666666666666,0.3333333333333333,3,3,1.0
fade_last_touch,5.0,opposite,43.25,Validation,1,0.0,-13.25,-13.25,0.0,1.0,0.0,1,1,1.0
fade_last_touch,5.0,opposite,43.5,Discovery,2,0.0,-23.375,-23.375,0.0,1.0,0.0,2,2,1.0
fade_last_touch,5.0,opposite,43.5,Validation,1,0.0,-10.75,-10.75,0.0,1.0,0.0,1,1,1.0
fade_last_touch,5.0,opposite,43.75,Discovery,1,0.0,-13.5,-13.5,0.0,1.0,0.0,1,1,1.0
fade_last_touch,5.0,opposite,43.75,OOS,2,0.5,-2.625,-2.625,0.5,0.5,0.0,2,2,1.0
fade_last_touch,5.0,opposite,43.75,Validation,2,0.5,-22.875,-22.875,0.5,0.0,0.5,2,2,1.0
fade_last_touch,5.0,opposite,44.0,OOS,1,0.0,-30.25,-30.25,0.0,1.0,0.0,1,1,1.0
fade_last_touch,5.0,opposite,44.0,Validation,2,0.0,-18.875,-18.875,0.0,1.0,0.0,2,2,1.0
fade_last_touch,5.0,opposite,44.25,Validation,2,0.0,-24.5,-24.5,0.0,1.0,0.0,2,2,1.0
fade_last_touch,5.0,opposite,44.5,Validation,2,0.0,-54.25,-54.25,0.0,1.0,0.0,2,2,1.0
fade_last_touch,5.0,opposite,44.75,OOS,1,0.0,-24.5,-24.5,0.0,1.0,0.0,1,1,1.0
fade_last_touch,5.0,opposite,44.75,Validation,1,0.0,-79.25,-79.25,0.0,1.0,0.0,1,1,1.0
fade_last_touch,5.0,opposite,45.0,OOS,1,0.0,-9.0,-9.0,0.0,0.0,1.0,1,1,1.0
fade_last_touch,5.0,opposite,45.0,Validation,2,0.0,-24.25,-24.25,0.0,1.0,0.0,2,2,1.0
fade_last_touch,5.0,opposite,45.25,OOS,1,1.0,44.25,44.25,1.0,0.0,0.0,1,1,1.0
fade_last_touch,5.0,opposite,45.5,Discovery,2,0.0,-32.5,-32.5,0.0,1.0,0.0,2,2,1.0
fade_last_touch,5.0,opposite,45.5,OOS,1,0.0,-19.0,-19.0,0.0,1.0,0.0,1,1,1.0
fade_last_touch,5.0,opposite,45.5,Validation,1,0.0,-30.0,-30.0,0.0,1.0,0.0,1,1,1.0
fade_last_touch,5.0,opposite,45.75,Discovery,1,0.0,-12.75,-12.75,0.0,1.0,0.0,1,1,1.0
fade_last_touch,5.0,opposite,45.75,OOS,1,0.0,-30.25,-30.25,0.0,1.0,0.0,1,1,1.0
fade_last_touch,5.0,opposite,45.75,Validation,1,0.0,-26.0,-26.0,0.0,1.0,0.0,1,1,1.0
fade_last_touch,5.0,opposite,46.0,OOS,2,1.0,45.0,45.0,1.0,0.0,0.0,2,2,1.0
fade_last_touch,5.0,opposite,46.0,Validation,1,1.0,45.0,45.0,1.0,0.0,0.0,1,1,1.0
fade_last_touch,5.0,opposite,46.25,Discovery,2,0.5,17.0,17.0,0.5,0.5,0.0,2,2,1.0
fade_last_touch,5.0,opposite,46.25,Validation,2,1.0,33.0,33.0,0.5,0.0,0.5,2,2,1.0
fade_last_touch,5.0,opposite,46.5,Discovery,2,0.5,16.875,16.875,0.5,0.5,0.0,2,2,1.0
fade_last_touch,5.0,opposite,46.5,OOS,2,0.5,-0.625,-0.625,0.5,0.5,0.0,2,2,1.0
fade_last_touch,5.0,opposite,46.75,Validation,1,1.0,45.75,45.75,1.0,0.0,0.0,1,1,1.0
fade_last_touch,5.0,opposite,47.0,OOS,1,0.0,-52.5,-52.5,0.0,1.0,0.0,1,1,1.0
fade_last_touch,5.0,opposite,47.0,Validation,2,0.5,6.0,6.0,0.5,0.5,0.0,2,2,1.0
fade_last_touch,5.0,opposite,47.25,Discovery,2,0.0,-15.625,-15.625,0.0,1.0,0.0,2,2,1.0
fade_last_touch,5.0,opposite,47.25,OOS,1,1.0,46.25,46.25,1.0,0.0,0.0,1,1,1.0
fade_last_touch,5.0,opposite,47.25,Validation,3,0.3333333333333333,-3.0,-18.25,0.3333333333333333,0.6666666666666666,0.0,3,3,1.0
fade_last_touch,5.0,opposite,47.5,Validation,2,0.5,4.875,4.875,0.5,0.5,0.0,2,2,1.0
fade_last_touch,5.0,opposite,47.75,OOS,1,1.0,46.75,46.75,1.0,0.0,0.0,1,1,1.0
fade_last_touch,5.0,opposite,47.75,Validation,1,1.0,46.75,46.75,1.0,0.0,0.0,1,1,1.0
fade_last_touch,5.0,opposite,48.0,Validation,1,0.0,-20.75,-20.75,0.0,1.0,0.0,1,1,1.0
fade_last_touch,5.0,opposite,48.25,OOS,1,0.0,-56.5,-56.5,0.0,1.0,0.0,1,1,1.0
fade_last_touch,5.0,opposite,48.5,Validation,1,0.0,-22.75,-22.75,0.0,1.0,0.0,1,1,1.0
fade_last_touch,5.0,opposite,48.75,Discovery,1,0.0,-31.0,-31.0,0.0,1.0,0.0,1,1,1.0
fade_last_touch,5.0,opposite,48.75,OOS,1,1.0,47.75,47.75,1.0,0.0,0.0,1,1,1.0
fade_last_touch,5.0,opposite,49.5,OOS,1,0.0,-40.5,-40.5,0.0,1.0,0.0,1,1,1.0
fade_last_touch,5.0,opposite,49.5,Validation,1,1.0,5.75,5.75,0.0,0.0,1.0,1,1,1.0
fade_last_touch,5.0,opposite,49.75,Validation,1,0.0,-31.0,-31.0,0.0,1.0,0.0,1,1,1.0
fade_last_touch,5.0,opposite,50.25,Discovery,1,0.0,-23.5,-23.5,0.0,1.0,0.0,1,1,1.0
fade_last_touch,5.0,opposite,50.25,OOS,2,0.0,-18.625,-18.625,0.0,0.5,0.5,2,2,1.0
fade_last_touch,5.0,opposite,50.25,Validation,2,0.5,17.875,17.875,0.5,0.5,0.0,2,2,1.0
fade_last_touch,5.0,opposite,50.5,Discovery,1,0.0,-36.25,-36.25,0.0,1.0,0.0,1,1,1.0
fade_last_touch,5.0,opposite,50.5,Validation,1,1.0,4.0,4.0,0.0,0.0,1.0,1,1,1.0
fade_last_touch,5.0,opposite,50.75,OOS,1,0.0,-70.25,-70.25,0.0,1.0,0.0,1,1,1.0
fade_last_touch,5.0,opposite,50.75,Validation,2,0.5,7.125,7.125,0.5,0.5,0.0,2,2,1.0
fade_last_touch,5.0,opposite,51.25,Validation,3,0.6666666666666666,14.416666666666666,18.0,0.3333333333333333,0.3333333333333333,0.3333333333333333,3,3,1.0
fade_last_touch,5.0,opposite,51.5,Discovery,1,0.0,-14.75,-14.75,0.0,1.0,0.0,1,1,1.0
fade_last_touch,5.0,opposite,51.5,OOS,2,0.0,-16.875,-16.875,0.0,1.0,0.0,2,2,1.0
fade_last_touch,5.0,opposite,51.5,Validation,1,0.0,-66.75,-66.75,0.0,1.0,0.0,1,1,1.0
fade_last_touch,5.0,opposite,51.75,OOS,1,1.0,50.75,50.75,1.0,0.0,0.0,1,1,1.0
fade_last_touch,5.0,opposite,51.75,Validation,1,0.0,-15.75,-15.75,0.0,1.0,0.0,1,1,1.0
fade_last_touch,5.0,opposite,52.0,OOS,1,1.0,51.0,51.0,1.0,0.0,0.0,1,1,1.0
fade_last_touch,5.0,opposite,52.0,Validation,1,0.0,-35.75,-35.75,0.0,1.0,0.0,1,1,1.0
fade_last_touch,5.0,opposite,52.5,OOS,1,1.0,51.5,51.5,1.0,0.0,0.0,1,1,1.0
fade_last_touch,5.0,opposite,52.75,OOS,1,1.0,51.75,51.75,1.0,0.0,0.0,1,1,1.0
fade_last_touch,5.0,opposite,52.75,Validation,2,0.5,-6.125,-6.125,0.0,0.5,0.5,2,2,1.0
fade_last_touch,5.0,opposite,53.25,Discovery,1,0.0,-40.5,-40.5,0.0,1.0,0.0,1,1,1.0
fade_last_touch,5.0,opposite,53.75,OOS,1,0.0,-62.5,-62.5,0.0,1.0,0.0,1,1,1.0
fade_last_touch,5.0,opposite,54.0,OOS,1,0.0,-101.0,-101.0,0.0,1.0,0.0,1,1,1.0
fade_last_touch,5.0,opposite,54.5,OOS,1,1.0,53.5,53.5,1.0,0.0,0.0,1,1,1.0
fade_last_touch,5.0,opposite,54.5,Validation,2,0.0,-15.25,-15.25,0.0,1.0,0.0,2,2,1.0
fade_last_touch,5.0,opposite,54.75,OOS,1,0.0,-23.0,-23.0,0.0,1.0,0.0,1,1,1.0
fade_last_touch,5.0,opposite,55.0,OOS,1,1.0,54.0,54.0,1.0,0.0,0.0,1,1,1.0
fade_last_touch,5.0,opposite,55.25,Validation,2,0.5,20.625,20.625,0.5,0.5,0.0,2,2,1.0
fade_last_touch,5.0,opposite,55.5,Discovery,1,0.0,-25.5,-25.5,0.0,1.0,0.0,1,1,1.0
fade_last_touch,5.0,opposite,55.5,OOS,1,1.0,54.5,54.5,1.0,0.0,0.0,1,1,1.0
fade_last_touch,5.0,opposite,55.5,Validation,1,0.0,-19.0,-19.0,0.0,1.0,0.0,1,1,1.0
fade_last_touch,5.0,opposite,55.75,Discovery,2,0.5,13.625,13.625,0.5,0.5,0.0,2,2,1.0
fade_last_touch,5.0,opposite,55.75,Validation,1,1.0,28.0,28.0,0.0,0.0,1.0,1,1,1.0
fade_last_touch,5.0,opposite,56.0,Discovery,2,0.5,-24.0,-24.0,0.0,0.5,0.5,2,2,1.0
fade_last_touch,5.0,opposite,56.0,OOS,1,1.0,55.0,55.0,1.0,0.0,0.0,1,1,1.0
fade_last_touch,5.0,opposite,56.25,Validation,3,0.0,-23.916666666666668,-26.0,0.0,1.0,0.0,3,3,1.0
fade_last_touch,5.0,opposite,56.5,Validation,1,1.0,55.5,55.5,1.0,0.0,0.0,1,1,1.0
fade_last_touch,5.0,opposite,56.75,OOS,1,1.0,55.75,55.75,1.0,0.0,0.0,1,1,1.0
fade_last_touch,5.0,opposite,56.75,Validation,1,0.0,-33.5,-33.5,0.0,1.0,0.0,1,1,1.0
fade_last_touch,5.0,opposite,57.25,Validation,1,1.0,22.0,22.0,0.0,0.0,1.0,1,1,1.0
fade_last_touch,5.0,opposite,57.5,Validation,1,0.0,-20.25,-20.25,0.0,1.0,0.0,1,1,1.0
fade_last_touch,5.0,opposite,57.75,Discovery,1,1.0,16.0,16.0,0.0,0.0,1.0,1,1,1.0
fade_last_touch,5.0,opposite,58.0,OOS,2,0.0,-34.625,-34.625,0.0,1.0,0.0,2,2,1.0
fade_last_touch,5.0,opposite,58.75,OOS,1,0.0,-30.25,-30.25,0.0,1.0,0.0,1,1,1.0
fade_last_touch,5.0,opposite,59.0,OOS,1,0.0,-38.25,-38.25,0.0,1.0,0.0,1,1,1.0
fade_last_touch,5.0,opposite,59.0,Validation,2,0.5,3.875,3.875,0.5,0.5,0.0,2,2,1.0
fade_last_touch,5.0,opposite,59.25,Validation,1,1.0,29.5,29.5,0.0,0.0,1.0,1,1,1.0
fade_last_touch,5.0,opposite,59.5,OOS,1,0.0,-23.75,-23.75,0.0,1.0,0.0,1,1,1.0
fade_last_touch,5.0,opposite,59.5,Validation,1,0.0,-14.5,-14.5,0.0,0.0,1.0,1,1,1.0
fade_last_touch,5.0,opposite,59.75,Discovery,1,0.0,-16.75,-16.75,0.0,0.0,1.0,1,1,1.0
fade_last_touch,5.0,opposite,59.75,OOS,1,0.0,-79.5,-79.5,0.0,1.0,0.0,1,1,1.0
fade_last_touch,5.0,opposite,60.0,OOS,1,1.0,59.0,59.0,1.0,0.0,0.0,1,1,1.0
fade_last_touch,5.0,opposite,60.0,Validation,1,0.0,-61.25,-61.25,0.0,1.0,0.0,1,1,1.0
fade_last_touch,5.0,opposite,60.5,Discovery,1,0.0,-59.5,-59.5,0.0,1.0,0.0,1,1,1.0
fade_last_touch,5.0,opposite,60.75,Discovery,1,1.0,59.75,59.75,1.0,0.0,0.0,1,1,1.0
fade_last_touch,5.0,opposite,61.0,Discovery,1,1.0,24.5,24.5,0.0,0.0,1.0,1,1,1.0
fade_last_touch,5.0,opposite,61.0,Validation,1,0.0,-14.25,-14.25,0.0,1.0,0.0,1,1,1.0
fade_last_touch,5.0,opposite,61.5,Validation,2,0.5,-1.125,-1.125,0.0,0.5,0.5,2,2,1.0
fade_last_touch,5.0,opposite,62.0,OOS,1,0.0,-18.5,-18.5,0.0,1.0,0.0,1,1,1.0
fade_last_touch,5.0,opposite,62.0,Validation,1,0.0,-21.5,-21.5,0.0,1.0,0.0,1,1,1.0
fade_last_touch,5.0,opposite,62.25,Discovery,2,0.0,-34.0,-34.0,0.0,1.0,0.0,2,2,1.0
fade_last_touch,5.0,opposite,62.25,OOS,2,0.5,22.0,22.0,0.5,0.5,0.0,2,2,1.0
fade_last_touch,5.0,opposite,62.25,Validation,2,0.5,0.875,0.875,0.5,0.5,0.0,2,2,1.0
fade_last_touch,5.0,opposite,62.75,Discovery,1,0.0,-22.5,-22.5,0.0,1.0,0.0,1,1,1.0
fade_last_touch,5.0,opposite,63.25,Discovery,1,1.0,62.25,62.25,1.0,0.0,0.0,1,1,1.0
fade_last_touch,5.0,opposite,63.75,Validation,2,0.0,-21.625,-21.625,0.0,1.0,0.0,2,2,1.0
fade_last_touch,5.0,opposite,64.5,OOS,1,1.0,63.5,63.5,1.0,0.0,0.0,1,1,1.0
fade_last_touch,5.0,opposite,64.5,Validation,1,0.0,-25.75,-25.75,0.0,1.0,0.0,1,1,1.0
fade_last_touch,5.0,opposite,65.75,OOS,2,0.5,20.375,20.375,0.5,0.0,0.5,2,2,1.0
fade_last_touch,5.0,opposite,65.75,Validation,2,1.0,63.125,63.125,0.5,0.0,0.5,2,2,1.0
fade_last_touch,5.0,opposite,66.25,OOS,2,0.5,20.375,20.375,0.5,0.5,0.0,2,2,1.0
fade_last_touch,5.0,opposite,66.5,OOS,1,0.0,-62.0,-62.0,0.0,1.0,0.0,1,1,1.0
fade_last_touch,5.0,opposite,66.75,OOS,2,1.0,65.75,65.75,1.0,0.0,0.0,2,2,1.0
fade_last_touch,5.0,opposite,67.25,Validation,1,0.0,-26.25,-26.25,0.0,1.0,0.0,1,1,1.0
fade_last_touch,5.0,opposite,67.5,OOS,1,1.0,66.5,66.5,1.0,0.0,0.0,1,1,1.0
fade_last_touch,5.0,opposite,67.5,Validation,1,0.0,-26.0,-26.0,0.0,1.0,0.0,1,1,1.0
fade_last_touch,5.0,opposite,67.75,OOS,1,1.0,66.75,66.75,1.0,0.0,0.0,1,1,1.0
fade_last_touch,5.0,opposite,67.75,Validation,1,1.0,66.75,66.75,1.0,0.0,0.0,1,1,1.0
fade_last_touch,5.0,opposite,68.75,Validation,1,0.0,-49.25,-49.25,0.0,1.0,0.0,1,1,1.0
fade_last_touch,5.0,opposite,69.25,Discovery,1,1.0,43.0,43.0,0.0,0.0,1.0,1,1,1.0
fade_last_touch,5.0,opposite,69.5,OOS,1,0.0,-35.5,-35.5,0.0,1.0,0.0,1,1,1.0
fade_last_touch,5.0,opposite,69.5,Validation,1,0.0,-14.75,-14.75,0.0,1.0,0.0,1,1,1.0
fade_last_touch,5.0,opposite,69.75,Validation,1,0.0,-28.0,-28.0,0.0,1.0,0.0,1,1,1.0
fade_last_touch,5.0,opposite,70.0,Discovery,1,1.0,59.0,59.0,0.0,0.0,1.0,1,1,1.0
fade_last_touch,5.0,opposite,70.0,Validation,1,0.0,-30.0,-30.0,0.0,1.0,0.0,1,1,1.0
fade_last_touch,5.0,opposite,70.25,OOS,1,1.0,69.25,69.25,1.0,0.0,0.0,1,1,1.0
fade_last_touch,5.0,opposite,70.5,OOS,1,0.0,-49.75,-49.75,0.0,1.0,0.0,1,1,1.0
fade_last_touch,5.0,opposite,70.5,Validation,2,0.5,28.25,28.25,0.5,0.5,0.0,2,2,1.0
fade_last_touch,5.0,opposite,70.75,Validation,1,0.0,-3.25,-3.25,0.0,0.0,1.0,1,1,1.0
fade_last_touch,5.0,opposite,71.25,Discovery,1,1.0,70.25,70.25,1.0,0.0,0.0,1,1,1.0
fade_last_touch,5.0,opposite,71.25,Validation,1,0.0,-42.5,-42.5,0.0,1.0,0.0,1,1,1.0
fade_last_touch,5.0,opposite,72.0,OOS,1,0.0,-34.0,-34.0,0.0,1.0,0.0,1,1,1.0
fade_last_touch,5.0,opposite,72.0,Validation,1,0.0,-106.0,-106.0,0.0,1.0,0.0,1,1,1.0
fade_last_touch,5.0,opposite,72.25,Discovery,1,0.0,-35.5,-35.5,0.0,1.0,0.0,1,1,1.0
fade_last_touch,5.0,opposite,72.25,Validation,1,1.0,71.25,71.25,1.0,0.0,0.0,1,1,1.0
fade_last_touch,5.0,opposite,72.75,Validation,1,0.0,-36.25,-36.25,0.0,1.0,0.0,1,1,1.0
fade_last_touch,5.0,opposite,73.0,Validation,1,1.0,72.0,72.0,1.0,0.0,0.0,1,1,1.0
fade_last_touch,5.0,opposite,73.25,Discovery,1,1.0,72.25,72.25,1.0,0.0,0.0,1,1,1.0
fade_last_touch,5.0,opposite,73.25,Validation,1,0.0,-17.0,-17.0,0.0,1.0,0.0,1,1,1.0
fade_last_touch,5.0,opposite,73.5,Validation,1,0.0,-11.5,-11.5,0.0,1.0,0.0,1,1,1.0
fade_last_touch,5.0,opposite,73.75,Validation,1,1.0,8.0,8.0,0.0,0.0,1.0,1,1,1.0
fade_last_touch,5.0,opposite,74.0,OOS,1,1.0,73.0,73.0,1.0,0.0,0.0,1,1,1.0
fade_last_touch,5.0,opposite,74.0,Validation,1,1.0,73.0,73.0,1.0,0.0,0.0,1,1,1.0
fade_last_touch,5.0,opposite,74.25,OOS,1,0.0,-66.5,-66.5,0.0,1.0,0.0,1,1,1.0
fade_last_touch,5.0,opposite,74.5,OOS,1,0.0,-34.75,-34.75,0.0,1.0,0.0,1,1,1.0
fade_last_touch,5.0,opposite,74.75,OOS,1,0.0,-158.0,-158.0,0.0,1.0,0.0,1,1,1.0
fade_last_touch,5.0,opposite,75.5,Discovery,2,0.0,-30.375,-30.375,0.0,1.0,0.0,2,2,1.0
fade_last_touch,5.0,opposite,75.75,Validation,1,0.0,-24.25,-24.25,0.0,1.0,0.0,1,1,1.0
fade_last_touch,5.0,opposite,76.0,Validation,1,0.0,-20.25,-20.25,0.0,1.0,0.0,1,1,1.0
fade_last_touch,5.0,opposite,76.5,Validation,1,1.0,1.5,1.5,0.0,0.0,1.0,1,1,1.0
fade_last_touch,5.0,opposite,77.25,Validation,1,0.0,-16.0,-16.0,0.0,1.0,0.0,1,1,1.0
fade_last_touch,5.0,opposite,77.75,Validation,1,0.0,-39.75,-39.75,0.0,1.0,0.0,1,1,1.0
fade_last_touch,5.0,opposite,78.0,Discovery,2,1.0,77.0,77.0,1.0,0.0,0.0,2,2,1.0
fade_last_touch,5.0,opposite,78.0,OOS,1,0.0,-53.0,-53.0,0.0,1.0,0.0,1,1,1.0
fade_last_touch,5.0,opposite,79.25,Validation,1,0.0,-21.25,-21.25,0.0,1.0,0.0,1,1,1.0
fade_last_touch,5.0,opposite,79.5,OOS,1,0.0,-71.25,-71.25,0.0,1.0,0.0,1,1,1.0
fade_last_touch,5.0,opposite,79.5,Validation,1,0.0,-84.0,-84.0,0.0,1.0,0.0,1,1,1.0
fade_last_touch,5.0,opposite,80.0,Validation,1,0.0,-40.0,-40.0,0.0,1.0,0.0,1,1,1.0
fade_last_touch,5.0,opposite,81.0,Discovery,1,1.0,80.0,80.0,1.0,0.0,0.0,1,1,1.0
fade_last_touch,5.0,opposite,81.25,OOS,1,1.0,46.75,46.75,0.0,0.0,1.0,1,1,1.0
fade_last_touch,5.0,opposite,81.5,Validation,1,0.0,-13.5,-13.5,0.0,1.0,0.0,1,1,1.0
fade_last_touch,5.0,opposite,81.75,Discovery,1,0.0,-8.5,-8.5,0.0,1.0,0.0,1,1,1.0
fade_last_touch,5.0,opposite,81.75,Validation,1,0.0,-14.5,-14.5,0.0,1.0,0.0,1,1,1.0
fade_last_touch,5.0,opposite,82.0,OOS,1,1.0,81.0,81.0,1.0,0.0,0.0,1,1,1.0
fade_last_touch,5.0,opposite,82.5,Discovery,1,0.0,-18.0,-18.0,0.0,1.0,0.0,1,1,1.0
fade_last_touch,5.0,opposite,83.0,OOS,1,0.0,-37.0,-37.0,0.0,1.0,0.0,1,1,1.0
fade_last_touch,5.0,opposite,83.5,Discovery,1,1.0,82.5,82.5,1.0,0.0,0.0,1,1,1.0
fade_last_touch,5.0,opposite,83.75,OOS,1,1.0,82.75,82.75,1.0,0.0,0.0,1,1,1.0
fade_last_touch,5.0,opposite,83.75,Validation,1,0.0,-18.5,-18.5,0.0,1.0,0.0,1,1,1.0
fade_last_touch,5.0,opposite,84.0,Validation,1,0.0,-32.0,-32.0,0.0,1.0,0.0,1,1,1.0
fade_last_touch,5.0,opposite,84.5,OOS,1,0.0,-32.75,-32.75,0.0,1.0,0.0,1,1,1.0
fade_last_touch,5.0,opposite,85.0,Discovery,1,0.0,-13.25,-13.25,0.0,1.0,0.0,1,1,1.0
fade_last_touch,5.0,opposite,85.0,Validation,1,0.0,-44.25,-44.25,0.0,0.0,1.0,1,1,1.0
fade_last_touch,5.0,opposite,85.25,OOS,1,0.0,-34.75,-34.75,0.0,1.0,0.0,1,1,1.0
fade_last_touch,5.0,opposite,85.5,OOS,1,1.0,84.5,84.5,1.0,0.0,0.0,1,1,1.0
fade_last_touch,5.0,opposite,85.5,Validation,2,0.0,-26.5,-26.5,0.0,1.0,0.0,2,2,1.0
fade_last_touch,5.0,opposite,85.75,Validation,3,0.0,-62.083333333333336,-35.75,0.0,1.0,0.0,3,3,1.0
fade_last_touch,5.0,opposite,86.0,OOS,1,0.0,-15.5,-15.5,0.0,0.0,1.0,1,1,1.0
fade_last_touch,5.0,opposite,86.0,Validation,2,0.5,27.75,27.75,0.5,0.5,0.0,2,2,1.0
fade_last_touch,5.0,opposite,86.25,Validation,1,0.0,-92.25,-92.25,0.0,1.0,0.0,1,1,1.0
fade_last_touch,5.0,opposite,86.5,OOS,1,1.0,85.5,85.5,1.0,0.0,0.0,1,1,1.0
fade_last_touch,5.0,opposite,86.75,Validation,1,0.0,-30.75,-30.75,0.0,1.0,0.0,1,1,1.0
fade_last_touch,5.0,opposite,87.0,Validation,1,0.0,-25.25,-25.25,0.0,1.0,0.0,1,1,1.0
fade_last_touch,5.0,opposite,87.5,Validation,1,1.0,18.5,18.5,0.0,0.0,1.0,1,1,1.0
fade_last_touch,5.0,opposite,87.75,Discovery,1,0.0,-36.0,-36.0,0.0,1.0,0.0,1,1,1.0
fade_last_touch,5.0,opposite,87.75,OOS,1,0.0,-40.0,-40.0,0.0,1.0,0.0,1,1,1.0
fade_last_touch,5.0,opposite,88.0,Validation,2,0.5,22.125,22.125,0.5,0.5,0.0,2,2,1.0
fade_last_touch,5.0,opposite,88.25,OOS,1,1.0,47.25,47.25,0.0,0.0,1.0,1,1,1.0
fade_last_touch,5.0,opposite,88.5,Validation,2,0.0,-16.375,-16.375,0.0,0.5,0.5,2,2,1.0
fade_last_touch,5.0,opposite,89.75,Discovery,2,0.5,-16.625,-16.625,0.0,0.5,0.5,2,2,1.0
fade_last_touch,5.0,opposite,91.25,OOS,1,0.0,-84.5,-84.5,0.0,0.0,1.0,1,1,1.0
fade_last_touch,5.0,opposite,91.25,Validation,1,0.0,-26.5,-26.5,0.0,1.0,0.0,1,1,1.0
fade_last_touch,5.0,opposite,91.5,Discovery,1,0.0,-24.75,-24.75,0.0,1.0,0.0,1,1,1.0
fade_last_touch,5.0,opposite,91.5,Validation,1,0.0,-24.5,-24.5,0.0,1.0,0.0,1,1,1.0
fade_last_touch,5.0,opposite,91.75,Validation,1,0.0,-27.25,-27.25,0.0,0.0,1.0,1,1,1.0
fade_last_touch,5.0,opposite,92.0,OOS,2,0.5,-19.25,-19.25,0.0,0.5,0.5,2,2,1.0
fade_last_touch,5.0,opposite,92.5,OOS,1,1.0,91.5,91.5,1.0,0.0,0.0,1,1,1.0
fade_last_touch,5.0,opposite,92.5,Validation,1,1.0,91.5,91.5,1.0,0.0,0.0,1,1,1.0
fade_last_touch,5.0,opposite,93.25,OOS,1,0.0,-205.0,-205.0,0.0,1.0,0.0,1,1,1.0
fade_last_touch,5.0,opposite,93.5,Discovery,1,0.0,-22.75,-22.75,0.0,1.0,0.0,1,1,1.0
fade_last_touch,5.0,opposite,94.25,Validation,1,1.0,93.25,93.25,1.0,0.0,0.0,1,1,1.0
fade_last_touch,5.0,opposite,95.25,OOS,1,0.0,-83.5,-83.5,0.0,1.0,0.0,1,1,1.0
fade_last_touch,5.0,opposite,95.5,OOS,2,0.5,27.625,27.625,0.5,0.5,0.0,2,2,1.0
fade_last_touch,5.0,opposite,96.5,OOS,1,0.0,-120.0,-120.0,0.0,1.0,0.0,1,1,1.0
fade_last_touch,5.0,opposite,96.75,Validation,1,1.0,95.75,95.75,1.0,0.0,0.0,1,1,1.0
fade_last_touch,5.0,opposite,97.0,Validation,3,0.0,-39.583333333333336,-43.0,0.0,1.0,0.0,3,3,1.0
fade_last_touch,5.0,opposite,97.25,OOS,1,1.0,58.5,58.5,0.0,0.0,1.0,1,1,1.0
fade_last_touch,5.0,opposite,97.5,Validation,1,1.0,96.5,96.5,1.0,0.0,0.0,1,1,1.0
fade_last_touch,5.0,opposite,98.25,OOS,1,1.0,97.25,97.25,1.0,0.0,0.0,1,1,1.0
fade_last_touch,5.0,opposite,98.25,Validation,1,1.0,97.25,97.25,1.0,0.0,0.0,1,1,1.0
fade_last_touch,5.0,opposite,98.5,Validation,1,0.0,-123.0,-123.0,0.0,1.0,0.0,1,1,1.0
fade_last_touch,5.0,opposite,99.0,Discovery,1,0.0,-49.75,-49.75,0.0,1.0,0.0,1,1,1.0
fade_last_touch,5.0,opposite,99.0,Validation,2,0.5,38.0,38.0,0.5,0.5,0.0,2,2,1.0
fade_last_touch,5.0,opposite,99.25,Validation,1,0.0,-33.5,-33.5,0.0,1.0,0.0,1,1,1.0
fade_last_touch,5.0,opposite,99.5,Validation,1,0.0,-14.25,-14.25,0.0,1.0,0.0,1,1,1.0
fade_last_touch,5.0,opposite,100.0,Validation,1,0.0,-25.25,-25.25,0.0,1.0,0.0,1,1,1.0
fade_last_touch,5.0,opposite,100.25,OOS,2,0.0,-61.5,-61.5,0.0,1.0,0.0,2,2,1.0
fade_last_touch,5.0,opposite,100.75,Validation,1,0.0,-18.75,-18.75,0.0,1.0,0.0,1,1,1.0
fade_last_touch,5.0,opposite,101.25,Validation,1,1.0,100.25,100.25,1.0,0.0,0.0,1,1,1.0
fade_last_touch,5.0,opposite,103.25,Validation,1,1.0,39.25,39.25,0.0,0.0,1.0,1,1,1.0
fade_last_touch,5.0,opposite,103.5,Validation,1,0.0,-32.0,-32.0,0.0,1.0,0.0,1,1,1.0
fade_last_touch,5.0,opposite,104.0,Discovery,1,0.0,-36.0,-36.0,0.0,1.0,0.0,1,1,1.0
fade_last_touch,5.0,opposite,104.75,OOS,1,0.0,-49.75,-49.75,0.0,1.0,0.0,1,1,1.0
fade_last_touch,5.0,opposite,104.75,Validation,1,0.0,-14.25,-14.25,0.0,0.0,1.0,1,1,1.0
fade_last_touch,5.0,opposite,105.0,Validation,1,0.0,-33.0,-33.0,0.0,1.0,0.0,1,1,1.0
fade_last_touch,5.0,opposite,105.25,Validation,2,0.5,26.375,26.375,0.5,0.5,0.0,2,2,1.0
fade_last_touch,5.0,opposite,106.5,OOS,1,0.0,-22.5,-22.5,0.0,1.0,0.0,1,1,1.0
fade_last_touch,5.0,opposite,106.75,Validation,1,1.0,97.5,97.5,0.0,0.0,1.0,1,1,1.0
fade_last_touch,5.0,opposite,108.5,Validation,1,0.0,-14.5,-14.5,0.0,1.0,0.0,1,1,1.0
fade_last_touch,5.0,opposite,108.75,Validation,1,0.0,-20.0,-20.0,0.0,1.0,0.0,1,1,1.0
fade_last_touch,5.0,opposite,109.5,Discovery,1,1.0,108.5,108.5,1.0,0.0,0.0,1,1,1.0
fade_last_touch,5.0,opposite,110.25,OOS,1,0.0,-20.25,-20.25,0.0,1.0,0.0,1,1,1.0
fade_last_touch,5.0,opposite,110.25,Validation,1,1.0,70.0,70.0,0.0,0.0,1.0,1,1,1.0
fade_last_touch,5.0,opposite,112.25,Validation,1,1.0,52.25,52.25,0.0,0.0,1.0,1,1,1.0
fade_last_touch,5.0,opposite,113.0,Validation,1,0.0,-20.0,-20.0,0.0,1.0,0.0,1,1,1.0
fade_last_touch,5.0,opposite,113.25,Discovery,1,0.0,-38.5,-38.5,0.0,0.0,1.0,1,1,1.0
fade_last_touch,5.0,opposite,113.25,Validation,1,0.0,-14.75,-14.75,0.0,1.0,0.0,1,1,1.0
fade_last_touch,5.0,opposite,113.5,Validation,1,0.0,-30.25,-30.25,0.0,1.0,0.0,1,1,1.0
fade_last_touch,5.0,opposite,114.0,OOS,1,0.0,-12.5,-12.5,0.0,1.0,0.0,1,1,1.0
fade_last_touch,5.0,opposite,114.25,Validation,1,0.0,-26.5,-26.5,0.0,1.0,0.0,1,1,1.0
fade_last_touch,5.0,opposite,115.25,OOS,2,1.0,114.25,114.25,1.0,0.0,0.0,2,2,1.0
fade_last_touch,5.0,opposite,116.25,OOS,1,1.0,115.25,115.25,1.0,0.0,0.0,1,1,1.0
fade_last_touch,5.0,opposite,116.5,Validation,1,0.0,-16.5,-16.5,0.0,1.0,0.0,1,1,1.0
fade_last_touch,5.0,opposite,117.0,OOS,1,0.0,-38.0,-38.0,0.0,1.0,0.0,1,1,1.0
fade_last_touch,5.0,opposite,117.75,OOS,1,0.0,-72.5,-72.5,0.0,1.0,0.0,1,1,1.0
fade_last_touch,5.0,opposite,118.75,Validation,1,1.0,117.75,117.75,1.0,0.0,0.0,1,1,1.0
fade_last_touch,5.0,opposite,119.5,Discovery,1,1.0,50.0,50.0,0.0,0.0,1.0,1,1,1.0
fade_last_touch,5.0,opposite,119.5,Validation,1,1.0,85.75,85.75,0.0,0.0,1.0,1,1,1.0
fade_last_touch,5.0,opposite,120.5,Validation,1,0.0,-48.5,-48.5,0.0,1.0,0.0,1,1,1.0
fade_last_touch,5.0,opposite,122.25,OOS,2,1.0,74.125,74.125,0.5,0.0,0.5,2,2,1.0
fade_last_touch,5.0,opposite,127.0,Validation,1,0.0,-21.75,-21.75,0.0,1.0,0.0,1,1,1.0
fade_last_touch,5.0,opposite,127.25,OOS,1,1.0,25.75,25.75,0.0,0.0,1.0,1,1,1.0
fade_last_touch,5.0,opposite,127.5,Discovery,1,0.0,-35.5,-35.5,0.0,1.0,0.0,1,1,1.0
fade_last_touch,5.0,opposite,129.0,OOS,1,0.0,-62.5,-62.5,0.0,1.0,0.0,1,1,1.0
fade_last_touch,5.0,opposite,132.0,Discovery,1,0.0,-16.0,-16.0,0.0,1.0,0.0,1,1,1.0
fade_last_touch,5.0,opposite,132.75,Validation,1,1.0,131.75,131.75,1.0,0.0,0.0,1,1,1.0
fade_last_touch,5.0,opposite,134.0,OOS,1,0.0,-50.25,-50.25,0.0,1.0,0.0,1,1,1.0
fade_last_touch,5.0,opposite,138.0,OOS,1,1.0,137.0,137.0,1.0,0.0,0.0,1,1,1.0
fade_last_touch,5.0,opposite,138.25,OOS,1,0.0,-4.75,-4.75,0.0,0.0,1.0,1,1,1.0
fade_last_touch,5.0,opposite,138.5,Validation,1,0.0,-9.0,-9.0,0.0,1.0,0.0,1,1,1.0
fade_last_touch,5.0,opposite,139.25,Validation,1,0.0,-16.5,-16.5,0.0,1.0,0.0,1,1,1.0
fade_last_touch,5.0,opposite,139.75,Discovery,1,0.0,-33.5,-33.5,0.0,1.0,0.0,1,1,1.0
fade_last_touch,5.0,opposite,142.25,Validation,1,1.0,47.75,47.75,0.0,0.0,1.0,1,1,1.0
fade_last_touch,5.0,opposite,143.75,OOS,1,0.0,-34.5,-34.5,0.0,1.0,0.0,1,1,1.0
fade_last_touch,5.0,opposite,145.5,Validation,1,0.0,-20.25,-20.25,0.0,0.0,1.0,1,1,1.0
fade_last_touch,5.0,opposite,145.75,OOS,1,1.0,144.75,144.75,1.0,0.0,0.0,1,1,1.0
fade_last_touch,5.0,opposite,146.25,Discovery,1,0.0,-58.0,-58.0,0.0,1.0,0.0,1,1,1.0
fade_last_touch,5.0,opposite,146.5,OOS,1,0.0,-69.5,-69.5,0.0,1.0,0.0,1,1,1.0
fade_last_touch,5.0,opposite,147.75,OOS,1,1.0,102.0,102.0,0.0,0.0,1.0,1,1,1.0
fade_last_touch,5.0,opposite,149.75,OOS,1,0.0,-70.25,-70.25,0.0,1.0,0.0,1,1,1.0
fade_last_touch,5.0,opposite,150.25,Validation,1,1.0,93.0,93.0,0.0,0.0,1.0,1,1,1.0
fade_last_touch,5.0,opposite,151.25,Discovery,1,1.0,55.0,55.0,0.0,0.0,1.0,1,1,1.0
fade_last_touch,5.0,opposite,153.75,OOS,1,1.0,65.0,65.0,0.0,0.0,1.0,1,1,1.0
fade_last_touch,5.0,opposite,154.75,OOS,2,0.5,68.25,68.25,0.5,0.5,0.0,2,2,1.0
fade_last_touch,5.0,opposite,155.0,OOS,1,0.0,-73.25,-73.25,0.0,1.0,0.0,1,1,1.0
fade_last_touch,5.0,opposite,156.5,Validation,1,0.0,-90.25,-90.25,0.0,1.0,0.0,1,1,1.0
fade_last_touch,5.0,opposite,157.5,Validation,1,1.0,156.5,156.5,1.0,0.0,0.0,1,1,1.0
fade_last_touch,5.0,opposite,158.0,Validation,1,0.0,-15.75,-15.75,0.0,1.0,0.0,1,1,1.0
fade_last_touch,5.0,opposite,158.5,Validation,1,1.0,81.75,81.75,0.0,0.0,1.0,1,1,1.0
fade_last_touch,5.0,opposite,159.0,Validation,1,1.0,49.25,49.25,0.0,0.0,1.0,1,1,1.0
fade_last_touch,5.0,opposite,163.75,Validation,1,1.0,162.75,162.75,1.0,0.0,0.0,1,1,1.0
fade_last_touch,5.0,opposite,165.75,Validation,1,0.0,-94.5,-94.5,0.0,1.0,0.0,1,1,1.0
fade_last_touch,5.0,opposite,167.0,OOS,1,0.0,-11.25,-11.25,0.0,0.0,1.0,1,1,1.0
fade_last_touch,5.0,opposite,167.25,Validation,1,1.0,62.75,62.75,0.0,0.0,1.0,1,1,1.0
fade_last_touch,5.0,opposite,170.75,Validation,1,0.0,-44.25,-44.25,0.0,1.0,0.0,1,1,1.0
fade_last_touch,5.0,opposite,173.5,Validation,2,1.0,95.875,95.875,0.5,0.0,0.5,2,2,1.0
fade_last_touch,5.0,opposite,181.25,Validation,1,1.0,66.0,66.0,0.0,0.0,1.0,1,1,1.0
fade_last_touch,5.0,opposite,185.0,OOS,1,0.0,-11.25,-11.25,0.0,1.0,0.0,1,1,1.0
fade_last_touch,5.0,opposite,187.5,Discovery,1,1.0,186.5,186.5,1.0,0.0,0.0,1,1,1.0
fade_last_touch,5.0,opposite,195.25,Validation,1,0.0,-34.5,-34.5,0.0,1.0,0.0,1,1,1.0
fade_last_touch,5.0,opposite,204.25,OOS,1,0.0,-53.0,-53.0,0.0,1.0,0.0,1,1,1.0
fade_last_touch,5.0,opposite,205.25,Validation,1,0.0,-20.75,-20.75,0.0,1.0,0.0,1,1,1.0
fade_last_touch,5.0,opposite,207.0,Validation,1,0.0,-17.25,-17.25,0.0,1.0,0.0,1,1,1.0
fade_last_touch,5.0,opposite,209.25,OOS,1,1.0,33.75,33.75,0.0,0.0,1.0,1,1,1.0
fade_last_touch,5.0,opposite,215.0,Discovery,1,0.0,-17.5,-17.5,0.0,1.0,0.0,1,1,1.0
fade_last_touch,5.0,opposite,225.75,Validation,1,0.0,-10.25,-10.25,0.0,0.0,1.0,1,1,1.0
fade_last_touch,5.0,opposite,227.5,Validation,1,0.0,-9.0,-9.0,0.0,0.0,1.0,1,1,1.0
fade_last_touch,5.0,opposite,233.0,Validation,1,0.0,-48.0,-48.0,0.0,1.0,0.0,1,1,1.0
fade_last_touch,5.0,opposite,236.75,Validation,1,1.0,28.75,28.75,0.0,0.0,1.0,1,1,1.0
fade_last_touch,5.0,opposite,242.0,OOS,1,0.0,-25.75,-25.75,0.0,1.0,0.0,1,1,1.0
fade_last_touch,5.0,opposite,242.25,OOS,1,1.0,169.5,169.5,0.0,0.0,1.0,1,1,1.0
fade_last_touch,5.0,opposite,249.75,OOS,1,1.0,80.0,80.0,0.0,0.0,1.0,1,1,1.0
fade_last_touch,5.0,opposite,249.75,Validation,1,0.0,-34.25,-34.25,0.0,1.0,0.0,1,1,1.0
fade_last_touch,5.0,opposite,264.0,OOS,1,0.0,-86.0,-86.0,0.0,1.0,0.0,1,1,1.0
fade_last_touch,5.0,opposite,272.5,Validation,1,0.0,-24.75,-24.75,0.0,1.0,0.0,1,1,1.0
fade_last_touch,5.0,opposite,273.0,Validation,1,1.0,146.75,146.75,0.0,0.0,1.0,1,1,1.0
fade_last_touch,5.0,opposite,277.25,OOS,1,1.0,60.5,60.5,0.0,0.0,1.0,1,1,1.0
fade_last_touch,5.0,opposite,287.0,Validation,1,1.0,84.0,84.0,0.0,0.0,1.0,1,1,1.0
fade_last_touch,5.0,opposite,357.75,Validation,1,1.0,107.5,107.5,0.0,0.0,1.0,1,1,1.0
fade_last_touch,5.0,opposite,398.0,Validation,1,0.0,-43.25,-43.25,0.0,1.0,0.0,1,1,1.0
fade_last_touch,5.0,opposite,518.25,Validation,1,0.0,-28.0,-28.0,0.0,1.0,0.0,1,1,1.0
fade_last_touch,5.0,opposite,538.75,Validation,1,0.0,-50.0,-50.0,0.0,1.0,0.0,1,1,1.0
fade_last_touch,10.0,fixed,20.0,Discovery,790,0.5367088607594936,-0.18670886075949367,3.0,0.41139240506329117,0.2911392405063291,0.2974683544303797,2403,790,0.328755722014149
fade_last_touch,10.0,fixed,20.0,OOS,299,0.7190635451505016,0.7692307692307693,19.0,0.7157190635451505,0.2608695652173913,0.023411371237458192,399,299,0.7493734335839599
fade_last_touch,10.0,fixed,20.0,Validation,551,0.5970961887477314,-2.034029038112523,19.0,0.5898366606170599,0.3702359346642468,0.039927404718693285,757,551,0.7278731836195509
fade_last_touch,10.0,fixed,25.0,Discovery,790,0.5037974683544304,-0.4860759493670886,0.25,0.33544303797468356,0.3139240506329114,0.35063291139240504,2403,790,0.328755722014149
fade_last_touch,10.0,fixed,25.0,OOS,299,0.6822742474916388,1.7926421404682273,24.0,0.6789297658862876,0.28762541806020064,0.033444816053511704,399,299,0.7493734335839599
fade_last_touch,10.0,fixed,25.0,Validation,551,0.5335753176043557,-2.4777676950998186,24.0,0.5208711433756806,0.4246823956442831,0.0544464609800363,757,551,0.7278731836195509
fade_last_touch,10.0,fixed,30.0,Discovery,790,0.46962025316455697,-0.9357594936708861,-2.0,0.2759493670886076,0.33544303797468356,0.3886075949367089,2403,790,0.328755722014149
fade_last_touch,10.0,fixed,30.0,OOS,299,0.6354515050167224,1.8193979933110367,29.0,0.6287625418060201,0.3277591973244147,0.043478260869565216,399,299,0.7493734335839599
fade_last_touch,10.0,fixed,30.0,Validation,551,0.5136116152450091,-1.1742286751361162,9.5,0.49183303085299457,0.43920145190562615,0.06896551724137931,757,551,0.7278731836195509
fade_last_touch,10.0,opposite,0.25,Discovery,6,0.0,-0.75,-0.75,1.0,0.0,0.0,6,6,1.0
fade_last_touch,10.0,opposite,0.25,Validation,1,0.0,-0.75,-0.75,1.0,0.0,0.0,1,1,1.0
fade_last_touch,10.0,opposite,0.5,Discovery,12,0.0,-0.5,-0.5,1.0,0.0,0.0,12,12,1.0
fade_last_touch,10.0,opposite,0.5,Validation,1,0.0,-0.5,-0.5,1.0,0.0,0.0,1,1,1.0
fade_last_touch,10.0,opposite,0.75,Discovery,6,0.0,-0.25,-0.25,1.0,0.0,0.0,6,6,1.0
fade_last_touch,10.0,opposite,0.75,Validation,1,0.0,-0.25,-0.25,1.0,0.0,0.0,1,1,1.0
fade_last_touch,10.0,opposite,1.0,Discovery,8,0.0,-1.21875,0.0,0.875,0.0,0.125,8,8,1.0
fade_last_touch,10.0,opposite,1.0,Validation,2,0.0,0.0,0.0,1.0,0.0,0.0,2,2,1.0
fade_last_touch,10.0,opposite,1.25,Discovery,13,1.0,0.25,0.25,1.0,0.0,0.0,13,13,1.0
fade_last_touch,10.0,opposite,1.25,OOS,1,1.0,0.25,0.25,1.0,0.0,0.0,1,1,1.0
fade_last_touch,10.0,opposite,1.25,Validation,1,1.0,0.25,0.25,1.0,0.0,0.0,1,1,1.0
fade_last_touch,10.0,opposite,1.5,Discovery,5,0.8,-2.4,0.5,0.8,0.0,0.2,5,5,1.0
fade_last_touch,10.0,opposite,1.5,OOS,1,1.0,0.5,0.5,1.0,0.0,0.0,1,1,1.0
fade_last_touch,10.0,opposite,1.5,Validation,2,0.5,-8.875,-8.875,0.5,0.5,0.0,2,2,1.0
fade_last_touch,10.0,opposite,1.75,Discovery,6,1.0,0.75,0.75,1.0,0.0,0.0,6,6,1.0
fade_last_touch,10.0,opposite,1.75,Validation,1,1.0,0.75,0.75,1.0,0.0,0.0,1,1,1.0
fade_last_touch,10.0,opposite,2.0,Discovery,8,0.875,-1.15625,1.0,0.875,0.125,0.0,8,8,1.0
fade_last_touch,10.0,opposite,2.0,Validation,1,0.0,-20.75,-20.75,0.0,1.0,0.0,1,1,1.0
fade_last_touch,10.0,opposite,2.25,Discovery,3,1.0,1.25,1.25,1.0,0.0,0.0,3,3,1.0
fade_last_touch,10.0,opposite,2.25,OOS,1,1.0,1.25,1.25,1.0,0.0,0.0,1,1,1.0
fade_last_touch,10.0,opposite,2.5,Discovery,5,0.6,-4.4,1.5,0.6,0.4,0.0,5,5,1.0
fade_last_touch,10.0,opposite,2.5,Validation,3,0.6666666666666666,-5.5,1.5,0.6666666666666666,0.3333333333333333,0.0,3,3,1.0
fade_last_touch,10.0,opposite,2.75,Discovery,8,1.0,1.75,1.75,1.0,0.0,0.0,8,8,1.0
fade_last_touch,10.0,opposite,2.75,Validation,1,1.0,1.75,1.75,1.0,0.0,0.0,1,1,1.0
fade_last_touch,10.0,opposite,3.0,Discovery,7,0.5714285714285714,-4.071428571428571,2.0,0.5714285714285714,0.2857142857142857,0.14285714285714285,7,7,1.0
fade_last_touch,10.0,opposite,3.0,Validation,3,1.0,2.0,2.0,1.0,0.0,0.0,3,3,1.0
fade_last_touch,10.0,opposite,3.25,Discovery,7,0.8571428571428571,-3.392857142857143,2.25,0.8571428571428571,0.14285714285714285,0.0,7,7,1.0
fade_last_touch,10.0,opposite,3.25,Validation,2,1.0,2.25,2.25,1.0,0.0,0.0,2,2,1.0
fade_last_touch,10.0,opposite,3.5,Discovery,6,0.8333333333333334,0.4166666666666667,2.5,0.8333333333333334,0.0,0.16666666666666666,6,6,1.0
fade_last_touch,10.0,opposite,3.75,Discovery,9,0.7777777777777778,-0.16666666666666666,2.75,0.7777777777777778,0.1111111111111111,0.1111111111111111,9,9,1.0
fade_last_touch,10.0,opposite,3.75,OOS,1,1.0,2.75,2.75,1.0,0.0,0.0,1,1,1.0
fade_last_touch,10.0,opposite,3.75,Validation,1,1.0,2.75,2.75,1.0,0.0,0.0,1,1,1.0
fade_last_touch,10.0,opposite,4.0,Discovery,15,0.8666666666666667,0.9166666666666666,3.0,0.8666666666666667,0.06666666666666667,0.06666666666666667,15,15,1.0
fade_last_touch,10.0,opposite,4.0,Validation,2,1.0,3.0,3.0,1.0,0.0,0.0,2,2,1.0
fade_last_touch,10.0,opposite,4.25,Discovery,7,0.8571428571428571,0.25,3.25,0.8571428571428571,0.14285714285714285,0.0,7,7,1.0
fade_last_touch,10.0,opposite,4.25,OOS,1,1.0,3.25,3.25,1.0,0.0,0.0,1,1,1.0
fade_last_touch,10.0,opposite,4.25,Validation,2,1.0,3.25,3.25,1.0,0.0,0.0,2,2,1.0
fade_last_touch,10.0,opposite,4.5,Discovery,4,0.75,-1.375,3.5,0.75,0.25,0.0,4,4,1.0
fade_last_touch,10.0,opposite,4.5,Validation,1,1.0,3.5,3.5,1.0,0.0,0.0,1,1,1.0
fade_last_touch,10.0,opposite,4.75,Discovery,10,0.9,3.075,3.75,0.9,0.0,0.1,10,10,1.0
fade_last_touch,10.0,opposite,4.75,OOS,1,1.0,3.75,3.75,1.0,0.0,0.0,1,1,1.0
fade_last_touch,10.0,opposite,4.75,Validation,3,1.0,3.75,3.75,1.0,0.0,0.0,3,3,1.0
fade_last_touch,10.0,opposite,5.0,Discovery,3,1.0,4.0,4.0,1.0,0.0,0.0,3,3,1.0
fade_last_touch,10.0,opposite,5.0,Validation,2,1.0,4.0,4.0,1.0,0.0,0.0,2,2,1.0
fade_last_touch,10.0,opposite,5.25,Discovery,8,0.875,1.9375,4.25,0.875,0.125,0.0,8,8,1.0
fade_last_touch,10.0,opposite,5.25,Validation,1,1.0,4.25,4.25,1.0,0.0,0.0,1,1,1.0
fade_last_touch,10.0,opposite,5.5,Discovery,5,0.8,-1.3,4.5,0.8,0.2,0.0,5,5,1.0
fade_last_touch,10.0,opposite,5.5,OOS,2,1.0,4.5,4.5,1.0,0.0,0.0,2,2,1.0
fade_last_touch,10.0,opposite,5.5,Validation,3,1.0,4.5,4.5,1.0,0.0,0.0,3,3,1.0
fade_last_touch,10.0,opposite,5.75,Discovery,13,0.6923076923076923,-1.1730769230769231,4.75,0.6153846153846154,0.07692307692307693,0.3076923076923077,13,13,1.0
fade_last_touch,10.0,opposite,5.75,OOS,1,1.0,4.75,4.75,1.0,0.0,0.0,1,1,1.0
fade_last_touch,10.0,opposite,5.75,Validation,1,1.0,4.75,4.75,1.0,0.0,0.0,1,1,1.0
fade_last_touch,10.0,opposite,6.0,Discovery,1,1.0,5.0,5.0,1.0,0.0,0.0,1,1,1.0
fade_last_touch,10.0,opposite,6.0,Validation,2,1.0,5.0,5.0,1.0,0.0,0.0,2,2,1.0
fade_last_touch,10.0,opposite,6.25,Discovery,11,0.8181818181818182,3.272727272727273,5.25,0.8181818181818182,0.0,0.18181818181818182,11,11,1.0
fade_last_touch,10.0,opposite,6.5,Discovery,5,1.0,5.5,5.5,1.0,0.0,0.0,5,5,1.0
fade_last_touch,10.0,opposite,6.5,Validation,2,1.0,5.5,5.5,1.0,0.0,0.0,2,2,1.0
fade_last_touch,10.0,opposite,6.75,Discovery,7,0.7142857142857143,-0.5,5.75,0.7142857142857143,0.14285714285714285,0.14285714285714285,7,7,1.0
fade_last_touch,10.0,opposite,6.75,OOS,1,1.0,5.75,5.75,1.0,0.0,0.0,1,1,1.0
fade_last_touch,10.0,opposite,6.75,Validation,2,1.0,5.75,5.75,1.0,0.0,0.0,2,2,1.0
fade_last_touch,10.0,opposite,7.0,Discovery,9,0.7777777777777778,-0.1388888888888889,6.0,0.7777777777777778,0.1111111111111111,0.1111111111111111,9,9,1.0
fade_last_touch,10.0,opposite,7.0,OOS,1,1.0,6.0,6.0,1.0,0.0,0.0,1,1,1.0
fade_last_touch,10.0,opposite,7.0,Validation,1,1.0,6.0,6.0,1.0,0.0,0.0,1,1,1.0
fade_last_touch,10.0,opposite,7.25,Discovery,7,0.7142857142857143,0.9642857142857143,6.25,0.7142857142857143,0.14285714285714285,0.14285714285714285,7,7,1.0
fade_last_touch,10.0,opposite,7.5,Discovery,3,0.6666666666666666,-4.75,6.5,0.6666666666666666,0.3333333333333333,0.0,3,3,1.0
fade_last_touch,10.0,opposite,7.5,OOS,1,1.0,6.5,6.5,1.0,0.0,0.0,1,1,1.0
fade_last_touch,10.0,opposite,7.75,Discovery,7,0.42857142857142855,-11.285714285714286,-12.25,0.42857142857142855,0.5714285714285714,0.0,7,7,1.0
fade_last_touch,10.0,opposite,7.75,OOS,2,1.0,6.75,6.75,1.0,0.0,0.0,2,2,1.0
fade_last_touch,10.0,opposite,7.75,Validation,2,1.0,6.75,6.75,1.0,0.0,0.0,2,2,1.0
fade_last_touch,10.0,opposite,8.0,Discovery,7,0.8571428571428571,3.8214285714285716,7.0,0.8571428571428571,0.14285714285714285,0.0,7,7,1.0
fade_last_touch,10.0,opposite,8.0,OOS,2,1.0,7.0,7.0,1.0,0.0,0.0,2,2,1.0
fade_last_touch,10.0,opposite,8.0,Validation,1,0.0,-27.0,-27.0,0.0,1.0,0.0,1,1,1.0
fade_last_touch,10.0,opposite,8.25,Discovery,8,0.5,-4.125,-2.875,0.375,0.375,0.25,8,8,1.0
fade_last_touch,10.0,opposite,8.25,OOS,1,1.0,7.25,7.25,1.0,0.0,0.0,1,1,1.0
fade_last_touch,10.0,opposite,8.25,Validation,2,1.0,7.25,7.25,1.0,0.0,0.0,2,2,1.0
fade_last_touch,10.0,opposite,8.5,Discovery,6,0.5,-2.4583333333333335,-1.875,0.5,0.16666666666666666,0.3333333333333333,6,6,1.0
fade_last_touch,10.0,opposite,8.5,Validation,3,0.6666666666666666,-1.5,7.5,0.6666666666666666,0.3333333333333333,0.0,3,3,1.0
fade_last_touch,10.0,opposite,8.75,Discovery,7,0.42857142857142855,-6.714285714285714,-14.25,0.42857142857142855,0.5714285714285714,0.0,7,7,1.0
fade_last_touch,10.0,opposite,8.75,OOS,2,0.5,-7.375,-7.375,0.5,0.5,0.0,2,2,1.0
fade_last_touch,10.0,opposite,9.0,Discovery,4,1.0,8.0,8.0,1.0,0.0,0.0,4,4,1.0
fade_last_touch,10.0,opposite,9.0,Validation,2,1.0,8.0,8.0,1.0,0.0,0.0,2,2,1.0
fade_last_touch,10.0,opposite,9.25,Discovery,7,0.7142857142857143,0.35714285714285715,8.25,0.5714285714285714,0.14285714285714285,0.2857142857142857,7,7,1.0
fade_last_touch,10.0,opposite,9.25,Validation,2,0.5,-14.5,-14.5,0.5,0.5,0.0,2,2,1.0
fade_last_touch,10.0,opposite,9.5,Discovery,2,0.5,-3.875,-3.875,0.5,0.5,0.0,2,2,1.0
fade_last_touch,10.0,opposite,9.5,Validation,2,1.0,8.5,8.5,1.0,0.0,0.0,2,2,1.0
fade_last_touch,10.0,opposite,9.75,Discovery,3,1.0,8.75,8.75,1.0,0.0,0.0,3,3,1.0
fade_last_touch,10.0,opposite,9.75,Validation,4,0.75,-1.875,8.75,0.75,0.25,0.0,4,4,1.0
fade_last_touch,10.0,opposite,10.0,Discovery,8,0.625,-2.125,6.0,0.5,0.25,0.25,8,8,1.0
fade_last_touch,10.0,opposite,10.0,OOS,2,1.0,9.0,9.0,1.0,0.0,0.0,2,2,1.0
fade_last_touch,10.0,opposite,10.0,Validation,4,0.75,-1.4375,9.0,0.75,0.25,0.0,4,4,1.0
fade_last_touch,10.0,opposite,10.25,Discovery,8,0.375,-7.8125,-8.375,0.375,0.375,0.25,8,8,1.0
fade_last_touch,10.0,opposite,10.25,OOS,1,1.0,9.25,9.25,1.0,0.0,0.0,1,1,1.0
fade_last_touch,10.0,opposite,10.25,Validation,4,1.0,9.25,9.25,1.0,0.0,0.0,4,4,1.0
fade_last_touch,10.0,opposite,10.5,Discovery,8,0.875,7.875,9.5,0.875,0.0,0.125,8,8,1.0
fade_last_touch,10.0,opposite,10.5,Validation,1,1.0,9.5,9.5,1.0,0.0,0.0,1,1,1.0
fade_last_touch,10.0,opposite,10.75,Discovery,4,0.5,-3.875,-2.375,0.5,0.25,0.25,4,4,1.0
fade_last_touch,10.0,opposite,10.75,Validation,1,1.0,9.75,9.75,1.0,0.0,0.0,1,1,1.0
fade_last_touch,10.0,opposite,11.0,Discovery,6,0.3333333333333333,-7.291666666666667,-8.625,0.3333333333333333,0.3333333333333333,0.3333333333333333,6,6,1.0
fade_last_touch,10.0,opposite,11.0,Validation,2,1.0,10.0,10.0,1.0,0.0,0.0,2,2,1.0
fade_last_touch,10.0,opposite,11.25,Discovery,4,0.5,-4.0625,0.25,0.5,0.25,0.25,4,4,1.0
fade_last_touch,10.0,opposite,11.25,OOS,1,0.0,-35.5,-35.5,0.0,1.0,0.0,1,1,1.0
fade_last_touch,10.0,opposite,11.25,Validation,3,0.3333333333333333,-3.8333333333333335,-0.75,0.3333333333333333,0.3333333333333333,0.3333333333333333,3,3,1.0
fade_last_touch,10.0,opposite,11.5,Discovery,3,1.0,10.5,10.5,1.0,0.0,0.0,3,3,1.0
fade_last_touch,10.0,opposite,11.5,OOS,1,1.0,10.5,10.5,1.0,0.0,0.0,1,1,1.0
fade_last_touch,10.0,opposite,11.5,Validation,1,0.0,-18.5,-18.5,0.0,1.0,0.0,1,1,1.0
fade_last_touch,10.0,opposite,11.75,Discovery,1,0.0,-27.5,-27.5,0.0,1.0,0.0,1,1,1.0
fade_last_touch,10.0,opposite,11.75,OOS,1,1.0,10.75,10.75,1.0,0.0,0.0,1,1,1.0
fade_last_touch,10.0,opposite,11.75,Validation,1,1.0,10.75,10.75,1.0,0.0,0.0,1,1,1.0
fade_last_touch,10.0,opposite,12.0,Discovery,6,0.6666666666666666,2.6666666666666665,11.0,0.6666666666666666,0.3333333333333333,0.0,6,6,1.0
fade_last_touch,10.0,opposite,12.0,OOS,1,1.0,11.0,11.0,1.0,0.0,0.0,1,1,1.0
fade_last_touch,10.0,opposite,12.0,Validation,2,1.0,11.0,11.0,1.0,0.0,0.0,2,2,1.0
fade_last_touch,10.0,opposite,12.25,Discovery,5,1.0,11.25,11.25,1.0,0.0,0.0,5,5,1.0
fade_last_touch,10.0,opposite,12.25,OOS,1,1.0,11.25,11.25,1.0,0.0,0.0,1,1,1.0
fade_last_touch,10.0,opposite,12.25,Validation,2,1.0,11.25,11.25,1.0,0.0,0.0,2,2,1.0
fade_last_touch,10.0,opposite,12.5,Discovery,5,0.8,2.4,11.5,0.8,0.2,0.0,5,5,1.0
fade_last_touch,10.0,opposite,12.5,Validation,1,0.0,-32.5,-32.5,0.0,1.0,0.0,1,1,1.0
fade_last_touch,10.0,opposite,12.75,Discovery,7,0.5714285714285714,-3.1785714285714284,3.5,0.42857142857142855,0.2857142857142857,0.2857142857142857,7,7,1.0
fade_last_touch,10.0,opposite,12.75,Validation,1,1.0,11.75,11.75,1.0,0.0,0.0,1,1,1.0
fade_last_touch,10.0,opposite,13.0,Discovery,3,0.0,-19.333333333333332,-17.75,0.0,0.6666666666666666,0.3333333333333333,3,3,1.0
fade_last_touch,10.0,opposite,13.0,OOS,1,1.0,12.0,12.0,1.0,0.0,0.0,1,1,1.0
fade_last_touch,10.0,opposite,13.0,Validation,3,1.0,12.0,12.0,1.0,0.0,0.0,3,3,1.0
fade_last_touch,10.0,opposite,13.25,Discovery,7,0.5714285714285714,-2.0714285714285716,12.25,0.5714285714285714,0.42857142857142855,0.0,7,7,1.0
fade_last_touch,10.0,opposite,13.25,Validation,2,0.5,-12.375,-12.375,0.5,0.5,0.0,2,2,1.0
fade_last_touch,10.0,opposite,13.5,Discovery,3,1.0,12.5,12.5,1.0,0.0,0.0,3,3,1.0
fade_last_touch,10.0,opposite,13.5,OOS,2,0.5,-12.375,-12.375,0.5,0.5,0.0,2,2,1.0
fade_last_touch,10.0,opposite,13.5,Validation,3,0.3333333333333333,-23.75,-29.75,0.3333333333333333,0.6666666666666666,0.0,3,3,1.0
fade_last_touch,10.0,opposite,13.75,Discovery,4,0.75,2.6875,8.75,0.5,0.25,0.25,4,4,1.0
fade_last_touch,10.0,opposite,13.75,Validation,2,1.0,12.75,12.75,1.0,0.0,0.0,2,2,1.0
fade_last_touch,10.0,opposite,14.0,Discovery,3,0.3333333333333333,-7.25,-16.5,0.3333333333333333,0.6666666666666666,0.0,3,3,1.0
fade_last_touch,10.0,opposite,14.0,Validation,1,1.0,13.0,13.0,1.0,0.0,0.0,1,1,1.0
fade_last_touch,10.0,opposite,14.25,Discovery,5,0.2,-14.4,-21.5,0.2,0.6,0.2,5,5,1.0
fade_last_touch,10.0,opposite,14.25,Validation,5,0.4,-8.1,-18.0,0.4,0.6,0.0,5,5,1.0
fade_last_touch,10.0,opposite,14.5,Discovery,1,0.0,-30.0,-30.0,0.0,1.0,0.0,1,1,1.0
fade_last_touch,10.0,opposite,14.5,OOS,2,0.5,-8.625,-8.625,0.5,0.5,0.0,2,2,1.0
fade_last_touch,10.0,opposite,14.5,Validation,4,0.75,5.625,13.5,0.75,0.25,0.0,4,4,1.0
fade_last_touch,10.0,opposite,14.75,Discovery,7,0.42857142857142855,-0.32142857142857145,-2.25,0.42857142857142855,0.2857142857142857,0.2857142857142857,7,7,1.0
fade_last_touch,10.0,opposite,14.75,OOS,1,1.0,13.75,13.75,1.0,0.0,0.0,1,1,1.0
fade_last_touch,10.0,opposite,15.0,Discovery,3,0.3333333333333333,-4.916666666666667,-3.25,0.0,0.3333333333333333,0.6666666666666666,3,3,1.0
fade_last_touch,10.0,opposite,15.0,OOS,1,1.0,14.0,14.0,1.0,0.0,0.0,1,1,1.0
fade_last_touch,10.0,opposite,15.25,Discovery,5,1.0,13.9,14.25,0.8,0.0,0.2,5,5,1.0
fade_last_touch,10.0,opposite,15.25,OOS,1,1.0,14.25,14.25,1.0,0.0,0.0,1,1,1.0
fade_last_touch,10.0,opposite,15.5,Discovery,6,0.5,-9.708333333333334,-7.625,0.5,0.3333333333333333,0.16666666666666666,6,6,1.0
fade_last_touch,10.0,opposite,15.5,OOS,2,1.0,14.5,14.5,1.0,0.0,0.0,2,2,1.0
fade_last_touch,10.0,opposite,15.5,Validation,4,0.5,-2.9375,-2.25,0.5,0.5,0.0,4,4,1.0
fade_last_touch,10.0,opposite,15.75,Discovery,1,0.0,-44.0,-44.0,0.0,1.0,0.0,1,1,1.0
fade_last_touch,10.0,opposite,15.75,OOS,2,0.5,-27.125,-27.125,0.5,0.5,0.0,2,2,1.0
fade_last_touch,10.0,opposite,15.75,Validation,2,0.0,-22.0,-22.0,0.0,1.0,0.0,2,2,1.0
fade_last_touch,10.0,opposite,16.0,OOS,3,1.0,15.0,15.0,1.0,0.0,0.0,3,3,1.0
fade_last_touch,10.0,opposite,16.0,Validation,1,0.0,-28.0,-28.0,0.0,1.0,0.0,1,1,1.0
fade_last_touch,10.0,opposite,16.25,Discovery,4,0.5,-2.0625,-1.25,0.5,0.5,0.0,4,4,1.0
fade_last_touch,10.0,opposite,16.5,Discovery,3,1.0,15.5,15.5,1.0,0.0,0.0,3,3,1.0
fade_last_touch,10.0,opposite,16.5,OOS,1,1.0,15.5,15.5,1.0,0.0,0.0,1,1,1.0
fade_last_touch,10.0,opposite,16.5,Validation,2,1.0,15.5,15.5,1.0,0.0,0.0,2,2,1.0
fade_last_touch,10.0,opposite,16.75,Discovery,5,0.6,-1.85,15.75,0.6,0.2,0.2,5,5,1.0
fade_last_touch,10.0,opposite,16.75,OOS,1,1.0,15.75,15.75,1.0,0.0,0.0,1,1,1.0
fade_last_touch,10.0,opposite,16.75,Validation,2,1.0,15.75,15.75,1.0,0.0,0.0,2,2,1.0
fade_last_touch,10.0,opposite,17.0,Discovery,6,0.8333333333333334,7.875,16.0,0.6666666666666666,0.16666666666666666,0.16666666666666666,6,6,1.0
fade_last_touch,10.0,opposite,17.0,OOS,1,0.0,-23.25,-23.25,0.0,1.0,0.0,1,1,1.0
fade_last_touch,10.0,opposite,17.0,Validation,1,0.0,-35.75,-35.75,0.0,1.0,0.0,1,1,1.0
fade_last_touch,10.0,opposite,17.25,Discovery,3,0.6666666666666666,-0.08333333333333333,16.25,0.6666666666666666,0.3333333333333333,0.0,3,3,1.0
fade_last_touch,10.0,opposite,17.25,Validation,4,0.75,9.75,16.25,0.75,0.0,0.25,4,4,1.0
fade_last_touch,10.0,opposite,17.5,Discovery,6,0.8333333333333334,9.0,16.5,0.6666666666666666,0.16666666666666666,0.16666666666666666,6,6,1.0
fade_last_touch,10.0,opposite,17.5,Validation,1,0.0,-71.5,-71.5,0.0,1.0,0.0,1,1,1.0
fade_last_touch,10.0,opposite,17.75,Discovery,3,0.3333333333333333,-15.583333333333334,-26.5,0.3333333333333333,0.6666666666666666,0.0,3,3,1.0
fade_last_touch,10.0,opposite,17.75,OOS,3,0.6666666666666666,0.08333333333333333,16.75,0.6666666666666666,0.3333333333333333,0.0,3,3,1.0
fade_last_touch,10.0,opposite,17.75,Validation,1,0.0,-22.75,-22.75,0.0,1.0,0.0,1,1,1.0
fade_last_touch,10.0,opposite,18.0,Discovery,2,1.0,17.0,17.0,1.0,0.0,0.0,2,2,1.0
fade_last_touch,10.0,opposite,18.0,OOS,1,1.0,17.0,17.0,1.0,0.0,0.0,1,1,1.0
fade_last_touch,10.0,opposite,18.0,Validation,1,1.0,17.0,17.0,1.0,0.0,0.0,1,1,1.0
fade_last_touch,10.0,opposite,18.25,Discovery,3,0.6666666666666666,3.4166666666666665,17.25,0.6666666666666666,0.3333333333333333,0.0,3,3,1.0
fade_last_touch,10.0,opposite,18.25,OOS,3,0.3333333333333333,-12.333333333333334,-27.0,0.3333333333333333,0.6666666666666666,0.0,3,3,1.0
fade_last_touch,10.0,opposite,18.5,Discovery,3,0.0,-12.166666666666666,-14.75,0.0,0.3333333333333333,0.6666666666666666,3,3,1.0
fade_last_touch,10.0,opposite,18.5,OOS,2,0.5,1.875,1.875,0.5,0.5,0.0,2,2,1.0
fade_last_touch,10.0,opposite,18.5,Validation,4,1.0,17.5,17.5,1.0,0.0,0.0,4,4,1.0
fade_last_touch,10.0,opposite,18.75,Discovery,2,0.5,0.25,0.25,0.5,0.5,0.0,2,2,1.0
fade_last_touch,10.0,opposite,18.75,Validation,2,0.5,-7.875,-7.875,0.5,0.0,0.5,2,2,1.0
fade_last_touch,10.0,opposite,19.0,Discovery,3,0.0,-33.583333333333336,-25.0,0.0,0.6666666666666666,0.3333333333333333,3,3,1.0
fade_last_touch,10.0,opposite,19.0,Validation,1,1.0,18.0,18.0,1.0,0.0,0.0,1,1,1.0
fade_last_touch,10.0,opposite,19.25,Discovery,1,0.0,-39.5,-39.5,0.0,1.0,0.0,1,1,1.0
fade_last_touch,10.0,opposite,19.25,Validation,4,0.75,3.0625,12.375,0.5,0.25,0.25,4,4,1.0
fade_last_touch,10.0,opposite,19.5,Discovery,1,1.0,18.5,18.5,1.0,0.0,0.0,1,1,1.0
fade_last_touch,10.0,opposite,19.5,Validation,2,0.5,0.125,0.125,0.5,0.5,0.0,2,2,1.0
fade_last_touch,10.0,opposite,19.75,Discovery,1,1.0,18.75,18.75,1.0,0.0,0.0,1,1,1.0
fade_last_touch,10.0,opposite,19.75,OOS,1,0.0,-18.0,-18.0,0.0,1.0,0.0,1,1,1.0
fade_last_touch,10.0,opposite,19.75,Validation,5,0.6,5.65,18.75,0.6,0.4,0.0,5,5,1.0
fade_last_touch,10.0,opposite,20.0,Discovery,5,0.8,10.65,19.0,0.8,0.2,0.0,5,5,1.0
fade_last_touch,10.0,opposite,20.0,OOS,1,1.0,19.0,19.0,1.0,0.0,0.0,1,1,1.0
fade_last_touch,10.0,opposite,20.0,Validation,3,0.3333333333333333,-24.666666666666668,-31.0,0.3333333333333333,0.6666666666666666,0.0,3,3,1.0
fade_last_touch,10.0,opposite,20.25,Discovery,3,0.6666666666666666,10.416666666666666,19.25,0.6666666666666666,0.0,0.3333333333333333,3,3,1.0
fade_last_touch,10.0,opposite,20.25,OOS,1,1.0,19.25,19.25,1.0,0.0,0.0,1,1,1.0
fade_last_touch,10.0,opposite,20.25,Validation,1,0.0,-16.0,-16.0,0.0,1.0,0.0,1,1,1.0
fade_last_touch,10.0,opposite,20.5,Discovery,2,0.5,1.25,1.25,0.0,0.0,1.0,2,2,1.0
fade_last_touch,10.0,opposite,20.5,OOS,1,0.0,-68.0,-68.0,0.0,1.0,0.0,1,1,1.0
fade_last_touch,10.0,opposite,20.75,Discovery,6,0.3333333333333333,-3.625,-9.625,0.3333333333333333,0.5,0.16666666666666666,6,6,1.0
fade_last_touch,10.0,opposite,20.75,OOS,1,1.0,19.75,19.75,1.0,0.0,0.0,1,1,1.0
fade_last_touch,10.0,opposite,20.75,Validation,1,1.0,19.75,19.75,1.0,0.0,0.0,1,1,1.0
fade_last_touch,10.0,opposite,21.0,Validation,5,0.6,-1.2,20.0,0.6,0.4,0.0,5,5,1.0
fade_last_touch,10.0,opposite,21.25,Discovery,1,0.0,-21.25,-21.25,0.0,1.0,0.0,1,1,1.0
fade_last_touch,10.0,opposite,21.25,OOS,1,1.0,20.25,20.25,1.0,0.0,0.0,1,1,1.0
fade_last_touch,10.0,opposite,21.25,Validation,2,1.0,20.25,20.25,1.0,0.0,0.0,2,2,1.0
fade_last_touch,10.0,opposite,21.5,Discovery,2,0.5,-23.5,-23.5,0.0,0.5,0.5,2,2,1.0
fade_last_touch,10.0,opposite,21.5,OOS,1,1.0,20.5,20.5,1.0,0.0,0.0,1,1,1.0
fade_last_touch,10.0,opposite,22.0,Discovery,2,1.0,21.0,21.0,1.0,0.0,0.0,2,2,1.0
fade_last_touch,10.0,opposite,22.25,Discovery,4,0.25,-21.625,-28.25,0.25,0.75,0.0,4,4,1.0
fade_last_touch,10.0,opposite,22.25,OOS,1,1.0,21.25,21.25,1.0,0.0,0.0,1,1,1.0
fade_last_touch,10.0,opposite,22.25,Validation,1,0.0,-26.75,-26.75,0.0,1.0,0.0,1,1,1.0
fade_last_touch,10.0,opposite,22.5,Discovery,1,1.0,21.5,21.5,1.0,0.0,0.0,1,1,1.0
fade_last_touch,10.0,opposite,22.5,Validation,2,0.5,-8.75,-8.75,0.0,0.5,0.5,2,2,1.0
fade_last_touch,10.0,opposite,22.75,Discovery,2,0.5,-5.0,-5.0,0.5,0.5,0.0,2,2,1.0
fade_last_touch,10.0,opposite,22.75,Validation,1,1.0,21.75,21.75,1.0,0.0,0.0,1,1,1.0
fade_last_touch,10.0,opposite,23.0,Discovery,4,0.5,-1.8125,5.625,0.5,0.25,0.25,4,4,1.0
fade_last_touch,10.0,opposite,23.0,OOS,1,0.0,-35.25,-35.25,0.0,1.0,0.0,1,1,1.0
fade_last_touch,10.0,opposite,23.25,Validation,1,0.0,-19.75,-19.75,0.0,1.0,0.0,1,1,1.0
fade_last_touch,10.0,opposite,23.5,Validation,1,0.0,-39.0,-39.0,0.0,1.0,0.0,1,1,1.0
fade_last_touch,10.0,opposite,23.75,Discovery,3,0.3333333333333333,-14.25,-32.75,0.3333333333333333,0.6666666666666666,0.0,3,3,1.0
fade_last_touch,10.0,opposite,23.75,Validation,1,1.0,22.75,22.75,1.0,0.0,0.0,1,1,1.0
fade_last_touch,10.0,opposite,24.0,OOS,1,1.0,23.0,23.0,1.0,0.0,0.0,1,1,1.0
fade_last_touch,10.0,opposite,24.25,Discovery,1,0.0,-32.0,-32.0,0.0,1.0,0.0,1,1,1.0
fade_last_touch,10.0,opposite,24.25,OOS,1,0.0,-15.75,-15.75,0.0,1.0,0.0,1,1,1.0
fade_last_touch,10.0,opposite,24.25,Validation,1,0.0,-19.5,-19.5,0.0,1.0,0.0,1,1,1.0
fade_last_touch,10.0,opposite,24.5,Discovery,3,0.6666666666666666,10.25,23.5,0.6666666666666666,0.3333333333333333,0.0,3,3,1.0
fade_last_touch,10.0,opposite,24.5,OOS,2,0.0,-27.875,-27.875,0.0,0.5,0.5,2,2,1.0
fade_last_touch,10.0,opposite,24.5,Validation,1,1.0,23.5,23.5,1.0,0.0,0.0,1,1,1.0
fade_last_touch,10.0,opposite,24.75,Discovery,4,0.5,8.25,11.25,0.5,0.25,0.25,4,4,1.0
fade_last_touch,10.0,opposite,24.75,Validation,2,0.5,-31.0,-31.0,0.5,0.5,0.0,2,2,1.0
fade_last_touch,10.0,opposite,25.0,Discovery,1,1.0,24.0,24.0,1.0,0.0,0.0,1,1,1.0
fade_last_touch,10.0,opposite,25.25,Discovery,4,0.75,-4.1875,15.875,0.5,0.25,0.25,4,4,1.0
fade_last_touch,10.0,opposite,25.25,Validation,3,0.6666666666666666,4.0,24.25,0.6666666666666666,0.3333333333333333,0.0,3,3,1.0
fade_last_touch,10.0,opposite,25.5,Discovery,1,0.0,-48.25,-48.25,0.0,1.0,0.0,1,1,1.0
fade_last_touch,10.0,opposite,25.5,Validation,2,0.0,-25.5,-25.5,0.0,1.0,0.0,2,2,1.0
fade_last_touch,10.0,opposite,25.75,Discovery,1,0.0,-8.25,-8.25,0.0,0.0,1.0,1,1,1.0
fade_last_touch,10.0,opposite,25.75,OOS,2,0.5,-13.375,-13.375,0.5,0.5,0.0,2,2,1.0
fade_last_touch,10.0,opposite,25.75,Validation,1,0.0,-25.25,-25.25,0.0,1.0,0.0,1,1,1.0
fade_last_touch,10.0,opposite,26.0,Discovery,1,0.0,-36.75,-36.75,0.0,1.0,0.0,1,1,1.0
fade_last_touch,10.0,opposite,26.25,Discovery,1,1.0,25.25,25.25,1.0,0.0,0.0,1,1,1.0
fade_last_touch,10.0,opposite,26.25,OOS,3,0.6666666666666666,-10.916666666666666,25.25,0.6666666666666666,0.3333333333333333,0.0,3,3,1.0
fade_last_touch,10.0,opposite,26.25,Validation,1,1.0,25.25,25.25,1.0,0.0,0.0,1,1,1.0
fade_last_touch,10.0,opposite,26.5,Discovery,2,0.0,-17.0,-17.0,0.0,1.0,0.0,2,2,1.0
fade_last_touch,10.0,opposite,26.5,Validation,2,0.5,-3.0,-3.0,0.5,0.5,0.0,2,2,1.0
fade_last_touch,10.0,opposite,26.75,Discovery,5,0.4,-10.75,-21.5,0.4,0.4,0.2,5,5,1.0
fade_last_touch,10.0,opposite,26.75,OOS,1,1.0,25.75,25.75,1.0,0.0,0.0,1,1,1.0
fade_last_touch,10.0,opposite,26.75,Validation,1,0.0,-11.25,-11.25,0.0,0.0,1.0,1,1,1.0
fade_last_touch,10.0,opposite,27.0,Discovery,2,0.5,12.875,12.875,0.5,0.0,0.5,2,2,1.0
fade_last_touch,10.0,opposite,27.0,Validation,3,0.3333333333333333,-3.0833333333333335,-14.5,0.3333333333333333,0.6666666666666666,0.0,3,3,1.0
fade_last_touch,10.0,opposite,27.25,Discovery,2,1.0,26.25,26.25,1.0,0.0,0.0,2,2,1.0
fade_last_touch,10.0,opposite,27.25,Validation,4,0.75,11.8125,26.25,0.75,0.25,0.0,4,4,1.0
fade_last_touch,10.0,opposite,27.5,Discovery,2,0.5,-1.25,-1.25,0.5,0.5,0.0,2,2,1.0
fade_last_touch,10.0,opposite,27.75,Discovery,3,0.3333333333333333,-10.166666666666666,-27.0,0.3333333333333333,0.6666666666666666,0.0,3,3,1.0
fade_last_touch,10.0,opposite,27.75,OOS,2,0.5,7.125,7.125,0.5,0.0,0.5,2,2,1.0
fade_last_touch,10.0,opposite,27.75,Validation,2,1.0,26.75,26.75,1.0,0.0,0.0,2,2,1.0
fade_last_touch,10.0,opposite,28.0,Discovery,1,0.0,-8.25,-8.25,0.0,0.0,1.0,1,1,1.0
fade_last_touch,10.0,opposite,28.0,Validation,3,0.6666666666666666,6.916666666666667,27.0,0.6666666666666666,0.3333333333333333,0.0,3,3,1.0
fade_last_touch,10.0,opposite,28.5,Discovery,3,0.6666666666666666,6.333333333333333,18.75,0.3333333333333333,0.3333333333333333,0.3333333333333333,3,3,1.0
fade_last_touch,10.0,opposite,28.5,Validation,1,1.0,27.5,27.5,1.0,0.0,0.0,1,1,1.0
fade_last_touch,10.0,opposite,28.75,Validation,3,1.0,27.75,27.75,1.0,0.0,0.0,3,3,1.0
fade_last_touch,10.0,opposite,29.0,Discovery,4,1.0,23.0625,28.0,0.75,0.0,0.25,4,4,1.0
fade_last_touch,10.0,opposite,29.0,OOS,2,0.5,-10.75,-10.75,0.5,0.5,0.0,2,2,1.0
fade_last_touch,10.0,opposite,29.0,Validation,3,0.3333333333333333,-10.666666666666666,-19.75,0.3333333333333333,0.6666666666666666,0.0,3,3,1.0
fade_last_touch,10.0,opposite,29.25,Discovery,4,0.25,-16.625,-30.0,0.25,0.75,0.0,4,4,1.0
fade_last_touch,10.0,opposite,29.25,OOS,1,0.0,-34.25,-34.25,0.0,1.0,0.0,1,1,1.0
fade_last_touch,10.0,opposite,29.25,Validation,2,0.5,5.0,5.0,0.5,0.5,0.0,2,2,1.0
fade_last_touch,10.0,opposite,29.5,Discovery,1,1.0,28.5,28.5,1.0,0.0,0.0,1,1,1.0
fade_last_touch,10.0,opposite,29.5,Validation,1,0.0,-35.0,-35.0,0.0,1.0,0.0,1,1,1.0
fade_last_touch,10.0,opposite,29.75,Discovery,1,1.0,28.75,28.75,1.0,0.0,0.0,1,1,1.0
fade_last_touch,10.0,opposite,29.75,OOS,1,1.0,28.75,28.75,1.0,0.0,0.0,1,1,1.0
fade_last_touch,10.0,opposite,29.75,Validation,2,0.5,-6.0,-6.0,0.5,0.5,0.0,2,2,1.0
fade_last_touch,10.0,opposite,30.0,Discovery,3,0.6666666666666666,13.666666666666666,29.0,0.6666666666666666,0.0,0.3333333333333333,3,3,1.0
fade_last_touch,10.0,opposite,30.0,OOS,1,0.0,-33.75,-33.75,0.0,1.0,0.0,1,1,1.0
fade_last_touch,10.0,opposite,30.0,Validation,2,0.0,-50.625,-50.625,0.0,0.5,0.5,2,2,1.0
fade_last_touch,10.0,opposite,30.5,OOS,1,1.0,29.5,29.5,1.0,0.0,0.0,1,1,1.0
fade_last_touch,10.0,opposite,30.75,Discovery,2,0.5,-5.25,-5.25,0.5,0.5,0.0,2,2,1.0
fade_last_touch,10.0,opposite,30.75,OOS,3,0.6666666666666666,12.75,29.75,0.6666666666666666,0.3333333333333333,0.0,3,3,1.0
fade_last_touch,10.0,opposite,30.75,Validation,1,1.0,29.75,29.75,1.0,0.0,0.0,1,1,1.0
fade_last_touch,10.0,opposite,31.0,Discovery,2,0.5,-4.875,-4.875,0.5,0.5,0.0,2,2,1.0
fade_last_touch,10.0,opposite,31.0,Validation,1,1.0,30.0,30.0,1.0,0.0,0.0,1,1,1.0
fade_last_touch,10.0,opposite,31.25,Discovery,1,0.0,-43.25,-43.25,0.0,1.0,0.0,1,1,1.0
fade_last_touch,10.0,opposite,31.25,Validation,3,0.6666666666666666,13.916666666666666,30.25,0.6666666666666666,0.3333333333333333,0.0,3,3,1.0
fade_last_touch,10.0,opposite,31.5,Discovery,5,0.0,-42.25,-51.5,0.0,1.0,0.0,5,5,1.0
fade_last_touch,10.0,opposite,31.5,OOS,1,0.0,-7.5,-7.5,0.0,0.0,1.0,1,1,1.0
fade_last_touch,10.0,opposite,31.5,Validation,1,0.0,-24.25,-24.25,0.0,1.0,0.0,1,1,1.0
fade_last_touch,10.0,opposite,31.75,Discovery,1,0.0,-30.75,-30.75,0.0,1.0,0.0,1,1,1.0
fade_last_touch,10.0,opposite,31.75,Validation,1,1.0,30.75,30.75,1.0,0.0,0.0,1,1,1.0
fade_last_touch,10.0,opposite,32.0,Discovery,1,1.0,31.0,31.0,1.0,0.0,0.0,1,1,1.0
fade_last_touch,10.0,opposite,32.0,Validation,2,0.5,6.0,6.0,0.5,0.5,0.0,2,2,1.0
fade_last_touch,10.0,opposite,32.25,Discovery,1,0.0,-32.75,-32.75,0.0,1.0,0.0,1,1,1.0
fade_last_touch,10.0,opposite,32.25,Validation,1,0.0,-16.0,-16.0,0.0,1.0,0.0,1,1,1.0
fade_last_touch,10.0,opposite,32.5,OOS,1,1.0,31.5,31.5,1.0,0.0,0.0,1,1,1.0
fade_last_touch,10.0,opposite,32.5,Validation,2,0.0,-23.125,-23.125,0.0,1.0,0.0,2,2,1.0
fade_last_touch,10.0,opposite,32.75,Validation,2,0.5,1.75,1.75,0.5,0.5,0.0,2,2,1.0
fade_last_touch,10.0,opposite,33.0,Discovery,2,0.0,-26.625,-26.625,0.0,1.0,0.0,2,2,1.0
fade_last_touch,10.0,opposite,33.0,Validation,1,0.0,-43.0,-43.0,0.0,1.0,0.0,1,1,1.0
fade_last_touch,10.0,opposite,33.25,Discovery,2,0.5,-0.375,-0.375,0.0,0.5,0.5,2,2,1.0
fade_last_touch,10.0,opposite,33.25,Validation,3,0.3333333333333333,-3.6666666666666665,-21.25,0.3333333333333333,0.6666666666666666,0.0,3,3,1.0
fade_last_touch,10.0,opposite,33.5,Discovery,2,0.5,4.875,4.875,0.5,0.5,0.0,2,2,1.0
fade_last_touch,10.0,opposite,33.5,OOS,2,0.0,-44.5,-44.5,0.0,1.0,0.0,2,2,1.0
fade_last_touch,10.0,opposite,33.5,Validation,1,0.0,-19.5,-19.5,0.0,1.0,0.0,1,1,1.0
fade_last_touch,10.0,opposite,33.75,Discovery,1,0.0,-75.75,-75.75,0.0,1.0,0.0,1,1,1.0
fade_last_touch,10.0,opposite,34.0,Discovery,1,1.0,33.0,33.0,1.0,0.0,0.0,1,1,1.0
fade_last_touch,10.0,opposite,34.0,Validation,1,0.0,-28.25,-28.25,0.0,1.0,0.0,1,1,1.0
fade_last_touch,10.0,opposite,34.25,OOS,1,1.0,33.25,33.25,1.0,0.0,0.0,1,1,1.0
fade_last_touch,10.0,opposite,34.5,Discovery,2,0.0,-32.375,-32.375,0.0,0.5,0.5,2,2,1.0
fade_last_touch,10.0,opposite,34.5,Validation,2,0.5,4.0,4.0,0.5,0.5,0.0,2,2,1.0
fade_last_touch,10.0,opposite,34.75,OOS,1,1.0,33.75,33.75,1.0,0.0,0.0,1,1,1.0
fade_last_touch,10.0,opposite,34.75,Validation,2,0.0,-15.25,-15.25,0.0,0.5,0.5,2,2,1.0
fade_last_touch,10.0,opposite,35.0,Discovery,1,1.0,10.75,10.75,0.0,0.0,1.0,1,1,1.0
fade_last_touch,10.0,opposite,35.0,Validation,1,1.0,34.0,34.0,1.0,0.0,0.0,1,1,1.0
fade_last_touch,10.0,opposite,35.25,Validation,3,0.0,-18.666666666666668,-19.0,0.0,1.0,0.0,3,3,1.0
fade_last_touch,10.0,opposite,35.5,Discovery,1,1.0,34.5,34.5,1.0,0.0,0.0,1,1,1.0
fade_last_touch,10.0,opposite,35.75,Discovery,1,0.0,-43.5,-43.5,0.0,1.0,0.0,1,1,1.0
fade_last_touch,10.0,opposite,35.75,OOS,1,1.0,34.75,34.75,1.0,0.0,0.0,1,1,1.0
fade_last_touch,10.0,opposite,36.0,Validation,2,0.5,-3.875,-3.875,0.5,0.5,0.0,2,2,1.0
fade_last_touch,10.0,opposite,36.25,Discovery,1,0.0,-25.5,-25.5,0.0,1.0,0.0,1,1,1.0
fade_last_touch,10.0,opposite,36.25,OOS,2,1.0,35.25,35.25,1.0,0.0,0.0,2,2,1.0
fade_last_touch,10.0,opposite,36.25,Validation,1,1.0,35.25,35.25,1.0,0.0,0.0,1,1,1.0
fade_last_touch,10.0,opposite,36.5,Validation,2,0.5,-16.125,-16.125,0.0,0.5,0.5,2,2,1.0
fade_last_touch,10.0,opposite,36.75,OOS,1,1.0,35.75,35.75,1.0,0.0,0.0,1,1,1.0
fade_last_touch,10.0,opposite,36.75,Validation,1,0.0,-15.0,-15.0,0.0,1.0,0.0,1,1,1.0
fade_last_touch,10.0,opposite,37.0,OOS,1,0.0,-14.25,-14.25,0.0,1.0,0.0,1,1,1.0
fade_last_touch,10.0,opposite,37.0,Validation,2,1.0,36.0,36.0,1.0,0.0,0.0,2,2,1.0
fade_last_touch,10.0,opposite,37.5,Discovery,1,0.0,-20.75,-20.75,0.0,1.0,0.0,1,1,1.0
fade_last_touch,10.0,opposite,37.5,Validation,1,1.0,36.5,36.5,1.0,0.0,0.0,1,1,1.0
fade_last_touch,10.0,opposite,37.75,OOS,1,1.0,36.75,36.75,1.0,0.0,0.0,1,1,1.0
fade_last_touch,10.0,opposite,37.75,Validation,1,0.0,-32.0,-32.0,0.0,0.0,1.0,1,1,1.0
fade_last_touch,10.0,opposite,38.0,Discovery,2,0.0,-22.0,-22.0,0.0,1.0,0.0,2,2,1.0
fade_last_touch,10.0,opposite,38.0,Validation,1,0.0,-15.5,-15.5,0.0,1.0,0.0,1,1,1.0
fade_last_touch,10.0,opposite,38.25,Discovery,3,0.3333333333333333,-11.5,-17.75,0.3333333333333333,0.6666666666666666,0.0,3,3,1.0
fade_last_touch,10.0,opposite,38.25,Validation,3,0.6666666666666666,8.333333333333334,37.25,0.6666666666666666,0.3333333333333333,0.0,3,3,1.0
fade_last_touch,10.0,opposite,38.5,Discovery,2,1.0,23.625,23.625,0.5,0.0,0.5,2,2,1.0
fade_last_touch,10.0,opposite,38.75,Discovery,1,1.0,37.75,37.75,1.0,0.0,0.0,1,1,1.0
fade_last_touch,10.0,opposite,38.75,Validation,1,1.0,7.25,7.25,0.0,0.0,1.0,1,1,1.0
fade_last_touch,10.0,opposite,39.0,Discovery,1,1.0,38.0,38.0,1.0,0.0,0.0,1,1,1.0
fade_last_touch,10.0,opposite,39.0,Validation,1,1.0,38.0,38.0,1.0,0.0,0.0,1,1,1.0
fade_last_touch,10.0,opposite,39.25,Discovery,1,1.0,38.25,38.25,1.0,0.0,0.0,1,1,1.0
fade_last_touch,10.0,opposite,39.25,OOS,1,1.0,38.25,38.25,1.0,0.0,0.0,1,1,1.0
fade_last_touch,10.0,opposite,39.25,Validation,2,0.0,-30.625,-30.625,0.0,0.5,0.5,2,2,1.0
fade_last_touch,10.0,opposite,39.5,Discovery,1,0.0,-18.25,-18.25,0.0,1.0,0.0,1,1,1.0
fade_last_touch,10.0,opposite,39.5,Validation,2,0.5,3.25,3.25,0.5,0.5,0.0,2,2,1.0
fade_last_touch,10.0,opposite,39.75,OOS,2,1.0,38.75,38.75,1.0,0.0,0.0,2,2,1.0
fade_last_touch,10.0,opposite,40.0,Validation,2,0.0,-21.875,-21.875,0.0,1.0,0.0,2,2,1.0
fade_last_touch,10.0,opposite,40.25,Discovery,1,1.0,39.25,39.25,1.0,0.0,0.0,1,1,1.0
fade_last_touch,10.0,opposite,40.5,Discovery,1,0.0,-42.75,-42.75,0.0,1.0,0.0,1,1,1.0
fade_last_touch,10.0,opposite,40.5,OOS,1,1.0,39.5,39.5,1.0,0.0,0.0,1,1,1.0
fade_last_touch,10.0,opposite,40.75,Validation,1,1.0,14.5,14.5,0.0,0.0,1.0,1,1,1.0
fade_last_touch,10.0,opposite,41.0,Validation,1,1.0,40.0,40.0,1.0,0.0,0.0,1,1,1.0
fade_last_touch,10.0,opposite,41.25,Validation,2,0.0,-23.125,-23.125,0.0,1.0,0.0,2,2,1.0
fade_last_touch,10.0,opposite,41.5,Validation,1,1.0,8.5,8.5,0.0,0.0,1.0,1,1,1.0
fade_last_touch,10.0,opposite,41.75,Discovery,1,0.0,-13.25,-13.25,0.0,1.0,0.0,1,1,1.0
fade_last_touch,10.0,opposite,41.75,Validation,5,0.4,-12.45,-17.75,0.4,0.4,0.2,5,5,1.0
fade_last_touch,10.0,opposite,42.0,Discovery,1,0.0,-21.5,-21.5,0.0,1.0,0.0,1,1,1.0
fade_last_touch,10.0,opposite,42.0,Validation,2,0.0,-23.125,-23.125,0.0,1.0,0.0,2,2,1.0
fade_last_touch,10.0,opposite,42.25,OOS,1,0.0,-41.0,-41.0,0.0,1.0,0.0,1,1,1.0
fade_last_touch,10.0,opposite,42.25,Validation,1,0.0,-20.0,-20.0,0.0,1.0,0.0,1,1,1.0
fade_last_touch,10.0,opposite,42.75,OOS,2,0.5,10.5,10.5,0.5,0.5,0.0,2,2,1.0
fade_last_touch,10.0,opposite,42.75,Validation,1,0.0,-33.0,-33.0,0.0,1.0,0.0,1,1,1.0
fade_last_touch,10.0,opposite,43.25,Discovery,3,0.0,-21.916666666666668,-16.5,0.0,0.3333333333333333,0.6666666666666666,3,3,1.0
fade_last_touch,10.0,opposite,43.25,Validation,1,0.0,-67.0,-67.0,0.0,1.0,0.0,1,1,1.0
fade_last_touch,10.0,opposite,43.5,Discovery,1,0.0,-32.25,-32.25,0.0,1.0,0.0,1,1,1.0
fade_last_touch,10.0,opposite,43.75,OOS,2,0.5,-2.625,-2.625,0.5,0.5,0.0,2,2,1.0
fade_last_touch,10.0,opposite,43.75,Validation,2,0.5,-22.875,-22.875,0.5,0.0,0.5,2,2,1.0
fade_last_touch,10.0,opposite,44.0,OOS,1,0.0,-30.25,-30.25,0.0,1.0,0.0,1,1,1.0
fade_last_touch,10.0,opposite,44.0,Validation,1,0.0,-28.0,-28.0,0.0,1.0,0.0,1,1,1.0
fade_last_touch,10.0,opposite,44.25,Validation,4,0.0,-20.5625,-17.5,0.0,1.0,0.0,4,4,1.0
fade_last_touch,10.0,opposite,44.5,Validation,2,0.0,-54.25,-54.25,0.0,1.0,0.0,2,2,1.0
fade_last_touch,10.0,opposite,44.75,OOS,1,0.0,-24.5,-24.5,0.0,1.0,0.0,1,1,1.0
fade_last_touch,10.0,opposite,44.75,Validation,1,0.0,-79.25,-79.25,0.0,1.0,0.0,1,1,1.0
fade_last_touch,10.0,opposite,45.0,OOS,1,0.0,-9.0,-9.0,0.0,0.0,1.0,1,1,1.0
fade_last_touch,10.0,opposite,45.0,Validation,2,0.5,-6.25,-6.25,0.0,0.5,0.5,2,2,1.0
fade_last_touch,10.0,opposite,45.25,OOS,1,1.0,44.25,44.25,1.0,0.0,0.0,1,1,1.0
fade_last_touch,10.0,opposite,45.5,Discovery,1,0.0,-47.25,-47.25,0.0,1.0,0.0,1,1,1.0
fade_last_touch,10.0,opposite,45.75,OOS,1,0.0,-30.25,-30.25,0.0,1.0,0.0,1,1,1.0
fade_last_touch,10.0,opposite,45.75,Validation,1,0.0,-26.0,-26.0,0.0,1.0,0.0,1,1,1.0
fade_last_touch,10.0,opposite,46.0,OOS,2,1.0,45.0,45.0,1.0,0.0,0.0,2,2,1.0
fade_last_touch,10.0,opposite,46.0,Validation,1,1.0,45.0,45.0,1.0,0.0,0.0,1,1,1.0
fade_last_touch,10.0,opposite,46.25,Validation,2,1.0,33.0,33.0,0.5,0.0,0.5,2,2,1.0
fade_last_touch,10.0,opposite,46.5,Discovery,1,1.0,45.5,45.5,1.0,0.0,0.0,1,1,1.0
fade_last_touch,10.0,opposite,46.5,OOS,1,1.0,45.5,45.5,1.0,0.0,0.0,1,1,1.0
fade_last_touch,10.0,opposite,46.75,Validation,1,1.0,45.75,45.75,1.0,0.0,0.0,1,1,1.0
fade_last_touch,10.0,opposite,47.0,OOS,1,0.0,-52.5,-52.5,0.0,1.0,0.0,1,1,1.0
fade_last_touch,10.0,opposite,47.0,Validation,2,0.5,6.0,6.0,0.5,0.5,0.0,2,2,1.0
fade_last_touch,10.0,opposite,47.25,Discovery,2,0.0,-15.625,-15.625,0.0,1.0,0.0,2,2,1.0
fade_last_touch,10.0,opposite,47.25,OOS,1,1.0,46.25,46.25,1.0,0.0,0.0,1,1,1.0
fade_last_touch,10.0,opposite,47.25,Validation,3,0.3333333333333333,-3.0,-18.25,0.3333333333333333,0.6666666666666666,0.0,3,3,1.0
fade_last_touch,10.0,opposite,47.5,Validation,2,0.5,4.875,4.875,0.5,0.5,0.0,2,2,1.0
fade_last_touch,10.0,opposite,47.75,OOS,1,1.0,46.75,46.75,1.0,0.0,0.0,1,1,1.0
fade_last_touch,10.0,opposite,47.75,Validation,1,1.0,46.75,46.75,1.0,0.0,0.0,1,1,1.0
fade_last_touch,10.0,opposite,48.0,Validation,1,0.0,-20.75,-20.75,0.0,1.0,0.0,1,1,1.0
fade_last_touch,10.0,opposite,48.25,OOS,1,0.0,-56.5,-56.5,0.0,1.0,0.0,1,1,1.0
fade_last_touch,10.0,opposite,48.5,Validation,1,0.0,-22.75,-22.75,0.0,1.0,0.0,1,1,1.0
fade_last_touch,10.0,opposite,48.75,Discovery,1,0.0,-31.0,-31.0,0.0,1.0,0.0,1,1,1.0
fade_last_touch,10.0,opposite,48.75,OOS,1,1.0,47.75,47.75,1.0,0.0,0.0,1,1,1.0
fade_last_touch,10.0,opposite,49.0,Validation,1,1.0,48.0,48.0,1.0,0.0,0.0,1,1,1.0
fade_last_touch,10.0,opposite,49.5,OOS,1,0.0,-40.5,-40.5,0.0,1.0,0.0,1,1,1.0
fade_last_touch,10.0,opposite,49.5,Validation,1,1.0,5.75,5.75,0.0,0.0,1.0,1,1,1.0
fade_last_touch,10.0,opposite,49.75,Validation,1,0.0,-31.0,-31.0,0.0,1.0,0.0,1,1,1.0
fade_last_touch,10.0,opposite,50.25,Discovery,1,0.0,-23.5,-23.5,0.0,1.0,0.0,1,1,1.0
fade_last_touch,10.0,opposite,50.25,OOS,2,0.0,-18.625,-18.625,0.0,0.5,0.5,2,2,1.0
fade_last_touch,10.0,opposite,50.25,Validation,1,1.0,49.25,49.25,1.0,0.0,0.0,1,1,1.0
fade_last_touch,10.0,opposite,50.5,Validation,1,1.0,4.0,4.0,0.0,0.0,1.0,1,1,1.0
fade_last_touch,10.0,opposite,50.75,OOS,1,0.0,-70.25,-70.25,0.0,1.0,0.0,1,1,1.0
fade_last_touch,10.0,opposite,50.75,Validation,2,0.5,7.125,7.125,0.5,0.5,0.0,2,2,1.0
fade_last_touch,10.0,opposite,51.25,Discovery,1,1.0,50.25,50.25,1.0,0.0,0.0,1,1,1.0
fade_last_touch,10.0,opposite,51.25,Validation,3,0.6666666666666666,14.416666666666666,18.0,0.3333333333333333,0.3333333333333333,0.3333333333333333,3,3,1.0
fade_last_touch,10.0,opposite,51.5,Validation,1,0.0,-66.75,-66.75,0.0,1.0,0.0,1,1,1.0
fade_last_touch,10.0,opposite,51.75,OOS,1,1.0,50.75,50.75,1.0,0.0,0.0,1,1,1.0
fade_last_touch,10.0,opposite,51.75,Validation,1,0.0,-15.75,-15.75,0.0,1.0,0.0,1,1,1.0
fade_last_touch,10.0,opposite,52.0,OOS,1,1.0,51.0,51.0,1.0,0.0,0.0,1,1,1.0
fade_last_touch,10.0,opposite,52.0,Validation,1,0.0,-35.75,-35.75,0.0,1.0,0.0,1,1,1.0
fade_last_touch,10.0,opposite,52.5,OOS,1,1.0,51.5,51.5,1.0,0.0,0.0,1,1,1.0
fade_last_touch,10.0,opposite,52.75,OOS,1,1.0,51.75,51.75,1.0,0.0,0.0,1,1,1.0
fade_last_touch,10.0,opposite,52.75,Validation,2,0.5,-6.125,-6.125,0.0,0.5,0.5,2,2,1.0
fade_last_touch,10.0,opposite,53.25,Validation,1,1.0,24.0,24.0,0.0,0.0,1.0,1,1,1.0
fade_last_touch,10.0,opposite,53.75,OOS,1,0.0,-62.5,-62.5,0.0,1.0,0.0,1,1,1.0
fade_last_touch,10.0,opposite,54.0,OOS,1,0.0,-101.0,-101.0,0.0,1.0,0.0,1,1,1.0
fade_last_touch,10.0,opposite,54.25,Validation,1,1.0,26.5,26.5,0.0,0.0,1.0,1,1,1.0
fade_last_touch,10.0,opposite,54.5,OOS,1,1.0,53.5,53.5,1.0,0.0,0.0,1,1,1.0
fade_last_touch,10.0,opposite,54.5,Validation,2,0.0,-15.25,-15.25,0.0,1.0,0.0,2,2,1.0
fade_last_touch,10.0,opposite,55.0,OOS,1,1.0,54.0,54.0,1.0,0.0,0.0,1,1,1.0
fade_last_touch,10.0,opposite,55.5,Discovery,1,0.0,-25.5,-25.5,0.0,1.0,0.0,1,1,1.0
fade_last_touch,10.0,opposite,55.5,OOS,1,1.0,54.5,54.5,1.0,0.0,0.0,1,1,1.0
fade_last_touch,10.0,opposite,55.5,Validation,1,0.0,-19.0,-19.0,0.0,1.0,0.0,1,1,1.0
fade_last_touch,10.0,opposite,55.75,Discovery,1,0.0,-27.5,-27.5,0.0,1.0,0.0,1,1,1.0
fade_last_touch,10.0,opposite,56.0,Discovery,2,0.5,-24.0,-24.0,0.0,0.5,0.5,2,2,1.0
fade_last_touch,10.0,opposite,56.0,OOS,1,1.0,55.0,55.0,1.0,0.0,0.0,1,1,1.0
fade_last_touch,10.0,opposite,56.25,Validation,2,0.0,-22.0,-22.0,0.0,1.0,0.0,2,2,1.0
fade_last_touch,10.0,opposite,56.75,OOS,1,1.0,55.75,55.75,1.0,0.0,0.0,1,1,1.0
fade_last_touch,10.0,opposite,56.75,Validation,1,0.0,-33.5,-33.5,0.0,1.0,0.0,1,1,1.0
fade_last_touch,10.0,opposite,57.25,Validation,1,1.0,22.0,22.0,0.0,0.0,1.0,1,1,1.0
fade_last_touch,10.0,opposite,57.5,Validation,1,0.0,-20.25,-20.25,0.0,1.0,0.0,1,1,1.0
fade_last_touch,10.0,opposite,57.75,Discovery,1,1.0,16.0,16.0,0.0,0.0,1.0,1,1,1.0
fade_last_touch,10.0,opposite,58.0,OOS,2,0.0,-34.625,-34.625,0.0,1.0,0.0,2,2,1.0
fade_last_touch,10.0,opposite,58.25,OOS,1,1.0,57.25,57.25,1.0,0.0,0.0,1,1,1.0
fade_last_touch,10.0,opposite,58.5,Validation,1,1.0,4.0,4.0,0.0,0.0,1.0,1,1,1.0
fade_last_touch,10.0,opposite,58.75,OOS,1,0.0,-30.25,-30.25,0.0,1.0,0.0,1,1,1.0
fade_last_touch,10.0,opposite,59.0,OOS,1,0.0,-38.25,-38.25,0.0,1.0,0.0,1,1,1.0
fade_last_touch,10.0,opposite,59.0,Validation,2,0.5,3.875,3.875,0.5,0.5,0.0,2,2,1.0
fade_last_touch,10.0,opposite,59.25,Validation,1,1.0,29.5,29.5,0.0,0.0,1.0,1,1,1.0
fade_last_touch,10.0,opposite,59.5,OOS,1,0.0,-23.75,-23.75,0.0,1.0,0.0,1,1,1.0
fade_last_touch,10.0,opposite,59.5,Validation,1,0.0,-14.5,-14.5,0.0,0.0,1.0,1,1,1.0
fade_last_touch,10.0,opposite,59.75,Discovery,1,0.0,-16.75,-16.75,0.0,0.0,1.0,1,1,1.0
fade_last_touch,10.0,opposite,59.75,OOS,1,0.0,-79.5,-79.5,0.0,1.0,0.0,1,1,1.0
fade_last_touch,10.0,opposite,60.0,OOS,1,1.0,59.0,59.0,1.0,0.0,0.0,1,1,1.0
fade_last_touch,10.0,opposite,60.0,Validation,1,0.0,-61.25,-61.25,0.0,1.0,0.0,1,1,1.0
fade_last_touch,10.0,opposite,60.25,Discovery,1,0.0,-22.25,-22.25,0.0,1.0,0.0,1,1,1.0
fade_last_touch,10.0,opposite,60.5,Discovery,1,0.0,-59.5,-59.5,0.0,1.0,0.0,1,1,1.0
fade_last_touch,10.0,opposite,60.75,Discovery,1,1.0,59.75,59.75,1.0,0.0,0.0,1,1,1.0
fade_last_touch,10.0,opposite,61.0,Discovery,1,1.0,24.5,24.5,0.0,0.0,1.0,1,1,1.0
fade_last_touch,10.0,opposite,61.5,Validation,3,0.6666666666666666,19.416666666666668,31.0,0.3333333333333333,0.3333333333333333,0.3333333333333333,3,3,1.0
fade_last_touch,10.0,opposite,62.25,Discovery,2,0.0,-34.0,-34.0,0.0,1.0,0.0,2,2,1.0
fade_last_touch,10.0,opposite,62.25,OOS,2,0.5,22.0,22.0,0.5,0.5,0.0,2,2,1.0
fade_last_touch,10.0,opposite,62.25,Validation,2,0.5,0.875,0.875,0.5,0.5,0.0,2,2,1.0
fade_last_touch,10.0,opposite,62.75,Discovery,1,0.0,-22.5,-22.5,0.0,1.0,0.0,1,1,1.0
fade_last_touch,10.0,opposite,62.75,Validation,1,0.0,-26.0,-26.0,0.0,1.0,0.0,1,1,1.0
fade_last_touch,10.0,opposite,63.25,Discovery,1,1.0,62.25,62.25,1.0,0.0,0.0,1,1,1.0
fade_last_touch,10.0,opposite,63.75,Validation,1,0.0,-22.75,-22.75,0.0,1.0,0.0,1,1,1.0
fade_last_touch,10.0,opposite,64.25,Validation,1,0.0,-15.75,-15.75,0.0,1.0,0.0,1,1,1.0
fade_last_touch,10.0,opposite,64.5,OOS,1,1.0,63.5,63.5,1.0,0.0,0.0,1,1,1.0
fade_last_touch,10.0,opposite,65.75,OOS,1,0.0,-24.0,-24.0,0.0,0.0,1.0,1,1,1.0
fade_last_touch,10.0,opposite,65.75,Validation,2,1.0,63.125,63.125,0.5,0.0,0.5,2,2,1.0
fade_last_touch,10.0,opposite,66.0,OOS,1,0.0,-39.0,-39.0,0.0,1.0,0.0,1,1,1.0
fade_last_touch,10.0,opposite,66.25,OOS,1,1.0,65.25,65.25,1.0,0.0,0.0,1,1,1.0
fade_last_touch,10.0,opposite,66.5,OOS,1,0.0,-62.0,-62.0,0.0,1.0,0.0,1,1,1.0
fade_last_touch,10.0,opposite,66.75,OOS,2,1.0,65.75,65.75,1.0,0.0,0.0,2,2,1.0
fade_last_touch,10.0,opposite,66.75,Validation,1,1.0,65.75,65.75,1.0,0.0,0.0,1,1,1.0
fade_last_touch,10.0,opposite,67.25,Validation,1,0.0,-26.25,-26.25,0.0,1.0,0.0,1,1,1.0
fade_last_touch,10.0,opposite,67.5,OOS,1,1.0,66.5,66.5,1.0,0.0,0.0,1,1,1.0
fade_last_touch,10.0,opposite,67.5,Validation,1,0.0,-26.0,-26.0,0.0,1.0,0.0,1,1,1.0
fade_last_touch,10.0,opposite,67.75,Discovery,1,0.0,-21.0,-21.0,0.0,1.0,0.0,1,1,1.0
fade_last_touch,10.0,opposite,67.75,OOS,1,1.0,66.75,66.75,1.0,0.0,0.0,1,1,1.0
fade_last_touch,10.0,opposite,67.75,Validation,2,1.0,66.75,66.75,1.0,0.0,0.0,2,2,1.0
fade_last_touch,10.0,opposite,68.0,Validation,1,0.0,-19.75,-19.75,0.0,1.0,0.0,1,1,1.0
fade_last_touch,10.0,opposite,68.25,Validation,1,1.0,67.25,67.25,1.0,0.0,0.0,1,1,1.0
fade_last_touch,10.0,opposite,68.75,Validation,1,0.0,-49.25,-49.25,0.0,1.0,0.0,1,1,1.0
fade_last_touch,10.0,opposite,69.25,Discovery,1,1.0,43.0,43.0,0.0,0.0,1.0,1,1,1.0
fade_last_touch,10.0,opposite,69.5,Discovery,1,1.0,68.5,68.5,1.0,0.0,0.0,1,1,1.0
fade_last_touch,10.0,opposite,69.5,OOS,1,0.0,-35.5,-35.5,0.0,1.0,0.0,1,1,1.0
fade_last_touch,10.0,opposite,69.75,Validation,1,0.0,-28.0,-28.0,0.0,1.0,0.0,1,1,1.0
fade_last_touch,10.0,opposite,70.0,Discovery,1,1.0,59.0,59.0,0.0,0.0,1.0,1,1,1.0
fade_last_touch,10.0,opposite,70.0,Validation,1,0.0,-30.0,-30.0,0.0,1.0,0.0,1,1,1.0
fade_last_touch,10.0,opposite,70.25,OOS,1,1.0,69.25,69.25,1.0,0.0,0.0,1,1,1.0
fade_last_touch,10.0,opposite,70.5,Discovery,1,0.0,-38.25,-38.25,0.0,0.0,1.0,1,1,1.0
fade_last_touch,10.0,opposite,70.5,OOS,1,0.0,-49.75,-49.75,0.0,1.0,0.0,1,1,1.0
fade_last_touch,10.0,opposite,70.5,Validation,3,0.3333333333333333,12.416666666666666,-13.0,0.3333333333333333,0.6666666666666666,0.0,3,3,1.0
fade_last_touch,10.0,opposite,70.75,Validation,1,0.0,-3.25,-3.25,0.0,0.0,1.0,1,1,1.0
fade_last_touch,10.0,opposite,71.25,Validation,1,0.0,-42.5,-42.5,0.0,1.0,0.0,1,1,1.0
fade_last_touch,10.0,opposite,72.0,OOS,1,0.0,-34.0,-34.0,0.0,1.0,0.0,1,1,1.0
fade_last_touch,10.0,opposite,72.0,Validation,1,0.0,-106.0,-106.0,0.0,1.0,0.0,1,1,1.0
fade_last_touch,10.0,opposite,72.25,Discovery,1,0.0,-35.5,-35.5,0.0,1.0,0.0,1,1,1.0
fade_last_touch,10.0,opposite,72.5,Discovery,1,1.0,7.25,7.25,0.0,0.0,1.0,1,1,1.0
fade_last_touch,10.0,opposite,72.75,Validation,1,0.0,-36.25,-36.25,0.0,1.0,0.0,1,1,1.0
fade_last_touch,10.0,opposite,73.25,Discovery,1,1.0,72.25,72.25,1.0,0.0,0.0,1,1,1.0
fade_last_touch,10.0,opposite,73.75,Validation,1,1.0,8.0,8.0,0.0,0.0,1.0,1,1,1.0
fade_last_touch,10.0,opposite,74.0,OOS,1,1.0,73.0,73.0,1.0,0.0,0.0,1,1,1.0
fade_last_touch,10.0,opposite,74.0,Validation,1,1.0,73.0,73.0,1.0,0.0,0.0,1,1,1.0
fade_last_touch,10.0,opposite,74.25,OOS,1,0.0,-66.5,-66.5,0.0,1.0,0.0,1,1,1.0
fade_last_touch,10.0,opposite,74.5,OOS,1,0.0,-34.75,-34.75,0.0,1.0,0.0,1,1,1.0
fade_last_touch,10.0,opposite,74.75,OOS,1,0.0,-158.0,-158.0,0.0,1.0,0.0,1,1,1.0
fade_last_touch,10.0,opposite,75.5,Discovery,1,0.0,-47.25,-47.25,0.0,1.0,0.0,1,1,1.0
fade_last_touch,10.0,opposite,75.75,Validation,1,0.0,-24.25,-24.25,0.0,1.0,0.0,1,1,1.0
fade_last_touch,10.0,opposite,76.0,OOS,1,1.0,75.0,75.0,1.0,0.0,0.0,1,1,1.0
fade_last_touch,10.0,opposite,76.0,Validation,1,0.0,-20.25,-20.25,0.0,1.0,0.0,1,1,1.0
fade_last_touch,10.0,opposite,76.25,Discovery,1,0.0,-35.25,-35.25,0.0,1.0,0.0,1,1,1.0
fade_last_touch,10.0,opposite,76.5,Validation,1,1.0,1.5,1.5,0.0,0.0,1.0,1,1,1.0
fade_last_touch,10.0,opposite,77.0,Validation,2,0.0,-18.25,-18.25,0.0,0.5,0.5,2,2,1.0
fade_last_touch,10.0,opposite,77.75,Validation,1,0.0,-39.75,-39.75,0.0,1.0,0.0,1,1,1.0
fade_last_touch,10.0,opposite,78.0,Discovery,2,1.0,77.0,77.0,1.0,0.0,0.0,2,2,1.0
fade_last_touch,10.0,opposite,78.0,OOS,1,0.0,-53.0,-53.0,0.0,1.0,0.0,1,1,1.0
fade_last_touch,10.0,opposite,78.5,Discovery,1,0.0,-22.75,-22.75,0.0,1.0,0.0,1,1,1.0
fade_last_touch,10.0,opposite,78.75,OOS,1,1.0,77.75,77.75,1.0,0.0,0.0,1,1,1.0
fade_last_touch,10.0,opposite,79.25,Validation,1,0.0,-21.25,-21.25,0.0,1.0,0.0,1,1,1.0
fade_last_touch,10.0,opposite,79.5,OOS,1,0.0,-71.25,-71.25,0.0,1.0,0.0,1,1,1.0
fade_last_touch,10.0,opposite,79.5,Validation,1,0.0,-84.0,-84.0,0.0,1.0,0.0,1,1,1.0
fade_last_touch,10.0,opposite,80.0,Validation,1,0.0,-40.0,-40.0,0.0,1.0,0.0,1,1,1.0
fade_last_touch,10.0,opposite,81.0,Discovery,1,1.0,80.0,80.0,1.0,0.0,0.0,1,1,1.0
fade_last_touch,10.0,opposite,81.25,OOS,1,1.0,46.75,46.75,0.0,0.0,1.0,1,1,1.0
fade_last_touch,10.0,opposite,81.75,Validation,1,0.0,-14.5,-14.5,0.0,1.0,0.0,1,1,1.0
fade_last_touch,10.0,opposite,82.0,OOS,1,1.0,81.0,81.0,1.0,0.0,0.0,1,1,1.0
fade_last_touch,10.0,opposite,82.25,Discovery,1,0.0,-19.75,-19.75,0.0,1.0,0.0,1,1,1.0
fade_last_touch,10.0,opposite,83.0,OOS,1,0.0,-37.0,-37.0,0.0,1.0,0.0,1,1,1.0
fade_last_touch,10.0,opposite,83.5,Discovery,1,1.0,82.5,82.5,1.0,0.0,0.0,1,1,1.0
fade_last_touch,10.0,opposite,83.75,OOS,1,1.0,82.75,82.75,1.0,0.0,0.0,1,1,1.0
fade_last_touch,10.0,opposite,83.75,Validation,1,0.0,-18.5,-18.5,0.0,1.0,0.0,1,1,1.0
fade_last_touch,10.0,opposite,84.5,OOS,1,0.0,-32.75,-32.75,0.0,1.0,0.0,1,1,1.0
fade_last_touch,10.0,opposite,85.0,Validation,1,0.0,-44.25,-44.25,0.0,0.0,1.0,1,1,1.0
fade_last_touch,10.0,opposite,85.25,OOS,1,0.0,-34.75,-34.75,0.0,1.0,0.0,1,1,1.0
fade_last_touch,10.0,opposite,85.5,OOS,1,1.0,84.5,84.5,1.0,0.0,0.0,1,1,1.0
fade_last_touch,10.0,opposite,85.75,Validation,2,0.0,-78.625,-78.625,0.0,1.0,0.0,2,2,1.0
fade_last_touch,10.0,opposite,86.0,OOS,1,0.0,-15.5,-15.5,0.0,0.0,1.0,1,1,1.0
fade_last_touch,10.0,opposite,86.0,Validation,2,0.5,27.75,27.75,0.5,0.5,0.0,2,2,1.0
fade_last_touch,10.0,opposite,86.25,Validation,1,0.0,-92.25,-92.25,0.0,1.0,0.0,1,1,1.0
fade_last_touch,10.0,opposite,86.5,OOS,1,1.0,85.5,85.5,1.0,0.0,0.0,1,1,1.0
fade_last_touch,10.0,opposite,86.75,Validation,1,0.0,-30.75,-30.75,0.0,1.0,0.0,1,1,1.0
fade_last_touch,10.0,opposite,87.0,Validation,1,0.0,-25.25,-25.25,0.0,1.0,0.0,1,1,1.0
fade_last_touch,10.0,opposite,87.25,Validation,1,1.0,7.75,7.75,0.0,0.0,1.0,1,1,1.0
fade_last_touch,10.0,opposite,87.5,Validation,1,1.0,18.5,18.5,0.0,0.0,1.0,1,1,1.0
fade_last_touch,10.0,opposite,87.75,Discovery,1,0.0,-36.0,-36.0,0.0,1.0,0.0,1,1,1.0
fade_last_touch,10.0,opposite,87.75,OOS,1,0.0,-40.0,-40.0,0.0,1.0,0.0,1,1,1.0
fade_last_touch,10.0,opposite,88.0,Validation,2,0.5,22.125,22.125,0.5,0.5,0.0,2,2,1.0
fade_last_touch,10.0,opposite,88.25,OOS,1,1.0,47.25,47.25,0.0,0.0,1.0,1,1,1.0
fade_last_touch,10.0,opposite,88.5,Validation,2,0.0,-16.375,-16.375,0.0,0.5,0.5,2,2,1.0
fade_last_touch,10.0,opposite,89.75,Discovery,2,0.5,-16.625,-16.625,0.0,0.5,0.5,2,2,1.0
fade_last_touch,10.0,opposite,91.25,OOS,1,0.0,-84.5,-84.5,0.0,0.0,1.0,1,1,1.0
fade_last_touch,10.0,opposite,91.25,Validation,1,0.0,-26.5,-26.5,0.0,1.0,0.0,1,1,1.0
fade_last_touch,10.0,opposite,91.5,Discovery,1,0.0,-24.75,-24.75,0.0,1.0,0.0,1,1,1.0
fade_last_touch,10.0,opposite,91.5,Validation,1,0.0,-24.5,-24.5,0.0,1.0,0.0,1,1,1.0
fade_last_touch,10.0,opposite,91.75,Validation,1,0.0,-27.25,-27.25,0.0,0.0,1.0,1,1,1.0
fade_last_touch,10.0,opposite,92.0,OOS,2,0.5,-19.25,-19.25,0.0,0.5,0.5,2,2,1.0
fade_last_touch,10.0,opposite,92.5,OOS,1,1.0,91.5,91.5,1.0,0.0,0.0,1,1,1.0
fade_last_touch,10.0,opposite,92.5,Validation,1,1.0,91.5,91.5,1.0,0.0,0.0,1,1,1.0
fade_last_touch,10.0,opposite,93.25,OOS,1,0.0,-205.0,-205.0,0.0,1.0,0.0,1,1,1.0
fade_last_touch,10.0,opposite,94.25,Validation,1,1.0,93.25,93.25,1.0,0.0,0.0,1,1,1.0
fade_last_touch,10.0,opposite,94.75,Validation,1,0.0,-56.75,-56.75,0.0,1.0,0.0,1,1,1.0
fade_last_touch,10.0,opposite,95.25,OOS,1,0.0,-83.5,-83.5,0.0,1.0,0.0,1,1,1.0
fade_last_touch,10.0,opposite,95.5,OOS,2,0.5,27.625,27.625,0.5,0.5,0.0,2,2,1.0
fade_last_touch,10.0,opposite,96.5,OOS,1,0.0,-120.0,-120.0,0.0,1.0,0.0,1,1,1.0
fade_last_touch,10.0,opposite,97.0,Validation,2,0.0,-53.375,-53.375,0.0,1.0,0.0,2,2,1.0
fade_last_touch,10.0,opposite,97.25,OOS,1,1.0,58.5,58.5,0.0,0.0,1.0,1,1,1.0
fade_last_touch,10.0,opposite,97.25,Validation,1,0.0,-15.0,-15.0,0.0,0.0,1.0,1,1,1.0
fade_last_touch,10.0,opposite,97.5,Validation,2,1.0,96.5,96.5,1.0,0.0,0.0,2,2,1.0
fade_last_touch,10.0,opposite,98.0,Validation,1,1.0,97.0,97.0,1.0,0.0,0.0,1,1,1.0
fade_last_touch,10.0,opposite,98.25,OOS,1,1.0,97.25,97.25,1.0,0.0,0.0,1,1,1.0
fade_last_touch,10.0,opposite,98.25,Validation,1,1.0,97.25,97.25,1.0,0.0,0.0,1,1,1.0
fade_last_touch,10.0,opposite,98.5,Validation,1,0.0,-123.0,-123.0,0.0,1.0,0.0,1,1,1.0
fade_last_touch,10.0,opposite,99.0,Discovery,1,0.0,-49.75,-49.75,0.0,1.0,0.0,1,1,1.0
fade_last_touch,10.0,opposite,99.0,Validation,2,0.5,38.0,38.0,0.5,0.5,0.0,2,2,1.0
fade_last_touch,10.0,opposite,99.25,Validation,1,0.0,-33.5,-33.5,0.0,1.0,0.0,1,1,1.0
fade_last_touch,10.0,opposite,100.0,Validation,1,0.0,-25.25,-25.25,0.0,1.0,0.0,1,1,1.0
fade_last_touch,10.0,opposite,100.25,OOS,2,0.0,-61.5,-61.5,0.0,1.0,0.0,2,2,1.0
fade_last_touch,10.0,opposite,100.25,Validation,1,0.0,-13.75,-13.75,0.0,1.0,0.0,1,1,1.0
fade_last_touch,10.0,opposite,101.25,Validation,1,1.0,100.25,100.25,1.0,0.0,0.0,1,1,1.0
fade_last_touch,10.0,opposite,102.5,Validation,1,0.0,-33.25,-33.25,0.0,1.0,0.0,1,1,1.0
fade_last_touch,10.0,opposite,102.75,Validation,1,0.0,-19.25,-19.25,0.0,1.0,0.0,1,1,1.0
fade_last_touch,10.0,opposite,103.25,Validation,1,1.0,39.25,39.25,0.0,0.0,1.0,1,1,1.0
fade_last_touch,10.0,opposite,103.5,Validation,1,0.0,-32.0,-32.0,0.0,1.0,0.0,1,1,1.0
fade_last_touch,10.0,opposite,104.0,Discovery,1,0.0,-36.0,-36.0,0.0,1.0,0.0,1,1,1.0
fade_last_touch,10.0,opposite,104.75,OOS,1,0.0,-49.75,-49.75,0.0,1.0,0.0,1,1,1.0
fade_last_touch,10.0,opposite,104.75,Validation,1,0.0,-14.25,-14.25,0.0,0.0,1.0,1,1,1.0
fade_last_touch,10.0,opposite,105.0,Validation,1,0.0,-33.0,-33.0,0.0,1.0,0.0,1,1,1.0
fade_last_touch,10.0,opposite,105.25,Validation,2,0.5,26.375,26.375,0.5,0.5,0.0,2,2,1.0
fade_last_touch,10.0,opposite,106.5,OOS,1,0.0,-22.5,-22.5,0.0,1.0,0.0,1,1,1.0
fade_last_touch,10.0,opposite,106.75,Validation,1,1.0,97.5,97.5,0.0,0.0,1.0,1,1,1.0
fade_last_touch,10.0,opposite,108.5,Validation,1,0.0,-14.5,-14.5,0.0,1.0,0.0,1,1,1.0
fade_last_touch,10.0,opposite,108.75,Validation,1,0.0,-20.0,-20.0,0.0,1.0,0.0,1,1,1.0
fade_last_touch,10.0,opposite,109.5,Discovery,1,1.0,108.5,108.5,1.0,0.0,0.0,1,1,1.0
fade_last_touch,10.0,opposite,110.25,OOS,1,0.0,-20.25,-20.25,0.0,1.0,0.0,1,1,1.0
fade_last_touch,10.0,opposite,110.25,Validation,1,1.0,70.0,70.0,0.0,0.0,1.0,1,1,1.0
fade_last_touch,10.0,opposite,112.25,Validation,1,1.0,52.25,52.25,0.0,0.0,1.0,1,1,1.0
fade_last_touch,10.0,opposite,113.0,Validation,2,0.0,-21.0,-21.0,0.0,1.0,0.0,2,2,1.0
fade_last_touch,10.0,opposite,113.25,Discovery,1,0.0,-38.5,-38.5,0.0,0.0,1.0,1,1,1.0
fade_last_touch,10.0,opposite,113.5,Validation,1,0.0,-30.25,-30.25,0.0,1.0,0.0,1,1,1.0
fade_last_touch,10.0,opposite,114.0,OOS,1,0.0,-12.5,-12.5,0.0,1.0,0.0,1,1,1.0
fade_last_touch,10.0,opposite,114.25,Validation,1,0.0,-26.5,-26.5,0.0,1.0,0.0,1,1,1.0
fade_last_touch,10.0,opposite,115.25,OOS,2,1.0,114.25,114.25,1.0,0.0,0.0,2,2,1.0
fade_last_touch,10.0,opposite,116.25,OOS,1,1.0,115.25,115.25,1.0,0.0,0.0,1,1,1.0
fade_last_touch,10.0,opposite,117.0,OOS,1,0.0,-38.0,-38.0,0.0,1.0,0.0,1,1,1.0
fade_last_touch,10.0,opposite,117.75,OOS,1,0.0,-72.5,-72.5,0.0,1.0,0.0,1,1,1.0
fade_last_touch,10.0,opposite,119.5,Discovery,1,1.0,50.0,50.0,0.0,0.0,1.0,1,1,1.0
fade_last_touch,10.0,opposite,119.5,Validation,1,1.0,85.75,85.75,0.0,0.0,1.0,1,1,1.0
fade_last_touch,10.0,opposite,120.5,Validation,1,0.0,-48.5,-48.5,0.0,1.0,0.0,1,1,1.0
fade_last_touch,10.0,opposite,122.0,Discovery,1,0.0,-29.5,-29.5,0.0,1.0,0.0,1,1,1.0
fade_last_touch,10.0,opposite,122.25,OOS,2,1.0,74.125,74.125,0.5,0.0,0.5,2,2,1.0
fade_last_touch,10.0,opposite,127.0,Validation,1,0.0,-21.75,-21.75,0.0,1.0,0.0,1,1,1.0
fade_last_touch,10.0,opposite,127.25,OOS,1,1.0,25.75,25.75,0.0,0.0,1.0,1,1,1.0
fade_last_touch,10.0,opposite,129.0,OOS,1,0.0,-62.5,-62.5,0.0,1.0,0.0,1,1,1.0
fade_last_touch,10.0,opposite,132.75,Validation,1,1.0,131.75,131.75,1.0,0.0,0.0,1,1,1.0
fade_last_touch,10.0,opposite,134.0,OOS,1,0.0,-50.25,-50.25,0.0,1.0,0.0,1,1,1.0
fade_last_touch,10.0,opposite,138.0,OOS,1,1.0,137.0,137.0,1.0,0.0,0.0,1,1,1.0
fade_last_touch,10.0,opposite,138.25,OOS,1,0.0,-4.75,-4.75,0.0,0.0,1.0,1,1,1.0
fade_last_touch,10.0,opposite,139.75,Discovery,1,0.0,-33.5,-33.5,0.0,1.0,0.0,1,1,1.0
fade_last_touch,10.0,opposite,142.25,Validation,1,1.0,47.75,47.75,0.0,0.0,1.0,1,1,1.0
fade_last_touch,10.0,opposite,142.75,Validation,1,1.0,11.25,11.25,0.0,0.0,1.0,1,1,1.0
fade_last_touch,10.0,opposite,143.5,Discovery,1,1.0,98.25,98.25,0.0,0.0,1.0,1,1,1.0
fade_last_touch,10.0,opposite,143.75,OOS,1,0.0,-34.5,-34.5,0.0,1.0,0.0,1,1,1.0
fade_last_touch,10.0,opposite,145.5,Validation,1,0.0,-20.25,-20.25,0.0,0.0,1.0,1,1,1.0
fade_last_touch,10.0,opposite,145.75,OOS,1,1.0,144.75,144.75,1.0,0.0,0.0,1,1,1.0
fade_last_touch,10.0,opposite,146.25,Discovery,1,0.0,-58.0,-58.0,0.0,1.0,0.0,1,1,1.0
fade_last_touch,10.0,opposite,146.5,OOS,1,0.0,-69.5,-69.5,0.0,1.0,0.0,1,1,1.0
fade_last_touch,10.0,opposite,147.75,OOS,1,1.0,102.0,102.0,0.0,0.0,1.0,1,1,1.0
fade_last_touch,10.0,opposite,149.75,OOS,1,0.0,-70.25,-70.25,0.0,1.0,0.0,1,1,1.0
fade_last_touch,10.0,opposite,150.25,Validation,1,1.0,93.0,93.0,0.0,0.0,1.0,1,1,1.0
fade_last_touch,10.0,opposite,151.25,Discovery,1,1.0,55.0,55.0,0.0,0.0,1.0,1,1,1.0
fade_last_touch,10.0,opposite,153.0,Validation,1,1.0,115.0,115.0,0.0,0.0,1.0,1,1,1.0
fade_last_touch,10.0,opposite,154.75,OOS,2,0.5,68.25,68.25,0.5,0.5,0.0,2,2,1.0
fade_last_touch,10.0,opposite,155.0,OOS,1,0.0,-73.25,-73.25,0.0,1.0,0.0,1,1,1.0
fade_last_touch,10.0,opposite,156.5,Validation,1,0.0,-90.25,-90.25,0.0,1.0,0.0,1,1,1.0
fade_last_touch,10.0,opposite,157.5,Validation,1,1.0,156.5,156.5,1.0,0.0,0.0,1,1,1.0
fade_last_touch,10.0,opposite,158.5,Validation,1,1.0,81.75,81.75,0.0,0.0,1.0,1,1,1.0
fade_last_touch,10.0,opposite,159.0,Validation,1,1.0,49.25,49.25,0.0,0.0,1.0,1,1,1.0
fade_last_touch,10.0,opposite,163.75,Validation,1,1.0,162.75,162.75,1.0,0.0,0.0,1,1,1.0
fade_last_touch,10.0,opposite,165.75,Validation,1,0.0,-94.5,-94.5,0.0,1.0,0.0,1,1,1.0
fade_last_touch,10.0,opposite,167.0,OOS,1,0.0,-11.25,-11.25,0.0,0.0,1.0,1,1,1.0
fade_last_touch,10.0,opposite,167.25,Validation,1,1.0,62.75,62.75,0.0,0.0,1.0,1,1,1.0
fade_last_touch,10.0,opposite,170.75,Validation,1,0.0,-44.25,-44.25,0.0,1.0,0.0,1,1,1.0
fade_last_touch,10.0,opposite,173.5,Validation,1,1.0,172.5,172.5,1.0,0.0,0.0,1,1,1.0
fade_last_touch,10.0,opposite,185.75,OOS,1,1.0,35.0,35.0,0.0,0.0,1.0,1,1,1.0
fade_last_touch,10.0,opposite,187.5,Discovery,1,1.0,186.5,186.5,1.0,0.0,0.0,1,1,1.0
fade_last_touch,10.0,opposite,195.25,Validation,1,0.0,-34.5,-34.5,0.0,1.0,0.0,1,1,1.0
fade_last_touch,10.0,opposite,204.25,OOS,1,0.0,-53.0,-53.0,0.0,1.0,0.0,1,1,1.0
fade_last_touch,10.0,opposite,206.25,Validation,1,1.0,96.25,96.25,0.0,0.0,1.0,1,1,1.0
fade_last_touch,10.0,opposite,209.25,OOS,1,1.0,33.75,33.75,0.0,0.0,1.0,1,1,1.0
fade_last_touch,10.0,opposite,212.5,Validation,1,1.0,13.25,13.25,0.0,0.0,1.0,1,1,1.0
fade_last_touch,10.0,opposite,213.25,Discovery,1,1.0,129.25,129.25,0.0,0.0,1.0,1,1,1.0
fade_last_touch,10.0,opposite,225.75,Validation,1,0.0,-10.25,-10.25,0.0,0.0,1.0,1,1,1.0
fade_last_touch,10.0,opposite,227.5,Validation,1,0.0,-9.0,-9.0,0.0,0.0,1.0,1,1,1.0
fade_last_touch,10.0,opposite,236.75,Validation,1,1.0,28.75,28.75,0.0,0.0,1.0,1,1,1.0
fade_last_touch,10.0,opposite,242.25,OOS,1,1.0,169.5,169.5,0.0,0.0,1.0,1,1,1.0
fade_last_touch,10.0,opposite,249.75,OOS,1,1.0,80.0,80.0,0.0,0.0,1.0,1,1,1.0
fade_last_touch,10.0,opposite,249.75,Validation,1,0.0,-34.25,-34.25,0.0,1.0,0.0,1,1,1.0
fade_last_touch,10.0,opposite,250.5,OOS,1,0.0,-42.0,-42.0,0.0,1.0,0.0,1,1,1.0
fade_last_touch,10.0,opposite,263.75,Validation,1,0.0,-80.0,-80.0,0.0,1.0,0.0,1,1,1.0
fade_last_touch,10.0,opposite,264.0,OOS,1,0.0,-86.0,-86.0,0.0,1.0,0.0,1,1,1.0
fade_last_touch,10.0,opposite,272.5,Validation,1,0.0,-24.75,-24.75,0.0,1.0,0.0,1,1,1.0
fade_last_touch,10.0,opposite,277.25,OOS,1,1.0,60.5,60.5,0.0,0.0,1.0,1,1,1.0
fade_last_touch,10.0,opposite,287.0,Validation,1,1.0,84.0,84.0,0.0,0.0,1.0,1,1,1.0
fade_last_touch,10.0,opposite,357.75,Validation,1,1.0,107.5,107.5,0.0,0.0,1.0,1,1,1.0
fade_last_touch,10.0,opposite,398.0,Validation,1,0.0,-43.25,-43.25,0.0,1.0,0.0,1,1,1.0
fade_last_touch,10.0,opposite,518.25,Validation,1,0.0,-28.0,-28.0,0.0,1.0,0.0,1,1,1.0
fade_last_touch,10.0,opposite,538.75,Validation,1,0.0,-50.0,-50.0,0.0,1.0,0.0,1,1,1.0
fade_raid,5.0,fixed,20.0,Discovery,351,0.4672364672364672,-0.7264957264957265,-2.0,0.27350427350427353,0.396011396011396,0.33048433048433046,657,351,0.5342465753424658
fade_raid,5.0,fixed,20.0,OOS,96,0.6354166666666666,-5.885416666666667,19.0,0.625,0.3333333333333333,0.041666666666666664,121,96,0.7933884297520661
fade_raid,5.0,fixed,20.0,Validation,280,0.5964285714285714,-0.21785714285714286,19.0,0.5892857142857143,0.3821428571428571,0.02857142857142857,334,280,0.8383233532934131
fade_raid,5.0,fixed,25.0,Discovery,351,0.4472934472934473,-0.7279202279202279,-3.5,0.22507122507122507,0.4074074074074074,0.36752136752136755,657,351,0.5342465753424658
fade_raid,5.0,fixed,25.0,OOS,96,0.59375,-6.0859375,24.0,0.5833333333333334,0.3645833333333333,0.052083333333333336,121,96,0.7933884297520661
fade_raid,5.0,fixed,25.0,Validation,280,0.5321428571428571,-0.37857142857142856,24.0,0.5214285714285715,0.4357142857142857,0.04285714285714286,334,280,0.8383233532934131
fade_raid,5.0,fixed,30.0,Discovery,351,0.4301994301994302,-0.6830484330484331,-4.5,0.18803418803418803,0.4188034188034188,0.39316239316239315,657,351,0.5342465753424658
fade_raid,5.0,fixed,30.0,OOS,96,0.5729166666666666,-4.799479166666667,29.0,0.5625,0.3854166666666667,0.052083333333333336,121,96,0.7933884297520661
fade_raid,5.0,fixed,30.0,Validation,280,0.5178571428571429,1.3151785714285715,21.375,0.49642857142857144,0.44285714285714284,0.060714285714285714,334,280,0.8383233532934131
fade_raid,5.0,opposite,0.25,Discovery,3,0.0,-0.75,-0.75,1.0,0.0,0.0,3,3,1.0
fade_raid,5.0,opposite,0.25,OOS,1,0.0,-11.75,-11.75,0.0,1.0,0.0,1,1,1.0
fade_raid,5.0,opposite,0.25,Validation,1,0.0,-0.75,-0.75,1.0,0.0,0.0,1,1,1.0
fade_raid,5.0,opposite,0.5,Discovery,3,0.0,-0.5,-0.5,1.0,0.0,0.0,3,3,1.0
fade_raid,5.0,opposite,0.75,Discovery,4,0.0,-0.25,-0.25,1.0,0.0,0.0,4,4,1.0
fade_raid,5.0,opposite,1.0,Discovery,4,0.0,0.0,0.0,1.0,0.0,0.0,4,4,1.0
fade_raid,5.0,opposite,1.0,Validation,2,0.0,0.0,0.0,1.0,0.0,0.0,2,2,1.0
fade_raid,5.0,opposite,1.25,Discovery,4,1.0,0.25,0.25,1.0,0.0,0.0,4,4,1.0
fade_raid,5.0,opposite,1.5,Discovery,3,0.6666666666666666,-2.25,0.5,0.6666666666666666,0.3333333333333333,0.0,3,3,1.0
fade_raid,5.0,opposite,1.5,OOS,1,0.0,-26.0,-26.0,0.0,1.0,0.0,1,1,1.0
fade_raid,5.0,opposite,1.75,Discovery,3,0.6666666666666666,-2.8333333333333335,0.75,0.6666666666666666,0.3333333333333333,0.0,3,3,1.0
fade_raid,5.0,opposite,1.75,Validation,1,1.0,0.75,0.75,1.0,0.0,0.0,1,1,1.0
fade_raid,5.0,opposite,2.0,Discovery,3,0.3333333333333333,-5.916666666666667,-6.75,0.3333333333333333,0.6666666666666666,0.0,3,3,1.0
fade_raid,5.0,opposite,2.0,OOS,1,1.0,1.0,1.0,1.0,0.0,0.0,1,1,1.0
fade_raid,5.0,opposite,2.0,Validation,1,1.0,1.0,1.0,1.0,0.0,0.0,1,1,1.0
fade_raid,5.0,opposite,2.25,Discovery,2,1.0,1.25,1.25,1.0,0.0,0.0,2,2,1.0
fade_raid,5.0,opposite,2.5,Discovery,5,0.8,-0.55,1.5,0.8,0.2,0.0,5,5,1.0
fade_raid,5.0,opposite,2.5,OOS,1,1.0,1.5,1.5,1.0,0.0,0.0,1,1,1.0
fade_raid,5.0,opposite,2.75,Discovery,2,1.0,1.75,1.75,1.0,0.0,0.0,2,2,1.0
fade_raid,5.0,opposite,2.75,Validation,1,1.0,1.75,1.75,1.0,0.0,0.0,1,1,1.0
fade_raid,5.0,opposite,3.0,Discovery,3,0.6666666666666666,-1.3333333333333333,2.0,0.6666666666666666,0.0,0.3333333333333333,3,3,1.0
fade_raid,5.0,opposite,3.0,Validation,3,1.0,2.0,2.0,1.0,0.0,0.0,3,3,1.0
fade_raid,5.0,opposite,3.25,Discovery,7,0.5714285714285714,-6.321428571428571,2.25,0.5714285714285714,0.42857142857142855,0.0,7,7,1.0
fade_raid,5.0,opposite,3.5,Discovery,2,0.5,-1.625,-1.625,0.5,0.0,0.5,2,2,1.0
fade_raid,5.0,opposite,3.75,Discovery,6,0.8333333333333334,-0.20833333333333334,2.75,0.8333333333333334,0.16666666666666666,0.0,6,6,1.0
fade_raid,5.0,opposite,3.75,Validation,2,1.0,2.75,2.75,1.0,0.0,0.0,2,2,1.0
fade_raid,5.0,opposite,4.0,Discovery,9,0.7777777777777778,0.8611111111111112,3.0,0.7777777777777778,0.1111111111111111,0.1111111111111111,9,9,1.0
fade_raid,5.0,opposite,4.0,Validation,1,1.0,3.0,3.0,1.0,0.0,0.0,1,1,1.0
fade_raid,5.0,opposite,4.25,Discovery,3,0.6666666666666666,-0.6666666666666666,3.25,0.6666666666666666,0.3333333333333333,0.0,3,3,1.0
fade_raid,5.0,opposite,4.5,Discovery,5,0.8,0.5,3.5,0.8,0.2,0.0,5,5,1.0
fade_raid,5.0,opposite,4.75,Discovery,6,0.8333333333333334,1.125,3.75,0.8333333333333334,0.16666666666666666,0.0,6,6,1.0
fade_raid,5.0,opposite,4.75,Validation,2,1.0,3.75,3.75,1.0,0.0,0.0,2,2,1.0
fade_raid,5.0,opposite,5.0,Discovery,2,0.5,-0.625,-0.625,0.5,0.0,0.5,2,2,1.0
fade_raid,5.0,opposite,5.0,Validation,2,1.0,4.0,4.0,1.0,0.0,0.0,2,2,1.0
fade_raid,5.0,opposite,5.25,Discovery,4,0.75,-0.375,4.25,0.75,0.25,0.0,4,4,1.0
fade_raid,5.0,opposite,5.25,Validation,2,0.5,-12.375,-12.375,0.5,0.5,0.0,2,2,1.0
fade_raid,5.0,opposite,5.5,Discovery,2,0.5,1.75,1.75,0.5,0.0,0.5,2,2,1.0
fade_raid,5.0,opposite,5.5,Validation,2,1.0,4.5,4.5,1.0,0.0,0.0,2,2,1.0
fade_raid,5.0,opposite,5.75,Discovery,2,0.5,-3.375,-3.375,0.5,0.5,0.0,2,2,1.0
fade_raid,5.0,opposite,5.75,OOS,1,1.0,4.75,4.75,1.0,0.0,0.0,1,1,1.0
fade_raid,5.0,opposite,6.0,Discovery,3,0.3333333333333333,-2.5833333333333335,-2.5,0.3333333333333333,0.3333333333333333,0.3333333333333333,3,3,1.0
fade_raid,5.0,opposite,6.0,Validation,1,1.0,5.0,5.0,1.0,0.0,0.0,1,1,1.0
fade_raid,5.0,opposite,6.25,Discovery,4,0.5,-1.25,-0.375,0.5,0.25,0.25,4,4,1.0
fade_raid,5.0,opposite,6.5,Discovery,4,0.75,1.875,5.5,0.75,0.0,0.25,4,4,1.0
fade_raid,5.0,opposite,6.5,Validation,1,1.0,5.5,5.5,1.0,0.0,0.0,1,1,1.0
fade_raid,5.0,opposite,6.75,Discovery,5,0.8,3.85,5.75,0.8,0.0,0.2,5,5,1.0
fade_raid,5.0,opposite,6.75,Validation,1,1.0,5.75,5.75,1.0,0.0,0.0,1,1,1.0
fade_raid,5.0,opposite,7.0,Validation,2,0.5,-1.875,-1.875,0.5,0.5,0.0,2,2,1.0
fade_raid,5.0,opposite,7.25,Discovery,2,0.5,0.375,0.375,0.5,0.0,0.5,2,2,1.0
fade_raid,5.0,opposite,7.25,Validation,1,1.0,6.25,6.25,1.0,0.0,0.0,1,1,1.0
fade_raid,5.0,opposite,7.5,Discovery,1,1.0,6.5,6.5,1.0,0.0,0.0,1,1,1.0
fade_raid,5.0,opposite,7.75,Discovery,4,0.5,-2.875,-3.0,0.25,0.5,0.25,4,4,1.0
fade_raid,5.0,opposite,7.75,Validation,1,1.0,6.75,6.75,1.0,0.0,0.0,1,1,1.0
fade_raid,5.0,opposite,8.0,Discovery,2,0.5,-4.125,-4.125,0.5,0.5,0.0,2,2,1.0
fade_raid,5.0,opposite,8.0,Validation,2,0.0,-18.125,-18.125,0.0,1.0,0.0,2,2,1.0
fade_raid,5.0,opposite,8.5,Discovery,2,1.0,7.5,7.5,1.0,0.0,0.0,2,2,1.0
fade_raid,5.0,opposite,8.5,Validation,1,1.0,7.5,7.5,1.0,0.0,0.0,1,1,1.0
fade_raid,5.0,opposite,8.75,Discovery,3,0.3333333333333333,-4.583333333333333,-7.5,0.3333333333333333,0.3333333333333333,0.3333333333333333,3,3,1.0
fade_raid,5.0,opposite,9.0,Discovery,8,0.75,2.1875,8.0,0.625,0.25,0.125,8,8,1.0
fade_raid,5.0,opposite,9.0,Validation,2,1.0,8.0,8.0,1.0,0.0,0.0,2,2,1.0
fade_raid,5.0,opposite,9.25,Discovery,2,1.0,8.25,8.25,1.0,0.0,0.0,2,2,1.0
fade_raid,5.0,opposite,9.5,Discovery,2,1.0,8.5,8.5,1.0,0.0,0.0,2,2,1.0
fade_raid,5.0,opposite,9.75,Discovery,1,1.0,8.75,8.75,1.0,0.0,0.0,1,1,1.0
fade_raid,5.0,opposite,9.75,Validation,1,1.0,8.75,8.75,1.0,0.0,0.0,1,1,1.0
fade_raid,5.0,opposite,10.0,Discovery,4,0.25,-6.8125,-9.875,0.25,0.5,0.25,4,4,1.0
fade_raid,5.0,opposite,10.0,Validation,1,1.0,3.0,3.0,0.0,0.0,1.0,1,1,1.0
fade_raid,5.0,opposite,10.25,Discovery,3,0.6666666666666666,4.083333333333333,9.25,0.6666666666666666,0.0,0.3333333333333333,3,3,1.0
fade_raid,5.0,opposite,10.5,Discovery,1,1.0,9.5,9.5,1.0,0.0,0.0,1,1,1.0
fade_raid,5.0,opposite,10.5,Validation,1,1.0,9.5,9.5,1.0,0.0,0.0,1,1,1.0
fade_raid,5.0,opposite,10.75,Discovery,3,0.3333333333333333,-7.0,-3.5,0.3333333333333333,0.3333333333333333,0.3333333333333333,3,3,1.0
fade_raid,5.0,opposite,10.75,Validation,1,1.0,9.75,9.75,1.0,0.0,0.0,1,1,1.0
fade_raid,5.0,opposite,11.0,Discovery,2,0.5,0.5,0.5,0.0,0.0,1.0,2,2,1.0
fade_raid,5.0,opposite,11.25,Validation,2,0.0,-10.875,-10.875,0.0,0.5,0.5,2,2,1.0
fade_raid,5.0,opposite,11.5,Discovery,1,0.0,-1.25,-1.25,0.0,0.0,1.0,1,1,1.0
fade_raid,5.0,opposite,11.75,Discovery,3,0.6666666666666666,-3.0,7.75,0.3333333333333333,0.3333333333333333,0.3333333333333333,3,3,1.0
fade_raid,5.0,opposite,12.0,Discovery,3,0.0,-8.166666666666666,-8.0,0.0,0.6666666666666666,0.3333333333333333,3,3,1.0
fade_raid,5.0,opposite,12.25,Discovery,1,0.0,-6.0,-6.0,0.0,0.0,1.0,1,1,1.0
fade_raid,5.0,opposite,12.5,Discovery,1,1.0,11.5,11.5,1.0,0.0,0.0,1,1,1.0
fade_raid,5.0,opposite,12.75,Discovery,2,0.5,1.375,1.375,0.5,0.5,0.0,2,2,1.0
fade_raid,5.0,opposite,12.75,Validation,1,1.0,11.75,11.75,1.0,0.0,0.0,1,1,1.0
fade_raid,5.0,opposite,13.0,Discovery,2,0.5,-2.875,-2.875,0.5,0.5,0.0,2,2,1.0
fade_raid,5.0,opposite,13.25,Discovery,1,1.0,12.25,12.25,1.0,0.0,0.0,1,1,1.0
fade_raid,5.0,opposite,13.5,Discovery,1,1.0,12.5,12.5,1.0,0.0,0.0,1,1,1.0
fade_raid,5.0,opposite,13.5,OOS,1,1.0,12.5,12.5,1.0,0.0,0.0,1,1,1.0
fade_raid,5.0,opposite,13.5,Validation,1,1.0,12.5,12.5,1.0,0.0,0.0,1,1,1.0
fade_raid,5.0,opposite,13.75,Discovery,2,0.0,-17.125,-17.125,0.0,1.0,0.0,2,2,1.0
fade_raid,5.0,opposite,13.75,Validation,2,0.5,1.125,1.125,0.5,0.5,0.0,2,2,1.0
fade_raid,5.0,opposite,14.0,Discovery,2,0.0,-4.875,-4.875,0.0,0.5,0.5,2,2,1.0
fade_raid,5.0,opposite,14.0,Validation,1,1.0,13.0,13.0,1.0,0.0,0.0,1,1,1.0
fade_raid,5.0,opposite,14.25,Discovery,1,1.0,5.5,5.5,0.0,0.0,1.0,1,1,1.0
fade_raid,5.0,opposite,14.5,Discovery,3,0.6666666666666666,-1.0,13.5,0.6666666666666666,0.3333333333333333,0.0,3,3,1.0
fade_raid,5.0,opposite,14.5,Validation,4,1.0,13.5,13.5,1.0,0.0,0.0,4,4,1.0
fade_raid,5.0,opposite,14.75,Discovery,1,1.0,13.75,13.75,1.0,0.0,0.0,1,1,1.0
fade_raid,5.0,opposite,15.0,Discovery,1,0.0,-10.75,-10.75,0.0,1.0,0.0,1,1,1.0
fade_raid,5.0,opposite,15.0,Validation,1,1.0,14.0,14.0,1.0,0.0,0.0,1,1,1.0
fade_raid,5.0,opposite,15.25,Discovery,2,1.0,14.25,14.25,1.0,0.0,0.0,2,2,1.0
fade_raid,5.0,opposite,15.25,Validation,1,0.0,-15.25,-15.25,0.0,1.0,0.0,1,1,1.0
fade_raid,5.0,opposite,15.5,Discovery,4,0.25,-12.125,-16.625,0.25,0.5,0.25,4,4,1.0
fade_raid,5.0,opposite,15.5,OOS,2,1.0,14.5,14.5,1.0,0.0,0.0,2,2,1.0
fade_raid,5.0,opposite,15.5,Validation,1,0.0,-19.0,-19.0,0.0,1.0,0.0,1,1,1.0
fade_raid,5.0,opposite,15.75,Discovery,4,0.25,-4.6875,-10.75,0.25,0.75,0.0,4,4,1.0
fade_raid,5.0,opposite,16.0,Discovery,2,0.5,1.875,1.875,0.5,0.5,0.0,2,2,1.0
fade_raid,5.0,opposite,16.0,Validation,1,0.0,-30.0,-30.0,0.0,0.0,1.0,1,1,1.0
fade_raid,5.0,opposite,16.5,Discovery,1,0.0,-7.75,-7.75,0.0,1.0,0.0,1,1,1.0
fade_raid,5.0,opposite,16.5,Validation,2,1.0,15.5,15.5,1.0,0.0,0.0,2,2,1.0
fade_raid,5.0,opposite,16.75,Discovery,2,1.0,15.75,15.75,1.0,0.0,0.0,2,2,1.0
fade_raid,5.0,opposite,16.75,OOS,1,0.0,-10.5,-10.5,0.0,1.0,0.0,1,1,1.0
fade_raid,5.0,opposite,17.0,OOS,1,0.0,-23.25,-23.25,0.0,1.0,0.0,1,1,1.0
fade_raid,5.0,opposite,17.25,Validation,1,1.0,16.25,16.25,1.0,0.0,0.0,1,1,1.0
fade_raid,5.0,opposite,17.5,Discovery,2,0.5,0.5,0.5,0.5,0.5,0.0,2,2,1.0
fade_raid,5.0,opposite,17.75,Discovery,2,1.0,13.625,13.625,0.5,0.0,0.5,2,2,1.0
fade_raid,5.0,opposite,18.0,Discovery,1,1.0,17.0,17.0,1.0,0.0,0.0,1,1,1.0
fade_raid,5.0,opposite,18.0,Validation,1,1.0,17.0,17.0,1.0,0.0,0.0,1,1,1.0
fade_raid,5.0,opposite,18.25,Discovery,1,0.0,-13.5,-13.5,0.0,1.0,0.0,1,1,1.0
fade_raid,5.0,opposite,18.25,Validation,2,1.0,17.25,17.25,1.0,0.0,0.0,2,2,1.0
fade_raid,5.0,opposite,18.5,OOS,1,1.0,17.5,17.5,1.0,0.0,0.0,1,1,1.0
fade_raid,5.0,opposite,19.25,Discovery,1,0.0,-10.5,-10.5,0.0,1.0,0.0,1,1,1.0
fade_raid,5.0,opposite,19.25,Validation,1,0.0,-29.0,-29.0,0.0,1.0,0.0,1,1,1.0
fade_raid,5.0,opposite,19.5,Discovery,1,1.0,2.25,2.25,0.0,0.0,1.0,1,1,1.0
fade_raid,5.0,opposite,19.75,Discovery,1,0.0,-22.5,-22.5,0.0,1.0,0.0,1,1,1.0
fade_raid,5.0,opposite,19.75,Validation,2,0.5,5.25,5.25,0.5,0.5,0.0,2,2,1.0
fade_raid,5.0,opposite,20.5,Discovery,1,0.0,-2.0,-2.0,0.0,0.0,1.0,1,1,1.0
fade_raid,5.0,opposite,20.5,OOS,1,0.0,-68.0,-68.0,0.0,1.0,0.0,1,1,1.0
fade_raid,5.0,opposite,20.75,Discovery,2,0.0,-18.625,-18.625,0.0,1.0,0.0,2,2,1.0
fade_raid,5.0,opposite,21.0,Validation,2,1.0,20.0,20.0,1.0,0.0,0.0,2,2,1.0
fade_raid,5.0,opposite,21.25,Discovery,2,0.5,-0.5,-0.5,0.5,0.5,0.0,2,2,1.0
fade_raid,5.0,opposite,21.25,Validation,2,1.0,20.25,20.25,1.0,0.0,0.0,2,2,1.0
fade_raid,5.0,opposite,21.5,Discovery,2,0.5,-11.75,-11.75,0.0,0.5,0.5,2,2,1.0
fade_raid,5.0,opposite,21.75,Validation,1,0.0,-18.5,-18.5,0.0,1.0,0.0,1,1,1.0
fade_raid,5.0,opposite,22.25,Discovery,1,0.0,-17.25,-17.25,0.0,1.0,0.0,1,1,1.0
fade_raid,5.0,opposite,22.75,Validation,2,1.0,21.75,21.75,1.0,0.0,0.0,2,2,1.0
fade_raid,5.0,opposite,23.5,OOS,1,1.0,22.5,22.5,1.0,0.0,0.0,1,1,1.0
fade_raid,5.0,opposite,23.5,Validation,1,0.0,-57.25,-57.25,0.0,1.0,0.0,1,1,1.0
fade_raid,5.0,opposite,23.75,Discovery,2,0.5,6.5,6.5,0.5,0.5,0.0,2,2,1.0
fade_raid,5.0,opposite,24.25,Discovery,1,0.0,-32.0,-32.0,0.0,1.0,0.0,1,1,1.0
fade_raid,5.0,opposite,24.25,Validation,1,0.0,-19.0,-19.0,0.0,1.0,0.0,1,1,1.0
fade_raid,5.0,opposite,24.5,Discovery,1,0.0,-16.25,-16.25,0.0,1.0,0.0,1,1,1.0
fade_raid,5.0,opposite,24.5,Validation,2,0.5,10.375,10.375,0.5,0.0,0.5,2,2,1.0
fade_raid,5.0,opposite,24.75,Discovery,1,1.0,23.75,23.75,1.0,0.0,0.0,1,1,1.0
fade_raid,5.0,opposite,24.75,Validation,1,1.0,23.75,23.75,1.0,0.0,0.0,1,1,1.0
fade_raid,5.0,opposite,25.0,Discovery,2,0.0,-11.0,-11.0,0.0,1.0,0.0,2,2,1.0
fade_raid,5.0,opposite,25.25,Discovery,2,1.0,15.875,15.875,0.5,0.0,0.5,2,2,1.0
fade_raid,5.0,opposite,25.25,Validation,1,0.0,-36.5,-36.5,0.0,1.0,0.0,1,1,1.0
fade_raid,5.0,opposite,25.5,Validation,1,0.0,-22.25,-22.25,0.0,1.0,0.0,1,1,1.0
fade_raid,5.0,opposite,25.75,Discovery,1,0.0,-14.0,-14.0,0.0,1.0,0.0,1,1,1.0
fade_raid,5.0,opposite,25.75,Validation,2,0.5,-0.25,-0.25,0.5,0.5,0.0,2,2,1.0
fade_raid,5.0,opposite,26.25,Discovery,1,1.0,25.25,25.25,1.0,0.0,0.0,1,1,1.0
fade_raid,5.0,opposite,26.25,OOS,1,0.0,-83.25,-83.25,0.0,1.0,0.0,1,1,1.0
fade_raid,5.0,opposite,26.25,Validation,1,0.0,-31.5,-31.5,0.0,1.0,0.0,1,1,1.0
fade_raid,5.0,opposite,26.5,Discovery,1,0.0,-18.25,-18.25,0.0,1.0,0.0,1,1,1.0
fade_raid,5.0,opposite,26.5,Validation,1,1.0,25.5,25.5,1.0,0.0,0.0,1,1,1.0
fade_raid,5.0,opposite,27.25,Discovery,1,0.0,-2.0,-2.0,0.0,0.0,1.0,1,1,1.0
fade_raid,5.0,opposite,27.5,Validation,1,0.0,-10.25,-10.25,0.0,1.0,0.0,1,1,1.0
fade_raid,5.0,opposite,27.75,Discovery,1,0.0,-7.25,-7.25,0.0,1.0,0.0,1,1,1.0
fade_raid,5.0,opposite,28.0,Discovery,2,0.5,4.75,4.75,0.0,0.0,1.0,2,2,1.0
fade_raid,5.0,opposite,28.25,Discovery,1,0.0,-10.25,-10.25,0.0,1.0,0.0,1,1,1.0
fade_raid,5.0,opposite,28.5,Discovery,1,0.0,-27.25,-27.25,0.0,1.0,0.0,1,1,1.0
fade_raid,5.0,opposite,29.0,Discovery,1,1.0,28.0,28.0,1.0,0.0,0.0,1,1,1.0
fade_raid,5.0,opposite,29.0,OOS,2,0.5,-7.5,-7.5,0.5,0.5,0.0,2,2,1.0
fade_raid,5.0,opposite,29.0,Validation,1,1.0,28.0,28.0,1.0,0.0,0.0,1,1,1.0
fade_raid,5.0,opposite,29.25,Validation,2,0.5,5.0,5.0,0.5,0.5,0.0,2,2,1.0
fade_raid,5.0,opposite,29.5,Discovery,1,0.0,-2.0,-2.0,0.0,0.0,1.0,1,1,1.0
fade_raid,5.0,opposite,29.5,Validation,1,0.0,-35.0,-35.0,0.0,1.0,0.0,1,1,1.0
fade_raid,5.0,opposite,29.75,Validation,1,0.0,-40.75,-40.75,0.0,1.0,0.0,1,1,1.0
fade_raid,5.0,opposite,30.25,Discovery,1,1.0,29.25,29.25,1.0,0.0,0.0,1,1,1.0
fade_raid,5.0,opposite,30.25,OOS,1,1.0,29.25,29.25,1.0,0.0,0.0,1,1,1.0
fade_raid,5.0,opposite,30.5,Discovery,1,1.0,29.5,29.5,1.0,0.0,0.0,1,1,1.0
fade_raid,5.0,opposite,30.75,Discovery,1,1.0,29.75,29.75,1.0,0.0,0.0,1,1,1.0
fade_raid,5.0,opposite,30.75,OOS,1,1.0,29.75,29.75,1.0,0.0,0.0,1,1,1.0
fade_raid,5.0,opposite,30.75,Validation,2,0.5,6.375,6.375,0.5,0.5,0.0,2,2,1.0
fade_raid,5.0,opposite,31.0,Validation,1,1.0,30.0,30.0,1.0,0.0,0.0,1,1,1.0
fade_raid,5.0,opposite,31.25,OOS,1,1.0,5.75,5.75,0.0,0.0,1.0,1,1,1.0
fade_raid,5.0,opposite,31.25,Validation,1,0.0,-18.75,-18.75,0.0,1.0,0.0,1,1,1.0
fade_raid,5.0,opposite,31.5,Validation,1,0.0,-24.25,-24.25,0.0,1.0,0.0,1,1,1.0
fade_raid,5.0,opposite,31.75,Validation,1,1.0,30.75,30.75,1.0,0.0,0.0,1,1,1.0
fade_raid,5.0,opposite,32.0,Validation,2,0.5,5.625,5.625,0.5,0.5,0.0,2,2,1.0
fade_raid,5.0,opposite,32.25,Validation,1,0.0,-16.0,-16.0,0.0,1.0,0.0,1,1,1.0
fade_raid,5.0,opposite,32.5,Discovery,1,0.0,-8.75,-8.75,0.0,1.0,0.0,1,1,1.0
fade_raid,5.0,opposite,33.0,Validation,1,0.0,-43.0,-43.0,0.0,1.0,0.0,1,1,1.0
fade_raid,5.0,opposite,33.25,Discovery,1,1.0,17.25,17.25,0.0,0.0,1.0,1,1,1.0
fade_raid,5.0,opposite,33.75,Discovery,1,0.0,-75.75,-75.75,0.0,1.0,0.0,1,1,1.0
fade_raid,5.0,opposite,33.75,OOS,1,1.0,32.75,32.75,1.0,0.0,0.0,1,1,1.0
fade_raid,5.0,opposite,34.0,Validation,1,1.0,33.0,33.0,1.0,0.0,0.0,1,1,1.0
fade_raid,5.0,opposite,34.5,Validation,2,1.0,33.5,33.5,1.0,0.0,0.0,2,2,1.0
fade_raid,5.0,opposite,34.75,Validation,1,0.0,-46.5,-46.5,0.0,1.0,0.0,1,1,1.0
fade_raid,5.0,opposite,35.0,Discovery,1,1.0,10.75,10.75,0.0,0.0,1.0,1,1,1.0
fade_raid,5.0,opposite,35.0,Validation,1,0.0,-22.75,-22.75,0.0,1.0,0.0,1,1,1.0
fade_raid,5.0,opposite,35.25,Discovery,1,0.0,-9.5,-9.5,0.0,1.0,0.0,1,1,1.0
fade_raid,5.0,opposite,35.25,Validation,1,0.0,-19.5,-19.5,0.0,1.0,0.0,1,1,1.0
fade_raid,5.0,opposite,35.5,Discovery,1,0.0,-11.25,-11.25,0.0,1.0,0.0,1,1,1.0
fade_raid,5.0,opposite,35.75,OOS,1,1.0,34.75,34.75,1.0,0.0,0.0,1,1,1.0
fade_raid,5.0,opposite,36.0,Validation,1,0.0,-12.75,-12.75,0.0,1.0,0.0,1,1,1.0
fade_raid,5.0,opposite,36.25,OOS,1,1.0,35.25,35.25,1.0,0.0,0.0,1,1,1.0
fade_raid,5.0,opposite,36.25,Validation,1,0.0,-13.75,-13.75,0.0,1.0,0.0,1,1,1.0
fade_raid,5.0,opposite,36.5,Validation,1,1.0,9.5,9.5,0.0,0.0,1.0,1,1,1.0
fade_raid,5.0,opposite,36.75,Discovery,1,0.0,-12.25,-12.25,0.0,1.0,0.0,1,1,1.0
fade_raid,5.0,opposite,37.0,Discovery,1,1.0,36.0,36.0,1.0,0.0,0.0,1,1,1.0
fade_raid,5.0,opposite,37.25,Validation,1,1.0,20.75,20.75,0.0,0.0,1.0,1,1,1.0
fade_raid,5.0,opposite,37.5,Validation,1,1.0,36.5,36.5,1.0,0.0,0.0,1,1,1.0
fade_raid,5.0,opposite,37.75,Validation,1,1.0,36.75,36.75,1.0,0.0,0.0,1,1,1.0
fade_raid,5.0,opposite,38.0,Discovery,2,0.0,-22.0,-22.0,0.0,1.0,0.0,2,2,1.0
fade_raid,5.0,opposite,38.0,OOS,1,1.0,37.0,37.0,1.0,0.0,0.0,1,1,1.0
fade_raid,5.0,opposite,38.25,Discovery,1,0.0,-54.0,-54.0,0.0,1.0,0.0,1,1,1.0
fade_raid,5.0,opposite,38.25,Validation,3,0.6666666666666666,8.333333333333334,37.25,0.6666666666666666,0.3333333333333333,0.0,3,3,1.0
fade_raid,5.0,opposite,38.75,Discovery,1,0.0,-11.5,-11.5,0.0,1.0,0.0,1,1,1.0
fade_raid,5.0,opposite,38.75,Validation,2,1.0,22.5,22.5,0.5,0.0,0.5,2,2,1.0
fade_raid,5.0,opposite,39.0,Validation,1,1.0,38.0,38.0,1.0,0.0,0.0,1,1,1.0
fade_raid,5.0,opposite,39.25,Validation,2,0.5,-9.125,-9.125,0.5,0.5,0.0,2,2,1.0
fade_raid,5.0,opposite,39.75,OOS,1,1.0,38.75,38.75,1.0,0.0,0.0,1,1,1.0
fade_raid,5.0,opposite,39.75,Validation,1,0.0,-11.25,-11.25,0.0,1.0,0.0,1,1,1.0
fade_raid,5.0,opposite,40.0,Validation,2,0.0,-21.875,-21.875,0.0,1.0,0.0,2,2,1.0
fade_raid,5.0,opposite,41.25,Validation,2,1.0,40.25,40.25,1.0,0.0,0.0,2,2,1.0
fade_raid,5.0,opposite,41.75,Validation,1,1.0,40.75,40.75,1.0,0.0,0.0,1,1,1.0
fade_raid,5.0,opposite,42.0,Discovery,1,0.0,-21.5,-21.5,0.0,1.0,0.0,1,1,1.0
fade_raid,5.0,opposite,42.0,Validation,2,0.5,7.875,7.875,0.5,0.5,0.0,2,2,1.0
fade_raid,5.0,opposite,42.75,OOS,1,1.0,41.75,41.75,1.0,0.0,0.0,1,1,1.0
fade_raid,5.0,opposite,43.25,Discovery,2,0.0,-24.625,-24.625,0.0,0.5,0.5,2,2,1.0
fade_raid,5.0,opposite,43.5,Discovery,2,0.0,-23.375,-23.375,0.0,1.0,0.0,2,2,1.0
fade_raid,5.0,opposite,43.5,Validation,2,0.0,-20.875,-20.875,0.0,1.0,0.0,2,2,1.0
fade_raid,5.0,opposite,43.75,Discovery,1,0.0,-13.5,-13.5,0.0,1.0,0.0,1,1,1.0
fade_raid,5.0,opposite,44.0,OOS,1,0.0,-30.25,-30.25,0.0,1.0,0.0,1,1,1.0
fade_raid,5.0,opposite,44.25,Validation,1,0.0,-18.0,-18.0,0.0,1.0,0.0,1,1,1.0
fade_raid,5.0,opposite,44.75,Validation,1,0.0,-25.25,-25.25,0.0,1.0,0.0,1,1,1.0
fade_raid,5.0,opposite,45.25,OOS,1,1.0,44.25,44.25,1.0,0.0,0.0,1,1,1.0
fade_raid,5.0,opposite,45.5,Discovery,1,0.0,-17.75,-17.75,0.0,1.0,0.0,1,1,1.0
fade_raid,5.0,opposite,45.5,Validation,1,0.0,-19.0,-19.0,0.0,1.0,0.0,1,1,1.0
fade_raid,5.0,opposite,45.75,OOS,1,0.0,-30.25,-30.25,0.0,1.0,0.0,1,1,1.0
fade_raid,5.0,opposite,45.75,Validation,1,0.0,-46.75,-46.75,0.0,1.0,0.0,1,1,1.0
fade_raid,5.0,opposite,46.0,Validation,1,1.0,45.0,45.0,1.0,0.0,0.0,1,1,1.0
fade_raid,5.0,opposite,46.25,Discovery,2,0.5,17.0,17.0,0.5,0.5,0.0,2,2,1.0
fade_raid,5.0,opposite,46.5,Discovery,2,0.5,16.875,16.875,0.5,0.5,0.0,2,2,1.0
fade_raid,5.0,opposite,47.0,Validation,1,0.0,-34.0,-34.0,0.0,1.0,0.0,1,1,1.0
fade_raid,5.0,opposite,47.25,Discovery,1,0.0,-14.25,-14.25,0.0,1.0,0.0,1,1,1.0
fade_raid,5.0,opposite,47.25,OOS,1,1.0,46.25,46.25,1.0,0.0,0.0,1,1,1.0
fade_raid,5.0,opposite,47.25,Validation,1,0.0,-18.25,-18.25,0.0,1.0,0.0,1,1,1.0
fade_raid,5.0,opposite,47.5,Validation,1,0.0,-30.0,-30.0,0.0,0.0,1.0,1,1,1.0
fade_raid,5.0,opposite,47.75,Validation,1,1.0,46.75,46.75,1.0,0.0,0.0,1,1,1.0
fade_raid,5.0,opposite,48.0,Validation,1,0.0,-20.75,-20.75,0.0,1.0,0.0,1,1,1.0
fade_raid,5.0,opposite,49.0,Validation,1,0.0,-21.75,-21.75,0.0,1.0,0.0,1,1,1.0
fade_raid,5.0,opposite,49.5,OOS,1,0.0,-40.5,-40.5,0.0,1.0,0.0,1,1,1.0
fade_raid,5.0,opposite,50.25,OOS,1,0.0,-15.0,-15.0,0.0,0.0,1.0,1,1,1.0
fade_raid,5.0,opposite,50.25,Validation,1,1.0,49.25,49.25,1.0,0.0,0.0,1,1,1.0
fade_raid,5.0,opposite,50.5,Discovery,1,0.0,-36.25,-36.25,0.0,1.0,0.0,1,1,1.0
fade_raid,5.0,opposite,50.75,OOS,1,0.0,-70.25,-70.25,0.0,1.0,0.0,1,1,1.0
fade_raid,5.0,opposite,50.75,Validation,1,1.0,49.75,49.75,1.0,0.0,0.0,1,1,1.0
fade_raid,5.0,opposite,51.25,Validation,2,0.5,-3.5,-3.5,0.0,0.5,0.5,2,2,1.0
fade_raid,5.0,opposite,51.5,Discovery,1,0.0,-14.75,-14.75,0.0,1.0,0.0,1,1,1.0
fade_raid,5.0,opposite,52.0,OOS,1,1.0,51.0,51.0,1.0,0.0,0.0,1,1,1.0
fade_raid,5.0,opposite,52.0,Validation,1,0.0,-19.0,-19.0,0.0,1.0,0.0,1,1,1.0
fade_raid,5.0,opposite,53.25,Discovery,1,0.0,-40.5,-40.5,0.0,1.0,0.0,1,1,1.0
fade_raid,5.0,opposite,54.0,OOS,1,0.0,-101.0,-101.0,0.0,1.0,0.0,1,1,1.0
fade_raid,5.0,opposite,54.75,OOS,1,0.0,-23.0,-23.0,0.0,1.0,0.0,1,1,1.0
fade_raid,5.0,opposite,55.25,Validation,1,0.0,-13.0,-13.0,0.0,1.0,0.0,1,1,1.0
fade_raid,5.0,opposite,55.5,Discovery,1,0.0,-25.5,-25.5,0.0,1.0,0.0,1,1,1.0
fade_raid,5.0,opposite,55.5,Validation,1,0.0,-19.0,-19.0,0.0,1.0,0.0,1,1,1.0
fade_raid,5.0,opposite,55.75,Validation,1,1.0,28.0,28.0,0.0,0.0,1.0,1,1,1.0
fade_raid,5.0,opposite,56.0,OOS,1,1.0,55.0,55.0,1.0,0.0,0.0,1,1,1.0
fade_raid,5.0,opposite,56.25,Validation,1,0.0,-26.0,-26.0,0.0,1.0,0.0,1,1,1.0
fade_raid,5.0,opposite,56.5,Validation,1,1.0,55.5,55.5,1.0,0.0,0.0,1,1,1.0
fade_raid,5.0,opposite,56.75,OOS,1,1.0,55.75,55.75,1.0,0.0,0.0,1,1,1.0
fade_raid,5.0,opposite,56.75,Validation,1,0.0,-33.5,-33.5,0.0,1.0,0.0,1,1,1.0
fade_raid,5.0,opposite,57.75,Discovery,1,1.0,16.0,16.0,0.0,0.0,1.0,1,1,1.0
fade_raid,5.0,opposite,58.75,Validation,1,0.0,-0.5,-0.5,0.0,0.0,1.0,1,1,1.0
fade_raid,5.0,opposite,59.0,Validation,1,1.0,58.0,58.0,1.0,0.0,0.0,1,1,1.0
fade_raid,5.0,opposite,59.5,Validation,2,0.5,22.0,22.0,0.5,0.0,0.5,2,2,1.0
fade_raid,5.0,opposite,60.0,OOS,1,1.0,59.0,59.0,1.0,0.0,0.0,1,1,1.0
fade_raid,5.0,opposite,61.25,Validation,1,0.0,-62.5,-62.5,0.0,1.0,0.0,1,1,1.0
fade_raid,5.0,opposite,61.5,Validation,1,1.0,31.0,31.0,0.0,0.0,1.0,1,1,1.0
fade_raid,5.0,opposite,62.25,Validation,2,0.5,0.875,0.875,0.5,0.5,0.0,2,2,1.0
fade_raid,5.0,opposite,64.5,OOS,1,1.0,63.5,63.5,1.0,0.0,0.0,1,1,1.0
fade_raid,5.0,opposite,65.75,Validation,1,1.0,64.75,64.75,1.0,0.0,0.0,1,1,1.0
fade_raid,5.0,opposite,66.75,OOS,2,1.0,65.75,65.75,1.0,0.0,0.0,2,2,1.0
fade_raid,5.0,opposite,67.5,Validation,1,0.0,-26.0,-26.0,0.0,1.0,0.0,1,1,1.0
fade_raid,5.0,opposite,67.75,Validation,1,1.0,66.75,66.75,1.0,0.0,0.0,1,1,1.0
fade_raid,5.0,opposite,68.75,Validation,1,0.0,-49.25,-49.25,0.0,1.0,0.0,1,1,1.0
fade_raid,5.0,opposite,69.25,Discovery,1,1.0,43.0,43.0,0.0,0.0,1.0,1,1,1.0
fade_raid,5.0,opposite,69.25,OOS,1,1.0,68.25,68.25,1.0,0.0,0.0,1,1,1.0
fade_raid,5.0,opposite,69.5,Validation,1,0.0,-14.75,-14.75,0.0,1.0,0.0,1,1,1.0
fade_raid,5.0,opposite,69.75,Validation,1,0.0,-28.0,-28.0,0.0,1.0,0.0,1,1,1.0
fade_raid,5.0,opposite,70.5,Validation,1,0.0,-13.0,-13.0,0.0,1.0,0.0,1,1,1.0
fade_raid,5.0,opposite,70.75,Validation,1,0.0,-3.25,-3.25,0.0,0.0,1.0,1,1,1.0
fade_raid,5.0,opposite,71.25,Validation,1,0.0,-42.5,-42.5,0.0,1.0,0.0,1,1,1.0
fade_raid,5.0,opposite,72.75,Validation,1,0.0,-36.25,-36.25,0.0,1.0,0.0,1,1,1.0
fade_raid,5.0,opposite,74.0,Validation,1,1.0,73.0,73.0,1.0,0.0,0.0,1,1,1.0
fade_raid,5.0,opposite,75.5,Discovery,1,0.0,-47.25,-47.25,0.0,1.0,0.0,1,1,1.0
fade_raid,5.0,opposite,76.0,Validation,1,0.0,-20.25,-20.25,0.0,1.0,0.0,1,1,1.0
fade_raid,5.0,opposite,77.25,Validation,1,0.0,-16.0,-16.0,0.0,1.0,0.0,1,1,1.0
fade_raid,5.0,opposite,77.75,Validation,1,0.0,-39.75,-39.75,0.0,1.0,0.0,1,1,1.0
fade_raid,5.0,opposite,78.0,Discovery,1,1.0,77.0,77.0,1.0,0.0,0.0,1,1,1.0
fade_raid,5.0,opposite,79.25,Validation,1,0.0,-21.25,-21.25,0.0,1.0,0.0,1,1,1.0
fade_raid,5.0,opposite,80.0,Validation,1,0.0,-40.0,-40.0,0.0,1.0,0.0,1,1,1.0
fade_raid,5.0,opposite,81.0,Discovery,1,1.0,80.0,80.0,1.0,0.0,0.0,1,1,1.0
fade_raid,5.0,opposite,81.75,Discovery,1,0.0,-8.5,-8.5,0.0,1.0,0.0,1,1,1.0
fade_raid,5.0,opposite,81.75,Validation,1,0.0,-14.5,-14.5,0.0,1.0,0.0,1,1,1.0
fade_raid,5.0,opposite,82.5,Discovery,1,0.0,-18.0,-18.0,0.0,1.0,0.0,1,1,1.0
fade_raid,5.0,opposite,83.75,Validation,1,0.0,-18.5,-18.5,0.0,1.0,0.0,1,1,1.0
fade_raid,5.0,opposite,84.5,OOS,1,0.0,-32.75,-32.75,0.0,1.0,0.0,1,1,1.0
fade_raid,5.0,opposite,85.0,Discovery,1,0.0,-13.25,-13.25,0.0,1.0,0.0,1,1,1.0
fade_raid,5.0,opposite,85.0,Validation,1,0.0,-44.25,-44.25,0.0,0.0,1.0,1,1,1.0
fade_raid,5.0,opposite,85.25,OOS,1,0.0,-34.75,-34.75,0.0,1.0,0.0,1,1,1.0
fade_raid,5.0,opposite,85.75,Validation,1,0.0,-29.0,-29.0,0.0,1.0,0.0,1,1,1.0
fade_raid,5.0,opposite,86.0,OOS,1,0.0,-15.5,-15.5,0.0,0.0,1.0,1,1,1.0
fade_raid,5.0,opposite,86.0,Validation,1,1.0,85.0,85.0,1.0,0.0,0.0,1,1,1.0
fade_raid,5.0,opposite,86.5,OOS,1,1.0,85.5,85.5,1.0,0.0,0.0,1,1,1.0
fade_raid,5.0,opposite,86.75,Validation,1,0.0,-30.75,-30.75,0.0,1.0,0.0,1,1,1.0
fade_raid,5.0,opposite,87.0,Validation,1,0.0,-25.25,-25.25,0.0,1.0,0.0,1,1,1.0
fade_raid,5.0,opposite,87.5,Validation,1,1.0,18.5,18.5,0.0,0.0,1.0,1,1,1.0
fade_raid,5.0,opposite,88.0,Validation,2,0.5,22.125,22.125,0.5,0.5,0.0,2,2,1.0
fade_raid,5.0,opposite,88.5,Validation,1,0.0,-18.5,-18.5,0.0,1.0,0.0,1,1,1.0
fade_raid,5.0,opposite,89.75,Discovery,2,0.5,-16.625,-16.625,0.0,0.5,0.5,2,2,1.0
fade_raid,5.0,opposite,91.25,OOS,1,0.0,-84.5,-84.5,0.0,0.0,1.0,1,1,1.0
fade_raid,5.0,opposite,91.75,Validation,2,0.0,-29.125,-29.125,0.0,0.5,0.5,2,2,1.0
fade_raid,5.0,opposite,92.0,OOS,1,1.0,15.25,15.25,0.0,0.0,1.0,1,1,1.0
fade_raid,5.0,opposite,92.5,OOS,1,1.0,91.5,91.5,1.0,0.0,0.0,1,1,1.0
fade_raid,5.0,opposite,92.5,Validation,1,1.0,91.5,91.5,1.0,0.0,0.0,1,1,1.0
fade_raid,5.0,opposite,93.25,OOS,1,0.0,-205.0,-205.0,0.0,1.0,0.0,1,1,1.0
fade_raid,5.0,opposite,93.75,Discovery,1,0.0,-64.75,-64.75,0.0,1.0,0.0,1,1,1.0
fade_raid,5.0,opposite,94.25,Validation,1,1.0,93.25,93.25,1.0,0.0,0.0,1,1,1.0
fade_raid,5.0,opposite,96.75,Validation,1,1.0,95.75,95.75,1.0,0.0,0.0,1,1,1.0
fade_raid,5.0,opposite,97.0,Validation,2,0.0,-37.875,-37.875,0.0,1.0,0.0,2,2,1.0
fade_raid,5.0,opposite,97.5,Validation,1,1.0,96.5,96.5,1.0,0.0,0.0,1,1,1.0
fade_raid,5.0,opposite,98.5,Validation,1,0.0,-123.0,-123.0,0.0,1.0,0.0,1,1,1.0
fade_raid,5.0,opposite,99.0,Discovery,1,0.0,-49.75,-49.75,0.0,1.0,0.0,1,1,1.0
fade_raid,5.0,opposite,99.25,Validation,1,0.0,-33.5,-33.5,0.0,1.0,0.0,1,1,1.0
fade_raid,5.0,opposite,99.5,Validation,1,0.0,-14.25,-14.25,0.0,1.0,0.0,1,1,1.0
fade_raid,5.0,opposite,100.75,Validation,1,0.0,-18.75,-18.75,0.0,1.0,0.0,1,1,1.0
fade_raid,5.0,opposite,103.5,Validation,1,0.0,-32.0,-32.0,0.0,1.0,0.0,1,1,1.0
fade_raid,5.0,opposite,104.0,OOS,1,0.0,-24.75,-24.75,0.0,1.0,0.0,1,1,1.0
fade_raid,5.0,opposite,104.75,OOS,1,0.0,-49.75,-49.75,0.0,1.0,0.0,1,1,1.0
fade_raid,5.0,opposite,104.75,Validation,1,0.0,-14.25,-14.25,0.0,0.0,1.0,1,1,1.0
fade_raid,5.0,opposite,105.25,Validation,1,1.0,104.25,104.25,1.0,0.0,0.0,1,1,1.0
fade_raid,5.0,opposite,106.5,OOS,1,0.0,-22.5,-22.5,0.0,1.0,0.0,1,1,1.0
fade_raid,5.0,opposite,106.75,Validation,1,1.0,97.5,97.5,0.0,0.0,1.0,1,1,1.0
fade_raid,5.0,opposite,108.5,Validation,1,0.0,-14.5,-14.5,0.0,1.0,0.0,1,1,1.0
fade_raid,5.0,opposite,110.25,OOS,1,0.0,-20.25,-20.25,0.0,1.0,0.0,1,1,1.0
fade_raid,5.0,opposite,113.25,Validation,1,0.0,-14.75,-14.75,0.0,1.0,0.0,1,1,1.0
fade_raid,5.0,opposite,113.5,Validation,1,0.0,-30.25,-30.25,0.0,1.0,0.0,1,1,1.0
fade_raid,5.0,opposite,114.0,Discovery,1,0.0,-24.5,-24.5,0.0,0.0,1.0,1,1,1.0
fade_raid,5.0,opposite,114.25,Validation,1,0.0,-26.5,-26.5,0.0,1.0,0.0,1,1,1.0
fade_raid,5.0,opposite,115.25,OOS,1,1.0,114.25,114.25,1.0,0.0,0.0,1,1,1.0
fade_raid,5.0,opposite,119.5,Discovery,1,1.0,50.0,50.0,0.0,0.0,1.0,1,1,1.0
fade_raid,5.0,opposite,120.5,Validation,1,0.0,-48.5,-48.5,0.0,1.0,0.0,1,1,1.0
fade_raid,5.0,opposite,127.0,Validation,1,0.0,-21.75,-21.75,0.0,1.0,0.0,1,1,1.0
fade_raid,5.0,opposite,127.25,OOS,1,1.0,25.75,25.75,0.0,0.0,1.0,1,1,1.0
fade_raid,5.0,opposite,127.5,Discovery,1,0.0,-35.5,-35.5,0.0,1.0,0.0,1,1,1.0
fade_raid,5.0,opposite,132.0,Discovery,1,0.0,-16.0,-16.0,0.0,1.0,0.0,1,1,1.0
fade_raid,5.0,opposite,132.75,Validation,1,1.0,131.75,131.75,1.0,0.0,0.0,1,1,1.0
fade_raid,5.0,opposite,138.0,OOS,1,1.0,137.0,137.0,1.0,0.0,0.0,1,1,1.0
fade_raid,5.0,opposite,138.5,Validation,1,0.0,-9.0,-9.0,0.0,1.0,0.0,1,1,1.0
fade_raid,5.0,opposite,139.25,Validation,1,0.0,-16.5,-16.5,0.0,1.0,0.0,1,1,1.0
fade_raid,5.0,opposite,142.25,Validation,1,1.0,47.75,47.75,0.0,0.0,1.0,1,1,1.0
fade_raid,5.0,opposite,143.75,OOS,1,0.0,-34.5,-34.5,0.0,1.0,0.0,1,1,1.0
fade_raid,5.0,opposite,145.5,Validation,1,0.0,-20.25,-20.25,0.0,0.0,1.0,1,1,1.0
fade_raid,5.0,opposite,145.75,OOS,1,1.0,144.75,144.75,1.0,0.0,0.0,1,1,1.0
fade_raid,5.0,opposite,147.75,OOS,1,1.0,102.0,102.0,0.0,0.0,1.0,1,1,1.0
fade_raid,5.0,opposite,153.75,OOS,1,1.0,65.0,65.0,0.0,0.0,1.0,1,1,1.0
fade_raid,5.0,opposite,154.75,OOS,2,0.5,68.25,68.25,0.5,0.5,0.0,2,2,1.0
fade_raid,5.0,opposite,155.0,OOS,1,0.0,-73.25,-73.25,0.0,1.0,0.0,1,1,1.0
fade_raid,5.0,opposite,157.5,Validation,1,1.0,156.5,156.5,1.0,0.0,0.0,1,1,1.0
fade_raid,5.0,opposite,158.0,Validation,1,0.0,-15.75,-15.75,0.0,1.0,0.0,1,1,1.0
fade_raid,5.0,opposite,158.5,Validation,1,1.0,81.75,81.75,0.0,0.0,1.0,1,1,1.0
fade_raid,5.0,opposite,159.0,Validation,1,1.0,49.25,49.25,0.0,0.0,1.0,1,1,1.0
fade_raid,5.0,opposite,165.75,Validation,1,0.0,-94.5,-94.5,0.0,1.0,0.0,1,1,1.0
fade_raid,5.0,opposite,167.0,OOS,1,0.0,-11.25,-11.25,0.0,0.0,1.0,1,1,1.0
fade_raid,5.0,opposite,170.75,Validation,1,0.0,-44.25,-44.25,0.0,1.0,0.0,1,1,1.0
fade_raid,5.0,opposite,173.5,Validation,1,1.0,172.5,172.5,1.0,0.0,0.0,1,1,1.0
fade_raid,5.0,opposite,181.25,Validation,1,1.0,66.0,66.0,0.0,0.0,1.0,1,1,1.0
fade_raid,5.0,opposite,185.0,OOS,1,0.0,-11.25,-11.25,0.0,1.0,0.0,1,1,1.0
fade_raid,5.0,opposite,187.5,Discovery,1,1.0,186.5,186.5,1.0,0.0,0.0,1,1,1.0
fade_raid,5.0,opposite,204.25,OOS,1,0.0,-53.0,-53.0,0.0,1.0,0.0,1,1,1.0
fade_raid,5.0,opposite,205.25,Validation,1,0.0,-20.75,-20.75,0.0,1.0,0.0,1,1,1.0
fade_raid,5.0,opposite,207.0,Validation,1,0.0,-17.25,-17.25,0.0,1.0,0.0,1,1,1.0
fade_raid,5.0,opposite,215.0,Discovery,1,0.0,-17.5,-17.5,0.0,1.0,0.0,1,1,1.0
fade_raid,5.0,opposite,225.75,Validation,1,0.0,-10.25,-10.25,0.0,0.0,1.0,1,1,1.0
fade_raid,5.0,opposite,227.5,Validation,1,0.0,-9.0,-9.0,0.0,0.0,1.0,1,1,1.0
fade_raid,5.0,opposite,233.0,Validation,1,0.0,-48.0,-48.0,0.0,1.0,0.0,1,1,1.0
fade_raid,5.0,opposite,236.75,Validation,1,1.0,28.75,28.75,0.0,0.0,1.0,1,1,1.0
fade_raid,5.0,opposite,242.0,OOS,1,0.0,-25.75,-25.75,0.0,1.0,0.0,1,1,1.0
fade_raid,5.0,opposite,272.5,Validation,1,0.0,-24.75,-24.75,0.0,1.0,0.0,1,1,1.0
fade_raid,5.0,opposite,273.0,Validation,1,1.0,146.75,146.75,0.0,0.0,1.0,1,1,1.0
fade_raid,5.0,opposite,357.75,Validation,1,1.0,107.5,107.5,0.0,0.0,1.0,1,1,1.0
fade_raid,5.0,opposite,398.0,Validation,1,0.0,-43.25,-43.25,0.0,1.0,0.0,1,1,1.0
fade_raid,10.0,fixed,20.0,Discovery,205,0.5804878048780487,1.0707317073170732,6.75,0.44390243902439025,0.2975609756097561,0.25853658536585367,657,205,0.3120243531202435
fade_raid,10.0,fixed,20.0,OOS,89,0.6853932584269663,-4.806179775280899,19.0,0.6741573033707865,0.2808988764044944,0.0449438202247191,121,89,0.7355371900826446
fade_raid,10.0,fixed,20.0,Validation,242,0.6115702479338843,-1.1177685950413223,19.0,0.6074380165289256,0.359504132231405,0.03305785123966942,334,242,0.7245508982035929
fade_raid,10.0,fixed,25.0,Discovery,205,0.5609756097560976,1.7914634146341464,3.75,0.3853658536585366,0.3121951219512195,0.3024390243902439,657,205,0.3120243531202435
fade_raid,10.0,fixed,25.0,OOS,89,0.651685393258427,-4.067415730337078,24.0,0.6404494382022472,0.30337078651685395,0.056179775280898875,121,89,0.7355371900826446
fade_raid,10.0,fixed,25.0,Validation,242,0.5495867768595041,-1.0,24.0,0.5454545454545454,0.4090909090909091,0.045454545454545456,334,242,0.7245508982035929
fade_raid,10.0,fixed,30.0,Discovery,205,0.5317073170731708,1.8073170731707318,2.5,0.32682926829268294,0.32682926829268294,0.3463414634146341,657,205,0.3120243531202435
fade_raid,10.0,fixed,30.0,OOS,89,0.6179775280898876,-3.1769662921348316,29.0,0.6067415730337079,0.33707865168539325,0.056179775280898875,121,89,0.7355371900826446
fade_raid,10.0,fixed,30.0,Validation,242,0.5371900826446281,0.8657024793388429,29.0,0.5247933884297521,0.4132231404958678,0.06198347107438017,334,242,0.7245508982035929
fade_raid,10.0,opposite,0.25,Discovery,2,0.0,-0.75,-0.75,1.0,0.0,0.0,2,2,1.0
fade_raid,10.0,opposite,0.25,Validation,1,0.0,-0.75,-0.75,1.0,0.0,0.0,1,1,1.0
fade_raid,10.0,opposite,0.5,Discovery,3,0.0,-0.5,-0.5,1.0,0.0,0.0,3,3,1.0
fade_raid,10.0,opposite,0.75,Discovery,1,0.0,-0.25,-0.25,1.0,0.0,0.0,1,1,1.0
fade_raid,10.0,opposite,0.75,Validation,1,0.0,-0.25,-0.25,1.0,0.0,0.0,1,1,1.0
fade_raid,10.0,opposite,1.0,Discovery,2,0.0,0.0,0.0,1.0,0.0,0.0,2,2,1.0
fade_raid,10.0,opposite,1.0,Validation,2,0.0,0.0,0.0,1.0,0.0,0.0,2,2,1.0
fade_raid,10.0,opposite,1.25,Discovery,2,1.0,0.25,0.25,1.0,0.0,0.0,2,2,1.0
fade_raid,10.0,opposite,1.5,Discovery,2,1.0,0.5,0.5,1.0,0.0,0.0,2,2,1.0
fade_raid,10.0,opposite,1.5,OOS,1,0.0,-26.0,-26.0,0.0,1.0,0.0,1,1,1.0
fade_raid,10.0,opposite,1.75,Discovery,1,1.0,0.75,0.75,1.0,0.0,0.0,1,1,1.0
fade_raid,10.0,opposite,1.75,Validation,1,1.0,0.75,0.75,1.0,0.0,0.0,1,1,1.0
fade_raid,10.0,opposite,2.0,Validation,1,1.0,1.0,1.0,1.0,0.0,0.0,1,1,1.0
fade_raid,10.0,opposite,2.25,Discovery,1,1.0,1.25,1.25,1.0,0.0,0.0,1,1,1.0
fade_raid,10.0,opposite,2.5,OOS,1,1.0,1.5,1.5,1.0,0.0,0.0,1,1,1.0
fade_raid,10.0,opposite,2.5,Validation,1,1.0,1.5,1.5,1.0,0.0,0.0,1,1,1.0
fade_raid,10.0,opposite,2.75,Discovery,2,1.0,1.75,1.75,1.0,0.0,0.0,2,2,1.0
fade_raid,10.0,opposite,3.0,Discovery,1,1.0,2.0,2.0,1.0,0.0,0.0,1,1,1.0
fade_raid,10.0,opposite,3.0,Validation,3,1.0,2.0,2.0,1.0,0.0,0.0,3,3,1.0
fade_raid,10.0,opposite,3.25,Discovery,4,0.75,-7.625,2.25,0.75,0.25,0.0,4,4,1.0
fade_raid,10.0,opposite,3.5,Discovery,1,1.0,2.5,2.5,1.0,0.0,0.0,1,1,1.0
fade_raid,10.0,opposite,3.75,Discovery,1,0.0,-15.0,-15.0,0.0,1.0,0.0,1,1,1.0
fade_raid,10.0,opposite,3.75,Validation,1,1.0,2.75,2.75,1.0,0.0,0.0,1,1,1.0
fade_raid,10.0,opposite,4.0,Discovery,2,1.0,3.0,3.0,1.0,0.0,0.0,2,2,1.0
fade_raid,10.0,opposite,4.0,Validation,1,1.0,3.0,3.0,1.0,0.0,0.0,1,1,1.0
fade_raid,10.0,opposite,4.25,Discovery,1,1.0,3.25,3.25,1.0,0.0,0.0,1,1,1.0
fade_raid,10.0,opposite,4.5,Discovery,2,1.0,3.5,3.5,1.0,0.0,0.0,2,2,1.0
fade_raid,10.0,opposite,4.75,Discovery,5,1.0,3.75,3.75,1.0,0.0,0.0,5,5,1.0
fade_raid,10.0,opposite,4.75,Validation,2,1.0,3.75,3.75,1.0,0.0,0.0,2,2,1.0
fade_raid,10.0,opposite,5.0,Discovery,1,1.0,4.0,4.0,1.0,0.0,0.0,1,1,1.0
fade_raid,10.0,opposite,5.0,Validation,2,1.0,4.0,4.0,1.0,0.0,0.0,2,2,1.0
fade_raid,10.0,opposite,5.25,Discovery,4,0.75,-0.375,4.25,0.75,0.25,0.0,4,4,1.0
fade_raid,10.0,opposite,5.25,Validation,1,1.0,4.25,4.25,1.0,0.0,0.0,1,1,1.0
fade_raid,10.0,opposite,5.5,Discovery,2,1.0,4.5,4.5,1.0,0.0,0.0,2,2,1.0
fade_raid,10.0,opposite,5.5,Validation,1,1.0,4.5,4.5,1.0,0.0,0.0,1,1,1.0
fade_raid,10.0,opposite,5.75,OOS,1,1.0,4.75,4.75,1.0,0.0,0.0,1,1,1.0
fade_raid,10.0,opposite,6.0,Discovery,1,1.0,5.0,5.0,1.0,0.0,0.0,1,1,1.0
fade_raid,10.0,opposite,6.0,Validation,1,1.0,5.0,5.0,1.0,0.0,0.0,1,1,1.0
fade_raid,10.0,opposite,6.25,Discovery,3,0.6666666666666666,1.5,5.25,0.6666666666666666,0.0,0.3333333333333333,3,3,1.0
fade_raid,10.0,opposite,6.5,Discovery,3,1.0,5.5,5.5,1.0,0.0,0.0,3,3,1.0
fade_raid,10.0,opposite,6.75,Discovery,2,1.0,5.75,5.75,1.0,0.0,0.0,2,2,1.0
fade_raid,10.0,opposite,6.75,Validation,1,1.0,5.75,5.75,1.0,0.0,0.0,1,1,1.0
fade_raid,10.0,opposite,7.25,Discovery,2,0.5,0.375,0.375,0.5,0.0,0.5,2,2,1.0
fade_raid,10.0,opposite,7.5,Discovery,1,1.0,6.5,6.5,1.0,0.0,0.0,1,1,1.0
fade_raid,10.0,opposite,7.75,Discovery,2,0.5,-2.75,-2.75,0.5,0.5,0.0,2,2,1.0
fade_raid,10.0,opposite,7.75,Validation,1,1.0,6.75,6.75,1.0,0.0,0.0,1,1,1.0
fade_raid,10.0,opposite,8.0,Discovery,2,0.5,-4.125,-4.125,0.5,0.5,0.0,2,2,1.0
fade_raid,10.0,opposite,8.0,Validation,1,0.0,-27.0,-27.0,0.0,1.0,0.0,1,1,1.0
fade_raid,10.0,opposite,8.5,Discovery,2,1.0,7.5,7.5,1.0,0.0,0.0,2,2,1.0
fade_raid,10.0,opposite,8.5,Validation,1,1.0,7.5,7.5,1.0,0.0,0.0,1,1,1.0
fade_raid,10.0,opposite,8.75,Discovery,2,0.5,-3.125,-3.125,0.5,0.5,0.0,2,2,1.0
fade_raid,10.0,opposite,9.0,Discovery,4,0.75,2.1875,8.0,0.75,0.25,0.0,4,4,1.0
fade_raid,10.0,opposite,9.0,Validation,1,1.0,8.0,8.0,1.0,0.0,0.0,1,1,1.0
fade_raid,10.0,opposite,9.25,Discovery,2,0.5,-5.375,-5.375,0.5,0.5,0.0,2,2,1.0
fade_raid,10.0,opposite,9.5,Discovery,2,1.0,8.5,8.5,1.0,0.0,0.0,2,2,1.0
fade_raid,10.0,opposite,9.75,Validation,1,1.0,8.75,8.75,1.0,0.0,0.0,1,1,1.0
fade_raid,10.0,opposite,10.0,Discovery,1,0.0,-16.5,-16.5,0.0,1.0,0.0,1,1,1.0
fade_raid,10.0,opposite,10.25,Discovery,2,0.5,1.5,1.5,0.5,0.0,0.5,2,2,1.0
fade_raid,10.0,opposite,10.5,Discovery,1,1.0,9.5,9.5,1.0,0.0,0.0,1,1,1.0
fade_raid,10.0,opposite,10.5,Validation,1,1.0,9.5,9.5,1.0,0.0,0.0,1,1,1.0
fade_raid,10.0,opposite,10.75,Discovery,2,0.5,3.125,3.125,0.5,0.0,0.5,2,2,1.0
fade_raid,10.0,opposite,10.75,Validation,1,1.0,9.75,9.75,1.0,0.0,0.0,1,1,1.0
fade_raid,10.0,opposite,11.0,Discovery,1,0.0,-3.5,-3.5,0.0,0.0,1.0,1,1,1.0
fade_raid,10.0,opposite,11.25,Discovery,1,1.0,10.25,10.25,1.0,0.0,0.0,1,1,1.0
fade_raid,10.0,opposite,11.25,Validation,2,0.0,-10.875,-10.875,0.0,0.5,0.5,2,2,1.0
fade_raid,10.0,opposite,11.75,Discovery,1,0.0,-27.5,-27.5,0.0,1.0,0.0,1,1,1.0
fade_raid,10.0,opposite,12.25,Discovery,1,1.0,11.25,11.25,1.0,0.0,0.0,1,1,1.0
fade_raid,10.0,opposite,12.25,Validation,1,1.0,11.25,11.25,1.0,0.0,0.0,1,1,1.0
fade_raid,10.0,opposite,12.5,Discovery,1,1.0,11.5,11.5,1.0,0.0,0.0,1,1,1.0
fade_raid,10.0,opposite,13.0,Discovery,1,0.0,-17.75,-17.75,0.0,1.0,0.0,1,1,1.0
fade_raid,10.0,opposite,13.0,Validation,2,1.0,12.0,12.0,1.0,0.0,0.0,2,2,1.0
fade_raid,10.0,opposite,13.25,Discovery,1,1.0,12.25,12.25,1.0,0.0,0.0,1,1,1.0
fade_raid,10.0,opposite,13.25,Validation,1,1.0,12.25,12.25,1.0,0.0,0.0,1,1,1.0
fade_raid,10.0,opposite,13.5,Discovery,1,1.0,12.5,12.5,1.0,0.0,0.0,1,1,1.0
fade_raid,10.0,opposite,13.5,OOS,1,1.0,12.5,12.5,1.0,0.0,0.0,1,1,1.0
fade_raid,10.0,opposite,13.5,Validation,2,0.5,-8.625,-8.625,0.5,0.5,0.0,2,2,1.0
fade_raid,10.0,opposite,13.75,Discovery,1,0.0,-19.5,-19.5,0.0,1.0,0.0,1,1,1.0
fade_raid,10.0,opposite,13.75,Validation,1,1.0,12.75,12.75,1.0,0.0,0.0,1,1,1.0
fade_raid,10.0,opposite,14.0,Validation,2,0.5,-4.0,-4.0,0.5,0.5,0.0,2,2,1.0
fade_raid,10.0,opposite,14.5,Discovery,2,0.5,-8.25,-8.25,0.5,0.5,0.0,2,2,1.0
fade_raid,10.0,opposite,14.5,Validation,1,1.0,13.5,13.5,1.0,0.0,0.0,1,1,1.0
fade_raid,10.0,opposite,14.75,Discovery,2,0.5,0.125,0.125,0.5,0.5,0.0,2,2,1.0
fade_raid,10.0,opposite,15.0,Discovery,1,0.0,-3.25,-3.25,0.0,0.0,1.0,1,1,1.0
fade_raid,10.0,opposite,15.0,Validation,1,1.0,14.0,14.0,1.0,0.0,0.0,1,1,1.0
fade_raid,10.0,opposite,15.25,Discovery,2,1.0,14.25,14.25,1.0,0.0,0.0,2,2,1.0
fade_raid,10.0,opposite,15.5,Discovery,2,0.5,-7.625,-7.625,0.5,0.0,0.5,2,2,1.0
fade_raid,10.0,opposite,15.5,OOS,2,1.0,14.5,14.5,1.0,0.0,0.0,2,2,1.0
fade_raid,10.0,opposite,15.5,Validation,1,0.0,-19.0,-19.0,0.0,1.0,0.0,1,1,1.0
fade_raid,10.0,opposite,15.75,Discovery,2,0.5,-14.625,-14.625,0.5,0.5,0.0,2,2,1.0
fade_raid,10.0,opposite,16.0,Validation,1,0.0,-30.0,-30.0,0.0,0.0,1.0,1,1,1.0
fade_raid,10.0,opposite,16.5,Validation,2,1.0,15.5,15.5,1.0,0.0,0.0,2,2,1.0
fade_raid,10.0,opposite,16.75,Discovery,2,1.0,15.75,15.75,1.0,0.0,0.0,2,2,1.0
fade_raid,10.0,opposite,17.0,Discovery,1,1.0,0.5,0.5,0.0,0.0,1.0,1,1,1.0
fade_raid,10.0,opposite,17.0,OOS,1,0.0,-23.25,-23.25,0.0,1.0,0.0,1,1,1.0
fade_raid,10.0,opposite,17.25,Discovery,1,1.0,16.25,16.25,1.0,0.0,0.0,1,1,1.0
fade_raid,10.0,opposite,17.25,Validation,2,1.0,16.25,16.25,1.0,0.0,0.0,2,2,1.0
fade_raid,10.0,opposite,17.5,Discovery,2,0.5,0.5,0.5,0.5,0.5,0.0,2,2,1.0
fade_raid,10.0,opposite,18.0,Discovery,1,1.0,17.0,17.0,1.0,0.0,0.0,1,1,1.0
fade_raid,10.0,opposite,18.0,Validation,1,1.0,17.0,17.0,1.0,0.0,0.0,1,1,1.0
fade_raid,10.0,opposite,18.25,Validation,1,1.0,17.25,17.25,1.0,0.0,0.0,1,1,1.0
fade_raid,10.0,opposite,19.25,Validation,1,0.0,-29.0,-29.0,0.0,1.0,0.0,1,1,1.0
fade_raid,10.0,opposite,19.75,Validation,1,1.0,18.75,18.75,1.0,0.0,0.0,1,1,1.0
fade_raid,10.0,opposite,20.5,Discovery,1,0.0,-2.0,-2.0,0.0,0.0,1.0,1,1,1.0
fade_raid,10.0,opposite,20.5,OOS,1,0.0,-68.0,-68.0,0.0,1.0,0.0,1,1,1.0
fade_raid,10.0,opposite,20.75,Discovery,2,0.0,-18.625,-18.625,0.0,1.0,0.0,2,2,1.0
fade_raid,10.0,opposite,21.0,Validation,2,1.0,20.0,20.0,1.0,0.0,0.0,2,2,1.0
fade_raid,10.0,opposite,21.25,Discovery,1,0.0,-21.25,-21.25,0.0,1.0,0.0,1,1,1.0
fade_raid,10.0,opposite,21.25,Validation,1,1.0,20.25,20.25,1.0,0.0,0.0,1,1,1.0
fade_raid,10.0,opposite,21.75,Validation,1,0.0,-18.5,-18.5,0.0,1.0,0.0,1,1,1.0
fade_raid,10.0,opposite,22.25,Discovery,1,0.0,-17.25,-17.25,0.0,1.0,0.0,1,1,1.0
fade_raid,10.0,opposite,22.25,OOS,1,1.0,21.25,21.25,1.0,0.0,0.0,1,1,1.0
fade_raid,10.0,opposite,22.75,Validation,1,1.0,21.75,21.75,1.0,0.0,0.0,1,1,1.0
fade_raid,10.0,opposite,23.5,OOS,1,1.0,22.5,22.5,1.0,0.0,0.0,1,1,1.0
fade_raid,10.0,opposite,23.5,Validation,1,0.0,-57.25,-57.25,0.0,1.0,0.0,1,1,1.0
fade_raid,10.0,opposite,23.75,Discovery,1,1.0,22.75,22.75,1.0,0.0,0.0,1,1,1.0
fade_raid,10.0,opposite,24.25,Discovery,1,0.0,-32.0,-32.0,0.0,1.0,0.0,1,1,1.0
fade_raid,10.0,opposite,24.5,Discovery,1,0.0,-16.25,-16.25,0.0,1.0,0.0,1,1,1.0
fade_raid,10.0,opposite,24.5,Validation,2,0.5,10.375,10.375,0.5,0.0,0.5,2,2,1.0
fade_raid,10.0,opposite,24.75,Discovery,1,1.0,23.75,23.75,1.0,0.0,0.0,1,1,1.0
fade_raid,10.0,opposite,24.75,Validation,1,1.0,23.75,23.75,1.0,0.0,0.0,1,1,1.0
fade_raid,10.0,opposite,25.25,Discovery,2,1.0,15.875,15.875,0.5,0.0,0.5,2,2,1.0
fade_raid,10.0,opposite,25.25,Validation,1,0.0,-36.5,-36.5,0.0,1.0,0.0,1,1,1.0
fade_raid,10.0,opposite,25.5,Validation,1,0.0,-22.25,-22.25,0.0,1.0,0.0,1,1,1.0
fade_raid,10.0,opposite,25.75,Validation,1,0.0,-25.25,-25.25,0.0,1.0,0.0,1,1,1.0
fade_raid,10.0,opposite,26.0,Validation,1,0.0,-17.0,-17.0,0.0,1.0,0.0,1,1,1.0
fade_raid,10.0,opposite,26.25,OOS,1,0.0,-83.25,-83.25,0.0,1.0,0.0,1,1,1.0
fade_raid,10.0,opposite,26.25,Validation,1,0.0,-31.5,-31.5,0.0,1.0,0.0,1,1,1.0
fade_raid,10.0,opposite,26.5,Discovery,1,0.0,-18.25,-18.25,0.0,1.0,0.0,1,1,1.0
fade_raid,10.0,opposite,26.5,Validation,1,1.0,25.5,25.5,1.0,0.0,0.0,1,1,1.0
fade_raid,10.0,opposite,27.5,Discovery,1,1.0,26.5,26.5,1.0,0.0,0.0,1,1,1.0
fade_raid,10.0,opposite,28.0,Discovery,1,0.0,-8.25,-8.25,0.0,0.0,1.0,1,1,1.0
fade_raid,10.0,opposite,28.5,Discovery,1,0.0,-27.25,-27.25,0.0,1.0,0.0,1,1,1.0
fade_raid,10.0,opposite,29.0,Discovery,1,1.0,28.0,28.0,1.0,0.0,0.0,1,1,1.0
fade_raid,10.0,opposite,29.0,OOS,2,0.5,-7.5,-7.5,0.5,0.5,0.0,2,2,1.0
fade_raid,10.0,opposite,29.25,Validation,2,0.5,5.0,5.0,0.5,0.5,0.0,2,2,1.0
fade_raid,10.0,opposite,29.5,Validation,1,0.0,-35.0,-35.0,0.0,1.0,0.0,1,1,1.0
fade_raid,10.0,opposite,29.75,Validation,1,0.0,-40.75,-40.75,0.0,1.0,0.0,1,1,1.0
fade_raid,10.0,opposite,30.0,Discovery,1,1.0,29.0,29.0,1.0,0.0,0.0,1,1,1.0
fade_raid,10.0,opposite,30.25,OOS,1,1.0,29.25,29.25,1.0,0.0,0.0,1,1,1.0
fade_raid,10.0,opposite,30.75,Discovery,1,1.0,29.75,29.75,1.0,0.0,0.0,1,1,1.0
fade_raid,10.0,opposite,30.75,OOS,2,1.0,29.75,29.75,1.0,0.0,0.0,2,2,1.0
fade_raid,10.0,opposite,30.75,Validation,1,1.0,29.75,29.75,1.0,0.0,0.0,1,1,1.0
fade_raid,10.0,opposite,31.0,Discovery,1,0.0,-39.75,-39.75,0.0,1.0,0.0,1,1,1.0
fade_raid,10.0,opposite,31.0,Validation,1,1.0,30.0,30.0,1.0,0.0,0.0,1,1,1.0
fade_raid,10.0,opposite,31.25,OOS,1,1.0,5.75,5.75,0.0,0.0,1.0,1,1,1.0
fade_raid,10.0,opposite,31.25,Validation,1,0.0,-18.75,-18.75,0.0,1.0,0.0,1,1,1.0
fade_raid,10.0,opposite,31.5,Validation,1,0.0,-24.25,-24.25,0.0,1.0,0.0,1,1,1.0
fade_raid,10.0,opposite,31.75,Validation,1,1.0,30.75,30.75,1.0,0.0,0.0,1,1,1.0
fade_raid,10.0,opposite,32.0,Validation,1,1.0,31.0,31.0,1.0,0.0,0.0,1,1,1.0
fade_raid,10.0,opposite,32.25,Validation,1,0.0,-16.0,-16.0,0.0,1.0,0.0,1,1,1.0
fade_raid,10.0,opposite,33.0,Validation,1,0.0,-43.0,-43.0,0.0,1.0,0.0,1,1,1.0
fade_raid,10.0,opposite,33.25,Discovery,1,1.0,17.25,17.25,0.0,0.0,1.0,1,1,1.0
fade_raid,10.0,opposite,33.75,Discovery,1,0.0,-75.75,-75.75,0.0,1.0,0.0,1,1,1.0
fade_raid,10.0,opposite,33.75,OOS,1,1.0,32.75,32.75,1.0,0.0,0.0,1,1,1.0
fade_raid,10.0,opposite,34.0,Validation,1,1.0,33.0,33.0,1.0,0.0,0.0,1,1,1.0
fade_raid,10.0,opposite,34.5,Validation,2,1.0,33.5,33.5,1.0,0.0,0.0,2,2,1.0
fade_raid,10.0,opposite,35.0,Discovery,1,1.0,10.75,10.75,0.0,0.0,1.0,1,1,1.0
fade_raid,10.0,opposite,35.75,Discovery,1,0.0,-43.5,-43.5,0.0,1.0,0.0,1,1,1.0
fade_raid,10.0,opposite,35.75,OOS,1,1.0,34.75,34.75,1.0,0.0,0.0,1,1,1.0
fade_raid,10.0,opposite,36.25,Discovery,1,0.0,-25.5,-25.5,0.0,1.0,0.0,1,1,1.0
fade_raid,10.0,opposite,36.25,OOS,1,1.0,35.25,35.25,1.0,0.0,0.0,1,1,1.0
fade_raid,10.0,opposite,36.5,Validation,1,1.0,9.5,9.5,0.0,0.0,1.0,1,1,1.0
fade_raid,10.0,opposite,37.0,Discovery,1,1.0,36.0,36.0,1.0,0.0,0.0,1,1,1.0
fade_raid,10.0,opposite,37.5,Validation,1,1.0,36.5,36.5,1.0,0.0,0.0,1,1,1.0
fade_raid,10.0,opposite,38.0,Discovery,2,0.0,-22.0,-22.0,0.0,1.0,0.0,2,2,1.0
fade_raid,10.0,opposite,38.0,OOS,1,1.0,37.0,37.0,1.0,0.0,0.0,1,1,1.0
fade_raid,10.0,opposite,38.0,Validation,1,0.0,-15.5,-15.5,0.0,1.0,0.0,1,1,1.0
fade_raid,10.0,opposite,38.25,Discovery,1,0.0,-54.0,-54.0,0.0,1.0,0.0,1,1,1.0
fade_raid,10.0,opposite,38.25,Validation,3,0.6666666666666666,8.333333333333334,37.25,0.6666666666666666,0.3333333333333333,0.0,3,3,1.0
fade_raid,10.0,opposite,38.75,Validation,1,1.0,7.25,7.25,0.0,0.0,1.0,1,1,1.0
fade_raid,10.0,opposite,39.0,Validation,1,1.0,38.0,38.0,1.0,0.0,0.0,1,1,1.0
fade_raid,10.0,opposite,39.25,Validation,2,0.5,-9.125,-9.125,0.5,0.5,0.0,2,2,1.0
fade_raid,10.0,opposite,39.75,OOS,1,1.0,38.75,38.75,1.0,0.0,0.0,1,1,1.0
fade_raid,10.0,opposite,40.0,Validation,2,0.0,-21.875,-21.875,0.0,1.0,0.0,2,2,1.0
fade_raid,10.0,opposite,41.25,Validation,1,1.0,40.25,40.25,1.0,0.0,0.0,1,1,1.0
fade_raid,10.0,opposite,41.75,Discovery,1,0.0,-13.25,-13.25,0.0,1.0,0.0,1,1,1.0
fade_raid,10.0,opposite,41.75,Validation,2,1.0,40.75,40.75,1.0,0.0,0.0,2,2,1.0
fade_raid,10.0,opposite,42.0,Discovery,1,0.0,-21.5,-21.5,0.0,1.0,0.0,1,1,1.0
fade_raid,10.0,opposite,42.0,Validation,1,0.0,-25.25,-25.25,0.0,1.0,0.0,1,1,1.0
fade_raid,10.0,opposite,42.75,OOS,1,1.0,41.75,41.75,1.0,0.0,0.0,1,1,1.0
fade_raid,10.0,opposite,42.75,Validation,1,0.0,-33.0,-33.0,0.0,1.0,0.0,1,1,1.0
fade_raid,10.0,opposite,43.25,Discovery,2,0.0,-24.625,-24.625,0.0,0.5,0.5,2,2,1.0
fade_raid,10.0,opposite,43.5,Discovery,1,0.0,-32.25,-32.25,0.0,1.0,0.0,1,1,1.0
fade_raid,10.0,opposite,43.5,Validation,1,0.0,-31.0,-31.0,0.0,1.0,0.0,1,1,1.0
fade_raid,10.0,opposite,44.0,OOS,1,0.0,-30.25,-30.25,0.0,1.0,0.0,1,1,1.0
fade_raid,10.0,opposite,44.25,Validation,2,0.0,-17.125,-17.125,0.0,1.0,0.0,2,2,1.0
fade_raid,10.0,opposite,45.25,OOS,1,1.0,44.25,44.25,1.0,0.0,0.0,1,1,1.0
fade_raid,10.0,opposite,45.75,OOS,1,0.0,-30.25,-30.25,0.0,1.0,0.0,1,1,1.0
fade_raid,10.0,opposite,45.75,Validation,1,0.0,-46.75,-46.75,0.0,1.0,0.0,1,1,1.0
fade_raid,10.0,opposite,46.0,Validation,1,1.0,45.0,45.0,1.0,0.0,0.0,1,1,1.0
fade_raid,10.0,opposite,46.5,Discovery,1,1.0,45.5,45.5,1.0,0.0,0.0,1,1,1.0
fade_raid,10.0,opposite,46.5,Validation,1,1.0,45.5,45.5,1.0,0.0,0.0,1,1,1.0
fade_raid,10.0,opposite,47.0,Validation,1,0.0,-34.0,-34.0,0.0,1.0,0.0,1,1,1.0
fade_raid,10.0,opposite,47.25,Discovery,1,0.0,-14.25,-14.25,0.0,1.0,0.0,1,1,1.0
fade_raid,10.0,opposite,47.25,OOS,1,1.0,46.25,46.25,1.0,0.0,0.0,1,1,1.0
fade_raid,10.0,opposite,47.25,Validation,1,0.0,-18.25,-18.25,0.0,1.0,0.0,1,1,1.0
fade_raid,10.0,opposite,47.5,Validation,1,0.0,-30.0,-30.0,0.0,0.0,1.0,1,1,1.0
fade_raid,10.0,opposite,47.75,Validation,1,1.0,46.75,46.75,1.0,0.0,0.0,1,1,1.0
fade_raid,10.0,opposite,48.0,Validation,1,0.0,-20.75,-20.75,0.0,1.0,0.0,1,1,1.0
fade_raid,10.0,opposite,49.0,Validation,1,0.0,-21.75,-21.75,0.0,1.0,0.0,1,1,1.0
fade_raid,10.0,opposite,49.5,OOS,1,0.0,-40.5,-40.5,0.0,1.0,0.0,1,1,1.0
fade_raid,10.0,opposite,50.25,OOS,1,0.0,-15.0,-15.0,0.0,0.0,1.0,1,1,1.0
fade_raid,10.0,opposite,50.25,Validation,1,1.0,49.25,49.25,1.0,0.0,0.0,1,1,1.0
fade_raid,10.0,opposite,50.75,OOS,1,0.0,-70.25,-70.25,0.0,1.0,0.0,1,1,1.0
fade_raid,10.0,opposite,50.75,Validation,1,1.0,49.75,49.75,1.0,0.0,0.0,1,1,1.0
fade_raid,10.0,opposite,51.25,Discovery,1,1.0,50.25,50.25,1.0,0.0,0.0,1,1,1.0
fade_raid,10.0,opposite,51.25,Validation,3,0.3333333333333333,-14.833333333333334,-25.0,0.0,0.6666666666666666,0.3333333333333333,3,3,1.0
fade_raid,10.0,opposite,52.0,OOS,1,1.0,51.0,51.0,1.0,0.0,0.0,1,1,1.0
fade_raid,10.0,opposite,52.0,Validation,1,0.0,-19.0,-19.0,0.0,1.0,0.0,1,1,1.0
fade_raid,10.0,opposite,54.0,OOS,1,0.0,-101.0,-101.0,0.0,1.0,0.0,1,1,1.0
fade_raid,10.0,opposite,54.25,Validation,1,1.0,26.5,26.5,0.0,0.0,1.0,1,1,1.0
fade_raid,10.0,opposite,55.5,Discovery,1,0.0,-25.5,-25.5,0.0,1.0,0.0,1,1,1.0
fade_raid,10.0,opposite,55.5,Validation,1,0.0,-19.0,-19.0,0.0,1.0,0.0,1,1,1.0
fade_raid,10.0,opposite,56.0,OOS,1,1.0,55.0,55.0,1.0,0.0,0.0,1,1,1.0
fade_raid,10.0,opposite,56.25,Validation,1,0.0,-26.0,-26.0,0.0,1.0,0.0,1,1,1.0
fade_raid,10.0,opposite,56.75,OOS,1,1.0,55.75,55.75,1.0,0.0,0.0,1,1,1.0
fade_raid,10.0,opposite,56.75,Validation,1,0.0,-33.5,-33.5,0.0,1.0,0.0,1,1,1.0
fade_raid,10.0,opposite,57.75,Discovery,1,1.0,16.0,16.0,0.0,0.0,1.0,1,1,1.0
fade_raid,10.0,opposite,58.25,OOS,1,1.0,57.25,57.25,1.0,0.0,0.0,1,1,1.0
fade_raid,10.0,opposite,59.0,Validation,1,1.0,58.0,58.0,1.0,0.0,0.0,1,1,1.0
fade_raid,10.0,opposite,59.5,Validation,2,0.5,22.0,22.0,0.5,0.0,0.5,2,2,1.0
fade_raid,10.0,opposite,60.0,OOS,1,1.0,59.0,59.0,1.0,0.0,0.0,1,1,1.0
fade_raid,10.0,opposite,61.25,Validation,1,0.0,-62.5,-62.5,0.0,1.0,0.0,1,1,1.0
fade_raid,10.0,opposite,61.5,Validation,1,1.0,31.0,31.0,0.0,0.0,1.0,1,1,1.0
fade_raid,10.0,opposite,62.25,Validation,2,0.5,0.875,0.875,0.5,0.5,0.0,2,2,1.0
fade_raid,10.0,opposite,64.5,OOS,1,1.0,63.5,63.5,1.0,0.0,0.0,1,1,1.0
fade_raid,10.0,opposite,65.75,Validation,1,1.0,64.75,64.75,1.0,0.0,0.0,1,1,1.0
fade_raid,10.0,opposite,66.75,OOS,2,1.0,65.75,65.75,1.0,0.0,0.0,2,2,1.0
fade_raid,10.0,opposite,67.5,Validation,1,0.0,-26.0,-26.0,0.0,1.0,0.0,1,1,1.0
fade_raid,10.0,opposite,67.75,Discovery,1,0.0,-21.0,-21.0,0.0,1.0,0.0,1,1,1.0
fade_raid,10.0,opposite,67.75,Validation,2,1.0,66.75,66.75,1.0,0.0,0.0,2,2,1.0
fade_raid,10.0,opposite,68.75,Validation,1,0.0,-49.25,-49.25,0.0,1.0,0.0,1,1,1.0
fade_raid,10.0,opposite,69.25,Discovery,1,1.0,43.0,43.0,0.0,0.0,1.0,1,1,1.0
fade_raid,10.0,opposite,69.75,Validation,1,0.0,-28.0,-28.0,0.0,1.0,0.0,1,1,1.0
fade_raid,10.0,opposite,70.5,Validation,1,0.0,-13.0,-13.0,0.0,1.0,0.0,1,1,1.0
fade_raid,10.0,opposite,70.75,Validation,1,0.0,-3.25,-3.25,0.0,0.0,1.0,1,1,1.0
fade_raid,10.0,opposite,71.25,Validation,1,0.0,-42.5,-42.5,0.0,1.0,0.0,1,1,1.0
fade_raid,10.0,opposite,72.5,Discovery,1,1.0,7.25,7.25,0.0,0.0,1.0,1,1,1.0
fade_raid,10.0,opposite,72.75,Validation,1,0.0,-36.25,-36.25,0.0,1.0,0.0,1,1,1.0
fade_raid,10.0,opposite,74.0,Validation,1,1.0,73.0,73.0,1.0,0.0,0.0,1,1,1.0
fade_raid,10.0,opposite,75.5,Discovery,1,0.0,-47.25,-47.25,0.0,1.0,0.0,1,1,1.0
fade_raid,10.0,opposite,76.0,Validation,1,0.0,-20.25,-20.25,0.0,1.0,0.0,1,1,1.0
fade_raid,10.0,opposite,76.25,Discovery,1,0.0,-35.25,-35.25,0.0,1.0,0.0,1,1,1.0
fade_raid,10.0,opposite,77.75,Validation,1,0.0,-39.75,-39.75,0.0,1.0,0.0,1,1,1.0
fade_raid,10.0,opposite,78.0,Discovery,1,1.0,77.0,77.0,1.0,0.0,0.0,1,1,1.0
fade_raid,10.0,opposite,78.5,Discovery,1,0.0,-22.75,-22.75,0.0,1.0,0.0,1,1,1.0
fade_raid,10.0,opposite,79.25,Validation,1,0.0,-21.25,-21.25,0.0,1.0,0.0,1,1,1.0
fade_raid,10.0,opposite,80.0,Validation,1,0.0,-40.0,-40.0,0.0,1.0,0.0,1,1,1.0
fade_raid,10.0,opposite,81.0,Discovery,1,1.0,80.0,80.0,1.0,0.0,0.0,1,1,1.0
fade_raid,10.0,opposite,81.75,Validation,1,0.0,-14.5,-14.5,0.0,1.0,0.0,1,1,1.0
fade_raid,10.0,opposite,82.25,Discovery,1,0.0,-19.75,-19.75,0.0,1.0,0.0,1,1,1.0
fade_raid,10.0,opposite,83.75,Validation,1,0.0,-18.5,-18.5,0.0,1.0,0.0,1,1,1.0
fade_raid,10.0,opposite,84.5,OOS,1,0.0,-32.75,-32.75,0.0,1.0,0.0,1,1,1.0
fade_raid,10.0,opposite,85.0,Validation,1,0.0,-44.25,-44.25,0.0,0.0,1.0,1,1,1.0
fade_raid,10.0,opposite,85.25,OOS,1,0.0,-34.75,-34.75,0.0,1.0,0.0,1,1,1.0
fade_raid,10.0,opposite,86.0,OOS,1,0.0,-15.5,-15.5,0.0,0.0,1.0,1,1,1.0
fade_raid,10.0,opposite,86.0,Validation,1,1.0,85.0,85.0,1.0,0.0,0.0,1,1,1.0
fade_raid,10.0,opposite,86.5,OOS,1,1.0,85.5,85.5,1.0,0.0,0.0,1,1,1.0
fade_raid,10.0,opposite,86.75,Validation,1,0.0,-30.75,-30.75,0.0,1.0,0.0,1,1,1.0
fade_raid,10.0,opposite,87.0,Validation,1,0.0,-25.25,-25.25,0.0,1.0,0.0,1,1,1.0
fade_raid,10.0,opposite,87.25,Validation,1,1.0,7.75,7.75,0.0,0.0,1.0,1,1,1.0
fade_raid,10.0,opposite,87.5,Validation,1,1.0,18.5,18.5,0.0,0.0,1.0,1,1,1.0
fade_raid,10.0,opposite,88.0,Validation,2,0.5,22.125,22.125,0.5,0.5,0.0,2,2,1.0
fade_raid,10.0,opposite,88.5,Validation,1,0.0,-18.5,-18.5,0.0,1.0,0.0,1,1,1.0
fade_raid,10.0,opposite,89.75,Discovery,2,0.5,-16.625,-16.625,0.0,0.5,0.5,2,2,1.0
fade_raid,10.0,opposite,91.25,OOS,1,0.0,-84.5,-84.5,0.0,0.0,1.0,1,1,1.0
fade_raid,10.0,opposite,91.75,Validation,2,0.0,-29.125,-29.125,0.0,0.5,0.5,2,2,1.0
fade_raid,10.0,opposite,92.0,OOS,1,1.0,15.25,15.25,0.0,0.0,1.0,1,1,1.0
fade_raid,10.0,opposite,92.5,OOS,1,1.0,91.5,91.5,1.0,0.0,0.0,1,1,1.0
fade_raid,10.0,opposite,92.5,Validation,1,1.0,91.5,91.5,1.0,0.0,0.0,1,1,1.0
fade_raid,10.0,opposite,93.25,OOS,1,0.0,-205.0,-205.0,0.0,1.0,0.0,1,1,1.0
fade_raid,10.0,opposite,93.75,Discovery,1,0.0,-64.75,-64.75,0.0,1.0,0.0,1,1,1.0
fade_raid,10.0,opposite,94.25,Validation,1,1.0,93.25,93.25,1.0,0.0,0.0,1,1,1.0
fade_raid,10.0,opposite,97.0,Validation,1,0.0,-63.75,-63.75,0.0,1.0,0.0,1,1,1.0
fade_raid,10.0,opposite,97.25,Validation,1,0.0,-15.0,-15.0,0.0,0.0,1.0,1,1,1.0
fade_raid,10.0,opposite,97.5,Validation,1,1.0,96.5,96.5,1.0,0.0,0.0,1,1,1.0
fade_raid,10.0,opposite,98.0,Validation,1,1.0,97.0,97.0,1.0,0.0,0.0,1,1,1.0
fade_raid,10.0,opposite,98.5,Validation,1,0.0,-123.0,-123.0,0.0,1.0,0.0,1,1,1.0
fade_raid,10.0,opposite,99.0,Discovery,1,0.0,-49.75,-49.75,0.0,1.0,0.0,1,1,1.0
fade_raid,10.0,opposite,99.25,Validation,1,0.0,-33.5,-33.5,0.0,1.0,0.0,1,1,1.0
fade_raid,10.0,opposite,100.25,Validation,1,0.0,-13.75,-13.75,0.0,1.0,0.0,1,1,1.0
fade_raid,10.0,opposite,103.5,Validation,1,0.0,-32.0,-32.0,0.0,1.0,0.0,1,1,1.0
fade_raid,10.0,opposite,104.0,OOS,1,0.0,-24.75,-24.75,0.0,1.0,0.0,1,1,1.0
fade_raid,10.0,opposite,104.75,OOS,1,0.0,-49.75,-49.75,0.0,1.0,0.0,1,1,1.0
fade_raid,10.0,opposite,104.75,Validation,1,0.0,-14.25,-14.25,0.0,0.0,1.0,1,1,1.0
fade_raid,10.0,opposite,105.25,Validation,1,1.0,104.25,104.25,1.0,0.0,0.0,1,1,1.0
fade_raid,10.0,opposite,106.5,OOS,1,0.0,-22.5,-22.5,0.0,1.0,0.0,1,1,1.0
fade_raid,10.0,opposite,106.75,Validation,1,1.0,97.5,97.5,0.0,0.0,1.0,1,1,1.0
fade_raid,10.0,opposite,108.5,Validation,1,0.0,-14.5,-14.5,0.0,1.0,0.0,1,1,1.0
fade_raid,10.0,opposite,110.25,OOS,1,0.0,-20.25,-20.25,0.0,1.0,0.0,1,1,1.0
fade_raid,10.0,opposite,113.0,Validation,1,0.0,-22.0,-22.0,0.0,1.0,0.0,1,1,1.0
fade_raid,10.0,opposite,113.5,Validation,1,0.0,-30.25,-30.25,0.0,1.0,0.0,1,1,1.0
fade_raid,10.0,opposite,114.0,Discovery,1,0.0,-24.5,-24.5,0.0,0.0,1.0,1,1,1.0
fade_raid,10.0,opposite,114.25,Validation,1,0.0,-26.5,-26.5,0.0,1.0,0.0,1,1,1.0
fade_raid,10.0,opposite,115.25,OOS,1,1.0,114.25,114.25,1.0,0.0,0.0,1,1,1.0
fade_raid,10.0,opposite,119.5,Discovery,1,1.0,50.0,50.0,0.0,0.0,1.0,1,1,1.0
fade_raid,10.0,opposite,120.5,Validation,1,0.0,-48.5,-48.5,0.0,1.0,0.0,1,1,1.0
fade_raid,10.0,opposite,122.0,Discovery,1,0.0,-29.5,-29.5,0.0,1.0,0.0,1,1,1.0
fade_raid,10.0,opposite,127.0,Validation,1,0.0,-21.75,-21.75,0.0,1.0,0.0,1,1,1.0
fade_raid,10.0,opposite,127.25,OOS,1,1.0,25.75,25.75,0.0,0.0,1.0,1,1,1.0
fade_raid,10.0,opposite,132.75,Validation,1,1.0,131.75,131.75,1.0,0.0,0.0,1,1,1.0
fade_raid,10.0,opposite,138.0,OOS,1,1.0,137.0,137.0,1.0,0.0,0.0,1,1,1.0
fade_raid,10.0,opposite,142.25,Validation,1,1.0,47.75,47.75,0.0,0.0,1.0,1,1,1.0
fade_raid,10.0,opposite,142.75,Validation,1,1.0,11.25,11.25,0.0,0.0,1.0,1,1,1.0
fade_raid,10.0,opposite,143.5,Discovery,1,1.0,98.25,98.25,0.0,0.0,1.0,1,1,1.0
fade_raid,10.0,opposite,143.75,OOS,1,0.0,-34.5,-34.5,0.0,1.0,0.0,1,1,1.0
fade_raid,10.0,opposite,145.5,Validation,1,0.0,-20.25,-20.25,0.0,0.0,1.0,1,1,1.0
fade_raid,10.0,opposite,145.75,OOS,1,1.0,144.75,144.75,1.0,0.0,0.0,1,1,1.0
fade_raid,10.0,opposite,147.75,OOS,1,1.0,102.0,102.0,0.0,0.0,1.0,1,1,1.0
fade_raid,10.0,opposite,153.0,Validation,1,1.0,115.0,115.0,0.0,0.0,1.0,1,1,1.0
fade_raid,10.0,opposite,154.75,OOS,2,0.5,68.25,68.25,0.5,0.5,0.0,2,2,1.0
fade_raid,10.0,opposite,155.0,OOS,1,0.0,-73.25,-73.25,0.0,1.0,0.0,1,1,1.0
fade_raid,10.0,opposite,157.5,Validation,1,1.0,156.5,156.5,1.0,0.0,0.0,1,1,1.0
fade_raid,10.0,opposite,158.5,Validation,1,1.0,81.75,81.75,0.0,0.0,1.0,1,1,1.0
fade_raid,10.0,opposite,159.0,Validation,1,1.0,49.25,49.25,0.0,0.0,1.0,1,1,1.0
fade_raid,10.0,opposite,165.75,Validation,1,0.0,-94.5,-94.5,0.0,1.0,0.0,1,1,1.0
fade_raid,10.0,opposite,167.0,OOS,1,0.0,-11.25,-11.25,0.0,0.0,1.0,1,1,1.0
fade_raid,10.0,opposite,170.75,Validation,1,0.0,-44.25,-44.25,0.0,1.0,0.0,1,1,1.0
fade_raid,10.0,opposite,173.5,Validation,1,1.0,172.5,172.5,1.0,0.0,0.0,1,1,1.0
fade_raid,10.0,opposite,185.75,OOS,1,1.0,35.0,35.0,0.0,0.0,1.0,1,1,1.0
fade_raid,10.0,opposite,187.5,Discovery,1,1.0,186.5,186.5,1.0,0.0,0.0,1,1,1.0
fade_raid,10.0,opposite,204.25,OOS,1,0.0,-53.0,-53.0,0.0,1.0,0.0,1,1,1.0
fade_raid,10.0,opposite,206.25,Validation,1,1.0,96.25,96.25,0.0,0.0,1.0,1,1,1.0
fade_raid,10.0,opposite,212.5,Validation,1,1.0,13.25,13.25,0.0,0.0,1.0,1,1,1.0
fade_raid,10.0,opposite,213.25,Discovery,1,1.0,129.25,129.25,0.0,0.0,1.0,1,1,1.0
fade_raid,10.0,opposite,225.75,Validation,1,0.0,-10.25,-10.25,0.0,0.0,1.0,1,1,1.0
fade_raid,10.0,opposite,227.5,Validation,1,0.0,-9.0,-9.0,0.0,0.0,1.0,1,1,1.0
fade_raid,10.0,opposite,236.75,Validation,1,1.0,28.75,28.75,0.0,0.0,1.0,1,1,1.0
fade_raid,10.0,opposite,250.5,OOS,1,0.0,-42.0,-42.0,0.0,1.0,0.0,1,1,1.0
fade_raid,10.0,opposite,263.75,Validation,1,0.0,-80.0,-80.0,0.0,1.0,0.0,1,1,1.0
fade_raid,10.0,opposite,272.5,Validation,1,0.0,-24.75,-24.75,0.0,1.0,0.0,1,1,1.0
fade_raid,10.0,opposite,357.75,Validation,1,1.0,107.5,107.5,0.0,0.0,1.0,1,1,1.0
fade_raid,10.0,opposite,398.0,Validation,1,0.0,-43.25,-43.25,0.0,1.0,0.0,1,1,1.0
oracle,5.0,fixed,20.0,Discovery,234,0.6282051282051282,5.042735042735043,10.25,0.44871794871794873,0.2777777777777778,0.27350427350427353,554,234,0.4223826714801444
oracle,5.0,fixed,20.0,OOS,83,0.7108433734939759,3.430722891566265,19.0,0.7108433734939759,0.2891566265060241,0.0,108,83,0.7685185185185185
oracle,5.0,fixed,20.0,Validation,196,0.7193877551020408,6.7895408163265305,19.0,0.7091836734693877,0.2602040816326531,0.030612244897959183,234,196,0.8376068376068376
oracle,5.0,fixed,25.0,Discovery,234,0.6196581196581197,6.346153846153846,8.625,0.39316239316239315,0.2863247863247863,0.32051282051282054,554,234,0.4223826714801444
oracle,5.0,fixed,25.0,OOS,83,0.6506024096385542,3.3072289156626504,24.0,0.6506024096385542,0.3373493975903614,0.012048192771084338,108,83,0.7685185185185185
oracle,5.0,fixed,25.0,Validation,196,0.6887755102040817,8.410714285714286,24.0,0.673469387755102,0.2857142857142857,0.04081632653061224,234,196,0.8376068376068376
oracle,5.0,fixed,30.0,Discovery,234,0.5982905982905983,6.911324786324786,7.5,0.32905982905982906,0.29914529914529914,0.3717948717948718,554,234,0.4223826714801444
oracle,5.0,fixed,30.0,OOS,83,0.5903614457831325,2.536144578313253,29.0,0.5903614457831325,0.39759036144578314,0.012048192771084338,108,83,0.7685185185185185
oracle,5.0,fixed,30.0,Validation,196,0.6632653061224489,10.380102040816327,29.0,0.6377551020408163,0.3112244897959184,0.05102040816326531,234,196,0.8376068376068376
oracle,5.0,opposite,0.25,Validation,3,0.0,-0.75,-0.75,1.0,0.0,0.0,3,3,1.0
oracle,5.0,opposite,0.5,Discovery,3,0.0,-0.5,-0.5,1.0,0.0,0.0,3,3,1.0
oracle,5.0,opposite,0.5,Validation,2,0.0,-0.5,-0.5,1.0,0.0,0.0,2,2,1.0
oracle,5.0,opposite,0.75,Discovery,2,0.0,-0.25,-0.25,1.0,0.0,0.0,2,2,1.0
oracle,5.0,opposite,1.0,Discovery,2,0.0,0.0,0.0,1.0,0.0,0.0,2,2,1.0
oracle,5.0,opposite,1.0,OOS,1,0.0,0.0,0.0,1.0,0.0,0.0,1,1,1.0
oracle,5.0,opposite,1.0,Validation,1,0.0,0.0,0.0,1.0,0.0,0.0,1,1,1.0
oracle,5.0,opposite,1.25,Discovery,2,1.0,0.25,0.25,1.0,0.0,0.0,2,2,1.0
oracle,5.0,opposite,1.5,Discovery,1,1.0,0.5,0.5,1.0,0.0,0.0,1,1,1.0
oracle,5.0,opposite,1.5,Validation,1,1.0,0.5,0.5,1.0,0.0,0.0,1,1,1.0
oracle,5.0,opposite,2.25,Discovery,1,1.0,1.25,1.25,1.0,0.0,0.0,1,1,1.0
oracle,5.0,opposite,2.25,OOS,1,1.0,1.25,1.25,1.0,0.0,0.0,1,1,1.0
oracle,5.0,opposite,2.5,Discovery,1,1.0,1.5,1.5,1.0,0.0,0.0,1,1,1.0
oracle,5.0,opposite,2.75,Discovery,2,1.0,1.75,1.75,1.0,0.0,0.0,2,2,1.0
oracle,5.0,opposite,2.75,Validation,2,1.0,1.75,1.75,1.0,0.0,0.0,2,2,1.0
oracle,5.0,opposite,3.0,Discovery,1,1.0,2.0,2.0,1.0,0.0,0.0,1,1,1.0
oracle,5.0,opposite,3.0,Validation,1,1.0,2.0,2.0,1.0,0.0,0.0,1,1,1.0
oracle,5.0,opposite,3.25,Discovery,1,1.0,2.25,2.25,1.0,0.0,0.0,1,1,1.0
oracle,5.0,opposite,3.5,Discovery,2,1.0,2.5,2.5,1.0,0.0,0.0,2,2,1.0
oracle,5.0,opposite,3.5,Validation,1,1.0,2.5,2.5,1.0,0.0,0.0,1,1,1.0
oracle,5.0,opposite,3.75,Validation,1,1.0,2.75,2.75,1.0,0.0,0.0,1,1,1.0
oracle,5.0,opposite,4.0,Discovery,2,1.0,3.0,3.0,1.0,0.0,0.0,2,2,1.0
oracle,5.0,opposite,4.0,Validation,1,1.0,3.0,3.0,1.0,0.0,0.0,1,1,1.0
oracle,5.0,opposite,4.25,Discovery,2,1.0,3.25,3.25,1.0,0.0,0.0,2,2,1.0
oracle,5.0,opposite,4.5,Discovery,2,0.5,-4.25,-4.25,0.5,0.5,0.0,2,2,1.0
oracle,5.0,opposite,4.75,Discovery,5,0.4,-4.3,-3.0,0.4,0.4,0.2,5,5,1.0
oracle,5.0,opposite,4.75,OOS,1,0.0,-26.5,-26.5,0.0,1.0,0.0,1,1,1.0
oracle,5.0,opposite,4.75,Validation,2,1.0,3.75,3.75,1.0,0.0,0.0,2,2,1.0
oracle,5.0,opposite,5.0,Discovery,2,0.5,-0.625,-0.625,0.5,0.0,0.5,2,2,1.0
oracle,5.0,opposite,5.0,Validation,2,1.0,4.0,4.0,1.0,0.0,0.0,2,2,1.0
oracle,5.0,opposite,5.25,Discovery,1,1.0,4.25,4.25,1.0,0.0,0.0,1,1,1.0
oracle,5.0,opposite,5.5,Discovery,2,0.5,-1.5,-1.5,0.5,0.5,0.0,2,2,1.0
oracle,5.0,opposite,5.5,Validation,1,1.0,4.5,4.5,1.0,0.0,0.0,1,1,1.0
oracle,5.0,opposite,6.0,Discovery,2,0.5,-3.0,-3.0,0.0,0.5,0.5,2,2,1.0
oracle,5.0,opposite,6.25,Discovery,1,1.0,5.25,5.25,1.0,0.0,0.0,1,1,1.0
oracle,5.0,opposite,6.25,Validation,1,1.0,5.25,5.25,1.0,0.0,0.0,1,1,1.0
oracle,5.0,opposite,6.5,Validation,1,1.0,5.5,5.5,1.0,0.0,0.0,1,1,1.0
oracle,5.0,opposite,7.0,Discovery,1,1.0,6.0,6.0,1.0,0.0,0.0,1,1,1.0
oracle,5.0,opposite,7.0,Validation,1,1.0,6.0,6.0,1.0,0.0,0.0,1,1,1.0
oracle,5.0,opposite,7.5,Validation,1,1.0,6.5,6.5,1.0,0.0,0.0,1,1,1.0
oracle,5.0,opposite,7.75,Discovery,1,1.0,6.75,6.75,1.0,0.0,0.0,1,1,1.0
oracle,5.0,opposite,8.0,Discovery,2,1.0,7.0,7.0,1.0,0.0,0.0,2,2,1.0
oracle,5.0,opposite,8.25,Validation,1,1.0,7.25,7.25,1.0,0.0,0.0,1,1,1.0
oracle,5.0,opposite,8.5,Validation,2,1.0,7.5,7.5,1.0,0.0,0.0,2,2,1.0
oracle,5.0,opposite,8.75,Discovery,1,0.0,-14.0,-14.0,0.0,1.0,0.0,1,1,1.0
oracle,5.0,opposite,9.0,Validation,1,1.0,8.0,8.0,1.0,0.0,0.0,1,1,1.0
oracle,5.0,opposite,9.25,Validation,1,1.0,8.25,8.25,1.0,0.0,0.0,1,1,1.0
oracle,5.0,opposite,9.75,Validation,3,1.0,8.75,8.75,1.0,0.0,0.0,3,3,1.0
oracle,5.0,opposite,10.0,Discovery,1,1.0,9.0,9.0,1.0,0.0,0.0,1,1,1.0
oracle,5.0,opposite,10.25,Discovery,1,1.0,9.25,9.25,1.0,0.0,0.0,1,1,1.0
oracle,5.0,opposite,10.75,Validation,1,1.0,9.75,9.75,1.0,0.0,0.0,1,1,1.0
oracle,5.0,opposite,11.0,Discovery,4,0.75,0.4375,10.0,0.75,0.25,0.0,4,4,1.0
oracle,5.0,opposite,11.0,Validation,1,1.0,10.0,10.0,1.0,0.0,0.0,1,1,1.0
oracle,5.0,opposite,11.25,Validation,1,0.0,-0.75,-0.75,0.0,0.0,1.0,1,1,1.0
oracle,5.0,opposite,11.5,Discovery,3,0.6666666666666666,3.0833333333333335,10.5,0.6666666666666666,0.3333333333333333,0.0,3,3,1.0
oracle,5.0,opposite,11.75,Discovery,1,1.0,10.75,10.75,1.0,0.0,0.0,1,1,1.0
oracle,5.0,opposite,12.25,Validation,1,1.0,11.25,11.25,1.0,0.0,0.0,1,1,1.0
oracle,5.0,opposite,12.5,Validation,1,0.0,-26.0,-26.0,0.0,1.0,0.0,1,1,1.0
oracle,5.0,opposite,12.75,Discovery,1,1.0,11.75,11.75,1.0,0.0,0.0,1,1,1.0
oracle,5.0,opposite,12.75,Validation,1,1.0,11.75,11.75,1.0,0.0,0.0,1,1,1.0
oracle,5.0,opposite,13.25,Discovery,1,1.0,12.25,12.25,1.0,0.0,0.0,1,1,1.0
oracle,5.0,opposite,13.5,Discovery,2,0.5,2.625,2.625,0.5,0.5,0.0,2,2,1.0
oracle,5.0,opposite,13.5,OOS,1,1.0,12.5,12.5,1.0,0.0,0.0,1,1,1.0
oracle,5.0,opposite,13.75,Validation,1,0.0,-15.75,-15.75,0.0,1.0,0.0,1,1,1.0
oracle,5.0,opposite,14.5,Discovery,1,1.0,13.5,13.5,1.0,0.0,0.0,1,1,1.0
oracle,5.0,opposite,14.5,Validation,3,0.6666666666666666,1.0833333333333333,13.5,0.6666666666666666,0.3333333333333333,0.0,3,3,1.0
oracle,5.0,opposite,14.75,Validation,1,1.0,13.75,13.75,1.0,0.0,0.0,1,1,1.0
oracle,5.0,opposite,15.75,Validation,2,0.5,-2.125,-2.125,0.5,0.5,0.0,2,2,1.0
oracle,5.0,opposite,16.25,Discovery,1,1.0,15.25,15.25,1.0,0.0,0.0,1,1,1.0
oracle,5.0,opposite,16.25,OOS,1,1.0,15.25,15.25,1.0,0.0,0.0,1,1,1.0
oracle,5.0,opposite,16.5,Discovery,1,1.0,15.5,15.5,1.0,0.0,0.0,1,1,1.0
oracle,5.0,opposite,16.5,Validation,1,0.0,-13.0,-13.0,0.0,1.0,0.0,1,1,1.0
oracle,5.0,opposite,16.75,OOS,2,0.5,-37.875,-37.875,0.5,0.5,0.0,2,2,1.0
oracle,5.0,opposite,17.0,Discovery,2,1.0,16.0,16.0,1.0,0.0,0.0,2,2,1.0
oracle,5.0,opposite,17.0,Validation,1,0.0,-23.75,-23.75,0.0,1.0,0.0,1,1,1.0
oracle,5.0,opposite,17.25,Validation,1,1.0,16.25,16.25,1.0,0.0,0.0,1,1,1.0
oracle,5.0,opposite,17.5,Discovery,1,1.0,16.5,16.5,1.0,0.0,0.0,1,1,1.0
oracle,5.0,opposite,18.0,Discovery,1,1.0,17.0,17.0,1.0,0.0,0.0,1,1,1.0
oracle,5.0,opposite,18.25,Discovery,1,1.0,10.0,10.0,0.0,0.0,1.0,1,1,1.0
oracle,5.0,opposite,18.5,OOS,1,1.0,17.5,17.5,1.0,0.0,0.0,1,1,1.0
oracle,5.0,opposite,18.75,OOS,1,1.0,17.75,17.75,1.0,0.0,0.0,1,1,1.0
oracle,5.0,opposite,20.5,Discovery,1,0.0,-8.25,-8.25,0.0,1.0,0.0,1,1,1.0
oracle,5.0,opposite,21.0,OOS,1,1.0,20.0,20.0,1.0,0.0,0.0,1,1,1.0
oracle,5.0,opposite,21.25,Discovery,1,1.0,20.25,20.25,1.0,0.0,0.0,1,1,1.0
oracle,5.0,opposite,21.25,Validation,2,1.0,20.25,20.25,1.0,0.0,0.0,2,2,1.0
oracle,5.0,opposite,22.75,OOS,1,1.0,21.75,21.75,1.0,0.0,0.0,1,1,1.0
oracle,5.0,opposite,22.75,Validation,2,1.0,21.75,21.75,1.0,0.0,0.0,2,2,1.0
oracle,5.0,opposite,23.25,Discovery,1,0.0,-19.0,-19.0,0.0,1.0,0.0,1,1,1.0
oracle,5.0,opposite,23.25,Validation,1,1.0,22.25,22.25,1.0,0.0,0.0,1,1,1.0
oracle,5.0,opposite,23.5,Discovery,1,1.0,18.25,18.25,0.0,0.0,1.0,1,1,1.0
oracle,5.0,opposite,24.25,OOS,1,1.0,23.25,23.25,1.0,0.0,0.0,1,1,1.0
oracle,5.0,opposite,24.25,Validation,1,0.0,-12.25,-12.25,0.0,1.0,0.0,1,1,1.0
oracle,5.0,opposite,24.5,Discovery,1,0.0,-16.25,-16.25,0.0,1.0,0.0,1,1,1.0
oracle,5.0,opposite,24.5,Validation,1,1.0,23.5,23.5,1.0,0.0,0.0,1,1,1.0
oracle,5.0,opposite,25.0,Discovery,1,0.0,-11.25,-11.25,0.0,1.0,0.0,1,1,1.0
oracle,5.0,opposite,25.25,Discovery,1,1.0,1.75,1.75,0.0,0.0,1.0,1,1,1.0
oracle,5.0,opposite,26.75,OOS,1,1.0,25.75,25.75,1.0,0.0,0.0,1,1,1.0
oracle,5.0,opposite,27.5,Discovery,1,1.0,26.5,26.5,1.0,0.0,0.0,1,1,1.0
oracle,5.0,opposite,27.5,Validation,1,0.0,-10.25,-10.25,0.0,1.0,0.0,1,1,1.0
oracle,5.0,opposite,27.75,Validation,1,0.0,-15.5,-15.5,0.0,1.0,0.0,1,1,1.0
oracle,5.0,opposite,29.0,Validation,1,1.0,28.0,28.0,1.0,0.0,0.0,1,1,1.0
oracle,5.0,opposite,29.25,Validation,1,0.0,-18.25,-18.25,0.0,1.0,0.0,1,1,1.0
oracle,5.0,opposite,31.75,OOS,1,1.0,30.75,30.75,1.0,0.0,0.0,1,1,1.0
oracle,5.0,opposite,33.25,OOS,1,0.0,-26.5,-26.5,0.0,1.0,0.0,1,1,1.0
oracle,5.0,opposite,33.75,Validation,1,1.0,32.75,32.75,1.0,0.0,0.0,1,1,1.0
oracle,5.0,opposite,34.5,Discovery,1,0.0,-29.75,-29.75,0.0,1.0,0.0,1,1,1.0
oracle,5.0,opposite,34.5,Validation,2,1.0,33.5,33.5,1.0,0.0,0.0,2,2,1.0
oracle,5.0,opposite,35.25,Validation,1,1.0,34.25,34.25,1.0,0.0,0.0,1,1,1.0
oracle,5.0,opposite,38.0,Validation,1,0.0,-19.25,-19.25,0.0,1.0,0.0,1,1,1.0
oracle,5.0,opposite,39.5,Discovery,1,1.0,11.5,11.5,0.0,0.0,1.0,1,1,1.0
oracle,5.0,opposite,42.75,Validation,1,0.0,-16.25,-16.25,0.0,1.0,0.0,1,1,1.0
oracle,5.0,opposite,44.0,OOS,1,0.0,-30.25,-30.25,0.0,1.0,0.0,1,1,1.0
oracle,5.0,opposite,44.5,Validation,1,0.0,-13.5,-13.5,0.0,1.0,0.0,1,1,1.0
oracle,5.0,opposite,45.25,OOS,1,1.0,44.25,44.25,1.0,0.0,0.0,1,1,1.0
oracle,5.0,opposite,46.25,Discovery,1,0.0,-26.0,-26.0,0.0,1.0,0.0,1,1,1.0
oracle,5.0,opposite,48.0,Validation,1,0.0,-20.75,-20.75,0.0,1.0,0.0,1,1,1.0
oracle,5.0,opposite,49.0,Validation,1,0.0,-69.25,-69.25,0.0,1.0,0.0,1,1,1.0
oracle,5.0,opposite,52.0,OOS,1,1.0,51.0,51.0,1.0,0.0,0.0,1,1,1.0
oracle,5.0,opposite,52.0,Validation,1,1.0,51.0,51.0,1.0,0.0,0.0,1,1,1.0
oracle,5.0,opposite,53.75,OOS,1,0.0,-39.75,-39.75,0.0,1.0,0.0,1,1,1.0
oracle,5.0,opposite,54.0,Validation,1,1.0,53.0,53.0,1.0,0.0,0.0,1,1,1.0
oracle,5.0,opposite,54.5,Validation,1,1.0,53.5,53.5,1.0,0.0,0.0,1,1,1.0
oracle,5.0,opposite,54.75,OOS,1,1.0,53.75,53.75,1.0,0.0,0.0,1,1,1.0
oracle,5.0,opposite,61.5,Validation,1,1.0,31.0,31.0,0.0,0.0,1.0,1,1,1.0
oracle,5.0,opposite,64.0,Validation,1,0.0,-78.0,-78.0,0.0,0.0,1.0,1,1,1.0
oracle,5.0,opposite,68.25,OOS,1,0.0,-41.75,-41.75,0.0,1.0,0.0,1,1,1.0
oracle,5.0,opposite,69.25,OOS,1,1.0,68.25,68.25,1.0,0.0,0.0,1,1,1.0
oracle,5.0,opposite,71.25,Validation,1,0.0,-42.5,-42.5,0.0,1.0,0.0,1,1,1.0
oracle,5.0,opposite,77.25,Validation,1,0.0,-16.0,-16.0,0.0,1.0,0.0,1,1,1.0
oracle,5.0,opposite,85.75,Validation,1,0.0,-29.0,-29.0,0.0,1.0,0.0,1,1,1.0
oracle,5.0,opposite,87.75,OOS,1,0.0,-40.0,-40.0,0.0,1.0,0.0,1,1,1.0
oracle,5.0,opposite,88.5,Validation,2,0.0,-25.125,-25.125,0.0,0.5,0.5,2,2,1.0
oracle,5.0,opposite,91.75,Validation,1,0.0,-27.25,-27.25,0.0,0.0,1.0,1,1,1.0
oracle,5.0,opposite,97.25,OOS,1,1.0,58.5,58.5,0.0,0.0,1.0,1,1,1.0
oracle,5.0,opposite,103.5,Validation,1,0.0,-32.0,-32.0,0.0,1.0,0.0,1,1,1.0
oracle,5.0,opposite,104.0,OOS,1,0.0,-24.75,-24.75,0.0,1.0,0.0,1,1,1.0
oracle,5.0,opposite,132.75,Validation,2,1.0,131.75,131.75,1.0,0.0,0.0,2,2,1.0
oracle,5.0,opposite,139.25,Validation,1,0.0,-16.5,-16.5,0.0,1.0,0.0,1,1,1.0
oracle,5.0,opposite,145.75,OOS,1,1.0,144.75,144.75,1.0,0.0,0.0,1,1,1.0
oracle,5.0,opposite,158.5,Validation,1,1.0,81.75,81.75,0.0,0.0,1.0,1,1,1.0
oracle,5.0,opposite,181.25,Validation,1,1.0,66.0,66.0,0.0,0.0,1.0,1,1,1.0
oracle,5.0,opposite,205.25,Validation,1,0.0,-20.75,-20.75,0.0,1.0,0.0,1,1,1.0
oracle,10.0,fixed,20.0,Discovery,109,0.7247706422018348,6.201834862385321,19.0,0.6146788990825688,0.22018348623853212,0.1651376146788991,554,109,0.1967509025270758
oracle,10.0,fixed,20.0,OOS,72,0.75,4.076388888888889,19.0,0.75,0.25,0.0,108,72,0.6666666666666666
oracle,10.0,fixed,20.0,Validation,152,0.7105263157894737,5.300986842105263,19.0,0.7039473684210527,0.2565789473684211,0.039473684210526314,234,152,0.6495726495726496
oracle,10.0,fixed,25.0,Discovery,109,0.6972477064220184,7.376146788990826,24.0,0.5504587155963303,0.24770642201834864,0.2018348623853211,554,109,0.1967509025270758
oracle,10.0,fixed,25.0,OOS,72,0.6666666666666666,2.9409722222222223,24.0,0.6666666666666666,0.3055555555555556,0.027777777777777776,108,72,0.6666666666666666
oracle,10.0,fixed,25.0,Validation,152,0.6842105263157895,7.3832236842105265,24.0,0.6776315789473685,0.27631578947368424,0.046052631578947366,234,152,0.6495726495726496
oracle,10.0,fixed,30.0,Discovery,109,0.6697247706422018,7.935779816513762,20.25,0.44036697247706424,0.26605504587155965,0.29357798165137616,554,109,0.1967509025270758
oracle,10.0,fixed,30.0,OOS,72,0.5972222222222222,1.0,29.0,0.5972222222222222,0.375,0.027777777777777776,108,72,0.6666666666666666
oracle,10.0,fixed,30.0,Validation,152,0.6710526315789473,9.800986842105264,29.0,0.6513157894736842,0.2894736842105263,0.05921052631578947,234,152,0.6495726495726496
oracle,10.0,opposite,0.25,Validation,3,0.0,-0.75,-0.75,1.0,0.0,0.0,3,3,1.0
oracle,10.0,opposite,0.5,Validation,1,0.0,-0.5,-0.5,1.0,0.0,0.0,1,1,1.0
oracle,10.0,opposite,0.75,Discovery,1,0.0,-0.25,-0.25,1.0,0.0,0.0,1,1,1.0
oracle,10.0,opposite,1.0,OOS,1,0.0,0.0,0.0,1.0,0.0,0.0,1,1,1.0
oracle,10.0,opposite,1.0,Validation,1,0.0,0.0,0.0,1.0,0.0,0.0,1,1,1.0
oracle,10.0,opposite,1.5,Validation,1,1.0,0.5,0.5,1.0,0.0,0.0,1,1,1.0
oracle,10.0,opposite,2.0,Discovery,1,1.0,1.0,1.0,1.0,0.0,0.0,1,1,1.0
oracle,10.0,opposite,2.25,OOS,2,0.5,-9.5,-9.5,0.5,0.5,0.0,2,2,1.0
oracle,10.0,opposite,2.5,Discovery,1,1.0,1.5,1.5,1.0,0.0,0.0,1,1,1.0
oracle,10.0,opposite,2.75,Discovery,2,1.0,1.75,1.75,1.0,0.0,0.0,2,2,1.0
oracle,10.0,opposite,2.75,Validation,1,1.0,1.75,1.75,1.0,0.0,0.0,1,1,1.0
oracle,10.0,opposite,3.25,Discovery,1,1.0,2.25,2.25,1.0,0.0,0.0,1,1,1.0
oracle,10.0,opposite,3.5,Discovery,1,1.0,2.5,2.5,1.0,0.0,0.0,1,1,1.0
oracle,10.0,opposite,4.0,Validation,2,0.5,-12.5,-12.5,0.5,0.5,0.0,2,2,1.0
oracle,10.0,opposite,4.75,Discovery,1,1.0,3.75,3.75,1.0,0.0,0.0,1,1,1.0
oracle,10.0,opposite,4.75,Validation,1,1.0,3.75,3.75,1.0,0.0,0.0,1,1,1.0
oracle,10.0,opposite,5.0,Discovery,1,1.0,4.0,4.0,1.0,0.0,0.0,1,1,1.0
oracle,10.0,opposite,5.0,Validation,2,1.0,4.0,4.0,1.0,0.0,0.0,2,2,1.0
oracle,10.0,opposite,5.5,Discovery,1,1.0,4.5,4.5,1.0,0.0,0.0,1,1,1.0
oracle,10.0,opposite,6.25,Discovery,1,1.0,5.25,5.25,1.0,0.0,0.0,1,1,1.0
oracle,10.0,opposite,6.25,Validation,1,1.0,5.25,5.25,1.0,0.0,0.0,1,1,1.0
oracle,10.0,opposite,8.0,Discovery,1,1.0,7.0,7.0,1.0,0.0,0.0,1,1,1.0
oracle,10.0,opposite,8.0,OOS,1,1.0,7.0,7.0,1.0,0.0,0.0,1,1,1.0
oracle,10.0,opposite,8.25,Discovery,1,1.0,7.25,7.25,1.0,0.0,0.0,1,1,1.0
oracle,10.0,opposite,8.25,Validation,1,1.0,7.25,7.25,1.0,0.0,0.0,1,1,1.0
oracle,10.0,opposite,8.5,Validation,2,1.0,7.5,7.5,1.0,0.0,0.0,2,2,1.0
oracle,10.0,opposite,8.75,Discovery,1,0.0,-14.0,-14.0,0.0,1.0,0.0,1,1,1.0
oracle,10.0,opposite,9.0,Validation,1,1.0,8.0,8.0,1.0,0.0,0.0,1,1,1.0
oracle,10.0,opposite,9.75,Validation,3,1.0,8.75,8.75,1.0,0.0,0.0,3,3,1.0
oracle,10.0,opposite,10.0,Discovery,1,1.0,9.0,9.0,1.0,0.0,0.0,1,1,1.0
oracle,10.0,opposite,10.75,Validation,1,1.0,9.75,9.75,1.0,0.0,0.0,1,1,1.0
oracle,10.0,opposite,11.0,Discovery,3,0.6666666666666666,-2.75,10.0,0.6666666666666666,0.3333333333333333,0.0,3,3,1.0
oracle,10.0,opposite,11.0,Validation,1,1.0,10.0,10.0,1.0,0.0,0.0,1,1,1.0
oracle,10.0,opposite,11.25,Validation,1,0.0,-0.75,-0.75,0.0,0.0,1.0,1,1,1.0
oracle,10.0,opposite,11.5,Discovery,3,1.0,10.5,10.5,1.0,0.0,0.0,3,3,1.0
oracle,10.0,opposite,11.5,Validation,1,0.0,-18.5,-18.5,0.0,1.0,0.0,1,1,1.0
oracle,10.0,opposite,12.25,Discovery,1,1.0,11.25,11.25,1.0,0.0,0.0,1,1,1.0
oracle,10.0,opposite,12.25,Validation,1,1.0,11.25,11.25,1.0,0.0,0.0,1,1,1.0
oracle,10.0,opposite,12.5,Validation,1,0.0,-26.0,-26.0,0.0,1.0,0.0,1,1,1.0
oracle,10.0,opposite,12.75,Discovery,1,1.0,11.75,11.75,1.0,0.0,0.0,1,1,1.0
oracle,10.0,opposite,13.5,OOS,1,1.0,12.5,12.5,1.0,0.0,0.0,1,1,1.0
oracle,10.0,opposite,14.0,Validation,1,0.0,-21.0,-21.0,0.0,1.0,0.0,1,1,1.0
oracle,10.0,opposite,14.5,Validation,1,0.0,-23.75,-23.75,0.0,1.0,0.0,1,1,1.0
oracle,10.0,opposite,15.0,Discovery,1,1.0,14.0,14.0,1.0,0.0,0.0,1,1,1.0
oracle,10.0,opposite,15.75,Validation,1,1.0,14.75,14.75,1.0,0.0,0.0,1,1,1.0
oracle,10.0,opposite,16.5,Discovery,1,1.0,15.5,15.5,1.0,0.0,0.0,1,1,1.0
oracle,10.0,opposite,16.5,Validation,1,0.0,-13.0,-13.0,0.0,1.0,0.0,1,1,1.0
oracle,10.0,opposite,16.75,OOS,2,0.5,-37.875,-37.875,0.5,0.5,0.0,2,2,1.0
oracle,10.0,opposite,17.0,Discovery,1,1.0,16.0,16.0,1.0,0.0,0.0,1,1,1.0
oracle,10.0,opposite,17.0,Validation,1,0.0,-23.75,-23.75,0.0,1.0,0.0,1,1,1.0
oracle,10.0,opposite,17.25,Validation,1,1.0,16.25,16.25,1.0,0.0,0.0,1,1,1.0
oracle,10.0,opposite,18.0,Discovery,1,1.0,17.0,17.0,1.0,0.0,0.0,1,1,1.0
oracle,10.0,opposite,18.5,OOS,1,1.0,17.5,17.5,1.0,0.0,0.0,1,1,1.0
oracle,10.0,opposite,18.75,Validation,1,1.0,17.75,17.75,1.0,0.0,0.0,1,1,1.0
oracle,10.0,opposite,20.75,Validation,1,1.0,19.75,19.75,1.0,0.0,0.0,1,1,1.0
oracle,10.0,opposite,21.25,Validation,1,1.0,20.25,20.25,1.0,0.0,0.0,1,1,1.0
oracle,10.0,opposite,22.25,OOS,1,1.0,21.25,21.25,1.0,0.0,0.0,1,1,1.0
oracle,10.0,opposite,22.75,Validation,1,1.0,21.75,21.75,1.0,0.0,0.0,1,1,1.0
oracle,10.0,opposite,23.25,Discovery,1,0.0,-19.0,-19.0,0.0,1.0,0.0,1,1,1.0
oracle,10.0,opposite,23.75,Validation,2,1.0,22.75,22.75,1.0,0.0,0.0,2,2,1.0
oracle,10.0,opposite,24.25,OOS,1,1.0,23.25,23.25,1.0,0.0,0.0,1,1,1.0
oracle,10.0,opposite,24.5,Discovery,1,0.0,-16.25,-16.25,0.0,1.0,0.0,1,1,1.0
oracle,10.0,opposite,24.5,Validation,1,1.0,23.5,23.5,1.0,0.0,0.0,1,1,1.0
oracle,10.0,opposite,25.25,Discovery,1,1.0,1.75,1.75,0.0,0.0,1.0,1,1,1.0
oracle,10.0,opposite,26.0,Validation,1,0.0,-17.0,-17.0,0.0,1.0,0.0,1,1,1.0
oracle,10.0,opposite,26.75,OOS,1,1.0,25.75,25.75,1.0,0.0,0.0,1,1,1.0
oracle,10.0,opposite,27.5,Discovery,1,1.0,26.5,26.5,1.0,0.0,0.0,1,1,1.0
oracle,10.0,opposite,29.25,Validation,1,0.0,-18.25,-18.25,0.0,1.0,0.0,1,1,1.0
oracle,10.0,opposite,30.75,OOS,1,1.0,29.75,29.75,1.0,0.0,0.0,1,1,1.0
oracle,10.0,opposite,31.75,OOS,1,1.0,30.75,30.75,1.0,0.0,0.0,1,1,1.0
oracle,10.0,opposite,33.25,OOS,1,0.0,-26.5,-26.5,0.0,1.0,0.0,1,1,1.0
oracle,10.0,opposite,33.5,Validation,1,0.0,-75.0,-75.0,0.0,1.0,0.0,1,1,1.0
oracle,10.0,opposite,33.75,Validation,1,1.0,32.75,32.75,1.0,0.0,0.0,1,1,1.0
oracle,10.0,opposite,34.5,Discovery,1,0.0,-29.75,-29.75,0.0,1.0,0.0,1,1,1.0
oracle,10.0,opposite,34.5,Validation,2,1.0,33.5,33.5,1.0,0.0,0.0,2,2,1.0
oracle,10.0,opposite,34.75,Validation,1,0.0,-28.25,-28.25,0.0,1.0,0.0,1,1,1.0
oracle,10.0,opposite,38.0,Validation,1,0.0,-19.25,-19.25,0.0,1.0,0.0,1,1,1.0
oracle,10.0,opposite,39.5,Discovery,1,1.0,11.5,11.5,0.0,0.0,1.0,1,1,1.0
oracle,10.0,opposite,44.0,OOS,1,0.0,-30.25,-30.25,0.0,1.0,0.0,1,1,1.0
oracle,10.0,opposite,44.5,Validation,1,0.0,-13.5,-13.5,0.0,1.0,0.0,1,1,1.0
oracle,10.0,opposite,45.25,OOS,1,1.0,44.25,44.25,1.0,0.0,0.0,1,1,1.0
oracle,10.0,opposite,46.25,Discovery,1,0.0,-26.0,-26.0,0.0,1.0,0.0,1,1,1.0
oracle,10.0,opposite,48.0,Validation,1,0.0,-20.75,-20.75,0.0,1.0,0.0,1,1,1.0
oracle,10.0,opposite,49.0,Validation,1,0.0,-69.25,-69.25,0.0,1.0,0.0,1,1,1.0
oracle,10.0,opposite,52.0,OOS,1,1.0,51.0,51.0,1.0,0.0,0.0,1,1,1.0
oracle,10.0,opposite,52.0,Validation,1,1.0,51.0,51.0,1.0,0.0,0.0,1,1,1.0
oracle,10.0,opposite,53.75,OOS,1,0.0,-39.75,-39.75,0.0,1.0,0.0,1,1,1.0
oracle,10.0,opposite,54.0,Validation,1,1.0,53.0,53.0,1.0,0.0,0.0,1,1,1.0
oracle,10.0,opposite,54.5,Validation,1,1.0,53.5,53.5,1.0,0.0,0.0,1,1,1.0
oracle,10.0,opposite,54.75,OOS,1,1.0,53.75,53.75,1.0,0.0,0.0,1,1,1.0
oracle,10.0,opposite,61.5,Validation,1,1.0,31.0,31.0,0.0,0.0,1.0,1,1,1.0
oracle,10.0,opposite,64.0,Validation,1,0.0,-78.0,-78.0,0.0,0.0,1.0,1,1,1.0
oracle,10.0,opposite,68.25,OOS,1,0.0,-41.75,-41.75,0.0,1.0,0.0,1,1,1.0
oracle,10.0,opposite,71.25,Validation,1,0.0,-42.5,-42.5,0.0,1.0,0.0,1,1,1.0
oracle,10.0,opposite,87.75,OOS,1,0.0,-40.0,-40.0,0.0,1.0,0.0,1,1,1.0
oracle,10.0,opposite,88.5,Validation,2,0.0,-25.125,-25.125,0.0,0.5,0.5,2,2,1.0
oracle,10.0,opposite,91.75,Validation,1,0.0,-27.25,-27.25,0.0,0.0,1.0,1,1,1.0
oracle,10.0,opposite,97.25,OOS,1,1.0,58.5,58.5,0.0,0.0,1.0,1,1,1.0
oracle,10.0,opposite,98.0,Validation,1,1.0,97.0,97.0,1.0,0.0,0.0,1,1,1.0
oracle,10.0,opposite,103.5,Validation,1,0.0,-32.0,-32.0,0.0,1.0,0.0,1,1,1.0
oracle,10.0,opposite,104.0,OOS,1,0.0,-24.75,-24.75,0.0,1.0,0.0,1,1,1.0
oracle,10.0,opposite,132.75,Validation,2,1.0,131.75,131.75,1.0,0.0,0.0,2,2,1.0
oracle,10.0,opposite,142.75,Validation,1,1.0,11.25,11.25,0.0,0.0,1.0,1,1,1.0
oracle,10.0,opposite,145.75,OOS,1,1.0,144.75,144.75,1.0,0.0,0.0,1,1,1.0
oracle,10.0,opposite,158.5,Validation,1,1.0,81.75,81.75,0.0,0.0,1.0,1,1,1.0
oracle,10.0,opposite,206.25,Validation,1,1.0,96.25,96.25,0.0,0.0,1.0,1,1,1.0
